HebRefId,PositionInVerse,GermanWordPart,ElbWord,StepWord,StepPositionInVerse,IsAddedWord,ParentPositionInVerse,ParentWord
13001001,1,,Adam,אָדָ֥ם,1,False,,
13001001,2,,Seth,שֵׁ֖ת,2,False,,
13001001,3,,Enos,אֱנֽוֹשׁ׃,3,False,,
13001002,1,,Kenan,קֵינָ֥ן,1,False,,
13001002,2,,Mahalalel,מַהֲלַלְאֵ֖ל,2,False,,
13001002,3,,Jered,יָֽרֶד׃,3,False,,
13001003,1,,Henoch,חֲנ֥וֹךְ,1,False,,
13001003,2,,Methusalah,מְתוּשֶׁ֖לַח,2,False,,
13001003,3,,Lamech,לָֽמֶךְ׃,3,False,,
13001004,1,,Noah,נֹ֥חַ,1,False,,
13001004,2,,Sem,שֵׁ֖ם,2,False,,
13001004,3,,Ham,חָ֥ם,3,False,,
13001004,4,,und,וָיָֽפֶת׃ ס,4,False,,
13001004,5,,Japhet,וָיָֽפֶת׃ ס,4,False,,
13001005,1,,Die,בְּנֵ֣י,1,False,,
13001005,2,,Söhne,בְּנֵ֣י,1,False,,
13001005,3,,Japhets,יֶ֔פֶת,2,False,,
13001005,4,,Gomer,גֹּ֣מֶר,3,False,,
13001005,5,,und,וּמָג֔וֹג,4,False,,
13001005,6,,Magog,וּמָג֔וֹג,4,False,,
13001005,7,,und,וּמָדַ֖י,5,False,,
13001005,8,,Madai,וּמָדַ֖י,5,False,,
13001005,9,,und,וְיָוָ֣ן,6,False,,
13001005,10,,Jawan,וְיָוָ֣ן,6,False,,
13001005,11,,und,וְתֻבָ֑ל,7,False,,
13001005,12,,Tubal,וְתֻבָ֑ל,7,False,,
13001005,13,,und,וּמֶ֖שֶׁךְ,8,False,,
13001005,14,,Mesech,וּמֶ֖שֶׁךְ,8,False,,
13001005,15,,und,וְתִירָֽס׃ ס,9,False,,
13001005,16,,Tiras,וְתִירָֽס׃ ס,9,False,,
13001006,1,,Und,וּבְנֵ֖י,1,False,,
13001006,2,,die,וּבְנֵ֖י,1,False,,
13001006,3,,Söhne,וּבְנֵ֖י,1,False,,
13001006,4,,Gomers,גֹּ֑מֶר,2,False,,
13001006,5,,Askenas,אַשְׁכֲּנַ֥ז,3,False,,
13001006,6,,und,וְדִיפַ֖ת,4,False,,
13001006,7,,Diphath,וְדִיפַ֖ת,4,False,,
13001006,8,,und,וְתוֹגַרְמָֽה׃,5,False,,
13001006,9,,Togarma,וְתוֹגַרְמָֽה׃,5,False,,
13001007,1,,Und,וּבְנֵ֥י,1,False,,
13001007,2,,die,וּבְנֵ֥י,1,False,,
13001007,3,,Söhne,וּבְנֵ֥י,1,False,,
13001007,4,,Jawans,יָוָ֖ן,2,False,,
13001007,5,,Elisa,אֱלִישָׁ֣ה,3,False,,
13001007,6,,und,וְתַרְשִׁ֑ישָׁה,4,False,,
13001007,7,,Tarsis,וְתַרְשִׁ֑ישָׁה,4,False,,
13001007,8,,die,כִּתִּ֖ים,5,False,,
13001007,9,,Kittim,כִּתִּ֖ים,5,False,,
13001007,10,,und,וְרוֹדָנִֽים׃ ס,6,False,,
13001007,11,,die,וְרוֹדָנִֽים׃ ס,6,False,,
13001007,12,,Rodanim,וְרוֹדָנִֽים׃ ס,6,False,,
13001008,1,,Die,בְּנֵ֖י,1,False,,
13001008,2,,Söhne,בְּנֵ֖י,1,False,,
13001008,3,,Hams,חָ֑ם,2,False,,
13001008,4,,Kusch,כּ֥וּשׁ,3,False,,
13001008,5,,und,וּמִצְרַ֖יִם,4,False,,
13001008,6,,Mizraim,וּמִצְרַ֖יִם,4,False,,
13001008,7,,Put,פּ֥וּט,5,False,,
13001008,8,,und,וּכְנָֽעַן׃,6,False,,
13001008,9,,Kanaan,וּכְנָֽעַן׃,6,False,,
13001009,1,,Und,וּבְנֵ֣י,1,False,,
13001009,2,,die,וּבְנֵ֣י,1,False,,
13001009,3,,Söhne,וּבְנֵ֣י,1,False,,
13001009,4,,Kuschs,כ֔וּשׁ,2,False,,
13001009,5,,Seba,סְבָא֙,3,False,,
13001009,6,,und,וַחֲוִילָ֔ה,4,False,,
13001009,7,,Hawila,וַחֲוִילָ֔ה,4,False,,
13001009,8,,und,וְסַבְתָּ֥א,5,False,,
13001009,9,,Sabta,וְסַבְתָּ֥א,5,False,,
13001009,10,,und,וְרַעְמָ֖א,6,False,,
13001009,11,,Raghma,וְרַעְמָ֖א,6,False,,
13001009,12,,und,וְסַבְתְּכָ֑א,7,False,,
13001009,13,,Sabteka,וְסַבְתְּכָ֑א,7,False,,
13001009,14,,Und,וּבְנֵ֥י,8,False,,
13001009,15,,die,וּבְנֵ֥י,8,False,,
13001009,16,,Söhne,וּבְנֵ֥י,8,False,,
13001009,17,,Raghmas,רַעְמָ֖א,9,False,,
13001009,18,,Scheba,שְׁבָ֥א,10,False,,
13001009,19,,und,וּדְדָֽן׃ ס,11,False,,
13001009,20,,Dedan,וּדְדָֽן׃ ס,11,False,,
13001010,1,,Und,וְכ֖וּשׁ,1,False,,
13001010,2,,Kusch,וְכ֖וּשׁ,1,False,,
13001010,3,,zeugte,יָלַ֣ד,2,False,,
13001010,4,,Nimrod,נִמְר֑וֹד,4,False,,
13001010,5,,der,ה֣וּא,5,False,,
13001010,6,,fing,הֵחֵ֔ל,6,False,,
13001010,7,,an,הֵחֵ֔ל,6,False,,
13001010,8,,ein,לִהְי֥וֹת,7,False,,
13001010,9,,Gewaltiger,גִּבּ֖וֹר,8,False,,
13001010,10,,zu,לִהְי֥וֹת,7,False,,
13001010,11,,sein,לִהְי֥וֹת,7,False,,
13001010,12,,auf,בָּאָֽרֶץ׃ ס,9,False,,
13001010,13,,der,בָּאָֽרֶץ׃ ס,9,False,,
13001010,14,,Erde,בָּאָֽרֶץ׃ ס,9,False,,
13001011,1,,Und,וּמִצְרַ֡יִם,1,False,,
13001011,2,,Mizraim,וּמִצְרַ֡יִם,1,False,,
13001011,3,,zeugte,יָלַ֞ד,2,False,,
13001011,4,,die,לוּדִ֧ים,4,False,,
13001011,5,,Ludim,לוּדִ֧ים,4,False,,
13001011,6,,und,עֲנָמִ֛ים,6,False,,
13001011,7,,die,עֲנָמִ֛ים,6,False,,
13001011,8,,Anamim,עֲנָמִ֛ים,6,False,,
13001011,9,,und,לְהָבִ֖ים,8,False,,
13001011,10,,die,לְהָבִ֖ים,8,False,,
13001011,11,,Lehabim,לְהָבִ֖ים,8,False,,
13001011,12,,und,נַפְתֻּחִֽים׃,10,False,,
13001011,13,,die,נַפְתֻּחִֽים׃,10,False,,
13001011,14,,Naphtuchim,נַפְתֻּחִֽים׃,10,False,,
13001012,1,,und,וְֽאֶת־,1,False,,
13001012,2,,die,וְֽאֶת־,1,False,,
13001012,3,,Pathrusim,פַּתְרֻסִ֞ים,2,False,,
13001012,4,,und,כַּסְלֻחִ֗ים,4,False,,
13001012,5,,die,כַּסְלֻחִ֗ים,4,False,,
13001012,6,,Kasluchim,כַּסְלֻחִ֗ים,4,False,,
13001012,7,,von,מִשָּׁ֛ם,7,False,,
13001012,8,,welchen,אֲשֶׁ֨ר,5,False,,
13001012,9,,die,פְּלִשְׁתִּ֖ים,8,False,,
13001012,10,,Philister,פְּלִשְׁתִּ֖ים,8,False,,
13001012,11,,ausgegangen,יָצְא֥וּ,6,False,,
13001012,12,,sind,יָצְא֥וּ,6,False,,
13001012,13,,und,וְאֶת־,9,False,,
13001012,14,,die,וְאֶת־,9,False,,
13001012,15,,Kaphtorim,כַּפְתֹּרִֽים׃ ס,10,False,,
13001013,1,,Und,וּכְנַ֗עַן,1,False,,
13001013,2,,Kanaan,וּכְנַ֗עַן,1,False,,
13001013,3,,zeugte,יָלַ֛ד,2,False,,
13001013,4,,Zidon,צִיד֥וֹן,4,False,,
13001013,5,,seinen,בְּכֹר֖וֹ,5,False,,
13001013,6,,Erstgeborenen,בְּכֹר֖וֹ,5,False,,
13001013,7,,und,וְאֶת־,6,False,,
13001013,8,,Heth,חֵֽת׃,7,False,,
13001014,1,,und,וְאֶת־,1,False,,
13001014,2,,den,וְאֶת־,1,False,,
13001014,3,,Jebusiter,הַיְבוּסִי֙,2,False,,
13001014,4,,und,וְאֶת־,3,False,,
13001014,5,,den,וְאֶת־,3,False,,
13001014,6,,Amoriter,הָ֣אֱמֹרִ֔י,4,False,,
13001014,7,,und,וְאֵ֖ת,5,False,,
13001014,8,,den,וְאֵ֖ת,5,False,,
13001014,9,,Girgasiter,הַגִּרְגָּשִֽׁי׃,6,False,,
13001015,1,,und,וְאֶת־,1,False,,
13001015,2,,den,וְאֶת־,1,True,,
13001015,3,,Hewiter,הַחִוִּ֥י,2,False,,
13001015,4,,und,וְאֶת־,3,False,,
13001015,5,,den,וְאֶת־,3,True,,
13001015,6,,Arkiter,הַֽעַרְקִ֖י,4,False,,
13001015,7,,und,וְאֶת־,5,False,,
13001015,8,,den,וְאֶת־,5,True,,
13001015,9,,Siniter,הַסִּינִֽי׃,6,False,,
13001016,1,,und,וְאֶת־,1,False,,
13001016,2,,den,וְאֶת־,1,True,,
13001016,3,,Arwaditer,הָאַרְוָדִ֥י,2,False,,
13001016,4,,und,וְאֶת־,3,False,,
13001016,5,,den,וְאֶת־,3,True,,
13001016,6,,Zemariter,הַצְּמָרִ֖י,4,False,,
13001016,7,,und,וְאֶת־,5,False,,
13001016,8,,den,וְאֶת־,5,True,,
13001016,9,,Hamathiter,הַֽחֲמָתִֽי׃ ס,6,False,,
13001017,1,,Die,בְּנֵ֣י,1,True,,
13001017,2,,Söhne,בְּנֵ֣י,1,False,,
13001017,3,,Sems,שֵׁ֔ם,2,False,,
13001017,4,,Elam,עֵילָ֣ם,3,False,,
13001017,5,,und,וְאַשּׁ֔וּר,4,False,,
13001017,6,,Assur,וְאַשּׁ֔וּר,4,False,,
13001017,7,,und,וְאַרְפַּכְשַׁ֖ד,5,False,,
13001017,8,,Arpaksad,וְאַרְפַּכְשַׁ֖ד,5,False,,
13001017,9,,und,וְל֣וּד,6,False,,
13001017,10,,Lud,וְל֣וּד,6,False,,
13001017,11,,und,וַאֲרָ֑ם,7,False,,
13001017,12,,Aram,וַאֲרָ֑ם,7,False,,
13001017,13,,und,וְע֥וּץ,8,False,,
13001017,14,,Uz,וְע֥וּץ,8,False,,
13001017,15,,und,וְח֖וּל,9,False,,
13001017,16,,Hul,וְח֖וּל,9,False,,
13001017,17,,und,וְגֶ֥תֶר,10,False,,
13001017,18,,Gether,וְגֶ֥תֶר,10,False,,
13001017,19,,und,וָמֶֽשֶׁךְ׃ ס,11,False,,
13001017,20,,Mesech,וָמֶֽשֶׁךְ׃ ס,11,False,,
13001018,1,,Und,וְאַרְפַּכְשַׁ֖ד,1,False,,
13001018,2,,Arpaksad,וְאַרְפַּכְשַׁ֖ד,1,False,,
13001018,3,,zeugte,יָלַ֣ד,2,False,,
13001018,4,,Schelach,אֶת־,3,True,,
13001018,4,,Schelach,שָׁ֑לַח,4,False,,
13001018,5,,und,וְשֶׁ֖לַח,5,False,,
13001018,6,,Schelach,וְשֶׁ֖לַח,5,False,,
13001018,7,,zeugte,יָלַ֥ד,6,False,,
13001018,8,,Heber,אֶת־,7,True,,
13001018,8,,Heber,עֵֽבֶר׃,8,False,,
13001019,1,,Und,וּלְעֵ֥בֶר,1,False,,
13001019,2,,Heber,וּלְעֵ֥בֶר,1,False,,
13001019,3,,wurden,יֻלַּ֖ד,2,False,,
13001019,4,,zwei,שְׁנֵ֣י,3,False,,
13001019,5,,Söhne,בָנִ֑ים,4,False,,
13001019,6,,geboren,יֻלַּ֖ד,2,False,,
13001019,7,,der,שֵׁ֣ם,5,True,,
13001019,8,,Name,שֵׁ֣ם,5,False,,
13001019,9,,des,הָאֶחָ֞ד,6,True,,
13001019,10,,einen,הָאֶחָ֞ד,6,False,,
13001019,11,,war,הָאֶחָ֞ד,6,True,,
13001019,12,,Peleg,פֶּ֗לֶג,7,False,,
13001019,13,,denn,כִּ֤י,8,False,,
13001019,14,,in,בְיָמָיו֙,9,False,,
13001019,15,,seinen,בְיָמָיו֙,9,False,,
13001019,16,,Tagen,בְיָמָיו֙,9,False,,
13001019,17,,wurde,נִפְלְגָ֣ה,10,False,,
13001019,18,,die,הָאָ֔רֶץ,11,True,,
13001019,19,,Erde,הָאָ֔רֶץ,11,False,,
13001019,20,,verteilt,נִפְלְגָ֣ה,10,False,,
13001019,21,,und,וְשֵׁ֥ם,12,False,,
13001019,22,,der,וְשֵׁ֥ם,12,True,,
13001019,23,,Name,וְשֵׁ֥ם,12,False,,
13001019,24,,seines,אָחִ֖יו,13,False,,
13001019,25,,Bruders,אָחִ֖יו,13,False,,
13001019,26,,war,אָחִ֖יו,13,False,,
13001019,27,,Joktan,יָקְטָֽן׃,14,False,,
13001020,1,,Und,וְיָקְטָ֣ן,1,False,,
13001020,2,,Joktan,וְיָקְטָ֣ן,1,False,,
13001020,3,,zeugte,יָלַ֔ד,2,False,,
13001020,4,,Almodad,אֶת־,3,True,,
13001020,4,,Almodad,אַלְמוֹדָ֖ד,4,False,,
13001020,5,,und,וְאֶת־,5,False,,
13001020,6,,Scheleph,וְאֶת־,5,True,,
13001020,6,,Scheleph,שָׁ֑לֶף,6,False,,
13001020,7,,und,וְאֶת־,7,False,,
13001020,8,,Hazarmaweth,וְאֶת־,7,True,,
13001020,8,,Hazarmaweth,חֲצַרְמָ֖וֶת,8,False,,
13001020,9,,und,וְאֶת־,9,False,,
13001020,10,,Jerach,וְאֶת־,9,True,,
13001020,10,,Jerach,יָֽרַח׃,10,False,,
13001021,1,,und,וְאֶת־,1,False,,
13001021,2,,Hadoram,וְאֶת־,1,True,,
13001021,2,,Hadoram,הֲדוֹרָ֥ם,2,False,,
13001021,3,,und,וְאֶת־,3,False,,
13001021,4,,Usal,וְאֶת־,3,True,,
13001021,4,,Usal,אוּזָ֖ל,4,False,,
13001021,5,,und,וְאֶת־,5,False,,
13001021,6,,Dikla,וְאֶת־,5,True,,
13001021,6,,Dikla,דִּקְלָֽה׃,6,False,,
13001022,1,,und,וְאֶת־,1,False,,
13001022,2,,Ebal,וְאֶת־,1,True,,
13001022,2,,Ebal,עֵיבָ֥ל,2,False,,
13001022,3,,und,וְאֶת־,3,False,,
13001022,4,,Abimael,וְאֶת־,3,True,,
13001022,4,,Abimael,אֲבִימָאֵ֖ל,4,False,,
13001022,5,,und,וְאֶת־,5,False,,
13001022,6,,Scheba,וְאֶת־,5,True,,
13001022,6,,Scheba,שְׁבָֽא׃,6,False,,
13001023,1,,und,וְאֶת־,1,False,,
13001023,2,,Ophir,וְאֶת־,1,True,,
13001023,2,,Ophir,אוֹפִ֥יר,2,False,,
13001023,3,,und,וְאֶת־,3,False,,
13001023,4,,Hawila,וְאֶת־,3,True,,
13001023,4,,Hawila,חֲוִילָ֖ה,4,False,,
13001023,5,,und,וְאֶת־,5,False,,
13001023,6,,Jobab,וְאֶת־,5,True,,
13001023,6,,Jobab,יוֹבָ֑ב,6,False,,
13001023,7,,diese,אֵ֖לֶּה,8,False,,
13001023,8,,alle,כָּל־,7,False,,
13001023,9,,waren,אֵ֖לֶּה,8,False,,
13001023,10,,Söhne,בְּנֵ֥י,9,False,,
13001023,11,,Joktans,יָקְטָֽן׃ ס,10,False,,
13001024,1,,Sem,שֵׁ֥ם׀,1,False,,
13001024,2,,Arpaksad,אַרְפַּכְשַׁ֖ד,2,False,,
13001024,3,,Schelach,שָֽׁלַח׃,3,False,,
13001025,1,,Heber,עֵ֥בֶר,1,False,,
13001025,2,,Peleg,פֶּ֖לֶג,2,False,,
13001025,3,,Reghu,רְעֽוּ׃,3,False,,
13001026,1,,Serug,שְׂר֥וּג,1,False,,
13001026,2,,Nahor,נָח֖וֹר,2,False,,
13001026,3,,Tarah,תָּֽרַח׃,3,False,,
13001027,1,,Abram,אַבְרָ֖ם,1,False,,
13001027,2,,das,,,True,3,ist
13001027,3,,ist,ה֥וּא,2,False,,
13001027,4,,Abraham,אַבְרָהָֽם׃ ס,3,False,,
13001028,1,,Die,,,True,2,Söhne
13001028,2,,Söhne,בְּנֵי֙,1,False,,
13001028,3,,Abrahams,אַבְרָהָ֔ם,2,False,,
13001028,4,,Isaak,יִצְחָ֖ק,3,False,,
13001028,5,,und,,,True,6,Ismael
13001028,6,,Ismael,וְיִשְׁמָעֵֽאל׃ ס,4,False,,
13001029,1,,Dies,אֵ֖לֶּה,1,False,,
13001029,2,,sind,,,True,4,Geschlechter
13001029,3,,ihre,תֹּלְדוֹתָ֑ם,2,False,,
13001029,4,,Geschlechter,תֹּלְדוֹתָ֑ם,2,False,,
13001029,5,,Der,,,True,6,Erstgeborene
13001029,6,,Erstgeborene,בְּכ֤וֹר,3,False,,
13001029,7,,Ismaels,יִשְׁמָעֵאל֙,4,False,,
13001029,8,,Nebajoth,נְבָי֔וֹת,5,False,,
13001029,9,,und,,,True,10,Kedar
13001029,10,,Kedar,וְקֵדָ֥ר,6,False,,
13001029,11,,und,,,True,12,Adbeel
13001029,12,,Adbeel,וְאַדְבְּאֵ֖ל,7,False,,
13001029,13,,und,,,True,14,Mibsam
13001029,14,,Mibsam,וּמִבְשָֽׂם׃,8,False,,
13001030,1,,Mischma,מִשְׁמָ֣ע,1,False,,
13001030,2,,und,,,True,3,Duma
13001030,3,,Duma,וְדוּמָ֔ה,2,False,,
13001030,4,,Massa,מַשָּׂ֖א,3,False,,
13001030,5,,Hadad,חֲדַ֥ד,4,False,,
13001030,6,,und,,,True,7,Tema
13001030,7,,Tema,וְתֵימָֽא׃,5,False,,
13001031,1,,Jetur,יְט֥וּר,1,False,,
13001031,2,,Naphisch,נָפִ֖ישׁ,2,False,,
13001031,3,,und,,,True,4,Kedma
13001031,4,,Kedma,וָקֵ֑דְמָה,3,False,,
13001031,5,,das,אֵ֥לֶּה,4,False,,
13001031,6,,sind,הֵ֖ם,5,False,,
13001031,7,,die,,,True,8,Söhne
13001031,8,,Söhne,בְּנֵ֥י,6,False,,
13001031,9,,Ismaels,יִשְׁמָעֵֽאל׃ ס,7,False,,
13001031,10,,,,,True,9,Ismaels
13001032,1,,Und,וּבְנֵ֨י,1,False,,
13001032,2,,die,,,True,3,Söhne
13001032,3,,Söhne,וּבְנֵ֨י,1,False,,
13001032,4,,der,,,True,5,Ketura
13001032,5,,Ketura,קְטוּרָ֜ה,2,False,,
13001032,6,,des,,,True,7,Kebsweibes
13001032,7,,Kebsweibes,פִּילֶ֣גֶשׁ,3,False,,
13001032,8,,Abrahams,אַבְרָהָ֗ם,4,False,,
13001032,9,,sie,,,True,10,gebar
13001032,10,,gebar,יָלְדָ֞ה,5,False,,
13001032,11,,Simran,זִמְרָ֧ן,7,False,,
13001032,12,,und,,,True,13,Jokschan
13001032,13,,Jokschan,וְיָקְשָׁ֛ן,8,False,,
13001032,14,,und,,,True,15,Medan
13001032,15,,Medan,וּמְדָ֥ן,9,False,,
13001032,16,,und,,,True,17,Midian
13001032,17,,Midian,וּמִדְיָ֖ן,10,False,,
13001032,18,,und,,,True,19,Jischbak
13001032,19,,Jischbak,וְיִשְׁבָּ֣ק,11,False,,
13001032,20,,und,,,True,21,Schuach
13001032,21,,Schuach,וְשׁ֑וּחַ,12,False,,
13001032,22,,Und,וּבְנֵ֥י,13,False,,
13001032,23,,die,,,True,24,Söhne
13001032,24,,Söhne,וּבְנֵ֥י,13,False,,
13001032,25,,Jokschans,יָקְשָׁ֖ן,14,False,,
13001032,26,,Scheba,שְׁבָ֥א,15,False,,
13001032,27,,und,,,True,28,Dedan
13001032,28,,Dedan,וּדְדָֽן׃ ס,16,False,,
13001033,1,,Und,וּבְנֵ֣י,1,False,,
13001033,2,,die,,,True,3,Söhne
13001033,3,,Söhne,וּבְנֵ֣י,1,False,,
13001033,4,,Midians,מִדְיָ֗ן,2,False,,
13001033,5,,Epha,עֵיפָ֤ה,3,False,,
13001033,6,,und,,,True,7,Epher
13001033,7,,Epher,וָעֵ֙פֶר֙,4,False,,
13001033,8,,und,,,True,9,Hanok
13001033,9,,Hanok,וַחֲנ֔וֹךְ,5,False,,
13001033,10,,und,,,True,11,Abida
13001033,11,,Abida,וַאֲבִידָ֖ע,6,False,,
13001033,12,,und,,,True,13,Eldaa
13001033,13,,Eldaa,וְאֶלְדָּעָ֑ה,7,False,,
13001033,14,,Diese,אֵ֖לֶּה,9,False,,
13001033,15,,alle,כָּל־,8,False,,
13001033,16,,waren,,,True,17,Söhne
13001033,17,,Söhne,בְּנֵ֥י,10,False,,
13001033,18,,der,,,True,19,Ketura
13001033,19,,Ketura,קְטוּרָֽה׃ ס,11,False,,
13001033,20,,,,,True,19,Ketura
13001034,1,,Und,וַיּ֥וֹלֶד,1,False,,
13001034,2,,Abraham,אַבְרָהָ֖ם,2,False,,
13001034,3,,zeugte,וַיּ֥וֹלֶד,1,False,,
13001034,4,,Isaak,יִצְחָ֑ק ס,4,False,,
13001034,5,,Die,,,True,6,Söhne
13001034,6,,Söhne,בְּנֵ֣י,5,False,,
13001034,7,,Isaaks,יִצְחָ֔ק,6,False,,
13001034,8,,Esau,עֵשָׂ֖ו,7,False,,
13001034,9,,und,,,True,10,Israel
13001034,10,,Israel,וְיִשְׂרָאֵֽל׃ ס,8,False,,
13001035,1,,Die,בְּנֵ֖י,1,True,,
13001035,2,,Söhne,בְּנֵ֖י,1,False,,
13001035,3,,Esaus,עֵשָׂ֑ו,2,False,,
13001035,4,,Eliphas,אֱלִיפַ֛ז,3,False,,
13001035,5,,Reghuel,רְעוּאֵ֥ל,4,False,,
13001035,6,,und,וִיע֖וּשׁ,5,False,,
13001035,7,,Jeghusch,וִיע֖וּשׁ,5,False,,
13001035,8,,und,וְיַעְלָ֥ם,6,False,,
13001035,9,,Jaghlam,וְיַעְלָ֥ם,6,False,,
13001035,10,,und,וְקֹֽרַח׃ ס,7,False,,
13001035,11,,Korach,וְקֹֽרַח׃ ס,7,False,,
13001036,1,,Die,בְּנֵ֖י,1,True,,
13001036,2,,Söhne,בְּנֵ֖י,1,False,,
13001036,3,,Eliphas,אֱלִיפָ֑ז,2,False,,
13001036,4,,Teman,תֵּימָ֤ן,3,False,,
13001036,5,,und,וְאוֹמָר֙,4,False,,
13001036,6,,Omar,וְאוֹמָר֙,4,False,,
13001036,7,,Zephi,צְפִ֣י,5,False,,
13001036,8,,und,וְגַעְתָּ֔ם,6,False,,
13001036,9,,Gaetam,וְגַעְתָּ֔ם,6,False,,
13001036,10,,Kenas,קְנַ֖ז,7,False,,
13001036,11,,und,וְתִמְנָ֥ע,8,False,,
13001036,12,,Timna,וְתִמְנָ֥ע,8,False,,
13001036,13,,und,וַעֲמָלֵֽק׃ ס,9,False,,
13001036,14,,Amalek,וַעֲמָלֵֽק׃ ס,9,False,,
13001037,1,,Die,בְּנֵ֖י,1,True,,
13001037,2,,Söhne,בְּנֵ֖י,1,False,,
13001037,3,,Reghuels,רְעוּאֵ֑ל,2,False,,
13001037,4,,Nachath,נַ֥חַת,3,False,,
13001037,5,,Serach,זֶ֖רַח,4,False,,
13001037,6,,Schamma,שַׁמָּ֥ה,5,False,,
13001037,7,,und,וּמִזָּֽה׃ ס,6,False,,
13001037,8,,Missa,וּמִזָּֽה׃ ס,6,False,,
13001038,1,,Und,וּבְנֵ֣י,1,False,,
13001038,2,,die,וּבְנֵ֣י,1,True,,
13001038,3,,Söhne,וּבְנֵ֣י,1,False,,
13001038,4,,Seirs,שֵׂעִ֔יר,2,False,,
13001038,5,,Lotan,לוֹטָ֥ן,3,False,,
13001038,6,,und,וְשׁוֹבָ֖ל,4,False,,
13001038,7,,Schobal,וְשׁוֹבָ֖ל,4,False,,
13001038,8,,und,וְצִבְע֣וֹן,5,False,,
13001038,9,,Zibeon,וְצִבְע֣וֹן,5,False,,
13001038,10,,und,וַֽעֲנָ֑ה,6,False,,
13001038,11,,Ana,וַֽעֲנָ֑ה,6,False,,
13001038,12,,und,וְדִישֹׁ֥ן,7,False,,
13001038,13,,Dischon,וְדִישֹׁ֥ן,7,False,,
13001038,14,,und,וְאֵ֖צֶר,8,False,,
13001038,15,,Ezer,וְאֵ֖צֶר,8,False,,
13001038,16,,und,וְדִישָֽׁן׃,9,False,,
13001038,17,,Dischan,וְדִישָֽׁן׃,9,False,,
13001039,1,,Und,וּבְנֵ֥י,1,False,,
13001039,2,,die,וּבְנֵ֥י,1,True,,
13001039,3,,Söhne,וּבְנֵ֥י,1,False,,
13001039,4,,Lotans,לוֹטָ֖ן,2,False,,
13001039,5,,Hori,חֹרִ֣י,3,False,,
13001039,6,,und,וְהוֹמָ֑ם,4,False,,
13001039,7,,Homam,וְהוֹמָ֑ם,4,False,,
13001039,8,,und,וַאֲח֥וֹת,5,False,,
13001039,9,,die,וַאֲח֥וֹת,5,True,,
13001039,10,,Schwester,וַאֲח֥וֹת,5,False,,
13001039,11,,Lotans,לוֹטָ֖ן,6,False,,
13001039,12,,Timna,תִּמְנָֽע׃ ס,7,False,,
13001040,1,,Die,בְּנֵ֣י,1,True,,
13001040,2,,Söhne,בְּנֵ֣י,1,False,,
13001040,3,,Schobals,שׁוֹבָ֔ל,2,False,,
13001040,4,,Aljan,עַלְיָ֧ן,3,False,,
13001040,5,,und,וּמָנַ֛חַת,4,False,,
13001040,6,,Manachath,וּמָנַ֛חַת,4,False,,
13001040,7,,und,וְעֵיבָ֖ל,5,False,,
13001040,8,,Ebal,וְעֵיבָ֖ל,5,False,,
13001040,9,,Schephi,שְׁפִ֣י,6,False,,
13001040,10,,und,וְאוֹנָ֑ם ס,7,False,,
13001040,11,,Onam,וְאוֹנָ֑ם ס,7,False,,
13001040,12,,Und,וּבְנֵ֥י,8,False,,
13001040,13,,die,וּבְנֵ֥י,8,True,,
13001040,14,,Söhne,וּבְנֵ֥י,8,False,,
13001040,15,,Zibeons,צִבְע֖וֹן,9,False,,
13001040,16,,Aja,אַיָּ֥ה,10,False,,
13001040,17,,und,וַעֲנָֽה׃,11,False,,
13001040,18,,Ana,וַעֲנָֽה׃,11,False,,
13001041,1,,Die,בְּנֵ֥י,1,True,,
13001041,2,,Söhne,בְּנֵ֥י,1,False,,
13001041,3,,Anas,עֲנָ֖ה,2,False,,
13001041,4,,Dischon,דִּישׁ֑וֹן ס,3,False,,
13001041,5,,Und,וּבְנֵ֣י,4,False,,
13001041,6,,die,וּבְנֵ֣י,4,True,,
13001041,7,,Söhne,וּבְנֵ֣י,4,False,,
13001041,8,,Dischons,דִישׁ֔וֹן,5,False,,
13001041,9,,Hamran,חַמְרָ֥ן,6,False,,
13001041,10,,und,וְאֶשְׁבָּ֖ן,7,False,,
13001041,11,,Eschban,וְאֶשְׁבָּ֖ן,7,False,,
13001041,12,,und,וְיִתְרָ֥ן,8,False,,
13001041,13,,Jithran,וְיִתְרָ֥ן,8,False,,
13001041,14,,und,וּכְרָֽן׃ ס,9,False,,
13001041,15,,Keran,וּכְרָֽן׃ ס,9,False,,
13001041,16,,,וּכְרָֽן׃ ס,9,True,,
13001042,1,,Die,בְּֽנֵי־,1,True,,
13001042,2,,Söhne,בְּֽנֵי־,1,False,,
13001042,3,,Ezers,אֵ֔צֶר,2,False,,
13001042,4,,Bilhan,בִּלְהָ֥ן,3,False,,
13001042,5,,und,וְזַעֲוָ֖ן,4,False,,
13001042,6,,Saawan,וְזַעֲוָ֖ן,4,False,,
13001042,7,,und,יַעֲקָ֑ן,5,False,,
13001042,8,,Jaakan,יַעֲקָ֑ן,5,False,,
13001042,9,,Die,בְּנֵ֥י,6,True,,
13001042,10,,Söhne,בְּנֵ֥י,6,False,,
13001042,11,,Dischans,דִישׁ֖וֹן,7,False,,
13001042,12,,Uz,ע֥וּץ,8,False,,
13001042,13,,und,וַאֲרָֽן׃ פ,9,False,,
13001042,14,,Aran,וַאֲרָֽן׃ פ,9,False,,
13001043,1,,Und,וְאֵ֣לֶּה,1,False,,
13001043,2,,dies,וְאֵ֣לֶּה,1,True,,
13001043,3,,sind,מָלְכוּ֙,4,False,,
13001043,4,,die,הַמְּלָכִ֗ים,2,True,,
13001043,5,,Könige,הַמְּלָכִ֗ים,2,False,,
13001043,6,,welche,אֲשֶׁ֤ר,3,False,,
13001043,7,,im,בְּאֶ֣רֶץ,5,False,,
13001043,8,,Lande,בְּאֶ֣רֶץ,5,True,,
13001043,9,,Edom,אֱד֔וֹם,6,False,,
13001043,10,,regiert,מָלְכוּ֙,4,True,,
13001043,11,,haben,מָלְכוּ֙,4,True,,
13001043,12,,ehe,לִפְנֵ֥י,7,False,,
13001043,13,,ein,מֶ֖לֶךְ,9,True,,
13001043,14,,König,מֶ֖לֶךְ,9,False,,
13001043,15,,über,לִבְנֵ֣י,10,False,,
13001043,16,,die,לִבְנֵ֣י,10,True,,
13001043,17,,Kinder,לִבְנֵ֣י,10,False,,
13001043,18,,Israel,יִשְׂרָאֵ֑ל,11,False,,
13001043,19,,regierte,מְלָךְ־,8,False,,
13001043,20,,Bela,בֶּ֚לַע,12,False,,
13001043,21,,der,בֶּן־,13,True,,
13001043,22,,Sohn,בֶּן־,13,False,,
13001043,23,,Beors,בְּע֔וֹר,14,False,,
13001043,24,,und,וְשֵׁ֥ם,15,False,,
13001043,25,,der,וְשֵׁ֥ם,15,True,,
13001043,26,,Name,וְשֵׁ֥ם,15,False,,
13001043,27,,seiner,עִיר֖וֹ,16,False,,
13001043,28,,Stadt,עִיר֖וֹ,16,False,,
13001043,29,,war,עִיר֖וֹ,16,True,,
13001043,30,,Dinhaba,דִּנְהָֽבָה׃,17,False,,
13001044,1,,Und,וַיָּ֖מָת,1,False,,
13001044,2,,Bela,בָּ֑לַע,2,False,,
13001044,3,,starb,וַיָּ֖מָת,1,False,,
13001044,4,,und,וַיִּמְלֹ֣ךְ,3,False,,
13001044,5,,es,וַיִּמְלֹ֣ךְ,3,True,,
13001044,6,,ward,וַיִּמְלֹ֣ךְ,3,False,,
13001044,7,,König,וַיִּמְלֹ֣ךְ,3,False,,
13001044,8,,an,תַּחְתָּ֔יו,4,False,,
13001044,9,,seiner,תַּחְתָּ֔יו,4,False,,
13001044,10,,Statt,תַּחְתָּ֔יו,4,False,,
13001044,11,,Jobab,יוֹבָ֥ב,5,False,,
13001044,12,,der,בֶּן־,6,True,,
13001044,13,,Sohn,בֶּן־,6,False,,
13001044,14,,Serachs,זֶ֖רַח,7,False,,
13001044,15,,aus,מִבָּצְרָֽה׃,8,False,,
13001044,16,,Bozra,מִבָּצְרָֽה׃,8,False,,
13001045,1,,Und,וַיָּ֖מָת,1,False,,
13001045,2,,Jobab,יוֹבָ֑ב,2,False,,
13001045,3,,starb,וַיָּ֖מָת,1,False,,
13001045,4,,und,וַיִּמְלֹ֣ךְ,3,False,,
13001045,5,,es,וַיִּמְלֹ֣ךְ,3,True,,
13001045,6,,ward,וַיִּמְלֹ֣ךְ,3,False,,
13001045,7,,König,וַיִּמְלֹ֣ךְ,3,False,,
13001045,8,,an,תַּחְתָּ֔יו,4,False,,
13001045,9,,seiner,תַּחְתָּ֔יו,4,False,,
13001045,10,,Statt,תַּחְתָּ֔יו,4,False,,
13001045,11,,Huscham,חוּשָׁ֖ם,5,False,,
13001045,12,,aus,מֵאֶ֥רֶץ,6,False,,
13001045,13,,dem,מֵאֶ֥רֶץ,6,True,,
13001045,14,,Lande,מֵאֶ֥רֶץ,6,False,,
13001045,15,,der,הַתֵּימָנִֽי׃,7,True,,
13001045,16,,Temaniter,הַתֵּימָנִֽי׃,7,False,,
13001046,1,,Und,וַיָּ֖מָת,1,False,,
13001046,2,,Huscham,חוּשָׁ֑ם,2,False,,
13001046,3,,starb,וַיָּ֖מָת,1,False,,
13001046,4,,und,וַיִּמְלֹ֨ךְ,3,False,,
13001046,5,,es,וַיִּמְלֹ֨ךְ,3,True,,
13001046,6,,ward,וַיִּמְלֹ֨ךְ,3,False,,
13001046,7,,König,וַיִּמְלֹ֨ךְ,3,False,,
13001046,8,,an,תַּחְתָּ֜יו,4,False,,
13001046,9,,seiner,תַּחְתָּ֜יו,4,False,,
13001046,10,,Statt,תַּחְתָּ֜יו,4,False,,
13001046,11,,Hadad,הֲדַ֣ד,5,False,,
13001046,12,,der,בֶּן־,6,True,,
13001046,13,,Sohn,בֶּן־,6,False,,
13001046,14,,Bedads,בְּדַ֗ד,7,False,,
13001046,15,,welcher,הַמַּכֶּ֤ה,8,False,,
13001046,16,,Midian,מִדְיָן֙,10,False,,
13001046,17,,schlug,הַמַּכֶּ֤ה,8,False,,
13001046,18,,im,בִּשְׂדֵ֣ה,11,False,,
13001046,19,,Gefilde,בִּשְׂדֵ֣ה,11,False,,
13001046,20,,Moabs,מוֹאָ֔ב,12,False,,
13001046,21,,und,וְשֵׁ֥ם,13,False,,
13001046,22,,der,וְשֵׁ֥ם,13,True,,
13001046,23,,Name,וְשֵׁ֥ם,13,False,,
13001046,24,,seiner,עִיר֖וֹ,14,False,,
13001046,25,,Stadt,עִיר֖וֹ,14,False,,
13001046,26,,war,עִיר֖וֹ,14,True,,
13001046,27,,Awith,עֲוִֽית׃,15,False,,
13001047,1,,Und,וַיָּ֖מָת,1,False,,
13001047,2,,Hadad,הֲדָ֑ד,2,False,,
13001047,3,,starb,וַיָּ֖מָת,1,False,,
13001047,4,,und,וַיִּמְלֹ֣ךְ,3,False,,
13001047,5,,es,וַיִּמְלֹ֣ךְ,3,True,,
13001047,6,,ward,וַיִּמְלֹ֣ךְ,3,False,,
13001047,7,,König,וַיִּמְלֹ֣ךְ,3,False,,
13001047,8,,an,תַּחְתָּ֔יו,4,False,,
13001047,9,,seiner,תַּחְתָּ֔יו,4,False,,
13001047,10,,Statt,תַּחְתָּ֔יו,4,False,,
13001047,11,,Samla,שַׂמְלָ֖ה,5,False,,
13001047,12,,aus,מִמַּשְׂרֵקָֽה׃,6,False,,
13001047,13,,Masreka,מִמַּשְׂרֵקָֽה׃,6,False,,
13001048,1,,Und,וַיָּ֖מָת,1,False,,
13001048,2,,Samla,שַׂמְלָ֑ה,2,False,,
13001048,3,,starb,וַיָּ֖מָת,1,False,,
13001048,4,,und,וַיִּמְלֹ֣ךְ,3,False,,
13001048,5,,es,וַיִּמְלֹ֣ךְ,3,True,,
13001048,6,,ward,וַיִּמְלֹ֣ךְ,3,False,,
13001048,7,,König,וַיִּמְלֹ֣ךְ,3,False,,
13001048,8,,an,תַּחְתָּ֔יו,4,False,,
13001048,9,,seiner,תַּחְתָּ֔יו,4,False,,
13001048,10,,Statt,תַּחְתָּ֔יו,4,False,,
13001048,11,,Saul,שָׁא֖וּל,5,False,,
13001048,12,,aus,מֵרְחֹב֥וֹת,6,False,,
13001048,13,,Rechoboth,מֵרְחֹב֥וֹת,6,False,,
13001048,14,,am,הַנָּהָֽר׃,7,False,,
13001048,15,,Strome,הַנָּהָֽר׃,7,False,,
13001049,1,,Und,וַיָּ֖מָת,1,False,,
13001049,2,,Saul,שָׁא֑וּל,2,False,,
13001049,3,,starb,וַיָּ֖מָת,1,False,,
13001049,4,,und,וַיִּמְלֹ֣ךְ,3,False,,
13001049,5,,es,וַיִּמְלֹ֣ךְ,3,True,,
13001049,6,,ward,וַיִּמְלֹ֣ךְ,3,False,,
13001049,7,,König,וַיִּמְלֹ֣ךְ,3,False,,
13001049,8,,an,תַּחְתָּ֔יו,4,False,,
13001049,9,,seiner,תַּחְתָּ֔יו,4,False,,
13001049,10,,Statt,תַּחְתָּ֔יו,4,False,,
13001049,11,Baal,Baal-Hanan,בַּ֥עַל,5,True,,
13001049,11,Hanan,Baal-Hanan,חָנָ֖ן,6,False,,
13001049,12,,der,בֶּן־,7,True,,
13001049,13,,Sohn,בֶּן־,7,False,,
13001049,14,,Akbors,עַכְבּֽוֹר׃,8,False,,
13001050,1,,Und,וַיָּ֙מָת֙,1,False,,
13001050,2,Baal,Baal-Hanan,בַּ֣עַל,2,True,,
13001050,2,Hanan,Baal-Hanan,חָנָ֔ן,3,False,,
13001050,3,,starb,וַיָּ֙מָת֙,1,False,,
13001050,4,,und,וַיִּמְלֹ֤ךְ,4,False,,
13001050,5,,es,וַיִּמְלֹ֤ךְ,4,True,,
13001050,6,,ward,וַיִּמְלֹ֤ךְ,4,False,,
13001050,7,,König,וַיִּמְלֹ֤ךְ,4,False,,
13001050,8,,an,תַּחְתָּיו֙,5,False,,
13001050,9,,seiner,תַּחְתָּיו֙,5,False,,
13001050,10,,Statt,תַּחְתָּיו֙,5,False,,
13001050,11,,Hadad,הֲדַ֔ד,6,False,,
13001050,12,,und,וְשֵׁ֥ם,7,False,,
13001050,13,,der,וְשֵׁ֥ם,7,True,,
13001050,14,,Name,וְשֵׁ֥ם,7,False,,
13001050,15,,seiner,עִיר֖וֹ,8,False,,
13001050,16,,Stadt,עִיר֖וֹ,8,False,,
13001050,17,,war,עִיר֖וֹ,8,True,,
13001050,18,,Paghi,פָּ֑עִי,9,False,,
13001050,19,,und,וְשֵׁ֨ם,10,False,,
13001050,20,,der,וְשֵׁ֨ם,10,True,,
13001050,21,,Name,וְשֵׁ֨ם,10,False,,
13001050,22,,seines,אִשְׁתּ֤וֹ,11,False,,
13001050,23,,Weibes,אִשְׁתּ֤וֹ,11,False,,
13001050,24,,Mehetabeel,מְהֵיטַבְאֵל֙,12,False,,
13001050,25,,die,בַּת־,13,True,,
13001050,26,,Tochter,בַּת־,13,False,,
13001050,27,,Matreds,מַטְרֵ֔ד,14,False,,
13001050,28,,der,בַּ֖ת,15,True,,
13001050,29,,Tochter,בַּ֖ת,15,False,,
13001050,30,,Mesahabs,מֵ֥י,16,False,,
13001051,1,,Und,וַיָּ֖מָת,1,False,,
13001051,2,,Hadad,הֲדָ֑ד ס,2,False,,
13001051,3,,starb,וַיָּ֖מָת,1,False,,
13001051,4,,Und,וַיָּ֖מָת,1,True,,
13001051,5,,die,אַלּוּפֵ֣י,4,True,,
13001051,6,,Fürsten,אַלּוּפֵ֣י,4,False,,
13001051,7,,von,אֱד֔וֹם,5,True,,
13001051,8,,Edom,אֱד֔וֹם,5,False,,
13001051,9,,waren,וַיִּהְיוּ֙,3,False,,
13001051,10,,der,אַלּ֥וּף,6,True,,
13001051,11,,Fürst,אַלּ֥וּף,6,False,,
13001051,12,,Timna,תִּמְנָ֛ע,7,False,,
13001051,13,,der,אַלּ֥וּף,8,True,,
13001051,14,,Fürst,אַלּ֥וּף,8,False,,
13001051,15,,Alja,עַֽלְוָ֖ה,9,False,,
13001051,16,,der,אַלּ֥וּף,10,True,,
13001051,17,,Fürst,אַלּ֥וּף,10,False,,
13001051,18,,Jetheth,יְתֵֽת׃,11,False,,
13001052,1,,der,אַלּ֧וּף,1,True,,
13001052,2,,Fürst,אַלּ֧וּף,1,False,,
13001052,3,,Oholibama,אָהֳלִיבָמָ֛ה,2,False,,
13001052,4,,der,אַלּ֥וּף,3,True,,
13001052,5,,Fürst,אַלּ֥וּף,3,False,,
13001052,6,,Ela,אֵלָ֖ה,4,False,,
13001052,7,,der,אַלּ֥וּף,5,True,,
13001052,8,,Fürst,אַלּ֥וּף,5,False,,
13001052,9,,Pinon,פִּינֹֽן׃,6,False,,
13001053,1,,der,,,False,,
13001053,2,,Fürst,אַלּ֥וּף,1,False,,
13001053,3,,Kenas,קְנַ֛ז,2,False,,
13001053,4,,der,,,False,,
13001053,5,,Fürst,אַלּ֥וּף,3,False,,
13001053,6,,Teman,תֵּימָ֖ן,4,False,,
13001053,7,,der,,,False,,
13001053,8,,Fürst,אַלּ֣וּף,5,False,,
13001053,9,,Mibzar,מִבְצָֽר׃,6,False,,
13001054,1,,der,,,False,,
13001054,2,,Fürst,אַלּ֥וּף,1,False,,
13001054,3,,Magdiel,מַגְדִּיאֵ֖ל,2,False,,
13001054,4,,der,,,False,,
13001054,5,,Fürst,אַלּ֣וּף,3,False,,
13001054,6,,Iram,עִירָ֑ם,4,False,,
13001054,7,,Das,אֵ֖לֶּה,5,False,,
13001054,8,,sind,,,True,10,Fürsten
13001054,9,,die,,,True,10,Fürsten
13001054,10,,Fürsten,אַלּוּפֵ֥י,6,False,,
13001054,11,,von,,,True,10,Fürsten
13001054,12,,Edom,אֱדֽוֹם׃ פ,7,False,,
13002001,1,,Dies,אֵ֖לֶּה,1,False,,
13002001,2,,sind,,,True,1,Dies
13002001,3,,die,,,True,4,Söhne
13002001,4,,Söhne,בְּנֵ֣י,2,False,,
13002001,5,,Israels,יִשְׂרָאֵ֑ל,3,False,,
13002001,6,,Ruben,רְאוּבֵ֤ן,4,False,,
13002001,7,,Simeon,שִׁמְעוֹן֙,5,False,,
13002001,8,,Levi,לֵוִ֣י,6,False,,
13002001,9,,und,,,True,8,Levi
13002001,10,,Juda,וִיהוּדָ֔ה,7,False,,
13002001,11,,Issaschar,יִשָׂשכָ֖ר,8,False,,
13002001,12,,und,,,True,11,Issaschar
13002001,13,,Sebulon,וּזְבֻלֽוּן׃,9,False,,
13002002,1,,Dan,דָּ֚ן,1,False,,
13002002,2,,Joseph,יוֹסֵ֣ף,2,False,,
13002002,3,,und,,,True,2,Joseph
13002002,4,,Benjamin,וּבִנְיָמִ֔ן,3,False,,
13002002,5,,Naphtali,נַפְתָּלִ֖י,4,False,,
13002002,6,,Gad,גָּ֥ד,5,False,,
13002002,7,,und,,,True,6,Gad
13002002,8,,Aser,וְאָשֵֽׁר׃ ס,6,False,,
13002003,1,,Die,,,True,2,Söhne
13002003,2,,Söhne,בְּנֵ֣י,1,False,,
13002003,3,,Judas,יְהוּדָ֗ה,2,False,,
13002003,4,,Gher,עֵ֤ר,3,False,,
13002003,5,,und,,,True,4,Gher
13002003,6,,Onan,וְאוֹנָן֙,4,False,,
13002003,7,,und,,,True,6,Onan
13002003,8,,Schela,וְשֵׁלָ֔ה,5,False,,
13002003,9,,diese,,,True,10,drei
13002003,10,,drei,שְׁלוֹשָׁה֙,6,False,,
13002003,11,,wurden,נ֣וֹלַד,7,False,,
13002003,12,,ihm,ל֔וֹ,8,False,,
13002003,13,,geboren,,,True,11,wurden
13002003,14,,von,מִבַּת־,9,False,,
13002003,15,,der,,,True,16,Tochter
13002003,16,,Tochter,מִבַּת־,9,False,,
13002003,17,,Schuas,שׁ֖וּעַ,10,False,,
13002003,18,,der,,,True,19,Kanaaniterin
13002003,19,,Kanaaniterin,הַֽכְּנַעֲנִ֑ית,11,False,,
13002003,20,,Und,וַיְהִ֞י,12,False,,
13002003,21,,Gher,עֵ֣ר׀,13,False,,
13002003,22,,der,,,True,23,Erstgeborene
13002003,23,,Erstgeborene,בְּכ֣וֹר,14,False,,
13002003,24,,Judas,יְהוּדָ֗ה,15,False,,
13002003,25,,war,וַיְהִ֞י,12,False,,
13002003,26,,böse,רַ֛ע,16,False,,
13002003,27,,in,בְּעֵינֵ֥י,17,False,,
13002003,28,,den,,,True,29,Augen
13002003,29,,Augen,בְּעֵינֵ֥י,17,False,,
13002003,30,,Jahwes,יְהוָ֖ה,18,False,,
13002003,31,,und,,,True,33,tötete
13002003,32,,er,,,True,33,tötete
13002003,33,,tötete,וַיְמִיתֵֽהוּ׃ ס,19,False,,
13002003,34,,ihn,וַיְמִיתֵֽהוּ׃ ס,19,False,,
13002004,1,,Und,וְתָמָר֙,1,False,,
13002004,2,,Tamar,וְתָמָר֙,1,False,,
13002004,3,,seine,כַּלָּת֔וֹ,2,False,,
13002004,4,,Schwiegertochter,כַּלָּת֔וֹ,2,False,,
13002004,5,,gebar,יָ֥לְדָה,3,False,,
13002004,6,,ihm,לּ֖וֹ,4,False,,
13002004,7,,Perez,אֶת־,5,False,,
13002004,8,,und,וְאֶת־,7,False,,
13002004,9,,Serach,זָ֑רַח,8,False,,
13002004,10,,Aller,כָּל־,9,False,,
13002004,11,,Söhne,בְּנֵ֥י,10,False,,
13002004,12,,Judas,יְהוּדָ֖ה,11,False,,
13002004,13,,waren,,,True,14,fünf
13002004,14,,fünf,חֲמִשָּֽׁה׃ ס,12,False,,
13002005,1,,Die,,,True,2,Söhne
13002005,2,,Söhne,בְּנֵי־,1,False,,
13002005,3,,des,,,True,4,Perez
13002005,4,,Perez,פֶ֖רֶץ,2,False,,
13002005,5,,waren,,,True,6,Hezron
13002005,6,,Hezron,חֶצְר֥וֹן,3,False,,
13002005,7,,und,,,True,8,Hamul
13002005,8,,Hamul,וְחָמֽוּל׃ ס,4,False,,
13002006,1,,Und,וּבְנֵ֣י,1,False,,
13002006,2,,die,,,True,3,Söhne
13002006,3,,Söhne,וּבְנֵ֣י,1,False,,
13002006,4,,Serachs,זֶ֗רַח,2,False,,
13002006,5,,Simri,זִ֠מְרִי,3,False,,
13002006,6,,und,,,True,7,Ethan
13002006,7,,Ethan,וְאֵיתָ֧ן,4,False,,
13002006,8,,und,,,True,9,Heman
13002006,9,,Heman,וְהֵימָ֛ן,5,False,,
13002006,10,,und,,,True,11,Kalkol
13002006,11,,Kalkol,וְכַלְכֹּ֥ל,6,False,,
13002006,12,,und,,,True,13,Dara
13002006,13,,Dara,וָדָ֖רַע,7,False,,
13002006,14,,ihrer,כֻּלָּ֥ם,8,False,,
13002006,15,,aller,כֻּלָּ֥ם,8,False,,
13002006,16,,waren,,,True,17,fünf
13002006,17,,fünf,חֲמִשָּֽׁה׃ ס,9,False,,
13002006,18,,,,,True,17,fünf
13002007,1,,Und,וּבְנֵ֖י,1,False,,
13002007,2,,die,,,True,3,Söhne
13002007,3,,Söhne,וּבְנֵ֖י,1,False,,
13002007,4,,Karmis,כַּרְמִ֑י,2,False,,
13002007,5,,Achar,עָכָר֙,3,False,,
13002007,6,,der,,,True,7,Israel
13002007,7,,Israel,יִשְׂרָאֵ֔ל,5,False,,
13002007,8,,in,עוֹכֵ֣ר,4,False,,
13002007,9,,Trübsal,עוֹכֵ֣ר,4,False,,
13002007,10,,brachte,מָעַ֖ל,7,False,,
13002007,11,,weil,אֲשֶׁ֥ר,6,False,,
13002007,12,,er,אֲשֶׁ֥ר,6,False,,
13002007,13,,Untreue,מָעַ֖ל,7,False,,
13002007,14,,beging,מָעַ֖ל,7,False,,
13002007,15,,an,בַּחֵֽרֶם׃ ס,8,False,,
13002007,16,,dem,,,True,17,Verbannten
13002007,17,,Verbannten,בַּחֵֽרֶם׃ ס,8,False,,
13002008,1,,Und,וּבְנֵ֥י,1,False,,
13002008,2,,die,,,True,3,Söhne
13002008,3,,Söhne,וּבְנֵ֥י,1,False,,
13002008,4,,Ethans,אֵיתָ֖ן,2,False,,
13002008,5,,Asarja,עֲזַרְיָֽה׃,3,False,,
13002008,6,,,,,True,5,Asarja
13002009,1,,Und,וּבְנֵ֥י,1,False,,
13002009,2,,die,וּבְנֵ֥י,1,True,,
13002009,3,,Söhne,וּבְנֵ֥י,1,False,,
13002009,4,,Hezrons,חֶצְר֖וֹן,2,False,,
13002009,5,,die,אֲשֶׁ֣ר,3,True,,
13002009,6,,ihm,ל֑וֹ,5,False,,
13002009,7,,geboren,נוֹלַד־,4,False,,
13002009,8,,wurden,נוֹלַד־,4,False,,
13002009,9,,Jerachmeel,יְרַחְמְאֵ֥ל,7,False,,
13002009,10,,und,וְאֶת־,8,False,,
13002009,11,,Ram,רָ֖ם,9,False,,
13002009,12,,und,וְאֶת־,10,False,,
13002009,13,,Kelubai,כְּלוּבָֽי׃,11,False,,
13002010,1,,Und,וְרָ֖ם,1,False,,
13002010,2,,Ram,וְרָ֖ם,1,False,,
13002010,3,,zeugte,הוֹלִ֣יד,2,False,,
13002010,4,,Amminadab,עַמִּינָדָ֑ב,4,False,,
13002010,5,,und,וְעַמִּינָדָב֙,5,False,,
13002010,6,,Amminadab,וְעַמִּינָדָב֙,5,False,,
13002010,7,,zeugte,הוֹלִ֣יד,6,False,,
13002010,8,,Nachschon,נַחְשׁ֔וֹן,8,False,,
13002010,9,,den,נְשִׂ֖יא,9,True,,
13002010,10,,Fürsten,נְשִׂ֖יא,9,False,,
13002010,11,,der,בְּנֵ֥י,10,True,,
13002010,12,,Kinder,בְּנֵ֥י,10,False,,
13002010,13,,Juda,יְהוּדָֽה׃,11,False,,
13002011,1,,Und,וְנַחְשׁוֹן֙,1,False,,
13002011,2,,Nachschon,וְנַחְשׁוֹן֙,1,False,,
13002011,3,,zeugte,הוֹלִ֣יד,2,False,,
13002011,4,,Salma,שַׂלְמָ֔א,4,False,,
13002011,5,,und,וְשַׂלְמָ֖א,5,False,,
13002011,6,,Salma,וְשַׂלְמָ֖א,5,False,,
13002011,7,,zeugte,הוֹלִ֥יד,6,False,,
13002011,8,,Boas,בֹּֽעַז׃,8,False,,
13002012,1,,und,וּבֹ֙עַז֙,1,False,,
13002012,2,,Boas,וּבֹ֙עַז֙,1,False,,
13002012,3,,zeugte,הוֹלִ֣יד,2,False,,
13002012,4,,Obed,עוֹבֵ֔ד,4,False,,
13002012,5,,und,וְעוֹבֵ֖ד,5,False,,
13002012,6,,Obed,וְעוֹבֵ֖ד,5,False,,
13002012,7,,zeugte,הוֹלִ֥יד,6,False,,
13002012,8,,Isai,יִשָֽׁי׃,8,False,,
13002013,1,,Und,וְאִישַׁ֛י,1,False,,
13002013,2,,Isai,וְאִישַׁ֛י,1,False,,
13002013,3,,zeugte,הוֹלִ֥יד,2,False,,
13002013,4,,Eliab,אֱלִיאָ֑ב,6,False,,
13002013,5,,seinen,בְּכֹר֖וֹ,4,False,,
13002013,6,,Erstgeborenen,בְּכֹר֖וֹ,4,False,,
13002013,7,,und,וַאֲבִינָדָב֙,7,False,,
13002013,8,,Abinadab,וַאֲבִינָדָב֙,7,False,,
13002013,9,,den,הַשֵּׁנִ֔י,8,True,,
13002013,10,,zweiten,הַשֵּׁנִ֔י,8,False,,
13002013,11,,und,וְשִׁמְעָ֖א,9,False,,
13002013,12,,Schimea,וְשִׁמְעָ֖א,9,False,,
13002013,13,,den,הַשְּׁלִישִֽׁי׃,10,True,,
13002013,14,,dritten,הַשְּׁלִישִֽׁי׃,10,False,,
13002014,1,,Nethaneel,נְתַנְאֵל֙,1,False,,
13002014,2,,den,הָֽרְבִיעִ֔י,2,True,,
13002014,3,,vierten,הָֽרְבִיעִ֔י,2,False,,
13002014,4,,Raddai,רַדַּ֖י,3,False,,
13002014,5,,den,הַחֲמִישִֽׁי׃,4,True,,
13002014,6,,fünften,הַחֲמִישִֽׁי׃,4,False,,
13002015,1,,Ozem,אֹ֚צֶם,1,False,,
13002015,2,,den,הַשִּׁשִּׁ֔י,2,True,,
13002015,3,,sechsten,הַשִּׁשִּׁ֔י,2,False,,
13002015,4,,David,דָּוִ֖יד,3,False,,
13002015,5,,den,הַשְּׁבִעִֽי׃,4,True,,
13002015,6,,siebten,הַשְּׁבִעִֽי׃,4,False,,
13002016,1,,Und,וְאַחְיוֹתֵיהֶ֖ם,1,False,,
13002016,2,,ihre,וְאַחְיוֹתֵיהֶ֖ם,1,False,,
13002016,3,,Schwestern,וְאַחְיוֹתֵיהֶ֖ם,1,False,,
13002016,4,,waren,וְאַחְיוֹתֵיהֶ֖ם,1,False,,
13002016,5,,Zeruja,צְרוּיָ֣ה,2,False,,
13002016,6,,und,וַאֲבִיגָ֑יִל,3,False,,
13002016,7,,Abigail,וַאֲבִיגָ֑יִל,3,False,,
13002016,8,,Und,וּבְנֵ֣י,4,False,,
13002016,9,,die,וּבְנֵ֣י,4,True,,
13002016,10,,Söhne,וּבְנֵ֣י,4,False,,
13002016,11,,der,צְרוּיָ֗ה,5,True,,
13002016,12,,Zeruja,צְרוּיָ֗ה,5,False,,
13002016,13,,Abisai,אַבְשַׁ֛י,6,False,,
13002016,14,,und,וְיוֹאָ֥ב,7,False,,
13002016,15,,Joab,וְיוֹאָ֥ב,7,False,,
13002016,16,,und,וַעֲשָׂה־,8,False,,
13002016,17,,Asael,וַעֲשָׂה־,8,False,,
13002016,18,,drei,שְׁלֹשָֽׁה׃,10,False,,
13002017,1,,Und,וַאֲבִיגַ֕יִל,1,False,,
13002017,2,,Abigail,וַאֲבִיגַ֕יִל,1,False,,
13002017,3,,gebar,יָלְדָ֖ה,2,False,,
13002017,4,,Amasa,עֲמָשָׂ֑א,4,False,,
13002017,5,,und,וַאֲבִ֣י,5,False,,
13002017,6,,der,וַאֲבִ֣י,5,True,,
13002017,7,,Vater,וַאֲבִ֣י,5,False,,
13002017,8,,Amasas,עֲמָשָׂ֔א,6,False,,
13002017,9,,war,יָלְדָ֖ה,2,False,,
13002017,10,,Jether,יֶ֖תֶר,7,False,,
13002017,11,,der,הַיִּשְׁמְעֵאלִֽי׃,8,True,,
13002017,12,,Ismaeliter,הַיִּשְׁמְעֵאלִֽי׃,8,False,,
13002018,1,,Und,וְכָלֵ֣ב,1,False,,
13002018,2,,Kaleb,וְכָלֵ֣ב,1,False,,
13002018,3,,der,בֶּן־,2,True,,
13002018,4,,Sohn,בֶּן־,2,False,,
13002018,5,,Hezrons,חֶצְר֗וֹן,3,False,,
13002018,6,,zeugte,הוֹלִ֛יד,4,False,,
13002018,7,,Söhne,הוֹלִ֛יד,4,False,,
13002018,8,,mit,אֶת־,5,False,,
13002018,9,,Asuba,עֲזוּבָ֥ה,6,False,,
13002018,10,,seinem,אִשָּׁ֖ה,7,False,,
13002018,11,,Weibe,אִשָּׁ֖ה,7,False,,
13002018,12,,und,וְאֶת־,8,False,,
13002018,13,,mit,וְאֶת־,8,False,,
13002018,14,,Jerioth,יְרִיע֑וֹת,9,False,,
13002018,15,,und,וְאֵ֣לֶּה,10,False,,
13002018,16,,dies,וְאֵ֣לֶּה,10,False,,
13002018,17,,sind,וְאֵ֣לֶּה,10,False,,
13002018,18,,ihre,בָנֶ֔יהָ,11,False,,
13002018,19,,Söhne,בָנֶ֔יהָ,11,False,,
13002018,20,,Jescher,יֵ֥שֶׁר,12,False,,
13002018,21,,und,וְשׁוֹבָ֖ב,13,False,,
13002018,22,,Schobab,וְשׁוֹבָ֖ב,13,False,,
13002018,23,,und,וְאַרְדּֽוֹן׃,14,False,,
13002018,24,,Ardon,וְאַרְדּֽוֹן׃,14,False,,
13002019,1,,Und,וַתָּ֖מָת,1,False,,
13002019,2,,Asuba,עֲזוּבָ֑ה,2,False,,
13002019,3,,starb,וַתָּ֖מָת,1,False,,
13002019,4,,und,וַיִּֽקַּֽח־,3,False,,
13002019,5,,Kaleb,כָלֵב֙,5,False,,
13002019,6,,nahm,וַיִּֽקַּֽח־,3,False,,
13002019,7,,sich,ל֤וֹ,4,False,,
13002019,8,,Ephrath,אֶפְרָ֔ת,7,False,,
13002019,9,,und,וַתֵּ֥לֶד,8,False,,
13002019,10,,sie,אֶת־,6,True,,
13002019,11,,gebar,וַתֵּ֥לֶד,8,False,,
13002019,12,,ihm,ל֖וֹ,9,False,,
13002019,13,,Hur,חֽוּר׃,11,False,,
13002020,1,,Und,וְחוּר֙,1,False,,
13002020,2,,Hur,וְחוּר֙,1,False,,
13002020,3,,zeugte,הוֹלִ֣יד,2,False,,
13002020,4,,Uri,אוּרִ֔י,4,False,,
13002020,5,,und,וְאוּרִ֖י,5,False,,
13002020,6,,Uri,וְאוּרִ֖י,5,False,,
13002020,7,,zeugte,הוֹלִ֥יד,6,False,,
13002020,8,,Bezaleel,בְּצַלְאֵֽל׃ ס,8,False,,
13002020,9,,,אֶת־,7,True,,
13002021,1,,Und,וְאַחַ֗ר,1,False,,
13002021,2,,danach,וְאַחַ֗ר,1,False,,
13002021,3,,ging,בָּ֤א,2,False,,
13002021,4,,Hezron,חֶצְרוֹן֙,3,False,,
13002021,5,,ein,בָּ֤א,2,True,,
13002021,6,,zu,אֶל־,4,False,,
13002021,7,,der,בַּת־,5,True,,
13002021,8,,Tochter,בַּת־,5,False,,
13002021,9,,Makirs,מָכִיר֙,6,False,,
13002021,10,,des,אֲבִ֣י,7,True,,
13002021,11,,Vaters,אֲבִ֣י,7,False,,
13002021,12,,Gileads,גִלְעָ֔ד,8,False,,
13002021,13,,und,וְה֣וּא,9,False,,
13002021,14,,er,וְה֣וּא,9,False,,
13002021,15,,nahm,לְקָחָ֔הּ,10,False,,
13002021,16,,sie,לְקָחָ֔הּ,10,False,,
13002021,17,,als,וְה֖וּא,11,True,,
13002021,18,,er,וְה֖וּא,11,False,,
13002021,19,,sechzig,שִׁשִּׁ֣ים,13,False,,
13002021,20,,Jahre,שָׁנָ֑ה,14,False,,
13002021,21,,alt,בֶּן־,12,True,,
13002021,22,,war,בֶּן־,12,True,,
13002021,23,,und,וַתֵּ֥לֶד,15,False,,
13002021,24,,sie,אֶת־,17,True,,
13002021,25,,gebar,וַתֵּ֥לֶד,15,False,,
13002021,26,,ihm,ל֖וֹ,16,False,,
13002021,27,,Segub,שְׂגֽוּב׃,18,False,,
13002022,1,,Und,וּשְׂג֖וּב,1,False,,
13002022,2,,Segub,וּשְׂג֖וּב,1,False,,
13002022,3,,zeugte,הוֹלִ֣יד,2,False,,
13002022,4,,Jair,יָאִ֑יר,4,False,,
13002022,5,,Und,וַֽיְהִי־,5,False,,
13002022,6,,dieser,וַֽיְהִי־,5,False,,
13002022,7,,hatte,וַֽיְהִי־,5,False,,
13002022,8,,23,עֶשְׂרִ֤ים,7,False,,
13002022,9,,Städte,עָרִ֔ים,9,False,,
13002022,10,,im,בְּאֶ֖רֶץ,10,False,,
13002022,11,,Lande,בְּאֶ֖רֶץ,10,False,,
13002022,12,,Gilead,הַגִּלְעָֽד׃,11,False,,
13002023,1,,und,וַיִּקַּ֣ח,1,False,,
13002023,2,,Gesur,גְּשֽׁוּר־,2,False,,
13002023,3,,und,וַ֠אֲרָם,3,False,,
13002023,4,,Aram,וַ֠אֲרָם,3,False,,
13002023,5,,nahmen,וַיִּקַּ֣ח,1,False,,
13002023,6,,ihnen,מֵאִתָּ֛ם,7,False,,
13002023,7,,die,אֶת־,4,True,,
13002023,8,,Dörfer,חַוֹּ֨ת,5,False,,
13002023,9,,Jairs,יָאִ֧יר,6,False,,
13002023,10,,weg,מֵאִתָּ֛ם,7,False,,
13002023,11,,mit,אֶת־,8,False,,
13002023,12,,Kenath,קְנָ֥ת,9,False,,
13002023,13,,und,וְאֶת־,10,False,,
13002023,14,,seinen,בְּנֹתֶ֖יהָ,11,False,,
13002023,15,,Tochterstädten,בְּנֹתֶ֖יהָ,11,False,,
13002023,16,,sechzig,שִׁשִּׁ֣ים,12,False,,
13002023,17,,Städte,עִ֑יר,13,False,,
13002023,18,,Diese,אֵ֕לֶּה,15,False,,
13002023,19,,alle,כָּל־,14,False,,
13002023,20,,waren,כָּל־,14,False,,
13002023,21,,Söhne,בְּנֵ֖י,16,False,,
13002023,22,,Makirs,מָכִ֥יר,17,False,,
13002023,23,,des,אֲבִי־,18,False,,
13002023,24,,Vaters,אֲבִי־,18,False,,
13002023,25,,Gileads,גִלְעָֽד׃,19,False,,
13002024,1,,Und,וְאַחַ֥ר,1,False,,
13002024,2,,nach,וְאַחַ֥ר,1,False,,
13002024,3,,dem,מוֹת־,2,True,,
13002024,4,,Tode,מוֹת־,2,False,,
13002024,5,,Hezrons,חֶצְר֖וֹן,3,False,,
13002024,6,,in,בְּכָלֵ֣ב,4,False,,
13002024,7,,Kaleb-Ephratha,בְּכָלֵ֣ב,4,False,,
13002024,8,,da,וְאֵ֤שֶׁת,6,True,,
13002024,9,,gebar,וַתֵּ֣לֶד,9,False,,
13002024,10,,Abija,אֲבִיָּ֔ה,8,False,,
13002024,11,,Hezrons,חֶצְרוֹן֙,7,False,,
13002024,12,,Weib,וְאֵ֤שֶׁת,6,False,,
13002024,13,,ihm,ל֔וֹ,10,False,,
13002024,14,,Aschur,אַשְׁח֖וּר,12,False,,
13002024,15,,den,אֶת־,11,True,,
13002024,16,,Vater,אֲבִ֥י,13,False,,
13002024,17,,Tekoas,תְקֽוֹעַ׃,14,False,,
13002025,1,,Und,וַיִּהְי֧וּ,1,False,,
13002025,2,,die,בְנֵי־,2,True,,
13002025,3,,Söhne,בְנֵי־,2,False,,
13002025,4,,Jerachmeels,יְרַחְמְאֵ֛ל,3,False,,
13002025,5,,des,בְּכ֥וֹר,4,True,,
13002025,6,,Erstgeborenen,בְּכ֥וֹר,4,False,,
13002025,7,,Hezrons,חֶצְר֖וֹן,5,False,,
13002025,8,,waren,וַיִּהְי֧וּ,1,False,,
13002025,9,,Der,הַבְּכ֣וֹר׀,6,False,,
13002025,10,,Erstgeborene,הַבְּכ֣וֹר׀,6,False,,
13002025,11,,Ram,רָ֑ם,7,False,,
13002025,12,,und,וּבוּנָ֥ה,8,False,,
13002025,13,,Buna,וּבוּנָ֥ה,8,False,,
13002025,14,,und,וָאֹ֛רֶן,9,False,,
13002025,15,,Oren,וָאֹ֛רֶן,9,False,,
13002025,16,,und,וָאֹ֖צֶם,10,False,,
13002025,17,,Ozem,וָאֹ֖צֶם,10,False,,
13002025,18,,von,אֲחִיָּֽה׃,11,False,,
13002025,19,,Achija,אֲחִיָּֽה׃,11,False,,
13002026,1,,Und,וַתְּהִ֨י,1,False,,
13002026,2,,Jerachmeel,לִֽירַחְמְאֵ֖ל,4,False,,
13002026,3,,hatte,וַתְּהִ֨י,1,False,,
13002026,4,,ein,אִשָּׁ֥ה,2,True,,
13002026,5,,anderes,אַחֶ֛רֶת,3,False,,
13002026,6,,Weib,אִשָּׁ֥ה,2,False,,
13002026,7,,ihr,וּשְׁמָ֣הּ,5,True,,
13002026,8,,Name,וּשְׁמָ֣הּ,5,False,,
13002026,9,,war,וַתְּהִ֨י,1,False,,
13002026,10,,Atara,עֲטָרָ֑ה,6,False,,
13002026,11,,sie,הִ֖יא,7,False,,
13002026,12,,war,הִ֖יא,7,False,,
13002026,13,,die,אֵ֥ם,8,True,,
13002026,14,,Mutter,אֵ֥ם,8,False,,
13002026,15,,Onams,אוֹנָֽם׃ ס,9,False,,
13002026,16,,,אוֹנָֽם׃ ס,9,True,,
13002027,1,,Und,וַיִּהְי֥וּ,1,False,,
13002027,2,,die,בְנֵי־,2,True,,
13002027,3,,Söhne,בְנֵי־,2,False,,
13002027,4,,Rams,רָ֖ם,3,False,,
13002027,5,,des,בְּכ֣וֹר,4,True,,
13002027,6,,Erstgeborenen,בְּכ֣וֹר,4,False,,
13002027,7,,Jerachmeels,יְרַחְמְאֵ֑ל,5,False,,
13002027,8,,waren,וַיִּהְי֥וּ,1,False,,
13002027,9,,Maaz,מַ֥עַץ,6,False,,
13002027,10,,und,וְיָמִ֖ין,7,False,,
13002027,11,,Jamin,וְיָמִ֖ין,7,False,,
13002027,12,,und,וָעֵֽקֶר׃,8,False,,
13002027,13,,Eker,וָעֵֽקֶר׃,8,False,,
13002028,1,,Und,וַיִּהְי֥וּ,1,False,,
13002028,2,,die,בְנֵי־,2,True,,
13002028,3,,Söhne,בְנֵי־,2,False,,
13002028,4,,Onams,אוֹנָ֖ם,3,False,,
13002028,5,,waren,וַיִּהְי֥וּ,1,False,,
13002028,6,,Schammai,שַׁמַּ֣י,4,False,,
13002028,7,,und,וְיָדָ֑ע,5,False,,
13002028,8,,Jada,וְיָדָ֑ע,5,False,,
13002028,9,,Und,וּבְנֵ֣י,6,False,,
13002028,10,,die,וּבְנֵ֣י,6,True,,
13002028,11,,Söhne,וּבְנֵ֣י,6,False,,
13002028,12,,Schammais,שַׁמַּ֔י,7,False,,
13002028,13,,Nadab,נָדָ֖ב,8,False,,
13002028,14,,und,וַאֲבִישֽׁוּר׃,9,True,,
13002028,15,,Abischur,וַאֲבִישֽׁוּר׃,9,False,,
13002029,1,וְ,Und,וְשֵׁ֛ם,1,False,,
13002029,2,,der,וְשֵׁ֛ם,1,True,,
13002029,3,שֵׁם,Name,וְשֵׁ֛ם,1,False,,
13002029,4,,des,אֵ֥שֶׁת,2,True,,
13002029,5,אֵשֶׁת,Weibes,אֵ֥שֶׁת,2,False,,
13002029,6,אֲבִישׁוּר,Abischurs,אֲבִישׁ֖וּר,3,False,,
13002029,7,וַתֵּלֶד,war,וַתֵּ֣לֶד,5,False,,
13002029,8,אֲבִיהָיִל,Abichail,אֲבִיהָ֑יִל,4,False,,
13002029,9,,und,וַתֵּ֣לֶד,5,True,,
13002029,10,,sie,וַתֵּ֣לֶד,5,True,,
13002029,11,תֵּלֶד,gebar,וַתֵּ֣לֶד,5,False,,
13002029,12,לוֹ,ihm,ל֔וֹ,6,False,,
13002029,13,אֶת,Achban,אֶת־,7,False,,
13002029,14,אַחְבָּן,und,אַחְבָּ֖ן,8,False,,
13002029,15,,Molid,וְאֶת־,9,False,,
13002029,15,,Molid,מוֹלִֽיד׃,10,False,,
13002030,1,וּבְנֵי,Und,וּבְנֵ֥י,1,False,,
13002030,2,,die,וּבְנֵ֥י,1,True,,
13002030,3,בְנֵי,Söhne,וּבְנֵ֥י,1,False,,
13002030,4,נָדָב,Nadabs,נָדָ֖ב,2,False,,
13002030,5,סֶלֶד,Seled,סֶ֣לֶד,3,False,,
13002030,6,וְ,und,וְאַפָּ֑יִם,4,False,,
13002030,7,אַפָּיִם,Appaim,וְאַפָּ֑יִם,4,False,,
13002030,8,וַיָּמָת,Und,וַיָּ֥מָת,5,False,,
13002030,9,סֶלֶד,Seled,סֶ֖לֶד,6,False,,
13002030,10,,starb,וַיָּ֥מָת,5,True,,
13002030,11,לֹא,ohne,לֹ֥א,7,False,,
13002030,12,בָנִים,Söhne,בָנִֽים׃ ס,8,False,,
13002030,13,,,בָנִֽים׃ ס,8,True,,
13002031,1,וּבְנֵי,Und,וּבְנֵ֥י,1,False,,
13002031,2,,die,וּבְנֵ֥י,1,True,,
13002031,3,בְנֵי,Söhne,וּבְנֵ֥י,1,False,,
13002031,4,אַפַּיִם,Appaims,אַפַּ֖יִם,2,False,,
13002031,5,יִשְׁעִי,Jischhi,יִשְׁעִ֑י,3,False,,
13002031,6,וּבְנֵי,Und,וּבְנֵ֤י,4,False,,
13002031,7,,die,וּבְנֵ֤י,4,True,,
13002031,8,בְנֵי,Söhne,וּבְנֵ֤י,4,False,,
13002031,9,יִשְׁעִי,Jischhis,יִשְׁעִי֙,5,False,,
13002031,10,שֵׁשָׁן,Scheschan,שֵׁשָׁ֔ן,6,False,,
13002031,11,וּבְנֵי,Und,וּבְנֵ֥י,7,False,,
13002031,12,,die,וּבְנֵ֥י,7,True,,
13002031,13,בְנֵי,Söhne,וּבְנֵ֥י,7,False,,
13002031,14,שֵׁשָׁן,Scheschans,שֵׁשָׁ֖ן,8,False,,
13002031,15,אַחְלָי,Achlai,אַחְלָֽי׃,9,False,,
13002031,16,,,אַחְלָֽי׃,9,True,,
13002032,1,וּבְנֵי,Und,וּבְנֵ֤י,1,False,,
13002032,2,,die,וּבְנֵ֤י,1,True,,
13002032,3,בְנֵי,Söhne,וּבְנֵ֤י,1,False,,
13002032,4,יָדָע,Jadas,יָדָע֙,2,False,,
13002032,5,,des,אֲחִ֣י,3,True,,
13002032,6,אֲחִי,Bruders,אֲחִ֣י,3,False,,
13002032,7,שַׁמַּי,Schammais,שַׁמַּ֔י,4,False,,
13002032,8,יֶתֶר,Jether,יֶ֖תֶר,5,False,,
13002032,9,וְ,und,וְיוֹנָתָ֑ן,6,False,,
13002032,10,יוֹנָתָן,Jonathan,וְיוֹנָתָ֑ן,6,False,,
13002032,11,וַיָּמָת,Und,וַיָּ֥מָת,7,False,,
13002032,12,יֶתֶר,Jether,יֶ֖תֶר,8,False,,
13002032,13,,starb,וַיָּ֥מָת,7,True,,
13002032,14,לֹא,ohne,לֹ֥א,9,False,,
13002032,15,בָנִים,Söhne,בָנִֽים׃ ס,10,False,,
13002033,1,וּבְנֵי,Und,וּבְנֵ֥י,1,False,,
13002033,2,,die,וּבְנֵ֥י,1,True,,
13002033,3,בְנֵי,Söhne,וּבְנֵ֥י,1,False,,
13002033,4,יוֹנָתָן,Jonathans,יוֹנָתָ֖ן,2,False,,
13002033,5,פֶּלֶת,Peleth,פֶּ֣לֶת,3,False,,
13002033,6,וְ,und,וְזָזָ֑א,4,False,,
13002033,7,זָזָא,Sasa,וְזָזָ֑א,4,False,,
13002033,8,אֵלֶּה,Das,אֵ֥לֶּה,5,False,,
13002033,9,הָיוּ,waren,הָי֖וּ,6,False,,
13002033,10,,die,בְּנֵ֥י,7,True,,
13002033,11,בְּנֵי,Söhne,בְּנֵ֥י,7,False,,
13002033,12,יְרַחְמְאֵל,Jerachmeels,יְרַחְמְאֵֽל׃,8,False,,
13002033,13,,,יְרַחְמְאֵֽל׃,8,True,,
13002034,1,וְלֹא,Und,וְלֹֽא־,1,False,,
13002034,2,שֵׁשָׁן,Scheschan,לְשֵׁשָׁ֛ן,3,False,,
13002034,3,הָיָה,hatte,הָיָ֧ה,2,False,,
13002034,4,,keine,וְלֹֽא־,1,True,,
13002034,5,בָּנִים,Söhne,בָּנִ֖ים,4,False,,
13002034,6,כִּי,sondern,כִּ֣י,5,False,,
13002034,7,אִם,nur,אִם־,6,False,,
13002034,8,בָּנוֹת,Töchter,בָּנ֑וֹת,7,False,,
13002034,9,וּלְשֵׁשָׁן,Und,וּלְשֵׁשָׁ֛ן,8,False,,
13002034,10,,Scheschan,וּלְשֵׁשָׁ֛ן,8,True,,
13002034,11,הָיָה,hatte,הָיָ֧ה,2,False,,
13002034,12,,einen,עֶ֥בֶד,9,True,,
13002034,13,מִצְרִי,ägyptischen,מִצְרִ֖י,10,False,,
13002034,14,עֶבֶד,Knecht,עֶ֥בֶד,9,False,,
13002034,15,,sein,וּשְׁמ֥וֹ,11,True,,
13002034,16,שְׁמוֹ,Name,וּשְׁמ֥וֹ,11,False,,
13002034,17,הָיָה,war,הָיָ֧ה,2,False,,
13002034,18,יַרְחָע,Jarcha,יַרְחָֽע׃,12,False,,
13002035,1,וַ,und,וַיִּתֵּ֨ן,1,False,,
13002035,2,שֵׁשָׁן,Scheschan,שֵׁשָׁ֧ן,2,False,,
13002035,3,יִתֵּן,gab,וַיִּתֵּ֨ן,1,False,,
13002035,4,עַבְדּוֹ,seinem,עַבְדּ֖וֹ,6,False,,
13002035,5,לְיַרְחָע,Knechte,לְיַרְחָ֥ע,5,False,,
13002035,6,,Jarcha,לְיַרְחָ֥ע,5,True,,
13002035,7,בִּתּוֹ,seine,בִּתּ֛וֹ,4,False,,
13002035,8,,Tochter,בִּתּ֛וֹ,4,True,,
13002035,9,לְאִשָּׁה,zum,לְאִשָּׁ֑ה,7,False,,
13002035,10,,Weibe,לְאִשָּׁ֑ה,7,True,,
13002035,11,וַ,und,וַתֵּ֥לֶד,8,False,,
13002035,12,,sie,וַתֵּ֥לֶד,8,True,,
13002035,13,תֵּלֶד,gebar,וַתֵּ֥לֶד,8,False,,
13002035,14,לוֹ,ihm,ל֖וֹ,9,False,,
13002035,15,עַתָּי,Attai,עַתָּֽי׃,11,False,,
13002036,1,וְ,Und,וְעַתַּי֙,1,False,,
13002036,2,עַתַּי,Attai,וְעַתַּי֙,1,False,,
13002036,3,הוֹלִיד,zeugte,הֹלִ֣יד,2,False,,
13002036,4,נָתָן,Nathan,נָתָ֔ן,4,False,,
13002036,5,וְ,und,וְנָתָ֖ן,5,False,,
13002036,6,נָתָן,Nathan,וְנָתָ֖ן,5,False,,
13002036,7,הוֹלִיד,zeugte,הוֹלִ֥יד,6,False,,
13002036,8,זָבָד,Sabad,זָבָֽד׃,8,False,,
13002037,1,וְ,und,וְזָבָד֙,1,False,,
13002037,2,זָבָד,Sabad,וְזָבָד֙,1,False,,
13002037,3,הוֹלִיד,zeugte,הוֹלִ֣יד,2,False,,
13002037,4,אֶפְלָל,Ephlal,אֶפְלָ֔ל,4,False,,
13002037,5,וְ,und,וְאֶפְלָ֖ל,5,False,,
13002037,6,אֶפְלָל,Ephlal,וְאֶפְלָ֖ל,5,False,,
13002037,7,הוֹלִיד,zeugte,הוֹלִ֥יד,6,False,,
13002037,8,עוֹבֵד,Obed,עוֹבֵֽד׃,8,False,,
13002038,1,וְ,und,וְעוֹבֵד֙,1,False,,
13002038,2,עוֹבֵד,Obed,וְעוֹבֵד֙,1,False,,
13002038,3,הוֹלִיד,zeugte,הוֹלִ֣יד,2,False,,
13002038,4,יֵהוּא,Jehu,יֵה֔וּא,4,False,,
13002038,5,וְ,und,וְיֵה֖וּא,5,False,,
13002038,6,יֵהוּא,Jehu,וְיֵה֖וּא,5,False,,
13002038,7,הוֹלִיד,zeugte,הוֹלִ֥יד,6,False,,
13002038,8,עֲזַרְיָה,Asarja,עֲזַרְיָֽה׃,8,False,,
13002039,1,וַ,und,וַעֲזַרְיָה֙,1,False,,
13002039,2,עֲזַרְיָה֙,Asarja,וַעֲזַרְיָה֙,1,False,,
13002039,3,,zeugte,הֹלִ֣יד,2,False,,
13002039,4,,Helez,אֶת־,3,True,,
13002039,4,,Helez,חָ֔לֶץ,4,False,,
13002039,5,וְ,und,וְחֶ֖לֶץ,5,False,,
13002039,6,חֶ֖לֶץ,Helez,וְחֶ֖לֶץ,5,False,,
13002039,7,,zeugte,הֹלִ֥יד,6,False,,
13002039,8,,Elasa,אֶת־,7,True,,
13002039,8,,Elasa,אֶלְעָשָֽׂה׃,8,False,,
13002040,1,וְ,und,וְאֶלְעָשָׂה֙,1,False,,
13002040,2,אֶלְעָשָׂה֙,Elasa,וְאֶלְעָשָׂה֙,1,False,,
13002040,3,,zeugte,הֹלִ֣יד,2,False,,
13002040,4,,Sismai,אֶת־,3,True,,
13002040,4,,Sismai,סִֽסְמָ֔י,4,False,,
13002040,5,וְ,und,וְסִסְמַ֖י,5,False,,
13002040,6,סִסְמַ֖י,Sismai,וְסִסְמַ֖י,5,False,,
13002040,7,,zeugte,הֹלִ֥יד,6,False,,
13002040,8,,Schallum,אֶת־,7,True,,
13002040,8,,Schallum,שַׁלּֽוּם׃,8,False,,
13002041,1,וְ,und,וְשַׁלּוּם֙,1,False,,
13002041,2,שַׁלּוּם֙,Schallum,וְשַׁלּוּם֙,1,False,,
13002041,3,,zeugte,הוֹלִ֣יד,2,False,,
13002041,4,,Jekamja,אֶת־,3,True,,
13002041,4,,Jekamja,יְקַמְיָ֔ה,4,False,,
13002041,5,וִֽ,und,וִֽיקַמְיָ֖ה,5,False,,
13002041,6,יְקַמְיָ֖ה,Jekamja,וִֽיקַמְיָ֖ה,5,False,,
13002041,7,,zeugte,הֹלִ֥יד,6,False,,
13002041,8,,Elischama,אֶת־,7,True,,
13002041,8,,Elischama,אֱלִישָׁמָֽע׃,8,False,,
13002042,1,וּ,Und,וּבְנֵ֤י,1,False,,
13002042,2,,die,,,True,3,Söhne
13002042,3,בְנֵ֤י,Söhne,וּבְנֵ֤י,1,False,,
13002042,4,,Kalebs,כָלֵב֙,2,False,,
13002042,5,,des,,,True,6,Bruders
13002042,6,,Bruders,אֲחִ֣י,3,False,,
13002042,7,,Jerachmeels,יְרַחְמְאֵ֔ל,4,False,,
13002042,8,,Mescha,מֵישָׁ֥ע,5,False,,
13002042,9,זִ֖,sein,בְּכֹר֖וֹ,6,False,,
13002042,10,בְּכֹרוֹ,Erstgeborener,בְּכֹר֖וֹ,6,False,,
13002042,11,,er,ה֣וּא,7,False,,
13002042,12,,ist,ה֣וּא,7,True,,
13002042,13,,der,אֲבִי־,8,True,,
13002042,14,,Vater,אֲבִי־,8,False,,
13002042,15,,Siphs,זִ֑יף,9,False,,
13002042,16,וּ,und,וּבְנֵ֥י,10,False,,
13002042,17,,die,,,True,18,Söhne
13002042,18,בְנֵ֥י,Söhne,וּבְנֵ֥י,10,False,,
13002042,19,,Mareschas,מָרֵשָׁ֖ה,11,False,,
13002042,20,,des,אֲבִ֥י,12,True,,
13002042,20,,des,,,True,21,Vaters
13002042,21,,Vaters,אֲבִ֥י,12,False,,
13002042,22,,Hebrons,חֶבְרֽוֹן׃,13,False,,
13002043,1,וּ,Und,וּבְנֵ֖י,1,False,,
13002043,2,,die,,,True,3,Söhne
13002043,3,בְנֵ֖י,Söhne,וּבְנֵ֖י,1,False,,
13002043,4,,Hebrons,חֶבְר֑וֹן,2,False,,
13002043,5,,Korach,קֹ֥רַח,3,False,,
13002043,6,וְ,und,וְתַפֻּ֖חַ,4,False,,
13002043,6,,und,,,True,5,Korach
13002043,7,תַפֻּ֖חַ,Tappuach,וְתַפֻּ֖חַ,4,False,,
13002043,8,וְ,und,וְרֶ֥קֶם,5,False,,
13002043,8,,und,,,True,7,Tappuach
13002043,9,רֶ֥קֶם,Rekem,וְרֶ֥קֶם,5,False,,
13002043,10,וָ,und,וָשָֽׁמַע׃,6,False,,
13002043,10,,und,,,True,9,Rekem
13002043,11,שָֽׁמַע,Schema,וָשָֽׁמַע׃,6,False,,
13002044,1,וְ,Und,וְשֶׁ֣מַע,1,False,,
13002044,2,שֶׁ֣מַע,Schema,וְשֶׁ֣מַע,1,False,,
13002044,3,,zeugte,הוֹלִ֔יד,2,False,,
13002044,4,,Racham,רַ֖חַם,4,False,,
13002044,5,,den,אֶת־,3,True,,
13002044,6,,Vater,אֲבִ֣י,5,False,,
13002044,7,,Jorkeams,יָרְקֳעָ֑ם,6,False,,
13002044,8,וְ,und,וְרֶ֖קֶם,7,False,,
13002044,9,רֶ֖קֶם,Rekem,וְרֶ֖קֶם,7,False,,
13002044,10,,zeugte,הוֹלִ֥יד,8,False,,
13002044,11,,Schammai,אֶת־,9,True,,
13002044,11,,Schammai,שַׁמָּֽי׃,10,False,,
13002045,1,וּ,Und,וּבֶן־,1,False,,
13002045,2,,der,,,True,3,Sohn
13002045,3,בֶן־,Sohn,וּבֶן־,1,False,,
13002045,4,,Schammais,שַׁמַּ֖י,2,False,,
13002045,5,,war,מָע֑וֹן,3,True,,
13002045,5,,war,,,True,6,Maon
13002045,6,,Maon,מָע֑וֹן,3,False,,
13002045,7,וּ,und,וּמָע֖וֹן,4,False,,
13002045,7,,und,,,True,8,Maon
13002045,8,מָע֖וֹן,Maon,וּמָע֖וֹן,4,False,,
13002045,9,,war,אֲבִ֥י,5,True,,
13002045,9,,war,,,True,8,Maon
13002045,10,,der,אֲבִ֥י,5,True,,
13002045,10,,der,,,True,11,Vater
13002045,11,,Vater,אֲבִ֥י,5,False,,
13002045,12,,Beth-Zurs,בֵֽית־,6,False,,
13002045,12,,Beth-Zurs,צֽוּר׃,7,False,,
13002046,1,וְ,Und,וְעֵיפָה֙,1,False,,
13002046,2,עֵיפָה֙,Epha,וְעֵיפָה֙,1,False,,
13002046,3,,das,פִּילֶ֣גֶשׁ,2,True,,
13002046,4,,Kebsweib,פִּילֶ֣גֶשׁ,2,False,,
13002046,5,,Kalebs,כָּלֵ֔ב,3,False,,
13002046,6,,gebar,יָֽלְדָ֛ה,4,False,,
13002046,7,,Haran,אֶת־,5,True,,
13002046,7,,Haran,חָרָ֥ן,6,False,,
13002046,8,וְ,und,וְאֶת־,7,False,,
13002046,9,,Moza,וְאֶת־,7,True,,
13002046,9,,Moza,מוֹצָ֖א,8,False,,
13002046,10,וְ,und,וְאֶת־,9,False,,
13002046,11,,Gases,וְאֶת־,9,True,,
13002046,11,,Gases,גָּזֵ֑ז,10,False,,
13002046,12,וְ,Und,וְחָרָ֖ן,11,False,,
13002046,13,חָרָ֖ן,Haran,וְחָרָ֖ן,11,False,,
13002046,14,,zeugte,הֹלִ֥יד,12,False,,
13002046,15,,Gases,אֶת־,13,True,,
13002046,15,,Gases,גָּזֵֽז׃ ס,14,False,,
13002047,1,וּ,Und,וּבְנֵ֖י,1,False,,
13002047,2,,die,,,True,3,Söhne
13002047,3,בְנֵ֖י,Söhne,וּבְנֵ֖י,1,False,,
13002047,4,,Jehdais,יָהְדָּ֑י,2,False,,
13002047,5,,Regem,רֶ֧גֶם,3,False,,
13002047,6,וְ,und,וְיוֹתָ֛ם,4,False,,
13002047,6,,und,,,True,5,Regem
13002047,7,יוֹתָ֛ם,Jotham,וְיוֹתָ֛ם,4,False,,
13002047,8,וְ,und,וְגֵישָׁ֥ן,5,False,,
13002047,8,,und,,,True,7,Jotham
13002047,9,גֵישָׁ֥ן,Geschan,וְגֵישָׁ֥ן,5,False,,
13002047,10,וָ,und,וָפֶ֖לֶט,6,False,,
13002047,10,,und,,,True,9,Geschan
13002047,11,פֶ֖לֶט,Peleth,וָפֶ֖לֶט,6,False,,
13002047,12,וְ,und,וְעֵיפָ֥ה,7,False,,
13002047,12,,und,,,True,11,Peleth
13002047,13,עֵיפָ֥ה,Epha,וְעֵיפָ֥ה,7,False,,
13002047,14,וָ,und,וָשָֽׁעַף׃,8,False,,
13002047,14,,und,,,True,13,Epha
13002047,15,שָֽׁעַף,Schaaph,וָשָֽׁעַף׃,8,False,,
13002048,1,מַעֲכָ֔ה,Maaka,מַעֲכָ֔ה,3,False,,
13002048,2,,das,פִּלֶ֤גֶשׁ,1,True,,
13002048,3,פִּלֶ֤גֶשׁ,Kebsweib,פִּלֶ֤גֶשׁ,1,False,,
13002048,4,,Kalebs,כָּלֵב֙,2,False,,
13002048,5,,gebar,יָ֥לַד,4,False,,
13002048,6,,Scheber,שֶׁ֖בֶר,5,False,,
13002048,7,וְ,und,וְאֶֽת־,6,False,,
13002048,8,,Tirchana,וְאֶֽת־,6,False,,
13002048,8,,Tirchana,תִּרְחֲנָֽה׃,7,False,,
13002049,1,,und,וַתֵּ֗לֶד,1,False,,
13002049,2,,sie,וַתֵּ֗לֶד,1,False,,
13002049,3,,gebar,וַתֵּ֗לֶד,1,False,,
13002049,4,,Schaaph,שַׁ֚עַף,2,False,,
13002049,5,,den,אֶת־,5,True,,
13002049,6,,Vater,אֲבִ֣י,3,False,,
13002049,7,,Madmannas,מַדְמַנָּ֔ה,4,False,,
13002049,8,,Schewa,שְׁוָ֛א,6,False,,
13002049,9,,den,אֶת־,5,True,,
13002049,10,,Vater,אֲבִ֥י,7,False,,
13002049,11,,Makbenas,מַכְבֵּנָ֖ה,8,False,,
13002049,12,,und,וַאֲבִ֣י,9,False,,
13002049,13,,den,אֶת־,5,True,,
13002049,14,,Vater,וַאֲבִ֣י,9,False,,
13002049,15,,Gibeas,גִבְעָ֑א,10,False,,
13002049,16,,Und,וּבַת־,11,False,,
13002049,17,,die,וּבַת־,11,True,,
13002049,18,,Tochter,וּבַת־,11,False,,
13002049,19,,Kalebs,כָּלֵ֖ב,12,False,,
13002049,20,,war,עַכְסָֽה׃ ס,13,False,,
13002049,21,,Aksa,עַכְסָֽה׃ ס,13,False,,
13002050,1,,Dies,אֵ֤לֶּה,1,False,,
13002050,2,,waren,הָיוּ֙,2,False,,
13002050,3,,die,בְּנֵ֣י,3,True,,
13002050,4,,Söhne,בְּנֵ֣י,3,False,,
13002050,5,,Kalebs,כָלֵ֔ב,4,False,,
13002050,6,,Die,בֶּן־,5,False,,
13002050,7,,Söhne,בֶּן־,5,False,,
13002050,8,,Hurs,ח֖וּר,6,False,,
13002050,9,,des,בְּכ֣וֹר,7,False,,
13002050,10,,Erstgeborenen,בְּכ֣וֹר,7,False,,
13002050,11,,der,אֶפְרָ֑תָה,8,True,,
13002050,12,,Ephratha,אֶפְרָ֑תָה,8,False,,
13002050,13,,Schobal,שׁוֹבָ֕ל,9,False,,
13002050,14,,der,אֲבִ֖י,10,True,,
13002050,15,,Vater,אֲבִ֖י,10,False,,
13002050,16,,von,קִרְיַ֥ת,11,False,,
13002050,17,,Kirjath-Jearim,קִרְיַ֥ת,11,True,,
13002050,17,,Kirjath-Jearim,יְעָרִֽים׃,12,False,,
13002051,1,,Salma,שַׂלְמָא֙,1,False,,
13002051,2,,der,אֲבִ֣י,2,True,,
13002051,3,,Vater,אֲבִ֣י,2,False,,
13002051,4,,von,בֵֽית־,3,False,,
13002051,5,,Bethlehem,בֵֽית־,3,True,,
13002051,5,,Bethlehem,לָ֔חֶם,4,False,,
13002051,6,,Hareph,חָרֵ֖ף,5,False,,
13002051,7,,der,אֲבִ֥י,6,True,,
13002051,8,,Vater,אֲבִ֥י,6,False,,
13002051,9,,von,בֵית־,7,False,,
13002051,10,,Beth-Gader,בֵית־,7,True,,
13002051,10,,Beth-Gader,גָּדֵֽר׃,8,False,,
13002052,1,,Und,וַיִּהְי֤וּ,1,False,,
13002052,2,,Schobal,לְשׁוֹבָ֔ל,3,False,,
13002052,3,,der,אֲבִ֖י,4,True,,
13002052,4,,Vater,אֲבִ֖י,4,False,,
13002052,5,,von,קִרְיַ֣ת,5,False,,
13002052,6,,Kirjath-Jearim,קִרְיַ֣ת,5,True,,
13002052,6,,Kirjath-Jearim,יְעָרִ֑ים,6,False,,
13002052,7,,hatte,וַיִּהְי֤וּ,1,False,,
13002052,8,,Söhne,בָנִים֙,2,False,,
13002052,9,,Haroeh,הָרֹאֶ֖ה,7,False,,
13002052,10,,Hazi-Hammenuchoth,חֲצִ֥י,8,True,,
13002052,10,,Hazi-Hammenuchoth,הַמְּנֻחֽוֹת׃,9,False,,
13002053,1,,und,וּמִשְׁפְּחוֹת֙,1,False,,
13002053,2,,die,וּמִשְׁפְּחוֹת֙,1,True,,
13002053,3,,Geschlechter,וּמִשְׁפְּחוֹת֙,1,False,,
13002053,4,,von,קִרְיַ֣ת,2,False,,
13002053,5,,Kirjath-Jearim,קִרְיַ֣ת,2,True,,
13002053,5,,Kirjath-Jearim,יְעָרִ֔ים,3,False,,
13002053,6,,waren,יָצְאוּ֙,9,False,,
13002053,7,,die,הַיִּתְרִי֙,4,True,,
13002053,8,,Jithriter,הַיִּתְרִי֙,4,False,,
13002053,9,,und,וְהַפּוּתִ֔י,5,False,,
13002053,10,,die,וְהַפּוּתִ֔י,5,True,,
13002053,11,,Puthiter,וְהַפּוּתִ֔י,5,False,,
13002053,12,,und,וְהַשֻּׁמָתִ֖י,6,False,,
13002053,13,,die,וְהַשֻּׁמָתִ֖י,6,True,,
13002053,14,,Schumathiter,וְהַשֻּׁמָתִ֖י,6,False,,
13002053,15,,und,וְהַמִּשְׁרָעִ֑י,7,False,,
13002053,16,,die,וְהַמִּשְׁרָעִ֑י,7,True,,
13002053,17,,Mischraiter,וְהַמִּשְׁרָעִ֑י,7,False,,
13002053,18,,von,מֵאֵ֗לֶּה,8,False,,
13002053,19,,diesen,מֵאֵ֗לֶּה,8,False,,
13002053,20,,sind,יָצְאוּ֙,9,False,,
13002053,21,,ausgegangen,יָצְאוּ֙,9,False,,
13002053,22,,die,הַצָּ֣רְעָתִ֔י,10,True,,
13002053,23,,Zorathiter,הַצָּ֣רְעָתִ֔י,10,False,,
13002053,24,,und,וְהָאֶשְׁתָּ֖אֻֽלִֽי׃ ס,11,False,,
13002053,25,,die,וְהָאֶשְׁתָּ֖אֻֽלִֽי׃ ס,11,True,,
13002053,26,,Estauliter,וְהָאֶשְׁתָּ֖אֻֽלִֽי׃ ס,11,False,,
13002053,27,,,וְהָאֶשְׁתָּ֖אֻֽלִֽי׃ ס,11,True,,
13002054,1,,Die,בְּנֵ֣י,1,False,,
13002054,2,,Söhne,בְּנֵ֣י,1,False,,
13002054,3,,Salmas,שַׂלְמָ֗א,2,False,,
13002054,4,,Bethlehem,בֵּ֥ית,3,True,,
13002054,4,,Bethlehem,לֶ֙חֶם֙,4,False,,
13002054,5,,und,וּנְט֣וֹפָתִ֔י,5,False,,
13002054,6,,die,וּנְט֣וֹפָתִ֔י,5,True,,
13002054,7,,Netophathiter,וּנְט֣וֹפָתִ֔י,5,False,,
13002054,8,,Ateroth-Beth-Joab,עַטְר֖וֹת,6,False,,
13002054,9,,und,וַחֲצִ֥י,9,False,,
13002054,10,,Hazi-Hammanachti,וַחֲצִ֥י,9,True,,
13002054,10,,Hazi-Hammanachti,הַמָּנַחְתִּ֖י,10,False,,
13002054,11,,die,הַצָּרְעִֽי׃,11,True,,
13002054,12,,Zoriter,הַצָּרְעִֽי׃,11,False,,
13002055,1,,und,וּמִשְׁפְּח֤וֹת,1,False,,
13002055,2,,die,וּמִשְׁפְּח֤וֹת,1,True,,
13002055,3,,Geschlechter,וּמִשְׁפְּח֤וֹת,1,False,,
13002055,4,,der,סֹפְרִים֙,2,True,,
13002055,5,,Schreiber,סֹפְרִים֙,2,False,,
13002055,6,,welche,יֹשְׁבֵ֣י,3,False,,
13002055,7,,Jabez,יַעְבֵּ֔ץ,4,False,,
13002055,8,,bewohnten,יֹשְׁבֵ֣י,3,False,,
13002055,9,,die,תִּרְעָתִ֥ים,5,True,,
13002055,10,,Tirathiter,תִּרְעָתִ֥ים,5,False,,
13002055,11,,die,שִׁמְעָתִ֖ים,6,True,,
13002055,12,,Schimathiter,שִׁמְעָתִ֖ים,6,False,,
13002055,13,,die,שׂוּכָתִ֑ים,7,True,,
13002055,14,,Sukathiter,שׂוּכָתִ֑ים,7,False,,
13002055,15,,Das,הֵ֚מָּה,8,False,,
13002055,16,,sind,הֵ֚מָּה,8,False,,
13002055,17,,die,הַקִּינִ֣ים,9,True,,
13002055,18,,Keniter,הַקִּינִ֣ים,9,False,,
13002055,19,,die,הַבָּאִ֔ים,10,True,,
13002055,20,,von,מֵחַמַּ֖ת,11,False,,
13002055,21,,Hammath,מֵחַמַּ֖ת,11,False,,
13002055,22,,dem,אֲבִ֥י,12,True,,
13002055,23,,Vater,אֲבִ֥י,12,False,,
13002055,24,,des,בֵית־,13,True,,
13002055,25,,Hauses,בֵית־,13,False,,
13002055,26,,Rekab,רֵכָֽב׃ ס,14,False,,
13002055,27,,herkommen,הַבָּאִ֔ים,10,False,,
13003001,1,,Und,וְאֵ֤לֶּה,1,False,,
13003001,2,,dies,וְאֵ֤לֶּה,1,False,,
13003001,3,,waren,הָיוּ֙,2,False,,
13003001,4,,die,בְּנֵ֣י,3,True,,
13003001,5,,Söhne,בְּנֵ֣י,3,False,,
13003001,6,,Davids,דָויִ֔ד,4,False,,
13003001,7,,die,אֲשֶׁ֥ר,5,True,,
13003001,8,,ihm,ל֖וֹ,7,False,,
13003001,9,,in,בְּחֶבְר֑וֹן,8,False,,
13003001,10,,Hebron,בְּחֶבְר֑וֹן,8,False,,
13003001,11,,geboren,נֽוֹלַד־,6,False,,
13003001,12,,wurden,נֽוֹלַד־,6,False,,
13003001,13,,Der,הַבְּכ֣וֹר׀,9,True,,
13003001,14,,erstgeborene,הַבְּכ֣וֹר׀,9,False,,
13003001,15,,Ammon,אַמְנֹ֗ן,10,False,,
13003001,16,,von,לַאֲחִינֹ֙עַם֙,11,False,,
13003001,17,,Achinoam,לַאֲחִינֹ֙עַם֙,11,False,,
13003001,18,,der,הַיִּזְרְעֵאלִ֔ית,12,True,,
13003001,19,,Jisreelitin,הַיִּזְרְעֵאלִ֔ית,12,False,,
13003001,20,,der,שֵׁנִי֙,13,True,,
13003001,21,,zweite,שֵׁנִי֙,13,False,,
13003001,22,,Daniel,דָּנִיֵּ֔אל,14,False,,
13003001,23,,von,לַאֲבִיגַ֖יִל,15,False,,
13003001,24,,Abigail,לַאֲבִיגַ֖יִל,15,False,,
13003001,25,,der,הַֽכַּרְמְלִֽית׃,16,True,,
13003001,26,,Karmelitin,הַֽכַּרְמְלִֽית׃,16,False,,
13003002,1,,der,הַשְּׁלִשִׁי֙,1,True,,
13003002,2,,dritte,הַשְּׁלִשִׁי֙,1,False,,
13003002,3,,Absalom,לְאַבְשָׁל֣וֹם,2,False,,
13003002,4,,der,בֶּֽן־,3,True,,
13003002,5,,Sohn,בֶּֽן־,3,False,,
13003002,6,,Maakas,מַעֲכָ֔ה,4,False,,
13003002,7,,der,בַּת־,5,True,,
13003002,8,,Tochter,בַּת־,5,False,,
13003002,9,,Talmais,תַּלְמַ֖י,6,False,,
13003002,10,,des,מֶ֣לֶךְ,7,True,,
13003002,11,,Königs,מֶ֣לֶךְ,7,False,,
13003002,12,,von,גְּשׁ֑וּר,8,False,,
13003002,13,,Gesur,גְּשׁ֑וּר,8,False,,
13003002,14,,der,הָרְבִיעִ֖י,9,True,,
13003002,15,,vierte,הָרְבִיעִ֖י,9,False,,
13003002,16,,Adonija,אֲדֹנִיָּ֥ה,10,False,,
13003002,17,,der,בֶן־,11,True,,
13003002,18,,Sohn,בֶן־,11,False,,
13003002,19,,Haggiths,חַגִּֽית׃,12,False,,
13003003,1,,der,הַחֲמִישִׁ֥י,1,True,,
13003003,2,,fünfte,הַחֲמִישִׁ֥י,1,False,,
13003003,3,,Schephatja,שְׁפַטְיָ֖ה,2,False,,
13003003,4,,von,לַאֲבִיטָ֑ל,3,False,,
13003003,5,,Abital,לַאֲבִיטָ֑ל,3,False,,
13003003,6,,der,הַשִּׁשִּׁ֥י,4,True,,
13003003,7,,sechste,הַשִּׁשִּׁ֥י,4,False,,
13003003,8,,Jithream,יִתְרְעָ֖ם,5,False,,
13003003,9,,von,לְעֶגְלָ֥ה,6,False,,
13003003,10,,seinem,אִשְׁתּֽוֹ׃,7,True,,
13003003,11,,Weibe,אִשְׁתּֽוֹ׃,7,False,,
13003003,12,,Egla,לְעֶגְלָ֥ה,6,False,,
13003004,1,,Sechs,שִׁשָּׁה֙,1,False,,
13003004,2,,wurden,נֽוֹלַד־,2,False,,
13003004,3,,ihm,ל֣וֹ,3,False,,
13003004,4,,in,בְחֶבְר֔וֹן,4,False,,
13003004,5,,Hebron,בְחֶבְר֔וֹן,4,False,,
13003004,6,,geboren,נֽוֹלַד־,2,False,,
13003004,7,,Und,וַיִּ֨מְלָךְ־,5,False,,
13003004,8,,er,וַיִּ֨מְלָךְ־,5,False,,
13003004,9,,regierte,וַיִּ֨מְלָךְ־,5,False,,
13003004,10,,daselbst,שָׁ֔ם,6,False,,
13003004,11,,sieben,שֶׁ֥בַע,7,False,,
13003004,12,,Jahre,שָׁנִ֖ים,8,False,,
13003004,13,,und,וְשִׁשָּׁ֣ה,9,False,,
13003004,14,,sechs,וְשִׁשָּׁ֣ה,9,False,,
13003004,15,,Monate,חֳדָשִׁ֑ים,10,False,,
13003004,16,,und,וּשְׁלֹשִׁ֤ים,11,False,,
13003004,17,,33,וּשְׁלֹשִׁ֤ים,11,False,,
13003004,17,,33,וְשָׁלוֹשׁ֙,12,False,,
13003004,18,,Jahre,שָׁנָ֔ה,13,False,,
13003004,19,,regierte,מָלַ֖ךְ,14,False,,
13003004,20,,er,מָלַ֖ךְ,14,False,,
13003004,21,,zu,בִּירוּשָׁלִָֽם׃ ס,15,False,,
13003004,22,,Jerusalem,בִּירוּשָׁלִָֽם׃ ס,15,False,,
13003005,1,,Und,וְאֵ֥לֶּה,1,False,,
13003005,2,,diese,וְאֵ֥לֶּה,1,False,,
13003005,3,,wurden,נוּלְּדוּ־,2,False,,
13003005,4,,ihm,ל֖וֹ,3,False,,
13003005,5,,in,בִּירוּשָׁלָ֑יִם,4,False,,
13003005,6,,Jerusalem,בִּירוּשָׁלָ֑יִם,4,False,,
13003005,7,,geboren,נוּלְּדוּ־,2,False,,
13003005,8,,Schimea,שִׁ֠מְעָא,5,False,,
13003005,9,,und,וְשׁוֹבָ֞ב,6,False,,
13003005,10,,Schobab,וְשׁוֹבָ֞ב,6,False,,
13003005,11,,und,וְנָתָ֤ן,7,False,,
13003005,12,,Nathan,וְנָתָ֤ן,7,False,,
13003005,13,,und,וּשְׁלֹמֹה֙,8,False,,
13003005,14,,Salomo,וּשְׁלֹמֹה֙,8,False,,
13003005,15,,vier,אַרְבָּעָ֔ה,9,False,,
13003005,16,,von,לְבַת־,10,False,,
13003005,17,,Bathschua,לְבַת־,10,False,,
13003005,17,,Bathschua,שׁ֖וּעַ,11,False,,
13003005,18,,der,בַּת־,12,True,,
13003005,19,,Tochter,בַּת־,12,False,,
13003005,20,,Ammiels,עַמִּיאֵֽל׃,13,False,,
13003006,1,,und,וְיִבְחָ֥ר,1,False,,
13003006,2,,Jibchar,וְיִבְחָ֥ר,1,False,,
13003006,3,,und,וֶאֱלִישָׁמָ֖ע,2,False,,
13003006,4,,Elischama,וֶאֱלִישָׁמָ֖ע,2,False,,
13003006,5,,und,וֶאֱלִיפָֽלֶט׃,3,False,,
13003006,6,,Eliphelet,וֶאֱלִיפָֽלֶט׃,3,False,,
13003007,1,,und,וְנֹ֥גַהּ,1,False,,
13003007,2,,Nogah,וְנֹ֥גַהּ,1,False,,
13003007,3,,und,וְנֶ֖פֶג,2,False,,
13003007,4,,Nepheg,וְנֶ֖פֶג,2,False,,
13003007,5,,und,וְיָפִֽיעַ׃,3,False,,
13003007,6,,Japhia,וְיָפִֽיעַ׃,3,False,,
13003008,1,,und,וֶאֱלִישָׁמָ֧ע,1,False,,
13003008,2,,Elischama,וֶאֱלִישָׁמָ֧ע,1,False,,
13003008,3,,und,וְאֶלְיָדָ֛ע,2,False,,
13003008,4,,Eljada,וְאֶלְיָדָ֛ע,2,False,,
13003008,5,,und,וֶאֱלִיפֶ֖לֶט,3,False,,
13003008,6,,Eliphelet,וֶאֱלִיפֶ֖לֶט,3,False,,
13003008,7,,neun,תִּשְׁעָֽה׃,4,False,,
13003009,1,,alles,כֹּ֖ל,1,False,,
13003009,2,,Söhne,בְּנֵ֣י,2,False,,
13003009,3,,Davids,דָוִ֑יד,3,False,,
13003009,4,,außer,מִלְּבַ֥ד,4,False,,
13003009,5,,den,בְּֽנֵי־,5,True,,
13003009,6,,Söhnen,בְּֽנֵי־,5,False,,
13003009,7,,der,פִֽילַגְשִׁ֖ים,6,True,,
13003009,8,,Kebsweiber,פִֽילַגְשִׁ֖ים,6,False,,
13003009,9,,und,וְתָמָ֥ר,7,False,,
13003009,10,,Tamar,וְתָמָ֥ר,7,False,,
13003009,11,,war,אֲחוֹתָֽם׃ פ,8,True,,
13003009,12,,ihre,אֲחוֹתָֽם׃ פ,8,False,,
13003009,13,,Schwester,אֲחוֹתָֽם׃ פ,8,False,,
13003010,1,,Und,וּבֶן־,1,False,,
13003010,2,,der,וּבֶן־,1,True,,
13003010,3,,Sohn,וּבֶן־,1,False,,
13003010,4,,Salomos,שְׁלֹמֹ֖ה,2,False,,
13003010,5,,war,רְחַבְעָ֑ם,3,True,,
13003010,6,,Rehabeam,רְחַבְעָ֑ם,3,False,,
13003010,7,,dessen,בְנ֛וֹ,5,False,,
13003010,8,,Sohn,בְנ֛וֹ,5,False,,
13003010,9,,Abija,אֲבִיָּ֥ה,4,False,,
13003010,10,,dessen,בְנ֖וֹ,7,False,,
13003010,11,,Sohn,בְנ֖וֹ,7,False,,
13003010,12,,Asa,אָסָ֥א,6,False,,
13003010,13,,dessen,בְּנֽוֹ׃,9,False,,
13003010,14,,Sohn,בְּנֽוֹ׃,9,False,,
13003010,15,,Josaphat,יְהוֹשָׁפָ֥ט,8,False,,
13003011,1,,dessen,בְּנ֛וֹ,2,False,,
13003011,2,,Sohn,בְּנ֛וֹ,2,False,,
13003011,3,,Joram,יוֹרָ֥ם,1,False,,
13003011,4,,dessen,בְנ֖וֹ,4,False,,
13003011,5,,Sohn,בְנ֖וֹ,4,False,,
13003011,6,,Ahasja,אֲחַזְיָ֥הוּ,3,False,,
13003011,7,,dessen,בְּנֽוֹ׃,6,False,,
13003011,8,,Sohn,בְּנֽוֹ׃,6,False,,
13003011,9,,Joas,יוֹאָ֥שׁ,5,False,,
13003012,1,,dessen,בְנ֛וֹ,2,False,,
13003012,2,,Sohn,בְנ֛וֹ,2,False,,
13003012,3,,Amazja,אֲמַצְיָ֧הוּ,1,False,,
13003012,4,,dessen,בְנ֖וֹ,4,False,,
13003012,5,,Sohn,בְנ֖וֹ,4,False,,
13003012,6,,Asarja,עֲזַרְיָ֥ה,3,False,,
13003012,7,,dessen,בְּנֽוֹ׃,6,False,,
13003012,8,,Sohn,בְּנֽוֹ׃,6,False,,
13003012,9,,Jotham,יוֹתָ֥ם,5,False,,
13003013,1,,dessen,בְּנ֛וֹ,2,False,,
13003013,2,,Sohn,בְּנ֛וֹ,2,False,,
13003013,3,,Ahas,אָחָ֥ז,1,False,,
13003013,4,,dessen,בְנ֖וֹ,4,False,,
13003013,5,,Sohn,בְנ֖וֹ,4,False,,
13003013,6,,Hiskia,חִזְקִיָּ֥הוּ,3,False,,
13003013,7,,dessen,בְנֽוֹ׃,6,False,,
13003013,8,,Sohn,בְנֽוֹ׃,6,False,,
13003013,9,,Manasse,מְנַשֶּׁ֥ה,5,False,,
13003014,1,,dessen,,,True,2,Sohn
13003014,2,,Sohn,בְּנ֖וֹ,2,False,,
13003014,3,,Amon,אָמ֥וֹן,1,False,,
13003014,4,,dessen,,,True,5,Sohn
13003014,5,,Sohn,בְנֽוֹ׃,4,False,,
13003014,6,,Josia,יֹאשִׁיָּ֥הוּ,3,False,,
13003015,1,,Und,וּבְנֵי֙,1,False,,
13003015,2,,die,,,True,3,Söhne
13003015,3,,Söhne,וּבְנֵי֙,1,False,,
13003015,4,,Josias,יֹאשִׁיָּ֔הוּ,2,False,,
13003015,5,,Der,,,True,6,erstgeborene
13003015,6,,erstgeborene,הַבְּכוֹר֙,3,False,,
13003015,7,,Jochanan,יוֹחָנָ֔ן,4,False,,
13003015,8,,der,,,True,9,zweite
13003015,9,,zweite,הַשֵּׁנִ֖י,5,False,,
13003015,10,,Jojakim,יְהוֹיָקִ֑ים,6,False,,
13003015,11,,der,,,True,12,dritte
13003015,12,,dritte,הַשְּׁלִשִׁי֙,7,False,,
13003015,13,,Zedekia,צִדְקִיָּ֔הוּ,8,False,,
13003015,14,,der,,,True,15,vierte
13003015,15,,vierte,הָרְבִיעִ֖י,9,False,,
13003015,16,,Schallum,שַׁלּֽוּם׃,10,False,,
13003016,1,,Und,וּבְנֵ֖י,1,False,,
13003016,2,,die,,,True,3,Söhne
13003016,3,,Söhne,וּבְנֵ֖י,1,False,,
13003016,4,,Jojakims,יְהוֹיָקִ֑ים,2,False,,
13003016,5,,dessen,,,True,6,Sohn
13003016,6,,Sohn,בְנ֖וֹ,4,False,,
13003016,7,,Jekonja,יְכָנְיָ֥ה,3,False,,
13003016,8,,dessen,,,True,9,Sohn
13003016,9,,Sohn,בְנֽוֹ׃,6,False,,
13003016,10,,Zedekia,צִדְקִיָּ֥ה,5,False,,
13003017,1,,Und,וּבְנֵי֙,1,False,,
13003017,2,,die,,,True,3,Söhne
13003017,3,,Söhne,וּבְנֵי֙,1,False,,
13003017,4,,Jekonjas,יְכָנְיָ֣ה,2,False,,
13003017,5,,Assir,אַסִּ֔ר,3,False,,
13003017,6,,dessen,,,True,7,Sohn
13003017,7,,Sohn,בְּנֽוֹ׃,5,False,,
13003017,8,,Schealtiel,שְׁאַלְתִּיאֵ֖ל,4,False,,
13003018,1,,und,,,True,2,Malkiram
13003018,2,,Malkiram,וּמַלְכִּירָ֥ם,1,False,,
13003018,3,,und,,,True,4,Pedaja
13003018,4,,Pedaja,וּפְדָיָ֖ה,2,False,,
13003018,5,,und,,,True,6,Schenazar
13003018,6,,Schenazar,וְשֶׁנְאַצַּ֑ר,3,False,,
13003018,7,,Jekamja,יְקַמְיָ֥ה,4,False,,
13003018,8,,Hoschama,הוֹשָׁמָ֖ע,5,False,,
13003018,9,,und,,,True,10,Nebadja
13003018,10,,Nebadja,וּנְדַבְיָֽה׃,6,False,,
13003019,1,,Und,וּבְנֵ֣י,1,False,,
13003019,2,,die,וּבְנֵ֣י,1,True,,
13003019,2,,die,,,True,3,Söhne
13003019,3,,Söhne,וּבְנֵ֣י,1,False,,
13003019,4,,Pedajas,פְדָיָ֔ה,2,False,,
13003019,5,,Serubbabel,זְרֻבָּבֶ֖ל,3,False,,
13003019,6,,und,וְשִׁמְעִ֑י,4,False,,
13003019,6,,und,,,True,7,Simei
13003019,7,,Simei,וְשִׁמְעִ֑י,4,False,,
13003019,8,,Und,וּבֶן־,5,False,,
13003019,9,,die,וּבֶן־,5,True,,
13003019,9,,die,,,True,10,Söhne
13003019,10,,Söhne,וּבֶן־,5,False,,
13003019,11,,Serubbabels,זְרֻבָּבֶל֙,6,False,,
13003019,12,,Meschullam,מְשֻׁלָּ֣ם,7,False,,
13003019,13,,und,וַחֲנַנְיָ֔ה,8,False,,
13003019,13,,und,,,True,12,Meschullam
13003019,14,,Hananja,וַחֲנַנְיָ֔ה,8,False,,
13003019,15,,und,וּשְׁלֹמִ֖ית,9,False,,
13003019,15,,und,,,True,14,Hananja
13003019,16,,Schelomith,וּשְׁלֹמִ֖ית,9,False,,
13003019,17,,war,אֲחוֹתָֽם׃,10,False,,
13003019,17,,war,,,True,18,ihre
13003019,18,,ihre,אֲחוֹתָֽם׃,10,False,,
13003019,19,,Schwester,אֲחוֹתָֽם׃,10,False,,
13003020,1,,und,,,False,,
13003020,2,,Haschuba,וַחֲשֻׁבָ֡ה,1,False,,
13003020,3,,und,וָ֠אֹהֶל,2,False,,
13003020,4,,Ohel,,,True,4,Ohel
13003020,5,,und,וּבֶרֶכְיָ֧ה,3,False,,
13003020,6,,Berekja,,,True,6,Berekja
13003020,7,,und,וַֽחֲסַדְיָ֛ה,4,False,,
13003020,8,,Hasadja,,,True,8,Hasadja
13003020,9,,Juschab-Hesed,י֥וּשַׁב,5,False,,
13003020,9,,Juschab-Hesed,חֶ֖סֶד,6,False,,
13003020,10,,fünf,חָמֵֽשׁ׃,7,False,,
13003021,1,,Und,,,True,1,Und
13003021,2,,die,וּבֶן־,1,True,,
13003021,3,,Söhne,וּבֶן־,1,False,,
13003021,4,,Hananjas,חֲנַנְיָ֖ה,2,False,,
13003021,5,,Pelatja,פְּלַטְיָ֣ה,3,False,,
13003021,6,,und,וִישַֽׁעְיָ֑ה,4,False,,
13003021,7,,Jesaja,וִישַֽׁעְיָ֑ה,4,False,,
13003021,8,,die,בְּנֵ֤י,5,True,,
13003021,9,,Söhne,בְּנֵ֤י,5,False,,
13003021,10,,Rephajas,רְפָיָה֙,6,False,,
13003021,11,,die,בְּנֵ֣י,7,True,,
13003021,12,,Söhne,בְּנֵ֣י,7,False,,
13003021,13,,Arnans,אַרְנָ֔ן,8,False,,
13003021,14,,die,בְּנֵ֥י,9,True,,
13003021,15,,Söhne,בְּנֵ֥י,9,False,,
13003021,16,,Obadjas,עֹבַדְיָ֖ה,10,False,,
13003021,17,,die,בְּנֵ֥י,11,True,,
13003021,18,,Söhne,בְּנֵ֥י,11,False,,
13003021,19,,Schekanjas,שְׁכַנְיָֽה׃ ס,12,False,,
13003022,1,,Und,,,True,1,Und
13003022,2,,die,וּבְנֵ֥י,1,True,,
13003022,3,,Söhne,וּבְנֵ֥י,1,False,,
13003022,4,,Schekanjas,שְׁכַנְיָ֖ה,2,False,,
13003022,5,,Schemaja,שְׁמַעְיָ֑ה,3,False,,
13003022,6,,Und,,,True,6,Und
13003022,7,,die,וּבְנֵ֣י,4,True,,
13003022,8,,Söhne,וּבְנֵ֣י,4,False,,
13003022,9,,Schemajas,שְׁמַעְיָ֗ה,5,False,,
13003022,10,,Hattusch,חַטּ֡וּשׁ,6,False,,
13003022,11,,und,וְ֠יִגְאָל,7,False,,
13003022,12,,Jigeal,וְ֠יִגְאָל,7,False,,
13003022,13,,und,וּבָרִ֧יחַ,8,False,,
13003022,14,,Bariach,וּבָרִ֧יחַ,8,False,,
13003022,15,,und,וּנְעַרְיָ֛ה,9,False,,
13003022,16,,Nearja,וּנְעַרְיָ֛ה,9,False,,
13003022,17,,und,וְשָׁפָ֖ט,10,False,,
13003022,18,,Schaphath…,וְשָׁפָ֖ט,10,False,,
13003022,19,,sechs,שִׁשָּֽׁה׃,11,False,,
13003023,1,,Und,,,True,1,Und
13003023,2,,die,וּבֶן־,1,True,,
13003023,3,,Söhne,וּבֶן־,1,False,,
13003023,4,,Nearjas,נְעַרְיָ֗ה,2,False,,
13003023,5,,Eljoenai,אֶלְיוֹעֵינַ֧י,3,False,,
13003023,6,,und,וְחִזְקִיָּ֛ה,4,False,,
13003023,7,,Hiskia,וְחִזְקִיָּ֛ה,4,False,,
13003023,8,,und,וְעַזְרִיקָ֖ם,5,False,,
13003023,9,,Asrikam,וְעַזְרִיקָ֖ם,5,False,,
13003023,10,,drei,שְׁלֹשָֽׁה׃,6,False,,
13003024,1,,Und,,,True,1,Und
13003024,2,,die,וּבְנֵ֣י,1,True,,
13003024,3,,Söhne,וּבְנֵ֣י,1,False,,
13003024,4,,Eljoenais,אֶלְיוֹעֵינַ֗י,2,False,,
13003024,5,,Hodajewa,הוֹדַוְיָ֡הוּ,3,False,,
13003024,6,,und,וְאֶלְיָשִׁ֡יב,4,False,,
13003024,7,,Eljaschib,וְאֶלְיָשִׁ֡יב,4,False,,
13003024,8,,und,וּפְלָיָ֡ה,5,False,,
13003024,9,,Pelaja,וּפְלָיָ֡ה,5,False,,
13003024,10,,und,וְ֠עַקּוּב,6,False,,
13003024,11,,Akkub,וְ֠עַקּוּב,6,False,,
13003024,12,,und,וְיוֹחָנָ֧ן,7,False,,
13003024,13,,Jochanan,וְיוֹחָנָ֧ן,7,False,,
13003024,14,,und,וּדְלָיָ֛ה,8,False,,
13003024,15,,Delaja,וּדְלָיָ֛ה,8,False,,
13003024,16,,und,וַעֲנָ֖נִי,9,False,,
13003024,17,,Anani,וַעֲנָ֖נִי,9,False,,
13003024,18,,sieben,שִׁבְעָֽה׃ ס,10,False,,
13004001,1,,Die,בְּנֵ֖י,1,True,,
13004001,2,,Söhne,בְּנֵ֖י,1,False,,
13004001,3,,Judas,יְהוּדָ֑ה,2,False,,
13004001,4,,Perez,פֶּ֧רֶץ,3,False,,
13004001,5,,Hezron,חֶצְר֛וֹן,4,False,,
13004001,6,,und,וְכַרְמִ֖י,5,False,,
13004001,7,,Karmi,וְכַרְמִ֖י,5,False,,
13004001,8,,und,וְח֥וּר,6,False,,
13004001,9,,Hur,וְח֥וּר,6,False,,
13004001,10,,und,וְשׁוֹבָֽל׃,7,False,,
13004001,11,,Schobal,וְשׁוֹבָֽל׃,7,False,,
13004002,1,,Und,וּרְאָיָ֤ה,1,False,,
13004002,2,,Reaja,וּרְאָיָ֤ה,1,False,,
13004002,3,,der,בֶן־,2,True,,
13004002,4,,Sohn,בֶן־,2,False,,
13004002,5,,Schobals,שׁוֹבָל֙,3,False,,
13004002,6,,zeugte,הוֹלִ֣יד,4,False,,
13004002,7,,Jachath,אֶת־,5,False,,
13004002,7,,Jachath,יַ֔חַת,6,False,,
13004002,8,,und,וְיַ֣חַת,7,False,,
13004002,9,,Jachath,וְיַ֣חַת,7,False,,
13004002,10,,zeugte,הֹלִ֔יד,8,False,,
13004002,11,,Achumai,אֶת־,9,False,,
13004002,11,,Achumai,אֲחוּמַ֖י,10,False,,
13004002,12,,und,וְאֶת־,11,False,,
13004002,13,,Lahad,לָ֑הַד,12,False,,
13004002,14,,Das,אֵ֖לֶּה,13,False,,
13004002,15,,sind,אֵ֖לֶּה,13,False,,
13004002,16,,die,מִשְׁפְּח֥וֹת,14,True,,
13004002,17,,Geschlechter,מִשְׁפְּח֥וֹת,14,False,,
13004002,18,,der,הַצָּֽרְעָתִֽי׃ ס,15,True,,
13004002,19,,Zorathiter,הַצָּֽרְעָתִֽי׃ ס,15,False,,
13004002,20,,,,,True,20,
13004003,1,,Und,וְאֵ֙לֶּה֙,1,False,,
13004003,2,,diese,וְאֵ֙לֶּה֙,1,False,,
13004003,3,,sind,,,True,3,sind
13004003,4,,von,אֲבִ֣י,2,False,,
13004003,5,,dem,אֲבִ֣י,2,False,,
13004003,6,,Vater,אֲבִ֣י,2,False,,
13004003,7,,Etams,עֵיטָ֔ם,3,False,,
13004003,8,,Jisreel,יִזְרְעֶ֥אל,4,False,,
13004003,9,,und,וְיִשְׁמָ֖א,5,False,,
13004003,10,,Jischma,וְיִשְׁמָ֖א,5,False,,
13004003,11,,und,וְיִדְבָּ֑שׁ,6,False,,
13004003,12,,Jidbasch,וְיִדְבָּ֑שׁ,6,False,,
13004003,13,,und,וְשֵׁ֥ם,7,False,,
13004003,14,,der,וְשֵׁ֥ם,7,True,,
13004003,15,,Name,וְשֵׁ֥ם,7,False,,
13004003,16,,ihrer,אֲחוֹתָ֖ם,8,False,,
13004003,17,,Schwester,אֲחוֹתָ֖ם,8,False,,
13004003,18,,Hazlelponi,הַצְלֶלְפּֽוֹנִי׃,9,False,,
13004004,1,,und,וּפְנוּאֵל֙,1,False,,
13004004,2,,Pnuel,וּפְנוּאֵל֙,1,False,,
13004004,3,,der,אֲבִ֣י,2,False,,
13004004,4,,Vater,אֲבִ֣י,2,False,,
13004004,5,,Gedors,גְדֹ֔ר,3,False,,
13004004,6,,und,וְעֵ֖זֶר,4,False,,
13004004,7,,Eser,וְעֵ֖זֶר,4,False,,
13004004,8,,der,אֲבִ֣י,5,False,,
13004004,9,,Vater,אֲבִ֣י,5,False,,
13004004,10,,Huschas,חוּשָׁ֑ה,6,False,,
13004004,11,,Das,אֵ֤לֶּה,7,False,,
13004004,12,,sind,אֵ֤לֶּה,7,False,,
13004004,13,,die,בְנֵי־,8,True,,
13004004,14,,Söhne,בְנֵי־,8,False,,
13004004,15,,Hurs,חוּר֙,9,False,,
13004004,16,,des,בְּכ֣וֹר,10,False,,
13004004,17,,Erstgeborenen,בְּכ֣וֹר,10,False,,
13004004,18,,der,אֶפְרָ֔תָה,11,True,,
13004004,19,,Ephratha,אֶפְרָ֔תָה,11,False,,
13004004,20,,des,אֲבִ֖י,12,True,,
13004004,21,,Vaters,אֲבִ֖י,12,False,,
13004004,22,,von,בֵּ֥ית,13,False,,
13004004,23,,Bethlehem,לָֽחֶם׃,14,False,,
13004004,24,,,,,True,24,
13004005,1,,Und,וּלְאַשְׁחוּר֙,1,False,,
13004005,2,,Aschhur,וּלְאַשְׁחוּר֙,1,False,,
13004005,3,,der,אֲבִ֣י,2,False,,
13004005,4,,Vater,אֲבִ֣י,2,False,,
13004005,5,,Tekoas,תְק֔וֹעַ,3,False,,
13004005,6,,hatte,הָי֖וּ,4,False,,
13004005,7,,zwei,שְׁתֵּ֣י,5,False,,
13004005,8,,Weiber,נָשִׁ֑ים,6,False,,
13004005,9,,Helea,חֶלְאָ֖ה,7,False,,
13004005,10,,und,וְנַעֲרָֽה׃,8,False,,
13004005,11,,Naara,וְנַעֲרָֽה׃,8,False,,
13004006,1,,Und,וַתֵּ֨לֶד,1,False,,
13004006,2,,Naara,נַעֲרָה֙,3,False,,
13004006,3,,gebar,וַתֵּ֨לֶד,1,False,,
13004006,4,,ihm,ל֤וֹ,2,False,,
13004006,5,,Achussam,אֶת־,4,False,,
13004006,5,,Achussam,אֲחֻזָּ֣ם,5,False,,
13004006,6,,und,וְאֶת־,6,False,,
13004006,7,,Hepher,חֵ֔פֶר,7,False,,
13004006,8,,und,וְאֶת־,8,False,,
13004006,9,,Temni,תֵּימְנִ֖י,9,False,,
13004006,10,,und,וְאֶת־,10,False,,
13004006,11,,Achaschtari,הָאֲחַשְׁתָּרִ֑י,11,False,,
13004006,12,,Das,אֵ֖לֶּה,12,False,,
13004006,13,,sind,אֵ֖לֶּה,12,False,,
13004006,14,,die,בְּנֵ֥י,13,True,,
13004006,15,,Söhne,בְּנֵ֥י,13,False,,
13004006,16,,der,נַעֲרָֽה׃,14,True,,
13004006,17,,Naara,נַעֲרָֽה׃,14,False,,
13004007,1,,Und,וּבְנֵ֖י,1,False,,
13004007,2,,die,וּבְנֵ֖י,1,True,,
13004007,3,,Söhne,וּבְנֵ֖י,1,False,,
13004007,4,,der,חֶלְאָ֑ה,2,True,,
13004007,5,,Helea,חֶלְאָ֑ה,2,False,,
13004007,6,,Zereth,צֶ֥רֶת,3,False,,
13004007,7,,und,וְצֹ֖חַר,4,False,,
13004007,8,,Jizchar,וְצֹ֖חַר,4,False,,
13004007,9,,und,וְאֶתְנָֽן׃,5,False,,
13004007,10,,Ethnan,וְאֶתְנָֽן׃,5,False,,
13004008,1,,Und,וְק֣וֹץ,1,False,,
13004008,2,,Koz,וְק֣וֹץ,1,False,,
13004008,3,,zeugte,הוֹלִ֔יד,2,False,,
13004008,4,,Anub,אֶת־,3,False,,
13004008,4,,Anub,עָנ֖וּב,4,False,,
13004008,5,,und,וְאֶת־,5,False,,
13004008,6,,Zobeba,הַצֹּבֵבָ֑ה,6,False,,
13004008,7,,und,וּמִשְׁפְּח֥וֹת,7,False,,
13004008,8,,die,וּמִשְׁפְּח֥וֹת,7,True,,
13004008,9,,Geschlechter,וּמִשְׁפְּח֥וֹת,7,False,,
13004008,10,,Acharchels,אֲחַרְחֵ֖ל,8,False,,
13004008,11,,des,בֶּן־,9,True,,
13004008,12,,Sohnes,בֶּן־,9,False,,
13004008,13,,Harums,הָרֽוּם׃,10,False,,
13004009,1,,Und,וַיְהִ֣י,1,False,,
13004009,2,,Jabez,יַעְבֵּ֔ץ,2,False,,
13004009,3,,war,וַיְהִ֣י,1,False,,
13004009,4,,geehrter,נִכְבָּ֖ד,3,False,,
13004009,5,,als,מֵאֶחָ֑יו,4,False,,
13004009,6,,seine,מֵאֶחָ֑יו,4,False,,
13004009,7,,Brüder,מֵאֶחָ֑יו,4,False,,
13004009,8,,und,וְאִמּ֗וֹ,5,False,,
13004009,9,,seine,וְאִמּ֗וֹ,5,False,,
13004009,10,,Mutter,וְאִמּ֗וֹ,5,False,,
13004009,11,,gab,קָרְאָ֨ה,6,False,,
13004009,12,,ihm,שְׁמ֤וֹ,7,False,,
13004009,13,,den,יַעְבֵּץ֙,8,True,,
13004009,14,,Namen,יַעְבֵּץ֙,8,False,,
13004009,15,,Jabez,יַעְבֵּץ֙,8,False,,
13004009,16,,indem,לֵאמֹ֔ר,9,False,,
13004009,17,,sie,לֵאמֹ֔ר,9,False,,
13004009,18,,sprach,לֵאמֹ֔ר,9,False,,
13004009,19,,Mit,כִּ֥י,10,False,,
13004009,20,,Schmerzen,בְּעֹֽצֶב׃,12,False,,
13004009,21,,habe,יָלַ֖דְתִּי,11,False,,
13004009,22,,ich,יָלַ֖דְתִּי,11,False,,
13004009,23,,ihn,יָלַ֖דְתִּי,11,False,,
13004009,24,,geboren,יָלַ֖דְתִּי,11,False,,
13004010,1,,Und,וַיִּקְרָ֣א,1,False,,
13004010,2,,Jabez,יַ֠עְבֵּץ,2,False,,
13004010,3,,rief,וַיִּקְרָ֣א,1,False,,
13004010,4,,zu,לֵאלֹהֵ֨י,3,False,,
13004010,5,,dem,לֵאלֹהֵ֨י,3,True,,
13004010,6,,Gott,לֵאלֹהֵ֨י,3,False,,
13004010,7,,Israels,יִשְׂרָאֵ֜ל,4,False,,
13004010,8,,und,לֵאמֹ֗ר,5,False,,
13004010,9,,sprach,לֵאמֹ֗ר,5,False,,
13004010,10,,Wenn,אִם־,6,False,,
13004010,11,,du,תְּבָרֲכֵ֜נִי,8,False,,
13004010,12,,mich,תְּבָרֲכֵ֜נִי,8,False,,
13004010,13,,reichlich,בָּרֵ֨ךְ,7,False,,
13004010,14,,segnest,תְּבָרֲכֵ֜נִי,8,False,,
13004010,15,,und,וְהִרְבִּ֤יתָ,9,False,,
13004010,16,,meine,גְּבוּלִי֙,11,False,,
13004010,17,,Grenze,גְּבוּלִי֙,11,False,,
13004010,18,,erweiterst,וְהִרְבִּ֤יתָ,9,False,,
13004010,19,,und,וְהָיְתָ֤ה,12,False,,
13004010,20,,deine,יָדְךָ֙,13,False,,
13004010,21,,Hand,יָדְךָ֙,13,False,,
13004010,22,,mit,עִמִּ֔י,14,False,,
13004010,23,,mir,עִמִּ֔י,14,False,,
13004010,24,,ist,וְהָיְתָ֤ה,12,False,,
13004010,25,,und,וְעָשִׂ֥יתָ,15,False,,
13004010,26,,du,וְעָשִׂ֥יתָ,15,False,,
13004010,27,,das,מֵּרָעָ֖ה,16,True,,
13004010,28,,Übel,מֵּרָעָ֖ה,16,False,,
13004010,29,,fern,לְבִלְתִּ֣י,17,False,,
13004010,30,,hältst,לְבִלְתִּ֣י,17,False,,
13004010,31,,daß,אֲשֶׁר־,22,False,,
13004010,32,,kein,עָצְבִּ֑י,18,False,,
13004010,33,,Schmerz,עָצְבִּ֑י,18,False,,
13004010,34,,mich,עָצְבִּ֑י,18,False,,
13004010,35,,trifft,לְבִלְתִּ֣י,17,False,,
13004010,36,,Und,וַיָּבֵ֥א,19,False,,
13004010,37,,Gott,אֱלֹהִ֖ים,20,False,,
13004010,38,,ließ,וַיָּבֵ֥א,19,False,,
13004010,39,,kommen,וַיָּבֵ֥א,19,False,,
13004010,40,,was,אֲשֶׁר־,22,False,,
13004010,41,,er,אֲשֶׁר־,22,False,,
13004010,42,,erbeten,שָׁאָֽל׃,23,False,,
13004010,43,,hatte,שָׁאָֽל׃,23,False,,
13004011,1,,Und,וּכְל֥וּב,1,False,,
13004011,2,,Kelub,וּכְל֥וּב,1,False,,
13004011,3,,der,אֲחִֽי־,2,True,,
13004011,4,,Bruder,אֲחִֽי־,2,False,,
13004011,5,,Schuchas,שׁוּחָ֖ה,3,False,,
13004011,6,,zeugte,הוֹלִ֣יד,4,False,,
13004011,7,,Mechir,אֶת־,5,False,,
13004011,7,,Mechir,מְחִ֑יר,6,False,,
13004011,8,,er,ה֖וּא,7,False,,
13004011,9,,war,ה֖וּא,7,False,,
13004011,10,,der,אֲבִ֥י,8,True,,
13004011,11,,Vater,אֲבִ֥י,8,False,,
13004011,12,,Eschtons,אֶשְׁתּֽוֹן׃,9,False,,
13004012,1,,Und,וְאֶשְׁתּ֗וֹן,1,False,,
13004012,2,,Eschton,וְאֶשְׁתּ֗וֹן,1,False,,
13004012,3,,zeugte,הוֹלִ֞יד,2,False,,
13004012,4,,Beth-Rapha,אֶת־,3,False,,
13004012,4,Beth,Beth-Rapha,בֵּ֤ית,4,True,,
13004012,4,Rapha,Beth-Rapha,רָפָא֙,5,False,,
13004012,5,,und,וְאֶת־,6,False,,
13004012,6,,Paseach,וְאֶת־,6,False,,
13004012,6,,Paseach,פָּסֵ֔חַ,7,False,,
13004012,7,,und,וְאֶת־,8,False,,
13004012,8,,Techinna,תְּחִנָּ֖ה,9,False,,
13004012,9,,den,אֲבִ֣י,10,True,,
13004012,10,,Vater,אֲבִ֣י,10,False,,
13004012,11,,der,עִ֣יר,11,True,,
13004012,12,,Stadt,עִ֣יר,11,False,,
13004012,13,,Nahas,נָחָ֑שׁ,12,False,,
13004012,14,,das,אֵ֖לֶּה,13,False,,
13004012,15,,sind,אֵ֖לֶּה,13,False,,
13004012,16,,die,אַנְשֵׁ֥י,14,True,,
13004012,17,,Männer,אַנְשֵׁ֥י,14,False,,
13004012,18,,von,רֵכָֽה׃ ס,15,True,,
13004012,19,,Reka,רֵכָֽה׃ ס,15,False,,
13004013,1,,Und,וּבְנֵ֣י,1,False,,
13004013,2,,die,וּבְנֵ֣י,1,True,,
13004013,3,,Söhne,וּבְנֵ֣י,1,False,,
13004013,4,,Kenas,קְנַ֔ז,2,False,,
13004013,5,,Othniel,עָתְנִיאֵ֖ל,3,False,,
13004013,6,,und,וּשְׂרָיָ֑ה,4,False,,
13004013,7,,Seraja,וּשְׂרָיָ֑ה,4,False,,
13004013,8,,Und,וּבְנֵ֥י,5,False,,
13004013,9,,die,וּבְנֵ֥י,5,True,,
13004013,10,,Söhne,וּבְנֵ֥י,5,False,,
13004013,11,,Othniels,עָתְנִיאֵ֖ל,6,False,,
13004013,12,,Hathath,חֲתַֽת׃,7,False,,
13004014,1,,Und,וּמְעוֹנֹתַ֖י,1,False,,
13004014,2,,Meonothai,וּמְעוֹנֹתַ֖י,1,False,,
13004014,3,,zeugte,הוֹלִ֣יד,2,False,,
13004014,4,,Ophra,אֶת־,3,False,,
13004014,4,,Ophra,עָפְרָ֑ה,4,False,,
13004014,5,,und,וּשְׂרָיָ֗ה,5,False,,
13004014,6,,Seraja,וּשְׂרָיָ֗ה,5,False,,
13004014,7,,zeugte,הוֹלִ֤יד,6,False,,
13004014,8,,Joab,אֶת־,7,False,,
13004014,8,,Joab,יוֹאָב֙,8,False,,
13004014,9,,den,אֲבִי֙,9,True,,
13004014,10,,Vater,אֲבִי֙,9,False,,
13004014,11,,des,גֵּ֣יא,10,True,,
13004014,12,,Tales,גֵּ֣יא,10,False,,
13004014,13,,der,חֲרָשִׁ֔ים,11,True,,
13004014,14,,Werkleute,חֲרָשִׁ֔ים,11,False,,
13004014,15,,denn,כִּ֥י,12,False,,
13004014,16,,sie,חֲרָשִׁ֖ים,13,False,,
13004014,17,,waren,הָיֽוּ׃ פ,14,False,,
13004014,18,,Werkleute,חֲרָשִׁ֖ים,13,False,,
13004015,1,,Und,וּבְנֵי֙,1,False,,
13004015,2,,die,וּבְנֵי֙,1,True,,
13004015,3,,Söhne,וּבְנֵי֙,1,False,,
13004015,4,,Kalebs,כָּלֵ֣ב,2,False,,
13004015,5,,des,בֶּן־,3,True,,
13004015,6,,Sohnes,בֶּן־,3,False,,
13004015,7,,Jephunnes,יְפֻנֶּ֔ה,4,False,,
13004015,8,,Iru,עִ֥ירוּ,5,False,,
13004015,9,,Ela,אֵלָ֖ה,6,False,,
13004015,10,,und,וָנָ֑עַם,7,False,,
13004015,11,,Naam,וָנָ֑עַם,7,False,,
13004015,12,,Und,וּבְנֵ֥י,8,False,,
13004015,13,,die,וּבְנֵ֥י,8,True,,
13004015,14,,Söhne,וּבְנֵ֥י,8,False,,
13004015,15,,Elas,אֵלָ֖ה,9,False,,
13004015,16,,Kenas,וּקְנַֽז׃,10,False,,
13004015,17,,,וּקְנַֽז׃,10,True,,
13004016,1,,Und,וּבְנֵ֖י,1,False,,
13004016,2,,die,וּבְנֵ֖י,1,True,,
13004016,3,,Söhne,וּבְנֵ֖י,1,False,,
13004016,4,,Jehallelels,יְהַלֶּלְאֵ֑ל,2,False,,
13004016,5,,Siph,זִ֣יף,3,False,,
13004016,6,,und,וְזִיפָ֔ה,4,False,,
13004016,7,,Sipha,וְזִיפָ֔ה,4,False,,
13004016,8,,Tirja,תִּירְיָ֖א,5,False,,
13004016,9,,und,וַאֲשַׂרְאֵֽל׃,6,False,,
13004016,10,,Asarel,וַאֲשַׂרְאֵֽל׃,6,False,,
13004016,11,,,,,True,10,Asarel
13004017,1,,Und,וּבֶן־,1,False,,
13004017,2,,die,וּבֶן־,1,True,,
13004017,3,,Söhne,וּבֶן־,1,False,,
13004017,4,,Esras,עֶזְרָ֔ה,2,False,,
13004017,5,,Jether,יֶ֥תֶר,3,False,,
13004017,6,,und,וּמֶ֖רֶד,4,False,,
13004017,7,,Mered,וּמֶ֖רֶד,4,False,,
13004017,8,,und,וְעֵ֣פֶר,5,False,,
13004017,9,,Epher,וְעֵ֣פֶר,5,False,,
13004017,10,,und,וְיָל֑וֹן,6,False,,
13004017,11,,Jalon,וְיָל֑וֹן,6,False,,
13004017,12,,Und,וַתַּ֙הַר֙,7,False,,
13004017,13,,sie,וַתַּ֙הַר֙,7,False,,
13004017,14,,wurde,וַתַּ֙הַר֙,7,False,,
13004017,15,,schwanger,וַתַּ֙הַר֙,7,False,,
13004017,16,,und,אֶת־,8,False,,
13004017,17,,gebar,וַתַּ֙הַר֙,7,False,,
13004017,18,,Mirjam,מִרְיָ֣ם,9,False,,
13004017,19,,und,וְאֶת־,10,False,,
13004017,20,,Schammai,שַׁמַּ֔י,11,False,,
13004017,21,,und,וְאֶת־,12,False,,
13004017,22,,Jischbach,יִשְׁבָּ֖ח,13,False,,
13004017,23,,den,אֲבִ֥י,14,False,,
13004017,24,,Vater,אֲבִ֥י,14,False,,
13004017,25,,Estemoas,אֶשְׁתְּמֹֽעַ׃,15,False,,
13004018,1,,Und,וְאִשְׁתּ֣וֹ,1,False,,
13004018,2,,sein,וְאִשְׁתּ֣וֹ,1,False,,
13004018,3,,Weib,וְאִשְׁתּ֣וֹ,1,False,,
13004018,4,,die,הַיְהֻדִיָּ֗ה,2,False,,
13004018,5,,Jüdin,הַיְהֻדִיָּ֗ה,2,False,,
13004018,6,,gebar,יָלְדָ֞ה,3,False,,
13004018,7,,Jered,יֶ֨רֶד,5,False,,
13004018,8,,den,אֲבִ֤י,6,False,,
13004018,9,,Vater,אֲבִ֤י,6,False,,
13004018,10,,Gedors,גְדוֹר֙,7,False,,
13004018,11,,und,וְאֶת־,8,False,,
13004018,12,,Heber,חֶ֙בֶר֙,9,False,,
13004018,13,,den,אֲבִ֣י,10,False,,
13004018,14,,Vater,אֲבִ֣י,10,False,,
13004018,15,,Sokos,שׂוֹכ֔וֹ,11,False,,
13004018,16,,und,וְאֶת־,12,False,,
13004018,17,,Jekuthiel,יְקֽוּתִיאֵ֖ל,13,False,,
13004018,18,,den,אֲבִ֣י,14,False,,
13004018,19,,Vater,אֲבִ֣י,14,False,,
13004018,20,,Sanoachs,זָנ֑וֹחַ,15,False,,
13004018,21,,Und,וְאֵ֗לֶּה,16,False,,
13004018,22,,dies,וְאֵ֗לֶּה,16,False,,
13004018,23,,sind,וְאֵ֗לֶּה,16,False,,
13004018,24,,die,בְּנֵי֙,17,False,,
13004018,25,,Söhne,בְּנֵי֙,17,False,,
13004018,26,,der,בִּתְיָ֣ה,18,False,,
13004018,27,,Bithja,בִּתְיָ֣ה,18,False,,
13004018,28,,der,בַת־,19,False,,
13004018,29,,Tochter,בַת־,19,False,,
13004018,30,,des,פַּרְעֹ֔ה,20,False,,
13004018,31,,Pharao,פַּרְעֹ֔ה,20,False,,
13004018,32,,welche,אֲשֶׁ֥ר,21,False,,
13004018,33,,Mered,מָֽרֶד׃ ס,23,False,,
13004018,34,,genommen,לָקַ֖ח,22,False,,
13004018,35,,hatte,לָקַ֖ח,22,False,,
13004018,36,,,,,True,35,hatte
13004019,1,,Und,וּבְנֵי֙,1,False,,
13004019,2,,die,וּבְנֵי֙,1,False,,
13004019,3,,Söhne,וּבְנֵי֙,1,False,,
13004019,4,,des,אֵ֣שֶׁת,2,False,,
13004019,5,,Weibes,אֵ֣שֶׁת,2,False,,
13004019,6,,Hodijas,הֽוֹדִיָּ֔ה,3,False,,
13004019,7,,der,אֲח֣וֹת,4,False,,
13004019,8,,Schwester,אֲח֣וֹת,4,False,,
13004019,9,,Nachams,נַ֔חַם,5,False,,
13004019,10,,der,אֲבִ֥י,6,False,,
13004019,11,,Vater,אֲבִ֥י,6,False,,
13004019,12,,Kehilas,קְעִילָ֖ה,7,False,,
13004019,13,,der,הַגַּרְמִ֑י,8,False,,
13004019,14,,Garmiter,הַגַּרְמִ֑י,8,False,,
13004019,15,,und,וְאֶשְׁתְּמֹ֖עַ,9,False,,
13004019,16,,Estemoa,וְאֶשְׁתְּמֹ֖עַ,9,False,,
13004019,17,,der,הַמַּעֲכָתִֽי׃,10,False,,
13004019,18,,Maakathiter,הַמַּעֲכָתִֽי׃,10,False,,
13004019,19,,,,,True,18,Maakathiter
13004020,1,,Und,וּבְנֵ֣י,1,False,,
13004020,2,,die,וּבְנֵ֣י,1,False,,
13004020,3,,Söhne,וּבְנֵ֣י,1,False,,
13004020,4,,Schimons,שִׁימ֔וֹן,2,False,,
13004020,5,,Amnon,אַמְנ֣וֹן,3,False,,
13004020,6,,und,וְרִנָּ֔ה,4,False,,
13004020,7,,Rinna,וְרִנָּ֔ה,4,False,,
13004020,8,,Benchanan,בֶּן־,5,False,,
13004020,9,,und,וְתִיל֑וֹן,7,False,,
13004020,10,,Tilon,וְתִיל֑וֹן,7,False,,
13004020,11,,Und,וּבְנֵ֣י,8,False,,
13004020,12,,die,וּבְנֵ֣י,8,False,,
13004020,13,,Söhne,וּבְנֵ֣י,8,False,,
13004020,14,,Jischeis,יִשְׁעִ֔י,9,False,,
13004020,15,,Socheth,זוֹחֵ֖ת,10,False,,
13004020,16,,und,וּבֶן־,11,False,,
13004020,17,,Ben-Socheth,וּבֶן־,11,False,,
13004020,18,,,,,True,17,Ben-Socheth
13004021,1,,Die,בְּנֵי֙,1,False,,
13004021,2,,Söhne,בְּנֵי֙,1,False,,
13004021,3,,Schelas,שֵׁלָ֣ה,2,False,,
13004021,4,,des,בֶן־,3,False,,
13004021,5,,Sohnes,בֶן־,3,False,,
13004021,6,,Judas,יְהוּדָ֔ה,4,False,,
13004021,7,,Gher,עֵ֚ר,5,False,,
13004021,8,,der,אֲבִ֣י,6,False,,
13004021,9,,Vater,אֲבִ֣י,6,False,,
13004021,10,,Lekas,לֵכָ֔ה,7,False,,
13004021,11,,und,וְלַעְדָּ֖ה,8,False,,
13004021,12,,Laeda,וְלַעְדָּ֖ה,8,False,,
13004021,13,,der,אֲבִ֣י,9,False,,
13004021,14,,Vater,אֲבִ֣י,9,False,,
13004021,15,,Mareschas,מָרֵשָׁ֑ה,10,False,,
13004021,16,,und,וּמִשְׁפְּח֛וֹת,11,False,,
13004021,17,,die,וּמִשְׁפְּח֛וֹת,11,False,,
13004021,18,,Geschlechter,וּמִשְׁפְּח֛וֹת,11,False,,
13004021,19,,des,בֵּית־,12,False,,
13004021,20,,Hauses,בֵּית־,12,False,,
13004021,21,,der,עֲבֹדַ֥ת,13,False,,
13004021,22,,Byssusarbeiter,הַבֻּ֖ץ,14,False,,
13004021,23,,vom,לְבֵ֥ית,15,False,,
13004021,24,,Hause,לְבֵ֥ית,15,False,,
13004021,25,,Aschbea,אַשְׁבֵּֽעַ׃,16,False,,
13004022,1,,und,וְיוֹקִ֞ים,1,False,,
13004022,2,,Jokim,וְיוֹקִ֞ים,1,False,,
13004022,3,,und,וְאַנְשֵׁ֣י,2,False,,
13004022,4,,die,וְאַנְשֵׁ֣י,2,False,,
13004022,5,,Männer,וְאַנְשֵׁ֣י,2,False,,
13004022,6,,von,כֹזֵבָ֗א,3,False,,
13004022,7,,Koseba,כֹזֵבָ֗א,3,False,,
13004022,8,,und,וְיוֹאָ֧שׁ,4,False,,
13004022,9,,Joas,וְיוֹאָ֧שׁ,4,False,,
13004022,10,,und,וְשָׂרָ֛ף,5,False,,
13004022,11,,Saraph,וְשָׂרָ֛ף,5,False,,
13004022,12,,die,אֲשֶׁר־,6,False,,
13004022,13,,über,בָּעֲל֥וּ,7,False,,
13004022,14,,Moab,לְמוֹאָ֖ב,8,False,,
13004022,15,,herrschten,בָּעֲל֥וּ,7,False,,
13004022,16,,und,וְיָשֻׁ֣בִי,9,False,,
13004022,17,Jaschubi,Jaschubi-Lechem,וְיָשֻׁ֣בִי,9,True,,
13004022,17,Lechem,Jaschubi-Lechem,לָ֑חֶם,10,True,,
13004022,18,,Die,וְהַדְּבָרִ֖ים,11,False,,
13004022,19,,Dinge,וְהַדְּבָרִ֖ים,11,False,,
13004022,20,,sind,עַתִּיקִֽים׃,12,False,,
13004022,21,,aber,עַתִּיקִֽים׃,12,False,,
13004022,22,,alt,עַתִּיקִֽים׃,12,False,,
13004023,1,,Das,הֵ֚מָּה,1,False,,
13004023,2,,waren,יָ֥שְׁבוּ,9,False,,
13004023,3,,die,הַיּ֣וֹצְרִ֔ים,2,False,,
13004023,4,,Töpfer,הַיּ֣וֹצְרִ֔ים,2,False,,
13004023,5,,und,וְיֹשְׁבֵ֥י,3,False,,
13004023,6,,die,וְיֹשְׁבֵ֥י,3,False,,
13004023,7,,Bewohner,וְיֹשְׁבֵ֥י,3,False,,
13004023,8,,von,נְטָעִ֖ים,4,False,,
13004023,9,,Pflanzungen,נְטָעִ֖ים,4,False,,
13004023,10,,und,וּגְדֵרָ֑ה,5,False,,
13004023,11,,Mauern,וּגְדֵרָ֑ה,5,False,,
13004023,12,,sie,הֵ֚מָּה,1,False,,
13004023,13,,wohnten,יָ֥שְׁבוּ,9,False,,
13004023,14,,daselbst,שָֽׁם׃ ס,10,False,,
13004023,15,,bei,עִם־,6,False,,
13004023,16,,dem,הַמֶּ֥לֶךְ,7,False,,
13004023,17,,König,הַמֶּ֥לֶךְ,7,False,,
13004023,18,,in,בִּמְלַאכְתּ֖וֹ,8,False,,
13004023,19,,seinem,בִּמְלַאכְתּ֖וֹ,8,False,,
13004023,20,,Geschäft,בִּמְלַאכְתּ֖וֹ,8,False,,
13004024,1,,Die,בְּנֵ֖י,1,False,,
13004024,2,,Söhne,בְּנֵ֖י,1,False,,
13004024,3,,Simeons,שִׁמְע֑וֹן,2,False,,
13004024,4,,Nemuel,נְמוּאֵ֣ל,3,False,,
13004024,5,,und,וְיָמִ֔ין,4,False,,
13004024,6,,Jamin,וְיָמִ֔ין,4,False,,
13004024,7,,Jarib,יָרִ֖יב,5,False,,
13004024,8,,Serach,זֶ֥רַח,6,False,,
13004024,9,,Saul,שָׁאֽוּל׃,7,False,,
13004025,1,,dessen,בְּנ֛וֹ,2,False,,
13004025,2,,Sohn,בְּנ֛וֹ,2,False,,
13004025,3,,Schallum,שַׁלֻּ֥ם,1,False,,
13004025,4,,dessen,בְּנ֖וֹ,4,False,,
13004025,5,,Sohn,בְּנ֖וֹ,4,False,,
13004025,6,,Mibsam,מִבְשָׂ֥ם,3,False,,
13004025,7,,dessen,בְּנֽוֹ׃,6,False,,
13004025,8,,Sohn,בְּנֽוֹ׃,6,False,,
13004025,9,,Mischma,מִשְׁמָ֥ע,5,False,,
13004026,1,,Und,וּבְנֵ֖י,1,False,,
13004026,2,,die,וּבְנֵ֖י,1,True,,
13004026,3,,Söhne,וּבְנֵ֖י,1,False,,
13004026,4,,Mischmas,מִשְׁמָ֑ע,2,False,,
13004026,5,,dessen,בְּנ֛וֹ,4,True,,
13004026,6,,Sohn,בְּנ֛וֹ,4,False,,
13004026,7,,Hamuel,חַמּוּאֵ֥ל,3,False,,
13004026,8,,dessen,בְּנ֖וֹ,6,True,,
13004026,9,,Sohn,בְּנ֖וֹ,6,False,,
13004026,10,,Sakkur,זַכּ֥וּר,5,False,,
13004026,11,,dessen,בְנֽוֹ׃,8,True,,
13004026,12,,Sohn,בְנֽוֹ׃,8,False,,
13004026,13,,Simei,שִׁמְעִ֥י,7,False,,
13004027,1,,Und,וּלְשִׁמְעִ֞י,1,False,,
13004027,2,,Simei,וּלְשִׁמְעִ֞י,1,False,,
13004027,3,,hatte,וּלְשִׁמְעִ֞י,1,True,,
13004027,4,,sechzehn,שִׁשָּׁ֤ה,3,False,,
13004027,5,,Söhne,בָּנִ֨ים,2,False,,
13004027,6,,und,וּבָנ֣וֹת,5,False,,
13004027,7,,sechs,שֵׁ֔שׁ,6,False,,
13004027,8,,Töchter,וּבָנ֣וֹת,5,False,,
13004027,9,,aber,אֵ֖ין,8,False,,
13004027,10,,seine,וּלְאֶחָ֕יו,7,False,,
13004027,11,,Brüder,וּלְאֶחָ֕יו,7,False,,
13004027,12,,hatten,אֵ֖ין,8,True,,
13004027,13,,nicht,לֹ֥א,13,False,,
13004027,14,,viele,רַבִּ֑ים,10,False,,
13004027,15,,Söhne,בָּנִ֣ים,9,False,,
13004027,16,,und,וְכֹל֙,11,False,,
13004027,17,,alle,וְכֹל֙,11,False,,
13004027,18,,ihre,מִשְׁפַּחְתָּ֔ם,12,False,,
13004027,19,,Familien,מִשְׁפַּחְתָּ֔ם,12,False,,
13004027,20,,vermehrten,הִרְבּ֖וּ,14,False,,
13004027,21,,sich,הִרְבּ֖וּ,14,False,,
13004027,22,,nicht,לֹ֥א,13,True,,
13004027,23,,so,עַד־,15,False,,
13004027,24,,sehr,עַד־,15,False,,
13004027,25,,wie,בְּנֵ֥י,16,False,,
13004027,26,,die,בְּנֵ֥י,16,True,,
13004027,27,,Söhne,בְּנֵ֥י,16,False,,
13004027,28,,Judas,יְהוּדָֽה׃ ס,17,False,,
13004028,1,,Und,וַיֵּֽשְׁב֛וּ,1,False,,
13004028,2,,sie,וַיֵּֽשְׁב֛וּ,1,False,,
13004028,3,,wohnten,וַיֵּֽשְׁב֛וּ,1,False,,
13004028,4,,in,בִּבְאֵֽר־,2,False,,
13004028,5,,Beerseba,בִּבְאֵֽר־,2,False,,
13004028,5,,Beerseba,שֶׁ֥בַע,3,False,,
13004028,6,,und,וּמוֹלָדָ֖ה,4,False,,
13004028,7,,Molada,וּמוֹלָדָ֖ה,4,False,,
13004028,8,,und,וַחֲצַ֥ר,5,False,,
13004028,9,,Hazar-Schual,וַחֲצַ֥ר,5,False,,
13004028,9,,Hazar-Schual,שׁוּעָֽל׃,6,False,,
13004029,1,,und,וּבְבִלְהָ֥ה,1,False,,
13004029,2,,in,וּבְבִלְהָ֥ה,1,False,,
13004029,3,,Bilha,וּבְבִלְהָ֥ה,1,False,,
13004029,4,,und,וּבְעֶ֖צֶם,2,False,,
13004029,5,,in,וּבְעֶ֖צֶם,2,False,,
13004029,6,,Ezem,וּבְעֶ֖צֶם,2,False,,
13004029,7,,und,וּבְתוֹלָֽד׃,3,False,,
13004029,8,,in,וּבְתוֹלָֽד׃,3,False,,
13004029,9,,Tolad,וּבְתוֹלָֽד׃,3,False,,
13004030,1,,und,וּבִבְתוּאֵ֥ל,1,False,,
13004030,2,,in,וּבִבְתוּאֵ֥ל,1,False,,
13004030,3,,Bethuel,וּבִבְתוּאֵ֥ל,1,False,,
13004030,4,,und,וּבְחָרְמָ֖ה,2,False,,
13004030,5,,in,וּבְחָרְמָ֖ה,2,False,,
13004030,6,,Horma,וּבְחָרְמָ֖ה,2,False,,
13004030,7,,und,וּבְצִֽיקְלָֽג׃,3,False,,
13004030,8,,in,וּבְצִֽיקְלָֽג׃,3,False,,
13004030,9,,Ziklag,וּבְצִֽיקְלָֽג׃,3,False,,
13004031,1,,und,וּבְבֵ֤ית,1,False,,
13004031,2,,in,וּבְבֵ֤ית,1,False,,
13004031,3,,Beth-Markaboth,וּבְבֵ֤ית,1,False,,
13004031,3,,Beth-Markaboth,מַרְכָּבוֹת֙,2,False,,
13004031,4,,und,וּבַחֲצַ֣ר,3,False,,
13004031,5,,in,וּבַחֲצַ֣ר,3,False,,
13004031,6,,Hazar-Susim,וּבַחֲצַ֣ר,3,False,,
13004031,6,,Hazar-Susim,סוּסִ֔ים,4,False,,
13004031,7,,und,וּבְבֵ֥ית,5,False,,
13004031,8,,in,וּבְבֵ֥ית,5,False,,
13004031,9,,Beth-Birei,וּבְבֵ֥ית,5,False,,
13004031,9,,Beth-Birei,בִּרְאִ֖י,6,False,,
13004031,10,,und,וּֽבְשַׁעֲרָ֑יִם,7,False,,
13004031,11,,in,וּֽבְשַׁעֲרָ֑יִם,7,False,,
13004031,12,,Schaaraim,וּֽבְשַׁעֲרָ֑יִם,7,False,,
13004031,13,,Das,אֵ֥לֶּה,8,False,,
13004031,14,,waren,אֵ֥לֶּה,8,True,,
13004031,15,,ihre,עָרֵיהֶ֖ם,9,False,,
13004031,16,,Städte,עָרֵיהֶ֖ם,9,False,,
13004031,17,,bis,עַד־,10,False,,
13004031,18,,David,דָּוִֽיד׃,12,False,,
13004031,19,,König,מְלֹ֥ךְ,11,False,,
13004031,20,,wurde,מְלֹ֥ךְ,11,False,,
13004032,1,,Und,וְחַצְרֵיהֶם֙,1,False,,
13004032,2,,ihre,וְחַצְרֵיהֶם֙,1,False,,
13004032,3,,Dörfer,וְחַצְרֵיהֶם֙,1,False,,
13004032,4,,Etam,עֵיטָ֣ם,2,False,,
13004032,5,,und,וָעַ֔יִן,3,False,,
13004032,6,,Ain,וָעַ֔יִן,3,False,,
13004032,7,,Rimmon,רִמּ֥וֹן,4,False,,
13004032,8,,und,וְתֹ֖כֶן,5,False,,
13004032,9,,Token,וְתֹ֖כֶן,5,False,,
13004032,10,,und,וְעָשָׁ֑ן,6,False,,
13004032,11,,Aschan,וְעָשָׁ֑ן,6,False,,
13004032,12,,fünf,חָמֵֽשׁ׃,8,False,,
13004032,13,,Städte,עָרִ֖ים,7,False,,
13004033,1,,nebst,וְכָל־,1,False,,
13004033,2,,allen,וְכָל־,1,False,,
13004033,3,,ihren,חַצְרֵיהֶ֗ם,2,False,,
13004033,4,,Dörfern,חַצְרֵיהֶ֗ם,2,False,,
13004033,5,,die,אֲשֶׁ֧ר,3,False,,
13004033,6,,rings,סְבִיב֛וֹת,4,False,,
13004033,7,,um,סְבִיב֛וֹת,4,False,,
13004033,8,,diese,הָאֵ֖לֶּה,6,False,,
13004033,9,,Städte,הֶעָרִ֥ים,5,False,,
13004033,10,,waren,הֶעָרִ֥ים,5,False,,
13004033,11,,bis,עַד־,7,False,,
13004033,12,,nach,עַד־,7,False,,
13004033,13,,Baal,בָּ֑עַל,8,False,,
13004033,14,,hin,בָּ֑עַל,8,False,,
13004033,15,,Das,זֹ֚את,9,False,,
13004033,16,,waren,זֹ֚את,9,True,,
13004033,17,,ihre,מוֹשְׁבֹתָ֔ם,10,False,,
13004033,18,,Wohnsitze,מוֹשְׁבֹתָ֔ם,10,False,,
13004033,19,,und,וְהִתְיַחְשָׂ֖ם,11,False,,
13004033,20,,sie,וְהִתְיַחְשָׂ֖ם,11,False,,
13004033,21,,hatten,וְהִתְיַחְשָׂ֖ם,11,True,,
13004033,22,,ihr,לָהֶֽם׃,12,False,,
13004033,23,,Geschlechtsverzeichnis,וְהִתְיַחְשָׂ֖ם,11,False,,
13004033,24,,,לָהֶֽם׃,12,False,,
13004034,1,,Und,וּמְשׁוֹבָ֣ב,1,False,,
13004034,2,,Meschobab,וּמְשׁוֹבָ֣ב,1,False,,
13004034,3,,und,וְיַמְלֵ֔ךְ,2,False,,
13004034,4,,Jamlek,וְיַמְלֵ֔ךְ,2,False,,
13004034,5,,und,וְיוֹשָׁ֖ה,3,False,,
13004034,6,,Joscha,וְיוֹשָׁ֖ה,3,False,,
13004034,7,,der,בֶּן־,4,False,,
13004034,8,,Sohn,בֶּן־,4,False,,
13004034,9,,Amazjas,אֲמַצְיָֽה׃,5,False,,
13004035,1,,und,וְיוֹאֵ֑ל,1,False,,
13004035,2,,Joel,וְיוֹאֵ֑ל,1,False,,
13004035,3,,und,וְיֵהוּא֙,2,False,,
13004035,4,,Jehu,וְיֵהוּא֙,2,False,,
13004035,5,,der,בֶּן־,3,False,,
13004035,6,,Sohn,בֶּן־,3,False,,
13004035,7,,Joschibjas,י֣וֹשִׁבְיָ֔ה,4,False,,
13004035,8,,des,בֶּן־,5,False,,
13004035,9,,Sohnes,בֶּן־,5,False,,
13004035,10,,Serajas,שְׂרָיָ֖ה,6,False,,
13004035,11,,des,בֶּן־,7,False,,
13004035,12,,Sohnes,בֶּן־,7,False,,
13004035,13,,Asiels,עֲשִׂיאֵֽל׃,8,False,,
13004036,1,,und,וְאֶלְיוֹעֵינַ֡י,1,False,,
13004036,2,,Eljoenai,וְאֶלְיוֹעֵינַ֡י,1,False,,
13004036,3,,und,וְֽיַעֲקֹ֡בָה,2,False,,
13004036,4,,Jaakoba,וְֽיַעֲקֹ֡בָה,2,False,,
13004036,5,,und,וִ֠ישׁוֹחָיָה,3,False,,
13004036,6,,Jeschochaja,וִ֠ישׁוֹחָיָה,3,False,,
13004036,7,,und,וַעֲשָׂיָ֧ה,4,False,,
13004036,8,,Asaja,וַעֲשָׂיָ֧ה,4,False,,
13004036,9,,und,וַעֲדִיאֵ֛ל,5,False,,
13004036,10,,Adiel,וַעֲדִיאֵ֛ל,5,False,,
13004036,11,,und,וִישִׂימִאֵ֖ל,6,False,,
13004036,12,,Jeschimiel,וִישִׂימִאֵ֖ל,6,False,,
13004036,13,,und,וּבְנָיָֽה׃,7,False,,
13004036,14,,Benaja,וּבְנָיָֽה׃,7,False,,
13004037,1,,und,וְזִיזָ֨א,1,False,,
13004037,2,,Sisa,וְזִיזָ֨א,1,False,,
13004037,3,,der,בֶן־,2,True,,
13004037,4,,Sohn,בֶן־,2,False,,
13004037,5,,Schipheis,שִׁפְעִ֧י,3,False,,
13004037,6,,des,בֶן־,4,True,,
13004037,7,,Sohnes,בֶן־,4,False,,
13004037,8,,Allons,אַלּ֛וֹן,5,False,,
13004037,9,,des,בֶּן־,6,True,,
13004037,10,,Sohnes,בֶּן־,6,False,,
13004037,11,,Jedajas,יְדָיָ֥ה,7,False,,
13004037,12,,des,בֶן־,8,True,,
13004037,13,,Sohnes,בֶן־,8,False,,
13004037,14,,Schimris,שִׁמְרִ֖י,9,False,,
13004037,15,,des,בֶּן־,10,True,,
13004037,16,,Sohnes,בֶּן־,10,False,,
13004037,17,,Schemajas,שְׁמַֽעְיָֽה׃,11,False,,
13004038,1,,diese,אֵ֚לֶּה,1,False,,
13004038,2,,mit,הַבָּאִ֣ים,2,False,,
13004038,3,,Namen,בְּשֵׁמ֔וֹת,3,False,,
13004038,4,,Angeführten,הַבָּאִ֣ים,2,False,,
13004038,5,,waren,נְשִׂיאִ֖ים,4,False,,
13004038,6,,Fürsten,נְשִׂיאִ֖ים,4,False,,
13004038,7,,in,בְּמִשְׁפְּחוֹתָ֑ם,5,False,,
13004038,8,,ihren,אֲב֣וֹתֵיהֶ֔ם,7,False,,
13004038,9,,Geschlechtern,בְּמִשְׁפְּחוֹתָ֑ם,5,False,,
13004038,10,,und,וּבֵית֙,6,False,,
13004038,11,,ihre,אֲב֣וֹתֵיהֶ֔ם,7,False,,
13004038,12,,Vaterhäuser,וּבֵית֙,6,False,,
13004038,13,,breiteten,פָּרְצ֖וּ,8,False,,
13004038,14,,sich,פָּרְצ֖וּ,8,False,,
13004038,15,,aus,פָּרְצ֖וּ,8,False,,
13004038,16,,in,לָרֽוֹב׃,9,False,,
13004038,17,,Menge,לָרֽוֹב׃,9,False,,
13004039,1,,Und,וַיֵּלְכוּ֙,1,False,,
13004039,2,,sie,וַיֵּלְכוּ֙,1,False,,
13004039,3,,zogen,וַיֵּלְכוּ֙,1,False,,
13004039,4,,bis,לִמְב֣וֹא,2,False,,
13004039,5,,nach,לִמְב֣וֹא,2,False,,
13004039,6,,Geder,גְדֹ֔ר,3,False,,
13004039,7,,hin,וַיֵּלְכוּ֙,1,False,,
13004039,8,,bis,עַ֖ד,4,False,,
13004039,9,,an,לְמִזְרַ֣ח,5,False,,
13004039,10,,die,הַגָּ֑יְא,6,True,,
13004039,11,,Ostseite,הַגָּ֑יְא,6,False,,
13004039,12,,des,הַגָּ֑יְא,6,True,,
13004039,13,,Tales,הַגָּ֑יְא,6,False,,
13004039,14,,um,לְבַקֵּ֥שׁ,7,False,,
13004039,15,,Weide,מִרְעֶ֖ה,8,False,,
13004039,16,,für,לְצֹאנָֽם׃,9,False,,
13004039,17,,ihr,לְצֹאנָֽם׃,9,False,,
13004039,18,,Kleinvieh,לְצֹאנָֽם׃,9,False,,
13004039,19,,zu,לְבַקֵּ֥שׁ,7,False,,
13004039,20,,suchen,לְבַקֵּ֥שׁ,7,False,,
13004040,1,,Und,וַֽיִּמְצְא֤וּ,1,False,,
13004040,2,,sie,וַֽיִּמְצְא֤וּ,1,False,,
13004040,3,,fanden,וַֽיִּמְצְא֤וּ,1,False,,
13004040,4,,eine,מִרְעֶה֙,2,True,,
13004040,5,,fette,שָׁמֵ֣ן,3,False,,
13004040,6,,und,וָט֔וֹב,4,False,,
13004040,7,,gute,וָט֔וֹב,4,False,,
13004040,8,,Weide,מִרְעֶה֙,2,False,,
13004040,9,,und,וְהָאָ֙רֶץ֙,5,False,,
13004040,10,,ein,וְהָאָ֙רֶץ֙,5,True,,
13004040,11,,Land,וְהָאָ֙רֶץ֙,5,False,,
13004040,12,,weit,רַחֲבַ֣ת,6,False,,
13004040,13,,nach,רַחֲבַ֣ת,6,False,,
13004040,14,,allen,יָדַ֔יִם,7,False,,
13004040,15,,Seiten,יָדַ֔יִם,7,False,,
13004040,16,,hin,יָדַ֔יִם,7,False,,
13004040,17,,und,וְשֹׁקֶ֖טֶת,8,False,,
13004040,18,,ruhig,וְשֹׁקֶ֖טֶת,8,False,,
13004040,19,,und,וּשְׁלֵוָ֑ה,9,False,,
13004040,20,,still,וּשְׁלֵוָ֑ה,9,False,,
13004040,21,,denn,כִּ֣י,10,False,,
13004040,22,,die,הַיֹּשְׁבִ֥ים,13,True,,
13004040,23,,vordem,לְפָנִֽים׃,15,False,,
13004040,24,,dort,שָׁ֖ם,14,False,,
13004040,25,,gewohnt,הַיֹּשְׁבִ֥ים,13,False,,
13004040,26,,hatten,הַיֹּשְׁבִ֥ים,13,False,,
13004040,27,,waren,הַיֹּשְׁבִ֥ים,13,False,,
13004040,28,,von,מִן־,11,False,,
13004040,29,,Ham,חָ֔ם,12,False,,
13004041,1,,Und,וַיָּבֹ֡אוּ,1,False,,
13004041,2,,diese,אֵלֶּה֩,2,False,,
13004041,3,,mit,בְּשֵׁמ֜וֹת,4,False,,
13004041,4,,Namen,בְּשֵׁמ֜וֹת,4,False,,
13004041,5,,Aufgeschriebenen,הַכְּתוּבִ֨ים,3,False,,
13004041,6,,kamen,וַיָּבֹ֡אוּ,1,False,,
13004041,7,,in,בִּימֵ֣י׀,5,False,,
13004041,8,,den,בִּימֵ֣י׀,5,True,,
13004041,9,,Tagen,בִּימֵ֣י׀,5,False,,
13004041,10,,Hiskias,יְחִזְקִיָּ֣הוּ,6,False,,
13004041,11,,des,מֶֽלֶךְ־,7,True,,
13004041,12,,Königs,מֶֽלֶךְ־,7,False,,
13004041,13,,von,יְהוּדָ֗ה,8,False,,
13004041,14,,Juda,יְהוּדָ֗ה,8,False,,
13004041,15,,und,וַיַּכּ֨וּ,9,False,,
13004041,16,,sie,וַיַּכּ֨וּ,9,False,,
13004041,17,,schlugen,וַיַּכּ֨וּ,9,False,,
13004041,18,,ihre,אָהֳלֵיהֶ֜ם,11,False,,
13004041,19,,Zelte,אָהֳלֵיהֶ֜ם,11,False,,
13004041,20,,und,וְאֶת־,12,False,,
13004041,21,,die,הַמְּעוּנִ֨ים,13,True,,
13004041,22,,Meuniter,הַמְּעוּנִ֨ים,13,False,,
13004041,23,,welche,אֲשֶׁ֤ר,14,False,,
13004041,24,,sich,נִמְצְאוּ־,15,False,,
13004041,25,,daselbst,שָׁ֙מָּה֙,16,False,,
13004041,26,,befanden,נִמְצְאוּ־,15,False,,
13004041,27,,und,וַיַּחֲרִימֻם֙,17,False,,
13004041,28,,sie,וַיַּחֲרִימֻם֙,17,False,,
13004041,29,,verbannten,וַיַּחֲרִימֻם֙,17,False,,
13004041,30,,sie,וַיַּחֲרִימֻם֙,17,False,,
13004041,31,,bis,עַד־,18,False,,
13004041,32,,auf,עַד־,18,False,,
13004041,33,,diesen,הַזֶּ֔ה,20,False,,
13004041,34,,Tag,הַיּ֣וֹם,19,False,,
13004041,35,,und,וַיֵּשְׁב֖וּ,21,False,,
13004041,36,,wohnten,וַיֵּשְׁב֖וּ,21,False,,
13004041,37,,an,תַּחְתֵּיהֶ֑ם,22,False,,
13004041,38,,ihrer,תַּחְתֵּיהֶ֑ם,22,False,,
13004041,39,,Statt,תַּחְתֵּיהֶ֑ם,22,False,,
13004041,40,,denn,כִּֽי־,23,False,,
13004041,41,,daselbst,שָֽׁם׃,26,False,,
13004041,42,,war,שָֽׁם׃,26,False,,
13004041,43,,Weide,מִרְעֶ֥ה,24,False,,
13004041,44,,für,לְצֹאנָ֖ם,25,False,,
13004041,45,,ihr,לְצֹאנָ֖ם,25,False,,
13004041,46,,Kleinvieh,לְצֹאנָ֖ם,25,False,,
13004041,47,,,שָֽׁם׃,26,False,,
13004042,1,,Und,וּמֵהֶ֣ם׀,1,False,,
13004042,2,,von,מִן־,2,False,,
13004042,3,,ihnen,וּמֵהֶ֣ם׀,1,False,,
13004042,4,,von,מִן־,2,False,,
13004042,5,,den,בְּנֵ֣י,3,True,,
13004042,6,,Söhnen,בְּנֵ֣י,3,False,,
13004042,7,,Simeons,שִׁמְע֗וֹן,4,False,,
13004042,8,,zogen,הָלְכוּ֙,5,False,,
13004042,9,,fünfhundert,מֵא֑וֹת,10,False,,
13004042,10,,Männer,אֲנָשִׁ֖ים,8,False,,
13004042,11,,zum,לְהַ֣ר,6,False,,
13004042,12,,Gebirge,לְהַ֣ר,6,False,,
13004042,13,,Seir,שֵׂעִ֔יר,7,False,,
13004042,14,,hin,הָלְכוּ֙,5,False,,
13004042,15,,und,וּפְלַטְיָ֡ה,11,False,,
13004042,16,,Pelatja,וּפְלַטְיָ֡ה,11,False,,
13004042,17,,und,וּ֠נְעַרְיָה,12,False,,
13004042,18,,Nearja,וּ֠נְעַרְיָה,12,False,,
13004042,19,,und,וּרְפָיָ֧ה,13,False,,
13004042,20,,Rephaja,וּרְפָיָ֧ה,13,False,,
13004042,21,,und,וְעֻזִּיאֵ֛ל,14,False,,
13004042,22,,Ussiel,וְעֻזִּיאֵ֛ל,14,False,,
13004042,23,,die,בְּנֵ֥י,15,True,,
13004042,24,,Söhne,בְּנֵ֥י,15,False,,
13004042,25,,Jischeis,יִשְׁעִ֖י,16,False,,
13004042,26,,waren,בְּרֹאשָֽׁם׃,17,False,,
13004042,27,,an,בְּרֹאשָֽׁם׃,17,False,,
13004042,28,,ihrer,בְּרֹאשָֽׁם׃,17,False,,
13004042,29,,Spitze,בְּרֹאשָֽׁם׃,17,False,,
13004043,1,,und,וַיַּכּ֕וּ,1,False,,
13004043,2,,sie,וַיַּכּ֕וּ,1,False,,
13004043,3,,schlugen,וַיַּכּ֕וּ,1,False,,
13004043,4,,den,אֶת־,2,True,,
13004043,5,,Überrest,שְׁאֵרִ֥ית,3,False,,
13004043,6,,die,הַפְּלֵטָ֖ה,4,True,,
13004043,7,,Entronnenen,הַפְּלֵטָ֖ה,4,False,,
13004043,8,,von,לַעֲמָלֵ֑ק,5,False,,
13004043,9,,Amalek,לַעֲמָלֵ֑ק,5,False,,
13004043,10,,und,וַיֵּ֣שְׁבוּ,6,False,,
13004043,11,,haben,וַיֵּ֣שְׁבוּ,6,False,,
13004043,12,,daselbst,שָׁ֔ם,7,False,,
13004043,13,,gewohnt,וַיֵּ֣שְׁבוּ,6,False,,
13004043,14,,bis,עַ֖ד,8,False,,
13004043,15,,auf,עַ֖ד,8,False,,
13004043,16,,diesen,הַזֶּֽה׃,10,False,,
13004043,17,,Tag,הַיּ֥וֹם,9,False,,
13005001,1,,Und,וּבְנֵ֨י,1,False,,
13005001,2,,die,וּבְנֵ֨י,1,True,,
13005001,3,,Söhne,וּבְנֵ֨י,1,False,,
13005001,4,,Rubens,רְאוּבֵ֥ן,2,False,,
13005001,5,,des,בְּכֽוֹר־,3,True,,
13005001,6,,Erstgeborenen,בְּכֽוֹר־,3,False,,
13005001,7,,Israels,יִשְׂרָאֵל֮,4,False,,
13005001,8,,denn,כִּ֣י,5,False,,
13005001,9,,er,ה֣וּא,6,False,,
13005001,10,,war,ה֣וּא,6,False,,
13005001,11,,der,הַבְּכוֹר֒,7,True,,
13005001,12,,Erstgeborene,הַבְּכוֹר֒,7,False,,
13005001,13,,weil,כִּ֣י,5,False,,
13005001,13,,weil,וּֽבְחַלְּלוֹ֙,8,True,,
13005001,14,,er,וּֽבְחַלְּלוֹ֙,8,False,,
13005001,15,,aber,וּֽבְחַלְּלוֹ֙,8,False,,
13005001,16,,das,יְצוּעֵ֣י,9,True,,
13005001,17,,Lager,יְצוּעֵ֣י,9,False,,
13005001,18,,seines,אָבִ֔יו,10,True,,
13005001,19,,Vaters,אָבִ֔יו,10,False,,
13005001,20,,entweiht,וּֽבְחַלְּלוֹ֙,8,False,,
13005001,21,,hatte,וּֽבְחַלְּלוֹ֙,8,False,,
13005001,22,,wurde,נִתְּנָה֙,11,False,,
13005001,23,,sein,בְּכֹ֣רָת֔וֹ,12,True,,
13005001,24,,Erstgeburtsrecht,בְּכֹ֣רָת֔וֹ,12,False,,
13005001,25,,den,לִבְנֵ֥י,13,True,,
13005001,26,,Söhnen,לִבְנֵ֥י,13,False,,
13005001,27,,Josephs,יוֹסֵ֖ף,14,False,,
13005001,28,,des,בֶּן־,15,True,,
13005001,29,,Sohnes,בֶּן־,15,False,,
13005001,30,,Israels,יִשְׂרָאֵ֑ל,16,False,,
13005001,31,,gegeben,נִתְּנָה֙,11,False,,
13005001,32,,aber,וְלֹ֥א,17,False,,
13005001,33,,er,וְלֹ֥א,17,False,,
13005001,34,,wird,וְלֹ֥א,17,False,,
13005001,34,,wird,לְהִתְיַחֵ֖שׂ,18,False,,
13005001,35,,nicht,וְלֹ֥א,17,False,,
13005001,36,,nach,לְהִתְיַחֵ֖שׂ,18,False,,
13005001,37,,der,לַבְּכֹרָֽה׃,19,True,,
13005001,38,,Erstgeburt,לַבְּכֹרָֽה׃,19,False,,
13005001,39,,verzeichnet,לְהִתְיַחֵ֖שׂ,18,False,,
13005002,1,,Denn,כִּ֤י,1,False,,
13005002,2,,Juda,יְהוּדָה֙,2,False,,
13005002,3,,hatte,גָּבַ֣ר,3,False,,
13005002,4,,die,בְּאֶחָ֔יו,4,True,,
13005002,5,,Oberhand,בְּאֶחָ֔יו,4,False,,
13005002,6,,unter,בְּאֶחָ֔יו,4,True,,
13005002,7,,seinen,בְּאֶחָ֔יו,4,False,,
13005002,8,,Brüdern,בְּאֶחָ֔יו,4,False,,
13005002,9,,und,וּלְנָגִ֖יד,5,False,,
13005002,10,,der,וּלְנָגִ֖יד,5,True,,
13005002,11,,Fürst,וּלְנָגִ֖יד,5,False,,
13005002,12,,kommt,וּלְנָגִ֖יד,5,False,,
13005002,13,,aus,מִמֶּ֑נּוּ,6,False,,
13005002,14,,ihm,מִמֶּ֑נּוּ,6,False,,
13005002,15,,aber,וְהַבְּכֹרָ֖ה,7,False,,
13005002,16,,das,וְהַבְּכֹרָ֖ה,7,True,,
13005002,17,,Erstgeburtsrecht,וְהַבְּכֹרָ֖ה,7,False,,
13005002,18,,wurde,לְיוֹסֵֽף׃ ס,8,True,,
13005002,19,,dem,לְיוֹסֵֽף׃ ס,8,True,,
13005002,20,,Joseph,לְיוֹסֵֽף׃ ס,8,False,,
13005002,21,,zuteil,לְיוֹסֵֽף׃ ס,8,True,,
13005002,22,,,,,True,21,zuteil
13005003,1,,die,בְּנֵ֥י,1,False,,
13005003,2,,Söhne,בְּנֵ֥י,1,False,,
13005003,3,,Rubens,רְאוּבֵ֖ן,2,False,,
13005003,4,,des,בְּכ֣וֹר,3,False,,
13005003,5,,Erstgeborenen,בְּכ֣וֹר,3,False,,
13005003,6,,Israels,יִשְׂרָאֵ֑ל,4,False,,
13005003,7,,Hanok,חֲנ֥וֹךְ,5,False,,
13005003,8,,und,וּפַלּ֖וּא,6,False,,
13005003,9,,Pallu,וּפַלּ֖וּא,6,False,,
13005003,10,,Hezron,חֶצְר֥וֹן,7,False,,
13005003,11,,und,וְכַרְמִֽי׃,8,False,,
13005003,12,,Karmi,וְכַרְמִֽי׃,8,False,,
13005004,1,,Die,בְּנֵ֖י,1,False,,
13005004,2,,Söhne,בְּנֵ֖י,1,False,,
13005004,3,,Joels,יוֹאֵ֑ל,2,False,,
13005004,4,,dessen,בְנ֛וֹ,4,False,,
13005004,5,,Sohn,בְנ֛וֹ,4,False,,
13005004,6,,Schemaja,שְׁמַֽעְיָ֥ה,3,False,,
13005004,7,,dessen,בְּנ֖וֹ,6,False,,
13005004,8,,Sohn,בְּנ֖וֹ,6,False,,
13005004,9,,Gog,גּ֥וֹג,5,False,,
13005004,10,,dessen,בְנֽוֹ׃,8,False,,
13005004,11,,Sohn,בְנֽוֹ׃,8,False,,
13005004,12,,Simei,שִׁמְעִ֥י,7,False,,
13005005,1,,dessen,בְנ֛וֹ,2,False,,
13005005,2,,Sohn,בְנ֛וֹ,2,False,,
13005005,3,,Micha,מִיכָ֥ה,1,False,,
13005005,4,,dessen,בְנ֖וֹ,4,False,,
13005005,5,,Sohn,בְנ֖וֹ,4,False,,
13005005,6,,Reaja,רְאָיָ֥ה,3,False,,
13005005,7,,dessen,בְּנֽוֹ׃,6,False,,
13005005,8,,Sohn,בְּנֽוֹ׃,6,False,,
13005005,9,,Baal,בַּ֥עַל,5,False,,
13005006,1,,dessen,בְנ֔וֹ,2,False,,
13005006,2,,Sohn,בְנ֔וֹ,2,False,,
13005006,3,,Beera,בְּאֵרָ֣ה,1,False,,
13005006,4,,welchen,אֲשֶׁ֣ר,3,False,,
13005006,5,Tilgath,Tilgath-Pilneser,תִּלְּגַ֥ת,5,True,,
13005006,5,Pilneser,Tilgath-Pilneser,פִּלְנְאֶ֖סֶר,6,False,,
13005006,6,,der,מֶ֣לֶךְ,7,False,,
13005006,7,,König,מֶ֣לֶךְ,7,False,,
13005006,8,,von,אַשֻּׁ֑ר,8,False,,
13005006,9,,Assyrien,אַשֻּׁ֑ר,8,False,,
13005006,10,,wegführte,הֶגְלָ֔ה,4,False,,
13005006,11,,er,ה֥וּא,9,False,,
13005006,12,,war,ה֥וּא,9,False,,
13005006,13,,ein,נָשִׂ֖יא,10,False,,
13005006,14,,Fürst,נָשִׂ֖יא,10,False,,
13005006,15,,der,לָרֽאוּבֵנִֽי׃,11,False,,
13005006,16,,Rubeniter,לָרֽאוּבֵנִֽי׃,11,False,,
13005007,1,,Und,וְאֶחָיו֙,1,False,,
13005007,2,,seine,וְאֶחָיו֙,1,False,,
13005007,3,,Brüder,וְאֶחָיו֙,1,False,,
13005007,4,,nach,לְמִשְׁפְּחֹתָ֔יו,2,False,,
13005007,5,,ihren,לְמִשְׁפְּחֹתָ֔יו,2,False,,
13005007,6,,Familien,לְמִשְׁפְּחֹתָ֔יו,2,False,,
13005007,7,,nach,בְּהִתְיַחֵ֖שׂ,3,False,,
13005007,8,,dem,בְּהִתְיַחֵ֖שׂ,3,False,,
13005007,9,,Verzeichnis,בְּהִתְיַחֵ֖שׂ,3,False,,
13005007,10,,ihrer,לְתֹלְדוֹתָ֑ם,4,False,,
13005007,11,,Geschlechter,לְתֹלְדוֹתָ֑ם,4,False,,
13005007,12,,waren,הָרֹ֥אשׁ,5,False,,
13005007,13,,das,הָרֹ֥אשׁ,5,False,,
13005007,14,,Haupt,הָרֹ֥אשׁ,5,False,,
13005007,15,,Jehiel,יְעִיאֵ֖ל,6,False,,
13005007,16,,und,וּזְכַרְיָֽהוּ׃,7,False,,
13005007,17,,Sekarja,וּזְכַרְיָֽהוּ׃,7,False,,
13005008,1,,und,וּבֶ֙לַע֙,1,False,,
13005008,2,,Bela,וּבֶ֙לַע֙,1,False,,
13005008,3,,der,בֶּן־,2,False,,
13005008,4,,Sohn,בֶּן־,2,False,,
13005008,5,,Asas,עָזָ֔ז,3,False,,
13005008,6,,des,בֶּן־,4,False,,
13005008,7,,Sohnes,בֶּן־,4,False,,
13005008,8,,Schemas,שֶׁ֖מַע,5,False,,
13005008,9,,des,בֶּן־,6,False,,
13005008,10,,Sohnes,בֶּן־,6,False,,
13005008,11,,Joels,יוֹאֵ֑ל,7,False,,
13005008,12,,dieser,ה֚וּא,8,False,,
13005008,13,,wohnte,יוֹשֵׁ֣ב,9,False,,
13005008,14,,in,בַּעֲרֹעֵ֔ר,10,False,,
13005008,15,,Aroer,בַּעֲרֹעֵ֔ר,10,False,,
13005008,16,,und,וְעַד־,11,False,,
13005008,17,,bis,וְעַד־,11,False,,
13005008,18,,Nebo,נְב֖וֹ,12,False,,
13005008,19,,und,וּבַ֥עַל,13,False,,
13005008,20,Baal,Baal-Meon,וּבַ֥עַל,13,True,,
13005008,20,Meon,Baal-Meon,מְעֽוֹן׃,14,False,,
13005009,1,,und,וְלַמִּזְרָ֗ח,1,False,,
13005009,2,,gegen,וְלַמִּזְרָ֗ח,1,False,,
13005009,3,,Osten,וְלַמִּזְרָ֗ח,1,False,,
13005009,4,,wohnte,יָשַׁב֙,2,False,,
13005009,5,,er,יָשַׁב֙,2,False,,
13005009,6,,bis,עַד־,3,False,,
13005009,7,,zu,לְב֣וֹא,4,False,,
13005009,8,,der,מִדְבָּ֔רָה,5,True,,
13005009,9,,Wüste,מִדְבָּ֔רָה,5,False,,
13005009,10,,welche,לְמִן־,6,False,,
13005009,11,,sich,לְמִן־,6,False,,
13005009,12,,von,לְמִן־,6,False,,
13005009,13,,dem,הַנָּהָ֖ר,7,False,,
13005009,14,,Strome,הַנָּהָ֖ר,7,False,,
13005009,15,,Phrat,פְּרָ֑ת,8,False,,
13005009,16,,her,פְּרָ֑ת,8,False,,
13005009,17,,erstreckt,רָב֖וּ,11,False,,
13005009,18,,denn,כִּ֧י,9,False,,
13005009,19,,ihre,מִקְנֵיהֶ֛ם,10,False,,
13005009,20,,Herden,מִקְנֵיהֶ֛ם,10,False,,
13005009,21,,waren,רָב֖וּ,11,False,,
13005009,22,,zahlreich,רָב֖וּ,11,False,,
13005009,23,,im,בְּאֶ֥רֶץ,12,False,,
13005009,24,,Lande,בְּאֶ֥רֶץ,12,False,,
13005009,25,,Gilead,גִּלְעָֽד׃,13,False,,
13005010,1,,Und,וּבִימֵ֣י,1,False,,
13005010,2,,in,וּבִימֵ֣י,1,False,,
13005010,3,,den,וּבִימֵ֣י,1,False,,
13005010,4,,Tagen,וּבִימֵ֣י,1,False,,
13005010,5,,Sauls,שָׁא֗וּל,2,False,,
13005010,6,,führten,עָשׂ֤וּ,3,False,,
13005010,7,,sie,עָשׂ֤וּ,3,False,,
13005010,8,,Krieg,מִלְחָמָה֙,4,False,,
13005010,9,,mit,עִם־,5,False,,
13005010,10,,den,הַֽהַגְרִאִ֔ים,6,False,,
13005010,11,,Hageritern,הַֽהַגְרִאִ֔ים,6,False,,
13005010,12,,und,וַֽיִּפְּל֖וּ,7,False,,
13005010,13,,diese,וַֽיִּפְּל֖וּ,7,False,,
13005010,14,,fielen,וַֽיִּפְּל֖וּ,7,False,,
13005010,15,,durch,בְּיָדָ֑ם,8,False,,
13005010,16,,ihre,בְּיָדָ֑ם,8,False,,
13005010,17,,Hand,בְּיָדָ֑ם,8,False,,
13005010,18,,und,וַיֵּשְׁבוּ֙,9,False,,
13005010,19,,sie,וַיֵּשְׁבוּ֙,9,False,,
13005010,20,,wohnten,וַיֵּשְׁבוּ֙,9,False,,
13005010,21,,in,בְּאָ֣הֳלֵיהֶ֔ם,10,False,,
13005010,22,,ihren,בְּאָ֣הֳלֵיהֶ֔ם,10,False,,
13005010,23,,Zelten,בְּאָ֣הֳלֵיהֶ֔ם,10,False,,
13005010,24,,auf,עַֽל־,11,False,,
13005010,25,,der,כָּל־,12,False,,
13005010,26,,ganzen,כָּל־,12,False,,
13005010,27,,Ostseite,פְּנֵ֖י,13,False,,
13005010,28,,von,מִזְרָ֥ח,14,False,,
13005010,29,,Gilead,לַגִּלְעָֽד׃ פ,15,False,,
13005011,1,,Und,וּבְנֵי־,1,False,,
13005011,2,,die,וּבְנֵי־,1,False,,
13005011,3,,Kinder,וּבְנֵי־,1,False,,
13005011,4,,Gad,גָ֣ד,2,False,,
13005011,5,,wohnten,יָֽשְׁב֛וּ,4,False,,
13005011,6,,ihnen,לְנֶגְדָּ֗ם,3,False,,
13005011,7,,gegenüber,לְנֶגְדָּ֗ם,3,False,,
13005011,8,,im,בְּאֶ֥רֶץ,5,False,,
13005011,9,,Lande,בְּאֶ֥רֶץ,5,False,,
13005011,10,,Basan,הַבָּשָׁ֖ן,6,False,,
13005011,11,,bis,עַד־,7,False,,
13005011,12,,Salka,סַלְכָֽה׃,8,False,,
13005012,1,,Joel,יוֹאֵ֣ל,1,False,,
13005012,2,,das,הָרֹ֔אשׁ,2,False,,
13005012,3,,Haupt,הָרֹ֔אשׁ,2,False,,
13005012,4,,und,וְשָׁפָ֖ם,3,False,,
13005012,5,,Schapham,וְשָׁפָ֖ם,3,False,,
13005012,6,,der,הַמִּשְׁנֶ֑ה,4,False,,
13005012,7,,zweite,הַמִּשְׁנֶ֑ה,4,False,,
13005012,8,,und,וְיַעְנַ֥י,5,False,,
13005012,9,,Jahnai,וְיַעְנַ֥י,5,False,,
13005012,10,,und,וְשָׁפָ֖ט,6,False,,
13005012,11,,Schaphat,וְשָׁפָ֖ט,6,False,,
13005012,12,,in,בַּבָּשָֽׁן׃,7,False,,
13005012,13,,Basan,בַּבָּשָֽׁן׃,7,False,,
13005013,1,,Und,וַאֲחֵיהֶ֞ם,1,False,,
13005013,2,,ihre,וַאֲחֵיהֶ֞ם,1,False,,
13005013,3,,Brüder,וַאֲחֵיהֶ֞ם,1,False,,
13005013,4,,nach,לְבֵ֣ית,2,False,,
13005013,5,,ihren,אֲבוֹתֵיהֶ֗ם,3,False,,
13005013,6,,Vaterhäusern,אֲבוֹתֵיהֶ֗ם,3,False,,
13005013,7,,Michael,מִֽיכָאֵ֡ל,4,False,,
13005013,8,,und,וּמְשֻׁלָּ֡ם,5,False,,
13005013,9,,Meschullam,וּמְשֻׁלָּ֡ם,5,False,,
13005013,10,,und,וְ֠שֶׁבַע,6,False,,
13005013,11,,Scheba,וְ֠שֶׁבַע,6,False,,
13005013,12,,und,וְיוֹרַ֧י,7,False,,
13005013,13,,Jorai,וְיוֹרַ֧י,7,False,,
13005013,14,,und,וְיַעְכָּ֛ן,8,False,,
13005013,15,,Jakan,וְיַעְכָּ֛ן,8,False,,
13005013,16,,und,וְזִ֥יעַ,9,False,,
13005013,17,,Sia,וְזִ֥יעַ,9,False,,
13005013,18,,und,וָעֵ֖בֶר,10,False,,
13005013,19,,Heber,וָעֵ֖בֶר,10,False,,
13005013,20,,sieben,שִׁבְעָֽה׃ ס,11,False,,
13005014,1,,Das,אֵ֣לֶּה׀,1,False,,
13005014,2,,waren,אֵ֣לֶּה׀,1,False,,
13005014,3,,die,בְּנֵ֣י,2,False,,
13005014,4,,Söhne,בְּנֵ֣י,2,False,,
13005014,5,,Abichails,אֲבִיחַ֗יִל,3,False,,
13005014,6,,des,בֶּן־,4,False,,
13005014,7,,Sohnes,בֶּן־,4,False,,
13005014,8,,Huris,חוּרִ֡י,5,False,,
13005014,9,,des,בֶּן־,6,False,,
13005014,10,,Sohnes,בֶּן־,6,False,,
13005014,11,,Jaroachs,יָ֠רוֹחַ,7,False,,
13005014,12,,des,בֶּן־,8,False,,
13005014,13,,Sohnes,בֶּן־,8,False,,
13005014,14,,Gileads,גִּלְעָ֧ד,9,False,,
13005014,15,,des,בֶּן־,10,False,,
13005014,16,,Sohnes,בֶּן־,10,False,,
13005014,17,,Michaels,מִיכָאֵ֛ל,11,False,,
13005014,18,,des,בֶּן־,12,False,,
13005014,19,,Sohnes,בֶּן־,12,False,,
13005014,20,,Jeschischais,יְשִׁישַׁ֥י,13,False,,
13005014,21,,des,בֶּן־,14,False,,
13005014,22,,Sohnes,בֶּן־,14,False,,
13005014,23,,Jachdos,יַחְדּ֖וֹ,15,False,,
13005014,24,,des,בֶּן־,16,False,,
13005014,25,,Sohnes,בֶּן־,16,False,,
13005014,26,,Bus,בּֽוּז׃,17,False,,
13005015,1,,Achi,אֲחִי֙,1,False,,
13005015,2,,der,בֶּן־,2,True,,
13005015,3,,Sohn,בֶּן־,2,False,,
13005015,4,,Abdiels,עַבְדִּיאֵ֣ל,3,False,,
13005015,5,,des,בֶּן־,4,False,,
13005015,6,,Sohnes,בֶּן־,4,False,,
13005015,7,,Gunis,גּוּנִ֔י,5,False,,
13005015,8,,war,רֹ֖אשׁ,6,False,,
13005015,9,,das,רֹ֖אשׁ,6,False,,
13005015,10,,Haupt,רֹ֖אשׁ,6,False,,
13005015,11,,ihres,לְבֵ֥ית,7,False,,
13005015,12,,Vaterhauses,אֲבוֹתָֽם׃,8,False,,
13005016,1,,Und,וַיֵּֽשְׁב֛וּ,1,False,,
13005016,2,,sie,וַיֵּֽשְׁב֛וּ,1,False,,
13005016,3,,wohnten,וַיֵּֽשְׁב֛וּ,1,False,,
13005016,4,,in,בַּגִּלְעָ֥ד,2,False,,
13005016,5,,Gilead,בַּגִּלְעָ֥ד,2,False,,
13005016,6,,in,בַּבָּשָׁ֖ן,3,False,,
13005016,7,,Basan,בַּבָּשָׁ֖ן,3,False,,
13005016,8,,und,וּבִבְנֹתֶ֑יהָ,4,False,,
13005016,9,,in,וּבִבְנֹתֶ֑יהָ,4,False,,
13005016,10,,deren,וּבִבְנֹתֶ֑יהָ,4,False,,
13005016,11,,Tochterstädten,וּבִבְנֹתֶ֑יהָ,4,False,,
13005016,12,,und,וּבְכָֽל־,5,False,,
13005016,13,,in,וּבְכָֽל־,5,False,,
13005016,14,,allen,וּבְכָֽל־,5,False,,
13005016,15,,Weidetriften,מִגְרְשֵׁ֥י,6,False,,
13005016,16,,Sarons,שָׁר֖וֹן,7,False,,
13005016,17,,bis,עַל־,8,False,,
13005016,18,,an,עַל־,8,False,,
13005016,19,,ihre,תּוֹצְאוֹתָֽם׃,9,False,,
13005016,20,,Ausgänge,תּוֹצְאוֹתָֽם׃,9,False,,
13005017,1,,Diese,כֻּלָּם֙,1,False,,
13005017,2,,alle,כֻּלָּם֙,1,False,,
13005017,3,,sind,הִתְיַחְשׂ֔וּ,2,False,,
13005017,4,,verzeichnet,הִתְיַחְשׂ֔וּ,2,False,,
13005017,5,,worden,הִתְיַחְשׂ֔וּ,2,False,,
13005017,6,,in,בִּימֵ֖י,3,False,,
13005017,7,,den,בִּימֵ֖י,3,False,,
13005017,8,,Tagen,בִּימֵ֖י,3,False,,
13005017,9,,Jothams,יוֹתָ֣ם,4,False,,
13005017,10,,des,מֶֽלֶךְ־,5,False,,
13005017,11,,Königs,מֶֽלֶךְ־,5,False,,
13005017,12,,von,יְהוּדָ֑ה,6,False,,
13005017,13,,Juda,יְהוּדָ֑ה,6,False,,
13005017,14,,und,וּבִימֵ֖י,7,False,,
13005017,15,,in,וּבִימֵ֖י,7,False,,
13005017,16,,den,וּבִימֵ֖י,7,False,,
13005017,17,,Tagen,וּבִימֵ֖י,7,False,,
13005017,18,,Jerobeams,יָרָבְעָ֥ם,8,False,,
13005017,19,,des,מֶֽלֶךְ־,9,False,,
13005017,20,,Königs,מֶֽלֶךְ־,9,False,,
13005017,21,,von,יִשְׂרָאֵֽל׃ פ,10,False,,
13005017,22,,Israel,יִשְׂרָאֵֽל׃ פ,10,False,,
13005018,1,,Die,בְּנֵֽי־,1,False,,
13005018,2,,Kinder,בְּנֵֽי־,1,False,,
13005018,3,,Ruben,רְאוּבֵ֨ן,2,False,,
13005018,4,,und,וְגָדִ֜י,3,False,,
13005018,5,,die,וְגָדִ֜י,3,False,,
13005018,6,,Gaditer,וְגָדִ֜י,3,False,,
13005018,7,,und,וַחֲצִ֥י,4,False,,
13005018,8,,der,שֵֽׁבֶט־,5,False,,
13005018,9,,halbe,וַחֲצִ֥י,4,False,,
13005018,10,,Stamm,שֵֽׁבֶט־,5,False,,
13005018,11,,Manasse,מְנַשֶּׁה֮,6,False,,
13005018,12,,was,מִן־,7,False,,
13005018,13,,tapfere,חַיִל֒,9,False,,
13005018,14,,Männer,אֲ֠נָשִׁים,10,False,,
13005018,15,,waren,חַיִל֒,9,False,,
13005018,16,,Männer,אֲ֠נָשִׁים,10,False,,
13005018,17,,die,נֹשְׂאֵ֨י,11,False,,
13005018,18,,Schild,מָגֵ֤ן,12,False,,
13005018,19,,und,וְחֶ֙רֶב֙,13,False,,
13005018,20,,Schwert,וְחֶ֙רֶב֙,13,False,,
13005018,21,,trugen,נֹשְׂאֵ֨י,11,False,,
13005018,22,,und,וְדֹ֣רְכֵי,14,False,,
13005018,23,,den,וְדֹ֣רְכֵי,14,False,,
13005018,24,,Bogen,קֶ֔שֶׁת,15,False,,
13005018,25,,spannten,וְדֹ֣רְכֵי,14,False,,
13005018,26,,und,וּלְמוּדֵ֖י,16,False,,
13005018,27,,des,וּלְמוּדֵ֖י,16,False,,
13005018,28,,Krieges,מִלְחָמָ֑ה,17,False,,
13005018,29,,kundig,וּלְמוּדֵ֖י,16,False,,
13005018,30,,waren,מִלְחָמָ֑ה,17,False,,
13005018,31,,44760,אַרְבָּעִ֨ים,18,False,,
13005018,31,,44760,וְאַרְבָּעָ֥ה,19,False,,
13005018,31,,44760,אֶ֛לֶף,20,False,,
13005018,31,,44760,וּשְׁבַע־,21,False,,
13005018,31,,44760,מֵא֥וֹת,22,False,,
13005018,31,,44760,וְשִׁשִּׁ֖ים,23,False,,
13005018,32,,die,יֹצְאֵ֥י,24,False,,
13005018,33,,zum,יֹצְאֵ֥י,24,False,,
13005018,34,,Heere,צָבָֽא׃,25,False,,
13005018,35,,auszogen,יֹצְאֵ֥י,24,False,,
13005019,1,,Und,וַיַּעֲשׂ֥וּ,1,False,,
13005019,2,,sie,וַיַּעֲשׂ֥וּ,1,False,,
13005019,3,,führten,וַיַּעֲשׂ֥וּ,1,False,,
13005019,4,,Krieg,מִלְחָמָ֖ה,2,False,,
13005019,5,,mit,עִם־,3,False,,
13005019,6,,den,הַֽהַגְרִיאִ֑ים,4,False,,
13005019,7,,Hageritern,הַֽהַגְרִיאִ֑ים,4,False,,
13005019,8,,und,וִיט֥וּר,5,False,,
13005019,9,,mit,וִיט֥וּר,5,False,,
13005019,10,,Jetur,וִיט֥וּר,5,False,,
13005019,11,,und,וְנָפִ֖ישׁ,6,False,,
13005019,12,,Naphisch,וְנָפִ֖ישׁ,6,False,,
13005019,13,,und,וְנוֹדָֽב׃,7,False,,
13005019,14,,Nodab,וְנוֹדָֽב׃,7,False,,
13005020,1,,und,וַיֵּעָזְר֣וּ,1,False,,
13005020,2,,es,וַיֵּעָזְר֣וּ,1,False,,
13005020,3,,wurde,וַיֵּעָזְר֣וּ,1,False,,
13005020,4,,ihnen,עֲלֵיהֶ֔ם,2,False,,
13005020,5,,wider,וַיֵּעָזְר֣וּ,1,False,,
13005020,6,,sie,עֲלֵיהֶ֔ם,2,False,,
13005020,7,,geholfen,וַיֵּעָזְר֣וּ,1,False,,
13005020,8,,und,וַיִּנָּתְנ֤וּ,3,False,,
13005020,9,,die,הַֽהַגְרִיאִ֔ים,5,False,,
13005020,10,,Hageriter,הַֽהַגְרִיאִ֔ים,5,False,,
13005020,11,,wurden,וַיִּנָּתְנ֤וּ,3,False,,
13005020,12,,in,בְיָדָם֙,4,False,,
13005020,13,,ihre,בְיָדָם֙,4,False,,
13005020,14,,Hand,בְיָדָם֙,4,False,,
13005020,15,,gegeben,וַיִּנָּתְנ֤וּ,3,False,,
13005020,16,,samt,וְכֹ֖ל,6,False,,
13005020,17,,allen,וְכֹ֖ל,6,False,,
13005020,18,,die,שֶׁ֣עִמָּהֶ֑ם,7,False,,
13005020,19,,mit,שֶׁ֣עִמָּהֶ֑ם,7,False,,
13005020,20,,ihnen,שֶׁ֣עִמָּהֶ֑ם,7,False,,
13005020,21,,waren,שֶׁ֣עִמָּהֶ֑ם,7,False,,
13005020,22,,denn,כִּ֠י,8,False,,
13005020,23,,sie,זָעֲקוּ֙,10,False,,
13005020,24,,schrieen,זָעֲקוּ֙,10,False,,
13005020,25,,zu,לֵאלֹהִ֤ים,9,False,,
13005020,26,,Gott,לֵאלֹהִ֤ים,9,False,,
13005020,27,,im,בַּמִּלְחָמָ֔ה,11,False,,
13005020,28,,Streit,בַּמִּלְחָמָ֔ה,11,False,,
13005020,29,,und,וְנַעְתּ֥וֹר,12,False,,
13005020,30,,er,וְנַעְתּ֥וֹר,12,False,,
13005020,31,,ließ,וְנַעְתּ֥וֹר,12,False,,
13005020,32,,sich,וְנַעְתּ֥וֹר,12,False,,
13005020,33,,von,וְנַעְתּ֥וֹר,12,False,,
13005020,34,,ihnen,לָהֶ֖ם,13,False,,
13005020,35,,erbitten,וְנַעְתּ֥וֹר,12,False,,
13005020,36,,weil,כִּי־,14,False,,
13005020,37,,sie,בָ֥טְחוּ,15,False,,
13005020,38,,auf,בָ֥טְחוּ,15,False,,
13005020,39,,ihn,בֽוֹ׃,16,False,,
13005020,40,,vertraut,בָ֥טְחוּ,15,False,,
13005020,41,,hatten,בָ֥טְחוּ,15,False,,
13005021,1,,Und,וַיִּשְׁבּ֣וּ,1,False,,
13005021,2,,sie,וַיִּשְׁבּ֣וּ,1,False,,
13005021,3,,führten,וַיִּשְׁבּ֣וּ,1,False,,
13005021,4,,ihr,מִקְנֵיהֶ֗ם,2,False,,
13005021,5,,Vieh,מִקְנֵיהֶ֗ם,2,False,,
13005021,6,,hinweg,וַיִּשְׁבּ֣וּ,1,False,,
13005021,7,,50000,חֲמִשִּׁ֥ים,4,False,,
13005021,7,,50000,אֶ֙לֶף֙,5,False,,
13005021,8,,Kamele,גְּֽמַלֵּיהֶ֞ם,3,False,,
13005021,9,,und,וְצֹ֗אן,6,False,,
13005021,10,,250000,מָאתַ֤יִם,7,False,,
13005021,10,,250000,וַחֲמִשִּׁים֙,8,False,,
13005021,10,,250000,אֶ֔לֶף,9,False,,
13005021,11,,Stück,וְצֹ֗אן,6,False,,
13005021,12,,Kleinvieh,וְצֹ֗אן,6,False,,
13005021,13,,und,וַחֲמוֹרִ֖ים,10,False,,
13005021,14,,2000,אַלְפָּ֑יִם,11,False,,
13005021,15,,Esel,וַחֲמוֹרִ֖ים,10,False,,
13005021,16,,und,וְנֶ֥פֶשׁ,12,False,,
13005021,17,,100000,מֵ֥אָה,14,False,,
13005021,17,,100000,אָֽלֶף׃,15,False,,
13005021,18,,Menschenseelen,וְנֶ֥פֶשׁ,12,False,,
13005021,18,,Menschenseelen,אָדָ֖ם,13,False,,
13005022,1,,Denn,כִּֽי־,1,False,,
13005022,2,,es,כִּֽי־,1,True,,
13005022,3,,fielen,נָפָ֔לוּ,4,False,,
13005022,4,,viele,רַבִּים֙,3,False,,
13005022,5,,Erschlagene,חֲלָלִ֤ים,2,False,,
13005022,6,,weil,כִּ֥י,5,False,,
13005022,7,,der,הַמִּלְחָמָ֑ה,7,True,,
13005022,8,,Streit,הַמִּלְחָמָ֑ה,7,False,,
13005022,9,,von,מֵהָאֱלֹהִ֖ים,6,False,,
13005022,10,,Gott,מֵהָאֱלֹהִ֖ים,6,False,,
13005022,11,,war,מֵהָאֱלֹהִ֖ים,6,True,,
13005022,12,,Und,וַיֵּשְׁב֥וּ,8,False,,
13005022,13,,sie,וַיֵּשְׁב֥וּ,8,False,,
13005022,14,,wohnten,וַיֵּשְׁב֥וּ,8,False,,
13005022,15,,an,תַחְתֵּיהֶ֖ם,9,False,,
13005022,16,,ihrer,תַחְתֵּיהֶ֖ם,9,False,,
13005022,17,,Statt,תַחְתֵּיהֶ֖ם,9,False,,
13005022,18,,bis,עַד־,10,False,,
13005022,19,,zur,הַגֹּלָֽה׃ פ,11,False,,
13005022,20,,Wegführung,הַגֹּלָֽה׃ פ,11,False,,
13005023,1,,Und,וּבְנֵ֗י,1,False,,
13005023,2,,die,וּבְנֵ֗י,1,True,,
13005023,3,,Kinder,וּבְנֵ֗י,1,False,,
13005023,4,,des,שֵׁ֣בֶט,3,True,,
13005023,5,,halben,חֲצִי֙,2,False,,
13005023,6,,Stammes,שֵׁ֣בֶט,3,False,,
13005023,7,,Manasse,מְנַשֶּׁ֔ה,4,False,,
13005023,8,,wohnten,יָשְׁב֖וּ,5,False,,
13005023,9,,im,בָּאָ֑רֶץ,6,False,,
13005023,10,,Lande,בָּאָ֑רֶץ,6,False,,
13005023,11,,von,מִבָּשָׁ֞ן,7,False,,
13005023,12,,Basan,מִבָּשָׁ֞ן,7,False,,
13005023,13,,bis,עַד־,8,False,,
13005023,14,Baal,Baal-Hermon,בַּ֧עַל,9,True,,
13005023,14,Hermon,Baal-Hermon,חֶרְמ֛וֹן,10,False,,
13005023,15,,und,וּשְׂנִ֥יר,11,False,,
13005023,16,,bis,וּשְׂנִ֥יר,11,False,,
13005023,17,,zum,וְהַר־,12,False,,
13005023,18,,Senir,וּשְׂנִ֥יר,11,False,,
13005023,19,,und,וְהַר־,12,False,,
13005023,20,,bis,וְהַר־,12,False,,
13005023,21,,zum,וְהַר־,12,False,,
13005023,22,,Berge,וְהַר־,12,False,,
13005023,23,,Hermon,חֶרְמ֖וֹן,13,False,,
13005023,24,,sie,הֵ֥מָּה,14,False,,
13005023,25,,waren,הֵ֥מָּה,14,False,,
13005023,26,,zahlreich,רָבֽוּ׃,15,False,,
13005024,1,,Und,וְאֵ֖לֶּה,1,False,,
13005024,2,,dies,וְאֵ֖לֶּה,1,False,,
13005024,3,,waren,וְאֵ֖לֶּה,1,True,,
13005024,4,,die,רָאשֵׁ֣י,2,True,,
13005024,5,,Häupter,רָאשֵׁ֣י,2,False,,
13005024,6,,ihrer,אֲבוֹתָ֑ם,4,False,,
13005024,7,,Vaterhäuser,בֵית־,3,False,,
13005024,8,,nämlich,אֲבוֹתָ֑ם,4,True,,
13005024,9,,Epher,וְעֵ֡פֶר,5,False,,
13005024,10,,und,וְעֵ֡פֶר,5,False,,
13005024,11,,Jischi,וְיִשְׁעִ֡י,6,False,,
13005024,12,,und,וְיִשְׁעִ֡י,6,False,,
13005024,13,,Eliel,וֶאֱלִיאֵ֡ל,7,False,,
13005024,14,,und,וֶאֱלִיאֵ֡ל,7,False,,
13005024,15,,Asriel,וְ֠עַזְרִיאֵל,8,False,,
13005024,16,,und,וְ֠עַזְרִיאֵל,8,False,,
13005024,17,,Jeremja,וְיִרְמְיָ֨ה,9,False,,
13005024,18,,und,וְיִרְמְיָ֨ה,9,False,,
13005024,19,,Hodawja,וְהוֹדַוְיָ֜ה,10,False,,
13005024,20,,und,וְהוֹדַוְיָ֜ה,10,False,,
13005024,21,,Jachdiel,וְיַחְדִּיאֵ֗ל,11,False,,
13005024,22,,tapfere,חַ֔יִל,14,False,,
13005024,23,,Kriegsmänner,אֲנָשִׁים֙,12,False,,
13005024,24,,Männer,אַנְשֵׁ֣י,15,False,,
13005024,25,,von,אַנְשֵׁ֣י,15,False,,
13005024,26,,Namen,שֵׁמ֔וֹת,16,False,,
13005024,27,,Häupter,רָאשִׁ֖ים,17,False,,
13005024,28,,ihrer,אֲבוֹתָֽם׃,19,False,,
13005024,29,,Vaterhäuser,לְבֵ֥ית,18,False,,
13005024,30,,,אֲבוֹתָֽם׃,19,True,,
13005025,1,,Aber,וַיִּֽמְעֲל֔וּ,1,False,,
13005025,2,,sie,וַיִּֽמְעֲל֔וּ,1,False,,
13005025,3,,handelten,וַיִּֽמְעֲל֔וּ,1,False,,
13005025,4,,treulos,וַיִּֽמְעֲל֔וּ,1,False,,
13005025,5,,gegen,אַחֲרֵי֙,5,False,,
13005025,6,,den,אֱלֹהֵ֣י,6,True,,
13005025,7,,Gott,אֱלֹהֵ֣י,6,False,,
13005025,8,,ihrer,אֲבוֹתֵיהֶ֑ם,3,False,,
13005025,9,,Väter,אֲבוֹתֵיהֶ֑ם,3,False,,
13005025,10,,und,וַיִּזְנ֗וּ,4,False,,
13005025,11,,hurten,וַיִּזְנ֗וּ,4,False,,
13005025,12,,den,אֱלֹהֵ֣י,6,True,,
13005025,13,,Göttern,עַמֵּי־,7,False,,
13005025,14,,der,הָאָ֔רֶץ,8,True,,
13005025,15,,Völker,עַמֵּי־,7,False,,
13005025,16,,des,הָאָ֔רֶץ,8,True,,
13005025,17,,Landes,הָאָ֔רֶץ,8,False,,
13005025,18,,nach,אֲשֶׁר־,9,False,,
13005025,19,,welche,אֲשֶׁר־,9,False,,
13005025,20,,Gott,אֱלֹהִ֖ים,11,False,,
13005025,21,,vor,מִפְּנֵיהֶֽם׃,12,False,,
13005025,22,,ihnen,מִפְּנֵיהֶֽם׃,12,False,,
13005025,23,,vertilgt,הִשְׁמִ֥יד,10,False,,
13005025,24,,hatte,הִשְׁמִ֥יד,10,False,,
13005026,1,,Da,וַיָּעַר֩,1,False,,
13005026,2,,erweckte,וַיָּעַר֩,1,False,,
13005026,3,,der,אֱלֹהֵ֨י,2,True,,
13005026,4,,Gott,אֱלֹהֵ֨י,2,False,,
13005026,5,,Israels,יִשְׂרָאֵ֜ל,3,False,,
13005026,6,,den,אֶת־,4,True,,
13005026,7,,Geist,ר֣וּחַ׀,5,False,,
13005026,8,,Puls,פּ֣וּל,6,False,,
13005026,9,,des,מֶֽלֶךְ־,7,False,,
13005026,10,,Königs,מֶֽלֶךְ־,7,False,,
13005026,11,,von,אַשּׁ֗וּר,8,False,,
13005026,12,,Assyrien,אַשּׁ֗וּר,8,False,,
13005026,13,,und,וְאֶת־,9,False,,
13005026,14,,den,וְאֶת־,9,True,,
13005026,15,,Geist,ר֙וּחַ֙,10,False,,
13005026,16,Tilgath,Tilgath-Pilnesers,תִּלְּגַ֤ת,11,True,,
13005026,16,Pilneser,Tilgath-Pilnesers,פִּלְנֶ֙סֶר֙,12,False,,
13005026,17,,des,מֶ֣לֶךְ,13,False,,
13005026,18,,Königs,מֶ֣לֶךְ,13,False,,
13005026,19,,von,אַשּׁ֔וּר,14,False,,
13005026,20,,Assyrien,אַשּׁ֔וּר,14,False,,
13005026,21,,und,וַיַּגְלֵם֙,15,False,,
13005026,22,,er,וַיַּגְלֵם֙,15,False,,
13005026,23,,führte,וַיַּגְלֵם֙,15,False,,
13005026,24,,sie,וַיַּגְלֵם֙,15,False,,
13005026,25,,hinweg,וַיַּגְלֵם֙,15,False,,
13005026,26,,die,לָראוּבֵנִ֣י,16,True,,
13005026,27,,Rubeniter,לָראוּבֵנִ֣י,16,False,,
13005026,28,,und,וְלַגָּדִ֔י,17,False,,
13005026,29,,die,וְלַגָּדִ֔י,17,True,,
13005026,30,,Gaditer,וְלַגָּדִ֔י,17,False,,
13005026,31,,und,וְלַחֲצִ֖י,18,False,,
13005026,32,,den,וְלַחֲצִ֖י,18,True,,
13005026,33,,halben,וְלַחֲצִ֖י,18,False,,
13005026,34,,Stamm,שֵׁ֣בֶט,19,False,,
13005026,35,,Manasse,מְנַשֶּׁ֑ה,20,False,,
13005026,36,,und,וַ֠יְבִיאֵם,21,False,,
13005026,37,,brachte,וַ֠יְבִיאֵם,21,False,,
13005026,38,,sie,וַ֠יְבִיאֵם,21,False,,
13005026,39,,nach,לַחְלַ֨ח,22,False,,
13005026,40,,Halach,לַחְלַ֨ח,22,False,,
13005026,41,,und,וְחָב֤וֹר,23,False,,
13005026,42,,an,וְחָב֤וֹר,23,False,,
13005026,43,,den,וְהָרָא֙,24,True,,
13005026,44,,Habor,וְהָרָא֙,24,False,,
13005026,45,,und,וּנְהַ֣ר,25,False,,
13005026,46,,nach,וּנְהַ֣ר,25,False,,
13005026,47,,Hara,וְהָרָא֙,24,False,,
13005026,48,,und,וּנְהַ֣ר,25,False,,
13005026,49,,an,וּנְהַ֣ר,25,False,,
13005026,50,,den,וּנְהַ֣ר,25,False,,
13005026,51,,Strom,וּנְהַ֣ר,25,False,,
13005026,52,,von,גּוֹזָ֔ן,26,False,,
13005026,53,,Gosan,גּוֹזָ֔ן,26,False,,
13005026,54,,bis,עַ֖ד,27,False,,
13005026,55,,auf,עַ֖ד,27,False,,
13005026,56,,diesen,הַזֶּֽה׃ פ,29,False,,
13005026,57,,Tag,הַיּ֥וֹם,28,False,,
13005027,1,,Die,בְּנֵ֖י,1,True,,
13005027,2,,Söhne,בְּנֵ֖י,1,False,,
13005027,3,,Levis,לֵוִ֑י,2,False,,
13005027,4,,waren,לֵוִ֑י,2,False,,
13005027,5,,Gerson,גֵּרְשׁ֕וֹן,3,False,,
13005027,6,,Kehath,קְהָ֖ת,4,False,,
13005027,7,,und,וּמְרָרִֽי׃,5,False,,
13005027,8,,Merari,וּמְרָרִֽי׃,5,False,,
13005028,1,,Und,וּבְנֵ֖י,1,False,,
13005028,2,,die,וּבְנֵ֖י,1,True,,
13005028,3,,Söhne,וּבְנֵ֖י,1,False,,
13005028,4,,Kehaths,קְהָ֑ת,2,False,,
13005028,5,,Amram,עַמְרָ֣ם,3,False,,
13005028,6,,Jizhar,יִצְהָ֔ר,4,False,,
13005028,7,,und,וְחֶבְר֖וֹן,5,False,,
13005028,8,,Hebron,וְחֶבְר֖וֹן,5,False,,
13005028,9,,und,וְעֻזִּיאֵֽל׃ ס,6,False,,
13005028,10,,Ussiel,וְעֻזִּיאֵֽל׃ ס,6,False,,
13005029,1,,Und,וּבְנֵ֣י,1,False,,
13005029,2,,die,וּבְנֵ֣י,1,True,,
13005029,3,,Söhne,וּבְנֵ֣י,1,False,,
13005029,4,,Amrams,עַמְרָ֔ם,2,False,,
13005029,5,,Aaron,אַהֲרֹ֥ן,3,False,,
13005029,6,,und,וּמֹשֶׁ֖ה,4,False,,
13005029,7,,Mose,וּמֹשֶׁ֖ה,4,False,,
13005029,8,,und,וּמִרְיָ֑ם ס,5,False,,
13005029,9,,Mirjam,וּמִרְיָ֑ם ס,5,False,,
13005029,10,,Und,וּבְנֵ֣י,6,False,,
13005029,11,,die,וּבְנֵ֣י,6,True,,
13005029,12,,Söhne,וּבְנֵ֣י,6,False,,
13005029,13,,Aarons,אַהֲרֹ֔ן,7,False,,
13005029,14,,Nadab,נָדָב֙,8,False,,
13005029,15,,und,וַאֲבִיה֔וּא,9,False,,
13005029,16,,Abihu,וַאֲבִיה֔וּא,9,False,,
13005029,17,,Eleasar,אֶלְעָזָ֖ר,10,False,,
13005029,18,,und,וְאִיתָמָֽר׃ ס,11,False,,
13005029,19,,Ithamar,וְאִיתָמָֽר׃ ס,11,False,,
13005030,1,,Eleasar,אֶלְעָזָר֙,1,False,,
13005030,2,,zeugte,הוֹלִ֣יד,2,False,,
13005030,3,,Pinehas,פִּֽינְחָ֔ס,4,False,,
13005030,4,,Pinehas,פִּֽינְחָ֖ס,5,False,,
13005030,5,,zeugte,הֹלִ֥יד,6,False,,
13005030,6,,Abischua,אֲבִישֽׁוּעַ׃,8,False,,
13005031,1,,und,וַאֲבִישׁ֙וּעַ֙,1,False,,
13005031,2,,Abischua,וַאֲבִישׁ֙וּעַ֙,1,False,,
13005031,3,,zeugte,הוֹלִ֣יד,2,False,,
13005031,4,,Bukki,בֻּקִּ֔י,4,False,,
13005031,5,,und,וּבֻקִּ֖י,5,False,,
13005031,6,,Bukki,וּבֻקִּ֖י,5,False,,
13005031,7,,zeugte,הוֹלִ֥יד,6,False,,
13005031,8,,Ussi,עֻזִּֽי׃,8,False,,
13005032,1,,und,וְעֻזִּי֙,1,False,,
13005032,1,,und,אֶת־,3,True,,
13005032,2,,Ussi,וְעֻזִּי֙,1,False,,
13005032,3,,zeugte,הוֹלִ֣יד,2,False,,
13005032,4,,Serachja,זְרַֽחְיָ֔ה,4,False,,
13005032,5,,und,וּֽזְרַֽחְיָ֖ה,5,False,,
13005032,6,,Serachja,וּֽזְרַֽחְיָ֖ה,5,False,,
13005032,7,,zeugte,הוֹלִ֥יד,6,False,,
13005032,8,,Merajoth,מְרָיֽוֹת׃,8,False,,
13005033,1,,Merajoth,מְרָיוֹת֙,1,False,,
13005033,1,,Merajoth,אֶת־,3,True,,
13005033,2,,zeugte,הוֹלִ֣יד,2,False,,
13005033,3,,Amarja,אֲמַרְיָ֔ה,4,False,,
13005033,4,,und,וַאֲמַרְיָ֖ה,5,False,,
13005033,5,,Amarja,וַאֲמַרְיָ֖ה,5,False,,
13005033,6,,zeugte,הוֹלִ֥יד,6,False,,
13005033,7,,Ahitub,אֲחִיטֽוּב׃,8,False,,
13005034,1,,und,וַאֲחִיטוּב֙,1,False,,
13005034,2,,Ahitub,וַאֲחִיטוּב֙,1,False,,
13005034,2,,Ahitub,אֶת־,3,True,,
13005034,3,,zeugte,הוֹלִ֣יד,2,False,,
13005034,4,,Zadok,צָד֔וֹק,4,False,,
13005034,5,,und,וְצָד֖וֹק,5,False,,
13005034,6,,Zadok,וְצָד֖וֹק,5,False,,
13005034,7,,zeugte,הוֹלִ֥יד,6,False,,
13005034,8,,Achimaaz,אֲחִימָֽעַץ׃,8,False,,
13005035,1,,und,וַאֲחִימַ֙עַץ֙,1,False,,
13005035,2,,Achimaaz,וַאֲחִימַ֙עַץ֙,1,False,,
13005035,2,,Achimaaz,אֶת־,3,True,,
13005035,3,,zeugte,הוֹלִ֣יד,2,False,,
13005035,4,,Asarja,עֲזַרְיָ֔ה,4,False,,
13005035,5,,und,וַעֲזַרְיָ֖ה,5,False,,
13005035,6,,Asarja,וַעֲזַרְיָ֖ה,5,False,,
13005035,7,,zeugte,הוֹלִ֥יד,6,False,,
13005035,8,,Jochanan,יוֹחָנָֽן׃,8,False,,
13005036,1,,und,וְיוֹחָנָ֖ן,1,False,,
13005036,2,,Jochanan,וְיוֹחָנָ֖ן,1,False,,
13005036,3,,zeugte,הוֹלִ֣יד,2,False,,
13005036,4,,Asarja,עֲזַרְיָ֑ה,4,False,,
13005036,5,,dieser,ה֚וּא,5,False,,
13005036,6,,ist,אֲשֶׁ֣ר,6,False,,
13005036,6,,ist,כִּהֵ֔ן,7,False,,
13005036,7,,es,ה֚וּא,5,True,,
13005036,7,,es,אֲשֶׁ֣ר,6,True,,
13005036,8,,der,אֲשֶׁ֣ר,6,True,,
13005036,9,,den,אֶת־,3,False,,
13005036,10,,Priesterdienst,כִּהֵ֔ן,7,False,,
13005036,11,,ausübte,כִּהֵ֔ן,7,False,,
13005036,12,,in,בַּבַּ֕יִת,8,False,,
13005036,13,,dem,בַּבַּ֕יִת,8,False,,
13005036,14,,Hause,בַּבַּ֕יִת,8,False,,
13005036,15,,welches,אֲשֶׁר־,9,False,,
13005036,16,,Salomo,שְׁלֹמֹ֖ה,11,False,,
13005036,17,,zu,בָּנָ֥ה,10,False,,
13005036,18,,Jerusalem,בִּירוּשָׁלִָֽם׃,12,False,,
13005036,19,,gebaut,בָּנָ֥ה,10,False,,
13005036,20,,hatte,בָּנָ֥ה,10,True,,
13005037,1,,Und,וַיּ֥וֹלֶד,1,False,,
13005037,2,,Asarja,עֲזַרְיָ֖ה,2,False,,
13005037,2,,Asarja,אֶת־,3,True,,
13005037,3,,zeugte,וַיּ֥וֹלֶד,1,False,,
13005037,4,,Amarja,אֲמַרְיָ֑ה,4,False,,
13005037,5,,und,וַאֲמַרְיָ֖ה,5,False,,
13005037,6,,Amarja,וַאֲמַרְיָ֖ה,5,False,,
13005037,7,,zeugte,הוֹלִ֥יד,6,False,,
13005037,8,,Ahitub,אֲחִיטֽוּב׃,8,False,,
13005038,1,,und,וַאֲחִיטוּב֙,1,False,,
13005038,2,,Ahitub,וַאֲחִיטוּב֙,1,False,,
13005038,2,,Ahitub,אֶת־,3,True,,
13005038,3,,zeugte,הוֹלִ֣יד,2,False,,
13005038,4,,Zadok,צָד֔וֹק,4,False,,
13005038,5,,und,וְצָד֖וֹק,5,False,,
13005038,6,,Zadok,וְצָד֖וֹק,5,False,,
13005038,7,,zeugte,הוֹלִ֥יד,6,False,,
13005038,8,,Schallum,שַׁלּֽוּם׃,8,False,,
13005039,1,,und,וְשַׁלּוּם֙,1,False,,
13005039,2,,Schallum,וְשַׁלּוּם֙,1,False,,
13005039,2,,Schallum,אֶת־,3,True,,
13005039,3,,zeugte,הוֹלִ֣יד,2,False,,
13005039,4,,Hilkija,חִלְקִיָּ֔ה,4,False,,
13005039,5,,und,וְחִלְקִיָּ֖ה,5,False,,
13005039,6,,Hilkija,וְחִלְקִיָּ֖ה,5,False,,
13005039,7,,zeugte,הוֹלִ֥יד,6,False,,
13005039,8,,Asarja,עֲזַרְיָֽה׃,8,False,,
13005040,1,,und,וַעֲזַרְיָה֙,1,False,,
13005040,2,,Asarja,וַעֲזַרְיָה֙,1,False,,
13005040,2,,Asarja,אֶת־,3,True,,
13005040,3,,zeugte,הוֹלִ֣יד,2,False,,
13005040,4,,Seraja,שְׂרָיָ֔ה,4,False,,
13005040,5,,und,וּשְׂרָיָ֖ה,5,False,,
13005040,6,,Seraja,וּשְׂרָיָ֖ה,5,False,,
13005040,7,,zeugte,הוֹלִ֥יד,6,False,,
13005040,8,,Jehozadak,יְהוֹצָדָֽק׃,8,False,,
13005041,1,,und,וִיהוֹצָדָ֣ק,1,False,,
13005041,2,,Jehozadak,וִיהוֹצָדָ֣ק,1,False,,
13005041,3,,zog,הָלַ֔ךְ,2,False,,
13005041,4,,mit,בְּהַגְל֣וֹת,3,False,,
13005041,5,,als,בְּהַגְל֣וֹת,3,True,,
13005041,6,,Jahwe,יְהוָ֔ה,4,False,,
13005041,7,,Juda,יְהוּדָ֖ה,6,False,,
13005041,8,,und,אֶת־,5,True,,
13005041,9,,Jerusalem,וִירוּשָׁלִָ֑ם,7,False,,
13005041,10,,durch,בְּיַ֖ד,8,False,,
13005041,11,,Nebukadnezar,נְבֻכַדְנֶאצַּֽר׃ ס,9,False,,
13005041,12,,wegführte,בְּהַגְל֣וֹת,3,False,,
13006001,1,,Die,בְּנֵ֖י,1,True,,
13006001,2,,Söhne,בְּנֵ֖י,1,False,,
13006001,3,,Levis,לֵוִ֑י,2,False,,
13006001,4,,Gersom,גֵּרְשֹׁ֕ם,3,False,,
13006001,5,,Kehath,קְהָ֖ת,4,False,,
13006001,6,,und,וּמְרָרִֽי׃,5,False,,
13006001,7,,Merari,וּמְרָרִֽי׃,5,False,,
13006002,1,,Und,וְאֵ֛לֶּה,1,False,,
13006002,2,,dies,וְאֵ֛לֶּה,1,False,,
13006002,3,,sind,וְאֵ֛לֶּה,1,True,,
13006002,4,,die,שְׁמ֥וֹת,2,True,,
13006002,5,,Namen,שְׁמ֥וֹת,2,False,,
13006002,6,,der,בְּֽנֵי־,3,True,,
13006002,7,,Söhne,בְּֽנֵי־,3,False,,
13006002,8,,Gersoms,גֵרְשׁ֖וֹם,4,False,,
13006002,9,,Libni,לִבְנִ֥י,5,False,,
13006002,10,,und,וְשִׁמְעִֽי׃,6,False,,
13006002,11,,Simei,וְשִׁמְעִֽי׃,6,False,,
13006003,1,,Und,וּבְנֵ֖י,1,False,,
13006003,2,,die,וּבְנֵ֖י,1,True,,
13006003,3,,Söhne,וּבְנֵ֖י,1,False,,
13006003,4,,Kehaths,קְהָ֑ת,2,False,,
13006003,5,,Amram,עַמְרָ֣ם,3,False,,
13006003,6,,und,וְיִצְהָ֔ר,4,False,,
13006003,7,,Jizhar,וְיִצְהָ֔ר,4,False,,
13006003,8,,und,וְחֶבְר֖וֹן,5,False,,
13006003,9,,Hebron,וְחֶבְר֖וֹן,5,False,,
13006003,10,,und,וְעֻזִּיאֵֽל׃,6,False,,
13006003,11,,Ussiel,וְעֻזִּיאֵֽל׃,6,False,,
13006004,1,,Die,בְּנֵ֥י,1,False,,
13006004,2,,Söhne,בְּנֵ֥י,1,False,,
13006004,3,,Meraris,מְרָרִ֖י,2,False,,
13006004,4,,Machli,מַחְלִ֣י,3,False,,
13006004,5,,und,וּמֻשִׁ֑י,4,False,,
13006004,6,,Musi,וּמֻשִׁ֑י,4,False,,
13006004,7,,Und,וְאֵ֛לֶּה,5,False,,
13006004,8,,dies,וְאֵ֛לֶּה,5,False,,
13006004,9,,sind,וְאֵ֛לֶּה,5,True,,
13006004,10,,die,מִשְׁפְּח֥וֹת,6,True,,
13006004,11,,Familien,מִשְׁפְּח֥וֹת,6,False,,
13006004,12,,der,הַלֵּוִ֖י,7,True,,
13006004,13,,Leviten,הַלֵּוִ֖י,7,False,,
13006004,14,,nach,לַאֲבוֹתֵיהֶֽם׃,8,False,,
13006004,15,,ihren,לַאֲבוֹתֵיהֶֽם׃,8,False,,
13006004,16,,Vätern,לַאֲבוֹתֵיהֶֽם׃,8,False,,
13006005,1,,Von,לְֽגֵרְשׁ֑וֹם,1,False,,
13006005,2,,Gersom,לְֽגֵרְשׁ֑וֹם,1,False,,
13006005,3,,dessen,בְנ֛וֹ,3,False,,
13006005,4,,Sohn,בְנ֛וֹ,3,False,,
13006005,5,,Libni,לִבְנִ֥י,2,False,,
13006005,6,,dessen,בְּנ֖וֹ,5,False,,
13006005,7,,Sohn,בְּנ֖וֹ,5,False,,
13006005,8,,Jachath,יַ֥חַת,4,False,,
13006005,9,,dessen,בְנֽוֹ׃,7,False,,
13006005,10,,Sohn,בְנֽוֹ׃,7,False,,
13006005,11,,Simma,זִמָּ֥ה,6,False,,
13006006,1,,dessen,בְּנוֹ֙,2,False,,
13006006,2,,Sohn,בְּנוֹ֙,2,False,,
13006006,3,,Joach,יוֹאָ֤ח,1,False,,
13006006,4,,dessen,בְנ֔וֹ,4,False,,
13006006,5,,Sohn,בְנ֔וֹ,4,False,,
13006006,6,,Iddo,עִדּ֣וֹ,3,False,,
13006006,7,,dessen,בְּנ֖וֹ,6,False,,
13006006,8,,Sohn,בְּנ֖וֹ,6,False,,
13006006,9,,Serach,זֶ֥רַח,5,False,,
13006006,10,,dessen,בְּנֽוֹ׃,8,False,,
13006006,11,,Sohn,בְּנֽוֹ׃,8,False,,
13006006,12,,Jeathrai,יְאָתְרַ֥י,7,False,,
13006006,13,,,בְּנֽוֹ׃,8,True,,
13006007,1,,Die,בְּנֵ֖י,1,False,,
13006007,2,,Söhne,בְּנֵ֖י,1,False,,
13006007,3,,Kehaths,קְהָ֑ת,2,False,,
13006007,4,,dessen,בְּנ֔וֹ,4,False,,
13006007,5,,Sohn,בְּנ֔וֹ,4,False,,
13006007,6,,Amminadab,עַמִּינָדָ֣ב,3,False,,
13006007,7,,dessen,בְּנ֖וֹ,6,False,,
13006007,8,,Sohn,בְּנ֖וֹ,6,False,,
13006007,9,,Korah,קֹ֥רַח,5,False,,
13006007,10,,dessen,בְּנֽוֹ׃,8,False,,
13006007,11,,Sohn,בְּנֽוֹ׃,8,False,,
13006007,12,,Assir,אַסִּ֥יר,7,False,,
13006008,1,,dessen,בְנ֛וֹ,2,False,,
13006008,2,,Sohn,בְנ֛וֹ,2,False,,
13006008,3,,Elkana,אֶלְקָנָ֥ה,1,False,,
13006008,4,,und,וְאֶבְיָסָ֥ף,3,False,,
13006008,5,,dessen,בְּנ֖וֹ,4,False,,
13006008,6,,Sohn,בְּנ֖וֹ,4,False,,
13006008,7,,Ebjasaph,וְאֶבְיָסָ֥ף,3,False,,
13006008,8,,und,וְאַסִּ֥יר,5,False,,
13006008,9,,dessen,בְּנֽוֹ׃,6,False,,
13006008,10,,Sohn,בְּנֽוֹ׃,6,False,,
13006008,11,,Assir,וְאַסִּ֥יר,5,False,,
13006009,1,,dessen,בְּנוֹ֙,2,False,,
13006009,2,,Sohn,בְּנוֹ֙,2,False,,
13006009,3,,Tachath,תַּ֤חַת,1,False,,
13006009,4,,dessen,בְּנ֔וֹ,4,False,,
13006009,5,,Sohn,בְּנ֔וֹ,4,False,,
13006009,6,,Uriel,אוּרִיאֵ֣ל,3,False,,
13006009,7,,dessen,בְנ֖וֹ,6,False,,
13006009,8,,Sohn,בְנ֖וֹ,6,False,,
13006009,9,,Ussija,עֻזִּיָּ֥ה,5,False,,
13006009,10,,dessen,בְּנֽוֹ׃,8,False,,
13006009,11,,Sohn,בְּנֽוֹ׃,8,False,,
13006009,12,,Saul,וְשָׁא֥וּל,7,False,,
13006010,1,,Und,וּבְנֵי֙,1,False,,
13006010,2,,die,וּבְנֵי֙,1,True,,
13006010,3,,Söhne,וּבְנֵי֙,1,False,,
13006010,4,,Elkanas,אֶלְקָנָ֔ה,2,False,,
13006010,5,,Amasai,עֲמָשַׂ֖י,3,False,,
13006010,6,,und,וַאֲחִימֽוֹת׃,4,False,,
13006010,7,,Achimoth,וַאֲחִימֽוֹת׃,4,False,,
13006011,1,,Elkana,אֶלְקָנָ֑ה,1,False,,
13006011,2,,die,בְּנֵי֙,2,True,,
13006011,3,,Söhne,בְּנֵי֙,2,False,,
13006011,4,,Elkanas,אֶלְקָנָ֔ה,3,False,,
13006011,5,,dessen,בְּנ֖וֹ,5,True,,
13006011,6,,Sohn,בְּנ֖וֹ,5,False,,
13006011,7,,Zophai,צוֹפַ֥י,4,False,,
13006011,8,,und,וְנַ֥חַת,6,False,,
13006011,9,,dessen,בְּנֽוֹ׃,7,True,,
13006011,10,,Sohn,בְּנֽוֹ׃,7,False,,
13006011,11,,Nachath,וְנַ֥חַת,6,False,,
13006012,1,,dessen,בְּנ֛וֹ,2,True,,
13006012,2,,Sohn,בְּנ֛וֹ,2,False,,
13006012,3,,Eliab,אֱלִיאָ֥ב,1,False,,
13006012,4,,dessen,בְּנ֖וֹ,4,True,,
13006012,5,,Sohn,בְּנ֖וֹ,4,False,,
13006012,6,,Jerocham,יְרֹחָ֥ם,3,False,,
13006012,7,,dessen,בְנֽוֹ׃,6,True,,
13006012,8,,Sohn,בְנֽוֹ׃,6,False,,
13006012,9,,Elkana,אֶלְקָנָ֥ה,5,False,,
13006013,1,,Und,וּבְנֵ֧י,1,False,,
13006013,2,,die,וּבְנֵ֧י,1,True,,
13006013,3,,Söhne,וּבְנֵ֧י,1,False,,
13006013,4,,Samuels,שְׁמוּאֵ֛ל,2,False,,
13006013,5,,der,הַבְּכֹ֥ר,3,True,,
13006013,6,,Erstgeborene,הַבְּכֹ֥ר,3,False,,
13006013,7,,Waschni,וַשְׁנִ֖י,4,False,,
13006013,8,,und,וַאֲבִיָּֽה׃ ס,5,False,,
13006013,9,,Abija,וַאֲבִיָּֽה׃ ס,5,False,,
13006014,1,,Die,בְּנֵ֥י,1,True,,
13006014,2,,Söhne,בְּנֵ֥י,1,False,,
13006014,3,,Meraris,מְרָרִ֖י,2,False,,
13006014,4,,Machli,מַחְלִ֑י,3,False,,
13006014,5,,dessen,בְנ֛וֹ,5,True,,
13006014,6,,Sohn,בְנ֛וֹ,5,False,,
13006014,7,,Libni,לִבְנִ֥י,4,False,,
13006014,8,,dessen,בְנ֖וֹ,7,True,,
13006014,9,,Sohn,בְנ֖וֹ,7,False,,
13006014,10,,Simei,שִׁמְעִ֥י,6,False,,
13006014,11,,dessen,בְנֽוֹ׃,9,True,,
13006014,12,,Sohn,בְנֽוֹ׃,9,False,,
13006014,13,,Ussa,עֻזָּ֥ה,8,False,,
13006015,1,,dessen,בְנ֛וֹ,2,True,,
13006015,2,,Sohn,בְנ֛וֹ,2,False,,
13006015,3,,Schimea,שִׁמְעָ֥א,1,False,,
13006015,4,,dessen,בְנ֖וֹ,4,True,,
13006015,5,,Sohn,בְנ֖וֹ,4,False,,
13006015,6,,Haggija,חַגִּיָּ֥ה,3,False,,
13006015,7,,dessen,בְנֽוֹ׃ פ,6,True,,
13006015,8,,Sohn,בְנֽוֹ׃ פ,6,False,,
13006015,9,,Asaja,עֲשָׂיָ֥ה,5,False,,
13006016,1,,Und,וְאֵ֗לֶּה,1,False,,
13006016,2,,diese,וְאֵ֗לֶּה,1,False,,
13006016,3,,sind,וְאֵ֗לֶּה,1,True,,
13006016,4,,es,וְאֵ֗לֶּה,1,True,,
13006016,5,,welche,אֲשֶׁ֨ר,2,False,,
13006016,6,,David,דָּוִ֛יד,4,False,,
13006016,7,,zur,עַל־,5,False,,
13006016,8,,Leitung,יְדֵי־,6,False,,
13006016,9,,des,שִׁ֖יר,7,True,,
13006016,10,,Gesanges,שִׁ֖יר,7,False,,
13006016,11,,im,בֵּ֣ית,8,True,,
13006016,12,,Hause,בֵּ֣ית,8,False,,
13006016,13,,Jahwes,יְהוָ֑ה,9,False,,
13006016,14,,anstellte,הֶעֱמִ֥יד,3,False,,
13006016,15,,seitdem,מִמְּנ֖וֹחַ,10,False,,
13006016,16,,die,הָאָרֽוֹן׃,11,True,,
13006016,17,,Lade,הָאָרֽוֹן׃,11,False,,
13006016,18,,einen,מִמְּנ֖וֹחַ,10,True,,
13006016,19,,Ruheplatz,מִמְּנ֖וֹחַ,10,False,,
13006016,20,,hatte,מִמְּנ֖וֹחַ,10,True,,
13006017,1,,und,וַיִּהְי֨וּ,1,False,,
13006017,2,,sie,וַיִּהְי֨וּ,1,True,,
13006017,3,,verrichteten,וַיִּהְי֨וּ,1,False,,
13006017,4,,den,מְשָׁרְתִ֜ים,2,True,,
13006017,5,,Dienst,מְשָׁרְתִ֜ים,2,False,,
13006017,6,,vor,לִפְנֵ֨י,3,False,,
13006017,7,,der,מִשְׁכַּ֤ן,4,True,,
13006017,8,,Wohnung,מִשְׁכַּ֤ן,4,False,,
13006017,9,,des,אֹֽהֶל־,5,True,,
13006017,10,,Zeltes,אֹֽהֶל־,5,False,,
13006017,11,,der,מוֹעֵד֙,6,True,,
13006017,12,,Zusammenkunft,מוֹעֵד֙,6,False,,
13006017,13,,beim,בַּשִּׁ֔יר,7,False,,
13006017,14,,Gesang,בַּשִּׁ֔יר,7,False,,
13006017,15,,bis,עַד־,8,False,,
13006017,16,,Salomo,שְׁלֹמֹ֛ה,10,False,,
13006017,17,,das,אֶת־,11,True,,
13006017,18,,Haus,בֵּ֥ית,12,False,,
13006017,19,,Jahwes,יְהוָ֖ה,13,False,,
13006017,20,,zu,בִּירוּשָׁלִָ֑ם,14,False,,
13006017,21,,Jerusalem,בִּירוּשָׁלִָ֑ם,14,False,,
13006017,22,,gebaut,בְּנ֧וֹת,9,False,,
13006017,23,,hatte,בְּנ֧וֹת,9,True,,
13006017,24,,und,וַיַּעַמְד֥וּ,15,False,,
13006017,25,,sie,וַיַּעַמְד֥וּ,15,True,,
13006017,26,,standen,וַיַּעַמְד֥וּ,15,False,,
13006017,27,,nach,כְמִשְׁפָּטָ֖ם,16,False,,
13006017,28,,ihrer,כְמִשְׁפָּטָ֖ם,16,False,,
13006017,29,,Ordnung,כְמִשְׁפָּטָ֖ם,16,False,,
13006017,30,,ihrem,עֲבוֹדָתָֽם׃,18,False,,
13006017,31,,Dienste,עֲבוֹדָתָֽם׃,18,False,,
13006017,32,,vor,עַל־,17,False,,
13006018,1,,Und,וְאֵ֥לֶּה,1,False,,
13006018,2,,diese,וְאֵ֥לֶּה,1,False,,
13006018,3,,sind,וְאֵ֥לֶּה,1,True,,
13006018,4,,es,וְאֵ֥לֶּה,1,True,,
13006018,5,,die,הָעֹמְדִ֖ים,2,True,,
13006018,6,,da,הָעֹמְדִ֖ים,2,False,,
13006018,7,,standen,הָעֹמְדִ֖ים,2,False,,
13006018,8,,und,וּבְנֵיהֶ֑ם,3,False,,
13006018,9,,ihre,וּבְנֵיהֶ֑ם,3,False,,
13006018,10,,Söhne,וּבְנֵיהֶ֑ם,3,False,,
13006018,11,,Von,מִבְּנֵי֙,4,False,,
13006018,12,,den,מִבְּנֵי֙,4,True,,
13006018,13,,Söhnen,מִבְּנֵי֙,4,False,,
13006018,14,,der,הַקְּהָתִ֔י,5,True,,
13006018,15,,Kehathiter,הַקְּהָתִ֔י,5,False,,
13006018,16,,Heman,הֵימָן֙,6,False,,
13006018,17,,der,הַמְשׁוֹרֵ֔ר,7,True,,
13006018,18,,Sänger,הַמְשׁוֹרֵ֔ר,7,False,,
13006018,19,,der,בֶּן־,8,True,,
13006018,20,,Sohn,בֶּן־,8,False,,
13006018,21,,Joels,יוֹאֵ֖ל,9,False,,
13006018,22,,des,בֶּן־,10,True,,
13006018,23,,Sohnes,בֶּן־,10,False,,
13006018,24,,Samuels,שְׁמוּאֵֽל׃,11,False,,
13006019,1,,des,בֶּן־,1,True,,
13006019,2,,Sohnes,בֶּן־,1,False,,
13006019,3,,Elkanas,אֶלְקָנָה֙,2,False,,
13006019,4,,des,בֶּן־,3,True,,
13006019,5,,Sohnes,בֶּן־,3,False,,
13006019,6,,Jerochams,יְרֹחָ֔ם,4,False,,
13006019,7,,des,בֶּן־,5,True,,
13006019,8,,Sohnes,בֶּן־,5,False,,
13006019,9,,Eliels,אֱלִיאֵ֖ל,6,False,,
13006019,10,,des,בֶּן־,7,True,,
13006019,11,,Sohnes,בֶּן־,7,False,,
13006019,12,,Toachs,תּֽוֹחַ׃,8,False,,
13006020,1,,des,בֶּן־,1,False,,
13006020,2,,Sohnes,בֶּן־,1,False,,
13006020,3,,Zuphs,צוּף֙,2,False,,
13006020,4,,des,בֶּן־,3,False,,
13006020,5,,Sohnes,בֶּן־,3,False,,
13006020,6,,Elkanas,אֶלְקָנָ֔ה,4,False,,
13006020,7,,des,בֶּן־,5,False,,
13006020,8,,Sohnes,בֶּן־,5,False,,
13006020,9,,Machaths,מַ֖חַת,6,False,,
13006020,10,,des,בֶּן־,7,False,,
13006020,11,,Sohnes,בֶּן־,7,False,,
13006020,12,,Amasais,עֲמָשָֽׂי׃,8,False,,
13006021,1,,des,בֶּן־,1,False,,
13006021,2,,Sohnes,בֶּן־,1,False,,
13006021,3,,Elkanas,אֶלְקָנָה֙,2,False,,
13006021,4,,des,בֶּן־,3,False,,
13006021,5,,Sohnes,בֶּן־,3,False,,
13006021,6,,Joels,יוֹאֵ֔ל,4,False,,
13006021,7,,des,בֶּן־,5,False,,
13006021,8,,Sohnes,בֶּן־,5,False,,
13006021,9,,Asarja,עֲזַרְיָ֖ה,6,False,,
13006021,10,,des,בֶּן־,7,False,,
13006021,11,,Sohnes,בֶּן־,7,False,,
13006021,12,,Zephanjas,צְפַנְיָֽה׃,8,False,,
13006022,1,,des,בֶּן־,1,False,,
13006022,2,,Sohnes,בֶּן־,1,False,,
13006022,3,,Tachaths,תַּ֙חַת֙,2,False,,
13006022,4,,des,בֶּן־,3,False,,
13006022,5,,Sohnes,בֶּן־,3,False,,
13006022,6,,Assirs,אַסִּ֔יר,4,False,,
13006022,7,,des,בֶּן־,5,False,,
13006022,8,,Sohnes,בֶּן־,5,False,,
13006022,9,,Ebjasaphs,אֶבְיָסָ֖ף,6,False,,
13006022,10,,des,בֶּן־,7,False,,
13006022,11,,Sohnes,בֶּן־,7,False,,
13006022,12,,Korahs,קֹֽרַח׃,8,False,,
13006023,1,,des,בֶּן־,1,False,,
13006023,2,,Sohnes,בֶּן־,1,False,,
13006023,3,,Jizhars,יִצְהָ֣ר,2,False,,
13006023,4,,des,בֶּן־,3,False,,
13006023,5,,Sohnes,בֶּן־,3,False,,
13006023,6,,Kehaths,קְהָ֔ת,4,False,,
13006023,7,,des,בֶּן־,5,False,,
13006023,8,,Sohnes,בֶּן־,5,False,,
13006023,9,,Levis,לֵוִ֖י,6,False,,
13006023,10,,des,בֶּן־,7,False,,
13006023,11,,Sohnes,בֶּן־,7,False,,
13006023,12,,Israels,יִשְׂרָאֵֽל׃,8,False,,
13006024,1,,Und,וְאָחִ֣יו,1,False,,
13006024,2,,sein,וְאָחִ֣יו,1,False,,
13006024,3,,Bruder,וְאָחִ֣יו,1,False,,
13006024,4,,Asaph,אָסָ֔ף,2,False,,
13006024,5,,der,הָעֹמֵ֖ד,3,False,,
13006024,6,,zu,עַל־,4,False,,
13006024,7,,seiner,יְמִינ֑וֹ,5,False,,
13006024,8,,Rechten,יְמִינ֑וֹ,5,False,,
13006024,9,,stand,הָעֹמֵ֖ד,3,False,,
13006024,10,,Asaph,אָסָ֥ף,6,False,,
13006024,11,,der,בֶּן־,7,False,,
13006024,12,,Sohn,בֶּן־,7,False,,
13006024,13,,Berekjas,בֶּרֶכְיָ֖הוּ,8,False,,
13006024,14,,des,בֶּן־,9,False,,
13006024,15,,Sohnes,בֶּן־,9,False,,
13006024,16,,Schimeas,שִׁמְעָֽא׃,10,False,,
13006025,1,,des,בֶּן־,1,False,,
13006025,2,,Sohnes,בֶּן־,1,False,,
13006025,3,,Michaels,מִיכָאֵ֥ל,2,False,,
13006025,4,,des,בֶּן־,3,False,,
13006025,5,,Sohnes,בֶּן־,3,False,,
13006025,6,,Baasejas,בַּעֲשֵׂיָ֖ה,4,False,,
13006025,7,,des,בֶּן־,5,False,,
13006025,8,,Sohnes,בֶּן־,5,False,,
13006025,9,,Malkijas,מַלְכִּיָּֽה׃,6,False,,
13006026,1,,des,בֶּן־,1,False,,
13006026,2,,Sohnes,בֶּן־,1,False,,
13006026,3,,Ethnis,אֶתְנִ֥י,2,False,,
13006026,4,,des,בֶן־,3,False,,
13006026,5,,Sohnes,בֶן־,3,False,,
13006026,6,,Serachs,זֶ֖רַח,4,False,,
13006026,7,,des,בֶּן־,5,False,,
13006026,8,,Sohnes,בֶּן־,5,False,,
13006026,9,,Adajas,עֲדָיָֽה׃,6,False,,
13006027,1,,des,בֶּן־,1,False,,
13006027,2,,Sohnes,בֶּן־,1,False,,
13006027,3,,Ethans,אֵיתָ֥ן,2,False,,
13006027,4,,des,בֶּן־,3,False,,
13006027,5,,Sohnes,בֶּן־,3,False,,
13006027,6,,Simmas,זִמָּ֖ה,4,False,,
13006027,7,,des,בֶּן־,5,False,,
13006027,8,,Sohnes,בֶּן־,5,False,,
13006027,9,,Simeis,שִׁמְעִֽי׃,6,False,,
13006028,1,,des,בֶּן־,1,False,,
13006028,2,,Sohnes,בֶּן־,1,False,,
13006028,3,,Jachaths,יַ֥חַת,2,False,,
13006028,4,,des,בֶּן־,3,False,,
13006028,5,,Sohnes,בֶּן־,3,False,,
13006028,6,,Gersoms,גֵּרְשֹׁ֖ם,4,False,,
13006028,7,,des,בֶּן־,5,False,,
13006028,8,,Sohnes,בֶּן־,5,False,,
13006028,9,,Levis,לֵוִֽי׃ ס,6,False,,
13006029,1,,Und,וּבְנֵ֧י,1,False,,
13006029,2,,die,וּבְנֵ֧י,1,True,,
13006029,3,,Söhne,וּבְנֵ֧י,1,False,,
13006029,4,,Meraris,מְרָרִ֛י,2,False,,
13006029,5,,ihre,אֲחֵיהֶ֖ם,3,False,,
13006029,6,,Brüder,אֲחֵיהֶ֖ם,3,False,,
13006029,7,,standen,עַֽל־,4,False,,
13006029,8,,zur,עַֽל־,4,True,,
13006029,9,,Linken,הַשְּׂמֹ֑אול,5,False,,
13006029,10,,Ethan,אֵיתָן֙,6,False,,
13006029,11,,der,בֶּן־,7,True,,
13006029,12,,Sohn,בֶּן־,7,False,,
13006029,13,,Kischis,קִישִׁ֔י,8,False,,
13006029,14,,des,בֶּן־,9,True,,
13006029,15,,Sohnes,בֶּן־,9,False,,
13006029,16,,Abdis,עַבְדִּ֖י,10,False,,
13006029,17,,des,בֶּן־,11,True,,
13006029,18,,Sohnes,בֶּן־,11,False,,
13006029,19,,Malluks,מַלּֽוּךְ׃,12,False,,
13006030,1,,des,בֶּן־,1,False,,
13006030,2,,Sohnes,בֶּן־,1,False,,
13006030,3,,Haschabjas,חֲשַׁבְיָ֥ה,2,False,,
13006030,4,,des,בֶן־,3,False,,
13006030,5,,Sohnes,בֶן־,3,False,,
13006030,6,,Amazjas,אֲמַצְיָ֖ה,4,False,,
13006030,7,,des,בֶּן־,5,False,,
13006030,8,,Sohnes,בֶּן־,5,False,,
13006030,9,,Hilkijas,חִלְקִיָּֽה׃,6,False,,
13006031,1,,des,בֶּן־,1,False,,
13006031,2,,Sohnes,בֶּן־,1,False,,
13006031,3,,Amzis,אַמְצִ֥י,2,False,,
13006031,4,,des,בֶן־,3,False,,
13006031,5,,Sohnes,בֶן־,3,False,,
13006031,6,,Banis,בָּנִ֖י,4,False,,
13006031,7,,des,בֶּן־,5,False,,
13006031,8,,Sohnes,בֶּן־,5,False,,
13006031,9,,Schemers,שָֽׁמֶר׃,6,False,,
13006032,1,,des,בֶּן־,1,False,,
13006032,2,,Sohnes,בֶּן־,1,False,,
13006032,3,,Machlis,מַחְלִי֙,2,False,,
13006032,4,,des,בֶּן־,3,False,,
13006032,5,,Sohnes,בֶּן־,3,False,,
13006032,6,,Musis,מוּשִׁ֔י,4,False,,
13006032,7,,des,בֶּן־,5,False,,
13006032,8,,Sohnes,בֶּן־,5,False,,
13006032,9,,Meraris,מְרָרִ֖י,6,False,,
13006032,10,,des,בֶּן־,7,False,,
13006032,11,,Sohnes,בֶּן־,7,False,,
13006032,12,,Levis,לֵוִֽי׃ ס,8,False,,
13006033,1,,Und,וַאֲחֵיהֶ֖ם,1,False,,
13006033,2,,ihre,וַאֲחֵיהֶ֖ם,1,False,,
13006033,3,,Brüder,וַאֲחֵיהֶ֖ם,1,False,,
13006033,4,,die,הַלְוִיִּ֑ם,2,True,,
13006033,5,,Leviten,הַלְוִיִּ֑ם,2,False,,
13006033,6,,waren,נְתוּנִ֕ים,3,False,,
13006033,7,,gegeben,נְתוּנִ֕ים,3,False,,
13006033,8,,zu,לְכָ֨ל־,4,False,,
13006033,9,,allem,לְכָ֨ל־,4,False,,
13006033,10,,Dienst,עֲבוֹדַ֔ת,5,False,,
13006033,11,,der,מִשְׁכַּ֖ן,6,True,,
13006033,12,,Wohnung,מִשְׁכַּ֖ן,6,False,,
13006033,13,,des,בֵּ֥ית,7,False,,
13006033,14,,Hauses,בֵּ֥ית,7,False,,
13006033,15,,Gottes,הָאֱלֹהִֽים׃,8,False,,
13006034,1,,Und,וְֽאַהֲרֹ֨ן,1,False,,
13006034,2,,Aaron,וְֽאַהֲרֹ֨ן,1,False,,
13006034,3,,und,וּבָנָ֜יו,2,False,,
13006034,4,,seine,וּבָנָ֜יו,2,False,,
13006034,5,,Söhne,וּבָנָ֜יו,2,False,,
13006034,6,,räucherten,מַקְטִירִ֨ים,3,False,,
13006034,7,,auf,עַל־,4,False,,
13006034,8,,dem,מִזְבַּ֤ח,5,True,,
13006034,9,,Brandopferaltar,מִזְבַּ֤ח,5,False,,
13006034,10,,und,וְעַל־,7,False,,
13006034,11,,auf,וְעַל־,7,False,,
13006034,12,,dem,מִזְבַּ֣ח,8,True,,
13006034,13,,Räucheraltar,מִזְבַּ֣ח,8,False,,
13006034,14,,nach,לְכֹ֕ל,10,False,,
13006034,15,,allem,לְכֹ֕ל,10,False,,
13006034,16,,Geschäft,מְלֶ֖אכֶת,11,False,,
13006034,17,,des,קֹ֣דֶשׁ,12,False,,
13006034,18,,Allerheiligsten,הַקֳּדָשִׁ֑ים,13,False,,
13006034,19,,und,וּלְכַפֵּר֙,14,False,,
13006034,20,,um,וּלְכַפֵּר֙,14,False,,
13006034,21,,Sühnung,וּלְכַפֵּר֙,14,False,,
13006034,22,,zu,וּלְכַפֵּר֙,14,False,,
13006034,23,,tun,וּלְכַפֵּר֙,14,False,,
13006034,24,,für,עַל־,15,False,,
13006034,25,,Israel,יִשְׂרָאֵ֔ל,16,False,,
13006034,26,,nach,כְּכֹל֙,17,False,,
13006034,27,,allem,כְּכֹל֙,17,False,,
13006034,28,,was,אֲשֶׁ֣ר,18,False,,
13006034,29,,Mose,מֹשֶׁ֖ה,20,False,,
13006034,30,,der,עֶ֥בֶד,21,True,,
13006034,31,,Knecht,עֶ֥בֶד,21,False,,
13006034,32,,Gottes,הָאֱלֹהִֽים׃ פ,22,False,,
13006034,33,,geboten,צִוָּ֔ה,19,False,,
13006034,34,,hatte,צִוָּ֔ה,19,False,,
13006035,1,,Und,וְאֵ֖לֶּה,1,False,,
13006035,2,,dies,וְאֵ֖לֶּה,1,False,,
13006035,3,,waren,וְאֵ֖לֶּה,1,False,,
13006035,4,,die,בְּנֵ֣י,2,True,,
13006035,5,,Söhne,בְּנֵ֣י,2,False,,
13006035,6,,Aarons,אַהֲרֹ֑ן,3,False,,
13006035,7,,dessen,אֶלְעָזָ֥ר,4,False,,
13006035,8,,Sohn,בְּנ֛וֹ,5,False,,
13006035,9,,Eleasar,אֶלְעָזָ֥ר,4,False,,
13006035,10,,dessen,פִּֽינְחָ֥ס,6,False,,
13006035,11,,Sohn,בְּנ֖וֹ,7,False,,
13006035,12,,Pinehas,פִּֽינְחָ֥ס,6,False,,
13006035,13,,dessen,אֲבִישׁ֥וּעַ,8,False,,
13006035,14,,Sohn,בְּנֽוֹ׃,9,False,,
13006035,15,,Abischua,אֲבִישׁ֥וּעַ,8,False,,
13006036,1,,dessen,בֻּקִּ֥י,1,False,,
13006036,2,,Sohn,בְנ֛וֹ,2,False,,
13006036,3,,Bukki,בֻּקִּ֥י,1,False,,
13006036,4,,dessen,עֻזִּ֥י,3,False,,
13006036,5,,Sohn,בְנ֖וֹ,4,False,,
13006036,6,,Ussi,עֻזִּ֥י,3,False,,
13006036,7,,dessen,זְרַֽחְיָ֥ה,5,False,,
13006036,8,,Sohn,בְנֽוֹ׃,6,False,,
13006036,9,,Serachja,זְרַֽחְיָ֥ה,5,False,,
13006037,1,,dessen,מְרָי֥וֹת,1,False,,
13006037,2,,Sohn,בְּנ֛וֹ,2,False,,
13006037,3,,Merajoth,מְרָי֥וֹת,1,False,,
13006037,4,,dessen,אֲמַרְיָ֥ה,3,False,,
13006037,5,,Sohn,בְנ֖וֹ,4,False,,
13006037,6,,Amarja,אֲמַרְיָ֥ה,3,False,,
13006037,7,,dessen,אֲחִיט֥וּב,5,False,,
13006037,8,,Sohn,בְּנֽוֹ׃,6,False,,
13006037,9,,Ahitub,אֲחִיט֥וּב,5,False,,
13006038,1,,dessen,צָד֥וֹק,1,False,,
13006038,2,,Sohn,בְּנ֖וֹ,2,False,,
13006038,3,,Zadok,צָד֥וֹק,1,False,,
13006038,4,,dessen,אֲחִימַ֥עַץ,3,False,,
13006038,5,,Sohn,בְּנֽוֹ׃ ס,4,False,,
13006038,6,,Achimaaz,אֲחִימַ֥עַץ,3,False,,
13006039,1,,Und,וְאֵ֙לֶּה֙,1,False,,
13006039,2,,dies,וְאֵ֙לֶּה֙,1,False,,
13006039,3,,waren,וְאֵ֙לֶּה֙,1,False,,
13006039,3,,waren,הָיָ֥ה,11,False,,
13006039,4,,ihre,מוֹשְׁבוֹתָ֔ם,2,False,,
13006039,5,,Wohnsitze,מוֹשְׁבוֹתָ֔ם,2,False,,
13006039,6,,nach,לְטִירוֹתָ֖ם,3,False,,
13006039,7,,ihren,לְטִירוֹתָ֖ם,3,False,,
13006039,8,,Gehöften,לְטִירוֹתָ֖ם,3,False,,
13006039,9,,in,בִּגְבוּלָ֑ם,4,False,,
13006039,10,,ihren,בִּגְבוּלָ֑ם,4,False,,
13006039,11,,Grenzen,בִּגְבוּלָ֑ם,4,False,,
13006039,12,,Den,לִבְנֵ֤י,5,False,,
13006039,13,,Söhnen,לִבְנֵ֤י,5,False,,
13006039,14,,Aarons,אַהֲרֹן֙,6,False,,
13006039,15,,von,לְמִשְׁפַּחַ֣ת,7,False,,
13006039,16,,dem,לְמִשְׁפַּחַ֣ת,7,True,,
13006039,17,,Geschlecht,לְמִשְׁפַּחַ֣ת,7,False,,
13006039,18,,der,הַקְּהָתִ֔י,8,True,,
13006039,19,,Kehathiter,הַקְּהָתִ֔י,8,False,,
13006039,20,,denn,כִּ֥י,9,False,,
13006039,21,,für,לָהֶ֖ם,10,False,,
13006039,22,,sie,לָהֶ֖ם,10,False,,
13006039,23,,war,הָיָ֥ה,11,False,,
13006039,24,,das,הַגּוֹרָֽל׃,12,True,,
13006039,25,,erste,הַגּוֹרָֽל׃,12,False,,
13006039,26,,Los,הַגּוֹרָֽל׃,12,False,,
13006040,1,,ihnen,לָהֶ֛ם,2,False,,
13006040,2,,gaben,וַֽיִּתְּנ֥וּ,1,False,,
13006040,3,,sie,וַֽיִּתְּנ֥וּ,1,False,,
13006040,4,,Hebron,חֶבְר֖וֹן,4,False,,
13006040,5,,im,בְּאֶ֣רֶץ,5,False,,
13006040,6,,Lande,בְּאֶ֣רֶץ,5,False,,
13006040,7,,Juda,יְהוּדָ֑ה,6,False,,
13006040,8,,und,וְאֶת־,7,False,,
13006040,9,,seine,מִגְרָשֶׁ֖יהָ,8,False,,
13006040,10,,Bezirke,מִגְרָשֶׁ֖יהָ,8,False,,
13006040,11,,rings,סְבִיבֹתֶֽיהָ׃,9,False,,
13006040,12,,um,סְבִיבֹתֶֽיהָ׃,9,False,,
13006040,13,,dasselbe,סְבִיבֹתֶֽיהָ׃,9,False,,
13006040,14,,her,סְבִיבֹתֶֽיהָ׃,9,False,,
13006041,1,,Aber,וְאֶת־,1,False,,
13006041,2,,das,שְׂדֵ֥ה,2,True,,
13006041,3,,Feld,שְׂדֵ֥ה,2,False,,
13006041,4,,der,הָעִ֖יר,3,True,,
13006041,5,,Stadt,הָעִ֖יר,3,False,,
13006041,6,,und,וְאֶת־,4,False,,
13006041,7,,ihre,חֲצֵרֶ֑יהָ,5,False,,
13006041,8,,Dörfer,חֲצֵרֶ֑יהָ,5,False,,
13006041,9,,gaben,נָתְנ֖וּ,6,False,,
13006041,10,,sie,נָתְנ֖וּ,6,False,,
13006041,11,,Kaleb,לְכָלֵ֥ב,7,False,,
13006041,12,,dem,בֶּן־,8,True,,
13006041,13,,Sohne,בֶּן־,8,False,,
13006041,14,,Jephunnes,יְפֻנֶּֽה׃ ס,9,False,,
13006042,1,,Und,וְלִבְנֵ֣י,1,False,,
13006042,2,,sie,נָתְנוּ֙,3,False,,
13006042,3,,gaben,נָתְנוּ֙,3,False,,
13006042,4,,den,וְלִבְנֵ֣י,1,True,,
13006042,5,,Söhnen,וְלִבְנֵ֣י,1,False,,
13006042,6,,Aarons,אַהֲרֹ֗ן,2,False,,
13006042,7,,die,עָרֵ֣י,5,True,,
13006042,8,,Zufluchtstadt,הַמִּקְלָ֔ט,6,False,,
13006042,9,,Hebron,חֶבְר֥וֹן,8,False,,
13006042,10,,und,וְאֶת־,9,False,,
13006042,11,,Libna,לִבְנָ֖ה,10,False,,
13006042,12,,und,וְאֶת־,11,False,,
13006042,13,,seine,מִגְרָשֶׁ֑יהָ,12,False,,
13006042,14,,Bezirke,מִגְרָשֶׁ֑יהָ,12,False,,
13006042,15,,und,וְאֶת־,13,False,,
13006042,16,,Jattir,יַתִּ֥ר,14,False,,
13006042,17,,und,וְאֶֽת־,15,False,,
13006042,18,,Estemoa,אֶשְׁתְּמֹ֖עַ,16,False,,
13006042,19,,und,וְאֶת־,17,False,,
13006042,20,,seine,מִגְרָשֶֽׁיהָ׃,18,False,,
13006042,21,,Bezirke,מִגְרָשֶֽׁיהָ׃,18,False,,
13006043,1,,und,וְאֶת־,1,False,,
13006043,2,,Hilen,חִילֵז֙,2,False,,
13006043,3,,und,וְאֶת־,3,False,,
13006043,4,,seine,מִגְרָשֶׁ֔יהָ,4,False,,
13006043,5,,Bezirke,מִגְרָשֶׁ֔יהָ,4,False,,
13006043,6,,Debir,דְּבִ֖יר,6,False,,
13006043,7,,und,וְאֶת־,7,False,,
13006043,8,,seine,מִגְרָשֶֽׁיהָ׃,8,False,,
13006043,9,,Bezirke,מִגְרָשֶֽׁיהָ׃,8,False,,
13006044,1,,und,וְאֶת־,1,False,,
13006044,2,,Aschan,עָשָׁן֙,2,False,,
13006044,3,,und,וְאֶת־,3,False,,
13006044,4,,seine,מִגְרָשֶׁ֔יהָ,4,False,,
13006044,5,,Bezirke,מִגְרָשֶׁ֔יהָ,4,False,,
13006044,6,,und,וְאֶת־,5,False,,
13006044,7,Beth,Beth-Semes,בֵּ֥ית,6,True,,
13006044,7,,Beth-Semes,שֶׁ֖מֶשׁ,7,False,,
13006044,8,,und,וְאֶת־,8,False,,
13006044,9,,seine,מִגְרָשֶֽׁיהָ׃ ס,9,False,,
13006044,10,,Bezirke,מִגְרָשֶֽׁיהָ׃ ס,9,False,,
13006045,1,,Und,וּמִמַּטֵּ֣ה,1,False,,
13006045,2,,vom,וּמִמַּטֵּ֣ה,1,True,,
13006045,3,,Stamme,וּמִמַּטֵּ֣ה,1,False,,
13006045,4,,Benjamin,בִנְיָמִ֗ן,2,False,,
13006045,5,,Geba,גֶּ֤בַע,4,False,,
13006045,6,,und,וְאֶת־,5,False,,
13006045,7,,seine,מִגְרָשֶׁ֙יהָ֙,6,False,,
13006045,8,,Bezirke,מִגְרָשֶׁ֙יהָ֙,6,False,,
13006045,9,,und,וְאֶת־,7,False,,
13006045,10,,Allemeth,עָלֶ֣מֶת,8,False,,
13006045,11,,und,וְאֶת־,9,False,,
13006045,12,,seine,מִגְרָשֶׁ֔יהָ,10,False,,
13006045,13,,Bezirke,מִגְרָשֶׁ֔יהָ,10,False,,
13006045,14,,und,וְאֶת־,11,False,,
13006045,15,,Anathoth,עֲנָת֖וֹת,12,False,,
13006045,16,,und,וְאֶת־,13,False,,
13006045,17,,seine,מִגְרָשֶׁ֑יהָ,14,False,,
13006045,18,,Bezirke,מִגְרָשֶׁ֑יהָ,14,False,,
13006045,19,,Alle,כָּל־,15,False,,
13006045,20,,ihre,עָרֵיהֶ֛ם,16,False,,
13006045,21,,Städte,עָרֵיהֶ֛ם,16,False,,
13006045,22,drei,dreizehn,שְׁלֹשׁ־,17,True,,
13006045,22,,dreizehn,עֶשְׂרֵ֥ה,18,False,,
13006045,23,,Städte,עִ֖יר,19,False,,
13006045,24,,nach,בְּמִשְׁפְּחוֹתֵיהֶֽם׃ ס,20,False,,
13006045,25,,ihren,בְּמִשְׁפְּחוֹתֵיהֶֽם׃ ס,20,False,,
13006045,26,,Familien,בְּמִשְׁפְּחוֹתֵיהֶֽם׃ ס,20,False,,
13006046,1,,Und,וְלִבְנֵ֨י,1,False,,
13006046,2,,den,וְלִבְנֵ֨י,1,True,,
13006046,3,,übrigen,הַנּוֹתָרִ֗ים,3,False,,
13006046,4,,Söhnen,וְלִבְנֵ֨י,1,False,,
13006046,5,,Kehaths,קְהָ֜ת,2,False,,
13006046,6,,gaben,בַּגּוֹרָ֖ל,10,False,,
13006046,7,,sie,בַּגּוֹרָ֖ל,10,False,,
13006046,8,,von,מִמִּשְׁפַּ֣חַת,4,False,,
13006046,9,,dem,הַמַּטֶּ֡ה,5,True,,
13006046,10,,Geschlecht,מִמִּשְׁפַּ֣חַת,4,False,,
13006046,11,,des,הַמַּטֶּ֡ה,5,True,,
13006046,12,,Stammes,הַמַּטֶּ֡ה,5,False,,
13006046,13,,Ephraim,מַטֵּ֨ה,7,False,,
13006046,14,,und,מִֽ֠מַּחֲצִית,6,False,,
13006046,15,,vom,מִֽ֠מַּחֲצִית,6,False,,
13006046,16,,Stamme,מַטֵּ֨ה,7,False,,
13006046,17,,Dan,מְנַשֶּׁ֛ה,9,False,,
13006046,18,,und,מִֽ֠מַּחֲצִית,6,False,,
13006046,19,,von,מִֽ֠מַּחֲצִית,6,False,,
13006046,20,,der,חֲצִ֧י,8,True,,
13006046,21,,Hälfte,חֲצִ֧י,8,False,,
13006046,22,,des,מַטֵּ֨ה,7,True,,
13006046,23,,Stammes,מַטֵּ֨ה,7,False,,
13006046,24,,Manasse,מְנַשֶּׁ֛ה,9,False,,
13006046,25,,durchs,בַּגּוֹרָ֖ל,10,False,,
13006046,26,,Los,בַּגּוֹרָ֖ל,10,False,,
13006046,27,,zehn,עָֽשֶׂר׃ ס,12,False,,
13006046,28,,Städte,עָרִ֥ים,11,False,,
13006047,1,,Und,וְלִבְנֵ֨י,1,False,,
13006047,2,,den,וְלִבְנֵ֨י,1,True,,
13006047,3,,Söhnen,וְלִבְנֵ֨י,1,False,,
13006047,4,,Gersoms,גֵרְשׁ֜וֹם,2,False,,
13006047,5,,nach,לְמִשְׁפְּחוֹתָ֗ם,3,False,,
13006047,6,,ihren,לְמִשְׁפְּחוֹתָ֗ם,3,False,,
13006047,7,,Familien,לְמִשְׁפְּחוֹתָ֗ם,3,False,,
13006047,8,,vom,מִמַּטֵּ֣ה,4,False,,
13006047,9,,Stamme,מִמַּטֵּ֣ה,4,False,,
13006047,10,,Issaschar,יִ֠שָׂשכָר,5,False,,
13006047,11,,und,וּמִמַּטֵּ֨ה,6,False,,
13006047,12,,vom,וּמִמַּטֵּ֨ה,6,False,,
13006047,13,,Stamme,וּמִמַּטֵּ֨ה,6,False,,
13006047,14,,Aser,אָשֵׁ֜ר,7,False,,
13006047,15,,und,וּמִמַּטֵּ֣ה,8,False,,
13006047,16,,vom,וּמִמַּטֵּ֣ה,8,False,,
13006047,17,,Stamme,וּמִמַּטֵּ֣ה,8,False,,
13006047,18,,Naphtali,נַפְתָּלִ֗י,9,False,,
13006047,19,,und,וּמִמַּטֵּ֤ה,10,False,,
13006047,20,,vom,וּמִמַּטֵּ֤ה,10,False,,
13006047,21,,Stamme,וּמִמַּטֵּ֤ה,10,False,,
13006047,22,,Manasse,מְנַשֶּׁה֙,11,False,,
13006047,23,,in,בַּבָּשָׁ֔ן,12,False,,
13006047,24,,Basan,בַּבָּשָׁ֔ן,12,False,,
13006047,25,drei,dreizehn,שְׁלֹ֥שׁ,14,True,,
13006047,25,,dreizehn,עֶשְׂרֵֽה׃ ס,15,False,,
13006047,26,,Städte,עָרִ֖ים,13,False,,
13006048,1,,Den,לִבְנֵ֨י,1,False,,
13006048,2,,Söhnen,לִבְנֵ֨י,1,False,,
13006048,3,,Meraris,מְרָרִ֜י,2,False,,
13006048,4,,nach,לְמִשְׁפְּחוֹתָ֗ם,3,False,,
13006048,5,,ihren,לְמִשְׁפְּחוֹתָ֗ם,3,False,,
13006048,6,,Familien,לְמִשְׁפְּחוֹתָ֗ם,3,False,,
13006048,7,,vom,מִמַּטֵּ֣ה,4,False,,
13006048,8,,Stamme,מִמַּטֵּ֣ה,4,False,,
13006048,9,,Ruben,רְ֠אוּבֵן,5,False,,
13006048,10,,und,וּֽמִמַּטֵּה־,6,False,,
13006048,11,,vom,וּֽמִמַּטֵּה־,6,False,,
13006048,12,,Stamme,וּֽמִמַּטֵּה־,6,False,,
13006048,13,,Gad,גָ֞ד,7,False,,
13006048,14,,und,וּמִמַּטֵּ֤ה,8,False,,
13006048,15,,vom,וּמִמַּטֵּ֤ה,8,False,,
13006048,16,,Stamme,וּמִמַּטֵּ֤ה,8,False,,
13006048,17,,Sebulon,זְבוּלֻן֙,9,False,,
13006048,18,,durchs,בַּגּוֹרָ֔ל,10,False,,
13006048,19,,Los,בַּגּוֹרָ֔ל,10,False,,
13006048,20,,zwölf,שְׁתֵּ֥ים,12,False,,
13006048,21,,Städte,עָרִ֖ים,11,False,,
13006049,1,,Und,וַיִּתְּנ֥וּ,1,False,,
13006049,2,,die,בְנֵי־,2,True,,
13006049,3,,Kinder,בְנֵי־,2,False,,
13006049,4,,Israel,יִשְׂרָאֵ֖ל,3,False,,
13006049,5,,gaben,וַיִּתְּנ֥וּ,1,False,,
13006049,6,,den,לַלְוִיִּ֑ם,4,False,,
13006049,7,,Leviten,לַלְוִיִּ֑ם,4,False,,
13006049,8,,die,אֶת־,5,False,,
13006049,9,,Städte,הֶעָרִ֖ים,6,False,,
13006049,10,,und,וְאֶת־,7,False,,
13006049,11,,ihre,מִגְרְשֵׁיהֶֽם׃,8,False,,
13006049,12,,Bezirke,מִגְרְשֵׁיהֶֽם׃,8,False,,
13006050,1,,Und,וַיִּתְּנ֣וּ,1,False,,
13006050,2,,zwar,בַגּוֹרָ֗ל,2,True,,
13006050,3,,gaben,וַיִּתְּנ֣וּ,1,False,,
13006050,4,,sie,יִקְרְא֥וּ,16,False,,
13006050,5,,durchs,בַגּוֹרָ֗ל,2,False,,
13006050,6,,Los,בַגּוֹרָ֗ל,2,False,,
13006050,7,,vom,מִמַּטֵּ֤ה,3,False,,
13006050,8,,Stamme,מִמַּטֵּ֤ה,3,False,,
13006050,9,,der,בְנֵי־,4,True,,
13006050,10,,Kinder,בְנֵי־,4,False,,
13006050,11,,Juda,יְהוּדָה֙,5,False,,
13006050,12,,und,וּמִמַּטֵּ֣ה,6,False,,
13006050,13,,vom,וּמִמַּטֵּ֣ה,6,False,,
13006050,14,,Stamme,וּמִמַּטֵּ֣ה,6,False,,
13006050,15,,der,בְנֵי־,7,True,,
13006050,16,,Kinder,בְנֵי־,7,False,,
13006050,17,,Simeon,שִׁמְע֔וֹן,8,False,,
13006050,18,,und,וּמִמַּטֵּ֖ה,9,False,,
13006050,19,,vom,וּמִמַּטֵּ֖ה,9,False,,
13006050,20,,Stamme,וּמִמַּטֵּ֖ה,9,False,,
13006050,21,,der,בְּנֵ֣י,10,True,,
13006050,22,,Kinder,בְּנֵ֣י,10,False,,
13006050,23,,Benjamin,בִנְיָמִ֑ן,11,False,,
13006050,24,,diese,הָאֵ֔לֶּה,14,False,,
13006050,25,,Städte,הֶעָרִ֣ים,13,False,,
13006050,26,,die,אֲשֶׁר־,15,False,,
13006050,27,,sie,יִקְרְא֥וּ,16,False,,
13006050,28,,mit,בְּשֵׁמֽוֹת׃ ס,18,False,,
13006050,29,,Namen,בְּשֵׁמֽוֹת׃ ס,18,False,,
13006050,30,,nannten,יִקְרְא֥וּ,16,False,,
13006051,1,,Und,וַיְהִי֙,4,False,,
13006051,2,,die,וּמִֽמִּשְׁפְּח֖וֹת,1,True,,
13006051,3,,übrigen,וּמִֽמִּשְׁפְּח֖וֹת,1,False,,
13006051,4,,von,וּמִֽמִּשְׁפְּח֖וֹת,1,False,,
13006051,5,,den,וּמִֽמִּשְׁפְּח֖וֹת,1,False,,
13006051,6,,Familien,וּמִֽמִּשְׁפְּח֖וֹת,1,False,,
13006051,7,,der,בְּנֵ֣י,2,False,,
13006051,8,,Söhne,בְּנֵ֣י,2,False,,
13006051,9,,Kehaths,קְהָ֑ת,3,False,,
13006051,10,,erhielten,וַיְהִי֙,4,False,,
13006051,11,,die,עָרֵ֣י,5,False,,
13006051,12,,Städte,עָרֵ֣י,5,False,,
13006051,13,,ihres,גְבוּלָ֔ם,6,False,,
13006051,14,,Gebiets,גְבוּלָ֔ם,6,False,,
13006051,15,,vom,מִמַּטֵּ֖ה,7,False,,
13006051,16,,Stamme,מִמַּטֵּ֖ה,7,False,,
13006051,17,,Ephraim,אֶפְרָֽיִם׃,8,False,,
13006052,1,,Und,וַיִּתְּנ֨וּ,1,False,,
13006052,2,,sie,וַיִּתְּנ֨וּ,1,False,,
13006052,3,,gaben,וַיִּתְּנ֨וּ,1,False,,
13006052,4,,ihnen,לָהֶ֜ם,2,False,,
13006052,5,,die,עָרֵ֧י,4,False,,
13006052,6,,Zufluchtstadt,הַמִּקְלָ֛ט,5,False,,
13006052,7,,Sichem,שְׁכֶ֥ם,7,False,,
13006052,8,,und,וְאֶת־,8,False,,
13006052,9,,ihre,מִגְרָשֶׁ֖יהָ,9,False,,
13006052,10,,Bezirke,מִגְרָשֶׁ֖יהָ,9,False,,
13006052,11,,im,בְּהַ֣ר,10,False,,
13006052,12,,Gebirge,בְּהַ֣ר,10,False,,
13006052,13,,Ephraim,אֶפְרָ֑יִם,11,False,,
13006052,14,,und,וְאֶת־,12,False,,
13006052,15,,Geser,גֶּ֖זֶר,13,False,,
13006052,16,,und,וְאֶת־,14,False,,
13006052,17,,seine,מִגְרָשֶֽׁיהָ׃,15,False,,
13006052,18,,Bezirke,מִגְרָשֶֽׁיהָ׃,15,False,,
13006053,1,,und,וְאֶֽת־,1,False,,
13006053,2,,Jokmeam,יָקְמְעָם֙,2,False,,
13006053,3,,und,וְאֶת־,3,False,,
13006053,4,,seine,מִגְרָשֶׁ֔יהָ,4,False,,
13006053,5,,Bezirke,מִגְרָשֶׁ֔יהָ,4,False,,
13006053,6,,und,וְאֶת־,5,False,,
13006053,7,,Beth-Horon,בֵּ֥ית,6,False,,
13006053,8,,und,וְאֶת־,8,False,,
13006053,9,,seine,מִגְרָשֶֽׁיהָ׃,9,False,,
13006053,10,,Bezirke,מִגְרָשֶֽׁיהָ׃,9,False,,
13006054,1,,und,וְאֶת־,1,False,,
13006054,2,,Ajalon,אַיָּלוֹן֙,2,False,,
13006054,3,,und,וְאֶת־,3,False,,
13006054,4,,seine,מִגְרָשֶׁ֔יהָ,4,False,,
13006054,5,,Bezirke,מִגְרָשֶׁ֔יהָ,4,False,,
13006054,6,,und,וְאֶת־,5,False,,
13006054,7,,Gath-Rimmon,גַּת־,6,False,,
13006054,8,,und,וְאֶת־,8,False,,
13006054,9,,seine,מִגְרָשֶֽׁיהָ׃ פ,9,False,,
13006054,10,,Bezirke,מִגְרָשֶֽׁיהָ׃ פ,9,False,,
13006055,1,,Und,וּמִֽמַּחֲצִית֙,1,False,,
13006055,2,,von,וּמִֽמַּחֲצִית֙,1,False,,
13006055,3,,der,וּמִֽמַּחֲצִית֙,1,False,,
13006055,4,,Hälfte,וּמִֽמַּחֲצִית֙,1,False,,
13006055,5,,des,מַטֵּ֣ה,2,False,,
13006055,6,,Stammes,מַטֵּ֣ה,2,False,,
13006055,7,,Manasse,מְנַשֶּׁ֔ה,3,False,,
13006055,8,,Aner,עָנֵר֙,5,False,,
13006055,9,,und,וְאֶת־,6,False,,
13006055,10,,seine,מִגְרָשֶׁ֔יהָ,7,False,,
13006055,11,,Bezirke,מִגְרָשֶׁ֔יהָ,7,False,,
13006055,12,,und,וְאֶת־,8,False,,
13006055,13,,Bileam,בִּלְעָ֖ם,9,False,,
13006055,14,,und,וְאֶת־,10,False,,
13006055,15,,seine,מִגְרָשֶׁ֑יהָ,11,False,,
13006055,16,,Bezirke,מִגְרָשֶׁ֑יהָ,11,False,,
13006055,17,,,אֶת־,4,True,,
13006055,18,,den,לְמִשְׁפַּ֥חַת,12,True,,
13006055,19,,Familien,לְמִשְׁפַּ֥חַת,12,False,,
13006055,20,,der,לִבְנֵי־,13,False,,
13006055,21,,übrigen,הַנּוֹתָרִֽים׃ פ,15,False,,
13006055,22,,Söhne,לִבְנֵי־,13,False,,
13006055,23,,Kehaths,קְהָ֖ת,14,False,,
13006056,1,,Den,לִבְנֵי֮,1,False,,
13006056,2,,Söhnen,לִבְנֵי֮,1,False,,
13006056,3,,Gersoms,גֵּרְשׁוֹם֒,2,False,,
13006056,4,,vom,מִמִּשְׁפַּ֗חַת,3,False,,
13006056,5,,Geschlecht,מִמִּשְׁפַּ֗חַת,3,False,,
13006056,6,,des,חֲצִי֙,4,False,,
13006056,7,,halben,חֲצִי֙,4,False,,
13006056,8,,Stammes,מַטֵּ֣ה,5,False,,
13006056,9,,Manasse,מְנַשֶּׁ֔ה,6,False,,
13006056,10,,Golan,גּוֹלָ֥ן,8,False,,
13006056,11,,in,בַּבָּשָׁ֖ן,9,False,,
13006056,12,,Basan,בַּבָּשָׁ֖ן,9,False,,
13006056,13,,und,וְאֶת־,10,False,,
13006056,14,,seine,מִגְרָשֶׁ֑יהָ,11,False,,
13006056,15,,Bezirke,מִגְרָשֶׁ֑יהָ,11,False,,
13006056,16,,und,וְאֶת־,12,False,,
13006056,17,,Astaroth,עַשְׁתָּר֖וֹת,13,False,,
13006056,18,,und,וְאֶת־,14,False,,
13006056,19,,seine,מִגְרָשֶֽׁיהָ׃ ס,15,False,,
13006056,20,,Bezirke,מִגְרָשֶֽׁיהָ׃ ס,15,False,,
13006057,1,,und,וּמִמַּטֵּ֣ה,1,False,,
13006057,2,,vom,וּמִמַּטֵּ֣ה,1,False,,
13006057,3,,Stamme,וּמִמַּטֵּ֣ה,1,False,,
13006057,4,,Issaschar,יִשָׂשכָ֔ר,2,False,,
13006057,5,,Kedes,קֶ֖דֶשׁ,4,False,,
13006057,6,,und,וְאֶת־,5,False,,
13006057,7,,seine,מִגְרָשֶׁ֑יהָ,6,False,,
13006057,8,,Bezirke,מִגְרָשֶׁ֑יהָ,6,False,,
13006057,9,,und,אֶת־,7,False,,
13006057,10,,Dobrath,דָּבְרַ֖ת,8,False,,
13006057,11,,und,וְאֶת־,9,False,,
13006057,12,,seine,מִגְרָשֶֽׁיהָ׃,10,False,,
13006057,13,,Bezirke,מִגְרָשֶֽׁיהָ׃,10,False,,
13006058,1,,und,וְאֶת־,1,False,,
13006058,2,,Ramoth,רָאמוֹת֙,2,False,,
13006058,3,,und,וְאֶת־,3,False,,
13006058,4,,seine,מִגְרָשֶׁ֔יהָ,4,False,,
13006058,5,,Bezirke,מִגְרָשֶׁ֔יהָ,4,False,,
13006058,6,,und,וְאֶת־,5,False,,
13006058,7,,Anem,עָנֵ֖ם,6,False,,
13006058,8,,und,וְאֶת־,7,False,,
13006058,9,,seine,מִגְרָשֶֽׁיהָ׃ ס,8,False,,
13006058,10,,Bezirke,מִגְרָשֶֽׁיהָ׃ ס,8,False,,
13006059,1,,und,וּמִמַּטֵּ֣ה,1,False,,
13006059,2,,vom,וּמִמַּטֵּ֣ה,1,False,,
13006059,3,,Stamme,וּמִמַּטֵּ֣ה,1,False,,
13006059,4,,Aser,אָשֵׁ֔ר,2,False,,
13006059,5,,Maschal,אֶת־,3,False,,
13006059,6,,und,וְאֶת־,5,False,,
13006059,7,,seine,מִגְרָשֶׁ֑יהָ,6,False,,
13006059,8,,Bezirke,מִגְרָשֶׁ֑יהָ,6,False,,
13006059,9,,und,וְאֶת־,7,False,,
13006059,10,,Abdon,עַבְדּ֖וֹן,8,False,,
13006059,11,,und,וְאֶת־,9,False,,
13006059,12,,seine,מִגְרָשֶֽׁיהָ׃,10,False,,
13006059,13,,Bezirke,מִגְרָשֶֽׁיהָ׃,10,False,,
13006060,1,,und,וְאֶת־,1,False,,
13006060,2,,Hukok,חוּקֹק֙,2,False,,
13006060,3,,und,וְאֶת־,3,False,,
13006060,4,,seine,מִגְרָשֶׁ֔יהָ,4,False,,
13006060,5,,Bezirke,מִגְרָשֶׁ֔יהָ,4,False,,
13006060,6,,und,וְאֶת־,5,False,,
13006060,7,,Rechob,רְחֹ֖ב,6,False,,
13006060,8,,und,וְאֶת־,7,False,,
13006060,9,,seine,מִגְרָשֶֽׁיהָ׃,8,False,,
13006060,10,,Bezirke,מִגְרָשֶֽׁיהָ׃,8,False,,
13006061,1,,und,וּמִמַּטֵּ֣ה,1,False,,
13006061,2,,vom,וּמִמַּטֵּ֣ה,1,False,,
13006061,3,,Stamme,וּמִמַּטֵּ֣ה,1,False,,
13006061,4,,Naphtali,נַפְתָּלִ֗י,2,False,,
13006061,5,,Kedes,אֶת־,3,False,,
13006061,6,,in,בַּגָּלִיל֙,5,False,,
13006061,7,,Galiläa,בַּגָּלִיל֙,5,False,,
13006061,8,,und,וְאֶת־,6,False,,
13006061,9,,seine,מִגְרָשֶׁ֔יהָ,7,False,,
13006061,10,,Bezirke,מִגְרָשֶׁ֔יהָ,7,False,,
13006061,11,,und,וְאֶת־,8,False,,
13006061,12,,Hammon,חַמּ֖וֹן,9,False,,
13006061,13,,und,וְאֶת־,10,False,,
13006061,14,,seine,מִגְרָשֶׁ֑יהָ,11,False,,
13006061,15,,Bezirke,מִגְרָשֶׁ֑יהָ,11,False,,
13006061,16,,und,וְאֶת־,12,False,,
13006061,17,,Kirjathaim,קִרְיָתַ֖יִם,13,False,,
13006061,18,,und,וְאֶת־,14,False,,
13006061,19,,seine,מִגְרָשֶֽׁיהָ׃ ס,15,False,,
13006061,20,,Bezirke,מִגְרָשֶֽׁיהָ׃ ס,15,False,,
13006062,1,,Den,לִבְנֵ֣י,1,False,,
13006062,2,,übrigen,הַנּוֹתָרִים֒,3,False,,
13006062,3,,Söhnen,לִבְנֵ֣י,1,False,,
13006062,4,,Meraris,מְרָרִי֮,2,False,,
13006062,5,,vom,מִמַּטֵּ֣ה,4,False,,
13006062,6,,Stamme,מִמַּטֵּ֣ה,4,False,,
13006062,7,,Sebulon,זְבוּלֻ֔ן,5,False,,
13006062,8,,Rimmono,אֶת־,6,False,,
13006062,9,,und,וְאֶת־,8,False,,
13006062,10,,seine,מִגְרָשֶׁ֑יהָ,9,False,,
13006062,11,,Bezirke,מִגְרָשֶׁ֑יהָ,9,False,,
13006062,12,,Tabor,אֶת־,10,False,,
13006062,13,,und,וְאֶת־,12,False,,
13006062,14,,seine,מִגְרָשֶֽׁיהָ׃,13,False,,
13006062,15,,Bezirke,מִגְרָשֶֽׁיהָ׃,13,False,,
13006063,1,,und,וּמֵעֵ֜בֶר,1,False,,
13006063,2,,jenseit,וּמֵעֵ֜בֶר,1,False,,
13006063,3,,des,לְיַרְדֵּ֣ן,2,False,,
13006063,4,,Jordan,לְיַרְדֵּ֣ן,2,False,,
13006063,5,,von,לְמִזְרַ֣ח,4,False,,
13006063,6,,Jericho,יְרֵחוֹ֮,3,False,,
13006063,7,,östlich,לְמִזְרַ֣ח,4,False,,
13006063,8,,vom,הַיַּרְדֵּן֒,5,False,,
13006063,9,,Jordan,הַיַּרְדֵּן֒,5,False,,
13006063,10,,vom,מִמַּטֵּ֣ה,6,False,,
13006063,11,,Stamme,מִמַּטֵּ֣ה,6,False,,
13006063,12,,Ruben,רְאוּבֵ֔ן,7,False,,
13006063,13,,Bezer,אֶת־,8,False,,
13006063,14,,in,בַּמִּדְבָּ֖ר,10,False,,
13006063,15,,der,בַּמִּדְבָּ֖ר,10,True,,
13006063,16,,Wüste,בַּמִּדְבָּ֖ר,10,False,,
13006063,17,,und,וְאֶת־,11,False,,
13006063,18,,seine,מִגְרָשֶׁ֑יהָ,12,False,,
13006063,19,,Bezirke,מִגְרָשֶׁ֑יהָ,12,False,,
13006063,20,,und,וְאֶת־,13,False,,
13006063,21,,Jahza,יַ֖הְצָה,14,False,,
13006063,22,,und,וְאֶת־,15,False,,
13006063,23,,seine,מִגְרָשֶֽׁיהָ׃,16,False,,
13006063,24,,Bezirke,מִגְרָשֶֽׁיהָ׃,16,False,,
13006064,1,,und,וְאֶת־,1,False,,
13006064,2,,Kedemoth,קְדֵמוֹת֙,2,False,,
13006064,3,,und,וְאֶת־,3,False,,
13006064,4,,seine,מִגְרָשֶׁ֔יהָ,4,False,,
13006064,5,,Bezirke,מִגְרָשֶׁ֔יהָ,4,False,,
13006064,6,,und,וְאֶת־,5,False,,
13006064,7,,Mephaath,מֵיפַ֖עַת,6,False,,
13006064,8,,und,וְאֶת־,7,False,,
13006064,9,,seine,מִגְרָשֶֽׁיהָ׃,8,False,,
13006064,10,,Bezirke,מִגְרָשֶֽׁיהָ׃,8,False,,
13006065,1,,und,וּמִ֨מַּטֵּה־,1,False,,
13006065,2,,vom,וּמִ֨מַּטֵּה־,1,False,,
13006065,3,,Stamme,וּמִ֨מַּטֵּה־,1,False,,
13006065,4,,Gad,גָ֔ד,2,False,,
13006065,5,,Ramoth,אֶת־,3,False,,
13006065,6,,in,בַּגִּלְעָ֖ד,5,False,,
13006065,7,,Gilead,בַּגִּלְעָ֖ד,5,False,,
13006065,8,,und,וְאֶת־,6,False,,
13006065,9,,seine,מִגְרָשֶׁ֑יהָ,7,False,,
13006065,10,,Bezirke,מִגְרָשֶׁ֑יהָ,7,False,,
13006065,11,,und,וְאֶֽת־,8,False,,
13006065,12,,Machanaim,מַחֲנַ֖יִם,9,False,,
13006065,13,,und,וְאֶת־,10,False,,
13006065,14,,seine,מִגְרָשֶֽׁיהָ׃,11,False,,
13006065,15,,Bezirke,מִגְרָשֶֽׁיהָ׃,11,False,,
13006066,1,,und,וְאֶת־,1,False,,
13006066,2,,Hesbon,חֶשְׁבּוֹן֙,2,False,,
13006066,3,,und,וְאֶת־,3,False,,
13006066,4,,seine,מִגְרָשֶׁ֔יהָ,4,False,,
13006066,5,,Bezirke,מִגְרָשֶׁ֔יהָ,4,False,,
13006066,6,,und,וְאֶת־,5,False,,
13006066,7,,Jaser,יַעְזֵ֖יר,6,False,,
13006066,8,,und,וְאֶת־,7,False,,
13006066,9,,seine,מִגְרָשֶֽׁיהָ׃ ס,8,False,,
13006066,10,,Bezirke,מִגְרָשֶֽׁיהָ׃ ס,8,False,,
13007001,1,,Und,וְלִבְנֵ֣י,1,False,,
13007001,2,,die,וְלִבְנֵ֣י,1,True,,
13007001,3,,Söhne,וְלִבְנֵ֣י,1,False,,
13007001,4,,Issaschars,יִשָׂשכָ֗ר,2,False,,
13007001,5,,Tola,תּוֹלָ֧ע,3,False,,
13007001,6,,und,וּפוּאָ֛ה,4,False,,
13007001,7,,Pua,וּפוּאָ֛ה,4,False,,
13007001,8,,Jaschub,יָשׁ֥וּב,5,False,,
13007001,9,,und,וְשִׁמְר֖וֹן,6,False,,
13007001,10,,Schimron,וְשִׁמְר֖וֹן,6,False,,
13007001,11,,vier,אַרְבָּעָֽה׃ ס,7,False,,
13007002,1,,Und,וּבְנֵ֣י,1,False,,
13007002,2,,die,וּבְנֵ֣י,1,True,,
13007002,3,,Söhne,וּבְנֵ֣י,1,False,,
13007002,4,,Tolas,תוֹלָ֗ע,2,False,,
13007002,5,,Ussi,עֻזִּ֡י,3,False,,
13007002,6,,und,וּרְפָיָ֡ה,4,False,,
13007002,7,,Rephaja,וּרְפָיָ֡ה,4,False,,
13007002,8,,und,וִֽ֠ירִיאֵל,5,False,,
13007002,9,,Jeriel,וִֽ֠ירִיאֵל,5,False,,
13007002,10,,und,וְיַחְמַ֨י,6,False,,
13007002,11,,Jachmai,וְיַחְמַ֨י,6,False,,
13007002,12,,und,וְיִבְשָׂ֜ם,7,False,,
13007002,13,,Jibsam,וְיִבְשָׂ֜ם,7,False,,
13007002,14,,und,וּשְׁמוּאֵ֗ל,8,False,,
13007002,15,,Samuel,וּשְׁמוּאֵ֗ל,8,False,,
13007002,16,,Häupter,רָאשִׁ֤ים,9,False,,
13007002,17,,ihrer,אֲבוֹתָם֙,11,False,,
13007002,18,,Vaterhäuser,לְבֵית־,10,False,,
13007002,19,,von,לְתוֹלָ֔ע,12,False,,
13007002,20,,Tola,לְתוֹלָ֔ע,12,False,,
13007002,21,,streitbare,גִּבּ֥וֹרֵי,13,False,,
13007002,22,,Männer,חַ֖יִל,14,False,,
13007002,23,,nach,לְתֹלְדוֹתָ֑ם,15,False,,
13007002,24,,ihren,לְתֹלְדוֹתָ֑ם,15,False,,
13007002,25,,Geschlechtern,לְתֹלְדוֹתָ֑ם,15,False,,
13007002,26,,ihre,מִסְפָּרָם֙,16,False,,
13007002,27,,Zahl,מִסְפָּרָם֙,16,False,,
13007002,28,,war,בִּימֵ֣י,17,False,,
13007002,29,,in,בִּימֵ֣י,17,False,,
13007002,30,,den,בִּימֵ֣י,17,True,,
13007002,31,,Tagen,בִּימֵ֣י,17,False,,
13007002,32,,Davids,דָוִ֔יד,18,False,,
13007002,33,,22600,עֶשְׂרִֽים־,19,False,,
13007002,33,,22600,וּשְׁנַ֥יִם,20,False,,
13007002,33,,22600,אֶ֖לֶף,21,False,,
13007002,33,,22600,וְשֵׁ֥שׁ,22,False,,
13007002,33,,22600,מֵאֽוֹת׃ ס,23,False,,
13007003,1,,Und,וּבְנֵ֥י,1,False,,
13007003,2,,die,וּבְנֵ֥י,1,True,,
13007003,3,,Söhne,וּבְנֵ֥י,1,False,,
13007003,4,,Ussis,עֻזִּ֖י,2,False,,
13007003,5,,Jisrachja,יִֽזְרַֽחְיָ֑ה,3,False,,
13007003,6,,und,וּבְנֵ֣י,4,False,,
13007003,7,,die,וּבְנֵ֣י,4,True,,
13007003,8,,Söhne,וּבְנֵ֣י,4,False,,
13007003,9,,Jisrachjas,יִֽזְרַֽחְיָ֗ה,5,False,,
13007003,10,,Michael,מִֽיכָאֵ֡ל,6,False,,
13007003,11,,und,וְ֠עֹבַדְיָה,7,False,,
13007003,12,,Obadja,וְ֠עֹבַדְיָה,7,False,,
13007003,13,,und,וְיוֹאֵ֧ל,8,False,,
13007003,14,,Joel,וְיוֹאֵ֧ל,8,False,,
13007003,15,,Jissija,יִשִּׁיָּ֛ה,9,False,,
13007003,16,,insgesamt,כֻּלָּֽם׃,12,False,,
13007003,17,,fünf,חֲמִשָּׁ֖ה,10,False,,
13007003,18,,Häupter,רָאשִׁ֥ים,11,False,,
13007004,1,,Und,וַעֲלֵיהֶ֨ם,1,False,,
13007004,2,,bei,וַעֲלֵיהֶ֨ם,1,False,,
13007004,3,,ihnen,וַעֲלֵיהֶ֨ם,1,False,,
13007004,4,,waren,הִרְבּ֥וּ,12,False,,
13007004,5,,nach,לְתֹלְדוֹתָ֜ם,2,False,,
13007004,6,,ihren,לְתֹלְדוֹתָ֜ם,2,False,,
13007004,7,,Geschlechtern,לְתֹלְדוֹתָ֜ם,2,False,,
13007004,8,,nach,לְבֵ֣ית,3,False,,
13007004,9,,ihren,אֲבוֹתָ֗ם,4,False,,
13007004,10,,Vaterhäusern,אֲבוֹתָ֗ם,4,False,,
13007004,11,,Kriegsheerscharen,גְּדוּדֵי֙,5,False,,
13007004,11,,Kriegsheerscharen,צְבָ֣א,6,False,,
13007004,11,,Kriegsheerscharen,מִלְחָמָ֔ה,7,False,,
13007004,12,,36000,שְׁלֹשִׁ֥ים,8,False,,
13007004,12,,36000,וְשִׁשָּׁ֖ה,9,False,,
13007004,12,,36000,אָ֑לֶף,10,False,,
13007004,13,,Mann,אָ֑לֶף,10,False,,
13007004,14,,denn,כִּֽי־,11,False,,
13007004,15,,sie,הִרְבּ֥וּ,12,False,,
13007004,16,,hatten,הִרְבּ֥וּ,12,False,,
13007004,17,,viele,הִרְבּ֥וּ,12,False,,
13007004,18,,Weiber,נָשִׁ֖ים,13,False,,
13007004,19,,und,וּבָנִֽים׃,14,False,,
13007004,20,,Kinder,וּבָנִֽים׃,14,False,,
13007005,1,,Und,וַאֲחֵיהֶ֗ם,1,False,,
13007005,2,,ihre,וַאֲחֵיהֶ֗ם,1,False,,
13007005,3,,Brüder,וַאֲחֵיהֶ֗ם,1,False,,
13007005,4,,nach,לְכֹל֙,2,False,,
13007005,5,,allen,לְכֹל֙,2,False,,
13007005,6,,Geschlechtern,מִשְׁפְּח֣וֹת,3,False,,
13007005,7,,Issaschars,יִשָׂשכָ֔ר,4,False,,
13007005,8,,streitbare,גִּבּוֹרֵ֖י,5,False,,
13007005,9,,Männer,חֲיָלִ֑ים,6,False,,
13007005,10,,waren,הִתְיַחְשָׂ֖ם,10,False,,
13007005,11,,87000,שְׁמוֹנִ֤ים,7,False,,
13007005,11,,87000,וְשִׁבְעָה֙,8,False,,
13007005,11,,87000,אֶ֔לֶף,9,False,,
13007005,12,,die,לַכֹּֽל׃ פ,11,False,,
13007005,13,,Gesamtzahl,לַכֹּֽל׃ פ,11,False,,
13007005,14,,der,לַכֹּֽל׃ פ,11,False,,
13007005,15,,Verzeichneten,לַכֹּֽל׃ פ,11,False,,
13007006,1,,Von,בִּנְיָמִ֗ן,1,False,,
13007006,2,,Benjamin,בִּנְיָמִ֗ן,1,False,,
13007006,3,,Bela,בֶּ֧לַע,2,False,,
13007006,4,,und,וָבֶ֛כֶר,3,False,,
13007006,5,,Beker,וָבֶ֛כֶר,3,False,,
13007006,6,,und,וִידִֽיעֲאֵ֖ל,4,False,,
13007006,7,,Jediael,וִידִֽיעֲאֵ֖ל,4,False,,
13007006,8,,drei,שְׁלֹשָֽׁה׃,5,False,,
13007007,1,,Und,וּבְנֵ֣י,1,False,,
13007007,2,,die,וּבְנֵ֣י,1,True,,
13007007,3,,Söhne,וּבְנֵ֣י,1,False,,
13007007,4,,Belas,בֶ֗לַע,2,False,,
13007007,5,,Ezbon,אֶצְבּ֡וֹן,3,False,,
13007007,6,,und,וְעֻזִּ֡י,4,False,,
13007007,7,,Ussi,וְעֻזִּ֡י,4,False,,
13007007,8,,und,וְ֠עֻזִּיאֵל,5,False,,
13007007,9,,Ussiel,וְ֠עֻזִּיאֵל,5,False,,
13007007,10,,und,וִירִימ֨וֹת,6,False,,
13007007,11,,Jerimoth,וִירִימ֨וֹת,6,False,,
13007007,12,,und,וְעִירִ֜י,7,False,,
13007007,13,,Iri,וְעִירִ֜י,7,False,,
13007007,14,,fünf,חֲמִשָּׁ֗ה,8,False,,
13007007,15,,Häupter,רָאשֵׁי֙,9,False,,
13007007,16,,der,בֵּ֣ית,10,False,,
13007007,17,,Vaterhäuser,בֵּ֣ית,10,False,,
13007007,17,,Vaterhäuser,אָב֔וֹת,11,False,,
13007007,18,,streitbare,גִּבּוֹרֵ֖י,12,False,,
13007007,19,,Männer,חֲיָלִ֑ים,13,False,,
13007007,20,,und,וְהִתְיַחְשָׂ֗ם,14,False,,
13007007,21,,sie,וְהִתְיַחְשָׂ֗ם,14,False,,
13007007,22,,waren,וְהִתְיַחְשָׂ֗ם,14,False,,
13007007,23,,verzeichnet,וְהִתְיַחְשָׂ֗ם,14,False,,
13007007,24,,22034,עֶשְׂרִ֤ים,15,False,,
13007007,24,,22034,וּשְׁנַ֙יִם֙,16,False,,
13007007,24,,22034,אֶ֔לֶף,17,False,,
13007007,24,,22034,וּשְׁלֹשִׁ֖ים,18,False,,
13007007,24,,22034,וְאַרְבָּעָֽה׃ ס,19,False,,
13007008,1,,Und,וּבְנֵ֣י,1,False,,
13007008,2,,die,וּבְנֵ֣י,1,True,,
13007008,3,,Söhne,וּבְנֵ֣י,1,False,,
13007008,4,,Bekers,בֶ֗כֶר,2,False,,
13007008,5,,Semira,זְמִירָ֡ה,3,False,,
13007008,6,,und,וְיוֹעָ֡שׁ,4,False,,
13007008,7,,Joas,וְיוֹעָ֡שׁ,4,False,,
13007008,8,,und,וֶ֠אֱלִיעֶזֶר,5,False,,
13007008,9,,Elieser,וֶ֠אֱלִיעֶזֶר,5,False,,
13007008,10,,und,וְאֶלְיוֹעֵינַ֤י,6,False,,
13007008,11,,Eljoenai,וְאֶלְיוֹעֵינַ֤י,6,False,,
13007008,12,,und,וְעָמְרִי֙,7,False,,
13007008,13,,Omri,וְעָמְרִי֙,7,False,,
13007008,14,,und,וִירֵמ֣וֹת,8,False,,
13007008,15,,Jeremoth,וִירֵמ֣וֹת,8,False,,
13007008,16,,und,וַאֲבִיָּ֔ה,9,False,,
13007008,17,,Abija,וַאֲבִיָּ֔ה,9,False,,
13007008,18,,und,וַעֲנָת֖וֹת,10,False,,
13007008,19,,Anathoth,וַעֲנָת֖וֹת,10,False,,
13007008,20,,und,וְעָלָ֑מֶת,11,False,,
13007008,21,,Alameth,וְעָלָ֑מֶת,11,False,,
13007008,22,,alle,כָּל־,12,False,,
13007008,23,,diese,אֵ֖לֶּה,13,False,,
13007008,24,,waren,אֵ֖לֶּה,13,False,,
13007008,25,,Söhne,בְּנֵי־,14,False,,
13007008,26,,Bekers,בָֽכֶר׃,15,False,,
13007009,1,,und,וְהִתְיַחְשָׂ֣ם,1,False,,
13007009,2,,sie,וְהִתְיַחְשָׂ֣ם,1,False,,
13007009,3,,waren,וְהִתְיַחְשָׂ֣ם,1,False,,
13007009,4,,verzeichnet,וְהִתְיַחְשָׂ֣ם,1,False,,
13007009,5,,nach,לְתֹלְדוֹתָ֗ם,2,False,,
13007009,6,,ihren,לְתֹלְדוֹתָ֗ם,2,False,,
13007009,7,,Geschlechtern,לְתֹלְדוֹתָ֗ם,2,False,,
13007009,8,,Häupter,רָאשֵׁי֙,3,False,,
13007009,9,,ihrer,אֲבוֹתָ֔ם,5,False,,
13007009,10,,Vaterhäuser,בֵּ֣ית,4,False,,
13007009,10,,Vaterhäuser,אֲבוֹתָ֔ם,5,False,,
13007009,11,,streitbare,גִּבּוֹרֵ֖י,6,False,,
13007009,12,,Männer,חָ֑יִל,7,False,,
13007009,13,,20200,עֶשְׂרִ֥ים,8,False,,
13007009,13,,20200,אֶ֖לֶף,9,False,,
13007009,13,,20200,וּמָאתָֽיִם׃ ס,10,False,,
13007010,1,,Und,וּבְנֵ֥י,1,False,,
13007010,2,,die,וּבְנֵ֥י,1,True,,
13007010,3,,Söhne,וּבְנֵ֥י,1,False,,
13007010,4,,Jediaels,יְדִיעֲאֵ֖ל,2,False,,
13007010,5,,Bilhan,בִּלְהָ֑ן,3,False,,
13007010,6,,und,וּבְנֵ֣י,4,False,,
13007010,7,,die,וּבְנֵ֣י,4,True,,
13007010,8,,Söhne,וּבְנֵ֣י,4,False,,
13007010,9,,Bilhans,בִלְהָ֗ן,5,False,,
13007010,10,,Jeusch,יְע֡וּשׁ,6,False,,
13007010,11,,und,וּ֠בִנְיָמִן,7,False,,
13007010,12,,Benjamin,וּ֠בִנְיָמִן,7,False,,
13007010,13,,und,וְאֵה֤וּד,8,False,,
13007010,14,,Ehud,וְאֵה֤וּד,8,False,,
13007010,15,,und,וּֽכְנַעֲנָה֙,9,False,,
13007010,16,,Kenaana,וּֽכְנַעֲנָה֙,9,False,,
13007010,17,,und,וְזֵיתָ֔ן,10,False,,
13007010,18,,Sethan,וְזֵיתָ֔ן,10,False,,
13007010,19,,und,וְתַרְשִׁ֖ישׁ,11,False,,
13007010,20,,Tarsis,וְתַרְשִׁ֖ישׁ,11,False,,
13007010,21,,und,וַאֲחִישָֽׁחַר׃,12,False,,
13007010,22,,Achischachar,וַאֲחִישָֽׁחַר׃,12,False,,
13007011,1,,alle,כָּל־,1,False,,
13007011,2,,diese,אֵ֜לֶּה,2,False,,
13007011,3,,waren,בְּנֵ֤י,3,False,,
13007011,4,,Söhne,בְּנֵ֤י,3,False,,
13007011,5,,Jediaels,יְדִֽיעֲאֵל֙,4,False,,
13007011,6,,nach,לְרָאשֵׁ֣י,5,False,,
13007011,7,,den,לְרָאשֵׁ֣י,5,True,,
13007011,8,,Häuptern,לְרָאשֵׁ֣י,5,False,,
13007011,8,,Häuptern,הָאָב֔וֹת,6,False,,
13007011,9,,der,הָאָב֔וֹת,6,False,,
13007011,10,,Väter,הָאָב֔וֹת,6,False,,
13007011,11,,streitbare,גִּבּוֹרֵ֖י,7,False,,
13007011,12,,Männer,חֲיָלִ֑ים,8,False,,
13007011,13,,17200,שִׁבְעָֽה־,9,False,,
13007011,13,,17200,עָשָׂ֥ר,10,False,,
13007011,13,,17200,אֶ֙לֶף֙,11,False,,
13007011,13,,17200,וּמָאתַ֔יִם,12,False,,
13007011,14,,die,יֹצְאֵ֥י,13,False,,
13007011,15,,zum,יֹצְאֵ֥י,13,False,,
13007011,16,,Heere,צָבָ֖א,14,False,,
13007011,17,,auszogen,יֹצְאֵ֥י,13,False,,
13007011,18,,in,לַמִּלְחָמָֽה׃,15,False,,
13007011,19,,den,לַמִּלְחָמָֽה׃,15,True,,
13007011,20,,Streit,לַמִּלְחָמָֽה׃,15,False,,
13007012,1,,Und,וְשֻׁפִּ֤ם,1,False,,
13007012,2,,Schuppim,וְשֻׁפִּ֤ם,1,False,,
13007012,3,,und,וְחֻפִּם֙,2,False,,
13007012,4,,Huppim,וְחֻפִּם֙,2,False,,
13007012,5,,die,בְּנֵ֣י,3,True,,
13007012,6,,Söhne,בְּנֵ֣י,3,False,,
13007012,7,,Irs,עִ֔יר,4,False,,
13007012,8,,Huschim,חֻשִׁ֖ם,5,False,,
13007012,9,,die,בְּנֵ֥י,6,True,,
13007012,10,,Söhne,בְּנֵ֥י,6,False,,
13007012,11,,Achers,אַחֵֽר׃,7,False,,
13007013,1,,Die,בְּנֵ֣י,1,True,,
13007013,2,,Söhne,בְּנֵ֣י,1,False,,
13007013,3,,Naphtalis,נַפְתָּלִ֗י,2,False,,
13007013,4,,Jachziel,יַחֲצִיאֵ֧ל,3,False,,
13007013,5,,und,וְגוּנִ֛י,4,False,,
13007013,6,,Guni,וְגוּנִ֛י,4,False,,
13007013,7,,und,וְיֵ֥צֶר,5,False,,
13007013,8,,Jezer,וְיֵ֥צֶר,5,False,,
13007013,9,,und,וְשַׁלּ֖וּם,6,False,,
13007013,10,,Schallum,וְשַׁלּ֖וּם,6,False,,
13007013,11,,die,בְּנֵ֥י,7,True,,
13007013,12,,Söhne,בְּנֵ֥י,7,False,,
13007013,13,,Bilhas,בִלְהָֽה׃ פ,8,False,,
13007014,1,,Die,בְּנֵ֣י,1,True,,
13007014,2,,Söhne,בְּנֵ֣י,1,False,,
13007014,3,,Manasses,מְנַשֶּׁ֔ה,2,False,,
13007014,4,,Asriel,אַשְׂרִיאֵ֖ל,3,False,,
13007014,5,,welchen…,אֲשֶׁ֣ר,4,False,,
13007014,6,,gebar,יָלָ֑דָה,5,False,,
13007014,7,,sein,פִּֽילַגְשׁוֹ֙,6,False,,
13007014,8,,syrisches,הָֽאֲרַמִּיָּ֔ה,7,False,,
13007014,9,,Kebsweib,פִּֽילַגְשׁוֹ֙,6,False,,
13007014,10,,gebar,יָלְדָ֕ה,8,False,,
13007014,11,,Makir,מָכִ֖יר,10,False,,
13007014,12,,den,אֶת־,9,False,,
13007014,13,,Vater,אֲבִ֥י,11,False,,
13007014,14,,Gileads,גִלְעָֽד׃,12,False,,
13007015,1,,Und,וּמָכִ֞יר,1,False,,
13007015,2,,Makir,וּמָכִ֞יר,1,False,,
13007015,3,,nahm,לָקַ֤ח,2,False,,
13007015,4,,ein,אִשָּׁה֙,3,True,,
13007015,5,,Weib,אִשָּׁה֙,3,False,,
13007015,6,,die,לְחֻפִּ֣ים,4,True,,
13007015,7,,Schwester,לְחֻפִּ֣ים,4,False,,
13007015,8,,von,לְחֻפִּ֣ים,4,True,,
13007015,9,,Huppim,לְחֻפִּ֣ים,4,False,,
13007015,10,,und,וּלְשֻׁפִּ֔ים,5,False,,
13007015,11,,Schuppim,וּלְשֻׁפִּ֔ים,5,False,,
13007015,12,,und,וְשֵׁ֤ם,6,False,,
13007015,13,,der,וְשֵׁ֤ם,6,True,,
13007015,14,,Name,וְשֵׁ֤ם,6,False,,
13007015,15,,ihrer,אֲחֹתוֹ֙,7,False,,
13007015,16,,Schwester,אֲחֹתוֹ֙,7,False,,
13007015,17,,war,מַעֲכָ֔ה,8,False,,
13007015,18,,Maaka,מַעֲכָ֔ה,8,False,,
13007015,19,,Und,וְשֵׁ֥ם,9,False,,
13007015,20,,der,הַשֵּׁנִ֖י,10,True,,
13007015,21,,Name,הַשֵּׁנִ֖י,10,False,,
13007015,22,,des,צְלָפְחָ֑ד,11,True,,
13007015,23,,zweiten,הַשֵּׁנִ֖י,10,False,,
13007015,24,,Sohnes,צְלָפְחָ֑ד,11,False,,
13007015,25,,war,וַתִּהְיֶ֥נָה,12,False,,
13007015,26,,Zelophchad,צְלָפְחָ֑ד,11,False,,
13007015,27,,und,לִצְלָפְחָ֖ד,13,False,,
13007015,28,,Zelophchad,לִצְלָפְחָ֖ד,13,False,,
13007015,29,,hatte,וַתִּהְיֶ֥נָה,12,False,,
13007015,30,,nur,בָּנֽוֹת׃,14,True,,
13007015,31,,Töchter,בָּנֽוֹת׃,14,False,,
13007016,1,,Und,וַתֵּ֨לֶד,1,False,,
13007016,2,,Maaka,מַעֲכָ֤ה,2,False,,
13007016,3,,das,אֵֽשֶׁת־,3,True,,
13007016,4,,Weib,אֵֽשֶׁת־,3,False,,
13007016,5,,Makirs,מָכִיר֙,4,False,,
13007016,6,,gebar,וַתֵּ֨לֶד,1,False,,
13007016,7,,einen,בֵּ֔ן,5,True,,
13007016,8,,Sohn,בֵּ֔ן,5,False,,
13007016,9,,und,וַתִּקְרָ֤א,6,False,,
13007016,10,,sie,וַתִּקְרָ֤א,6,False,,
13007016,11,,gab,וַתִּקְרָ֤א,6,False,,
13007016,12,,ihm,שְׁמוֹ֙,7,False,,
13007016,13,,den,שְׁמוֹ֙,7,True,,
13007016,14,,Namen,שְׁמוֹ֙,7,False,,
13007016,15,,Peresch,פֶּ֔רֶשׁ,8,False,,
13007016,16,,Und,וְשֵׁ֥ם,9,False,,
13007016,17,,der,וְשֵׁ֥ם,9,True,,
13007016,18,,Name,וְשֵׁ֥ם,9,False,,
13007016,19,,seines,אָחִ֖יו,10,False,,
13007016,20,,Bruders,אָחִ֖יו,10,False,,
13007016,21,,war,שָׁ֑רֶשׁ,11,False,,
13007016,22,,Scheresch,שָׁ֑רֶשׁ,11,False,,
13007016,23,,und,וּבָנָ֖יו,12,False,,
13007016,24,,seine,וּבָנָ֖יו,12,False,,
13007016,25,,Söhne,וּבָנָ֖יו,12,False,,
13007016,26,,Ulam,אוּלָ֥ם,13,False,,
13007016,27,,und,וָרָֽקֶם׃,14,False,,
13007016,28,,Rekem,וָרָֽקֶם׃,14,False,,
13007017,1,,Und,וּבְנֵ֥י,1,False,,
13007017,2,,die,וּבְנֵ֥י,1,True,,
13007017,3,,Söhne,וּבְנֵ֥י,1,False,,
13007017,4,,Ulams,אוּלָ֖ם,2,False,,
13007017,5,,Bedan,בְּדָ֑ן,3,False,,
13007017,6,,Das,אֵ֚לֶּה,4,False,,
13007017,7,,sind,אֵ֚לֶּה,4,False,,
13007017,8,,die,בְּנֵ֣י,5,True,,
13007017,9,,Söhne,בְּנֵ֣י,5,False,,
13007017,10,,Gileads,גִלְעָ֔ד,6,False,,
13007017,11,,des,בֶּן־,7,False,,
13007017,12,,Sohnes,בֶּן־,7,False,,
13007017,13,,Makirs,מָכִ֖יר,8,False,,
13007017,14,,des,בֶּן־,9,False,,
13007017,15,,Sohnes,בֶּן־,9,False,,
13007017,16,,Manasses,מְנַשֶּֽׁה׃,10,False,,
13007018,1,,Und,וַאֲחֹת֖וֹ,1,False,,
13007018,2,,seine,וַאֲחֹת֖וֹ,1,False,,
13007018,3,,Schwester,וַאֲחֹת֖וֹ,1,False,,
13007018,4,,Hammoleketh,הַמֹּלֶ֑כֶת,2,False,,
13007018,5,,gebar,יָלְדָה֙,3,False,,
13007018,6,,Ischhod,אִישְׁה֔וֹד,5,False,,
13007018,7,,und,וְאֶת־,6,False,,
13007018,8,,Abieser,אֲבִיעֶ֖זֶר,7,False,,
13007018,9,,und,וְאֶת־,8,False,,
13007018,10,,Machla,מַחְלָֽה׃,9,False,,
13007019,1,,Und,וַיִּהְי֖וּ,1,False,,
13007019,2,,die,בְּנֵ֣י,2,True,,
13007019,3,,Söhne,בְּנֵ֣י,2,False,,
13007019,4,,Schemidas,שְׁמִידָ֑ע,3,False,,
13007019,5,,waren,וַיִּהְי֖וּ,1,False,,
13007019,6,,Achjan,אַחְיָ֣ן,4,False,,
13007019,7,,und,וָשֶׁ֔כֶם,5,False,,
13007019,8,,Sichem,וָשֶׁ֔כֶם,5,False,,
13007019,9,,und,וְלִקְחִ֖י,6,False,,
13007019,10,,Likchi,וְלִקְחִ֖י,6,False,,
13007019,11,,und,וַאֲנִיעָֽם׃ פ,7,False,,
13007019,12,,Aniam,וַאֲנִיעָֽם׃ פ,7,False,,
13007020,1,,Und,וּבְנֵ֥י,1,False,,
13007020,2,,die,וּבְנֵ֥י,1,True,,
13007020,3,,Söhne,וּבְנֵ֥י,1,False,,
13007020,4,,Ephraims,אֶפְרַ֖יִם,2,False,,
13007020,5,,Schuthelach,שׁוּתָ֑לַח,3,False,,
13007020,6,,und,וּבֶ֤רֶד,4,False,,
13007020,7,,dessen,בְּנוֹ֙,5,False,,
13007020,8,,Sohn,בְּנוֹ֙,5,False,,
13007020,9,,Bered,וּבֶ֤רֶד,4,False,,
13007020,10,,und,וְתַ֣חַת,6,False,,
13007020,11,,dessen,בְּנ֔וֹ,7,False,,
13007020,12,,Sohn,בְּנ֔וֹ,7,False,,
13007020,13,,Tachath,וְתַ֣חַת,6,False,,
13007020,14,,und,וְאֶלְעָדָ֥ה,8,False,,
13007020,15,,dessen,בְנ֖וֹ,9,False,,
13007020,16,,Sohn,בְנ֖וֹ,9,False,,
13007020,17,,Elada,וְאֶלְעָדָ֥ה,8,False,,
13007020,18,,und,וְתַ֥חַת,10,False,,
13007020,19,,dessen,בְּנֽוֹ׃,11,False,,
13007020,20,,Sohn,בְּנֽוֹ׃,11,False,,
13007020,21,,Tachath,וְתַ֥חַת,10,False,,
13007021,1,,und,וְזָבָ֥ד,1,False,,
13007021,2,,dessen,בְּנ֛וֹ,2,False,,
13007021,3,,Sohn,בְּנ֛וֹ,2,False,,
13007021,4,,Sabad,וְזָבָ֥ד,1,False,,
13007021,5,,und,וְשׁוּתֶ֥לַח,3,False,,
13007021,6,,dessen,בְּנ֖וֹ,4,False,,
13007021,7,,Sohn,בְּנ֖וֹ,4,False,,
13007021,8,,Schuthelach,וְשׁוּתֶ֥לַח,3,False,,
13007021,9,,und,וְעֵ֣זֶר,5,False,,
13007021,10,,Eser,וְעֵ֣זֶר,5,False,,
13007021,11,,und,וְאֶלְעָ֑ד,6,False,,
13007021,12,,Elad,וְאֶלְעָ֑ד,6,False,,
13007021,13,,Und,וַהֲרָג֗וּם,7,False,,
13007021,14,,die,אַנְשֵׁי־,8,True,,
13007021,15,,Männer,אַנְשֵׁי־,8,False,,
13007021,16,,von,בָּאָ֔רֶץ,11,False,,
13007021,17,,Gath,גַת֙,9,False,,
13007021,18,,die,הַנּוֹלָדִ֣ים,10,True,,
13007021,19,,Eingeborenen,הַנּוֹלָדִ֣ים,10,False,,
13007021,20,,des,בָּאָ֔רֶץ,11,False,,
13007021,21,,Landes,בָּאָ֔רֶץ,11,False,,
13007021,22,,erschlugen,וַהֲרָג֗וּם,7,False,,
13007021,23,,sie,וַהֲרָג֗וּם,7,False,,
13007021,24,,denn,כִּ֣י,12,False,,
13007021,25,,sie,יָרְד֔וּ,13,False,,
13007021,26,,waren,יָרְד֔וּ,13,False,,
13007021,27,,hinabgezogen,יָרְד֔וּ,13,False,,
13007021,28,,um,לָקַ֖חַת,14,False,,
13007021,29,,ihre,מִקְנֵיהֶֽם׃,16,False,,
13007021,30,,Herden,מִקְנֵיהֶֽם׃,16,False,,
13007021,31,,wegzunehmen,לָקַ֖חַת,14,False,,
13007022,1,,Und,וַיִּתְאַבֵּ֛ל,1,False,,
13007022,2,,Ephraim,אֶפְרַ֥יִם,2,False,,
13007022,3,,ihr,אֲבִיהֶ֖ם,3,False,,
13007022,4,,Vater,אֲבִיהֶ֖ם,3,False,,
13007022,5,,trauerte,וַיִּתְאַבֵּ֛ל,1,False,,
13007022,6,,viele,רַבִּ֑ים,5,False,,
13007022,7,,Tage,יָמִ֣ים,4,False,,
13007022,8,,und,וַיָּבֹ֥אוּ,6,False,,
13007022,9,,seine,אֶחָ֖יו,7,False,,
13007022,10,,Brüder,אֶחָ֖יו,7,False,,
13007022,11,,kamen,וַיָּבֹ֥אוּ,6,False,,
13007022,12,,um,לְנַחֲמֽוֹ׃,8,False,,
13007022,13,,ihn,לְנַחֲמֽוֹ׃,8,False,,
13007022,14,,zu,לְנַחֲמֽוֹ׃,8,True,,
13007022,15,,trösten,לְנַחֲמֽוֹ׃,8,False,,
13007023,1,,Und,וַיָּבֹא֙,1,False,,
13007023,2,,er,וַיָּבֹא֙,1,False,,
13007023,3,,ging,וַיָּבֹא֙,1,False,,
13007023,4,,ein,אֶל־,2,True,,
13007023,5,,zu,אֶל־,2,False,,
13007023,6,,seinem,אִשְׁתּ֔וֹ,3,False,,
13007023,7,,Weibe,אִשְׁתּ֔וֹ,3,False,,
13007023,8,,und,וַתַּ֖הַר,4,False,,
13007023,9,,sie,וַתַּ֖הַר,4,False,,
13007023,10,,wurde,וַתַּ֖הַר,4,False,,
13007023,11,,schwanger,וַתַּ֖הַר,4,False,,
13007023,12,,und,וַתֵּ֣לֶד,5,False,,
13007023,13,,gebar,וַתֵּ֣לֶד,5,False,,
13007023,14,,einen,בֵּ֑ן,6,True,,
13007023,15,,Sohn,בֵּ֑ן,6,False,,
13007023,16,,und,וַיִּקְרָ֤א,7,False,,
13007023,17,,er,וַיִּקְרָ֤א,7,False,,
13007023,18,,gab,וַיִּקְרָ֤א,7,False,,
13007023,19,,ihm,שְׁמוֹ֙,9,False,,
13007023,20,,den,אֶת־,8,True,,
13007023,21,,Namen,שְׁמוֹ֙,9,False,,
13007023,22,,Beria,בְּרִיעָ֔ה,10,False,,
13007023,23,,weil,כִּ֥י,11,False,,
13007023,24,,sein,בְּבֵיתֽוֹ׃,14,False,,
13007023,25,,Haus,בְּבֵיתֽוֹ׃,14,False,,
13007023,26,,im,בְּבֵיתֽוֹ׃,14,False,,
13007023,27,,Unglück,בְרָעָ֖ה,12,False,,
13007023,28,,war,הָיְתָ֥ה,13,False,,
13007024,1,,Und,וּבִתּ֣וֹ,1,False,,
13007024,2,,seine,וּבִתּ֣וֹ,1,False,,
13007024,3,,Tochter,וּבִתּ֣וֹ,1,False,,
13007024,4,,war,וַתִּ֧בֶן,3,False,,
13007024,5,,Scheera,שֶׁאֱרָ֔ה,2,False,,
13007024,6,,und,וַתִּ֧בֶן,3,False,,
13007024,7,,sie,וַתִּ֧בֶן,3,False,,
13007024,8,,baute,וַתִּ֧בֶן,3,False,,
13007024,9,,das,אֶת־,4,True,,
13007024,10,,untere,הַתַּחְתּ֖וֹן,7,False,,
13007024,11,,und,וְאֶת־,8,False,,
13007024,12,,das,וְאֵ֖ת,10,True,,
13007024,13,,obere,הָעֶלְי֑וֹן,9,False,,
13007024,14,,Beth-Horon,חוֹר֛וֹן,6,False,,
13007024,15,,und,וְאֵ֖ת,10,False,,
13007024,16,,Ussen-Scheera,אֻזֵּ֥ן,11,False,,
13007025,1,,Und,וְרֶ֣פַח,1,False,,
13007025,2,,sein,בְּנ֗וֹ,2,False,,
13007025,3,,Sohn,בְּנ֗וֹ,2,False,,
13007025,4,,war,וְרֶ֣פַח,1,False,,
13007025,5,,Rephach,וְרֶ֣פַח,1,False,,
13007025,6,,und,וְרֶ֧שֶׁף,3,False,,
13007025,7,,Rescheph,וְרֶ֧שֶׁף,3,False,,
13007025,8,,und,וְתֶ֛לַח,4,False,,
13007025,9,,dessen,בְּנ֖וֹ,5,False,,
13007025,10,,Sohn,בְּנ֖וֹ,5,False,,
13007025,11,,Telach,וְתֶ֛לַח,4,False,,
13007025,12,,und,וְתַ֥חַן,6,False,,
13007025,13,,dessen,בְּנֽוֹ׃,7,False,,
13007025,14,,Sohn,בְּנֽוֹ׃,7,False,,
13007025,15,,Tachan,וְתַ֥חַן,6,False,,
13007026,1,,dessen,בְּנ֛וֹ,2,False,,
13007026,2,,Sohn,בְּנ֛וֹ,2,False,,
13007026,3,,Ladan,לַעְדָּ֥ן,1,False,,
13007026,4,,dessen,בְּנ֖וֹ,4,False,,
13007026,5,,Sohn,בְּנ֖וֹ,4,False,,
13007026,6,,Ammihud,עַמִּיה֥וּד,3,False,,
13007026,7,,dessen,בְּנֽוֹ׃,6,False,,
13007026,8,,Sohn,בְּנֽוֹ׃,6,False,,
13007026,9,,Elischama,אֱלִישָׁמָ֥ע,5,False,,
13007027,1,,dessen,בְּנ֖וֹ,2,False,,
13007027,2,,Sohn,בְּנ֖וֹ,2,False,,
13007027,3,,Nun,נ֥וֹן,1,False,,
13007027,4,,dessen,בְּנֽוֹ׃,4,False,,
13007027,5,,Sohn,בְּנֽוֹ׃,4,False,,
13007027,6,,Josua,יְהוֹשֻׁ֥עַ,3,False,,
13007027,7,,,בְּנֽוֹ׃,4,True,,
13007028,1,,Und,וַאֲחֻזָּתָם֙,1,False,,
13007028,2,,ihr,וַאֲחֻזָּתָם֙,1,False,,
13007028,3,,Besitztum,וַאֲחֻזָּתָם֙,1,False,,
13007028,4,,und,וּמֹ֣שְׁבוֹתָ֔ם,2,False,,
13007028,5,,ihre,וּמֹ֣שְׁבוֹתָ֔ם,2,False,,
13007028,6,,Wohnsitze,וּמֹ֣שְׁבוֹתָ֔ם,2,False,,
13007028,7,,waren,בֵּֽית־,3,False,,
13007028,8,,Bethel,בֵּֽית־,3,False,,
13007028,9,,und,וּבְנֹתֶ֑יהָ,5,False,,
13007028,10,,seine,וּבְנֹתֶ֑יהָ,5,False,,
13007028,11,,Tochterstädte,וּבְנֹתֶ֑יהָ,5,False,,
13007028,12,,und,וְלַמִּזְרָ֣ח,6,False,,
13007028,13,,gegen,וְלַמִּזְרָ֣ח,6,False,,
13007028,14,,Sonnenaufgang,וְלַמִּזְרָ֣ח,6,False,,
13007028,15,,Naaran,נַעֲרָ֔ן,7,False,,
13007028,16,,und,וְלַֽמַּעֲרָ֗ב,8,False,,
13007028,17,,gegen,וְלַֽמַּעֲרָ֗ב,8,False,,
13007028,18,,Sonnenuntergang,וְלַֽמַּעֲרָ֗ב,8,False,,
13007028,19,,Geser,גֶּ֤זֶר,9,False,,
13007028,20,,und,וּבְנֹתֶ֙יהָ֙,10,False,,
13007028,21,,seine,וּבְנֹתֶ֙יהָ֙,10,False,,
13007028,22,,Tochterstädte,וּבְנֹתֶ֙יהָ֙,10,False,,
13007028,23,,und,וּשְׁכֶ֣ם,11,False,,
13007028,24,,Sichem,וּשְׁכֶ֣ם,11,False,,
13007028,25,,und,וּבְנֹתֶ֔יהָ,12,False,,
13007028,26,,seine,וּבְנֹתֶ֔יהָ,12,False,,
13007028,27,,Tochterstädte,וּבְנֹתֶ֔יהָ,12,False,,
13007028,28,,bis,עַד־,13,False,,
13007028,29,,nach,עַד־,13,False,,
13007028,30,,Gasa,עַיָּ֖ה,14,False,,
13007028,31,,und,וּבְנֹתֶֽיהָ׃,15,False,,
13007028,32,,seinen,וּבְנֹתֶֽיהָ׃,15,False,,
13007028,33,,Tochterstädten,וּבְנֹתֶֽיהָ׃,15,False,,
13007029,1,,Und,וְעַל־,1,False,,
13007029,2,,in,וְעַל־,1,False,,
13007029,3,,den,יְדֵ֣י,2,True,,
13007029,4,,Händen,יְדֵ֣י,2,False,,
13007029,5,,der,בְנֵי־,3,False,,
13007029,6,,Söhne,בְנֵי־,3,False,,
13007029,7,,Manasses,מְנַשֶּׁ֗ה,4,False,,
13007029,8,,waren,יָשְׁב֔וּ,15,False,,
13007029,9,,Beth-Schean,בֵּית־,5,False,,
13007029,10,,und,וּבְנֹתֶ֙יהָ֙,7,False,,
13007029,11,,seine,וּבְנֹתֶ֙יהָ֙,7,False,,
13007029,12,,Tochterstädte,וּבְנֹתֶ֙יהָ֙,7,False,,
13007029,13,,Taanak,תַּעְנַ֣ךְ,8,False,,
13007029,14,,und,וּבְנֹתֶ֔יהָ,9,False,,
13007029,15,,seine,וּבְנֹתֶ֔יהָ,9,False,,
13007029,16,,Tochterstädte,וּבְנֹתֶ֔יהָ,9,False,,
13007029,17,,Megiddo,מְגִדּ֥וֹ,10,False,,
13007029,18,,und,וּבְנוֹתֶ֖יהָ,11,False,,
13007029,19,,seine,וּבְנוֹתֶ֖יהָ,11,False,,
13007029,20,,Tochterstädte,וּבְנוֹתֶ֖יהָ,11,False,,
13007029,21,,Dor,דּ֣וֹר,12,False,,
13007029,22,,und,וּבְנוֹתֶ֑יהָ,13,False,,
13007029,23,,seine,וּבְנוֹתֶ֑יהָ,13,False,,
13007029,24,,Tochterstädte,וּבְנוֹתֶ֑יהָ,13,False,,
13007029,25,,In,בְּאֵ֙לֶּה֙,14,False,,
13007029,26,,diesen,בְּאֵ֙לֶּה֙,14,False,,
13007029,27,,wohnten,יָשְׁב֔וּ,15,False,,
13007029,28,,die,בְּנֵ֥י,16,False,,
13007029,29,,Kinder,בְּנֵ֥י,16,False,,
13007029,30,,Josephs,יוֹסֵ֖ף,17,False,,
13007029,31,,des,בֶּן־,18,False,,
13007029,32,,Sohnes,בֶּן־,18,False,,
13007029,33,,Israels,יִשְׂרָאֵֽל׃ פ,19,False,,
13007030,1,,Die,בְּנֵ֣י,1,False,,
13007030,2,,Söhne,בְּנֵ֣י,1,False,,
13007030,3,,Asers,אָשֵׁ֗ר,2,False,,
13007030,4,,Jimna,יִמְנָ֧ה,3,False,,
13007030,5,,und,וְיִשְׁוָ֛ה,4,False,,
13007030,6,,Jischwa,וְיִשְׁוָ֛ה,4,False,,
13007030,7,,und,וְיִשְׁוִ֥י,5,False,,
13007030,8,,Jischwi,וְיִשְׁוִ֥י,5,False,,
13007030,9,,und,וּבְרִיעָ֖ה,6,False,,
13007030,10,,Beria,וּבְרִיעָ֖ה,6,False,,
13007030,11,,und,וְשֶׂ֥רַח,7,False,,
13007030,12,,Serach,וְשֶׂ֥רַח,7,False,,
13007030,13,,war,אֲחוֹתָֽם׃,8,False,,
13007030,14,,ihre,אֲחוֹתָֽם׃,8,False,,
13007030,15,,Schwester,אֲחוֹתָֽם׃,8,False,,
13007031,1,,Und,וּבְנֵ֣י,1,False,,
13007031,2,,die,וּבְנֵ֣י,1,False,,
13007031,3,,Söhne,וּבְנֵ֣י,1,False,,
13007031,4,,Berias,בְרִיעָ֔ה,2,False,,
13007031,5,,Heber,חֶ֖בֶר,3,False,,
13007031,6,,und,וּמַלְכִּיאֵ֑ל,4,False,,
13007031,7,,Malkiel,וּמַלְכִּיאֵ֑ל,4,False,,
13007031,8,,er,ה֖וּא,5,False,,
13007031,9,,war,ה֖וּא,5,False,,
13007031,10,,der,אֲבִ֥י,6,False,,
13007031,11,,Vater,אֲבִ֥י,6,False,,
13007031,12,,Birsawiths,בִרְזָֽיִת׃,7,False,,
13007032,1,,Und,וְחֶ֙בֶר֙,1,False,,
13007032,2,,Heber,וְחֶ֙בֶר֙,1,False,,
13007032,3,,zeugte,הוֹלִ֣יד,2,False,,
13007032,4,,Japhlet,אֶת־,3,False,,
13007032,4,,Japhlet,יַפְלֵ֔ט,4,False,,
13007032,5,,und,וְאֶת־,5,False,,
13007032,6,,Schomer,שׁוֹמֵ֖ר,6,False,,
13007032,7,,und,וְאֶת־,7,False,,
13007032,8,,Hotham,חוֹתָ֑ם,8,False,,
13007032,9,,und,וְאֵ֖ת,9,False,,
13007032,10,,Schua,שׁוּעָ֥א,10,False,,
13007032,11,,ihre,אֲחוֹתָֽם׃,11,False,,
13007032,12,,Schwester,אֲחוֹתָֽם׃,11,False,,
13007033,1,,Und,וּבְנֵ֣י,1,False,,
13007033,2,,die,וּבְנֵ֣י,1,True,,
13007033,3,,Söhne,וּבְנֵ֣י,1,False,,
13007033,4,,Japhlets,יַפְלֵ֔ט,2,False,,
13007033,5,,Pasak,פָּסַ֥ךְ,3,False,,
13007033,6,,und,וּבִמְהָ֖ל,4,False,,
13007033,7,,Bimhal,וּבִמְהָ֖ל,4,False,,
13007033,8,,und,וְעַשְׁוָ֑ת,5,False,,
13007033,9,,Aschwath,וְעַשְׁוָ֑ת,5,False,,
13007033,10,,Das,אֵ֖לֶּה,6,False,,
13007033,11,,sind,אֵ֖לֶּה,6,False,,
13007033,12,,die,בְּנֵ֥י,7,True,,
13007033,13,,Söhne,בְּנֵ֥י,7,False,,
13007033,14,,Japhlets,יַפְלֵֽט׃,8,False,,
13007034,1,,Und,וּבְנֵ֖י,1,False,,
13007034,2,,die,וּבְנֵ֖י,1,True,,
13007034,3,,Söhne,וּבְנֵ֖י,1,False,,
13007034,4,,Schomers,שָׁ֑מֶר,2,False,,
13007034,5,,Achi,אֲחִ֥י,3,False,,
13007034,6,,und,וְרָהְגָּ֖ה,4,False,,
13007034,7,,Rohga,וְרָהְגָּ֖ה,4,False,,
13007034,8,,und,וְחֻבָּ֥ה,5,False,,
13007034,9,,Hubba,וְחֻבָּ֥ה,5,False,,
13007034,10,,und,וַאֲרָֽם׃,6,False,,
13007034,11,,Aram,וַאֲרָֽם׃,6,False,,
13007034,12,,,,,True,11,Aram
13007035,1,,Und,וּבֶן־,1,False,,
13007035,2,,die,וּבֶן־,1,True,,
13007035,3,,Söhne,וּבֶן־,1,False,,
13007035,4,,Helems,הֵ֖לֶם,2,False,,
13007035,5,,seines,אָחִ֑יו,3,False,,
13007035,6,,Bruders,אָחִ֑יו,3,False,,
13007035,7,,Zophach,צוֹפַ֥ח,4,False,,
13007035,8,,und,וְיִמְנָ֖ע,5,False,,
13007035,9,,Jimna,וְיִמְנָ֖ע,5,False,,
13007035,10,,und,וְשֵׁ֥לֶשׁ,6,False,,
13007035,11,,Schelesch,וְשֵׁ֥לֶשׁ,6,False,,
13007035,12,,und,וְעָמָֽל׃,7,False,,
13007035,13,,Amal,וְעָמָֽל׃,7,False,,
13007036,1,,Die,בְּנֵ֖י,1,True,,
13007036,2,,Söhne,בְּנֵ֖י,1,False,,
13007036,3,,Zophachs,צוֹפָ֑ח,2,False,,
13007036,4,,Suach,ס֧וּחַ,3,False,,
13007036,5,,und,וְחַרְנֶ֛פֶר,4,False,,
13007036,6,,Harnepher,וְחַרְנֶ֛פֶר,4,False,,
13007036,7,,und,וְשׁוּעָ֖ל,5,False,,
13007036,8,,Schual,וְשׁוּעָ֖ל,5,False,,
13007036,9,,und,וּבֵרִ֥י,6,False,,
13007036,10,,Beri,וּבֵרִ֥י,6,False,,
13007036,11,,und,וְיִמְרָֽה׃,7,False,,
13007036,12,,Jimra,וְיִמְרָֽה׃,7,False,,
13007037,1,,Bezer,בֶּ֣צֶר,1,False,,
13007037,2,,und,וָה֗וֹד,2,False,,
13007037,3,,Hod,וָה֗וֹד,2,False,,
13007037,4,,und,וְשַׁמָּ֧א,3,False,,
13007037,5,,Schamma,וְשַׁמָּ֧א,3,False,,
13007037,6,,und,וְשִׁלְשָׁ֛ה,4,False,,
13007037,7,,Schilscha,וְשִׁלְשָׁ֛ה,4,False,,
13007037,8,,und,וְיִתְרָ֖ן,5,False,,
13007037,9,,Jithran,וְיִתְרָ֖ן,5,False,,
13007037,10,,und,וּבְאֵרָֽא׃,6,False,,
13007037,11,,Beera,וּבְאֵרָֽא׃,6,False,,
13007037,12,,,,,True,11,Beera
13007038,1,,Und,וּבְנֵ֖י,1,False,,
13007038,2,,die,וּבְנֵ֖י,1,True,,
13007038,3,,Söhne,וּבְנֵ֖י,1,False,,
13007038,4,,Jethers,יֶ֑תֶר,2,False,,
13007038,5,,Jephunne,יְפֻנֶּ֥ה,3,False,,
13007038,6,,und,וּפִסְפָּ֖ה,4,False,,
13007038,7,,Pispa,וּפִסְפָּ֖ה,4,False,,
13007038,8,,und,וַאְרָֽא׃,5,False,,
13007038,9,,Ara,וַאְרָֽא׃,5,False,,
13007038,10,,,,,True,9,Ara
13007039,1,,Und,וּבְנֵ֖י,1,False,,
13007039,2,,die,וּבְנֵ֖י,1,True,,
13007039,3,,Söhne,וּבְנֵ֖י,1,False,,
13007039,4,,Ullas,עֻלָּ֑א,2,False,,
13007039,5,,Arach,אָרַ֥ח,3,False,,
13007039,6,,und,וְחַנִּיאֵ֖ל,4,False,,
13007039,7,,Hanniel,וְחַנִּיאֵ֖ל,4,False,,
13007039,8,,und,וְרִצְיָֽא׃,5,False,,
13007039,9,,Rizja,וְרִצְיָֽא׃,5,False,,
13007040,1,,Alle,כָּל־,1,False,,
13007040,2,,diese,אֵ֣לֶּה,2,False,,
13007040,3,,waren,אֵ֣לֶּה,2,True,,
13007040,4,,Söhne,בְנֵי־,3,False,,
13007040,5,,Asers,אָ֠שֵׁר,4,False,,
13007040,6,,Häupter,רָאשֵׁ֨י,5,False,,
13007040,7,,der,בֵית־,6,True,,
13007040,8,,Vaterhäuser,בֵית־,6,False,,
13007040,8,,Vaterhäuser,הָאָב֤וֹת,7,False,,
13007040,9,,auserlesene,בְּרוּרִים֙,8,False,,
13007040,10,,streitbare,גִּבּוֹרֵ֣י,9,False,,
13007040,11,,Männer,חֲיָלִ֔ים,10,False,,
13007040,12,,Häupter,רָאשֵׁ֖י,11,False,,
13007040,13,,der,הַנְּשִׂיאִ֑ים,12,True,,
13007040,14,,Fürsten,הַנְּשִׂיאִ֑ים,12,False,,
13007040,15,,Und,וְהִתְיַחְשָׂ֤ם,13,False,,
13007040,16,,ihre,וְהִתְיַחְשָׂ֤ם,13,False,,
13007040,17,,Verzeichneten,וְהִתְיַחְשָׂ֤ם,13,False,,
13007040,18,,zum,בַּצָּבָא֙,14,False,,
13007040,19,,Heeresdienst,בַּצָּבָא֙,14,False,,
13007040,20,,im,בַּמִּלְחָמָ֔ה,15,False,,
13007040,21,,Kriege,בַּמִּלְחָמָ֔ה,15,False,,
13007040,22,,ihre,מִסְפָּרָ֣ם,16,False,,
13007040,23,,Zahl,מִסְפָּרָ֣ם,16,False,,
13007040,24,,war,מִסְפָּרָ֣ם,16,True,,
13007040,25,,26000,עֶשְׂרִ֥ים,18,False,,
13007040,25,2,26000,וְשִׁשָּׁ֖ה,19,False,,
13007040,26,,Mann,אֲנָשִׁ֔ים,17,False,,
13007040,26,,Mann,אָֽלֶף׃ ס,20,False,,
13008001,1,,Und,וּבִ֨נְיָמִ֔ן,1,False,,
13008001,2,,Benjamin,וּבִ֨נְיָמִ֔ן,1,False,,
13008001,3,,zeugte,הוֹלִ֖יד,2,False,,
13008001,4,,Bela,אֶת־,3,False,,
13008001,4,,Bela,בֶּ֣לַע,4,False,,
13008001,5,,seinen,בְּכֹר֑וֹ,5,False,,
13008001,6,,Erstgeborenen,בְּכֹר֑וֹ,5,False,,
13008001,7,,Aschbel,אַשְׁבֵּל֙,6,False,,
13008001,8,,den,הַשֵּׁנִ֔י,7,True,,
13008001,9,,zweiten,הַשֵּׁנִ֔י,7,False,,
13008001,10,,und,וְאַחְרַ֖ח,8,False,,
13008001,11,,Achrach,וְאַחְרַ֖ח,8,False,,
13008001,12,,den,הַשְּׁלִישִֽׁי׃,9,True,,
13008001,13,,dritten,הַשְּׁלִישִֽׁי׃,9,False,,
13008002,1,,Nocha,נוֹחָה֙,1,False,,
13008002,2,,den,הָֽרְבִיעִ֔י,2,True,,
13008002,3,,vierten,הָֽרְבִיעִ֔י,2,False,,
13008002,4,,und,וְרָפָ֖א,3,False,,
13008002,5,,Rapha,וְרָפָ֖א,3,False,,
13008002,6,,den,הַחֲמִישִֽׁי׃ ס,4,True,,
13008002,7,,fünften,הַחֲמִישִֽׁי׃ ס,4,False,,
13008003,1,,Und,וַיִּהְי֥וּ,1,False,,
13008003,2,,Bela,לְבָ֑לַע,3,False,,
13008003,3,,hatte,וַיִּהְי֥וּ,1,False,,
13008003,4,,Söhne,בָנִ֖ים,2,False,,
13008003,5,,Addar,אַדָּ֥ר,4,False,,
13008003,6,,und,וְגֵרָ֖א,5,False,,
13008003,7,,Gera,וְגֵרָ֖א,5,False,,
13008003,8,,und,וַאֲבִיהֽוּד׃,6,False,,
13008003,9,,Abihud,וַאֲבִיהֽוּד׃,6,False,,
13008004,1,,und,וַאֲבִישׁ֥וּעַ,1,False,,
13008004,2,,Abischua,וַאֲבִישׁ֥וּעַ,1,False,,
13008004,3,,und,וְנַעֲמָ֖ן,2,False,,
13008004,4,,Naaman,וְנַעֲמָ֖ן,2,False,,
13008004,5,,und,וַאֲחֽוֹחַ׃,3,False,,
13008004,6,,Achoach,וַאֲחֽוֹחַ׃,3,False,,
13008005,1,,und,וְגֵרָ֥א,1,False,,
13008005,2,,Gera,וְגֵרָ֥א,1,False,,
13008005,3,,und,וּשְׁפוּפָ֖ן,2,False,,
13008005,4,,Schephuphan,וּשְׁפוּפָ֖ן,2,False,,
13008005,5,,und,וְחוּרָֽם׃,3,False,,
13008005,6,,Huram,וְחוּרָֽם׃,3,False,,
13008005,7,,,,,True,6,Huram
13008006,1,,Und,וְאֵ֖לֶּה,1,False,,
13008006,2,,dies,וְאֵ֖לֶּה,1,False,,
13008006,3,,sind,,,True,2,dies
13008006,4,,die,בְּנֵ֣י,2,True,,
13008006,5,,Söhne,בְּנֵ֣י,2,False,,
13008006,6,,Echuds,אֵח֑וּד,3,False,,
13008006,7,,diese,אֵ֣לֶּה,4,False,,
13008006,8,,waren,הֵ֞ם,5,False,,
13008006,9,,die,רָאשֵׁ֤י,6,True,,
13008006,10,,Häupter,רָאשֵׁ֤י,6,False,,
13008006,11,,der,אָבוֹת֙,7,True,,
13008006,12,,Väter,אָבוֹת֙,7,False,,
13008006,13,,der,לְי֣וֹשְׁבֵי,8,True,,
13008006,14,,Bewohner,לְי֣וֹשְׁבֵי,8,False,,
13008006,15,,von,גֶ֔בַע,9,True,,
13008006,16,,Geba,גֶ֔בַע,9,False,,
13008006,17,,und,וַיַּגְל֖וּם,10,False,,
13008006,18,,man,וַיַּגְל֖וּם,10,False,,
13008006,19,,führte,וַיַּגְל֖וּם,10,False,,
13008006,20,,sie,וַיַּגְל֖וּם,10,False,,
13008006,21,,weg,וַיַּגְל֖וּם,10,False,,
13008006,22,,nach,אֶל־,11,False,,
13008006,23,,Manachath,מָנָֽחַת׃,12,False,,
13008007,1,,nämlich,וְנַעֲמָ֧ן,1,True,,
13008007,2,,Naaman,וְנַעֲמָ֧ן,1,False,,
13008007,3,,und,וַאֲחִיָּ֛ה,2,False,,
13008007,4,,Achija,וַאֲחִיָּ֛ה,2,False,,
13008007,5,,und,וְגֵרָ֖א,3,False,,
13008007,6,,Gera,וְגֵרָ֖א,3,False,,
13008007,7,,dieser,ה֣וּא,4,False,,
13008007,8,,führte,הֶגְלָ֑ם,5,False,,
13008007,9,,sie,הֶגְלָ֑ם,5,False,,
13008007,10,,weg,הֶגְלָ֑ם,5,False,,
13008007,11,,er,וְהוֹלִ֥יד,6,False,,
13008007,12,,zeugte,וְהוֹלִ֥יד,6,False,,
13008007,13,,Ussa,עֻזָּ֖א,8,False,,
13008007,14,,und,וְאֶת־,9,False,,
13008007,15,,Achichud,אֲחִיחֻֽד׃,10,False,,
13008007,16,,,,,True,15,Achichud
13008008,1,,Und,וְשַׁחֲרַ֗יִם,1,False,,
13008008,2,,Schacharaim,וְשַׁחֲרַ֗יִם,1,False,,
13008008,3,,zeugte,הוֹלִיד֙,2,False,,
13008008,4,,Söhne,חוּשִׁ֥ים,8,False,,
13008008,5,,im,בִּשְׂדֵ֣ה,3,False,,
13008008,6,,Gefilde,בִּשְׂדֵ֣ה,3,False,,
13008008,7,,Moab,מוֹאָ֔ב,4,False,,
13008008,8,,nachdem,מִן־,5,False,,
13008008,9,,er,מִן־,5,False,,
13008008,10,,Huschim,חוּשִׁ֥ים,8,False,,
13008008,11,,und,וְאֶֽת־,9,False,,
13008008,12,,Baara,בַּעֲרָ֖א,10,False,,
13008008,13,,seine,נָשָֽׁיו׃,11,False,,
13008008,14,,Weiber,נָשָֽׁיו׃,11,False,,
13008008,15,,entlassen,שִׁלְח֖וֹ,6,False,,
13008008,16,,hatte,שִׁלְח֖וֹ,6,False,,
13008009,1,,und,וַיּ֖וֹלֶד,1,False,,
13008009,2,,er,וַיּ֖וֹלֶד,1,False,,
13008009,3,,zeugte,וַיּ֖וֹלֶד,1,False,,
13008009,4,,von,מִן־,2,False,,
13008009,5,,Hodesch,חֹ֣דֶשׁ,3,False,,
13008009,6,,seinem,אִשְׁתּ֑וֹ,4,False,,
13008009,7,,Weibe,אִשְׁתּ֑וֹ,4,False,,
13008009,8,,Jobab,יוֹבָב֙,6,False,,
13008009,9,,und,וְאֶת־,7,False,,
13008009,10,,Zibja,צִבְיָ֔א,8,False,,
13008009,11,,und,וְאֶת־,9,False,,
13008009,12,,Mescha,מֵישָׁ֖א,10,False,,
13008009,13,,und,וְאֶת־,11,False,,
13008009,14,,Malkam,מַלְכָּֽם׃,12,False,,
13008010,1,,und,וְאֶת־,1,False,,
13008010,2,,Jeuz,יְע֥וּץ,2,False,,
13008010,3,,und,וְאֶת־,3,False,,
13008010,4,,Schobja,שָֽׂכְיָ֖ה,4,False,,
13008010,5,,und,וְאֶת־,5,False,,
13008010,6,,Mirma,מִרְמָ֑ה,6,False,,
13008010,7,,Das,אֵ֥לֶּה,7,False,,
13008010,8,,waren,אֵ֥לֶּה,7,False,,
13008010,9,,seine,בָנָ֖יו,8,False,,
13008010,10,,Söhne,בָנָ֖יו,8,False,,
13008010,11,,Häupter,רָאשֵׁ֥י,9,False,,
13008010,12,,der,אָבֽוֹת׃,10,True,,
13008010,13,,Väter,אָבֽוֹת׃,10,False,,
13008011,1,,Und,וּמֵחֻשִׁ֛ים,1,False,,
13008011,2,,von,וּמֵחֻשִׁ֛ים,1,False,,
13008011,3,,Huschim,וּמֵחֻשִׁ֛ים,1,False,,
13008011,4,,zeugte,הוֹלִ֥יד,2,False,,
13008011,5,,er,הוֹלִ֥יד,2,False,,
13008011,6,,Abitub,אֲבִיט֖וּב,4,False,,
13008011,7,,und,וְאֶת־,5,False,,
13008011,8,,Elpaal,אֶלְפָּֽעַל׃,6,False,,
13008012,1,,Und,וּבְנֵ֣י,1,False,,
13008012,2,,die,וּבְנֵ֣י,1,True,,
13008012,3,,Söhne,וּבְנֵ֣י,1,False,,
13008012,4,,Elpaals,אֶלְפַּ֔עַל,2,False,,
13008012,5,,Heber,עֵ֥בֶר,3,False,,
13008012,6,,und,וּמִשְׁעָ֖ם,4,False,,
13008012,7,,Mischeam,וּמִשְׁעָ֖ם,4,False,,
13008012,8,,und,וָשָׁ֑מֶד,5,False,,
13008012,9,,Schemer,וָשָׁ֑מֶד,5,False,,
13008012,10,,dieser,ה֚וּא,6,False,,
13008012,11,,baute,בָּנָ֣ה,7,False,,
13008012,12,,Ono,אֶת־,8,True,,
13008012,12,,Ono,אוֹנ֔וֹ,9,False,,
13008012,13,,und,וְאֶת־,10,False,,
13008012,14,,Lod,וְאֶת־,10,True,,
13008012,14,,Lod,לֹ֖ד,11,False,,
13008012,15,,und,וּבְנֹתֶֽיהָ׃,12,False,,
13008012,16,,seine,וּבְנֹתֶֽיהָ׃,12,False,,
13008012,17,,Tochterstädte,וּבְנֹתֶֽיהָ׃,12,False,,
13008013,1,,Und,וּבְרִעָ֣ה,1,False,,
13008013,2,,Beria,וּבְרִעָ֣ה,1,False,,
13008013,3,,und,וָשֶׁ֔מַע,2,False,,
13008013,4,,Schema,וָשֶׁ֔מַע,2,False,,
13008013,5,,diese,הֵ֚מָּה,3,False,,
13008013,6,,waren,הֵ֚מָּה,3,False,,
13008013,7,,die,רָאשֵׁ֣י,4,True,,
13008013,8,,Häupter,רָאשֵׁ֣י,4,False,,
13008013,9,,der,הָאָב֔וֹת,5,True,,
13008013,10,,Väter,הָאָב֔וֹת,5,False,,
13008013,11,,der,לְיוֹשְׁבֵ֖י,6,True,,
13008013,12,,Bewohner,לְיוֹשְׁבֵ֖י,6,False,,
13008013,13,,von,אַיָּל֑וֹן,7,True,,
13008013,14,,Ajalon,אַיָּל֑וֹן,7,False,,
13008013,15,,sie,הֵ֥מָּה,8,False,,
13008013,16,,verjagten,הִבְרִ֖יחוּ,9,False,,
13008013,17,,die,אֶת־,10,True,,
13008013,18,,Bewohner,י֥וֹשְׁבֵי,11,False,,
13008013,19,,von,גַֽת׃,12,True,,
13008013,20,,Gath,גַֽת׃,12,False,,
13008014,1,,und,וְאַחְי֥וֹ,1,False,,
13008014,2,,Achjo,וְאַחְי֥וֹ,1,False,,
13008014,3,,Schaschak,שָׁשָׁ֖ק,2,False,,
13008014,4,,und,וִירֵמֽוֹת׃,3,False,,
13008014,5,,Jeremoth,וִירֵמֽוֹת׃,3,False,,
13008015,1,,und,וּזְבַדְיָ֥ה,1,False,,
13008015,2,,Sebadja,וּזְבַדְיָ֥ה,1,False,,
13008015,3,,und,וַעֲרָ֖ד,2,False,,
13008015,4,,Arad,וַעֲרָ֖ד,2,False,,
13008015,5,,und,וָעָֽדֶר׃,3,False,,
13008015,6,,Eder,וָעָֽדֶר׃,3,False,,
13008016,1,,und,וּמִיכָאֵ֧ל,1,False,,
13008016,2,,Michael,וּמִיכָאֵ֧ל,1,False,,
13008016,3,,und,וְיִשְׁפָּ֛ה,2,False,,
13008016,4,,Jischpa,וְיִשְׁפָּ֛ה,2,False,,
13008016,5,,und,וְיוֹחָ֖א,3,False,,
13008016,6,,Jocha,וְיוֹחָ֖א,3,False,,
13008016,7,,waren,בְּנֵ֥י,4,False,,
13008016,8,,die,בְּנֵ֥י,4,True,,
13008016,9,,Söhne,בְּנֵ֥י,4,False,,
13008016,10,,Berias,בְרִיעָֽה׃,5,False,,
13008017,1,,Und,וּזְבַדְיָ֥ה,1,False,,
13008017,2,,Sebadja,וּזְבַדְיָ֥ה,1,False,,
13008017,3,,und,וּמְשֻׁלָּ֖ם,2,False,,
13008017,4,,Meschullam,וּמְשֻׁלָּ֖ם,2,False,,
13008017,5,,und,וְחִזְקִ֥י,3,False,,
13008017,6,,Hiski,וְחִזְקִ֥י,3,False,,
13008017,7,,und,וָחָֽבֶר׃,4,False,,
13008017,8,,Heber,וָחָֽבֶר׃,4,False,,
13008018,1,,und,וְיִשְׁמְרַ֧י,1,False,,
13008018,2,,Jischmerai,וְיִשְׁמְרַ֧י,1,False,,
13008018,3,,und,וְיִזְלִיאָ֛ה,2,False,,
13008018,4,,Jislia,וְיִזְלִיאָ֛ה,2,False,,
13008018,5,,und,וְיוֹבָ֖ב,3,False,,
13008018,6,,Jobab,וְיוֹבָ֖ב,3,False,,
13008018,7,,waren,בְּנֵ֥י,4,False,,
13008018,8,,die,בְּנֵ֥י,4,True,,
13008018,9,,Söhne,בְּנֵ֥י,4,False,,
13008018,10,,Elpaals,אֶלְפָּֽעַל׃,5,False,,
13008018,11,,,אֶלְפָּֽעַל׃,5,True,,
13008019,1,,Und,וְיָקִ֥ים,1,False,,
13008019,2,,Jakim,וְיָקִ֥ים,1,False,,
13008019,3,,und,וְזִכְרִ֖י,2,False,,
13008019,4,,Sichri,וְזִכְרִ֖י,2,False,,
13008019,5,,und,וְזַבְדִּֽי׃,3,False,,
13008019,6,,Sabdi,וְזַבְדִּֽי׃,3,False,,
13008020,1,,und,וֶאֱלִיעֵנַ֥י,1,False,,
13008020,2,,Elienai,וֶאֱלִיעֵנַ֥י,1,False,,
13008020,3,,und,וְצִלְּתַ֖י,2,False,,
13008020,4,,Zillethai,וְצִלְּתַ֖י,2,False,,
13008020,5,,und,וֶאֱלִיאֵֽל׃,3,False,,
13008020,6,,Eliel,וֶאֱלִיאֵֽל׃,3,False,,
13008021,1,,und,וַעֲדָיָ֧ה,1,False,,
13008021,2,,Adaja,וַעֲדָיָ֧ה,1,False,,
13008021,3,,und,וּבְרָאיָ֛ה,2,False,,
13008021,4,,Beraja,וּבְרָאיָ֛ה,2,False,,
13008021,5,,und,וְשִׁמְרָ֖ת,3,False,,
13008021,6,,Schimrath,וְשִׁמְרָ֖ת,3,False,,
13008021,7,,waren,בְּנֵ֥י,4,False,,
13008021,8,,die,בְּנֵ֥י,4,True,,
13008021,9,,Söhne,בְּנֵ֥י,4,False,,
13008021,10,,Simeis,שִׁמְעִֽי׃,5,False,,
13008021,11,,,שִׁמְעִֽי׃,5,True,,
13008022,1,,Und,וְיִשְׁפָּ֥ן,1,False,,
13008022,2,,Jischpan,וְיִשְׁפָּ֥ן,1,False,,
13008022,3,,und,וָעֵ֖בֶר,2,False,,
13008022,4,,Heber,וָעֵ֖בֶר,2,False,,
13008022,5,,und,וֶאֱלִיאֵֽל׃,3,False,,
13008022,6,,Eliel,וֶאֱלִיאֵֽל׃,3,False,,
13008023,1,,und,וְעַבְדּ֥וֹן,1,False,,
13008023,2,,Abdon,וְעַבְדּ֥וֹן,1,False,,
13008023,3,,und,וְזִכְרִ֖י,2,False,,
13008023,4,,Sichri,וְזִכְרִ֖י,2,False,,
13008023,5,,und,וְחָנָֽן׃,3,False,,
13008023,6,,Hanan,וְחָנָֽן׃,3,False,,
13008024,1,,und,וַחֲנַנְיָ֥ה,1,False,,
13008024,2,,Hananja,וַחֲנַנְיָ֥ה,1,False,,
13008024,3,,und,וְעֵילָ֖ם,2,False,,
13008024,4,,Elam,וְעֵילָ֖ם,2,False,,
13008024,5,,und,וְעַנְתֹתִיָּֽה׃,3,False,,
13008024,6,,Anthothija,וְעַנְתֹתִיָּֽה׃,3,False,,
13008025,1,,und,וְיִפְדְיָ֥ה,1,False,,
13008025,2,,Jiphdeja,וְיִפְדְיָ֥ה,1,False,,
13008025,3,,und,וּפְנוּאֵ֖ל,2,False,,
13008025,4,,Pnuel,וּפְנוּאֵ֖ל,2,False,,
13008025,5,,waren,בְּנֵ֥י,3,False,,
13008025,6,,die,בְּנֵ֥י,3,False,,
13008025,7,,Söhne,בְּנֵ֥י,3,False,,
13008025,8,,Schaschaks,שָׁשָֽׁק׃,4,False,,
13008025,9,,,שָׁשָֽׁק׃,4,True,,
13008026,1,,Und,וְשַׁמְשְׁרַ֥י,1,False,,
13008026,2,,Schamscherai,וְשַׁמְשְׁרַ֥י,1,False,,
13008026,3,,und,וּשְׁחַרְיָ֖ה,2,False,,
13008026,4,,Schecharja,וּשְׁחַרְיָ֖ה,2,False,,
13008026,5,,und,וַעֲתַלְיָֽה׃,3,False,,
13008026,6,,Athalja,וַעֲתַלְיָֽה׃,3,False,,
13008027,1,,und,וְיַעֲרֶשְׁיָ֧ה,1,False,,
13008027,2,,Jaareschja,וְיַעֲרֶשְׁיָ֧ה,1,False,,
13008027,3,,und,וְאֵלִיָּ֛ה,2,False,,
13008027,4,,Elia,וְאֵלִיָּ֛ה,2,False,,
13008027,5,,und,וְזִכְרִ֖י,3,False,,
13008027,6,,Sichri,וְזִכְרִ֖י,3,False,,
13008027,7,,waren,בְּנֵ֥י,4,False,,
13008027,8,,die,בְּנֵ֥י,4,False,,
13008027,9,,Söhne,בְּנֵ֥י,4,False,,
13008027,10,,Jerochams,יְרֹחָֽם׃,5,False,,
13008028,1,,Diese,אֵ֣לֶּה,1,False,,
13008028,2,,waren,רָאשֵׁ֥י,2,False,,
13008028,3,,Häupter,רָאשֵׁ֥י,2,False,,
13008028,4,,der,לְתֹלְדוֹתָ֖ם,4,True,,
13008028,5,,Väter,אָב֛וֹת,3,False,,
13008028,6,,nach,לְתֹלְדוֹתָ֖ם,4,False,,
13008028,7,,ihren,לְתֹלְדוֹתָ֖ם,4,False,,
13008028,8,,Geschlechtern,לְתֹלְדוֹתָ֖ם,4,False,,
13008028,9,,Häupter,רָאשִׁ֑ים,5,False,,
13008028,10,,diese,אֵ֖לֶּה,6,False,,
13008028,11,,wohnten,יָשְׁב֥וּ,7,False,,
13008028,12,,zu,בִירוּשָׁלִָֽם׃ ס,8,False,,
13008028,13,,Jerusalem,בִירוּשָׁלִָֽם׃ ס,8,False,,
13008029,1,,Und,וּבְגִבְע֥וֹן,1,False,,
13008029,2,,in,וּבְגִבְע֥וֹן,1,False,,
13008029,3,,Gibeon,וּבְגִבְע֥וֹן,1,False,,
13008029,4,,wohnte,יָשְׁב֖וּ,2,False,,
13008029,5,,der,אֲבִ֣י,3,True,,
13008029,6,,Vater,אֲבִ֣י,3,False,,
13008029,7,,Gibeons,גִבְע֑וֹן,4,False,,
13008029,8,,und,וְשֵׁ֥ם,5,False,,
13008029,9,,der,וְשֵׁ֥ם,5,False,,
13008029,10,,Name,וְשֵׁ֥ם,5,False,,
13008029,11,,seines,אִשְׁתּ֖וֹ,6,False,,
13008029,12,,Weibes,אִשְׁתּ֖וֹ,6,False,,
13008029,13,,war,מַעֲכָֽה׃,7,False,,
13008029,14,,Maaka,מַעֲכָֽה׃,7,False,,
13008030,1,,Und,וּבְנ֥וֹ,1,False,,
13008030,2,,sein,וּבְנ֥וֹ,1,False,,
13008030,3,,erstgeborener,הַבְּכ֖וֹר,2,False,,
13008030,4,,Sohn,וּבְנ֥וֹ,1,False,,
13008030,5,,war,עַבְדּ֑וֹן,3,False,,
13008030,6,,Abdon,עַבְדּ֑וֹן,3,False,,
13008030,7,,und,וְצ֥וּר,4,False,,
13008030,8,,Zur,וְצ֥וּר,4,False,,
13008030,9,,und,וְקִ֖ישׁ,5,False,,
13008030,10,,Kis,וְקִ֖ישׁ,5,False,,
13008030,11,,und,וּבַ֥עַל,6,False,,
13008030,12,,Baal,וּבַ֥עַל,6,False,,
13008030,13,,und,וְנָדָֽב׃,7,False,,
13008030,14,,Nadab,וְנָדָֽב׃,7,False,,
13008031,1,,und,וּגְד֥וֹר,1,False,,
13008031,2,,Gedor,וּגְד֥וֹר,1,False,,
13008031,3,,und,וְאַחְי֖וֹ,2,False,,
13008031,4,,Achjo,וְאַחְי֖וֹ,2,False,,
13008031,5,,und,וָזָֽכֶר׃,3,False,,
13008031,6,,Seker,וָזָֽכֶר׃,3,False,,
13008032,1,,und,וּמִקְל֖וֹת,1,False,,
13008032,2,,Mikloth,וּמִקְל֖וֹת,1,False,,
13008032,3,,zeugte,הוֹלִ֣יד,2,False,,
13008032,4,,Schimea,שִׁמְאָ֑ה,4,False,,
13008032,5,,Und,וְאַף־,5,False,,
13008032,6,,auch,וְאַף־,5,False,,
13008032,7,,diese,הֵ֗מָּה,6,False,,
13008032,8,,wohnten,יָשְׁב֥וּ,9,False,,
13008032,9,,ihren,אֲחֵיהֶ֛ם,8,False,,
13008032,10,,Brüdern,אֲחֵיהֶ֛ם,8,False,,
13008032,11,,gegenüber,נֶ֧גֶד,7,False,,
13008032,12,,in,,,True,13,Jerusalem
13008032,13,,Jerusalem,בִירוּשָׁלִַ֖ם,10,False,,
13008032,14,,bei,עִם־,11,False,,
13008032,15,,ihren,אֲחֵיהֶֽם׃ ס,12,False,,
13008032,16,,Brüdern,אֲחֵיהֶֽם׃ ס,12,False,,
13008032,17,,,,,True,16,Brüdern
13008033,1,,Und,וְנֵר֙,1,False,,
13008033,2,,Ner,וְנֵר֙,1,False,,
13008033,3,,zeugte,הוֹלִ֣יד,2,False,,
13008033,4,,Kis,קִ֔ישׁ,4,False,,
13008033,5,,und,וְקִ֖ישׁ,5,False,,
13008033,6,,Kis,וְקִ֖ישׁ,5,False,,
13008033,7,,zeugte,הוֹלִ֣יד,6,False,,
13008033,8,,Saul,שָׁא֑וּל,8,False,,
13008033,9,,und,וְשָׁא֗וּל,9,False,,
13008033,10,,Saul,וְשָׁא֗וּל,9,False,,
13008033,11,,zeugte,הוֹלִ֤יד,10,False,,
13008033,12,,Jonathan,יְהֽוֹנָתָן֙,12,False,,
13008033,13,,und,וְאֶת־,13,False,,
13008033,14,,Malkischua,מַלְכִּי־,14,False,,
13008033,14,,Malkischua,שׁ֔וּעַ,15,False,,
13008033,15,,und,וְאֶת־,16,False,,
13008033,16,,Abinadab,אֲבִֽינָדָ֖ב,17,False,,
13008033,17,,und,וְאֶת־,18,False,,
13008033,18,,Esch-Baal,אֶשְׁבָּֽעַל׃,19,False,,
13008034,1,,Und,וּבֶן־,1,False,,
13008034,2,,der,,,True,3,Sohn
13008034,3,,Sohn,וּבֶן־,1,False,,
13008034,4,,Jonathans,יְהוֹנָתָ֖ן,2,False,,
13008034,5,,war,,,True,9,zeugte
13008034,6,,Merib-Baal,מְרִ֣יב,3,False,,
13008034,6,,Merib-Baal,בָּ֑עַל,4,False,,
13008034,7,,und,וּמְרִ֥יב,5,False,,
13008034,8,,Merib-Baal,וּמְרִ֥יב,5,False,,
13008034,8,,Merib-Baal,בַּ֖עַל,6,False,,
13008034,9,,zeugte,הוֹלִ֥יד,7,False,,
13008034,10,,Micha,מִיכָֽה׃ ס,9,False,,
13008035,1,,Und,וּבְנֵ֖י,1,False,,
13008035,2,,die,,,True,3,Söhne
13008035,3,,Söhne,וּבְנֵ֖י,1,False,,
13008035,4,,Michas,מִיכָ֑ה,2,False,,
13008035,5,,waren,,,True,3,Söhne
13008035,6,,Pithon,פִּית֥וֹן,3,False,,
13008035,7,,und,וָמֶ֖לֶךְ,4,False,,
13008035,8,,Melek,וָמֶ֖לֶךְ,4,False,,
13008035,9,,und,וְתַאְרֵ֥עַ,5,False,,
13008035,10,,Tharea,וְתַאְרֵ֥עַ,5,False,,
13008035,11,,und,וְאָחָֽז׃,6,False,,
13008035,12,,Achas,וְאָחָֽז׃,6,False,,
13008036,1,,Und,וְאָחָז֙,1,False,,
13008036,2,,Achas,וְאָחָז֙,1,False,,
13008036,3,,zeugte,הוֹלִ֣יד,2,False,,
13008036,4,,Jehoadda,יְהוֹעַדָּ֔ה,4,False,,
13008036,5,,und,וִיהֽוֹעַדָּ֗ה,5,False,,
13008036,6,,Jehoadda,וִיהֽוֹעַדָּ֗ה,5,False,,
13008036,7,,zeugte,הוֹלִ֛יד,6,False,,
13008036,8,,Alemeth,עָלֶ֥מֶת,8,False,,
13008036,9,,und,וְאֶת־,9,False,,
13008036,10,,Asmaweth,עַזְמָ֖וֶת,10,False,,
13008036,11,,und,וְאֶת־,11,False,,
13008036,12,,Simri,זִמְרִ֑י,12,False,,
13008036,13,,und,וְזִמְרִ֖י,13,False,,
13008036,14,,Simri,וְזִמְרִ֖י,13,False,,
13008036,15,,zeugte,הוֹלִ֥יד,14,False,,
13008036,16,,Moza,מוֹצָֽא׃,16,False,,
13008037,1,,und,וּמוֹצָ֖א,1,False,,
13008037,2,,Moza,וּמוֹצָ֖א,1,False,,
13008037,3,,zeugte,הוֹלִ֣יד,2,False,,
13008037,4,,Binea,בִּנְעָ֑א,4,False,,
13008037,5,,dessen,בְנ֛וֹ,6,False,,
13008037,6,,Sohn,בְנ֛וֹ,6,False,,
13008037,7,,Rapha,רָפָ֥ה,5,False,,
13008037,8,,dessen,בְנ֖וֹ,8,False,,
13008037,9,,Sohn,בְנ֖וֹ,8,False,,
13008037,10,,Elasa,אֶלְעָשָׂ֥ה,7,False,,
13008037,11,,dessen,בְּנֽוֹ׃,10,False,,
13008037,12,,Sohn,בְּנֽוֹ׃,10,False,,
13008037,13,,Azel,אָצֵ֥ל,9,False,,
13008038,1,,Und,וּלְאָצֵל֮,1,False,,
13008038,2,,Azel,וּלְאָצֵל֮,1,False,,
13008038,3,,hatte,שִׁשָּׁ֣ה,2,False,,
13008038,4,,sechs,שִׁשָּׁ֣ה,2,False,,
13008038,5,,Söhne,בָנִים֒,3,False,,
13008038,6,,und,וְאֵ֣לֶּה,4,False,,
13008038,7,,dies,וְאֵ֣לֶּה,4,False,,
13008038,8,,sind,שְׁמוֹתָ֗ם,5,False,,
13008038,9,,ihre,שְׁמוֹתָ֗ם,5,False,,
13008038,10,,Namen,שְׁמוֹתָ֗ם,5,False,,
13008038,11,,Asrikam,עַזְרִיקָ֥ם׀,6,False,,
13008038,12,,Bokru,בֹּ֙כְרוּ֙,7,False,,
13008038,13,,und,וְיִשְׁמָעֵ֣אל,8,False,,
13008038,14,,Ismael,וְיִשְׁמָעֵ֣אל,8,False,,
13008038,15,,und,וּשְׁעַרְיָ֔ה,9,False,,
13008038,16,,Schearja,וּשְׁעַרְיָ֔ה,9,False,,
13008038,17,,und,וְעֹבַדְיָ֖ה,10,False,,
13008038,18,,Obadja,וְעֹבַדְיָ֖ה,10,False,,
13008038,19,,und,וְחָנָ֑ן,11,False,,
13008038,20,,Hanan,וְחָנָ֑ן,11,False,,
13008038,21,,Alle,כָּל־,12,False,,
13008038,22,,diese,אֵ֖לֶּה,13,False,,
13008038,23,,waren,אֵ֖לֶּה,13,False,,
13008038,24,,Söhne,בְּנֵ֥י,14,False,,
13008038,25,,Azels,אָצַֽל׃,15,False,,
13008039,1,,Und,וּבְנֵ֖י,1,False,,
13008039,2,,die,,,True,3,Söhne
13008039,3,,Söhne,וּבְנֵ֖י,1,False,,
13008039,4,,Escheks,עֵ֣שֶׁק,2,False,,
13008039,5,,seines,אָחִ֑יו,3,False,,
13008039,6,,Bruders,אָחִ֑יו,3,False,,
13008039,7,,Ulam,אוּלָ֣ם,4,False,,
13008039,8,,sein,בְּכֹר֔וֹ,5,False,,
13008039,9,,Erstgeborener,בְּכֹר֔וֹ,5,False,,
13008039,10,,Jeghusch,יְעוּשׁ֙,6,False,,
13008039,11,,der,,,True,12,zweite
13008039,12,,zweite,הַשֵּׁנִ֔י,7,False,,
13008039,13,,und,וֶֽאֱלִיפֶ֖לֶט,8,False,,
13008039,14,,Eliphelet,וֶֽאֱלִיפֶ֖לֶט,8,False,,
13008039,15,,der,,,True,16,dritte
13008039,16,,dritte,הַשְּׁלִשִֽׁי׃,9,False,,
13008040,1,,Und,וַֽיִּהְי֣וּ,1,False,,
13008040,2,,die,,,True,3,Söhne
13008040,3,,Söhne,בְנֵי־,2,False,,
13008040,4,,Ulams,א֠וּלָם,3,False,,
13008040,5,,waren,וַֽיִּהְי֣וּ,1,False,,
13008040,6,,tapfere,גִּבֹּרֵי־,5,False,,
13008040,7,271459,Kriegsmänner,אֲנָשִׁ֨ים,4,False,,
13008040,8,,die,דֹּ֣רְכֵי,7,False,,
13008040,9,,den,דֹּ֣רְכֵי,7,False,,
13008040,10,,Bogen,קֶ֗שֶׁת,8,False,,
13008040,11,,spannten,דֹּ֣רְכֵי,7,False,,
13008040,12,,und,וּמַרְבִּ֤ים,9,False,,
13008040,13,,sie,בָּנִים֙,10,False,,
13008040,14,,hatten,וּמַרְבִּ֤ים,9,False,,
13008040,15,,viele,וּמַרְבִּ֤ים,9,False,,
13008040,16,,Söhne,בָּנִים֙,10,False,,
13008040,17,,und,וּבְנֵ֣י,11,False,,
13008040,18,,Enkel,בָנִ֔ים,12,False,,
13008040,19,271471,150,מֵאָ֖ה,13,False,,
13008040,20,,Alle,כָּל־,15,False,,
13008040,21,,diese,אֵ֖לֶּה,16,False,,
13008040,22,,sind,אֵ֖לֶּה,16,False,,
13008040,23,,von,מִבְּנֵ֥י,17,False,,
13008040,24,,den,מִבְּנֵ֥י,17,False,,
13008040,25,,Söhnen,מִבְּנֵ֥י,17,False,,
13008040,26,,Benjamins,בִנְיָמִֽן׃ פ,18,False,,
13009001,1,,Und,וְכָל־,1,False,,
13009001,2,,ganz,וְכָל־,1,False,,
13009001,3,,Israel,יִשְׂרָאֵל֙,2,False,,
13009001,4,,wurde,הִתְיַחְשׂ֔וּ,3,False,,
13009001,5,,im,עַל־,6,False,,
13009001,6,,Geschlechtsverzeichnis,סֵ֖פֶר,7,False,,
13009001,7,,verzeichnet,כְּתוּבִ֔ים,5,False,,
13009001,8,,und,וְהִנָּ֣ם,4,False,,
13009001,9,,siehe,וְהִנָּ֣ם,4,False,,
13009001,10,,sie,וְהִנָּ֣ם,4,False,,
13009001,11,,sind,וְהִנָּ֣ם,4,False,,
13009001,12,,aufgeschrieben,כְּתוּבִ֔ים,5,False,,
13009001,13,,in,עַל־,6,False,,
13009001,14,,dem,סֵ֖פֶר,7,False,,
13009001,15,,Buche,סֵ֖פֶר,7,False,,
13009001,16,,der,מַלְכֵ֣י,8,False,,
13009001,17,,Könige,מַלְכֵ֣י,8,False,,
13009001,18,,von,יִשְׂרָאֵ֑ל,9,False,,
13009001,19,,Israel,יִשְׂרָאֵ֑ל,9,False,,
13009001,20,,Und,וִיהוּדָ֛ה,10,False,,
13009001,21,,Juda,וִיהוּדָ֛ה,10,False,,
13009001,22,,wurde,הָגְל֥וּ,11,False,,
13009001,23,,wegen,בְּמַעֲלָֽם׃ ס,13,False,,
13009001,24,,seiner,בְּמַעֲלָֽם׃ ס,13,False,,
13009001,25,,Untreue,בְּמַעֲלָֽם׃ ס,13,False,,
13009001,26,,nach,לְבָבֶ֖ל,12,False,,
13009001,27,,Babel,לְבָבֶ֖ל,12,False,,
13009001,28,,weggeführt,הָגְל֥וּ,11,False,,
13009002,1,,Und,וְהַיּוֹשְׁבִים֙,1,False,,
13009002,2,,die,וְהַיּוֹשְׁבִים֙,1,True,,
13009002,3,,ersten,הָרִ֣אשֹׁנִ֔ים,2,False,,
13009002,4,,Bewohner,וְהַיּוֹשְׁבִים֙,1,False,,
13009002,5,,welche,אֲשֶׁ֥ר,3,False,,
13009002,6,,in,בַּאֲחֻזָּתָ֖ם,4,False,,
13009002,7,,ihrem,בַּאֲחֻזָּתָ֖ם,4,False,,
13009002,8,,Besitztum,בַּאֲחֻזָּתָ֖ם,4,False,,
13009002,9,,in,בְּעָרֵיהֶ֑ם,5,False,,
13009002,10,,ihren,בְּעָרֵיהֶ֑ם,5,False,,
13009002,11,,Städten,בְּעָרֵיהֶ֑ם,5,False,,
13009002,12,,wohnten,וְהַיּוֹשְׁבִים֙,1,False,,
13009002,13,,waren,וְהַיּוֹשְׁבִים֙,1,True,,
13009002,14,,Israel,יִשְׂרָאֵל֙,6,False,,
13009002,15,,die,הַכֹּ֣הֲנִ֔ים,7,True,,
13009002,16,,Priester,הַכֹּ֣הֲנִ֔ים,7,False,,
13009002,17,,die,הַלְוִיִּ֖ם,8,True,,
13009002,18,,Leviten,הַלְוִיִּ֖ם,8,False,,
13009002,19,,und,וְהַנְּתִינִֽים׃,9,False,,
13009002,20,,die,וְהַנְּתִינִֽים׃,9,True,,
13009002,21,,Nethinim,וְהַנְּתִינִֽים׃,9,False,,
13009003,1,,Und,וּבִירוּשָׁלִַ֙ם֙,1,False,,
13009003,2,,in,וּבִירוּשָׁלִַ֙ם֙,1,False,,
13009003,3,,Jerusalem,וּבִירוּשָׁלִַ֙ם֙,1,False,,
13009003,4,,wohnten,יָשְׁב֔וּ,2,False,,
13009003,5,,von,מִן־,3,False,,
13009003,6,,den,בְּנֵ֥י,4,True,,
13009003,7,,Söhnen,בְּנֵ֥י,4,False,,
13009003,8,,Judas,יְהוּדָ֖ה,5,False,,
13009003,9,,und,וּמִן־,6,False,,
13009003,10,,von,וּמִן־,6,False,,
13009003,11,,den,בְּנֵ֣י,7,True,,
13009003,12,,Söhnen,בְּנֵ֣י,7,False,,
13009003,13,,Benjamins,בִנְיָמִ֑ן,8,False,,
13009003,14,,und,וּמִן־,9,False,,
13009003,15,,von,וּמִן־,9,False,,
13009003,16,,den,בְּנֵ֥י,10,True,,
13009003,17,,Söhnen,בְּנֵ֥י,10,False,,
13009003,18,,Ephraims,אֶפְרַ֖יִם,11,False,,
13009003,19,,und,וּמְנַשֶּֽׁה׃,12,False,,
13009003,20,,Manasses,וּמְנַשֶּֽׁה׃,12,False,,
13009004,1,,Uthai,עוּתַ֨י,1,False,,
13009004,2,,der,בֶּן־,2,True,,
13009004,3,,Sohn,בֶּן־,2,False,,
13009004,4,,Ammihuds,עַמִּיה֤וּד,3,False,,
13009004,5,,des,בֶּן־,4,True,,
13009004,6,,Sohnes,בֶּן־,4,False,,
13009004,7,,Omris,עָמְרִי֙,5,False,,
13009004,8,,des,בֶּן־,6,True,,
13009004,9,,Sohnes,בֶּן־,6,False,,
13009004,10,,Imris,אִמְרִ֣י,7,False,,
13009004,11,,des,בֶן־,8,True,,
13009004,12,,Sohnes,בֶן־,8,False,,
13009004,13,,Banis,בָּנִ֔י מִן,9,False,,
13009004,14,,von,בָּנִ֔י מִן,9,False,,
13009004,15,,den,בְּנֵי־,10,True,,
13009004,16,,Söhnen,בְּנֵי־,10,False,,
13009004,17,,Perez,פֶ֖רֶץ,11,False,,
13009004,18,,des,בֶּן־,12,True,,
13009004,19,,Sohnes,בֶּן־,12,False,,
13009004,20,,Judas,יְהוּדָֽה׃,13,False,,
13009005,1,,und,וּמִן־,1,False,,
13009005,2,,von,וּמִן־,1,False,,
13009005,3,,den,הַשִּׁ֣ילוֹנִ֔י,2,True,,
13009005,4,,Schilonitern,הַשִּׁ֣ילוֹנִ֔י,2,False,,
13009005,5,,Asaja,עֲשָׂיָ֥ה,3,False,,
13009005,6,,der,הַבְּכ֖וֹר,4,True,,
13009005,7,,Erstgeborene,הַבְּכ֖וֹר,4,False,,
13009005,8,,und,וּבָנָֽיו׃,5,False,,
13009005,9,,seine,וּבָנָֽיו׃,5,False,,
13009005,10,,Söhne,וּבָנָֽיו׃,5,False,,
13009006,1,,und,וּמִן־,1,False,,
13009006,2,,von,וּמִן־,1,False,,
13009006,3,,den,בְּנֵי־,2,True,,
13009006,4,,Söhnen,בְּנֵי־,2,False,,
13009006,5,,Serachs,זֶ֖רַח,3,False,,
13009006,6,,Jeghuel,יְעוּאֵ֑ל,4,False,,
13009006,7,,und,וַאֲחֵיהֶ֖ם,5,False,,
13009006,8,,seine,וַאֲחֵיהֶ֖ם,5,False,,
13009006,9,,Brüder,וַאֲחֵיהֶ֖ם,5,False,,
13009006,10,,690,שֵׁשׁ־,6,False,,
13009006,10,90,690,מֵא֥וֹת,7,False,,
13009007,1,,Und,וּמִן־,1,False,,
13009007,2,,von,וּמִן־,1,False,,
13009007,3,,den,בְּנֵ֖י,2,True,,
13009007,4,,Söhnen,בְּנֵ֖י,2,False,,
13009007,5,,Benjamins,בִּנְיָמִ֑ן,3,False,,
13009007,6,,Sallu,סַלּוּא֙,4,False,,
13009007,7,,der,בֶּן־,5,True,,
13009007,8,,Sohn,בֶּן־,5,False,,
13009007,9,,Meschullams,מְשֻׁלָּ֔ם,6,False,,
13009007,10,,des,בֶּן־,7,True,,
13009007,11,,Sohnes,בֶּן־,7,False,,
13009007,12,,Hodawjas,הוֹדַוְיָ֖ה,8,False,,
13009007,13,,des,בֶּן־,9,True,,
13009007,14,,Sohnes,בֶּן־,9,False,,
13009007,15,,Hassenuas,הַסְּנֻאָֽה׃,10,False,,
13009008,1,,und,וְיִבְנְיָה֙,1,False,,
13009008,2,,Jibneja,וְיִבְנְיָה֙,1,False,,
13009008,3,,der,בֶּן־,2,True,,
13009008,4,,Sohn,בֶּן־,2,False,,
13009008,5,,Jerochams,יְרֹחָ֔ם,3,False,,
13009008,6,,und,וְאֵלָ֥ה,4,False,,
13009008,7,,Ela,וְאֵלָ֥ה,4,False,,
13009008,8,,der,בֶן־,5,True,,
13009008,9,,Sohn,בֶן־,5,False,,
13009008,10,,Ussis,עֻזִּ֖י,6,False,,
13009008,11,,des,בֶּן־,7,True,,
13009008,12,,Sohnes,בֶּן־,7,False,,
13009008,13,,Mikris,מִכְרִ֑י,8,False,,
13009008,14,,und,וּמְשֻׁלָּם֙,9,False,,
13009008,15,,Meschullam,וּמְשֻׁלָּם֙,9,False,,
13009008,16,,der,בֶּן־,10,True,,
13009008,17,,Sohn,בֶּן־,10,False,,
13009008,18,,Schephatjas,שְׁפַטְיָ֔ה,11,False,,
13009008,19,,des,בֶּן־,12,True,,
13009008,20,,Sohnes,בֶּן־,12,False,,
13009008,21,,Reghuels,רְעוּאֵ֖ל,13,False,,
13009008,22,,des,בֶּן־,14,True,,
13009008,23,,Sohnes,בֶּן־,14,False,,
13009008,24,,Jibnijas,יִבְנִיָּֽה׃,15,False,,
13009009,1,,und,וַאֲחֵיהֶם֙,1,False,,
13009009,2,,ihre,וַאֲחֵיהֶם֙,1,False,,
13009009,3,,Brüder,וַאֲחֵיהֶם֙,1,False,,
13009009,4,,nach,לְתֹ֣לְדוֹתָ֔ם,2,False,,
13009009,5,,ihren,לְתֹ֣לְדוֹתָ֔ם,2,False,,
13009009,6,,Geschlechtern,לְתֹ֣לְדוֹתָ֔ם,2,False,,
13009009,7,,956,תְּשַׁ֥ע,3,False,,
13009009,7,,956,מֵא֖וֹת,4,False,,
13009009,7,6,956,וַחֲמִשִּׁ֣ים,5,False,,
13009009,8,,Alle,כָּל־,7,False,,
13009009,9,,diese,אֵ֣לֶּה,8,False,,
13009009,10,,Männer,אֲנָשִׁ֔ים,9,False,,
13009009,11,,waren,אֲנָשִׁ֔ים,9,True,,
13009009,12,,Häupter,רָאשֵׁ֥י,10,False,,
13009009,13,,der,אָב֖וֹת,11,False,,
13009009,14,,Väter,אָב֖וֹת,11,False,,
13009009,15,,ihrer,לְבֵ֥ית,12,False,,
13009009,16,,Vaterhäuser,לְבֵ֥ית,12,False,,
13009010,1,,Und,וּמִן־,1,False,,
13009010,2,,von,וּמִן־,1,False,,
13009010,3,,den,הַֽכֹּהֲנִ֑ים,2,True,,
13009010,4,,Priestern,הַֽכֹּהֲנִ֑ים,2,False,,
13009010,5,,Jedaja,יְדַֽעְיָ֥ה,3,False,,
13009010,6,,und,וִיהוֹיָרִ֖יב,4,False,,
13009010,7,,Jehojarib,וִיהוֹיָרִ֖יב,4,False,,
13009010,8,,und,וְיָכִֽין׃,5,False,,
13009010,9,,Jakin,וְיָכִֽין׃,5,False,,
13009011,1,,und,וַעֲזַרְיָ֨ה,1,False,,
13009011,2,,Asarja,וַעֲזַרְיָ֨ה,1,False,,
13009011,3,,der,בֶן־,2,True,,
13009011,4,,Sohn,בֶן־,2,False,,
13009011,5,,Hilkijas,חִלְקִיָּ֜ה,3,False,,
13009011,6,,des,בֶּן־,4,True,,
13009011,7,,Sohnes,בֶּן־,4,False,,
13009011,8,,Meschullams,בֶּן־,4,False,,
13009011,9,,des,בֶּן־,6,True,,
13009011,10,,Sohnes,בֶּן־,6,False,,
13009011,11,,Zadoks,צָד֗וֹק,7,False,,
13009011,12,,des,בֶּן־,8,True,,
13009011,13,,Sohnes,בֶּן־,8,False,,
13009011,14,,Merajoths,מְרָיוֹת֙,9,False,,
13009011,15,,des,בֶּן־,10,True,,
13009011,16,,Sohnes,בֶּן־,10,False,,
13009011,17,,Ahitubs,אֲחִיט֔וּב,11,False,,
13009011,18,,Oberaufseher,נְגִ֖יד,12,False,,
13009011,19,,des,בֵּ֥ית,13,False,,
13009011,20,,Hauses,בֵּ֥ית,13,False,,
13009011,21,,Gottes,הָאֱלֹהִֽים׃ ס,14,False,,
13009012,1,,und,וַעֲדָיָה֙,1,False,,
13009012,2,,Adaja,וַעֲדָיָה֙,1,False,,
13009012,3,,der,בֶּן־,2,True,,
13009012,4,,Sohn,בֶּן־,2,False,,
13009012,5,,Jerochams,יְרֹחָ֔ם,3,False,,
13009012,6,,des,בֶּן־,4,True,,
13009012,7,,Sohnes,בֶּן־,4,False,,
13009012,8,,Paschchurs,פַּשְׁח֖וּר,5,False,,
13009012,9,,des,בֶּן־,6,True,,
13009012,10,,Sohnes,בֶּן־,6,False,,
13009012,11,,Malkijas,מַלְכִּיָּ֑ה,7,False,,
13009012,12,,und,וּמַעְשַׂ֨י,8,False,,
13009012,13,,Masai,וּמַעְשַׂ֨י,8,False,,
13009012,14,,der,בֶּן־,9,True,,
13009012,15,,Sohn,בֶּן־,9,False,,
13009012,16,,Adiels,עֲדִיאֵ֧ל,10,False,,
13009012,17,,des,בֶּן־,11,True,,
13009012,18,,Sohnes,בֶּן־,11,False,,
13009012,19,,Jachseras,יַחְזֵ֛רָה,12,False,,
13009012,20,,des,בֶּן־,13,True,,
13009012,21,,Sohnes,בֶּן־,13,False,,
13009012,22,,Meschullams,מְשֻׁלָּ֥ם,14,False,,
13009012,23,,des,בֶּן־,15,True,,
13009012,24,,Sohnes,בֶּן־,15,False,,
13009012,25,,Meschillemiths,מְשִׁלֵּמִ֖ית,16,False,,
13009012,26,,des,בֶּן־,17,True,,
13009012,27,,Sohnes,בֶּן־,17,False,,
13009012,28,,Immers,אִמֵּֽר׃,18,False,,
13009013,1,,und,וַאֲחֵיהֶ֗ם,1,False,,
13009013,2,,ihre,וַאֲחֵיהֶ֗ם,1,False,,
13009013,3,,Brüder,וַאֲחֵיהֶ֗ם,1,False,,
13009013,4,,Häupter,רָאשִׁים֙,2,False,,
13009013,5,,ihrer,לְבֵ֣ית,3,False,,
13009013,6,,Vaterhäuser,אֲבוֹתָ֔ם,4,False,,
13009013,7,,1760,אֶ֕לֶף,5,False,,
13009013,7,,1760,וּשְׁבַ֥ע,6,False,,
13009013,7,,1760,מֵא֖וֹת,7,False,,
13009013,7,,1760,וְשִׁשִּׁ֑ים,8,False,,
13009013,8,,tüchtige,גִּבּ֣וֹרֵי,9,False,,
13009013,9,,Männer,גִּבּ֣וֹרֵי,9,False,,
13009013,10,,im,חֵ֔יל,10,False,,
13009013,11,,Werke,מְלֶ֖אכֶת,11,False,,
13009013,12,,des,עֲבוֹדַ֥ת,12,True,,
13009013,13,,Dienstes,עֲבוֹדַ֥ת,12,False,,
13009013,14,,des,בֵּית־,13,True,,
13009013,15,,Hauses,בֵּית־,13,False,,
13009013,16,,Gottes,הָאֱלֹהִֽים׃,14,False,,
13009014,1,,Und,וּמִֽן־,1,False,,
13009014,2,,von,וּמִֽן־,1,False,,
13009014,3,,den,הַלְוִיִּ֑ם,2,True,,
13009014,4,,Leviten,הַלְוִיִּ֑ם,2,False,,
13009014,5,,Schemaja,שְׁמַֽעְיָ֧ה,3,False,,
13009014,6,,der,בֶן־,4,True,,
13009014,7,,Sohn,בֶן־,4,False,,
13009014,8,,Haschubs,חַשּׁ֛וּב,5,False,,
13009014,9,,des,בֶּן־,6,True,,
13009014,10,,Sohnes,בֶּן־,6,False,,
13009014,11,,Asrikams,עַזְרִיקָ֥ם,7,False,,
13009014,12,,des,בֶּן־,8,True,,
13009014,13,,Sohnes,בֶּן־,8,False,,
13009014,14,,Haschabjas,חֲשַׁבְיָ֖ה,9,False,,
13009014,15,,von,מִן־,10,False,,
13009014,16,,den,בְּנֵ֥י,11,True,,
13009014,17,,Söhnen,בְּנֵ֥י,11,False,,
13009014,18,,Meraris,מְרָרִֽי׃,12,False,,
13009015,1,,und,וּבַקְבַּקַּ֥ר,1,False,,
13009015,2,,Bakbakkar,וּבַקְבַּקַּ֥ר,1,False,,
13009015,3,,Heresch,חֶ֖רֶשׁ,2,False,,
13009015,4,,und,וְגָלָ֑ל,3,False,,
13009015,5,,Galal,וְגָלָ֑ל,3,False,,
13009015,6,,und,וּמַתַּנְיָה֙,4,False,,
13009015,7,,Mattanja,וּמַתַּנְיָה֙,4,False,,
13009015,8,,der,בֶּן־,5,True,,
13009015,9,,Sohn,בֶּן־,5,False,,
13009015,10,,Michas,מִיכָ֔א,6,False,,
13009015,11,,des,בֶּן־,7,True,,
13009015,12,,Sohnes,בֶּן־,7,False,,
13009015,13,,Sichris,זִכְרִ֖י,8,False,,
13009015,14,,des,בֶּן־,9,True,,
13009015,15,,Sohnes,בֶּן־,9,False,,
13009015,16,,Asaphs,אָסָֽף׃,10,False,,
13009016,1,,und,וְעֹבַדְיָה֙,1,False,,
13009016,2,,Obadja,וְעֹבַדְיָה֙,1,False,,
13009016,3,,der,בֶּֽן־,2,True,,
13009016,4,,Sohn,בֶּֽן־,2,False,,
13009016,5,,Schemajas,שְׁמַֽעְיָ֔ה,3,False,,
13009016,6,,des,בֶּן־,4,True,,
13009016,7,,Sohnes,בֶּן־,4,False,,
13009016,8,,Gallals,גָּלָ֖ל,5,False,,
13009016,9,,des,בֶּן־,6,True,,
13009016,10,,Sohnes,בֶּן־,6,False,,
13009016,11,,Jeduthuns,יְדוּת֑וּן,7,False,,
13009016,12,,und,וּבֶרֶכְיָ֤ה,8,False,,
13009016,13,,Berekja,וּבֶרֶכְיָ֤ה,8,False,,
13009016,14,,der,בֶן־,9,True,,
13009016,15,,Sohn,בֶן־,9,False,,
13009016,16,,Asas,אָסָא֙,10,False,,
13009016,17,,des,בֶּן־,11,True,,
13009016,18,,Sohnes,בֶּן־,11,False,,
13009016,19,,Elkanas,אֶלְקָנָ֔ה,12,False,,
13009016,20,,der,הַיּוֹשֵׁ֖ב,13,True,,
13009016,21,,in,בְּחַצְרֵ֥י,14,True,,
13009016,22,,den,בְּחַצְרֵ֥י,14,True,,
13009016,23,,Dörfern,בְּחַצְרֵ֥י,14,False,,
13009016,24,,der,נְטוֹפָתִֽי׃,15,True,,
13009016,25,,Netophathiter,נְטוֹפָתִֽי׃,15,False,,
13009016,26,,wohnte,הַיּוֹשֵׁ֖ב,13,False,,
13009017,1,,Und,וְהַשֹּׁעֲרִים֙,1,False,,
13009017,2,,die,וְהַשֹּׁעֲרִים֙,1,True,,
13009017,3,,Torhüter,וְהַשֹּׁעֲרִים֙,1,False,,
13009017,4,,Schallum,שַׁלּ֣וּם,2,False,,
13009017,5,,und,וְעַקּ֔וּב,3,False,,
13009017,6,,Akkub,וְעַקּ֔וּב,3,False,,
13009017,7,,und,וְטַלְמֹ֖ן,4,False,,
13009017,8,,Talmon,וְטַלְמֹ֖ן,4,False,,
13009017,9,,und,וַאֲחִימָ֑ן,5,False,,
13009017,10,,Achiman,וַאֲחִימָ֑ן,5,False,,
13009017,11,,und,וַאֲחִיהֶ֥ם,6,False,,
13009017,12,,ihre,וַאֲחִיהֶ֥ם,6,False,,
13009017,13,,Brüder,וַאֲחִיהֶ֥ם,6,False,,
13009017,14,,Schallum,שַׁלּ֖וּם,7,False,,
13009017,15,,war,הָרֹֽאשׁ׃,8,True,,
13009017,16,,das,הָרֹֽאשׁ׃,8,True,,
13009017,17,,Haupt,הָרֹֽאשׁ׃,8,False,,
13009018,1,,Und,וְֽעַד־,1,False,,
13009018,2,,bis,וְֽעַד־,1,False,,
13009018,3,,jetzt,הֵ֔נָּה,2,False,,
13009018,4,,waren,הֵ֚מָּה,6,True,,
13009018,5,,sie,הֵ֚מָּה,6,False,,
13009018,6,,im,בְּשַׁ֥עַר,3,False,,
13009018,7,,Königstor,בְּשַׁ֥עַר,3,False,,
13009018,8,,gegen,מִזְרָ֑חָה,5,False,,
13009018,9,,Sonnenaufgang,מִזְרָ֑חָה,5,False,,
13009018,10,,Sie,הַשֹּׁ֣עֲרִ֔ים,7,False,,
13009018,11,,waren,הֵ֚מָּה,6,False,,
13009018,12,,die,הַשֹּׁ֣עֲרִ֔ים,7,True,,
13009018,13,,Torhüter,הַשֹּׁ֣עֲרִ֔ים,7,False,,
13009018,14,,der,לְמַחֲנ֖וֹת,8,True,,
13009018,15,,Lager,לְמַחֲנ֖וֹת,8,False,,
13009018,16,,der,בְּנֵ֥י,9,True,,
13009018,17,,Söhne,בְּנֵ֥י,9,False,,
13009018,18,,Levis,לֵוִֽי׃,10,False,,
13009019,1,,Und,וְשַׁלּ֣וּם,1,False,,
13009019,2,,Schallum,וְשַׁלּ֣וּם,1,False,,
13009019,3,,der,בֶּן־,2,True,,
13009019,4,,Sohn,בֶּן־,2,False,,
13009019,5,,Kores,ק֠וֹרֵא,3,False,,
13009019,6,,des,בֶּן־,4,True,,
13009019,7,,Sohnes,בֶּן־,4,False,,
13009019,8,,Ebjasaphs,אֶבְיָסָ֨ף,5,False,,
13009019,9,,des,בֶּן־,6,True,,
13009019,10,,Sohnes,בֶּן־,6,False,,
13009019,11,,Korahs,קֹ֜רַח,7,False,,
13009019,12,,und,וְֽאֶחָ֧יו,8,False,,
13009019,13,,seine,וְֽאֶחָ֧יו,8,False,,
13009019,14,,Brüder,וְֽאֶחָ֧יו,8,False,,
13009019,15,,vom,לְבֵית־,9,True,,
13009019,16,,Hause,לְבֵית־,9,False,,
13009019,17,,seines,אָבִ֣יו,10,True,,
13009019,18,,Vaters,אָבִ֣יו,10,False,,
13009019,19,,die,הַקָּרְחִ֗ים,11,True,,
13009019,20,,Korhiter,הַקָּרְחִ֗ים,11,False,,
13009019,21,,waren,עַ֚ל,12,False,,
13009019,22,,über,עַ֚ל,12,False,,
13009019,23,,das,מְלֶ֣אכֶת,13,True,,
13009019,24,,Werk,מְלֶ֣אכֶת,13,False,,
13009019,25,,des,הָעֲבוֹדָ֔ה,14,True,,
13009019,26,,Dienstes,הָעֲבוֹדָ֔ה,14,False,,
13009019,27,,als,שֹׁמְרֵ֥י,15,True,,
13009019,28,,Hüter,שֹׁמְרֵ֥י,15,False,,
13009019,29,,der,הַסִּפִּ֖ים,16,True,,
13009019,30,,Schwellen,הַסִּפִּ֖ים,16,False,,
13009019,31,,des,לָאֹ֑הֶל,17,True,,
13009019,32,,Zeltes,לָאֹ֑הֶל,17,False,,
13009019,33,,Und,וַאֲבֹֽתֵיהֶם֙,18,False,,
13009019,34,,ihre,וַאֲבֹֽתֵיהֶם֙,18,False,,
13009019,35,,Väter,וַאֲבֹֽתֵיהֶם֙,18,False,,
13009019,36,,waren,וַאֲבֹֽתֵיהֶם֙,18,False,,
13009019,37,,über,עַל־,19,False,,
13009019,38,,das,מַחֲנֵ֣ה,20,True,,
13009019,39,,Lager,מַחֲנֵ֣ה,20,False,,
13009019,40,,Jahwes,יְהוָ֔ה,21,False,,
13009019,41,,als,שֹׁמְרֵ֖י,22,True,,
13009019,42,,Hüter,שֹׁמְרֵ֖י,22,False,,
13009019,43,,des,הַמָּבֽוֹא׃,23,True,,
13009019,44,,Eingangs,הַמָּבֽוֹא׃,23,False,,
13009019,45,,gewesen,הַמָּבֽוֹא׃,23,False,,
13009020,1,,und,וּפִֽינְחָ֣ס,1,False,,
13009020,2,,Pinehas,וּפִֽינְחָ֣ס,1,False,,
13009020,3,,der,בֶּן־,2,True,,
13009020,4,,Sohn,בֶּן־,2,False,,
13009020,5,,Eleasars,אֶלְעָזָ֗ר,3,False,,
13009020,6,,war,הָיָ֧ה,5,False,,
13009020,7,,vordem,לְפָנִ֖ים,7,False,,
13009020,8,,Fürst,נָגִ֨יד,4,False,,
13009020,9,,über,עֲלֵיהֶ֛ם,6,False,,
13009020,10,,sie,עֲלֵיהֶ֛ם,6,False,,
13009020,11,,Jahwe,יְהוָ֥ה׀,8,False,,
13009020,12,,war,הָיָ֧ה,5,False,,
13009020,13,,mit,עִמּֽוֹ׃,9,False,,
13009020,14,,ihm,עִמּֽוֹ׃,9,False,,
13009021,1,,Sekarja,זְכַרְיָה֙,1,False,,
13009021,2,,der,בֶּ֣ן,2,True,,
13009021,3,,Sohn,בֶּ֣ן,2,False,,
13009021,4,,Meschelemjas,מְשֶֽׁלֶמְיָ֔ה,3,False,,
13009021,5,,war,שֹׁעֵ֥ר,4,False,,
13009021,6,,Torhüter,שֹׁעֵ֥ר,4,False,,
13009021,7,,am,פֶּ֖תַח,5,False,,
13009021,8,,Eingang,פֶּ֖תַח,5,False,,
13009021,9,,des,לְאֹ֥הֶל,6,True,,
13009021,10,,Zeltes,לְאֹ֥הֶל,6,False,,
13009021,11,,der,מוֹעֵֽד׃,7,True,,
13009021,12,,Zusammenkunft,מוֹעֵֽד׃,7,False,,
13009022,1,,Sie,כֻּלָּ֤ם,1,False,,
13009022,2,,alle,כֻּלָּ֤ם,1,True,,
13009022,3,,auserlesen,הַבְּרוּרִים֙,2,False,,
13009022,4,,zu,לְשֹׁעֲרִ֣ים,3,False,,
13009022,5,,Torhütern,לְשֹׁעֲרִ֣ים,3,False,,
13009022,6,,an,בַּסִּפִּ֔ים,4,False,,
13009022,7,,den,בַּסִּפִּ֔ים,4,True,,
13009022,8,,Schwellen,בַּסִּפִּ֔ים,4,False,,
13009022,9,,waren,מָאתַ֖יִם,5,False,,
13009022,10,,212,וּשְׁנֵ֣ים,6,False,,
13009022,11,,Sie,הֵ֤מָּה,8,False,,
13009022,12,,wurden,הִתְיַחְשָׂ֔ם,10,False,,
13009022,13,,in,בְחַצְרֵיהֶם֙,9,False,,
13009022,14,,ihren,בְחַצְרֵיהֶם֙,9,False,,
13009022,15,,Dörfern,בְחַצְרֵיהֶם֙,9,False,,
13009022,16,,verzeichnet,הִתְיַחְשָׂ֔ם,10,False,,
13009022,17,,David,דָּוִ֛יד,13,False,,
13009022,18,,und,וּשְׁמוּאֵ֥ל,14,False,,
13009022,19,,Samuel,וּשְׁמוּאֵ֥ל,14,False,,
13009022,20,,der,הָרֹאֶ֖ה,15,False,,
13009022,21,,Seher,הָרֹאֶ֖ה,15,False,,
13009022,22,,hatten,יִסַּ֥ד,12,False,,
13009022,23,,dieselben,הֵ֣מָּה,11,False,,
13009022,24,,in,בֶּאֱמוּנָתָֽם׃,16,False,,
13009022,25,,ihr,בֶּאֱמוּנָתָֽם׃,16,False,,
13009022,26,,Amt,בֶּאֱמוּנָתָֽם׃,16,False,,
13009022,27,,eingesetzt,יִסַּ֥ד,12,False,,
13009023,1,,Und,וְהֵ֨ם,1,False,,
13009023,2,,sie,וְהֵ֨ם,1,False,,
13009023,3,,und,וּבְנֵיהֶ֜ם,2,True,,
13009023,4,,ihre,וּבְנֵיהֶ֜ם,2,False,,
13009023,5,,Söhne,וּבְנֵיהֶ֜ם,2,False,,
13009023,6,,standen,עַל־,3,False,,
13009023,7,,an,עַל־,3,False,,
13009023,8,,den,הַשְּׁעָרִ֧ים,4,False,,
13009023,9,,Toren,הַשְּׁעָרִ֧ים,4,False,,
13009023,10,,des,לְבֵית־,5,False,,
13009023,11,,Hauses,לְבֵית־,5,False,,
13009023,12,,Jahwes,יְהוָ֛ה,6,False,,
13009023,13,,des,לְבֵ֥ית־,7,False,,
13009023,14,,Zelthauses,הָאֹ֖הֶל,8,False,,
13009023,15,,als,לְמִשְׁמָרֽוֹת׃,9,False,,
13009023,16,,Wachen,לְמִשְׁמָרֽוֹת׃,9,False,,
13009024,1,,Die,הַשֹּׁעֲרִ֑ים,4,True,,
13009024,2,,Torhüter,הַשֹּׁעֲרִ֑ים,4,False,,
13009024,3,,standen,יִהְי֖וּ,3,False,,
13009024,4,,nach,לְאַרְבַּ֣ע,1,False,,
13009024,5,,den,לְאַרְבַּ֣ע,1,True,,
13009024,6,,vier,לְאַרְבַּ֣ע,1,False,,
13009024,7,,Winden,רוּח֔וֹת,2,False,,
13009024,8,,gegen,מִזְרָ֥ח,5,False,,
13009024,9,,Osten,מִזְרָ֥ח,5,False,,
13009024,10,,gegen,יָ֖מָּה,6,False,,
13009024,11,,Westen,יָ֖מָּה,6,False,,
13009024,12,,gegen,צָפ֥וֹנָה,7,False,,
13009024,13,,Norden,צָפ֥וֹנָה,7,False,,
13009024,14,,und,וָנֶֽגְבָּה׃,8,False,,
13009024,15,,gegen,וָנֶֽגְבָּה׃,8,False,,
13009024,16,,Süden,וָנֶֽגְבָּה׃,8,False,,
13009025,1,,Und,וַאֲחֵיהֶ֨ם,1,False,,
13009025,2,,ihre,וַאֲחֵיהֶ֨ם,1,False,,
13009025,3,,Brüder,וַאֲחֵיהֶ֨ם,1,False,,
13009025,4,,in,בְּחַצְרֵיהֶ֜ם,2,False,,
13009025,5,,ihren,בְּחַצְרֵיהֶ֜ם,2,False,,
13009025,6,,Dörfern,בְּחַצְרֵיהֶ֜ם,2,False,,
13009025,7,,mußten,לָב֨וֹא,3,False,,
13009025,8,,von,מֵעֵ֥ת,6,False,,
13009025,9,,sieben,לְשִׁבְעַ֧ת,4,False,,
13009025,10,,zu,לְשִׁבְעַ֧ת,4,False,,
13009025,11,,sieben,הַיָּמִ֛ים,5,False,,
13009025,12,,Tagen,הַיָּמִ֛ים,5,False,,
13009025,13,,von,מֵעֵ֥ת,6,False,,
13009025,14,,einer,אֶל־,7,False,,
13009025,15,,Zeit,עֵ֖ת,8,False,,
13009025,16,,zur,אֶל־,7,False,,
13009025,17,,anderen,אֵֽלֶּה׃,10,False,,
13009025,18,,mit,עִם־,9,False,,
13009025,19,,jenen,אֵֽלֶּה׃,10,False,,
13009025,20,,kommen,לָב֨וֹא,3,False,,
13009026,1,,Denn,כִּ֣י,1,False,,
13009026,2,,die,הַשֹּׁעֲרִ֔ים,6,True,,
13009026,3,,vier,אַרְבַּ֙עַת֙,4,False,,
13009026,4,,Vorsteher,גִּבֹּרֵ֣י,5,False,,
13009026,5,,der,הַשֹּׁעֲרִ֔ים,6,False,,
13009026,6,,Torhüter,הַשֹּׁעֲרִ֔ים,6,False,,
13009026,7,,sie,הֵ֗מָּה,3,False,,
13009026,8,,die,הַלְוִיִּ֑ם,8,True,,
13009026,9,,Leviten,הַלְוִיִּ֑ם,8,False,,
13009026,10,,waren,וְהָיוּ֙,9,False,,
13009026,11,,in,עַל־,10,False,,
13009026,12,,Amtspflicht,בֶאֱמוּנָ֞ה,2,False,,
13009026,13,,und,וְעַ֥ל,12,False,,
13009026,14,,sie,הֵ֖ם,7,False,,
13009026,15,,waren,וְהָיוּ֙,9,False,,
13009026,16,,über,עַל־,10,False,,
13009026,17,,die,הַלְּשָׁכ֔וֹת,11,False,,
13009026,18,,Zellen,הַלְּשָׁכ֔וֹת,11,False,,
13009026,19,,und,וְעַ֥ל,12,False,,
13009026,20,,über,וְעַ֥ל,12,False,,
13009026,21,,die,הָאֹצְר֖וֹת,13,False,,
13009026,22,,Schätze,הָאֹצְר֖וֹת,13,False,,
13009026,23,,des,בֵּ֥ית,14,False,,
13009026,24,,Hauses,בֵּ֥ית,14,False,,
13009026,25,,Gottes,הָאֱלֹהִֽים׃,15,False,,
13009027,1,,Und,וּסְבִיב֥וֹת,1,False,,
13009027,2,,sie,וְהֵ֥ם,8,False,,
13009027,3,,übernachteten,יָלִ֑ינוּ,4,False,,
13009027,4,,rings,וּסְבִיב֥וֹת,1,False,,
13009027,5,,um,וּסְבִיב֥וֹת,1,False,,
13009027,6,,das,בֵּית־,2,False,,
13009027,7,,Haus,בֵּית־,2,False,,
13009027,8,,Gottes,הָאֱלֹהִ֖ים,3,False,,
13009027,9,,her,וּסְבִיב֥וֹת,1,False,,
13009027,10,,denn,כִּֽי־,5,False,,
13009027,11,,ihnen,עֲלֵיהֶ֣ם,6,False,,
13009027,12,,lag,מִשְׁמֶ֔רֶת,7,False,,
13009027,13,,die,מִשְׁמֶ֔רֶת,7,False,,
13009027,14,,Wache,מִשְׁמֶ֔רֶת,7,False,,
13009027,15,,ob,עַל־,9,False,,
13009027,16,,und,וְהֵ֥ם,8,False,,
13009027,17,,sie,וְהֵ֥ם,8,False,,
13009027,18,,waren,וְהֵ֥ם,8,False,,
13009027,19,,über,עַל־,9,False,,
13009027,20,,das,הַמַּפְתֵּ֖חַ,10,False,,
13009027,21,,Öffnen,הַמַּפְתֵּ֖חַ,10,False,,
13009027,22,,bestellt,הַמַּפְתֵּ֖חַ,10,False,,
13009027,23,,und,וְלַבֹּ֥קֶר,11,False,,
13009027,24,,zwar,וְלַבֹּ֥קֶר,11,False,,
13009027,25,,Morgen,וְלַבֹּ֥קֶר,11,False,,
13009027,26,,für,לַבֹּֽקֶר׃,12,False,,
13009027,27,,Morgen,לַבֹּֽקֶר׃,12,False,,
13009028,1,,Und,וּמֵהֶ֖ם,1,False,,
13009028,2,,einige,וּמֵהֶ֖ם,1,False,,
13009028,3,,von,וּמֵהֶ֖ם,1,False,,
13009028,4,,ihnen,וּמֵהֶ֖ם,1,False,,
13009028,5,,waren,וּמֵהֶ֖ם,1,False,,
13009028,6,,über,עַל־,2,False,,
13009028,7,,die,כְּלֵ֣י,3,False,,
13009028,8,,Geräte,כְּלֵ֣י,3,False,,
13009028,9,,des,הָעֲבוֹדָ֑ה,4,False,,
13009028,10,,Dienstes,הָעֲבוֹדָ֑ה,4,False,,
13009028,11,,denn,כִּֽי־,5,False,,
13009028,12,,nach,בְמִסְפָּ֣ר,6,False,,
13009028,13,,der,בְמִסְפָּ֣ר,6,False,,
13009028,14,,Zahl,בְמִסְפָּ֣ר,6,False,,
13009028,15,,brachten,יְבִיא֔וּם,7,False,,
13009028,16,,sie,יְבִיא֔וּם,7,False,,
13009028,17,,sie,יְבִיא֔וּם,7,False,,
13009028,18,,hinein,יְבִיא֔וּם,7,False,,
13009028,19,,und,וּבְמִסְפָּ֖ר,8,False,,
13009028,20,,nach,וּבְמִסְפָּ֖ר,8,False,,
13009028,21,,der,וּבְמִסְפָּ֖ר,8,False,,
13009028,22,,Zahl,וּבְמִסְפָּ֖ר,8,False,,
13009028,23,,brachten,יוֹצִיאֽוּם׃,9,False,,
13009028,24,,sie,יוֹצִיאֽוּם׃,9,False,,
13009028,25,,sie,יוֹצִיאֽוּם׃,9,False,,
13009028,26,,heraus,יוֹצִיאֽוּם׃,9,False,,
13009029,1,,Und,וּמֵהֶ֗ם,1,False,,
13009029,2,,einige,וּמֵהֶ֗ם,1,False,,
13009029,3,,von,וּמֵהֶ֗ם,1,False,,
13009029,4,,ihnen,וּמֵהֶ֗ם,1,False,,
13009029,5,,waren,מְמֻנִּים֙,2,False,,
13009029,6,,bestellt,מְמֻנִּים֙,2,False,,
13009029,7,,über,עַל־,3,False,,
13009029,8,,die,הַכֵּלִ֔ים,4,False,,
13009029,9,,Geräte,הַכֵּלִ֔ים,4,False,,
13009029,10,,und,וְעַ֖ל,5,False,,
13009029,11,,über,וְעַ֖ל,5,False,,
13009029,12,,alle,כָּל־,6,False,,
13009029,13,,Geräte,כְּלֵ֣י,7,False,,
13009029,14,,des,הַקֹּ֑דֶשׁ,8,False,,
13009029,15,,Heiligtums,הַקֹּ֑דֶשׁ,8,False,,
13009029,16,,und,וְעַל־,9,False,,
13009029,17,,über,וְעַל־,9,False,,
13009029,18,,das,הַסֹּ֙לֶת֙,10,False,,
13009029,19,,Feinmehl,הַסֹּ֙לֶת֙,10,False,,
13009029,20,,und,וְהַיַּ֣יִן,11,False,,
13009029,21,,den,וְהַיַּ֣יִן,11,False,,
13009029,22,,Wein,וְהַיַּ֣יִן,11,False,,
13009029,23,,und,וְהַשֶּׁ֔מֶן,12,False,,
13009029,24,,das,וְהַשֶּׁ֔מֶן,12,False,,
13009029,25,,Öl,וְהַשֶּׁ֔מֶן,12,False,,
13009029,26,,und,וְהַלְּבוֹנָ֖ה,13,False,,
13009029,27,,den,וְהַלְּבוֹנָ֖ה,13,False,,
13009029,28,,Weihrauch,וְהַלְּבוֹנָ֖ה,13,False,,
13009029,29,,und,וְהַבְּשָׂמִֽים׃,14,False,,
13009029,30,,die,וְהַבְּשָׂמִֽים׃,14,False,,
13009029,31,,Gewürze,וְהַבְּשָׂמִֽים׃,14,False,,
13009030,1,,Und,וּמִן־,1,False,,
13009030,2,,von,וּמִן־,1,False,,
13009030,3,,den,בְּנֵי֙,2,False,,
13009030,4,,Söhnen,בְּנֵי֙,2,False,,
13009030,5,,der,הַכֹּ֣הֲנִ֔ים,3,False,,
13009030,6,,Priester,הַכֹּ֣הֲנִ֔ים,3,False,,
13009030,7,,mischten,רֹקְחֵ֥י,4,False,,
13009030,8,,einige,רֹקְחֵ֥י,4,False,,
13009030,9,,die,הַמִּרְקַ֖חַת,5,False,,
13009030,10,,Salbenmischung,הַמִּרְקַ֖חַת,5,False,,
13009030,11,,der,לַבְּשָׂמִֽים׃,6,False,,
13009030,12,,Gewürze,לַבְּשָׂמִֽים׃,6,False,,
13009031,1,,Und,וּמַתִּתְיָה֙,1,False,,
13009031,2,,Mattithja,וּמַתִּתְיָה֙,1,False,,
13009031,3,,von,מִן־,2,False,,
13009031,4,,den,הַלְוִיִּ֔ם,3,False,,
13009031,5,,Leviten,הַלְוִיִּ֔ם,3,False,,
13009031,6,,er,ה֥וּא,4,False,,
13009031,7,,war,ה֥וּא,4,False,,
13009031,8,,der,הַבְּכ֖וֹר,5,False,,
13009031,9,,Erstgeborene,הַבְּכ֖וֹר,5,False,,
13009031,10,,Schallums,לְשַׁלֻּ֣ם,6,False,,
13009031,11,,des,הַקָּרְחִ֑י,7,False,,
13009031,12,,Korhiters,הַקָּרְחִ֑י,7,False,,
13009031,13,,war,בֶּאֱמוּנָ֕ה,8,False,,
13009031,14,,das,מַעֲשֵׂ֥ה,10,False,,
13009031,15,,Pfannenbackwerk,מַעֲשֵׂ֥ה,10,False,,
13009031,16,,anvertraut,עַ֖ל,9,False,,
13009032,1,,Und,וּמִן־,1,False,,
13009032,2,,von,וּמִן־,1,False,,
13009032,3,,den,בְּנֵ֧י,2,True,,
13009032,4,,Söhnen,בְּנֵ֧י,2,False,,
13009032,5,,der,הַקְּהָתִ֛י,3,True,,
13009032,6,,Kehathiter,הַקְּהָתִ֛י,3,False,,
13009032,7,,von,מִן־,4,False,,
13009032,8,,ihren,אֲחֵיהֶ֖ם,5,False,,
13009032,9,,Brüdern,אֲחֵיהֶ֖ם,5,False,,
13009032,10,,waren,עַל־,6,True,,
13009032,11,,einige,עַל־,6,True,,
13009032,12,,über,עַל־,6,False,,
13009032,13,,das,לֶ֣חֶם,7,True,,
13009032,14,,Schichtbrot,לֶ֣חֶם,7,False,,
13009032,15,,bestellt,הַֽמַּעֲרָ֑כֶת,8,False,,
13009032,15,,bestellt,לְהָכִ֖ין,9,False,,
13009032,16,,um,לְהָכִ֖ין,9,False,,
13009032,17,,es,לְהָכִ֖ין,9,False,,
13009032,18,,Sabbath,שַׁבַּ֥ת,10,False,,
13009032,19,,für,שַׁבָּֽת׃ ס,11,True,,
13009032,20,,Sabbath,שַׁבָּֽת׃ ס,11,False,,
13009032,21,,zuzurichten,לְהָכִ֖ין,9,True,,
13009033,1,,Und,וְאֵ֣לֶּה,1,False,,
13009033,2,,das,וְאֵ֣לֶּה,1,False,,
13009033,3,,waren,הַ֠מְשֹׁרְרִים,2,True,,
13009033,4,,die,הַ֠מְשֹׁרְרִים,2,True,,
13009033,5,,Sänger,הַ֠מְשֹׁרְרִים,2,False,,
13009033,6,,die,רָאשֵׁ֨י,3,True,,
13009033,7,,Häupter,רָאשֵׁ֨י,3,False,,
13009033,8,,der,אָב֧וֹת,4,True,,
13009033,9,,Väter,אָב֧וֹת,4,False,,
13009033,10,,der,לַלְוִיִּ֛ם,5,True,,
13009033,11,,Leviten,לַלְוִיִּ֛ם,5,False,,
13009033,12,,welche,פְּטוּרִ֑ים,7,False,,
13009033,13,,von,בַּלְּשָׁכֹ֖ת,6,False,,
13009033,14,,anderen,בַּלְּשָׁכֹ֖ת,6,True,,
13009033,15,,Diensten,בַּלְּשָׁכֹ֖ת,6,False,,
13009033,16,,befreit,פְּטוּרִ֑ים,7,False,,
13009033,17,,in,בַּלְּשָׁכֹ֖ת,6,False,,
13009033,18,,den,בַּלְּשָׁכֹ֖ת,6,True,,
13009033,19,,Zelten,בַּלְּשָׁכֹ֖ת,6,False,,
13009033,20,,wohnten,בַּלְּשָׁכֹ֖ת,6,False,,
13009033,21,,denn,כִּֽי־,8,False,,
13009033,22,,Tag,יוֹמָ֥ם,9,False,,
13009033,23,,und,וָלַ֛יְלָה,10,False,,
13009033,24,,Nacht,וָלַ֛יְלָה,10,False,,
13009033,25,,waren,עֲלֵיהֶ֖ם,11,False,,
13009033,26,,sie,עֲלֵיהֶ֖ם,11,False,,
13009033,27,,beschäftigt,בַּמְּלָאכָֽה׃,12,False,,
13009034,1,,Das,אֵלֶּה֩,1,False,,
13009034,2,,waren,אֵלֶּה֩,1,False,,
13009034,3,,die,רָאשֵׁ֨י,2,True,,
13009034,4,,Häupter,רָאשֵׁ֨י,2,False,,
13009034,5,,der,הָאָב֧וֹת,3,True,,
13009034,6,,Väter,הָאָב֧וֹת,3,False,,
13009034,7,,der,לַלְוִיִּ֛ם,4,True,,
13009034,8,,Leviten,לַלְוִיִּ֛ם,4,False,,
13009034,9,,nach,לְתֹלְדוֹתָ֖ם,5,False,,
13009034,10,,ihren,לְתֹלְדוֹתָ֖ם,5,False,,
13009034,11,,Geschlechtern,לְתֹלְדוֹתָ֖ם,5,False,,
13009034,12,,die,רָאשִׁ֑ים,6,False,,
13009034,13,,Häupter,רָאשִׁ֑ים,6,False,,
13009034,14,,diese,אֵ֖לֶּה,7,False,,
13009034,15,,wohnten,יָשְׁב֥וּ,8,False,,
13009034,16,,zu,בִירוּשָׁלִָֽם׃ פ,9,False,,
13009034,17,,Jerusalem,בִירוּשָׁלִָֽם׃ פ,9,False,,
13009035,1,,Und,וּבְגִבְע֛וֹן,1,False,,
13009035,2,,in,וּבְגִבְע֛וֹן,1,False,,
13009035,3,,Gibeon,וּבְגִבְע֛וֹן,1,False,,
13009035,4,,wohnte,יָשְׁב֥וּ,2,False,,
13009035,5,,der,אֲבִֽי־,3,True,,
13009035,6,,Vater,אֲבִֽי־,3,False,,
13009035,7,,Gibeons,גִבְע֖וֹן,4,False,,
13009035,8,,Jeghiel,יְעִיאֵ֑ל,5,False,,
13009035,9,,und,וְשֵׁ֥ם,6,False,,
13009035,10,,der,וְשֵׁ֥ם,6,True,,
13009035,11,,Name,וְשֵׁ֥ם,6,False,,
13009035,12,,seines,אִשְׁתּ֖וֹ,7,False,,
13009035,13,,Weibes,אִשְׁתּ֖וֹ,7,False,,
13009035,14,,war,מַעֲכָֽה׃,8,True,,
13009035,15,,Maaka,מַעֲכָֽה׃,8,False,,
13009036,1,,Und,וּבְנ֥וֹ,1,False,,
13009036,2,,sein,וּבְנ֥וֹ,1,False,,
13009036,3,,erstgeborener,הַבְּכ֖וֹר,2,False,,
13009036,4,,Sohn,וּבְנ֥וֹ,1,False,,
13009036,5,,war,עַבְדּ֑וֹן,3,True,,
13009036,6,,Abdon,עַבְדּ֑וֹן,3,False,,
13009036,7,,und,וְצ֣וּר,4,False,,
13009036,8,,Zur,וְצ֣וּר,4,False,,
13009036,9,,und,וְקִ֔ישׁ,5,False,,
13009036,10,,Kis,וְקִ֔ישׁ,5,False,,
13009036,11,,und,וּבַ֥עַל,6,False,,
13009036,12,,Baal,וּבַ֥עַל,6,False,,
13009036,13,,und,וְנֵ֖ר,7,False,,
13009036,14,,Ner,וְנֵ֖ר,7,False,,
13009036,15,,und,וְנָדָֽב׃,8,False,,
13009036,16,,Nadab,וְנָדָֽב׃,8,False,,
13009037,1,,und,וּגְד֣וֹר,1,False,,
13009037,2,,Gedor,וּגְד֣וֹר,1,False,,
13009037,3,,und,וְאַחְי֔וֹ,2,False,,
13009037,4,,Achjo,וְאַחְי֔וֹ,2,False,,
13009037,5,,und,וּזְכַרְיָ֖ה,3,False,,
13009037,6,,Sekarja,וּזְכַרְיָ֖ה,3,False,,
13009037,7,,und,וּמִקְלֽוֹת׃,4,False,,
13009037,8,,Mikloth,וּמִקְלֽוֹת׃,4,False,,
13009038,1,,und,וּמִקְל֖וֹת,1,False,,
13009038,2,,Mikloth,וּמִקְל֖וֹת,1,False,,
13009038,3,,zeugte,הוֹלִ֣יד,2,False,,
13009038,4,,Schimean,שִׁמְאָ֑ם,4,False,,
13009038,5,,Und,וְאַף־,5,False,,
13009038,6,,auch,וְאַף־,5,False,,
13009038,7,,diese,הֵ֗ם,6,False,,
13009038,8,,wohnten,יָשְׁב֥וּ,9,False,,
13009038,9,,ihren,אֲחֵיהֶ֛ם,8,False,,
13009038,10,,Brüdern,אֲחֵיהֶ֛ם,8,False,,
13009038,11,,gegenüber,נֶ֧גֶד,7,False,,
13009038,12,,zu,בִירֽוּשָׁלִַ֖ם,10,False,,
13009038,13,,Jerusalem,בִירֽוּשָׁלִַ֖ם,10,False,,
13009038,14,,bei,עִם־,11,False,,
13009038,15,,ihren,אֲחֵיהֶֽם׃ ס,12,False,,
13009038,16,,Brüdern,אֲחֵיהֶֽם׃ ס,12,False,,
13009038,17,,,אֲחֵיהֶֽם׃ ס,12,True,,
13009039,1,,Und,וְנֵר֙,1,False,,
13009039,2,,Ner,וְנֵר֙,1,False,,
13009039,3,,zeugte,הוֹלִ֣יד,2,False,,
13009039,4,,Kis,קִ֔ישׁ,4,False,,
13009039,5,,und,וְקִ֖ישׁ,5,False,,
13009039,6,,Kis,וְקִ֖ישׁ,5,False,,
13009039,7,,zeugte,הוֹלִ֣יד,6,False,,
13009039,8,,Saul,שָׁא֑וּל,8,False,,
13009039,9,,und,וְשָׁא֗וּל,9,False,,
13009039,10,,Saul,וְשָׁא֗וּל,9,False,,
13009039,11,,zeugte,הוֹלִ֤יד,10,False,,
13009039,12,,Jonathan,יְהֽוֹנָתָן֙,12,False,,
13009039,13,,und,וְאֶת־,13,False,,
13009039,14,Malkis,Malkischua,מַלְכִּי־,14,True,,
13009039,14,chua,Malkischua,שׁ֔וּעַ,15,False,,
13009039,15,,und,וְאֶת־,16,False,,
13009039,16,,Abinadab,אֲבִינָדָ֖ב,17,False,,
13009039,17,,und,וְאֶת־,18,False,,
13009039,18,,Esch-Baal,אֶשְׁבָּֽעַל׃,19,False,,
13009040,1,,Und,וּבֶן־,1,False,,
13009040,2,,der,וּבֶן־,1,True,,
13009040,3,,Sohn,וּבֶן־,1,False,,
13009040,4,,Jonathans,יְהוֹנָתָ֖ן,2,False,,
13009040,5,,war,יְהוֹנָתָ֖ן,2,True,,
13009040,6,Merib,Merib-Baal,מְרִ֣יב,3,True,,
13009040,6,Baal,Merib-Baal,בָּ֑עַל,4,False,,
13009040,7,,und,וּמְרִי־,5,False,,
13009040,8,Merib,Merib-Baal,וּמְרִי־,5,True,,
13009040,8,Baal,Merib-Baal,בַ֖עַל,6,False,,
13009040,9,,zeugte,הוֹלִ֥יד,7,False,,
13009040,10,,Micha,מִיכָֽה׃,9,False,,
13009041,1,,Und,וּבְנֵ֖י,1,False,,
13009041,2,,die,וּבְנֵ֖י,1,True,,
13009041,3,,Söhne,וּבְנֵ֖י,1,False,,
13009041,4,,Michas,מִיכָ֑ה,2,False,,
13009041,5,,waren,מִיכָ֑ה,2,True,,
13009041,6,,Pithon,פִּית֥וֹן,3,False,,
13009041,7,,und,וָמֶ֖לֶךְ,4,False,,
13009041,8,,Melek,וָמֶ֖לֶךְ,4,False,,
13009041,9,,und,וְתַחְרֵֽעַ׃,5,False,,
13009041,10,,Thachrea,וְתַחְרֵֽעַ׃,5,False,,
13009042,1,,Und,וְאָחָז֙,1,False,,
13009042,2,,Achas,וְאָחָז֙,1,False,,
13009042,3,,zeugte,הוֹלִ֣יד,2,False,,
13009042,4,,Jara,יַעְרָ֔ה,4,False,,
13009042,5,,und,וְיַעְרָ֗ה,5,False,,
13009042,6,,Jara,וְיַעְרָ֗ה,5,False,,
13009042,7,,zeugte,הוֹלִ֛יד,6,False,,
13009042,8,,Alemeth,עָלֶ֥מֶת,8,False,,
13009042,9,,und,וְאֶת־,9,False,,
13009042,10,,Asmaweth,עַזְמָ֖וֶת,10,False,,
13009042,11,,und,וְאֶת־,11,False,,
13009042,12,,Simri,זִמְרִ֑י,12,False,,
13009042,13,,und,וְזִמְרִ֖י,13,False,,
13009042,14,,Simri,וְזִמְרִ֖י,13,False,,
13009042,15,,zeugte,הוֹלִ֥יד,14,False,,
13009042,16,,Moza,מוֹצָֽא׃,16,False,,
13009043,1,,und,וּמוֹצָ֖א,1,False,,
13009043,2,,Moza,וּמוֹצָ֖א,1,False,,
13009043,3,,zeugte,הוֹלִ֣יד,2,False,,
13009043,4,,Binea,בִּנְעָ֑א,4,False,,
13009043,5,,und,וּרְפָיָ֥ה,5,False,,
13009043,6,,dessen,בְנ֛וֹ,6,False,,
13009043,7,,Sohn,בְנ֛וֹ,6,False,,
13009043,8,,Rephaja,אֶלְעָשָׂ֥ה,7,False,,
13009043,9,,dessen,בְנ֖וֹ,8,False,,
13009043,10,,Sohn,בְנ֖וֹ,8,False,,
13009043,11,,Elasa,אָצֵ֥ל,9,False,,
13009043,12,,dessen,בְּנֽוֹ׃,10,False,,
13009043,13,,Sohn,בְּנֽוֹ׃,10,False,,
13009043,14,,Azel,בְּנֽוֹ׃,10,False,,
13009044,1,,Und,וּלְאָצֵל֮,1,False,,
13009044,2,,Azel,וּלְאָצֵל֮,1,False,,
13009044,3,,hatte,שִׁשָּׁ֣ה,2,False,,
13009044,4,,sechs,שִׁשָּׁ֣ה,2,False,,
13009044,5,,Söhne,בָנִים֒,3,False,,
13009044,6,,und,וְאֵ֣לֶּה,4,False,,
13009044,7,,dies,וְאֵ֣לֶּה,4,False,,
13009044,8,,sind,וְאֵ֣לֶּה,4,False,,
13009044,9,,ihre,שְׁמוֹתָ֗ם,5,False,,
13009044,10,,Namen,שְׁמוֹתָ֗ם,5,False,,
13009044,11,,Asrikam,עַזְרִיקָ֥ם׀,6,False,,
13009044,12,,Bokru,בֹּ֙כְרוּ֙,7,False,,
13009044,13,,und,וְיִשְׁמָעֵ֣אל,8,False,,
13009044,14,,Ismael,וְיִשְׁמָעֵ֣אל,8,False,,
13009044,15,,und,וּשְׁעַרְיָ֔ה,9,False,,
13009044,16,,Schearja,וּשְׁעַרְיָ֔ה,9,False,,
13009044,17,,und,וְעֹבַדְיָ֖ה,10,False,,
13009044,18,,Obadja,וְעֹבַדְיָ֖ה,10,False,,
13009044,19,,und,וְחָנָ֑ן,11,False,,
13009044,20,,Hanan,וְחָנָ֑ן,11,False,,
13009044,21,,Das,אֵ֖לֶּה,12,False,,
13009044,22,,waren,אֵ֖לֶּה,12,False,,
13009044,23,,die,בְּנֵ֥י,13,True,,
13009044,24,,Söhne,בְּנֵ֥י,13,False,,
13009044,25,,Azels,אָצַֽל׃ פ,14,False,,
13010001,1,,Und,וּפְלִשְׁתִּ֖ים,1,False,,
13010001,2,,die,וּפְלִשְׁתִּ֖ים,1,True,,
13010001,3,,Philister,וּפְלִשְׁתִּ֖ים,1,False,,
13010001,4,,stritten,נִלְחֲמ֣וּ,2,False,,
13010001,5,,wider,בְיִשְׂרָאֵ֑ל,3,False,,
13010001,6,,Israel,בְיִשְׂרָאֵ֑ל,3,False,,
13010001,7,,und,וַיָּ֑נָס,4,False,,
13010001,8,,die,אִֽישׁ־,5,True,,
13010001,9,,Männer,אִֽישׁ־,5,False,,
13010001,10,,von,מִפְּנֵ֣י,7,False,,
13010001,11,,Israel,יִשְׂרָאֵל֙,6,False,,
13010001,12,,flohen,וַיָּ֑נָס,4,False,,
13010001,13,,vor,מִפְּנֵ֣י,7,False,,
13010001,14,,den,פְלִשְׁתִּ֔ים,8,True,,
13010001,15,,Philistern,פְלִשְׁתִּ֔ים,8,False,,
13010001,16,,und,וַיִּפְּל֥וּ,9,False,,
13010001,17,,Erschlagene,חֲלָלִ֖ים,10,False,,
13010001,18,,fielen,וַיִּפְּל֥וּ,9,False,,
13010001,19,,auf,בְּהַ֥ר,11,False,,
13010001,20,,dem,בְּהַ֥ר,11,True,,
13010001,21,,Gebirge,בְּהַ֥ר,11,False,,
13010001,22,,Gilboa,גִּלְבֹּֽעַ׃,12,False,,
13010002,1,,Und,וַיַּדְבְּק֣וּ,1,False,,
13010002,2,,die,פְלִשְׁתִּ֔ים,2,True,,
13010002,3,,Philister,פְלִשְׁתִּ֔ים,2,False,,
13010002,4,,setzten,וַיַּדְבְּק֣וּ,1,False,,
13010002,5,,Saul,שָׁא֖וּל,4,False,,
13010002,6,,und,וְאַחֲרֵ֣י,5,False,,
13010002,7,,seinen,בָנָ֑יו,6,False,,
13010002,8,,Söhnen,בָנָ֑יו,6,False,,
13010002,9,,hart,וַיַּדְבְּק֣וּ,1,False,,
13010002,10,,nach,אַחֲרֵ֥י,3,False,,
13010002,11,,und,וַיַּכּ֣וּ,7,False,,
13010002,12,,die,פְלִשְׁתִּ֗ים,8,True,,
13010002,13,,Philister,פְלִשְׁתִּ֗ים,8,False,,
13010002,14,,erschlugen,וַיַּכּ֣וּ,7,False,,
13010002,15,,Jonathan,יוֹנָתָ֧ן,10,False,,
13010002,16,,und,וְאֶת־,11,False,,
13010002,17,,Abinadab,אֲבִינָדָ֛ב,12,False,,
13010002,18,,und,וְאֶת־,13,False,,
13010002,19,Malkis,Malkischua,מַלְכִּי־,14,True,,
13010002,19,chua,Malkischua,שׁ֖וּעַ,15,False,,
13010002,20,,die,בְּנֵ֥י,16,True,,
13010002,21,,Söhne,בְּנֵ֥י,16,False,,
13010002,22,,Sauls,שָׁאֽוּל׃,17,False,,
13010003,1,,Und,וַתִּכְבַּ֤ד,1,False,,
13010003,2,,der,הַמִּלְחָמָה֙,2,True,,
13010003,3,,Streit,הַמִּלְחָמָה֙,2,False,,
13010003,4,,wurde,וַתִּכְבַּ֤ד,1,False,,
13010003,5,,heftig,וַתִּכְבַּ֤ד,1,False,,
13010003,6,,wider,עַל־,3,False,,
13010003,7,,Saul,שָׁא֔וּל,4,False,,
13010003,8,,und,וַיִּמְצָאֻ֖הוּ,5,False,,
13010003,9,,es,וַיִּמְצָאֻ֖הוּ,5,False,,
13010003,10,,erreichten,וַיִּמְצָאֻ֖הוּ,5,False,,
13010003,11,,ihn,וַיִּמְצָאֻ֖הוּ,5,False,,
13010003,12,,die,הַמּוֹרִ֣ים,6,True,,
13010003,13,,Bogenschützen,הַמּוֹרִ֣ים,6,False,,
13010003,14,,und,וַיָּ֖חֶל,8,False,,
13010003,15,,es,וַיָּ֖חֶל,8,False,,
13010003,16,,wurde,וַיָּ֖חֶל,8,False,,
13010003,17,,ihm,וַיָּ֖חֶל,8,False,,
13010003,18,,angst,וַיָּ֖חֶל,8,False,,
13010003,19,,vor,מִן־,9,False,,
13010003,20,,den,הַיּוֹרִֽים׃,10,True,,
13010003,21,,Schützen,הַיּוֹרִֽים׃,10,False,,
13010004,1,,Da,וַיֹּ֣אמֶר,1,False,,
13010004,2,,sprach,וַיֹּ֣אמֶר,1,False,,
13010004,3,,Saul,שָׁאוּל֩,2,False,,
13010004,4,,zu,אֶל־,3,False,,
13010004,5,,seinem,כֵלָ֜יו,5,False,,
13010004,6,,Waffenträger,נֹשֵׂ֨א,4,False,,
13010004,7,,Ziehe,שְׁלֹ֥ף,6,False,,
13010004,8,,dein,חַרְבְּךָ֣׀,7,False,,
13010004,9,,Schwert,חַרְבְּךָ֣׀,7,False,,
13010004,10,,und,וְדָקְרֵ֣נִי,8,False,,
13010004,11,,durchbohre,וְדָקְרֵ֣נִי,8,False,,
13010004,12,,mich,וְדָקְרֵ֣נִי,8,False,,
13010004,13,,damit,בָ֗הּ,9,False,,
13010004,14,,daß,פֶּן־,10,False,,
13010004,15,,nicht,וְלֹ֤א,16,False,,
13010004,16,,diese,הָאֵ֙לֶּה֙,13,False,,
13010004,17,,Unbeschnittenen,הָעֲרֵלִ֤ים,12,False,,
13010004,18,,kommen,יָבֹ֜אוּ,11,False,,
13010004,19,,und,וְהִתְעַלְּלוּ־,14,False,,
13010004,20,,mich,בִ֔י,15,False,,
13010004,21,,mißhandeln,וְהִתְעַלְּלוּ־,14,False,,
13010004,22,,Sein,נֹשֵׂ֣א,18,False,,
13010004,23,,Waffenträger,כֵלָ֔יו,19,False,,
13010004,24,,aber,אָבָה֙,17,False,,
13010004,25,,wollte,אָבָה֙,17,False,,
13010004,26,,nicht,וְלֹ֤א,16,False,,
13010004,27,,denn,כִּ֥י,20,False,,
13010004,28,,er,יָרֵ֖א,21,False,,
13010004,29,,fürchtete,יָרֵ֖א,21,False,,
13010004,30,,sich,יָרֵ֖א,21,False,,
13010004,31,,sehr,מְאֹ֑ד ס,22,False,,
13010004,32,,Da,וַיִּקַּ֤ח,23,False,,
13010004,33,,nahm,וַיִּקַּ֤ח,23,False,,
13010004,34,,Saul,שָׁאוּל֙,24,False,,
13010004,35,,das,הַחֶ֔רֶב,26,True,,
13010004,36,,Schwert,הַחֶ֔רֶב,26,False,,
13010004,37,,und,וַיִּפֹּ֖ל,27,False,,
13010004,38,,stürzte,וַיִּפֹּ֖ל,27,False,,
13010004,39,,sich,וַיִּפֹּ֖ל,27,False,,
13010004,40,,darein,עָלֶֽיהָ׃,28,False,,
13010005,1,,Und,וַיַּ֥רְא,1,False,,
13010005,2,,als,וַיַּ֥רְא,1,False,,
13010005,3,,sein,כֵלָ֖יו,3,False,,
13010005,4,,Waffenträger,נֹשֵֽׂא־,2,False,,
13010005,5,,sah,וַיַּ֥רְא,1,False,,
13010005,6,,daß,כִּ֣י,4,False,,
13010005,7,,Saul,שָׁא֑וּל,6,False,,
13010005,8,,tot,מֵ֣ת,5,False,,
13010005,9,,war,מֵ֣ת,5,False,,
13010005,10,,da,וַיִּפֹּ֥ל,7,False,,
13010005,11,,stürzte,וַיִּפֹּ֥ל,7,False,,
13010005,12,,auch,גַּם־,8,False,,
13010005,13,,er,ה֛וּא,9,False,,
13010005,14,,sich,וַיִּפֹּ֥ל,7,False,,
13010005,15,,in,עַל־,10,False,,
13010005,16,,das,הַחֶ֖רֶב,11,True,,
13010005,17,,Schwert,הַחֶ֖רֶב,11,False,,
13010005,18,,und,וַיָּמֹֽת׃ ס,12,False,,
13010005,19,,starb,וַיָּמֹֽת׃ ס,12,False,,
13010006,1,,So,וַיָּ֤מָת,1,False,,
13010006,2,,starben,וַיָּ֤מָת,1,False,,
13010006,3,,Saul,שָׁאוּל֙,2,False,,
13010006,4,,und,וּשְׁלֹ֣שֶׁת,3,False,,
13010006,5,,seine,בָּנָ֔יו,4,False,,
13010006,6,,drei,וּשְׁלֹ֣שֶׁת,3,False,,
13010006,7,,Söhne,בָּנָ֔יו,4,False,,
13010006,8,,und,וְכָל־,5,False,,
13010006,9,,sein,בֵּית֖וֹ,6,False,,
13010006,10,,ganzes,וְכָל־,5,False,,
13010006,11,,Haus,בֵּית֖וֹ,6,False,,
13010006,12,,starb,מֵֽתוּ׃,8,False,,
13010006,13,,zugleich,יַחְדָּ֥ו,7,False,,
13010007,1,,Und,וַ֠יִּרְאוּ,1,False,,
13010007,2,,als,וַ֠יִּרְאוּ,1,False,,
13010007,3,,alle,כָּל־,2,False,,
13010007,4,,Männer,אִ֨ישׁ,3,False,,
13010007,5,,von,יִשְׂרָאֵ֤ל,4,False,,
13010007,6,,Israel,יִשְׂרָאֵ֤ל,4,False,,
13010007,7,,die,בָּעֵ֙מֶק֙,6,True,,
13010007,8,,im,בָּעֵ֙מֶק֙,6,True,,
13010007,9,,Tale,בָּעֵ֙מֶק֙,6,False,,
13010007,10,,waren,אֲשֶׁר־,5,False,,
13010007,11,,sahen,וַ֠יִּרְאוּ,1,False,,
13010007,12,,daß,כִּ֣י,7,False,,
13010007,13,,sie,נָ֔סוּ,8,False,,
13010007,14,,geflohen,נָ֔סוּ,8,False,,
13010007,15,,und,וְכִי־,9,False,,
13010007,16,,daß,וְכִי־,9,False,,
13010007,17,,Saul,שָׁא֣וּל,11,False,,
13010007,18,,und,וּבָנָ֑יו,12,False,,
13010007,19,,seine,וּבָנָ֑יו,12,False,,
13010007,20,,Söhne,וּבָנָ֑יו,12,False,,
13010007,21,,tot,מֵ֖תוּ,10,False,,
13010007,22,,waren,מֵ֖תוּ,10,False,,
13010007,23,,da,וַיַּעַזְב֤וּ,13,False,,
13010007,24,,verließen,וַיַּעַזְב֤וּ,13,False,,
13010007,25,,sie,וַיַּעַזְב֤וּ,13,False,,
13010007,26,,ihre,עָרֵיהֶם֙,14,False,,
13010007,27,,Städte,עָרֵיהֶם֙,14,False,,
13010007,28,,und,וַיָּנֻ֔סוּ,15,False,,
13010007,29,,flohen,וַיָּנֻ֔סוּ,15,False,,
13010007,30,,und,וַיָּבֹ֣אוּ,16,False,,
13010007,31,,die,פְלִשְׁתִּ֔ים,17,True,,
13010007,32,,Philister,פְלִשְׁתִּ֔ים,17,False,,
13010007,33,,kamen,וַיָּבֹ֣אוּ,16,False,,
13010007,34,,und,וַיֵּשְׁב֖וּ,18,False,,
13010007,35,,wohnten,וַיֵּשְׁב֖וּ,18,False,,
13010007,36,,darin,בָּהֶֽם׃ ס,19,False,,
13010008,1,,Und,וַיְהִי֙,1,False,,
13010008,2,,es,וַיְהִי֙,1,True,,
13010008,3,,geschah,וַיְהִי֙,1,False,,
13010008,4,,am,מִֽמָּחֳרָ֔ת,2,False,,
13010008,5,,folgenden,מִֽמָּחֳרָ֔ת,2,False,,
13010008,6,,Tage,מִֽמָּחֳרָ֔ת,2,False,,
13010008,7,,da,וַיָּבֹ֣אוּ,3,True,,
13010008,8,,kamen,וַיָּבֹ֣אוּ,3,False,,
13010008,9,,die,פְלִשְׁתִּ֔ים,4,True,,
13010008,10,,Philister,פְלִשְׁתִּ֔ים,4,False,,
13010008,11,,um,לְפַשֵּׁ֖ט,5,False,,
13010008,12,,die,אֶת־,6,False,,
13010008,13,,Erschlagenen,הַֽחֲלָלִ֑ים,7,False,,
13010008,14,,auszuziehen,לְפַשֵּׁ֖ט,5,False,,
13010008,15,,und,וַֽיִּמְצְא֤וּ,8,False,,
13010008,16,,sie,וַֽיִּמְצְא֤וּ,8,False,,
13010008,17,,fanden,וַֽיִּמְצְא֤וּ,8,False,,
13010008,18,,Saul,אֶת־,9,False,,
13010008,19,,und,וְאֶת־,11,False,,
13010008,20,,seine,בָּנָ֔יו,12,False,,
13010008,21,,Söhne,בָּנָ֔יו,12,False,,
13010008,22,,auf,בְּהַ֥ר,14,False,,
13010008,23,,dem,בְּהַ֥ר,14,True,,
13010008,24,,Gebirge,בְּהַ֥ר,14,False,,
13010008,25,,Gilboa,גִּלְבֹּֽעַ׃,15,False,,
13010008,26,,liegen,נֹפְלִ֖ים,13,False,,
13010009,1,,Und,וַיַּ֨פְשִׁיטֻ֔הוּ,1,False,,
13010009,2,,sie,וַיַּ֨פְשִׁיטֻ֔הוּ,1,False,,
13010009,3,,zogen,וַיַּ֨פְשִׁיטֻ֔הוּ,1,False,,
13010009,4,,ihn,וַיַּ֨פְשִׁיטֻ֔הוּ,1,False,,
13010009,5,,aus,וַיַּ֨פְשִׁיטֻ֔הוּ,1,False,,
13010009,6,,und,וַיִּשְׂא֥וּ,2,False,,
13010009,7,,nahmen,וַיִּשְׂא֥וּ,2,False,,
13010009,8,,seinen,אֶת־,3,False,,
13010009,9,,Kopf,רֹאשׁ֖וֹ,4,False,,
13010009,10,,und,וְאֶת־,5,False,,
13010009,11,,seine,כֵּלָ֑יו,6,False,,
13010009,12,,Waffen,כֵּלָ֑יו,6,False,,
13010009,13,,und,וַיְשַׁלְּח֨וּ,7,False,,
13010009,14,,sie,וַיְשַׁלְּח֨וּ,7,False,,
13010009,15,,sandten,וַיְשַׁלְּח֨וּ,7,False,,
13010009,16,,in,בְאֶֽרֶץ־,8,False,,
13010009,17,,das,בְאֶֽרֶץ־,8,True,,
13010009,18,,Land,בְאֶֽרֶץ־,8,False,,
13010009,19,,der,פְלִשְׁתִּ֜ים,9,True,,
13010009,20,,Philister,פְלִשְׁתִּ֜ים,9,False,,
13010009,21,,ringsumher,סָבִ֗יב,10,False,,
13010009,22,,um,לְבַשֵּׂ֛ר,11,False,,
13010009,23,,die,אֶת־,12,True,,
13010009,24,,frohe,לְבַשֵּׂ֛ר,11,False,,
13010009,25,,Botschaft,לְבַשֵּׂ֛ר,11,False,,
13010009,26,,ihren,עֲצַבֵּיהֶ֖ם,13,False,,
13010009,27,,Götzen,עֲצַבֵּיהֶ֖ם,13,False,,
13010009,28,,und,וְאֶת־,14,False,,
13010009,29,,dem,הָעָֽם׃,15,True,,
13010009,30,,Volke,הָעָֽם׃,15,False,,
13010009,31,,zu,לְבַשֵּׂ֛ר,11,False,,
13010009,32,,verkünden,לְבַשֵּׂ֛ר,11,False,,
13010010,1,,Und,וַיָּשִׂ֙ימוּ֙,1,False,,
13010010,2,,sie,וַיָּשִׂ֙ימוּ֙,1,False,,
13010010,3,,legten,וַיָּשִׂ֙ימוּ֙,1,False,,
13010010,4,,seine,כֵּלָ֔יו,3,False,,
13010010,5,,Waffen,כֵּלָ֔יו,3,False,,
13010010,6,,in,בֵּ֖ית,4,False,,
13010010,7,,das,בֵּ֖ית,4,True,,
13010010,8,,Haus,בֵּ֖ית,4,False,,
13010010,9,,ihres,אֱלֹהֵיהֶ֑ם,5,False,,
13010010,10,,Gottes,אֱלֹהֵיהֶ֑ם,5,False,,
13010010,11,,und,וְאֶת־,6,False,,
13010010,12,,seinen,גֻּלְגָּלְתּ֥וֹ,7,False,,
13010010,13,,Schädel,גֻּלְגָּלְתּ֥וֹ,7,False,,
13010010,14,,hefteten,תָקְע֖וּ,8,False,,
13010010,15,,sie,תָקְע֖וּ,8,False,,
13010010,16,,an,בֵּ֥ית,9,False,,
13010010,17,,das,בֵּ֥ית,9,True,,
13010010,18,,Haus,בֵּ֥ית,9,False,,
13010010,19,,Dagons,דָּגֽוֹן׃ ס,10,False,,
13010011,1,,Als,וַֽיִּשְׁמְע֔וּ,1,False,,
13010011,2,,aber,וַֽיִּשְׁמְע֔וּ,1,True,,
13010011,3,,ganz,כֹּ֖ל,2,False,,
13010011,4,,Jabes-Gilead,יָבֵ֣ישׁ,3,False,,
13010011,4,,Jabes-Gilead,גִּלְעָ֑ד,4,False,,
13010011,5,,alles,כָּל־,6,False,,
13010011,6,,hörte,וַֽיִּשְׁמְע֔וּ,1,False,,
13010011,7,,was,אֲשֶׁר־,7,False,,
13010011,8,,die,פְלִשְׁתִּ֖ים,9,True,,
13010011,9,,Philister,פְלִשְׁתִּ֖ים,9,False,,
13010011,10,,mit,לְשָׁאֽוּל׃,10,False,,
13010011,11,,Saul,לְשָׁאֽוּל׃,10,False,,
13010011,12,,getan,עָשׂ֥וּ,8,False,,
13010011,13,,hatten,עָשׂ֥וּ,8,False,,
13010012,1,,da,וַיָּקוּמוּ֮,1,False,,
13010012,2,,machten,וַיָּקוּמוּ֮,1,False,,
13010012,3,,sich,וַיָּקוּמוּ֮,1,False,,
13010012,4,,alle,כָּל־,2,False,,
13010012,5,,tapferen,חַיִל֒,4,False,,
13010012,6,,Männer,אִ֣ישׁ,3,False,,
13010012,7,,auf,וַיָּקוּמוּ֮,1,False,,
13010012,8,,und,וַיִּשְׂא֞וּ,5,False,,
13010012,9,,nahmen,וַיִּשְׂא֞וּ,5,False,,
13010012,10,,den,אֶת־,6,False,,
13010012,11,,Leichnam,גּוּפַ֣ת,7,False,,
13010012,12,,Sauls,שָׁא֗וּל,8,False,,
13010012,13,,und,וְאֵת֙,9,False,,
13010012,14,,die,גּוּפֹ֣ת,10,True,,
13010012,15,,Leichname,גּוּפֹ֣ת,10,False,,
13010012,16,,seiner,בָּנָ֔יו,11,False,,
13010012,17,,Söhne,בָּנָ֔יו,11,False,,
13010012,18,,und,וַיְבִיא֖וּם,12,False,,
13010012,19,,brachten,וַיְבִיא֖וּם,12,False,,
13010012,20,,sie,וַיְבִיא֖וּם,12,False,,
13010012,21,,nach,יָבֵ֑ישָׁה,13,False,,
13010012,22,,Jabes,יָבֵ֑ישָׁה,13,False,,
13010012,23,,und,וַיִּקְבְּר֨וּ,14,False,,
13010012,24,,sie,וַיִּקְבְּר֨וּ,14,False,,
13010012,25,,begruben,וַיִּקְבְּר֨וּ,14,False,,
13010012,26,,ihre,עַצְמוֹתֵיהֶ֜ם,16,False,,
13010012,27,,Gebeine,עַצְמוֹתֵיהֶ֜ם,16,False,,
13010012,28,,unter,תַּ֤חַת,17,False,,
13010012,29,,der,הָאֵלָה֙,18,True,,
13010012,30,,Terebinthe,הָאֵלָה֙,18,False,,
13010012,31,,zu,בְּיָבֵ֔שׁ,19,False,,
13010012,32,,Jabes,בְּיָבֵ֔שׁ,19,False,,
13010012,33,,und,וַיָּצ֖וּמוּ,20,False,,
13010012,34,,fasteten,וַיָּצ֖וּמוּ,20,False,,
13010012,35,,sieben,שִׁבְעַ֥ת,21,False,,
13010012,36,,Tage,יָמִֽים׃,22,False,,
13010013,1,,Und,וַיָּ֣מָת,1,False,,
13010013,2,,so,וַיָּ֣מָת,1,True,,
13010013,3,,starb,וַיָּ֣מָת,1,False,,
13010013,4,,Saul,שָׁא֗וּל,2,False,,
13010013,5,,wegen,בְּמַֽעֲלוֹ֙,3,False,,
13010013,6,,seiner,בְּמַֽעֲלוֹ֙,3,False,,
13010013,7,,Treulosigkeit,בְּמַֽעֲלוֹ֙,3,False,,
13010013,8,,die,אֲשֶׁ֣ר,4,False,,
13010013,9,,er,מָעַ֣ל,5,False,,
13010013,10,,wider,בַּֽיהוָ֔ה,6,False,,
13010013,11,,Jahwe,בַּֽיהוָ֔ה,6,False,,
13010013,12,,begangen,מָעַ֣ל,5,False,,
13010013,13,,betreffs,עַל־,7,False,,
13010013,14,,des,דְּבַ֥ר,8,False,,
13010013,15,,Wortes,דְּבַ֥ר,8,False,,
13010013,16,,Jahwes,יְהוָ֖ה,9,False,,
13010013,17,,das,אֲשֶׁ֣ר,10,False,,
13010013,18,,er,שָׁמָ֑ר,12,False,,
13010013,19,,nicht,לֹא־,11,False,,
13010013,20,,beobachtet,שָׁמָ֑ר,12,False,,
13010013,21,,hatte,שָׁמָ֑ר,12,False,,
13010013,22,,und,וְגַם־,13,False,,
13010013,23,,auch,וְגַם־,13,False,,
13010013,24,,weil,וְגַם־,13,False,,
13010013,25,,er,בָּא֖וֹב,15,False,,
13010013,26,,eine,בָּא֖וֹב,15,True,,
13010013,27,,Totenbeschwörerin,בָּא֖וֹב,15,False,,
13010013,28,,aufsuchte,לִדְרֽוֹשׁ׃,16,False,,
13010013,29,,um,לִדְרֽוֹשׁ׃,16,False,,
13010013,30,,sie,לִדְרֽוֹשׁ׃,16,False,,
13010013,31,,zu,לִדְרֽוֹשׁ׃,16,False,,
13010013,32,,befragen,לִדְרֽוֹשׁ׃,16,False,,
13010014,1,,aber,וְלֹֽא־,1,False,,
13010014,2,,Jahwe,בַּֽיהוָ֖ה,3,False,,
13010014,3,,befragte,דָרַ֥שׁ,2,False,,
13010014,4,,er,דָרַ֥שׁ,2,False,,
13010014,5,,nicht,וְלֹֽא־,1,False,,
13010014,6,,Darum,וַיְמִיתֵ֑הוּ,4,False,,
13010014,7,,tötete,וַיְמִיתֵ֑הוּ,4,False,,
13010014,8,,er,וַיְמִיתֵ֑הוּ,4,False,,
13010014,9,,ihn,וַיְמִיתֵ֑הוּ,4,False,,
13010014,10,,und,וַיַּסֵּב֙,5,False,,
13010014,11,,wandte,וַיַּסֵּב֙,5,False,,
13010014,12,,das,אֶת־,6,False,,
13010014,13,,Königtum,הַמְּלוּכָ֔ה,7,False,,
13010014,14,,David,לְדָוִ֖יד,8,False,,
13010014,15,,dem,לְדָוִ֖יד,8,True,,
13010014,16,,Sohne,בֶּן־,9,False,,
13010014,17,,Isais,יִשָֽׁי׃ פ,10,False,,
13010014,18,,zu,וַיַּסֵּב֙,5,False,,
13011001,1,,Und,וַיִּקָּבְצ֧וּ,1,False,,
13011001,2,,ganz,כָֽל־,2,False,,
13011001,3,,Israel,יִשְׂרָאֵ֛ל,3,False,,
13011001,4,,versammelte,וַיִּקָּבְצ֧וּ,1,False,,
13011001,5,,sich,וַיִּקָּבְצ֧וּ,1,False,,
13011001,6,,zu,אֶל־,4,False,,
13011001,7,,David,דָּוִ֖יד,5,False,,
13011001,8,,nach,חֶבְר֣וֹנָה,6,False,,
13011001,9,,Hebron,חֶבְר֣וֹנָה,6,False,,
13011001,10,,und,לֵאמֹ֑ר,7,False,,
13011001,11,,sie,לֵאמֹ֑ר,7,False,,
13011001,12,,sprachen,לֵאמֹ֑ר,7,False,,
13011001,13,,Siehe,הִנֵּ֛ה,8,False,,
13011001,14,,wir,אֲנָֽחְנוּ׃,11,False,,
13011001,15,,sind,אֲנָֽחְנוּ׃,11,False,,
13011001,16,,dein,עַצְמְךָ֥,9,False,,
13011001,17,,Gebein,עַצְמְךָ֥,9,False,,
13011001,18,,und,וּֽבְשָׂרְךָ֖,10,False,,
13011001,19,,dein,וּֽבְשָׂרְךָ֖,10,False,,
13011001,20,,Fleisch,וּֽבְשָׂרְךָ֖,10,False,,
13011002,1,,Schon,גַּם־,1,False,,
13011002,2,,früher,תְּמ֣וֹל,2,False,,
13011002,3,,schon,גַּם־,3,False,,
13011002,4,,als,בִּהְי֣וֹת,6,False,,
13011002,5,,Saul,שָׁא֣וּל,7,False,,
13011002,6,,König,מֶ֔לֶךְ,8,False,,
13011002,7,,war,בִּהְי֣וֹת,6,False,,
13011002,8,,bist,אַתָּ֛ה,9,False,,
13011002,9,,du,אַתָּ֛ה,9,False,,
13011002,10,,es,אַתָּ֛ה,9,True,,
13011002,11,,gewesen,בִּהְי֣וֹת,6,False,,
13011002,12,,der,הַמּוֹצִ֥יא,10,False,,
13011002,13,,Israel,יִשְׂרָאֵ֑ל,13,False,,
13011002,14,,aus,הַמּוֹצִ֥יא,10,False,,
13011002,15,,und,וַיֹּאמֶר֩,14,False,,
13011002,16,,einführte,הַמּוֹצִ֥יא,10,False,,
13011002,17,,und,יְהוָ֨ה,15,False,,
13011002,18,,Jahwe,יְהוָ֨ה,15,False,,
13011002,19,,dein,אֱלֹהֶ֜יךָ,16,False,,
13011002,20,,Gott,אֱלֹהֶ֜יךָ,16,False,,
13011002,21,,hat,וַיֹּאמֶר֩,14,False,,
13011002,22,,zu,לְךָ֗,17,False,,
13011002,23,,dir,לְךָ֗,17,False,,
13011002,24,,gesagt,וַיֹּאמֶר֩,14,False,,
13011002,25,,Du,אַתָּ֨ה,18,False,,
13011002,26,,sollst,תִרְעֶ֤ה,19,False,,
13011002,27,,mein,עַמִּי֙,21,False,,
13011002,28,,Volk,עַמִּי֙,21,False,,
13011002,29,,Israel,יִשְׂרָאֵ֔ל,23,False,,
13011002,30,,weiden,תִרְעֶ֤ה,19,False,,
13011002,31,,und,וְאַתָּה֙,24,False,,
13011002,32,,du,וְאַתָּה֙,24,False,,
13011002,33,,sollst,תִּהְיֶ֣ה,25,False,,
13011002,34,,Fürst,נָגִ֔יד,26,False,,
13011002,35,,sein,תִּהְיֶ֣ה,25,False,,
13011002,36,,über,עַ֖ל,27,False,,
13011002,37,,mein,עַמִּ֥י,28,False,,
13011002,38,,Volk,עַמִּ֥י,28,False,,
13011002,39,,Israel,יִשְׂרָאֵֽל׃,29,False,,
13011003,1,,Und,וַ֠יָּבֹאוּ,1,False,,
13011003,2,,alle,כָּל־,2,False,,
13011003,3,,Ältesten,זִקְנֵ֨י,3,False,,
13011003,4,,Israels,יִשְׂרָאֵ֤ל,4,False,,
13011003,5,,kamen,וַ֠יָּבֹאוּ,1,False,,
13011003,6,,zu,אֶל־,5,False,,
13011003,7,,dem,הַמֶּ֙לֶךְ֙,6,True,,
13011003,8,,König,הַמֶּ֙לֶךְ֙,6,False,,
13011003,9,,nach,חֶבְר֔וֹנָה,7,False,,
13011003,10,,Hebron,חֶבְר֔וֹנָה,7,False,,
13011003,11,,und,וַיִּכְרֹת֩,8,False,,
13011003,12,,David,דָּוִ֥יד,10,False,,
13011003,13,,machte,וַיִּכְרֹת֩,8,False,,
13011003,14,,einen,בְּרִ֛ית,11,True,,
13011003,15,,Bund,בְּרִ֛ית,11,False,,
13011003,16,,mit,לָהֶ֨ם,9,False,,
13011003,17,,ihnen,לָהֶ֨ם,9,False,,
13011003,18,,zu,בְּחֶבְר֖וֹן,12,False,,
13011003,19,,Hebron,בְּחֶבְר֖וֹן,12,False,,
13011003,20,,vor,לִפְנֵ֣י,13,False,,
13011003,21,,Jahwe,יְהוָ֑ה,14,False,,
13011003,22,,und,וַיִּמְשְׁח֨וּ,15,False,,
13011003,23,,sie,וַיִּמְשְׁח֨וּ,15,False,,
13011003,24,,salbten,וַיִּמְשְׁח֨וּ,15,False,,
13011003,25,,David,דָּוִ֤יד,17,False,,
13011003,26,,zum,לְמֶ֙לֶךְ֙,18,False,,
13011003,27,,König,לְמֶ֙לֶךְ֙,18,False,,
13011003,28,,über,עַל־,19,False,,
13011003,29,,Israel,יִשְׂרָאֵ֔ל,20,False,,
13011003,30,,nach,כִּדְבַ֥ר,21,False,,
13011003,31,,dem,כִּדְבַ֥ר,21,True,,
13011003,32,,Worte,כִּדְבַ֥ר,21,False,,
13011003,33,,Jahwes,יְהוָ֖ה,22,False,,
13011003,34,,durch,בְּיַד־,23,False,,
13011003,35,,Samuel,שְׁמוּאֵֽל׃ ס,24,False,,
13011004,1,,Und,וַיֵּ֨לֶךְ,1,False,,
13011004,2,,David,דָּוִ֧יד,2,False,,
13011004,3,,und,וְכָל־,3,False,,
13011004,4,,ganz,וְכָל־,3,False,,
13011004,5,,Israel,יִשְׂרָאֵ֛ל,4,False,,
13011004,6,,zogen,וַיֵּ֨לֶךְ,1,False,,
13011004,7,,nach,יְרוּשָׁלִַ֖ם,5,True,,
13011004,8,,Jerusalem,יְרוּשָׁלִַ֖ם,5,False,,
13011004,9,,das,הִ֣יא,6,True,,
13011004,10,,ist,הִ֣יא,6,False,,
13011004,11,,Jebus,יְב֑וּס,7,False,,
13011004,12,,und,וְשָׁם֙,8,False,,
13011004,13,,daselbst,וְשָׁם֙,8,False,,
13011004,14,,waren,הַיְבוּסִ֔י,9,True,,
13011004,15,,die,הַיְבוּסִ֔י,9,True,,
13011004,16,,Jebusiter,הַיְבוּסִ֔י,9,False,,
13011004,17,,die,יֹשְׁבֵ֖י,10,True,,
13011004,18,,Bewohner,יֹשְׁבֵ֖י,10,False,,
13011004,19,,des,הָאָֽרֶץ׃,11,True,,
13011004,20,,Landes,הָאָֽרֶץ׃,11,False,,
13011005,1,,Und,וַיֹּ֨אמְר֜וּ,1,False,,
13011005,2,,die,יֹשְׁבֵ֤י,2,True,,
13011005,3,,Bewohner,יֹשְׁבֵ֤י,2,False,,
13011005,4,,von,יְבוּס֙,3,True,,
13011005,5,,Jebus,יְבוּס֙,3,False,,
13011005,6,,sprachen,וַיֹּ֨אמְר֜וּ,1,False,,
13011005,7,,zu,לְדָוִ֔יד,4,False,,
13011005,8,,David,לְדָוִ֔יד,4,False,,
13011005,9,,Du,לֹ֥א,5,True,,
13011005,10,,wirst,תָב֖וֹא,6,False,,
13011005,11,,nicht,לֹ֥א,5,False,,
13011005,12,,hier,הֵ֑נָּה,7,False,,
13011005,13,,hereinkommen,תָב֖וֹא,6,False,,
13011005,14,,Aber,וַיִּלְכֹּ֤ד,8,False,,
13011005,15,,David,דָּוִיד֙,9,False,,
13011005,16,,nahm,וַיִּלְכֹּ֤ד,8,False,,
13011005,17,,die,מְצֻדַ֣ת,11,True,,
13011005,18,,Burg,מְצֻדַ֣ת,11,False,,
13011005,19,,Zion,צִיּ֔וֹן,12,False,,
13011005,20,,ein,וַיִּלְכֹּ֤ד,8,True,,
13011005,21,,das,הִ֖יא,13,False,,
13011005,22,,ist,הִ֖יא,13,False,,
13011005,23,,die,עִ֥יר,14,True,,
13011005,24,,Stadt,עִ֥יר,14,False,,
13011005,25,,Davids,דָּוִֽיד׃,15,False,,
13011006,1,,Und,וַיֹּ֣אמֶר,1,False,,
13011006,2,,David,דָּוִ֔יד,2,False,,
13011006,3,,sprach,וַיֹּ֣אמֶר,1,False,,
13011006,4,,Wer,כָּל־,3,False,,
13011006,5,,die,מַכֵּ֤ה,4,True,,
13011006,6,,Jebusiter,יְבוּסִי֙,5,False,,
13011006,7,,zuerst,בָּרִ֣אשׁוֹנָ֔ה,6,False,,
13011006,8,,schlägt,מַכֵּ֤ה,4,False,,
13011006,9,,soll,יִהְיֶ֥ה,7,False,,
13011006,10,,Haupt,לְרֹ֖אשׁ,8,False,,
13011006,11,,und,וּלְשָׂ֑ר,9,False,,
13011006,12,,Oberster,וּלְשָׂ֑ר,9,False,,
13011006,13,,werden,יִהְיֶ֥ה,7,False,,
13011006,14,,Da,וַיַּ֧עַל,10,False,,
13011006,15,,stieg,וַיַּ֧עַל,10,False,,
13011006,16,,Joab,יוֹאָ֥ב,12,False,,
13011006,17,,der,בֶּן־,13,True,,
13011006,18,,Sohn,בֶּן־,13,False,,
13011006,19,,der,צְרוּיָ֖ה,14,True,,
13011006,20,,Zeruja,צְרוּיָ֖ה,14,False,,
13011006,21,,zuerst,בָּרִאשׁוֹנָ֛ה,11,False,,
13011006,22,,hinauf,וַיַּ֧עַל,10,False,,
13011006,23,,und,וַיְהִ֥י,15,False,,
13011006,24,,er,וַיְהִ֥י,15,False,,
13011006,25,,wurde,וַיְהִ֥י,15,False,,
13011006,26,,zum,לְרֹֽאשׁ׃,16,False,,
13011006,27,,Haupte,לְרֹֽאשׁ׃,16,False,,
13011007,1,,Und,וַיֵּ֥שֶׁב,1,False,,
13011007,2,,David,דָּוִ֖יד,2,False,,
13011007,3,,wohnte,וַיֵּ֥שֶׁב,1,False,,
13011007,4,,in,בַּמְצָ֑ד,3,False,,
13011007,5,,der,בַּמְצָ֑ד,3,True,,
13011007,6,,Burg,בַּמְצָ֑ד,3,False,,
13011007,7,,darum,עַל־,4,False,,
13011007,8,,nannte,קָרְאוּ־,6,False,,
13011007,9,,man,קָרְאוּ־,6,False,,
13011007,10,,sie,ל֖וֹ,7,False,,
13011007,11,,Stadt,עִ֥יר,8,False,,
13011007,12,,Davids,דָּוִֽיד׃,9,False,,
13011008,1,,Und,וַיִּ֤בֶן,1,False,,
13011008,2,,er,וַיִּ֤בֶן,1,False,,
13011008,3,,baute,וַיִּ֤בֶן,1,False,,
13011008,4,,die,הָעִיר֙,2,True,,
13011008,5,,Stadt,הָעִיר֙,2,False,,
13011008,6,,ringsum,מִסָּבִ֔יב,3,False,,
13011008,7,,von,מִן־,4,False,,
13011008,8,,dem,הַמִּלּ֖וֹא,5,True,,
13011008,9,,Millo,הַמִּלּ֖וֹא,5,False,,
13011008,10,,an,וְעַד־,6,False,,
13011008,11,,rund,הַסָּבִ֑יב,7,False,,
13011008,12,,umher,הַסָּבִ֑יב,7,False,,
13011008,13,,Und,וְיוֹאָ֕ב,8,False,,
13011008,14,,Joab,וְיוֹאָ֕ב,8,False,,
13011008,15,,erneuerte,יְחַיֶּ֖ה,9,False,,
13011008,16,,das,אֶת־,10,True,,
13011008,17,,Übrige,שְׁאָ֥ר,11,False,,
13011008,18,,der,הָעִֽיר׃,12,False,,
13011008,19,,Stadt,הָעִֽיר׃,12,False,,
13011009,1,,Und,וַיֵּ֥לֶךְ,1,False,,
13011009,2,,David,דָּוִ֖יד,2,False,,
13011009,3,,wurde,וַיֵּ֥לֶךְ,1,False,,
13011009,4,,immerfort,הָל֣וֹךְ,3,False,,
13011009,5,,größer,וְגָד֑וֹל,4,False,,
13011009,6,,und,וַיהוָ֥ה,5,False,,
13011009,7,,Jahwe,וַיהוָ֥ה,5,False,,
13011009,8,,der,צְבָא֖וֹת,6,True,,
13011009,9,,Heerscharen,צְבָא֖וֹת,6,False,,
13011009,10,,war,עִמּֽוֹ׃ פ,7,False,,
13011009,11,,mit,עִמּֽוֹ׃ פ,7,False,,
13011009,12,,ihm,עִמּֽוֹ׃ פ,7,False,,
13011010,1,,Und,וְאֵ֨לֶּה,1,False,,
13011010,2,,dies,וְאֵ֨לֶּה,1,False,,
13011010,3,,sind,וְאֵ֨לֶּה,1,True,,
13011010,4,,die,רָאשֵׁ֤י,2,True,,
13011010,5,,Häupter,רָאשֵׁ֤י,2,False,,
13011010,6,,der,הַגִּבּוֹרִים֙,3,True,,
13011010,7,,Helden,הַגִּבּוֹרִים֙,3,False,,
13011010,8,,welche,אֲשֶׁ֣ר,4,False,,
13011010,9,,David,לְדָוִ֔יד,5,False,,
13011010,10,,hatte,לְדָוִ֔יד,5,False,,
13011010,11,,die,עִמּ֧וֹ,7,True,,
13011010,12,,ihm,עִמּ֧וֹ,7,False,,
13011010,13,,mit,עִמּ֧וֹ,7,False,,
13011010,14,,ganz,כָּל־,10,False,,
13011010,15,,Israel,יִשְׂרָאֵ֖ל,11,False,,
13011010,16,,mutig,הַמִּתְחַזְּקִ֨ים,6,False,,
13011010,17,,beistanden,הַמִּתְחַזְּקִ֨ים,6,False,,
13011010,18,,in,בְמַלְכוּת֛וֹ,8,False,,
13011010,19,,seinem,בְמַלְכוּת֛וֹ,8,False,,
13011010,20,,Königtum,בְמַלְכוּת֛וֹ,8,False,,
13011010,21,,um,לְהַמְלִיכ֑וֹ,12,False,,
13011010,22,,ihn,לְהַמְלִיכ֑וֹ,12,False,,
13011010,23,,zum,לְהַמְלִיכ֑וֹ,12,False,,
13011010,24,,König,לְהַמְלִיכ֑וֹ,12,False,,
13011010,25,,zu,לְהַמְלִיכ֑וֹ,12,False,,
13011010,26,,machen,לְהַמְלִיכ֑וֹ,12,False,,
13011010,27,,nach,כִּדְבַ֥ר,13,False,,
13011010,28,,dem,כִּדְבַ֥ר,13,True,,
13011010,29,,Worte,כִּדְבַ֥ר,13,False,,
13011010,30,,Jahwes,יְהוָ֖ה,14,False,,
13011010,31,,über,עַל־,15,False,,
13011010,32,,Israel,יִשְׂרָאֵֽל׃ ס,16,False,,
13011011,1,,Und,וְאֵ֛לֶּה,1,False,,
13011011,2,,dies,וְאֵ֛לֶּה,1,False,,
13011011,3,,ist,וְאֵ֛לֶּה,1,True,,
13011011,4,,die,מִסְפַּ֥ר,2,True,,
13011011,5,,Zahl,מִסְפַּ֥ר,2,False,,
13011011,6,,der,הַגִּבֹּרִ֖ים,3,True,,
13011011,7,,Helden,הַגִּבֹּרִ֖ים,3,False,,
13011011,8,,welche,אֲשֶׁ֣ר,4,False,,
13011011,9,,David,לְדָוִ֑יד,5,False,,
13011011,10,,hatte,לְדָוִ֑יד,5,False,,
13011011,11,,Jaschobam,יָשָׁבְעָ֣ם,6,False,,
13011011,12,,der,בֶּן־,7,True,,
13011011,13,,Sohn,בֶּן־,7,False,,
13011011,14,,Hakmonis,חַכְמוֹנִ֗י,8,False,,
13011011,15,,das,רֹ֚אשׁ,9,True,,
13011011,16,,Haupt,רֹ֚אשׁ,9,False,,
13011011,17,,der,הַשָּׁ֣לִישִׁ֔ים,10,True,,
13011011,18,,Anführer,הַשָּׁ֣לִישִׁ֔ים,10,False,,
13011011,19,,er,הֽוּא־,11,False,,
13011011,20,,schwang,עוֹרֵ֧ר,12,False,,
13011011,21,,seinen,חֲנִית֛וֹ,14,False,,
13011011,22,,Speer,חֲנִית֛וֹ,14,False,,
13011011,23,,wider,עַל־,15,False,,
13011011,24,,dreihundert,שְׁלֹשׁ־,16,False,,
13011011,25,,die,מֵא֥וֹת,17,True,,
13011011,26,,er,חָלָ֖ל,18,True,,
13011011,27,,auf,בְּפַ֥עַם,19,False,,
13011011,28,,einmal,בְּפַ֥עַם,19,False,,
13011011,29,,erschlug,חָלָ֖ל,18,False,,
13011012,1,,Und,וְאַחֲרָ֛יו,1,False,,
13011012,2,,nach,וְאַחֲרָ֛יו,1,False,,
13011012,3,,ihm,וְאַחֲרָ֛יו,1,False,,
13011012,4,,Eleasar,אֶלְעָזָ֥ר,2,False,,
13011012,5,,der,בֶּן־,3,True,,
13011012,6,,Sohn,בֶּן־,3,False,,
13011012,7,,Dodos,דּוֹד֖וֹ,4,False,,
13011012,8,,der,הָאֲחוֹחִ֑י,5,True,,
13011012,9,,Achochiter,הָאֲחוֹחִ֑י,5,False,,
13011012,10,,er,ה֖וּא,6,False,,
13011012,11,,war,ה֖וּא,6,True,,
13011012,12,,unter,בִּשְׁלוֹשָׁ֥ה,7,False,,
13011012,13,,den,בִּשְׁלוֹשָׁ֥ה,7,False,,
13011012,14,,drei,בִּשְׁלוֹשָׁ֥ה,7,False,,
13011012,15,,Helden,הַגִּבֹּרִֽים׃,8,False,,
13011013,1,,Er,הֽוּא־,1,False,,
13011013,2,,war,הָיָ֨ה,2,False,,
13011013,3,,mit,עִם־,3,False,,
13011013,4,,David,דָּוִ֜יד,4,False,,
13011013,5,,zu,בַּפַּ֣ס,5,False,,
13011013,6,,Pas-Dammim,בַּפַּ֣ס,5,False,,
13011013,7,,als,וְהַפְּלִשְׁתִּים֙,7,False,,
13011013,8,,die,וְהַפְּלִשְׁתִּים֙,7,True,,
13011013,9,,Philister,וְהַפְּלִשְׁתִּים֙,7,False,,
13011013,10,,daselbst,שָׁ֣ם,9,False,,
13011013,11,,versammelt,נֶאֱסְפוּ־,8,False,,
13011013,12,,waren,נֶאֱסְפוּ־,8,False,,
13011013,13,,zum,לַמִּלְחָמָ֔ה,10,False,,
13011013,14,,Streit,לַמִּלְחָמָ֔ה,10,False,,
13011013,15,,Und,וַתְּהִ֛י,11,False,,
13011013,16,,dort,וַתְּהִ֛י,11,False,,
13011013,17,,war,וַתְּהִ֛י,11,False,,
13011013,18,,ein,חֶלְקַ֥ת,12,True,,
13011013,19,,Ackerstück,חֶלְקַ֥ת,12,False,,
13011013,20,,voll,מְלֵאָ֣ה,14,False,,
13011013,21,,Gerste,שְׂעוֹרִ֑ים,15,False,,
13011013,22,,und,וְהָעָ֥ם,16,False,,
13011013,23,,das,וְהָעָ֥ם,16,True,,
13011013,24,,Volk,וְהָעָ֥ם,16,False,,
13011013,25,,floh,נָ֖סוּ,17,False,,
13011013,26,,vor,מִפְּנֵ֥י,18,False,,
13011013,27,,den,מִפְּנֵ֥י,18,True,,
13011013,28,,Philistern,פְלִשְׁתִּֽים׃,19,False,,
13011014,1,,Da,וַיִּֽתְיַצְּב֤וּ,1,False,,
13011014,2,,stellten,וַיִּֽתְיַצְּב֤וּ,1,False,,
13011014,3,,sie,וַיִּֽתְיַצְּב֤וּ,1,False,,
13011014,4,,sich,וַיִּֽתְיַצְּב֤וּ,1,False,,
13011014,5,,mitten,בְתוֹךְ־,2,False,,
13011014,6,,auf,בְתוֹךְ־,2,False,,
13011014,7,,das,הַחֶלְקָה֙,3,True,,
13011014,8,,Stück,הַחֶלְקָה֙,3,False,,
13011014,9,,und,וַיַּצִּיל֔וּהָ,4,False,,
13011014,10,,retteten,וַיַּצִּיל֔וּהָ,4,False,,
13011014,11,,es,וַיַּצִּיל֔וּהָ,4,False,,
13011014,12,,und,וַיַּכּ֖וּ,5,False,,
13011014,13,,schlugen,וַיַּכּ֖וּ,5,False,,
13011014,14,,die,פְּלִשְׁתִּ֑ים,7,True,,
13011014,15,,Philister,פְּלִשְׁתִּ֑ים,7,False,,
13011014,16,,und,וַיּ֥וֹשַׁע,8,False,,
13011014,17,,Jahwe,יְהוָ֖ה,9,False,,
13011014,18,,schaffte,וַיּ֥וֹשַׁע,8,False,,
13011014,19,,eine,תְּשׁוּעָ֥ה,10,True,,
13011014,20,,große,תְּשׁוּעָ֥ה,10,False,,
13011014,21,,Rettung,תְּשׁוּעָ֥ה,10,False,,
13011015,1,,Und,וַיֵּרְד֡וּ,1,False,,
13011015,2,,drei,שְֽׁלוֹשָׁה֩,2,False,,
13011015,3,,von,מִן־,3,False,,
13011015,4,,den,הַשְּׁלוֹשִׁ֨ים,4,True,,
13011015,5,,dreißig,הַשְּׁלוֹשִׁ֨ים,4,False,,
13011015,6,,Häuptern,רֹ֤אשׁ,5,False,,
13011015,7,,ging,וַיֵּרְד֡וּ,1,False,,
13011015,8,,zu,עַל־,6,False,,
13011015,9,,dem,הַצֻּר֙,7,True,,
13011015,10,,Felsen,הַצֻּר֙,7,False,,
13011015,11,,hinab,וַיֵּרְד֡וּ,1,False,,
13011015,12,,zu,אֶל־,8,False,,
13011015,13,,David,דָּוִ֔יד,9,False,,
13011015,14,,in,אֶל־,10,False,,
13011015,15,,die,מְעָרַ֖ת,11,True,,
13011015,16,,Höhle,מְעָרַ֖ת,11,False,,
13011015,17,,Adullam,עֲדֻלָּ֑ם,12,False,,
13011015,18,,und,וּמַחֲנֵ֣ה,13,False,,
13011015,19,,das,וּמַחֲנֵ֣ה,13,True,,
13011015,20,,Heer,וּמַחֲנֵ֣ה,13,False,,
13011015,21,,der,פְלִשְׁתִּ֔ים,14,True,,
13011015,22,,Philister,פְלִשְׁתִּ֔ים,14,False,,
13011015,23,,lagerte,חֹנָ֖ה,15,False,,
13011015,24,,im,בְּעֵ֥מֶק,16,False,,
13011015,25,,Tale,בְּעֵ֥מֶק,16,False,,
13011015,26,,Rephaim,רְפָאִֽים׃,17,False,,
13011016,1,,David,וְדָוִ֖יד,1,False,,
13011016,2,,aber,וְדָוִ֖יד,1,False,,
13011016,3,,war,אָ֣ז,2,False,,
13011016,4,,damals,אָ֣ז,2,False,,
13011016,5,,auf,בַּמְּצוּדָ֑ה,3,False,,
13011016,6,,der,בַּמְּצוּדָ֑ה,3,True,,
13011016,7,,Bergfeste,בַּמְּצוּדָ֑ה,3,False,,
13011016,8,,und,וּנְצִ֣יב,4,False,,
13011016,9,,eine,וּנְצִ֣יב,4,True,,
13011016,10,,Aufstellung,וּנְצִ֣יב,4,False,,
13011016,11,,der,פְּלִשְׁתִּ֔ים,5,True,,
13011016,12,,Philister,פְּלִשְׁתִּ֔ים,5,False,,
13011016,13,,war,אָ֖ז,6,False,,
13011016,14,,damals,אָ֖ז,6,False,,
13011016,15,,zu,בְּבֵ֥ית,7,False,,
13011016,16,,Bethlehem,בְּבֵ֥ית,7,False,,
13011017,1,,Und,וַיִּתְאָ֥יו,1,False,,
13011017,2,,David,דָּוִ֖יד,2,False,,
13011017,3,,hatte,וַיִּתְאָ֥יו,1,False,,
13011017,4,,ein,וַיִּתְאָ֥יו,1,True,,
13011017,5,,Gelüste,וַיִּתְאָ֥יו,1,False,,
13011017,6,,und,וַיֹּאמַ֑ר,3,False,,
13011017,7,,sprach,וַיֹּאמַ֑ר,3,False,,
13011017,8,,Wer,מִ֚י,4,False,,
13011017,9,,wird,יַשְׁקֵ֣נִי,5,False,,
13011017,10,,mich,יַשְׁקֵ֣נִי,5,False,,
13011017,11,,mit,יַשְׁקֵ֣נִי,5,False,,
13011017,12,,Wasser,מַ֔יִם,6,False,,
13011017,13,,tränken,יַשְׁקֵ֣נִי,5,False,,
13011017,14,,aus,מִבּ֥וֹר,7,False,,
13011017,15,,der,מִבּ֥וֹר,7,True,,
13011017,16,,Cisterne,מִבּ֥וֹר,7,False,,
13011017,17,,zu,בֵּֽית־,8,False,,
13011017,18,,Bethlehem,בֵּֽית־,8,False,,
13011017,19,,die,אֲשֶׁ֥ר,10,False,,
13011017,20,,am,בַּשָּֽׁעַר׃,11,False,,
13011017,21,,Tore,בַּשָּֽׁעַר׃,11,False,,
13011017,22,,ist,בַּשָּֽׁעַר׃,11,False,,
13011018,1,,Da,וַיִּבְקְע֨וּ,1,False,,
13011018,2,,brachen,וַיִּבְקְע֨וּ,1,False,,
13011018,3,,die,הַשְּׁלֹשָׁ֜ה,2,True,,
13011018,4,,Drei,הַשְּׁלֹשָׁ֜ה,2,False,,
13011018,5,,durch,בְּמַחֲנֵ֣ה,3,False,,
13011018,6,,das,בְּמַחֲנֵ֣ה,3,True,,
13011018,7,,Lager,בְּמַחֲנֵ֣ה,3,False,,
13011018,8,,der,פְלִשְׁתִּ֗ים,4,True,,
13011018,9,,Philister,פְלִשְׁתִּ֗ים,4,False,,
13011018,10,,und,וַיִּֽשְׁאֲבוּ־,5,False,,
13011018,11,,schöpften,וַיִּֽשְׁאֲבוּ־,5,False,,
13011018,12,,Wasser,מַ֙יִם֙,6,False,,
13011018,13,,aus,מִבּ֤וֹר,7,False,,
13011018,14,,der,מִבּ֤וֹר,7,True,,
13011018,15,,Cisterne,מִבּ֤וֹר,7,False,,
13011018,16,,von,בֵּֽית־,8,False,,
13011018,17,,Bethlehem,בֵּֽית־,8,False,,
13011018,18,,die,אֲשֶׁ֣ר,10,False,,
13011018,19,,am,בַּשַּׁ֔עַר,11,False,,
13011018,20,,Tore,בַּשַּׁ֔עַר,11,False,,
13011018,21,,ist,בַּשַּׁ֔עַר,11,False,,
13011018,22,,und,וַיִּשְׂא֖וּ,12,False,,
13011018,23,,trugen,וַיִּשְׂא֖וּ,12,False,,
13011018,24,,und,וַיָּבִ֣אוּ,13,False,,
13011018,25,,brachten,וַיָּבִ֣אוּ,13,False,,
13011018,26,,es,וַיָּבִ֣אוּ,13,False,,
13011018,27,,zu,אֶל־,14,False,,
13011018,28,,David,דָּוִ֑יד,15,False,,
13011018,29,,Aber,וְלֹֽא־,16,False,,
13011018,30,,David,דָוִיד֙,18,False,,
13011018,31,,wollte,אָבָ֤ה,17,False,,
13011018,32,,es,לִשְׁתּוֹתָ֔ם,19,False,,
13011018,33,,nicht,וְלֹֽא־,16,False,,
13011018,34,,trinken,לִשְׁתּוֹתָ֔ם,19,False,,
13011018,35,,und,וַיְנַסֵּ֥ךְ,20,False,,
13011018,36,,goß,וַיְנַסֵּ֥ךְ,20,False,,
13011018,37,,es,אֹתָ֖ם,21,False,,
13011018,38,,aus,וַיְנַסֵּ֥ךְ,20,False,,
13011018,39,,als,לַיהוָֽה׃,22,False,,
13011018,40,,Trankopfer,לַיהוָֽה׃,22,False,,
13011018,41,,dem,לַיהוָֽה׃,22,True,,
13011018,42,,Jahwe,לַיהוָֽה׃,22,False,,
13011019,1,,und,וַיֹּ֡אמֶר,1,False,,
13011019,2,,er,וַיֹּ֡אמֶר,1,False,,
13011019,3,,sprach,וַיֹּ֡אמֶר,1,False,,
13011019,4,,Das,חָלִילָה֩,2,False,,
13011019,5,,lasse,חָלִילָה֩,2,False,,
13011019,6,,mein,לִּ֨י,3,False,,
13011019,7,,Gott,מֵאֱלֹהַ֜י,4,False,,
13011019,8,,fern,חָלִילָה֩,2,False,,
13011019,9,,von,מֵעֲשׂ֣וֹת,5,False,,
13011019,10,,mir,לִּ֨י,3,False,,
13011019,11,,sein,חָלִילָה֩,2,False,,
13011019,12,,daß,מֵעֲשׂ֣וֹת,5,False,,
13011019,13,,ich,מֵעֲשׂ֣וֹת,5,False,,
13011019,14,,solches,זֹ֗את,6,False,,
13011019,15,,tue,מֵעֲשׂ֣וֹת,5,False,,
13011019,16,,Sollte,הֲדַ֣ם,7,False,,
13011019,17,,ich,אֶשְׁתֶּ֤ה,10,False,,
13011019,18,,das,הֲדַ֣ם,7,False,,
13011019,19,,Blut,הֲדַ֣ם,7,False,,
13011019,20,,dieser,הָאֵ֨לֶּה,9,False,,
13011019,21,,Männer,הָאֲנָשִׁים֩,8,False,,
13011019,22,,trinken,אֶשְׁתֶּ֤ה,10,False,,
13011019,23,,die,בְנַפְשׁוֹתָם֙,11,False,,
13011019,24,,mit,בְנַפְשׁוֹתָם֙,11,False,,
13011019,25,,Gefahr,בְנַפְשׁוֹתָם֙,11,False,,
13011019,26,,ihres,בְנַפְשׁוֹתָם֙,11,False,,
13011019,27,,Lebens,בְנַפְשׁוֹתָם֙,11,False,,
13011019,28,,hingegangen,הֱבִיא֔וּם,14,False,,
13011019,29,,sind,הֱבִיא֔וּם,14,False,,
13011019,30,,Denn,כִּ֣י,12,False,,
13011019,31,,mit,בְנַפְשׁוֹתָ֣ם,13,False,,
13011019,32,,Gefahr,בְנַפְשׁוֹתָ֣ם,13,False,,
13011019,33,,ihres,בְנַפְשׁוֹתָ֣ם,13,False,,
13011019,34,,Lebens,בְנַפְשׁוֹתָ֣ם,13,False,,
13011019,35,,haben,הֱבִיא֔וּם,14,False,,
13011019,36,,sie,הֱבִיא֔וּם,14,False,,
13011019,37,,es,הֱבִיא֔וּם,14,False,,
13011019,38,,gebracht,הֱבִיא֔וּם,14,False,,
13011019,39,,Und,וְלֹ֥א,15,False,,
13011019,40,,er,וְלֹ֥א,15,False,,
13011019,41,,wollte,אָבָ֖ה,16,False,,
13011019,42,,es,לִשְׁתּוֹתָ֑ם,17,False,,
13011019,43,,nicht,וְלֹ֥א,15,False,,
13011019,44,,trinken,לִשְׁתּוֹתָ֑ם,17,False,,
13011019,45,,Das,אֵ֣לֶּה,18,False,,
13011019,46,,taten,עָשׂ֔וּ,19,False,,
13011019,47,,die,שְׁלֹ֖שֶׁת,20,True,,
13011019,48,,drei,שְׁלֹ֖שֶׁת,20,False,,
13011019,49,,Helden,הַגִּבּוֹרִֽים׃,21,False,,
13011020,1,,Und,וְאַבְשַׁ֣י,1,False,,
13011020,2,,Abisai,וְאַבְשַׁ֣י,1,False,,
13011020,3,,der,אֲחִֽי־,2,True,,
13011020,4,,Bruder,אֲחִֽי־,2,False,,
13011020,5,,Joabs,יוֹאָ֗ב,3,False,,
13011020,6,,dieser,ה֤וּא,4,False,,
13011020,7,,war,הָיָה֙,5,False,,
13011020,8,,ein,רֹ֣אשׁ,6,True,,
13011020,9,,Haupt,רֹ֣אשׁ,6,False,,
13011020,10,,der,הַשְּׁלוֹשָׁ֔ה,7,True,,
13011020,11,,Drei,הַשְּׁלוֹשָׁ֔ה,7,False,,
13011020,12,,Und,וְהוּא֙,8,False,,
13011020,13,,er,וְהוּא֙,8,False,,
13011020,14,,schwang,עוֹרֵ֣ר,9,False,,
13011020,15,,seinen,חֲנִית֔וֹ,11,False,,
13011020,16,,Speer,חֲנִית֔וֹ,11,False,,
13011020,17,,wider,עַל־,12,False,,
13011020,18,drei,dreihundert,שְׁלֹ֥שׁ,13,True,,
13011020,18,,dreihundert,מֵא֖וֹת,14,False,,
13011020,19,,die,חָלָ֑ל,15,True,,
13011020,20,,er,חָלָ֑ל,15,True,,
13011020,21,,erschlug,חָלָ֑ל,15,False,,
13011020,22,,und,וְלוֹ,16,False,,
13011020,23,,er,וְלוֹ,16,False,,
13011020,24,,hatte,וְלוֹ,16,False,,
13011020,25,,einen,שֵׁ֖ם,17,True,,
13011020,26,,Namen,שֵׁ֖ם,17,False,,
13011020,27,,unter,בַּשְּׁלוֹשָֽׁה׃,18,False,,
13011020,28,,den,בַּשְּׁלוֹשָֽׁה׃,18,True,,
13011020,29,,Dreien,בַּשְּׁלוֹשָֽׁה׃,18,False,,
13011021,1,,Vor,מִן־,1,False,,
13011021,2,,den,הַשְּׁלוֹשָׁ֤ה,2,True,,
13011021,3,,Dreien,הַשְּׁלוֹשָׁ֤ה,2,False,,
13011021,4,,war,נִכְבָּ֔ד,4,False,,
13011021,5,,er,נִכְבָּ֔ד,4,False,,
13011021,6,,geehrt,נִכְבָּ֔ד,4,False,,
13011021,7,,neben,בַשְּׁנַ֙יִם֙,3,False,,
13011021,8,,den,בַשְּׁנַ֙יִם֙,3,True,,
13011021,9,,Zweien,בַשְּׁנַ֙יִם֙,3,False,,
13011021,10,,so,וַיְהִ֥י,5,False,,
13011021,11,,daß,וַיְהִ֥י,5,False,,
13011021,12,,er,וַיְהִ֥י,5,False,,
13011021,13,,ihr,לָהֶ֖ם,6,False,,
13011021,14,,Oberster,לְשָׂ֑ר,7,False,,
13011021,15,,wurde,וַיְהִ֥י,5,False,,
13011021,16,,aber,לֹֽא־,10,False,,
13011021,17,,an,וְעַד־,8,False,,
13011021,18,,die,הַשְּׁלוֹשָׁ֖ה,9,True,,
13011021,19,,ersten,הַשְּׁלוֹשָׁ֖ה,9,True,,
13011021,20,,Drei,הַשְּׁלוֹשָׁ֖ה,9,False,,
13011021,21,,reichte,לֹֽא־,10,False,,
13011021,22,,er,לֹֽא־,10,False,,
13011021,23,,nicht,לֹֽא־,10,False,,
13011022,1,,Benaja,בְּנָיָ֨ה,1,False,,
13011022,2,,der,בֶן־,2,True,,
13011022,3,,Sohn,בֶן־,2,False,,
13011022,4,,Jojadas,יְהוֹיָדָ֧ע,3,False,,
13011022,5,,der,בֶּן־,4,True,,
13011022,6,,Sohn,בֶּן־,4,False,,
13011022,7,,eines,אִֽישׁ־,5,True,,
13011022,8,,tapferen,חַ֛יִל,6,False,,
13011022,9,,Mannes,אִֽישׁ־,5,False,,
13011022,10,,groß,רַב־,7,False,,
13011022,11,,an,פְּעָלִ֖ים,8,False,,
13011022,12,,Taten,פְּעָלִ֖ים,8,False,,
13011022,13,,von,מִֽן־,9,False,,
13011022,14,,Kabzeel,קַבְצְאֵ֑ל,10,False,,
13011022,15,,selbiger,ה֣וּא,11,False,,
13011022,16,,erschlug,הִכָּ֗ה,12,False,,
13011022,17,,zwei,שְׁנֵ֤י,14,False,,
13011022,18,,Löwen,אֲרִיאֵל֙,15,False,,
13011022,19,,von,מוֹאָ֔ב,16,False,,
13011022,20,,Moab,מוֹאָ֔ב,16,False,,
13011022,21,,Und,וְ֠הוּא,17,False,,
13011022,22,,er,וְ֠הוּא,17,False,,
13011022,23,,stieg,יָרַ֞ד,18,False,,
13011022,24,,hinab,יָרַ֞ד,18,False,,
13011022,25,,und,וְהִכָּ֧ה,19,False,,
13011022,26,,erschlug,וְהִכָּ֧ה,19,False,,
13011022,27,,den,הָאֲרִ֛י,21,True,,
13011022,28,,Löwen,הָאֲרִ֛י,21,False,,
13011022,29,,in,בְּת֥וֹךְ,22,False,,
13011022,30,,der,הַבּ֖וֹר,23,True,,
13011022,31,,Grube,הַבּ֖וֹר,23,False,,
13011022,32,,an,בְּי֥וֹם,24,False,,
13011022,33,,einem,בְּי֥וֹם,24,True,,
13011022,34,,Schneetage,הַשָּֽׁלֶג׃,25,False,,
13011023,1,,Und,וְהֽוּא־,1,False,,
13011023,2,,er,וְהֽוּא־,1,False,,
13011023,3,,war,וְהֽוּא־,1,True,,
13011023,4,,es,הִכָּה֩,2,False,,
13011023,5,,der,אֶת־,3,True,,
13011023,6,,den,אֶת־,3,True,,
13011023,7,,ägyptischen,הַמִּצְרִ֜י,5,False,,
13011023,8,,Mann,הָאִ֨ישׁ,4,False,,
13011023,9,,erschlug,הִכָּה֩,2,False,,
13011023,10,,einen,אִ֥ישׁ,6,True,,
13011023,11,,Mann,אִ֥ישׁ,6,False,,
13011023,12,,von,מִדָּ֣ה׀,7,False,,
13011023,13,,fünf,חָמֵ֣שׁ,8,False,,
13011023,14,,Ellen,בָּאַמָּ֗ה,9,False,,
13011023,15,,Länge,בָּאַמָּ֗ה,9,True,,
13011023,16,,Und,וּבְיַ֨ד,10,False,,
13011023,17,,der,הַמִּצְרִ֤י,11,True,,
13011023,18,,Ägypter,הַמִּצְרִ֤י,11,False,,
13011023,19,,hatte,חֲנִית֙,12,False,,
13011023,20,,einen,חֲנִית֙,12,True,,
13011023,21,,Speer,חֲנִית֙,12,False,,
13011023,22,,in,וּבְיַ֨ד,10,True,,
13011023,23,,der,וּבְיַ֨ד,10,True,,
13011023,24,,Hand,וּבְיַ֨ד,10,False,,
13011023,25,,wie,כִּמְנ֣וֹר,13,False,,
13011023,26,,einen,כִּמְנ֣וֹר,13,True,,
13011023,27,,Weberbaum,אֹרְגִ֔ים,14,False,,
13011023,28,,er,וַיֵּ֥רֶד,15,False,,
13011023,29,,aber,וַיֵּ֥רֶד,15,True,,
13011023,30,,ging,וַיֵּ֥רֶד,15,False,,
13011023,31,,zu,אֵלָ֖יו,16,False,,
13011023,32,,ihm,אֵלָ֖יו,16,False,,
13011023,33,,hinab,אֵלָ֖יו,16,True,,
13011023,34,,mit,בַּשָּׁ֑בֶט,17,False,,
13011023,35,,einem,בַּשָּׁ֑בֶט,17,True,,
13011023,36,,Stabe,בַּשָּׁ֑בֶט,17,False,,
13011023,37,,und,וַיִּגְזֹ֤ל,18,False,,
13011023,38,,riß,וַיִּגְזֹ֤ל,18,False,,
13011023,39,,dem,אֶֽת־,19,True,,
13011023,40,,Ägypter,הַמִּצְרִ֔י,22,False,,
13011023,41,,den,אֶֽת־,19,True,,
13011023,42,,Speer,הַחֲנִית֙,20,False,,
13011023,43,,aus,מִיַּ֣ד,21,False,,
13011023,44,,der,מִיַּ֣ד,21,True,,
13011023,45,,Hand,מִיַּ֣ד,21,False,,
13011023,46,,und,וַיַּהַרְגֵ֖הוּ,23,False,,
13011023,47,,tötete,וַיַּהַרְגֵ֖הוּ,23,False,,
13011023,48,,ihn,וַיַּהַרְגֵ֖הוּ,23,False,,
13011023,49,,mit,בַּחֲנִיתֽוֹ׃,24,False,,
13011023,50,,seinem,בַּחֲנִיתֽוֹ׃,24,False,,
13011023,51,,eigenen,בַּחֲנִיתֽוֹ׃,24,True,,
13011023,52,,Speere,בַּחֲנִיתֽוֹ׃,24,False,,
13011024,1,,Das,אֵ֣לֶּה,1,False,,
13011024,2,,tat,עָשָׂ֔ה,2,False,,
13011024,3,,Benaja,בְּנָיָ֖הוּ,3,False,,
13011024,4,,der,בֶּן־,4,True,,
13011024,5,,Sohn,בֶּן־,4,False,,
13011024,6,,Jojadas,יְהוֹיָדָ֑ע,5,False,,
13011024,7,,und,וְלוֹ־,6,False,,
13011024,8,,er,וְלוֹ־,6,False,,
13011024,9,,hatte,וְלוֹ־,6,True,,
13011024,10,,einen,שֵׁ֖ם,7,True,,
13011024,11,,Namen,שֵׁ֖ם,7,False,,
13011024,12,,unter,בִּשְׁלוֹשָׁ֥ה,8,False,,
13011024,13,,den,בִּשְׁלוֹשָׁ֥ה,8,True,,
13011024,14,,drei,בִּשְׁלוֹשָׁ֥ה,8,False,,
13011024,15,,Helden,הַגִּבֹּרִֽים׃,9,False,,
13011025,1,,Vor,מִן־,1,False,,
13011025,2,,den,הַשְּׁלוֹשִׁ֗ים,2,True,,
13011025,3,,Dreißigen,הַשְּׁלוֹשִׁ֗ים,2,False,,
13011025,4,,siehe,הִנּ֤וֹ,3,False,,
13011025,5,,war,ה֔וּא,5,False,,
13011025,6,,er,ה֔וּא,5,False,,
13011025,7,,geehrt,נִכְבָּד֙,4,False,,
13011025,8,,aber,וְאֶל־,6,False,,
13011025,9,,an,וְאֶל־,6,False,,
13011025,10,,die,הַשְּׁלוֹשָׁ֖ה,7,True,,
13011025,11,,ersten,הַשְּׁלוֹשָׁ֖ה,7,False,,
13011025,12,,Drei,הַשְּׁלוֹשָׁ֖ה,7,False,,
13011025,13,,reichte,בָ֑א,9,False,,
13011025,14,,er,בָ֑א,9,False,,
13011025,15,,nicht,לֹא־,8,False,,
13011025,16,,Und,וַיְשִׂימֵ֥הוּ,10,False,,
13011025,17,,David,דָוִ֖יד,11,False,,
13011025,18,,setzte,וַיְשִׂימֵ֥הוּ,10,False,,
13011025,19,,ihn,וַיְשִׂימֵ֥הוּ,10,False,,
13011025,20,,in,עַל־,12,False,,
13011025,21,,seinen,מִשְׁמַעְתּֽוֹ׃ ס,13,False,,
13011025,22,,geheimen,מִשְׁמַעְתּֽוֹ׃ ס,13,True,,
13011025,23,,Rat,מִשְׁמַעְתּֽוֹ׃ ס,13,False,,
13011026,1,,Und,וְגִבּוֹרֵ֖י,1,False,,
13011026,2,,die,וְגִבּוֹרֵ֖י,1,True,,
13011026,3,,Helden,וְגִבּוֹרֵ֖י,1,False,,
13011026,4,,der,הַחֲיָלִ֑ים,2,True,,
13011026,5,,Heere,הַחֲיָלִ֑ים,2,False,,
13011026,6,,waren,עֲשָׂה־,3,False,,
13011026,7,,Asael,עֲשָׂה־,3,False,,
13011026,8,,der,אֵל֙,4,False,,
13011026,9,,Bruder,אֲחִ֣י,5,False,,
13011026,10,,Joabs,יוֹאָ֔ב,6,False,,
13011026,11,,Elchanan,אֶלְחָנָ֥ן,7,False,,
13011026,12,,der,בֶּן־,8,True,,
13011026,13,,Sohn,בֶּן־,8,False,,
13011026,14,,Dodos,דּוֹד֖וֹ,9,False,,
13011026,15,,von,מִבֵּ֥ית,10,False,,
13011026,16,,Bethlehem,לָֽחֶם׃ ס,11,False,,
13011027,1,,Schammoth,שַׁמּוֹת֙,1,False,,
13011027,2,,der,הַהֲרוֹרִ֔י,2,True,,
13011027,3,,Haroriter,הַהֲרוֹרִ֔י,2,False,,
13011027,4,,Helez,חֶ֖לֶץ,3,False,,
13011027,5,,der,הַפְּלוֹנִֽי׃ ס,4,True,,
13011027,6,,Peloniter,הַפְּלוֹנִֽי׃ ס,4,False,,
13011028,1,,Ira,עִירָ֤א,1,False,,
13011028,2,,der,בֶן־,2,True,,
13011028,3,,Sohn,בֶן־,2,False,,
13011028,4,,Ikkesch,עִקֵּשׁ֙,3,False,,
13011028,5,,der,הַתְּקוֹעִ֔י,4,True,,
13011028,6,,Tekoiter,הַתְּקוֹעִ֔י,4,False,,
13011028,7,,Abieser,אֲבִיעֶ֖זֶר,5,False,,
13011028,8,,der,הָעֲנְּתוֹתִֽי׃ ס,6,True,,
13011028,9,,Annethotiter,הָעֲנְּתוֹתִֽי׃ ס,6,False,,
13011029,1,,Sibbekai,סִבְּכַי֙,1,False,,
13011029,2,,der,הַחֻ֣שָׁתִ֔י,2,True,,
13011029,3,,Huschathiter,הַחֻ֣שָׁתִ֔י,2,False,,
13011029,4,,Ilai,עִילַ֖י,3,False,,
13011029,5,,der,הָאֲחוֹחִֽי׃ ס,4,True,,
13011029,6,,Achochiter,הָאֲחוֹחִֽי׃ ס,4,False,,
13011030,1,,Maharai,מַהְרַי֙,1,False,,
13011030,2,,der,הַנְּטֹ֣פָתִ֔י,2,True,,
13011030,3,,Netophathiter,הַנְּטֹ֣פָתִ֔י,2,False,,
13011030,4,,Heled,חֵ֥לֶד,3,False,,
13011030,5,,der,בֶּֽן־,4,True,,
13011030,6,,Sohn,בֶּֽן־,4,False,,
13011030,7,,Baanas,בַּֽעֲנָ֖ה,5,False,,
13011030,8,,der,הַנְּטוֹפָתִֽי׃ ס,6,True,,
13011030,9,,Netophathiter,הַנְּטוֹפָתִֽי׃ ס,6,False,,
13011031,1,,Ittai,אִיתַ֣י,1,False,,
13011031,2,,der,בֶּן־,2,True,,
13011031,3,,Sohn,בֶּן־,2,False,,
13011031,4,,Ribais,רִיבַ֗י,3,False,,
13011031,5,,von,מִגִּבְעַת֙,4,False,,
13011031,6,,Gibea,מִגִּבְעַת֙,4,False,,
13011031,7,,der,בְּנֵ֣י,5,True,,
13011031,8,,Kinder,בְּנֵ֣י,5,False,,
13011031,9,,Benjamin,בִנְיָמִ֔ן ס,6,False,,
13011031,10,,Benaja,בְּנָיָ֖ה,7,False,,
13011031,11,,der,הַפִּרְעָתֹנִֽי׃,8,True,,
13011031,12,,Pirhathoniter,הַפִּרְעָתֹנִֽי׃,8,False,,
13011032,1,,Hurai,חוּרַי֙,1,False,,
13011032,2,,von,מִנַּ֣חֲלֵי,2,False,,
13011032,3,,den,מִנַּ֣חֲלֵי,2,True,,
13011032,4,,Bächen,מִנַּ֣חֲלֵי,2,False,,
13011032,5,,Gaasch,גָ֔עַשׁ ס,3,False,,
13011032,6,,Abiel,אֲבִיאֵ֖ל,4,False,,
13011032,7,,der,הָעַרְבָתִֽי׃ ס,5,True,,
13011032,8,,Arbathiter,הָעַרְבָתִֽי׃ ס,5,False,,
13011033,1,,Asmaweth,עַזְמָ֙וֶת֙,1,False,,
13011033,2,,der,,,True,3,Bacharumiter
13011033,3,,Bacharumiter,הַבַּ֣חֲרוּמִ֔י,2,False,,
13011033,4,,Eljachba,אֶלְיַחְבָּ֖א,3,False,,
13011033,5,,der,,,True,6,Schaalboniter
13011033,6,,Schaalboniter,הַשַּׁעַלְבֹנִֽי׃ ס,4,False,,
13011034,1,,Bne-Haschem,בְּנֵ֗י,1,False,,
13011034,2,,der,,,True,3,Gisoniter
13011034,3,,Gisoniter,הַגִּ֣זוֹנִ֔י,3,False,,
13011034,4,,Jonathan,יוֹנָתָ֥ן,4,False,,
13011034,5,,der,,,True,6,Sohn
13011034,6,,Sohn,בֶּן־,5,False,,
13011034,7,,Schages,שָׁגֵ֖ה,6,False,,
13011034,8,,der,,,True,9,Harariter
13011034,9,,Harariter,הַהֲרָרִֽי׃ ס,7,False,,
13011035,1,,Achiam,אֲחִיאָ֧ם,1,False,,
13011035,2,,der,,,True,3,Sohn
13011035,3,,Sohn,בֶּן־,2,False,,
13011035,4,,Sakars,שָׂכָ֛ר,3,False,,
13011035,5,,der,,,True,6,Harariter
13011035,6,,Harariter,הַהֲרָרִ֖י,4,False,,
13011035,7,,Eliphal,אֱלִיפַ֥ל,5,False,,
13011035,8,,der,,,True,9,Sohn
13011035,9,,Sohn,בֶּן־,6,False,,
13011035,10,,Urs,אֽוּר׃ ס,7,False,,
13011036,1,,Hepher,חֵ֚פֶר,1,False,,
13011036,2,,der,,,True,3,Mekerathiter
13011036,3,,Mekerathiter,הַמְּכֵ֣רָתִ֔י,2,False,,
13011036,4,,Achija,אֲחִיָּ֖ה,3,False,,
13011036,5,,der,,,True,6,Peloniter
13011036,6,,Peloniter,הַפְּלֹנִֽי׃ ס,4,False,,
13011037,1,,Hezro,חֶצְרוֹ֙,1,False,,
13011037,2,,der,,,True,3,Karmeliter
13011037,3,,Karmeliter,הַֽכַּרְמְלִ֔י,2,False,,
13011037,4,,Naarai,נַעֲרַ֖י,3,False,,
13011037,5,,der,,,True,6,Sohn
13011037,6,,Sohn,בֶּן־,4,False,,
13011037,7,,Esbais,אֶזְבָּֽי׃ ס,5,False,,
13011038,1,,Joel,יוֹאֵל֙,1,False,,
13011038,2,,der,,,True,3,Bruder
13011038,3,,Bruder,אֲחִ֣י,2,False,,
13011038,4,,Nathans,נָתָ֔ן,3,False,,
13011038,5,,Mibchar,מִבְחָ֖ר,4,False,,
13011038,6,,der,,,True,7,Sohn
13011038,7,,Sohn,בֶּן־,5,False,,
13011038,8,,Hagris,הַגְרִֽי׃ ס,6,False,,
13011039,1,,Zelek,צֶ֖לֶק,1,False,,
13011039,2,,der,,,True,3,Ammoniter
13011039,3,,Ammoniter,הָעַמּוֹנִ֑י,2,False,,
13011039,4,,Nacharai,נַחְרַי֙,3,False,,
13011039,5,,der,,,True,6,Beerothiter
13011039,6,,Beerothiter,הַבֵּ֣רֹתִ֔י,4,False,,
13011039,7,,der,,,True,8,Waffenträger
13011039,8,,Waffenträger,נֹשֵׂ֕א,5,False,,
13011039,8,,Waffenträger,כְּלֵ֖י,6,False,,
13011039,9,,Joabs,יוֹאָ֥ב,7,False,,
13011039,10,,des,,,True,11,Sohnes
13011039,11,,Sohnes,בֶּן־,8,False,,
13011039,12,,der,,,True,13,Zeruja
13011039,13,,Zeruja,צְרוּיָֽה׃ ס,9,False,,
13011040,1,,Ira,עִירָא֙,1,False,,
13011040,2,,der,,,True,3,Jithriter
13011040,3,,Jithriter,הַיִּתְרִ֔י,2,False,,
13011040,4,,Gareb,גָּרֵ֖ב,3,False,,
13011040,5,,der,,,True,6,Jithriter
13011040,6,,Jithriter,הַיִּתְרִֽי׃ ס,4,False,,
13011041,1,,Urija,אֽוּרִיָּה֙,1,False,,
13011041,2,,der,,,True,3,Hethiter
13011041,3,,Hethiter,הַחִתִּ֔י,2,False,,
13011041,4,,Sabad,זָבָ֖ד,3,False,,
13011041,5,,der,,,True,6,Sohn
13011041,6,,Sohn,בֶּן־,4,False,,
13011041,7,,Achlais,אַחְלָֽי׃ ס,5,False,,
13011042,1,,Adina,עֲדִינָ֨א,1,False,,
13011042,2,,der,,,True,3,Sohn
13011042,3,,Sohn,בֶן־,2,False,,
13011042,4,,Schisas,שִׁיזָ֜א,3,False,,
13011042,5,,der,,,True,6,Rubeniter
13011042,6,,Rubeniter,הָרֽאוּבֵנִ֗י,4,False,,
13011042,7,,ein,,,True,8,Haupt
13011042,8,,Haupt,רֹ֛אשׁ,5,False,,
13011042,9,,der,,,True,10,Rubeniter
13011042,10,,Rubeniter,לָרֽאוּבֵנִ֖י,6,False,,
13011042,11,,und,,,True,12,dreißig
13011042,12,,dreißig,שְׁלוֹשִֽׁים׃ ס,8,False,,
13011042,13,,bei,,,True,14,ihm
13011042,14,,ihm,וְעָלָ֥יו,7,False,,
13011043,1,,Hanan,חָנָן֙,1,False,,
13011043,2,,der,בֶּֽן־,2,False,,
13011043,3,,Sohn,בֶּֽן־,2,False,,
13011043,4,,Maakas,מַעֲכָ֔ה,3,False,,
13011043,5,,und,וְיוֹשָׁפָ֖ט,4,False,,
13011043,6,,Josaphat,וְיוֹשָׁפָ֖ט,4,False,,
13011043,7,,der,הַמִּתְנִֽי׃ ס,5,False,,
13011043,8,,Mithniter,הַמִּתְנִֽי׃ ס,5,False,,
13011044,1,,Ussija,עֻזִיָּ֖א,1,False,,
13011044,2,,der,הָעֲשְׁתְּרָתִ֑י,2,False,,
13011044,3,,Aschterothiter,הָעֲשְׁתְּרָתִ֑י,2,False,,
13011044,4,,Schama,שָׁמָע֙,3,False,,
13011044,5,,und,וִֽיעִיאֵ֔ל,4,False,,
13011044,6,,Jeghiel,וִֽיעִיאֵ֔ל,4,False,,
13011044,7,,die,בְּנֵ֖י,5,False,,
13011044,8,,Söhne,בְּנֵ֖י,5,False,,
13011044,9,,Hothams,חוֹתָ֥ם,6,False,,
13011044,10,,des,הָעֲרֹעֵרִֽי׃ ס,7,False,,
13011044,11,,Aroeriters,הָעֲרֹעֵרִֽי׃ ס,7,False,,
13011045,1,,Jediael,יְדִֽיעֲאֵל֙,1,False,,
13011045,2,,der,בֶּן־,2,False,,
13011045,3,,Sohn,בֶּן־,2,False,,
13011045,4,,Schimris,שִׁמְרִ֔י,3,False,,
13011045,5,,und,וְיֹחָ֥א,4,False,,
13011045,6,,Jocha,וְיֹחָ֥א,4,False,,
13011045,7,,sein,אָחִ֖יו,5,False,,
13011045,8,,Bruder,אָחִ֖יו,5,False,,
13011045,9,,der,הַתִּיצִֽי׃ ס,6,False,,
13011045,10,,Thiziter,הַתִּיצִֽי׃ ס,6,False,,
13011046,1,,Eliel,אֱלִיאֵל֙,1,False,,
13011046,2,,der,הַֽמַּחֲוִ֔ים,2,False,,
13011046,3,,Machawim,הַֽמַּחֲוִ֔ים,2,False,,
13011046,4,,und,וִירִיבַ֥י,3,False,,
13011046,5,,Jeribai,וִירִיבַ֥י,3,False,,
13011046,6,,und,וְיוֹשַׁוְיָ֖ה,4,False,,
13011046,7,,Joschawja,וְיוֹשַׁוְיָ֖ה,4,False,,
13011046,8,,die,בְּנֵ֣י,5,False,,
13011046,9,,Söhne,בְּנֵ֣י,5,False,,
13011046,10,,Elnaams,אֶלְנָ֑עַם,6,False,,
13011046,11,,und,וְיִתְמָ֖ה,7,False,,
13011046,12,,Jithma,וְיִתְמָ֖ה,7,False,,
13011046,13,,der,הַמּוֹאָבִֽי׃,8,False,,
13011046,14,,Moabiter,הַמּוֹאָבִֽי׃,8,False,,
13011047,1,,Eliel,אֱלִיאֵ֣ל,1,False,,
13011047,2,,und,וְעוֹבֵ֔ד,2,False,,
13011047,3,,Obed,וְעוֹבֵ֔ד,2,False,,
13011047,4,,und,וְיַעֲשִׂיאֵ֖ל,3,False,,
13011047,5,,Jaasiel,וְיַעֲשִׂיאֵ֖ל,3,False,,
13011047,6,,der,הַמְּצֹבָיָֽה׃ פ,4,False,,
13011047,7,,Mezobaiter,הַמְּצֹבָיָֽה׃ פ,4,False,,
13012001,1,,Und,וְאֵ֗לֶּה,1,False,,
13012001,2,,diese,וְאֵ֗לֶּה,1,False,,
13012001,3,,sind,הַבָּאִ֤ים,2,False,,
13012001,4,,es,הַבָּאִ֤ים,2,False,,
13012001,5,,welche,הַבָּאִ֤ים,2,False,,
13012001,6,,zu,אֶל־,3,False,,
13012001,7,,David,דָּוִיד֙,4,False,,
13012001,8,,nach,לְצִ֣יקְלַ֔ג,5,False,,
13012001,9,,Ziklag,לְצִ֣יקְלַ֔ג,5,False,,
13012001,10,,kamen,הַבָּאִ֤ים,2,False,,
13012001,11,,als,מִפְּנֵ֖י,8,False,,
13012001,12,,er,ע֣וֹד,6,False,,
13012001,13,,sich,עָצ֔וּר,7,False,,
13012001,14,,noch,ע֣וֹד,6,False,,
13012001,15,,vor,מִפְּנֵ֖י,8,False,,
13012001,16,,Saul,שָׁא֣וּל,9,False,,
13012001,17,,dem,בֶּן־,10,False,,
13012001,18,,Sohne,בֶּן־,10,False,,
13012001,19,,Kis,קִ֑ישׁ,11,False,,
13012001,20,,verborgen,עָצ֔וּר,7,False,,
13012001,21,,hielt,עָצ֔וּר,7,False,,
13012001,22,,auch,וְהֵ֙מָּה֙,12,False,,
13012001,23,,sie,וְהֵ֙מָּה֙,12,False,,
13012001,24,,waren,וְהֵ֙מָּה֙,12,False,,
13012001,25,,unter,בַּגִּבּוֹרִ֔ים,13,False,,
13012001,26,,den,בַּגִּבּוֹרִ֔ים,13,False,,
13012001,27,,Helden,בַּגִּבּוֹרִ֔ים,13,False,,
13012001,28,,die,עֹזְרֵ֖י,14,False,,
13012001,29,,ihm,עֹזְרֵ֖י,14,False,,
13012001,30,,im,הַמִּלְחָמָֽה׃,15,False,,
13012001,31,,Streite,הַמִּלְחָמָֽה׃,15,False,,
13012001,32,,halfen,עֹזְרֵ֖י,14,False,,
13012002,1,,ausgerüstet,נֹ֣שְׁקֵי,1,False,,
13012002,2,,mit,קֶ֗שֶׁת,2,False,,
13012002,3,,dem,קֶ֗שֶׁת,2,False,,
13012002,4,,Bogen,קֶ֗שֶׁת,2,False,,
13012002,5,,und,וּמַשְׂמִאלִים֙,4,False,,
13012002,6,,geübt,מַיְמִינִ֤ים,3,False,,
13012002,7,,mit,בָּֽאֲבָנִ֔ים,5,False,,
13012002,8,,der,בָּֽאֲבָנִ֔ים,5,False,,
13012002,9,,Rechten,מַיְמִינִ֤ים,3,False,,
13012002,10,,und,וּמַשְׂמִאלִים֙,4,False,,
13012002,11,,mit,בָּֽאֲבָנִ֔ים,5,False,,
13012002,12,,der,בָּֽאֲבָנִ֔ים,5,False,,
13012002,13,,Linken,וּמַשְׂמִאלִים֙,4,False,,
13012002,14,,Steine,בָּֽאֲבָנִ֔ים,5,False,,
13012002,15,,zu,בָּֽאֲבָנִ֔ים,5,False,,
13012002,16,,schleudern,בָּֽאֲבָנִ֔ים,5,False,,
13012002,17,,und,וּבַחִצִּ֖ים,6,False,,
13012002,18,,Pfeile,וּבַחִצִּ֖ים,6,False,,
13012002,19,,mit,וּבַחִצִּ֖ים,6,False,,
13012002,20,,dem,בַּקָּ֑שֶׁת,7,False,,
13012002,21,,Bogen,בַּקָּ֑שֶׁת,7,False,,
13012002,22,,abzuschießen,בַּקָּ֑שֶׁת,7,False,,
13012002,23,,Von,מֵאֲחֵ֥י,8,False,,
13012002,24,,den,מֵאֲחֵ֥י,8,False,,
13012002,25,,Brüdern,מֵאֲחֵ֥י,8,False,,
13012002,26,,Sauls,שָׁא֖וּל,9,False,,
13012002,27,,aus,מִבִּנְיָמִֽן׃,10,False,,
13012002,28,,Benjamin,מִבִּנְיָמִֽן׃,10,False,,
13012003,1,,das,הָרֹ֨אשׁ,1,False,,
13012003,2,,Haupt,הָרֹ֨אשׁ,1,False,,
13012003,3,,Achieser,אֲחִיעֶ֜זֶר,2,False,,
13012003,4,,und,וְיוֹאָ֗שׁ,3,False,,
13012003,5,,Joas,וְיוֹאָ֗שׁ,3,False,,
13012003,6,,die,בְּנֵי֙,4,False,,
13012003,7,,Söhne,בְּנֵי֙,4,False,,
13012003,8,,Haschemaas,הַשְּׁמָעָ֣ה,5,False,,
13012003,9,,des,הַגִּבְעָתִ֔י,6,False,,
13012003,10,,Gibeathiters,הַגִּבְעָתִ֔י,6,False,,
13012003,11,,und,וִיזִיאֵ֥ל,7,False,,
13012003,12,,Jesiel,וִיזִיאֵ֥ל,7,False,,
13012003,13,,und,וָפֶ֖לֶט,8,False,,
13012003,14,,Peleth,וָפֶ֖לֶט,8,False,,
13012003,15,,die,בְּנֵ֣י,9,False,,
13012003,16,,Söhne,בְּנֵ֣י,9,False,,
13012003,17,,Asmaweths,עַזְמָ֑וֶת,10,False,,
13012003,18,,und,וּבְרָכָ֕ה,11,False,,
13012003,19,,Beraka,וּבְרָכָ֕ה,11,False,,
13012003,20,,und,וְיֵה֖וּא,12,False,,
13012003,21,,Jehu,וְיֵה֖וּא,12,False,,
13012003,22,,der,הָעֲנְּתֹתִֽי׃,13,False,,
13012003,23,,Annethotiter,הָעֲנְּתֹתִֽי׃,13,False,,
13012004,1,,und,וְיִֽשְׁמַֽעְיָ֧ה,1,False,,
13012004,2,,Jischmaja,וְיִֽשְׁמַֽעְיָ֧ה,1,False,,
13012004,3,,der,הַגִּבְעוֹנִ֛י,2,False,,
13012004,4,,Gibeoniter,הַגִּבְעוֹנִ֛י,2,False,,
13012004,5,1,ein,גִּבּ֥וֹר,3,True,,
13012004,6,,Held,גִּבּ֥וֹר,3,False,,
13012004,7,,unter,בַּשְּׁלֹשִׁ֖ים,4,False,,
13012004,8,,den,בַּשְּׁלֹשִׁ֖ים,4,False,,
13012004,9,,Dreißig,בַּשְּׁלֹשִׁ֖ים,4,False,,
13012004,10,,und,וְעַל־,5,False,,
13012004,11,,über,וְעַל־,5,False,,
13012004,12,,die,הַשְּׁלֹשִֽׁים׃,6,False,,
13012004,13,,Dreißig,הַשְּׁלֹשִֽׁים׃,6,False,,
13012005,1,,und,וְיִרְמְיָ֤ה,1,False,,
13012005,2,,Jeremia,וְיִרְמְיָ֤ה,1,False,,
13012005,3,,und,וְיַחֲזִיאֵל֙,2,False,,
13012005,4,,Jachasiel,וְיַחֲזִיאֵל֙,2,False,,
13012005,5,,und,וְי֣וֹחָנָ֔ן,3,False,,
13012005,6,,Jochanan,וְי֣וֹחָנָ֔ן,3,False,,
13012005,7,,und,וְיוֹזָבָ֖ד,4,False,,
13012005,8,,Josabad,וְיוֹזָבָ֖ד,4,False,,
13012005,9,,der,הַגְּדֵרָתִֽי׃,5,False,,
13012005,10,,Gederathiter,הַגְּדֵרָתִֽי׃,5,False,,
13012006,1,,Elusai,אֶלְעוּזַ֤י,1,False,,
13012006,2,,und,וִירִימוֹת֙,2,False,,
13012006,3,,Jerimoth,וִירִימוֹת֙,2,False,,
13012006,4,,und,וּבְעַלְיָ֣ה,3,False,,
13012006,5,,Bealja,וּבְעַלְיָ֣ה,3,False,,
13012006,6,,und,וּשְׁמַרְיָ֔הוּ,4,False,,
13012006,7,,Schemarja,וּשְׁמַרְיָ֔הוּ,4,False,,
13012006,8,,und,וּשְׁפַטְיָ֖הוּ,5,False,,
13012006,9,,Schephatja,וּשְׁפַטְיָ֖הוּ,5,False,,
13012006,10,,der,הַחֲרוּפִֽי׃,6,False,,
13012006,11,,Haruphiter,הַחֲרוּפִֽי׃,6,False,,
13012007,1,,Elkana,אֶלְקָנָ֡ה,1,False,,
13012007,2,,und,וְ֠יִשִּׁיָּהוּ,2,False,,
13012007,3,,Jischschija,וְ֠יִשִּׁיָּהוּ,2,False,,
13012007,4,,und,וַעֲזַרְאֵ֧ל,3,False,,
13012007,5,,Asarel,וַעֲזַרְאֵ֧ל,3,False,,
13012007,6,,und,וְיוֹעֶ֛זֶר,4,False,,
13012007,7,,Joeser,וְיוֹעֶ֛זֶר,4,False,,
13012007,8,,und,וְיָשָׁבְעָ֖ם,5,False,,
13012007,9,,Jaschobam,וְיָשָׁבְעָ֖ם,5,False,,
13012007,10,,die,הַקָּרְחִֽים׃,6,False,,
13012007,11,,Korhiter,הַקָּרְחִֽים׃,6,False,,
13012008,1,,und,וְיוֹעֵאלָ֧ה,1,False,,
13012008,2,,Joela,וְיוֹעֵאלָ֧ה,1,False,,
13012008,3,,und,וּזְבַדְיָ֛ה,2,False,,
13012008,4,,Sebadja,וּזְבַדְיָ֛ה,2,False,,
13012008,5,,die,בְּנֵ֥י,3,False,,
13012008,6,,Söhne,בְּנֵ֥י,3,False,,
13012008,7,,Jerochams,יְרֹחָ֖ם,4,False,,
13012008,8,,von,מִן־,5,False,,
13012008,9,,Gedor,הַגְּדֽוֹר׃,6,False,,
13012008,10,,,הַגְּדֽוֹר׃,6,True,,
13012009,1,,Und,וּמִן־,1,False,,
13012009,2,,von,וּמִן־,1,False,,
13012009,3,,den,הַגָּדִ֡י,2,True,,
13012009,4,,Gaditern,הַגָּדִ֡י,2,False,,
13012009,5,,sonderten,נִבְדְּל֣וּ,3,False,,
13012009,6,,sich,נִבְדְּל֣וּ,3,False,,
13012009,7,,ab,נִבְדְּל֣וּ,3,False,,
13012009,8,,zu,אֶל־,4,False,,
13012009,9,,David,דָּוִיד֩,5,False,,
13012009,10,,nach,לַמְצַ֨ד,6,False,,
13012009,11,,der,לַמְצַ֨ד,6,True,,
13012009,12,,Bergfeste,לַמְצַ֨ד,6,False,,
13012009,13,,in,מִדְבָּ֜רָה,7,False,,
13012009,14,,die,מִדְבָּ֜רָה,7,True,,
13012009,15,,Wüste,מִדְבָּ֜רָה,7,False,,
13012009,16,,tapfere,גִּבֹּרֵ֣י,8,False,,
13012009,17,,Helden,גִּבֹּרֵ֣י,8,False,,
13012009,18,,Männer,אַנְשֵׁ֤י,10,False,,
13012009,19,,des,צָבָא֙,11,True,,
13012009,20,,Heeres,צָבָא֙,11,False,,
13012009,21,,zum,לַמִּלְחָמָ֔ה,12,False,,
13012009,22,,Kriege,לַמִּלְחָמָ֔ה,12,False,,
13012009,23,,mit,עֹרְכֵ֥י,13,False,,
13012009,24,,Schild,צִנָּ֖ה,14,False,,
13012009,25,,und,וָרֹ֑מַח,15,False,,
13012009,26,,Lanze,וָרֹ֑מַח,15,False,,
13012009,27,,gerüstet,עֹרְכֵ֥י,13,False,,
13012009,28,,deren,פְּנֵיהֶ֔ם,18,False,,
13012009,29,,Angesichter,פְּנֵיהֶ֔ם,18,False,,
13012009,30,,wie,וְכִצְבָאיִ֥ם,19,False,,
13012009,31,,Löwenangesichter,וְכִצְבָאיִ֥ם,19,False,,
13012009,32,,und,וְכִצְבָאיִ֥ם,19,False,,
13012009,33,,die,הֶהָרִ֖ים,21,True,,
13012009,34,,den,הֶהָרִ֖ים,21,True,,
13012009,35,,Gazellen,הֶהָרִ֖ים,21,False,,
13012009,36,,auf,עַל־,20,False,,
13012009,37,,den,הֶהָרִ֖ים,21,True,,
13012009,38,,Bergen,הֶהָרִ֖ים,21,False,,
13012009,39,,gleich,וְכִצְבָאיִ֥ם,19,False,,
13012009,40,,waren,נִבְדְּל֣וּ,3,False,,
13012009,41,,an,לְמַהֵֽר׃ ס,22,False,,
13012009,42,,Schnelle,לְמַהֵֽר׃ ס,22,False,,
13012010,1,,Eser,עֵ֖זֶר,1,False,,
13012010,2,,das,הָרֹ֑אשׁ,2,True,,
13012010,3,,Haupt,הָרֹ֑אשׁ,2,False,,
13012010,4,,Obadja,עֹבַדְיָה֙,3,False,,
13012010,5,,der,הַשֵּׁנִ֔י,4,True,,
13012010,6,,zweite,הַשֵּׁנִ֔י,4,False,,
13012010,7,,Eliab,אֱלִיאָ֖ב,5,False,,
13012010,8,,der,הַשְּׁלִשִֽׁי׃,6,True,,
13012010,9,,dritte,הַשְּׁלִשִֽׁי׃,6,False,,
13012011,1,,Mischmanna,מִשְׁמַנָּה֙,1,False,,
13012011,2,,der,הָרְבִיעִ֔י,2,True,,
13012011,3,,vierte,הָרְבִיעִ֔י,2,False,,
13012011,4,,Jeremia,יִרְמְיָ֖ה,3,False,,
13012011,5,,der,הַחֲמִשִֽׁי׃,4,True,,
13012011,6,,fünfte,הַחֲמִשִֽׁי׃,4,False,,
13012012,1,,Attai,עַתַּי֙,1,False,,
13012012,2,,der,הַשִּׁשִּׁ֔י,2,True,,
13012012,3,,sechste,הַשִּׁשִּׁ֔י,2,False,,
13012012,4,,Eliel,אֱלִיאֵ֖ל,3,False,,
13012012,5,,der,הַשְּׁבִעִֽי׃,4,True,,
13012012,6,,siebte,הַשְּׁבִעִֽי׃,4,False,,
13012013,1,,Jochanan,יֽוֹחָנָן֙,1,False,,
13012013,2,,der,הַשְּׁמִינִ֔י,2,True,,
13012013,3,,achte,הַשְּׁמִינִ֔י,2,False,,
13012013,4,,Elsabad,אֶלְזָבָ֖ד,3,False,,
13012013,5,,der,הַתְּשִׁיעִֽי׃,4,True,,
13012013,6,,neunte,הַתְּשִׁיעִֽי׃,4,False,,
13012014,1,,Jeremia,יִרְמְיָ֙הוּ֙,1,False,,
13012014,2,,der,הָעֲשִׂירִ֔י ס,2,True,,
13012014,3,,zehnte,הָעֲשִׂירִ֔י ס,2,False,,
13012014,4,,Makbannai,מַכְבַּנַּ֖י,3,False,,
13012014,5,,der,עַשְׁתֵּ֥י,4,True,,
13012014,6,,elfte,עַשְׁתֵּ֥י,4,False,,
13012014,6,,elfte,עָשָֽׂר׃,5,False,,
13012015,1,,Diese,אֵ֥לֶּה,1,False,,
13012015,2,,von,מִבְּנֵי־,2,False,,
13012015,3,,den,מִבְּנֵי־,2,True,,
13012015,4,,Söhnen,מִבְּנֵי־,2,False,,
13012015,5,,Gads,גָ֖ד,3,False,,
13012015,6,,waren,הַצָּבָ֑א,5,False,,
13012015,7,,Häupter,רָאשֵׁ֣י,4,False,,
13012015,8,,des,הַצָּבָ֑א,5,True,,
13012015,9,,Heeres,הַצָּבָ֑א,5,False,,
13012015,10,,der,לְמֵאָה֙,7,True,,
13012015,11,,Kleinste,הַקָּטָ֔ן,8,False,,
13012015,12,,konnte,אֶחָ֤ד,6,False,,
13012015,13,,es,אֶחָ֤ד,6,True,,
13012015,14,,mit,לְמֵאָה֙,7,False,,
13012015,15,,hundert,לְמֵאָה֙,7,False,,
13012015,16,,und,וְהַגָּד֖וֹל,9,False,,
13012015,17,,der,וְהַגָּד֖וֹל,9,True,,
13012015,18,,Größte,וְהַגָּד֖וֹל,9,False,,
13012015,19,,mit,לְאָֽלֶף׃,10,False,,
13012015,20,,tausend,לְאָֽלֶף׃,10,False,,
13012015,21,,aufnehmen,הַצָּבָ֑א,5,False,,
13012016,1,,Diese,אֵ֣לֶּה,1,False,,
13012016,2,,sind,הֵ֗ם,2,False,,
13012016,3,,es,וְה֥וּא,9,False,,
13012016,4,,welche,אֲשֶׁ֨ר,3,False,,
13012016,5,,über,עַל־,11,False,,
13012016,6,,den,אֶת־,5,False,,
13012016,7,,Jordan,הַיַּרְדֵּן֙,6,False,,
13012016,8,,gingen,עָבְר֤וּ,4,False,,
13012016,9,,im,בַּחֹ֣דֶשׁ,7,False,,
13012016,10,,ersten,הָרִאשׁ֔וֹן,8,False,,
13012016,11,,Monat,בַּחֹ֣דֶשׁ,7,False,,
13012016,12,,wenn,מְמַלֵּ֖א,10,False,,
13012016,13,,er,וְה֥וּא,9,False,,
13012016,14,,alle,כָּל־,12,False,,
13012016,15,,seine,גְּדוֹתָ֑יו,13,False,,
13012016,16,,Ufer,גְּדוֹתָ֑יו,13,False,,
13012016,17,,überflutet,מְמַלֵּ֖א,10,False,,
13012016,18,,und,וַיַּבְרִ֙יחוּ֙,14,False,,
13012016,19,,alle,כָּל־,16,False,,
13012016,20,,Bewohner,הָ֣עֲמָקִ֔ים,17,False,,
13012016,21,,der,הָ֣עֲמָקִ֔ים,17,True,,
13012016,22,,Niederungen,הָ֣עֲמָקִ֔ים,17,False,,
13012016,23,,gegen,לַמִּזְרָ֖ח,18,False,,
13012016,24,,Osten,לַמִּזְרָ֖ח,18,False,,
13012016,25,,und,וְלַֽמַּעֲרָֽב׃ ס,19,False,,
13012016,26,,gegen,וְלַֽמַּעֲרָֽב׃ ס,19,False,,
13012016,27,,Westen,וְלַֽמַּעֲרָֽב׃ ס,19,False,,
13012016,28,,in,וַיַּבְרִ֙יחוּ֙,14,True,,
13012016,29,,die,וַיַּבְרִ֙יחוּ֙,14,True,,
13012016,30,,Flucht,וַיַּבְרִ֙יחוּ֙,14,False,,
13012016,31,,jagten,וַיַּבְרִ֙יחוּ֙,14,False,,
13012017,1,,Und,וַיָּבֹ֗אוּ,1,False,,
13012017,2,,es,וַיָּבֹ֗אוּ,1,False,,
13012017,3,,kamen,וַיָּבֹ֗אוּ,1,False,,
13012017,4,,einige,מִן־,2,False,,
13012017,5,,von,מִן־,2,False,,
13012017,6,,den,בְּנֵ֤י,3,False,,
13012017,7,,Kindern,בְּנֵ֤י,3,False,,
13012017,8,,Benjamin,בִנְיָמִן֙,4,False,,
13012017,9,,und,וִֽיהוּדָ֔ה,5,False,,
13012017,10,,Juda,וִֽיהוּדָ֔ה,5,False,,
13012017,11,,nach,עַד־,6,False,,
13012017,12,,der,לַמְצָ֖ד,7,False,,
13012017,13,,Bergfeste,לַמְצָ֖ד,7,False,,
13012017,14,,zu,לְדָוִֽיד׃,8,False,,
13012017,15,,David,לְדָוִֽיד׃,8,False,,
13012018,1,,Und,וַיֵּצֵ֣א,1,False,,
13012018,2,,David,דָוִיד֮,2,False,,
13012018,3,,ging,וַיֵּצֵ֣א,1,False,,
13012018,4,,hinaus,וַיֵּצֵ֣א,1,True,,
13012018,5,,ihnen,לִפְנֵיהֶם֒,3,False,,
13012018,6,,entgegen,לִפְנֵיהֶם֒,3,False,,
13012018,7,,und,וַיַּ֙עַן֙,4,False,,
13012018,8,,er,וַיַּ֙עַן֙,4,False,,
13012018,9,,hob,וַיַּ֙עַן֙,4,False,,
13012018,10,,an,וַיַּ֙עַן֙,4,True,,
13012018,11,,und,וַיֹּ֣אמֶר,5,False,,
13012018,12,,sprach,וַיֹּ֣אמֶר,5,False,,
13012018,13,,zu,לָהֶ֔ם,6,False,,
13012018,14,,ihnen,לָהֶ֔ם,6,False,,
13012018,15,,Wenn,אִם־,7,False,,
13012018,16,,ihr,בָּאתֶ֤ם,9,False,,
13012018,17,,zum,לְשָׁל֞וֹם,8,False,,
13012018,18,,Frieden,לְשָׁל֞וֹם,8,False,,
13012018,19,,zu,לְעָזְרֵ֔נִי,11,False,,
13012018,20,,mir,אֵלַי֙,10,False,,
13012018,21,,gekommen,בָּאתֶ֤ם,9,False,,
13012018,22,,seid,בָּאתֶ֤ם,9,False,,
13012018,23,,um,לְעָזְרֵ֔נִי,11,False,,
13012018,24,,mir,לְעָזְרֵ֔נִי,11,False,,
13012018,25,,zu,לְעָזְרֵ֔נִי,11,False,,
13012018,26,,helfen,לְעָזְרֵ֔נִי,11,False,,
13012018,27,,so,יִֽהְיֶה־,12,False,,
13012018,28,,wird,יִֽהְיֶה־,12,False,,
13012018,29,,mein,לֵבָ֖ב,15,False,,
13012018,30,,Herz,לֵבָ֖ב,15,False,,
13012018,31,,sich,לְיָ֑חַד,16,False,,
13012018,32,,mit,לְיָ֑חַד,16,False,,
13012018,33,,euch,עֲלֵיכֶ֛ם,14,False,,
13012018,34,,vereinigen,לְיָ֑חַד,16,False,,
13012018,35,,wenn,וְאִֽם־,17,False,,
13012018,36,,aber,וְאִֽם־,17,False,,
13012018,37,,um,לְרַמּוֹתַ֣נִי,18,False,,
13012018,38,,mich,לְרַמּוֹתַ֣נִי,18,False,,
13012018,39,,an,לְצָרַ֗י,19,False,,
13012018,40,,meine,לְצָרַ֗י,19,False,,
13012018,41,,Feinde,לְצָרַ֗י,19,False,,
13012018,42,,zu,לְרַמּוֹתַ֣נִי,18,False,,
13012018,43,,verraten,לְרַמּוֹתַ֣נִי,18,False,,
13012018,44,,ohne,בְּלֹ֤א,20,False,,
13012018,45,,daß,בְּלֹ֤א,20,False,,
13012018,46,,Unrecht,חָמָס֙,21,False,,
13012018,47,,in,בְּכַפַּ֔י,22,False,,
13012018,48,,meiner,בְּכַפַּ֔י,22,False,,
13012018,49,,Hand,בְּכַפַּ֔י,22,False,,
13012018,50,,ist,יֵ֛רֶא,23,False,,
13012018,51,,so,וְיוֹכַֽח׃ ס,26,False,,
13012018,52,,möge,יֵ֛רֶא,23,False,,
13012018,53,,der,אֱלֹהֵ֥י,24,False,,
13012018,54,,Gott,אֱלֹהֵ֥י,24,False,,
13012018,55,,unserer,אֲבוֹתֵ֖ינוּ,25,False,,
13012018,56,,Väter,אֲבוֹתֵ֖ינוּ,25,False,,
13012018,57,,es,וְיוֹכַֽח׃ ס,26,False,,
13012018,58,,sehen,יֵ֛רֶא,23,False,,
13012018,59,,und,וְיוֹכַֽח׃ ס,26,False,,
13012018,60,,strafen,וְיוֹכַֽח׃ ס,26,False,,
13012019,1,,Da,וְר֣וּחַ,1,False,,
13012019,2,,kam,לָבְשָׁ֗ה,2,False,,
13012019,3,,der,וְר֣וּחַ,1,True,,
13012019,4,,Geist,וְר֣וּחַ,1,False,,
13012019,5,,über,לָבְשָׁ֗ה,2,False,,
13012019,6,,Amasai,עֲמָשַׂי֮,4,False,,
13012019,7,,das,אֶת־,3,False,,
13012019,8,,Haupt,רֹ֣אשׁ,5,False,,
13012019,9,,der,הַשָּׁלִישִׁים֒,6,False,,
13012019,10,,Anführer,הַשָּׁלִישִׁים֒,6,False,,
13012019,11,,Dein,לְךָ֤,7,False,,
13012019,12,,sind,לְךָ֤,7,False,,
13012019,13,,wir,לְךָ֤,7,False,,
13012019,14,,David,דָוִיד֙,8,False,,
13012019,15,,und,וְעִמְּךָ֣,9,False,,
13012019,16,,mit,וְעִמְּךָ֣,9,False,,
13012019,17,,dir,וְעִמְּךָ֣,9,False,,
13012019,18,,Sohn,בֶן־,10,False,,
13012019,19,,Isais,יִשַׁ֔י,11,False,,
13012019,20,,Friede,שָׁל֨וֹם׀,12,False,,
13012019,21,,Friede,שָׁל֜וֹם,13,False,,
13012019,22,,dir,לְךָ֗,14,False,,
13012019,23,,und,וְשָׁלוֹם֙,15,False,,
13012019,24,,Friede,וְשָׁלוֹם֙,15,False,,
13012019,25,,deinen,לְעֹ֣זְרֶ֔ךָ,16,False,,
13012019,26,,Helfern,לְעֹ֣זְרֶ֔ךָ,16,False,,
13012019,27,,denn,כִּ֥י,17,False,,
13012019,28,,dein,אֱלֹהֶ֑יךָ,19,False,,
13012019,29,,Gott,אֱלֹהֶ֑יךָ,19,False,,
13012019,30,,hilft,עֲזָרְךָ֖,18,False,,
13012019,31,,dir,עֲזָרְךָ֖,18,False,,
13012019,32,,Und,וַיְקַבְּלֵ֣ם,20,False,,
13012019,33,,David,דָּוִ֔יד,21,False,,
13012019,34,,nahm,וַיְקַבְּלֵ֣ם,20,False,,
13012019,35,,sie,וַיְקַבְּלֵ֣ם,20,False,,
13012019,36,,auf,וַיְקַבְּלֵ֣ם,20,False,,
13012019,37,,und,וַֽיִּתְּנֵ֖ם,22,False,,
13012019,38,,setzte,וַֽיִּתְּנֵ֖ם,22,False,,
13012019,39,,sie,וַֽיִּתְּנֵ֖ם,22,False,,
13012019,40,,zu,בְּרָאשֵׁ֥י,23,False,,
13012019,41,,Häuptern,בְּרָאשֵׁ֥י,23,False,,
13012019,42,,von,הַגְּדֽוּד׃ פ,24,False,,
13012019,43,,Scharen,הַגְּדֽוּד׃ פ,24,False,,
13012020,1,,Und,וּמִֽמְּנַשֶּׁ֞ה,1,False,,
13012020,2,,von,וּמִֽמְּנַשֶּׁ֞ה,1,False,,
13012020,3,,Manasse,וּמִֽמְּנַשֶּׁ֞ה,1,False,,
13012020,4,,liefen,נָפְל֣וּ,2,False,,
13012020,5,,einige,נָפְל֣וּ,2,False,,
13012020,6,,zu,עַל־,3,False,,
13012020,7,,David,דָּוִ֗יד,4,False,,
13012020,8,,über,עַל־,3,False,,
13012020,9,,als,בְּבֹא֨וֹ,5,False,,
13012020,10,,er,בְּבֹא֨וֹ,5,False,,
13012020,11,,mit,עִם־,6,False,,
13012020,12,,den,פְּלִשְׁתִּ֧ים,7,False,,
13012020,13,,Philistern,פְּלִשְׁתִּ֧ים,7,False,,
13012020,14,,wider,עַל־,8,False,,
13012020,15,,Saul,שָׁא֛וּל,9,False,,
13012020,16,,in,לַמִּלְחָמָ֖ה,10,False,,
13012020,17,,den,לַמִּלְחָמָ֖ה,10,False,,
13012020,18,,Streit,לַמִּלְחָמָ֖ה,10,False,,
13012020,19,,zog,נָפְל֣וּ,2,False,,
13012020,20,,aber,וְלֹ֣א,11,False,,
13012020,21,,sie,עֲזָרֻ֑ם,12,False,,
13012020,22,,halfen,עֲזָרֻ֑ם,12,False,,
13012020,23,,ihnen,עֲזָרֻ֑ם,12,False,,
13012020,24,,nicht,וְלֹ֣א,11,False,,
13012020,25,,denn,כִּ֣י,13,False,,
13012020,26,,nachdem,בְעֵצָ֗ה,14,False,,
13012020,27,,sie,שִׁלְּחֻ֜הוּ,15,False,,
13012020,28,,Rat,בְעֵצָ֗ה,14,False,,
13012020,29,,gehalten,שִׁלְּחֻ֜הוּ,15,False,,
13012020,30,,hatten,שִׁלְּחֻ֜הוּ,15,False,,
13012020,31,,entließen,שִׁלְּחֻ֜הוּ,15,False,,
13012020,32,,ihn,שִׁלְּחֻ֜הוּ,15,False,,
13012020,33,,die,סַרְנֵ֤י,16,False,,
13012020,34,,Fürsten,סַרְנֵ֤י,16,False,,
13012020,35,,der,פְלִשְׁתִּים֙,17,False,,
13012020,36,,Philister,פְלִשְׁתִּים֙,17,False,,
13012020,37,,indem,לֵאמֹ֔ר,18,False,,
13012020,38,,sie,לֵאמֹ֔ר,18,False,,
13012020,39,,sprachen,לֵאמֹ֔ר,18,False,,
13012020,40,,Auf,בְּרָאשֵׁ֕ינוּ,19,False,,
13012020,41,,Gefahr,בְּרָאשֵׁ֕ינוּ,19,False,,
13012020,42,,unserer,בְּרָאשֵׁ֕ינוּ,19,False,,
13012020,43,,Köpfe,בְּרָאשֵׁ֕ינוּ,19,False,,
13012020,44,,könnte,יִפּ֖וֹל,20,False,,
13012020,45,,er,יִפּ֖וֹל,20,False,,
13012020,46,,zu,אֶל־,21,False,,
13012020,47,,seinem,אֲדֹנָ֥יו,22,False,,
13012020,48,,Herrn,אֲדֹנָ֥יו,22,False,,
13012020,49,,Saul,שָׁאֽוּל׃,23,False,,
13012020,50,,überlaufen,יִפּ֖וֹל,20,False,,
13012021,1,,Als,בְּלֶכְתּ֣וֹ,1,False,,
13012021,2,,er,בְּלֶכְתּ֣וֹ,1,False,,
13012021,3,,nach,אֶל־,2,False,,
13012021,4,,Ziklag,צִֽיקְלַ֗ג,3,False,,
13012021,5,,zog,בְּלֶכְתּ֣וֹ,1,False,,
13012021,6,,liefen,נָפְל֣וּ,4,False,,
13012021,7,,von,מִֽמְּנַשֶּׁ֡ה,6,False,,
13012021,8,,Manasse,מִֽמְּנַשֶּׁ֡ה,6,False,,
13012021,9,,zu,עָלָ֣יו׀,5,False,,
13012021,10,,ihm,עָלָ֣יו׀,5,False,,
13012021,11,,über,נָפְל֣וּ,4,False,,
13012021,12,,Adna,עַ֠דְנַח,7,False,,
13012021,13,,und,וְיוֹזָבָ֤ד,8,False,,
13012021,14,,Josabad,וְיוֹזָבָ֤ד,8,False,,
13012021,15,,und,וִידִֽיעֲאֵל֙,9,False,,
13012021,16,,Jediael,וּמִיכָאֵ֣ל,10,False,,
13012021,17,,und,וְיוֹזָבָ֔ד,11,False,,
13012021,18,,Michael,וְיוֹזָבָ֔ד,11,False,,
13012021,19,,und,וֶאֱלִיה֖וּא,12,False,,
13012021,20,,Josabad,וֶאֱלִיה֖וּא,12,False,,
13012021,21,,und,וְצִלְּתָ֑י,13,False,,
13012021,22,,Elihu,וְצִלְּתָ֑י,13,False,,
13012021,23,,und,רָאשֵׁ֥י,14,False,,
13012021,24,,Zillethai,הָאֲלָפִ֖ים,15,False,,
13012021,25,,Häupter,אֲשֶׁ֥ר,16,False,,
13012021,26,,der,לִמְנַשֶּֽׁה׃,17,False,,
13012021,27,,Tausende,לִמְנַשֶּֽׁה׃,17,False,,
13012021,28,,von,לִמְנַשֶּֽׁה׃,17,False,,
13012021,29,,Manasse,לִמְנַשֶּֽׁה׃,17,False,,
13012022,1,,Und,וְהֵ֗מָּה,1,False,,
13012022,2,,sie,וְהֵ֗מָּה,1,False,,
13012022,3,,halfen,עָזְר֤וּ,2,False,,
13012022,4,,David,דָּוִיד֙,4,False,,
13012022,5,,wider,עַֽל־,5,False,,
13012022,6,,die,הַגְּד֔וּד,6,False,,
13012022,7,,Streifschar,הַגְּד֔וּד,6,False,,
13012022,8,,denn,כִּֽי־,7,False,,
13012022,9,,tapfere,גִבּ֥וֹרֵי,8,False,,
13012022,10,,Helden,חַ֖יִל,9,False,,
13012022,11,,waren,וַיִּהְי֥וּ,11,False,,
13012022,12,,sie,כֻּלָּ֑ם,10,False,,
13012022,13,,alle,כֻּלָּ֑ם,10,False,,
13012022,14,,und,וַיִּהְי֥וּ,11,False,,
13012022,15,,sie,וַיִּהְי֥וּ,11,False,,
13012022,16,,wurden,וַיִּהְי֥וּ,11,False,,
13012022,17,,Oberste,שָׂרִ֖ים,12,False,,
13012022,18,,im,בַּצָּבָֽא׃,13,False,,
13012022,19,,Heere,בַּצָּבָֽא׃,13,False,,
13012023,1,,Denn,כִּ֚י,1,False,,
13012023,2,,es,יָבֹ֥אוּ,5,False,,
13012023,3,,kamen,יָבֹ֥אוּ,5,False,,
13012023,4,,von,בְּי֔וֹם,4,False,,
13012023,5,,Tag,י֣וֹם,3,False,,
13012023,6,,zu,בְּי֔וֹם,4,False,,
13012023,7,,Tage,בְּי֔וֹם,4,False,,
13012023,8,,zu,עַל־,6,False,,
13012023,9,,David,דָּוִ֖יד,7,False,,
13012023,10,,um,לְעָזְר֑וֹ,8,False,,
13012023,11,,ihm,לְעָזְר֑וֹ,8,False,,
13012023,12,,zu,לְעָזְר֑וֹ,8,False,,
13012023,13,,helfen,לְעָזְר֑וֹ,8,False,,
13012023,14,,bis,עַד־,9,False,,
13012023,15,,es,לְמַחֲנֶ֥ה,10,False,,
13012023,16,,ein,גָד֖וֹל,11,True,,
13012023,17,,großes,גָד֖וֹל,11,False,,
13012023,18,,Heerlager,לְמַחֲנֶ֥ה,10,False,,
13012023,19,,wurde,יָבֹ֥אוּ,5,False,,
13012023,20,,wie,כְּמַחֲנֵ֥ה,12,False,,
13012023,21,,ein,כְּמַחֲנֵ֥ה,12,True,,
13012023,22,,Heerlager,כְּמַחֲנֵ֥ה,12,False,,
13012023,23,,Gottes,אֱלֹהִֽים׃ פ,13,False,,
13012024,1,,Und,וְ֠אֵלֶּה,1,False,,
13012024,2,,dies,וְ֠אֵלֶּה,1,False,,
13012024,3,,sind,בָּ֥אוּ,6,False,,
13012024,4,,die,מִסְפְּרֵ֞י,2,False,,
13012024,5,,Zahlen,מִסְפְּרֵ֞י,2,False,,
13012024,6,,der,רָאשֵׁ֤י,3,False,,
13012024,7,,Köpfe,רָאשֵׁ֤י,3,False,,
13012024,8,,der,לַצָּבָ֔א,5,False,,
13012024,9,,zum,לַצָּבָ֔א,5,False,,
13012024,10,,Heere,לַצָּבָ֔א,5,False,,
13012024,11,,Gerüsteten,הֶֽחָלוּץ֙,4,False,,
13012024,12,,welche,הֶֽחָלוּץ֙,4,False,,
13012024,13,,zu,עַל־,7,False,,
13012024,14,,David,דָּוִ֖יד,8,False,,
13012024,15,,nach,חֶבְר֑וֹנָה,9,False,,
13012024,16,,Hebron,חֶבְר֑וֹנָה,9,False,,
13012024,17,,kamen,בָּ֥אוּ,6,False,,
13012024,18,,um,לְהָסֵ֞ב,10,False,,
13012024,19,,ihm,אֵלָ֖יו,13,False,,
13012024,20,,das,מַלְכ֥וּת,11,False,,
13012024,21,,Königreich,מַלְכ֥וּת,11,False,,
13012024,22,,Sauls,שָׁא֛וּל,12,False,,
13012024,23,,zuzuwenden,לְהָסֵ֞ב,10,False,,
13012024,24,,nach,כְּפִ֥י,14,False,,
13012024,25,,dem,כְּפִ֥י,14,False,,
13012024,26,,Befehle,כְּפִ֥י,14,False,,
13012024,27,,Jahwes,יְהוָֽה׃ ס,15,False,,
13012025,1,,Die,בְּנֵ֣י,1,False,,
13012025,2,,Kinder,בְּנֵ֣י,1,False,,
13012025,3,,Juda,יְהוּדָ֔ה,2,False,,
13012025,4,,welche,חֲלוּצֵ֥י,10,False,,
13012025,5,,Schild,נֹשְׂאֵ֥י,3,False,,
13012025,6,,und,צִנָּ֖ה,4,False,,
13012025,7,,Lanze,וָרֹ֑מַח,5,False,,
13012025,8,,trugen,נֹשְׂאֵ֥י,3,False,,
13012025,9,1,6800,שֵׁ֧שֶׁת,6,False,,
13012025,10,,zum,חֲלוּצֵ֥י,10,False,,
13012025,11,,Heere,חֲלוּצֵ֥י,10,False,,
13012025,12,,Gerüstete,חֲלוּצֵ֥י,10,False,,
13012026,1,,Von,מִן־,1,False,,
13012026,2,,den,בְּנֵ֣י,2,True,,
13012026,3,,Kindern,בְּנֵ֣י,2,False,,
13012026,4,,Simeon,שִׁמְע֗וֹן,3,False,,
13012026,5,,streitbare,גִּבּ֤וֹרֵי,4,False,,
13012026,6,,Männer,חַ֙יִל֙,5,False,,
13012026,7,,zum,לַצָּבָ֔א,6,False,,
13012026,8,,Heere,לַצָּבָ֔א,6,False,,
13012026,9,,7100,שִׁבְעַ֥ת,7,False,,
13012026,9,,7100,אֲלָפִ֖ים,8,False,,
13012026,9,,7100,וּמֵאָֽה׃ ס,9,False,,
13012027,1,,Von,מִן־,1,False,,
13012027,2,,den,בְּנֵי֙,2,True,,
13012027,3,,Kindern,בְּנֵי֙,2,False,,
13012027,4,,Levi,הַלֵּוִ֔י,3,False,,
13012027,5,,4600,אַרְבַּ֥עַת,4,False,,
13012027,5,,4600,אֲלָפִ֖ים,5,False,,
13012027,5,,4600,וְשֵׁ֥שׁ,6,False,,
13012027,5,,4600,מֵאֽוֹת׃ ס,7,False,,
13012028,1,,und,וִיהוֹיָדָ֖ע,1,True,,
13012028,2,,Jojada,וִיהוֹיָדָ֖ע,1,False,,
13012028,3,,der,הַנָּגִ֣יד,2,True,,
13012028,4,,Fürst,הַנָּגִ֣יד,2,False,,
13012028,5,,von,לְאַהֲרֹ֑ן,3,False,,
13012028,6,,Aaron,לְאַהֲרֹ֑ן,3,False,,
13012028,7,,und,וְעִמּ֕וֹ,4,True,,
13012028,8,,mit,וְעִמּ֕וֹ,4,False,,
13012028,9,,ihm,וְעִמּ֕וֹ,4,False,,
13012028,10,,3700,שְׁלֹ֥שֶׁת,5,False,,
13012028,10,,3700,אֲלָפִ֖ים,6,False,,
13012028,10,,3700,וּשְׁבַ֥ע,7,False,,
13012028,10,,3700,מֵאֽוֹת׃ ס,8,False,,
13012029,1,,und,וְצָד֥וֹק,1,True,,
13012029,2,,Zadok,וְצָד֥וֹק,1,False,,
13012029,3,,ein,נַ֖עַר,2,True,,
13012029,4,,Jüngling,נַ֖עַר,2,False,,
13012029,5,,ein,גִּבּ֣וֹר,3,True,,
13012029,6,,tapferer,גִּבּ֣וֹר,3,False,,
13012029,7,,Held,חָ֑יִל,4,False,,
13012029,8,,und,וּבֵית־,5,True,,
13012029,9,,das,וּבֵית־,5,True,,
13012029,10,,Haus,וּבֵית־,5,False,,
13012029,11,,seines,אָבִ֥יו,6,False,,
13012029,12,,Vaters,אָבִ֥יו,6,False,,
13012029,13,,22,עֶשְׂרִ֥ים,8,False,,
13012029,13,,22,וּשְׁנָֽיִם׃ ס,9,False,,
13012029,14,,Oberste,שָׂרִ֖ים,7,False,,
13012030,1,,Und,וּמִן־,1,False,,
13012030,2,,von,וּמִן־,1,False,,
13012030,3,,den,בְּנֵ֧י,2,True,,
13012030,4,,Kindern,בְּנֵ֧י,2,False,,
13012030,5,,Benjamin,בִנְיָמִ֛ן,3,False,,
13012030,6,,den,אֲחֵ֥י,4,True,,
13012030,7,,Brüdern,אֲחֵ֥י,4,False,,
13012030,8,,Sauls,שָׁא֖וּל,5,False,,
13012030,9,,3000,שְׁלֹ֣שֶׁת,6,False,,
13012030,9,,3000,אֲלָפִ֑ים,7,False,,
13012030,10,,aber,וְעַד־,8,False,,
13012030,11,,der,מַרְבִּיתָ֔ם,10,True,,
13012030,12,,größte,מַרְבִּיתָ֔ם,10,False,,
13012030,13,,Teil,מַרְבִּיתָ֔ם,10,False,,
13012030,14,,von,מַרְבִּיתָ֔ם,10,False,,
13012030,15,,ihnen,מַרְבִּיתָ֔ם,10,False,,
13012030,16,,hielt,שֹׁמְרִ֕ים,11,False,,
13012030,17,,bis,מִשְׁמֶ֖רֶת,12,False,,
13012030,18,,dahin,הֵ֙נָּה֙,9,False,,
13012030,19,,treu,שֹׁמְרִ֕ים,11,False,,
13012030,20,,zum,בֵּ֥ית,13,False,,
13012030,21,,Hause,בֵּ֥ית,13,False,,
13012030,22,,Sauls,שָׁאֽוּל׃ ס,14,False,,
13012031,1,,Und,וּמִן־,1,False,,
13012031,2,,von,וּמִן־,1,False,,
13012031,3,,den,בְּנֵ֣י,2,True,,
13012031,4,,Kindern,בְּנֵ֣י,2,False,,
13012031,5,,Ephraim,אֶפְרַ֔יִם,3,False,,
13012031,6,,20800,עֶשְׂרִ֥ים,4,False,,
13012031,6,,20800,אֶ֖לֶף,5,False,,
13012031,6,,20800,וּשְׁמוֹנֶ֣ה,6,False,,
13012031,6,,20800,מֵא֑וֹת,7,False,,
13012031,7,,streitbare,גִּבּ֣וֹרֵי,8,False,,
13012031,8,,Männer,חַ֔יִל,9,False,,
13012031,9,,Männer,אַנְשֵׁ֥י,10,False,,
13012031,10,,von,שֵׁמ֖וֹת,11,False,,
13012031,11,,Namen,שֵׁמ֖וֹת,11,False,,
13012031,12,,nach,לְבֵ֥ית,12,False,,
13012031,13,,ihren,אֲבוֹתָֽם׃ ס,13,False,,
13012031,14,,Vaterhäusern,אֲבוֹתָֽם׃ ס,13,False,,
13012032,1,,Und,וּמֵחֲצִי֙,1,False,,
13012032,2,,von,וּמֵחֲצִי֙,1,False,,
13012032,3,,dem,מַטֵּ֣ה,2,True,,
13012032,4,,halben,מַטֵּ֣ה,2,False,,
13012032,5,,Stamme,מַטֵּ֣ה,2,False,,
13012032,6,,Manasse,מְנַשֶּׁ֔ה,3,False,,
13012032,7,,18000,שְׁמוֹנָ֥ה,4,False,,
13012032,7,,18000,עָשָׂ֖ר,5,False,,
13012032,7,,18000,אָ֑לֶף,6,False,,
13012032,8,,die,אֲשֶׁ֤ר,7,True,,
13012032,9,,mit,בְּשֵׁמ֔וֹת,9,False,,
13012032,10,,Namen,בְּשֵׁמ֔וֹת,9,False,,
13012032,11,,angegeben,נִקְּבוּ֙,8,False,,
13012032,12,,wurden,נִקְּבוּ֙,8,False,,
13012032,13,,daß,אֲשֶׁ֤ר,7,False,,
13012032,14,,sie,לָב֖וֹא,10,False,,
13012032,15,,hingingen,לָב֖וֹא,10,False,,
13012032,16,,um,לְהַמְלִ֥יךְ,11,False,,
13012032,17,,David,דָּוִֽיד׃ ס,13,False,,
13012032,18,,zum,לְהַמְלִ֥יךְ,11,False,,
13012032,19,,König,לְהַמְלִ֥יךְ,11,False,,
13012032,20,,zu,לְהַמְלִ֥יךְ,11,False,,
13012032,21,,machen,לְהַמְלִ֥יךְ,11,False,,
13012033,1,,Und,וּמִבְּנֵ֣י,1,False,,
13012033,2,,von,וּמִבְּנֵ֣י,1,False,,
13012033,3,,den,וּמִבְּנֵ֣י,1,True,,
13012033,4,,Kindern,וּמִבְּנֵ֣י,1,False,,
13012033,5,,Issaschar,יִשָּׂשכָ֗ר,2,False,,
13012033,6,,Männer,רָאשֵׁיהֶ֣ם,10,False,,
13012033,7,,welche,יוֹדְעֵ֤י,3,False,,
13012033,8,,Einsicht,בִינָה֙,4,False,,
13012033,9,,hatten,יוֹדְעֵ֤י,3,False,,
13012033,10,,in,לַֽעִתִּ֔ים,5,False,,
13012033,11,,die,לַֽעִתִּ֔ים,5,True,,
13012033,12,,Zeiten,לַֽעִתִּ֔ים,5,False,,
13012033,13,,um,לָדַ֖עַת,6,False,,
13012033,14,,zu,לָדַ֖עַת,6,False,,
13012033,15,,wissen,לָדַ֖עַת,6,False,,
13012033,16,,was,מַה־,7,False,,
13012033,17,,Israel,יִשְׂרָאֵ֑ל,9,False,,
13012033,18,,tun,יַּעֲשֶׂ֣ה,8,False,,
13012033,19,,mußte,יַּעֲשֶׂ֣ה,8,False,,
13012033,20,,ihre,רָאשֵׁיהֶ֣ם,10,False,,
13012033,21,,Häupter,רָאשֵׁיהֶ֣ם,10,False,,
13012033,22,,200,מָאתַ֔יִם,11,False,,
13012033,23,,und,וְכָל־,12,False,,
13012033,24,,alle,וְכָל־,12,False,,
13012033,25,,ihre,אֲחֵיהֶ֖ם,13,False,,
13012033,26,,Brüder,אֲחֵיהֶ֖ם,13,False,,
13012033,27,,folgten,עַל־,14,False,,
13012033,28,,ihrem,פִּיהֶֽם׃ ס,15,False,,
13012033,29,,Befehl,פִּיהֶֽם׃ ס,15,False,,
13012034,1,,Von,מִזְּבֻל֞וּן,1,False,,
13012034,2,,Sebulon,מִזְּבֻל֞וּן,1,False,,
13012034,3,,die,יוֹצְאֵ֣י,2,True,,
13012034,4,,zum,צָבָ֗א,3,False,,
13012034,5,,Heere,צָבָ֗א,3,False,,
13012034,6,,auszogen,יוֹצְאֵ֣י,2,False,,
13012034,7,,mit,בְּכָל־,6,False,,
13012034,8,,allen,בְּכָל־,6,False,,
13012034,9,,Kriegswaffen,כְּלֵ֥י,7,False,,
13012034,9,,Kriegswaffen,מִלְחָמָ֖ה,8,False,,
13012034,10,,zum,עֹרְכֵ֧י,4,False,,
13012034,11,,Kampfe,מִלְחָמָ֛ה,5,False,,
13012034,12,,bereit,עֹרְכֵ֧י,4,False,,
13012034,13,,50000,חֲמִשִּׁ֣ים,9,False,,
13012034,13,,50000,אָ֑לֶף,10,False,,
13012034,14,,und,וְלַעֲדֹ֖ר,11,False,,
13012034,15,,zwar,וְלַעֲדֹ֖ר,11,True,,
13012034,16,,um,וְלַעֲדֹ֖ר,11,True,,
13012034,17,,sich,וְלַעֲדֹ֖ר,11,False,,
13012034,18,,in,וְלַעֲדֹ֖ר,11,False,,
13012034,19,,Schlachtreihen,עֹרְכֵ֧י,4,False,,
13012034,20,,zu,וְלַעֲדֹ֖ר,11,False,,
13012034,21,,ordnen,וְלַעֲדֹ֖ר,11,False,,
13012034,22,,mit,בְּלֹא־,12,False,,
13012034,23,,ungeteiltem,בְּלֹא־,12,False,,
13012034,24,,Herzen,לֵ֥ב,13,False,,
13012034,24,,Herzen,וָלֵֽב׃ ס,14,False,,
13012035,1,,Und,וּמִנַּפְתָּלִ֖י,1,False,,
13012035,2,,von,וּמִנַּפְתָּלִ֖י,1,False,,
13012035,3,,Naphtali,וּמִנַּפְתָּלִ֖י,1,False,,
13012035,4,,1000,אָ֑לֶף,3,False,,
13012035,5,,Oberste,שָׂרִ֣ים,2,False,,
13012035,6,,und,וְעִמָּהֶם֙,4,False,,
13012035,7,,mit,וְעִמָּהֶם֙,4,False,,
13012035,8,,ihnen,וְעִמָּהֶם֙,4,False,,
13012035,9,,37000,שְׁלֹשִׁ֥ים,7,False,,
13012035,9,,37000,וְשִׁבְעָ֖ה,8,False,,
13012035,9,,37000,אָֽלֶף׃ ס,9,False,,
13012035,10,,mit,בְּצִנָּ֣ה,5,False,,
13012035,11,,Schild,בְּצִנָּ֣ה,5,False,,
13012035,12,,und,וַחֲנִ֔ית,6,False,,
13012035,13,,Speer,וַחֲנִ֔ית,6,False,,
13012036,1,,Und,וּמִן־,1,False,,
13012036,2,,von,וּמִן־,1,False,,
13012036,3,,den,וּמִן־,1,True,,
13012036,4,,Danitern,הַדָּנִי֙,2,False,,
13012036,5,,28600,עֶשְׂרִֽים־,5,False,,
13012036,6,,zum,עֹרְכֵ֣י,3,False,,
13012036,7,,Kampfe,מִלְחָמָ֔ה,4,False,,
13012036,8,,bereit,עֹרְכֵ֣י,3,False,,
13012037,1,,Und,וּמֵאָשֵׁ֗ר,1,False,,
13012037,2,,von,וּמֵאָשֵׁ֗ר,1,False,,
13012037,3,,Aser,וּמֵאָשֵׁ֗ר,1,False,,
13012037,4,,die,יוֹצְאֵ֥י,2,True,,
13012037,5,,zum,צָבָ֛א,3,False,,
13012037,6,,Heere,צָבָ֛א,3,False,,
13012037,7,,auszogen,יוֹצְאֵ֥י,2,False,,
13012037,8,,zum,לַעֲרֹ֥ךְ,4,False,,
13012037,9,,Kampfe,מִלְחָמָ֖ה,5,False,,
13012037,10,,bereit,לַעֲרֹ֥ךְ,4,False,,
13012037,11,,40000,אַרְבָּעִ֥ים,6,False,,
13012038,1,,Und,וּמֵעֵ֣בֶר,1,False,,
13012038,2,,von,וּמֵעֵ֣בֶר,1,False,,
13012038,3,,jenseit,וּמֵעֵ֣בֶר,1,False,,
13012038,4,,des,לַ֠יַּרְדֵּן,2,True,,
13012038,5,,Jordan,לַ֠יַּרְדֵּן,2,False,,
13012038,6,,von,מִן־,3,False,,
13012038,7,,den,מִן־,3,False,,
13012038,8,,Rubenitern,הָראוּבֵנִ֨י,4,False,,
13012038,9,,und,וְהַגָּדִ֜י,5,False,,
13012038,10,,den,וְהַגָּדִ֜י,5,False,,
13012038,11,,Gaditern,וְהַגָּדִ֜י,5,False,,
13012038,12,,und,וַחֲצִ֣י׀,6,False,,
13012038,13,,dem,וַחֲצִ֣י׀,6,False,,
13012038,14,,halben,וַחֲצִ֣י׀,6,False,,
13012038,15,,Stamme,שֵׁ֣בֶט,7,False,,
13012038,16,,Manasse,מְנַשֶּׁ֗ה,8,False,,
13012038,17,,mit,בְּכֹל֙,9,False,,
13012038,18,,allen,בְּכֹל֙,9,False,,
13012038,19,,Waffen,כְּלֵי֙,10,False,,
13012038,20,,eines,צְבָ֣א,11,False,,
13012038,21,,Kriegsheeres,מִלְחָמָ֔ה,12,False,,
13012038,22,,120000,מֵאָ֥ה,13,False,,
13012039,1,,Alle,כָּל־,1,False,,
13012039,2,,diese,אֵ֜לֶּה,2,False,,
13012039,3,,Kriegsleute,אַנְשֵׁ֣י,3,False,,
13012039,4,,die,מִלְחָמָה֮,4,True,,
13012039,4,,die,עֹדְרֵ֣י,5,True,,
13012039,5,,sich,מִלְחָמָה֮,4,True,,
13012039,5,,sich,עֹדְרֵ֣י,5,False,,
13012039,6,,in,עֹדְרֵ֣י,5,True,,
13012039,6,,in,מַעֲרָכָה֒,6,True,,
13012039,7,,Schlachtreihen,מַעֲרָכָה֒,6,False,,
13012039,8,,ordneten,עֹדְרֵ֣י,5,False,,
13012039,9,,kamen,בָּ֣אוּ,9,False,,
13012039,10,,mit,בְּלֵבָ֤ב,7,False,,
13012039,11,,ungeteiltem,שָׁלֵם֙,8,False,,
13012039,12,,Herzen,בְּלֵבָ֤ב,7,False,,
13012039,13,,nach,חֶבְר֔וֹנָה,10,False,,
13012039,14,,Hebron,חֶבְר֔וֹנָה,10,False,,
13012039,15,,um,לְהַמְלִ֥יךְ,11,False,,
13012039,16,,David,דָּוִ֖יד,13,False,,
13012039,17,,zum,לְהַמְלִ֥יךְ,11,False,,
13012039,18,,König,לְהַמְלִ֥יךְ,11,False,,
13012039,19,,über,עַל־,14,False,,
13012039,20,,ganz,כָּל־,15,False,,
13012039,21,,Israel,יִשְׂרָאֵ֑ל,16,False,,
13012039,22,,zu,לְהַמְלִ֥יךְ,11,True,,
13012039,22,,zu,לְהַמְלִ֥יךְ,23,False,,
13012039,23,,machen,לְהַמְלִ֥יךְ,11,False,,
13012039,23,,machen,לְהַמְלִ֥יךְ,23,False,,
13012039,24,,Und,וְ֠גַם,17,False,,
13012039,25,,auch,וְ֠גַם,17,False,,
13012039,26,,alle,כָּל־,18,False,,
13012039,27,,übrigen,שֵׁרִ֧ית,19,False,,
13012039,28,,in,יִשְׂרָאֵ֛ל,20,False,,
13012039,29,,Israel,יִשְׂרָאֵ֛ל,20,False,,
13012039,30,,waren,לֵ֥ב,21,False,,
13012039,31,,eines,אֶחָ֖ד,22,False,,
13012039,32,,Herzens,לֵ֥ב,21,False,,
13012039,33,,David,דָּוִֽיד׃,25,False,,
13012039,34,,zum,לְהַמְלִ֥יךְ,23,False,,
13012039,35,,König,לְהַמְלִ֥יךְ,23,False,,
13012039,36,,zu,לְהַמְלִ֥יךְ,23,False,,
13012039,37,,machen,לְהַמְלִ֥יךְ,23,False,,
13012040,1,,Und,וַיִּהְיוּ־,1,False,,
13012040,2,,sie,וַיִּהְיוּ־,1,False,,
13012040,3,,waren,וַיִּהְיוּ־,1,False,,
13012040,4,,daselbst,שָׁ֤ם,2,False,,
13012040,5,,bei,עִם־,3,False,,
13012040,6,,David,דָּוִיד֙,4,False,,
13012040,7,,drei,שְׁלוֹשָׁ֔ה,6,False,,
13012040,8,,Tage,יָמִ֣ים,5,False,,
13012040,9,,und,אֹכְלִ֖ים,7,False,,
13012040,10,,aßen,אֹכְלִ֖ים,7,False,,
13012040,11,,und,וְשׁוֹתִ֑ים,8,False,,
13012040,12,,tranken,וְשׁוֹתִ֑ים,8,False,,
13012040,13,,denn,כִּֽי־,9,False,,
13012040,14,,ihre,אֲחֵיהֶֽם׃,12,False,,
13012040,15,,Brüder,אֲחֵיהֶֽם׃,12,False,,
13012040,16,,hatten,הֵכִ֥ינוּ,10,False,,
13012040,17,,für,הֵכִ֥ינוּ,10,False,,
13012040,18,,sie,לָהֶ֖ם,11,False,,
13012040,19,,zugerichtet,הֵכִ֥ינוּ,10,False,,
13012041,1,,Und,וְגַ֣ם,1,False,,
13012041,2,,auch,וְגַ֣ם,1,False,,
13012041,3,,die,הַקְּרֽוֹבִים־,2,False,,
13012041,4,,ihnen,אֲ֠לֵיהֶם,3,False,,
13012041,5,,nahe,הַקְּרֽוֹבִים־,2,False,,
13012041,6,,wohnten,הַקְּרֽוֹבִים־,2,False,,
13012041,7,,bis,עַד־,4,False,,
13012041,8,,nach,עַד־,4,False,,
13012041,9,,Issaschar,יִשָׂשכָ֨ר,5,False,,
13012041,10,,und,וּזְבֻל֜וּן,6,False,,
13012041,11,,Sebulon,וּזְבֻל֜וּן,6,False,,
13012041,12,,und,וְנַפְתָּלִ֗י,7,False,,
13012041,13,,Naphtali,וְנַפְתָּלִ֗י,7,False,,
13012041,14,,hin,מְבִיאִ֣ים,8,False,,
13012041,15,,brachten,מְבִיאִ֣ים,8,False,,
13012041,16,,Lebensmittel,לֶ֡חֶם,9,False,,
13012041,17,,auf,בַּחֲמוֹרִ֣ים,10,False,,
13012041,18,,Eseln,בַּחֲמוֹרִ֣ים,10,False,,
13012041,19,,und,וּבַגְּמַלִּ֣ים,11,False,,
13012041,20,,auf,וּבַגְּמַלִּ֣ים,11,False,,
13012041,21,,Kamelen,וּבַגְּמַלִּ֣ים,11,False,,
13012041,22,,und,וּבַפְּרָדִ֣ים׀,12,False,,
13012041,23,,auf,וּבַפְּרָדִ֣ים׀,12,False,,
13012041,24,,Maultieren,וּבַפְּרָדִ֣ים׀,12,False,,
13012041,25,,und,וּֽבַבָּקָ֡ר,13,False,,
13012041,26,,auf,וּֽבַבָּקָ֡ר,13,False,,
13012041,27,,Rindern,וּֽבַבָּקָ֡ר,13,False,,
13012041,28,,Mehlspeisen,קֶ֠מַח,15,False,,
13012041,29,,Feigenkuchen,דְּבֵלִ֨ים,16,False,,
13012041,30,,und,וְצִמּוּקִ֧ים,17,False,,
13012041,31,,Rosinenkuchen,וְצִמּוּקִ֧ים,17,False,,
13012041,32,,und,וְיַֽיִן־,18,False,,
13012041,33,,Wein,וְיַֽיִן־,18,False,,
13012041,34,,und,וְשֶׁ֛מֶן,19,False,,
13012041,35,,Öl,וְשֶׁ֛מֶן,19,False,,
13012041,36,,und,וּבָקָ֥ר,20,False,,
13012041,37,,Rinder,וּבָקָ֥ר,20,False,,
13012041,38,,und,וְצֹ֖אן,21,False,,
13012041,39,,Kleinvieh,וְצֹ֖אן,21,False,,
13012041,40,,in,לָרֹ֑ב,22,False,,
13012041,41,,Menge,לָרֹ֑ב,22,False,,
13012041,42,,denn,כִּ֥י,23,False,,
13012041,43,,es,שִׂמְחָ֖ה,24,False,,
13012041,44,,war,שִׂמְחָ֖ה,24,False,,
13012041,45,,Freude,שִׂמְחָ֖ה,24,False,,
13012041,46,,in,בְּיִשְׂרָאֵֽל׃ פ,25,False,,
13012041,47,,Israel,בְּיִשְׂרָאֵֽל׃ פ,25,False,,
13013001,1,,Und,וַיִּוָּעַ֣ץ,1,False,,
13013001,2,,David,דָּוִ֗יד,2,False,,
13013001,3,,beriet,וַיִּוָּעַ֣ץ,1,False,,
13013001,4,,sich,וַיִּוָּעַ֣ץ,1,False,,
13013001,5,,mit,עִם־,3,False,,
13013001,6,,den,שָׂרֵ֧י,4,False,,
13013001,7,,Obersten,שָׂרֵ֧י,4,False,,
13013001,8,,über,לְכָל־,7,False,,
13013001,9,,tausend,הָאֲלָפִ֛ים,5,False,,
13013001,10,,und,וְהַמֵּא֖וֹת,6,False,,
13013001,11,,über,לְכָל־,7,False,,
13013001,12,,hundert,וְהַמֵּא֖וֹת,6,False,,
13013001,13,,mit,לְכָל־,7,False,,
13013001,14,,allen,לְכָל־,7,False,,
13013001,15,,Fürsten,נָגִֽיד׃,8,False,,
13013002,1,,Und,וַיֹּ֨אמֶר,1,False,,
13013002,2,,David,דָּוִ֜יד,2,False,,
13013002,3,,sprach,וַיֹּ֨אמֶר,1,False,,
13013002,4,,zu,לְכֹ֣ל׀,3,False,,
13013002,5,,der,קְהַ֣ל,4,True,,
13013002,6,,ganzen,קְהַ֣ל,4,False,,
13013002,7,,Versammlung,קְהַ֣ל,4,False,,
13013002,8,,Israels,יִשְׂרָאֵ֗ל,5,False,,
13013002,9,,Wenn,אִם־,6,False,,
13013002,10,,es,ט֜וֹב,8,False,,
13013002,11,,euch,עֲלֵיכֶ֨ם,7,False,,
13013002,12,,gut,ט֜וֹב,8,False,,
13013002,13,,dünkt,ט֜וֹב,8,False,,
13013002,14,,und,וּמִן־,9,False,,
13013002,15,,wenn,וּמִן־,9,False,,
13013002,16,,es,יְהוָ֣ה,10,False,,
13013002,17,,von,וּמִן־,9,False,,
13013002,18,,Jahwe,יְהוָ֣ה,10,False,,
13013002,19,,unserem,אֱלֹהֵ֗ינוּ,11,False,,
13013002,20,,Gott,אֱלֹהֵ֗ינוּ,11,False,,
13013002,21,,ist,נִפְרְצָה֙,12,False,,
13013002,22,,so,נִפְרְצָה֙,12,False,,
13013002,23,,laßt,נִפְרְצָה֙,12,False,,
13013002,24,,uns,נִפְרְצָה֙,12,False,,
13013002,25,,allenthalben,נִשְׁלְחָ֞ה,13,False,,
13013002,26,,umhersenden,נִשְׁלְחָ֞ה,13,False,,
13013002,27,,zu,עַל־,14,False,,
13013002,28,,unseren,אַחֵ֣ינוּ,15,False,,
13013002,29,,übrigen,הַנִּשְׁאָרִ֗ים,16,False,,
13013002,30,,Brüdern,אַחֵ֣ינוּ,15,False,,
13013002,31,,in,בְּכֹל֙,17,False,,
13013002,32,,allen,בְּכֹל֙,17,False,,
13013002,33,,Landen,אַרְצ֣וֹת,18,False,,
13013002,34,,Israels,יִשְׂרָאֵ֔ל,19,False,,
13013002,35,,und,וְעִמָּהֶ֛ם,20,False,,
13013002,36,,mit,וְעִמָּהֶ֛ם,20,False,,
13013002,37,,ihnen,וְעִמָּהֶ֛ם,20,False,,
13013002,38,,zu,בְּעָרֵ֣י,23,False,,
13013002,39,,den,בְּעָרֵ֣י,23,False,,
13013002,40,,Priestern,הַכֹּהֲנִ֥ים,21,False,,
13013002,41,,und,וְהַלְוִיִּ֖ם,22,False,,
13013002,42,,zu,בְּעָרֵ֣י,23,False,,
13013002,43,,den,בְּעָרֵ֣י,23,False,,
13013002,44,,Leviten,וְהַלְוִיִּ֖ם,22,False,,
13013002,45,,in,בְּעָרֵ֣י,23,False,,
13013002,46,,den,בְּעָרֵ֣י,23,False,,
13013002,47,,Städten,בְּעָרֵ֣י,23,False,,
13013002,48,,ihrer,מִגְרְשֵׁיהֶ֑ם,24,False,,
13013002,49,,Bezirke,מִגְרְשֵׁיהֶ֑ם,24,False,,
13013002,50,,daß,וְיִקָּבְצ֖וּ,25,False,,
13013002,51,,sie,וְיִקָּבְצ֖וּ,25,False,,
13013002,52,,sich,וְיִקָּבְצ֖וּ,25,False,,
13013002,53,,zu,אֵלֵֽינוּ׃,26,False,,
13013002,54,,uns,אֵלֵֽינוּ׃,26,False,,
13013002,55,,versammeln,וְיִקָּבְצ֖וּ,25,False,,
13013003,1,,Und,וְנָסֵ֛בָּה,1,False,,
13013003,2,,wir,וְנָסֵ֛בָּה,1,False,,
13013003,3,,wollen,וְנָסֵ֛בָּה,1,False,,
13013003,4,,die,אֶת־,2,True,,
13013003,5,,Lade,אֲר֥וֹן,3,False,,
13013003,6,,unseres,אֱלֹהֵ֖ינוּ,4,False,,
13013003,7,,Gottes,אֱלֹהֵ֖ינוּ,4,False,,
13013003,8,,zu,אֵלֵ֑ינוּ,5,False,,
13013003,9,,uns,אֵלֵ֑ינוּ,5,False,,
13013003,10,,herüberholen,וְנָסֵ֛בָּה,1,False,,
13013003,11,,denn,כִּי־,6,False,,
13013003,12,,wir,דְרַשְׁנֻ֖הוּ,8,False,,
13013003,13,,haben,דְרַשְׁנֻ֖הוּ,8,False,,
13013003,14,,sie,דְרַשְׁנֻ֖הוּ,8,False,,
13013003,15,,in,בִּימֵ֥י,9,False,,
13013003,16,,den,בִּימֵ֥י,9,False,,
13013003,17,,Tagen,בִּימֵ֥י,9,False,,
13013003,18,,Sauls,שָׁאֽוּל׃,10,False,,
13013003,19,,nicht,לֹ֥א,7,False,,
13013003,20,,befragt,דְרַשְׁנֻ֖הוּ,8,False,,
13013004,1,,Und,וַיֹּאמְר֥וּ,1,False,,
13013004,2,,die,כָֽל־,2,False,,
13013004,3,,ganze,כָֽל־,2,False,,
13013004,4,,Versammlung,הַקָּהָ֖ל,3,False,,
13013004,5,,sprach,וַיֹּאמְר֥וּ,1,False,,
13013004,6,,daß,לַעֲשׂ֣וֹת,4,False,,
13013004,7,,man,לַעֲשׂ֣וֹת,4,False,,
13013004,8,,also,כֵּ֑ן,5,False,,
13013004,9,,tun,לַעֲשׂ֣וֹת,4,False,,
13013004,10,,sollte,לַעֲשׂ֣וֹת,4,False,,
13013004,11,,denn,כִּֽי־,6,False,,
13013004,12,,die,הַדָּבָ֖ר,8,False,,
13013004,13,,Sache,הַדָּבָ֖ר,8,False,,
13013004,14,,war,יָשַׁ֥ר,7,False,,
13013004,15,,recht,יָשַׁ֥ר,7,False,,
13013004,16,,in,בְּעֵינֵ֥י,9,False,,
13013004,17,,den,בְּעֵינֵ֥י,9,False,,
13013004,18,,Augen,בְּעֵינֵ֥י,9,False,,
13013004,19,,des,כָל־,10,False,,
13013004,20,,ganzen,כָל־,10,False,,
13013004,21,,Volkes,הָעָֽם׃,11,False,,
13013005,1,,Und,וַיַּקְהֵ֤ל,1,False,,
13013005,2,,David,דָּוִיד֙,2,False,,
13013005,3,,versammelte,וַיַּקְהֵ֤ל,1,False,,
13013005,4,,ganz,כָּל־,4,False,,
13013005,5,,Israel,יִשְׂרָאֵ֔ל,5,False,,
13013005,6,,von,מִן־,6,False,,
13013005,7,,dem,אֶת־,3,True,,
13013005,7,,dem,שִׁיח֥וֹר,7,True,,
13013005,8,,Sihor,שִׁיח֥וֹר,7,False,,
13013005,9,,Ägyptens,מִצְרַ֖יִם,8,False,,
13013005,10,,bis,וְעַד־,9,False,,
13013005,11,,nach,לְב֣וֹא,10,False,,
13013005,12,,Hamath,חֲמָ֑ת,11,False,,
13013005,13,,hin,לְב֣וֹא,10,True,,
13013005,14,,um,לְהָבִיא֙,12,False,,
13013005,15,,die,אֶת־,13,True,,
13013005,15,,die,אֲר֣וֹן,14,True,,
13013005,16,,Lade,אֲר֣וֹן,14,False,,
13013005,17,,Gottes,הָאֱלֹהִ֔ים,15,False,,
13013005,18,,von,מִקִּרְיַ֖ת,16,False,,
13013005,19,,Kirjath-Jearim,מִקִּרְיַ֖ת,16,True,,
13013005,19,,Kirjath-Jearim,יְעָרִֽים׃,17,False,,
13013005,20,,zu,לְהָבִיא֙,12,False,,
13013005,21,,bringen,לְהָבִיא֙,12,False,,
13013006,1,,Und,וַיַּ֨עַל,1,False,,
13013006,2,,David,דָּוִ֤יד,2,False,,
13013006,3,,und,וְכָל־,3,False,,
13013006,4,,ganz,וְכָל־,3,False,,
13013006,5,,Israel,יִשְׂרָאֵל֙,4,False,,
13013006,6,,zogen,וַיַּ֨עַל,1,False,,
13013006,7,,hinauf,בַּעֲלָ֔תָה,5,False,,
13013006,8,,nach,אֶל־,6,False,,
13013006,9,,Baala,בַּעֲלָ֔תָה,5,False,,
13013006,10,,nach,אֶל־,6,False,,
13013006,11,Kirjath,Kirjath-Jearim,קִרְיַ֥ת,7,True,,
13013006,11,Jearim,Kirjath-Jearim,יְעָרִ֖ים,8,False,,
13013006,12,,das,אֲשֶׁ֣ר,9,False,,
13013006,13,,zu,לִיהוּדָ֑ה,10,False,,
13013006,14,,Juda,לִיהוּדָ֑ה,10,False,,
13013006,15,,gehört,לִיהוּדָ֑ה,10,False,,
13013006,16,,um,לְהַעֲל֣וֹת,11,False,,
13013006,17,,von,מִשָּׁ֗ם,12,False,,
13013006,18,,dannen,מִשָּׁ֗ם,12,False,,
13013006,19,,die,אֵת֩,13,False,,
13013006,20,,Lade,אֲר֨וֹן,14,False,,
13013006,21,,Gottes,הָאֱלֹהִ֧ים׀,15,False,,
13013006,22,,Jahwes,יְהוָ֛ה,16,False,,
13013006,23,,heraufzuholen,לְהַעֲל֣וֹת,11,False,,
13013006,24,,der,יוֹשֵׁ֥ב,17,False,,
13013006,25,,zwischen,יוֹשֵׁ֥ב,17,False,,
13013006,26,,den,הַכְּרוּבִ֖ים,18,False,,
13013006,27,,Cherubim,הַכְּרוּבִ֖ים,18,False,,
13013006,28,,thront,יוֹשֵׁ֥ב,17,False,,
13013006,29,,dessen,אֲשֶׁר־,19,False,,
13013006,30,,Name,שֵֽׁם׃,21,False,,
13013006,31,,dort,וַיַּרְכִּ֜יבוּ,1,False,,
13013006,32,,angerufen,נִקְרָ֥א,20,False,,
13013006,33,,wird,נִקְרָ֥א,20,False,,
13013007,1,,Und,וַיַּרְכִּ֜יבוּ,1,False,,
13013007,2,,sie,נֹהֲגִ֖ים,12,False,,
13013007,3,,fuhren,וַיַּרְכִּ֜יבוּ,1,False,,
13013007,4,,die,אֶת־,2,False,,
13013007,5,,Lade,אֲר֤וֹן,3,False,,
13013007,6,,Gottes,הָאֱלֹהִים֙,4,False,,
13013007,7,,auf,עַל־,5,False,,
13013007,8,,einem,עֲגָלָ֣ה,6,False,,
13013007,9,,neuen,חֲדָשָׁ֔ה,7,False,,
13013007,10,,Wagen,עֲגָלָ֣ה,6,False,,
13013007,11,,aus,מִבֵּ֖ית,8,False,,
13013007,12,,dem,מִבֵּ֖ית,8,False,,
13013007,13,,Hause,מִבֵּ֖ית,8,False,,
13013007,14,,Abinadabs,אֲבִינָדָ֑ב,9,False,,
13013007,15,,weg,מִבֵּ֖ית,8,False,,
13013007,16,,und,וְעֻזָּ֣א,10,False,,
13013007,17,,Ussa,וְעֻזָּ֣א,10,False,,
13013007,18,,und,וְאַחְי֔וֹ,11,False,,
13013007,19,,Achjo,וְאַחְי֔וֹ,11,False,,
13013007,20,,führten,נֹהֲגִ֖ים,12,False,,
13013007,21,,den,בָּעֲגָלָֽה׃,13,False,,
13013007,22,,Wagen,בָּעֲגָלָֽה׃,13,False,,
13013008,1,,Und,וְדָוִ֣יד,1,False,,
13013008,2,,David,וְדָוִ֣יד,1,False,,
13013008,3,,und,וְכָל־,2,False,,
13013008,4,,ganz,וְכָל־,2,False,,
13013008,5,,Israel,יִשְׂרָאֵ֗ל,3,False,,
13013008,6,,spielten,מְשַׂחֲקִ֛ים,4,False,,
13013008,7,,vor,לִפְנֵ֥י,5,False,,
13013008,8,,Gott,הָאֱלֹהִ֖ים,6,False,,
13013008,9,,mit,בְּכָל־,7,False,,
13013008,10,,aller,בְּכָל־,7,False,,
13013008,11,,Kraft,עֹ֑ז,8,False,,
13013008,12,,mit,וּבְשִׁירִ֤ים,9,False,,
13013008,13,,Gesängen,וּבְשִׁירִ֤ים,9,False,,
13013008,14,,und,וּבְכִנֹּרוֹת֙,10,False,,
13013008,15,,mit,וּבְכִנֹּרוֹת֙,10,False,,
13013008,16,,Lauten,וּבְכִנֹּרוֹת֙,10,False,,
13013008,17,,und,וּבִנְבָלִ֣ים,11,False,,
13013008,18,,mit,וּבִנְבָלִ֣ים,11,False,,
13013008,19,,Harfen,וּבִנְבָלִ֣ים,11,False,,
13013008,20,,und,וּבְתֻפִּ֔ים,12,False,,
13013008,21,,mit,וּבְתֻפִּ֔ים,12,False,,
13013008,22,,Tamburinen,וּבְתֻפִּ֔ים,12,False,,
13013008,23,,und,וּבִמְצִלְתַּ֖יִם,13,False,,
13013008,24,,mit,וּבִמְצִלְתַּ֖יִם,13,False,,
13013008,25,,Cymbeln,וּבִמְצִלְתַּ֖יִם,13,False,,
13013008,26,,und,וּבַחֲצֹצְרֽוֹת׃,14,False,,
13013008,27,,mit,וּבַחֲצֹצְרֽוֹת׃,14,False,,
13013008,28,,Trompeten,וּבַחֲצֹצְרֽוֹת׃,14,False,,
13013009,1,,Und,וַיָּבֹ֖אוּ,1,False,,
13013009,2,,als,כִּ֥י,12,False,,
13013009,3,,sie,וַיָּבֹ֖אוּ,1,False,,
13013009,4,,zur,עַד־,2,False,,
13013009,5,,Tenne,גֹּ֣רֶן,3,False,,
13013009,6,,Kidon,כִּידֹ֑ן,4,False,,
13013009,7,,kamen,וַיָּבֹ֖אוּ,1,False,,
13013009,8,,da,וַיִּשְׁלַ֨ח,5,False,,
13013009,9,,streckte,וַיִּשְׁלַ֨ח,5,False,,
13013009,10,,Ussa,עֻזָּ֜א,6,False,,
13013009,11,,seine,יָד֗וֹ,8,False,,
13013009,12,,Hand,יָד֗וֹ,8,False,,
13013009,13,,aus,יָד֗וֹ,8,True,,
13013009,14,,um,לֶאֱחֹז֙,9,False,,
13013009,15,,die,אֶת־,10,False,,
13013009,16,,Lade,הָ֣אָר֔וֹן,11,False,,
13013009,17,,anzufassen,לֶאֱחֹז֙,9,False,,
13013009,18,,denn,כִּ֥י,12,False,,
13013009,19,,die,הַבָּקָֽר׃,14,False,,
13013009,20,,Rinder,הַבָּקָֽר׃,14,False,,
13013009,21,,hatten,שָֽׁמְט֖וּ,13,False,,
13013009,22,,sich,שָֽׁמְט֖וּ,13,False,,
13013009,23,,losgerissen,שָֽׁמְט֖וּ,13,False,,
13013010,1,,Da,וַיִּֽחַר־,1,False,,
13013010,2,,entbrannte,וַיִּֽחַר־,1,False,,
13013010,3,,der,אַ֤ף,2,False,,
13013010,4,,Zorn,אַ֤ף,2,False,,
13013010,5,,Jahwes,יְהוָה֙,3,False,,
13013010,6,,wider,בְּעֻזָּ֔א,4,False,,
13013010,7,,Ussa,בְּעֻזָּ֔א,4,False,,
13013010,8,,und,וַיַּכֵּ֕הוּ,5,False,,
13013010,9,,er,וַיַּכֵּ֕הוּ,5,False,,
13013010,10,,schlug,וַיַּכֵּ֕הוּ,5,False,,
13013010,11,,ihn,וַיַּכֵּ֕הוּ,5,False,,
13013010,12,,darum,עַ֛ל,6,False,,
13013010,13,,daß,אֲשֶׁר־,7,False,,
13013010,14,,er,שָׁלַ֥ח,8,False,,
13013010,15,,seine,יָד֖וֹ,9,False,,
13013010,16,,Hand,יָד֖וֹ,9,False,,
13013010,17,,nach,עַל־,10,False,,
13013010,18,,der,הָאָר֑וֹן,11,False,,
13013010,19,,Lade,הָאָר֑וֹן,11,False,,
13013010,20,,ausgestreckt,שָׁלַ֥ח,8,False,,
13013010,21,,hatte,שָׁלַ֥ח,8,False,,
13013010,22,,und,וַיָּ֥מָת,12,False,,
13013010,23,,er,וַיָּ֥מָת,12,False,,
13013010,24,,starb,וַיָּ֥מָת,12,False,,
13013010,25,,daselbst,שָׁ֖ם,13,False,,
13013010,26,,vor,לִפְנֵ֥י,14,False,,
13013010,27,,Gott,אֱלֹהִֽים׃,15,False,,
13013011,1,,Und,וַיִּ֣חַר,1,False,,
13013011,2,,David,לְדָוִ֔יד,2,False,,
13013011,3,,entbrannte,וַיִּ֣חַר,1,False,,
13013011,4,,weil,כִּֽי־,3,False,,
13013011,5,,Jahwe,יְהוָ֛ה,5,False,,
13013011,6,,einen,פֶּ֖רֶץ,6,False,,
13013011,7,,Bruch,פֶּ֖רֶץ,6,False,,
13013011,8,,an,בְּעֻזָּ֑א,7,False,,
13013011,9,,Ussa,בְּעֻזָּ֑א,7,False,,
13013011,10,,gemacht,פָרַ֧ץ,4,False,,
13013011,11,,hatte,פָרַ֧ץ,4,False,,
13013011,12,,und,וַיִּקְרָ֞א,8,False,,
13013011,13,,er,וַיִּקְרָ֞א,8,False,,
13013011,14,,nannte,וַיִּקְרָ֞א,8,False,,
13013011,15,,jenen,הַהוּא֙,10,False,,
13013011,16,,Ort,לַמָּק֤וֹם,9,False,,
13013011,17,Perez,Perez-Ussa,פֶּ֣רֶץ,11,True,,
13013011,17,Ussa,Perez-Ussa,עֻזָּ֔א,12,False,,
13013011,18,,bis,עַ֖ד,13,False,,
13013011,19,,auf,עַ֖ד,13,False,,
13013011,20,,diesen,הַזֶּֽה׃,15,False,,
13013011,21,,Tag,הַיּ֥וֹם,14,False,,
13013012,1,,Und,וַיִּירָ֤א,1,False,,
13013012,2,,David,דָוִיד֙,2,False,,
13013012,3,,fürchtete,וַיִּירָ֤א,1,False,,
13013012,4,,sich,וַיִּירָ֤א,1,False,,
13013012,5,,vor,הָ֣אֱלֹהִ֔ים,4,False,,
13013012,6,,Gott,הָ֣אֱלֹהִ֔ים,4,False,,
13013012,7,,an,בַּיּ֥וֹם,5,False,,
13013012,8,,selbigem,הַה֖וּא,6,False,,
13013012,9,,Tage,בַּיּ֥וֹם,5,False,,
13013012,10,,und,לֵאמֹ֑ר,7,False,,
13013012,11,,sprach,לֵאמֹ֑ר,7,False,,
13013012,12,,Wie,הֵ֚יךְ,8,False,,
13013012,13,,soll,אָבִ֣יא,9,False,,
13013012,14,,ich,אָבִ֣יא,9,False,,
13013012,15,,die,אֵ֖ת,11,False,,
13013012,16,,Lade,אֲר֥וֹן,12,False,,
13013012,17,,Gottes,הָאֱלֹהִֽים׃,13,False,,
13013012,18,,zu,אָבִ֣יא,9,False,,
13013012,19,,mir,אֵלַ֔י,10,False,,
13013012,20,,bringen,אָבִ֣יא,9,False,,
13013013,1,,Und,וְלֹֽא־,1,False,,
13013013,2,,David,דָּוִ֧יד,3,False,,
13013013,3,,ließ,הֵסִ֨יר,2,False,,
13013013,4,,die,אֶת־,4,False,,
13013013,5,,Lade,הָאָר֛וֹן,5,False,,
13013013,6,,nicht,וְלֹֽא־,1,False,,
13013013,7,,zu,אֶל־,7,False,,
13013013,8,,sich,אֵלָ֖יו,6,False,,
13013013,9,,einkehren,הֵסִ֨יר,2,False,,
13013013,10,,in,אֶל־,7,False,,
13013013,11,,die,עִ֣יר,8,False,,
13013013,12,,Stadt,עִ֣יר,8,False,,
13013013,13,,Davids,דָּוִ֑יד,9,False,,
13013013,14,,und,וַיַּטֵּ֕הוּ,10,False,,
13013013,15,,er,וַיַּטֵּ֕הוּ,10,False,,
13013013,16,,ließ,וַיַּטֵּ֕הוּ,10,False,,
13013013,17,,sie,וַיַּטֵּ֕הוּ,10,False,,
13013013,18,,beiseite,וַיַּטֵּ֕הוּ,10,False,,
13013013,19,,bringen,וַיַּטֵּ֕הוּ,10,False,,
13013013,20,,in,אֶל־,11,False,,
13013013,21,,das,בֵּ֥ית,12,False,,
13013013,22,,Haus,בֵּ֥ית,12,False,,
13013013,23,Obed,Obed-Edoms,עֹבֵֽד־,13,True,,
13013013,23,Edom,Obed-Edoms,אֱדֹ֖ם,14,False,,
13013013,24,,des,הַגִּתִּֽי׃,15,False,,
13013013,25,,Gathiters,הַגִּתִּֽי׃,15,False,,
13013014,1,,Und,וַיֵּשֶׁב֩,1,False,,
13013014,2,,die,אֲר֨וֹן,2,False,,
13013014,3,,Lade,אֲר֨וֹן,2,False,,
13013014,4,,Gottes,הָאֱלֹהִ֜ים,3,False,,
13013014,5,,blieb,וַיֵּשֶׁב֩,1,False,,
13013014,6,,bei,עִם־,4,False,,
13013014,7,,der,בֵּ֨ית,5,False,,
13013014,8,,Familie,בֵּ֨ית,5,False,,
13013014,9,Obed,Obed-Edoms,עֹבֵ֥ד,6,True,,
13013014,9,Edom,Obed-Edoms,אֱדֹ֛ם,7,False,,
13013014,10,,in,בְּבֵית֖וֹ,8,False,,
13013014,11,,seinem,בְּבֵית֖וֹ,8,False,,
13013014,12,,Hause,בְּבֵית֖וֹ,8,False,,
13013014,13,,drei,שְׁלֹשָׁ֣ה,9,False,,
13013014,14,,Monate,חֳדָשִׁ֑ים,10,False,,
13013014,15,,Und,וַיְבָ֧רֶךְ,11,False,,
13013014,16,,Jahwe,יְהוָ֛ה,12,False,,
13013014,17,,segnete,וַיְבָ֧רֶךְ,11,False,,
13013014,18,,das,בֵּ֥ית,14,False,,
13013014,19,,Haus,בֵּ֥ית,14,False,,
13013014,20,Obed,Obed-Edoms,עֹבֵֽד־,15,True,,
13013014,20,Edom,Obed-Edoms,אֱדֹ֖ם,16,False,,
13013014,21,,und,וְאֶת־,17,False,,
13013014,22,,alles,כָּל־,18,False,,
13013014,23,,was,אֲשֶׁר־,19,False,,
13013014,24,,sein,לֽוֹ׃ פ,20,False,,
13013014,25,,war,לֽוֹ׃ פ,20,False,,
13014001,1,,Und,וַ֠יִּשְׁלַח,1,False,,
13014001,2,,Hiram,חוּרָ֨ם,2,False,,
13014001,3,,der,מֶֽלֶךְ־,3,True,,
13014001,4,,König,מֶֽלֶךְ־,3,False,,
13014001,5,,von,צֹ֥ר,4,False,,
13014001,6,,Tyrus,צֹ֥ר,4,False,,
13014001,7,,sandte,וַ֠יִּשְׁלַח,1,False,,
13014001,8,,Boten,מַלְאָכִים֮,5,False,,
13014001,9,,zu,אֶל־,6,False,,
13014001,10,,David,דָּוִיד֒,7,False,,
13014001,11,,und,וַעֲצֵ֣י,8,False,,
13014001,12,,Cedernholz,וַעֲצֵ֣י,8,False,,
13014001,13,,und,וְחָרָשֵׁ֣י,10,False,,
13014001,14,,Mauerleute,וְחָרָשֵׁ֣י,10,False,,
13014001,15,,und,וְחָרָשֵׁ֖י,12,False,,
13014001,16,,Zimmerleute,וְחָרָשֵׁ֖י,12,False,,
13014001,17,,damit,לִבְנ֥וֹת,14,False,,
13014001,18,,sie,לִבְנ֥וֹת,14,False,,
13014001,19,,ihm,ל֖וֹ,15,False,,
13014001,20,,ein,בָּֽיִת׃,16,True,,
13014001,21,,Haus,בָּֽיִת׃,16,False,,
13014001,22,,bauten,לִבְנ֥וֹת,14,False,,
13014002,1,,Und,וַיֵּ֣דַע,1,False,,
13014002,2,,David,דָּוִ֔יד,2,False,,
13014002,3,,erkannte,וַיֵּ֣דַע,1,False,,
13014002,4,,daß,כִּֽי־,3,False,,
13014002,5,,Jahwe,יְהוָ֛ה,5,False,,
13014002,6,,ihn,הֱכִינ֧וֹ,4,False,,
13014002,7,,zum,לְמֶ֖לֶךְ,6,False,,
13014002,8,,König,לְמֶ֖לֶךְ,6,False,,
13014002,9,,über,עַל־,7,False,,
13014002,10,,Israel,יִשְׂרָאֵ֑ל,8,False,,
13014002,11,,bestätigt,הֱכִינ֧וֹ,4,False,,
13014002,12,,hatte,הֱכִינ֧וֹ,4,True,,
13014002,13,,denn,כִּֽי־,9,False,,
13014002,14,,sein,מַלְכוּת֔וֹ,12,False,,
13014002,15,,Königreich,מַלְכוּת֔וֹ,12,False,,
13014002,16,,war,נִשֵּׂ֤את,10,True,,
13014002,17,,hoch,לְמַ֙עְלָה֙,11,False,,
13014002,18,,erhoben,נִשֵּׂ֤את,10,False,,
13014002,19,,um,בַּעֲב֖וּר,13,False,,
13014002,20,,seines,עַמּ֥וֹ,14,False,,
13014002,21,,Volkes,עַמּ֥וֹ,14,False,,
13014002,22,,Israel,יִשְׂרָאֵֽל׃ פ,15,False,,
13014002,23,,willen,בַּעֲב֖וּר,13,True,,
13014003,1,,Und,וַיִּקַּ֨ח,1,False,,
13014003,2,,David,דָּוִ֥יד,2,False,,
13014003,3,,nahm,וַיִּקַּ֨ח,1,False,,
13014003,4,,noch,ע֛וֹד,3,False,,
13014003,5,,Weiber,נָשִׁ֖ים,4,False,,
13014003,6,,in,בִּירוּשָׁלִָ֑ם,5,False,,
13014003,7,,Jerusalem,בִּירוּשָׁלִָ֑ם,5,False,,
13014003,8,,und,וַיּ֧וֹלֶד,6,False,,
13014003,9,,David,דָּוִ֛יד,7,False,,
13014003,10,,zeugte,וַיּ֧וֹלֶד,6,False,,
13014003,11,,noch,ע֖וֹד,8,False,,
13014003,12,,Söhne,בָּנִ֥ים,9,False,,
13014003,13,,und,וּבָנֽוֹת׃,10,False,,
13014003,14,,Töchter,וּבָנֽוֹת׃,10,False,,
13014004,1,,Und,וְאֵ֙לֶּה֙,1,False,,
13014004,2,,dies,וְאֵ֙לֶּה֙,1,False,,
13014004,3,,sind,הָיוּ־,5,False,,
13014004,4,,die,הַיְלוּדִ֔ים,3,True,,
13014004,5,,Namen,שְׁמ֣וֹת,2,False,,
13014004,6,,derer,אֲשֶׁ֥ר,4,False,,
13014004,7,,welche,אֲשֶׁ֥ר,4,False,,
13014004,8,,ihm,ל֖וֹ,6,False,,
13014004,9,,in,בִּירוּשָׁלִָ֑ם,7,False,,
13014004,10,,Jerusalem,בִּירוּשָׁלִָ֑ם,7,False,,
13014004,11,,geboren,הַיְלוּדִ֔ים,3,False,,
13014004,12,,wurden,הָיוּ־,5,False,,
13014004,13,,Schammua,שַׁמּ֣וּעַ,8,False,,
13014004,14,,und,וְשׁוֹבָ֔ב,9,False,,
13014004,15,,Schobab,וְשׁוֹבָ֔ב,9,False,,
13014004,16,,Nathan,נָתָ֖ן,10,False,,
13014004,17,,und,וּשְׁלֹמֹֽה׃,11,False,,
13014004,18,,Salomo,וּשְׁלֹמֹֽה׃,11,False,,
13014005,1,,und,וְיִבְחָ֥ר,1,False,,
13014005,2,,Jibchar,וְיִבְחָ֥ר,1,False,,
13014005,3,,und,וֶאֱלִישׁ֖וּעַ,2,False,,
13014005,4,,Elischua,וֶאֱלִישׁ֖וּעַ,2,False,,
13014005,5,,und,וְאֶלְפָּֽלֶט׃,3,False,,
13014005,6,,Elpelet,וְאֶלְפָּֽלֶט׃,3,False,,
13014006,1,,und,וְנֹ֥גַהּ,1,False,,
13014006,2,,Nogah,וְנֹ֥גַהּ,1,False,,
13014006,3,,und,וְנֶ֖פֶג,2,False,,
13014006,4,,Nepheg,וְנֶ֖פֶג,2,False,,
13014006,5,,und,וְיָפִֽיעַ׃,3,False,,
13014006,6,,Japhija,וְיָפִֽיעַ׃,3,False,,
13014007,1,,und,וֶאֱלִישָׁמָ֥ע,1,False,,
13014007,2,,Elischama,וֶאֱלִישָׁמָ֥ע,1,False,,
13014007,3,,und,וּבְעֶלְיָדָ֖ע,2,False,,
13014007,4,,Beeljada,וּבְעֶלְיָדָ֖ע,2,False,,
13014007,5,,und,וֶאֱלִיפָֽלֶט׃,3,False,,
13014007,6,,Eliphelet,וֶאֱלִיפָֽלֶט׃,3,False,,
13014008,1,,Und,וַיִּשְׁמְע֣וּ,1,False,,
13014008,2,,als,כִּי־,3,False,,
13014008,3,,die,פְלִשְׁתִּ֗ים,2,True,,
13014008,4,,Philister,פְלִשְׁתִּ֗ים,2,False,,
13014008,5,,hörten,וַיִּשְׁמְע֣וּ,1,False,,
13014008,6,,daß,כִּי־,3,False,,
13014008,7,,David,דָּוִ֤יד,5,False,,
13014008,8,,zum,לְמֶ֙לֶךְ֙,6,False,,
13014008,9,,König,לְמֶ֙לֶךְ֙,6,False,,
13014008,10,,über,עַל־,7,False,,
13014008,11,,ganz,כָּל־,8,False,,
13014008,12,,Israel,יִשְׂרָאֵ֔ל,9,False,,
13014008,13,,gesalbt,נִמְשַׁ֨ח,4,False,,
13014008,14,,worden,נִמְשַׁ֨ח,4,False,,
13014008,15,,war,נִמְשַׁ֨ח,4,True,,
13014008,16,,da,וַיַּעֲל֥וּ,10,False,,
13014008,17,,zogen,וַיַּעֲל֥וּ,10,False,,
13014008,18,,alle,כָל־,11,False,,
13014008,19,,Philister,פְּלִשְׁתִּ֖ים,12,False,,
13014008,20,,herauf,וַיַּעֲל֥וּ,10,False,,
13014008,21,,um,לְבַקֵּ֣שׁ,13,False,,
13014008,22,,David,דָּוִ֑יד,15,False,,
13014008,23,,zu,לְבַקֵּ֣שׁ,13,False,,
13014008,24,,suchen,לְבַקֵּ֣שׁ,13,False,,
13014008,25,,Und,וַיִּשְׁמַ֣ע,16,False,,
13014008,26,,David,דָּוִ֔יד,17,False,,
13014008,27,,hörte,וַיִּשְׁמַ֣ע,16,False,,
13014008,28,,es,אֶת־,14,False,,
13014008,29,,und,וַיֵּצֵ֖א,18,False,,
13014008,30,,zog,וַיֵּצֵ֖א,18,False,,
13014008,31,,ihnen,לִפְנֵיהֶֽם׃,19,False,,
13014008,32,,entgegen,לִפְנֵיהֶֽם׃,19,False,,
13014009,1,,Und,וּפְלִשְׁתִּ֖ים,1,False,,
13014009,2,,die,וּפְלִשְׁתִּ֖ים,1,True,,
13014009,3,,Philister,וּפְלִשְׁתִּ֖ים,1,False,,
13014009,4,,kamen,בָּ֑אוּ,2,False,,
13014009,5,,und,וַֽיִּפְשְׁט֖וּ,3,False,,
13014009,6,,breiteten,וַֽיִּפְשְׁט֖וּ,3,False,,
13014009,7,,sich,וַֽיִּפְשְׁט֖וּ,3,False,,
13014009,8,,aus,וַֽיִּפְשְׁט֖וּ,3,False,,
13014009,9,,im,בְּעֵ֥מֶק,4,False,,
13014009,10,,Tale,בְּעֵ֥מֶק,4,False,,
13014009,11,,Rephaim,רְפָאִֽים׃,5,False,,
13014010,1,,Und,וַיִּשְׁאַ֨ל,1,False,,
13014010,2,,David,דָּוִ֤יד,2,False,,
13014010,3,,befragte,וַיִּשְׁאַ֨ל,1,False,,
13014010,4,,Gott,בֵּאלֹהִים֙,3,False,,
13014010,5,,und,לֵאמֹ֔ר,4,False,,
13014010,6,,sprach,לֵאמֹ֔ר,4,False,,
13014010,7,,Soll,הַאֶֽעֱלֶה֙,5,False,,
13014010,8,,ich,הַאֶֽעֱלֶה֙,5,False,,
13014010,9,,wider,עַל־,6,False,,
13014010,10,,die,פְּלִשְׁתִּ֔ים,7,True,,
13014010,11,,Philister,פְּלִשְׁתִּ֔ים,7,False,,
13014010,12,,hinaufziehen,הַאֶֽעֱלֶה֙,5,False,,
13014010,13,,und,וּנְתַתָּ֖ם,8,False,,
13014010,14,,wirst,וּנְתַתָּ֖ם,8,False,,
13014010,15,,du,וּנְתַתָּ֖ם,8,False,,
13014010,16,,sie,וּנְתַתָּ֖ם,8,False,,
13014010,17,,in,בְּיָדִ֑י,9,False,,
13014010,18,,meine,בְּיָדִ֑י,9,False,,
13014010,19,,Hand,בְּיָדִ֑י,9,False,,
13014010,20,,geben,וּנְתַתָּ֖ם,8,False,,
13014010,21,,Und,וַיֹּ֨אמֶר,10,False,,
13014010,22,,Jahwe,יְהוָה֙,12,False,,
13014010,23,,sprach,וַיֹּ֨אמֶר,10,False,,
13014010,24,,zu,ל֤וֹ,11,False,,
13014010,25,,ihm,ל֤וֹ,11,False,,
13014010,26,,Ziehe,עֲלֵ֔ה,13,False,,
13014010,27,,hinauf,עֲלֵ֔ה,13,False,,
13014010,28,,und,וּנְתַתִּ֖ים,14,False,,
13014010,29,,ich,וּנְתַתִּ֖ים,14,False,,
13014010,30,,werde,וּנְתַתִּ֖ים,14,False,,
13014010,31,,sie,וּנְתַתִּ֖ים,14,False,,
13014010,32,,in,בְּיָדֶֽךָ׃,15,False,,
13014010,33,,deine,בְּיָדֶֽךָ׃,15,False,,
13014010,34,,Hand,בְּיָדֶֽךָ׃,15,False,,
13014010,35,,geben,וּנְתַתִּ֖ים,14,False,,
13014011,1,,Da,וַיַּעֲל֥וּ,1,False,,
13014011,2,,zogen,וַיַּעֲל֥וּ,1,False,,
13014011,3,,sie,וַיַּעֲל֥וּ,1,True,,
13014011,4,,hinauf,וַיַּעֲל֥וּ,1,False,,
13014011,5,,nach,בְּבַֽעַל־,2,False,,
13014011,6,,Baal-Perazim,בְּבַֽעַל־,2,True,,
13014011,6,Perazim,Baal-Perazim,פְּרָצִים֮,3,False,,
13014011,7,,und,וַיַּכֵּ֣ם,4,False,,
13014011,8,,David,דָּוִיד֒,6,False,,
13014011,9,,schlug,וַיַּכֵּ֣ם,4,False,,
13014011,10,,sie,וַיַּכֵּ֣ם,4,False,,
13014011,11,,daselbst,שָׁ֣ם,5,False,,
13014011,12,,und,וַיֹּ֣אמֶר,7,False,,
13014011,13,,David,דָּוִ֔יד,8,False,,
13014011,14,,sprach,וַיֹּ֣אמֶר,7,False,,
13014011,15,,Gott,הָֽאֱלֹהִ֧ים,10,False,,
13014011,16,,hat,פָּרַ֨ץ,9,False,,
13014011,17,1,meine,אוֹיְבַ֛י,12,True,,
13014011,18,,Feinde,אוֹיְבַ֛י,12,False,,
13014011,19,,durch,בְּיָדִ֖י,13,False,,
13014011,20,1,meine,בְּיָדִ֖י,13,True,,
13014011,21,,Hand,בְּיָדִ֖י,13,False,,
13014011,22,,durchbrochen,פָּרַ֨ץ,9,False,,
13014011,23,,gleich,כְּפֶ֣רֶץ,14,False,,
13014011,24,,einem,כְּפֶ֣רֶץ,14,True,,
13014011,25,,Wasserdurchbruch,מָ֑יִם,15,False,,
13014011,26,,Daher,עַל־,16,False,,
13014011,27,,gab,קָֽרְא֛וּ,18,False,,
13014011,28,,man,קָֽרְא֛וּ,18,False,,
13014011,29,,jenem,הַה֖וּא,21,False,,
13014011,30,,Orte,הַמָּק֥וֹם,20,False,,
13014011,31,,den,שֵֽׁם־,19,True,,
13014011,32,,Namen,שֵֽׁם־,19,False,,
13014011,33,,Baal-Perazim,בַּ֥עַל,22,True,,
13014011,33,Perazim,Baal-Perazim,פְּרָצִֽים׃,23,False,,
13014012,1,,Und,וַיַּעַזְבוּ־,1,False,,
13014012,2,,sie,וַיַּעַזְבוּ־,1,False,,
13014012,3,,ließen,וַיַּעַזְבוּ־,1,False,,
13014012,4,,daselbst,שָׁ֖ם,2,False,,
13014012,5,,ihre,אֱלֹֽהֵיהֶ֑ם,4,False,,
13014012,6,,Götter,אֱלֹֽהֵיהֶ֑ם,4,False,,
13014012,7,,und,וַיֹּ֣אמֶר,5,False,,
13014012,8,,David,דָּוִ֔יד,6,False,,
13014012,9,,gab,וַיֹּ֣אמֶר,5,False,,
13014012,10,,Befehl,וַיֹּ֣אמֶר,5,True,,
13014012,11,,und,וַיִּשָּׂרְפ֖וּ,7,False,,
13014012,12,,sie,וַיִּשָּׂרְפ֖וּ,7,False,,
13014012,13,,wurden,וַיִּשָּׂרְפ֖וּ,7,False,,
13014012,14,,mit,וַיִּשָּׂרְפ֖וּ,7,True,,
13014012,14,,mit,בָּאֵֽשׁ׃ פ,8,False,,
13014012,15,,Feuer,וַיִּשָּׂרְפ֖וּ,7,False,,
13014012,15,,Feuer,בָּאֵֽשׁ׃ פ,8,False,,
13014012,16,,verbrannt,וַיִּשָּׂרְפ֖וּ,7,False,,
13014013,1,,Und,וַיֹּסִ֤יפוּ,1,False,,
13014013,2,,die,פְּלִשְׁתִּ֔ים,3,True,,
13014013,3,,Philister,פְּלִשְׁתִּ֔ים,3,False,,
13014013,4,,zogen,וַיֹּסִ֤יפוּ,1,False,,
13014013,5,,wiederum,עוֹד֙,2,False,,
13014013,6,,herauf,וַיֹּסִ֤יפוּ,1,False,,
13014013,7,,und,וַֽיִּפְשְׁט֖וּ,4,False,,
13014013,8,,breiteten,וַֽיִּפְשְׁט֖וּ,4,False,,
13014013,9,,sich,וַֽיִּפְשְׁט֖וּ,4,True,,
13014013,10,,aus,וַֽיִּפְשְׁט֖וּ,4,True,,
13014013,11,,im,בָּעֵֽמֶק׃,5,False,,
13014013,12,,Tale,בָּעֵֽמֶק׃,5,False,,
13014014,1,,Und,וַיִּשְׁאַ֨ל,1,False,,
13014014,2,,David,דָּוִיד֙,3,False,,
13014014,3,,befragte,וַיִּשְׁאַ֨ל,1,False,,
13014014,4,,Gott,בֵּֽאלֹהִ֔ים,4,False,,
13014014,5,,abermals,ע֤וֹד,2,False,,
13014014,6,,und,וַיֹּ֤אמֶר,5,False,,
13014014,7,,Gott,הָֽאֱלֹהִ֔ים,7,False,,
13014014,8,,sprach,וַיֹּ֤אמֶר,5,False,,
13014014,9,,zu,לוֹ֙,6,False,,
13014014,10,,ihm,לוֹ֙,6,False,,
13014014,11,,Du,תַֽעֲלֶ֖ה,9,True,,
13014014,12,,sollst,תַֽעֲלֶ֖ה,9,True,,
13014014,13,,nicht,לֹ֥א,8,False,,
13014014,14,,hinaufziehen,תַֽעֲלֶ֖ה,9,False,,
13014014,15,,ihnen,אַֽחֲרֵיהֶ֑ם,10,False,,
13014014,16,,nach,אַֽחֲרֵיהֶ֑ם,10,False,,
13014014,17,,wende,הָסֵב֙,11,False,,
13014014,18,,dich,הָסֵב֙,11,True,,
13014014,19,,von,מֵֽעֲלֵיהֶ֔ם,12,False,,
13014014,20,,ihnen,מֵֽעֲלֵיהֶ֔ם,12,False,,
13014014,21,,ab,הָסֵב֙,11,True,,
13014014,22,,daß,וּבָ֥אתָ,13,True,,
13014014,23,,du,וּבָ֥אתָ,13,False,,
13014014,24,,an,מִמּ֥וּל,15,False,,
13014014,25,,sie,לָהֶ֖ם,14,False,,
13014014,26,,kommst,וּבָ֥אתָ,13,False,,
13014014,27,,den,הַבְּכָאִֽים׃,16,False,,
13014014,28,,Bakabäumen,הַבְּכָאִֽים׃,16,False,,
13014014,29,,gegenüber,מִמּ֥וּל,15,False,,
13014015,1,,Und,וִ֠יהִי,1,False,,
13014015,2,,sobald,כְּֽשָׁמְעֲךָ֞,2,False,,
13014015,3,,du,כְּֽשָׁמְעֲךָ֞,2,False,,
13014015,4,,das,אֶת־,3,False,,
13014015,5,,Geräusch,ק֤וֹל,4,False,,
13014015,6,,eines,הַצְּעָדָה֙,5,True,,
13014015,7,,Daherschreitens,הַצְּעָדָה֙,5,False,,
13014015,8,,in,בְּרָאשֵׁ֣י,6,False,,
13014015,9,,den,בְּרָאשֵׁ֣י,6,False,,
13014015,10,,Wipfeln,בְּרָאשֵׁ֣י,6,False,,
13014015,11,,der,הַבְּכָאִ֔ים,7,False,,
13014015,12,,Bakabäume,הַבְּכָאִ֔ים,7,False,,
13014015,13,,hörst,כְּֽשָׁמְעֲךָ֞,2,False,,
13014015,14,,alsdann,אָ֖ז,8,False,,
13014015,15,,sollst,תֵּצֵ֣א,9,False,,
13014015,16,,du,תֵּצֵ֣א,9,False,,
13014015,17,,zum,בַמִּלְחָמָ֑ה,10,False,,
13014015,18,,Angriff,בַמִּלְחָמָ֑ה,10,False,,
13014015,19,,schreiten,תֵּצֵ֣א,9,False,,
13014015,20,,denn,כִּֽי־,11,False,,
13014015,21,,Gott,הָֽאֱלֹהִים֙,13,False,,
13014015,22,,ist,יָצָ֤א,12,False,,
13014015,23,,vor,לְפָנֶ֔יךָ,14,False,,
13014015,24,,dir,לְפָנֶ֔יךָ,14,False,,
13014015,25,,ausgezogen,יָצָ֤א,12,False,,
13014015,26,,um,לְהַכּ֖וֹת,15,False,,
13014015,27,,das,אֶת־,16,False,,
13014015,28,,Heerlager,מַחֲנֵ֥ה,17,False,,
13014015,29,,der,מַחֲנֵ֥ה,17,False,,
13014015,30,,Philister,פְלִשְׁתִּֽים׃,18,False,,
13014015,31,,zu,לְהַכּ֖וֹת,15,False,,
13014015,32,,schlagen,לְהַכּ֖וֹת,15,False,,
13014016,1,,Und,וַיַּ֣עַשׂ,1,False,,
13014016,2,,David,דָּוִ֔יד,2,False,,
13014016,3,,tat,וַיַּ֣עַשׂ,1,False,,
13014016,4,,so,כַּֽאֲשֶׁ֥ר,3,False,,
13014016,5,,wie,כַּֽאֲשֶׁ֥ר,3,False,,
13014016,6,,Gott,הָֽאֱלֹהִ֑ים,5,False,,
13014016,7,,ihm,צִוָּ֖הוּ,4,False,,
13014016,8,,geboten,צִוָּ֖הוּ,4,False,,
13014016,9,,hatte,צִוָּ֖הוּ,4,True,,
13014016,10,,und,וַיַּכּוּ֙,6,False,,
13014016,11,,sie,וַיַּכּוּ֙,6,False,,
13014016,12,,schlugen,וַיַּכּוּ֙,6,False,,
13014016,13,,das,אֶת־,7,False,,
13014016,14,,Heerlager,מַחֲנֵ֣ה,8,False,,
13014016,15,,der,פְלִשְׁתִּ֔ים,9,False,,
13014016,16,,Philister,פְלִשְׁתִּ֔ים,9,False,,
13014016,17,,von,מִגִּבְע֖וֹן,10,False,,
13014016,18,,Gibeon,מִגִּבְע֖וֹן,10,False,,
13014016,19,,bis,וְעַד־,11,False,,
13014016,20,,nach,וְעַד־,11,False,,
13014016,21,,Geser,גָּֽזְרָה׃,12,False,,
13014017,1,,Und,וַיֵּצֵ֥א,1,False,,
13014017,2,,der,שֵׁם־,2,False,,
13014017,3,,Name,שֵׁם־,2,False,,
13014017,4,,Davids,דָּוִ֖יד,3,False,,
13014017,5,,ging,וַיֵּצֵ֥א,1,False,,
13014017,6,,aus,וַיֵּצֵ֥א,1,False,,
13014017,7,,in,בְּכָל־,4,False,,
13014017,8,,alle,בְּכָל־,4,False,,
13014017,9,,Länder,הָֽאֲרָצ֑וֹת,5,False,,
13014017,10,,und,וַֽיהוָ֛ה,6,False,,
13014017,11,,Jahwe,וַֽיהוָ֛ה,6,False,,
13014017,12,,legte,נָתַ֥ן,7,False,,
13014017,13,,die,אֶת־,8,False,,
13014017,14,,Furcht,פַּחְדּ֖וֹ,9,False,,
13014017,15,,vor,עַל־,10,False,,
13014017,16,,ihm,פַּחְדּ֖וֹ,9,False,,
13014017,17,,auf,נָתַ֥ן,7,False,,
13014017,18,,alle,כָּל־,11,False,,
13014017,19,,Nationen,הַגּוֹיִֽם׃,12,False,,
13015001,1,,Und,וַיַּֽעַשׂ־,1,False,,
13015001,2,,er,וַיַּֽעַשׂ־,1,False,,
13015001,3,,machte,וַיַּֽעַשׂ־,1,False,,
13015001,4,,sich,וַיַּֽעַשׂ־,1,False,,
13015001,4,,sich,ל֥וֹ,2,False,,
13015001,5,,Häuser,בָתִּ֖ים,3,False,,
13015001,6,,in,בְּעִ֣יר,4,False,,
13015001,7,,der,בְּעִ֣יר,4,False,,
13015001,8,,Stadt,בְּעִ֣יר,4,False,,
13015001,9,,Davids,דָּוִ֑יד,5,False,,
13015001,10,,und,וַיָּ֤כֶן,6,False,,
13015001,11,,er,וַיָּ֤כֶן,6,False,,
13015001,12,,bereitete,וַיָּ֤כֶן,6,False,,
13015001,13,,einen,מָקוֹם֙,7,False,,
13015001,14,,Ort,מָקוֹם֙,7,False,,
13015001,15,,für,לַֽאֲר֣וֹן,8,False,,
13015001,16,,die,לַֽאֲר֣וֹן,8,False,,
13015001,17,,Lade,לַֽאֲר֣וֹן,8,False,,
13015001,18,,Gottes,הָֽאֱלֹהִ֔ים,9,False,,
13015001,19,,und,וַיֶּט־,10,False,,
13015001,20,,schlug,וַיֶּט־,10,False,,
13015001,21,,ein,אֹֽהֶל׃,12,False,,
13015001,22,,Zelt,אֹֽהֶל׃,12,False,,
13015001,23,,für,ל֖וֹ,11,False,,
13015001,23,,für,אֹֽהֶל׃,12,False,,
13015001,24,,sie,ל֖וֹ,11,False,,
13015001,25,,auf,וַיֶּט־,10,False,,
13015002,1,,Damals,אָ֚ז,1,False,,
13015002,2,,sprach,אָמַ֣ר,2,False,,
13015002,3,,David,דָּוִ֔יד,3,False,,
13015002,4,,Die,לֹ֤א,4,True,,
13015002,5,,Lade,אֲר֣וֹן,7,False,,
13015002,6,,Gottes,הָֽאֱלֹהִ֔ים,8,False,,
13015002,7,,soll,לֹ֤א,4,True,,
13015002,8,,niemand,לֹ֤א,4,True,,
13015002,9,,tragen,לָשֵׂאת֙,5,False,,
13015002,10,,als,אֶת־,6,True,,
13015002,11,,nur,אִם־,10,False,,
13015002,12,,die,הַלְוִיִּ֑ם,11,False,,
13015002,13,,Leviten,הַלְוִיִּ֑ם,11,False,,
13015002,14,,denn,כִּי־,12,False,,
13015002,15,,sie,בָ֣ם׀,13,False,,
13015002,16,,hat,בָּחַ֣ר,14,False,,
13015002,17,,Jahwe,יְהוָ֗ה,15,False,,
13015002,18,,erwählt,בָּחַ֣ר,14,False,,
13015002,19,,um,לָשֵׂ֞את,16,False,,
13015002,20,,die,אֶת־,17,False,,
13015002,21,,Lade,אֲר֧וֹן,18,False,,
13015002,22,,Gottes,יְהוָ֛ה,19,False,,
13015002,23,,zu,וּֽלְשָׁרְת֖וֹ,20,False,,
13015002,24,,tragen,לָשֵׂ֞את,16,False,,
13015002,25,,und,וּֽלְשָׁרְת֖וֹ,20,False,,
13015002,26,,seinen,וּֽלְשָׁרְת֖וֹ,20,False,,
13015002,27,,Dienst,וּֽלְשָׁרְת֖וֹ,20,False,,
13015002,28,,zu,וּֽלְשָׁרְת֖וֹ,20,False,,
13015002,29,,verrichten,וּֽלְשָׁרְת֖וֹ,20,False,,
13015002,30,,ewiglich,עַד־,21,False,,
13015003,1,,Und,וַיַּקְהֵ֥ל,1,False,,
13015003,2,,David,דָּוִ֛יד,2,False,,
13015003,3,,versammelte,וַיַּקְהֵ֥ל,1,False,,
13015003,4,,ganz,כָּל־,4,False,,
13015003,5,,Israel,יִשְׂרָאֵ֖ל,5,False,,
13015003,6,,nach,אֶל־,6,False,,
13015003,7,,Jerusalem,יְרֽוּשָׁלִָ֑ם,7,False,,
13015003,8,,um,לְהַעֲלוֹת֙,8,False,,
13015003,9,,die,אֶת־,9,False,,
13015003,10,,Lade,אֲר֣וֹן,10,False,,
13015003,11,,Jahwes,יְהוָ֔ה,11,False,,
13015003,12,,an,אֶל־,12,False,,
13015003,13,,ihren,מְקוֹמ֖וֹ,13,False,,
13015003,14,,Ort,מְקוֹמ֖וֹ,13,False,,
13015003,15,,hinaufzubringen,לְהַעֲלוֹת֙,8,False,,
13015003,16,,den,אֲשֶׁר־,14,True,,
13015003,17,,er,הֵכִ֥ין,15,False,,
13015003,18,,für,הֵכִ֥ין,15,True,,
13015003,19,,sie,לֽוֹ׃,16,False,,
13015003,20,,bereitet,הֵכִ֥ין,15,False,,
13015003,21,,hatte,הֵכִ֥ין,15,False,,
13015004,1,,Und,וַיֶּאֱסֹ֥ף,1,False,,
13015004,2,,David,דָּוִ֛יד,2,False,,
13015004,3,,versammelte,וַיֶּאֱסֹ֥ף,1,False,,
13015004,4,,die,אֶת־,3,False,,
13015004,5,,Söhne,בְּנֵ֥י,4,False,,
13015004,6,,Aarons,אַֽהֲרֹ֖ן,5,False,,
13015004,7,,und,וְאֶת־,6,False,,
13015004,8,,die,הַלְוִיִּֽם׃,7,False,,
13015004,9,,Leviten,הַלְוִיִּֽם׃,7,False,,
13015005,1,,Von,לִבְנֵ֖י,1,False,,
13015005,2,,den,לִבְנֵ֖י,1,False,,
13015005,3,,Söhnen,לִבְנֵ֖י,1,False,,
13015005,4,,Kehaths,קְהָ֑ת,2,False,,
13015005,5,,Uriel,אוּרִיאֵ֣ל,3,False,,
13015005,6,,den,הַשָּׂ֔ר,4,False,,
13015005,7,,Obersten,הַשָּׂ֔ר,4,False,,
13015005,8,,und,וְאֶחָ֖יו,5,False,,
13015005,9,,seine,וְאֶחָ֖יו,5,False,,
13015005,10,,Brüder,וְאֶחָ֖יו,5,False,,
13015005,11,,120,מֵאָ֥ה,6,False,,
13015006,1,,von,לִבְנֵ֖י,1,False,,
13015006,2,,den,לִבְנֵ֖י,1,False,,
13015006,3,,Söhnen,לִבְנֵ֖י,1,False,,
13015006,4,,Meraris,מְרָרִ֑י,2,False,,
13015006,5,,Asaja,עֲשָׂיָ֣ה,3,False,,
13015006,6,,den,הַשָּׂ֔ר,4,False,,
13015006,7,,Obersten,הַשָּׂ֔ר,4,False,,
13015006,8,,und,וְאֶחָ֖יו,5,False,,
13015006,9,,seine,וְאֶחָ֖יו,5,False,,
13015006,10,,Brüder,וְאֶחָ֖יו,5,False,,
13015006,11,,220,מָאתַ֥יִם,6,False,,
13015007,1,,von,לִבְנֵ֖י,1,False,,
13015007,2,,den,לִבְנֵ֖י,1,False,,
13015007,3,,Söhnen,לִבְנֵ֖י,1,False,,
13015007,4,,Gersoms,גֵּרְשׁ֑וֹם,2,False,,
13015007,5,,Joel,יוֹאֵ֣ל,3,False,,
13015007,6,,den,הַשָּׂ֔ר,4,False,,
13015007,7,,Obersten,הַשָּׂ֔ר,4,False,,
13015007,8,,und,וְאֶחָ֖יו,5,False,,
13015007,9,,seine,וְאֶחָ֖יו,5,False,,
13015007,10,,Brüder,וְאֶחָ֖יו,5,False,,
13015007,11,,130,מֵאָ֥ה,6,False,,
13015008,1,,von,לִבְנֵ֖י,1,False,,
13015008,2,,den,לִבְנֵ֖י,1,False,,
13015008,3,,Söhnen,לִבְנֵ֖י,1,False,,
13015008,4,,Elizaphans,אֱלִֽיצָפָ֑ן,2,False,,
13015008,5,,Schemaja,שְׁמַֽעְיָ֥ה,3,False,,
13015008,6,,den,הַשָּׂ֖ר,4,False,,
13015008,7,,Obersten,הַשָּׂ֖ר,4,False,,
13015008,8,,und,וְאֶחָ֥יו,5,False,,
13015008,9,,seine,וְאֶחָ֥יו,5,False,,
13015008,10,,Brüder,וְאֶחָ֥יו,5,False,,
13015008,11,,200,מָאתָֽיִם׃ ס,6,False,,
13015009,1,,von,לִבְנֵ֖י,1,False,,
13015009,2,,den,לִבְנֵ֖י,1,False,,
13015009,3,,Söhnen,לִבְנֵ֖י,1,False,,
13015009,4,,Hebrons,חֶבְר֑וֹן,2,False,,
13015009,5,,Eliel,אֱלִיאֵ֥ל,3,False,,
13015009,6,,den,הַשָּׂ֖ר,4,False,,
13015009,7,,Obersten,הַשָּׂ֖ר,4,False,,
13015009,8,,und,וְאֶחָ֥יו,5,False,,
13015009,9,,seine,וְאֶחָ֥יו,5,False,,
13015009,10,,Brüder,וְאֶחָ֥יו,5,False,,
13015009,11,,80,שְׁמוֹנִֽים׃ ס,6,False,,
13015010,1,,von,לִבְנֵ֖י,1,False,,
13015010,2,,den,לִבְנֵ֖י,1,False,,
13015010,3,,Söhnen,לִבְנֵ֖י,1,False,,
13015010,4,,Ussiels,עֻזִּיאֵ֑ל,2,False,,
13015010,5,,Amminadab,עַמִּינָדָ֣ב,3,False,,
13015010,6,,den,הַשָּׂ֔ר,4,False,,
13015010,7,,Obersten,הַשָּׂ֔ר,4,False,,
13015010,8,,und,וְאֶחָ֕יו,5,False,,
13015010,9,,seine,וְאֶחָ֕יו,5,False,,
13015010,10,,Brüder,וְאֶחָ֕יו,5,False,,
13015010,11,,112,מֵאָ֖ה,6,False,,
13015011,1,,Und,וַיִּקְרָ֣א,1,False,,
13015011,2,,David,דָוִ֔יד,2,False,,
13015011,3,,berief,וַיִּקְרָ֣א,1,False,,
13015011,4,,Zadok,לְצָד֥וֹק,3,False,,
13015011,5,,und,וּלְאֶבְיָתָ֖ר,4,False,,
13015011,6,,Abjathar,וּלְאֶבְיָתָ֖ר,4,False,,
13015011,7,,die,הַכֹּֽהֲנִ֑ים,5,False,,
13015011,8,,Priester,הַכֹּֽהֲנִ֑ים,5,False,,
13015011,9,,und,וְלַלְוִיִּ֗ם,6,False,,
13015011,10,,die,וְלַלְוִיִּ֗ם,6,False,,
13015011,11,,Leviten,וְלַלְוִיִּ֗ם,6,False,,
13015011,12,,Uriel,לְאֽוּרִיאֵ֤ל,7,False,,
13015011,13,,Asaja,עֲשָׂיָה֙,8,False,,
13015011,14,,und,וְיוֹאֵ֣ל,9,False,,
13015011,15,,Joel,וְיוֹאֵ֣ל,9,False,,
13015011,16,,Schemaja,שְׁמַֽעְיָ֔ה,10,False,,
13015011,17,,und,וֶאֱלִיאֵ֖ל,11,False,,
13015011,18,,Eliel,וֶאֱלִיאֵ֖ל,11,False,,
13015011,19,,und,וְעַמִּינָדָֽב׃,12,False,,
13015011,20,,Amminadab,וְעַמִּינָדָֽב׃,12,False,,
13015012,1,,und,וַיֹּ֣אמֶר,1,False,,
13015012,2,,er,וַיֹּ֣אמֶר,1,False,,
13015012,3,,sprach,וַיֹּ֣אמֶר,1,False,,
13015012,4,,zu,לָהֶ֔ם,2,False,,
13015012,5,,ihnen,לָהֶ֔ם,2,False,,
13015012,6,,Ihr,אַתֶּ֛ם,3,False,,
13015012,7,,seid,אַתֶּ֛ם,3,True,,
13015012,8,,die,רָאשֵׁ֥י,4,True,,
13015012,9,,Häupter,רָאשֵׁ֥י,4,False,,
13015012,10,,der,הָאָב֖וֹת,5,False,,
13015012,11,,Väter,הָאָב֖וֹת,5,False,,
13015012,12,,der,לַלְוִיִּ֑ם,6,False,,
13015012,13,,Leviten,לַלְוִיִּ֑ם,6,False,,
13015012,14,,heiliget,הִֽתְקַדְּשׁוּ֙,7,False,,
13015012,15,,euch,אַתֶּ֣ם,8,False,,
13015012,16,,ihr,אַתֶּ֣ם,8,False,,
13015012,17,,und,וַאֲחֵיכֶ֔ם,9,False,,
13015012,18,,eure,וַאֲחֵיכֶ֔ם,9,False,,
13015012,19,,Brüder,וַאֲחֵיכֶ֔ם,9,False,,
13015012,20,,und,וְהַֽעֲלִיתֶ֗ם,10,False,,
13015012,21,,bringet,וְהַֽעֲלִיתֶ֗ם,10,False,,
13015012,22,,die,אֵ֣ת,11,False,,
13015012,23,,Lade,אֲר֤וֹן,12,False,,
13015012,24,,Jahwes,יְהוָה֙,13,False,,
13015012,25,,des,אֱלֹהֵ֣י,14,False,,
13015012,26,,Gottes,אֱלֹהֵ֣י,14,False,,
13015012,27,,Israels,יִשְׂרָאֵ֔ל,15,False,,
13015012,28,,hinauf,אֶל־,16,False,,
13015012,29,,an,אֶל־,16,False,,
13015012,30,,den,הֲכִינ֖וֹתִי,17,True,,
13015012,31,,Ort,הֲכִינ֖וֹתִי,17,False,,
13015012,32,,welchen,הֲכִינ֖וֹתִי,17,False,,
13015012,33,,ich,הֲכִינ֖וֹתִי,17,False,,
13015012,34,,für,לֽוֹ׃,18,False,,
13015012,35,,sie,לֽוֹ׃,18,False,,
13015012,36,,bereitet,הֲכִינ֖וֹתִי,17,False,,
13015012,37,,habe,הֲכִינ֖וֹתִי,17,False,,
13015013,1,,Denn,כִּ֛י,1,False,,
13015013,2,,weil,לְמַבָּרִ֥אשׁוֹנָ֖ה,2,False,,
13015013,3,,ihr,אַתֶּ֑ם,4,False,,
13015013,4,,das,לְמַבָּרִ֥אשׁוֹנָ֖ה,2,True,,
13015013,5,,vorige,לְמַבָּרִ֥אשׁוֹנָ֖ה,2,False,,
13015013,6,,Mal,לְמַבָּרִ֥אשׁוֹנָ֖ה,2,False,,
13015013,7,,es,לְמַבָּרִ֥אשׁוֹנָ֖ה,2,True,,
13015013,8,,nicht,לֹ֣א,3,False,,
13015013,9,,tatet,אַתֶּ֑ם,4,False,,
13015013,10,,so,פָּרַ֨ץ,5,False,,
13015013,11,,machte,פָּרַ֨ץ,5,False,,
13015013,12,,Jahwe,יְהוָ֤ה,6,False,,
13015013,13,,unser,אֱלֹהֵ֙ינוּ֙,7,False,,
13015013,14,,Gott,אֱלֹהֵ֙ינוּ֙,7,False,,
13015013,15,,einen,בָּ֔נוּ,8,True,,
13015013,16,,Bruch,פָּרַ֨ץ,5,False,,
13015013,17,,unter,בָּ֔נוּ,8,False,,
13015013,18,,uns,בָּ֔נוּ,8,False,,
13015013,19,,weil,כִּי־,9,False,,
13015013,20,,wir,דְרַשְׁנֻ֖הוּ,11,False,,
13015013,21,,ihn,דְרַשְׁנֻ֖הוּ,11,False,,
13015013,22,,nicht,לֹ֥א,10,False,,
13015013,23,,suchten,דְרַשְׁנֻ֖הוּ,11,False,,
13015013,24,,nach,כַּמִּשְׁפָּֽט׃,12,False,,
13015013,25,,der,כַּמִּשְׁפָּֽט׃,12,False,,
13015013,26,,Vorschrift,כַּמִּשְׁפָּֽט׃,12,False,,
13015014,1,,Da,וַיִּֽתְקַדְּשׁ֔וּ,1,False,,
13015014,2,,heiligten,וַיִּֽתְקַדְּשׁ֔וּ,1,False,,
13015014,3,,sich,וַיִּֽתְקַדְּשׁ֔וּ,1,False,,
13015014,4,,die,הַכֹּהֲנִ֖ים,2,True,,
13015014,5,,Priester,הַכֹּהֲנִ֖ים,2,False,,
13015014,6,,und,וְהַלְוִיִּ֑ם,3,False,,
13015014,7,,die,וְהַלְוִיִּ֑ם,3,True,,
13015014,8,,Leviten,וְהַלְוִיִּ֑ם,3,False,,
13015014,9,,um,לְהַעֲל֕וֹת,4,False,,
13015014,10,,die,אֶת־,5,True,,
13015014,11,,Lade,אֲר֥וֹן,6,False,,
13015014,12,,Jahwes,יְהוָ֖ה,7,False,,
13015014,13,,des,אֱלֹהֵ֥י,8,False,,
13015014,14,,Gottes,אֱלֹהֵ֥י,8,False,,
13015014,15,,Israels,יִשְׂרָאֵֽל׃,9,False,,
13015014,16,,hinaufzubringen,לְהַעֲל֕וֹת,4,False,,
13015015,1,,Und,וַיִּשְׂא֣וּ,1,False,,
13015015,2,,die,בְנֵֽי־,2,True,,
13015015,3,,Söhne,בְנֵֽי־,2,False,,
13015015,4,,der,הַלְוִיִּ֗ם,3,False,,
13015015,5,,Leviten,הַלְוִיִּ֗ם,3,False,,
13015015,6,,trugen,וַיִּשְׂא֣וּ,1,False,,
13015015,7,,die,אֵ֚ת,4,True,,
13015015,8,,Lade,אֲר֣וֹן,5,False,,
13015015,9,,Gottes,הָֽאֱלֹהִ֔ים,6,False,,
13015015,10,,auf,בִּכְתֵפָ֥ם,12,False,,
13015015,11,,ihren,בִּכְתֵפָ֥ם,12,False,,
13015015,12,,Schultern,בִּכְתֵפָ֥ם,12,False,,
13015015,13,,indem,כַּאֲשֶׁ֛ר,7,False,,
13015015,14,,sie,וַיִּשְׂא֣וּ,1,False,,
13015015,15,,die,בַּמֹּט֖וֹת,13,True,,
13015015,16,,Stangen,בַּמֹּט֖וֹת,13,False,,
13015015,17,,auf,עֲלֵיהֶֽם׃ פ,14,False,,
13015015,18,,sich,עֲלֵיהֶֽם׃ פ,14,False,,
13015015,19,,legten,עֲלֵיהֶֽם׃ פ,14,False,,
13015015,20,,so,כַּאֲשֶׁ֛ר,7,False,,
13015015,21,,wie,כַּאֲשֶׁ֛ר,7,False,,
13015015,22,,Mose,מֹשֶׁ֖ה,9,False,,
13015015,23,,geboten,צִוָּ֥ה,8,False,,
13015015,24,,hatte,צִוָּ֥ה,8,False,,
13015015,25,,nach,כִּדְבַ֣ר,10,False,,
13015015,26,,dem,כִּדְבַ֣ר,10,True,,
13015015,27,,Worte,כִּדְבַ֣ר,10,False,,
13015015,28,,Jahwes,יְהוָ֑ה,11,False,,
13015016,1,,Und,וַיֹּ֣אמֶר,1,False,,
13015016,2,,David,דָּוִיד֮,2,False,,
13015016,3,,befahl,וַיֹּ֣אמֶר,1,False,,
13015016,4,,den,לְשָׂרֵ֣י,3,True,,
13015016,5,,Obersten,לְשָׂרֵ֣י,3,False,,
13015016,6,,der,הַלְוִיִּם֒,4,False,,
13015016,7,,Leviten,הַלְוִיִּם֒,4,False,,
13015016,8,,ihre,אֲחֵיהֶם֙,7,False,,
13015016,9,,Brüder,אֲחֵיהֶם֙,7,False,,
13015016,10,,die,הַמְשֹׁ֣רְרִ֔ים,8,True,,
13015016,11,,Sänger,הַמְשֹׁ֣רְרִ֔ים,8,False,,
13015016,12,,mit,בִּכְלֵי־,9,False,,
13015016,13,,Musikinstrumenten,בִּכְלֵי־,9,False,,
13015016,14,,Harfen,נְבָלִ֥ים,11,False,,
13015016,15,,und,וְכִנֹּר֖וֹת,12,False,,
13015016,16,,Lauten,וְכִנֹּר֖וֹת,12,False,,
13015016,17,,und,וּמְצִלְתָּ֑יִם,13,False,,
13015016,18,,Cymbeln,וּמְצִלְתָּ֑יִם,13,False,,
13015016,19,,zu,לְהַֽעֲמִ֗יד,5,False,,
13015016,20,,bestellen,לְהַֽעֲמִ֗יד,5,False,,
13015016,21,,damit,מַשְׁמִיעִ֥ים,14,False,,
13015016,22,,sie,מַשְׁמִיעִ֥ים,14,False,,
13015016,23,,laut,בְּק֖וֹל,16,False,,
13015016,24,,spielten,מַשְׁמִיעִ֥ים,14,False,,
13015016,25,,indem,לְהָרִֽים־,15,False,,
13015016,26,,sie,לְהָרִֽים־,15,False,,
13015016,27,,die,בְּק֖וֹל,16,True,,
13015016,28,,Stimme,בְּק֖וֹל,16,False,,
13015016,29,,erhöben,לְהָרִֽים־,15,False,,
13015016,30,,mit,לְשִׂמְחָֽה׃ פ,17,False,,
13015016,31,,Freude,לְשִׂמְחָֽה׃ פ,17,False,,
13015017,1,,Und,וַיַּעֲמִ֣ידוּ,1,False,,
13015017,2,,die,הַלְוִיִּ֗ם,2,True,,
13015017,3,,Leviten,הַלְוִיִּ֗ם,2,False,,
13015017,4,,bestellten,וַיַּעֲמִ֣ידוּ,1,False,,
13015017,5,,Heman,הֵימָ֣ן,4,False,,
13015017,6,,den,בֶּן־,5,True,,
13015017,7,,Sohn,בֶּן־,5,False,,
13015017,8,,Joels,יוֹאֵ֔ל,6,False,,
13015017,9,,und,וּמִ֨ן־,7,False,,
13015017,10,,von,וּמִ֨ן־,7,False,,
13015017,11,,seinen,אֶחָ֔יו,8,False,,
13015017,12,,Brüdern,אֶחָ֔יו,8,False,,
13015017,13,,Asaph,אָסָ֖ף,9,False,,
13015017,14,,den,בֶּן־,10,True,,
13015017,15,,Sohn,בֶּן־,10,False,,
13015017,16,,Berekjas,בֶּֽרֶכְיָ֑הוּ ס,11,False,,
13015017,17,,und,וּמִן־,12,False,,
13015017,18,,von,וּמִן־,12,False,,
13015017,19,,den,בְּנֵ֤י,13,True,,
13015017,20,,Söhnen,בְּנֵ֤י,13,False,,
13015017,21,,Meraris,מְרָרִי֙,14,False,,
13015017,22,,ihren,אֲחֵיהֶ֔ם,15,False,,
13015017,23,,Brüdern,אֲחֵיהֶ֔ם,15,False,,
13015017,24,,Ethan,אֵיתָ֖ן,16,False,,
13015017,25,,den,בֶּן־,17,True,,
13015017,26,,Sohn,בֶּן־,17,False,,
13015017,27,,Kuschajas,קֽוּשָׁיָֽהוּ׃,18,False,,
13015018,1,,und,וְעִמָּהֶ֖ם,1,False,,
13015018,2,,mit,וְעִמָּהֶ֖ם,1,False,,
13015018,3,,ihnen,וְעִמָּהֶ֖ם,1,False,,
13015018,4,,ihre,אֲחֵיהֶ֣ם,2,False,,
13015018,5,,Brüder,אֲחֵיהֶ֣ם,2,False,,
13015018,6,,zweiten,הַמִּשְׁנִ֑ים,3,False,,
13015018,7,,Ranges,הַמִּשְׁנִ֑ים,3,False,,
13015018,8,,Sekarja,זְכַרְיָ֡הוּ,4,False,,
13015018,9,,Ben,בֵּ֡ן,5,False,,
13015018,10,,und,וְיַֽעֲזִיאֵ֡ל,6,False,,
13015018,11,,Jaasiel,וְיַֽעֲזִיאֵ֡ל,6,False,,
13015018,12,,und,וּשְׁמִֽירָמ֡וֹת,7,False,,
13015018,13,,Schemiramoth,וּשְׁמִֽירָמ֡וֹת,7,False,,
13015018,14,,und,וִיחִיאֵ֣ל׀,8,False,,
13015018,15,,Jechiel,וִיחִיאֵ֣ל׀,8,False,,
13015018,16,,und,וְעֻנִּ֡י,9,False,,
13015018,17,,Unni,וְעֻנִּ֡י,9,False,,
13015018,18,,Eliab,אֱלִיאָ֡ב,10,False,,
13015018,19,,und,וּבְנָיָ֡הוּ,11,False,,
13015018,20,,Benaja,וּבְנָיָ֡הוּ,11,False,,
13015018,21,,und,וּמַֽעֲשֵׂיָ֡הוּ,12,False,,
13015018,22,,Maaseja,וּמַֽעֲשֵׂיָ֡הוּ,12,False,,
13015018,23,,und,וּמַתִּתְיָהוּ֩,13,False,,
13015018,24,,Mattithja,וּמַתִּתְיָהוּ֩,13,False,,
13015018,25,,und,וֶאֱלִ֨יפְלֵ֜הוּ,14,False,,
13015018,26,,Elipheleh,וֶאֱלִ֨יפְלֵ֜הוּ,14,False,,
13015018,27,,und,וּמִקְנֵיָ֨הוּ,15,False,,
13015018,28,,Mikneja,וּמִקְנֵיָ֨הוּ,15,False,,
13015018,29,,und,וְעֹבֵ֥ד,16,False,,
13015018,30,Obed,Obed-Edom,וְעֹבֵ֥ד,16,True,,
13015018,30,Edom,Obed-Edom,אֱדֹ֛ם,17,True,,
13015018,31,,und,וִֽיעִיאֵ֖ל,18,False,,
13015018,32,,Jeghiel,וִֽיעִיאֵ֖ל,18,False,,
13015018,33,,die,הַשֹּׁעֲרִֽים׃,19,True,,
13015018,34,,Torhüter,הַשֹּׁעֲרִֽים׃,19,False,,
13015018,35,,,הַשֹּׁעֲרִֽים׃,19,False,,
13015019,1,,und,וְהַמְשֹׁ֣רְרִ֔ים,1,False,,
13015019,2,,zwar,וְהַמְשֹׁ֣רְרִ֔ים,1,False,,
13015019,3,,die,וְהַמְשֹׁ֣רְרִ֔ים,1,True,,
13015019,4,,Sänger,וְהַמְשֹׁ֣רְרִ֔ים,1,False,,
13015019,5,,Heman,הֵימָ֥ן,2,False,,
13015019,6,,Asaph,אָסָ֖ף,3,False,,
13015019,7,,und,וְאֵיתָ֑ן,4,False,,
13015019,8,,Ethan,וְאֵיתָ֑ן,4,False,,
13015019,9,,mit,בִּמְצִלְתַּ֥יִם,5,False,,
13015019,10,,ehernen,נְחֹ֖שֶׁת,6,False,,
13015019,11,,Cymbeln,בִּמְצִלְתַּ֥יִם,5,False,,
13015019,12,,um,לְהַשְׁמִֽיעַ׃,7,False,,
13015019,13,,laut,לְהַשְׁמִֽיעַ׃,7,False,,
13015019,14,,zu,לְהַשְׁמִֽיעַ׃,7,False,,
13015019,15,,spielen,לְהַשְׁמִֽיעַ׃,7,False,,
13015020,1,,und,וּזְכַרְיָ֨ה,1,False,,
13015020,2,,Sekarja,וּזְכַרְיָ֨ה,1,False,,
13015020,3,,und,וַעֲזִיאֵ֜ל,2,False,,
13015020,4,,Asiel,וַעֲזִיאֵ֜ל,2,False,,
13015020,5,,und,וּשְׁמִֽירָמ֤וֹת,3,False,,
13015020,6,,Schemiramoth,וּשְׁמִֽירָמ֤וֹת,3,False,,
13015020,7,,und,וִֽיחִיאֵל֙,4,False,,
13015020,8,,Jechiel,וִֽיחִיאֵל֙,4,False,,
13015020,9,,und,וְעֻנִּ֣י,5,False,,
13015020,10,,Unni,וְעֻנִּ֣י,5,False,,
13015020,11,,und,וֶֽאֱלִיאָ֔ב,6,False,,
13015020,12,,Eliab,וֶֽאֱלִיאָ֔ב,6,False,,
13015020,13,,und,וּמַעֲשֵׂיָ֖הוּ,7,False,,
13015020,14,,Maaseja,וּמַעֲשֵׂיָ֖הוּ,7,False,,
13015020,15,,und,וּבְנָיָ֑הוּ,8,False,,
13015020,16,,Benaja,וּבְנָיָ֑הוּ,8,False,,
13015020,17,,mit,בִּנְבָלִ֖ים,9,False,,
13015020,18,,Harfen,בִּנְבָלִ֖ים,9,False,,
13015020,19,,auf,עַל־,10,False,,
13015020,20,,Alamoth,עֲלָמֽוֹת׃,11,False,,
13015021,1,,und,וּמַתִּתְיָ֣הוּ,1,False,,
13015021,2,,Mattithja,וּמַתִּתְיָ֣הוּ,1,False,,
13015021,3,,und,וֶאֱלִֽיפְלֵ֗הוּ,2,False,,
13015021,4,,Elipheleh,וֶאֱלִֽיפְלֵ֗הוּ,2,False,,
13015021,5,,und,וּמִקְנֵיָ֙הוּ֙,3,False,,
13015021,6,,Mikneja,וּמִקְנֵיָ֙הוּ֙,3,False,,
13015021,7,,und,וְעֹבֵ֣ד,4,False,,
13015021,8,,Obed-Edom,וְעֹבֵ֣ד,4,False,,
13015021,8,,Obed-Edom,אֱדֹ֔ם,5,False,,
13015021,9,,und,וִֽיעִיאֵ֖ל,6,False,,
13015021,10,,Jeghiel,וִֽיעִיאֵ֖ל,6,False,,
13015021,11,,und,וַעֲזַזְיָ֑הוּ,7,False,,
13015021,12,,Asasja,וַעֲזַזְיָ֑הוּ,7,False,,
13015021,13,,mit,בְּכִנֹּר֥וֹת,8,False,,
13015021,14,,Lauten,בְּכִנֹּר֥וֹת,8,False,,
13015021,15,,auf,עַל־,9,False,,
13015021,16,,Scheminith,הַשְּׁמִינִ֖ית,10,False,,
13015021,17,,um,לְנַצֵּֽחַ׃,11,False,,
13015021,18,,den,לְנַצֵּֽחַ׃,11,True,,
13015021,19,,Gesang,לְנַצֵּֽחַ׃,11,False,,
13015021,20,,zu,לְנַצֵּֽחַ׃,11,True,,
13015021,21,,leiten,לְנַצֵּֽחַ׃,11,False,,
13015022,1,,Und,וּכְנַנְיָ֥הוּ,1,False,,
13015022,2,,Kenanja,וּכְנַנְיָ֥הוּ,1,False,,
13015022,3,,war,יָסֹר֙,5,False,,
13015022,4,,der,שַֽׂר־,2,True,,
13015022,5,,Anführer,שַֽׂר־,2,False,,
13015022,6,,der,הַלְוִיִּ֖ם,3,True,,
13015022,7,,Leviten,הַלְוִיִּ֖ם,3,False,,
13015022,8,,im,בְּמַשָּׂ֑א,4,False,,
13015022,9,,Gesang,בְּמַשָּׂ֑א,4,False,,
13015022,10,,er,הֽוּא׃,9,False,,
13015022,11,,unterwies,יָסֹר֙,5,False,,
13015022,12,,im,בַּמַּשָּׂ֔א,6,False,,
13015022,13,,Gesang,בַּמַּשָּׂ֔א,6,False,,
13015022,14,,denn,כִּ֥י,7,False,,
13015022,15,,er,הֽוּא׃,9,False,,
13015022,16,,war,מֵבִ֖ין,8,False,,
13015022,17,,kundig,מֵבִ֖ין,8,False,,
13015022,18,,darin,מֵבִ֖ין,8,True,,
13015023,1,,Und,וּבֶֽרֶכְיָה֙,1,False,,
13015023,2,,Berekja,וּבֶֽרֶכְיָה֙,1,False,,
13015023,3,,und,וְאֶלְקָנָ֔ה,2,False,,
13015023,4,,Elkana,וְאֶלְקָנָ֔ה,2,False,,
13015023,5,,waren,שֹׁעֲרִ֖ים,3,False,,
13015023,6,,Torhüter,שֹׁעֲרִ֖ים,3,False,,
13015023,7,,der,לָאָרֽוֹן׃,4,True,,
13015023,8,,Lade,לָאָרֽוֹן׃,4,False,,
13015024,1,,Und,וּשְׁבַנְיָ֡הוּ,1,False,,
13015024,2,,Schebanja,וּשְׁבַנְיָ֡הוּ,1,False,,
13015024,3,,und,וְיֽוֹשָׁפָ֡ט,2,False,,
13015024,4,,Josaphat,וְיֽוֹשָׁפָ֡ט,2,False,,
13015024,5,,und,וּנְתַנְאֵ֡ל,3,False,,
13015024,6,,Nethaneel,וּנְתַנְאֵ֡ל,3,False,,
13015024,7,,und,וַעֲמָשַׂ֡י,4,False,,
13015024,8,,Amasai,וַעֲמָשַׂ֡י,4,False,,
13015024,9,,und,וּ֠זְכַרְיָהוּ,5,False,,
13015024,10,,Sekarja,וּ֠זְכַרְיָהוּ,5,False,,
13015024,11,,und,וּבְנָיָ֤הוּ,6,False,,
13015024,12,,Benaja,וּבְנָיָ֤הוּ,6,False,,
13015024,13,,und,וֶֽאֱלִיעֶ֙זֶר֙,7,False,,
13015024,14,,Elieser,וֶֽאֱלִיעֶ֙זֶר֙,7,False,,
13015024,15,,die,הַכֹּ֣הֲנִ֔ים,8,True,,
13015024,16,,Priester,הַכֹּ֣הֲנִ֔ים,8,False,,
13015024,17,,schmetterten,מַחְצְרִים֙,9,False,,
13015024,18,,mit,בַּחֲצֹ֣צְר֔וֹת,10,False,,
13015024,19,,den,בַּחֲצֹ֣צְר֔וֹת,10,True,,
13015024,20,,Trompeten,בַּחֲצֹ֣צְר֔וֹת,10,False,,
13015024,21,,vor,לִפְנֵ֖י,11,False,,
13015024,22,,der,אֲר֣וֹן,12,True,,
13015024,23,,Lade,אֲר֣וֹן,12,False,,
13015024,24,,Gottes,הָֽאֱלֹהִ֑ים,13,False,,
13015024,25,,her,לִפְנֵ֖י,11,True,,
13015024,26,,Und,וְעֹבֵ֤ד,14,False,,
13015024,27,,Obed-Edom,וְעֹבֵ֤ד,14,False,,
13015024,28,,und,וִֽיחִיָּ֔ה,16,False,,
13015024,29,,Jechija,וִֽיחִיָּ֔ה,16,False,,
13015024,30,,waren,שֹׁעֲרִ֖ים,17,False,,
13015024,31,,Torhüter,שֹׁעֲרִ֖ים,17,False,,
13015024,32,,der,לָאָרֽוֹן׃,18,True,,
13015024,33,,Lade,לָאָרֽוֹן׃,18,False,,
13015025,1,,Und,וַיְהִ֥י,1,False,,
13015025,2,,so,וַיְהִ֥י,1,True,,
13015025,3,,zogen,הַהֹֽלְכִ֗ים,7,False,,
13015025,4,,David,דָוִ֛יד,2,False,,
13015025,5,,und,וְזִקְנֵ֥י,3,False,,
13015025,6,,die,וְזִקְנֵ֥י,3,True,,
13015025,7,,Ältesten,וְזִקְנֵ֥י,3,False,,
13015025,8,,von,יִשְׂרָאֵ֖ל,4,False,,
13015025,9,,Israel,יִשְׂרָאֵ֖ל,4,False,,
13015025,10,,und,וְשָׂרֵ֣י,5,False,,
13015025,11,,die,וְשָׂרֵ֣י,5,True,,
13015025,12,,Obersten,וְשָׂרֵ֣י,5,False,,
13015025,13,,über,הָאֲלָפִ֑ים,6,False,,
13015025,14,,tausend,הָאֲלָפִ֑ים,6,False,,
13015025,15,,hin,הַהֹֽלְכִ֗ים,7,False,,
13015025,16,,um,לְֽהַעֲל֞וֹת,8,False,,
13015025,17,,die,אֲר֧וֹן,10,True,,
13015025,18,,Lade,אֲר֧וֹן,10,False,,
13015025,19,,des,בְּרִית־,11,True,,
13015025,20,,Bundes,בְּרִית־,11,False,,
13015025,21,,Jahwes,יְהוָ֛ה,12,False,,
13015025,22,,aus,מִן־,13,False,,
13015025,23,,dem,בֵּ֥ית,14,True,,
13015025,24,,Hause,בֵּ֥ית,14,False,,
13015025,25,,Obed-Edoms,עֹבֵֽד־,15,False,,
13015025,26,,heraufzuholen,לְֽהַעֲל֞וֹת,8,False,,
13015025,27,,mit,בְּשִׂמְחָֽה׃ ס,17,False,,
13015025,28,,Freuden,בְּשִׂמְחָֽה׃ ס,17,False,,
13015026,1,,Und,וַֽיְהִי֙,1,False,,
13015026,2,,es,וַֽיְהִי֙,1,True,,
13015026,3,,geschah,וַֽיְהִי֙,1,False,,
13015026,4,,da,בֶּעְזֹ֣ר,2,False,,
13015026,5,,Gott,הָֽאֱלֹהִ֔ים,3,False,,
13015026,6,,den,אֶ֨ת־,4,False,,
13015026,7,,Leviten,הַלְוִיִּ֔ם,5,False,,
13015026,8,,half,בֶּעְזֹ֣ר,2,False,,
13015026,9,,welche,נֹשְׂאֵ֖י,6,False,,
13015026,10,,die,אֲר֣וֹן,7,True,,
13015026,11,,Lade,אֲר֣וֹן,7,False,,
13015026,12,,des,בְּרִית־,8,True,,
13015026,13,,Bundes,בְּרִית־,8,False,,
13015026,14,,Jahwes,יְהוָ֑ה,9,False,,
13015026,15,,trugen,נֹשְׂאֵ֖י,6,False,,
13015026,16,,so,וַיִּזְבְּח֥וּ,10,True,,
13015026,17,,opferten,וַיִּזְבְּח֥וּ,10,False,,
13015026,18,,sie,וַיִּזְבְּח֥וּ,10,False,,
13015026,19,,sieben,שִׁבְעָֽה־,11,False,,
13015026,20,,Farren,פָרִ֖ים,12,False,,
13015026,21,,und,וְשִׁבְעָ֥ה,13,False,,
13015026,22,,sieben,וְשִׁבְעָ֥ה,13,False,,
13015026,23,,Widder,אֵילִֽים׃,14,False,,
13015027,1,,Und,וְדָוִ֞יד,1,False,,
13015027,2,,David,וְדָוִ֞יד,1,False,,
13015027,3,,war,מְכֻרְבָּ֣ל׀,2,False,,
13015027,4,,angetan,מְכֻרְבָּ֣ל׀,2,False,,
13015027,5,,mit,בִּמְעִ֣יל,3,False,,
13015027,6,,einem,בִּמְעִ֣יל,3,True,,
13015027,7,,Oberkleide,בִּמְעִ֣יל,3,False,,
13015027,8,,von,בּ֗וּץ,4,False,,
13015027,9,,Byssus,בּ֗וּץ,4,False,,
13015027,10,,ebenso,וְכָל־,5,True,,
13015027,11,,alle,וְכָל־,5,False,,
13015027,12,,Leviten,הַלְוִיִּם֙,6,False,,
13015027,13,,welche,הַנֹּשְׂאִ֣ים,7,False,,
13015027,14,,die,אֶת־,8,True,,
13015027,15,,Lade,הָאָר֔וֹן,9,False,,
13015027,16,,trugen,הַנֹּשְׂאִ֣ים,7,False,,
13015027,17,,und,וְהַמְשֹׁ֣רְרִ֔ים,10,False,,
13015027,18,,die,וְהַמְשֹׁ֣רְרִ֔ים,10,True,,
13015027,19,,Sänger,וְהַמְשֹׁ֣רְרִ֔ים,10,False,,
13015027,20,,und,וּכְנַנְיָ֛ה,11,False,,
13015027,21,,Kenanja,וּכְנַנְיָ֛ה,11,False,,
13015027,22,,der,הַשַּׂ֥ר,12,False,,
13015027,23,,Anführer,הַשַּׂ֥ר,12,False,,
13015027,24,,des,הַמַּשָּׂ֖א,13,True,,
13015027,25,,Gesanges,הַמַּשָּׂ֖א,13,False,,
13015027,26,,der,הַמְשֹֽׁרְרִ֑ים,14,True,,
13015027,27,,Sänger,הַמְשֹֽׁרְרִ֑ים,14,False,,
13015027,28,,und,וְעַל־,15,False,,
13015027,29,,David,דָּוִ֖יד,16,False,,
13015027,30,,trug,מְכֻרְבָּ֣ל׀,2,False,,
13015027,31,,ein,אֵפ֥וֹד,17,True,,
13015027,32,,leinenes,בָּֽד׃,18,False,,
13015027,33,,Ephod,אֵפ֥וֹד,17,False,,
13015028,1,,Und,וְכָל־,1,False,,
13015028,2,,ganz,וְכָל־,1,False,,
13015028,3,,Israel,יִשְׂרָאֵ֗ל,2,False,,
13015028,4,,brachte,מַעֲלִים֙,3,False,,
13015028,5,,die,אֶת־,4,True,,
13015028,6,,Lade,אֲר֣וֹן,5,False,,
13015028,7,,des,בְּרִית־,6,True,,
13015028,8,,Bundes,בְּרִית־,6,False,,
13015028,9,,Jahwes,יְהוָ֔ה,7,False,,
13015028,10,,hinauf,מַעֲלִים֙,3,False,,
13015028,11,,mit,בִּתְרוּעָה֙,8,False,,
13015028,12,,Jauchzen,בִּתְרוּעָה֙,8,False,,
13015028,13,,und,וּבְק֣וֹל,9,False,,
13015028,14,,mit,וּבְק֣וֹל,9,False,,
13015028,15,,Posaunenschall,שׁוֹפָ֔ר,10,False,,
13015028,16,,und,וּבַחֲצֹצְר֖וֹת,11,False,,
13015028,17,,mit,וּבַחֲצֹצְר֖וֹת,11,False,,
13015028,18,,Trompeten,וּבַחֲצֹצְר֖וֹת,11,False,,
13015028,19,,und,וּבִמְצִלְתָּ֑יִם,12,False,,
13015028,20,,mit,וּבִמְצִלְתָּ֑יִם,12,False,,
13015028,21,,Cymbeln,וּבִמְצִלְתָּ֑יִם,12,False,,
13015028,22,,laut,מַשְׁמִעִ֕ים,13,False,,
13015028,23,,spielend,מַשְׁמִעִ֕ים,13,False,,
13015028,24,,mit,בִּנְבָלִ֖ים,14,False,,
13015028,25,,Harfen,בִּנְבָלִ֖ים,14,False,,
13015028,26,,und,וְכִנֹּרֽוֹת׃,15,False,,
13015028,27,,Lauten,וְכִנֹּרֽוֹת׃,15,False,,
13015029,1,,Und,וַיְהִ֗י,1,False,,
13015029,2,,es,וַיְהִ֗י,1,True,,
13015029,3,,geschah,וַיְהִ֗י,1,False,,
13015029,4,,als,וַיְהִ֗י,1,False,,
13015029,5,,die,אֲרוֹן֙,2,True,,
13015029,6,,Lade,אֲרוֹן֙,2,False,,
13015029,7,,des,בְּרִ֣ית,3,True,,
13015029,8,,Bundes,בְּרִ֣ית,3,False,,
13015029,9,,Jahwes,יְהוָ֔ה,4,False,,
13015029,10,,in,בָּ֖א,5,False,,
13015029,11,,die,עִ֣יר,7,True,,
13015029,12,,Stadt,עִ֣יר,7,False,,
13015029,13,,Davids,דָּוִ֑יד,8,False,,
13015029,14,,kam,בָּ֖א,5,False,,
13015029,15,,da,נִשְׁקְפָ֣ה׀,12,False,,
13015029,16,,schaute,נִשְׁקְפָ֣ה׀,12,False,,
13015029,17,,Michal,וּמִיכַ֨ל,9,False,,
13015029,18,,die,בַּת־,10,True,,
13015029,19,,Tochter,בַּת־,10,False,,
13015029,20,,Sauls,שָׁא֜וּל,11,False,,
13015029,21,,durchs,בְּעַ֣ד,13,False,,
13015029,22,,Fenster,הַחַלּ֗וֹן,14,False,,
13015029,23,,und,וַתֵּ֨רֶא,15,False,,
13015029,24,,sie,וַתֵּ֨רֶא,15,False,,
13015029,25,,sah,וַתֵּ֨רֶא,15,False,,
13015029,26,,den,אֶת־,16,True,,
13015029,27,,König,הַמֶּ֤לֶךְ,17,False,,
13015029,28,,David,דָּוִיד֙,18,False,,
13015029,29,,hüpfen,מְרַקֵּ֣ד,19,False,,
13015029,30,,und,וּמְשַׂחֵ֔ק,20,False,,
13015029,31,,spielen,וּמְשַׂחֵ֔ק,20,False,,
13015029,32,,und,וַתִּ֥בֶז,21,False,,
13015029,33,,sie,וַתִּ֥בֶז,21,False,,
13015029,34,,verachtete,וַתִּ֥בֶז,21,False,,
13015029,35,,ihn,ל֖וֹ,22,False,,
13015029,36,,in,בְּלִבָּֽהּ׃ פ,23,False,,
13015029,37,,ihrem,בְּלִבָּֽהּ׃ פ,23,True,,
13015029,38,,Herzen,בְּלִבָּֽהּ׃ פ,23,False,,
13016001,1,,Und,וַיָּבִ֙יאוּ֙,1,False,,
13016001,2,,sie,וַיָּבִ֙יאוּ֙,1,False,,
13016001,3,,brachten,וַיָּבִ֙יאוּ֙,1,False,,
13016001,4,,die,אֶת־,2,True,,
13016001,5,,Lade,אֲר֣וֹן,3,False,,
13016001,6,,Gottes,הָֽאֱלֹהִ֔ים,4,False,,
13016001,7,,hinein,וַיָּבִ֙יאוּ֙,1,False,,
13016001,8,,und,וַיַּצִּ֣יגוּ,5,False,,
13016001,9,,stellten,וַיַּצִּ֣יגוּ,5,False,,
13016001,10,,sie,אֹת֔וֹ,6,False,,
13016001,11,,innerhalb,בְּת֣וֹךְ,7,False,,
13016001,12,,des,הָאֹ֔הֶל,8,True,,
13016001,13,,Zeltes,הָאֹ֔הֶל,8,False,,
13016001,14,,das,אֲשֶׁ֥ר,9,False,,
13016001,15,,David,דָּוִ֑יד,12,False,,
13016001,16,,für,ל֖וֹ,11,False,,
13016001,17,,sie,ל֖וֹ,11,False,,
13016001,18,,aufgeschlagen,נָֽטָה־,10,False,,
13016001,19,,hatte,נָֽטָה־,10,False,,
13016001,20,,Und,וַיַּקְרִ֛יבוּ,13,False,,
13016001,21,,sie,וַיַּקְרִ֛יבוּ,13,False,,
13016001,22,,brachten,וַיַּקְרִ֛יבוּ,13,False,,
13016001,23,,Brandopfer,עֹל֥וֹת,14,False,,
13016001,24,,und,וּשְׁלָמִ֖ים,15,False,,
13016001,25,,Friedensopfer,וּשְׁלָמִ֖ים,15,False,,
13016001,26,,dar,וַיַּקְרִ֛יבוּ,13,False,,
13016001,27,,vor,לִפְנֵ֥י,16,False,,
13016001,28,,Gott,הָאֱלֹהִֽים׃,17,False,,
13016002,1,,Und,וַיְכַ֣ל,1,False,,
13016002,2,,als,וַיְכַ֣ל,1,False,,
13016002,3,,David,דָּוִ֔יד,2,False,,
13016002,4,,das,מֵהַעֲל֥וֹת,3,True,,
13016002,5,,Opfern,מֵהַעֲל֥וֹת,3,False,,
13016002,6,,der,הָעֹלָ֖ה,4,True,,
13016002,7,,Brandopfer,הָעֹלָ֖ה,4,False,,
13016002,8,,und,וְהַשְּׁלָמִ֑ים,5,False,,
13016002,9,,der,וְהַשְּׁלָמִ֑ים,5,True,,
13016002,10,,Friedensopfer,וְהַשְּׁלָמִ֑ים,5,False,,
13016002,11,,beendigt,וַיְכַ֣ל,1,False,,
13016002,12,,hatte,וַיְכַ֣ל,1,False,,
13016002,13,,segnete,וַיְבָ֥רֶךְ,6,False,,
13016002,14,,er,וַיְבָ֥רֶךְ,6,False,,
13016002,15,,das,אֶת־,7,True,,
13016002,16,,Volk,הָעָ֖ם,8,False,,
13016002,17,,im,בְּשֵׁ֥ם,9,False,,
13016002,18,,Namen,בְּשֵׁ֥ם,9,False,,
13016002,19,,Jahwes,יְהוָֽה׃,10,False,,
13016003,1,,und,וַיְחַלֵּק֙,1,False,,
13016003,2,,er,וַיְחַלֵּק֙,1,False,,
13016003,3,,verteilte,וַיְחַלֵּק֙,1,False,,
13016003,4,,an,לְכָל־,2,False,,
13016003,5,,ganz,לְכָל־,2,False,,
13016003,6,,Israel,יִשְׂרָאֵ֔ל,4,False,,
13016003,7,,vom,מֵאִ֖ישׁ,5,False,,
13016003,8,,Manne,מֵאִ֖ישׁ,5,False,,
13016003,9,,bis,וְעַד־,6,False,,
13016003,10,,zum,וְעַד־,6,False,,
13016003,11,,Weibe,אִשָּׁ֑ה,7,False,,
13016003,12,,an,לְאִישׁ֙,8,False,,
13016003,13,,jeden,לְאִישׁ֙,8,False,,
13016003,14,,einen,לְאִישׁ֙,8,True,,
13016003,15,,Laib,כִּכַּר־,9,False,,
13016003,16,,Brot,לֶ֔חֶם,10,False,,
13016003,17,,und,וְאֶשְׁפָּ֖ר,11,False,,
13016003,18,,einen,וְאֶשְׁפָּ֖ר,11,True,,
13016003,19,,Trunk,וְאֶשְׁפָּ֖ר,11,False,,
13016003,20,,Wein,וְאֶשְׁפָּ֖ר,11,False,,
13016003,21,,und,וַאֲשִׁישָֽׁה׃,12,False,,
13016003,22,,einen,וַאֲשִׁישָֽׁה׃,12,True,,
13016003,23,,Rosinenkuchen,וַאֲשִׁישָֽׁה׃,12,False,,
13016004,1,,Und,וַיִּתֵּ֞ן,1,False,,
13016004,2,,er,וַיִּתֵּ֞ן,1,False,,
13016004,3,,bestellte,וַיִּתֵּ֞ן,1,False,,
13016004,4,,vor,לִפְנֵ֨י,2,False,,
13016004,5,,die,אֲר֧וֹן,3,True,,
13016004,6,,Lade,אֲר֧וֹן,3,False,,
13016004,7,,Jahwes,יְהוָ֛ה,4,False,,
13016004,8,,einige,מִן־,5,False,,
13016004,9,,von,מִן־,5,False,,
13016004,10,,den,הַלְוִיִּ֖ם,6,True,,
13016004,11,,Leviten,הַלְוִיִּ֖ם,6,False,,
13016004,12,,als,מְשָׁרְתִ֑ים,7,False,,
13016004,13,,Diener,מְשָׁרְתִ֑ים,7,False,,
13016004,14,,daß,וּלְהַזְכִּיר֙,8,False,,
13016004,15,,sie,וּלְהַזְכִּיר֙,8,False,,
13016004,16,,Jahwes,לַיהוָ֖ה,11,False,,
13016004,17,,des,אֱלֹהֵ֥י,12,True,,
13016004,18,,Gottes,אֱלֹהֵ֥י,12,False,,
13016004,19,,Israels,יִשְׂרָאֵֽל׃ פ,13,False,,
13016004,20,,gedächten,וּלְהַזְכִּיר֙,8,False,,
13016004,21,,und,וּלְהוֹד֣וֹת,9,False,,
13016004,22,,ihn,וּלְהוֹד֣וֹת,9,False,,
13016004,23,,priesen,וּלְהוֹד֣וֹת,9,False,,
13016004,24,,und,וּלְהַלֵּ֔ל,10,False,,
13016004,25,,rühmten,וּלְהַלֵּ֔ל,10,False,,
13016005,1,,Asaph,אָסָ֥ף,1,False,,
13016005,2,,das,הָרֹ֖אשׁ,2,True,,
13016005,3,,Haupt,הָרֹ֖אשׁ,2,False,,
13016005,4,,und,וּמִשְׁנֵ֣הוּ,3,False,,
13016005,5,,Sekarja,זְכַרְיָ֑ה,4,False,,
13016005,6,,den,וּמִשְׁנֵ֣הוּ,3,True,,
13016005,7,,zweiten,וּמִשְׁנֵ֣הוּ,3,False,,
13016005,8,,nach,וּמִשְׁנֵ֣הוּ,3,True,,
13016005,9,,ihm,וּמִשְׁנֵ֣הוּ,3,False,,
13016005,10,,Jeghiel,יְעִיאֵ֡ל,5,False,,
13016005,11,,und,וּשְׁמִֽירָמ֡וֹת,6,False,,
13016005,12,,Schemiramoth,וּשְׁמִֽירָמ֡וֹת,6,False,,
13016005,13,,und,וִֽיחִיאֵ֡ל,7,False,,
13016005,14,,Jeghiel,וִֽיחִיאֵ֡ל,7,False,,
13016005,15,,und,וּמַתִּתְיָ֡ה,8,False,,
13016005,16,,Mattithja,וּמַתִּתְיָ֡ה,8,False,,
13016005,17,,und,וֶאֱלִיאָ֡ב,9,False,,
13016005,18,,Eliab,וֶאֱלִיאָ֡ב,9,False,,
13016005,19,,und,וּבְנָיָהוּ֩,10,False,,
13016005,20,,Benaja,וּבְנָיָהוּ֩,10,False,,
13016005,21,,und,וְעֹבֵ֨ד,11,False,,
13016005,22,Obed,Obed-Edom,וְעֹבֵ֨ד,11,True,,
13016005,22,,Obed-Edom,אֱדֹ֜ם,12,False,,
13016005,23,,und,וִֽיעִיאֵ֗ל,13,False,,
13016005,24,,Jeghiel,וִֽיעִיאֵ֗ל,13,False,,
13016005,25,,mit,בִּכְלֵ֤י,14,False,,
13016005,26,Harf,Harfinstrumenten,בִּכְלֵ֤י,14,True,,
13016005,26,,Harfinstrumenten,נְבָלִים֙,15,False,,
13016005,27,,und,וּבְכִנֹּר֔וֹת,16,False,,
13016005,28,,mit,וּבְכִנֹּר֔וֹת,16,False,,
13016005,29,,Lauten,וּבְכִנֹּר֔וֹת,16,False,,
13016005,30,,und,וְאָסָ֖ף,17,False,,
13016005,31,,Asaph,וְאָסָ֖ף,17,False,,
13016005,32,,mit,בַּֽמְצִלְתַּ֥יִם,18,False,,
13016005,33,,Cymbeln,בַּֽמְצִלְתַּ֥יִם,18,False,,
13016005,34,,laut,מַשְׁמִֽיעַ׃,19,False,,
13016005,35,,klingend,מַשְׁמִֽיעַ׃,19,False,,
13016006,1,,und,וּבְנָיָ֥הוּ,1,False,,
13016006,2,,Benaja,וּבְנָיָ֥הוּ,1,False,,
13016006,3,,und,וְיַחֲזִיאֵ֖ל,2,False,,
13016006,4,,Jachasiel,וְיַחֲזִיאֵ֖ל,2,False,,
13016006,5,,die,הַכֹּהֲנִ֑ים,3,True,,
13016006,6,,Priester,הַכֹּהֲנִ֑ים,3,False,,
13016006,7,,mit,בַּחֲצֹצְר֣וֹת,4,False,,
13016006,8,,Trompeten,בַּחֲצֹצְר֣וֹת,4,False,,
13016006,9,,beständig,תָּמִ֔יד,5,False,,
13016006,10,,vor,לִפְנֵ֖י,6,False,,
13016006,11,,der,אֲר֥וֹן,7,True,,
13016006,12,,Lade,אֲר֥וֹן,7,False,,
13016006,13,,des,בְּרִית־,8,False,,
13016006,14,,Bundes,בְּרִית־,8,False,,
13016006,15,,Gottes,הָאֱלֹהִֽים׃,9,False,,
13016007,1,,Damals,בַּיּ֣וֹם,1,False,,
13016007,2,,an,בַּיּ֣וֹם,1,False,,
13016007,3,,jenem,הַה֗וּא,2,False,,
13016007,4,,Tage,בַּיּ֣וֹם,1,False,,
13016007,5,,trug,נָתַ֤ן,4,False,,
13016007,6,,David,דָּוִיד֙,5,False,,
13016007,7,,zum,בָּרֹ֔אשׁ,6,False,,
13016007,8,,ersten,בָּרֹ֔אשׁ,6,False,,
13016007,9,,Male,בָּרֹ֔אשׁ,6,False,,
13016007,10,,Asaph,אָסָ֖ף,10,False,,
13016007,11,,und,וְאֶחָֽיו׃ פ,11,False,,
13016007,12,,seinen,וְאֶחָֽיו׃ פ,11,False,,
13016007,13,,Brüdern,וְאֶחָֽיו׃ פ,11,False,,
13016007,14,,auf,נָתַ֤ן,4,False,,
13016007,15,,Jahwe,לַיהוָ֑ה,8,False,,
13016007,16,,zu,לְהֹד֖וֹת,7,False,,
13016007,17,,preisen,לְהֹד֖וֹת,7,False,,
13016008,1,,Preiset,הוֹד֤וּ,1,False,,
13016008,2,,Jahwe,לַֽיהוָה֙,2,False,,
13016008,3,,rufet,קִרְא֣וּ,3,False,,
13016008,4,,seinen,בִשְׁמ֔וֹ,4,False,,
13016008,5,,Namen,בִשְׁמ֔וֹ,4,False,,
13016008,6,,an,קִרְא֣וּ,3,False,,
13016008,7,,machet,הוֹדִ֥יעוּ,5,False,,
13016008,8,,kund,הוֹדִ֥יעוּ,5,False,,
13016008,9,,unter,בָעַמִּ֖ים,6,False,,
13016008,10,,den,בָעַמִּ֖ים,6,False,,
13016008,11,,Völkern,בָעַמִּ֖ים,6,False,,
13016008,12,,seine,עֲלִילֹתָֽיו׃,7,False,,
13016008,13,,Taten,עֲלִילֹתָֽיו׃,7,False,,
13016009,1,,Singet,שִׁ֤ירוּ,1,False,,
13016009,2,,ihm,לוֹ֙,2,False,,
13016009,3,,singet,זַמְּרוּ־,3,False,,
13016009,4,,ihm,ל֔וֹ,4,False,,
13016009,5,,Psalmen,זַמְּרוּ־,3,False,,
13016009,6,,sinnet,שִׂ֖יחוּ,5,False,,
13016009,7,,über,בְּכָל־,6,False,,
13016009,8,,alle,בְּכָל־,6,False,,
13016009,9,,seine,נִפְלְאֹתָֽיו׃,7,False,,
13016009,10,,Wunderwerke,נִפְלְאֹתָֽיו׃,7,False,,
13016010,1,,Rühmet,הִֽתְהַֽלְלוּ֙,1,False,,
13016010,2,,euch,הִֽתְהַֽלְלוּ֙,1,False,,
13016010,3,,seines,בְּשֵׁ֣ם,2,False,,
13016010,4,,heiligen,קָדְשׁ֔וֹ,3,False,,
13016010,5,,Namens,בְּשֵׁ֣ם,2,False,,
13016010,6,,es,יִשְׂמַ֕ח,4,False,,
13016010,7,,freue,יִשְׂמַ֕ח,4,False,,
13016010,8,,sich,יִשְׂמַ֕ח,4,False,,
13016010,9,,das,לֵ֖ב,5,True,,
13016010,10,,Herz,לֵ֖ב,5,False,,
13016010,11,,derer,מְבַקְשֵׁ֥י,6,False,,
13016010,12,,die,מְבַקְשֵׁ֥י,6,False,,
13016010,13,,Jahwe,יְהוָֽה׃,7,False,,
13016010,14,,suchen,מְבַקְשֵׁ֥י,6,False,,
13016011,1,,Trachtet,דִּרְשׁ֤וּ,1,False,,
13016011,2,,nach,יְהוָה֙,2,True,,
13016011,3,,Jahwe,יְהוָה֙,2,False,,
13016011,4,,und,וְעֻזּ֔וֹ,3,False,,
13016011,5,,seiner,וְעֻזּ֔וֹ,3,False,,
13016011,6,,Stärke,וְעֻזּ֔וֹ,3,False,,
13016011,7,,suchet,בַּקְּשׁ֥וּ,4,False,,
13016011,8,,sein,פָנָ֖יו,5,False,,
13016011,9,,Angesicht,פָנָ֖יו,5,False,,
13016011,10,,beständig,תָּמִֽיד׃,6,False,,
13016012,1,,Gedenket,זִכְר֗וּ,1,False,,
13016012,2,,seiner,נִפְלְאֹתָיו֙,2,False,,
13016012,3,,Wunderwerke,נִפְלְאֹתָיו֙,2,False,,
13016012,4,,die,אֲשֶׁ֣ר,3,False,,
13016012,5,,er,עָשָׂ֔ה,4,False,,
13016012,6,,getan,עָשָׂ֔ה,4,False,,
13016012,7,,hat,עָשָׂ֔ה,4,True,,
13016012,8,,seiner,מֹפְתָ֖יו,5,False,,
13016012,9,,Wunderzeichen,מֹפְתָ֖יו,5,False,,
13016012,10,,und,וּמִשְׁפְּטֵי־,6,False,,
13016012,11,,der,וּמִשְׁפְּטֵי־,6,True,,
13016012,12,,Gerichte,וּמִשְׁפְּטֵי־,6,False,,
13016012,13,,seines,פִֽיהוּ׃,7,False,,
13016012,14,,Mundes,פִֽיהוּ׃,7,False,,
13016013,1,,Du,זֶ֚רַע,1,False,,
13016013,2,,Same,זֶ֚רַע,1,False,,
13016013,3,,Israels,יִשְׂרָאֵ֣ל,2,False,,
13016013,4,,sein,עַבְדּ֔וֹ,3,False,,
13016013,5,,Knecht,עַבְדּ֔וֹ,3,False,,
13016013,6,,ihr,בְּנֵ֥י,4,False,,
13016013,7,,Söhne,בְּנֵ֥י,4,False,,
13016013,8,,Jakobs,יַעֲקֹ֖ב,5,False,,
13016013,9,,seine,בְּחִירָֽיו׃,6,False,,
13016013,10,,Auserwählten,בְּחִירָֽיו׃,6,False,,
13016014,1,,Er,ה֚וּא,1,False,,
13016014,2,,Jahwe,יְהוָ֣ה,2,False,,
13016014,3,,ist,אֱלֹהֵ֔ינוּ,3,False,,
13016014,4,,unser,אֱלֹהֵ֔ינוּ,3,False,,
13016014,5,,Gott,אֱלֹהֵ֔ינוּ,3,False,,
13016014,6,,seine,מִשְׁפָּטָֽיו׃,6,False,,
13016014,7,,Gerichte,מִשְׁפָּטָֽיו׃,6,False,,
13016014,8,,sind,מִשְׁפָּטָֽיו׃,6,True,,
13016014,9,,auf,בְּכָל־,4,False,,
13016014,10,,der,הָאָ֖רֶץ,5,False,,
13016014,11,,ganzen,בְּכָל־,4,False,,
13016014,12,,Erde,הָאָ֖רֶץ,5,False,,
13016015,1,,Gedenket,זִכְר֤וּ,1,False,,
13016015,2,,ewiglich,לְעוֹלָם֙,2,False,,
13016015,3,,seines,בְּרִית֔וֹ,3,False,,
13016015,4,,Bundes,בְּרִית֔וֹ,3,False,,
13016015,5,,des,דָּבָ֥ר,4,True,,
13016015,6,,Wortes,דָּבָ֥ר,4,False,,
13016015,7,,das,צִוָּ֖ה,5,False,,
13016015,8,,er,צִוָּ֖ה,5,False,,
13016015,9,,geboten,צִוָּ֖ה,5,False,,
13016015,10,,hat,צִוָּ֖ה,5,True,,
13016015,11,,auf,לְאֶ֥לֶף,6,False,,
13016015,12,,tausend,לְאֶ֥לֶף,6,False,,
13016015,13,,Geschlechter,דּֽוֹר׃,7,False,,
13016015,14,,hin,דּֽוֹר׃,7,True,,
13016016,1,,den,אֲשֶׁ֤ר,1,False,,
13016016,2,,er,כָּרַת֙,2,False,,
13016016,3,,gemacht,כָּרַת֙,2,False,,
13016016,4,,hat,כָּרַת֙,2,True,,
13016016,5,,mit,אֶת־,3,False,,
13016016,6,,Abraham,אַבְרָהָ֔ם,4,False,,
13016016,7,,und,וּשְׁבוּעָת֖וֹ,5,False,,
13016016,8,,seines,וּשְׁבוּעָת֖וֹ,5,False,,
13016016,9,,Eides,וּשְׁבוּעָת֖וֹ,5,False,,
13016016,10,,den,לְיִצְחָֽק׃,6,True,,
13016016,11,,er,לְיִצְחָֽק׃,6,False,,
13016016,12,,Isaak,לְיִצְחָֽק׃,6,False,,
13016016,13,,geschworen,לְיִצְחָֽק׃,6,False,,
13016016,14,,hat,לְיִצְחָֽק׃,6,True,,
13016017,1,,Und,וַיַּעֲמִידֶ֤הָ,1,False,,
13016017,2,,er,וַיַּעֲמִידֶ֤הָ,1,False,,
13016017,3,,stellte,וַיַּעֲמִידֶ֤הָ,1,False,,
13016017,4,,ihn,וַיַּעֲמִידֶ֤הָ,1,False,,
13016017,5,,Jakob,לְיַעֲקֹב֙,2,False,,
13016017,6,,zur,לְחֹ֔ק,3,False,,
13016017,7,,Satzung,לְחֹ֔ק,3,False,,
13016017,8,,Israel,לְיִשְׂרָאֵ֖ל,4,False,,
13016017,9,,zum,בְּרִ֥ית,5,False,,
13016017,10,,ewigen,עוֹלָֽם׃,6,False,,
13016017,11,,Bunde,בְּרִ֥ית,5,False,,
13016018,1,,indem,לֵאמֹ֗ר,1,False,,
13016018,2,,er,לֵאמֹ֗ר,1,False,,
13016018,3,,sprach,לֵאמֹ֗ר,1,False,,
13016018,4,,Dir,לְךָ֙,2,False,,
13016018,5,,will,אֶתֵּ֣ן,3,False,,
13016018,6,,ich,אֶתֵּ֣ן,3,False,,
13016018,7,,das,אֶֽרֶץ־,4,True,,
13016018,8,,Land,אֶֽרֶץ־,4,False,,
13016018,9,,Kanaan,כְּנָ֔עַן,5,False,,
13016018,10,,geben,אֶתֵּ֣ן,3,False,,
13016018,11,,als,חֶ֖בֶל,6,False,,
13016018,12,,Schnur,חֶ֖בֶל,6,False,,
13016018,13,,eures,נַחֲלַתְכֶֽם׃,7,False,,
13016018,14,,Erbteils,נַחֲלַתְכֶֽם׃,7,False,,
13016019,1,,als,בִּֽהְיֽוֹתְכֶם֙,1,False,,
13016019,2,,ihr,בִּֽהְיֽוֹתְכֶם֙,1,False,,
13016019,3,,ein,מְתֵ֣י,2,True,,
13016019,4,,zählbares,מְתֵ֣י,2,False,,
13016019,5,,Häuflein,מִסְפָּ֔ר,3,False,,
13016019,6,,waret,בִּֽהְיֽוֹתְכֶם֙,1,False,,
13016019,7,,gar,כִּמְעַ֖ט,4,True,,
13016019,8,,wenige,כִּמְעַ֖ט,4,False,,
13016019,9,,und,וְגָרִ֥ים,5,False,,
13016019,10,,Fremdlinge,וְגָרִ֥ים,5,False,,
13016019,11,,darin,בָּֽהּ׃,6,False,,
13016020,1,,Und,וַיִּֽתְהַלְּכוּ֙,1,False,,
13016020,2,,sie,וַיִּֽתְהַלְּכוּ֙,1,False,,
13016020,3,,wanderten,וַיִּֽתְהַלְּכוּ֙,1,False,,
13016020,4,,von,מִגּ֣וֹי,2,False,,
13016020,5,,Nation,מִגּ֣וֹי,2,False,,
13016020,6,,zu,אֶל־,3,False,,
13016020,7,,Nation,גּ֔וֹי,4,False,,
13016020,8,,und,וּמִמַּמְלָכָ֖ה,5,False,,
13016020,9,,von,וּמִמַּמְלָכָ֖ה,5,False,,
13016020,10,,einem,וּמִמַּמְלָכָ֖ה,5,True,,
13016020,11,,Reiche,וּמִמַּמְלָכָ֖ה,5,False,,
13016020,12,,zu,אֶל־,6,False,,
13016020,13,,einem,עַ֥ם,7,True,,
13016020,14,,anderen,אַחֵֽר׃,8,False,,
13016020,15,,Volke,עַ֥ם,7,False,,
13016021,1,,Er,לֹא־,1,False,,
13016021,2,,ließ,הִנִּ֤יחַ,2,False,,
13016021,3,,niemand,לְאִישׁ֙,3,False,,
13016021,4,,zu,לְעָשְׁקָ֔ם,4,True,,
13016021,5,,sie,לְעָשְׁקָ֔ם,4,False,,
13016021,6,,zu,לְעָשְׁקָ֔ם,4,True,,
13016021,7,,bedrücken,לְעָשְׁקָ֔ם,4,False,,
13016021,8,,und,וַיּ֥וֹכַח,5,False,,
13016021,9,,ihretwegen,עֲלֵיהֶ֖ם,6,False,,
13016021,10,,strafte,וַיּ֥וֹכַח,5,False,,
13016021,11,,er,מְלָכִֽים׃,7,True,,
13016021,12,,Könige,מְלָכִֽים׃,7,False,,
13016022,1,,Tastet,תִּגְּעוּ֙,2,False,,
13016022,2,,meine,בִּמְשִׁיחָ֔י,3,False,,
13016022,3,,Gesalbten,בִּמְשִׁיחָ֔י,3,False,,
13016022,4,,nicht,אַֽל־,1,False,,
13016022,5,,an,תִּגְּעוּ֙,2,True,,
13016022,6,,und,וּבִנְבִיאַ֖י,4,False,,
13016022,7,,meinen,וּבִנְבִיאַ֖י,4,False,,
13016022,8,,Propheten,וּבִנְבִיאַ֖י,4,False,,
13016022,9,,tut,תָּרֵֽעוּ׃ פ,6,False,,
13016022,10,,nichts,אַל־,5,False,,
13016022,11,,Übles,תָּרֵֽעוּ׃ פ,6,False,,
13016023,1,,Singet,שִׁ֤ירוּ,1,False,,
13016023,2,,Jahwe,לַֽיהוָה֙,2,False,,
13016023,3,,ganze,כָּל־,3,False,,
13016023,4,,Erde,הָאָ֔רֶץ,4,False,,
13016023,5,,Verkündet,בַּשְּׂר֥וּ,5,False,,
13016023,6,,von,מִיּֽוֹם־,6,False,,
13016023,7,,Tag,מִיּֽוֹם־,6,False,,
13016023,8,,zu,אֶל־,7,False,,
13016023,9,,Tag,י֖וֹם,8,False,,
13016023,10,,seine,יְשׁוּעָתֽוֹ׃,9,False,,
13016023,11,,Rettung,יְשׁוּעָתֽוֹ׃,9,False,,
13016024,1,,Erzählet,סַפְּר֤וּ,1,False,,
13016024,2,,unter,בַגּוֹיִם֙,2,False,,
13016024,3,,den,אֶת־,3,True,,
13016024,4,,Nationen,בַגּוֹיִם֙,2,False,,
13016024,5,,seine,כְּבוֹד֔וֹ,4,False,,
13016024,6,,Herrlichkeit,כְּבוֹד֔וֹ,4,False,,
13016024,7,,unter,בְּכָל־,5,False,,
13016024,8,,allen,בְּכָל־,5,False,,
13016024,9,,Völkern,הָעַמִּ֖ים,6,False,,
13016024,10,,seine,נִפְלְאֹתָֽיו׃,7,False,,
13016024,11,,Wundertaten,נִפְלְאֹתָֽיו׃,7,False,,
13016025,1,,Denn,כִּי֩,1,False,,
13016025,2,,groß,גָד֨וֹל,2,False,,
13016025,3,,ist,יְהוָ֤ה,3,True,,
13016025,4,,Jahwe,יְהוָ֤ה,3,False,,
13016025,5,,und,וּמְהֻלָּל֙,4,False,,
13016025,6,,sehr,מְאֹ֔ד,5,False,,
13016025,7,,zu,וּמְהֻלָּל֙,4,True,,
13016025,8,,loben,וּמְהֻלָּל֙,4,False,,
13016025,9,,und,וְנוֹרָ֥א,6,False,,
13016025,10,,furchtbar,וְנוֹרָ֥א,6,False,,
13016025,11,,ist,ה֖וּא,7,True,,
13016025,12,,er,ה֖וּא,7,False,,
13016025,13,,über,עַל־,8,False,,
13016025,14,,alle,כָּל־,9,False,,
13016025,15,,Götter,אֱלֹהִֽים׃,10,False,,
13016026,1,,Denn,כִּ֠י,1,False,,
13016026,2,,alle,כָּל־,2,False,,
13016026,3,,Götter,אֱלֹהֵ֤י,3,False,,
13016026,4,,der,הָעַמִּים֙,4,True,,
13016026,5,,Völker,הָעַמִּים֙,4,False,,
13016026,6,,sind,אֱלִילִ֔ים,5,False,,
13016026,7,,Nichtigkeiten,אֱלִילִ֔ים,5,False,,
13016026,8,,aber,וַיהוָ֖ה,6,False,,
13016026,9,,Jahwe,וַיהוָ֖ה,6,False,,
13016026,10,,hat,עָשָֽׂה׃,8,False,,
13016026,11,,die,שָׁמַ֥יִם,7,True,,
13016026,12,,Himmel,שָׁמַ֥יִם,7,False,,
13016026,13,,gemacht,עָשָֽׂה׃,8,False,,
13016027,1,,Majestät,ה֤וֹד,1,False,,
13016027,2,,und,וְהָדָר֙,2,False,,
13016027,3,,Pracht,וְהָדָר֙,2,False,,
13016027,4,,sind,לְפָנָ֔יו,3,True,,
13016027,5,,vor,לְפָנָ֔יו,3,False,,
13016027,6,,seinem,לְפָנָ֔יו,3,False,,
13016027,7,,Angesicht,לְפָנָ֔יו,3,False,,
13016027,8,,Stärke,עֹ֥ז,4,False,,
13016027,9,,und,וְחֶדְוָ֖ה,5,False,,
13016027,10,,Freude,וְחֶדְוָ֖ה,5,False,,
13016027,11,,in,בִּמְקֹמֽוֹ׃,6,False,,
13016027,12,,seiner,בִּמְקֹמֽוֹ׃,6,False,,
13016027,13,,Wohnstätte,בִּמְקֹמֽוֹ׃,6,False,,
13016028,1,,Gebet,הָב֤וּ,1,False,,
13016028,2,,Jahwe,לַֽיהוָה֙,2,False,,
13016028,3,,ihr,מִשְׁפְּח֣וֹת,3,False,,
13016028,4,,Völkerstämme,מִשְׁפְּח֣וֹת,3,False,,
13016028,5,,gebet,הָב֥וּ,5,False,,
13016028,6,,Jahwe,לַיהוָ֖ה,6,False,,
13016028,7,,Herrlichkeit,כָּב֥וֹד,7,False,,
13016028,8,,und,וָעֹֽז׃,8,False,,
13016028,9,,Stärke,וָעֹֽז׃,8,False,,
13016029,1,,Gebet,הָב֥וּ,1,False,,
13016029,2,,Jahwe,לַיהוָ֖ה,2,False,,
13016029,3,,die,כְּב֣וֹד,3,True,,
13016029,4,,Herrlichkeit,כְּב֣וֹד,3,False,,
13016029,5,,seines,שְׁמ֑וֹ,4,False,,
13016029,6,,Namens,שְׁמ֑וֹ,4,False,,
13016029,7,,bringet,שְׂא֤וּ,5,False,,
13016029,8,,eine,מִנְחָה֙,6,True,,
13016029,9,,Opfergabe,מִנְחָה֙,6,False,,
13016029,10,,und,וּבֹ֣אוּ,7,False,,
13016029,11,,kommet,וּבֹ֣אוּ,7,False,,
13016029,12,,vor,לְפָנָ֔יו,8,False,,
13016029,13,,sein,לְפָנָ֔יו,8,False,,
13016029,14,,Angesicht,לְפָנָ֔יו,8,False,,
13016029,15,,betet,הִשְׁתַּחֲו֥וּ,9,False,,
13016029,16,,Jahwe,לַיהוָ֖ה,10,False,,
13016029,17,,an,הִשְׁתַּחֲו֥וּ,9,True,,
13016029,18,,in,בְּהַדְרַת־,11,False,,
13016029,19,,heiliger,קֹֽדֶשׁ׃,12,False,,
13016029,20,,Pracht,בְּהַדְרַת־,11,False,,
13016030,1,,Erzittert,חִ֤ילוּ,1,False,,
13016030,2,,vor,מִלְּפָנָיו֙,2,False,,
13016030,3,,ihm,מִלְּפָנָיו֙,2,False,,
13016030,4,,ganze,כָּל־,3,False,,
13016030,5,,Erde,הָאָ֔רֶץ,4,False,,
13016030,6,,Auch,אַף־,5,False,,
13016030,7,,steht,תִּכּ֥וֹן,6,False,,
13016030,8,,der,תֵּבֵ֖ל,7,True,,
13016030,9,,Erdkreis,תֵּבֵ֖ל,7,False,,
13016030,10,,fest,תִּכּ֥וֹן,6,False,,
13016030,11,,er,בַּל־,8,True,,
13016030,12,,wird,תִּמּֽוֹט׃,9,False,,
13016030,13,,nicht,בַּל־,8,False,,
13016030,14,,wanken,תִּמּֽוֹט׃,9,False,,
13016031,1,,Es,יִשְׂמְח֤וּ,1,False,,
13016031,2,,freue,יִשְׂמְח֤וּ,1,False,,
13016031,3,,sich,יִשְׂמְח֤וּ,1,True,,
13016031,4,,der,הַשָּׁמַ֙יִם֙,2,True,,
13016031,5,,Himmel,הַשָּׁמַ֙יִם֙,2,False,,
13016031,6,,und,וְתָגֵ֣ל,3,False,,
13016031,7,,es,וְתָגֵ֣ל,3,True,,
13016031,8,,frohlocke,וְתָגֵ֣ל,3,False,,
13016031,9,,die,הָאָ֔רֶץ,4,True,,
13016031,10,,Erde,הָאָ֔רֶץ,4,False,,
13016031,11,,und,וְיֹאמְר֥וּ,5,False,,
13016031,12,,man,וְיֹאמְר֥וּ,5,True,,
13016031,13,,spreche,וְיֹאמְר֥וּ,5,False,,
13016031,14,,unter,בַגּוֹיִ֖ם,6,False,,
13016031,15,,den,בַגּוֹיִ֖ם,6,True,,
13016031,16,,Nationen,בַגּוֹיִ֖ם,6,False,,
13016031,17,,Jahwe,יְהוָ֥ה,7,False,,
13016031,18,,regiert,מָלָֽךְ׃,8,False,,
13016032,1,,Es,יִרְעַ֤ם,1,True,,
13016032,2,,brause,יִרְעַ֤ם,1,False,,
13016032,3,,das,הַיָּם֙,2,True,,
13016032,4,,Meer,הַיָּם֙,2,False,,
13016032,5,,und,וּמְלוֹא֔וֹ,3,False,,
13016032,6,,seine,וּמְלוֹא֔וֹ,3,False,,
13016032,7,,Fülle,וּמְלוֹא֔וֹ,3,False,,
13016032,8,,es,יַעֲלֹ֥ץ,4,True,,
13016032,9,,frohlocke,יַעֲלֹ֥ץ,4,False,,
13016032,10,,das,הַשָּׂדֶ֖ה,5,True,,
13016032,11,,Gefilde,הַשָּׂדֶ֖ה,5,False,,
13016032,12,,und,וְכָל־,6,False,,
13016032,13,,alles,וְכָל־,6,False,,
13016032,14,,was,אֲשֶׁר־,7,False,,
13016032,15,,darauf,בּֽוֹ׃,8,False,,
13016032,16,,ist,בּֽוֹ׃,8,False,,
13016033,1,,Dann,אָ֥ז,1,False,,
13016033,2,,werden,יְרַנְּנ֖וּ,2,True,,
13016033,3,,jubeln,יְרַנְּנ֖וּ,2,False,,
13016033,4,,die,עֲצֵ֣י,3,True,,
13016033,5,,Bäume,עֲצֵ֣י,3,False,,
13016033,6,,des,הַיָּ֑עַר,4,False,,
13016033,7,,Waldes,הַיָּ֑עַר,4,False,,
13016033,8,,vor,מִלִּפְנֵ֣י,5,False,,
13016033,9,,Jahwe,יְהוָ֔ה,6,False,,
13016033,10,,denn,כִּי־,7,False,,
13016033,11,,er,בָ֖א,8,False,,
13016033,12,,kommt,בָ֖א,8,False,,
13016033,13,,die,אֶת־,10,True,,
13016033,14,,Erde,הָאָֽרֶץ׃,11,False,,
13016033,15,,zu,לִשְׁפּ֥וֹט,9,False,,
13016033,16,,richten,לִשְׁפּ֥וֹט,9,False,,
13016034,1,,Preiset,הוֹד֤וּ,1,False,,
13016034,2,,Jahwe,לַיהוָה֙,2,False,,
13016034,3,,denn,כִּ֣י,3,False,,
13016034,4,,er,ט֔וֹב,4,False,,
13016034,5,,ist,ט֔וֹב,4,False,,
13016034,6,,gütig,ט֔וֹב,4,False,,
13016034,7,,denn,כִּ֥י,5,False,,
13016034,8,,seine,חַסְדּֽוֹ׃,7,False,,
13016034,9,,Güte,חַסְדּֽוֹ׃,7,False,,
13016034,10,,währt,לְעוֹלָ֖ם,6,False,,
13016034,11,,ewiglich,לְעוֹלָ֖ם,6,False,,
13016035,1,,Und,וְאִמְר֕וּ,1,False,,
13016035,2,,sprechet,וְאִמְר֕וּ,1,False,,
13016035,3,,Rette,הוֹשִׁיעֵ֙נוּ֙,2,False,,
13016035,4,,uns,הוֹשִׁיעֵ֙נוּ֙,2,False,,
13016035,5,,Gott,אֱלֹהֵ֣י,3,False,,
13016035,6,,unserer,יִשְׁעֵ֔נוּ,4,False,,
13016035,7,,Rettung,יִשְׁעֵ֔נוּ,4,False,,
13016035,8,,und,וְקַבְּצֵ֥נוּ,5,False,,
13016035,9,,sammle,וְקַבְּצֵ֥נוּ,5,False,,
13016035,10,,und,וְהַצִּילֵ֖נוּ,6,False,,
13016035,11,,befreie,וְהַצִּילֵ֖נוּ,6,False,,
13016035,12,,uns,וְהַצִּילֵ֖נוּ,6,False,,
13016035,13,,aus,מִן־,7,False,,
13016035,14,,den,הַגּוֹיִ֑ם,8,True,,
13016035,15,,Nationen,הַגּוֹיִ֑ם,8,False,,
13016035,16,,daß,לְהֹדוֹת֙,9,False,,
13016035,17,,wir,לְהֹדוֹת֙,9,False,,
13016035,18,,deinen,קָדְשֶׁ֔ךָ,11,False,,
13016035,19,,heiligen,קָדְשֶׁ֔ךָ,11,False,,
13016035,20,,Namen,לְשֵׁ֣ם,10,False,,
13016035,21,,preisen,לְהֹדוֹת֙,9,False,,
13016035,22,,daß,לְהִשְׁתַּבֵּ֖חַ,12,False,,
13016035,23,,wir,לְהִשְׁתַּבֵּ֖חַ,12,False,,
13016035,24,,uns,לְהִשְׁתַּבֵּ֖חַ,12,False,,
13016035,25,,rühmen,לְהִשְׁתַּבֵּ֖חַ,12,False,,
13016035,26,,deines,בִּתְהִלָּתֶֽךָ׃,13,False,,
13016035,27,,Lobes,בִּתְהִלָּתֶֽךָ׃,13,False,,
13016036,1,,Gepriesen,בָּר֤וּךְ,1,False,,
13016036,2,,sei,בָּר֤וּךְ,1,False,,
13016036,3,,Jahwe,יְהוָה֙,2,False,,
13016036,4,,der,אֱלֹהֵ֣י,3,True,,
13016036,5,,Gott,אֱלֹהֵ֣י,3,False,,
13016036,6,,Israels,יִשְׂרָאֵ֔ל,4,False,,
13016036,7,,von,מִן־,5,False,,
13016036,8,,Ewigkeit,הָעוֹלָ֖ם,6,False,,
13016036,9,,zu,וְעַ֣ד,7,False,,
13016036,10,,Ewigkeit,הָעֹלָ֑ם,8,False,,
13016036,11,,Und,וַיֹּאמְר֤וּ,9,False,,
13016036,12,,alles,כָל־,10,False,,
13016036,13,,Volk,הָעָם֙,11,False,,
13016036,14,,sprach,וַיֹּאמְר֤וּ,9,False,,
13016036,15,,Amen,אָמֵ֔ן,12,False,,
13016036,16,,und,וְהַלֵּ֖ל,13,False,,
13016036,17,,lobte,וְהַלֵּ֖ל,13,False,,
13016036,18,,Jahwe,לַֽיהוָֽה׃ פ,14,False,,
13016037,1,,Und,וַיַּֽעֲזָב־,1,False,,
13016037,2,,David,וַיַּֽעֲזָב־,1,False,,
13016037,3,,ließ,וַיַּֽעֲזָב־,1,False,,
13016037,4,,daselbst,שָׁ֗ם,2,False,,
13016037,5,,vor,לִפְנֵי֙,3,False,,
13016037,6,,der,אֲר֣וֹן,4,True,,
13016037,7,,Lade,אֲר֣וֹן,4,False,,
13016037,8,,des,בְּרִית־,5,False,,
13016037,9,,Bundes,בְּרִית־,5,False,,
13016037,10,,Jahwes,יְהוָ֔ה,6,False,,
13016037,11,,Asaph,לְאָסָ֖ף,7,False,,
13016037,12,,und,וּלְאֶחָ֑יו,8,False,,
13016037,13,,seine,וּלְאֶחָ֑יו,8,False,,
13016037,14,,Brüder,וּלְאֶחָ֑יו,8,False,,
13016037,15,,um,לְשָׁרֵ֞ת,9,False,,
13016037,16,,beständig,תָּמִ֖יד,12,False,,
13016037,17,,vor,לִפְנֵ֧י,10,False,,
13016037,18,,der,הָאָר֛וֹן,11,True,,
13016037,19,,Lade,הָאָר֛וֹן,11,False,,
13016037,20,,zu,לְשָׁרֵ֞ת,9,False,,
13016037,21,,dienen,לְשָׁרֵ֞ת,9,False,,
13016037,22,,nach,לִדְבַר־,13,False,,
13016037,23,,der,י֥וֹם,14,True,,
13016037,24,,täglichen,י֥וֹם,14,False,,
13016037,25,,Gebühr,בְּיוֹמֽוֹ׃,15,False,,
13016038,1,,und,וְעֹבֵ֥ד,1,False,,
13016038,2,,Obed-Edom,וְעֹבֵ֥ד,1,False,,
13016038,3,,und,וַאֲחֵיהֶ֖ם,3,False,,
13016038,4,,seine,וַאֲחֵיהֶ֖ם,3,False,,
13016038,5,,Brüder,וַאֲחֵיהֶ֖ם,3,False,,
13016038,6,,68,שִׁשִּׁ֣ים,4,False,,
13016038,7,,und,וְעֹבֵ֨ד,6,False,,
13016038,8,,Obed-Edom,וְעֹבֵ֨ד,6,False,,
13016038,9,,den,בֶּן־,8,True,,
13016038,10,,Sohn,בֶּן־,8,False,,
13016038,11,,Jeduthuns,יְדִית֛וּן,9,False,,
13016038,12,,und,וְחֹסָ֖ה,10,False,,
13016038,13,,Hosa,וְחֹסָ֖ה,10,False,,
13016038,14,,als,לְשֹׁעֲרִֽים׃,11,False,,
13016038,15,,Torhüter,לְשֹׁעֲרִֽים׃,11,False,,
13016039,1,,Zadok,צָד֣וֹק,2,False,,
13016039,2,,den,הַכֹּהֵ֗ן,3,True,,
13016039,3,,Priester,הַכֹּהֵ֗ן,3,False,,
13016039,4,,aber,וְאֵ֣ת׀,1,False,,
13016039,5,,und,וְאֶחָיו֙,4,False,,
13016039,6,,seine,וְאֶחָיו֙,4,False,,
13016039,7,,Brüder,וְאֶחָיו֙,4,False,,
13016039,8,,die,הַכֹּ֣הֲנִ֔ים,5,True,,
13016039,9,,Priester,הַכֹּ֣הֲנִ֔ים,5,False,,
13016039,10,,ließ,וּשְׁמוֹנָ֑ה,5,False,,
13016039,11,,er,וּשְׁמוֹנָ֑ה,5,False,,
13016039,12,,vor,לִפְנֵ֖י,6,False,,
13016039,13,,der,מִשְׁכַּ֣ן,7,True,,
13016039,14,,Wohnung,מִשְׁכַּ֣ן,7,False,,
13016039,15,,Jahwes,יְהוָ֑ה,8,False,,
13016039,16,,auf,בַּבָּמָ֖ה,9,False,,
13016039,17,,der,בַּבָּמָ֖ה,9,False,,
13016039,18,,Höhe,בַּבָּמָ֖ה,9,False,,
13016039,19,,die,אֲשֶׁ֥ר,10,False,,
13016039,20,,zu,אֲשֶׁ֥ר,10,False,,
13016039,21,,Gibeon,בְּגִבְעֽוֹן׃,11,False,,
13016039,22,,ist,אֲשֶׁ֥ר,10,False,,
13016040,1,,um,לְֽהַעֲלוֹת֩,1,False,,
13016040,2,,Jahwe,לַיהוָ֜ה,3,False,,
13016040,3,,Brandopfer,עֹל֨וֹת,2,False,,
13016040,4,,zu,לְֽהַעֲלוֹת֩,1,False,,
13016040,5,,opfern,לְֽהַעֲלוֹת֩,1,False,,
13016040,6,,auf,עַל־,4,False,,
13016040,7,,dem,מִזְבַּ֧ח,5,True,,
13016040,8,,Brandopferaltar,מִזְבַּ֧ח,5,False,,
13016040,9,,beständig,תָּמִ֖יד,7,False,,
13016040,10,,des,הָעֹלָ֛ה,6,False,,
13016040,11,,Morgens,לַבֹּ֣קֶר,8,False,,
13016040,12,,und,וְלָעָ֑רֶב,9,False,,
13016040,13,,des,וְלָעָ֑רֶב,9,False,,
13016040,14,,Abends,וְלָעָ֑רֶב,9,False,,
13016040,15,,und,וּלְכָל־,10,False,,
13016040,16,,zwar,וּלְכָל־,10,False,,
13016040,17,,nach,וּלְכָל־,10,False,,
13016040,18,,allem,וּלְכָל־,10,False,,
13016040,19,,was,אֲשֶׁ֥ר,14,False,,
13016040,20,,in,בְּתוֹרַ֣ת,12,False,,
13016040,21,,dem,בְּתוֹרַ֣ת,12,False,,
13016040,22,,Gesetz,בְּתוֹרַ֣ת,12,False,,
13016040,23,,Jahwes,יְהוָ֔ה,13,False,,
13016040,24,,geschrieben,הַכָּתוּב֙,11,False,,
13016040,25,,steht,הַכָּתוּב֙,11,False,,
13016040,26,,das,אֲשֶׁ֥ר,14,True,,
13016040,27,,er,צִוָּ֖ה,15,False,,
13016040,28,,Israel,יִשְׂרָאֵֽל׃,17,False,,
13016040,29,,geboten,צִוָּ֖ה,15,False,,
13016040,30,,hat,צִוָּ֖ה,15,False,,
13016041,1,,und,וְעִמָּהֶם֙,1,False,,
13016041,2,,mit,וְעִמָּהֶם֙,1,False,,
13016041,3,,ihnen,וְעִמָּהֶם֙,1,False,,
13016041,4,,Heman,הֵימָ֣ן,2,False,,
13016041,5,,und,וִֽידוּת֔וּן,3,False,,
13016041,6,,Jeduthun,וִֽידוּת֔וּן,3,False,,
13016041,7,,und,וּשְׁאָר֙,4,False,,
13016041,8,,die,הַבְּרוּרִ֔ים,5,True,,
13016041,9,,übrigen,הַבְּרוּרִ֔ים,5,False,,
13016041,10,,Auserlesenen,הַבְּרוּרִ֔ים,5,False,,
13016041,11,,welche,אֲשֶׁ֥ר,6,False,,
13016041,12,,mit,נִקְּב֖וּ,7,True,,
13016041,13,,Namen,בְּשֵׁמ֑וֹת,8,False,,
13016041,14,,angegeben,נִקְּב֖וּ,7,False,,
13016041,15,,waren,נִקְּב֖וּ,7,True,,
13016041,16,,um,לְהֹדוֹת֙,9,True,,
13016041,17,,Jahwe,לַֽיהוָ֔ה,10,False,,
13016041,18,,zu,לְהֹדוֹת֙,9,False,,
13016041,19,,preisen,לְהֹדוֹת֙,9,False,,
13016041,20,,daß,כִּ֥י,11,False,,
13016041,21,,seine,חַסְדּֽוֹ׃,13,False,,
13016041,22,,Güte,חַסְדּֽוֹ׃,13,False,,
13016041,23,,ewiglich,לְעוֹלָ֖ם,12,False,,
13016041,24,,währt,לְעוֹלָ֖ם,12,True,,
13016042,1,,und,וְעִמָּהֶם֩,1,False,,
13016042,2,,mit,וְעִמָּהֶם֩,1,False,,
13016042,3,,ihnen,וְעִמָּהֶם֩,1,False,,
13016042,4,,mit,וְעִמָּהֶם֩,1,False,,
13016042,5,,Heman,הֵימָ֨ן,2,False,,
13016042,6,,und,וִֽידוּת֜וּן,3,False,,
13016042,7,,Jeduthun,וִֽידוּת֜וּן,3,False,,
13016042,8,,waren,לְמַשְׁמִיעִ֔ים,6,True,,
13016042,9,,Trompeten,חֲצֹצְר֤וֹת,4,False,,
13016042,10,,und,וּמְצִלְתַּ֙יִם֙,5,True,,
13016042,11,,Cymbeln,וּמְצִלְתַּ֙יִם֙,5,False,,
13016042,12,,für,לְמַשְׁמִיעִ֔ים,6,False,,
13016042,13,,die,לְמַשְׁמִיעִ֔ים,6,True,,
13016042,14,,welche,לְמַשְׁמִיעִ֔ים,6,True,,
13016042,15,,laut,לְמַשְׁמִיעִ֔ים,6,False,,
13016042,16,,spielten,לְמַשְׁמִיעִ֔ים,6,False,,
13016042,17,,und,וּכְלֵ֖י,7,True,,
13016042,18,,die,וּכְלֵ֖י,7,True,,
13016042,19,,Musikinstrumente,וּכְלֵ֖י,7,False,,
13016042,20,,Gottes,הָאֱלֹהִ֑ים,9,False,,
13016042,21,,und,וּבְנֵ֥י,10,False,,
13016042,22,,die,וּבְנֵ֥י,10,True,,
13016042,23,,Söhne,וּבְנֵ֥י,10,False,,
13016042,24,,Jeduthuns,יְדוּת֖וּן,11,False,,
13016042,25,,waren,יְדוּת֖וּן,11,True,,
13016042,26,,für,לַשָּֽׁעַר׃,12,False,,
13016042,27,,das,לַשָּֽׁעַר׃,12,True,,
13016042,28,,Tor,לַשָּֽׁעַר׃,12,False,,
13016043,1,,Und,וַיֵּלְכ֥וּ,1,False,,
13016043,2,,das,הָעָ֖ם,3,True,,
13016043,3,,ganze,כָל־,2,False,,
13016043,4,,Volk,הָעָ֖ם,3,False,,
13016043,5,,ging,וַיֵּלְכ֥וּ,1,False,,
13016043,6,,hin,וַיֵּלְכ֥וּ,1,True,,
13016043,7,,ein,אִ֣ישׁ,4,True,,
13016043,8,,jeder,אִ֣ישׁ,4,False,,
13016043,9,,nach,לְבֵית֑וֹ,5,False,,
13016043,10,,seinem,לְבֵית֑וֹ,5,False,,
13016043,11,,Hause,לְבֵית֑וֹ,5,False,,
13016043,12,,und,וַיִּסֹּ֥ב,6,False,,
13016043,13,,David,דָּוִ֖יד,7,False,,
13016043,14,,wandte,וַיִּסֹּ֥ב,6,False,,
13016043,15,,sich,וַיִּסֹּ֥ב,6,True,,
13016043,16,,um,לְבָרֵ֥ךְ,8,False,,
13016043,17,,sein,בֵּיתֽוֹ׃ פ,10,False,,
13016043,18,,Haus,בֵּיתֽוֹ׃ פ,10,False,,
13016043,19,,zu,לְבָרֵ֥ךְ,8,False,,
13016043,20,,segnen,לְבָרֵ֥ךְ,8,False,,
13017001,1,,Und,וַיְהִ֕י,1,False,,
13017001,2,,es,וַיְהִ֕י,1,True,,
13017001,3,,geschah,וַיְהִ֕י,1,False,,
13017001,4,,als,כַּאֲשֶׁ֛ר,2,False,,
13017001,5,,David,דָּוִ֖יד,4,False,,
13017001,6,,in,בְּבֵית֑וֹ,5,False,,
13017001,7,,seinem,בְּבֵית֑וֹ,5,False,,
13017001,8,,Hause,בְּבֵית֑וֹ,5,False,,
13017001,9,,wohnte,יָשַׁ֥ב,3,False,,
13017001,10,,da,וַיֹּ֨אמֶר,6,True,,
13017001,11,,sprach,וַיֹּ֨אמֶר,6,False,,
13017001,12,,David,דָּוִ֜יד,7,False,,
13017001,13,,zu,אֶל־,8,False,,
13017001,14,,Nathan,נָתָ֣ן,9,False,,
13017001,15,,dem,הַנָּבִ֗יא,10,True,,
13017001,16,,Propheten,הַנָּבִ֗יא,10,False,,
13017001,17,,Siehe,הִנֵּ֨ה,11,False,,
13017001,18,,ich,אָנֹכִ֤י,12,False,,
13017001,19,,wohne,יוֹשֵׁב֙,13,False,,
13017001,20,,in,בְּבֵ֣ית,14,False,,
13017001,21,,einem,בְּבֵ֣ית,14,True,,
13017001,22,,Hause,הָֽאֲרָזִ֔ים,15,False,,
13017001,23,,von,הָֽאֲרָזִ֔ים,15,True,,
13017001,24,,Cedern,הָֽאֲרָזִ֔ים,15,False,,
13017001,25,,und,וַאֲר֥וֹן,16,False,,
13017001,26,,die,וַאֲר֥וֹן,16,True,,
13017001,27,,Lade,וַאֲר֥וֹן,16,False,,
13017001,28,,des,בְּרִית־,17,False,,
13017001,29,,Bundes,בְּרִית־,17,False,,
13017001,30,,Jahwes,יְהוָ֖ה,18,False,,
13017001,31,,wohnt,יוֹשֵׁב֙,13,False,,
13017001,32,,unter,תַּ֥חַת,19,False,,
13017001,33,,Teppichen,יְרִיעֽוֹת׃,20,False,,
13017002,1,,Und,וַיֹּ֤אמֶר,1,False,,
13017002,2,,Nathan,נָתָן֙,2,False,,
13017002,3,,sprach,וַיֹּ֤אמֶר,1,False,,
13017002,4,,zu,אֶל־,3,False,,
13017002,5,,David,דָּוִ֔יד,4,False,,
13017002,6,,Tue,עֲשֵׂ֑ה,8,False,,
13017002,7,,alles,כֹּ֛ל,5,False,,
13017002,8,,was,אֲשֶׁ֥ר,6,False,,
13017002,9,,du,בִּֽלְבָבְךָ֖,7,True,,
13017002,10,,im,בִּֽלְבָבְךָ֖,7,False,,
13017002,11,,Herzen,בִּֽלְבָבְךָ֖,7,False,,
13017002,12,,hast,בִּֽלְבָבְךָ֖,7,True,,
13017002,13,,denn,כִּ֥י,9,False,,
13017002,14,,Gott,הָאֱלֹהִ֖ים,10,False,,
13017002,15,,ist,הָאֱלֹהִ֖ים,10,True,,
13017002,16,,mit,עִמָּֽךְ׃ ס,11,False,,
13017002,17,,dir,עִמָּֽךְ׃ ס,11,False,,
13017003,1,,Und,וַֽיְהִ֖י,1,False,,
13017003,2,,es,וַֽיְהִ֖י,1,True,,
13017003,3,,geschah,וַֽיְהִ֖י,1,False,,
13017003,4,,in,בַּלַּ֣יְלָה,2,False,,
13017003,5,,selbiger,הַה֑וּא,3,False,,
13017003,6,,Nacht,בַּלַּ֣יְלָה,2,False,,
13017003,7,,da,וַיְהִי֙,4,False,,
13017003,8,,geschah,וַיְהִי֙,4,False,,
13017003,9,,das,דְּבַר־,5,True,,
13017003,10,,Wort,דְּבַר־,5,False,,
13017003,11,,Gottes,אֱלֹהִ֔ים,6,False,,
13017003,12,,zu,אֶל־,7,False,,
13017003,13,,Nathan,נָתָ֖ן,8,False,,
13017003,14,,also,לֵאמֹֽר׃,9,False,,
13017004,1,,Gehe,לֵ֤ךְ,1,False,,
13017004,2,,hin,לֵ֤ךְ,1,False,,
13017004,3,,und,וְאָמַרְתָּ֙,2,False,,
13017004,4,,sprich,וְאָמַרְתָּ֙,2,False,,
13017004,5,,zu,אֶל־,3,False,,
13017004,6,,David,דָּוִ֣יד,4,False,,
13017004,7,,meinem,עַבְדִּ֔י,5,False,,
13017004,8,,Knechte,עַבְדִּ֔י,5,False,,
13017004,9,,So,כֹּ֖ה,6,False,,
13017004,10,,spricht,אָמַ֣ר,7,False,,
13017004,11,,Jahwe,יְהוָ֑ה,8,False,,
13017004,12,,Nicht,לֹ֥א,9,False,,
13017004,13,,du,אַתָּ֛ה,10,False,,
13017004,14,,sollst,תִּבְנֶה־,11,False,,
13017004,15,,mir,לִּ֥י,12,False,,
13017004,16,,das,הַבַּ֖יִת,13,True,,
13017004,17,,Haus,הַבַּ֖יִת,13,False,,
13017004,18,,zur,לָשָֽׁבֶת׃,14,True,,
13017004,19,,Wohnung,לָשָֽׁבֶת׃,14,False,,
13017004,20,,bauen,לָשָֽׁבֶת׃,14,False,,
13017005,1,,denn,כִּ֣י,1,False,,
13017005,2,,ich,יָשַׁ֙בְתִּי֙,3,False,,
13017005,3,,habe,יָשַׁ֙בְתִּי֙,3,True,,
13017005,4,,nicht,לֹ֤א,2,False,,
13017005,5,,in,בְּבַ֔יִת,4,False,,
13017005,6,,einem,בְּבַ֔יִת,4,True,,
13017005,7,,Hause,בְּבַ֔יִת,4,False,,
13017005,8,,gewohnt,יָשַׁ֙בְתִּי֙,3,False,,
13017005,9,,von,מִן־,5,False,,
13017005,10,,dem,הַיּ֗וֹם,6,False,,
13017005,11,,Tage,הַיּ֗וֹם,6,False,,
13017005,12,,an,מִן־,5,False,,
13017005,13,,da,אֲשֶׁ֤ר,7,False,,
13017005,14,,ich,הֶעֱלֵ֙יתִי֙,8,False,,
13017005,15,,Israel,יִשְׂרָאֵ֔ל,10,False,,
13017005,16,,heraufgeführt,הֶעֱלֵ֙יתִי֙,8,False,,
13017005,17,,habe,הֶעֱלֵ֙יתִי֙,8,True,,
13017005,18,,bis,עַ֖ד,11,False,,
13017005,19,,auf,עַ֖ד,11,True,,
13017005,20,,diesen,הַזֶּ֑ה,13,False,,
13017005,21,,Tag,הַיּ֣וֹם,12,False,,
13017005,22,,sondern,וָֽאֶהְיֶ֛ה,14,False,,
13017005,23,,ich,וָֽאֶהְיֶ֛ה,14,False,,
13017005,24,,wanderte,וָֽאֶהְיֶ֛ה,14,False,,
13017005,25,,von,מֵאֹ֥הֶל,15,False,,
13017005,26,,Zelt,מֵאֹ֥הֶל,15,False,,
13017005,27,,zu,אֶל־,16,False,,
13017005,28,,Zelt,אֹ֖הֶל,17,False,,
13017005,29,,und,וּמִמִּשְׁכָּֽן׃,18,False,,
13017005,30,,von,וּמִמִּשְׁכָּֽן׃,18,False,,
13017005,31,,Wohnung,וּמִמִּשְׁכָּֽן׃,18,False,,
13017005,32,,zu,וּמִמִּשְׁכָּֽן׃,18,False,,
13017005,33,,Wohnung,וּמִמִּשְׁכָּֽן׃,18,False,,
13017006,1,,Wo,בְּכֹ֥ל,1,False,,
13017006,2,,immer,בְּכֹ֥ל,1,False,,
13017006,3,,ich,הִתְהַלַּכְתִּי֮,3,False,,
13017006,4,,wanderte,הִתְהַלַּכְתִּי֮,3,False,,
13017006,5,,unter,בְּכֹ֥ל,1,False,,
13017006,6,,ganz,בְּכָל־,4,False,,
13017006,7,,Israel,יִשְׂרָאֵל֒,5,False,,
13017006,8,,habe,דִּבַּ֗רְתִּי,7,True,,
13017006,9,,ich,דִּבַּ֗רְתִּי,7,False,,
13017006,10,,zu,אֶת־,8,False,,
13017006,11,,einem,אַחַד֙,9,False,,
13017006,12,,der,שֹׁפְטֵ֣י,10,False,,
13017006,13,,Richter,שֹׁפְטֵ֣י,10,False,,
13017006,14,,Israels,יִשְׂרָאֵ֔ל,11,False,,
13017006,15,,dem,אֲשֶׁ֥ר,12,False,,
13017006,16,,ich,צִוִּ֛יתִי,13,False,,
13017006,17,,gebot,צִוִּ֛יתִי,13,False,,
13017006,18,,mein,עַמִּ֖י,16,False,,
13017006,19,,Volk,עַמִּ֖י,16,False,,
13017006,20,,zu,לִרְע֥וֹת,14,False,,
13017006,21,,weiden,לִרְע֥וֹת,14,False,,
13017006,22,,ein,הֲדָבָ֣ר,6,False,,
13017006,23,,Wort,הֲדָבָ֣ר,6,False,,
13017006,24,,geredet,דִּבַּ֗רְתִּי,7,False,,
13017006,25,,und,לֵאמֹ֑ר,17,False,,
13017006,26,,gesagt,לֵאמֹ֑ר,17,False,,
13017006,27,,Warum,לָ֛מָּה,18,False,,
13017006,28,,habt,בְנִיתֶ֥ם,20,False,,
13017006,29,,ihr,בְנִיתֶ֥ם,20,False,,
13017006,30,,mir,לִ֖י,21,False,,
13017006,31,,nicht,לֹא־,19,False,,
13017006,32,,ein,בֵּ֥ית,22,False,,
13017006,33,,Haus,בֵּ֥ית,22,False,,
13017006,34,,von,אֲרָזִֽים׃,23,False,,
13017006,35,,Cedern,אֲרָזִֽים׃,23,False,,
13017006,36,,gebaut,בְנִיתֶ֥ם,20,False,,
13017007,1,,Und,וְ֠עַתָּה,1,False,,
13017007,2,,nun,וְ֠עַתָּה,1,False,,
13017007,3,,sollst,תֹאמַ֞ר,3,False,,
13017007,4,,du,תֹאמַ֞ר,3,False,,
13017007,5,,also,כֹּֽה־,2,False,,
13017007,6,,zu,לְעַבְדִּ֣י,4,False,,
13017007,7,,meinem,לְעַבְדִּ֣י,4,False,,
13017007,8,,Knechte,לְעַבְדִּ֣י,4,False,,
13017007,9,,David,לְדָוִ֗יד ס,5,False,,
13017007,10,,sagen,תֹאמַ֞ר,3,False,,
13017007,11,,So,כֹּ֤ה,6,False,,
13017007,12,,spricht,אָמַר֙,7,False,,
13017007,13,,Jahwe,יְהוָ֣ה,8,False,,
13017007,14,,der,צְבָא֔וֹת,9,False,,
13017007,15,,Heerscharen,צְבָא֔וֹת,9,False,,
13017007,16,,Ich,אֲנִ֤י,10,False,,
13017007,17,,habe,לְקַחְתִּ֙יךָ֙,11,False,,
13017007,18,,dich,לְקַחְתִּ֙יךָ֙,11,False,,
13017007,19,,von,מִן־,12,False,,
13017007,20,,der,הַנָּוֶ֔ה,13,False,,
13017007,21,,Trift,הַנָּוֶ֔ה,13,False,,
13017007,22,,genommen,לְקַחְתִּ֙יךָ֙,11,False,,
13017007,23,,hinter,אַחֲרֵ֖י,15,False,,
13017007,24,,dem,הַצֹּ֑אן,16,False,,
13017007,25,,Kleinvieh,הַצֹּ֑אן,16,False,,
13017007,26,,weg,מִֽן־,14,False,,
13017007,27,,daß,לִהְי֣וֹת,17,False,,
13017007,28,,du,לִהְי֣וֹת,17,False,,
13017007,29,,Fürst,נָגִ֔יד,18,False,,
13017007,30,,sein,נָגִ֔יד,18,False,,
13017007,31,,solltest,נָגִ֔יד,18,False,,
13017007,32,,über,עַ֖ל,19,False,,
13017007,33,,mein,עַמִּ֥י,20,False,,
13017007,34,,Volk,עַמִּ֥י,20,False,,
13017007,35,,Israel,יִשְׂרָאֵֽל׃,21,False,,
13017008,1,,und,וָֽאֶהְיֶ֣ה,1,False,,
13017008,2,,ich,וָֽאֶהְיֶ֣ה,1,False,,
13017008,3,,bin,וָֽאֶהְיֶ֣ה,1,False,,
13017008,4,,mit,עִמְּךָ֗,2,False,,
13017008,5,,dir,עִמְּךָ֗,2,False,,
13017008,6,,gewesen,הָלַ֔כְתָּ,5,False,,
13017008,7,,überall,בְּכֹל֙,3,False,,
13017008,8,,wohin,אֲשֶׁ֣ר,4,False,,
13017008,9,,du,הָלַ֔כְתָּ,5,False,,
13017008,10,,gegangen,הָלַ֔כְתָּ,5,False,,
13017008,11,,bist,הָלַ֔כְתָּ,5,False,,
13017008,12,,und,וָאַכְרִ֥ית,6,False,,
13017008,13,,habe,וָאַכְרִ֥ית,6,False,,
13017008,14,,alle,כָּל־,8,False,,
13017008,15,,deine,אוֹיְבֶ֖יךָ,9,False,,
13017008,16,,Feinde,אוֹיְבֶ֖יךָ,9,False,,
13017008,17,,vor,מִפָּנֶ֑יךָ,10,False,,
13017008,18,,dir,מִפָּנֶ֑יךָ,10,False,,
13017008,19,,ausgerottet,וָאַכְרִ֥ית,6,False,,
13017008,20,,und,וְעָשִׂ֤יתִֽי,11,False,,
13017008,21,,ich,וְעָשִׂ֤יתִֽי,11,False,,
13017008,22,,habe,וְעָשִׂ֤יתִֽי,11,False,,
13017008,23,,dir,לְךָ֙,12,False,,
13017008,24,,einen,שֵׁ֔ם,13,True,,
13017008,25,,Namen,שֵׁ֔ם,13,False,,
13017008,26,,gemacht,וְעָשִׂ֤יתִֽי,11,False,,
13017008,27,,gleich,כְּשֵׁ֥ם,14,False,,
13017008,28,,dem,כְּשֵׁ֥ם,14,True,,
13017008,29,,Namen,כְּשֵׁ֥ם,14,False,,
13017008,30,,der,הַגְּדוֹלִ֖ים,15,True,,
13017008,31,,Großen,הַגְּדוֹלִ֖ים,15,False,,
13017008,32,,die,אֲשֶׁ֥ר,16,False,,
13017008,33,,auf,בָּאָֽרֶץ׃,17,False,,
13017008,34,,Erden,בָּאָֽרֶץ׃,17,False,,
13017008,35,,sind,בָּאָֽרֶץ׃,17,True,,
13017009,1,,Und,וְשַׂמְתִּ֣י,1,False,,
13017009,2,,ich,וְשַׂמְתִּ֣י,1,False,,
13017009,3,,werde,וְשַׂמְתִּ֣י,1,False,,
13017009,4,,einen,מָ֠קוֹם,2,True,,
13017009,5,,Ort,מָ֠קוֹם,2,False,,
13017009,6,,setzen,וְשַׂמְתִּ֣י,1,False,,
13017009,7,,für,לְעַמִּ֨י,3,False,,
13017009,8,,mein,לְעַמִּ֨י,3,False,,
13017009,9,,Volk,לְעַמִּ֨י,3,False,,
13017009,10,,Israel,יִשְׂרָאֵ֤ל,4,False,,
13017009,11,,und,וּנְטַעְתִּ֙יהוּ֙,5,False,,
13017009,12,,werde,וּנְטַעְתִּ֙יהוּ֙,5,False,,
13017009,13,,es,וּנְטַעְתִּ֙יהוּ֙,5,False,,
13017009,14,,pflanzen,וּנְטַעְתִּ֙יהוּ֙,5,False,,
13017009,15,,daß,לְבַלֹּת֔וֹ,15,True,,
13017009,16,,es,לְבַלֹּת֔וֹ,15,False,,
13017009,17,,an,תַּחְתָּ֔יו,7,False,,
13017009,18,,seiner,תַּחְתָּ֔יו,7,False,,
13017009,19,,Stätte,תַּחְתָּ֔יו,7,False,,
13017009,20,,wohne,וְשָׁכַ֣ן,6,False,,
13017009,21,,und,וְלֹ֥א,8,False,,
13017009,22,,nicht,וְלֹ֥א,8,False,,
13017009,23,,mehr,ע֑וֹד,10,False,,
13017009,24,,beunruhigt,יִרְגַּ֖ז,9,False,,
13017009,25,,werde,יִרְגַּ֖ז,9,False,,
13017009,26,,und,וְלֹא־,11,False,,
13017009,27,,die,בְנֵי־,13,False,,
13017009,28,,Söhne,בְנֵי־,13,False,,
13017009,29,,der,עַוְלָה֙,14,True,,
13017009,30,,Ungerechtigkeit,עַוְלָה֙,14,False,,
13017009,31,,sollen,יוֹסִ֤יפוּ,12,False,,
13017009,32,,es,לְבַלֹּת֔וֹ,15,False,,
13017009,33,,nicht,וְלֹא־,11,False,,
13017009,34,,mehr,ע֑וֹד,10,False,,
13017009,35,,aufreiben,לְבַלֹּת֔וֹ,15,False,,
13017009,36,,wie,כַּאֲשֶׁ֖ר,16,False,,
13017009,37,,früher,בָּרִאשׁוֹנָֽה׃,17,False,,
13017010,1,,und,וּלְמִיָּמִ֗ים,1,False,,
13017010,2,,seit,וּלְמִיָּמִ֗ים,1,False,,
13017010,3,,den,וּלְמִיָּמִ֗ים,1,True,,
13017010,4,,Tagen,וּלְמִיָּמִ֗ים,1,False,,
13017010,5,,da,אֲשֶׁ֨ר,2,False,,
13017010,6,,ich,צִוִּ֤יתִי,3,False,,
13017010,7,,Richter,שֹֽׁפְטִים֙,4,False,,
13017010,8,,über,עַל־,5,False,,
13017010,9,,mein,עַמִּ֣י,6,False,,
13017010,10,,Volk,עַמִּ֣י,6,False,,
13017010,11,,Israel,יִשְׂרָאֵ֔ל,7,False,,
13017010,12,,bestellt,צִוִּ֤יתִי,3,False,,
13017010,13,,habe,צִוִּ֤יתִי,3,False,,
13017010,14,,Und,וְהִכְנַ֖עְתִּי,8,False,,
13017010,15,,ich,וְהִכְנַ֖עְתִּי,8,False,,
13017010,16,,werde,וְהִכְנַ֖עְתִּי,8,False,,
13017010,17,,alle,כָּל־,10,False,,
13017010,18,,deine,אוֹיְבֶ֑יךָ,11,False,,
13017010,19,,Feinde,אוֹיְבֶ֑יךָ,11,False,,
13017010,20,,demütigen,וְהִכְנַ֖עְתִּי,8,False,,
13017010,21,,und,וָאַגִּ֣ד,12,False,,
13017010,22,,ich,וָאַגִּ֣ד,12,False,,
13017010,23,,tue,וָאַגִּ֣ד,12,False,,
13017010,24,,dir,לָ֔ךְ,13,False,,
13017010,25,,kund,וָאַגִּ֣ד,12,False,,
13017010,26,,daß,וּבַ֖יִת,14,True,,
13017010,27,,Jahwe,יְהוָֽה׃,17,False,,
13017010,28,,dir,לְּךָ֥,16,False,,
13017010,29,,ein,וּבַ֖יִת,14,True,,
13017010,30,,Haus,וּבַ֖יִת,14,False,,
13017010,31,,bauen,יִֽבְנֶה־,15,False,,
13017010,32,,wird,יִֽבְנֶה־,15,False,,
13017011,1,,Und,וְהָיָ֗ה,1,False,,
13017011,2,,es,וְהָיָ֗ה,1,False,,
13017011,3,,wird,וְהָיָ֗ה,1,False,,
13017011,4,,geschehen,וְהָיָ֗ה,1,False,,
13017011,5,,wenn,כִּֽי־,2,False,,
13017011,6,,deine,יָמֶ֙יךָ֙,4,False,,
13017011,7,,Tage,יָמֶ֙יךָ֙,4,False,,
13017011,8,,voll,מָלְא֤וּ,3,False,,
13017011,9,,sind,מָלְא֤וּ,3,False,,
13017011,10,,daß,לָלֶ֣כֶת,5,False,,
13017011,11,,du,לָלֶ֣כֶת,5,False,,
13017011,12,,zu,עִם־,6,False,,
13017011,13,,deinen,אֲבֹתֶ֔יךָ,7,False,,
13017011,14,,Vätern,אֲבֹתֶ֔יךָ,7,False,,
13017011,15,,hingehst,לָלֶ֣כֶת,5,False,,
13017011,16,,so,וַהֲקִֽימוֹתִ֤י,8,False,,
13017011,17,,werde,וַהֲקִֽימוֹתִ֤י,8,False,,
13017011,18,,ich,וַהֲקִֽימוֹתִ֤י,8,False,,
13017011,19,,deinen,זַרְעֲךָ֙,10,False,,
13017011,20,,Samen,זַרְעֲךָ֙,10,False,,
13017011,21,,nach,אַחֲרֶ֔יךָ,11,False,,
13017011,22,,dir,אַחֲרֶ֔יךָ,11,False,,
13017011,23,,erwecken,וַהֲקִֽימוֹתִ֤י,8,False,,
13017011,24,,der,אֲשֶׁ֥ר,12,False,,
13017011,25,,von,מִבָּנֶ֑יךָ,14,False,,
13017011,26,,deinen,מִבָּנֶ֑יךָ,14,False,,
13017011,27,,Söhnen,מִבָּנֶ֑יךָ,14,False,,
13017011,28,,sein,יִהְיֶ֖ה,13,False,,
13017011,29,,wird,יִהְיֶ֖ה,13,False,,
13017011,30,,und,וַהֲכִינוֹתִ֖י,15,False,,
13017011,31,,werde,וַהֲכִינוֹתִ֖י,15,False,,
13017011,32,,sein,מַלְכוּתֽוֹ׃,17,False,,
13017011,33,,Königtum,מַלְכוּתֽוֹ׃,17,False,,
13017011,34,,befestigen,וַהֲכִינוֹתִ֖י,15,False,,
13017012,1,,Der,ה֥וּא,1,False,,
13017012,2,,wird,יִבְנֶה־,2,False,,
13017012,3,,mir,לִּ֖י,3,False,,
13017012,4,,ein,בָּ֑יִת,4,True,,
13017012,5,,Haus,בָּ֑יִת,4,False,,
13017012,6,,bauen,יִבְנֶה־,2,False,,
13017012,7,,und,וְכֹנַנְתִּ֥י,5,False,,
13017012,8,,ich,וְכֹנַנְתִּ֥י,5,False,,
13017012,9,,werde,וְכֹנַנְתִּ֥י,5,False,,
13017012,10,,seinen,כִּסְא֖וֹ,7,False,,
13017012,11,,Thron,כִּסְא֖וֹ,7,False,,
13017012,12,,befestigen,וְכֹנַנְתִּ֥י,5,False,,
13017012,13,,auf,עַד־,8,False,,
13017012,14,,ewig,עוֹלָֽם׃,9,False,,
13017013,1,,Ich,אֲנִי֙,1,False,,
13017013,2,,will,אֶֽהְיֶה־,2,False,,
13017013,3,,ihm,לּ֣וֹ,3,False,,
13017013,4,,Vater,לְאָ֔ב,4,False,,
13017013,5,,sein,אֶֽהְיֶה־,2,False,,
13017013,6,,und,וְה֖וּא,5,False,,
13017013,7,,er,וְה֖וּא,5,False,,
13017013,8,,soll,יִֽהְיֶה־,6,False,,
13017013,9,,mir,לִּ֣י,7,False,,
13017013,10,,Sohn,לְבֵ֑ן,8,False,,
13017013,11,,sein,יִֽהְיֶה־,6,False,,
13017013,12,,und,וְחַסְדִּי֙,9,False,,
13017013,13,,ich,וְחַסְדִּי֙,9,False,,
13017013,14,,will,אָסִ֣יר,11,False,,
13017013,15,,meine,וְחַסְדִּי֙,9,False,,
13017013,16,,Güte,וְחַסְדִּי֙,9,False,,
13017013,17,,nicht,לֹא־,10,False,,
13017013,18,,von,מֵֽעִמּ֔וֹ,12,False,,
13017013,19,,ihm,מֵֽעִמּ֔וֹ,12,False,,
13017013,20,,weichen,אָסִ֣יר,11,False,,
13017013,21,,lassen,אָסִ֣יר,11,False,,
13017013,22,,wie,כַּאֲשֶׁ֣ר,13,False,,
13017013,23,,ich,הֲסִיר֔וֹתִי,14,False,,
13017013,24,,sie,הֲסִיר֔וֹתִי,14,False,,
13017013,25,,von,מֵאֲשֶׁ֥ר,15,False,,
13017013,26,,dem,מֵאֲשֶׁ֥ר,15,True,,
13017013,26,,dem,הָיָ֖ה,16,False,,
13017013,27,,weichen,הֲסִיר֔וֹתִי,14,False,,
13017013,28,,ließ,הֲסִיר֔וֹתִי,14,False,,
13017013,29,,der,הָיָ֖ה,16,True,,
13017013,29,,der,לְפָנֶֽיךָ׃,17,False,,
13017013,30,,vor,לְפָנֶֽיךָ׃,17,False,,
13017013,31,,dir,לְפָנֶֽיךָ׃,17,False,,
13017013,32,,war,הָיָ֖ה,16,False,,
13017014,1,,Und,וְהַֽעֲמַדְתִּ֛יהוּ,1,False,,
13017014,2,,ich,וְהַֽעֲמַדְתִּ֛יהוּ,1,False,,
13017014,3,,will,וְהַֽעֲמַדְתִּ֛יהוּ,1,False,,
13017014,4,,ihm,וְהַֽעֲמַדְתִּ֛יהוּ,1,False,,
13017014,5,,Bestand,וְהַֽעֲמַדְתִּ֛יהוּ,1,False,,
13017014,6,,geben,וְהַֽעֲמַדְתִּ֛יהוּ,1,False,,
13017014,7,,in,בְּבֵיתִ֥י,2,False,,
13017014,8,,meinem,בְּבֵיתִ֥י,2,False,,
13017014,9,,Hause,בְּבֵיתִ֥י,2,False,,
13017014,10,,und,וּבְמַלְכוּתִ֖י,3,False,,
13017014,11,,in,וּבְמַלְכוּתִ֖י,3,False,,
13017014,12,,meinem,וּבְמַלְכוּתִ֖י,3,False,,
13017014,13,,Königreich,וּבְמַלְכוּתִ֖י,3,False,,
13017014,14,,auf,עַד־,4,False,,
13017014,15,,ewig,הָעוֹלָ֑ם,5,False,,
13017014,16,,und,וְכִסְא֕וֹ,6,False,,
13017014,17,,sein,וְכִסְא֕וֹ,6,False,,
13017014,18,,Thron,וְכִסְא֕וֹ,6,False,,
13017014,19,,soll,יִהְיֶ֥ה,7,False,,
13017014,20,,fest,נָכ֖וֹן,8,False,,
13017014,21,,sein,יִהְיֶ֥ה,7,False,,
13017014,22,,auf,עַד־,9,False,,
13017014,23,,ewig,עוֹלָֽם׃,10,False,,
13017015,1,,Nach,כְּכֹל֙,1,False,,
13017015,2,,allen,כְּכֹל֙,1,False,,
13017015,3,,diesen,הָאֵ֔לֶּה,3,False,,
13017015,4,,Worten,הַדְּבָרִ֣ים,2,False,,
13017015,5,,und,וּכְכֹ֖ל,4,False,,
13017015,6,,nach,וּכְכֹ֖ל,4,False,,
13017015,7,,diesem,הַזֶּ֑ה,6,False,,
13017015,8,,ganzen,וּכְכֹ֖ל,4,False,,
13017015,9,,Gesicht,הֶחָז֣וֹן,5,False,,
13017015,10,,also,כֵּ֛ן,7,False,,
13017015,11,,redete,דִּבֶּ֥ר,8,False,,
13017015,12,,Nathan,נָתָ֖ן,9,False,,
13017015,13,,zu,אֶל־,10,False,,
13017015,14,,David,דָּוִֽיד׃ פ,11,False,,
13017016,1,,Da,וַיָּבֹא֙,1,False,,
13017016,2,,ging,וַיָּבֹא֙,1,False,,
13017016,3,,der,הַמֶּ֣לֶךְ,2,False,,
13017016,4,,König,הַמֶּ֣לֶךְ,2,False,,
13017016,5,,David,דָּוִ֔יד,3,False,,
13017016,6,,hinein,וַיָּבֹא֙,1,False,,
13017016,7,,und,וַיֵּ֖שֶׁב,4,False,,
13017016,8,,setzte,וַיֵּ֖שֶׁב,4,False,,
13017016,9,,sich,וַיֵּ֖שֶׁב,4,False,,
13017016,10,,vor,לִפְנֵ֣י,5,False,,
13017016,11,,Jahwe,יְהוָ֑ה,6,False,,
13017016,12,,nieder,וַיֵּ֖שֶׁב,4,False,,
13017016,13,,und,וַיֹּ֗אמֶר,7,False,,
13017016,14,,sprach,וַיֹּ֗אמֶר,7,False,,
13017016,15,,Wer,מִֽי־,8,False,,
13017016,16,,bin,אֲנִ֞י,9,False,,
13017016,17,,ich,אֲנִ֞י,9,False,,
13017016,18,,Jahwe,יְהוָ֤ה,10,False,,
13017016,19,,Gott,אֱלֹהִים֙,11,False,,
13017016,20,,und,וּמִ֣י,12,False,,
13017016,21,,was,וּמִ֣י,12,False,,
13017016,22,,ist,בֵיתִ֔י,13,False,,
13017016,23,,mein,בֵיתִ֔י,13,False,,
13017016,24,,Haus,בֵיתִ֔י,13,False,,
13017016,25,,daß,כִּ֥י,14,False,,
13017016,26,,du,הֲבִיאֹתַ֖נִי,15,False,,
13017016,27,,mich,הֲבִיאֹתַ֖נִי,15,False,,
13017016,28,,bis,עַד־,16,False,,
13017016,29,,hierher,הֲלֹֽם׃,17,False,,
13017016,30,,gebracht,הֲבִיאֹתַ֖נִי,15,False,,
13017016,31,,hast,הֲבִיאֹתַ֖נִי,15,False,,
13017017,1,,Und,וַתִּקְטַ֨ן,1,False,,
13017017,2,,dies,זֹ֤את,2,False,,
13017017,3,,ist,וַתִּקְטַ֨ן,1,False,,
13017017,4,,noch,וַתִּקְטַ֨ן,1,False,,
13017017,5,,ein,וַתִּקְטַ֨ן,1,True,,
13017017,6,,Geringes,וַתִּקְטַ֨ן,1,False,,
13017017,7,,gewesen,וַתִּקְטַ֨ן,1,False,,
13017017,8,,in,בְּעֵינֶ֙יךָ֙,3,False,,
13017017,9,,deinen,בְּעֵינֶ֙יךָ֙,3,False,,
13017017,10,,Augen,בְּעֵינֶ֙יךָ֙,3,False,,
13017017,11,,o,אֱלֹהִ֔ים,4,False,,
13017017,12,,Gott,אֱלֹהִ֔ים,4,False,,
13017017,13,,und,וַתְּדַבֵּ֥ר,5,False,,
13017017,14,,du,וַתְּדַבֵּ֥ר,5,False,,
13017017,15,,hast,וַתְּדַבֵּ֥ר,5,False,,
13017017,16,,auch,וַתְּדַבֵּ֥ר,5,False,,
13017017,17,,von,עַל־,6,False,,
13017017,18,,dem,בֵּֽית־,7,True,,
13017017,19,,Hause,בֵּֽית־,7,False,,
13017017,20,,deines,עַבְדְּךָ֖,8,False,,
13017017,21,,Knechtes,עַבְדְּךָ֖,8,False,,
13017017,22,,geredet,וַתְּדַבֵּ֥ר,5,False,,
13017017,23,,in,לְמֵרָח֑וֹק,9,False,,
13017017,24,,die,לְמֵרָח֑וֹק,9,True,,
13017017,25,,Ferne,לְמֵרָח֑וֹק,9,False,,
13017017,26,,hin,לְמֵרָח֑וֹק,9,False,,
13017017,27,,und,וּרְאִיתַ֗נִי,10,False,,
13017017,28,,du,וּרְאִיתַ֗נִי,10,False,,
13017017,29,,hast,וּרְאִיתַ֗נִי,10,False,,
13017017,30,,mich,וּרְאִיתַ֗נִי,10,False,,
13017017,31,,angesehen,וּרְאִיתַ֗נִי,10,False,,
13017017,32,,nach,כְּת֧וֹר,11,False,,
13017017,33,,der,הָאָדָ֛ם,12,False,,
13017017,34,,Weise,כְּת֧וֹר,11,False,,
13017017,35,,eines,הָאָדָ֛ם,12,True,,
13017017,36,,hochgestellten,הַֽמַּעֲלָ֖ה,13,False,,
13017017,37,,Menschen,הָאָדָ֛ם,12,False,,
13017017,38,,Jahwe,יְהוָ֥ה,14,False,,
13017017,39,,Gott,אֱלֹהִֽים׃,15,False,,
13017018,1,,Was,מַה־,1,False,,
13017018,2,,soll,יּוֹסִ֨יף,2,False,,
13017018,3,,David,דָּוִ֛יד,4,False,,
13017018,4,,noch,ע֥וֹד,3,False,,
13017018,5,,weiter,ע֥וֹד,3,True,,
13017018,6,,zu,אֵלֶ֖יךָ,5,False,,
13017018,7,,dir,אֵלֶ֖יךָ,5,False,,
13017018,8,,reden,יּוֹסִ֨יף,2,True,,
13017018,9,,von,לְכָב֣וֹד,6,False,,
13017018,10,,der,אֶת־,7,True,,
13017018,11,,Ehre,לְכָב֣וֹד,6,False,,
13017018,12,,an,אֶת־,7,False,,
13017018,13,,deinem,עַבְדֶּ֑ךָ,8,False,,
13017018,14,,Knechte,עַבְדֶּ֑ךָ,8,False,,
13017018,15,,Du,וְאַתָּ֖ה,9,False,,
13017018,16,,kennst,יָדָֽעְתָּ׃,12,False,,
13017018,17,,ja,וְאַתָּ֖ה,9,True,,
13017018,18,,deinen,עַבְדְּךָ֥,11,False,,
13017018,19,,Knecht,עַבְדְּךָ֥,11,False,,
13017019,1,,Jahwe,יְהוָ֕ה,1,False,,
13017019,2,,um,בַּעֲב֤וּר,2,False,,
13017019,3,,deines,עַבְדְּךָ֙,3,False,,
13017019,4,,Knechtes,עַבְדְּךָ֙,3,False,,
13017019,5,,willen,בַּעֲב֤וּר,2,True,,
13017019,6,,und,וּֽכְלִבְּךָ֔,4,False,,
13017019,7,,nach,וּֽכְלִבְּךָ֔,4,False,,
13017019,8,,deinem,וּֽכְלִבְּךָ֔,4,False,,
13017019,9,,Herzen,וּֽכְלִבְּךָ֔,4,False,,
13017019,10,,hast,עָשִׂ֕יתָ,5,False,,
13017019,11,,du,עָשִׂ֕יתָ,5,False,,
13017019,12,,all,כָּל־,7,False,,
13017019,13,,dieses,הַזֹּ֑את,9,False,,
13017019,14,,Große,הַגְּדוּלָּ֖ה,8,False,,
13017019,15,,getan,עָשִׂ֕יתָ,5,False,,
13017019,16,,um,לְהֹדִ֖יעַ,10,False,,
13017019,17,,alle,כָּל־,12,False,,
13017019,18,,diese,הַזֹּ֑את,9,False,,
13017019,19,,großen,הַגְּדֻלּֽוֹת׃,13,False,,
13017019,20,,Dinge,הַגְּדֻלּֽוֹת׃,13,False,,
13017019,21,,kundzutun,לְהֹדִ֖יעַ,10,False,,
13017020,1,,Jahwe,יְהוָה֙,1,False,,
13017020,2,,niemand,אֵ֣ין,2,False,,
13017020,3,,ist,אֵ֣ין,2,False,,
13017020,4,,dir,כָּמ֔וֹךָ,3,False,,
13017020,5,,gleich,כָּמ֔וֹךָ,3,False,,
13017020,6,,und,וְאֵ֥ין,4,False,,
13017020,7,,kein,וְאֵ֥ין,4,False,,
13017020,8,,Gott,אֱלֹהִ֖ים,5,False,,
13017020,9,,außer,זוּלָתֶ֑ךָ,6,False,,
13017020,10,,dir,זוּלָתֶ֑ךָ,6,False,,
13017020,11,,nach,בְּכֹ֥ל,7,False,,
13017020,12,,allem,בְּכֹ֥ל,7,False,,
13017020,13,,was,אֲשֶׁר־,8,False,,
13017020,14,,wir,שָׁמַ֖עְנוּ,9,False,,
13017020,15,,mit,בְּאָזְנֵֽינוּ׃,10,False,,
13017020,16,,unseren,בְּאָזְנֵֽינוּ׃,10,False,,
13017020,17,,Ohren,בְּאָזְנֵֽינוּ׃,10,False,,
13017020,18,,gehört,שָׁמַ֖עְנוּ,9,False,,
13017020,19,,haben,שָׁמַ֖עְנוּ,9,False,,
13017021,1,,Und,וּמִי֙,1,False,,
13017021,2,,wer,וּמִי֙,1,False,,
13017021,3,,ist,וּמִי֙,1,False,,
13017021,4,,wie,כְּעַמְּךָ֣,2,False,,
13017021,5,,dein,כְּעַמְּךָ֣,2,False,,
13017021,6,,Volk,כְּעַמְּךָ֣,2,False,,
13017021,7,,Israel,יִשְׂרָאֵ֔ל,3,False,,
13017021,8,,die,גּ֥וֹי,4,False,,
13017021,9,,einzige,אֶחָ֖ד,5,False,,
13017021,10,,Nation,גּ֥וֹי,4,False,,
13017021,11,,auf,בָּאָ֑רֶץ,6,False,,
13017021,12,,Erden,בָּאָ֑רֶץ,6,False,,
13017021,13,,welche,אֲשֶׁר֩,7,False,,
13017021,14,,Gott,הָאֱלֹהִ֜ים,9,False,,
13017021,15,,hingegangen,הָלַ֨ךְ,8,False,,
13017021,16,,ist,הָלַ֨ךְ,8,False,,
13017021,17,,sich,לִפְדּ֧וֹת,10,False,,
13017021,18,,zum,ל֣וֹ,11,False,,
13017021,19,,Volke,עָ֗ם,12,False,,
13017021,20,,zu,לָשׂ֤וּם,13,False,,
13017021,21,,erlösen,לָשׂ֤וּם,13,False,,
13017021,22,,um,לְךָ֙,14,False,,
13017021,23,,dir,לְךָ֙,14,False,,
13017021,24,,einen,שֵׁ֚ם,15,False,,
13017021,25,,Namen,שֵׁ֚ם,15,False,,
13017021,26,,zu,גְּדֻלּ֣וֹת,16,False,,
13017021,27,,machen,גְּדֻלּ֣וֹת,16,False,,
13017021,28,,große,גְּדֻלּ֣וֹת,16,False,,
13017021,29,,und,וְנֹרָא֔וֹת,17,False,,
13017021,30,,furchtbare,וְנֹרָא֔וֹת,17,False,,
13017021,31,,Dinge,וְנֹרָא֔וֹת,17,False,,
13017021,32,,zu,לְגָרֵ֗שׁ,18,False,,
13017021,33,,tun,לְגָרֵ֗שׁ,18,False,,
13017021,34,,indem,מִפְּנֵ֧י,19,False,,
13017021,35,,du,מִפְּנֵ֧י,19,False,,
13017021,36,,vor,מִפְּנֵ֧י,19,False,,
13017021,37,,deinem,עַמְּךָ֛,20,False,,
13017021,38,,Volke,עַמְּךָ֛,20,False,,
13017021,39,,das,אֲשֶׁר־,21,False,,
13017021,40,,du,פָּדִ֥יתָ,22,False,,
13017021,41,,aus,מִמִּצְרַ֖יִם,23,False,,
13017021,42,,Ägypten,מִמִּצְרַ֖יִם,23,False,,
13017021,43,,erlöst,פָּדִ֥יתָ,22,False,,
13017021,44,,hast,פָּדִ֥יתָ,22,False,,
13017021,45,,Nationen,גּוֹיִֽם׃,24,False,,
13017021,46,,vertriebst,לְגָרֵ֗שׁ,18,False,,
13017022,1,,Und,וַ֠תִּתֵּן,1,False,,
13017022,2,,du,וַ֠תִּתֵּן,1,False,,
13017022,3,,hast,וַ֠תִּתֵּן,1,False,,
13017022,4,,dir,לְךָ֛,5,False,,
13017022,5,,dein,עַמְּךָ֨,3,False,,
13017022,6,,Volk,עַמְּךָ֨,3,False,,
13017022,7,,Israel,יִשְׂרָאֵ֧ל׀,4,False,,
13017022,8,,zum,לְעָ֖ם,6,False,,
13017022,9,,Volke,לְעָ֖ם,6,False,,
13017022,10,,bestimmt,וַ֠תִּתֵּן,1,False,,
13017022,11,,auf,עַד־,7,False,,
13017022,12,,ewig,עוֹלָ֑ם,8,False,,
13017022,13,,und,וְאַתָּ֣ה,9,False,,
13017022,14,,du,וְאַתָּ֣ה,9,False,,
13017022,15,,Jahwe,יְהוָ֔ה,10,False,,
13017022,16,,bist,הָיִ֥יתָ,11,False,,
13017022,17,,ihr,לָהֶ֖ם,12,False,,
13017022,18,,Gott,לֵאלֹהִֽים׃,13,False,,
13017022,19,,geworden,הָיִ֥יתָ,11,False,,
13017023,1,,Und,וְעַתָּ֣ה,1,False,,
13017023,2,,nun,וְעַתָּ֣ה,1,False,,
13017023,3,,Jahwe,יְהוָ֔ה,2,False,,
13017023,4,,das,הַדָּבָ֗ר,3,False,,
13017023,5,,Wort,הַדָּבָ֗ר,3,False,,
13017023,6,,das,אֲשֶׁ֨ר,4,False,,
13017023,7,,du,דִּבַּ֤רְתָּ,5,False,,
13017023,8,,über,עַֽל־,6,False,,
13017023,9,,deinen,עַבְדְּךָ֙,7,False,,
13017023,10,,Knecht,עַבְדְּךָ֙,7,False,,
13017023,11,,und,וְעַל־,8,False,,
13017023,12,,über,וְעַל־,8,False,,
13017023,13,,sein,בֵּית֔וֹ,9,False,,
13017023,14,,Haus,בֵּית֔וֹ,9,False,,
13017023,15,,geredet,יֵאָמֵ֖ן,10,False,,
13017023,16,,hast,דִּבַּ֤רְתָּ,5,False,,
13017023,17,,möge,יֵאָמֵ֖ן,10,False,,
13017023,18,,sich,יֵאָמֵ֖ן,10,False,,
13017023,19,,bewähren,יֵאָמֵ֖ן,10,False,,
13017023,20,,ewiglich,עוֹלָ֑ם,12,False,,
13017023,21,,und,וַעֲשֵׂ֖ה,13,False,,
13017023,22,,tue,וַעֲשֵׂ֖ה,13,False,,
13017023,23,,wie,כַּאֲשֶׁ֥ר,14,False,,
13017023,24,,du,דִּבַּֽרְתָּ׃,15,False,,
13017023,25,,geredet,דִּבַּֽרְתָּ׃,15,False,,
13017023,26,,hast,דִּבַּֽרְתָּ׃,15,False,,
13017024,1,,Ja,וְ֠יֵֽאָמֵן,1,False,,
13017024,2,,es,וְ֠יֵֽאָמֵן,1,False,,
13017024,3,,möge,וְ֠יֵֽאָמֵן,1,False,,
13017024,4,,sich,וְ֠יֵֽאָמֵן,1,False,,
13017024,5,,bewähren,וְ֠יֵֽאָמֵן,1,False,,
13017024,6,,und,וְיִגְדַּ֨ל,2,False,,
13017024,7,,dein,שִׁמְךָ֤,3,False,,
13017024,8,,Name,שִׁמְךָ֤,3,False,,
13017024,9,,sei,וְ֠יֵֽאָמֵן,1,False,,
13017024,10,,groß,וְיִגְדַּ֨ל,2,False,,
13017024,11,,auf,עַד־,4,False,,
13017024,12,,ewig,עוֹלָם֙,5,False,,
13017024,13,,daß,לֵאמֹ֔ר,6,False,,
13017024,14,,man,לֵאמֹ֔ר,6,False,,
13017024,15,,spreche,לֵאמֹ֔ר,6,False,,
13017024,16,,Jahwe,יְהוָ֤ה,7,False,,
13017024,17,,der,צְבָאוֹת֙,8,False,,
13017024,18,,Heerscharen,צְבָאוֹת֙,8,False,,
13017024,19,,der,אֱלֹהֵ֣י,9,False,,
13017024,20,,Gott,אֱלֹהֵ֣י,9,False,,
13017024,21,,Israels,יִשְׂרָאֵ֔ל,10,False,,
13017024,22,,ist,אֱלֹהִ֖ים,11,False,,
13017024,23,,Gott,אֱלֹהִ֖ים,11,False,,
13017024,24,,für,לְיִשְׂרָאֵ֑ל,12,False,,
13017024,25,,Israel,לְיִשְׂרָאֵ֑ל,12,False,,
13017024,26,,Und,וּבֵית־,13,False,,
13017024,27,,das,וּבֵית־,13,False,,
13017024,28,,Haus,וּבֵית־,13,False,,
13017024,29,,deines,עַבְדְּךָ֖,15,False,,
13017024,30,,Knechtes,עַבְדְּךָ֖,15,False,,
13017024,31,,David,דָּוִ֥יד,14,False,,
13017024,32,,sei,נָכ֥וֹן,16,False,,
13017024,33,,fest,נָכ֥וֹן,16,False,,
13017024,34,,vor,לְפָנֶֽיךָ׃,17,False,,
13017024,35,,dir,לְפָנֶֽיךָ׃,17,False,,
13017025,1,,Denn,כִּ֣י׀,1,False,,
13017025,2,,du,אַתָּ֣ה,2,False,,
13017025,3,,mein,אֱלֹהַ֗י,3,False,,
13017025,4,,Gott,אֱלֹהַ֗י,3,False,,
13017025,5,,hast,גָּלִ֙יתָ֙,4,False,,
13017025,6,,dem,אֶת־,5,False,,
13017025,7,,Ohre,אֹ֣זֶן,6,False,,
13017025,8,,deines,עַבְדְּךָ֔,7,False,,
13017025,9,,Knechtes,עַבְדְּךָ֔,7,False,,
13017025,10,,eröffnet,גָּלִ֙יתָ֙,4,False,,
13017025,11,,daß,לִבְנ֥וֹת,8,False,,
13017025,12,,du,לִבְנ֥וֹת,8,False,,
13017025,13,,ihm,ל֖וֹ,9,False,,
13017025,14,,ein,בָּ֑יִת,10,False,,
13017025,15,,Haus,בָּ֑יִת,10,False,,
13017025,16,,bauen,לִבְנ֥וֹת,8,False,,
13017025,17,,willst,לִבְנ֥וֹת,8,False,,
13017025,18,,darum,עַל־,11,False,,
13017025,19,,hat,מָצָ֣א,13,False,,
13017025,20,,dein,עַבְדְּךָ֔,14,False,,
13017025,21,,Knecht,עַבְדְּךָ֔,14,False,,
13017025,22,,sich,לְהִתְפַּלֵּ֖ל,15,False,,
13017025,23,,ein,מָצָ֣א,13,False,,
13017025,24,,Herz,מָצָ֣א,13,False,,
13017025,25,,gefaßt,מָצָ֣א,13,False,,
13017025,26,,vor,לְפָנֶֽיךָ׃,16,False,,
13017025,27,,dir,לְפָנֶֽיךָ׃,16,False,,
13017025,28,,zu,לְהִתְפַּלֵּ֖ל,15,False,,
13017025,29,,beten,לְהִתְפַּלֵּ֖ל,15,False,,
13017026,1,,Und,וְעַתָּ֣ה,1,False,,
13017026,2,,nun,וְעַתָּ֣ה,1,False,,
13017026,3,,Jahwe,יְהוָ֔ה,2,False,,
13017026,4,,du,אַתָּה־,3,False,,
13017026,5,,bist,אַתָּה־,3,False,,
13017026,6,,es,ה֖וּא,4,False,,
13017026,7,,der,הָאֱלֹהִ֑ים,5,False,,
13017026,8,,da,הָאֱלֹהִ֑ים,5,False,,
13017026,9,,Gott,הָאֱלֹהִ֑ים,5,False,,
13017026,10,,ist,הָאֱלֹהִ֑ים,5,False,,
13017026,11,,und,וַתְּדַבֵּר֙,6,False,,
13017026,12,,du,וַתְּדַבֵּר֙,6,False,,
13017026,13,,hast,וַתְּדַבֵּר֙,6,False,,
13017026,14,,dieses,הַזֹּֽאת׃,10,False,,
13017026,15,,Gute,הַטּוֹבָ֖ה,9,False,,
13017026,16,,zu,וַתְּדַבֵּר֙,6,False,,
13017026,17,,deinem,עַבְדְּךָ֔,8,False,,
13017026,18,,Knechte,עַבְדְּךָ֔,8,False,,
13017026,19,,geredet,וַתְּדַבֵּר֙,6,False,,
13017027,1,,Und,וְעַתָּ֗ה,1,False,,
13017027,2,,nun,וְעַתָּ֗ה,1,False,,
13017027,3,,es,הוֹאַ֙לְתָּ֙,2,False,,
13017027,4,,hat,הוֹאַ֙לְתָּ֙,2,False,,
13017027,5,,dir,לְבָרֵךְ֙,3,False,,
13017027,6,,gefallen,הוֹאַ֙לְתָּ֙,2,False,,
13017027,7,,das,אֶת־,4,False,,
13017027,8,,Haus,בֵּ֣ית,5,False,,
13017027,9,,deines,עַבְדְּךָ֔,6,False,,
13017027,10,,Knechtes,עַבְדְּךָ֔,6,False,,
13017027,11,,zu,לִהְי֥וֹת,7,False,,
13017027,12,,segnen,לְבָרֵךְ֙,3,False,,
13017027,13,,daß,לִהְי֥וֹת,7,False,,
13017027,14,,es,לִהְי֥וֹת,7,False,,
13017027,15,,ewiglich,לְעוֹלָ֖ם,8,False,,
13017027,16,,vor,לְפָנֶ֑יךָ,9,False,,
13017027,17,,dir,לְפָנֶ֑יךָ,9,False,,
13017027,18,,sei,לִהְי֥וֹת,7,False,,
13017027,19,,denn,כִּֽי־,10,False,,
13017027,20,,du,אַתָּ֤ה,11,False,,
13017027,21,,Jahwe,יְהוָה֙,12,False,,
13017027,22,,hast,בֵּרַ֔כְתָּ,13,False,,
13017027,23,,es,בֵּרַ֔כְתָּ,13,False,,
13017027,24,,gesegnet,בֵּרַ֔כְתָּ,13,False,,
13017027,25,,und,וּמְבֹרָ֖ךְ,14,False,,
13017027,26,,es,וּמְבֹרָ֖ךְ,14,False,,
13017027,27,,wird,וּמְבֹרָ֖ךְ,14,False,,
13017027,28,,gesegnet,וּמְבֹרָ֖ךְ,14,False,,
13017027,29,,sein,וּמְבֹרָ֖ךְ,14,False,,
13017027,30,,ewiglich,לְעוֹלָֽם׃ פ,15,False,,
13018001,1,,Und,וַיְהִי֙,1,False,,
13018001,2,,es,וַיְהִי֙,1,True,,
13018001,3,,geschah,וַיְהִי֙,1,False,,
13018001,4,,hernach,אַחֲרֵי־,2,False,,
13018001,5,,da,כֵ֔ן,3,False,,
13018001,6,,schlug,וַיַּ֥ךְ,4,False,,
13018001,7,,David,דָּוִ֛יד,5,False,,
13018001,8,,die,אֶת־,6,False,,
13018001,9,,Philister,פְּלִשְׁתִּ֖ים,7,False,,
13018001,10,,und,וַיַּכְנִיעֵ֑ם,8,False,,
13018001,11,,demütigte,וַיַּכְנִיעֵ֑ם,8,False,,
13018001,12,,sie,וַיַּכְנִיעֵ֑ם,8,False,,
13018001,13,,und,וַיִּקַּ֛ח,9,False,,
13018001,14,,er,וַיִּקַּ֛ח,9,True,,
13018001,15,,nahm,וַיִּקַּ֛ח,9,False,,
13018001,16,,Gath,גַּ֥ת,11,False,,
13018001,17,,und,וּבְנֹתֶ֖יהָ,12,False,,
13018001,18,,seine,וּבְנֹתֶ֖יהָ,12,False,,
13018001,19,,Tochterstädte,וּבְנֹתֶ֖יהָ,12,False,,
13018001,20,,aus,מִיַּ֥ד,13,False,,
13018001,21,,der,מִיַּ֥ד,13,True,,
13018001,22,,Hand,מִיַּ֥ד,13,False,,
13018001,23,,der,פְּלִשְׁתִּֽים׃,14,True,,
13018001,24,,Philister,פְּלִשְׁתִּֽים׃,14,False,,
13018002,1,,Und,וַיַּ֖ךְ,1,False,,
13018002,2,,er,וַיַּ֖ךְ,1,True,,
13018002,3,,schlug,וַיַּ֖ךְ,1,False,,
13018002,4,,die,אֶת־,2,False,,
13018002,5,,Moabiter,מוֹאָ֑ב,3,False,,
13018002,6,,und,וַיִּהְי֤וּ,4,False,,
13018002,7,,die,מוֹאָב֙,5,True,,
13018002,8,,Moabiter,מוֹאָב֙,5,False,,
13018002,9,,wurden,וַיִּהְי֤וּ,4,False,,
13018002,10,,David,לְדָוִ֔יד,7,False,,
13018002,11,,zu,לְדָוִ֔יד,7,False,,
13018002,12,,Knechten,עֲבָדִ֣ים,6,False,,
13018002,13,,welche,נֹשְׂאֵ֖י,8,False,,
13018002,14,,Geschenke,מִנְחָֽה׃,9,False,,
13018002,15,,brachten,נֹשְׂאֵ֖י,8,False,,
13018003,1,,Und,וַיַּ֥ךְ,1,False,,
13018003,2,,David,דָּוִ֛יד,2,False,,
13018003,3,,schlug,וַיַּ֥ךְ,1,False,,
13018003,4,,Hadareser,הֲדַדְעֶ֥זֶר,4,False,,
13018003,5,,den,אֶת־,3,False,,
13018003,6,,König,מֶֽלֶךְ־,5,False,,
13018003,7,,von,צוֹבָ֖ה,6,False,,
13018003,8,,Zoba,צוֹבָ֖ה,6,False,,
13018003,9,,bei,חֲמָ֑תָה,7,False,,
13018003,10,,Hamath,חֲמָ֑תָה,7,False,,
13018003,11,,als,בְּלֶכְתּ֕וֹ,8,False,,
13018003,12,,er,בְּלֶכְתּ֕וֹ,8,False,,
13018003,13,,hinzog,בְּלֶכְתּ֕וֹ,8,False,,
13018003,14,,um,לְהַצִּ֥יב,9,False,,
13018003,15,,seine,יָד֖וֹ,10,False,,
13018003,16,,Macht,יָד֖וֹ,10,False,,
13018003,17,,am,בִּֽנְהַר־,11,False,,
13018003,18,,Strome,בִּֽנְהַר־,11,False,,
13018003,19,,Phrat,פְּרָֽת׃,12,False,,
13018003,20,,zu,לְהַצִּ֥יב,9,False,,
13018003,21,,befestigen,לְהַצִּ֥יב,9,False,,
13018004,1,,Und,וַיִּלְכֹּד֩,1,False,,
13018004,2,,David,דָּוִ֨יד,2,False,,
13018004,3,,fing,וַיִּלְכֹּד֩,1,False,,
13018004,4,,von,מִמֶּ֜נּוּ,3,False,,
13018004,5,,ihm,מִמֶּ֜נּוּ,3,False,,
13018004,6,,1000,אֶ֣לֶף,4,False,,
13018004,7,,Wagen,רֶ֗כֶב,5,False,,
13018004,8,,und,וְשִׁבְעַ֤ת,6,False,,
13018004,9,,7000,אֲלָפִים֙,7,False,,
13018004,10,,Reiter,פָּֽרָשִׁ֔ים,8,False,,
13018004,11,,und,וְעֶשְׂרִ֥ים,9,False,,
13018004,12,,20000,אֶ֖לֶף,10,False,,
13018004,13,,Mann,אִ֣ישׁ,11,False,,
13018004,14,,Fußvolk,רַגְלִ֑י,12,False,,
13018004,15,,und,וַיְעַקֵּ֤ר,13,False,,
13018004,16,,David,דָּוִיד֙,14,False,,
13018004,17,,lähmte,וַיְעַקֵּ֤ר,13,False,,
13018004,18,,alle,כָּל־,16,False,,
13018004,19,,Gespanne,הָרֶ֔כֶב,17,False,,
13018004,20,,und,וַיּוֹתֵ֥ר,18,False,,
13018004,21,,ließ,וַיּוֹתֵ֥ר,18,False,,
13018004,22,,100,מֵ֥אָה,20,False,,
13018004,23,,Gespanne,רָֽכֶב׃,21,False,,
13018004,24,,von,מִמֶּ֖נּוּ,19,False,,
13018004,25,,ihm,מִמֶּ֖נּוּ,19,False,,
13018004,26,,übrig,וַיּוֹתֵ֥ר,18,False,,
13018005,1,,Und,וַיָּבֹא֙,1,False,,
13018005,2,,die,אֲרַ֣ם,2,True,,
13018005,3,,Syrer,אֲרַ֣ם,2,False,,
13018005,4,,von,דַּרְמֶ֔שֶׂק,3,False,,
13018005,5,,Damaskus,דַּרְמֶ֔שֶׂק,3,False,,
13018005,6,,kamen,וַיָּבֹא֙,1,False,,
13018005,7,,um,לַעְז֕וֹר,4,False,,
13018005,8,,Hadareser,לַהֲדַדְעֶ֖זֶר,5,False,,
13018005,9,,dem,מֶ֣לֶךְ,6,True,,
13018005,10,,König,מֶ֣לֶךְ,6,False,,
13018005,11,,von,צוֹבָ֑ה,7,False,,
13018005,12,,Zoba,צוֹבָ֑ה,7,False,,
13018005,13,,zu,לַעְז֕וֹר,4,False,,
13018005,14,,helfen,לַעְז֕וֹר,4,False,,
13018005,15,,und,וַיַּ֤ךְ,8,False,,
13018005,16,,David,דָּוִיד֙,9,False,,
13018005,17,,erschlug,וַיַּ֤ךְ,8,False,,
13018005,18,,unter,בַּאֲרָ֔ם,10,False,,
13018005,19,,den,בַּאֲרָ֔ם,10,False,,
13018005,20,,Syrern,בַּאֲרָ֔ם,10,False,,
13018005,21,,22000,עֶשְׂרִֽים־,11,False,,
13018005,22,,Mann,אִֽישׁ׃,14,False,,
13018006,1,,Und,וַיָּ֤שֶׂם,1,False,,
13018006,2,,David,דָּוִיד֙,2,False,,
13018006,3,,legte,וַיָּ֤שֶׂם,1,False,,
13018006,4,,Besatzungen,עֲבָדִ֖ים,8,False,,
13018006,5,,in,בַּאֲרַ֣ם,3,False,,
13018006,6,,das,בַּאֲרַ֣ם,3,True,,
13018006,7,,damascenische,דַּרְמֶ֔שֶׂק,4,False,,
13018006,8,,Syrien,דַּרְמֶ֔שֶׂק,4,False,,
13018006,9,,und,וַיְהִ֤י,5,False,,
13018006,10,,die,אֲרָם֙,6,True,,
13018006,11,,Syrer,אֲרָם֙,6,False,,
13018006,12,,wurden,וַיְהִ֤י,5,False,,
13018006,13,,David,לְדָוִ֔יד,7,False,,
13018006,14,,zu,לְדָוִ֔יד,7,False,,
13018006,15,,Knechten,עֲבָדִ֖ים,8,False,,
13018006,16,,welche,נֹשְׂאֵ֣י,9,False,,
13018006,17,,Geschenke,מִנְחָ֑ה,10,False,,
13018006,18,,brachten,נֹשְׂאֵ֣י,9,False,,
13018006,19,,Und,וַיּ֤וֹשַׁע,11,False,,
13018006,20,,Jahwe,יְהוָה֙,12,False,,
13018006,21,,half,וַיּ֤וֹשַׁע,11,False,,
13018006,22,,David,לְדָוִ֔יד,13,False,,
13018006,23,,überall,בְּכֹ֖ל,14,False,,
13018006,24,,wohin,אֲשֶׁ֥ר,15,False,,
13018006,25,,er,הָלָֽךְ׃,16,False,,
13018006,26,,zog,הָלָֽךְ׃,16,False,,
13018007,1,,Und,וַיִּקַּ֣ח,1,False,,
13018007,2,,David,דָּוִ֗יד,2,False,,
13018007,3,,nahm,וַיִּקַּ֣ח,1,False,,
13018007,4,,die,אֵ֚ת,3,False,,
13018007,5,,goldenen,הַזָּהָ֔ב,5,False,,
13018007,6,,Schilde,שִׁלְטֵ֣י,4,False,,
13018007,7,,welche,אֲשֶׁ֣ר,6,False,,
13018007,8,,den,עַ֖ל,8,False,,
13018007,9,,Knechten,עַבְדֵ֣י,9,False,,
13018007,10,,Hadaresers,הֲדַדְעָ֑זֶר,10,False,,
13018007,11,,gehörten,הָי֔וּ,7,False,,
13018007,12,,und,וַיְבִיאֵ֖ם,11,False,,
13018007,13,,brachte,וַיְבִיאֵ֖ם,11,False,,
13018007,14,,sie,וַיְבִיאֵ֖ם,11,False,,
13018007,15,,nach,יְרוּשָׁלִָֽם׃,12,False,,
13018007,16,,Jerusalem,יְרוּשָׁלִָֽם׃,12,False,,
13018008,1,,Und,וּמִטִּבְחַ֤ת,1,False,,
13018008,2,,aus,וּמִטִּבְחַ֤ת,1,False,,
13018008,3,,Tibchad,וּמִטִּבְחַ֤ת,1,False,,
13018008,4,,und,וּמִכּוּן֙,2,False,,
13018008,5,,aus,וּמִכּוּן֙,2,False,,
13018008,6,,Kun,וּמִכּוּן֙,2,False,,
13018008,7,,den,עָרֵ֣י,3,False,,
13018008,8,,Städten,עָרֵ֣י,3,False,,
13018008,9,,Hadaresers,הֲדַדְעֶ֔זֶר,4,False,,
13018008,10,,nahm,לָקַ֥ח,5,False,,
13018008,11,,David,דָּוִ֛יד,6,False,,
13018008,12,,Erz,נְחֹ֖שֶׁת,7,False,,
13018008,13,,in,בָּ֣הּ׀,10,False,,
13018008,14,,großer,רַבָּ֣ה,8,False,,
13018008,15,,Menge,מְאֹ֑ד,9,False,,
13018008,16,,davon,בָּ֣הּ׀,10,False,,
13018008,17,,machte,עָשָׂ֣ה,11,False,,
13018008,18,,Salomo,שְׁלֹמֹ֗ה,12,False,,
13018008,19,,das,אֶת־,13,False,,
13018008,20,,eherne,הַנְּחֹ֙שֶׁת֙,15,False,,
13018008,21,,Meer,יָ֤ם,14,False,,
13018008,22,,und,וְאֶת־,16,False,,
13018008,23,,die,הָֽעַמּוּדִ֔ים,17,False,,
13018008,24,,Säulen,הָֽעַמּוּדִ֔ים,17,False,,
13018008,25,,und,וְאֵ֖ת,18,False,,
13018008,26,,die,כְּלֵ֥י,19,False,,
13018008,27,,ehernen,הַנְּחֹֽשֶׁת׃ פ,20,False,,
13018008,28,,Geräte,הַנְּחֹֽשֶׁת׃ פ,20,False,,
13018009,1,,Und,וַיִּשְׁמַ֕ע,1,False,,
13018009,2,,als,כִּ֚י,5,False,,
13018009,3,,Tou,תֹּ֖עוּ,2,False,,
13018009,4,,der,מֶ֣לֶךְ,3,False,,
13018009,5,,König,מֶ֣לֶךְ,3,False,,
13018009,6,,von,חֲמָ֑ת,4,False,,
13018009,7,,Hamath,חֲמָ֑ת,4,False,,
13018009,8,,hörte,וַיִּשְׁמַ֕ע,1,False,,
13018009,9,,daß,כִּ֚י,5,False,,
13018009,10,,David,דָוִ֔יד,7,False,,
13018009,11,,die,אֶת־,8,False,,
13018009,11,,die,כָּל־,9,False,,
13018009,12,,ganze,כָּל־,9,False,,
13018009,13,,Heeresmacht,חֵ֖יל,10,False,,
13018009,14,,Hadaresers,הֲדַדְעֶ֥זֶר,11,False,,
13018009,15,,des,מֶֽלֶךְ־,12,False,,
13018009,16,,Königs,מֶֽלֶךְ־,12,False,,
13018009,17,,von,צוֹבָֽה׃,13,False,,
13018009,18,,Zoba,צוֹבָֽה׃,13,False,,
13018009,19,,geschlagen,הִכָּ֣ה,6,False,,
13018009,20,,hatte,הִכָּ֣ה,6,False,,
13018010,1,,da,וַיִּשְׁלַ֣ח,1,False,,
13018010,2,,sandte,וַיִּשְׁלַ֣ח,1,False,,
13018010,3,,er,וַיִּשְׁלַ֣ח,1,False,,
13018010,4,,Hadoram,הֲדֽוֹרָם־,3,False,,
13018010,5,,seinen,בְּנ֣וֹ,4,False,,
13018010,6,,Sohn,בְּנ֣וֹ,4,False,,
13018010,7,,zu,אֶל־,5,False,,
13018010,8,,dem,הַמֶּֽלֶךְ־,6,False,,
13018010,9,,König,הַמֶּֽלֶךְ־,6,False,,
13018010,10,,David,דָּ֠וִיד,7,False,,
13018010,11,,um,לִשְׁאָל,8,False,,
13018010,12,,ihn,ל֨וֹ,9,False,,
13018010,13,,nach,לִשְׁאָל,8,False,,
13018010,14,,seinem,ל֨וֹ,9,False,,
13018010,15,,Wohlergehen,לְשָׁל֜וֹם,10,False,,
13018010,16,,zu,לִשְׁאָל,8,False,,
13018010,17,,fragen,לִשְׁאָל,8,False,,
13018010,18,,und,וּֽלְבָרֲכ֗וֹ,11,False,,
13018010,19,,ihn,וּֽלְבָרֲכ֗וֹ,11,False,,
13018010,20,,zu,וּֽלְבָרֲכ֗וֹ,11,False,,
13018010,21,,beglückwünschen,וּֽלְבָרֲכ֗וֹ,11,False,,
13018010,22,,darum,עַל֩,12,False,,
13018010,23,,daß,אֲשֶׁ֨ר,13,False,,
13018010,24,,er,נִלְחַ֤ם,14,False,,
13018010,25,,wider,נִלְחַ֤ם,14,False,,
13018010,26,,Hadareser,בַּהֲדַדְעֶ֙זֶר֙,15,False,,
13018010,27,,gestritten,נִלְחַ֤ם,14,False,,
13018010,28,,und,וַיַּכֵּ֔הוּ,16,False,,
13018010,29,,ihn,וַיַּכֵּ֔הוּ,16,False,,
13018010,30,,geschlagen,וַיַּכֵּ֔הוּ,16,False,,
13018010,31,,hatte,וַיַּכֵּ֔הוּ,16,False,,
13018010,32,,denn,כִּי־,17,False,,
13018010,33,,Hadareser,הֲדַדְעָ֑זֶר,22,False,,
13018010,34,,war,הָיָ֣ה,21,False,,
13018010,35,,stets,הָיָ֣ה,21,False,,
13018010,36,,im,מִלְחֲמ֥וֹת,19,False,,
13018010,37,,Kriege,מִלְחֲמ֥וֹת,19,False,,
13018010,38,,mit,נִלְחַ֤ם,14,False,,
13018010,39,,Tou,תֹּ֖עוּ,20,False,,
13018010,40,,und,וְכֹ֗ל,23,False,,
13018010,41,,er,וְכֹ֗ל,23,False,,
13018010,42,,sandte,וְכֹ֗ל,23,False,,
13018010,43,,allerlei,וְכֹ֗ל,23,False,,
13018010,44,,Geräte,כְּלֵ֛י,24,False,,
13018010,45,,von,כְּלֵ֛י,24,False,,
13018010,46,,Gold,זָהָ֥ב,25,False,,
13018010,47,,und,וָכֶ֖סֶף,26,False,,
13018010,48,,von,וָכֶ֖סֶף,26,False,,
13018010,49,,Silber,וָכֶ֖סֶף,26,False,,
13018010,50,,und,וּנְחֹֽשֶׁת׃,27,False,,
13018010,51,,von,וּנְחֹֽשֶׁת׃,27,False,,
13018010,52,,Erz,וּנְחֹֽשֶׁת׃,27,False,,
13018011,1,,Auch,גַּם־,1,False,,
13018011,2,,diese,אֹתָ֗ם,2,False,,
13018011,3,,heiligte,הִקְדִּ֞ישׁ,3,False,,
13018011,4,,der,הַמֶּ֤לֶךְ,4,False,,
13018011,5,,König,הַמֶּ֤לֶךְ,4,False,,
13018011,6,,David,דָּוִיד֙,5,False,,
13018011,7,,dem,לַיהוָ֔ה,6,False,,
13018011,8,,Jahwe,לַיהוָ֔ה,6,False,,
13018011,9,,samt,עִם־,7,False,,
13018011,10,,dem,הַכֶּ֙סֶף֙,8,True,,
13018011,11,,Silber,הַכֶּ֙סֶף֙,8,False,,
13018011,12,,und,וְהַזָּהָ֔ב,9,False,,
13018011,13,,dem,וְהַזָּהָ֔ב,9,True,,
13018011,14,,Golde,וְהַזָּהָ֔ב,9,False,,
13018011,15,,das,אֲשֶׁ֥ר,10,False,,
13018011,16,,er,נָשָׂ֖א,11,False,,
13018011,17,,von,מִכָּל־,12,False,,
13018011,18,,all,מִכָּל־,12,False,,
13018011,19,,den,הַגּוֹיִ֑ם,13,True,,
13018011,20,,Nationen,הַגּוֹיִ֑ם,13,False,,
13018011,21,,genommen,נָשָׂ֖א,11,False,,
13018011,22,,hatte,נָשָׂ֖א,11,True,,
13018011,23,,von,מֵֽאֱד֤וֹם,14,False,,
13018011,24,,den,מֵֽאֱד֤וֹם,14,True,,
13018011,25,,Edomitern,מֵֽאֱד֤וֹם,14,False,,
13018011,26,,und,וּמִמּוֹאָב֙,15,False,,
13018011,27,,von,וּמִמּוֹאָב֙,15,False,,
13018011,28,,den,וּמִמּוֹאָב֙,15,True,,
13018011,29,,Moabitern,וּמִמּוֹאָב֙,15,False,,
13018011,30,,und,וּמִבְּנֵ֣י,16,False,,
13018011,31,,von,וּמִבְּנֵ֣י,16,False,,
13018011,32,,den,וּמִבְּנֵ֣י,16,True,,
13018011,33,,Kindern,וּמִבְּנֵ֣י,16,False,,
13018011,34,,Ammon,עַמּ֔וֹן,17,False,,
13018011,35,,und,וּמִפְּלִשְׁתִּ֖ים,18,False,,
13018011,36,,von,וּמִפְּלִשְׁתִּ֖ים,18,False,,
13018011,37,,den,וּמִפְּלִשְׁתִּ֖ים,18,True,,
13018011,38,,Philistern,וּמִפְּלִשְׁתִּ֖ים,18,False,,
13018011,39,,und,וּמֵֽעֲמָלֵֽק׃,19,False,,
13018011,40,,von,וּמֵֽעֲמָלֵֽק׃,19,False,,
13018011,41,,den,וּמֵֽעֲמָלֵֽק׃,19,True,,
13018011,42,,Amalekitern,וּמֵֽעֲמָלֵֽק׃,19,False,,
13018012,1,,Und,וְאַבְשַׁ֣י,1,False,,
13018012,2,,Abisai,וְאַבְשַׁ֣י,1,False,,
13018012,3,,der,בֶּן־,2,True,,
13018012,4,,Sohn,בֶּן־,2,False,,
13018012,5,,der,צְרוּיָ֗ה,3,True,,
13018012,6,,Zeruja,צְרוּיָ֗ה,3,False,,
13018012,7,,schlug,הִכָּ֤ה,4,False,,
13018012,8,,die,אֶת־,5,False,,
13018012,9,,Edomiter,אֱדוֹם֙,6,False,,
13018012,10,,im,בְּגֵ֣יא,7,False,,
13018012,11,,Salztal,בְּגֵ֣יא,7,False,,
13018012,12,,18000,שְׁמוֹנָ֥ה,9,False,,
13018012,13,,Mann,אָֽלֶף׃,11,False,,
13018013,1,,Und,וַיָּ֤שֶׂם,1,False,,
13018013,2,,er,וַיָּ֤שֶׂם,1,False,,
13018013,3,,legte,וַיָּ֤שֶׂם,1,False,,
13018013,4,,Besatzungen,נְצִיבִ֔ים,3,False,,
13018013,5,,in,בֶּֽאֱדוֹם֙,2,False,,
13018013,6,,Edom,בֶּֽאֱדוֹם֙,2,False,,
13018013,7,,und,וַיִּהְי֥וּ,4,False,,
13018013,8,,alle,כָל־,5,False,,
13018013,9,,Edomiter,אֱד֖וֹם,6,False,,
13018013,10,,wurden,וַיִּהְי֥וּ,4,False,,
13018013,11,,David,לְדָוִ֑יד,8,False,,
13018013,12,,zu,לְדָוִ֑יד,8,False,,
13018013,13,,Knechten,עֲבָדִ֣ים,7,False,,
13018013,14,,Und,וַיּ֤וֹשַׁע,9,False,,
13018013,15,,Jahwe,יְהוָה֙,10,False,,
13018013,16,,half,וַיּ֤וֹשַׁע,9,False,,
13018013,17,,David,דָּוִ֔יד,12,False,,
13018013,18,,überall,בְּכֹ֖ל,13,False,,
13018013,19,,wohin,אֲשֶׁ֥ר,14,False,,
13018013,20,,er,הָלָֽךְ׃,15,False,,
13018013,21,,zog,הָלָֽךְ׃,15,False,,
13018014,1,,Und,וַיִּמְלֹ֥ךְ,1,False,,
13018014,2,,David,דָּוִ֖יד,2,False,,
13018014,3,,regierte,וַיִּמְלֹ֥ךְ,1,False,,
13018014,4,,über,עַל־,3,False,,
13018014,5,,ganz,כָּל־,4,False,,
13018014,6,,Israel,יִשְׂרָאֵ֑ל,5,False,,
13018014,7,,und,וַיְהִ֗י,6,False,,
13018014,8,,er,וַיְהִ֗י,6,False,,
13018014,9,,übte,עֹשֶׂ֛ה,7,False,,
13018014,10,,Recht,מִשְׁפָּ֥ט,8,False,,
13018014,11,,und,וּצְדָקָ֖ה,9,False,,
13018014,12,,Gerechtigkeit,וּצְדָקָ֖ה,9,False,,
13018014,13,,an,לְכָל־,10,False,,
13018014,14,,seinem,עַמּֽוֹ׃,11,False,,
13018014,15,,ganzen,לְכָל־,10,False,,
13018014,16,,Volke,עַמּֽוֹ׃,11,False,,
13018015,1,,Und,וְיוֹאָ֥ב,1,False,,
13018015,2,,Joab,וְיוֹאָ֥ב,1,False,,
13018015,3,,der,בֶּן־,2,True,,
13018015,4,,Sohn,בֶּן־,2,False,,
13018015,5,,der,צְרוּיָ֖ה,3,True,,
13018015,6,,Zeruja,צְרוּיָ֖ה,3,False,,
13018015,7,,war,וְיוֹאָ֥ב,1,False,,
13018015,8,,über,עַל־,4,False,,
13018015,9,,das,הַצָּבָ֑א,5,True,,
13018015,10,,Heer,הַצָּבָ֑א,5,False,,
13018015,11,,und,וִיהוֹשָׁפָ֥ט,6,False,,
13018015,12,,Josaphat,וִיהוֹשָׁפָ֥ט,6,False,,
13018015,13,,der,בֶּן־,7,True,,
13018015,14,,Sohn,בֶּן־,7,False,,
13018015,15,,Ahiluds,אֲחִיל֖וּד,8,False,,
13018015,16,,war,וִיהוֹשָׁפָ֥ט,6,False,,
13018015,17,,Geschichtsschreiber,מַזְכִּֽיר׃,9,False,,
13018016,1,,und,וְצָד֧וֹק,1,False,,
13018016,2,,Zadok,וְצָד֧וֹק,1,False,,
13018016,3,,der,בֶּן־,2,True,,
13018016,4,,Sohn,בֶּן־,2,False,,
13018016,5,,Ahitubs,אֲחִיט֛וּב,3,False,,
13018016,6,,und,וַאֲבִימֶ֥לֶךְ,4,False,,
13018016,7,,Ahimelech,וַאֲבִימֶ֥לֶךְ,4,False,,
13018016,8,,der,בֶּן־,5,True,,
13018016,9,,Sohn,בֶּן־,5,False,,
13018016,10,,Abjathars,אֶבְיָתָ֖ר,6,False,,
13018016,11,,waren,כֹּהֲנִ֑ים,7,False,,
13018016,12,,Priester,כֹּהֲנִ֑ים,7,False,,
13018016,13,,und,וְשַׁוְשָׁ֖א,8,False,,
13018016,14,,Schawscha,וְשַׁוְשָׁ֖א,8,False,,
13018016,15,,war,סוֹפֵֽר׃,9,False,,
13018016,16,,Schreiber,סוֹפֵֽר׃,9,False,,
13018017,1,,und,וּבְנָיָ֙הוּ֙,1,False,,
13018017,2,,Benaja,וּבְנָיָ֙הוּ֙,1,False,,
13018017,3,,der,בֶּן־,2,True,,
13018017,4,,Sohn,בֶּן־,2,False,,
13018017,5,,Jojadas,יְה֣וֹיָדָ֔ע,3,False,,
13018017,6,,war,וּבְנָיָ֙הוּ֙,1,False,,
13018017,7,,über,עַל־,4,False,,
13018017,8,,die,הַכְּרֵתִ֖י,5,True,,
13018017,9,,Kerethiter,הַכְּרֵתִ֖י,5,False,,
13018017,10,,und,וְהַפְּלֵתִ֑י,6,False,,
13018017,11,,die,וְהַפְּלֵתִ֑י,6,True,,
13018017,12,,Pelethiter,וְהַפְּלֵתִ֑י,6,False,,
13018017,13,,und,וּבְנֵי־,7,False,,
13018017,14,,die,וּבְנֵי־,7,True,,
13018017,15,,Söhne,וּבְנֵי־,7,False,,
13018017,16,,Davids,דָוִ֥יד,8,False,,
13018017,17,,waren,הַמֶּֽלֶךְ׃ פ,11,False,,
13018017,18,,die,הָרִאשֹׁנִ֖ים,9,True,,
13018017,19,,ersten,הָרִאשֹׁנִ֖ים,9,False,,
13018017,20,,zur,לְיַ֥ד,10,False,,
13018017,21,,Seite,לְיַ֥ד,10,False,,
13018017,22,,des,הַמֶּֽלֶךְ׃ פ,11,True,,
13018017,23,,Königs,הַמֶּֽלֶךְ׃ פ,11,False,,
13019001,1,,Und,וַיְהִי֙,1,False,,
13019001,2,,es,וַיְהִי֙,1,True,,
13019001,3,,geschah,וַיְהִי֙,1,False,,
13019001,4,,hernach,אַחֲרֵי־,2,False,,
13019001,5,,da,אַחֲרֵי־,2,False,,
13019001,6,,starb,וַיָּ֕מָת,4,False,,
13019001,7,,Nahas,נָחָ֖שׁ,5,False,,
13019001,8,,der,מֶ֣לֶךְ,6,True,,
13019001,9,,König,מֶ֣לֶךְ,6,False,,
13019001,10,,der,בְּנֵי־,7,True,,
13019001,11,,Kinder,בְּנֵי־,7,False,,
13019001,12,,Ammon,עַמּ֑וֹן,8,False,,
13019001,13,,und,וַיִּמְלֹ֥ךְ,9,False,,
13019001,14,,sein,בְּנ֖וֹ,10,False,,
13019001,15,,Sohn,בְּנ֖וֹ,10,False,,
13019001,16,,ward,וַיִּמְלֹ֥ךְ,9,False,,
13019001,17,,König,וַיִּמְלֹ֥ךְ,9,False,,
13019001,18,,an,תַּחְתָּֽיו׃,11,False,,
13019001,19,,seiner,תַּחְתָּֽיו׃,11,False,,
13019001,20,,Statt,תַּחְתָּֽיו׃,11,False,,
13019002,1,,Und,וַיֹּ֨אמֶר,1,False,,
13019002,2,,David,דָּוִ֜יד,2,False,,
13019002,3,,sprach,וַיֹּ֨אמֶר,1,False,,
13019002,4,,Ich,אֶֽעֱשֶׂה־,3,False,,
13019002,5,,will,אֶֽעֱשֶׂה־,3,False,,
13019002,6,,Güte,חֶ֣סֶד׀,4,False,,
13019002,7,,erweisen,אֶֽעֱשֶׂה־,3,False,,
13019002,8,,an,עִם־,5,False,,
13019002,9,,Hanun,חָנ֣וּן,6,False,,
13019002,10,,dem,בֶּן־,7,True,,
13019002,11,,Sohne,בֶּן־,7,False,,
13019002,12,,Nahas,נָחָ֗שׁ,8,False,,
13019002,13,,denn,כִּֽי־,9,False,,
13019002,14,,sein,אָבִ֤יו,11,False,,
13019002,15,,Vater,אָבִ֤יו,11,False,,
13019002,16,,hat,עָשָׂ֨ה,10,False,,
13019002,17,,Güte,חֶ֔סֶד,13,False,,
13019002,18,,an,עִמִּי֙,12,False,,
13019002,19,,mir,עִמִּי֙,12,False,,
13019002,20,,erwiesen,עָשָׂ֨ה,10,False,,
13019002,21,,Und,וַיִּשְׁלַ֥ח,14,False,,
13019002,22,,David,דָּוִ֛יד,15,False,,
13019002,23,,sandte,וַיִּשְׁלַ֥ח,14,False,,
13019002,24,,Boten,מַלְאָכִ֖ים,16,False,,
13019002,25,,um,לְנַחֲמ֣וֹ,17,False,,
13019002,26,,ihn,לְנַחֲמ֣וֹ,17,False,,
13019002,27,,wegen,עַל־,18,False,,
13019002,28,,seines,אָבִ֑יו,19,False,,
13019002,29,,Vaters,אָבִ֑יו,19,False,,
13019002,30,,zu,לְנַחֲמ֣וֹ,17,False,,
13019002,31,,trösten,לְנַחֲמ֣וֹ,17,False,,
13019002,32,,Und,וַיָּבֹאוּ֩,20,False,,
13019002,33,,die,עַבְדֵ֨י,21,True,,
13019002,34,,Knechte,עַבְדֵ֨י,21,False,,
13019002,35,,Davids,דָוִ֜יד,22,False,,
13019002,36,,kamen,וַיָּבֹאוּ֩,20,False,,
13019002,37,,in,אֶל־,23,False,,
13019002,38,,das,אֶ֧רֶץ,24,True,,
13019002,39,,Land,אֶ֧רֶץ,24,False,,
13019002,40,,der,בְּנֵי־,25,True,,
13019002,41,,Kinder,בְּנֵי־,25,False,,
13019002,42,,Ammon,עַמּ֛וֹן,26,False,,
13019002,43,,zu,אֶל־,27,False,,
13019002,44,,Hanun,חָנ֖וּן,28,False,,
13019002,45,,um,לְנַחֲמֽוֹ׃,29,False,,
13019002,46,,ihn,לְנַחֲמֽוֹ׃,29,False,,
13019002,47,,zu,לְנַחֲמֽוֹ׃,29,False,,
13019002,48,,trösten,לְנַחֲמֽוֹ׃,29,False,,
13019003,1,,Da,וַיֹּאמְרוּ֩,1,False,,
13019003,2,,sprachen,וַיֹּאמְרוּ֩,1,False,,
13019003,3,,die,שָׂרֵ֨י,2,True,,
13019003,4,,Fürsten,שָׂרֵ֨י,2,False,,
13019003,5,,der,בְנֵי־,3,True,,
13019003,6,,Kinder,בְנֵי־,3,False,,
13019003,7,,Ammon,עַמּ֜וֹן,4,False,,
13019003,8,,zu,לְחָנ֗וּן,5,False,,
13019003,9,,Hanun,לְחָנ֗וּן,5,False,,
13019003,10,,Ehrt,הַֽמְכַבֵּ֨ד,6,False,,
13019003,11,,wohl,הַֽמְכַבֵּ֨ד,6,False,,
13019003,12,,David,דָּוִ֤יד,7,False,,
13019003,13,,deinen,אָבִ֙יךָ֙,9,False,,
13019003,14,,Vater,אָבִ֙יךָ֙,9,False,,
13019003,15,,in,בְּעֵינֶ֔יךָ,10,False,,
13019003,16,,deinen,בְּעֵינֶ֔יךָ,10,False,,
13019003,17,,Augen,בְּעֵינֶ֔יךָ,10,False,,
13019003,18,,daß,כִּֽי־,11,False,,
13019003,19,,er,דָּוִ֤יד,7,False,,
13019003,20,,Tröster,מְנַחֲמִ֑ים,14,False,,
13019003,21,,zu,לְךָ֖,13,False,,
13019003,22,,dir,לְךָ֖,13,False,,
13019003,23,,gesandt,שָׁלַ֥ח,12,False,,
13019003,24,,hat,שָׁלַ֥ח,12,False,,
13019003,25,,Sind,הֲלֹ֡א,15,False,,
13019003,26,,nicht,הֲלֹ֡א,15,False,,
13019003,27,,seine,עֲבָדָ֖יו,22,False,,
13019003,28,,Knechte,עֲבָדָ֖יו,22,False,,
13019003,29,,zu,אֵלֶֽיךָ׃ פ,23,False,,
13019003,30,,dir,אֵלֶֽיךָ׃ פ,23,False,,
13019003,31,,gekommen,בָּ֥אוּ,21,False,,
13019003,32,,um,בַּ֠עֲבוּר,16,False,,
13019003,33,,das,הָאָ֔רֶץ,20,True,,
13019003,34,,Land,הָאָ֔רֶץ,20,False,,
13019003,35,,zu,לַחְקֹ֨ר,17,False,,
13019003,36,,erforschen,לַחְקֹ֨ר,17,False,,
13019003,37,,und,וְלַהֲפֹ֤ךְ,18,False,,
13019003,38,,es,וְלַהֲפֹ֤ךְ,18,False,,
13019003,39,,umzukehren,וְלַהֲפֹ֤ךְ,18,False,,
13019003,40,,und,וּלְרַגֵּל֙,19,False,,
13019003,41,,auszukundschaften,וּלְרַגֵּל֙,19,False,,
13019004,1,,Da,וַיִּקַּ֨ח,1,False,,
13019004,2,,nahm,וַיִּקַּ֨ח,1,False,,
13019004,3,,Hanun,חָנ֜וּן,2,False,,
13019004,4,,die,אֶת־,3,False,,
13019004,5,,Knechte,עַבְדֵ֤י,4,False,,
13019004,6,,Davids,דָוִיד֙,5,False,,
13019004,7,,und,וַֽיְגַלְּחֵ֔ם,6,False,,
13019004,8,,ließ,וַֽיְגַלְּחֵ֔ם,6,False,,
13019004,9,,sie,וַֽיְגַלְּחֵ֔ם,6,False,,
13019004,10,,scheren,וַֽיְגַלְּחֵ֔ם,6,False,,
13019004,11,,und,וַיִּכְרֹ֧ת,7,False,,
13019004,12,,ihre,מַדְוֵיהֶ֛ם,9,False,,
13019004,13,,Oberkleider,מַדְוֵיהֶ֛ם,9,False,,
13019004,14,,zur,בַּחֵ֖צִי,10,False,,
13019004,15,,Hälfte,בַּחֵ֖צִי,10,False,,
13019004,16,,abschneiden,וַיִּכְרֹ֧ת,7,False,,
13019004,17,,bis,עַד־,11,False,,
13019004,18,,ans,עַד־,11,False,,
13019004,19,,Gesäß,הַמִּפְשָׂעָ֑ה,12,False,,
13019004,20,,und,וַֽיְשַׁלְּחֵֽם׃,13,False,,
13019004,21,,er,וַֽיְשַׁלְּחֵֽם׃,13,False,,
13019004,22,,entließ,וַֽיְשַׁלְּחֵֽם׃,13,False,,
13019004,23,,sie,וַֽיְשַׁלְּחֵֽם׃,13,False,,
13019005,1,,Und,וַיֵּלְכוּ֩,1,False,,
13019005,2,,man,וַיֵּלְכוּ֩,1,False,,
13019005,3,,ging,וַיֵּלְכוּ֩,1,False,,
13019005,4,,und,וַיַּגִּ֨ידוּ,2,False,,
13019005,5,,berichtete,וַיַּגִּ֨ידוּ,2,False,,
13019005,6,,David,לְדָוִ֤יד,3,False,,
13019005,7,,wegen,עַל־,4,False,,
13019005,8,,der,הָֽאֲנָשִׁים֙,5,False,,
13019005,9,,Männer,הָֽאֲנָשִׁים֙,5,False,,
13019005,10,,Da,וַיִּשְׁלַ֣ח,6,False,,
13019005,11,,sandte,וַיִּשְׁלַ֣ח,6,False,,
13019005,12,,er,וַיִּשְׁלַ֣ח,6,False,,
13019005,13,,ihnen,לִקְרָאתָ֔ם,7,False,,
13019005,14,,entgegen,לִקְרָאתָ֔ם,7,False,,
13019005,15,,denn,כִּי־,8,False,,
13019005,16,,die,הָאֲנָשִׁ֖ים,10,False,,
13019005,17,,Männer,הָאֲנָשִׁ֖ים,10,False,,
13019005,18,,schämten,נִכְלָמִ֣ים,11,False,,
13019005,19,,sich,נִכְלָמִ֣ים,11,False,,
13019005,20,,sehr,מְאֹ֑ד,12,False,,
13019005,21,,und,וַיֹּ֤אמֶר,13,False,,
13019005,22,,der,הַמֶּ֙לֶךְ֙,14,False,,
13019005,23,,König,הַמֶּ֙לֶךְ֙,14,False,,
13019005,24,,ließ,וַיֹּ֤אמֶר,13,False,,
13019005,25,,ihnen,שְׁב֣וּ,15,False,,
13019005,26,,sagen,שְׁב֣וּ,15,False,,
13019005,27,,Bleibet,שְׁב֣וּ,15,False,,
13019005,28,,in,בִֽירֵח֔וֹ,16,False,,
13019005,29,,Jericho,בִֽירֵח֔וֹ,16,False,,
13019005,30,,bis,עַ֛ד,17,False,,
13019005,31,,euer,זְקַנְכֶ֖ם,20,False,,
13019005,32,,Bart,זְקַנְכֶ֖ם,20,False,,
13019005,33,,gewachsen,יְצַמַּ֥ח,19,False,,
13019005,34,,ist,יְצַמַּ֥ח,19,False,,
13019005,35,,dann,וְשַׁבְתֶּֽם׃,21,False,,
13019005,36,,kommet,וְשַׁבְתֶּֽם׃,21,False,,
13019005,37,,zurück,וְשַׁבְתֶּֽם׃,21,False,,
13019006,1,,Als,וַיִּרְאוּ֙,1,False,,
13019006,2,,nun,כִּ֥י,4,False,,
13019006,3,,die,בְּנֵ֣י,2,False,,
13019006,4,,Kinder,בְּנֵ֣י,2,False,,
13019006,5,,Ammon,עַמּ֔וֹן,3,False,,
13019006,6,,sahen,וַיִּרְאוּ֙,1,False,,
13019006,7,,daß,כִּ֥י,4,False,,
13019006,8,,sie,הִֽתְבָּאֲשׁ֖וּ,5,False,,
13019006,9,,sich,הִֽתְבָּאֲשׁ֖וּ,5,False,,
13019006,10,,bei,עִם־,6,False,,
13019006,11,,David,דָּוִ֑יד,7,False,,
13019006,12,,stinkend,הִֽתְבָּאֲשׁ֖וּ,5,False,,
13019006,13,,gemacht,הִֽתְבָּאֲשׁ֖וּ,5,False,,
13019006,14,,hatten,הִֽתְבָּאֲשׁ֖וּ,5,False,,
13019006,15,,da,וַיִּשְׁלַ֣ח,8,False,,
13019006,16,,sandten,וַיִּשְׁלַ֣ח,8,False,,
13019006,17,,Hanun,חָ֠נוּן,9,False,,
13019006,18,,und,וַיִּשְׁלַ֣ח,8,False,,
13019006,19,,die,וּבְנֵ֨י,10,False,,
13019006,20,,Kinder,וּבְנֵ֨י,10,False,,
13019006,21,,Ammon,עַמּ֜וֹן,11,False,,
13019006,22,,tausend,אֶ֣לֶף,12,False,,
13019006,23,,Talente,כִּכַּר־,13,False,,
13019006,24,,Silber,כֶּ֗סֶף,14,False,,
13019006,25,,um,לִשְׂכֹּ֣ר,15,False,,
13019006,26,,sich,לָ֠הֶם,16,False,,
13019006,27,,aus,מִן־,17,False,,
13019006,28,,Mesopotamien,אֲרַ֨ם,18,False,,
13019006,29,,und,וּמִן־,20,False,,
13019006,30,,aus,וּמִן־,20,False,,
13019006,31,,Aram-Maaka,מַעֲכָה֙,22,False,,
13019006,32,,und,וּמִצּוֹבָ֔ה,23,False,,
13019006,33,,aus,וּמִצּוֹבָ֔ה,23,False,,
13019006,34,,Zoba,וּמִצּוֹבָ֔ה,23,False,,
13019006,35,,Wagen,רֶ֖כֶב,24,False,,
13019006,36,,und,וּפָרָשִֽׁים׃,25,False,,
13019006,37,,Reiter,וּפָרָשִֽׁים׃,25,False,,
13019006,38,,zu,לִשְׂכֹּ֣ר,15,False,,
13019006,39,,dingen,לִשְׂכֹּ֣ר,15,False,,
13019007,1,,Und,וַיִּשְׂכְּר֣וּ,1,False,,
13019007,2,,sie,וַיִּשְׂכְּר֣וּ,1,False,,
13019007,3,,dingten,וַיִּשְׂכְּר֣וּ,1,False,,
13019007,4,,sich,לָהֶ֡ם,2,False,,
13019007,5,,32000,שְׁנַיִם֩,3,False,,
13019007,6,,Wagen,רֶ֗כֶב,6,False,,
13019007,7,,und,וְאֶת־,7,False,,
13019007,8,,den,מֶ֤לֶךְ,8,False,,
13019007,9,,König,מֶ֤לֶךְ,8,False,,
13019007,10,,von,מַעֲכָה֙,9,False,,
13019007,11,,Maaka,מַעֲכָה֙,9,False,,
13019007,12,,mit,וְאֶת־,10,False,,
13019007,13,,seinem,עַמּ֔וֹ,11,False,,
13019007,14,,Volke,עַמּ֔וֹ,11,False,,
13019007,15,,und,וַיָּבֹ֕אוּ,12,False,,
13019007,16,,sie,וַיָּבֹ֕אוּ,12,False,,
13019007,17,,kamen,וַיָּבֹ֕אוּ,12,False,,
13019007,18,,und,וַֽיַּחֲנ֖וּ,13,False,,
13019007,19,,lagerten,וַֽיַּחֲנ֖וּ,13,False,,
13019007,20,,sich,וַֽיַּחֲנ֖וּ,13,False,,
13019007,21,,vor,לִפְנֵ֣י,14,False,,
13019007,22,,Medeba,מֵידְבָ֑א,15,False,,
13019007,23,,Und,וּבְנֵ֣י,16,False,,
13019007,24,,die,וּבְנֵ֣י,16,False,,
13019007,25,,Kinder,וּבְנֵ֣י,16,False,,
13019007,26,,Ammon,עַמּ֗וֹן,17,False,,
13019007,27,,versammelten,נֶאֶסְפוּ֙,18,False,,
13019007,28,,sich,נֶאֶסְפוּ֙,18,False,,
13019007,29,,aus,מֵעָ֣רֵיהֶ֔ם,19,False,,
13019007,30,,ihren,מֵעָ֣רֵיהֶ֔ם,19,False,,
13019007,31,,Städten,מֵעָ֣רֵיהֶ֔ם,19,False,,
13019007,32,,und,וַיָּבֹ֖אוּ,20,False,,
13019007,33,,kamen,וַיָּבֹ֖אוּ,20,False,,
13019007,34,,zum,לַמִּלְחָמָֽה׃ פ,21,False,,
13019007,35,,Streit,לַמִּלְחָמָֽה׃ פ,21,False,,
13019008,1,,Und,וַיִּשְׁמַ֖ע,1,False,,
13019008,2,,als,וַיִּשְׁמַ֖ע,1,False,,
13019008,3,,David,דָּוִ֑יד,2,False,,
13019008,4,,es,וַיִּשְׁלַח֙,3,False,,
13019008,5,,hörte,וַיִּשְׁמַ֖ע,1,False,,
13019008,6,,sandte,וַיִּשְׁלַח֙,3,False,,
13019008,7,,er,וַיִּשְׁלַח֙,3,False,,
13019008,8,,Joab,יוֹאָ֔ב,5,False,,
13019008,9,,hin,וַיִּשְׁלַח֙,3,False,,
13019008,10,,und,וְאֵ֥ת,6,False,,
13019008,11,,das,כָּל־,7,False,,
13019008,12,,ganze,כָּל־,7,False,,
13019008,13,,Heer,צָבָ֖א,8,False,,
13019008,14,,die,הַגִּבּוֹרִֽים׃,9,False,,
13019008,15,,Helden,הַגִּבּוֹרִֽים׃,9,False,,
13019009,1,,Und,וַיֵּצְאוּ֙,1,False,,
13019009,2,,die,בְּנֵ֣י,2,False,,
13019009,3,,Kinder,בְּנֵ֣י,2,False,,
13019009,4,,Ammon,עַמּ֔וֹן,3,False,,
13019009,5,,zogen,וַיֵּצְאוּ֙,1,False,,
13019009,6,,aus,וַיֵּצְאוּ֙,1,False,,
13019009,7,,und,וַיַּֽעַרְכ֥וּ,4,False,,
13019009,8,,stellten,וַיַּֽעַרְכ֥וּ,4,False,,
13019009,9,,sich,וַיַּֽעַרְכ֥וּ,4,False,,
13019009,10,,am,פֶּ֣תַח,6,False,,
13019009,11,,Eingang,פֶּ֣תַח,6,False,,
13019009,12,,der,הָעִ֑יר,7,False,,
13019009,13,,Stadt,הָעִ֑יר,7,False,,
13019009,14,,in,מִלְחָמָ֖ה,5,False,,
13019009,15,,Schlachtordnungen,מִלְחָמָ֖ה,5,False,,
13019009,16,,auf,וַיַּֽעַרְכ֥וּ,4,False,,
13019009,17,,und,וְהַמְּלָכִ֣ים,8,False,,
13019009,18,,die,וְהַמְּלָכִ֣ים,8,False,,
13019009,19,,Könige,וְהַמְּלָכִ֣ים,8,False,,
13019009,20,,die,אֲשֶׁר־,9,False,,
13019009,21,,gekommen,בָּ֔אוּ,10,False,,
13019009,22,,waren,בָּ֔אוּ,10,False,,
13019009,23,,waren,בָּ֔אוּ,10,False,,
13019009,24,,für,לְבַדָּ֖ם,11,False,,
13019009,25,,sich,לְבַדָּ֖ם,11,False,,
13019009,26,,auf,בַּשָּׂדֶֽה׃,12,False,,
13019009,27,,dem,בַּשָּׂדֶֽה׃,12,False,,
13019009,28,,Felde,בַּשָּׂדֶֽה׃,12,False,,
13019010,1,,Und,וַיַּ֣רְא,1,False,,
13019010,2,,als,וַיַּ֣רְא,1,False,,
13019010,3,,Joab,יוֹאָ֗ב,2,False,,
13019010,4,,sah,וַיַּ֣רְא,1,False,,
13019010,5,,daß,כִּֽי־,3,False,,
13019010,6,,der,הַמִּלְחָמָ֛ה,6,False,,
13019010,7,,Streit,הַמִּלְחָמָ֛ה,6,False,,
13019010,8,,von,פְנֵי־,5,False,,
13019010,9,,vorn,פָּנִ֣ים,8,False,,
13019010,10,,und,וְאָח֑וֹר,9,False,,
13019010,11,,von,וְאָח֑וֹר,9,False,,
13019010,12,,hinten,וְאָח֑וֹר,9,False,,
13019010,13,,gegen,אֵלָ֖יו,7,False,,
13019010,14,,ihn,אֵלָ֖יו,7,False,,
13019010,15,,gerichtet,הָיְתָ֧ה,4,False,,
13019010,16,,war,הָיְתָ֧ה,4,False,,
13019010,17,,da,וַיִּבְחַ֗ר,10,False,,
13019010,18,,erwählte,וַיִּבְחַ֗ר,10,False,,
13019010,19,,er,וַיִּבְחַ֗ר,10,False,,
13019010,20,,von,מִכָּל־,11,False,,
13019010,21,,allen,מִכָּל־,11,False,,
13019010,22,,Auserlesenen,בָּחוּר֙,12,False,,
13019010,23,,Israels,בְּיִשְׂרָאֵ֔ל,13,False,,
13019010,24,,und,וַֽיַּעֲרֹ֖ךְ,14,False,,
13019010,25,,stellte,וַֽיַּעֲרֹ֖ךְ,14,False,,
13019010,26,,sich,וַֽיַּעֲרֹ֖ךְ,14,False,,
13019010,27,,auf,לִקְרַ֥את,15,False,,
13019010,28,,den,אֲרָֽם׃,16,False,,
13019010,29,,Syrern,אֲרָֽם׃,16,False,,
13019010,30,,gegenüber,לִקְרַ֥את,15,False,,
13019011,1,,und,וְאֵת֙,1,False,,
13019011,2,,das,הָעָ֔ם,3,False,,
13019011,3,,übrige,יֶ֣תֶר,2,False,,
13019011,4,,Volk,הָעָ֔ם,3,False,,
13019011,5,,übergab,נָתַ֕ן,4,False,,
13019011,6,,er,נָתַ֕ן,4,False,,
13019011,7,,der,בְּיַ֖ד,5,False,,
13019011,8,,Hand,בְּיַ֖ד,5,False,,
13019011,9,,seines,אָחִ֑יו,7,False,,
13019011,10,,Bruders,אָחִ֑יו,7,False,,
13019011,11,,Abisai,אַבְשַׁ֣י,6,False,,
13019011,12,,und,וַיַּ֣עַרְכ֔וּ,8,False,,
13019011,13,,sie,וַיַּ֣עַרְכ֔וּ,8,False,,
13019011,14,,stellten,וַיַּ֣עַרְכ֔וּ,8,False,,
13019011,15,,sich,וַיַּ֣עַרְכ֔וּ,8,False,,
13019011,16,,auf,לִקְרַ֖את,9,False,,
13019011,17,,den,בְּנֵ֥י,10,False,,
13019011,18,,Kindern,בְּנֵ֥י,10,False,,
13019011,19,,Ammon,עַמּֽוֹן׃,11,False,,
13019011,20,,gegenüber,לִקְרַ֖את,9,False,,
13019012,1,,Und,וַיֹּ֗אמֶר,1,False,,
13019012,2,,er,וַיֹּ֗אמֶר,1,True,,
13019012,3,,sprach,וַיֹּ֗אמֶר,1,False,,
13019012,4,,Wenn,אִם־,2,False,,
13019012,5,,die,תֶּחֱזַ֤ק,3,True,,
13019012,6,,Syrer,אֲרָ֔ם,5,False,,
13019012,7,,mir,מִמֶּ֙נִּי֙,4,False,,
13019012,8,,zu,מִמֶּ֙נִּי֙,4,True,,
13019012,9,,stark,תֶּחֱזַ֤ק,3,False,,
13019012,10,,sind,תֶּחֱזַ֤ק,3,True,,
13019012,11,,so,וְהָיִ֥יתָ,6,False,,
13019012,12,,sollst,וְהָיִ֥יתָ,6,False,,
13019012,13,,du,וְהָיִ֥יתָ,6,True,,
13019012,14,,mir,לִּ֖י,7,False,,
13019012,15,,Hülfe,לִתְשׁוּעָ֑ה ס,8,False,,
13019012,16,,leisten,לִתְשׁוּעָ֑ה ס,8,True,,
13019012,17,,und,וְאִם־,9,False,,
13019012,18,,wenn,וְאִם־,9,False,,
13019012,19,,die,בְּנֵ֥י,10,True,,
13019012,20,,Kinder,בְּנֵ֥י,10,False,,
13019012,21,,Ammon,עַמּ֛וֹן,11,False,,
13019012,22,,dir,מִמְּךָ֖,13,False,,
13019012,23,,zu,יֶֽחֶזְק֥וּ,12,True,,
13019012,24,,stark,יֶֽחֶזְק֥וּ,12,False,,
13019012,25,,sind,יֶֽחֶזְק֥וּ,12,True,,
13019012,26,,so,וְהוֹשַׁעְתִּֽיךָ׃,14,True,,
13019012,27,,will,וְהוֹשַׁעְתִּֽיךָ׃,14,False,,
13019012,28,,ich,וְהוֹשַׁעְתִּֽיךָ׃,14,True,,
13019012,29,,dir,וְהוֹשַׁעְתִּֽיךָ׃,14,False,,
13019012,30,,helfen,וְהוֹשַׁעְתִּֽיךָ׃,14,False,,
13019013,1,,Sei,חֲזַ֤ק,1,False,,
13019013,2,,stark,חֲזַ֤ק,1,False,,
13019013,3,,und,וְנִֽתְחַזְּקָה֙,2,False,,
13019013,4,,laß,וְנִֽתְחַזְּקָה֙,2,True,,
13019013,5,,uns,וְנִֽתְחַזְּקָה֙,2,False,,
13019013,6,,stark,וְנִֽתְחַזְּקָה֙,2,False,,
13019013,7,,sein,וְנִֽתְחַזְּקָה֙,2,False,,
13019013,8,,für,בְּעַד־,3,False,,
13019013,9,,unser,עַמֵּ֔נוּ,4,False,,
13019013,10,,Volk,עַמֵּ֔נוּ,4,False,,
13019013,11,,und,וּבְעַ֖ד,5,False,,
13019013,12,,für,וּבְעַ֖ד,5,False,,
13019013,13,,die,עָרֵ֣י,6,True,,
13019013,14,,Städte,עָרֵ֣י,6,False,,
13019013,15,,unseres,אֱלֹהֵ֑ינוּ,7,False,,
13019013,16,,Gottes,אֱלֹהֵ֑ינוּ,7,False,,
13019013,17,,und,וַֽיהוָ֔ה,8,False,,
13019013,18,,Jahwe,וַֽיהוָ֔ה,8,False,,
13019013,19,,wird,יַעֲשֶֽׂה׃,11,False,,
13019013,20,,tun,יַעֲשֶֽׂה׃,11,False,,
13019013,21,,was,הַטּ֥וֹב,9,False,,
13019013,22,,gut,הַטּ֥וֹב,9,False,,
13019013,23,,ist,יַעֲשֶֽׂה׃,11,True,,
13019013,24,,in,בְּעֵינָ֖יו,10,False,,
13019013,25,,seinen,בְּעֵינָ֖יו,10,False,,
13019013,26,,Augen,בְּעֵינָ֖יו,10,False,,
13019014,1,,Da,וַיִּגַּ֨שׁ,1,False,,
13019014,2,,rückte,וַיִּגַּ֨שׁ,1,False,,
13019014,3,,Joab,יוֹאָ֜ב,2,False,,
13019014,4,,und,וְהָעָ֧ם,3,False,,
13019014,5,,das,וְהָעָ֧ם,3,True,,
13019014,6,,Volk,וְהָעָ֧ם,3,False,,
13019014,7,,das,אֲשֶׁר־,4,False,,
13019014,8,,bei,עִמּ֛וֹ,5,False,,
13019014,9,,ihm,עִמּ֛וֹ,5,False,,
13019014,10,,war,עִמּ֛וֹ,5,True,,
13019014,11,,vor,לִפְנֵ֥י,6,False,,
13019014,12,,den,אֲרָ֖ם,7,True,,
13019014,13,,Syrern,אֲרָ֖ם,7,False,,
13019014,14,,entgegen,לַמִּלְחָמָ֑ה,8,False,,
13019014,15,,zum,לַמִּלְחָמָ֑ה,8,True,,
13019014,16,,Streit,לַמִּלְחָמָ֑ה,8,False,,
13019014,17,,und,וַיָּנ֖וּסוּ,9,False,,
13019014,18,,sie,וַיָּנ֖וּסוּ,9,False,,
13019014,19,,flohen,וַיָּנ֖וּסוּ,9,False,,
13019014,20,,vor,מִפָּנָֽיו׃,10,False,,
13019014,21,,ihm,מִפָּנָֽיו׃,10,False,,
13019015,1,,Und,וּבְנֵ֨י,1,False,,
13019015,2,,als,רָאוּ֙,3,False,,
13019015,3,,die,וּבְנֵ֨י,1,True,,
13019015,4,,Kinder,וּבְנֵ֨י,1,False,,
13019015,5,,Ammon,עַמּ֤וֹן,2,False,,
13019015,6,,sahen,רָאוּ֙,3,False,,
13019015,7,,daß,כִּי־,4,False,,
13019015,8,,die,אֲרָ֔ם,6,True,,
13019015,9,,Syrer,אֲרָ֔ם,6,False,,
13019015,10,,geflohen,נָ֣ס,5,False,,
13019015,11,,waren,נָ֣ס,5,False,,
13019015,12,,da,וַיָּנ֣וּסוּ,7,False,,
13019015,13,,flohen,וַיָּנ֣וּסוּ,7,False,,
13019015,14,,auch,גַם־,8,False,,
13019015,15,,sie,הֵ֗ם,9,False,,
13019015,16,,vor,מִפְּנֵי֙,10,False,,
13019015,17,,seinem,אָחִ֔יו,12,False,,
13019015,18,,Bruder,אָחִ֔יו,12,False,,
13019015,19,,Abisai,אַבְשַׁ֣י,11,False,,
13019015,20,,und,וַיָּבֹ֖אוּ,13,False,,
13019015,21,,zogen,וַיָּבֹ֖אוּ,13,False,,
13019015,22,,sich,וַיָּבֹ֖אוּ,13,False,,
13019015,23,,in,הָעִ֑ירָה,14,False,,
13019015,24,,die,הָעִ֑ירָה,14,True,,
13019015,25,,Stadt,הָעִ֑ירָה,14,False,,
13019015,26,,zurück,הָעִ֑ירָה,14,False,,
13019015,27,,Und,וַיָּבֹ֥א,15,False,,
13019015,28,,Joab,יוֹאָ֖ב,16,False,,
13019015,29,,kam,וַיָּבֹ֥א,15,False,,
13019015,30,,nach,יְרוּשָׁלִָֽם׃ פ,17,False,,
13019015,31,,Jerusalem,יְרוּשָׁלִָֽם׃ פ,17,False,,
13019016,1,,Und,וַיַּ֣רְא,1,False,,
13019016,2,,als,וַיַּ֣רְא,1,False,,
13019016,3,,die,אֲרָ֗ם,2,True,,
13019016,4,,Syrer,אֲרָ֗ם,2,False,,
13019016,5,,sahen,וַיַּ֣רְא,1,False,,
13019016,6,,daß,כִּ֣י,3,False,,
13019016,7,,sie,נִגְּפוּ֮,4,False,,
13019016,8,,vor,לִפְנֵ֣י,5,False,,
13019016,9,,Israel,יִשְׂרָאֵל֒,6,False,,
13019016,10,,geschlagen,נִגְּפוּ֮,4,False,,
13019016,11,,waren,נִגְּפוּ֮,4,False,,
13019016,12,,da,וַֽיִּשְׁלְחוּ֙,7,False,,
13019016,13,,sandten,וַֽיִּשְׁלְחוּ֙,7,False,,
13019016,14,,sie,וַֽיִּשְׁלְחוּ֙,7,False,,
13019016,15,,Boten,מַלְאָכִ֔ים,8,False,,
13019016,16,,hin,וַיּוֹצִ֣יאוּ,9,False,,
13019016,17,,und,וַיּוֹצִ֣יאוּ,9,False,,
13019016,18,,ließen,וַיּוֹצִ֣יאוּ,9,False,,
13019016,19,,die,אֲרָ֔ם,11,True,,
13019016,20,,Syrer,אֲרָ֔ם,11,False,,
13019016,21,,ausziehen,וַיּוֹצִ֣יאוּ,9,False,,
13019016,22,,die,אֲשֶׁ֖ר,12,False,,
13019016,23,,jenseit,מֵעֵ֣בֶר,13,False,,
13019016,24,,des,הַנָּהָ֑ר,14,True,,
13019016,25,,Stromes,הַנָּהָ֑ר,14,False,,
13019016,26,,waren,אֲשֶׁ֖ר,12,False,,
13019016,27,,und,וְשׁוֹפַ֛ךְ,15,False,,
13019016,28,,Schophak,וְשׁוֹפַ֛ךְ,15,False,,
13019016,29,,der,שַׂר־,16,True,,
13019016,30,,Heeroberste,שַׂר־,16,False,,
13019016,31,,Hadaresers,הֲדַדְעֶ֖זֶר,18,False,,
13019016,32,,zog,וְשׁוֹפַ֛ךְ,15,False,,
13019016,33,,vor,לִפְנֵיהֶֽם׃,19,False,,
13019016,34,,ihnen,לִפְנֵיהֶֽם׃,19,False,,
13019016,35,,her,לִפְנֵיהֶֽם׃,19,False,,
13019017,1,,Und,וַיֻּגַּ֣ד,1,False,,
13019017,2,,es,וַיֻּגַּ֣ד,1,False,,
13019017,3,,wurde,וַיֻּגַּ֣ד,1,False,,
13019017,4,,David,לְדָוִ֗יד,2,False,,
13019017,5,,berichtet,וַיֻּגַּ֣ד,1,False,,
13019017,6,,da,וַיֶּאֱסֹ֤ף,3,False,,
13019017,7,,versammelte,וַיֶּאֱסֹ֤ף,3,False,,
13019017,8,,er,וַיֶּאֱסֹ֤ף,3,False,,
13019017,9,,ganz,כָּל־,5,False,,
13019017,10,,Israel,יִשְׂרָאֵל֙,6,False,,
13019017,11,,und,וַיַּעֲבֹ֣ר,7,False,,
13019017,12,,ging,וַיַּעֲבֹ֣ר,7,False,,
13019017,13,,über,הַיַּרְדֵּ֔ן,8,False,,
13019017,14,,den,הַיַּרְדֵּ֔ן,8,True,,
13019017,15,,Jordan,הַיַּרְדֵּ֔ן,8,False,,
13019017,16,,und,וַיָּבֹ֣א,9,False,,
13019017,17,,kam,וַיָּבֹ֣א,9,False,,
13019017,18,,wider,אֲלֵהֶ֔ם,10,False,,
13019017,19,,sie,אֲלֵהֶ֔ם,10,False,,
13019017,20,,und,וַֽיַּעֲרֹ֖ךְ,11,False,,
13019017,21,,er,וַֽיַּעֲרֹ֖ךְ,11,False,,
13019017,22,,stellte,וַֽיַּעֲרֹ֖ךְ,11,False,,
13019017,23,,sich,וַֽיַּעֲרֹ֖ךְ,11,False,,
13019017,24,,wider,אֲלֵהֶ֑ם,12,False,,
13019017,25,,sie,אֲלֵהֶ֑ם,12,False,,
13019017,26,,auf,וַֽיַּעֲרֹ֖ךְ,11,False,,
13019017,27,,Und,וַיַּעֲרֹ֨ךְ,13,False,,
13019017,28,,David,דָּוִ֜יד,14,False,,
13019017,29,,stellte,וַיַּעֲרֹ֨ךְ,13,False,,
13019017,30,,sich,וַיַּעֲרֹ֨ךְ,13,False,,
13019017,31,,in,לִקְרַ֤את,15,False,,
13019017,32,,Schlachtordnung,מִלְחָמָ֔ה,17,False,,
13019017,33,,auf,וַיַּעֲרֹ֨ךְ,13,False,,
13019017,34,,den,אֲרָם֙,16,True,,
13019017,35,,Syrern,אֲרָם֙,16,False,,
13019017,36,,gegenüber,לִקְרַ֤את,15,False,,
13019017,37,,und,וַיִּֽלָּחֲמ֖וּ,18,False,,
13019017,38,,sie,וַיִּֽלָּחֲמ֖וּ,18,False,,
13019017,39,,stritten,וַיִּֽלָּחֲמ֖וּ,18,False,,
13019017,40,,mit,עִמּֽוֹ׃,19,False,,
13019017,41,,ihm,עִמּֽוֹ׃,19,False,,
13019018,1,,Und,וַיָּ֣נָס,1,False,,
13019018,2,,die,אֲרָם֮,2,True,,
13019018,3,,Syrer,אֲרָם֮,2,False,,
13019018,4,,flohen,וַיָּ֣נָס,1,False,,
13019018,5,,vor,מִלִּפְנֵ֣י,3,False,,
13019018,6,,Israel,יִשְׂרָאֵל֒,4,False,,
13019018,7,,und,וַיַּהֲרֹ֨ג,5,False,,
13019018,8,,David,דָּוִ֜יד,6,False,,
13019018,9,,tötete,וַיַּהֲרֹ֨ג,5,False,,
13019018,10,,von,מֵאֲרָ֗ם,7,False,,
13019018,11,,den,מֵאֲרָ֗ם,7,True,,
13019018,12,,Syrern,מֵאֲרָ֗ם,7,False,,
13019018,13,,7000,שִׁבְעַ֤ת,8,False,,
13019018,14,,Wagenkämpfer,רֶ֔כֶב,10,False,,
13019018,15,,und,וְאַרְבָּעִ֥ים,11,False,,
13019018,16,,40000,וְאַרְבָּעִ֥ים,11,False,,
13019018,17,,Mann,אִ֣ישׁ,13,False,,
13019018,18,,Fußvolk,רַגְלִ֑י,14,False,,
13019018,19,,auch,וְאֵ֛ת,15,False,,
13019018,20,,Schophak,שׁוֹפַ֥ךְ,16,False,,
13019018,21,,den,שַֽׂר־,17,True,,
13019018,22,,Heerobersten,שַֽׂר־,17,False,,
13019018,23,,tötete,הֵמִֽית׃,19,False,,
13019018,24,,er,הֵמִֽית׃,19,False,,
13019019,1,,Und,וַיִּרְא֞וּ,1,False,,
13019019,2,,als,וַיִּרְא֞וּ,1,False,,
13019019,3,,die,עַבְדֵ֣י,2,True,,
13019019,4,,Knechte,עַבְדֵ֣י,2,False,,
13019019,5,,Hadaresers,הֲדַדְעֶ֗זֶר,3,False,,
13019019,6,,sahen,וַיִּרְא֞וּ,1,False,,
13019019,7,,daß,כִּ֤י,4,False,,
13019019,8,,sie,נִגְּפוּ֙,5,False,,
13019019,9,,vor,לִפְנֵ֣י,6,False,,
13019019,10,,Israel,יִשְׂרָאֵ֔ל,7,False,,
13019019,11,,geschlagen,נִגְּפוּ֙,5,False,,
13019019,12,,waren,נִגְּפוּ֙,5,False,,
13019019,13,,da,וַיַּשְׁלִ֥ימוּ,8,False,,
13019019,14,,machten,וַיַּשְׁלִ֥ימוּ,8,False,,
13019019,15,,sie,וַיַּשְׁלִ֥ימוּ,8,False,,
13019019,16,,Frieden,וַיַּשְׁלִ֥ימוּ,8,False,,
13019019,17,,mit,עִם־,9,False,,
13019019,18,,David,דָּוִ֖יד,10,False,,
13019019,19,,und,וַיַּֽעַבְדֻ֑הוּ,11,False,,
13019019,20,,dienten,וַיַּֽעַבְדֻ֑הוּ,11,False,,
13019019,21,,ihm,וַיַּֽעַבְדֻ֑הוּ,11,False,,
13019019,22,,Und,וְלֹא־,12,False,,
13019019,23,,die,אֲרָ֔ם,14,True,,
13019019,24,,Syrer,אֲרָ֔ם,14,False,,
13019019,25,,wollten,אָבָ֣ה,13,False,,
13019019,26,,den,בְּנֵי־,17,True,,
13019019,27,,Kindern,בְּנֵי־,17,False,,
13019019,28,,Ammon,עַמּ֖וֹן,18,False,,
13019019,29,,nicht,וְלֹא־,12,False,,
13019019,30,,mehr,עֽוֹד׃ פ,19,False,,
13019019,31,,helfen,לְהוֹשִׁ֥יעַ,15,False,,
13020001,1,,Und,וַיְהִ֡י,1,False,,
13020001,2,,es,וַיְהִ֡י,1,False,,
13020001,3,,geschah,וַיְהִ֡י,1,False,,
13020001,4,,zur,לְעֵת֩,2,False,,
13020001,5,,Zeit,לְעֵת֩,2,False,,
13020001,6,,der,הַשָּׁנָ֜ה,4,True,,
13020001,7,,Rückkehr,תְּשׁוּבַ֨ת,3,False,,
13020001,8,,des,הַשָּׁנָ֜ה,4,True,,
13020001,9,,Jahres,הַשָּׁנָ֜ה,4,False,,
13020001,10,,zur,לְעֵ֣ת׀,5,False,,
13020001,11,,Zeit,לְעֵ֣ת׀,5,False,,
13020001,12,,wann,צֵ֣את,6,False,,
13020001,13,,die,הַמְּלָכִ֗ים,7,True,,
13020001,14,,Könige,הַמְּלָכִ֗ים,7,False,,
13020001,15,,ausziehen,צֵ֣את,6,False,,
13020001,16,,da,וַיִּנְהַ֣ג,8,False,,
13020001,17,,führte,וַיִּנְהַ֣ג,8,False,,
13020001,18,,Joab,יוֹאָב֩,9,False,,
13020001,19,,die,אֶת־,10,True,,
13020001,20,Heeres,Heeresmacht,חֵ֨יל,11,False,,
13020001,20,macht,Heeresmacht,הַצָּבָ֜א,12,False,,
13020001,21,,ins,אֶ֣רֶץ,15,False,,
13020001,22,,Feld,אֶ֣רֶץ,15,False,,
13020001,23,,und,וַיַּשְׁחֵ֣ת׀,13,False,,
13020001,24,,verheerte,וַיַּשְׁחֵ֣ת׀,13,False,,
13020001,25,,das,אֶת־,14,True,,
13020001,26,,Land,אֶ֣רֶץ,15,False,,
13020001,27,,der,בְּנֵֽי־,16,True,,
13020001,28,,Kinder,בְּנֵֽי־,16,False,,
13020001,29,,Ammon,עַמּ֗וֹן,17,False,,
13020001,30,,und,וַיָּבֹא֙,18,False,,
13020001,31,,er,וַיָּבֹא֙,18,False,,
13020001,32,,kam,וַיָּבֹא֙,18,False,,
13020001,33,,und,וַיָּ֣צַר,19,False,,
13020001,34,,belagerte,וַיָּ֣צַר,19,False,,
13020001,35,,Rabba,רַבָּ֔ה,21,False,,
13020001,36,,David,וְדָוִ֖יד,22,False,,
13020001,37,,aber,יֹשֵׁ֣ב,23,False,,
13020001,38,,blieb,יֹשֵׁ֣ב,23,False,,
13020001,39,,in,בִּירֽוּשָׁלִָ֑ם,24,False,,
13020001,40,,Jerusalem,בִּירֽוּשָׁלִָ֑ם,24,False,,
13020001,41,,Und,וַיַּ֥ךְ,25,False,,
13020001,42,,Joab,יוֹאָ֛ב,26,False,,
13020001,43,,schlug,וַיַּ֥ךְ,25,False,,
13020001,44,,Rabba,רַבָּ֖ה,28,False,,
13020001,45,,und,וַיֶּֽהֶרְסֶֽהָ׃,29,False,,
13020001,46,,riß,וַיֶּֽהֶרְסֶֽהָ׃,29,False,,
13020001,47,,es,וַיֶּֽהֶרְסֶֽהָ׃,29,False,,
13020001,48,,nieder,וַיֶּֽהֶרְסֶֽהָ׃,29,False,,
13020002,1,,Und,וַיִּקַּ֣ח,1,False,,
13020002,2,,David,דָּוִ֣יד,2,False,,
13020002,3,,nahm,וַיִּקַּ֣ח,1,False,,
13020002,4,,die,אֶת־,3,True,,
13020002,5,,Krone,עֲטֶֽרֶת־,4,False,,
13020002,6,,ihres,מַלְכָּם֩,5,True,,
13020002,7,,Königs,מַלְכָּם֩,5,False,,
13020002,8,,von,מֵעַ֨ל,6,False,,
13020002,9,,seinem,רֹאשׁ֜וֹ,7,True,,
13020002,10,,Haupte,רֹאשׁ֜וֹ,7,False,,
13020002,11,,und,וַֽיִּמְצָאָ֣הּ׀,8,False,,
13020002,12,,er,וַֽיִּמְצָאָ֣הּ׀,8,False,,
13020002,13,,fand,וַֽיִּמְצָאָ֣הּ׀,8,False,,
13020002,14,,sie,וַֽיִּמְצָאָ֣הּ׀,8,False,,
13020002,15,,ein,מִשְׁקַ֣ל,9,True,,
13020002,16,,Talent,כִּכַּר־,10,False,,
13020002,17,,Gold,זָהָ֗ב,11,False,,
13020002,18,,an,וּבָהּ֙,12,False,,
13020002,19,,Gewicht,וּבָהּ֙,12,False,,
13020002,20,,und,אֶ֣בֶן,13,False,,
13020002,21,Edel,Edelsteine,אֶ֣בֶן,13,False,,
13020002,21,steine,Edelsteine,יְקָרָ֔ה,14,False,,
13020002,22,,waren,וַתְּהִ֖י,15,False,,
13020002,23,,daran,וּבָהּ֙,12,False,,
13020002,24,,und,וַתְּהִ֖י,15,False,,
13020002,25,,sie,וַתְּהִ֖י,15,False,,
13020002,26,,kam,וַתְּהִ֖י,15,False,,
13020002,27,,auf,עַל־,16,False,,
13020002,28,,das,רֹ֣אשׁ,17,True,,
13020002,29,,Haupt,רֹ֣אשׁ,17,False,,
13020002,30,,Davids,דָּוִ֑יד,18,False,,
13020002,31,,Und,וּשְׁלַ֥ל,19,False,,
13020002,32,,die,וּשְׁלַ֥ל,19,True,,
13020002,33,,Beute,וּשְׁלַ֥ל,19,False,,
13020002,34,,der,הָעִ֛יר,20,True,,
13020002,35,,Stadt,הָעִ֛יר,20,False,,
13020002,36,,brachte,הוֹצִ֖יא,21,False,,
13020002,37,,er,הוֹצִ֖יא,21,False,,
13020002,38,,hinaus,הוֹצִ֖יא,21,False,,
13020002,39,,in,הַרְבֵּ֥ה,22,False,,
13020002,40,,großer,הַרְבֵּ֥ה,22,False,,
13020002,41,,Menge,מְאֹֽד׃,23,False,,
13020003,1,,Und,וְאֶת־,1,False,,
13020003,2,,das,הָעָ֨ם,2,False,,
13020003,3,,Volk,הָעָ֨ם,2,False,,
13020003,4,,das,אֲשֶׁר־,3,False,,
13020003,5,,darin,בָּ֜הּ,4,False,,
13020003,6,,war,בָּ֜הּ,4,False,,
13020003,7,,führte,הוֹצִ֗יא,5,False,,
13020003,8,,er,הוֹצִ֗יא,5,False,,
13020003,9,,hinaus,הוֹצִ֗יא,5,True,,
13020003,10,,und,וַיָּ֨שַׂר,6,False,,
13020003,11,,zerschnitt,וַיָּ֨שַׂר,6,False,,
13020003,12,,sie,וְאֶת־,1,False,,
13020003,13,,mit,בַּמְּגֵרָ֜ה,7,False,,
13020003,14,,der,בַּמְּגֵרָ֜ה,7,True,,
13020003,15,,Säge,בַּמְּגֵרָ֜ה,7,False,,
13020003,16,,und,וּבַחֲרִיצֵ֤י,8,False,,
13020003,17,,mit,וּבַחֲרִיצֵ֤י,8,False,,
13020003,18,,eisernen,הַבַּרְזֶל֙,9,False,,
13020003,19,,Dreschwagen,וּבַחֲרִיצֵ֤י,8,False,,
13020003,20,,und,וּבַמְּגֵר֔וֹת,10,False,,
13020003,21,,mit,וּבַמְּגֵר֔וֹת,10,False,,
13020003,22,,Sägen,וּבַמְּגֵר֔וֹת,10,False,,
13020003,23,,Und,וְכֵן֙,11,False,,
13020003,24,,also,וְכֵן֙,11,False,,
13020003,25,,tat,יַעֲשֶׂ֣ה,12,False,,
13020003,26,,David,דָוִ֔יד,13,False,,
13020003,27,,allen,לְכֹ֖ל,14,False,,
13020003,28,,Städten,עָרֵ֣י,15,False,,
13020003,29,,der,בְנֵי־,16,False,,
13020003,30,,Kinder,בְנֵי־,16,False,,
13020003,31,,Ammon,עַמּ֑וֹן,17,False,,
13020003,32,,Und,וַיָּ֧שָׁב,18,False,,
13020003,33,,David,דָּוִ֛יד,19,False,,
13020003,34,,und,וְכָל־,20,False,,
13020003,35,,das,הָעָ֖ם,21,False,,
13020003,36,,ganze,וְכָל־,20,False,,
13020003,37,,Volk,הָעָ֖ם,21,False,,
13020003,38,,kehrten,וַיָּ֧שָׁב,18,False,,
13020003,39,,nach,יְרוּשָׁלִָֽם׃ פ,22,True,,
13020003,40,,Jerusalem,יְרוּשָׁלִָֽם׃ פ,22,False,,
13020003,41,,zurück,יְרוּשָׁלִָֽם׃ פ,22,False,,
13020004,1,,Und,וַיְהִי֙,1,False,,
13020004,2,,es,וַיְהִי֙,1,False,,
13020004,3,,geschah,וַיְהִי֙,1,False,,
13020004,4,,hernach,אַחֲרֵיכֵ֔ן,2,False,,
13020004,5,,da,וַתַּעֲמֹ֧ד,3,False,,
13020004,6,,entstand,וַתַּעֲמֹ֧ד,3,False,,
13020004,7,,ein,מִלְחָמָ֛ה,4,True,,
13020004,8,,Streit,מִלְחָמָ֛ה,4,False,,
13020004,9,,mit,עִם־,6,False,,
13020004,10,,den,עִם־,6,False,,
13020004,11,,Philistern,פְּלִשְׁתִּ֑ים,7,False,,
13020004,12,,zu,בְּגֶ֖זֶר,5,False,,
13020004,13,,Geser,בְּגֶ֖זֶר,5,False,,
13020004,14,,Damals,אָ֣ז,8,False,,
13020004,15,,erschlug,הִכָּ֞ה,9,False,,
13020004,16,,Sibbekai,סִבְּכַ֣י,10,False,,
13020004,17,,der,הַחֻֽשָׁתִ֗י,11,False,,
13020004,18,,Huschathiter,הַחֻֽשָׁתִ֗י,11,False,,
13020004,19,,den,אֶת־,12,False,,
13020004,20,,Sippai,סִפַּ֛י,13,False,,
13020004,21,,einen,מִילִדֵ֥י,14,False,,
13020004,22,,von,מִילִדֵ֥י,14,False,,
13020004,23,,den,מִילִדֵ֥י,14,False,,
13020004,24,,Söhnen,מִילִדֵ֥י,14,False,,
13020004,25,,des,הָרְפָאִ֖ים,15,False,,
13020004,26,,Rapha,הָרְפָאִ֖ים,15,False,,
13020004,27,,und,וַיִּכָּנֵֽעוּ׃,16,False,,
13020004,28,,sie,וַיִּכָּנֵֽעוּ׃,16,False,,
13020004,29,,wurden,וַיִּכָּנֵֽעוּ׃,16,False,,
13020004,30,,gedemütigt,וַיִּכָּנֵֽעוּ׃,16,False,,
13020005,1,,Und,וַתְּהִי־,1,False,,
13020005,2,,wiederum,ע֥וֹד,2,False,,
13020005,3,,entstand,וַתְּהִי־,1,False,,
13020005,4,,ein,מִלְחָמָ֖ה,3,True,,
13020005,5,,Streit,מִלְחָמָ֖ה,3,False,,
13020005,6,,mit,אֶת־,4,False,,
13020005,7,,den,אֶת־,4,False,,
13020005,8,,Philistern,פְּלִשְׁתִּ֑ים,5,False,,
13020005,9,,Und,וַיַּ֞ךְ,6,False,,
13020005,10,,Elchanan,אֶלְחָנָ֣ן,7,False,,
13020005,11,,der,בֶּן־,8,False,,
13020005,12,,Sohn,בֶּן־,8,False,,
13020005,13,,Jairs,יָעִ֗יר,9,False,,
13020005,14,,erschlug,וַיַּ֞ךְ,6,False,,
13020005,15,,Lachmi,לַחְמִי֙,11,False,,
13020005,16,,den,אֶת־,10,False,,
13020005,17,,Bruder,אֲחִי֙,12,False,,
13020005,18,,Goliaths,גָּלְיָ֣ת,13,False,,
13020005,19,,des,הַגִּתִּ֔י,14,False,,
13020005,20,,Gathiters,הַגִּתִּ֔י,14,False,,
13020005,21,,und,וְעֵ֣ץ,15,False,,
13020005,22,,der,וְעֵ֣ץ,15,True,,
13020005,23,,Schaft,חֲנִית֔וֹ,16,False,,
13020005,24,,seines,חֲנִית֔וֹ,16,False,,
13020005,25,,Speeres,חֲנִית֔וֹ,16,False,,
13020005,26,,war,כִּמְנ֖וֹר,17,False,,
13020005,27,,wie,כִּמְנ֖וֹר,17,False,,
13020005,28,,ein,אֹרְגִֽים׃,18,True,,
13020005,29,,Weberbaum,אֹרְגִֽים׃,18,False,,
13020006,1,,Und,וַתְּהִי־,1,False,,
13020006,2,,wiederum,ע֥וֹד,2,False,,
13020006,3,,entstand,וַתְּהִי־,1,False,,
13020006,4,,ein,מִלְחָמָ֖ה,3,True,,
13020006,5,,Streit,מִלְחָמָ֖ה,3,False,,
13020006,6,,zu,בְּגַ֑ת,4,False,,
13020006,7,,Gath,בְּגַ֑ת,4,False,,
13020006,8,,Da,וַיְהִ֣י׀,5,False,,
13020006,9,,war,וַיְהִ֣י׀,5,False,,
13020006,10,,ein,אִ֣ישׁ,6,True,,
13020006,11,,Mann,אִ֣ישׁ,6,False,,
13020006,12,,von,מִדָּ֗ה,7,False,,
13020006,13,,großer,מִדָּ֗ה,7,False,,
13020006,14,,Länge,מִדָּ֗ה,7,False,,
13020006,15,,und,וְאֶצְבְּעֹתָ֤יו,8,False,,
13020006,16,,er,ה֖וּא,14,False,,
13020006,17,,hatte,נוֹלַ֥ד,15,False,,
13020006,18,,je,שֵׁשׁ־,9,False,,
13020006,19,,sechs,שֵׁשׁ־,9,False,,
13020006,20,,Finger,וְאֶצְבְּעֹתָ֤יו,8,False,,
13020006,21,,und,וָשֵׁשׁ֙,10,False,,
13020006,22,,Zehen,וְאֶצְבְּעֹתָ֤יו,8,False,,
13020006,23,,zusammen,עֶשְׂרִ֣ים,11,False,,
13020006,24,,24,עֶשְׂרִ֣ים,11,False,,
13020006,25,,und,וְאַרְבַּ֔ע,12,False,,
13020006,26,,auch,וְגַם־,13,False,,
13020006,27,,er,ה֖וּא,14,False,,
13020006,28,,war,נוֹלַ֥ד,15,False,,
13020006,29,,dem,לְהָרָפָֽא׃,16,False,,
13020006,30,,Rapha,לְהָרָפָֽא׃,16,False,,
13020006,31,,geboren,נוֹלַ֥ד,15,False,,
13020006,32,,worden,נוֹלַ֥ד,15,False,,
13020007,1,,Und,וַיְחָרֵ֖ף,1,False,,
13020007,2,,er,וַיְחָרֵ֖ף,1,False,,
13020007,3,,höhnte,וַיְחָרֵ֖ף,1,False,,
13020007,4,,Israel,יִשְׂרָאֵ֑ל,3,False,,
13020007,5,,und,וַיַּכֵּ֙הוּ֙,4,False,,
13020007,6,,Jonathan,יְה֣וֹנָתָ֔ן,5,False,,
13020007,7,,der,בֶּן־,6,False,,
13020007,8,,Sohn,בֶּן־,6,False,,
13020007,9,,Schimeas,שִׁמְעָ֖א,7,False,,
13020007,10,,des,אֲחִ֥י,8,False,,
13020007,11,,Bruders,אֲחִ֥י,8,False,,
13020007,12,,Davids,דָוִֽיד׃,9,False,,
13020007,13,,erschlug,וַיַּכֵּ֙הוּ֙,4,False,,
13020007,14,,ihn,וַיַּכֵּ֙הוּ֙,4,False,,
13020008,1,,Diese,אֵ֛ל,1,False,,
13020008,2,,wurden,נוּלְּד֥וּ,2,False,,
13020008,3,,dem,לְהָרָפָ֖א,3,False,,
13020008,4,,Rapha,לְהָרָפָ֖א,3,False,,
13020008,5,,zu,בְּגַ֑ת,4,False,,
13020008,6,,Gath,בְּגַ֑ת,4,False,,
13020008,7,,geboren,נוּלְּד֥וּ,2,False,,
13020008,8,,und,וַיִּפְּל֥וּ,5,False,,
13020008,9,,sie,וַיִּפְּל֥וּ,5,False,,
13020008,10,,fielen,וַיִּפְּל֥וּ,5,False,,
13020008,11,,durch,בְיַד־,6,False,,
13020008,12,,die,בְיַד־,6,False,,
13020008,13,,Hand,בְיַד־,6,False,,
13020008,14,,Davids,דָּוִ֖יד,7,False,,
13020008,15,,und,וּבְיַד־,8,False,,
13020008,16,,durch,וּבְיַד־,8,False,,
13020008,17,,die,וּבְיַד־,8,False,,
13020008,18,,Hand,וּבְיַד־,8,False,,
13020008,19,,seiner,עֲבָדָֽיו׃ פ,9,False,,
13020008,20,,Knechte,עֲבָדָֽיו׃ פ,9,False,,
13021001,1,,Und,וַיַּֽעֲמֹ֥ד,1,False,,
13021001,2,,Satan,שָׂטָ֖ן,2,False,,
13021001,3,,stand,וַיַּֽעֲמֹ֥ד,1,False,,
13021001,4,,auf,וַיַּֽעֲמֹ֥ד,1,False,,
13021001,5,,wider,עַל־,3,False,,
13021001,6,,Israel,יִשְׂרָאֵ֑ל,4,False,,
13021001,7,,und,וַיָּ֙סֶת֙,5,False,,
13021001,8,,reizte,וַיָּ֙סֶת֙,5,False,,
13021001,9,,David,דָּוִ֔יד,7,False,,
13021001,10,,an,לִמְנ֖וֹת,8,False,,
13021001,11,,Israel,יִשְׂרָאֵֽל׃,10,False,,
13021001,12,,zu,לִמְנ֖וֹת,8,False,,
13021001,13,,zählen,לִמְנ֖וֹת,8,False,,
13021002,1,,Da,וַיֹּ֨אמֶר,1,False,,
13021002,2,,sprach,וַיֹּ֨אמֶר,1,False,,
13021002,3,,David,דָּוִ֤יד,2,False,,
13021002,4,,zu,אֶל־,3,False,,
13021002,5,,Joab,יוֹאָב֙,4,False,,
13021002,6,,und,וְאֶל־,5,False,,
13021002,7,,zu,וְאֶל־,5,False,,
13021002,8,,den,שָׂרֵ֣י,6,False,,
13021002,9,,Obersten,שָׂרֵ֣י,6,False,,
13021002,10,,des,הָעָ֔ם,7,False,,
13021002,11,,Volkes,הָעָ֔ם,7,False,,
13021002,12,,Gehet,לְכ֗וּ,8,False,,
13021002,13,,hin,לְכ֗וּ,8,False,,
13021002,14,,zählet,סִפְרוּ֙,9,False,,
13021002,15,,Israel,יִשְׂרָאֵ֔ל,11,False,,
13021002,16,,von,מִבְּאֵ֥ר,12,False,,
13021002,17,,Beerseba,מִבְּאֵ֥ר,12,False,,
13021002,18,,bis,וְעַד־,14,False,,
13021002,19,,Dan,דָּ֑ן,15,False,,
13021002,20,,und,וְהָבִ֣יאוּ,16,False,,
13021002,21,,berichtet,וְהָבִ֣יאוּ,16,False,,
13021002,22,,mir,אֵלַ֔י,17,False,,
13021002,23,,damit,וְאֵדְעָ֖ה,18,False,,
13021002,24,,ich,וְאֵדְעָ֖ה,18,False,,
13021002,25,,ihre,מִסְפָּרָֽם׃,20,False,,
13021002,26,,Zahl,מִסְפָּרָֽם׃,20,False,,
13021002,27,,wisse,וְאֵדְעָ֖ה,18,False,,
13021003,1,,Und,וַיֹּ֣אמֶר,1,False,,
13021003,2,,Joab,יוֹאָ֗ב,2,False,,
13021003,3,,sprach,וַיֹּ֣אמֶר,1,False,,
13021003,4,,Es,יוֹסֵף֩,3,True,,
13021003,5,,möge,יוֹסֵף֩,3,False,,
13021003,6,,Jahwe,יְהוָ֨ה,4,False,,
13021003,7,,zu,עַל־,5,False,,
13021003,8,,seinem,עַמּ֤וֹ׀,6,False,,
13021003,9,,Volke,עַמּ֤וֹ׀,6,False,,
13021003,10,,so,כָּהֵם֙,7,False,,
13021003,11,,viele,כָּהֵם֙,7,False,,
13021003,12,,ihrer,כָּהֵם֙,7,False,,
13021003,13,,sind,כָּהֵם֙,7,False,,
13021003,14,,hundertmal,מֵאָ֣ה,8,False,,
13021003,15,,hinzufügen,יוֹסֵף֩,3,False,,
13021003,16,,Sind,הֲלֹא֙,10,False,,
13021003,17,,sie,כֻּלָּ֥ם,13,False,,
13021003,18,,nicht,הֲלֹא֙,10,False,,
13021003,19,,alle,כֻּלָּ֥ם,13,False,,
13021003,20,,mein,אֲדֹנִ֣י,11,False,,
13021003,21,,Herr,אֲדֹנִ֣י,11,False,,
13021003,22,,König,הַמֶּ֔לֶךְ,12,False,,
13021003,23,,die,לַאדֹנִ֖י,14,False,,
13021003,24,,Knechte,לַעֲבָדִ֑ים,15,False,,
13021003,25,,meines,לַאדֹנִ֖י,14,False,,
13021003,26,,Herrn,לַאדֹנִ֖י,14,False,,
13021003,27,,Warum,לָ֣מָּה,16,False,,
13021003,28,,begehrt,יְבַקֵּ֥שׁ,17,False,,
13021003,29,,mein,אֲדֹנִ֔י,19,False,,
13021003,30,,Herr,אֲדֹנִ֔י,19,False,,
13021003,31,,solches,זֹאת֙,18,False,,
13021003,32,,Warum,לָ֛מָּה,20,False,,
13021003,33,,soll,יִהְיֶ֥ה,21,False,,
13021003,34,,es,יִהְיֶ֥ה,21,False,,
13021003,35,,Israel,לְיִשְׂרָאֵֽל׃,23,False,,
13021003,36,,zur,לְאַשְׁמָ֖ה,22,False,,
13021003,37,,Schuld,לְאַשְׁמָ֖ה,22,False,,
13021003,38,,werden,יִהְיֶ֥ה,21,False,,
13021004,1,,Aber,וּדְבַר־,1,False,,
13021004,2,,das,וּדְבַר־,1,False,,
13021004,3,,Wort,וּדְבַר־,1,False,,
13021004,4,,des,הַמֶּ֖לֶךְ,2,False,,
13021004,5,,Königs,הַמֶּ֖לֶךְ,2,False,,
13021004,6,,blieb,חָזַ֣ק,3,False,,
13021004,7,,fest,חָזַ֣ק,3,False,,
13021004,8,,gegen,עַל־,4,False,,
13021004,9,,Joab,יוֹאָ֑ב,5,False,,
13021004,10,,Und,וַיֵּצֵ֣א,6,False,,
13021004,11,,Joab,יוֹאָ֗ב,7,False,,
13021004,12,,zog,וַיֵּצֵ֣א,6,False,,
13021004,13,,aus,וַיֵּצֵ֣א,6,False,,
13021004,14,,und,וַיִּתְהַלֵּךְ֙,8,False,,
13021004,15,,durchwanderte,וַיִּתְהַלֵּךְ֙,8,False,,
13021004,16,,ganz,בְּכָל־,9,False,,
13021004,17,,Israel,יִשְׂרָאֵ֔ל,10,False,,
13021004,18,,und,וַיָּבֹ֖א,11,False,,
13021004,19,,er,וַיָּבֹ֖א,11,False,,
13021004,20,,kam,וַיָּבֹ֖א,11,False,,
13021004,21,,nach,יְרוּשָׁלִָֽם׃,12,True,,
13021004,22,,Jerusalem,יְרוּשָׁלִָֽם׃,12,False,,
13021004,23,,zurück,יְרוּשָׁלִָֽם׃,12,False,,
13021005,1,,Und,וַיִּתֵּ֥ן,1,False,,
13021005,2,,Joab,יוֹאָ֛ב,2,False,,
13021005,3,,gab,וַיִּתֵּ֥ן,1,False,,
13021005,4,,die,אֶת־,3,False,,
13021005,5,,Zahl,מִסְפַּ֥ר,4,False,,
13021005,6,,des,מִפְקַד־,5,False,,
13021005,7,,gemusterten,מִפְקַד־,5,False,,
13021005,8,,Volkes,הָעָ֖ם,6,False,,
13021005,9,,David,דָּוִ֑יד,8,False,,
13021005,10,,an,אֶל־,7,False,,
13021005,11,,und,וַיְהִ֣י,9,False,,
13021005,12,,es,וַיְהִ֣י,9,False,,
13021005,13,,waren,וַיְהִ֣י,9,False,,
13021005,14,,in,יִשְׂרָאֵ֡ל,11,False,,
13021005,15,,ganz,כָֽל־,10,False,,
13021005,16,,Israel,יִשְׂרָאֵ֡ל,11,False,,
13021005,17,,1110000,אֶ֣לֶף,12,False,,
13021005,18,,Mann,אִישׁ֙,16,False,,
13021005,19,,die,שֹׁ֣לֵֽף,17,False,,
13021005,20,,das,חֶ֔רֶב,18,False,,
13021005,21,,Schwert,חֶ֔רֶב,18,False,,
13021005,22,,zogen,שֹׁ֣לֵֽף,17,False,,
13021005,23,,und,וִֽיהוּדָ֕ה,19,False,,
13021005,24,,in,וִֽיהוּדָ֕ה,19,False,,
13021005,25,,Juda,וִֽיהוּדָ֕ה,19,False,,
13021005,26,,470000,אַרְבַּע֩,20,False,,
13021005,27,,Mann,אִ֖ישׁ,24,False,,
13021005,28,,die,שֹׁ֥לֵֽף,25,False,,
13021005,29,,das,חָֽרֶב׃,26,False,,
13021005,30,,Schwert,חָֽרֶב׃,26,False,,
13021005,31,,zogen,שֹׁ֥לֵֽף,25,False,,
13021006,1,,Levi,וְלֵוִי֙,1,False,,
13021006,2,,aber,וְלֵוִי֙,1,False,,
13021006,3,,und,וּבִנְיָמִ֔ן,2,False,,
13021006,4,,Benjamin,וּבִנְיָמִ֔ן,2,False,,
13021006,5,,musterte,פָקַ֖ד,4,False,,
13021006,6,,er,פָקַ֖ד,4,False,,
13021006,7,,nicht,לֹ֥א,3,False,,
13021006,8,,unter,בְּתוֹכָ֑ם,5,False,,
13021006,9,,ihnen,בְּתוֹכָ֑ם,5,False,,
13021006,10,,denn,כִּֽי־,6,False,,
13021006,11,,das,דְּבַר־,8,False,,
13021006,12,,Wort,דְּבַר־,8,False,,
13021006,13,,des,הַמֶּ֖לֶךְ,9,False,,
13021006,14,,Königs,הַמֶּ֖לֶךְ,9,False,,
13021006,15,,war,נִתְעַ֥ב,7,False,,
13021006,16,,Joab,יוֹאָֽב׃,11,False,,
13021006,17,,ein,נִתְעַ֥ב,7,True,,
13021006,17,,ein,יוֹאָֽב׃,11,True,,
13021006,18,,Greuel,נִתְעַ֥ב,7,True,,
13021007,1,,Und,וַיֵּ֙רַע֙,1,False,,
13021007,2,,diese,הַזֶּ֑ה,6,False,,
13021007,3,,Sache,הַדָּבָ֖ר,5,False,,
13021007,4,,war,וַיֵּ֙רַע֙,1,False,,
13021007,5,,übel,וַיֵּ֙רַע֙,1,False,,
13021007,6,,in,בְּעֵינֵ֣י,2,False,,
13021007,7,,den,הָאֱלֹהִ֔ים,3,False,,
13021007,8,,Augen,בְּעֵינֵ֣י,2,False,,
13021007,9,,Gottes,הָאֱלֹהִ֔ים,3,False,,
13021007,10,,und,וַיַּ֖ךְ,7,False,,
13021007,11,,er,וַיַּ֖ךְ,7,False,,
13021007,12,,schlug,וַיַּ֖ךְ,7,False,,
13021007,13,,Israel,יִשְׂרָאֵֽל׃ פ,9,False,,
13021008,1,,Und,וַיֹּ֤אמֶר,1,False,,
13021008,2,,David,דָּוִיד֙,2,False,,
13021008,3,,sprach,וַיֹּ֤אמֶר,1,False,,
13021008,4,,zu,אֶל־,3,False,,
13021008,5,,Gott,הָ֣אֱלֹהִ֔ים,4,False,,
13021008,6,,Ich,חָטָ֣אתִֽי,5,False,,
13021008,7,,habe,חָטָ֣אתִֽי,5,False,,
13021008,8,,sehr,מְאֹ֔ד,6,False,,
13021008,9,,gesündigt,חָטָ֣אתִֽי,5,False,,
13021008,10,,daß,אֲשֶׁ֥ר,7,False,,
13021008,11,,ich,עָשִׂ֖יתִי,8,False,,
13021008,12,,diese,הַזֶּ֑ה,11,False,,
13021008,13,,Sache,הַדָּבָ֣ר,10,False,,
13021008,14,,getan,עָשִׂ֖יתִי,8,False,,
13021008,15,,habe,עָשִׂ֖יתִי,8,False,,
13021008,16,,und,וְעַתָּ֗ה,12,False,,
13021008,17,,nun,וְעַתָּ֗ה,12,False,,
13021008,18,,laß,הַֽעֲבֶר־,13,False,,
13021008,19,,doch,נָא֙,14,False,,
13021008,20,,die,אֶת־,15,False,,
13021008,21,,Ungerechtigkeit,עֲו֣וֹן,16,False,,
13021008,22,,deines,עַבְדְּךָ֔,17,False,,
13021008,23,,Knechtes,עַבְדְּךָ֔,17,False,,
13021008,24,,vorübergehen,הַֽעֲבֶר־,13,False,,
13021008,25,,denn,כִּ֥י,18,False,,
13021008,26,,ich,נִסְכַּ֖לְתִּי,19,False,,
13021008,27,,habe,נִסְכַּ֖לְתִּי,19,False,,
13021008,28,,sehr,מְאֹֽד׃ פ,20,False,,
13021008,29,,töricht,נִסְכַּ֖לְתִּי,19,False,,
13021008,30,,gehandelt,נִסְכַּ֖לְתִּי,19,False,,
13021009,1,,Und,וַיְדַבֵּ֤ר,1,False,,
13021009,2,,Jahwe,יְהוָה֙,2,False,,
13021009,3,,redete,וַיְדַבֵּ֤ר,1,False,,
13021009,4,,zu,אֶל־,3,False,,
13021009,5,,Gad,גָּ֔ד,4,False,,
13021009,6,,dem,חֹזֵ֥ה,5,False,,
13021009,7,,Seher,חֹזֵ֥ה,5,False,,
13021009,8,,Davids,דָוִ֖יד,6,False,,
13021009,9,,und,לֵאמֹֽר׃,7,False,,
13021009,10,,sprach,לֵאמֹֽר׃,7,False,,
13021010,1,,Gehe,לֵךְ֩,1,False,,
13021010,2,,hin,לֵךְ֩,1,False,,
13021010,3,,und,וְדִבַּרְתָּ֨,2,False,,
13021010,4,,rede,וְדִבַּרְתָּ֨,2,False,,
13021010,5,,zu,אֶל־,3,False,,
13021010,6,,David,דָּוִ֜יד,4,False,,
13021010,7,,und,לֵאמֹ֗ר,5,False,,
13021010,8,,sprich,לֵאמֹ֗ר,5,False,,
13021010,9,,So,כֹּ֚ה,6,False,,
13021010,10,,spricht,אָמַ֣ר,7,False,,
13021010,11,,Jahwe,יְהוָ֔ה,8,False,,
13021010,12,,Dreierlei,שָׁל֕וֹשׁ,9,False,,
13021010,13,,lege,בְּחַר־,13,False,,
13021010,14,,ich,אֲנִ֖י,10,False,,
13021010,15,,dir,לְךָ֛,14,False,,
13021010,16,,vor,בְּחַר־,13,False,,
13021010,17,,wähle,בְּחַר־,13,False,,
13021010,18,,dir,לְךָ֛,14,False,,
13021010,19,,eines,אַחַ֥ת,15,False,,
13021010,20,,davon,מֵהֵ֖נָּה,16,False,,
13021010,21,,daß,וְאֶֽעֱשֶׂה־,17,False,,
13021010,22,,ich,וְאֶֽעֱשֶׂה־,17,False,,
13021010,23,,es,וְאֶֽעֱשֶׂה־,17,False,,
13021010,24,,dir,לָּֽךְ׃,18,False,,
13021010,25,,tue,וְאֶֽעֱשֶׂה־,17,False,,
13021011,1,,Und,וַיָּ֥בֹא,1,False,,
13021011,2,,Gad,גָ֖ד,2,False,,
13021011,3,,kam,וַיָּ֥בֹא,1,False,,
13021011,4,,zu,אֶל־,3,False,,
13021011,5,,David,דָּוִ֑יד,4,False,,
13021011,6,,und,וַיֹּ֥אמֶר,5,False,,
13021011,7,,sprach,וַיֹּ֥אמֶר,5,False,,
13021011,8,,zu,ל֛וֹ,6,False,,
13021011,9,,ihm,ל֛וֹ,6,False,,
13021012,1,,So,כֹּֽה־,7,False,,
13021012,2,,spricht,אָמַ֥ר,8,False,,
13021012,3,,Jahwe,יְהוָ֖ה,9,False,,
13021012,4,,Wähle,קַבֶּל־,10,False,,
13021012,5,,dir,לָֽךְ׃,11,False,,
13021012,6,,entweder,אִם־,1,False,,
13021012,7,,drei,שָׁל֨וֹשׁ,2,False,,
13021012,8,,Jahre,שָׁנִ֜ים,3,False,,
13021012,9,,Hungersnot,רָעָ֗ב,4,False,,
13021012,10,,oder,וְאִם־,5,False,,
13021012,11,,drei,שְׁלֹשָׁ֨ה,6,False,,
13021012,12,,Monate,חֳדָשִׁ֜ים,7,False,,
13021012,13,,dahingerafft,נִסְפֶּ֥ה,8,False,,
13021012,14,,zu,לְמַשֶּׂגֶת֒,13,False,,
13021012,15,,werden,לְמַשֶּׂגֶת֒,13,False,,
13021012,16,,vor,מִפְּנֵי־,9,False,,
13021012,17,,deinen,צָרֶיךָ֮,10,False,,
13021012,18,,Bedrängern,צָרֶיךָ֮,10,False,,
13021012,19,,und,וְחֶ֣רֶב,11,False,,
13021012,20,,daß,וְאִם־,14,False,,
13021012,21,,das,וְחֶ֣רֶב,11,False,,
13021012,22,,Schwert,וְחֶ֣רֶב,11,False,,
13021012,23,,deiner,אוֹיְבֶ֣ךָ׀,12,False,,
13021012,24,,Feinde,אוֹיְבֶ֣ךָ׀,12,False,,
13021012,25,,dich,אוֹיְבֶ֣ךָ׀,12,False,,
13021012,26,,treffe,לְמַשֶּׂגֶת֒,13,False,,
13021012,27,,oder,וְאִם־,14,False,,
13021012,28,,drei,שְׁלֹ֣שֶׁת,15,False,,
13021012,29,,Tage,יָ֠מִים,16,False,,
13021012,30,,das,חֶ֣רֶב,17,False,,
13021012,31,,Schwert,חֶ֣רֶב,17,False,,
13021012,32,,Jahwes,יְהוָ֤ה,18,False,,
13021012,33,,und,וְדֶ֙בֶר֙,19,False,,
13021012,34,,Pest,וְדֶ֙בֶר֙,19,False,,
13021012,35,,im,בָּאָ֔רֶץ,20,False,,
13021012,36,,Lande,בָּאָ֔רֶץ,20,False,,
13021012,37,,und,וּמַלְאַ֣ךְ,21,False,,
13021012,38,,daß,וּמַלְאַ֣ךְ,21,False,,
13021012,39,,der,וּמַלְאַ֣ךְ,21,False,,
13021012,40,,Engel,וּמַלְאַ֣ךְ,21,False,,
13021012,41,,Jahwes,יְהוָ֔ה,22,False,,
13021012,42,,verderbe,מַשְׁחִ֖ית,23,False,,
13021012,43,,in,בְּכָל־,24,False,,
13021012,44,,allen,בְּכָל־,24,False,,
13021012,45,,Grenzen,גְּב֣וּל,25,False,,
13021012,46,,Israels,יִשְׂרָאֵ֑ל,26,False,,
13021012,47,,Und,וְעַתָּ֣ה,27,False,,
13021012,48,,nun,וְעַתָּ֣ה,27,False,,
13021012,49,,siehe,רְאֵ֔ה,28,False,,
13021012,50,,zu,רְאֵ֔ה,28,False,,
13021012,51,,was,מָֽה־,29,False,,
13021012,52,,für,מָֽה־,29,True,,
13021012,53,,eine,מָֽה־,29,True,,
13021012,54,,Antwort,דָּבָֽר׃ פ,33,False,,
13021012,55,,ich,אָשִׁ֥יב,30,False,,
13021012,56,,dem,אֶת־,31,False,,
13021012,57,,zurückbringen,שֹׁלְחִ֖י,32,False,,
13021012,58,,soll,אָשִׁ֥יב,30,False,,
13021012,59,,der,שֹׁלְחִ֖י,32,False,,
13021012,60,,mich,שֹׁלְחִ֖י,32,False,,
13021012,61,,gesandt,שֹׁלְחִ֖י,32,False,,
13021012,62,,hat,שֹׁלְחִ֖י,32,False,,
13021013,1,,Und,וַיֹּ֧אמֶר,1,False,,
13021013,2,,David,דָּוִ֛יד,2,False,,
13021013,3,,sprach,וַיֹּ֧אמֶר,1,False,,
13021013,4,,zu,אֶל־,3,False,,
13021013,5,,Gad,גָּ֖ד,4,False,,
13021013,6,,Mir,לִ֣י,6,False,,
13021013,7,,ist,צַר־,5,False,,
13021013,8,,sehr,מְאֹ֑ד,7,False,,
13021013,9,,angst,צַר־,5,False,,
13021013,10,,Möge,אֶפְּלָה־,8,False,,
13021013,11,,ich,אֶפְּלָה־,8,False,,
13021013,12,,doch,נָּ֣א,9,False,,
13021013,13,,in,בְיַד־,10,False,,
13021013,14,,die,בְיַד־,10,False,,
13021013,15,,Hand,בְיַד־,10,False,,
13021013,16,,Jahwes,יְהוָ֗ה,11,False,,
13021013,17,,fallen,אֶפְּלָה־,8,False,,
13021013,18,,denn,כִּֽי־,12,False,,
13021013,19,,seine,רַחֲמָיו֙,14,False,,
13021013,20,,Erbarmungen,רַחֲמָיו֙,14,False,,
13021013,21,,sind,רַבִּ֤ים,13,False,,
13021013,22,,sehr,מְאֹ֔ד,15,False,,
13021013,23,,groß,רַבִּ֤ים,13,False,,
13021013,24,,aber,וּבְיַד־,16,False,,
13021013,25,,in,וּבְיַד־,16,False,,
13021013,26,,die,וּבְיַד־,16,False,,
13021013,27,,Hand,וּבְיַד־,16,False,,
13021013,28,,der,אָדָ֖ם,17,False,,
13021013,29,,Menschen,אָדָ֖ם,17,False,,
13021013,30,,laß,אַל־,18,False,,
13021013,31,,mich,אַל־,18,False,,
13021013,32,,nicht,אַל־,18,False,,
13021013,33,,fallen,אֶפֹּֽל׃,19,False,,
13021014,1,,Und,וַיִּתֵּ֧ן,1,False,,
13021014,2,,Jahwe,יְהוָ֛ה,2,False,,
13021014,3,,sandte,וַיִּתֵּ֧ן,1,False,,
13021014,4,,eine,דֶּ֖בֶר,3,True,,
13021014,5,,Pest,דֶּ֖בֶר,3,False,,
13021014,6,,unter,בְּיִשְׂרָאֵ֑ל,4,False,,
13021014,7,,Israel,בְּיִשְׂרָאֵ֑ל,4,False,,
13021014,8,,und,וַיִּפֹּל֙,5,False,,
13021014,9,,es,וַיִּפֹּל֙,5,False,,
13021014,10,,fielen,וַיִּפֹּל֙,5,False,,
13021014,11,,von,מִיִּשְׂרָאֵ֔ל,6,False,,
13021014,12,,Israel,מִיִּשְׂרָאֵ֔ל,6,False,,
13021014,13,,70000,שִׁבְעִ֥ים,7,False,,
13021014,14,,Mann,אִֽישׁ׃,9,False,,
13021015,1,,Und,וַיִּשְׁלַח֩,1,False,,
13021015,2,,Jahwe,הָאֱלֹהִ֨ים׀,2,False,,
13021015,3,,sandte,וַיִּשְׁלַח֩,1,False,,
13021015,4,,den,מַלְאָ֥ךְ׀,3,True,,
13021015,5,,Engel,מַלְאָ֥ךְ׀,3,False,,
13021015,6,,nach,לִֽירוּשָׁלִַם֮,4,False,,
13021015,7,,Jerusalem,לִֽירוּשָׁלִַם֮,4,False,,
13021015,8,,um,לְהַשְׁחִיתָהּ֒,5,False,,
13021015,9,,es,לְהַשְׁחִיתָהּ֒,5,False,,
13021015,10,,zu,לְהַשְׁחִיתָהּ֒,5,True,,
13021015,11,,verderben,לְהַשְׁחִיתָהּ֒,5,False,,
13021015,12,,Und,וּכְהַשְׁחִ֗ית,6,False,,
13021015,13,,als,וּכְהַשְׁחִ֗ית,6,False,,
13021015,14,,er,וּכְהַשְׁחִ֗ית,6,False,,
13021015,15,,verderbte,וּכְהַשְׁחִ֗ית,6,False,,
13021015,16,,sah,רָאָ֤ה,7,False,,
13021015,17,,es,יְהוָה֙,8,False,,
13021015,18,,Jahwe,יְהוָה֙,8,False,,
13021015,19,,und,וַיִּנָּ֣חֶם,9,False,,
13021015,20,,es,וַיִּנָּ֣חֶם,9,False,,
13021015,21,,reute,וַיִּנָּ֣חֶם,9,False,,
13021015,22,,ihn,וַיִּנָּ֣חֶם,9,False,,
13021015,23,,des,עַל־,10,False,,
13021015,24,,Übels,הָֽרָעָ֔ה,11,False,,
13021015,25,,und,וַיֹּ֨אמֶר,12,False,,
13021015,26,,er,וַיֹּ֨אמֶר,12,False,,
13021015,27,,sprach,וַיֹּ֨אמֶר,12,False,,
13021015,28,,zu,לַמַּלְאָ֤ךְ,13,False,,
13021015,29,,dem,לַמַּלְאָ֤ךְ,13,False,,
13021015,30,,Engel,לַמַּלְאָ֤ךְ,13,False,,
13021015,31,,welcher,הַמַּשְׁחִית֙,14,False,,
13021015,32,,verderbte,הַמַּשְׁחִית֙,14,False,,
13021015,33,,Genug,רַ֔ב,15,False,,
13021015,34,,ziehe,הֶ֣רֶף,17,False,,
13021015,35,,jetzt,עַתָּ֖ה,16,False,,
13021015,36,,deine,יָדֶ֑ךָ,18,False,,
13021015,37,,Hand,יָדֶ֑ךָ,18,False,,
13021015,38,,ab,הֶ֣רֶף,17,False,,
13021015,39,,Der,וּמַלְאַ֤ךְ,19,True,,
13021015,40,,Engel,וּמַלְאַ֤ךְ,19,False,,
13021015,41,,Jahwes,יְהוָה֙,20,False,,
13021015,42,,stand,עֹמֵ֔ד,21,False,,
13021015,43,,aber,עִם־,22,False,,
13021015,44,,bei,עִם־,22,False,,
13021015,45,,der,גֹּ֖רֶן,23,True,,
13021015,46,,Tenne,גֹּ֖רֶן,23,False,,
13021015,47,,Ornans,אָרְנָ֥ן,24,False,,
13021015,48,,des,הַיְבוּסִֽי׃ ס,25,False,,
13021015,49,,Jebusiters,הַיְבוּסִֽי׃ ס,25,False,,
13021016,1,,Und,וַיִּשָּׂ֨א,1,False,,
13021016,2,,als,וַיִּשָּׂ֨א,1,False,,
13021016,3,,David,דָוִ֜יד,2,False,,
13021016,4,,seine,עֵינָ֗יו,4,False,,
13021016,5,,Augen,עֵינָ֗יו,4,False,,
13021016,6,,erhob,וַיִּשָּׂ֨א,1,False,,
13021016,7,,sah,וַיַּ֞רְא,5,False,,
13021016,8,,er,וַיַּ֞רְא,5,False,,
13021016,9,,den,מַלְאַ֤ךְ,7,True,,
13021016,10,,Engel,מַלְאַ֤ךְ,7,False,,
13021016,11,,Jahwes,יְהוָה֙,8,False,,
13021016,12,,zwischen,בֵּ֤ין,10,False,,
13021016,13,,der,הָאָ֙רֶץ֙,11,True,,
13021016,14,,Erde,הָאָ֙רֶץ֙,11,False,,
13021016,15,,und,וּבֵ֣ין,12,False,,
13021016,16,,dem,הַשָּׁמַ֔יִם,13,True,,
13021016,17,,Himmel,הַשָּׁמַ֔יִם,13,False,,
13021016,18,,stehen,עֹמֵ֗ד,9,False,,
13021016,19,,sein,וְחַרְבּ֤וֹ,14,False,,
13021016,20,,Schwert,וְחַרְבּ֤וֹ,14,False,,
13021016,21,,gezückt,שְׁלוּפָה֙,15,False,,
13021016,22,,in,בְּיָד֔וֹ,16,False,,
13021016,23,,seiner,בְּיָד֔וֹ,16,False,,
13021016,24,,Hand,בְּיָד֔וֹ,16,False,,
13021016,25,,ausgestreckt,נְטוּיָ֖ה,17,False,,
13021016,26,,über,עַל־,18,False,,
13021016,27,,Jerusalem,יְרוּשָׁלִָ֑ם,19,False,,
13021016,28,,Da,וַיִּפֹּ֨ל,20,False,,
13021016,29,,fielen,וַיִּפֹּ֨ל,20,False,,
13021016,30,,David,דָּוִ֧יד,21,False,,
13021016,31,,und,וְהַזְּקֵנִ֛ים,22,False,,
13021016,32,,die,וְהַזְּקֵנִ֛ים,22,True,,
13021016,33,,Ältesten,וְהַזְּקֵנִ֛ים,22,False,,
13021016,34,,in,בַּשַּׂקִּ֖ים,24,False,,
13021016,35,,Sacktuch,בַּשַּׂקִּ֖ים,24,False,,
13021016,36,,gehüllt,מְכֻסִּ֥ים,23,False,,
13021016,37,,auf,עַל־,25,False,,
13021016,38,,ihr,פְּנֵיהֶֽם׃,26,False,,
13021016,39,,Angesicht,פְּנֵיהֶֽם׃,26,False,,
13021017,1,,Und,וַיֹּ֣אמֶר,1,False,,
13021017,2,,David,דָּוִ֣יד,2,False,,
13021017,3,,sprach,וַיֹּ֣אמֶר,1,False,,
13021017,4,,zu,אֶֽל־,3,False,,
13021017,5,,Gott,הָאֱלֹהִ֡ים,4,False,,
13021017,6,,Bin,הֲלֹא֩,5,False,,
13021017,7,,ich,אֲנִ֨י,6,False,,
13021017,8,,es,אָמַ֜רְתִּי,7,False,,
13021017,9,,nicht,הֲלֹא֩,5,False,,
13021017,10,,der,אֲשֶׁר־,12,True,,
13021017,11,,gesagt,אָמַ֜רְתִּי,7,False,,
13021017,12,,hat,אָמַ֜רְתִּי,7,False,,
13021017,13,,das,בָּעָ֗ם,9,True,,
13021017,14,,Volk,בָּעָ֗ם,9,False,,
13021017,15,,zu,לִמְנ֣וֹת,8,False,,
13021017,16,,zählen,לִמְנ֣וֹת,8,False,,
13021017,17,,Und,וַאֲנִי־,10,False,,
13021017,18,,ich,וַאֲנִי־,10,False,,
13021017,19,,bin,ה֤וּא,11,False,,
13021017,20,,es,ה֤וּא,11,False,,
13021017,21,,der,אֲשֶׁר־,12,False,,
13021017,22,,gesündigt,חָטָ֙אתִי֙,13,False,,
13021017,23,,und,וְהָרֵ֣עַ,14,False,,
13021017,24,,sehr,הֲרֵע֔וֹתִי,15,False,,
13021017,25,,übel,הֲרֵע֔וֹתִי,15,False,,
13021017,26,,gehandelt,הֲרֵע֔וֹתִי,15,False,,
13021017,27,,hat,הֲרֵע֔וֹתִי,15,False,,
13021017,28,,aber,וְאֵ֥לֶּה,16,False,,
13021017,29,,diese,וְאֵ֥לֶּה,16,False,,
13021017,30,,Schafe,הַצֹּ֖אן,17,False,,
13021017,31,,was,מֶ֣ה,18,False,,
13021017,32,,haben,עָשׂ֑וּ,19,False,,
13021017,33,,sie,עָשׂ֑וּ,19,False,,
13021017,34,,getan,עָשׂ֑וּ,19,False,,
13021017,35,,Jahwe,יְהוָ֣ה,20,False,,
13021017,36,,mein,אֱלֹהַ֗י,21,False,,
13021017,37,,Gott,אֱלֹהַ֗י,21,False,,
13021017,38,,es,תְּהִ֨י,22,False,,
13021017,39,,sei,תְּהִ֨י,22,False,,
13021017,40,,doch,נָ֤א,23,False,,
13021017,41,,deine,יָֽדְךָ֙,24,False,,
13021017,42,,Hand,יָֽדְךָ֙,24,False,,
13021017,43,,wider,בִּ֚י,25,False,,
13021017,44,,mich,בִּ֚י,25,False,,
13021017,45,,und,וּבְבֵ֣ית,26,False,,
13021017,46,,wider,וּבְבֵ֣ית,26,False,,
13021017,47,,das,וּבְבֵ֣ית,26,True,,
13021017,48,,Haus,וּבְבֵ֣ית,26,False,,
13021017,49,,meines,אָבִ֔י,27,False,,
13021017,50,,Vaters,אָבִ֔י,27,False,,
13021017,51,,aber,לֹ֥א,29,False,,
13021017,52,,nicht,לֹ֥א,29,False,,
13021017,53,,wider,וּֽבְעַמְּךָ֖,28,False,,
13021017,54,,dein,וּֽבְעַמְּךָ֖,28,False,,
13021017,55,,Volk,וּֽבְעַמְּךָ֖,28,False,,
13021017,56,,zur,לְמַגֵּפָֽה׃ ס,30,False,,
13021017,57,,Plage,לְמַגֵּפָֽה׃ ס,30,False,,
13021018,1,,Und,וּמַלְאַ֧ךְ,1,False,,
13021018,2,,der,וּמַלְאַ֧ךְ,1,True,,
13021018,3,,Engel,וּמַלְאַ֧ךְ,1,False,,
13021018,4,,Jahwes,יְהוָ֛ה,2,False,,
13021018,5,,sprach,אָמַ֥ר,3,False,,
13021018,6,,zu,אֶל־,4,False,,
13021018,7,,Gad,גָּ֖ד,5,False,,
13021018,8,,daß,לֵאמֹ֣ר,6,False,,
13021018,9,,er,יַעֲלֶ֣ה,9,False,,
13021018,10,,zu,לְדָוִ֑יד,7,False,,
13021018,11,,David,לְדָוִ֑יד,7,False,,
13021018,12,,sage,לֵאמֹ֣ר,6,False,,
13021018,13,,David,דָוִ֗יד,10,False,,
13021018,14,,solle,יַעֲלֶ֣ה,9,False,,
13021018,15,,hinaufgehen,יַעֲלֶ֣ה,9,False,,
13021018,16,,um,לְהָקִ֤ים,11,False,,
13021018,17,,Jahwe,לַיהוָ֔ה,13,False,,
13021018,18,,einen,מִזְבֵּ֙חַ֙,12,True,,
13021018,19,,Altar,מִזְבֵּ֙חַ֙,12,False,,
13021018,20,,zu,לְהָקִ֤ים,11,False,,
13021018,21,,errichten,לְהָקִ֤ים,11,False,,
13021018,22,,auf,בְּגֹ֖רֶן,14,False,,
13021018,23,,der,בְּגֹ֖רֶן,14,True,,
13021018,24,,Tenne,בְּגֹ֖רֶן,14,False,,
13021018,25,,Ornans,אָרְנָ֥ן,15,False,,
13021018,26,,des,הַיְבֻסִֽי׃,16,False,,
13021018,27,,Jebusiters,הַיְבֻסִֽי׃,16,False,,
13021019,1,,Und,וַיַּ֤עַל,1,False,,
13021019,2,,David,דָּוִיד֙,2,False,,
13021019,3,,ging,וַיַּ֤עַל,1,False,,
13021019,4,,hinauf,וַיַּ֤עַל,1,False,,
13021019,5,,nach,בִּדְבַר־,3,False,,
13021019,6,,dem,בִּדְבַר־,3,True,,
13021019,7,,Worte,בִּדְבַר־,3,False,,
13021019,8,,Gads,גָּ֔ד,4,False,,
13021019,9,,das,אֲשֶׁ֥ר,5,False,,
13021019,10,,er,דִּבֶּ֖ר,6,False,,
13021019,11,,im,בְּשֵׁ֥ם,7,False,,
13021019,12,,Namen,בְּשֵׁ֥ם,7,False,,
13021019,13,,Jahwes,יְהוָֽה׃,8,False,,
13021019,14,,geredet,דִּבֶּ֖ר,6,False,,
13021019,15,,hatte,דִּבֶּ֖ר,6,False,,
13021020,1,,Und,וַיָּ֣שָׁב,1,False,,
13021020,2,,Ornan,אָרְנָ֗ן,2,False,,
13021020,3,,wandte,וַיָּ֣שָׁב,1,False,,
13021020,4,,sich,וַיָּ֣שָׁב,1,False,,
13021020,5,,um,וַיָּ֣שָׁב,1,False,,
13021020,6,,und,וַיַּרְא֙,3,False,,
13021020,7,,sah,וַיַּרְא֙,3,False,,
13021020,8,,den,אֶת־,4,True,,
13021020,9,,Engel,הַמַּלְאָ֔ךְ,5,False,,
13021020,10,,und,וְאַרְבַּ֧עַת,6,False,,
13021020,11,,seine,בָּנָ֛יו,7,False,,
13021020,12,,vier,וְאַרְבַּ֧עַת,6,False,,
13021020,13,,Söhne,בָּנָ֛יו,7,False,,
13021020,14,,versteckten,מִֽתְחַבְּאִ֑ים,9,False,,
13021020,15,,sich,מִֽתְחַבְּאִ֑ים,9,False,,
13021020,16,,mit,עִמּ֖וֹ,8,False,,
13021020,17,,ihm,עִמּ֖וֹ,8,False,,
13021020,18,,Ornan,וְאָרְנָ֖ן,10,False,,
13021020,19,,aber,מִֽתְחַבְּאִ֑ים,9,False,,
13021020,20,,drosch,דָּ֥שׁ,11,False,,
13021020,21,,Weizen,חִטִּֽים׃,12,False,,
13021021,1,,Und,וַיָּבֹ֥א,1,False,,
13021021,2,,David,דָוִ֖יד,2,False,,
13021021,3,,kam,וַיָּבֹ֥א,1,False,,
13021021,4,,zu,עַד־,3,False,,
13021021,5,,Ornan,אָרְנָ֑ן,4,False,,
13021021,6,,und,וַיַּבֵּ֤ט,5,False,,
13021021,7,,Ornan,אָרְנָן֙,6,False,,
13021021,8,,blickte,וַיַּ֣רְא,7,False,,
13021021,9,,hin,וַיַּבֵּ֤ט,5,False,,
13021021,10,,und,וַיַּ֣רְא,7,False,,
13021021,11,,sah,וַיַּ֣רְא,7,False,,
13021021,12,,David,דָּוִ֔יד,9,False,,
13021021,13,,und,וַיֵּצֵא֙,10,False,,
13021021,14,,er,וַיֵּצֵא֙,10,False,,
13021021,15,,ging,וַיֵּצֵא֙,10,False,,
13021021,16,,aus,מִן־,11,False,,
13021021,17,,der,הַגֹּ֔רֶן,12,True,,
13021021,18,,Tenne,הַגֹּ֔רֶן,12,False,,
13021021,19,,hinaus,וַיֵּצֵא֙,10,False,,
13021021,20,,und,וַיִּשְׁתַּ֧חוּ,13,False,,
13021021,21,,beugte,וַיִּשְׁתַּ֧חוּ,13,False,,
13021021,22,,sich,וַיִּשְׁתַּ֧חוּ,13,False,,
13021021,23,,vor,לְדָוִ֛יד,14,False,,
13021021,24,,David,לְדָוִ֛יד,14,False,,
13021021,25,,nieder,וַיִּשְׁתַּ֧חוּ,13,False,,
13021021,26,,mit,אַפַּ֖יִם,15,False,,
13021021,27,,dem,אַפַּ֖יִם,15,True,,
13021021,28,,Antlitz,אַפַּ֖יִם,15,False,,
13021021,29,,zur,אָֽרְצָה׃,16,False,,
13021021,30,,Erde,אָֽרְצָה׃,16,False,,
13021022,1,,Und,וַיֹּ֨אמֶר,1,False,,
13021022,2,,David,דָּוִ֜יד,2,False,,
13021022,3,,sprach,וַיֹּ֨אמֶר,1,False,,
13021022,4,,zu,אֶל־,3,False,,
13021022,5,,Ornan,אָרְנָ֗ן,4,False,,
13021022,6,,Gib,תְּנָה־,5,False,,
13021022,7,,mir,לִּי֙,6,False,,
13021022,8,,den,מְק֣וֹם,7,True,,
13021022,9,,Platz,מְק֣וֹם,7,False,,
13021022,10,,der,הַגֹּ֔רֶן,8,True,,
13021022,11,,Tenne,הַגֹּ֔רֶן,8,False,,
13021022,12,,daß,וְאֶבְנֶה־,9,False,,
13021022,13,,ich,וְאֶבְנֶה־,9,False,,
13021022,14,,Jahwe,לַיהוָ֑ה,12,False,,
13021022,15,,einen,מִזְבֵּ֖חַ,11,True,,
13021022,16,,Altar,מִזְבֵּ֖חַ,11,False,,
13021022,17,,darauf,בּ֥וֹ,10,False,,
13021022,18,,baue,וְאֶבְנֶה־,9,False,,
13021022,19,,um,וְתֵעָצַ֥ר,17,False,,
13021022,20,,volles,מָלֵא֙,14,False,,
13021022,21,,Geld,בְּכֶ֤סֶף,13,False,,
13021022,22,,gib,תְּנֵ֣הוּ,15,False,,
13021022,23,,ihn,תְּנֵ֣הוּ,15,False,,
13021022,24,,mir,לִ֔י,16,False,,
13021022,25,,daß,וְתֵעָצַ֥ר,17,False,,
13021022,26,,die,הַמַּגֵּפָ֖ה,18,True,,
13021022,27,,Plage,הַמַּגֵּפָ֖ה,18,False,,
13021022,28,,von,מֵעַ֥ל,19,False,,
13021022,29,,dem,הָעָֽם׃,20,True,,
13021022,30,,Volke,הָעָֽם׃,20,False,,
13021022,31,,abgewehrt,וְתֵעָצַ֥ר,17,False,,
13021022,32,,werde,וְתֵעָצַ֥ר,17,False,,
13021023,1,,Da,וַיֹּ֨אמֶר,1,False,,
13021023,2,,sprach,וַיֹּ֨אמֶר,1,False,,
13021023,3,,Ornan,אָרְנָ֤ן,2,False,,
13021023,4,,zu,אֶל־,3,False,,
13021023,5,,David,דָּוִיד֙,4,False,,
13021023,6,,Nimm,קַֽח־,5,False,,
13021023,7,,ihn,קַֽח־,5,False,,
13021023,8,,dir,לָ֔ךְ,6,False,,
13021023,9,,und,וְיַ֛עַשׂ,7,False,,
13021023,10,,mein,אֲדֹנִ֥י,8,False,,
13021023,11,,Herr,אֲדֹנִ֥י,8,False,,
13021023,12,,der,הַמֶּ֖לֶךְ,9,True,,
13021023,13,,König,הַמֶּ֖לֶךְ,9,False,,
13021023,14,,tue,וְיַ֛עַשׂ,7,False,,
13021023,15,,was,הַטּ֣וֹב,10,False,,
13021023,16,,gut,הַטּ֣וֹב,10,False,,
13021023,17,,ist,הַטּ֣וֹב,10,False,,
13021023,18,,in,בְּעֵינָ֑יו,11,False,,
13021023,19,,seinen,בְּעֵינָ֑יו,11,False,,
13021023,20,,Augen,בְּעֵינָ֑יו,11,False,,
13021023,21,,siehe,רְאֵה֩,12,False,,
13021023,22,,ich,נָתַ֨תִּי,13,False,,
13021023,23,,gebe,נָתַ֨תִּי,13,False,,
13021023,24,,die,הַבָּקָ֜ר,14,True,,
13021023,25,,Rinder,הַבָּקָ֜ר,14,False,,
13021023,26,,zu,לָֽעֹל֗וֹת,15,False,,
13021023,27,,den,לָֽעֹל֗וֹת,15,True,,
13021023,28,,Brandopfern,לָֽעֹל֗וֹת,15,False,,
13021023,29,,und,וְהַמּוֹרִגִּ֧ים,16,False,,
13021023,30,,die,וְהַמּוֹרִגִּ֧ים,16,True,,
13021023,31,,Dreschwagen,וְהַמּוֹרִגִּ֧ים,16,False,,
13021023,32,,zum,לָעֵצִ֛ים,17,False,,
13021023,33,,Holz,לָעֵצִ֛ים,17,False,,
13021023,34,,und,וְהַחִטִּ֥ים,18,False,,
13021023,35,,den,וְהַחִטִּ֥ים,18,True,,
13021023,36,,Weizen,וְהַחִטִּ֥ים,18,False,,
13021023,37,,zum,לַמִּנְחָ֖ה,19,False,,
13021023,38,,Speisopfer,לַמִּנְחָ֖ה,19,False,,
13021023,39,,alles,הַכֹּ֥ל,20,False,,
13021023,40,,das,נָתָֽתִּי׃,21,False,,
13021023,41,,gebe,נָתָֽתִּי׃,21,False,,
13021023,42,,ich,נָתָֽתִּי׃,21,False,,
13021024,1,,Aber,וַיֹּ֨אמֶר,1,False,,
13021024,2,,der,הַמֶּ֤לֶךְ,2,True,,
13021024,3,,König,הַמֶּ֤לֶךְ,2,False,,
13021024,4,,David,דָּוִיד֙,3,False,,
13021024,5,,sprach,וַיֹּ֨אמֶר,1,False,,
13021024,6,,zu,לְאָרְנָ֔ן,4,False,,
13021024,7,,Ornan,לְאָרְנָ֔ן,4,False,,
13021024,8,,Nein,לֹ֕א,5,False,,
13021024,9,,sondern,כִּֽי־,6,False,,
13021024,10,,kaufen,קָנֹ֥ה,7,False,,
13021024,11,,will,אֶקְנֶ֖ה,8,False,,
13021024,12,,ich,אֶקְנֶ֖ה,8,False,,
13021024,13,,es,אֶקְנֶ֖ה,8,False,,
13021024,14,,um,בְּכֶ֣סֶף,9,False,,
13021024,15,,volles,מָלֵ֑א,10,False,,
13021024,16,,Geld,בְּכֶ֣סֶף,9,False,,
13021024,17,,denn,כִּ֠י,11,False,,
13021024,18,,ich,אֶשָּׂ֤א,13,False,,
13021024,19,,will,אֶשָּׂ֤א,13,False,,
13021024,20,,nicht,לֹא־,12,False,,
13021024,21,,was,אֲשֶׁר־,14,False,,
13021024,22,,dir,לְךָ֙,15,False,,
13021024,23,,gehört,אֲשֶׁר־,14,False,,
13021024,24,,für,לַיהוָ֔ה,16,False,,
13021024,25,,Jahwe,לַיהוָ֔ה,16,False,,
13021024,26,,nehmen,אֶשָּׂ֤א,13,False,,
13021024,27,,und,וְהַעֲל֥וֹת,17,False,,
13021024,28,,umsonst,חִנָּֽם׃,19,False,,
13021024,29,,Brandopfer,עוֹלָ֖ה,18,False,,
13021024,30,,opfern,וְהַעֲל֥וֹת,17,False,,
13021025,1,,Und,וַיִּתֵּ֥ן,1,False,,
13021025,2,,David,דָּוִ֛יד,2,False,,
13021025,3,,gab,וַיִּתֵּ֥ן,1,True,,
13021025,4,,Ornan,לְאָרְנָ֖ן,3,False,,
13021025,5,,für,לְאָרְנָ֖ן,3,True,,
13021025,6,,den,בַּמָּק֑וֹם,4,True,,
13021025,7,,Platz,בַּמָּק֑וֹם,4,False,,
13021025,8,,sechshundert,שֵׁ֥שׁ,8,False,,
13021025,9,,Sekel,שִׁקְלֵ֣י,5,False,,
13021025,10,,Gold,זָהָ֔ב,6,False,,
13021025,11,,an,מִשְׁקָ֖ל,7,True,,
13021025,12,,Gewicht,מִשְׁקָ֖ל,7,False,,
13021026,1,,Und,וַיִּבֶן֩,1,False,,
13021026,2,,David,דָּוִ֤יד,3,False,,
13021026,3,,baute,וַיִּבֶן֩,1,True,,
13021026,4,,daselbst,שָׁ֨ם,2,False,,
13021026,5,,Jahwe,לַיהוָ֔ה,5,False,,
13021026,6,,einen,מִזְבֵּ֙חַ֙,4,True,,
13021026,7,,Altar,מִזְבֵּ֙חַ֙,4,False,,
13021026,8,,und,וַיַּ֥עַל,6,False,,
13021026,9,,opferte,וַיַּ֥עַל,6,False,,
13021026,10,,Brandopfer,עֹל֖וֹת,7,False,,
13021026,11,,und,וּשְׁלָמִ֑ים,8,False,,
13021026,12,,Friedensopfer,וּשְׁלָמִ֑ים,8,False,,
13021026,13,,und,וַיִּקְרָא֙,9,False,,
13021026,14,,er,וַיַּֽעֲנֵ֤הוּ,12,True,,
13021026,15,,rief,וַיִּקְרָא֙,9,False,,
13021026,16,,zu,אֶל־,10,False,,
13021026,17,,Jahwe,יְהוָ֔ה,11,False,,
13021026,18,,und,וַיַּֽעֲנֵ֤הוּ,12,False,,
13021026,19,,er,וַיַּֽעֲנֵ֤הוּ,12,True,,
13021026,20,,antwortete,וַיַּֽעֲנֵ֤הוּ,12,False,,
13021026,21,,ihm,וַיַּֽעֲנֵ֤הוּ,12,False,,
13021026,22,,mit,בָאֵשׁ֙,13,False,,
13021026,23,,Feuer,בָאֵשׁ֙,13,False,,
13021026,24,,vom,מִן־,14,False,,
13021026,25,,Himmel,הַשָּׁמַ֔יִם,15,False,,
13021026,26,,auf,עַ֖ל,16,False,,
13021026,27,,dem,מִזְבַּ֥ח,17,False,,
13021026,28,,Altar,מִזְבַּ֥ח,17,False,,
13021026,29,,des,הָעֹלָֽה׃ פ,18,False,,
13021026,30,,Brandopfers,הָעֹלָֽה׃ פ,18,False,,
13021027,1,,Und,וַיֹּ֤אמֶר,1,False,,
13021027,2,,Jahwe,יְהוָה֙,2,False,,
13021027,3,,sprach,וַיֹּ֤אמֶר,1,True,,
13021027,4,,zu,לַמַּלְאָ֔ךְ,3,False,,
13021027,5,,dem,לַמַּלְאָ֔ךְ,3,True,,
13021027,6,,Engel,לַמַּלְאָ֔ךְ,3,False,,
13021027,7,,und,וַיָּ֥שֶׁב,4,False,,
13021027,8,,er,וַיָּ֥שֶׁב,4,True,,
13021027,9,,steckte,וַיָּ֥שֶׁב,4,False,,
13021027,10,,sein,חַרְבּ֖וֹ,5,False,,
13021027,11,,Schwert,חַרְבּ֖וֹ,5,False,,
13021027,12,,wieder,וַיָּ֥שֶׁב,4,True,,
13021027,13,,in,אֶל־,6,False,,
13021027,14,,seine,נְדָנָֽהּ׃,7,False,,
13021027,15,,Scheide,נְדָנָֽהּ׃,7,False,,
13021028,1,,Zu,בָּעֵ֣ת,1,False,,
13021028,2,,jener,הַהִ֔יא,2,False,,
13021028,3,,Zeit,בָּעֵ֣ת,1,False,,
13021028,4,,als,בִּרְא֤וֹת,3,False,,
13021028,5,,David,דָּוִיד֙,4,False,,
13021028,6,,sah,בִּרְא֤וֹת,3,False,,
13021028,7,,daß,כִּי־,5,False,,
13021028,8,,Jahwe,יְהוָ֔ה,7,False,,
13021028,9,,ihm,עָנָ֣הוּ,6,False,,
13021028,10,,auf,בְּגֹ֖רֶן,8,False,,
13021028,11,,der,בְּגֹ֖רֶן,8,False,,
13021028,12,,Tenne,בְּגֹ֖רֶן,8,False,,
13021028,13,,Ornans,אָרְנָ֣ן,9,False,,
13021028,14,,des,הַיְבוּסִ֑י,10,False,,
13021028,15,,Jebusiters,הַיְבוּסִ֑י,10,False,,
13021028,16,,geantwortet,עָנָ֣הוּ,6,False,,
13021028,17,,hatte,עָנָ֣הוּ,6,True,,
13021028,18,,opferte,וַיִּזְבַּ֖ח,11,False,,
13021028,19,,er,וַיִּזְבַּ֖ח,11,True,,
13021028,20,,daselbst,שָֽׁם׃,12,False,,
13021029,1,,Die,וּמִשְׁכַּ֣ן,1,False,,
13021029,2,,Wohnung,וּמִשְׁכַּ֣ן,1,False,,
13021029,3,,Jahwes,יְ֠הוָה,2,False,,
13021029,4,,aber,וּמִשְׁכַּ֣ן,1,True,,
13021029,5,,die,וּמִשְׁכַּ֣ן,1,True,,
13021029,6,,Mose,מֹשֶׁ֧ה,5,False,,
13021029,7,,in,בַמִּדְבָּ֛ר,6,False,,
13021029,8,,der,בַמִּדְבָּ֛ר,6,False,,
13021029,9,,Wüste,בַמִּדְבָּ֛ר,6,False,,
13021029,10,,gemacht,עָשָׂ֨ה,4,False,,
13021029,11,,hatte,עָשָׂ֨ה,4,True,,
13021029,12,,und,וּמִזְבַּ֥ח,7,False,,
13021029,13,,der,הָעוֹלָ֖ה,8,False,,
13021029,14,,Brandopferaltar,וּמִזְבַּ֥ח,7,False,,
13021029,15,,waren,בָּעֵ֣ת,9,False,,
13021029,16,,zu,בָּעֵ֣ת,9,False,,
13021029,17,,jener,הַהִ֑יא,10,False,,
13021029,18,,Zeit,הַהִ֑יא,10,False,,
13021029,19,,auf,בַּבָּמָ֖ה,11,False,,
13021029,20,,der,בַּבָּמָ֖ה,11,False,,
13021029,21,,Höhe,בַּבָּמָ֖ה,11,False,,
13021029,22,,zu,בְּגִבְעֽוֹן׃,12,False,,
13021029,23,,Gibeon,בְּגִבְעֽוֹן׃,12,False,,
13021030,1,,Aber,וְלֹא־,1,False,,
13021030,2,,David,דָּוִ֛יד,3,False,,
13021030,3,,vermochte,יָכֹ֥ל,2,False,,
13021030,4,,nicht,וְלֹא־,1,False,,
13021030,5,,vor,לְפָנָ֖יו,5,False,,
13021030,6,,denselben,לְפָנָ֖יו,5,False,,
13021030,7,,hinzugehen,לָלֶ֥כֶת,4,False,,
13021030,8,,um,לִדְרֹ֣שׁ,6,False,,
13021030,9,,Gott,אֱלֹהִ֑ים,7,False,,
13021030,10,,zu,לִדְרֹ֣שׁ,6,False,,
13021030,11,,suchen,לִדְרֹ֣שׁ,6,False,,
13021030,12,,denn,כִּ֣י,8,False,,
13021030,13,,er,נִבְעַ֔ת,9,False,,
13021030,14,,war,נִבְעַ֔ת,9,True,,
13021030,15,,erschrocken,נִבְעַ֔ת,9,False,,
13021030,16,,vor,מִפְּנֵ֕י,10,False,,
13021030,17,,dem,מִפְּנֵ֕י,10,False,,
13021030,18,,Schwerte,חֶ֖רֶב,11,False,,
13021030,19,,des,מַלְאַ֥ךְ,12,False,,
13021030,20,,Engels,מַלְאַ֥ךְ,12,False,,
13021030,21,,Jahwes,יְהוָֽה׃ ס,13,False,,
13022001,1,,Und,וַיֹּ֣אמֶר,1,False,,
13022001,2,,David,דָּוִ֔יד,2,False,,
13022001,3,,sprach,וַיֹּ֣אמֶר,1,False,,
13022001,4,,Dieses,זֶ֣ה,3,False,,
13022001,5,,hier,זֶ֣ה,3,False,,
13022001,6,,soll,ה֔וּא,4,False,,
13022001,7,,das,בֵּ֖ית,5,False,,
13022001,8,,Haus,בֵּ֖ית,5,False,,
13022001,9,,Jahwes,יְהוָ֣ה,6,False,,
13022001,10,,Gottes,הָאֱלֹהִ֑ים,7,False,,
13022001,11,,sein,ה֔וּא,4,True,,
13022001,12,,und,וְזֶה־,8,False,,
13022001,13,,dies,וְזֶה־,8,False,,
13022001,14,,der,מִּזְבֵּ֥חַ,9,False,,
13022001,15,,Altar,מִּזְבֵּ֥חַ,9,False,,
13022001,16,,zum,לְעֹלָ֖ה,10,False,,
13022001,17,,Brandopfer,לְעֹלָ֖ה,10,False,,
13022001,18,,für,לְיִשְׂרָאֵֽל׃ ס,11,False,,
13022001,19,,Israel,לְיִשְׂרָאֵֽל׃ ס,11,False,,
13022002,1,,Und,וַיֹּ֣אמֶר,1,False,,
13022002,2,,David,דָּוִ֔יד,2,False,,
13022002,3,,befahl,וַיֹּ֣אמֶר,1,False,,
13022002,4,,daß,לִכְנוֹס֙,3,False,,
13022002,5,,man,לִכְנוֹס֙,3,False,,
13022002,6,,die,אֶת־,4,False,,
13022002,7,,Fremdlinge,הַגֵּרִ֔ים,5,False,,
13022002,8,,versammeln,לִכְנוֹס֙,3,False,,
13022002,9,,solle,לִכְנוֹס֙,3,False,,
13022002,10,,die,אֲשֶׁ֖ר,6,False,,
13022002,11,,im,בְּאֶ֣רֶץ,7,False,,
13022002,12,,Lande,בְּאֶ֣רֶץ,7,False,,
13022002,13,,Israel,יִשְׂרָאֵ֑ל,8,False,,
13022002,14,,waren,אֲשֶׁ֖ר,6,False,,
13022002,15,,und,וַיַּעֲמֵ֣ד,9,False,,
13022002,16,,er,וַיַּעֲמֵ֣ד,9,False,,
13022002,17,,stellte,וַיַּעֲמֵ֣ד,9,False,,
13022002,18,,sie,וַיַּעֲמֵ֣ד,9,False,,
13022002,19,,an,חֹֽצְבִ֗ים,10,False,,
13022002,20,,als,חֹֽצְבִ֗ים,10,False,,
13022002,21,,Steinhauer,חֹֽצְבִ֗ים,10,False,,
13022002,22,,um,לַחְצוֹב֙,11,False,,
13022002,23,,Quadersteine,אַבְנֵ֣י,12,False,,
13022002,24,,für,לִבְנ֖וֹת,14,False,,
13022002,25,,den,לִבְנ֖וֹת,14,False,,
13022002,26,,Bau,לִבְנ֖וֹת,14,False,,
13022002,27,,des,בֵּ֥ית,15,False,,
13022002,28,,Hauses,בֵּ֥ית,15,False,,
13022002,29,,Gottes,הָאֱלֹהִֽים׃,16,False,,
13022002,30,,zu,לִבְנ֖וֹת,14,False,,
13022002,31,,hauen,לַחְצוֹב֙,11,False,,
13022003,1,,Und,וּבַרְזֶ֣ל׀,1,False,,
13022003,2,,David,דָּוִ֑יד,8,False,,
13022003,3,,bereitete,הֵכִ֣ין,7,False,,
13022003,4,,Eisen,וּבַרְזֶ֣ל׀,1,False,,
13022003,5,,in,לָ֠רֹב,2,False,,
13022003,6,,Menge,לָ֠רֹב,2,False,,
13022003,7,,für,לַֽמִּסְמְרִ֞ים,3,False,,
13022003,8,,die,לַֽמִּסְמְרִ֞ים,3,False,,
13022003,9,,Nägel,לַֽמִּסְמְרִ֞ים,3,False,,
13022003,10,,zu,לְדַלְת֧וֹת,4,False,,
13022003,11,,den,לְדַלְת֧וֹת,4,False,,
13022003,12,,Torflügeln,הַשְּׁעָרִ֛ים,5,False,,
13022003,13,,und,וְלַֽמְחַבְּר֖וֹת,6,False,,
13022003,14,,für,וְלַֽמְחַבְּר֖וֹת,6,False,,
13022003,15,,die,וְלַֽמְחַבְּר֖וֹת,6,False,,
13022003,16,,Klammern,וְלַֽמְחַבְּר֖וֹת,6,False,,
13022003,17,,und,הֵכִ֣ין,7,True,,
13022003,18,,Erz,וּנְחֹ֥שֶׁת,9,False,,
13022003,19,,in,לָרֹ֖ב,10,False,,
13022003,20,,Menge,לָרֹ֖ב,10,False,,
13022003,21,,es,אֵ֥ין,11,False,,
13022003,22,,war,אֵ֥ין,11,True,,
13022003,23,,nicht,אֵ֥ין,11,False,,
13022003,24,,zu,מִשְׁקָֽל׃,12,False,,
13022003,25,,wägen,מִשְׁקָֽל׃,12,False,,
13022004,1,,und,וַעֲצֵ֥י,1,False,,
13022004,2,,Cedernholz,אֲרָזִ֖ים,2,False,,
13022004,3,,ohne,לְאֵ֣ין,3,False,,
13022004,4,,Zahl,מִסְפָּ֑ר,4,False,,
13022004,5,,denn,כִּֽי,5,False,,
13022004,6,,die,הַצִּֽידֹנִ֨ים,7,True,,
13022004,7,,Zidonier,הַצִּֽידֹנִ֨ים,7,False,,
13022004,8,,und,וְהַצֹּרִ֜ים,8,False,,
13022004,9,,die,וְהַצֹּרִ֜ים,8,True,,
13022004,10,,Tyrer,וְהַצֹּרִ֜ים,8,False,,
13022004,11,,brachten,הֵ֠בִיאוּ,6,False,,
13022004,12,,Cedernholz,עֲצֵ֧י,9,False,,
13022004,13,,in,אֲרָזִ֛ים,10,True,,
13022004,14,,Menge,לָרֹ֖ב,11,False,,
13022004,15,,zu,לְדָוִֽיד׃ פ,12,True,,
13022004,16,,David,לְדָוִֽיד׃ פ,12,False,,
13022005,1,,Und,וַיֹּ֣אמֶר,1,False,,
13022005,2,,David,דָּוִ֗יד,2,False,,
13022005,3,,sprach,וַיֹּ֣אמֶר,1,False,,
13022005,4,,Salomo,שְׁלֹמֹ֣ה,3,False,,
13022005,5,,mein,בְנִי֮,4,False,,
13022005,6,,Sohn,בְנִי֮,4,False,,
13022005,7,,ist,נַ֣עַר,5,True,,
13022005,8,,noch,נַ֣עַר,5,True,,
13022005,9,,jung,נַ֣עַר,5,False,,
13022005,10,,und,וָרָךְ֒,6,False,,
13022005,11,,zart,וָרָךְ֒,6,False,,
13022005,12,,und,וְהַבַּ֜יִת,7,False,,
13022005,13,,das,וְהַבַּ֜יִת,7,True,,
13022005,14,,Haus,וְהַבַּ֜יִת,7,False,,
13022005,15,,das,לִבְנ֣וֹת,8,True,,
13022005,16,,dem,לַיהוָ֗ה,9,True,,
13022005,17,,Jahwe,לַיהוָ֗ה,9,False,,
13022005,18,,zu,לִבְנ֣וֹת,8,True,,
13022005,19,,erbauen,לִבְנ֣וֹת,8,False,,
13022005,20,,ist,לְהַגְדִּ֨יל׀,10,True,,
13022005,21,,soll,לְהַגְדִּ֨יל׀,10,True,,
13022005,22,,überaus,לְמַ֜עְלָה,11,False,,
13022005,23,,groß,לְהַגְדִּ֨יל׀,10,False,,
13022005,24,,werden,לְהַגְדִּ֨יל׀,10,True,,
13022005,25,,zum,לְשֵׁ֤ם,12,False,,
13022005,26,,Namen,לְשֵׁ֤ם,12,False,,
13022005,27,,und,וּלְתִפְאֶ֙רֶת֙,13,False,,
13022005,28,,zum,וּלְתִפְאֶ֙רֶת֙,13,False,,
13022005,29,,Ruhm,וּלְתִפְאֶ֙רֶת֙,13,False,,
13022005,30,,in,לְכָל־,14,False,,
13022005,31,,allen,לְכָל־,14,True,,
13022005,32,,Ländern,הָ֣אֲרָצ֔וֹת,15,False,,
13022005,33,,so,אָכִ֥ינָה,16,True,,
13022005,34,,will,אָכִ֥ינָה,16,False,,
13022005,35,,ich,אָכִ֥ינָה,16,False,,
13022005,36,,denn,נָּ֖א,17,False,,
13022005,37,,das,ל֑וֹ,18,True,,
13022005,38,,Nötige,ל֑וֹ,18,False,,
13022005,39,,für,ל֑וֹ,18,True,,
13022005,40,,ihn,ל֑וֹ,18,False,,
13022005,41,,bereiten,אָכִ֥ינָה,16,False,,
13022005,42,,Und,וַיָּ֧כֶן,19,False,,
13022005,43,,so,וַיָּ֧כֶן,19,True,,
13022005,44,,bereitete,וַיָּ֧כֶן,19,False,,
13022005,45,,David,דָּוִ֛יד,20,False,,
13022005,46,,Vorrat,לָרֹ֖ב,21,False,,
13022005,47,,in,לִפְנֵ֥י,22,False,,
13022005,48,,Menge,לָרֹ֖ב,21,False,,
13022005,49,,vor,לִפְנֵ֥י,22,False,,
13022005,50,,seinem,מוֹתֽוֹ׃,23,False,,
13022005,51,,Tode,מוֹתֽוֹ׃,23,False,,
13022006,1,,Und,וַיִּקְרָ֖א,1,False,,
13022006,2,,er,וַיִּקְרָ֖א,1,False,,
13022006,3,,rief,וַיִּקְרָ֖א,1,False,,
13022006,4,,seinen,בְנ֑וֹ,3,False,,
13022006,5,,Sohn,בְנ֑וֹ,3,False,,
13022006,6,,Salomo,לִשְׁלֹמֹ֣ה,2,False,,
13022006,7,,und,וַיְצַוֵּ֙הוּ֙,4,False,,
13022006,8,,gebot,וַיְצַוֵּ֙הוּ֙,4,False,,
13022006,9,,ihm,וַיְצַוֵּ֙הוּ֙,4,False,,
13022006,10,,Jahwe,לַיהוָ֖ה,7,False,,
13022006,11,,dem,לַיהוָ֖ה,7,True,,
13022006,12,,Gott,אֱלֹהֵ֥י,8,False,,
13022006,13,,Israels,יִשְׂרָאֵֽל׃ ס,9,False,,
13022006,14,,ein,בַּ֔יִת,6,True,,
13022006,15,,Haus,בַּ֔יִת,6,False,,
13022006,16,,zu,לִבְנ֣וֹת,5,False,,
13022006,17,,bauen,לִבְנ֣וֹת,5,False,,
13022007,1,,Und,וַיֹּ֥אמֶר,1,False,,
13022007,2,,David,דָּוִ֖יד,2,False,,
13022007,3,,sprach,וַיֹּ֥אמֶר,1,False,,
13022007,4,,zu,לִשְׁלֹמֹ֑ה,3,False,,
13022007,5,,Salomo,לִשְׁלֹמֹ֑ה,3,False,,
13022007,6,,Mein,בְּנִ֕י,4,False,,
13022007,7,,Sohn,בְּנִ֕י,4,False,,
13022007,8,,Ich,אֲנִי֙,5,False,,
13022007,9,,selbst,הָיָ֣ה,6,True,,
13022007,10,,hatte,הָיָ֣ה,6,False,,
13022007,11,,in,עִם־,7,False,,
13022007,12,,meinem,לְבָבִ֔י,8,False,,
13022007,13,,Herzen,לְבָבִ֔י,8,False,,
13022007,14,,dem,לְשֵׁ֖ם,11,False,,
13022007,15,,Namen,לְשֵׁ֖ם,11,False,,
13022007,16,,Jahwes,יְהוָ֥ה,12,False,,
13022007,17,,meines,אֱלֹהָֽי׃,13,False,,
13022007,18,,Gottes,אֱלֹהָֽי׃,13,False,,
13022007,19,,ein,בַּ֔יִת,10,True,,
13022007,20,,Haus,בַּ֔יִת,10,False,,
13022007,21,,zu,לִבְנ֣וֹת,9,False,,
13022007,22,,bauen,לִבְנ֣וֹת,9,False,,
13022008,1,,Aber,וַיְהִ֨י,1,False,,
13022008,2,,das,דְּבַר־,3,True,,
13022008,3,,Wort,דְּבַר־,3,False,,
13022008,4,,Jahwes,יְהוָה֙,4,False,,
13022008,5,,geschah,וַיְהִ֨י,1,False,,
13022008,6,,zu,לֵאמֹ֔ר,5,False,,
13022008,7,,mir,עָלַ֤י,2,False,,
13022008,8,,indem,לֵאמֹ֔ר,5,False,,
13022008,9,,er,לֵאמֹ֔ר,5,False,,
13022008,10,,sprach,לֵאמֹ֔ר,5,False,,
13022008,11,,Du,שָׁפַ֔כְתָּ,8,False,,
13022008,12,,hast,שָׁפַ֔כְתָּ,8,False,,
13022008,13,,Blut,דָּ֤ם,6,False,,
13022008,14,,in,לָרֹב֙,7,True,,
13022008,15,,Menge,לָרֹב֙,7,False,,
13022008,16,,vergossen,שָׁפַ֔כְתָּ,8,False,,
13022008,17,,und,וּמִלְחָמ֥וֹת,9,False,,
13022008,18,,große,גְּדֹל֖וֹת,10,False,,
13022008,19,,Kriege,וּמִלְחָמ֥וֹת,9,False,,
13022008,20,,geführt,עָשִׂ֑יתָ,11,False,,
13022008,21,,du,תִבְנֶ֥ה,13,False,,
13022008,22,,sollst,תִבְנֶ֥ה,13,False,,
13022008,23,,meinem,לִשְׁמִ֔י,15,False,,
13022008,24,,Namen,לִשְׁמִ֔י,15,False,,
13022008,25,,kein,לֹֽא־,12,False,,
13022008,26,,Haus,בַ֙יִת֙,14,False,,
13022008,27,,bauen,תִבְנֶ֥ה,13,False,,
13022008,28,,denn,כִּ֚י,16,False,,
13022008,29,,viel,רַבִּ֔ים,18,False,,
13022008,30,,Blut,דָּמִ֣ים,17,False,,
13022008,31,,hast,שָׁפַ֥כְתָּ,19,False,,
13022008,32,,du,שָׁפַ֥כְתָּ,19,False,,
13022008,33,,vor,לְפָנָֽי׃,21,False,,
13022008,34,,mir,לְפָנָֽי׃,21,False,,
13022008,35,,zur,אַ֖רְצָה,20,False,,
13022008,36,,Erde,אַ֖רְצָה,20,False,,
13022008,37,,vergossen,שָׁפַ֥כְתָּ,19,False,,
13022009,1,,Siehe,הִנֵּה־,1,False,,
13022009,2,,ein,בֵ֞ן,2,False,,
13022009,3,,Sohn,בֵ֞ן,2,False,,
13022009,4,,wird,נוֹלָ֣ד,3,False,,
13022009,5,,dir,לָ֗ךְ,4,False,,
13022009,6,,geboren,נוֹלָ֣ד,3,False,,
13022009,7,,werden,נוֹלָ֣ד,3,False,,
13022009,8,,der,ה֤וּא,5,False,,
13022009,9,,wird,יִהְיֶה֙,6,False,,
13022009,10,,ein,אִ֣ישׁ,7,False,,
13022009,11,,Mann,אִ֣ישׁ,7,False,,
13022009,12,,der,מְנוּחָ֔ה,8,True,,
13022009,13,,Ruhe,מְנוּחָ֔ה,8,False,,
13022009,14,,sein,יִהְיֶה֙,6,False,,
13022009,15,,und,וַהֲנִח֥וֹתִי,9,False,,
13022009,16,,ich,וַהֲנִח֥וֹתִי,9,False,,
13022009,17,,werde,וַהֲנִח֥וֹתִי,9,False,,
13022009,18,,ihm,ל֛וֹ,10,False,,
13022009,19,,Ruhe,מְנוּחָ֔ה,8,False,,
13022009,20,,schaffen,וַהֲנִח֥וֹתִי,9,False,,
13022009,21,,vor,מִכָּל־,11,False,,
13022009,22,,allen,מִכָּל־,11,False,,
13022009,23,,seinen,אוֹיְבָ֖יו,12,False,,
13022009,24,,Feinden,אוֹיְבָ֖יו,12,False,,
13022009,25,,ringsum,מִסָּבִ֑יב,13,False,,
13022009,26,,Denn,כִּ֤י,14,False,,
13022009,27,,Salomo,שְׁלֹמֹה֙,15,False,,
13022009,28,,wird,יִהְיֶ֣ה,16,False,,
13022009,29,,sein,שְׁמ֔וֹ,17,False,,
13022009,30,,Name,שְׁמ֔וֹ,17,False,,
13022009,31,,sein,יִהְיֶ֣ה,16,False,,
13022009,32,,und,וְשָׁל֥וֹם,18,False,,
13022009,33,,Frieden,וְשָׁל֥וֹם,18,False,,
13022009,34,,und,וָשֶׁ֛קֶט,19,False,,
13022009,35,,Ruhe,וָשֶׁ֛קֶט,19,False,,
13022009,36,,werde,אֶתֵּ֥ן,20,False,,
13022009,37,,ich,אֶתֵּ֥ן,20,False,,
13022009,38,,Israel,יִשְׂרָאֵ֖ל,22,False,,
13022009,39,,geben,אֶתֵּ֥ן,20,False,,
13022009,40,,in,בְּיָמָֽיו׃,23,False,,
13022009,41,,seinen,בְּיָמָֽיו׃,23,False,,
13022009,42,,Tagen,בְּיָמָֽיו׃,23,False,,
13022010,1,,Der,הֽוּא־,1,False,,
13022010,2,,wird,יִבְנֶ֥ה,2,False,,
13022010,3,,meinem,לִשְׁמִ֔י,4,False,,
13022010,4,,Namen,לִשְׁמִ֔י,4,False,,
13022010,5,,ein,בַ֙יִת֙,3,True,,
13022010,6,,Haus,בַ֙יִת֙,3,False,,
13022010,7,,bauen,יִבְנֶ֥ה,2,False,,
13022010,8,,und,וְהוּא֙,5,False,,
13022010,9,,er,וְהוּא֙,5,False,,
13022010,10,,soll,יִהְיֶה־,6,False,,
13022010,11,,mir,לִּ֣י,7,False,,
13022010,12,,Sohn,לְבֵ֔ן,8,False,,
13022010,13,,und,וַאֲנִי־,9,False,,
13022010,14,,ich,וַאֲנִי־,9,False,,
13022010,15,,will,וַאֲנִי־,9,False,,
13022010,16,,ihm,ל֖וֹ,10,False,,
13022010,17,,Vater,לְאָ֑ב,11,False,,
13022010,18,,sein,יִהְיֶה־,6,False,,
13022010,19,,und,וַהֲכִ֨ינוֹתִ֜י,12,False,,
13022010,20,,ich,וַהֲכִ֨ינוֹתִ֜י,12,False,,
13022010,21,,werde,וַהֲכִ֨ינוֹתִ֜י,12,False,,
13022010,22,,den,כִּסֵּ֧א,13,True,,
13022010,23,,Thron,כִּסֵּ֧א,13,False,,
13022010,24,,seines,מַלְכוּת֛וֹ,14,False,,
13022010,25,,Königtums,מַלְכוּת֛וֹ,14,False,,
13022010,26,,über,עַל־,15,False,,
13022010,27,,Israel,יִשְׂרָאֵ֖ל,16,False,,
13022010,28,,befestigen,וַהֲכִ֨ינוֹתִ֜י,12,False,,
13022010,29,,auf,עַד־,17,False,,
13022010,30,,ewig,עוֹלָֽם׃,18,False,,
13022011,1,,Nun,עַתָּ֣ה,1,False,,
13022011,2,,mein,בְנִ֔י,2,False,,
13022011,3,,Sohn,בְנִ֔י,2,False,,
13022011,4,,Jahwe,יְהוָ֖ה,4,False,,
13022011,5,,sei,יְהִ֥י,3,False,,
13022011,6,,mit,עִמָּ֑ךְ,5,False,,
13022011,7,,dir,עִמָּ֑ךְ,5,False,,
13022011,8,,daß,וְהִצְלַחְתָּ֗,6,False,,
13022011,9,,es,וְהִצְלַחְתָּ֗,6,False,,
13022011,10,,dir,וְהִצְלַחְתָּ֗,6,False,,
13022011,11,,gelinge,וְהִצְלַחְתָּ֗,6,False,,
13022011,12,,und,וּבָנִ֙יתָ֙,7,False,,
13022011,13,,das,בֵּ֚ית,8,True,,
13022011,14,,Haus,בֵּ֚ית,8,False,,
13022011,15,,Jahwes,יְהוָ֣ה,9,False,,
13022011,16,,deines,אֱלֹהֶ֔יךָ,10,False,,
13022011,17,,Gottes,אֱלֹהֶ֔יךָ,10,False,,
13022011,18,,bauest,וּבָנִ֙יתָ֙,7,False,,
13022011,19,,so,כַּאֲשֶׁ֖ר,11,False,,
13022011,20,,wie,כַּאֲשֶׁ֖ר,11,False,,
13022011,21,,er,דִּבֶּ֥ר,12,False,,
13022011,22,,von,דִּבֶּ֥ר,12,False,,
13022011,23,,dir,עָלֶֽיךָ׃,13,False,,
13022011,24,,geredet,דִּבֶּ֥ר,12,False,,
13022011,25,,hat,דִּבֶּ֥ר,12,False,,
13022012,1,,Nur,אַ֣ךְ,1,False,,
13022012,2,,gebe,יִֽתֶּן־,2,False,,
13022012,3,,dir,לְּךָ֤,3,False,,
13022012,4,,Jahwe,יְהוָה֙,4,False,,
13022012,5,,Einsicht,שֵׂ֣כֶל,5,False,,
13022012,6,,und,וּבִינָ֔ה,6,False,,
13022012,7,,Verstand,וּבִינָ֔ה,6,False,,
13022012,8,,und,וִֽיצַוְּךָ֖,7,False,,
13022012,9,,er,וִֽיצַוְּךָ֖,7,False,,
13022012,10,,bestelle,וִֽיצַוְּךָ֖,7,False,,
13022012,11,,dich,וִֽיצַוְּךָ֖,7,False,,
13022012,12,,über,עַל־,8,False,,
13022012,13,,Israel,יִשְׂרָאֵ֑ל,9,False,,
13022012,14,,und,וְלִשְׁמ֕וֹר,10,False,,
13022012,15,,zwar,וְלִשְׁמ֕וֹר,10,False,,
13022012,16,,um,וְלִשְׁמ֕וֹר,10,False,,
13022012,17,,das,אֶת־,11,True,,
13022012,18,,Gesetz,תּוֹרַ֖ת,12,False,,
13022012,19,,Jahwes,יְהוָ֥ה,13,False,,
13022012,20,,deines,אֱלֹהֶֽיךָ׃,14,False,,
13022012,21,,Gottes,אֱלֹהֶֽיךָ׃,14,False,,
13022012,22,,zu,וְלִשְׁמ֕וֹר,10,False,,
13022012,23,,beobachten,וְלִשְׁמ֕וֹר,10,False,,
13022013,1,,Dann,אָ֣ז,1,False,,
13022013,2,,wird,תַּצְלִ֔יחַ,2,False,,
13022013,3,,es,תַּצְלִ֔יחַ,2,False,,
13022013,4,,dir,תַּצְלִ֔יחַ,2,False,,
13022013,5,,gelingen,תַּצְלִ֔יחַ,2,False,,
13022013,6,,wenn,אִם־,3,False,,
13022013,7,,du,תִּשְׁמ֗וֹר,4,False,,
13022013,8,,darauf,תִּשְׁמ֗וֹר,4,False,,
13022013,9,,achtest,תִּשְׁמ֗וֹר,4,False,,
13022013,10,,die,אֶת־,6,True,,
13022013,11,,Satzungen,הַֽחֻקִּ֣ים,7,False,,
13022013,12,,und,וְאֶת־,8,False,,
13022013,13,,die,וְאֶת־,8,True,,
13022013,14,,Rechte,הַמִּשְׁפָּטִ֔ים,9,False,,
13022013,15,,zu,לַעֲשׂוֹת֙,5,False,,
13022013,16,,tun,לַעֲשׂוֹת֙,5,False,,
13022013,17,,welche,אֲשֶׁ֨ר,10,False,,
13022013,18,,Jahwe,יְהוָ֛ה,12,False,,
13022013,19,,dem,אֶת־,13,True,,
13022013,20,,Mose,מֹשֶׁ֖ה,14,False,,
13022013,21,,für,עַל־,15,False,,
13022013,22,,Israel,יִשְׂרָאֵ֑ל,16,False,,
13022013,23,,geboten,צִוָּ֧ה,11,False,,
13022013,24,,hat,צִוָּ֧ה,11,False,,
13022013,25,,Sei,חֲזַ֣ק,17,False,,
13022013,26,,stark,חֲזַ֣ק,17,False,,
13022013,27,,und,וֶאֱמָ֔ץ,18,False,,
13022013,28,,mutig,וֶאֱמָ֔ץ,18,False,,
13022013,29,,fürchte,תִּירָ֖א,20,False,,
13022013,30,,dich,תִּירָ֖א,20,False,,
13022013,31,,nicht,אַל־,19,False,,
13022013,32,,und,וְאַל־,21,False,,
13022013,33,,erschrick,תֵּחָֽת׃,22,False,,
13022013,34,,nicht,וְאַל־,21,False,,
13022014,1,,Und,וְהִנֵּ֨ה,1,False,,
13022014,2,,siehe,וְהִנֵּ֨ה,1,False,,
13022014,3,,in,בְעָנְיִ֜י,2,False,,
13022014,4,,meiner,בְעָנְיִ֜י,2,False,,
13022014,5,,Mühsal,בְעָנְיִ֜י,2,False,,
13022014,6,,habe,הֲכִינ֣וֹתִי,3,False,,
13022014,7,,ich,הֲכִינ֣וֹתִי,3,False,,
13022014,8,,für,לְבֵית־,4,False,,
13022014,9,,das,לְבֵית־,4,True,,
13022014,10,,Haus,לְבֵית־,4,False,,
13022014,11,,Jahwes,יְהוָ֗ה,5,False,,
13022014,12,,100000,מֵֽאָה־,8,False,,
13022014,13,,Talente,כִּכָּרִ֤ים,7,False,,
13022014,14,,Gold,זָהָ֞ב,6,False,,
13022014,15,,und,וְכֶ֗סֶף,10,False,,
13022014,16,,1000000,אֶ֤לֶף,11,False,,
13022014,17,,Talente,כִּכָּרִ֔ים,13,False,,
13022014,18,,Silber,וְכֶ֗סֶף,10,False,,
13022014,19,,bereitet,הֲכִינ֣וֹתִי,3,False,,
13022014,20,,und,וְלַנְּחֹ֤שֶׁת,14,False,,
13022014,21,,das,וְלַנְּחֹ֤שֶׁת,14,True,,
13022014,22,,Erz,וְלַנְּחֹ֤שֶׁת,14,False,,
13022014,23,,und,וְלַבַּרְזֶל֙,15,False,,
13022014,24,,das,וְלַבַּרְזֶל֙,15,True,,
13022014,25,,Eisen,וְלַבַּרְזֶל֙,15,False,,
13022014,26,,ist,אֵ֣ין,16,False,,
13022014,27,,nicht,אֵ֣ין,16,False,,
13022014,28,,zu,מִשְׁקָ֔ל,17,False,,
13022014,29,,wägen,מִשְׁקָ֔ל,17,False,,
13022014,30,,denn,כִּ֥י,18,False,,
13022014,31,,es,הָיָ֑ה,20,False,,
13022014,32,,ist,הָיָ֑ה,20,False,,
13022014,33,,in,לָרֹ֖ב,19,False,,
13022014,34,,Menge,לָרֹ֖ב,19,False,,
13022014,35,,vorhanden,הָיָ֑ה,20,False,,
13022014,36,,auch,וְעֵצִ֤ים,21,False,,
13022014,37,,Holz,וְעֵצִ֤ים,21,False,,
13022014,38,,und,וַאֲבָנִים֙,22,False,,
13022014,39,,Steine,וַאֲבָנִים֙,22,False,,
13022014,40,,habe,הֲכִינ֔וֹתִי,23,False,,
13022014,41,,ich,הֲכִינ֔וֹתִי,23,False,,
13022014,42,,bereitet,הֲכִינ֔וֹתִי,23,False,,
13022014,43,,und,וַעֲלֵיהֶ֖ם,24,False,,
13022014,44,,du,תּוֹסִֽיף׃,25,False,,
13022014,45,,wirst,תּוֹסִֽיף׃,25,False,,
13022014,46,,noch,תּוֹסִֽיף׃,25,False,,
13022014,47,,mehr,תּוֹסִֽיף׃,25,False,,
13022014,48,,hinzufügen,תּוֹסִֽיף׃,25,False,,
13022015,1,,Und,וְעִמְּךָ֤,1,False,,
13022015,2,,Werkleute,עֹשֵׂ֣י,3,False,,
13022015,3,,sind,עֹשֵׂ֣י,3,False,,
13022015,4,,bei,וְעִמְּךָ֤,1,False,,
13022015,5,,dir,וְעִמְּךָ֤,1,False,,
13022015,6,,in,לָרֹב֙,2,False,,
13022015,7,,Menge,לָרֹב֙,2,False,,
13022015,8,,Steinhauer,חֹצְבִ֕ים,5,False,,
13022015,9,,und,וְחָרָשֵׁ֥י,6,False,,
13022015,10,,Arbeiter,וְחָרָשֵׁ֥י,6,False,,
13022015,11,,in,אֶ֖בֶן,7,False,,
13022015,12,,Stein,אֶ֖בֶן,7,False,,
13022015,13,,und,וָעֵ֑ץ,8,False,,
13022015,14,,Holz,וָעֵ֑ץ,8,False,,
13022015,15,,und,וְכָל־,9,False,,
13022015,16,,allerlei,וְכָל־,9,False,,
13022015,17,,Verständige,חָכָ֖ם,10,False,,
13022015,18,,in,בְּכָל־,11,False,,
13022015,19,,allerlei,בְּכָל־,11,False,,
13022015,20,,Arbeit,מְלָאכָֽה׃,12,False,,
13022016,1,,das,לַזָּהָ֥ב,1,True,,
13022016,2,,Gold,לַזָּהָ֥ב,1,False,,
13022016,3,,das,לַכֶּ֛סֶף,2,True,,
13022016,4,,Silber,לַכֶּ֛סֶף,2,False,,
13022016,5,,und,וְלַנְּחֹ֥שֶׁת,3,False,,
13022016,6,,das,וְלַנְּחֹ֥שֶׁת,3,True,,
13022016,7,,Erz,וְלַנְּחֹ֥שֶׁת,3,False,,
13022016,8,,und,וְלַבַּרְזֶ֖ל,4,False,,
13022016,9,,das,וְלַבַּרְזֶ֖ל,4,True,,
13022016,10,,Eisen,וְלַבַּרְזֶ֖ל,4,False,,
13022016,11,,ist,אֵ֣ין,5,False,,
13022016,12,,nicht,אֵ֣ין,5,False,,
13022016,13,,zu,מִסְפָּ֑ר,6,False,,
13022016,14,,zählen,מִסְפָּ֑ר,6,False,,
13022016,15,,Mache,ק֣וּם,7,False,,
13022016,16,,dich,וַעֲשֵׂ֔ה,8,False,,
13022016,17,,auf,וַעֲשֵׂ֔ה,8,False,,
13022016,18,,und,וִיהִ֥י,9,False,,
13022016,19,,handle,וִיהִ֥י,9,False,,
13022016,20,,und,וִיהִ֥י,9,False,,
13022016,21,,Jahwe,יְהוָ֖ה,10,False,,
13022016,22,,sei,וִיהִ֥י,9,False,,
13022016,23,,mit,עִמָּֽךְ׃,11,False,,
13022016,24,,dir,עִמָּֽךְ׃,11,False,,
13022017,1,,Und,וַיְצַ֤ו,1,False,,
13022017,2,,David,דָּוִיד֙,2,False,,
13022017,3,,gebot,וַיְצַ֤ו,1,False,,
13022017,4,,allen,לְכָל־,3,False,,
13022017,5,,Obersten,שָׂרֵ֣י,4,False,,
13022017,6,,Israels,יִשְׂרָאֵ֔ל,5,False,,
13022017,7,,seinem,בְנֽוֹ׃,8,False,,
13022017,8,,Sohne,בְנֽוֹ׃,8,False,,
13022017,9,,Salomo,לִשְׁלֹמֹ֥ה,7,False,,
13022017,10,,beizustehen,לַעְזֹ֖ר,6,False,,
13022018,1,,Ist,הֲלֹ֨א,1,False,,
13022018,2,,nicht,הֲלֹ֨א,1,False,,
13022018,3,,Jahwe,יְהוָ֤ה,2,False,,
13022018,4,,euer,אֱלֹֽהֵיכֶם֙,3,False,,
13022018,5,,Gott,אֱלֹֽהֵיכֶם֙,3,False,,
13022018,6,,mit,עִמָּכֶ֔ם,4,False,,
13022018,7,,euch,עִמָּכֶ֔ם,4,False,,
13022018,8,,und,וְהֵנִ֥יחַ,5,False,,
13022018,9,,hat,וְהֵנִ֥יחַ,5,False,,
13022018,10,,er,וְהֵנִ֥יחַ,5,False,,
13022018,11,,euch,לָכֶ֖ם,6,False,,
13022018,12,,nicht,וְהֵנִ֥יחַ,5,False,,
13022018,13,,Ruhe,וְהֵנִ֥יחַ,5,False,,
13022018,14,,geschafft,וְהֵנִ֥יחַ,5,False,,
13022018,15,,ringsumher,מִסָּבִ֑יב,7,False,,
13022018,16,,Denn,כִּ֣י׀,8,False,,
13022018,17,,er,נָתַ֣ן,9,False,,
13022018,18,,hat,נָתַ֣ן,9,False,,
13022018,19,,die,יֹשְׁבֵ֣י,12,True,,
13022018,20,,Bewohner,יֹשְׁבֵ֣י,12,False,,
13022018,21,,des,הָאָ֔רֶץ,13,False,,
13022018,22,,Landes,הָאָ֔רֶץ,13,False,,
13022018,23,,in,בְּיָדִ֗י,10,False,,
13022018,24,,meine,בְּיָדִ֗י,10,False,,
13022018,25,,Hand,בְּיָדִ֗י,10,False,,
13022018,26,,gegeben,נָתַ֣ן,9,False,,
13022018,27,,und,וְנִכְבְּשָׁ֥ה,14,False,,
13022018,28,,das,הָאָ֛רֶץ,15,True,,
13022018,29,,Land,הָאָ֛רֶץ,15,False,,
13022018,30,,ist,וְנִכְבְּשָׁ֥ה,14,False,,
13022018,31,,unterjocht,וְנִכְבְּשָׁ֥ה,14,False,,
13022018,32,,vor,לִפְנֵ֥י,16,False,,
13022018,33,,Jahwe,יְהוָ֖ה,17,False,,
13022018,34,,und,וְלִפְנֵ֥י,18,False,,
13022018,35,,vor,וְלִפְנֵ֥י,18,False,,
13022018,36,,seinem,עַמּֽוֹ׃,19,False,,
13022018,37,,Volke,עַמּֽוֹ׃,19,False,,
13022019,1,,Richtet,תְּנ֤וּ,2,False,,
13022019,2,,nun,עַתָּ֗ה,1,False,,
13022019,3,,euer,לְבַבְכֶם֙,3,False,,
13022019,4,,Herz,לְבַבְכֶם֙,3,False,,
13022019,5,,und,וְנַפְשְׁכֶ֔ם,4,False,,
13022019,6,,eure,וְנַפְשְׁכֶ֔ם,4,False,,
13022019,7,,Seele,וְנַפְשְׁכֶ֔ם,4,False,,
13022019,8,,darauf,לִדְר֖וֹשׁ,5,False,,
13022019,9,,Jahwe,לַיהוָ֣ה,6,False,,
13022019,10,,euren,אֱלֹהֵיכֶ֑ם,7,False,,
13022019,11,,Gott,אֱלֹהֵיכֶ֑ם,7,False,,
13022019,12,,zu,לִדְר֖וֹשׁ,5,False,,
13022019,13,,suchen,לִדְר֖וֹשׁ,5,False,,
13022019,14,,und,וְק֗וּמוּ,8,False,,
13022019,15,,machet,וְק֗וּמוּ,8,False,,
13022019,16,,euch,וְק֗וּמוּ,8,False,,
13022019,17,,auf,וְק֗וּמוּ,8,False,,
13022019,18,,und,וּבְנוּ֙,9,False,,
13022019,19,,bauet,וּבְנוּ֙,9,False,,
13022019,20,,das,אֶת־,10,True,,
13022019,21,,Heiligtum,מִקְדַּשׁ֙,11,False,,
13022019,22,,Jahwes,יְהוָ֣ה,12,False,,
13022019,23,,Gottes,הָֽאֱלֹהִ֔ים,13,False,,
13022019,24,,daß,לְהָבִ֞יא,14,False,,
13022019,25,,ihr,לְהָבִ֞יא,14,False,,
13022019,26,,die,אֶת־,15,True,,
13022019,27,,Lade,אֲר֣וֹן,16,False,,
13022019,28,,des,בְּרִית־,17,False,,
13022019,29,,Bundes,בְּרִית־,17,False,,
13022019,30,,Jahwes,יְהוָ֗ה,18,False,,
13022019,31,,und,וּכְלֵי֙,19,False,,
13022019,32,,die,וּכְלֵי֙,19,True,,
13022019,33,,Geräte,וּכְלֵי֙,19,False,,
13022019,34,,des,קֹ֣דֶשׁ,20,False,,
13022019,35,,Heiligtums,קֹ֣דֶשׁ,20,False,,
13022019,36,,Gottes,הָֽאֱלֹהִ֔ים,21,False,,
13022019,37,,in,לַבַּ֖יִת,22,False,,
13022019,38,,das,לַבַּ֖יִת,22,True,,
13022019,39,,Haus,לַבַּ֖יִת,22,False,,
13022019,40,,bringet,לְהָבִ֞יא,14,False,,
13022019,41,,welches,הַנִּבְנֶ֥ה,23,False,,
13022019,42,,dem,לְשֵׁם־,24,False,,
13022019,43,,Namen,לְשֵׁם־,24,False,,
13022019,44,,Jahwes,יְהוָֽה׃ פ,25,False,,
13022019,45,,gebaut,הַנִּבְנֶ֥ה,23,False,,
13022019,46,,werden,הַנִּבְנֶ֥ה,23,False,,
13022019,47,,soll,הַנִּבְנֶ֥ה,23,False,,
13023001,1,,Und,וְדָוִ֥יד,1,False,,
13023001,2,,David,וְדָוִ֥יד,1,False,,
13023001,3,,war,זָקֵ֖ן,2,False,,
13023001,4,,alt,זָקֵ֖ן,2,False,,
13023001,5,,und,וְשָׂבַ֣ע,3,False,,
13023001,6,,der,יָמִ֑ים,4,True,,
13023001,7,,Tage,יָמִ֑ים,4,False,,
13023001,8,,satt,וְשָׂבַ֣ע,3,False,,
13023001,9,,und,וַיַּמְלֵ֛ךְ,5,False,,
13023001,10,,er,וַיַּמְלֵ֛ךְ,5,False,,
13023001,11,,machte,וַיַּמְלֵ֛ךְ,5,False,,
13023001,12,,Salomo,שְׁלֹמֹ֥ה,7,False,,
13023001,13,,seinen,בְנ֖וֹ,8,False,,
13023001,14,,Sohn,בְנ֖וֹ,8,False,,
13023001,15,,zum,עַל־,9,False,,
13023001,16,,König,וַיַּמְלֵ֛ךְ,5,False,,
13023001,17,,über,עַל־,9,False,,
13023001,18,,Israel,יִשְׂרָאֵֽל׃,10,False,,
13023002,1,,Und,וַיֶּאֱסֹף֙,1,False,,
13023002,2,,er,וַיֶּאֱסֹף֙,1,False,,
13023002,3,,versammelte,וַיֶּאֱסֹף֙,1,False,,
13023002,4,,alle,כָּל־,3,False,,
13023002,5,,Obersten,שָׂרֵ֣י,4,False,,
13023002,6,,Israels,יִשְׂרָאֵ֔ל,5,False,,
13023002,7,,und,וְהַכֹּהֲנִ֖ים,6,False,,
13023002,8,,die,וְהַכֹּהֲנִ֖ים,6,True,,
13023002,9,,Priester,וְהַכֹּהֲנִ֖ים,6,False,,
13023002,10,,und,וְהַלְוִיִּֽם׃,7,False,,
13023002,11,,die,וְהַלְוִיִּֽם׃,7,True,,
13023002,12,,Leviten,וְהַלְוִיִּֽם׃,7,False,,
13023003,1,,Und,וַיִּסָּֽפְרוּ֙,1,False,,
13023003,2,,die,הַלְוִיִּ֔ם,2,True,,
13023003,3,,Leviten,הַלְוִיִּ֔ם,2,False,,
13023003,4,,wurden,וַיִּסָּֽפְרוּ֙,1,False,,
13023003,5,,gezählt,וַיִּסָּֽפְרוּ֙,1,False,,
13023003,6,,von,מִבֶּ֛ן,3,False,,
13023003,7,,dreißig,שְׁלֹשִׁ֥ים,4,False,,
13023003,8,,Jahren,שָׁנָ֖ה,5,False,,
13023003,9,,an,וָמָ֑עְלָה,6,False,,
13023003,10,,und,וָמָ֑עְלָה,6,False,,
13023003,11,,darüber,וָמָ֑עְלָה,6,False,,
13023003,12,,und,מִסְפָּרָ֤ם,8,False,,
13023003,13,,ihre,מִסְפָּרָ֤ם,8,False,,
13023003,14,,Zahl,מִסְפָּרָ֤ם,8,False,,
13023003,15,,war,וַיְהִ֨י,7,False,,
13023003,16,,Kopf,לְגֻלְגְּלֹתָם֙,9,False,,
13023003,17,,für,לִגְבָרִ֔ים,10,False,,
13023003,18,,Kopf,לִגְבָרִ֔ים,10,False,,
13023003,19,,an,לִגְבָרִ֔ים,10,False,,
13023003,20,,Männern,לִגְבָרִ֔ים,10,False,,
13023003,21,,38000,שְׁלֹשִׁ֥ים,11,False,,
13023004,1,,Von,מֵאֵ֗לֶּה,1,False,,
13023004,2,,diesen,מֵאֵ֗לֶּה,1,False,,
13023004,3,,sprach,מֵאֵ֗לֶּה,1,False,,
13023004,4,,David,מֵאֵ֗לֶּה,1,False,,
13023004,5,,sollen,לְנַצֵּ֙חַ֙,2,False,,
13023004,6,,24000,עֶשְׂרִ֥ים,7,False,,
13023004,7,,die,לְנַצֵּ֙חַ֙,2,True,,
13023004,8,,Aufsicht,לְנַצֵּ֙חַ֙,2,False,,
13023004,9,,über,עַל־,3,False,,
13023004,10,,das,מְלֶ֣אכֶת,4,True,,
13023004,11,,Werk,מְלֶ֣אכֶת,4,False,,
13023004,12,,des,בֵּית־,5,False,,
13023004,13,,Hauses,בֵּית־,5,False,,
13023004,14,,Jahwes,יְהוָ֔ה,6,False,,
13023004,15,,führen,לְנַצֵּ֙חַ֙,2,False,,
13023004,16,,und,וְשֹׁטְרִ֥ים,10,False,,
13023004,17,,6000,שֵׁ֥שֶׁת,12,False,,
13023004,18,,sollen,וְשֹׁטְרִ֥ים,10,False,,
13023004,19,,Vorsteher,וְשֹׁטְרִ֥ים,10,False,,
13023004,20,,und,וְשֹׁפְטִ֖ים,11,False,,
13023004,21,,Richter,וְשֹׁפְטִ֖ים,11,False,,
13023004,22,,sein,וְשֹׁטְרִ֥ים,10,False,,
13023005,1,,und,וְאַרְבַּ֥עַת,1,False,,
13023005,2,,4000,וְאַרְבַּ֥עַת,1,False,,
13023005,3,,Torhüter,שֹׁעֲרִ֑ים,3,False,,
13023005,4,,und,וְאַרְבַּ֤עַת,4,False,,
13023005,5,,4000,אֲלָפִים֙,5,False,,
13023005,6,,welche,אֲשֶׁ֥ר,9,False,,
13023005,7,,Jahwe,לַיהוָ֔ה,7,False,,
13023005,8,,loben,מְהַֽלְלִ֣ים,6,False,,
13023005,9,,mit,בַּכֵּלִ֕ים,8,False,,
13023005,10,,den,בַּכֵּלִ֕ים,8,True,,
13023005,11,,Instrumenten,בַּכֵּלִ֕ים,8,False,,
13023005,12,,die,אֲשֶׁ֥ר,9,True,,
13023005,13,,ich,עָשִׂ֖יתִי,10,False,,
13023005,14,,gemacht,עָשִׂ֖יתִי,10,False,,
13023005,15,,habe,עָשִׂ֖יתִי,10,False,,
13023005,16,,um,לְהַלֵּֽל׃,11,False,,
13023005,17,,zu,לְהַלֵּֽל׃,11,False,,
13023005,18,,loben,לְהַלֵּֽל׃,11,False,,
13023006,1,,Und,וַיֶּֽחָלְקֵ֥ם,1,False,,
13023006,2,,David,דָּוִ֖יד,2,False,,
13023006,3,,teilte,וַיֶּֽחָלְקֵ֥ם,1,False,,
13023006,4,,sie,וַיֶּֽחָלְקֵ֥ם,1,False,,
13023006,5,,in,מַחְלְק֑וֹת ס,3,False,,
13023006,6,,Abteilungen,מַחְלְק֑וֹת ס,3,False,,
13023006,7,,nach,לִבְנֵ֣י,4,False,,
13023006,8,,den,לִבְנֵ֣י,4,True,,
13023006,9,,Söhnen,לִבְנֵ֣י,4,False,,
13023006,10,,Levis,לֵוִ֔י,5,False,,
13023006,11,,nach,לְגֵרְשׁ֖וֹן,6,False,,
13023006,12,,Gerson,לְגֵרְשׁ֖וֹן,6,False,,
13023006,13,,Kehath,קְהָ֥ת,7,False,,
13023006,14,,und,וּמְרָרִֽי׃ ס,8,False,,
13023006,15,,Merari,וּמְרָרִֽי׃ ס,8,False,,
13023007,1,,Von,לַגֵּרְשֻׁנִּ֖י,1,False,,
13023007,2,,den,לַגֵּרְשֻׁנִּ֖י,1,True,,
13023007,3,,Gersonitern,לַגֵּרְשֻׁנִּ֖י,1,False,,
13023007,4,,Ladan,לַעְדָּ֥ן,2,False,,
13023007,5,,und,וְשִׁמְעִֽי׃ ס,3,False,,
13023007,6,,Simei,וְשִׁמְעִֽי׃ ס,3,False,,
13023008,1,,Die,בְּנֵ֣י,1,True,,
13023008,2,,Söhne,בְּנֵ֣י,1,False,,
13023008,3,,Ladans,לַעְדָּ֗ן,2,False,,
13023008,4,,das,הָרֹ֧אשׁ,3,True,,
13023008,5,,Haupt,הָרֹ֧אשׁ,3,False,,
13023008,6,,Jechiel,יְחִיאֵ֛ל,4,False,,
13023008,7,,und,וְזֵתָ֥ם,5,False,,
13023008,8,,Setham,וְזֵתָ֥ם,5,False,,
13023008,9,,und,וְיוֹאֵ֖ל,6,False,,
13023008,10,,Joel,וְיוֹאֵ֖ל,6,False,,
13023008,11,,drei,שְׁלֹשָֽׁה׃ ס,7,False,,
13023009,1,,Die,בְּנֵ֣י,1,True,,
13023009,2,,Söhne,בְּנֵ֣י,1,False,,
13023009,3,,Simeis,שִׁמְעִ֗י,2,False,,
13023009,4,,Schelomith,שְׁלוֹמִ֧ית,3,False,,
13023009,5,,und,וַחֲזִיאֵ֛ל,4,False,,
13023009,6,,Hasiel,וַחֲזִיאֵ֛ל,4,False,,
13023009,7,,und,וְהָרָ֖ן,5,False,,
13023009,8,,Haran,וְהָרָ֖ן,5,False,,
13023009,9,,drei,שְׁלֹשָׁ֑ה,6,False,,
13023009,10,,Diese,אֵ֛לֶּה,7,False,,
13023009,11,,waren,אֵ֛לֶּה,7,False,,
13023009,12,,die,רָאשֵׁ֥י,8,True,,
13023009,13,,Häupter,רָאשֵׁ֥י,8,False,,
13023009,14,,der,הָאָב֖וֹת,9,True,,
13023009,15,,Väter,הָאָב֖וֹת,9,False,,
13023009,16,,von,לְלַעְדָּֽן׃ ס,10,False,,
13023009,17,,Ladan,לְלַעְדָּֽן׃ ס,10,False,,
13023010,1,,Und,וּבְנֵ֣י,1,False,,
13023010,2,,die,וּבְנֵ֣י,1,True,,
13023010,3,,Söhne,וּבְנֵ֣י,1,False,,
13023010,4,,Simeis,שִׁמְעִ֔י,2,False,,
13023010,5,,Jachath,יַ֣חַת,3,False,,
13023010,6,,Sina,זִינָ֔א,4,False,,
13023010,7,,und,וִיע֖וּשׁ,5,False,,
13023010,8,,Jeghusch,וִיע֖וּשׁ,5,False,,
13023010,9,,und,וּבְרִיעָ֑ה,6,False,,
13023010,10,,Beria,וּבְרִיעָ֑ה,6,False,,
13023010,11,,das,אֵ֥לֶּה,7,False,,
13023010,12,,waren,אֵ֥לֶּה,7,False,,
13023010,13,,die,בְנֵי־,8,True,,
13023010,14,,Söhne,בְנֵי־,8,False,,
13023010,15,,Simeis,שִׁמְעִ֖י,9,False,,
13023010,16,,vier,אַרְבָּעָֽה׃,10,False,,
13023011,1,,Und,וַֽיְהִי־,1,False,,
13023011,2,,Jachath,יַ֣חַת,2,False,,
13023011,3,,war,וַֽיְהִי־,1,False,,
13023011,4,,das,הָרֹ֔אשׁ,3,True,,
13023011,5,,Haupt,הָרֹ֔אשׁ,3,False,,
13023011,6,,und,וְזִיזָ֖ה,4,False,,
13023011,7,,Sina,וְזִיזָ֖ה,4,False,,
13023011,8,,der,הַשֵּׁנִ֑י,5,True,,
13023011,9,,zweite,הַשֵּׁנִ֑י,5,False,,
13023011,10,,und,וִיע֤וּשׁ,6,False,,
13023011,11,,Jeghusch,וִיע֤וּשׁ,6,False,,
13023011,12,,und,וּבְרִיעָה֙,7,False,,
13023011,13,,Beria,וּבְרִיעָה֙,7,False,,
13023011,14,,hatten,הִרְבּ֣וּ,9,False,,
13023011,15,,nicht,לֹֽא־,8,False,,
13023011,16,,viele,הִרְבּ֣וּ,9,False,,
13023011,17,,Söhne,בָנִ֔ים,10,False,,
13023011,18,,und,וַיִּֽהְיוּ֙,11,False,,
13023011,19,,so,וַיִּֽהְיוּ֙,11,True,,
13023011,20,,bildeten,וַיִּֽהְיוּ֙,11,False,,
13023011,21,,sie,וַיִּֽהְיוּ֙,11,False,,
13023011,22,,ein,לְבֵ֣ית,12,True,,
13023011,23,haus,Vaterhaus,לְבֵ֣ית,12,False,,
13023011,24,2,eine,לִפְקֻדָּ֖ה,14,True,,
13023011,25,,Zählung,לִפְקֻדָּ֖ה,14,False,,
13023012,1,,Die,בְּנֵ֣י,1,True,,
13023012,2,,Söhne,בְּנֵ֣י,1,False,,
13023012,3,,Kehaths,קְהָ֗ת,2,False,,
13023012,4,,Amram,עַמְרָ֥ם,3,False,,
13023012,5,,Jizhar,יִצְהָ֛ר,4,False,,
13023012,6,,Hebron,חֶבְר֥וֹן,5,False,,
13023012,7,,und,וְעֻזִּיאֵ֖ל,6,False,,
13023012,8,,Ussiel,וְעֻזִּיאֵ֖ל,6,False,,
13023012,9,,vier,אַרְבָּעָֽה׃ ס,7,False,,
13023013,1,,Die,בְּנֵ֥י,1,True,,
13023013,2,,Söhne,בְּנֵ֥י,1,False,,
13023013,3,,Amrams,עַמְרָ֖ם,2,False,,
13023013,4,,Aaron,אַהֲרֹ֣ן,3,False,,
13023013,5,,und,וּמֹשֶׁ֑ה,4,False,,
13023013,6,,Mose,וּמֹשֶׁ֑ה,4,False,,
13023013,7,,Und,וַיִּבָּדֵ֣ל,5,False,,
13023013,8,,Aaron,אַהֲרֹ֡ן,6,False,,
13023013,9,,wurde,וַיִּבָּדֵ֣ל,5,False,,
13023013,10,,abgesondert,וַיִּבָּדֵ֣ל,5,False,,
13023013,11,,daß,לְֽהַקְדִּישׁוֹ֩,7,False,,
13023013,12,,er,לְֽהַקְדִּישׁוֹ֩,7,False,,
13023013,13,,als,לְֽהַקְדִּישׁוֹ֩,7,False,,
13023013,14,,hochheilig,קֹ֨דֶשׁ,8,False,,
13023013,15,,geheiligt,לְֽהַקְדִּישׁוֹ֩,7,False,,
13023013,16,,würde,וַיִּבָּדֵ֣ל,5,False,,
13023013,17,,er,הֽוּא־,10,False,,
13023013,18,,und,וּבָנָיו֙,11,False,,
13023013,19,,seine,וּבָנָיו֙,11,True,,
13023013,20,,Söhne,וּבָנָיו֙,11,False,,
13023013,21,,auf,עַד־,12,False,,
13023013,22,,ewig,עוֹלָ֔ם,13,False,,
13023013,23,,um,לְהַקְטִיר֩,14,False,,
13023013,24,,vor,לִפְנֵ֨י,15,False,,
13023013,25,,Jahwe,יְהוָ֧ה,16,False,,
13023013,26,,zu,לְהַקְטִיר֩,14,False,,
13023013,27,,räuchern,לְהַקְטִיר֩,14,False,,
13023013,28,,ihm,לְשָׁרְת֛וֹ,17,False,,
13023013,29,,zu,לְשָׁרְת֛וֹ,17,False,,
13023013,30,,dienen,לְשָׁרְת֛וֹ,17,False,,
13023013,31,,und,וּלְבָרֵ֥ךְ,18,False,,
13023013,32,,in,בִּשְׁמ֖וֹ,19,False,,
13023013,33,,seinem,בִּשְׁמ֖וֹ,19,False,,
13023013,34,,Namen,בִּשְׁמ֖וֹ,19,False,,
13023013,35,,zu,וּלְבָרֵ֥ךְ,18,False,,
13023013,36,,segnen,וּלְבָרֵ֥ךְ,18,False,,
13023013,37,,ewiglich,עוֹלָֽם׃,21,False,,
13023014,1,,Und,וּמֹשֶׁ֖ה,1,False,,
13023014,2,,was,וּמֹשֶׁ֖ה,1,False,,
13023014,3,,Mose,וּמֹשֶׁ֖ה,1,False,,
13023014,4,,den,אִ֣ישׁ,2,True,,
13023014,5,,Mann,אִ֣ישׁ,2,False,,
13023014,6,,Gottes,הָאֱלֹהִ֑ים,3,False,,
13023014,7,,betrifft,יִקָּרְא֖וּ,5,False,,
13023014,8,,so,בָּנָ֕יו,4,False,,
13023014,9,,wurden,יִקָּרְא֖וּ,5,False,,
13023014,10,,seine,בָּנָ֕יו,4,False,,
13023014,11,,Söhne,בָּנָ֕יו,4,False,,
13023014,12,,nach,עַל־,6,False,,
13023014,13,,dem,שֵׁ֥בֶט,7,False,,
13023014,14,,Stamme,שֵׁ֥בֶט,7,False,,
13023014,15,,Levi,הַלֵּוִֽי׃,8,False,,
13023014,16,,genannt,יִקָּרְא֖וּ,5,False,,
13023015,1,,Die,בְּנֵ֣י,1,True,,
13023015,2,,Söhne,בְּנֵ֣י,1,False,,
13023015,3,,Moses,מֹשֶׁ֔ה,2,False,,
13023015,4,,Gersom,גֵּרְשֹׁ֖ם,3,False,,
13023015,5,,und,וֶאֱלִיעֶֽזֶר׃,4,False,,
13023015,6,,Elieser,וֶאֱלִיעֶֽזֶר׃,4,False,,
13023016,1,,die,בְּנֵ֥י,1,True,,
13023016,2,,Söhne,בְּנֵ֥י,1,False,,
13023016,3,,Gersoms,גֵרְשׁ֖וֹם,2,False,,
13023016,4,,Schebuel,שְׁבוּאֵ֥ל,3,False,,
13023016,5,,das,הָרֹֽאשׁ׃,4,False,,
13023016,6,,Haupt,הָרֹֽאשׁ׃,4,False,,
13023017,1,,Und,וַיִּֽהְי֥וּ,1,True,,
13023017,2,,die,בְנֵי־,2,True,,
13023017,3,,Söhne,בְנֵי־,2,False,,
13023017,4,,Eliesers,אֱלִיעֶ֖זֶר,3,False,,
13023017,5,,waren,וַיִּֽהְי֥וּ,1,False,,
13023017,6,,Rechabja,רְחַבְיָ֣ה,4,False,,
13023017,7,,das,הָרֹ֑אשׁ,5,False,,
13023017,8,,Haupt,הָרֹ֑אשׁ,5,False,,
13023017,9,,und,וְלֹא־,6,False,,
13023017,10,,Elieser,לֶאֱלִיעֶ֙זֶר֙,8,False,,
13023017,11,,hatte,הָיָ֤ה,7,False,,
13023017,12,,keine,וְלֹא־,6,False,,
13023017,13,,anderen,אֲחֵרִ֔ים,10,False,,
13023017,14,,Söhne,בָּנִ֣ים,9,False,,
13023017,15,,aber,וּבְנֵ֥י,11,False,,
13023017,16,,die,וּבְנֵ֥י,11,True,,
13023017,17,,Söhne,וּבְנֵ֥י,11,False,,
13023017,18,,Rechabjas,רְחַבְיָ֖ה,12,False,,
13023017,19,,waren,רָב֥וּ,13,False,,
13023017,20,,überaus,לְמָֽעְלָה׃,14,False,,
13023017,21,,zahlreich,לְמָֽעְלָה׃,14,False,,
13023018,1,,Die,בְּנֵ֥י,1,True,,
13023018,2,,Söhne,בְּנֵ֥י,1,False,,
13023018,3,,Jizhars,יִצְהָ֖ר,2,False,,
13023018,4,,Schelomith,שְׁלֹמִ֥ית,3,False,,
13023018,5,,das,הָרֹֽאשׁ׃ ס,4,False,,
13023018,6,,Haupt,הָרֹֽאשׁ׃ ס,4,False,,
13023019,1,,Die,בְּנֵ֖י,1,True,,
13023019,2,,Söhne,בְּנֵ֖י,1,False,,
13023019,3,,Hebrons,חֶבְר֑וֹן,2,False,,
13023019,4,,Jerija,יְרִיָּ֤הוּ,3,False,,
13023019,5,,das,הָרֹאשׁ֙,4,False,,
13023019,6,,Haupt,הָרֹאשׁ֙,4,False,,
13023019,7,,Amarja,אֲמַרְיָ֣ה,5,False,,
13023019,8,,der,הַשֵּׁנִ֔י,6,False,,
13023019,9,,zweite,הַשֵּׁנִ֔י,6,False,,
13023019,10,,Jachasiel,יַחֲזִיאֵל֙,7,False,,
13023019,11,,der,הַשְּׁלִישִׁ֔י,8,False,,
13023019,12,,dritte,הַשְּׁלִישִׁ֔י,8,False,,
13023019,13,,und,וִֽיקַמְעָ֖ם,9,False,,
13023019,14,,Jekamam,וִֽיקַמְעָ֖ם,9,False,,
13023019,15,,der,הָרְבִיעִֽי׃,10,False,,
13023019,16,,vierte,הָרְבִיעִֽי׃,10,False,,
13023020,1,,Die,בְּנֵ֖י,1,True,,
13023020,2,,Söhne,בְּנֵ֖י,1,False,,
13023020,3,,Ussiels,עֻזִּיאֵ֑ל,2,False,,
13023020,4,,Micha,מִיכָ֣ה,3,False,,
13023020,5,,das,הָרֹ֔אשׁ,4,False,,
13023020,6,,Haupt,הָרֹ֔אשׁ,4,False,,
13023020,7,,und,וְיִשִּׁיָּ֖ה,5,False,,
13023020,8,,Jischija,וְיִשִּׁיָּ֖ה,5,False,,
13023020,9,,der,הַשֵּׁנִֽי׃ ס,6,False,,
13023020,10,,zweite,הַשֵּׁנִֽי׃ ס,6,False,,
13023021,1,,Die,בְּנֵ֤י,1,True,,
13023021,2,,Söhne,בְּנֵ֤י,1,False,,
13023021,3,,Meraris,מְרָרִי֙,2,False,,
13023021,4,,Machli,מַחְלִ֣י,3,False,,
13023021,5,,und,וּמוּשִׁ֔י,4,False,,
13023021,6,,Musi,וּמוּשִׁ֔י,4,False,,
13023021,7,,Die,בְּנֵ֥י,5,True,,
13023021,8,,Söhne,בְּנֵ֥י,5,False,,
13023021,9,,Machlis,מַחְלִ֖י,6,False,,
13023021,10,,Eleasar,אֶלְעָזָ֥ר,7,False,,
13023021,11,,und,וְקִֽישׁ׃,8,False,,
13023021,12,,Kis,וְקִֽישׁ׃,8,False,,
13023022,1,,Und,וַיָּ֙מָת֙,1,False,,
13023022,2,,Eleasar,אֶלְעָזָ֔ר,2,False,,
13023022,3,,starb,וַיָּ֙מָת֙,1,False,,
13023022,4,,und,וְלֹא־,3,False,,
13023022,5,,er,ל֛וֹ,5,False,,
13023022,6,,hatte,הָ֥יוּ,4,False,,
13023022,7,,keine,וְלֹא־,3,False,,
13023022,8,,Söhne,בָּנִ֖ים,6,False,,
13023022,9,,sondern,כִּ֣י,7,False,,
13023022,10,,nur,אִם־,8,False,,
13023022,11,,Töchter,בָּנ֑וֹת,9,False,,
13023022,12,,und,וַיִּשָּׂא֥וּם,10,False,,
13023022,13,,die,בְּנֵי־,11,True,,
13023022,14,,Söhne,בְּנֵי־,11,False,,
13023022,15,,Kis,קִ֖ישׁ,12,False,,
13023022,16,,ihre,אֲחֵיהֶֽם׃,13,False,,
13023022,17,,Brüder,אֲחֵיהֶֽם׃,13,False,,
13023022,18,,nahmen,וַיִּשָּׂא֥וּם,10,False,,
13023022,19,,sie,וַיִּשָּׂא֥וּם,10,False,,
13023022,20,,zu,וַיִּשָּׂא֥וּם,10,False,,
13023022,21,,Weibern,וַיִּשָּׂא֥וּם,10,False,,
13023023,1,,Die,בְּנֵ֣י,1,True,,
13023023,2,,Söhne,בְּנֵ֣י,1,False,,
13023023,3,,Musis,מוּשִׁ֗י,2,False,,
13023023,4,,Machli,מַחְלִ֥י,3,False,,
13023023,5,,und,וְעֵ֛דֶר,4,False,,
13023023,6,,Eder,וְעֵ֛דֶר,4,False,,
13023023,7,,und,וִירֵמ֖וֹת,5,False,,
13023023,8,,Jeremoth,וִירֵמ֖וֹת,5,False,,
13023023,9,,drei,שְׁלֹשָֽׁה׃,6,False,,
13023024,1,,Das,אֵ֣לֶּה,1,False,,
13023024,2,,waren,אֵ֣לֶּה,1,False,,
13023024,3,,die,בְנֵֽי־,2,True,,
13023024,4,,Söhne,בְנֵֽי־,2,False,,
13023024,5,,Levis,לֵוִי֩,3,False,,
13023024,6,,nach,לְבֵ֨ית,4,False,,
13023024,7,,ihren,אֲבֹתֵיהֶ֜ם,5,False,,
13023024,8,,Vaterhäusern,אֲבֹתֵיהֶ֜ם,5,False,,
13023024,9,,Häupter,רָאשֵׁ֧י,6,False,,
13023024,10,,der,הָאָב֣וֹת,7,False,,
13023024,11,,Väter,הָאָב֣וֹת,7,False,,
13023024,12,,wie,לִפְקוּדֵיהֶ֗ם,8,False,,
13023024,13,,sie,לִפְקוּדֵיהֶ֗ם,8,False,,
13023024,14,,gemustert,לִפְקוּדֵיהֶ֗ם,8,False,,
13023024,15,,wurden,לִפְקוּדֵיהֶ֗ם,8,False,,
13023024,16,,nach,בְּמִסְפַּ֤ר,9,False,,
13023024,17,,der,בְּמִסְפַּ֤ר,9,False,,
13023024,18,,Zahl,בְּמִסְפַּ֤ר,9,False,,
13023024,19,,der,שֵׁמוֹת֙,10,False,,
13023024,20,,Namen,שֵׁמוֹת֙,10,False,,
13023024,21,,Kopf,לְגֻלְגְּלֹתָ֔ם,11,False,,
13023024,22,,für,לְגֻלְגְּלֹתָ֔ם,11,False,,
13023024,23,,Kopf,לְגֻלְגְּלֹתָ֔ם,11,False,,
13023024,24,,welche,עֹשֵׂה֙,12,False,,
13023024,25,,das,הַמְּלָאכָ֔ה,13,False,,
13023024,26,,Werk,הַמְּלָאכָ֔ה,13,False,,
13023024,27,,taten,עֹשֵׂה֙,12,False,,
13023024,28,,für,לַעֲבֹדַ֖ת,14,False,,
13023024,29,,den,לַעֲבֹדַ֖ת,14,False,,
13023024,30,,Dienst,לַעֲבֹדַ֖ת,14,False,,
13023024,31,,des,יְהוָ֑ה,16,False,,
13023024,32,,Hauses,בֵּ֣ית,15,False,,
13023024,33,,Jahwes,יְהוָ֑ה,16,False,,
13023024,34,,von,מִבֶּ֛ן,17,False,,
13023024,35,,zwanzig,עֶשְׂרִ֥ים,18,False,,
13023024,36,,Jahren,שָׁנָ֖ה,19,False,,
13023024,37,,an,וָמָֽעְלָה׃,20,False,,
13023024,38,,und,וָמָֽעְלָה׃,20,False,,
13023024,39,,darüber,וָמָֽעְלָה׃,20,False,,
13023025,1,,Denn,כִּ֚י,1,False,,
13023025,2,,David,דָּוִ֔יד,3,False,,
13023025,3,,sprach,אָמַ֣ר,2,False,,
13023025,4,,Jahwe,יְהוָ֥ה,5,False,,
13023025,5,,der,אֱלֹהֵֽי־,6,True,,
13023025,6,,Gott,אֱלֹהֵֽי־,6,False,,
13023025,7,,Israels,יִשְׂרָאֵ֖ל,7,False,,
13023025,8,,hat,הֵנִ֛יחַ,4,False,,
13023025,9,,seinem,לְעַמּ֑וֹ,8,False,,
13023025,10,,Volke,לְעַמּ֑וֹ,8,False,,
13023025,11,,Ruhe,הֵנִ֛יחַ,4,False,,
13023025,12,,geschafft,הֵנִ֛יחַ,4,False,,
13023025,13,,und,וַיִּשְׁכֹּ֥ן,9,False,,
13023025,14,,er,וַיִּשְׁכֹּ֥ן,9,True,,
13023025,15,,wohnt,וַיִּשְׁכֹּ֥ן,9,False,,
13023025,16,,in,בִּירוּשָׁלִַ֖ם,10,False,,
13023025,17,,Jerusalem,בִּירוּשָׁלִַ֖ם,10,False,,
13023025,18,,auf,עַד־,11,False,,
13023025,19,,ewig,לְעוֹלָֽם׃,12,False,,
13023026,1,,so,וְגַ֖ם,1,False,,
13023026,2,,haben,אֵין־,3,False,,
13023026,3,,auch,וְגַ֖ם,1,False,,
13023026,4,,die,לַלְוִיִּ֑ם,2,True,,
13023026,5,,Leviten,לַלְוִיִּ֑ם,2,False,,
13023026,6,,die,אֶת־,5,True,,
13023026,7,,Wohnung,הַמִּשְׁכָּ֛ן,6,False,,
13023026,8,,und,וְאֶת־,7,False,,
13023026,9,,alle,כָּל־,8,False,,
13023026,10,,ihre,כֵּלָ֖יו,9,False,,
13023026,11,,Geräte,כֵּלָ֖יו,9,False,,
13023026,12,,zu,לָשֵׂ֧את,4,False,,
13023026,13,,ihrem,לַעֲבֹדָתֽוֹ׃,10,False,,
13023026,14,,Dienste,לַעֲבֹדָתֽוֹ׃,10,False,,
13023026,15,,nicht,אֵין־,3,False,,
13023026,16,,mehr,אֵין־,3,False,,
13023026,17,,zu,לָשֵׂ֧את,4,False,,
13023026,18,,tragen,לָשֵׂ֧את,4,False,,
13023027,1,,Denn,כִּ֣י,1,False,,
13023027,2,,nach,בְדִבְרֵ֤י,2,False,,
13023027,3,,den,בְדִבְרֵ֤י,2,True,,
13023027,4,,letzten,הָאַ֣חֲרֹנִ֔ים,4,False,,
13023027,5,,Worten,בְדִבְרֵ֤י,2,False,,
13023027,6,,Davids,דָוִיד֙,3,False,,
13023027,7,,wurden,הֵ֖מָּה,5,False,,
13023027,8,,von,מִסְפַּ֣ר,6,False,,
13023027,9,,den,בְּנֵי־,7,True,,
13023027,10,,Söhnen,בְּנֵי־,7,False,,
13023027,11,,Levis,לֵוִ֑י,8,False,,
13023027,12,,diejenigen,הֵ֖מָּה,5,False,,
13023027,13,,von,מִבֶּ֛ן,9,False,,
13023027,14,,zwanzig,עֶשְׂרִ֥ים,10,False,,
13023027,15,,Jahren,שָׁנָ֖ה,11,False,,
13023027,16,,an,וּלְמָֽעְלָה׃,12,False,,
13023027,17,,und,וּלְמָֽעְלָה׃,12,False,,
13023027,18,,darüber,וּלְמָֽעְלָה׃,12,False,,
13023027,19,,gezählt,מִסְפַּ֣ר,6,False,,
13023028,1,,Denn,כִּ֣י,1,False,,
13023028,2,,ihre,מַעֲמָדָ֞ם,2,False,,
13023028,3,,Stelle,מַעֲמָדָ֞ם,2,False,,
13023028,4,,war,מַעֲמָדָ֞ם,2,False,,
13023028,5,,zur,לְיַד־,3,False,,
13023028,6,,Seite,לְיַד־,3,False,,
13023028,7,,der,בְּנֵ֣י,4,True,,
13023028,8,,Söhne,בְּנֵ֣י,4,False,,
13023028,9,,Aarons,אַהֲרֹ֗ן,5,False,,
13023028,10,,für,לַעֲבֹדַת֙,6,False,,
13023028,11,,den,בֵּ֣ית,7,True,,
13023028,12,,Dienst,לַעֲבֹדַת֙,6,False,,
13023028,13,,des,בֵּ֣ית,7,False,,
13023028,14,,Hauses,בֵּ֣ית,7,False,,
13023028,15,,Jahwes,יְהוָ֔ה,8,False,,
13023028,16,,betreffs,עַל־,9,False,,
13023028,17,,der,הַחֲצֵרוֹת֙,10,True,,
13023028,18,,Vorhöfe,הַחֲצֵרוֹת֙,10,False,,
13023028,19,,und,וְעַל־,11,False,,
13023028,20,,der,הַלְּשָׁכ֔וֹת,12,True,,
13023028,21,,Zellen,הַלְּשָׁכ֔וֹת,12,False,,
13023028,22,,und,וְעַֽל־,13,False,,
13023028,23,,der,טָהֳרַ֖ת,14,True,,
13023028,24,,Reinigung,טָהֳרַ֖ת,14,False,,
13023028,25,,alles,לְכָל־,15,False,,
13023028,26,,Heiligen,קֹ֑דֶשׁ,16,False,,
13023028,27,,und,וּמַֽעֲשֵׂ֔ה,17,False,,
13023028,28,,betreffs,וּמַֽעֲשֵׂ֔ה,17,False,,
13023028,29,,des,בֵּ֥ית,19,True,,
13023028,30,,Werkes,וּמַֽעֲשֵׂ֔ה,17,False,,
13023028,31,,des,בֵּ֥ית,19,True,,
13023028,32,,Dienstes,עֲבֹדַ֖ת,18,False,,
13023028,33,,des,בֵּ֥ית,19,True,,
13023028,34,,Hauses,בֵּ֥ית,19,False,,
13023028,35,,Gottes,הָאֱלֹהִֽים׃,20,False,,
13023029,1,,für,וּלְלֶ֨חֶם,1,False,,
13023029,2,,das,הַֽמַּעֲרֶ֜כֶת,2,True,,
13023029,3,,Schichtbrot,הַֽמַּעֲרֶ֜כֶת,2,False,,
13023029,4,,und,וּלְסֹ֤לֶת,3,False,,
13023029,5,,für,וּלְסֹ֤לֶת,3,False,,
13023029,6,,das,וּלְסֹ֤לֶת,3,True,,
13023029,7,,Feinmehl,וּלְסֹ֤לֶת,3,False,,
13023029,8,,zum,לְמִנְחָה֙,4,False,,
13023029,9,,Speisopfer,לְמִנְחָה֙,4,False,,
13023029,10,,und,וְלִרְקִיקֵ֣י,5,False,,
13023029,11,,für,וְלִרְקִיקֵ֣י,5,False,,
13023029,12,,die,הַמַּצּ֔וֹת,6,True,,
13023029,13,,ungesäuerten,הַמַּצּ֔וֹת,6,False,,
13023029,14,,Fladen,הַמַּצּ֔וֹת,6,False,,
13023029,15,,und,וְלַֽמַּחֲבַ֖ת,7,False,,
13023029,16,,für,וְלַֽמַּחֲבַ֖ת,7,False,,
13023029,17,,die,וְלַֽמַּחֲבַ֖ת,7,True,,
13023029,18,,Pfanne,וְלַֽמַּחֲבַ֖ת,7,False,,
13023029,19,,und,וְלַמֻּרְבָּ֑כֶת,8,False,,
13023029,20,,für,וְלַמֻּרְבָּ֑כֶת,8,False,,
13023029,21,,das,וְלַמֻּרְבָּ֑כֶת,8,True,,
13023029,22,,Eingerührte,וְלַמֻּרְבָּ֑כֶת,8,False,,
13023029,23,,und,וּלְכָל־,9,False,,
13023029,24,,für,וּלְכָל־,9,False,,
13023029,25,,alles,וּלְכָל־,9,False,,
13023029,26,,Hohl,מְשׂוּרָ֖ה,10,False,,
13023029,27,,und,וּמִדָּֽה׃,11,False,,
13023029,28,,Längenmaß,וּמִדָּֽה׃,11,False,,
13023030,1,,und,וְלַעֲמֹד֙,1,False,,
13023030,2,,damit,וְכֵ֖ן,7,False,,
13023030,3,,sie,וְלַעֲמֹד֙,1,True,,
13023030,4,,Morgen,בַּבֹּ֣קֶר,2,False,,
13023030,5,,für,בַּבֹּ֣קֶר,2,False,,
13023030,6,,Morgen,בַּבֹּ֔קֶר,3,False,,
13023030,7,,hinträten,וְלַעֲמֹד֙,1,False,,
13023030,8,,um,לְהֹד֥וֹת,4,False,,
13023030,9,,Jahwe,לַיהוָ֑ה,6,False,,
13023030,10,,zu,לְהֹד֥וֹת,4,False,,
13023030,11,,preisen,לְהֹד֥וֹת,4,False,,
13023030,12,,und,וּלְהַלֵּ֖ל,5,False,,
13023030,13,,zu,וּלְהַלֵּ֖ל,5,False,,
13023030,14,,loben,וּלְהַלֵּ֖ל,5,False,,
13023030,15,,und,וְכֵ֖ן,7,False,,
13023030,16,,ebenso,וְכֵ֖ן,7,False,,
13023030,17,,am,לָעָֽרֶב׃,8,False,,
13023030,18,,Abend,לָעָֽרֶב׃,8,False,,
13023031,1,,und,וּלְכֹ֨ל,1,False,,
13023031,2,,um,הַעֲל֤וֹת,2,False,,
13023031,3,,alle,וּלְכֹ֨ל,1,False,,
13023031,4,,Brandopfer,עֹלוֹת֙,3,False,,
13023031,5,,dem,לַיהוָ֔ה,4,False,,
13023031,6,,Jahwe,לַיהוָ֔ה,4,False,,
13023031,7,,zu,הַעֲל֤וֹת,2,False,,
13023031,8,,opfern,הַעֲל֤וֹת,2,False,,
13023031,9,,an,בְּמִסְפָּ֨ר,8,False,,
13023031,10,,den,לַשַּׁבָּת֔וֹת,5,True,,
13023031,11,,Sabbathen,לַשַּׁבָּת֔וֹת,5,False,,
13023031,12,,an,לֶחֳדָשִׁ֖ים,6,False,,
13023031,13,,den,לֶחֳדָשִׁ֖ים,6,True,,
13023031,14,,Neumonden,לֶחֳדָשִׁ֖ים,6,False,,
13023031,15,,und,וְלַמֹּעֲדִ֑ים,7,False,,
13023031,16,,an,וְלַמֹּעֲדִ֑ים,7,False,,
13023031,17,,den,וְלַמֹּעֲדִ֑ים,7,True,,
13023031,18,,Festen,וְלַמֹּעֲדִ֑ים,7,False,,
13023031,19,,nach,כְּמִשְׁפָּ֧ט,9,False,,
13023031,20,,der,כְּמִשְׁפָּ֧ט,9,True,,
13023031,21,,Zahl,כְּמִשְׁפָּ֧ט,9,False,,
13023031,22,,nach,כְּמִשְׁפָּ֧ט,9,False,,
13023031,23,,der,כְּמִשְׁפָּ֧ט,9,True,,
13023031,24,,Vorschrift,כְּמִשְׁפָּ֧ט,9,False,,
13023031,25,,darüber,עֲלֵיהֶ֛ם,10,False,,
13023031,26,,beständig,תָּמִ֖יד,11,False,,
13023031,27,,vor,לִפְנֵ֥י,12,False,,
13023031,28,,Jahwe,יְהוָֽה׃,13,False,,
13023032,1,,Und,וְשָׁמְר֞וּ,1,False,,
13023032,2,,sie,וְשָׁמְר֞וּ,1,True,,
13023032,3,,warteten,וְשָׁמְר֞וּ,1,False,,
13023032,4,,der,אֶת־,2,False,,
13023032,5,,Hut,מִשְׁמֶ֣רֶת,3,False,,
13023032,6,,des,אֹֽהֶל־,4,False,,
13023032,7,,Zeltes,אֹֽהֶל־,4,False,,
13023032,8,,der,מוֹעֵ֗ד,5,True,,
13023032,9,,Zusammenkunft,מוֹעֵ֗ד,5,False,,
13023032,10,,und,וְאֵת֙,6,False,,
13023032,11,,der,מִשְׁמֶ֣רֶת,7,False,,
13023032,12,,Hut,מִשְׁמֶ֣רֶת,7,False,,
13023032,13,,des,הַקֹּ֔דֶשׁ,8,False,,
13023032,14,,Heiligtums,הַקֹּ֔דֶשׁ,8,False,,
13023032,15,,und,וּמִשְׁמֶ֕רֶת,9,False,,
13023032,16,,der,וּמִשְׁמֶ֕רֶת,9,False,,
13023032,17,,Hut,וּמִשְׁמֶ֕רֶת,9,False,,
13023032,18,,der,בְּנֵ֥י,10,False,,
13023032,19,,Söhne,בְּנֵ֥י,10,False,,
13023032,20,,Aarons,אַהֲרֹ֖ן,11,False,,
13023032,21,,ihrer,אֲחֵיהֶ֑ם,12,False,,
13023032,22,,Brüder,אֲחֵיהֶ֑ם,12,False,,
13023032,23,,für,לַעֲבֹדַ֖ת,13,False,,
13023032,24,,den,לַעֲבֹדַ֖ת,13,True,,
13023032,25,,Dienst,לַעֲבֹדַ֖ת,13,False,,
13023032,26,,des,בֵּ֥ית,14,False,,
13023032,27,,Hauses,בֵּ֥ית,14,False,,
13023032,28,,Jahwes,יְהוָֽה׃ פ,15,False,,
13024001,1,,Und,וְלִבְנֵ֥י,1,False,,
13024001,2,,was,וְלִבְנֵ֥י,1,True,,
13024001,3,,die,וְלִבְנֵ֥י,1,True,,
13024001,4,,Söhne,וְלִבְנֵ֥י,1,False,,
13024001,5,,Aarons,אַהֲרֹ֖ן,2,False,,
13024001,6,,betrifft,מַחְלְקוֹתָ֑ם,3,False,,
13024001,7,,so,מַחְלְקוֹתָ֑ם,3,False,,
13024001,8,,waren,מַחְלְקוֹתָ֑ם,3,False,,
13024001,9,,ihre,מַחְלְקוֹתָ֑ם,3,False,,
13024001,10,,Abteilungen,מַחְלְקוֹתָ֑ם,3,False,,
13024001,11,,Die,בְּנֵ֣י,4,False,,
13024001,12,,Söhne,בְּנֵ֣י,4,False,,
13024001,13,,Aarons,אַהֲרֹ֔ן,5,False,,
13024001,14,,Nadab,נָדָב֙,6,False,,
13024001,15,,und,וַאֲבִיה֔וּא,7,False,,
13024001,16,,Abihu,וַאֲבִיה֔וּא,7,False,,
13024001,17,,Eleasar,אֶלְעָזָ֖ר,8,False,,
13024001,18,,und,וְאִיתָמָֽר׃,9,False,,
13024001,19,,Ithamar,וְאִיתָמָֽר׃,9,False,,
13024002,1,,Und,וַיָּ֨מָת,1,False,,
13024002,2,,Nadab,נָדָ֤ב,2,False,,
13024002,3,,und,וַאֲבִיהוּא֙,3,False,,
13024002,4,,Abihu,וַאֲבִיהוּא֙,3,False,,
13024002,5,,starben,וַיָּ֨מָת,1,False,,
13024002,6,,vor,לִפְנֵ֣י,4,False,,
13024002,7,,ihrem,אֲבִיהֶ֔ם,5,False,,
13024002,8,,Vater,אֲבִיהֶ֔ם,5,False,,
13024002,9,,und,וּבָנִ֖ים,6,False,,
13024002,10,,sie,הָי֣וּ,8,True,,
13024002,11,,hatten,הָי֣וּ,8,False,,
13024002,12,,keine,לֹא־,7,False,,
13024002,13,,Söhne,וּבָנִ֖ים,6,False,,
13024002,14,,und,לָהֶ֑ם,9,False,,
13024002,15,,Eleasar,אֶלְעָזָ֖ר,11,False,,
13024002,16,,und,אֶלְעָזָ֖ר,11,False,,
13024002,17,,Ithamar,וְאִיתָמָֽר׃,12,False,,
13024002,18,,übten,וַֽיְכַהֲנ֔וּ,10,False,,
13024002,19,,den,וַֽיְכַהֲנ֔וּ,10,True,,
13024002,20,,Priesterdienst,וַֽיְכַהֲנ֔וּ,10,False,,
13024002,21,,aus,וַֽיְכַהֲנ֔וּ,10,False,,
13024003,1,,Und,וַיֶּֽחָלְקֵ֣ם,1,False,,
13024003,2,,David,דָּוִ֔יד,2,False,,
13024003,3,,und,וְצָדוֹק֙,3,False,,
13024003,4,,Zadok,וְצָדוֹק֙,3,False,,
13024003,5,,von,מִן־,4,False,,
13024003,6,,den,מִן־,4,True,,
13024003,7,,Söhnen,בְּנֵ֣י,5,False,,
13024003,8,,Eleasars,אֶלְעָזָ֔ר,6,False,,
13024003,9,,und,וַאֲחִימֶ֖לֶךְ,7,False,,
13024003,10,,Ahimelech,וַאֲחִימֶ֖לֶךְ,7,False,,
13024003,11,,von,מִן־,8,False,,
13024003,12,,den,מִן־,8,True,,
13024003,13,,Söhnen,בְּנֵ֣י,9,False,,
13024003,14,,Ithamars,אִיתָמָ֑ר,10,False,,
13024003,15,,teilten,וַיֶּֽחָלְקֵ֣ם,1,False,,
13024003,16,,sie,וַיֶּֽחָלְקֵ֣ם,1,False,,
13024003,17,,ab,וַיֶּֽחָלְקֵ֣ם,1,False,,
13024003,18,,nach,לִפְקֻדָּתָ֖ם,11,False,,
13024003,19,,ihrem,לִפְקֻדָּתָ֖ם,11,False,,
13024003,20,,Amte,לִפְקֻדָּתָ֖ם,11,False,,
13024003,21,,in,בַּעֲבֹדָתָֽם׃,12,False,,
13024003,22,,ihrem,בַּעֲבֹדָתָֽם׃,12,False,,
13024003,23,,Dienste,בַּעֲבֹדָתָֽם׃,12,False,,
13024004,1,,Und,וַיִּמָּצְא֣וּ,1,False,,
13024004,2,,von,מִן־,7,False,,
13024004,3,,den,מִן־,7,True,,
13024004,4,,Söhnen,בְּנֵ֥י,8,False,,
13024004,5,,Eleasars,אֶלְעָזָ֡ר,3,False,,
13024004,6,,wurden,וַיִּמָּצְא֣וּ,1,False,,
13024004,7,,mehr,רַבִּ֞ים,4,False,,
13024004,8,,Familienhäupter,לְרָאשֵׁ֧י,5,False,,
13024004,9,,gefunden,וַיִּמָּצְא֣וּ,1,False,,
13024004,10,,als,רַבִּ֞ים,4,False,,
13024004,11,,von,מִן־,7,False,,
13024004,12,,den,מִן־,7,True,,
13024004,13,,Söhnen,בְּנֵ֥י,8,False,,
13024004,14,,Ithamars,אִיתָמָ֖ר,9,False,,
13024004,15,,und,וַֽיַּחְלְק֑וּם,10,False,,
13024004,16,,so,וַֽיַּחְלְק֑וּם,10,True,,
13024004,17,,teilten,וַֽיַּחְלְק֑וּם,10,False,,
13024004,18,,sie,וַֽיַּחְלְק֑וּם,10,False,,
13024004,19,,sie,וַֽיַּחְלְק֑וּם,10,False,,
13024004,20,,so,וַֽיַּחְלְק֑וּם,10,True,,
13024004,21,,ab,וַֽיַּחְלְק֑וּם,10,False,,
13024004,22,,Von,מִן־,7,False,,
13024004,23,,den,מִן־,7,True,,
13024004,24,,Söhnen,בְּנֵ֥י,8,False,,
13024004,25,,Eleasars,אֶלְעָזָ֜ר,12,False,,
13024004,26,,sechzehn,שִׁשָּׁ֣ה,16,False,,
13024004,27,,Häupter,רָאשִׁ֤ים,13,False,,
13024004,28,,von,לְבֵית־,14,False,,
13024004,29,,Vaterhäusern,אָבוֹת֙,15,False,,
13024004,30,,und,וְלִבְנֵ֧י,18,False,,
13024004,31,,von,וְלִבְנֵ֧י,18,False,,
13024004,32,,den,וְלִבְנֵ֧י,18,True,,
13024004,33,,Söhnen,וְלִבְנֵ֧י,18,False,,
13024004,34,,Ithamars,אִיתָמָ֛ר,19,False,,
13024004,35,,acht,שְׁמוֹנָֽה׃,22,False,,
13024004,36,,Häupter,שְׁמוֹנָֽה׃,22,False,,
13024004,37,,von,לְבֵ֥ית,20,False,,
13024004,38,,ihren,אֲבוֹתָ֖ם,21,False,,
13024004,39,,Vaterhäusern,אֲבוֹתָ֖ם,21,False,,
13024005,1,,Und,וַיַּחְלְק֥וּם,1,False,,
13024005,2,,zwar,וַיַּחְלְק֥וּם,1,True,,
13024005,3,,teilten,וַיַּחְלְק֥וּם,1,False,,
13024005,4,,sie,וַיַּחְלְק֥וּם,1,False,,
13024005,5,,sie,וַיַּחְלְק֥וּם,1,False,,
13024005,6,,durch,בְּגוֹרָל֖וֹת,2,False,,
13024005,7,,Lose,בְּגוֹרָל֖וֹת,2,False,,
13024005,8,,ab,וַיַּחְלְק֥וּם,1,False,,
13024005,9,,diese,אֵ֣לֶּה,3,False,,
13024005,10,,wie,עִם־,4,False,,
13024005,11,,jene,אֵ֑לֶּה,5,False,,
13024005,12,,denn,כִּי־,6,False,,
13024005,13,,die,שָֽׂרֵי־,8,True,,
13024005,14,,Obersten,שָֽׂרֵי־,8,False,,
13024005,15,,des,קֹ֙דֶשׁ֙,9,False,,
13024005,16,,Heiligtums,קֹ֙דֶשׁ֙,9,False,,
13024005,17,,und,וְשָׂרֵ֣י,10,False,,
13024005,18,,die,וְשָׂרֵ֣י,10,True,,
13024005,19,,Obersten,וְשָׂרֵ֣י,10,False,,
13024005,20,,Gottes,הָאֱלֹהִ֔ים,11,False,,
13024005,21,,waren,הָי֤וּ,7,False,,
13024005,22,,aus,מִבְּנֵ֥י,12,False,,
13024005,23,,den,מִבְּנֵ֥י,12,True,,
13024005,24,,Söhnen,מִבְּנֵ֥י,12,False,,
13024005,25,,Eleasars,אֶלְעָזָ֖ר,13,False,,
13024005,26,,und,וּבִבְנֵ֥י,14,False,,
13024005,27,,aus,וּבִבְנֵ֥י,14,False,,
13024005,28,,den,וּבִבְנֵ֥י,14,True,,
13024005,29,,Söhnen,וּבִבְנֵ֥י,14,False,,
13024005,30,,Ithamars,אִיתָמָֽר׃ ס,15,False,,
13024006,1,,Und,וַֽיִּכְתְּבֵ֡ם,1,False,,
13024006,2,,Schemaja,שְֽׁמַֽעְיָה֩,2,False,,
13024006,3,,der,בֶן־,3,True,,
13024006,4,,Sohn,בֶן־,3,False,,
13024006,5,,Nethaneels,נְתַנְאֵ֨ל,4,False,,
13024006,6,,der,הַסּוֹפֵ֜ר,5,True,,
13024006,7,,Schreiber,הַסּוֹפֵ֜ר,5,False,,
13024006,8,,aus,מִן־,6,False,,
13024006,9,,Levi,הַלֵּוִ֗י,7,False,,
13024006,10,,schrieb,וַֽיִּכְתְּבֵ֡ם,1,False,,
13024006,11,,sie,וַֽיִּכְתְּבֵ֡ם,1,False,,
13024006,12,,auf,לִפְנֵ֨י,8,False,,
13024006,13,,in,לִפְנֵ֨י,8,False,,
13024006,14,,Gegenwart,לִפְנֵ֨י,8,False,,
13024006,15,,des,הַמֶּ֤לֶךְ,9,False,,
13024006,16,,Königs,הַמֶּ֤לֶךְ,9,False,,
13024006,17,,und,וְהַשָּׂרִים֙,10,False,,
13024006,18,,der,וְהַשָּׂרִים֙,10,True,,
13024006,19,,Obersten,וְהַשָּׂרִים֙,10,False,,
13024006,20,,und,וְצָד֣וֹק,11,False,,
13024006,21,,Zadoks,וְצָד֣וֹק,11,False,,
13024006,22,,des,הַכֹּהֵ֗ן,12,False,,
13024006,23,,Priesters,הַכֹּהֵ֗ן,12,False,,
13024006,24,,und,וַאֲחִימֶ֙לֶךְ֙,13,False,,
13024006,25,,Ahimelechs,וַאֲחִימֶ֙לֶךְ֙,13,False,,
13024006,26,,des,בֶּן־,14,False,,
13024006,27,,Sohnes,בֶּן־,14,False,,
13024006,28,,Abjathars,אֶבְיָתָ֔ר,15,False,,
13024006,29,,und,וְרָאשֵׁי֙,16,False,,
13024006,30,,der,וְרָאשֵׁי֙,16,True,,
13024006,31,,Häupter,וְרָאשֵׁי֙,16,False,,
13024006,32,,der,הָֽאָב֔וֹת,17,True,,
13024006,33,,Väter,הָֽאָב֔וֹת,17,False,,
13024006,34,,der,לַכֹּהֲנִ֖ים,18,True,,
13024006,35,,Priester,לַכֹּהֲנִ֖ים,18,False,,
13024006,36,,und,וְלַלְוִיִּ֑ם,19,False,,
13024006,37,,der,וְלַלְוִיִּ֑ם,19,True,,
13024006,38,,Leviten,וְלַלְוִיִּ֑ם,19,False,,
13024006,39,,Je,בֵּֽית־,20,False,,
13024006,40,,ein,אֶחָ֗ד,22,False,,
13024006,41,,Vaterhaus,בֵּֽית־,20,False,,
13024006,42,,wurde,אָחֻז֙,23,False,,
13024006,43,,ausgelost,אָחֻז֙,23,False,,
13024006,44,,für,לְאֶלְעָזָ֔ר,24,False,,
13024006,45,,Eleasar,לְאֶלְעָזָ֔ר,24,False,,
13024006,46,,und,וְאָחֻ֥ז׀,25,False,,
13024006,47,,je,אָחֻ֖ז,26,False,,
13024006,48,,eines,אֶחָ֗ד,22,False,,
13024006,49,,wurde,אָחֻ֖ז,26,False,,
13024006,50,,ausgelost,אָחֻ֖ז,26,False,,
13024006,51,,für,לְאִיתָמָֽר׃ פ,27,False,,
13024006,52,,Ithamar,לְאִיתָמָֽר׃ פ,27,False,,
13024007,1,,Und,וַיֵּצֵ֞א,1,False,,
13024007,2,,das,הַגּוֹרָ֤ל,2,True,,
13024007,3,,erste,הָרִאשׁוֹן֙,3,False,,
13024007,4,,Los,הַגּוֹרָ֤ל,2,False,,
13024007,5,,kam,וַיֵּצֵ֞א,1,False,,
13024007,6,,heraus,וַיֵּצֵ֞א,1,False,,
13024007,7,,für,לִיה֣וֹיָרִ֔יב,4,False,,
13024007,8,,Jehojarib,לִיה֣וֹיָרִ֔יב,4,False,,
13024007,9,,für,לִֽידַעְיָ֖ה,5,False,,
13024007,10,,Jedaja,לִֽידַעְיָ֖ה,5,False,,
13024007,11,,das,הַשֵּׁנִֽי׃,6,True,,
13024007,12,,zweite,הַשֵּׁנִֽי׃,6,False,,
13024008,1,,für,לְחָרִם֙,1,False,,
13024008,2,,Harim,לְחָרִם֙,1,False,,
13024008,3,,das,הַשְּׁלִישִׁ֔י,2,True,,
13024008,4,,dritte,הַשְּׁלִישִׁ֔י,2,False,,
13024008,5,,für,לִשְׂעֹרִ֖ים,3,False,,
13024008,6,,Seorim,לִשְׂעֹרִ֖ים,3,False,,
13024008,7,,das,הָרְבִעִֽי׃,4,True,,
13024008,8,,vierte,הָרְבִעִֽי׃,4,False,,
13024009,1,,für,לְמַלְכִּיָּה֙,1,False,,
13024009,2,,Malkija,לְמַלְכִּיָּה֙,1,False,,
13024009,3,,das,הַחֲמִישִׁ֔י,2,True,,
13024009,4,,fünfte,הַחֲמִישִׁ֔י,2,False,,
13024009,5,,für,לְמִיָּמִ֖ן,3,False,,
13024009,6,,Mijamin,לְמִיָּמִ֖ן,3,False,,
13024009,7,,das,הַשִּׁשִּֽׁי׃,4,True,,
13024009,8,,sechste,הַשִּׁשִּֽׁי׃,4,False,,
13024010,1,,für,לְהַקּוֹץ֙,1,False,,
13024010,2,,Hakkoz,לְהַקּוֹץ֙,1,False,,
13024010,3,,das,הַשְּׁבִעִ֔י,2,True,,
13024010,4,,siebte,הַשְּׁבִעִ֔י,2,False,,
13024010,5,,für,לַאֲבִיָּ֖ה,3,False,,
13024010,6,,Abija,לַאֲבִיָּ֖ה,3,False,,
13024010,7,,das,הַשְּׁמִינִֽי׃,4,True,,
13024010,8,,achte,הַשְּׁמִינִֽי׃,4,False,,
13024011,1,,für,לְיֵשׁ֙וּעַ֙,1,False,,
13024011,2,,Jeschua,לְיֵשׁ֙וּעַ֙,1,False,,
13024011,3,,das,הַתְּשִׁעִ֔י,2,True,,
13024011,4,,neunte,הַתְּשִׁעִ֔י,2,False,,
13024011,5,,für,לִשְׁכַנְיָ֖הוּ,3,False,,
13024011,6,,Schekanja,לִשְׁכַנְיָ֖הוּ,3,False,,
13024011,7,,das,הָעֲשִׂרִֽי׃,4,True,,
13024011,8,,zehnte,הָעֲשִׂרִֽי׃,4,False,,
13024012,1,,für,לְאֶלְיָשִׁיב֙,1,False,,
13024012,2,,Eljaschib,לְאֶלְיָשִׁיב֙,1,False,,
13024012,3,,das,עַשְׁתֵּ֣י,2,True,,
13024012,4,,elfte,עַשְׁתֵּ֣י,2,False,,
13024012,4,,elfte,עָשָׂ֔ר,3,False,,
13024012,5,,für,לְיָקִ֖ים,4,False,,
13024012,6,,Jakim,לְיָקִ֖ים,4,False,,
13024012,7,,das,שְׁנֵ֥ים,5,True,,
13024012,8,,zwölfte,שְׁנֵ֥ים,5,False,,
13024012,8,,zwölfte,עָשָֽׂר׃,6,False,,
13024013,1,,für,לְחֻפָּה֙,1,False,,
13024013,2,,Huppa,לְחֻפָּה֙,1,False,,
13024013,3,,das,שְׁלֹשָׁ֣ה,2,True,,
13024013,4,,dreizehnte,שְׁלֹשָׁ֣ה,2,False,,
13024013,5,,für,לְיֶֽשֶׁבְאָ֖ב,4,False,,
13024013,6,,Jeschebab,לְיֶֽשֶׁבְאָ֖ב,4,False,,
13024013,7,,das,אַרְבָּעָ֥ה,5,True,,
13024013,8,,vierzehnte,אַרְבָּעָ֥ה,5,False,,
13024014,1,,für,לְבִלְגָּה֙,1,False,,
13024014,2,,Bilga,לְבִלְגָּה֙,1,False,,
13024014,3,,das,חֲמִשָּׁ֣ה,2,True,,
13024014,4,,fünfzehnte,חֲמִשָּׁ֣ה,2,False,,
13024014,5,,für,לְאִמֵּ֖ר,4,False,,
13024014,6,,Immer,לְאִמֵּ֖ר,4,False,,
13024014,7,,das,שִׁשָּׁ֥ה,5,True,,
13024014,8,,sechzehnte,שִׁשָּׁ֥ה,5,False,,
13024015,1,,für,לְחֵזִיר֙,1,False,,
13024015,2,,Hesir,לְחֵזִיר֙,1,False,,
13024015,3,,das,שִׁבְעָ֣ה,2,True,,
13024015,4,,siebzehnte,שִׁבְעָ֣ה,2,False,,
13024015,5,,für,לְהַפִּצֵּ֖ץ,4,False,,
13024015,6,,Happizez,לְהַפִּצֵּ֖ץ,4,False,,
13024015,7,,das,שְׁמוֹנָ֥ה,5,True,,
13024015,8,,achtzehnte,שְׁמוֹנָ֥ה,5,False,,
13024016,1,,für,לִֽפְתַחְיָה֙,1,False,,
13024016,2,,Pethachja,לִֽפְתַחְיָה֙,1,False,,
13024016,3,,das,תִּשְׁעָ֣ה,2,True,,
13024016,4,,neunzehnte,תִּשְׁעָ֣ה,2,False,,
13024016,5,,für,לִֽיחֶזְקֵ֖אל,4,False,,
13024016,6,,Jecheskel,לִֽיחֶזְקֵ֖אל,4,False,,
13024016,7,,das,הָעֶשְׂרִֽים׃,5,True,,
13024016,8,,zwanzigste,הָעֶשְׂרִֽים׃,5,False,,
13024017,1,,für,לְיָכִין֙,1,False,,
13024017,2,,Jakin,לְיָכִין֙,1,False,,
13024017,3,,das,אֶחָ֣ד,2,True,,
13024017,4,,einundzwanzigste,אֶחָ֣ד,2,False,,
13024017,5,,für,לְגָמ֖וּל,4,False,,
13024017,6,,Gamul,לְגָמ֖וּל,4,False,,
13024017,7,,das,שְׁנַ֥יִם,5,True,,
13024017,8,,zweiundzwanzigste,שְׁנַ֥יִם,5,False,,
13024018,1,,für,לִדְלָיָ֙הוּ֙,1,False,,
13024018,2,,Delaja,לִדְלָיָ֙הוּ֙,1,False,,
13024018,3,,das,שְׁלֹשָׁ֣ה,2,True,,
13024018,4,,dreiundzwanzigste,שְׁלֹשָׁ֣ה,2,False,,
13024018,5,,für,לְמַֽעַזְיָ֖הוּ,4,False,,
13024018,6,,Maasja,לְמַֽעַזְיָ֖הוּ,4,False,,
13024018,7,,das,אַרְבָּעָ֥ה,5,True,,
13024018,8,,vierundzwanzigste,אַרְבָּעָ֥ה,5,False,,
13024019,1,,Das,אֵ֣לֶּה,1,False,,
13024019,2,,war,אֵ֣לֶּה,1,True,,
13024019,3,,ihre,פְקֻדָּתָ֞ם,2,False,,
13024019,4,,Einteilung,פְקֻדָּתָ֞ם,2,False,,
13024019,5,,zu,לַעֲבֹדָתָ֗ם,3,False,,
13024019,6,,ihrem,לַעֲבֹדָתָ֗ם,3,False,,
13024019,7,,Dienst,לַעֲבֹדָתָ֗ם,3,False,,
13024019,8,,um,לָב֤וֹא,4,False,,
13024019,9,,in,לָב֤וֹא,4,False,,
13024019,10,,das,לְבֵית־,5,True,,
13024019,11,,Haus,לְבֵית־,5,False,,
13024019,12,,Jahwes,יְהוָה֙,6,False,,
13024019,13,,zu,לָב֤וֹא,4,True,,
13024019,14,,kommen,לָב֤וֹא,4,False,,
13024019,15,,nach,כְּמִשְׁפָּטָ֔ם,7,False,,
13024019,16,,ihrer,כְּמִשְׁפָּטָ֔ם,7,False,,
13024019,17,,Vorschrift,כְּמִשְׁפָּטָ֔ם,7,False,,
13024019,18,,gegeben,בְּיַ֖ד,8,False,,
13024019,19,,durch,בְּיַ֖ד,8,False,,
13024019,20,,ihren,אֲבִיהֶ֑ם,10,False,,
13024019,21,,Vater,אֲבִיהֶ֑ם,10,False,,
13024019,22,,Aaron,אַהֲרֹ֣ן,9,False,,
13024019,23,,so,כַּאֲשֶׁ֣ר,11,False,,
13024019,24,,wie,כַּאֲשֶׁ֣ר,11,False,,
13024019,25,,Jahwe,יְהוָ֖ה,13,False,,
13024019,26,,der,אֱלֹהֵ֥י,14,True,,
13024019,27,,Gott,אֱלֹהֵ֥י,14,False,,
13024019,28,,Israels,יִשְׂרָאֵֽל׃ פ,15,False,,
13024019,29,,ihm,צִוָּ֔הוּ,12,False,,
13024019,30,,geboten,צִוָּ֔הוּ,12,False,,
13024019,31,,hatte,צִוָּ֔הוּ,12,True,,
13024020,1,,Und,וְלִבְנֵ֥י,1,False,,
13024020,2,,was,וְלִבְנֵ֥י,1,True,,
13024020,3,,die,וְלִבְנֵ֥י,1,True,,
13024020,4,,übrigen,הַנּוֹתָרִ֑ים,3,False,,
13024020,5,,Söhne,וְלִבְנֵ֥י,1,False,,
13024020,6,,Levis,לֵוִ֖י,2,False,,
13024020,7,,betrifft,הַנּוֹתָרִ֑ים,3,True,,
13024020,8,,von,לִבְנֵ֤י,4,False,,
13024020,9,,den,לִבְנֵ֤י,4,False,,
13024020,10,,Söhnen,לִבְנֵ֤י,4,False,,
13024020,11,,Amrams,עַמְרָם֙,5,False,,
13024020,12,,Schubael,שֽׁוּבָאֵ֔ל,6,False,,
13024020,13,,von,לִבְנֵ֥י,7,False,,
13024020,14,,den,לִבְנֵ֥י,7,False,,
13024020,15,,Söhnen,לִבְנֵ֥י,7,False,,
13024020,16,,Schubaels,שׁוּבָאֵ֖ל,8,False,,
13024020,17,,Jechdeja,יֶחְדְּיָֽהוּ׃,9,False,,
13024021,1,,Von,לִרְחַבְיָ֑הוּ,1,False,,
13024021,2,,Rechabja,לִרְחַבְיָ֑הוּ,1,False,,
13024021,3,,von,לִבְנֵ֣י,2,False,,
13024021,4,,den,לִבְנֵ֣י,2,False,,
13024021,5,,Söhnen,לִבְנֵ֣י,2,False,,
13024021,6,,Rechabjas,רְחַבְיָ֔הוּ,3,False,,
13024021,7,,das,הָרֹ֖אשׁ,4,True,,
13024021,8,,Haupt,הָרֹ֖אשׁ,4,False,,
13024021,9,,Jischija,יִשִּׁיָּֽה׃,5,False,,
13024022,1,,Von,לַיִּצְהָרִ֣י,1,False,,
13024022,2,,den,לַיִּצְהָרִ֣י,1,False,,
13024022,3,,Jizharitern,לַיִּצְהָרִ֣י,1,False,,
13024022,4,,Schelomoth,שְׁלֹמ֔וֹת,2,False,,
13024022,5,,von,לִבְנֵ֥י,3,False,,
13024022,6,,den,לִבְנֵ֥י,3,False,,
13024022,7,,Söhnen,לִבְנֵ֥י,3,False,,
13024022,8,,Schelomoths,שְׁלֹמ֖וֹת,4,False,,
13024022,9,,Jachath,יָֽחַת׃,5,False,,
13024023,1,,Und,וּבְנָ֖י,1,False,,
13024023,2,,die,וּבְנָ֖י,1,True,,
13024023,3,,Söhne,וּבְנָ֖י,1,False,,
13024023,4,,Hebrons,וּבְנָ֖י,1,True,,
13024023,5,,Jerija,יְרִיָּ֑הוּ,2,False,,
13024023,6,,das,יְרִיָּ֑הוּ,2,True,,
13024023,7,,Haupt,יְרִיָּ֑הוּ,2,True,,
13024023,8,,Amarja,אֲמַרְיָ֙הוּ֙,3,False,,
13024023,9,,der,הַשֵּׁנִ֔י,4,True,,
13024023,10,,zweite,הַשֵּׁנִ֔י,4,False,,
13024023,11,,Jachasiel,יַחֲזִיאֵל֙,5,False,,
13024023,12,,der,הַשְּׁלִישִׁ֔י,6,True,,
13024023,13,,dritte,הַשְּׁלִישִׁ֔י,6,False,,
13024023,14,,Jekamam,יְקַמְעָ֖ם,7,False,,
13024023,15,,der,הָרְבִיעִֽי׃,8,True,,
13024023,16,,vierte,הָרְבִיעִֽי׃,8,False,,
13024023,17,,,,,True,16,vierte
13024024,1,,die,בְּנֵ֤י,1,False,,
13024024,2,,Söhne,בְּנֵ֤י,1,False,,
13024024,3,,Ussiels,עֻזִּיאֵל֙,2,False,,
13024024,4,,Micha,מִיכָ֔ה,3,False,,
13024024,5,,von,לִבְנֵ֥י,4,False,,
13024024,6,,den,לִבְנֵ֥י,4,True,,
13024024,7,,Söhnen,לִבְנֵ֥י,4,False,,
13024024,8,,Michas,מִיכָ֖ה,5,False,,
13024024,9,,Schamir,שָׁמִֽיר׃,6,False,,
13024025,1,,Der,אֲחִ֤י,1,True,,
13024025,2,,Bruder,אֲחִ֤י,1,False,,
13024025,3,,Michas,מִיכָה֙,2,False,,
13024025,4,,war,יִשִּׁיָּ֔ה,3,False,,
13024025,5,,Jischija,יִשִּׁיָּ֔ה,3,False,,
13024025,6,,von,לִבְנֵ֥י,4,False,,
13024025,7,,den,לִבְנֵ֥י,4,True,,
13024025,8,,Söhnen,לִבְנֵ֥י,4,False,,
13024025,9,,Jischijas,יִשִּׁיָּ֖ה,5,False,,
13024025,10,,Sekarja,זְכַרְיָֽהוּ׃,6,False,,
13024025,11,,,,,True,10,Sekarja
13024026,1,,Die,בְּנֵ֤י,1,True,,
13024026,2,,Söhne,בְּנֵ֤י,1,False,,
13024026,3,,Meraris,מְרָרִי֙,2,False,,
13024026,4,,Machli,מַחְלִ֣י,3,False,,
13024026,5,,und,וּמוּשִׁ֔י,4,False,,
13024026,6,,Musi,וּמוּשִׁ֔י,4,False,,
13024026,7,,Die,בְּנֵ֖י,5,True,,
13024026,8,,Söhne,בְּנֵ֖י,5,False,,
13024026,9,,Jaasijas,יַעֲזִיָּ֥הֽוּ,6,False,,
13024026,10,,seines,בְנֽוֹ׃,7,False,,
13024026,11,,Sohnes,בְנֽוֹ׃,7,False,,
13024027,1,,die,בְּנֵ֖י,1,True,,
13024027,2,,Söhne,בְּנֵ֖י,1,False,,
13024027,3,,Meraris,מְרָרִ֑י,2,False,,
13024027,4,,von,לְיַֽעֲזִיָּ֣הֽוּ,3,False,,
13024027,5,,Jaasija,לְיַֽעֲזִיָּ֣הֽוּ,3,False,,
13024027,6,,seinem,בְנ֔וֹ,4,False,,
13024027,7,,Sohne,בְנ֔וֹ,4,False,,
13024027,8,,Schoham,וְשֹׁ֥הַם,5,False,,
13024027,9,,und,וְשֹׁ֥הַם,5,False,,
13024027,10,,Sakkur,וְזַכּ֖וּר,6,False,,
13024027,11,,und,וְעִבְרִֽי׃,7,False,,
13024027,12,,Ibri,וְעִבְרִֽי׃,7,False,,
13024028,1,,von,לְמַחְלִי֙,1,False,,
13024028,2,,Machli,לְמַחְלִי֙,1,False,,
13024028,3,,Eleasar,אֶלְעָזָ֔ר,2,False,,
13024028,4,,der,וְלֹא־,3,True,,
13024028,5,,hatte,הָ֥יָה,4,False,,
13024028,6,,aber,וְלֹא־,3,False,,
13024028,7,,keine,וְלֹא־,3,False,,
13024028,8,,Söhne,בָּנִֽים׃,6,False,,
13024029,1,,von,לְקִ֖ישׁ,1,False,,
13024029,2,,Kis,לְקִ֖ישׁ,1,False,,
13024029,3,,die,בְּנֵי־,2,True,,
13024029,4,,Söhne,בְּנֵי־,2,False,,
13024029,5,,Kis,קִ֥ישׁ,3,False,,
13024029,6,,Jerachmeel,יְרַחְמְאֵֽל׃,4,False,,
13024030,1,,und,וּבְנֵ֣י,1,False,,
13024030,2,,die,וּבְנֵ֣י,1,True,,
13024030,3,,Söhne,וּבְנֵ֣י,1,False,,
13024030,4,,Musis,מוּשִׁ֔י,2,False,,
13024030,5,,Machil,מַחְלִ֥י,3,False,,
13024030,6,,und,וְעֵ֖דֶר,4,False,,
13024030,7,,Eder,וְעֵ֖דֶר,4,False,,
13024030,8,,und,וִירִימ֑וֹת,5,False,,
13024030,9,,Jerimoth,וִירִימ֑וֹת,5,False,,
13024030,10,,Das,אֵ֛לֶּה,6,False,,
13024030,11,,waren,אֵ֛לֶּה,6,False,,
13024030,12,,die,בְּנֵ֥י,7,True,,
13024030,13,,Söhne,בְּנֵ֥י,7,False,,
13024030,14,,der,הַלְוִיִּ֖ם,8,True,,
13024030,15,,Leviten,הַלְוִיִּ֖ם,8,False,,
13024030,16,,nach,לְבֵ֥ית,9,False,,
13024030,17,,ihren,אֲבֹתֵיהֶֽם׃,10,False,,
13024030,18,,Vaterhäusern,אֲבֹתֵיהֶֽם׃,10,False,,
13024031,1,,Und,וַיַּפִּילוּ֩,1,False,,
13024031,2,,auch,גַם־,2,False,,
13024031,3,,sie,הֵ֨ם,3,False,,
13024031,4,,warfen,וַיַּפִּילוּ֩,1,False,,
13024031,5,,Lose,גּוֹרָל֜וֹת,4,False,,
13024031,6,,wie,לְעֻמַּ֣ת׀,5,False,,
13024031,7,,ihre,אֲחֵיהֶ֣ם,6,False,,
13024031,8,,Brüder,אֲחֵיהֶ֣ם,6,False,,
13024031,9,,die,בְּנֵֽי־,7,True,,
13024031,10,,Söhne,בְּנֵֽי־,7,False,,
13024031,11,,Aarons,אַהֲרֹ֗ן,8,False,,
13024031,12,,in,לִפְנֵ֨י,9,False,,
13024031,13,,Gegenwart,לִפְנֵ֨י,9,False,,
13024031,14,,des,הַמֶּ֙לֶךְ֙,11,True,,
13024031,15,,Königs,הַמֶּ֙לֶךְ֙,11,False,,
13024031,16,,David,דָוִ֤יד,10,False,,
13024031,17,,und,וְצָד֣וֹק,12,False,,
13024031,18,,Zadoks,וְצָד֣וֹק,12,False,,
13024031,19,,und,וַאֲחִימֶ֔לֶךְ,13,False,,
13024031,20,,Ahimelechs,וַאֲחִימֶ֔לֶךְ,13,False,,
13024031,21,,und,וְרָאשֵׁי֙,14,False,,
13024031,22,,der,הָֽאָב֔וֹת,15,True,,
13024031,23,,Häupter,וְרָאשֵׁי֙,14,False,,
13024031,24,,der,הָֽאָב֔וֹת,15,True,,
13024031,25,,Väter,הָֽאָב֔וֹת,15,False,,
13024031,26,,der,לַכֹּהֲנִ֖ים,16,True,,
13024031,27,,Priester,לַכֹּהֲנִ֖ים,16,False,,
13024031,28,,und,וְלַלְוִיִּ֑ם,17,False,,
13024031,29,,der,וְלַלְוִיִּ֑ם,17,True,,
13024031,30,,Leviten,וְלַלְוִיִּ֑ם,17,False,,
13024031,31,,das,אָב֣וֹת,18,True,,
13024031,32,,Haupt,אָב֣וֹת,18,False,,
13024031,33,,der,הָרֹ֔אשׁ,19,True,,
13024031,34,,Väter,הָרֹ֔אשׁ,19,False,,
13024031,35,,wie,לְעֻמַּ֖ת,20,False,,
13024031,36,,sein,אָחִ֥יו,21,False,,
13024031,37,,geringster,הַקָּטָֽן׃ ס,22,False,,
13024031,38,,Bruder,הַקָּטָֽן׃ ס,22,False,,
13025001,1,,Und,וַיַּבְדֵּ֣ל,1,False,,
13025001,2,,David,דָּוִיד֩,2,False,,
13025001,3,,und,וְשָׂרֵ֨י,3,False,,
13025001,4,,die,הַצָּבָ֜א,4,True,,
13025001,5,,Obersten,וְשָׂרֵ֨י,3,False,,
13025001,6,,des,הַצָּבָ֜א,4,True,,
13025001,7,,Heeres,הַצָּבָ֜א,4,False,,
13025001,8,,sonderten,וַיַּבְדֵּ֣ל,1,False,,
13025001,9,,von,לִבְנֵ֤י,6,False,,
13025001,10,,den,לִבְנֵ֤י,6,True,,
13025001,11,,Söhnen,לִבְנֵ֤י,6,False,,
13025001,12,,Asaphs,אָסָף֙,7,False,,
13025001,13,,und,וְהֵימָ֣ן,8,False,,
13025001,14,,Hemans,וְהֵימָ֣ן,8,False,,
13025001,15,,und,וִֽידוּת֔וּן,9,False,,
13025001,16,,Jeduthuns,וִֽידוּת֔וּן,9,False,,
13025001,17,,solche,הַֽנִּבְּאִ֛ים,10,False,,
13025001,18,,zum,לַעֲבֹדָ֗ה,5,False,,
13025001,19,,Dienste,לַעֲבֹדָ֗ה,5,False,,
13025001,20,,ab,וַיַּבְדֵּ֣ל,1,False,,
13025001,21,,welche,הַֽנִּבְּאִ֛ים,10,False,,
13025001,22,,weissagten,הַֽנִּבְּאִ֛ים,10,False,,
13025001,23,,mit,בְּכִנֹּר֥וֹת,11,False,,
13025001,24,,Lauten,בְּכִנֹּר֥וֹת,11,False,,
13025001,25,,und,בִּנְבָלִ֖ים,12,False,,
13025001,26,,Harfen,בִּנְבָלִ֖ים,12,False,,
13025001,27,,und,וּבִמְצִלְתָּ֑יִם,13,False,,
13025001,28,,mit,וּבִמְצִלְתָּ֑יִם,13,False,,
13025001,29,,Cymbeln,וּבִמְצִלְתָּ֑יִם,13,False,,
13025001,30,,Und,וַֽיְהִי֙,14,False,,
13025001,31,,es,וַֽיְהִי֙,14,False,,
13025001,32,,war,וַֽיְהִי֙,14,False,,
13025001,33,,ihre,מִסְפָּרָ֔ם,15,False,,
13025001,34,,Zahl,מִסְפָּרָ֔ם,15,False,,
13025001,35,,der,אַנְשֵׁ֥י,16,True,,
13025001,36,,Männer,אַנְשֵׁ֥י,16,False,,
13025001,37,,die,מְלָאכָ֖ה,17,True,,
13025001,38,,tätig,מְלָאכָ֖ה,17,False,,
13025001,39,,waren,מְלָאכָ֖ה,17,False,,
13025001,40,,für,לַעֲבֹדָתָֽם׃,18,False,,
13025001,41,,ihren,לַעֲבֹדָתָֽם׃,18,False,,
13025001,42,,Dienst,לַעֲבֹדָתָֽם׃,18,False,,
13025002,1,,Von,לִבְנֵ֣י,1,False,,
13025002,2,,den,לִבְנֵ֣י,1,True,,
13025002,3,,Söhnen,לִבְנֵ֣י,1,False,,
13025002,4,,Asaphs,אָסָ֗ף,2,False,,
13025002,5,,Sakkur,זַכּ֧וּר,3,False,,
13025002,6,,und,וְיוֹסֵ֛ף,4,False,,
13025002,7,,Joseph,וְיוֹסֵ֛ף,4,False,,
13025002,8,,und,וּנְתַנְיָ֥ה,5,False,,
13025002,9,,Nethanja,וּנְתַנְיָ֥ה,5,False,,
13025002,10,,und,וַאֲשַׂרְאֵ֖לָה,6,False,,
13025002,11,,Ascharela,וַאֲשַׂרְאֵ֖לָה,6,False,,
13025002,12,,die,בְּנֵ֣י,7,False,,
13025002,13,,Söhne,בְּנֵ֣י,7,False,,
13025002,14,,Asaphs,אָסָ֑ף,8,False,,
13025002,15,,unter,עַ֚ל,9,False,,
13025002,16,,der,יַד־,10,False,,
13025002,17,,Leitung,יַד־,10,False,,
13025002,18,,Asaphs,אָסָ֔ף,11,False,,
13025002,19,,welcher,הַנִּבָּ֖א,12,False,,
13025002,20,,nach,עַל־,13,False,,
13025002,21,,der,יְדֵ֥י,14,False,,
13025002,22,,Anweisung,יְדֵ֥י,14,False,,
13025002,23,,des,הַמֶּֽלֶךְ׃,15,False,,
13025002,24,,Königs,הַמֶּֽלֶךְ׃,15,False,,
13025002,25,,weissagte,הַנִּבָּ֖א,12,False,,
13025003,1,,Von,לִידוּת֑וּן,1,False,,
13025003,2,,Jeduthun,לִידוּת֑וּן,1,False,,
13025003,3,,die,בְּנֵ֣י,2,False,,
13025003,4,,Söhne,בְּנֵ֣י,2,False,,
13025003,5,,Jeduthuns,יְדוּת֡וּן,3,False,,
13025003,6,,Gedalja,גְּדַלְיָ֡הוּ,4,False,,
13025003,7,,und,וּצְרִ֡י,5,False,,
13025003,8,,Zeri,וּצְרִ֡י,5,False,,
13025003,9,,und,וִֽ֠ישַׁעְיָהוּ,6,False,,
13025003,10,,Jesaja,וִֽ֠ישַׁעְיָהוּ,6,False,,
13025003,11,,Haschabja,חֲשַׁבְיָ֨הוּ,7,False,,
13025003,12,,und,וּמַתִּתְיָ֜הוּ,8,False,,
13025003,13,,Mattithja,וּמַתִּתְיָ֜הוּ,8,False,,
13025003,14,,und,שִׁשָּׁ֗ה,9,False,,
13025003,15,,Simei,שִׁשָּׁ֗ה,9,False,,
13025003,16,,sechs,שִׁשָּׁ֗ה,9,False,,
13025003,17,,unter,עַל֩,10,False,,
13025003,18,,der,יְדֵ֨י,11,False,,
13025003,19,,Leitung,יְדֵ֨י,11,False,,
13025003,20,,ihres,אֲבִיהֶ֤ם,12,False,,
13025003,21,,Vaters,אֲבִיהֶ֤ם,12,False,,
13025003,22,,Jeduthun,יְדוּתוּן֙,13,False,,
13025003,23,,mit,בַּכִּנּ֔וֹר,14,False,,
13025003,24,,der,בַּכִּנּ֔וֹר,14,False,,
13025003,25,,Laute,בַּכִּנּ֔וֹר,14,False,,
13025003,26,,welcher,הַנִּבָּ֕א,15,False,,
13025003,27,,weissagte,הַנִּבָּ֕א,15,False,,
13025003,28,,um,עַל־,16,False,,
13025003,29,,Jahwe,לַיהוָֽה׃ ס,19,False,,
13025003,30,,zu,הֹד֥וֹת,17,False,,
13025003,31,,preisen,הֹד֥וֹת,17,False,,
13025003,32,,und,וְהַלֵּ֖ל,18,False,,
13025003,33,,zu,וְהַלֵּ֖ל,18,False,,
13025003,34,,loben,וְהַלֵּ֖ל,18,False,,
13025004,1,,Von,לְהֵימָ֑ן,1,False,,
13025004,2,,Heman,לְהֵימָ֑ן,1,False,,
13025004,3,,die,בְּנֵ֣י,2,False,,
13025004,4,,Söhne,בְּנֵ֣י,2,False,,
13025004,5,,Hemans,הֵימָ֡ן,3,False,,
13025004,6,,Bukkija,בֻּקִּיָּ֡הוּ,4,False,,
13025004,7,,und,מַתַּנְיָ֡הוּ,5,False,,
13025004,8,,Mattanja,מַתַּנְיָ֡הוּ,5,False,,
13025004,9,,Ussiel,עֻ֠זִּיאֵל,6,False,,
13025004,10,,Schebuel,שְׁבוּאֵ֨ל,7,False,,
13025004,11,,und,וִֽירִימ֜וֹת,8,False,,
13025004,12,,Jerimoth,וִֽירִימ֜וֹת,8,False,,
13025004,13,,Hananja,חֲנַנְיָ֣ה,9,False,,
13025004,14,,Hanani,חֲנָ֗נִי,10,False,,
13025004,15,,Eliatha,אֱלִיאָ֤תָה,11,False,,
13025004,16,,Giddalti,גִדַּ֙לְתִּי֙,12,False,,
13025004,17,,und,וְרֹמַ֣מְתִּי,13,False,,
13025004,18,Romamti,Romamti-Eser,וְרֹמַ֣מְתִּי,13,True,,
13025004,18,Eser,Romamti-Eser,עֶ֔זֶר,14,True,,
13025004,19,,Joschbekascha,יָשְׁבְּקָ֣שָׁה,15,False,,
13025004,20,,Mallothi,מַלּ֔וֹתִי,16,False,,
13025004,21,,Hothir,הוֹתִ֖יר,17,False,,
13025004,22,,Machasioth,מַחֲזִיאֽוֹת׃,18,False,,
13025005,1,,Alle,כָּל־,1,False,,
13025005,2,,diese,אֵ֨לֶּה,2,False,,
13025005,3,,waren,בָנִ֜ים,3,False,,
13025005,4,,Söhne,בָנִ֜ים,3,False,,
13025005,5,,Hemans,לְהֵימָ֗ן,4,False,,
13025005,6,,des,חֹזֵ֥ה,5,False,,
13025005,7,,Sehers,חֹזֵ֥ה,5,False,,
13025005,8,,des,הַמֶּ֛לֶךְ,6,False,,
13025005,9,,Königs,הַמֶּ֛לֶךְ,6,False,,
13025005,10,,in,בְּדִבְרֵ֥י,7,False,,
13025005,11,,den,בְּדִבְרֵ֥י,7,False,,
13025005,12,,Worten,בְּדִבְרֵ֥י,7,False,,
13025005,13,,Gottes,הָאֱלֹהִ֖ים,8,False,,
13025005,14,,um,לְהָרִ֣ים,9,False,,
13025005,15,,seine,קָ֑רֶן,10,False,,
13025005,16,,Macht,קָ֑רֶן,10,False,,
13025005,17,,zu,לְהָרִ֣ים,9,False,,
13025005,18,,erheben,לְהָרִ֣ים,9,False,,
13025005,19,,und,וּבָנ֥וֹת,17,False,,
13025005,20,,Gott,הָאֱלֹהִ֜ים,12,False,,
13025005,21,,hatte,וַיִּתֵּ֨ן,11,False,,
13025005,22,,dem,לְהֵימָ֗ן,13,False,,
13025005,23,,Heman,לְהֵימָ֗ן,13,False,,
13025005,24,,vierzehn,אַרְבָּעָ֥ה,15,False,,
13025005,25,,Söhne,בָּנִ֛ים,14,False,,
13025005,26,,und,וּבָנ֥וֹת,17,False,,
13025005,27,,drei,שָׁלֽוֹשׁ׃,18,False,,
13025005,28,,Töchter,וּבָנ֥וֹת,17,False,,
13025005,29,,gegeben,וַיִּתֵּ֨ן,11,False,,
13025005,30,add,,וַיִּתֵּ֨ן,11,True,,
13025006,1,,Alle,כָּל־,1,False,,
13025006,2,,diese,אֵ֣לֶּה,2,False,,
13025006,3,,waren,עַל־,3,False,,
13025006,3,,waren,,,True,3,waren
13025006,4,,unter,עַל־,3,False,,
13025006,5,,der,יְדֵי֩,4,False,,
13025006,5,,der,,,True,6,Leitung
13025006,6,,Leitung,יְדֵי֩,4,False,,
13025006,7,,ihrer,אֲבִיהֶ֨ם,5,False,,
13025006,8,,Väter,אֲבִיהֶ֨ם,5,False,,
13025006,9,,Asaph,אָסָ֥ף,18,False,,
13025006,10,,und,וִידוּת֖וּן,19,False,,
13025006,11,,Jeduthun,וִידוּת֖וּן,19,False,,
13025006,12,,und,וְהֵימָֽן׃,20,False,,
13025006,13,,Heman,וְהֵימָֽן׃,20,False,,
13025006,14,,beim,בַּשִּׁ֜יר,6,False,,
13025006,14,,und,יְדֵ֣י,16,False,,
13025006,15,,Gesange,בַּשִּׁ֜יר,6,False,,
13025006,16,,im,בֵּ֣ית,7,False,,
13025006,17,,Hause,בֵּ֣ית,7,False,,
13025006,18,,Jahwes,יְהוָ֗ה,8,False,,
13025006,19,,mit,בִּמְצִלְתַּ֙יִם֙,9,False,,
13025006,20,,Cymbeln,בִּמְצִלְתַּ֙יִם֙,9,False,,
13025006,21,,Harfen,וְכִנֹּר֔וֹת,11,False,,
13025006,22,,und,וְכִנֹּר֔וֹת,11,False,,
13025006,23,,Lauten,נְבָלִ֣ים,10,False,,
13025006,24,,zum,לַעֲבֹדַ֖ת,12,False,,
13025006,25,,Dienste,לַעֲבֹדַ֖ת,12,False,,
13025006,26,,des,בֵּ֣ית,13,False,,
13025006,27,,Hauses,בֵּ֣ית,13,False,,
13025006,28,,Gottes,הָאֱלֹהִ֑ים,14,False,,
13025006,29,,nach,עַ֚ל,15,False,,
13025006,30,,der,יְדֵ֣י,16,False,,
13025006,31,,Anweisung,יְדֵ֣י,16,False,,
13025006,32,,des,הַמֶּ֔לֶךְ ס,17,False,,
13025006,33,,Königs,הַמֶּ֔לֶךְ ס,17,False,,
13025007,1,,Und,וַיְהִ֤י,1,False,,
13025007,2,,es,וַיְהִ֤י,1,False,,
13025007,3,,war,וַיְהִ֤י,1,False,,
13025007,4,,ihre,מִסְפָּרָם֙,2,False,,
13025007,5,,Zahl,מִסְפָּרָם֙,2,False,,
13025007,6,,mit,עִם־,3,False,,
13025007,7,,ihren,אֲחֵיהֶ֔ם,4,False,,
13025007,8,,Brüdern,אֲחֵיהֶ֔ם,4,False,,
13025007,9,,die,מְלֻמְּדֵי־,5,False,,
13025007,10,,im,שִׁ֖יר,6,False,,
13025007,11,,Gesange,שִׁ֖יר,6,False,,
13025007,12,,Jahwes,לַיהוָ֑ה,7,False,,
13025007,13,,geübt,מְלֻמְּדֵי־,5,False,,
13025007,14,,waren,וַיְהִ֤י,1,False,,
13025007,15,,aller,כָּל־,8,False,,
13025007,16,,Kundigen,הַ֨מֵּבִ֔ין,9,False,,
13025007,17,,288,מָאתַ֖יִם,10,True,,
13025007,17,,288,שְׁמוֹנִ֥ים,11,True,,
13025007,17,,288,וּשְׁמוֹנָֽה׃,12,True,,
13025008,1,,Und,וַיַּפִּ֜ילוּ,1,False,,
13025008,2,,sie,וַיַּפִּ֜ילוּ,1,False,,
13025008,3,,warfen,וַיַּפִּ֜ילוּ,1,False,,
13025008,4,,Lose,גּוֹרָל֣וֹת,2,False,,
13025008,5,,über,מִשְׁמֶ֗רֶת,3,False,,
13025008,6,,ihr,מִשְׁמֶ֗רֶת,3,False,,
13025008,7,,Amt,מִשְׁמֶ֗רֶת,3,False,,
13025008,8,,der,לְעֻמַּת֙,4,False,,
13025008,9,,Kleine,כַּקָּטֹ֣ן,5,False,,
13025008,10,,wie,לְעֻמַּת֙,4,False,,
13025008,11,,der,כַּגָּד֔וֹל,6,False,,
13025008,12,,Große,כַּגָּד֔וֹל,6,False,,
13025008,13,,der,מֵבִ֖ין,7,False,,
13025008,14,,Kundige,מֵבִ֖ין,7,False,,
13025008,15,,mit,עִם־,8,False,,
13025008,16,,dem,תַּלְמִֽיד׃ פ,9,False,,
13025008,17,,Lehrling,תַּלְמִֽיד׃ פ,9,False,,
13025009,1,,Und,וַיֵּצֵ֞א,1,False,,
13025009,2,,das,הַגּוֹרָ֧ל,2,False,,
13025009,3,,erste,הָרִאשׁ֛וֹן,3,False,,
13025009,4,,Los,הַגּוֹרָ֧ל,2,False,,
13025009,5,,kam,וַיֵּצֵ֞א,1,False,,
13025009,6,,heraus,וַיֵּצֵ֞א,1,False,,
13025009,7,,für,לְאָסָ֖ף,4,False,,
13025009,8,,Asaph,לְאָסָ֖ף,4,False,,
13025009,9,,für,לְיוֹסֵ֑ף,5,False,,
13025009,10,,Joseph,לְיוֹסֵ֑ף,5,False,,
13025009,11,,für,גְּדַלְיָ֙הוּ֙,6,False,,
13025009,12,,Gedalja,גְּדַלְיָ֙הוּ֙,6,False,,
13025009,13,,das,הַשֵּׁנִ֔י,7,False,,
13025009,14,,zweite,הַשֵּׁנִ֔י,7,False,,
13025009,15,,er,הֽוּא־,8,False,,
13025009,16,,und,וְאֶחָ֥יו,9,False,,
13025009,17,,seine,וְאֶחָ֥יו,9,False,,
13025009,18,,Brüder,וְאֶחָ֥יו,9,False,,
13025009,19,,und,וּבָנָ֖יו,10,False,,
13025009,20,,seine,וּבָנָ֖יו,10,False,,
13025009,21,,Söhne,וּבָנָ֖יו,10,False,,
13025009,22,,waren,שְׁנֵ֥ים,11,False,,
13025009,23,,zwölf,שְׁנֵ֥ים,11,False,,
13025009,23,add,zwölf,עָשָֽׂר׃,12,True,,
13025010,1,,das,הַשְּׁלִשִׁ֣י,1,False,,
13025010,2,,dritte,הַשְּׁלִשִׁ֣י,1,False,,
13025010,3,,für,זַכּ֔וּר,2,False,,
13025010,4,,Sakkur,זַכּ֔וּר,2,False,,
13025010,5,,seine,בָּנָ֥יו,3,False,,
13025010,6,,Söhne,בָּנָ֥יו,3,False,,
13025010,7,,und,וְאֶחָ֖יו,4,False,,
13025010,8,,seine,וְאֶחָ֖יו,4,False,,
13025010,9,,Brüder,וְאֶחָ֖יו,4,False,,
13025010,10,,zwölf,שְׁנֵ֥ים,5,False,,
13025010,10,add,zwölf,עָשָֽׂר׃,6,True,,
13025011,1,,das,הָרְבִיעִי֙,1,False,,
13025011,2,,vierte,הָרְבִיעִי֙,1,False,,
13025011,3,,für,לַיִּצְרִ֔י,2,False,,
13025011,4,,Jizri,לַיִּצְרִ֔י,2,False,,
13025011,5,,seine,בָּנָ֥יו,3,False,,
13025011,6,,Söhne,בָּנָ֥יו,3,False,,
13025011,7,,und,וְאֶחָ֖יו,4,False,,
13025011,8,,seine,וְאֶחָ֖יו,4,False,,
13025011,9,,Brüder,וְאֶחָ֖יו,4,False,,
13025011,10,,zwölf,שְׁנֵ֥ים,5,False,,
13025011,10,add,zwölf,עָשָֽׂר׃,6,True,,
13025012,1,,das,,,True,2,fünfte
13025012,2,,fünfte,הַחֲמִישִׁ֣י,1,False,,
13025012,3,,für,,,True,4,Nathanja
13025012,4,,Nathanja,נְתַנְיָ֔הוּ,2,False,,
13025012,5,,seine,בָּנָ֥יו,3,False,,
13025012,6,,Söhne,בָּנָ֥יו,3,False,,
13025012,7,,und,וְאֶחָ֖יו,4,False,,
13025012,8,,seine,וְאֶחָ֖יו,4,False,,
13025012,9,,Brüder,וְאֶחָ֖יו,4,False,,
13025012,10,,zwölf,שְׁנֵ֥ים,5,False,,
13025012,10,,zwölf,עָשָֽׂר׃,6,False,,
13025013,1,,das,,,True,2,sechste
13025013,2,,sechste,הַשִּׁשִּׁ֣י,1,False,,
13025013,3,,für,,,True,4,Bukkija
13025013,4,,Bukkija,בֻקִּיָּ֔הוּ,2,False,,
13025013,5,,seine,בָּנָ֥יו,3,False,,
13025013,6,,Söhne,בָּנָ֥יו,3,False,,
13025013,7,,und,וְאֶחָ֖יו,4,False,,
13025013,8,,seine,וְאֶחָ֖יו,4,False,,
13025013,9,,Brüder,וְאֶחָ֖יו,4,False,,
13025013,10,,zwölf,שְׁנֵ֥ים,5,False,,
13025013,10,,zwölf,עָשָֽׂר׃,6,False,,
13025014,1,,das,,,True,2,siebte
13025014,2,,siebte,הַשְּׁבִעִ֣י,1,False,,
13025014,3,,für,,,True,4,Jescharela
13025014,4,,Jescharela,יְשַׂרְאֵ֔לָה,2,False,,
13025014,5,,seine,בָּנָ֥יו,3,False,,
13025014,6,,Söhne,בָּנָ֥יו,3,False,,
13025014,7,,und,וְאֶחָ֖יו,4,False,,
13025014,8,,seine,וְאֶחָ֖יו,4,False,,
13025014,9,,Brüder,וְאֶחָ֖יו,4,False,,
13025014,10,,zwölf,שְׁנֵ֥ים,5,False,,
13025014,10,,zwölf,עָשָֽׂר׃,6,False,,
13025015,1,,das,,,True,2,achte
13025015,2,,achte,הַשְּׁמִינִ֣י,1,False,,
13025015,3,,für,,,True,4,Jesaja
13025015,4,,Jesaja,יְשַֽׁעְיָ֔הוּ,2,False,,
13025015,5,,seine,בָּנָ֥יו,3,False,,
13025015,6,,Söhne,בָּנָ֥יו,3,False,,
13025015,7,,und,וְאֶחָ֖יו,4,False,,
13025015,8,,seine,וְאֶחָ֖יו,4,False,,
13025015,9,,Brüder,וְאֶחָ֖יו,4,False,,
13025015,10,,zwölf,שְׁנֵ֥ים,5,False,,
13025015,10,,zwölf,עָשָֽׂר׃,6,False,,
13025016,1,,das,,,True,2,neunte
13025016,2,,neunte,הַתְּשִׁיעִ֣י,1,False,,
13025016,3,,für,,,True,4,Mattanja
13025016,4,,Mattanja,מַתַּנְיָ֔הוּ,2,False,,
13025016,5,,seine,בָּנָ֥יו,3,False,,
13025016,6,,Söhne,בָּנָ֥יו,3,False,,
13025016,7,,und,וְאֶחָ֖יו,4,False,,
13025016,8,,seine,וְאֶחָ֖יו,4,False,,
13025016,9,,Brüder,וְאֶחָ֖יו,4,False,,
13025016,10,,zwölf,שְׁנֵ֥ים,5,False,,
13025016,10,,zwölf,עָשָֽׂר׃,6,False,,
13025017,1,,das,,,True,2,zehnte
13025017,2,,zehnte,הָעֲשִׂירִ֣י,1,False,,
13025017,3,,für,,,True,4,Simei
13025017,4,,Simei,שִׁמְעִ֔י,2,False,,
13025017,5,,seine,בָּנָ֥יו,3,False,,
13025017,6,,Söhne,בָּנָ֥יו,3,False,,
13025017,7,,und,וְאֶחָ֖יו,4,False,,
13025017,8,,seine,וְאֶחָ֖יו,4,False,,
13025017,9,,Brüder,וְאֶחָ֖יו,4,False,,
13025017,10,,zwölf,שְׁנֵ֥ים,5,False,,
13025017,10,,zwölf,עָשָֽׂר׃,6,False,,
13025018,1,,das,,,True,2,elfte
13025018,2,,elfte,עַשְׁתֵּֽי־,1,False,,
13025018,2,,elfte,עָשָׂ֣ר,2,False,,
13025018,3,,für,,,True,4,Asarel
13025018,4,,Asarel,עֲזַרְאֵ֔ל,3,False,,
13025018,5,,seine,בָּנָ֥יו,4,False,,
13025018,6,,Söhne,בָּנָ֥יו,4,False,,
13025018,7,,und,וְאֶחָ֖יו,5,False,,
13025018,8,,seine,וְאֶחָ֖יו,5,False,,
13025018,9,,Brüder,וְאֶחָ֖יו,5,False,,
13025018,10,,zwölf,שְׁנֵ֥ים,6,False,,
13025018,10,,zwölf,עָשָֽׂר׃,7,False,,
13025019,1,,das,,,True,2,zwölfte
13025019,2,,zwölfte,הַשְּׁנֵ֤ים,1,False,,
13025019,2,,zwölfte,עָשָׂר֙,2,False,,
13025019,3,,für,לַחֲשַׁבְיָ֔ה,3,False,,
13025019,4,,Haschabja,לַחֲשַׁבְיָ֔ה,3,False,,
13025019,5,,seine,בָּנָ֥יו,4,False,,
13025019,6,,Söhne,בָּנָ֥יו,4,False,,
13025019,7,,und,וְאֶחָ֖יו,5,False,,
13025019,8,,seine,וְאֶחָ֖יו,5,False,,
13025019,9,,Brüder,וְאֶחָ֖יו,5,False,,
13025019,10,,zwölf,שְׁנֵ֥ים,6,False,,
13025019,10,,zwölf,עָשָֽׂר׃,7,False,,
13025020,1,,das,,,True,2,dreizehnte
13025020,2,,dreizehnte,לִשְׁלֹשָׁ֤ה,1,False,,
13025020,2,,dreizehnte,עָשָׂר֙,2,False,,
13025020,3,,für,שֽׁוּבָאֵ֔ל,3,False,,
13025020,4,,Schubael,שֽׁוּבָאֵ֔ל,3,False,,
13025020,5,,seine,בָּנָ֥יו,4,False,,
13025020,6,,Söhne,בָּנָ֥יו,4,False,,
13025020,7,,und,וְאֶחָ֖יו,5,False,,
13025020,8,,seine,וְאֶחָ֖יו,5,False,,
13025020,9,,Brüder,וְאֶחָ֖יו,5,False,,
13025020,10,,zwölf,שְׁנֵ֥ים,6,False,,
13025020,10,,zwölf,עָשָֽׂר׃,7,False,,
13025021,1,,das,לְאַרְבָּעָ֤ה,1,False,,
13025021,2,,vierzehnte,לְאַרְבָּעָ֤ה,1,False,,
13025021,2,,vierzehnte,עָשָׂר֙,2,False,,
13025021,3,,für,לְאַרְבָּעָ֤ה,1,False,,
13025021,4,,Mattithja,מַתִּתְיָ֔הוּ,3,False,,
13025021,5,,seine,בָּנָ֥יו,4,False,,
13025021,6,,Söhne,בָּנָ֥יו,4,False,,
13025021,7,,und,וְאֶחָ֖יו,5,False,,
13025021,8,,seine,וְאֶחָ֖יו,5,False,,
13025021,9,,Brüder,וְאֶחָ֖יו,5,False,,
13025021,10,,zwölf,שְׁנֵ֥ים,6,False,,
13025021,10,,zwölf,עָשָֽׂר׃,7,False,,
13025022,1,,das,לַחֲמִשָּׁ֤ה,1,False,,
13025022,2,,fünfzehnte,לַחֲמִשָּׁ֤ה,1,False,,
13025022,2,,fünfzehnte,עָשָׂר֙,2,False,,
13025022,3,,für,לִֽירֵמ֔וֹת,3,False,,
13025022,4,,Jeremoth,לִֽירֵמ֔וֹת,3,False,,
13025022,5,,seine,בָּנָ֥יו,4,False,,
13025022,6,,Söhne,בָּנָ֥יו,4,False,,
13025022,7,,und,וְאֶחָ֖יו,5,False,,
13025022,8,,seine,וְאֶחָ֖יו,5,False,,
13025022,9,,Brüder,וְאֶחָ֖יו,5,False,,
13025022,10,,zwölf,שְׁנֵ֥ים,6,False,,
13025022,10,,zwölf,עָשָֽׂר׃,7,False,,
13025023,1,,das,לְשִׁשָּׁ֤ה,1,False,,
13025023,2,,sechzehnte,לְשִׁשָּׁ֤ה,1,False,,
13025023,2,,sechzehnte,עָשָׂר֙,2,False,,
13025023,3,,für,לַחֲנַנְיָ֔הוּ,3,False,,
13025023,4,,Hananja,לַחֲנַנְיָ֔הוּ,3,False,,
13025023,5,,seine,בָּנָ֥יו,4,False,,
13025023,6,,Söhne,בָּנָ֥יו,4,False,,
13025023,7,,und,וְאֶחָ֖יו,5,False,,
13025023,8,,seine,וְאֶחָ֖יו,5,False,,
13025023,9,,Brüder,וְאֶחָ֖יו,5,False,,
13025023,10,,zwölf,שְׁנֵ֥ים,6,False,,
13025023,10,,zwölf,עָשָֽׂר׃,7,False,,
13025024,1,,das,לְשִׁבְעָ֤ה,1,False,,
13025024,2,,siebzehnte,לְשִׁבְעָ֤ה,1,False,,
13025024,2,,siebzehnte,עָשָׂר֙,2,False,,
13025024,3,,für,לְיָשְׁבְּקָ֔שָׁה,3,False,,
13025024,4,,Joschbekascha,לְיָשְׁבְּקָ֔שָׁה,3,False,,
13025024,5,,seine,בָּנָ֥יו,4,False,,
13025024,6,,Söhne,בָּנָ֥יו,4,False,,
13025024,7,,und,וְאֶחָ֖יו,5,False,,
13025024,8,,seine,וְאֶחָ֖יו,5,False,,
13025024,9,,Brüder,וְאֶחָ֖יו,5,False,,
13025024,10,,zwölf,שְׁנֵ֥ים,6,False,,
13025024,10,,zwölf,עָשָֽׂר׃,7,False,,
13025025,1,,das,לִשְׁמוֹנָ֤ה,1,False,,
13025025,2,,achtzehnte,לִשְׁמוֹנָ֤ה,1,False,,
13025025,2,,achtzehnte,עָשָׂר֙,2,False,,
13025025,3,,für,לַחֲנָ֔נִי,3,False,,
13025025,4,,Hanani,לַחֲנָ֔נִי,3,False,,
13025025,5,,seine,בָּנָ֥יו,4,False,,
13025025,6,,Söhne,בָּנָ֥יו,4,False,,
13025025,7,,und,וְאֶחָ֖יו,5,False,,
13025025,8,,seine,וְאֶחָ֖יו,5,False,,
13025025,9,,Brüder,וְאֶחָ֖יו,5,False,,
13025025,10,,zwölf,שְׁנֵ֥ים,6,False,,
13025025,10,,zwölf,עָשָֽׂר׃,7,False,,
13025026,1,,das,לְתִשְׁעָ֤ה,1,False,,
13025026,2,,neunzehnte,לְתִשְׁעָ֤ה,1,False,,
13025026,2,,neunzehnte,עָשָׂר֙,2,False,,
13025026,3,,für,לְמַלּ֔וֹתִי,3,False,,
13025026,4,,Mallothi,לְמַלּ֔וֹתִי,3,False,,
13025026,5,,seine,בָּנָ֥יו,4,False,,
13025026,6,,Söhne,בָּנָ֥יו,4,False,,
13025026,7,,und,וְאֶחָ֖יו,5,False,,
13025026,8,,seine,וְאֶחָ֖יו,5,False,,
13025026,9,,Brüder,וְאֶחָ֖יו,5,False,,
13025026,10,,zwölf,שְׁנֵ֥ים,6,False,,
13025026,10,,zwölf,עָשָֽׂר׃,7,False,,
13025027,1,,das,לְעֶשְׂרִים֙,1,False,,
13025027,2,,zwanzigste,לְעֶשְׂרִים֙,1,False,,
13025027,3,,für,לֶֽאֱלִיָּ֔תָה,2,False,,
13025027,4,,Eliatha,לֶֽאֱלִיָּ֔תָה,2,False,,
13025027,5,,seine,בָּנָ֥יו,3,False,,
13025027,6,,Söhne,בָּנָ֥יו,3,False,,
13025027,7,,und,וְאֶחָ֖יו,4,False,,
13025027,8,,seine,וְאֶחָ֖יו,4,False,,
13025027,9,,Brüder,וְאֶחָ֖יו,4,False,,
13025027,10,,zwölf,שְׁנֵ֥ים,5,False,,
13025027,10,,zwölf,עָשָֽׂר׃,6,False,,
13025028,1,,das,לְאֶחָ֤ד,1,False,,
13025028,2,,einundzwanzigste,לְאֶחָ֤ד,1,False,,
13025028,2,,einundzwanzigste,וְעֶשְׂרִים֙,2,False,,
13025028,3,,für,לְהוֹתִ֔יר,3,False,,
13025028,4,,Hothir,לְהוֹתִ֔יר,3,False,,
13025028,5,,seine,בָּנָ֥יו,4,False,,
13025028,6,,Söhne,בָּנָ֥יו,4,False,,
13025028,7,,und,וְאֶחָ֖יו,5,False,,
13025028,8,,seine,וְאֶחָ֖יו,5,False,,
13025028,9,,Brüder,וְאֶחָ֖יו,5,False,,
13025028,10,,zwölf,שְׁנֵ֥ים,6,False,,
13025028,10,,zwölf,עָשָֽׂר׃,7,False,,
13025029,1,,das,לִשְׁנַ֤יִם,1,False,,
13025029,2,,zweiundzwanzigste,לִשְׁנַ֤יִם,1,False,,
13025029,2,,zweiundzwanzigste,וְעֶשְׂרִים֙,2,False,,
13025029,3,,für,לְגִדַּ֔לְתִּי,3,False,,
13025029,4,,Giddalti,לְגִדַּ֔לְתִּי,3,False,,
13025029,5,,seine,בָּנָ֥יו,4,False,,
13025029,6,,Söhne,בָּנָ֥יו,4,False,,
13025029,7,,und,וְאֶחָ֖יו,5,False,,
13025029,8,,seine,וְאֶחָ֖יו,5,False,,
13025029,9,,Brüder,וְאֶחָ֖יו,5,False,,
13025029,10,,zwölf,שְׁנֵ֥ים,6,False,,
13025029,10,,zwölf,עָשָֽׂר׃,7,False,,
13025030,1,,das,לִשְׁלֹשָׁ֤ה,1,False,,
13025030,2,,dreiundzwanzigste,לִשְׁלֹשָׁ֤ה,1,False,,
13025030,2,,dreiundzwanzigste,וְעֶשְׂרִים֙,2,False,,
13025030,3,,für,לְמַ֣חֲזִיא֔וֹת,3,False,,
13025030,4,,Machasioth,לְמַ֣חֲזִיא֔וֹת,3,False,,
13025030,5,,seine,בָּנָ֥יו,4,False,,
13025030,6,,Söhne,בָּנָ֥יו,4,False,,
13025030,7,,und,וְאֶחָ֖יו,5,False,,
13025030,8,,seine,וְאֶחָ֖יו,5,False,,
13025030,9,,Brüder,וְאֶחָ֖יו,5,False,,
13025030,10,,zwölf,שְׁנֵ֥ים,6,False,,
13025030,10,,zwölf,עָשָֽׂר׃,7,False,,
13025031,1,,das,לְאַרְבָּעָ֤ה,1,False,,
13025031,2,,vierundzwanzigste,לְאַרְבָּעָ֤ה,1,False,,
13025031,3,,für,לְאַרְבָּעָ֤ה,1,True,,
13025031,4,,Romamti-Eser,לְרוֹמַ֣מְתִּי,3,False,,
13025031,4,,Romamti-Eser,עָ֔זֶר,4,False,,
13025031,5,,seine,בָּנָ֥יו,5,False,,
13025031,6,,Söhne,בָּנָ֥יו,5,False,,
13025031,7,,und,וְאֶחָ֖יו,6,False,,
13025031,8,,seine,וְאֶחָ֖יו,6,False,,
13025031,9,,Brüder,וְאֶחָ֖יו,6,False,,
13025031,10,,zwölf,שְׁנֵ֥ים,7,False,,
13025031,10,,zwölf,עָשָֽׂר׃ פ,8,False,,
13026001,1,,Die,לְמַחְלְק֖וֹת,1,False,,
13026001,2,,Abteilungen,לְמַחְלְק֖וֹת,1,False,,
13026001,3,,der,לְשֹׁעֲרִ֑ים,2,False,,
13026001,4,,Torhüter,לְשֹׁעֲרִ֑ים,2,False,,
13026001,5,,von,לַקָּרְחִ֕ים,3,False,,
13026001,6,,den,לַקָּרְחִ֕ים,3,True,,
13026001,7,,Korhitern,לַקָּרְחִ֕ים,3,False,,
13026001,8,,Meschelemja,מְשֶֽׁלֶמְיָ֥הוּ,4,False,,
13026001,9,,der,בֶן־,5,False,,
13026001,10,,Sohn,בֶן־,5,False,,
13026001,11,,Kores,קֹרֵ֖א,6,False,,
13026001,12,,von,מִן־,7,False,,
13026001,13,,den,בְּנֵ֥י,8,False,,
13026001,14,,Söhnen,בְּנֵ֥י,8,False,,
13026001,15,,Asaphs,אָסָֽף׃,9,False,,
13026002,1,,und,וְלִמְשֶֽׁלֶמְיָ֖הוּ,1,False,,
13026002,2,,Meschelemja,וְלִמְשֶֽׁלֶמְיָ֖הוּ,1,False,,
13026002,3,,hatte,בָּנִ֑ים,2,False,,
13026002,4,,Söhne,בָּנִ֑ים,2,False,,
13026002,5,,Sekarja,זְכַרְיָ֤הוּ,3,False,,
13026002,6,,der,הַבְּכוֹר֙,4,False,,
13026002,7,,Erstgeborene,הַבְּכוֹר֙,4,False,,
13026002,8,,Jediael,יְדִֽיעֲאֵ֣ל,5,False,,
13026002,9,,der,הַשֵּׁנִ֔י,6,False,,
13026002,10,,zweite,הַשֵּׁנִ֔י,6,False,,
13026002,11,,Sebadja,זְבַדְיָ֙הוּ֙,7,False,,
13026002,12,,der,הַשְּׁלִישִׁ֔י,8,False,,
13026002,13,,dritte,הַשְּׁלִישִׁ֔י,8,False,,
13026002,14,,Jathniel,יַתְנִיאֵ֖ל,9,False,,
13026002,15,,der,הָרְבִיעִֽי׃,10,False,,
13026002,16,,vierte,הָרְבִיעִֽי׃,10,False,,
13026003,1,,Elam,עֵילָ֤ם,1,False,,
13026003,2,,der,הַחֲמִישִׁי֙,2,False,,
13026003,3,,fünfte,הַחֲמִישִׁי֙,2,False,,
13026003,4,,Jochanan,יְהוֹחָנָ֣ן,3,False,,
13026003,5,,der,הַשִּׁשִּׁ֔י,4,False,,
13026003,6,,sechste,הַשִּׁשִּׁ֔י,4,False,,
13026003,7,,Eljehoenai,אֶלְיְהוֹעֵינַ֖י,5,False,,
13026003,8,,der,הַשְּׁבִיעִֽי׃,6,False,,
13026003,9,,siebte,הַשְּׁבִיעִֽי׃,6,False,,
13026003,10,,,הַשְּׁבִיעִֽי׃,6,True,,
13026004,1,,Und,וּלְעֹבֵ֥ד,1,False,,
13026004,2,,Obed-Edom,וּלְעֹבֵ֥ד,1,False,,
13026004,2,,Obed-Edom,אֱדֹ֖ם,2,False,,
13026004,3,,hatte,בָּנִ֑ים,3,False,,
13026004,4,,Söhne,בָּנִ֑ים,3,False,,
13026004,5,,Schemaja,שְׁמַֽעְיָ֤ה,4,False,,
13026004,6,,der,הַבְּכוֹר֙,5,False,,
13026004,7,,Erstgeborene,הַבְּכוֹר֙,5,False,,
13026004,8,,Josabad,יְהוֹזָבָ֣ד,6,False,,
13026004,9,,der,הַשֵּׁנִ֔י,7,False,,
13026004,10,,zweite,הַשֵּׁנִ֔י,7,False,,
13026004,11,,Joach,יוֹאָ֤ח,8,False,,
13026004,12,,der,הַשְּׁלִשִׁי֙,9,False,,
13026004,13,,dritte,הַשְּׁלִשִׁי֙,9,False,,
13026004,14,,und,וְשָׂכָ֣ר,10,False,,
13026004,15,,Sakar,וְשָׂכָ֣ר,10,False,,
13026004,16,,der,הָרְבִיעִ֔י,11,False,,
13026004,17,,vierte,הָרְבִיעִ֔י,11,False,,
13026004,18,,und,וּנְתַנְאֵ֖ל,12,False,,
13026004,19,,Nethaneel,וּנְתַנְאֵ֖ל,12,False,,
13026004,20,,der,הַחֲמִישִֽׁי׃,13,False,,
13026004,21,,fünfte,הַחֲמִישִֽׁי׃,13,False,,
13026005,1,,Ammiel,עַמִּיאֵ֤ל,1,False,,
13026005,2,,der,הַשִּׁשִּׁי֙,2,False,,
13026005,3,,sechste,הַשִּׁשִּׁי֙,2,False,,
13026005,4,,Issaschar,יִשָׂשכָ֣ר,3,False,,
13026005,5,,der,הַשְּׁבִיעִ֔י,4,False,,
13026005,6,,siebte,הַשְּׁבִיעִ֔י,4,False,,
13026005,7,,Peullethai,פְּעֻלְּתַ֖י,5,False,,
13026005,8,,der,הַשְּׁמִינִ֑י,6,False,,
13026005,9,,achte,הַשְּׁמִינִ֑י,6,False,,
13026005,10,,denn,כִּ֥י,7,False,,
13026005,11,,Gott,אֱלֹהִֽים׃ פ,9,False,,
13026005,12,,hatte,בֵרֲכ֖וֹ,8,False,,
13026005,13,,ihn,בֵרֲכ֖וֹ,8,False,,
13026005,14,,gesegnet,בֵרֲכ֖וֹ,8,False,,
13026005,15,,,בֵרֲכ֖וֹ,8,True,,
13026006,1,,Und,וְלִֽשְׁמַֽעְיָ֤ה,1,False,,
13026006,2,,Schemaja,וְלִֽשְׁמַֽעְיָ֤ה,1,False,,
13026006,3,,seinem,בְנוֹ֙,2,False,,
13026006,4,,Sohne,בְנוֹ֙,2,False,,
13026006,5,,wurden,נוֹלַ֣ד,3,False,,
13026006,6,,Söhne,בָּנִ֔ים,4,False,,
13026006,7,,geboren,נוֹלַ֣ד,3,False,,
13026006,8,,welche,הַמִּמְשָׁלִ֖ים,5,False,,
13026006,9,,in,לְבֵ֣ית,6,False,,
13026006,10,,dem,לְבֵ֣ית,6,True,,
13026006,11,,Hause,לְבֵ֣ית,6,False,,
13026006,12,,ihres,אֲבִיהֶ֑ם,7,False,,
13026006,13,,Vaters,אֲבִיהֶ֑ם,7,False,,
13026006,14,,herrschten,הַמִּמְשָׁלִ֖ים,5,False,,
13026006,15,,denn,כִּֽי־,8,False,,
13026006,16,,sie,הֵֽמָּה׃,11,False,,
13026006,17,,waren,הֵֽמָּה׃,11,False,,
13026006,18,,tapfere,גִבּ֥וֹרֵי,9,False,,
13026006,19,,Männer,חַ֖יִל,10,False,,
13026007,1,,Die,בְּנֵ֣י,1,False,,
13026007,2,,Söhne,בְּנֵ֣י,1,False,,
13026007,3,,Schemajas,שְׁמַֽעְיָ֗ה,2,False,,
13026007,4,,Othni,עָ֠תְנִי,3,False,,
13026007,5,,und,וּרְפָאֵ֨ל,4,False,,
13026007,6,,Rephael,וּרְפָאֵ֨ל,4,False,,
13026007,7,,und,וְעוֹבֵ֧ד,5,False,,
13026007,8,,Obed,וְעוֹבֵ֧ד,5,False,,
13026007,9,,Elsabad,אֶלְזָבָ֛ד,6,False,,
13026007,10,,und,אֶחָ֖יו,7,False,,
13026007,11,,seine,אֶחָ֖יו,7,False,,
13026007,12,,Brüder,אֶחָ֖יו,7,False,,
13026007,13,,wackere,חָ֑יִל,9,False,,
13026007,14,,Männer,בְּנֵי־,8,False,,
13026007,15,,Elihu,אֱלִיה֖וּ,10,False,,
13026007,16,,und,וּסְמַכְיָֽהוּ׃,11,False,,
13026007,17,,Semakja,וּסְמַכְיָֽהוּ׃,11,False,,
13026008,1,,Alle,כָּל־,1,False,,
13026008,2,,diese,אֵ֜לֶּה,2,False,,
13026008,3,,von,מִבְּנֵ֣י׀,3,False,,
13026008,4,,den,מִבְּנֵ֣י׀,3,False,,
13026008,5,,Söhnen,מִבְּנֵ֣י׀,3,False,,
13026008,6,,Obed-Edoms,עֹבֵ֣ד,4,False,,
13026008,6,,Obed-Edoms,אֱדֹ֗ם,5,False,,
13026008,7,,sie,הֵ֤מָּה,6,False,,
13026008,8,,und,וּבְנֵיהֶם֙,7,False,,
13026008,9,,ihre,וּבְנֵיהֶם֙,7,False,,
13026008,10,,Söhne,וּבְנֵיהֶם֙,7,False,,
13026008,11,,und,וַאֲחֵיהֶ֔ם,8,False,,
13026008,12,,ihre,וַאֲחֵיהֶ֔ם,8,False,,
13026008,13,,Brüder,וַאֲחֵיהֶ֔ם,8,False,,
13026008,14,,waren,הֵ֤מָּה,6,False,,
13026008,15,,wackere,חַ֥יִל,10,False,,
13026008,16,,Männer,אִֽישׁ־,9,False,,
13026008,17,,fähig,חַ֥יִל,10,False,,
13026008,18,,zum,לַעֲבֹדָ֑ה,12,False,,
13026008,19,,Dienste,לַעֲבֹדָ֑ה,12,False,,
13026008,20,,62,שִׁשִּׁ֥ים,13,False,,
13026008,20,,62,וּשְׁנַ֖יִם,14,False,,
13026008,21,,von,לְעֹבֵ֥ד,15,False,,
13026008,22,,Obed-Edom,לְעֹבֵ֥ד,15,False,,
13026008,22,,Obed-Edom,אֱדֹֽם׃,16,False,,
13026008,23,,,בַּכֹּ֖חַ,11,False,,
13026009,1,,Und,וְלִמְשֶֽׁלֶמְיָ֗הוּ,1,False,,
13026009,2,,Meschelemja,וְלִמְשֶֽׁלֶמְיָ֗הוּ,1,False,,
13026009,3,,hatte,בָּנִ֧ים,2,False,,
13026009,4,,Söhne,בָּנִ֧ים,2,False,,
13026009,5,,und,וְאַחִ֛ים,3,False,,
13026009,6,,Brüder,וְאַחִ֛ים,3,False,,
13026009,7,,wackere,חָ֖יִל,5,False,,
13026009,8,,Männer,בְּנֵי־,4,False,,
13026009,9,,achtzehn,שְׁמוֹנָ֥ה,6,False,,
13026009,9,,achtzehn,עָשָֽׂר׃ ס,7,False,,
13026010,1,,Und,וּלְחֹסָ֥ה,1,False,,
13026010,2,,Hosa,וּלְחֹסָ֥ה,1,False,,
13026010,3,,von,מִן־,2,False,,
13026010,4,,den,בְּנֵי־,3,True,,
13026010,5,,Söhnen,בְּנֵי־,3,False,,
13026010,6,,Meraris,מְרָרִ֖י,4,False,,
13026010,7,,hatte,בָּנִ֑ים,5,False,,
13026010,8,,Söhne,בָּנִ֑ים,5,False,,
13026010,9,,Schimri,שִׁמְרִ֤י,6,False,,
13026010,10,,das,הָרֹאשׁ֙,7,True,,
13026010,11,,Haupt,הָרֹאשׁ֙,7,False,,
13026010,12,,obwohl,כִּ֣י,8,False,,
13026010,13,,er,כִּ֣י,8,False,,
13026010,14,,nicht,לֹא־,9,False,,
13026010,15,,der,בְכ֔וֹר,11,True,,
13026010,16,,Erstgeborene,בְכ֔וֹר,11,False,,
13026010,17,,war,הָיָ֣ה,10,False,,
13026010,18,,setzte,וַיְשִׂימֵ֥הוּ,12,False,,
13026010,19,,sein,אָבִ֖יהוּ,13,False,,
13026010,20,,Vater,אָבִ֖יהוּ,13,False,,
13026010,21,,ihn,וַיְשִׂימֵ֥הוּ,12,False,,
13026010,22,,doch,לְרֹֽאשׁ׃,14,True,,
13026010,23,,zum,לְרֹֽאשׁ׃,14,False,,
13026010,24,,Haupte,לְרֹֽאשׁ׃,14,False,,
13026011,1,,Hilkija,חִלְקִיָּ֤הוּ,1,False,,
13026011,2,,der,הַשֵּׁנִי֙,2,True,,
13026011,3,,zweite,הַשֵּׁנִי֙,2,False,,
13026011,4,,Tebalja,טְבַלְיָ֣הוּ,3,False,,
13026011,5,,der,הַשְּׁלִשִׁ֔י,4,True,,
13026011,6,,dritte,הַשְּׁלִשִׁ֔י,4,False,,
13026011,7,,Sekarja,זְכַרְיָ֖הוּ,5,False,,
13026011,8,,der,הָרְבִעִ֑י,6,True,,
13026011,9,,vierte,הָרְבִעִ֑י,6,False,,
13026011,10,,Aller,כָּל־,7,False,,
13026011,11,,Söhne,בָּנִ֧ים,8,False,,
13026011,12,,und,וְאַחִ֛ים,9,False,,
13026011,13,,Brüder,וְאַחִ֛ים,9,False,,
13026011,14,,Hosas,לְחֹסָ֖ה,10,False,,
13026011,15,,waren,שְׁלֹשָׁ֥ה,11,False,,
13026011,16,,dreizehn,עָשָֽׂר׃,12,False,,
13026012,1,,Diese,לְ֠אֵלֶּה,1,False,,
13026012,2,,Abteilungen,מַחְלְק֨וֹת,2,False,,
13026012,3,,der,הַשֹּֽׁעֲרִ֜ים,3,True,,
13026012,4,,Torhüter,הַשֹּֽׁעֲרִ֜ים,3,False,,
13026012,5,,nach,לְרָאשֵׁ֧י,4,False,,
13026012,6,,den,הַגְּבָרִ֛ים,5,True,,
13026012,7,,Häuptern,לְרָאשֵׁ֧י,4,False,,
13026012,8,,der,הַגְּבָרִ֛ים,5,True,,
13026012,9,,Männer,הַגְּבָרִ֛ים,5,False,,
13026012,10,,hatten,מִשְׁמָר֖וֹת,6,False,,
13026012,11,,die,מִשְׁמָר֖וֹת,6,True,,
13026012,12,,Wachen,מִשְׁמָר֖וֹת,6,False,,
13026012,13,,gleich,לְעֻמַּ֣ת,7,False,,
13026012,14,,ihren,אֲחֵיהֶ֑ם,8,False,,
13026012,15,,Brüdern,אֲחֵיהֶ֑ם,8,False,,
13026012,16,,um,לְשָׁרֵ֖ת,9,False,,
13026012,17,,in,בְּבֵ֥ית,10,False,,
13026012,18,,dem,בְּבֵ֥ית,10,True,,
13026012,19,,Hause,בְּבֵ֥ית,10,False,,
13026012,20,,Jahwes,יְהוָֽה׃,11,False,,
13026012,21,,zu,לְשָׁרֵ֖ת,9,True,,
13026012,22,,dienen,לְשָׁרֵ֖ת,9,False,,
13026013,1,,Und,וַיַּפִּ֨ילוּ,1,False,,
13026013,2,,sie,וַיַּפִּ֨ילוּ,1,False,,
13026013,3,,warfen,וַיַּפִּ֨ילוּ,1,False,,
13026013,4,,Lose,גוֹרָל֜וֹת,2,False,,
13026013,5,,der,כַּקָּטֹ֧ן,3,True,,
13026013,6,,Kleine,כַּקָּטֹ֧ן,3,False,,
13026013,7,,wie,כַּגָּד֛וֹל,4,True,,
13026013,8,,der,כַּגָּד֛וֹל,4,True,,
13026013,9,,Große,כַּגָּד֛וֹל,4,False,,
13026013,10,,nach,לְבֵ֥ית,5,False,,
13026013,11,,ihren,אֲבוֹתָ֖ם,6,False,,
13026013,12,,Vaterhäusern,אֲבוֹתָ֖ם,6,False,,
13026013,13,,für,לְשַׁ֥עַר,7,False,,
13026013,14,,jedes,לְשַׁ֥עַר,7,False,,
13026013,15,,Tor,לְשַׁ֥עַר,7,False,,
13026014,1,,Und,וַיִּפֹּ֧ל,1,False,,
13026014,2,,für,לְשֶֽׁלֶמְיָ֑הוּ,4,True,,
13026014,3,,Schelemja,לְשֶֽׁלֶמְיָ֑הוּ,4,False,,
13026014,4,,fiel,וַיִּפֹּ֧ל,1,False,,
13026014,5,,das,הַגּוֹרָ֛ל,2,True,,
13026014,6,,Los,הַגּוֹרָ֛ל,2,False,,
13026014,7,,gegen,מִזְרָ֖חָה,3,False,,
13026014,8,,Osten,מִזְרָ֖חָה,3,False,,
13026014,9,,Und,הִפִּ֙ילוּ֙,9,False,,
13026014,10,,sie,הִפִּ֙ילוּ֙,9,False,,
13026014,11,,warfen,הִפִּ֙ילוּ֙,9,False,,
13026014,12,,Lose,גּֽוֹרָל֔וֹת,10,False,,
13026014,13,,für,בְנ֜וֹ,6,True,,
13026014,14,,seinen,בְנ֜וֹ,6,False,,
13026014,15,,Sohn,בְנ֜וֹ,6,False,,
13026014,16,,Sekarja,וּזְכַרְיָ֨הוּ,5,False,,
13026014,17,,der,יוֹעֵ֣ץ׀,7,True,,
13026014,18,,ein,יוֹעֵ֣ץ׀,7,True,,
13026014,19,,verständiger,בְּשֶׂ֗כֶל,8,False,,
13026014,20,,Ratgeber,בְּשֶׂ֗כֶל,8,False,,
13026014,21,,war,יוֹעֵ֣ץ׀,7,False,,
13026014,22,,und,וַיֵּצֵ֥א,11,False,,
13026014,23,,sein,גוֹרָל֖וֹ,12,False,,
13026014,24,,Los,גוֹרָל֖וֹ,12,False,,
13026014,25,,kam,וַיֵּצֵ֥א,11,False,,
13026014,26,,heraus,וַיֵּצֵ֥א,11,False,,
13026014,27,,gegen,צָפֽוֹנָה׃ ס,13,False,,
13026014,28,,Norden,צָפֽוֹנָה׃ ס,13,False,,
13026015,1,,Für,לְעֹבֵ֥ד,1,False,,
13026015,2,,Obed-Edom,לְעֹבֵ֥ד,1,False,,
13026015,3,,gegen,נֶ֑גְבָּה,3,False,,
13026015,4,,Süden,נֶ֑גְבָּה,3,False,,
13026015,5,,und,וּלְבָנָ֖יו,4,False,,
13026015,6,,seinen,וּלְבָנָ֖יו,4,False,,
13026015,7,,Söhnen,וּלְבָנָ֖יו,4,False,,
13026015,8,,fiel,הָאֲסֻפִּֽים׃,6,False,,
13026015,9,,das,הָאֲסֻפִּֽים׃,6,True,,
13026015,10,,Vorratshaus,הָאֲסֻפִּֽים׃,6,False,,
13026015,11,,zu,בֵּ֥ית,5,False,,
13026016,1,,Für,לְשֻׁפִּ֤ים,1,False,,
13026016,2,,Schuppim,לְשֻׁפִּ֤ים,1,False,,
13026016,3,,und,וּלְחֹסָה֙,2,False,,
13026016,4,,für,וּלְחֹסָה֙,2,False,,
13026016,5,,Hosa,וּלְחֹסָה֙,2,False,,
13026016,6,,gegen,לַֽמַּעֲרָ֔ב,3,False,,
13026016,7,,Westen,לַֽמַּעֲרָ֔ב,3,False,,
13026016,8,,bei,עִ֚ם,4,False,,
13026016,9,,dem,שַׁ֣עַר,5,True,,
13026016,10,,Tore,שַׁ֣עַר,5,False,,
13026016,11,,Schalleketh,שַׁלֶּ֔כֶת,6,False,,
13026016,12,,an,בַּֽמְסִלָּ֖ה,7,False,,
13026016,13,,der,בַּֽמְסִלָּ֖ה,7,True,,
13026016,14,,aufsteigenden,הָעוֹלָ֑ה,8,False,,
13026016,15,,Straße,בַּֽמְסִלָּ֖ה,7,False,,
13026016,16,,Wache,מִשְׁמָ֖ר,9,False,,
13026016,17,,gegen,לְעֻמַּ֥ת,10,False,,
13026016,18,,Wache,מִשְׁמָֽר׃,11,False,,
13026017,1,,Gegen,לַמִּזְרָח֮,1,False,,
13026017,2,,Osten,לַמִּזְרָח֮,1,False,,
13026017,3,,waren,הַלְוִיִּ֣ם,2,False,,
13026017,4,,sechs,שִׁשָּׁה֒,3,False,,
13026017,5,,Leviten,הַלְוִיִּ֣ם,2,False,,
13026017,6,,gegen,לַצָּפ֤וֹנָה,4,False,,
13026017,7,,Norden,לַצָּפ֤וֹנָה,4,False,,
13026017,8,,täglich,לַיּוֹם֙,5,False,,
13026017,9,,vier,אַרְבָּעָ֔ה,6,False,,
13026017,10,,gegen,לַנֶּ֥גְבָּה,7,False,,
13026017,11,,Süden,לַנֶּ֥גְבָּה,7,False,,
13026017,12,,täglich,לַיּ֖וֹם,8,False,,
13026017,13,,vier,אַרְבָּעָ֑ה,9,False,,
13026017,14,,und,וְלָאֲסֻפִּ֖ים,10,False,,
13026017,15,,an,וְלָאֲסֻפִּ֖ים,10,False,,
13026017,16,,dem,וְלָאֲסֻפִּ֖ים,10,True,,
13026017,17,,Vorratshause,וְלָאֲסֻפִּ֖ים,10,False,,
13026017,18,,je,שְׁנַ֥יִם,11,True,,
13026017,19,,zwei,שְׁנַ֥יִם,11,False,,
13026018,1,,an,לַפַּרְבָּ֖ר,1,False,,
13026018,2,,dem,לַפַּרְבָּ֖ר,1,True,,
13026018,3,,Parbar,לַפַּרְבָּ֖ר,1,False,,
13026018,4,,gegen,לַֽמַּעֲרָ֑ב,2,False,,
13026018,5,,Westen,לַֽמַּעֲרָ֑ב,2,False,,
13026018,6,,vier,אַרְבָּעָה֙,3,False,,
13026018,7,,an,לַֽמְסִלָּ֔ה,4,False,,
13026018,8,,der,לַֽמְסִלָּ֔ה,4,True,,
13026018,9,,Straße,לַֽמְסִלָּ֔ה,4,False,,
13026018,10,,zwei,שְׁנַ֖יִם,5,False,,
13026018,11,,an,לַפַּרְבָּֽר׃,6,False,,
13026018,12,,dem,לַפַּרְבָּֽר׃,6,True,,
13026018,13,,Parbar,לַפַּרְבָּֽר׃,6,False,,
13026019,1,,Das,אֵ֗לֶּה,1,False,,
13026019,2,,sind,אֵ֗לֶּה,1,False,,
13026019,3,,die,מַחְלְקוֹת֙,2,True,,
13026019,4,,Abteilungen,מַחְלְקוֹת֙,2,False,,
13026019,5,,der,הַשֹּׁ֣עֲרִ֔ים,3,False,,
13026019,6,,Torhüter,הַשֹּׁ֣עֲרִ֔ים,3,False,,
13026019,7,,von,לִבְנֵ֥י,4,False,,
13026019,8,,den,לִבְנֵ֥י,4,True,,
13026019,9,,Söhnen,לִבְנֵ֥י,4,False,,
13026019,10,,der,הַקָּרְחִ֖י,5,True,,
13026019,11,,Korhiter,הַקָּרְחִ֖י,5,False,,
13026019,12,,und,וְלִבְנֵ֥י,6,False,,
13026019,13,,von,וְלִבְנֵ֥י,6,False,,
13026019,14,,den,וְלִבְנֵ֥י,6,True,,
13026019,15,,Söhnen,וְלִבְנֵ֥י,6,False,,
13026019,16,,Meraris,מְרָרִֽי׃,7,False,,
13026020,1,,Und,וְֽהַלְוִיִּ֑ם,1,False,,
13026020,2,,die,וְֽהַלְוִיִּ֑ם,1,True,,
13026020,3,,Leviten,וְֽהַלְוִיִּ֑ם,1,False,,
13026020,4,,Achija,אֲחִיָּ֗ה,2,False,,
13026020,5,,war,,,True,4,Achija
13026020,6,,über,עַל־,3,False,,
13026020,7,,die,אֽוֹצְרוֹת֙,4,True,,
13026020,8,,Schätze,אֽוֹצְרוֹת֙,4,False,,
13026020,9,,des,בֵּ֣ית,5,True,,
13026020,10,,Hauses,בֵּ֣ית,5,False,,
13026020,11,,Gottes,הָאֱלֹהִ֔ים,6,False,,
13026020,12,,und,וּלְאֹֽצְר֖וֹת,7,False,,
13026020,13,,über,וּלְאֹֽצְר֖וֹת,7,False,,
13026020,14,,die,הַקֳּדָשִֽׁים׃,8,True,,
13026020,15,,Schätze,הַקֳּדָשִֽׁים׃,8,False,,
13026020,16,,der,הַקֳּדָשִֽׁים׃,8,True,,
13026020,17,,geheiligten,הַקֳּדָשִֽׁים׃,8,False,,
13026020,18,,Dinge,הַקֳּדָשִֽׁים׃,8,False,,
13026020,19,,,,,True,18,Dinge
13026021,1,,Die,בְּנֵ֣י,1,True,,
13026021,2,,Söhne,בְּנֵ֣י,1,False,,
13026021,3,,Ladans,לַ֠עְדָּן,2,False,,
13026021,4,,die,בְּנֵ֨י,3,True,,
13026021,5,,Söhne,בְּנֵ֨י,3,False,,
13026021,6,,der,הַגֵּרְשֻׁנִּ֜י,4,True,,
13026021,7,,Gersoniter,הַגֵּרְשֻׁנִּ֜י,4,False,,
13026021,8,,von,לְלַעְדָּ֗ן,5,False,,
13026021,9,,Ladan,לְלַעְדָּ֗ן,5,False,,
13026021,10,,die,רָאשֵׁ֧י,6,True,,
13026021,11,,Häupter,רָאשֵׁ֧י,6,False,,
13026021,12,,der,הָאָב֛וֹת,7,True,,
13026021,13,,Väter,הָאָב֛וֹת,7,False,,
13026021,14,,von,לְלַעְדָּ֥ן,8,False,,
13026021,15,,Ladan,לְלַעְדָּ֥ן,8,False,,
13026021,16,,dem,הַגֵּרְשֻׁנִּ֖י,9,True,,
13026021,17,,Gersoniter,הַגֵּרְשֻׁנִּ֖י,9,False,,
13026021,18,,die,יְחִיאֵלִֽי׃,10,True,,
13026021,19,,Jechieliter,יְחִיאֵלִֽי׃,10,False,,
13026022,1,,die,בְּנֵ֖י,1,True,,
13026022,2,,Söhne,בְּנֵ֖י,1,False,,
13026022,3,,der,יְחִֽיאֵלִ֑י,2,True,,
13026022,4,,Jechieliter,יְחִֽיאֵלִ֑י,2,False,,
13026022,5,,Setham,זֵתָם֙,3,False,,
13026022,6,,und,וְיוֹאֵ֣ל,4,False,,
13026022,7,,sein,אָחִ֔יו,5,True,,
13026022,8,,Bruder,אָחִ֔יו,5,False,,
13026022,9,,Joel,וְיוֹאֵ֣ל,4,False,,
13026022,10,,waren,,,True,9,Joel
13026022,11,,über,עַל־,6,False,,
13026022,12,,die,אֹצְר֖וֹת,7,True,,
13026022,13,,Schätze,אֹצְר֖וֹת,7,False,,
13026022,14,,des,בֵּ֥ית,8,True,,
13026022,15,,Hauses,בֵּ֥ית,8,False,,
13026022,16,,Jahwes,יְהוָֽה׃,9,False,,
13026022,17,,,,,True,16,Jahwes
13026023,1,,Was,לַֽעַמְרָמִי֙,1,True,,
13026023,2,,die,לַֽעַמְרָמִי֙,1,True,,
13026023,3,,Amramiter,לַֽעַמְרָמִי֙,1,False,,
13026023,4,,die,לַיִּצְהָרִ֔י,2,True,,
13026023,5,,Jizhariter,לַיִּצְהָרִ֔י,2,False,,
13026023,6,,die,לַֽחֶבְרוֹנִ֖י,3,True,,
13026023,7,,Hebroniter,לַֽחֶבְרוֹנִ֖י,3,False,,
13026023,8,,die,לָֽעָזִּיאֵלִֽי׃,4,True,,
13026023,9,,Ussieliter,לָֽעָזִּיאֵלִֽי׃,4,False,,
13026023,10,,betrifft,,,True,9,Ussieliter
13026024,1,,so,,,True,3,Schebuel
13026024,2,,war,נָגִ֖יד,6,True,,
13026024,3,,Schebuel,וּשְׁבֻאֵל֙,1,False,,
13026024,4,,der,בֶּן־,2,True,,
13026024,5,,Sohn,בֶּן־,2,False,,
13026024,6,,Gersoms,גֵּרְשׁ֣וֹם,3,False,,
13026024,7,,des,בֶּן־,4,True,,
13026024,8,,Sohnes,בֶּן־,4,False,,
13026024,9,,Moses,מֹשֶׁ֔ה,5,False,,
13026024,10,,Oberaufseher,נָגִ֖יד,6,False,,
13026024,11,,über,עַל־,7,False,,
13026024,12,,die,הָאֹצָרֽוֹת׃,8,True,,
13026024,13,,Schätze,הָאֹצָרֽוֹת׃,8,False,,
13026024,14,,,,,True,13,Schätze
13026025,1,,Und,,,True,3,Brüder
13026025,2,,seine,וְאֶחָ֖יו,1,True,,
13026025,3,,Brüder,וְאֶחָ֖יו,1,False,,
13026025,4,,von,לֶֽאֱלִיעֶ֑זֶר,2,False,,
13026025,5,,Elieser,לֶֽאֱלִיעֶ֑זֶר,2,False,,
13026025,6,,dessen,בְנ֜וֹ,4,True,,
13026025,7,,Sohn,בְנ֜וֹ,4,False,,
13026025,8,,Rechabja,רְחַבְיָ֨הוּ,3,False,,
13026025,9,,und,וִֽישַׁעְיָ֤הוּ,5,False,,
13026025,10,,dessen,בְנוֹ֙,6,True,,
13026025,11,,Sohn,בְנוֹ֙,6,False,,
13026025,12,,Jesaja,וִֽישַׁעְיָ֤הוּ,5,False,,
13026025,13,,und,וְיֹרָ֣ם,7,False,,
13026025,14,,dessen,בְּנ֔וֹ,8,True,,
13026025,15,,Sohn,בְּנ֔וֹ,8,False,,
13026025,16,,Joram,וְיֹרָ֣ם,7,False,,
13026025,17,,und,וְזִכְרִ֥י,9,False,,
13026025,18,,dessen,בְנ֖וֹ,10,True,,
13026025,19,,Sohn,בְנ֖וֹ,10,False,,
13026025,20,,Sikri,וְזִכְרִ֥י,9,False,,
13026025,21,,und,וּשְׁלֹמִ֥ית,11,False,,
13026025,22,,dessen,בְּנֽוֹ׃,12,True,,
13026025,23,,Sohn,בְּנֽוֹ׃,12,False,,
13026025,24,,Schelomith,וּשְׁלֹמִ֥ית,11,False,,
13026026,1,,Dieser,ה֧וּא,1,False,,
13026026,2,,Schelomith,שְׁלֹמ֣וֹת,2,False,,
13026026,3,,und,וְאֶחָ֗יו,3,False,,
13026026,4,,seine,וְאֶחָ֗יו,3,True,,
13026026,5,,Brüder,וְאֶחָ֗יו,3,False,,
13026026,6,,waren,,,True,5,Brüder
13026026,7,,über,עַ֣ל,4,False,,
13026026,8,,alle,כָּל־,5,False,,
13026026,9,,Schätze,אֹצְר֤וֹת,6,False,,
13026026,10,,der,הַקֳּדָשִׁים֙,7,True,,
13026026,11,,geheiligten,הַקֳּדָשִׁים֙,7,False,,
13026026,12,,Dinge,הַקֳּדָשִׁים֙,7,False,,
13026026,13,,welche,אֲשֶׁ֨ר,8,False,,
13026026,14,,der,הִקְדִּ֜ישׁ,9,True,,
13026026,15,,König,הַמֶּ֗לֶךְ,11,False,,
13026026,16,,David,דָּוִ֣יד,10,False,,
13026026,17,,und,וְרָאשֵׁ֧י,12,False,,
13026026,18,,die,וְרָאשֵׁ֧י,12,True,,
13026026,19,,Häupter,וְרָאשֵׁ֧י,12,False,,
13026026,20,,der,הָאָב֛וֹת,13,True,,
13026026,21,,Väter,הָאָב֛וֹת,13,False,,
13026026,22,,die,לְשָׂרֵֽי־,14,True,,
13026026,23,,Obersten,לְשָׂרֵֽי־,14,False,,
13026026,24,,über,לְשָׂרֵֽי־,14,True,,
13026026,25,,tausend,הָאֲלָפִ֥ים,15,False,,
13026026,26,,und,וְהַמֵּא֖וֹת,16,False,,
13026026,27,,über,וְהַמֵּא֖וֹת,16,False,,
13026026,28,,hundert,וְהַמֵּא֖וֹת,16,False,,
13026026,29,,und,וְשָׂרֵ֥י,17,False,,
13026026,30,,die,הַצָּבָֽא׃,18,True,,
13026026,31,,Obersten,הַצָּבָֽא׃,18,False,,
13026026,32,,des,הַצָּבָֽא׃,18,True,,
13026026,33,,Heeres,הַצָּבָֽא׃,18,False,,
13026026,34,,geheiligt,הִקְדִּ֜ישׁ,9,False,,
13026026,35,,hatten,,,True,34,geheiligt
13026027,1,,von,מִן־,1,False,,
13026027,2,,den,הַמִּלְחָמ֥וֹת,2,True,,
13026027,3,,Kriegen,הַמִּלְחָמ֥וֹת,2,False,,
13026027,4,,und,וּמִן־,3,False,,
13026027,5,,von,וּמִן־,3,False,,
13026027,6,,der,הַשָּׁלָ֖ל,4,True,,
13026027,7,,Beute,הַשָּׁלָ֖ל,4,False,,
13026027,8,,hatten,הִקְדִּ֑ישׁוּ,5,False,,
13026027,9,,sie,הִקְדִּ֑ישׁוּ,5,True,,
13026027,10,,sie,הִקְדִּ֑ישׁוּ,5,True,,
13026027,11,,geheiligt,הִקְדִּ֑ישׁוּ,5,False,,
13026027,12,,zur,לְחַזֵּ֖ק,6,False,,
13026027,13,,Unterhaltung,לְחַזֵּ֖ק,6,False,,
13026027,14,,des,לְבֵ֥ית,7,True,,
13026027,15,,Hauses,לְבֵ֥ית,7,False,,
13026027,16,,Jahwes,יְהוָֽה׃,8,False,,
13026028,1,,und,וְכֹ֨ל,1,False,,
13026028,2,,über,עַ֥ל,16,False,,
13026028,3,,alles,וְכֹ֨ל,1,False,,
13026028,4,,was,הַֽהִקְדִּ֜ישׁ,2,True,,
13026028,5,,Samuel,שְׁמוּאֵ֤ל,3,False,,
13026028,6,,der,הָרֹאֶה֙,4,True,,
13026028,7,,Seher,הָרֹאֶה֙,4,False,,
13026028,8,,und,וְשָׁא֣וּל,5,False,,
13026028,9,,Saul,וְשָׁא֣וּל,5,False,,
13026028,10,,der,בֶּן־,6,True,,
13026028,11,,Sohn,בֶּן־,6,False,,
13026028,12,,Kis,קִ֔ישׁ,7,False,,
13026028,13,,und,וְאַבְנֵ֣ר,8,False,,
13026028,14,,Abner,וְאַבְנֵ֣ר,8,False,,
13026028,15,,der,בֶּן־,9,True,,
13026028,16,,Sohn,בֶּן־,9,False,,
13026028,17,,Ners,נֵ֔ר,10,False,,
13026028,18,,und,וְיוֹאָ֖ב,11,False,,
13026028,19,,Joab,וְיוֹאָ֖ב,11,False,,
13026028,20,,der,בֶּן־,12,True,,
13026028,21,,Sohn,בֶּן־,12,False,,
13026028,22,,der,צְרוּיָ֑ה,13,True,,
13026028,23,,Zeruja,צְרוּיָ֑ה,13,False,,
13026028,24,,geheiligt,הַמַּקְדִּ֔ישׁ,15,False,,
13026028,25,,hatten,הַמַּקְדִּ֔ישׁ,15,False,,
13026028,26,,Alles,כֹּ֚ל,14,False,,
13026028,27,,Geheiligte,הַמַּקְדִּ֔ישׁ,15,False,,
13026028,28,,stand,,,True,27,Geheiligte
13026028,29,,unter,עַ֥ל,16,False,,
13026028,30,,der,יַד־,17,True,,
13026028,31,,Aufsicht,יַד־,17,False,,
13026028,32,,Schelomiths,שְׁלֹמִ֖ית,18,False,,
13026028,33,,und,וְאֶחָֽיו׃ פ,19,False,,
13026028,34,,seiner,וְאֶחָֽיו׃ פ,19,True,,
13026028,35,,Brüder,וְאֶחָֽיו׃ פ,19,False,,
13026028,36,,,,,True,35,Brüder
13026029,1,,Von,לַיִּצְהָרִ֞י,1,False,,
13026029,2,,den,לַיִּצְהָרִ֞י,1,True,,
13026029,3,,Jizharitern,לַיִּצְהָרִ֞י,1,False,,
13026029,4,,waren,,,True,5,Kenanja
13026029,5,,Kenanja,כְּנַנְיָ֣הוּ,2,False,,
13026029,6,,und,וּבָנָ֗יו,3,False,,
13026029,7,,seine,וּבָנָ֗יו,3,True,,
13026029,8,,Söhne,וּבָנָ֗יו,3,False,,
13026029,9,,für,לַמְּלָאכָ֤ה,4,False,,
13026029,10,,die,לַמְּלָאכָ֤ה,4,True,,
13026029,11,,äußeren,הַחִֽיצוֹנָה֙,5,False,,
13026029,12,,Geschäfte,לַמְּלָאכָ֤ה,4,False,,
13026029,13,,über,עַל־,6,False,,
13026029,14,,Israel,יִשְׂרָאֵ֔ל,7,False,,
13026029,15,,als,לְשֹׁטְרִ֖ים,8,True,,
13026029,16,,Vorsteher,לְשֹׁטְרִ֖ים,8,False,,
13026029,17,,und,וּלְשֹׁפְטִֽים׃,9,False,,
13026029,18,,Richter,וּלְשֹׁפְטִֽים׃,9,False,,
13026029,19,,,,,True,18,Richter
13026030,1,,Von,לַֽחֶבְרוֹנִ֡י,1,False,,
13026030,2,,den,לַֽחֶבְרוֹנִ֡י,1,True,,
13026030,3,,Hebronitern,לַֽחֶבְרוֹנִ֡י,1,False,,
13026030,4,,waren,חַ֜יִל,5,False,,
13026030,5,,Haschabja,חֲשַׁבְיָהוּ֩,2,False,,
13026030,6,,und,וְאֶחָ֨יו,3,False,,
13026030,7,,seine,וְאֶחָ֨יו,3,False,,
13026030,8,,Brüder,וְאֶחָ֨יו,3,False,,
13026030,9,,wackere,חַ֜יִל,5,False,,
13026030,10,,Männer,בְּנֵי־,4,False,,
13026030,11,,1700,אֶ֣לֶף,6,False,,
13026030,11,,1700,וּשְׁבַע־,7,False,,
13026030,11,,1700,מֵא֗וֹת,8,False,,
13026030,12,,zur,עַ֚ל,9,True,,
13026030,13,,Aufsicht,פְּקֻדַּ֣ת,10,False,,
13026030,14,,über,מֵעֵ֥בֶר,12,False,,
13026030,15,,Israel,יִשְׂרָאֵ֔ל,11,False,,
13026030,16,,diesseit,מֵעֵ֥בֶר,12,False,,
13026030,17,,des,לַיַּרְדֵּ֖ן,13,False,,
13026030,18,,Jordan,לַיַּרְדֵּ֖ן,13,False,,
13026030,19,,gegen,מַעְרָ֑בָה,14,False,,
13026030,20,,Abend,מַעְרָ֑בָה,14,False,,
13026030,21,,für,לְכֹל֙,15,False,,
13026030,22,,alle,לְכֹל֙,15,False,,
13026030,23,,Angelegenheiten,מְלֶ֣אכֶת,16,False,,
13026030,24,,Jahwes,יְהוָ֔ה,17,False,,
13026030,25,,und,וְלַעֲבֹדַ֖ת,18,False,,
13026030,26,,für,וְלַעֲבֹדַ֖ת,18,False,,
13026030,27,,den,הַמֶּֽלֶךְ׃,19,True,,
13026030,28,,Dienst,וְלַעֲבֹדַ֖ת,18,False,,
13026030,29,,des,הַמֶּֽלֶךְ׃,19,False,,
13026030,30,,Königs,הַמֶּֽלֶךְ׃,19,False,,
13026030,31,,,הַמֶּֽלֶךְ׃,19,True,,
13026031,1,,Von,לַֽחֶבְרוֹנִי֙,1,False,,
13026031,2,,den,לַֽחֶבְרוֹנִי֙,1,True,,
13026031,3,,Hebronitern,לַֽחֶבְרוֹנִי֙,1,False,,
13026031,4,,war,וַיִּמָּצֵ֥א,12,False,,
13026031,5,,Jerija,יְרִיָּ֣ה,2,False,,
13026031,6,,das,הָרֹ֔אשׁ,3,True,,
13026031,7,,Haupt,הָרֹ֔אשׁ,3,False,,
13026031,8,,von,לַֽחֶבְרוֹנִ֥י,4,False,,
13026031,9,,den,לַֽחֶבְרוֹנִ֥י,4,True,,
13026031,10,,Hebronitern,לַֽחֶבְרוֹנִ֥י,4,False,,
13026031,11,,nach,לְתֹלְדֹתָ֖יו,5,False,,
13026031,12,,ihren,לְתֹלְדֹתָ֖יו,5,False,,
13026031,13,,Geschlechtern,לְתֹלְדֹתָ֖יו,5,False,,
13026031,14,,nach,לְאָב֑וֹת,6,False,,
13026031,15,,den,לְאָב֑וֹת,6,True,,
13026031,16,,Vätern,לְאָב֑וֹת,6,False,,
13026031,17,,im,בִּשְׁנַ֨ת,7,False,,
13026031,18,,vierzigsten,הָֽאַרְבָּעִ֜ים,8,False,,
13026031,19,,Jahre,בִּשְׁנַ֨ת,7,False,,
13026031,20,,der,לְמַלְכ֤וּת,9,True,,
13026031,21,,Regierung,לְמַלְכ֤וּת,9,False,,
13026031,22,,Davids,דָּוִיד֙,10,False,,
13026031,23,,forschte,נִדְרָ֔שׁוּ,11,False,,
13026031,24,,man,נִדְרָ֔שׁוּ,11,False,,
13026031,25,,nach,נִדְרָ֔שׁוּ,11,False,,
13026031,26,,ihnen,בָהֶ֛ם,13,False,,
13026031,27,,und,וַיִּמָּצֵ֥א,12,False,,
13026031,28,,es,וַיִּמָּצֵ֥א,12,True,,
13026031,29,,fanden,וַיִּמָּצֵ֥א,12,False,,
13026031,30,,sich,וַיִּמָּצֵ֥א,12,True,,
13026031,31,,unter,בָהֶ֛ם,13,False,,
13026031,32,,ihnen,בָהֶ֛ם,13,False,,
13026031,33,,tüchtige,גִּבּ֥וֹרֵי,14,False,,
13026031,34,,Männer,חַ֖יִל,15,False,,
13026031,35,,zu,בְּיַעְזֵ֥יר,16,False,,
13026031,36,,Jaser-Gilead,בְּיַעְזֵ֥יר,16,False,,
13026032,1,,und,וְאֶחָ֣יו,1,False,,
13026032,2,,seine,וְאֶחָ֣יו,1,False,,
13026032,3,,Brüder,וְאֶחָ֣יו,1,False,,
13026032,4,,wackere,חַ֗יִל,3,False,,
13026032,5,,Männer,בְּנֵי־,2,False,,
13026032,6,,waren,וַיַּפְקִידֵ֞ם,9,False,,
13026032,7,,2700,אַלְפַּ֛יִם,4,False,,
13026032,7,,2700,וּשְׁבַ֥ע,5,False,,
13026032,7,,2700,מֵא֖וֹת,6,False,,
13026032,8,,Häupter,רָאשֵׁ֣י,7,False,,
13026032,9,,der,הָאָב֑וֹת,8,True,,
13026032,10,,Väter,הָאָב֑וֹת,8,False,,
13026032,11,,Und,וַיַּפְקִידֵ֞ם,9,False,,
13026032,12,,der,הַמֶּ֗לֶךְ,11,True,,
13026032,13,,König,הַמֶּ֗לֶךְ,11,False,,
13026032,14,,David,דָּוִ֣יד,10,False,,
13026032,15,,bestellte,וַיַּפְקִידֵ֞ם,9,False,,
13026032,16,,sie,וַיַּפְקִידֵ֞ם,9,False,,
13026032,17,,über,עַל־,12,False,,
13026032,18,,die,הָראוּבֵנִ֤י,13,True,,
13026032,19,,Rubeniter,הָראוּבֵנִ֤י,13,False,,
13026032,20,,und,וְהַגָּדִי֙,14,False,,
13026032,21,,die,וְהַגָּדִי֙,14,True,,
13026032,22,,Gaditer,וְהַגָּדִי֙,14,False,,
13026032,23,,und,וַחֲצִי֙,15,False,,
13026032,24,,den,שֵׁ֣בֶט,16,True,,
13026032,25,,halben,וַחֲצִי֙,15,False,,
13026032,26,,Stamm,שֵׁ֣בֶט,16,False,,
13026032,27,,Manasse,הַֽמְנַשִּׁ֔י,17,False,,
13026032,28,,für,לְכָל־,18,False,,
13026032,29,,alle,לְכָל־,18,False,,
13026032,30,,Angelegenheiten,דְּבַ֥ר,19,False,,
13026032,31,,Gottes,הָאֱלֹהִ֖ים,20,False,,
13026032,32,,und,וּדְבַ֥ר,21,False,,
13026032,33,,für,וּדְבַ֥ר,21,False,,
13026032,34,,die,הַמֶּֽלֶךְ׃ פ,22,True,,
13026032,35,,Angelegenheiten,וּדְבַ֥ר,21,False,,
13026032,36,,des,הַמֶּֽלֶךְ׃ פ,22,False,,
13026032,37,,Königs,הַמֶּֽלֶךְ׃ פ,22,False,,
13027001,1,,Und,וּבְנֵ֣י,1,False,,
13027001,2,,die,יִשְׂרָאֵ֣ל׀,2,True,,
13027001,3,,Kinder,וּבְנֵ֣י,1,False,,
13027001,4,,Israel,יִשְׂרָאֵ֣ל׀,2,False,,
13027001,5,,nach,לְֽמִסְפָּרָ֡ם,3,False,,
13027001,6,,ihrer,לְֽמִסְפָּרָ֡ם,3,False,,
13027001,7,,Zahl,לְֽמִסְפָּרָ֡ם,3,False,,
13027001,8,,die,רָאשֵׁ֣י,4,True,,
13027001,9,,Häupter,רָאשֵׁ֣י,4,False,,
13027001,10,,der,הָאָב֣וֹת,5,False,,
13027001,11,,Väter,הָאָב֣וֹת,5,False,,
13027001,12,,und,וְשָׂרֵ֣י,6,False,,
13027001,13,,die,וְשָׂרֵ֣י,6,True,,
13027001,14,,Obersten,וְשָׂרֵ֣י,6,False,,
13027001,15,,über,הָֽאֲלָפִ֣ים׀,7,False,,
13027001,16,,tausend,הָֽאֲלָפִ֣ים׀,7,False,,
13027001,17,,und,וְהַמֵּא֡וֹת,8,False,,
13027001,18,,über,וְהַמֵּא֡וֹת,8,False,,
13027001,19,,hundert,וְהַמֵּא֡וֹת,8,False,,
13027001,20,,und,וְשֹׁטְרֵיהֶם֩,9,False,,
13027001,21,,ihre,וְשֹׁטְרֵיהֶם֩,9,False,,
13027001,22,,Vorsteher,וְשֹׁטְרֵיהֶם֩,9,False,,
13027001,23,,die,הַמְשָׁרְתִ֨ים,10,True,,
13027001,24,,dem,אֶת־,11,True,,
13027001,25,,König,הַמֶּ֜לֶךְ,12,False,,
13027001,26,,dienten,הַמְשָׁרְתִ֨ים,10,False,,
13027001,27,,in,לְכֹ֣ל׀,13,False,,
13027001,28,,allen,לְכֹ֣ל׀,13,False,,
13027001,29,,Angelegenheiten,דְּבַ֣ר,14,False,,
13027001,30,,der,הַֽמַּחְלְק֗וֹת,15,False,,
13027001,31,,Abteilungen,הַֽמַּחְלְק֗וֹת,15,False,,
13027001,32,,der,הַבָּאָ֤ה,16,True,,
13027001,33,,antretenden,הַבָּאָ֤ה,16,False,,
13027001,34,,und,וְהַיֹּצֵאת֙,17,False,,
13027001,35,,der,וְהַיֹּצֵאת֙,17,True,,
13027001,36,,abtretenden,וְהַיֹּצֵאת֙,17,False,,
13027001,37,,Monat,חֹ֣דֶשׁ,18,False,,
13027001,38,,für,בְּחֹ֔דֶשׁ,19,False,,
13027001,39,,Monat,חֹ֣דֶשׁ,18,False,,
13027001,40,,für,לְכֹ֖ל,20,False,,
13027001,41,,alle,לְכֹ֖ל,20,False,,
13027001,42,,Monate,חָדְשֵׁ֣י,21,False,,
13027001,43,,des,הַשָּׁנָ֑ה,22,False,,
13027001,44,,Jahres,הַשָּׁנָ֑ה,22,False,,
13027001,45,,eine,הָֽאַחַ֔ת,24,False,,
13027001,46,,jede,הָֽאַחַ֔ת,24,False,,
13027001,47,,Abteilung,הַֽמַּחֲלֹ֙קֶת֙,23,False,,
13027001,48,,zählte,הַֽמַּחֲלֹ֙קֶת֙,23,False,,
13027001,49,,24000,עֶשְׂרִ֥ים,25,False,,
13027001,49,,24000,וְאַרְבָּעָ֖ה,26,False,,
13027001,49,,24000,אָֽלֶף׃ ס,27,False,,
13027001,50,,Mann,אָֽלֶף׃ ס,27,False,,
13027002,1,,Über,עַ֞ל,1,False,,
13027002,2,,die,הַמַּחֲלֹ֤קֶת,2,True,,
13027002,3,,erste,הָרִֽאשׁוֹנָה֙,3,False,,
13027002,4,,Abteilung,הַמַּחֲלֹ֤קֶת,2,False,,
13027002,5,,für,לַחֹ֣דֶשׁ,4,False,,
13027002,6,,den,לַחֹ֣דֶשׁ,4,True,,
13027002,7,,ersten,הָרִאשׁ֔וֹן,5,False,,
13027002,8,,Monat,הָרִאשׁ֔וֹן,5,False,,
13027002,9,,war,יָֽשָׁבְעָ֖ם,6,False,,
13027002,10,,Jaschobam,יָֽשָׁבְעָ֖ם,6,False,,
13027002,11,,der,בֶּן־,7,True,,
13027002,12,,Sohn,בֶּן־,7,False,,
13027002,13,,Sabdiels,זַבְדִּיאֵ֑ל,8,False,,
13027002,14,,und,וְעַל֙,9,False,,
13027002,15,,in,מַֽחֲלֻקְתּ֔וֹ,10,False,,
13027002,16,,seiner,מַֽחֲלֻקְתּ֔וֹ,10,False,,
13027002,17,,Abteilung,מַֽחֲלֻקְתּ֔וֹ,10,False,,
13027002,18,,waren,עֶשְׂרִ֥ים,11,False,,
13027002,19,,24000,עֶשְׂרִ֥ים,11,False,,
13027003,1,,Er,מִן־,1,False,,
13027003,2,,war,מִן־,1,False,,
13027003,3,,von,מִן־,1,False,,
13027003,4,,den,בְּנֵי־,2,True,,
13027003,5,,Söhnen,בְּנֵי־,2,False,,
13027003,6,,des,פֶ֗רֶץ,3,False,,
13027003,7,,Perez,פֶ֗רֶץ,3,False,,
13027003,8,,das,הָרֹ֛אשׁ,4,False,,
13027003,9,,Haupt,הָרֹ֛אשׁ,4,False,,
13027003,10,,aller,לְכָל־,5,False,,
13027003,11,,Heerobersten,שָׂרֵ֥י,6,False,,
13027003,11,,Heerobersten,הַצְּבָא֖וֹת,7,False,,
13027003,12,,für,לַחֹ֥דֶשׁ,8,False,,
13027003,13,,den,לַחֹ֥דֶשׁ,8,True,,
13027003,14,,ersten,הָרִאשֽׁוֹן׃,9,False,,
13027003,15,,Monat,הָרִאשֽׁוֹן׃,9,False,,
13027004,1,,Und,וְעַ֞ל,1,False,,
13027004,2,,über,וְעַ֞ל,1,False,,
13027004,3,,die,מַחֲלֹ֣קֶת׀,2,True,,
13027004,4,,Abteilung,מַחֲלֹ֣קֶת׀,2,False,,
13027004,5,,des,הַחֹ֣דֶשׁ,3,False,,
13027004,6,,zweiten,הַשֵּׁנִ֗י,4,False,,
13027004,7,,Monats,הַחֹ֣דֶשׁ,3,False,,
13027004,8,,war,דּוֹדַ֤י,5,False,,
13027004,9,,Dodai,דּוֹדַ֤י,5,False,,
13027004,10,,der,הָאֲחוֹחִי֙,6,True,,
13027004,11,,Achochiter,הָאֲחוֹחִי֙,6,False,,
13027004,12,,und,וּמַ֣חֲלֻקְתּ֔וֹ,7,False,,
13027004,13,,von,וּמַ֣חֲלֻקְתּ֔וֹ,7,False,,
13027004,14,,seiner,וּמַ֣חֲלֻקְתּ֔וֹ,7,False,,
13027004,15,,Abteilung,וּמַ֣חֲלֻקְתּ֔וֹ,7,False,,
13027004,16,,war,וּמִקְל֖וֹת,8,False,,
13027004,17,,Mikloth,וּמִקְל֖וֹת,8,False,,
13027004,18,,Oberaufseher,הַנָּגִ֑יד,9,False,,
13027004,19,,und,וְעַל֙,10,False,,
13027004,20,,in,מַחֲלֻקְתּ֔וֹ,11,False,,
13027004,21,,seiner,מַחֲלֻקְתּ֔וֹ,11,False,,
13027004,22,,Abteilung,מַחֲלֻקְתּ֔וֹ,11,False,,
13027004,23,,waren,עֶשְׂרִ֥ים,12,False,,
13027004,24,,24000,עֶשְׂרִ֥ים,12,False,,
13027005,1,,Der,שַׂ֣ר,1,False,,
13027005,2,,Oberste,שַׂ֣ר,1,False,,
13027005,3,,des,הַצָּבָ֤א,2,False,,
13027005,4,,dritten,הַשְּׁלִישִׁי֙,3,False,,
13027005,5,,Heeres,הַצָּבָ֤א,2,False,,
13027005,6,,für,לַחֹ֣דֶשׁ,4,False,,
13027005,7,,den,לַחֹ֣דֶשׁ,4,True,,
13027005,8,,dritten,הַשְּׁלִישִׁ֔י,5,False,,
13027005,9,,Monat,הַשְּׁלִישִׁ֔י,5,False,,
13027005,10,,war,בְּנָיָ֧הוּ,6,False,,
13027005,11,,Benaja,בְּנָיָ֧הוּ,6,False,,
13027005,12,,der,בֶן־,7,True,,
13027005,13,,Sohn,בֶן־,7,False,,
13027005,14,,Jojadas,יְהוֹיָדָ֛ע,8,False,,
13027005,15,,des,הַכֹּהֵ֖ן,9,False,,
13027005,16,,Krondieners,הַכֹּהֵ֖ן,9,False,,
13027005,17,,als,רֹ֑אשׁ,10,False,,
13027005,18,,Haupt,רֹ֑אשׁ,10,False,,
13027005,19,,und,וְעַל֙,11,False,,
13027005,20,,in,מַחֲלֻקְתּ֔וֹ,12,False,,
13027005,21,,seiner,מַחֲלֻקְתּ֔וֹ,12,False,,
13027005,22,,Abteilung,מַחֲלֻקְתּ֔וֹ,12,False,,
13027005,23,,waren,עֶשְׂרִ֥ים,13,False,,
13027005,24,,24000,עֶשְׂרִ֥ים,13,False,,
13027006,1,,Dieser,ה֧וּא,1,False,,
13027006,2,,Benaja,בְנָיָ֛הוּ,2,False,,
13027006,3,,war,בְנָיָ֛הוּ,2,False,,
13027006,4,,ein,גִּבּ֥וֹר,3,True,,
13027006,5,,Held,גִּבּ֥וֹר,3,False,,
13027006,6,,unter,הַשְּׁלֹשִׁ֖ים,4,False,,
13027006,7,,den,הַשְּׁלֹשִׁ֖ים,4,True,,
13027006,8,,Dreißig,הַשְּׁלֹשִׁ֖ים,4,False,,
13027006,9,,und,וְעַל־,5,False,,
13027006,10,,über,וְעַל־,5,False,,
13027006,11,,die,הַשְּׁלֹשִׁ֑ים,6,True,,
13027006,12,,Dreißig,הַשְּׁלֹשִׁ֑ים,6,False,,
13027006,13,,und,וּמַ֣חֲלֻקְתּ֔וֹ,7,False,,
13027006,14,,von,וּמַ֣חֲלֻקְתּ֔וֹ,7,False,,
13027006,15,,seiner,וּמַ֣חֲלֻקְתּ֔וֹ,7,False,,
13027006,16,,Abteilung,וּמַ֣חֲלֻקְתּ֔וֹ,7,False,,
13027006,17,,war,עַמִּיזָבָ֖ד,8,False,,
13027006,18,,Ammisabad,עַמִּיזָבָ֖ד,8,False,,
13027006,19,,sein,בְּנֽוֹ׃ ס,9,True,,
13027006,20,,Sohn,בְּנֽוֹ׃ ס,9,False,,
13027006,21,,Oberaufseher,בְּנֽוֹ׃ ס,9,False,,
13027007,1,,Der,הָֽרְבִיעִ֞י,1,False,,
13027007,2,,vierte,הָֽרְבִיעִ֞י,1,False,,
13027007,3,,für,לַחֹ֣דֶשׁ,2,False,,
13027007,4,,den,לַחֹ֣דֶשׁ,2,True,,
13027007,5,,vierten,הָרְבִיעִ֗י,3,False,,
13027007,6,,Monat,הָרְבִיעִ֗י,3,False,,
13027007,7,,war,עֲשָׂה־,4,False,,
13027007,8,,Asael,אֵל֙,5,False,,
13027007,9,,der,אֲחִ֣י,6,True,,
13027007,10,,Bruder,אֲחִ֣י,6,False,,
13027007,11,,Joabs,יוֹאָ֔ב,7,False,,
13027007,12,,und,וּזְבַדְיָ֥ה,8,False,,
13027007,13,,Sebadja,וּזְבַדְיָ֥ה,8,False,,
13027007,14,,sein,בְנ֖וֹ,9,False,,
13027007,15,,Sohn,בְנ֖וֹ,9,False,,
13027007,16,,nach,אַחֲרָ֑יו,10,False,,
13027007,17,,ihm,אַחֲרָ֑יו,10,False,,
13027007,18,,und,וְעַל֙,11,False,,
13027007,19,,in,מַחֲלֻקְתּ֔וֹ,12,False,,
13027007,20,,seiner,מַחֲלֻקְתּ֔וֹ,12,False,,
13027007,21,,Abteilung,מַחֲלֻקְתּ֔וֹ,12,False,,
13027007,22,,waren,עֶשְׂרִ֥ים,13,False,,
13027007,23,,24000,עֶשְׂרִ֥ים,13,False,,
13027008,1,,der,הַחַמִישִׁי֙,1,False,,
13027008,2,,fünfte,הַחַמִישִׁי֙,1,False,,
13027008,3,,für,לַחֹ֣דֶשׁ,2,False,,
13027008,4,,den,לַחֹ֣דֶשׁ,2,False,,
13027008,5,,fünften,הַחֲמִישִׁ֔י,3,False,,
13027008,6,,Monat,לַחֹ֣דֶשׁ,2,False,,
13027008,7,,war,,,True,9,Oberste
13027008,8,,der,הַשַּׂ֖ר,4,False,,
13027008,9,,Oberste,הַשַּׂ֖ר,4,False,,
13027008,10,,Schamhuth,שַׁמְה֣וּת,5,False,,
13027008,11,,der,הַיִּזְרָ֑ח,6,False,,
13027008,12,,Jisrachiter,הַיִּזְרָ֑ח,6,False,,
13027008,13,,und,וְעַל֙,7,False,,
13027008,14,,in,וְעַל֙,7,False,,
13027008,15,,seiner,מַחֲלֻקְתּ֔וֹ,8,False,,
13027008,16,,Abteilung,מַחֲלֻקְתּ֔וֹ,8,False,,
13027008,17,,waren,,,True,16,Abteilung
13027008,18,,24000,עֶשְׂרִ֥ים,9,False,,
13027009,1,,Der,הַשִּׁשִּׁי֙,1,False,,
13027009,2,,sechste,הַשִּׁשִּׁי֙,1,False,,
13027009,3,,für,לַחֹ֣דֶשׁ,2,False,,
13027009,4,,den,לַחֹ֣דֶשׁ,2,False,,
13027009,5,,sechsten,הַשִּׁשִּׁ֔י,3,False,,
13027009,6,,Monat,לַחֹ֣דֶשׁ,2,False,,
13027009,7,,war,,,True,8,Ira
13027009,8,,Ira,עִירָ֥א,4,False,,
13027009,9,,der,בֶן־,5,False,,
13027009,10,,Sohn,בֶן־,5,False,,
13027009,11,,Ikkesch,עִקֵּ֖שׁ,6,False,,
13027009,12,,der,הַתְּקוֹעִ֑י,7,False,,
13027009,13,,Tekoiter,הַתְּקוֹעִ֑י,7,False,,
13027009,14,,und,וְעַל֙,8,False,,
13027009,15,,in,וְעַל֙,8,False,,
13027009,16,,seiner,מַחֲלֻקְתּ֔וֹ,9,False,,
13027009,17,,Abteilung,מַחֲלֻקְתּ֔וֹ,9,False,,
13027009,18,,waren,,,True,17,Abteilung
13027009,19,,24000,עֶשְׂרִ֥ים,10,False,,
13027010,1,,Der,הַשְּׁבִיעִי֙,1,False,,
13027010,2,,siebte,הַשְּׁבִיעִי֙,1,False,,
13027010,3,,für,לַחֹ֣דֶשׁ,2,False,,
13027010,4,,den,לַחֹ֣דֶשׁ,2,False,,
13027010,5,,siebten,הַשְּׁבִיעִ֔י,3,False,,
13027010,6,,Monat,לַחֹ֣דֶשׁ,2,False,,
13027010,7,,war,,,True,8,Helez
13027010,8,,Helez,חֶ֥לֶץ,4,False,,
13027010,9,,der,הַפְּלוֹנִ֖י,5,False,,
13027010,10,,Peloniter,הַפְּלוֹנִ֖י,5,False,,
13027010,11,,von,מִן־,6,False,,
13027010,12,,den,בְּנֵ֣י,7,False,,
13027010,13,,Kindern,בְּנֵ֣י,7,False,,
13027010,14,,Ephraim,אֶפְרָ֑יִם,8,False,,
13027010,15,,und,וְעַל֙,9,False,,
13027010,16,,in,וְעַל֙,9,False,,
13027010,17,,seiner,מַחֲלֻקְתּ֔וֹ,10,False,,
13027010,18,,Abteilung,מַחֲלֻקְתּ֔וֹ,10,False,,
13027010,19,,waren,,,True,18,Abteilung
13027010,20,,24000,עֶשְׂרִ֥ים,11,False,,
13027011,1,,Der,הַשְּׁמִינִי֙,1,False,,
13027011,2,,achte,הַשְּׁמִינִי֙,1,False,,
13027011,3,,für,לַחֹ֣דֶשׁ,2,False,,
13027011,4,,den,לַחֹ֣דֶשׁ,2,False,,
13027011,5,,achten,הַשְּׁמִינִ֔י,3,False,,
13027011,6,,Monat,לַחֹ֣דֶשׁ,2,False,,
13027011,7,,war,,,True,8,Sibbekai
13027011,8,,Sibbekai,סִבְּכַ֥י,4,False,,
13027011,9,,der,הַחֻשָׁתִ֖י,5,False,,
13027011,10,,Huschathiter,הַחֻשָׁתִ֖י,5,False,,
13027011,11,,von,לַזַּרְחִ֑י,6,False,,
13027011,12,,den,לַזַּרְחִ֑י,6,False,,
13027011,13,,Sarchitern,לַזַּרְחִ֑י,6,False,,
13027011,14,,und,וְעַל֙,7,False,,
13027011,15,,in,וְעַל֙,7,False,,
13027011,16,,seiner,מַחֲלֻקְתּ֔וֹ,8,False,,
13027011,17,,Abteilung,מַחֲלֻקְתּ֔וֹ,8,False,,
13027011,18,,waren,,,True,17,Abteilung
13027011,19,,24000,עֶשְׂרִ֥ים,9,False,,
13027012,1,,Der,הַתְּשִׁיעִי֙,1,False,,
13027012,2,,neunte,הַתְּשִׁיעִי֙,1,False,,
13027012,3,,für,לַחֹ֣דֶשׁ,2,False,,
13027012,4,,den,לַחֹ֣דֶשׁ,2,False,,
13027012,5,,neunten,הַתְּשִׁיעִ֔י,3,False,,
13027012,6,,Monat,לַחֹ֣דֶשׁ,2,False,,
13027012,7,,war,,,True,8,Abieser
13027012,8,,Abieser,אֲבִיעֶ֥זֶר,4,False,,
13027012,9,,der,הָעַנְּתֹתִ֖י,5,False,,
13027012,10,,Annethotiter,הָעַנְּתֹתִ֖י,5,False,,
13027012,11,,von,לַבֵּ֣ן׀ יְמִינִ֑י,6,False,,
13027012,12,,den,לַבֵּ֣ן׀ יְמִינִ֑י,6,False,,
13027012,13,,Benjaminitern,לַבֵּ֣ן׀ יְמִינִ֑י,6,False,,
13027012,14,,und,וְעַל֙,7,False,,
13027012,15,,in,וְעַל֙,7,False,,
13027012,16,,seiner,מַחֲלֻקְתּ֔וֹ,8,False,,
13027012,17,,Abteilung,מַחֲלֻקְתּ֔וֹ,8,False,,
13027012,18,,waren,,,True,17,Abteilung
13027012,19,,24000,עֶשְׂרִ֥ים,9,False,,
13027013,1,,Der,הָעֲשִׂירִי֙,1,False,,
13027013,2,,zehnte,הָעֲשִׂירִי֙,1,False,,
13027013,3,,für,לַחֹ֣דֶשׁ,2,False,,
13027013,4,,den,לַחֹ֣דֶשׁ,2,False,,
13027013,5,,zehnten,הָעֲשִׂירִ֔י,3,False,,
13027013,6,,Monat,לַחֹ֣דֶשׁ,2,False,,
13027013,7,,war,,,True,8,Maharai
13027013,8,,Maharai,מַהְרַ֥י,4,False,,
13027013,9,,der,הַנְּטֽוֹפָתִ֖י,5,False,,
13027013,10,,Netophathiter,הַנְּטֽוֹפָתִ֖י,5,False,,
13027013,11,,von,לַזַּרְחִ֑י,6,False,,
13027013,12,,den,לַזַּרְחִ֑י,6,False,,
13027013,13,,Sarchitern,לַזַּרְחִ֑י,6,False,,
13027013,14,,und,וְעַל֙,7,False,,
13027013,15,,in,וְעַל֙,7,False,,
13027013,16,,seiner,מַֽחֲלֻקְתּ֔וֹ,8,False,,
13027013,17,,Abteilung,מַֽחֲלֻקְתּ֔וֹ,8,False,,
13027013,18,,waren,,,True,17,Abteilung
13027013,19,,24000,עֶשְׂרִ֥ים,9,False,,
13027014,1,,Der,עַשְׁתֵּֽי־,1,False,,
13027014,2,,elfte,עַשְׁתֵּֽי־,1,False,,
13027014,3,,für,לְעַשְׁתֵּ֣י־,3,False,,
13027014,4,,den,לְעַשְׁתֵּ֣י־,3,False,,
13027014,5,,elften,עָשָׂ֣ר,4,False,,
13027014,6,,Monat,הַחֹ֔דֶשׁ,5,False,,
13027014,7,,war,,,True,8,Benaja
13027014,8,,Benaja,בְּנָיָ֥ה,6,False,,
13027014,9,,der,הַפִּרְעָתוֹנִ֖י,7,False,,
13027014,10,,Pirhathoniter,הַפִּרְעָתוֹנִ֖י,7,False,,
13027014,11,,von,מִן־,8,False,,
13027014,12,,den,בְּנֵ֣י,9,False,,
13027014,13,,Kindern,בְּנֵ֣י,9,False,,
13027014,14,,Ephraim,אֶפְרָ֑יִם,10,False,,
13027014,15,,und,וְעַל֙,11,False,,
13027014,16,,in,וְעַל֙,11,False,,
13027014,17,,seiner,מַחֲלֻקְתּ֔וֹ,12,False,,
13027014,18,,Abteilung,מַחֲלֻקְתּ֔וֹ,12,False,,
13027014,19,,waren,,,True,18,Abteilung
13027014,20,,24000,עֶשְׂרִ֥ים,13,False,,
13027015,1,,der,הַשְּׁנֵ֤ים,1,False,,
13027015,2,,zwölfte,הַשְּׁנֵ֤ים,1,False,,
13027015,3,,für,לִשְׁנֵ֣ים,3,False,,
13027015,4,,den,לִשְׁנֵ֣ים,3,False,,
13027015,5,,zwölften,עָשָׂ֣ר,4,False,,
13027015,6,,Monat,הַחֹ֔דֶשׁ,5,False,,
13027015,7,,war,,,True,8,Heldai
13027015,8,,Heldai,חֶלְדַּ֥י,6,False,,
13027015,9,,der,הַנְּטוֹפָתִ֖י,7,False,,
13027015,10,,Netophathiter,הַנְּטוֹפָתִ֖י,7,False,,
13027015,11,,von,לְעָתְנִיאֵ֑ל,8,False,,
13027015,12,,Othniel,לְעָתְנִיאֵ֑ל,8,False,,
13027015,13,,und,וְעַל֙,9,False,,
13027015,14,,in,וְעַל֙,9,False,,
13027015,15,,seiner,מַחֲלֻקְתּ֔וֹ,10,False,,
13027015,16,,Abteilung,מַחֲלֻקְתּ֔וֹ,10,False,,
13027015,17,,waren,,,True,16,Abteilung
13027015,18,,24000,עֶשְׂרִ֥ים,11,False,,
13027016,1,,Und,וְעַל֙,1,False,,
13027016,2,,über,וְעַל֙,1,False,,
13027016,3,,die,שִׁבְטֵ֣י,2,False,,
13027016,4,,Stämme,שִׁבְטֵ֣י,2,False,,
13027016,5,,Israels,יִשְׂרָאֵ֔ל,3,False,,
13027016,6,,Der,נָגִ֔יד,5,False,,
13027016,7,,Fürst,נָגִ֔יד,5,False,,
13027016,8,,der,לָרֽאוּבֵנִ֣י,4,False,,
13027016,9,,Rubeniter,לָרֽאוּבֵנִ֣י,4,False,,
13027016,10,,war,,,True,11,Elieser
13027016,11,,Elieser,אֱלִיעֶ֖זֶר,6,False,,
13027016,12,,der,בֶּן־,7,False,,
13027016,13,,Sohn,בֶּן־,7,False,,
13027016,14,,Sikris,זִכְרִ֑י ס,8,False,,
13027016,15,,der,לַשִּׁ֨מְעוֹנִ֔י,9,False,,
13027016,16,,Simeoniter,לַשִּׁ֨מְעוֹנִ֔י,9,False,,
13027016,17,,Schephatja,שְׁפַטְיָ֖הוּ,10,False,,
13027016,18,,der,בֶּֽן־,11,False,,
13027016,19,,Sohn,בֶּֽן־,11,False,,
13027016,20,,Maakas,מַעֲכָֽה׃ ס,12,False,,
13027017,1,,von,לְלֵוִ֛י,1,False,,
13027017,2,,Levi,לְלֵוִ֛י,1,False,,
13027017,3,,Haschabja,חֲשַׁבְיָ֥ה,2,False,,
13027017,4,,der,בֶן־,3,False,,
13027017,5,,Sohn,בֶן־,3,False,,
13027017,6,,Kemuels,קְמוּאֵ֖ל,4,False,,
13027017,7,,von,לְאַהֲרֹ֥ן,5,False,,
13027017,8,,Aaron,לְאַהֲרֹ֥ן,5,False,,
13027017,9,,Zadok,צָדֽוֹק׃ ס,6,False,,
13027018,1,,von,לִֽיהוּדָ֕ה,1,False,,
13027018,2,,Juda,לִֽיהוּדָ֕ה,1,False,,
13027018,3,,Elihu,אֱלִיה֖וּ,2,False,,
13027018,4,,von,מֵאֲחֵ֣י,3,False,,
13027018,5,,den,מֵאֲחֵ֣י,3,True,,
13027018,6,,Brüdern,מֵאֲחֵ֣י,3,False,,
13027018,7,,Davids,דָוִ֑יד,4,False,,
13027018,8,,von,לְיִ֨שָׂשכָ֔ר,5,False,,
13027018,9,,Issaschar,לְיִ֨שָׂשכָ֔ר,5,False,,
13027018,10,,Omri,עָמְרִ֖י,6,False,,
13027018,11,,der,בֶּן־,7,True,,
13027018,12,,Sohn,בֶּן־,7,False,,
13027018,13,,Michaels,מִיכָאֵֽל׃ ס,8,False,,
13027019,1,,von,לִזְבוּלֻ֕ן,1,False,,
13027019,2,,Sebulon,לִזְבוּלֻ֕ן,1,False,,
13027019,3,,Jischmaja,יִֽשְׁמַֽעְיָ֖הוּ,2,False,,
13027019,4,,der,בֶּן־,3,True,,
13027019,5,,Sohn,בֶּן־,3,False,,
13027019,6,,Obadjas,עֹבַדְיָ֑הוּ,4,False,,
13027019,7,,von,לְנַ֨פְתָּלִ֔י,5,False,,
13027019,8,,Naphtali,לְנַ֨פְתָּלִ֔י,5,False,,
13027019,9,,Jerimoth,יְרִימ֖וֹת,6,False,,
13027019,10,,der,בֶּן־,7,True,,
13027019,11,,Sohn,בֶּן־,7,False,,
13027019,12,,Asriels,עַזְרִיאֵֽל׃ ס,8,False,,
13027020,1,,von,לִבְנֵ֣י,1,False,,
13027020,2,,den,לִבְנֵ֣י,1,True,,
13027020,3,,Kindern,לִבְנֵ֣י,1,False,,
13027020,4,,Ephraim,אֶפְרַ֔יִם,2,False,,
13027020,5,,Hosea,הוֹשֵׁ֖עַ,3,False,,
13027020,6,,der,בֶּן־,4,True,,
13027020,7,,Sohn,בֶּן־,4,False,,
13027020,8,,Asasjas,עֲזַזְיָ֑הוּ,5,False,,
13027020,9,,von,לַחֲצִי֙,6,False,,
13027020,10,,dem,לַחֲצִי֙,6,True,,
13027020,11,,halben,לַחֲצִי֙,6,False,,
13027020,12,,Stamme,שֵׁ֣בֶט,7,False,,
13027020,13,,Manasse,מְנַשֶּׁ֔ה,8,False,,
13027020,14,,Joel,יוֹאֵ֖ל,9,False,,
13027020,15,,der,בֶּן־,10,True,,
13027020,16,,Sohn,בֶּן־,10,False,,
13027020,17,,Pedajas,פְּדָיָֽהוּ׃ ס,11,False,,
13027021,1,,von,לַחֲצִ֤י,1,False,,
13027021,2,,der,לַחֲצִ֤י,1,True,,
13027021,3,,Hälfte,לַחֲצִ֤י,1,False,,
13027021,4,,des,הַֽמְנַשֶּׁה֙,2,False,,
13027021,5,,Manasse,הַֽמְנַשֶּׁה֙,2,False,,
13027021,6,,in,גִּלְעָ֔דָה,3,False,,
13027021,7,,Gilead,גִּלְעָ֔דָה,3,False,,
13027021,8,,Iddo,יִדּ֖וֹ,4,False,,
13027021,9,,der,בֶּן־,5,True,,
13027021,10,,Sohn,בֶּן־,5,False,,
13027021,11,,Sekarjas,זְכַרְיָ֑הוּ ס,6,False,,
13027021,12,,von,לְבִנְיָמִ֔ן,7,False,,
13027021,13,,Benjamin,לְבִנְיָמִ֔ן,7,False,,
13027021,14,,Jaasiel,יַעֲשִׂיאֵ֖ל,8,False,,
13027021,15,,der,בֶּן־,9,True,,
13027021,16,,Sohn,בֶּן־,9,False,,
13027021,17,,Abners,אַבְנֵֽר׃ ס,10,False,,
13027022,1,,von,לְדָ֕ן,1,False,,
13027022,2,,Dan,לְדָ֕ן,1,False,,
13027022,3,,Asarel,עֲזַרְאֵ֖ל,2,False,,
13027022,4,,der,בֶּן־,3,True,,
13027022,5,,Sohn,בֶּן־,3,False,,
13027022,6,,Jerochams,יְרֹחָ֑ם,4,False,,
13027022,7,,Das,אֵ֕לֶּה,5,False,,
13027022,8,,sind,אֵ֕לֶּה,5,True,,
13027022,9,,die,שָׂרֵ֖י,6,True,,
13027022,10,,Obersten,שָׂרֵ֖י,6,False,,
13027022,11,,der,שִׁבְטֵ֥י,7,False,,
13027022,12,,Stämme,שִׁבְטֵ֥י,7,False,,
13027022,13,,Israels,יִשְׂרָאֵֽל׃,8,False,,
13027023,1,,Und,וְלֹא־,1,True,,
13027023,2,,David,דָוִיד֙,3,False,,
13027023,3,,nahm,נָשָׂ֤א,2,False,,
13027023,4,,ihre,מִסְפָּרָ֔ם,4,False,,
13027023,5,,Zahl,מִסְפָּרָ֔ם,4,False,,
13027023,6,,von,לְמִבֶּ֛ן,5,False,,
13027023,7,,zwanzig,עֶשְׂרִ֥ים,6,False,,
13027023,8,,Jahren,שָׁנָ֖ה,7,False,,
13027023,9,,an,וּלְמָ֑טָּה,8,False,,
13027023,10,,und,וּלְמָ֑טָּה,8,True,,
13027023,11,,darunter,וּלְמָ֑טָּה,8,False,,
13027023,12,,nicht,וְלֹא־,1,False,,
13027023,13,,auf,נָשָׂ֤א,2,True,,
13027023,14,,denn,כִּ֚י,9,False,,
13027023,15,,Jahwe,יְהוָ֔ה,11,False,,
13027023,16,,hatte,אָמַ֣ר,10,False,,
13027023,17,,gesagt,אָמַ֣ר,10,False,,
13027023,18,,daß,לְהַרְבּ֥וֹת,12,True,,
13027023,19,,er,יִשְׂרָאֵ֖ל,14,True,,
13027023,20,,Israel,יִשְׂרָאֵ֖ל,14,False,,
13027023,21,,mehren,לְהַרְבּ֥וֹת,12,False,,
13027023,22,,würde,לְהַרְבּ֥וֹת,12,True,,
13027023,23,,wie,כְּכוֹכְבֵ֥י,15,False,,
13027023,24,,die,כְּכוֹכְבֵ֥י,15,True,,
13027023,25,,Sterne,כְּכוֹכְבֵ֥י,15,False,,
13027023,26,,des,הַשָּׁמָֽיִם׃,16,False,,
13027023,27,,Himmels,הַשָּׁמָֽיִם׃,16,False,,
13027024,1,,Joab,יוֹאָ֨ב,1,False,,
13027024,2,,der,בֶּן־,2,True,,
13027024,3,,Sohn,בֶּן־,2,False,,
13027024,4,,der,צְרוּיָ֜ה,3,True,,
13027024,5,,Zeruja,צְרוּיָ֜ה,3,False,,
13027024,6,,hatte,הֵחֵ֤ל,4,False,,
13027024,7,,zu,לִמְנוֹת֙,5,False,,
13027024,8,,zählen,לִמְנוֹת֙,5,False,,
13027024,9,,begonnen,הֵחֵ֤ל,4,False,,
13027024,10,,aber,וְלֹ֣א,6,False,,
13027024,11,,nicht,וְלֹ֣א,6,False,,
13027024,12,,vollendet,כִלָּ֔ה,7,False,,
13027024,13,,und,וַיְהִ֥י,8,False,,
13027024,14,,es,וַיְהִ֥י,8,False,,
13027024,15,,kam,וַיְהִ֥י,8,False,,
13027024,16,,deshalb,בָזֹ֛את,9,False,,
13027024,17,,ein,בָזֹ֛את,9,True,,
13027024,18,,Zorn,קֶ֖צֶף,10,False,,
13027024,19,,über,עַל־,11,False,,
13027024,20,,Israel,יִשְׂרָאֵ֑ל,12,False,,
13027024,21,,und,וְלֹ֤א,13,False,,
13027024,22,,so,עָלָה֙,14,False,,
13027024,23,,wurde,עָלָה֙,14,False,,
13027024,24,,die,הַמִּסְפָּ֔ר,15,True,,
13027024,25,,Zahl,הַמִּסְפָּ֔ר,15,False,,
13027024,26,,in,בְּמִסְפַּ֥ר,16,False,,
13027024,27,,die,בְּמִסְפַּ֥ר,16,True,,
13027024,28,,Aufzählung,בְּמִסְפַּ֥ר,16,False,,
13027024,29,,der,דִּבְרֵֽי־,17,False,,
13027024,30,,Jahrbücher,הַיָּמִ֖ים,18,False,,
13027024,31,,des,לַמֶּ֥לֶךְ,19,False,,
13027024,32,,Königs,לַמֶּ֥לֶךְ,19,False,,
13027024,33,,David,דָּוִֽיד׃ ס,20,False,,
13027024,34,,nicht,וְלֹ֤א,13,False,,
13027024,35,,aufgenommen,עָלָה֙,14,False,,
13027025,1,,Und,וְעַל֙,1,False,,
13027025,2,,über,וְעַל֙,1,False,,
13027025,3,,die,אֹצְר֣וֹת,2,True,,
13027025,4,,Schätze,אֹצְר֣וֹת,2,False,,
13027025,5,,des,הַמֶּ֔לֶךְ,3,False,,
13027025,6,,Königs,הַמֶּ֔לֶךְ,3,False,,
13027025,7,,war,עַזְמָ֖וֶת,4,False,,
13027025,8,,Asmaweth,עַזְמָ֖וֶת,4,False,,
13027025,9,,der,בֶּן־,5,True,,
13027025,10,,Sohn,בֶּן־,5,False,,
13027025,11,,Adiels,עֲדִיאֵ֑ל ס,6,False,,
13027025,12,,Und,וְעַ֣ל,7,False,,
13027025,13,,über,וְעַ֣ל,7,False,,
13027025,14,,die,הָֽאֹצָר֡וֹת,8,True,,
13027025,15,,Vorräte,הָֽאֹצָר֡וֹת,8,False,,
13027025,16,,auf,בַּשָּׂדֶ֞ה,9,False,,
13027025,17,,dem,בַּשָּׂדֶ֞ה,9,True,,
13027025,18,,Felde,בַּשָּׂדֶ֞ה,9,False,,
13027025,19,,in,בֶּעָרִ֤ים,10,False,,
13027025,20,,den,בֶּעָרִ֤ים,10,True,,
13027025,21,,Städten,בֶּעָרִ֤ים,10,False,,
13027025,22,,und,וּבַכְּפָרִים֙,11,False,,
13027025,23,,in,וּבַכְּפָרִים֙,11,False,,
13027025,24,,den,וּבַכְּפָרִים֙,11,True,,
13027025,25,,Dörfern,וּבַכְּפָרִים֙,11,False,,
13027025,26,,und,וּבַמִּגְדָּל֔וֹת,12,False,,
13027025,27,,in,וּבַמִּגְדָּל֔וֹת,12,False,,
13027025,28,,den,וּבַמִּגְדָּל֔וֹת,12,True,,
13027025,29,,Türmen,וּבַמִּגְדָּל֔וֹת,12,False,,
13027025,30,,war,יְהוֹנָתָ֖ן,13,False,,
13027025,31,,Jonathan,יְהוֹנָתָ֖ן,13,False,,
13027025,32,,der,בֶּן־,14,True,,
13027025,33,,Sohn,בֶּן־,14,False,,
13027025,34,,Ussijas,עֻזִּיָּֽהוּ׃ ס,15,False,,
13027026,1,,Und,וְעַ֗ל,1,False,,
13027026,2,,über,וְעַ֗ל,1,False,,
13027026,3,,die,עֹשֵׂי֙,2,True,,
13027026,4,,Feldarbeiter,עֹשֵׂי֙,2,False,,
13027026,5,,beim,מְלֶ֣אכֶת,3,False,,
13027026,6,,Landbau,מְלֶ֣אכֶת,3,False,,
13027026,7,,Esri,עֶזְרִ֖י,7,False,,
13027026,8,,der,בֶּן־,8,True,,
13027026,9,,Sohn,בֶּן־,8,False,,
13027026,10,,Kelubs,כְּלֽוּב׃,9,False,,
13027027,1,,Und,וְעַל־,1,False,,
13027027,2,,über,וְעַל־,1,False,,
13027027,3,,die,הַ֨כְּרָמִ֔ים,2,True,,
13027027,4,,Weinberge,הַ֨כְּרָמִ֔ים,2,False,,
13027027,5,,Simei,שִׁמְעִ֖י,3,False,,
13027027,6,,der,הָרָֽמָתִ֑י,4,True,,
13027027,7,,Ramathiter,הָרָֽמָתִ֑י,4,False,,
13027027,8,,und,וְעַ֤ל,5,False,,
13027027,9,,über,וְעַ֤ל,5,False,,
13027027,10,,den,שֶׁבַּכְּרָמִים֙,6,True,,
13027027,11,,Ertrag,שֶׁבַּכְּרָמִים֙,6,False,,
13027027,12,,der,שֶׁבַּכְּרָמִים֙,6,True,,
13027027,13,,Weinberge,שֶׁבַּכְּרָמִים֙,6,False,,
13027027,14,,über,לְאֹצְר֣וֹת,7,False,,
13027027,15,,die,לְאֹצְר֣וֹת,7,True,,
13027027,16,,Weinvorräte,לְאֹצְר֣וֹת,7,False,,
13027027,17,,Sabdi,זַבְדִּ֖י,9,False,,
13027027,18,,der,הַשִּׁפְמִֽי׃ ס,10,True,,
13027027,19,,Schiphmiter,הַשִּׁפְמִֽי׃ ס,10,False,,
13027028,1,,Und,וְעַל־,1,False,,
13027028,2,,über,וְעַל־,1,False,,
13027028,3,,die,הַזֵּיתִ֤ים,2,True,,
13027028,4,,Olivenbäume,הַזֵּיתִ֤ים,2,False,,
13027028,5,,und,וְהַשִּׁקְמִים֙,3,False,,
13027028,6,,die,וְהַשִּׁקְמִים֙,3,True,,
13027028,7,,Sykomoren,וְהַשִּׁקְמִים֙,3,False,,
13027028,8,,welche,אֲשֶׁ֣ר,4,False,,
13027028,9,,in,בַּשְּׁפֵלָ֔ה,5,False,,
13027028,10,,der,בַּשְּׁפֵלָ֔ה,5,True,,
13027028,11,,Niederung,בַּשְּׁפֵלָ֔ה,5,False,,
13027028,12,,waren,בַּשְּׁפֵלָ֔ה,5,True,,
13027028,13,,Baal-Hanan,בַּ֥עַל,6,False,,
13027028,13,,Baal-Hanan,חָנָ֖ן,7,False,,
13027028,14,,der,הַגְּדֵרִ֑י ס,8,True,,
13027028,15,,Gederiter,הַגְּדֵרִ֑י ס,8,False,,
13027028,16,,und,וְעַל־,9,False,,
13027028,17,,über,וְעַל־,9,False,,
13027028,18,,die,הַשֶּׁ֖מֶן,11,True,,
13027028,19,,Ölvorräte,אֹצְר֥וֹת,10,False,,
13027028,19,,Ölvorräte,הַשֶּׁ֖מֶן,11,False,,
13027028,20,,Joas,יוֹעָֽשׁ׃ ס,12,False,,
13027029,1,,Und,וְעַל־,1,False,,
13027029,2,,über,וְעַל־,1,False,,
13027029,3,,die,הַבָּקָר֙,2,True,,
13027029,4,,Rinder,הַבָּקָר֙,2,False,,
13027029,5,,die,הָרֹעִ֣ים,3,True,,
13027029,6,,in,בַּשָּׁר֔וֹן,4,False,,
13027029,7,,Saron,בַּשָּׁר֔וֹן,4,False,,
13027029,8,,weideten,הָרֹעִ֣ים,3,False,,
13027029,9,,Schitrai,שִׁרְטַ֖י,5,False,,
13027029,10,,der,הַשָּׁרוֹנִ֑י,6,True,,
13027029,11,,Saroniter,הַשָּׁרוֹנִ֑י,6,False,,
13027029,12,,und,וְעַל־,7,False,,
13027029,13,,über,וְעַל־,7,False,,
13027029,14,,die,הַבָּקָר֙,8,True,,
13027029,15,,Rinder,הַבָּקָר֙,8,False,,
13027029,16,,in,בָּֽעֲמָקִ֔ים,9,False,,
13027029,17,,den,בָּֽעֲמָקִ֔ים,9,True,,
13027029,18,,Niederungen,בָּֽעֲמָקִ֔ים,9,False,,
13027029,19,,Schaphath,שָׁפָ֖ט,10,False,,
13027029,20,,der,בֶּן־,11,True,,
13027029,21,,Sohn,בֶּן־,11,False,,
13027029,22,,Adlais,עַדְלָֽי׃ ס,12,False,,
13027030,1,,und,וְעַל־,1,False,,
13027030,2,,über,וְעַל־,1,False,,
13027030,3,,die,הַ֨גְּמַלִּ֔ים,2,True,,
13027030,4,,Kamele,הַ֨גְּמַלִּ֔ים,2,False,,
13027030,5,,Obil,אוֹבִ֖יל,3,False,,
13027030,6,,der,הַיִּשְׁמְעֵלִ֑י,4,True,,
13027030,7,,Ismaeliter,הַיִּשְׁמְעֵלִ֑י,4,False,,
13027030,8,,und,וְעַל־,5,False,,
13027030,9,,über,וְעַל־,5,False,,
13027030,10,,die,הָ֣אֲתֹנ֔וֹת,6,True,,
13027030,11,,Eselinnen,הָ֣אֲתֹנ֔וֹת,6,False,,
13027030,12,,Jechdeja,יֶחְדְּיָ֖הוּ,7,False,,
13027030,13,,der,הַמֵּרֹנֹתִֽי׃ ס,8,True,,
13027030,14,,Meronothiter,הַמֵּרֹנֹתִֽי׃ ס,8,False,,
13027031,1,,und,וְעַל־,1,False,,
13027031,2,,über,וְעַל־,1,False,,
13027031,3,,das,הַצֹּ֖אן,2,True,,
13027031,4,,Kleinvieh,הַצֹּ֖אן,2,False,,
13027031,5,,Jasis,יָזִ֣יז,3,False,,
13027031,6,,der,הַֽהַגְרִ֑י,4,True,,
13027031,7,,Hageriter,הַֽהַגְרִ֑י,4,False,,
13027031,8,,Alle,כָּל־,5,False,,
13027031,9,,diese,אֵ֙לֶּה֙,6,False,,
13027031,10,,waren,שָׂרֵ֣י,7,True,,
13027031,11,,Aufseher,שָׂרֵ֣י,7,False,,
13027031,12,,über,הָרְכ֔וּשׁ,8,False,,
13027031,13,,die,הָרְכ֔וּשׁ,8,True,,
13027031,14,,Habe,הָרְכ֔וּשׁ,8,False,,
13027031,15,,des,לַמֶּ֥לֶךְ,10,True,,
13027031,16,,Königs,לַמֶּ֥לֶךְ,10,False,,
13027031,17,,David,דָּוִֽיד׃,11,False,,
13027032,1,,Und,וִֽיהוֹנָתָ֤ן,1,False,,
13027032,2,,Jonathan,וִֽיהוֹנָתָ֤ן,1,False,,
13027032,3,,der,דּוֹד־,2,True,,
13027032,4,,Oheim,דּוֹד־,2,False,,
13027032,5,,Davids,דָּוִיד֙,3,False,,
13027032,6,,war,ה֑וּא,8,True,,
13027032,7,,Rat,יוֹעֵ֔ץ,4,False,,
13027032,8,,er,ה֑וּא,8,False,,
13027032,9,,war,ה֑וּא,8,True,,
13027032,10,,ein,אִישׁ־,5,True,,
13027032,11,,einsichtiger,מֵבִ֥ין,6,False,,
13027032,12,,Mann,אִישׁ־,5,False,,
13027032,13,,und,וְסוֹפֵ֖ר,7,False,,
13027032,14,,ein,וְסוֹפֵ֖ר,7,True,,
13027032,15,,Schriftgelehrter,וְסוֹפֵ֖ר,7,False,,
13027032,16,,Und,וִֽיחִיאֵ֥ל,9,False,,
13027032,17,,Jechiel,וִֽיחִיאֵ֥ל,9,False,,
13027032,18,,der,בֶּן־,10,True,,
13027032,19,,Sohn,בֶּן־,10,False,,
13027032,20,,Hakmonis,חַכְמוֹנִ֖י,11,False,,
13027032,21,,war,עִם־,12,True,,
13027032,22,,bei,עִם־,12,False,,
13027032,23,,den,בְּנֵ֥י,13,True,,
13027032,24,,Söhnen,בְּנֵ֥י,13,False,,
13027032,25,,des,הַמֶּֽלֶךְ׃,14,True,,
13027032,26,,Königs,הַמֶּֽלֶךְ׃,14,False,,
13027033,1,,Und,וַאֲחִיתֹ֖פֶל,1,False,,
13027033,2,,Ahitophel,וַאֲחִיתֹ֖פֶל,1,False,,
13027033,3,,war,יוֹעֵ֣ץ,2,True,,
13027033,4,,Rat,יוֹעֵ֣ץ,2,False,,
13027033,5,,des,לַמֶּ֑לֶךְ ס,3,True,,
13027033,6,,Königs,לַמֶּ֑לֶךְ ס,3,False,,
13027033,7,,und,וְחוּשַׁ֥י,4,False,,
13027033,8,,Husai,וְחוּשַׁ֥י,4,False,,
13027033,9,,der,הָאַרְכִּ֖י,5,True,,
13027033,10,,Arkiter,הָאַרְכִּ֖י,5,False,,
13027033,11,,war,רֵ֥עַ,6,True,,
13027033,12,,Freund,רֵ֥עַ,6,False,,
13027033,13,,des,הַמֶּֽלֶךְ׃,7,True,,
13027033,14,,Königs,הַמֶּֽלֶךְ׃,7,False,,
13027034,1,,und,וְאַחֲרֵ֣י,1,False,,
13027034,2,,nach,וְאַחֲרֵ֣י,1,False,,
13027034,3,,Ahitophel,אֲחִיתֹ֗פֶל,2,False,,
13027034,4,,war,יְהוֹיָדָ֤ע,3,True,,
13027034,5,,Jojada,יְהוֹיָדָ֤ע,3,False,,
13027034,6,,der,בֶּן־,4,True,,
13027034,7,,Sohn,בֶּן־,4,False,,
13027034,8,,Benajas,בְּנָיָ֙הוּ֙,5,False,,
13027034,9,,und,וְאֶבְיָתָ֔ר,6,False,,
13027034,10,,Abjathar,וְאֶבְיָתָ֔ר,6,False,,
13027034,11,,Und,וְשַׂר־,7,False,,
13027034,12,,Joab,יוֹאָֽב׃ פ,10,False,,
13027034,13,,war,וְשַׂר־,7,True,,
13027034,14,,Heeroberster,צָבָ֥א,8,False,,
13027034,15,,des,לַמֶּ֖לֶךְ,9,True,,
13027034,16,,Königs,לַמֶּ֖לֶךְ,9,False,,
13028001,1,,Und,וַיַּקְהֵ֣ל,1,False,,
13028001,2,,David,דָּוִ֣יד,2,False,,
13028001,3,,versammelte,וַיַּקְהֵ֣ל,1,False,,
13028001,4,,alle,כָּל־,4,False,,
13028001,5,,Obersten,שָׂרֵ֣י,5,False,,
13028001,6,,Israels,יִשְׂרָאֵ֡ל,6,False,,
13028001,7,,die,שָׂרֵ֣י,7,True,,
13028001,8,,Obersten,שָׂרֵ֣י,7,False,,
13028001,9,,der,הַשְּׁבָטִ֣ים,8,True,,
13028001,10,,Stämme,הַשְּׁבָטִ֣ים,8,False,,
13028001,11,,und,וְשָׂרֵ֣י,9,False,,
13028001,12,,die,וְשָׂרֵ֣י,9,True,,
13028001,13,,Obersten,וְשָׂרֵ֣י,9,False,,
13028001,14,,der,הַמַּחְלְק֣וֹת,10,True,,
13028001,15,,Abteilungen,הַמַּחְלְק֣וֹת,10,False,,
13028001,16,,welche,הַמְשָׁרְתִ֪ים,11,False,,
13028001,17,,dem,אֶת־,12,True,,
13028001,18,,König,הַמֶּ֟לֶךְ,13,False,,
13028001,19,,dienten,הַמְשָׁרְתִ֪ים,11,False,,
13028001,20,,und,וְשָׂרֵ֣י,14,False,,
13028001,21,,die,וְשָׂרֵ֣י,14,True,,
13028001,22,,Obersten,וְשָׂרֵ֣י,14,False,,
13028001,23,,über,הָאֲלָפִ֣ים,15,True,,
13028001,24,,tausend,הָאֲלָפִ֣ים,15,False,,
13028001,25,,und,וְשָׂרֵ֣י,16,False,,
13028001,26,,die,וְשָׂרֵ֣י,16,True,,
13028001,27,,Obersten,וְשָׂרֵ֣י,16,False,,
13028001,28,,über,הַמֵּא֡וֹת,17,True,,
13028001,29,,hundert,הַמֵּא֡וֹת,17,False,,
13028001,30,,und,וְשָׂרֵ֣י,18,False,,
13028001,31,,die,וְשָׂרֵ֣י,18,True,,
13028001,32,,Aufseher,כָל־,19,False,,
13028001,33,,über,רְכוּשׁ־,20,True,,
13028001,34,,alle,כָל־,19,False,,
13028001,35,,Habe,רְכוּשׁ־,20,False,,
13028001,36,,und,וּמִקְנֶה֩׀,21,False,,
13028001,37,,alles,כָל־,19,True,,
13028001,38,,Besitztum,וּמִקְנֶה֩׀,21,False,,
13028001,39,,des,לַמֶּ֨לֶךְ,22,True,,
13028001,40,,Königs,לַמֶּ֨לֶךְ,22,False,,
13028001,41,,und,וּלְבָנָ֜יו,23,False,,
13028001,42,,seiner,וּלְבָנָ֜יו,23,True,,
13028001,43,,Söhne,וּלְבָנָ֜יו,23,False,,
13028001,44,,samt,עִם־,24,False,,
13028001,45,,den,הַסָּרִיסִ֧ים,25,True,,
13028001,46,,Kämmerern,הַסָּרִיסִ֧ים,25,False,,
13028001,47,,und,וְהַגִּבּוֹרִ֛ים,26,False,,
13028001,48,,den,וְהַגִּבּוֹרִ֛ים,26,True,,
13028001,49,,Helden,וְהַגִּבּוֹרִ֛ים,26,False,,
13028001,50,,und,וּֽלְכָל־,27,False,,
13028001,51,,allen,וּֽלְכָל־,27,True,,
13028001,52,,tapferen,חָ֖יִל,29,False,,
13028001,53,,Männern,גִּבּ֥וֹר,28,False,,
13028001,54,,nach,אֶל־,30,False,,
13028001,55,,Jerusalem,יְרוּשָׁלִָֽם׃,31,False,,
13028002,1,,Und,וַיָּ֨קָם,1,False,,
13028002,2,,der,הַמֶּ֙לֶךְ֙,3,True,,
13028002,3,,König,הַמֶּ֙לֶךְ֙,3,False,,
13028002,4,,David,דָּוִ֤יד,2,False,,
13028002,5,,erhob,וַיָּ֨קָם,1,False,,
13028002,6,,sich,וַיָּ֨קָם,1,True,,
13028002,7,,auf,עַל־,4,False,,
13028002,8,,seine,רַגְלָ֔יו,5,True,,
13028002,9,,Füße,רַגְלָ֔יו,5,False,,
13028002,10,,und,וַיֹּ֕אמֶר,6,False,,
13028002,11,,sprach,וַיֹּ֕אמֶר,6,False,,
13028002,12,,Höret,שְׁמָע֖וּנִי,7,False,,
13028002,13,,mich,שְׁמָע֖וּנִי,7,False,,
13028002,14,,meine,אַחַ֣י,8,True,,
13028002,15,,Brüder,אַחַ֣י,8,False,,
13028002,16,,und,וְעַמִּ֑י,9,False,,
13028002,17,,mein,וְעַמִּ֑י,9,True,,
13028002,18,,Volk,וְעַמִּ֑י,9,False,,
13028002,19,,Ich,אֲנִ֣י,10,False,,
13028002,20,,hatte,עִם־,11,True,,
13028002,21,,in,עִם־,11,False,,
13028002,22,,meinem,לְבָבִ֡י,12,True,,
13028002,23,,Herzen,לְבָבִ֡י,12,False,,
13028002,24,,ein,בֵּ֨ית,14,True,,
13028002,25,,Haus,בֵּ֨ית,14,False,,
13028002,26,,der,מְנוּחָ֜ה,15,True,,
13028002,27,,Ruhe,מְנוּחָ֜ה,15,False,,
13028002,28,,zu,לִבְנוֹת֩,13,False,,
13028002,29,,bauen,לִבְנוֹת֩,13,False,,
13028002,30,,für,לַאֲר֣וֹן,16,False,,
13028002,31,,die,לַאֲר֣וֹן,16,True,,
13028002,32,,Lade,לַאֲר֣וֹן,16,False,,
13028002,33,,des,בְּרִית־,17,True,,
13028002,34,,Bundes,בְּרִית־,17,False,,
13028002,35,,Jahwes,יְהוָ֗ה,18,False,,
13028002,36,,und,וְלַהֲדֹם֙,19,False,,
13028002,37,,für,וְלַהֲדֹם֙,19,False,,
13028002,38,,den,רַגְלֵ֣י,20,True,,
13028002,39,,Schemel,רַגְלֵ֣י,20,False,,
13028002,40,,der,אֱלֹהֵ֔ינוּ,21,True,,
13028002,41,,Füße,רַגְלֵ֣י,20,True,,
13028002,42,,unseres,אֱלֹהֵ֔ינוּ,21,True,,
13028002,43,,Gottes,אֱלֹהֵ֔ינוּ,21,False,,
13028002,44,,und,וַהֲכִינ֖וֹתִי,22,False,,
13028002,45,,ich,וַהֲכִינ֖וֹתִי,22,False,,
13028002,46,,schickte,וַהֲכִינ֖וֹתִי,22,False,,
13028002,47,,mich,וַהֲכִינ֖וֹתִי,22,False,,
13028002,48,,an,וַהֲכִינ֖וֹתִי,22,True,,
13028002,49,,zu,לִבְנֽוֹת׃,23,False,,
13028002,50,,bauen,לִבְנֽוֹת׃,23,False,,
13028003,1,,Aber,וְהָאֱלֹהִים֙,1,False,,
13028003,2,,Gott,וְהָאֱלֹהִים֙,1,False,,
13028003,3,,sprach,אָ֣מַר,2,False,,
13028003,4,,zu,לִ֔י,3,False,,
13028003,5,,mir,לִ֔י,3,False,,
13028003,6,,Du,אַ֖תָּה,11,False,,
13028003,7,,sollst,תִבְנֶ֥ה,5,False,,
13028003,8,,meinem,לִשְׁמִ֑י,7,True,,
13028003,9,,Namen,לִשְׁמִ֑י,7,False,,
13028003,10,,kein,לֹא־,4,False,,
13028003,11,,Haus,בַ֖יִת,6,False,,
13028003,12,,bauen,תִבְנֶ֥ה,5,False,,
13028003,13,,denn,כִּ֣י,8,False,,
13028003,14,,du,אַ֖תָּה,11,False,,
13028003,15,,bist,אַ֖תָּה,11,False,,
13028003,16,,ein,אִ֧ישׁ,9,False,,
13028003,17,,Kriegsmann,אִ֧ישׁ,9,False,,
13028003,17,,Kriegsmann,מִלְחָמ֛וֹת,10,False,,
13028003,18,,und,וְדָמִ֥ים,12,False,,
13028003,19,,hast,שָׁפָֽכְתָּ׃,13,False,,
13028003,20,,Blut,וְדָמִ֥ים,12,False,,
13028003,21,,vergossen,שָׁפָֽכְתָּ׃,13,False,,
13028004,1,,Und,וַיִּבְחַ֡ר,1,False,,
13028004,2,,Jahwe,יְהוָ֣ה,2,False,,
13028004,3,,der,אֱלֹהֵי֩,3,True,,
13028004,4,,Gott,אֱלֹהֵי֩,3,False,,
13028004,5,,Israels,יִשְׂרָאֵ֨ל,4,False,,
13028004,6,,hat,וַיִּבְחַ֡ר,1,False,,
13028004,7,,mich,בִּ֜י,5,False,,
13028004,8,,aus,מִכֹּ֣ל,6,False,,
13028004,9,,dem,מִכֹּ֣ל,6,True,,
13028004,10,,ganzen,מִכֹּ֣ל,6,False,,
13028004,11,,Hause,בֵּית־,7,False,,
13028004,12,,meines,אָבִ֗י,8,False,,
13028004,13,,Vaters,אָבִ֗י,8,False,,
13028004,14,,erwählt,וַיִּבְחַ֡ר,1,False,,
13028004,15,,um,לִהְי֨וֹת,9,False,,
13028004,16,,König,לְמֶ֤לֶךְ,10,False,,
13028004,17,,zu,לִהְי֨וֹת,9,False,,
13028004,18,,sein,לִהְי֨וֹת,9,False,,
13028004,19,,über,עַל־,11,False,,
13028004,20,,Israel,יִשְׂרָאֵל֙,12,False,,
13028004,21,,ewiglich,לְעוֹלָ֔ם,13,False,,
13028004,22,,denn,כִּ֤י,14,False,,
13028004,23,,Juda,בִֽיהוּדָה֙,15,False,,
13028004,24,,hat,בָּחַ֣ר,16,False,,
13028004,25,,er,בָּחַ֣ר,16,False,,
13028004,26,,zum,לְנָגִ֔יד,17,False,,
13028004,27,,Fürsten,לְנָגִ֔יד,17,False,,
13028004,28,,erwählt,בָּחַ֣ר,16,False,,
13028004,29,,und,וּבְבֵ֥ית,18,False,,
13028004,30,,im,וּבְבֵ֥ית,18,False,,
13028004,31,,Hause,וּבְבֵ֥ית,18,False,,
13028004,32,,Juda,יְהוּדָ֖ה,19,False,,
13028004,33,,das,בֵּ֣ית,20,True,,
13028004,34,,Haus,בֵּ֣ית,20,False,,
13028004,35,,meines,אָבִ֑י,21,False,,
13028004,36,,Vaters,אָבִ֑י,21,False,,
13028004,37,,und,וּבִבְנֵ֣י,22,False,,
13028004,38,,unter,וּבִבְנֵ֣י,22,False,,
13028004,39,,den,וּבִבְנֵ֣י,22,True,,
13028004,40,,Söhnen,וּבִבְנֵ֣י,22,False,,
13028004,41,,meines,אָבִ֔י,23,False,,
13028004,42,,Vaters,אָבִ֔י,23,False,,
13028004,43,,hat,רָצָ֔ה,25,False,,
13028004,44,,er,רָצָ֔ה,25,False,,
13028004,45,,an,בִּ֣י,24,False,,
13028004,46,,mir,בִּ֣י,24,False,,
13028004,47,,Wohlgefallen,רָצָ֔ה,25,False,,
13028004,48,,gehabt,רָצָ֔ה,25,False,,
13028004,49,,mich,לְהַמְלִ֖יךְ,26,False,,
13028004,50,,zum,לְהַמְלִ֖יךְ,26,False,,
13028004,51,,König,לְהַמְלִ֖יךְ,26,False,,
13028004,52,,zu,לְהַמְלִ֖יךְ,26,False,,
13028004,53,,machen,לְהַמְלִ֖יךְ,26,False,,
13028004,54,,über,עַל־,27,False,,
13028004,55,,ganz,כָּל־,28,False,,
13028004,56,,Israel,יִשְׂרָאֵֽל׃,29,False,,
13028005,1,,und,וּמִכָּ֨ל־,1,False,,
13028005,2,,von,וּמִכָּ֨ל־,1,False,,
13028005,3,,allen,וּמִכָּ֨ל־,1,False,,
13028005,4,,meinen,בָּנַ֔י,2,False,,
13028005,5,,Söhnen,בָּנַ֔י,2,False,,
13028005,6,,denn,כִּ֚י,3,False,,
13028005,7,,Jahwe,יְהוָ֑ה,8,False,,
13028005,8,,hat,נָ֥תַן,6,False,,
13028005,9,,mir,לִ֖י,7,False,,
13028005,10,,viele,רַבִּ֣ים,4,False,,
13028005,11,,Söhne,בָּנִ֔ים,5,False,,
13028005,12,,gegeben,נָ֥תַן,6,False,,
13028005,13,,hat,וַיִּבְחַר֙,9,False,,
13028005,14,,er,וַיִּבְחַר֙,9,False,,
13028005,15,,meinen,בְנִ֔י,11,False,,
13028005,16,,Sohn,בְנִ֔י,11,False,,
13028005,17,,Salomo,בִּשְׁלֹמֹ֣ה,10,False,,
13028005,18,,erwählt,וַיִּבְחַר֙,9,False,,
13028005,19,,um,לָשֶׁ֗בֶת,12,False,,
13028005,20,,auf,לָשֶׁ֗בֶת,12,False,,
13028005,21,,dem,עַל־,13,True,,
13028005,22,,Throne,כִּסֵּ֛א,14,False,,
13028005,23,,des,מַלְכ֥וּת,15,False,,
13028005,24,,Königtums,מַלְכ֥וּת,15,False,,
13028005,25,,Jahwes,יְהוָ֖ה,16,False,,
13028005,26,,über,עַל־,17,False,,
13028005,27,,Israel,יִשְׂרָאֵֽל׃,18,False,,
13028005,28,,zu,לָשֶׁ֗בֶת,12,False,,
13028005,29,,sitzen,לָשֶׁ֗בֶת,12,False,,
13028006,1,,Und,וַיֹּ֣אמֶר,1,False,,
13028006,2,,er,וַיֹּ֣אמֶר,1,False,,
13028006,3,,sprach,וַיֹּ֣אמֶר,1,False,,
13028006,4,,zu,לִ֔י,2,False,,
13028006,5,,mir,לִ֔י,2,False,,
13028006,6,,Salomo,שְׁלֹמֹ֣ה,3,False,,
13028006,7,,dein,בִנְךָ֔,4,False,,
13028006,8,,Sohn,בִנְךָ֔,4,False,,
13028006,9,,er,הֽוּא־,5,False,,
13028006,10,,soll,יִבְנֶ֥ה,6,False,,
13028006,11,,mein,בֵיתִ֖י,7,False,,
13028006,12,,Haus,בֵיתִ֖י,7,False,,
13028006,13,,und,וַחֲצֵרוֹתָ֑י,8,False,,
13028006,14,,meine,וַחֲצֵרוֹתָ֑י,8,False,,
13028006,15,,Höfe,וַחֲצֵרוֹתָ֑י,8,False,,
13028006,16,,bauen,יִבְנֶ֥ה,6,False,,
13028006,17,,denn,כִּי־,9,False,,
13028006,18,,ich,בָחַ֨רְתִּי,10,False,,
13028006,19,,habe,בָחַ֨רְתִּי,10,False,,
13028006,20,,ihn,ב֥וֹ,11,False,,
13028006,21,,mir,לִי֙,12,False,,
13028006,22,,zum,לְבֵ֔ן,13,False,,
13028006,23,,Sohne,לְבֵ֔ן,13,False,,
13028006,24,,erwählt,בָחַ֨רְתִּי,10,False,,
13028006,25,,und,וַאֲנִ֖י,14,False,,
13028006,26,,ich,וַאֲנִ֖י,14,False,,
13028006,27,,will,אֶֽהְיֶה־,15,False,,
13028006,28,,ihm,לּ֥וֹ,16,False,,
13028006,29,,Vater,לְאָֽב׃,17,False,,
13028006,30,,sein,אֶֽהְיֶה־,15,False,,
13028007,1,,Und,וַהֲכִינוֹתִ֥י,1,False,,
13028007,2,,ich,וַהֲכִינוֹתִ֥י,1,False,,
13028007,3,,werde,וַהֲכִינוֹתִ֥י,1,False,,
13028007,4,,sein,וַהֲכִינוֹתִ֥י,1,False,,
13028007,5,,Königreich,מַלְכוּת֖וֹ,3,False,,
13028007,6,,befestigen,וַהֲכִינוֹתִ֥י,1,False,,
13028007,7,,auf,עַד־,4,False,,
13028007,8,,ewig,לְעוֹלָ֑ם,5,False,,
13028007,9,,wenn,אִם־,6,False,,
13028007,10,,er,יֶחֱזַ֗ק,7,False,,
13028007,11,,fest,יֶחֱזַ֗ק,7,False,,
13028007,12,,daran,לַעֲשׂ֛וֹת,8,False,,
13028007,13,,halten,לַעֲשׂ֛וֹת,8,False,,
13028007,14,,wird,יֶחֱזַ֗ק,7,False,,
13028007,15,,meine,מִצְוֹתַ֥י,9,False,,
13028007,16,,Gebote,מִצְוֹתַ֥י,9,False,,
13028007,17,,und,וּמִשְׁפָּטַ֖י,10,False,,
13028007,18,,meine,וּמִשְׁפָּטַ֖י,10,False,,
13028007,19,,Rechte,וּמִשְׁפָּטַ֖י,10,False,,
13028007,20,,zu,לַעֲשׂ֛וֹת,8,False,,
13028007,21,,tun,לַעֲשׂ֛וֹת,8,False,,
13028007,22,,wie,כַּיּ֥וֹם,11,False,,
13028007,23,,es,הַזֶּֽה׃,12,False,,
13028007,24,,an,כַּיּ֥וֹם,11,False,,
13028007,25,,diesem,הַזֶּֽה׃,12,False,,
13028007,26,,Tage,כַּיּ֥וֹם,11,False,,
13028007,27,,ist,הַזֶּֽה׃,12,False,,
13028008,1,,Und,וְ֠עַתָּה,1,False,,
13028008,2,,nun,וְ֠עַתָּה,1,False,,
13028008,3,,vor,לְעֵינֵ֨י,2,False,,
13028008,4,,den,לְעֵינֵ֨י,2,True,,
13028008,5,,Augen,לְעֵינֵ֨י,2,False,,
13028008,6,,von,לְעֵינֵ֨י,2,False,,
13028008,7,,ganz,כָל־,3,False,,
13028008,8,,Israel,יִשְׂרָאֵ֤ל,4,False,,
13028008,9,,der,קְהַל־,5,True,,
13028008,10,,Versammlung,קְהַל־,5,False,,
13028008,11,,Jahwes,יְהוָה֙,6,False,,
13028008,12,,und,וּבְאָזְנֵ֣י,7,False,,
13028008,13,,vor,וּבְאָזְנֵ֣י,7,False,,
13028008,14,,den,וּבְאָזְנֵ֣י,7,True,,
13028008,15,,Ohren,וּבְאָזְנֵ֣י,7,False,,
13028008,16,,unseres,אֱלֹהֵ֔ינוּ,8,False,,
13028008,17,,Gottes,אֱלֹהֵ֔ינוּ,8,False,,
13028008,18,,Beobachtet,שִׁמְר֣וּ,9,False,,
13028008,19,,und,וְדִרְשׁ֔וּ,10,False,,
13028008,20,,suchet,וְדִרְשׁ֔וּ,10,False,,
13028008,21,,alle,כָּל־,11,False,,
13028008,22,,Gebote,מִצְוֹ֖ת,12,False,,
13028008,23,,Jahwes,יְהוָ֣ה,13,False,,
13028008,24,,eures,אֱלֹהֵיכֶ֑ם,14,False,,
13028008,25,,Gottes,אֱלֹהֵיכֶ֑ם,14,False,,
13028008,26,,auf,שִׁמְר֣וּ,9,False,,
13028008,27,,daß,לְמַ֤עַן,15,False,,
13028008,28,,ihr,תִּֽירְשׁוּ֙,16,False,,
13028008,29,,dieses,הָאָ֣רֶץ,18,False,,
13028008,30,,gute,הַטּוֹבָ֔ה,19,False,,
13028008,31,,Land,הָאָ֣רֶץ,18,False,,
13028008,32,,besitzet,תִּֽירְשׁוּ֙,16,False,,
13028008,33,,und,וְהִנְחַלְתֶּ֛ם,20,False,,
13028008,34,,es,וְהִנְחַלְתֶּ֛ם,20,False,,
13028008,35,,euren,לִבְנֵיכֶ֥ם,21,False,,
13028008,36,,Söhnen,לִבְנֵיכֶ֥ם,21,False,,
13028008,37,,nach,אַחֲרֵיכֶ֖ם,22,False,,
13028008,38,,euch,אַחֲרֵיכֶ֖ם,22,False,,
13028008,39,,vererbet,וְהִנְחַלְתֶּ֛ם,20,False,,
13028008,40,,auf,עַד־,23,False,,
13028008,41,,ewig,עוֹלָֽם׃ פ,24,False,,
13028009,1,,Und,וְאַתָּ֣ה,1,False,,
13028009,2,,du,וְאַתָּ֣ה,1,False,,
13028009,3,,mein,בְנִ֡י,3,False,,
13028009,4,,Sohn,בְנִ֡י,3,False,,
13028009,5,,Salomo,שְׁלֹמֹֽה־,2,False,,
13028009,6,,erkenne,דַּע֩,4,False,,
13028009,7,,den,אֶת־,5,False,,
13028009,8,,Gott,אֱלֹהֵ֨י,6,False,,
13028009,9,,deines,אָבִ֜יךָ,7,False,,
13028009,10,,Vaters,אָבִ֜יךָ,7,False,,
13028009,11,,und,וְעָבְדֵ֗הוּ,8,False,,
13028009,12,,diene,וְעָבְדֵ֗הוּ,8,False,,
13028009,13,,ihm,וְעָבְדֵ֗הוּ,8,False,,
13028009,14,,mit,בְּלֵ֤ב,9,False,,
13028009,15,,ungeteiltem,שָׁלֵם֙,10,False,,
13028009,16,,Herzen,בְּלֵ֤ב,9,False,,
13028009,17,,und,וּבְנֶ֣פֶשׁ,11,False,,
13028009,18,,mit,וּבְנֶ֣פֶשׁ,11,False,,
13028009,19,,williger,חֲפֵצָ֔ה,12,False,,
13028009,20,,Seele,וּבְנֶ֣פֶשׁ,11,False,,
13028009,21,,Denn,כִּ֤י,13,False,,
13028009,22,,Jahwe,יְהוָ֔ה,17,False,,
13028009,23,,erforscht,דּוֹרֵ֣שׁ,16,False,,
13028009,24,,alle,כָל־,14,False,,
13028009,25,,Herzen,לְבָבוֹת֙,15,False,,
13028009,26,,und,וְכָל־,18,False,,
13028009,27,,alles,וְכָל־,18,False,,
13028009,28,,Gebilde,יֵ֥צֶר,19,False,,
13028009,29,,der,מַחֲשָׁב֖וֹת,20,True,,
13028009,30,,Gedanken,מַחֲשָׁב֖וֹת,20,False,,
13028009,31,,kennt,מֵבִ֑ין,21,False,,
13028009,32,,er,מֵבִ֑ין,21,False,,
13028009,33,,Wenn,אִֽם־,22,False,,
13028009,34,,du,תִּדְרְשֶׁ֙נּוּ֙,23,False,,
13028009,35,,ihn,תִּדְרְשֶׁ֙נּוּ֙,23,False,,
13028009,36,,suchst,תִּדְרְשֶׁ֙נּוּ֙,23,False,,
13028009,37,,wird,יִמָּ֣צֵא,24,False,,
13028009,38,,er,יִמָּ֣צֵא,24,False,,
13028009,39,,sich,יִמָּ֣צֵא,24,False,,
13028009,40,,von,יִמָּ֣צֵא,24,False,,
13028009,41,,dir,לָ֔ךְ,25,False,,
13028009,42,,finden,יִמָּ֣צֵא,24,False,,
13028009,43,,lassen,יִמָּ֣צֵא,24,False,,
13028009,44,,wenn,וְאִם־,26,False,,
13028009,45,,du,תַּֽעַזְבֶ֖נּוּ,27,False,,
13028009,46,,ihn,תַּֽעַזְבֶ֖נּוּ,27,False,,
13028009,47,,aber,וְאִם־,26,False,,
13028009,48,,verlässest,תַּֽעַזְבֶ֖נּוּ,27,False,,
13028009,49,,wird,יַזְנִיחֲךָ֥,28,False,,
13028009,50,,er,יַזְנִיחֲךָ֥,28,False,,
13028009,51,,dich,יַזְנִיחֲךָ֥,28,False,,
13028009,52,,verwerfen,יַזְנִיחֲךָ֥,28,False,,
13028009,53,,auf,לָעַֽד׃,29,False,,
13028009,54,,ewig,לָעַֽד׃,29,False,,
13028010,1,,Sieh,רְאֵ֣ה׀,1,False,,
13028010,2,,nun,עַתָּ֗ה,2,False,,
13028010,3,,daß,כִּֽי־,3,False,,
13028010,4,,Jahwe,יְהוָ֛ה,4,False,,
13028010,5,,dich,בְּךָ֛,6,False,,
13028010,6,,erwählt,בָּ֧חַר,5,False,,
13028010,7,,hat,בָּ֧חַר,5,False,,
13028010,8,,ihm,לִבְנֽוֹת־,7,False,,
13028010,9,,ein,בַּ֥יִת,8,True,,
13028010,10,,Haus,בַּ֥יִת,8,False,,
13028010,11,,zu,לִבְנֽוֹת־,7,False,,
13028010,12,,bauen,לִבְנֽוֹת־,7,False,,
13028010,13,,zum,לַמִּקְדָּ֖שׁ,9,False,,
13028010,14,,Heiligtum,לַמִּקְדָּ֖שׁ,9,False,,
13028010,15,,sei,חֲזַ֥ק,10,False,,
13028010,16,,stark,חֲזַ֥ק,10,False,,
13028010,17,,und,וַעֲשֵֽׂה׃ פ,11,False,,
13028010,18,,handle,וַעֲשֵֽׂה׃ פ,11,False,,
13028011,1,,Und,וַיִּתֵּ֣ן,1,False,,
13028011,2,,David,דָּוִ֣יד,2,False,,
13028011,3,,gab,וַיִּתֵּ֣ן,1,False,,
13028011,4,,seinem,בְנ֡וֹ,4,False,,
13028011,5,,Sohne,בְנ֡וֹ,4,False,,
13028011,6,,Salomo,לִשְׁלֹמֹ֣ה,3,False,,
13028011,7,,das,אֶת־,5,False,,
13028011,8,,Muster,תַּבְנִ֣ית,6,False,,
13028011,9,,der,הָאוּלָם֩,7,False,,
13028011,10,,Halle,הָאוּלָם֩,7,False,,
13028011,11,,des,בָּ֨תָּ֜יו,9,False,,
13028011,12,,Tempels,בָּ֨תָּ֜יו,9,False,,
13028011,13,,und,וְֽאֶת־,8,False,,
13028011,14,,seiner,בָּ֨תָּ֜יו,9,False,,
13028011,15,,Häuser,בָּ֨תָּ֜יו,9,False,,
13028011,16,,und,וְגַנְזַכָּ֧יו,10,False,,
13028011,17,,seiner,וְגַנְזַכָּ֧יו,10,False,,
13028011,18,,Schatzkammern,וְגַנְזַכָּ֧יו,10,False,,
13028011,19,,und,וַעֲלִיֹּתָ֛יו,11,False,,
13028011,20,,seiner,וַעֲלִיֹּתָ֛יו,11,False,,
13028011,21,,Obergemächer,וַעֲלִיֹּתָ֛יו,11,False,,
13028011,22,,und,וַחֲדָרָ֥יו,12,False,,
13028011,23,,seiner,וַחֲדָרָ֥יו,12,False,,
13028011,24,,inneren,הַפְּנִימִ֖ים,13,False,,
13028011,25,,Gemächer,וַחֲדָרָ֥יו,12,False,,
13028011,26,,und,וּבֵ֥ית,14,False,,
13028011,27,,des,וּבֵ֥ית,14,False,,
13028011,28,,Hauses,וּבֵ֥ית,14,False,,
13028011,29,,des,הַכַּפֹּֽרֶת׃,15,False,,
13028011,30,,Sühndeckels,הַכַּפֹּֽרֶת׃,15,False,,
13028012,1,,und,וְתַבְנִ֗ית,1,False,,
13028012,2,,das,וְתַבְנִ֗ית,1,False,,
13028012,3,,Muster,וְתַבְנִ֗ית,1,False,,
13028012,4,,von,כֹּל֩,2,False,,
13028012,5,,allem,כֹּל֩,2,False,,
13028012,6,,was,אֲשֶׁ֨ר,3,False,,
13028012,7,,durch,בָר֙וּחַ֙,5,False,,
13028012,8,,den,בָר֙וּחַ֙,5,False,,
13028012,9,,Geist,בָר֙וּחַ֙,5,False,,
13028012,10,,in,עִמּ֔וֹ,6,False,,
13028012,11,,ihm,עִמּ֔וֹ,6,False,,
13028012,12,,war,הָיָ֤ה,4,False,,
13028012,13,,betreffs,לְחַצְר֧וֹת,7,False,,
13028012,14,,der,לְחַצְר֧וֹת,7,False,,
13028012,15,,Höfe,לְחַצְר֧וֹת,7,False,,
13028012,16,,des,בֵּית־,8,False,,
13028012,17,,Hauses,בֵּית־,8,False,,
13028012,18,,Jahwes,יְהוָ֛ה,9,False,,
13028012,19,,und,וּלְכָל־,10,False,,
13028012,20,,aller,וּלְכָל־,10,False,,
13028012,21,,Zellen,הַלְּשָׁכ֖וֹת,11,False,,
13028012,22,,ringsum,סָבִ֑יב,12,False,,
13028012,23,,betreffs,לְאֹֽצְרוֹת֙,13,False,,
13028012,24,,der,לְאֹֽצְרוֹת֙,13,False,,
13028012,25,,Schatzkammern,לְאֹֽצְרוֹת֙,13,False,,
13028012,26,,des,בֵּ֣ית,14,False,,
13028012,27,,Hauses,בֵּ֣ית,14,False,,
13028012,28,,Gottes,הָאֱלֹהִ֔ים,15,False,,
13028012,29,,und,וּלְאֹצְר֖וֹת,16,False,,
13028012,30,,der,וּלְאֹצְר֖וֹת,16,False,,
13028012,31,,Schatzkammern,וּלְאֹצְר֖וֹת,16,False,,
13028012,32,,der,הַקֳּדָשִֽׁים׃,17,False,,
13028012,33,,geheiligten,הַקֳּדָשִֽׁים׃,17,False,,
13028012,34,,Dinge,הַקֳּדָשִֽׁים׃,17,False,,
13028013,1,,und,וּֽלְמַחְלְקוֹת֙,1,False,,
13028013,2,,betreffs,וּֽלְמַחְלְקוֹת֙,1,False,,
13028013,3,,der,וּֽלְמַחְלְקוֹת֙,1,False,,
13028013,4,,Abteilungen,וּֽלְמַחְלְקוֹת֙,1,False,,
13028013,5,,der,הַכֹּהֲנִ֣ים,2,False,,
13028013,6,,Priester,הַכֹּהֲנִ֣ים,2,False,,
13028013,7,,und,וְהַלְוִיִּ֔ם,3,False,,
13028013,8,,der,וְהַלְוִיִּ֔ם,3,False,,
13028013,9,,Leviten,וְהַלְוִיִּ֔ם,3,False,,
13028013,10,,und,וּֽלְכָל־,4,False,,
13028013,11,,aller,וּֽלְכָל־,4,False,,
13028013,12,,Dienstverrichtungen,מְלֶ֖אכֶת,5,False,,
13028013,13,,im,בֵּית־,7,False,,
13028013,14,,Hause,בֵּית־,7,False,,
13028013,15,,Jahwes,יְהוָ֑ה,8,False,,
13028013,16,,und,וּֽלְכָל־,9,False,,
13028013,17,,betreffs,וּֽלְכָל־,9,False,,
13028013,18,,aller,וּֽלְכָל־,9,False,,
13028013,19,,Geräte,כְּלֵ֖י,10,False,,
13028013,20,,des,עֲבוֹדַ֥ת,11,False,,
13028013,21,,Dienstes,עֲבוֹדַ֥ת,11,False,,
13028013,22,,im,בֵּית־,12,False,,
13028013,23,,Hause,בֵּית־,12,False,,
13028013,24,,Jahwes,יְהוָֽה׃,13,False,,
13028014,1,,betreffs,לַזָּהָ֤ב,1,False,,
13028014,2,,des,לַזָּהָ֤ב,1,True,,
13028014,3,,Goldes,לַזָּהָ֤ב,1,False,,
13028014,4,,nach,בַּמִּשְׁקָל֙,2,False,,
13028014,5,,dem,בַּמִּשְׁקָל֙,2,False,,
13028014,6,,Goldgewicht,בַּמִּשְׁקָל֙,2,False,,
13028014,7,,für,לְכָל־,4,False,,
13028014,8,,alle,לְכָל־,4,False,,
13028014,9,,Geräte,כְּלֵ֖י,5,False,,
13028014,10,,eines,עֲבוֹדָ֣ה,6,False,,
13028014,11,,jeden,עֲבוֹדָ֣ה,6,False,,
13028014,12,,Dienstes,עֲבוֹדָ֣ה,6,False,,
13028014,13,,und,וַעֲבוֹדָ֑ה,7,False,,
13028014,14,,betreffs,וַעֲבוֹדָ֑ה,7,False,,
13028014,15,,aller,לְכֹ֨ל,8,False,,
13028014,16,,silbernen,הַכֶּ֙סֶף֙,10,False,,
13028014,17,,Geräte,כְּלֵ֤י,9,False,,
13028014,18,,nach,בְּמִשְׁקָ֔ל,11,False,,
13028014,19,,dem,בְּמִשְׁקָ֔ל,11,False,,
13028014,20,,Gewicht,בְּמִשְׁקָ֔ל,11,False,,
13028014,21,,für,לְכָל־,12,False,,
13028014,22,,alle,לְכָל־,12,False,,
13028014,23,,Geräte,כְּלֵ֖י,13,False,,
13028014,24,,eines,עֲבוֹדָ֥ה,14,False,,
13028014,25,,jeden,עֲבוֹדָ֥ה,14,False,,
13028014,26,,Dienstes,עֲבוֹדָ֥ה,14,False,,
13028015,1,,Und,וּמִשְׁקָ֞ל,1,False,,
13028015,2,,er,וּמִשְׁקָ֞ל,1,True,,
13028015,3,,gab,וּמִשְׁקָ֞ל,1,False,,
13028015,4,,das,הַזָּהָ֗ב,3,True,,
13028015,5,,Gewicht,וּמִשְׁקָ֞ל,1,False,,
13028015,6,,an,וּמִשְׁקָ֞ל,1,True,,
13028015,7,,für,לִמְנֹר֣וֹת,2,False,,
13028015,8,,die,לִמְנֹר֣וֹת,2,True,,
13028015,9,,goldenen,הַזָּהָ֗ב,3,False,,
13028015,10,,Leuchter,לִמְנֹר֣וֹת,2,False,,
13028015,11,,und,וְנֵרֹֽתֵיהֶם֙,4,False,,
13028015,12,,für,וְלִמְנֹר֨וֹת,10,False,,
13028015,13,,ihre,וְנֵרֹֽתֵיהֶם֙,4,False,,
13028015,14,,goldenen,הַזָּהָ֗ב,3,False,,
13028015,15,,Lampen,וְנֵרֹֽתֵיהֶם֙,4,False,,
13028015,16,,nach,בְּמִשְׁקַל־,6,False,,
13028015,17,,dem,בְּמִשְׁקַל־,6,False,,
13028015,18,,Gewicht,בְּמִשְׁקַל־,6,False,,
13028015,19,,eines,מְנוֹרָ֥ה,7,False,,
13028015,20,,jeden,מְנוֹרָ֥ה,7,False,,
13028015,21,,Leuchters,מְנוֹרָ֥ה,7,False,,
13028015,22,,und,וּמְנוֹרָ֖ה,8,False,,
13028015,23,,seiner,וְנֵרֹתֶ֑יהָ,9,False,,
13028015,24,,Lampen,וְנֵרֹתֶ֑יהָ,9,False,,
13028015,25,,und,וְלִמְנֹר֨וֹת,10,False,,
13028015,26,,für,וְלִמְנֹר֨וֹת,10,False,,
13028015,27,,die,הַכֶּ֤סֶף,11,False,,
13028015,28,,silbernen,הַכֶּ֤סֶף,11,False,,
13028015,29,,Leuchter,הַכֶּ֤סֶף,11,False,,
13028015,30,,nach,בְּמִשְׁקָל֙,12,False,,
13028015,31,,dem,בְּמִשְׁקָל֙,12,False,,
13028015,32,,Gewicht,בְּמִשְׁקָל֙,12,False,,
13028015,33,,eines,לִמְנוֹרָ֣ה,13,False,,
13028015,34,,Leuchters,לִמְנוֹרָ֣ה,13,False,,
13028015,35,,und,וְנֵרֹתֶ֔יהָ,14,False,,
13028015,36,,seiner,וְנֵרֹתֶ֔יהָ,14,False,,
13028015,37,,Lampen,וְנֵרֹתֶ֔יהָ,14,False,,
13028015,38,,je,כַּעֲבוֹדַ֖ת,15,False,,
13028015,39,,nach,כַּעֲבוֹדַ֖ת,15,False,,
13028015,40,,dem,כַּעֲבוֹדַ֖ת,15,False,,
13028015,41,,Dienst,כַּעֲבוֹדַ֖ת,15,False,,
13028015,42,,eines,מְנוֹרָ֥ה,16,False,,
13028015,43,,jeden,מְנוֹרָ֥ה,16,False,,
13028015,44,,Leuchters,מְנוֹרָ֥ה,16,False,,
13028016,1,,und,וְאֶת־,1,False,,
13028016,2,,das,וְאֶת־,1,True,,
13028016,2,,das,הַזָּהָ֥ב,2,False,,
13028016,3,,Gold-Gewicht,הַזָּהָ֥ב,2,False,,
13028016,3,283158,Gold-Gewicht,מִשְׁקָ֛ל,3,False,,
13028016,4,,für,לְשֻׁלְחֲנ֥וֹת,4,False,,
13028016,5,,die,לְשֻׁלְחֲנ֥וֹת,4,False,,
13028016,5,,die,הַֽמַּעֲרֶ֖כֶת,5,True,,
13028016,6,,Tische,לְשֻׁלְחֲנ֥וֹת,4,False,,
13028016,6,,Tische,הַֽמַּעֲרֶ֖כֶת,5,False,,
13028016,7,,der,הַֽמַּעֲרֶ֖כֶת,5,False,,
13028016,8,,Schichtbrote,הַֽמַּעֲרֶ֖כֶת,5,False,,
13028016,9,,für,לְשֻׁלְחַ֣ן,6,False,,
13028016,10,,jeden,לְשֻׁלְחַ֣ן,6,False,,
13028016,11,,Tisch,לְשֻׁלְחַ֣ן,6,False,,
13028016,12,,und,וְשֻׁלְחָ֑ן,7,False,,
13028016,13,,das,וְשֻׁלְחָ֑ן,7,True,,
13028016,13,,das,וְכֶ֖סֶף,8,False,,
13028016,14,,Silber,וְכֶ֖סֶף,8,False,,
13028016,15,,für,לְשֻׁלְחֲנ֥וֹת,9,False,,
13028016,16,,die,לְשֻׁלְחֲנ֥וֹת,9,False,,
13028016,17,,silbernen,לְשֻׁלְחֲנ֥וֹת,9,False,,
13028016,17,,silbernen,הַכָּֽסֶף׃,10,False,,
13028016,18,,Tische,הַכָּֽסֶף׃,10,False,,
13028017,1,,und,וְהַמִּזְלָג֧וֹת,1,False,,
13028017,2,,die,וְהַמִּזְלָג֧וֹת,1,False,,
13028017,3,,Gabeln,וְהַמִּזְלָג֧וֹת,1,False,,
13028017,4,,und,וְהַמִּזְרָק֛וֹת,2,False,,
13028017,5,,die,וְהַמִּזְרָק֛וֹת,2,False,,
13028017,6,,Sprengschalen,וְהַמִּזְרָק֛וֹת,2,False,,
13028017,7,,und,וְהַקְּשָׂוֹ֖ת,3,False,,
13028017,8,,die,וְהַקְּשָׂוֹ֖ת,3,False,,
13028017,9,,Kannen,וְהַקְּשָׂוֹ֖ת,3,False,,
13028017,10,,von,זָהָ֣ב,4,False,,
13028017,11,,reinem,טָה֑וֹר,5,False,,
13028017,12,,Golde,זָהָ֣ב,4,False,,
13028017,13,,und,וְלִכְפוֹרֵ֨י,6,False,,
13028017,14,,das,הַזָּהָ֤ב,7,False,,
13028017,15,,Gewicht,בְּמִשְׁקָל֙,8,False,,
13028017,16,,für,לִכְפ֣וֹר,9,False,,
13028017,17,,die,לִכְפ֣וֹר,9,False,,
13028017,18,,goldenen,הַזָּהָ֤ב,7,False,,
13028017,19,,Becher,לִכְפ֣וֹר,9,False,,
13028017,20,,nach,בְּמִשְׁקָל֙,8,False,,
13028017,21,,dem,בְּמִשְׁקָל֙,8,False,,
13028017,22,,Gewicht,בְּמִשְׁקָל֙,8,False,,
13028017,23,,eines,לִכְפ֣וֹר,9,False,,
13028017,24,,jeden,לִכְפ֣וֹר,9,False,,
13028017,25,,Bechers,וּכְפ֔וֹר,10,False,,
13028017,26,,und,וְלִכְפוֹרֵ֥י,11,False,,
13028017,27,,für,וְלִכְפוֹרֵ֥י,11,False,,
13028017,28,,die,הַכֶּ֛סֶף,12,False,,
13028017,29,,silbernen,הַכֶּ֛סֶף,12,False,,
13028017,30,,Becher,לִכְפ֥וֹר,14,False,,
13028017,31,,nach,בְּמִשְׁקָ֖ל,13,False,,
13028017,32,,dem,בְּמִשְׁקָ֖ל,13,False,,
13028017,33,,Gewicht,בְּמִשְׁקָ֖ל,13,False,,
13028017,34,,eines,לִכְפ֥וֹר,14,False,,
13028017,35,,jeden,לִכְפ֥וֹר,14,False,,
13028017,36,,Bechers,וּכְפֽוֹר׃,15,False,,
13028018,1,,und,וּלְמִזְבַּ֧ח,1,False,,
13028018,2,,für,וּלְמִזְבַּ֧ח,1,False,,
13028018,3,,den,הַקְּטֹ֛רֶת,2,False,,
13028018,4,,Räucheraltar,וּלְמִזְבַּ֧ח,1,False,,
13028018,5,,von,זָהָ֥ב,3,False,,
13028018,6,,geläutertem,מְזֻקָּ֖ק,4,False,,
13028018,7,,Golde,זָהָ֥ב,3,False,,
13028018,8,,nach,בַּמִּשְׁקָ֑ל,5,False,,
13028018,9,,dem,בַּמִּשְׁקָ֑ל,5,False,,
13028018,10,,Gewicht,בַּמִּשְׁקָ֑ל,5,False,,
13028018,11,,und,וּלְתַבְנִ֣ית,6,False,,
13028018,12,,das,וּלְתַבְנִ֣ית,6,False,,
13028018,13,,Muster,וּלְתַבְנִ֣ית,6,False,,
13028018,14,,des,הַמֶּרְכָּבָ֗ה,7,False,,
13028018,15,,Wagens,הַמֶּרְכָּבָ֗ה,7,False,,
13028018,16,,der,הַכְּרֻבִ֤ים,8,False,,
13028018,17,,Cherubim,הַכְּרֻבִ֤ים,8,False,,
13028018,18,,von,זָהָב֙,9,False,,
13028018,19,,Gold,זָהָב֙,9,False,,
13028018,20,,welche,לְפֹ֣רְשִׂ֔ים,10,False,,
13028018,21,,die,לְפֹ֣רְשִׂ֔ים,10,False,,
13028018,22,,Flügel,לְפֹ֣רְשִׂ֔ים,10,False,,
13028018,23,,ausbreiten,לְפֹ֣רְשִׂ֔ים,10,False,,
13028018,24,,und,וְסֹכְכִ֖ים,11,False,,
13028018,25,,die,אֲר֥וֹן,13,False,,
13028018,26,,Lade,אֲר֥וֹן,13,False,,
13028018,27,,des,בְּרִית־,14,False,,
13028018,28,,Bundes,בְּרִית־,14,False,,
13028018,29,,Jahwes,יְהוָֽה׃,15,False,,
13028018,30,,überdecken,וְסֹכְכִ֖ים,11,False,,
13028018,31,,,יְהוָֽה׃,15,True,,
13028019,1,,Über,הַכֹּ֥ל,1,False,,
13028019,2,,dies,הַכֹּ֥ל,1,False,,
13028019,3,,alles,הַכֹּ֥ל,1,False,,
13028019,4,,über,כֹּ֖ל,7,False,,
13028019,4,,über,מַלְאֲכ֥וֹת,8,False,,
13028019,5,,alle,כֹּ֖ל,7,False,,
13028019,5,,alle,מַלְאֲכ֥וֹת,8,False,,
13028019,6,,Werke,מַלְאֲכ֥וֹת,8,False,,
13028019,7,,des,הַתַּבְנִֽית׃ פ,9,False,,
13028019,8,,Musters,הַתַּבְנִֽית׃ פ,9,False,,
13028019,9,,sprach,וַיֹּ֨אמֶר,1,False,,
13028019,9,,sprach,הִשְׂכִּ֑יל,6,False,,
13028019,10,,David,דָּוִ֜יד,2,False,,
13028019,10,,David,יְהוָ֖ה,4,False,,
13028019,11,,hat,הִשְׂכִּ֑יל,6,False,,
13028019,12,,er,דָּוִ֜יד,2,True,,
13028019,12,,er,הִשְׂכִּ֑יל,6,True,,
13028019,13,,mich,עָלַ֣י,5,False,,
13028019,14,,durch,מִיַּ֥ד,3,False,,
13028019,15,,Schrift,בִּכְתָ֛ב,2,False,,
13028019,16,,unterwiesen,הִשְׂכִּ֑יל,6,False,,
13028019,17,,dadurch,הַכֹּ֥ל,1,True,,
13028019,17,,dadurch,עָלַ֣י,5,True,,
13028019,18,,daß,הַכֹּ֥ל,1,True,,
13028019,18,,daß,הִשְׂכִּ֑יל,6,True,,
13028019,19,,die,מַלְאֲכ֥וֹת,8,True,,
13028019,19,,die,הַתַּבְנִֽית׃ פ,9,True,,
13028019,20,,Hand,מִיַּ֥ד,3,False,,
13028019,21,,Jahwes,יְהוָ֖ה,4,False,,
13028019,22,,auf,עָלַ֣י,5,False,,
13028019,23,,mir,עָלַ֣י,5,False,,
13028019,24,,war,הִשְׂכִּ֑יל,6,True,,
13028020,1,,Und,וַיֹּ֨אמֶר,1,False,,
13028020,2,,David,דָּוִ֜יד,2,False,,
13028020,3,,sprach,וַיֹּ֨אמֶר,1,True,,
13028020,4,,zu,לִשְׁלֹמֹ֣ה,3,False,,
13028020,5,,seinem,בְנ֗וֹ,4,False,,
13028020,6,,Sohne,בְנ֗וֹ,4,False,,
13028020,7,,Salomo,לִשְׁלֹמֹ֣ה,3,False,,
13028020,8,,Sei,חֲזַ֤ק,5,False,,
13028020,9,,stark,חֲזַ֤ק,5,False,,
13028020,10,,und,וֶאֱמַץ֙,6,False,,
13028020,11,,mutig,וֶאֱמַץ֙,6,False,,
13028020,12,,und,וַעֲשֵׂ֔ה,7,False,,
13028020,13,,handle,וַעֲשֵׂ֔ה,7,False,,
13028020,14,,fürchte,תִּירָ֖א,9,False,,
13028020,15,,dich,תִּירָ֖א,9,False,,
13028020,16,,nicht,אַל־,8,False,,
13028020,17,,und,וְאַל־,10,False,,
13028020,18,,erschrick,תֵּחָ֑ת,11,False,,
13028020,19,,nicht,וְאַל־,10,False,,
13028020,20,,denn,כִּי֩,12,False,,
13028020,21,,Jahwe,יְהוָ֨ה,13,False,,
13028020,22,,Gott,אֱלֹהִ֤ים,14,False,,
13028020,23,,mein,אֱלֹהַי֙,15,False,,
13028020,24,,Gott,אֱלֹהַי֙,15,False,,
13028020,25,,wird,עִמָּ֔ךְ,16,False,,
13028020,26,,mit,עִמָּ֔ךְ,16,False,,
13028020,27,,dir,עִמָּ֔ךְ,16,False,,
13028020,28,,sein,עִמָּ֔ךְ,16,True,,
13028020,29,,er,יַרְפְּךָ֙,18,False,,
13028020,30,,wird,יַרְפְּךָ֙,18,False,,
13028020,31,,dich,יַרְפְּךָ֙,18,False,,
13028020,32,,nicht,לֹ֤א,17,False,,
13028020,33,,versäumen,יַרְפְּךָ֙,18,False,,
13028020,34,,und,וְלֹ֣א,19,False,,
13028020,35,,dich,יַֽעַזְבֶ֔ךָּ,20,False,,
13028020,36,,nicht,וְלֹ֣א,19,False,,
13028020,37,,verlassen,יַֽעַזְבֶ֔ךָּ,20,False,,
13028020,38,,bis,עַד־,21,False,,
13028020,39,,alles,כָּל־,23,False,,
13028020,40,,Werk,מְלֶ֖אכֶת,24,False,,
13028020,41,,zum,עֲבוֹדַ֥ת,25,False,,
13028020,42,,Dienste,עֲבוֹדַ֥ת,25,False,,
13028020,43,,des,בֵּית־,26,False,,
13028020,44,,Hauses,בֵּית־,26,False,,
13028020,45,,Jahwes,יְהוָֽה׃,27,False,,
13028020,46,,vollendet,לִכְל֕וֹת,22,False,,
13028020,47,,ist,לִכְל֕וֹת,22,True,,
13028021,1,,Und,וְהִנֵּ֗ה,1,False,,
13028021,2,,siehe,וְהִנֵּ֗ה,1,False,,
13028021,3,,da,וְהִנֵּ֗ה,1,True,,
13028021,4,,sind,וְהִנֵּ֗ה,1,True,,
13028021,5,,die,מַחְלְקוֹת֙,2,False,,
13028021,6,,Abteilungen,מַחְלְקוֹת֙,2,False,,
13028021,7,,der,הַכֹּהֲנִ֣ים,3,False,,
13028021,8,,Priester,הַכֹּהֲנִ֣ים,3,False,,
13028021,9,,und,וְהַלְוִיִּ֔ם,4,False,,
13028021,10,,der,וְהַלְוִיִּ֔ם,4,False,,
13028021,11,,Leviten,וְהַלְוִיִּ֔ם,4,False,,
13028021,12,,für,לְכָל־,5,False,,
13028021,13,,den,בֵּ֣ית,7,False,,
13028021,14,,ganzen,לְכָל־,5,False,,
13028021,15,,Dienst,עֲבוֹדַ֖ת,6,False,,
13028021,16,,des,בֵּ֣ית,7,False,,
13028021,17,,Hauses,בֵּ֣ית,7,False,,
13028021,18,,Gottes,הָאֱלֹהִ֑ים,8,False,,
13028021,19,,und,וְעִמְּךָ֙,9,False,,
13028021,20,,bei,וְעִמְּךָ֙,9,False,,
13028021,21,,dir,וְעִמְּךָ֙,9,False,,
13028021,22,,sind,וְעִמְּךָ֙,9,True,,
13028021,23,,in,בְכָל־,10,False,,
13028021,24,,allem,בְכָל־,10,False,,
13028021,25,,Werke,מְלָאכָ֜ה,11,False,,
13028021,26,,solche,נָדִ֤יב,13,False,,
13028021,27,,die,נָדִ֤יב,13,False,,
13028021,28,,bereitwillig,נָדִ֤יב,13,False,,
13028021,29,,und,בַּֽחָכְמָה֙,14,False,,
13028021,30,,geschickt,בַּֽחָכְמָה֙,14,False,,
13028021,31,,sind,בַּֽחָכְמָה֙,14,True,,
13028021,32,,zu,לְכָל־,15,False,,
13028021,33,,jedem,לְכָל־,15,False,,
13028021,34,,Dienste,עֲבוֹדָ֔ה,16,False,,
13028021,35,,und,וְהַשָּׂרִ֥ים,17,False,,
13028021,36,,die,וְהַשָּׂרִ֥ים,17,False,,
13028021,37,,Obersten,וְהַשָּׂרִ֥ים,17,False,,
13028021,38,,und,וְכָל־,18,False,,
13028021,39,,das,וְכָל־,18,False,,
13028021,40,,ganze,וְכָל־,18,False,,
13028021,41,,Volk,הָעָ֖ם,19,False,,
13028021,42,,zu,לְכָל־,20,False,,
13028021,43,,allen,לְכָל־,20,False,,
13028021,44,,deinen,דְּבָרֶֽיךָ׃ פ,21,False,,
13028021,45,,Anordnungen,דְּבָרֶֽיךָ׃ פ,21,False,,
13029001,1,,Und,וַיֹּ֨אמֶר,1,False,,
13029001,2,,der,הַמֶּ֙לֶךְ֙,3,False,,
13029001,3,,König,הַמֶּ֙לֶךְ֙,3,False,,
13029001,4,,David,דָּוִ֤יד,2,False,,
13029001,5,,sprach,וַיֹּ֨אמֶר,1,False,,
13029001,6,,zu,לְכָל־,4,False,,
13029001,7,,der,לְכָל־,4,False,,
13029001,8,,ganzen,לְכָל־,4,False,,
13029001,9,,Versammlung,הַקָּהָ֔ל,5,False,,
13029001,10,,Salomo,שְׁלֹמֹ֨ה,6,False,,
13029001,11,,mein,בְנִ֥י,7,False,,
13029001,12,,Sohn,בְנִ֥י,7,False,,
13029001,13,,der,אֶחָ֛ד,8,False,,
13029001,14,,einzige,אֶחָ֛ד,8,False,,
13029001,15,,den,בָּֽחַר־,9,False,,
13029001,16,,Gott,אֱלֹהִ֖ים,11,False,,
13029001,17,,erwählt,בָּֽחַר־,9,False,,
13029001,18,,hat,בָּֽחַר־,9,True,,
13029001,19,,ist,אֱלֹהִ֖ים,11,True,,
13029001,20,,noch,נַ֣עַר,12,False,,
13029001,21,,jung,נַ֣עַר,12,False,,
13029001,22,,und,וָרָ֑ךְ,13,False,,
13029001,23,,zart,וָרָ֑ךְ,13,False,,
13029001,24,,das,וְהַמְּלָאכָ֣ה,14,False,,
13029001,25,,Werk,וְהַמְּלָאכָ֣ה,14,False,,
13029001,26,,aber,כִּ֣י,16,False,,
13029001,27,,ist,גְדוֹלָ֔ה,15,False,,
13029001,28,,groß,גְדוֹלָ֔ה,15,False,,
13029001,29,,denn,כִּ֣י,16,False,,
13029001,30,,nicht,לֹ֤א,17,False,,
13029001,31,,für,לְאָדָם֙,18,False,,
13029001,32,,einen,לְאָדָם֙,18,False,,
13029001,33,,Menschen,לְאָדָם֙,18,False,,
13029001,34,,ist,הַבִּירָ֔ה,19,False,,
13029001,35,,dieser,הַבִּירָ֔ה,19,False,,
13029001,36,,Palast,הַבִּירָ֔ה,19,False,,
13029001,37,,sondern,כִּ֖י,20,False,,
13029001,38,,für,לַיהוָ֥ה,21,False,,
13029001,39,,Jahwe,לַיהוָ֥ה,21,False,,
13029001,40,,Gott,אֱלֹהִֽים׃,22,False,,
13029002,1,,Und,וּֽכְכָל־,1,False,,
13029002,2,,mit,וּֽכְכָל־,1,False,,
13029002,3,,all,וּֽכְכָל־,1,False,,
13029002,4,,meiner,כֹּחִ֞י,2,False,,
13029002,5,,Kraft,כֹּחִ֞י,2,False,,
13029002,6,,habe,הֲכִינ֣וֹתִי,3,False,,
13029002,7,,ich,הֲכִינ֣וֹתִי,3,False,,
13029002,8,,für,לְבֵית־,4,False,,
13029002,9,,das,לְבֵית־,4,False,,
13029002,10,,Haus,לְבֵית־,4,False,,
13029002,11,,meines,אֱלֹהַ֗י,5,False,,
13029002,12,,Gottes,אֱלֹהַ֗י,5,False,,
13029002,13,,bereitet,הֲכִינ֣וֹתִי,3,False,,
13029002,14,,das,הַזָּהָ֣ב׀,6,False,,
13029002,15,,Gold,הַזָּהָ֣ב׀,6,False,,
13029002,16,,zu,לַ֠זָּהָב,7,False,,
13029002,17,,dem,לַ֠זָּהָב,7,False,,
13029002,18,,goldenen,לַ֠זָּהָב,7,False,,
13029002,19,,und,וְהַכֶּ֨סֶף,8,False,,
13029002,20,,das,וְהַכֶּ֨סֶף,8,False,,
13029002,21,,Silber,וְהַכֶּ֨סֶף,8,False,,
13029002,22,,zu,לַכֶּ֜סֶף,9,False,,
13029002,23,,dem,לַכֶּ֜סֶף,9,False,,
13029002,24,,silbernen,לַכֶּ֜סֶף,9,False,,
13029002,25,,und,וְהַנְּחֹ֣שֶׁת,10,False,,
13029002,26,,das,וְהַנְּחֹ֣שֶׁת,10,False,,
13029002,27,,Erz,וְהַנְּחֹ֣שֶׁת,10,False,,
13029002,28,,zu,לַנְּחֹ֗שֶׁת,11,False,,
13029002,29,,dem,לַנְּחֹ֗שֶׁת,11,False,,
13029002,30,,ehernen,לַנְּחֹ֗שֶׁת,11,False,,
13029002,31,,das,הַבַּרְזֶל֙,12,False,,
13029002,32,,Eisen,הַבַּרְזֶל֙,12,False,,
13029002,33,,zu,לַבַּרְזֶ֔ל,13,False,,
13029002,34,,dem,לַבַּרְזֶ֔ל,13,False,,
13029002,35,,eisernen,לַבַּרְזֶ֔ל,13,False,,
13029002,36,,und,וְהָעֵצִ֖ים,14,False,,
13029002,37,,das,וְהָעֵצִ֖ים,14,False,,
13029002,38,,Holz,וְהָעֵצִ֖ים,14,False,,
13029002,39,,zu,לָעֵצִ֑ים,15,False,,
13029002,40,,dem,לָעֵצִ֑ים,15,False,,
13029002,41,,hölzernen,לָעֵצִ֑ים,15,False,,
13029002,42,,Geräte,לָעֵצִ֑ים,15,False,,
13029002,43,,Onyxsteine,אַבְנֵי־,16,False,,
13029002,44,,und,וּמִלּוּאִ֜ים,18,False,,
13029002,45,,Steine,אַבְנֵי־,16,False,,
13029002,46,,zum,אַבְנֵי־,16,False,,
13029002,47,,Einsetzen,וּמִלּוּאִ֜ים,18,False,,
13029002,48,,Steine,אַבְנֵי־,19,False,,
13029002,49,,zur,וְאַבְנֵי־,25,False,,
13029002,50,,Verzierung,וְרִקְמָ֗ה,21,False,,
13029002,51,,und,וְרִקְמָ֗ה,21,False,,
13029002,52,,buntfarbig,וְרִקְמָ֗ה,21,False,,
13029002,53,,und,וְרִקְמָ֗ה,21,False,,
13029002,54,,allerlei,וְכֹ֨ל,22,False,,
13029002,55,,kostbare,יְקָרָ֛ה,24,False,,
13029002,56,,Steine,אֶ֧בֶן,23,False,,
13029002,57,,und,וְאַבְנֵי־,25,False,,
13029002,58,,weiße,וְאַבְנֵי־,25,False,,
13029002,59,,Marmorsteine,שַׁ֖יִשׁ,26,False,,
13029002,60,,in,לָרֹֽב׃,27,False,,
13029002,61,,Menge,לָרֹֽב׃,27,False,,
13029003,1,,Und,וְע֗וֹד,1,False,,
13029003,2,,überdies,וְע֗וֹד,1,True,,
13029003,3,,weil,בִּרְצוֹתִי֙,2,False,,
13029003,4,,ich,בִּרְצוֹתִי֙,2,True,,
13029003,5,,Wohlgefallen,סְגֻלָּ֖ה,7,False,,
13029003,6,,habe,בִּרְצוֹתִי֙,2,False,,
13029003,7,,an,בְּבֵ֣ית,3,False,,
13029003,8,,dem,בְּבֵ֣ית,3,True,,
13029003,9,,Hause,בְּבֵ֣ית,3,False,,
13029003,10,,meines,אֱלֹהַ֔י,4,False,,
13029003,11,,Gottes,אֱלֹהַ֔י,4,False,,
13029003,12,,habe,נָתַ֤תִּי,10,False,,
13029003,13,,ich,נָתַ֤תִּי,10,False,,
13029003,14,,was,סְגֻלָּ֖ה,7,False,,
13029003,15,,ich,סְגֻלָּ֖ה,7,False,,
13029003,16,,als,לְמַ֔עְלָה,13,False,,
13029003,17,,eigenes,סְגֻלָּ֖ה,7,False,,
13029003,18,,Gut,סְגֻלָּ֖ה,7,False,,
13029003,19,,an,לְבֵית־,11,False,,
13029003,20,,Gold,זָהָ֣ב,8,False,,
13029003,21,,und,וָכָ֑סֶף,9,False,,
13029003,22,,Silber,וָכָ֑סֶף,9,False,,
13029003,23,,besitze,נָתַ֤תִּי,10,False,,
13029003,24,,für,לְבֵית־,11,False,,
13029003,25,,das,לְבֵית־,11,True,,
13029003,26,,Haus,לְבֵית־,11,False,,
13029003,27,,meines,אֱלֹהַי֙,12,False,,
13029003,28,,Gottes,אֱלֹהַי֙,12,False,,
13029003,29,,gegeben,נָתַ֤תִּי,10,False,,
13029003,30,,zu,לְמַ֔עְלָה,13,False,,
13029003,31,,alledem,מִכָּל־,14,False,,
13029003,32,,hinzu,לְמַ֔עְלָה,13,False,,
13029003,33,,was,הֲכִינ֖וֹתִי,15,False,,
13029003,34,,ich,הֲכִינ֖וֹתִי,15,False,,
13029003,35,,für,לְבֵ֥ית,16,False,,
13029003,36,,das,לְבֵ֥ית,16,True,,
13029003,37,,Haus,לְבֵ֥ית,16,False,,
13029003,38,,des,הַקֹּֽדֶשׁ׃,17,False,,
13029003,39,,Heiligtums,הַקֹּֽדֶשׁ׃,17,False,,
13029003,40,,bereitet,הֲכִינ֖וֹתִי,15,False,,
13029003,41,,habe,הֲכִינ֖וֹתִי,15,False,,
13029004,1,,Talente,שְׁלֹ֧שֶׁת,1,False,,
13029004,2,,Gold,כִּכְּרֵ֥י,3,False,,
13029004,3,,von,מִזְּהַ֣ב,5,False,,
13029004,4,,Gold,מִזְּהַ֣ב,5,False,,
13029004,5,,aus,אוֹפִ֑יר,6,False,,
13029004,6,,Ophir,אוֹפִ֑יר,6,False,,
13029004,7,,und,וְשִׁבְעַ֨ת,7,False,,
13029004,8,,7000,וְשִׁבְעַ֨ת,7,False,,
13029004,9,,Talente,כִּכַּר־,9,False,,
13029004,10,,geläutertes,מְזֻקָּ֔ק,11,False,,
13029004,11,,Silber,כֶּ֙סֶף֙,10,False,,
13029004,12,,zum,לָט֖וּחַ,12,False,,
13029004,13,,Überziehen,לָט֖וּחַ,12,False,,
13029004,14,,der,קִיר֥וֹת,13,False,,
13029004,15,,Wände,קִיר֥וֹת,13,False,,
13029004,16,,der,הַבָּתִּֽים׃,14,False,,
13029004,17,,Häuser,הַבָּתִּֽים׃,14,False,,
13029005,1,,Gold,לַזָּהָ֤ב,1,False,,
13029005,2,,zu,לַזָּהָ֤ב,1,False,,
13029005,3,,dem,לַזָּהָ֤ב,1,True,,
13029005,4,,goldenen,לַזָּהָ֤ב,1,False,,
13029005,5,,und,וְלַכֶּ֣סֶף,3,False,,
13029005,6,,Silber,לַכֶּ֔סֶף,4,False,,
13029005,7,,zu,לַכֶּ֔סֶף,4,False,,
13029005,8,,dem,לַכֶּ֔סֶף,4,True,,
13029005,9,,silbernen,לַכֶּ֔סֶף,4,False,,
13029005,10,,Geräte,וּלְכָל־,5,False,,
13029005,11,,und,וּלְכָל־,5,False,,
13029005,12,,zu,וּלְכָל־,5,False,,
13029005,13,,allem,וּלְכָל־,5,False,,
13029005,14,,Werke,מְלָאכָ֖ה,6,False,,
13029005,15,,von,בְּיַ֣ד,7,False,,
13029005,16,,Künstlerhand,חָרָשִׁ֑ים,8,False,,
13029005,17,,Wer,וּמִ֣י,9,False,,
13029005,18,,ist,מִתְנַדֵּ֔ב,10,False,,
13029005,19,,nun,הַיּ֖וֹם,13,False,,
13029005,20,,bereitwillig,מִתְנַדֵּ֔ב,10,False,,
13029005,21,,heute,הַיּ֖וֹם,13,False,,
13029005,22,,seine,יָד֛וֹ,12,False,,
13029005,23,,Hand,יָד֛וֹ,12,False,,
13029005,24,,für,לַיהוָֽה׃,14,False,,
13029005,25,,Jahwe,לַיהוָֽה׃,14,False,,
13029005,26,,zu,לְמַלֹּ֥אות,11,False,,
13029005,27,,füllen,לְמַלֹּ֥אות,11,False,,
13029006,1,,Und,וַיִּֽתְנַדְּבוּ֩,1,False,,
13029006,2,,die,הָאָב֜וֹת,3,False,,
13029006,3,,Obersten,שָׂרֵ֨י,2,False,,
13029006,4,,der,הָאָב֜וֹת,3,False,,
13029006,5,,Väter,הָאָב֜וֹת,3,False,,
13029006,6,,und,וְשָׂרֵ֣י׀,4,False,,
13029006,7,,die,שִׁבְטֵ֣י,5,False,,
13029006,8,,Obersten,וְשָׂרֵ֣י׀,4,False,,
13029006,9,,der,שִׁבְטֵ֣י,5,False,,
13029006,10,,Stämme,שִׁבְטֵ֣י,5,False,,
13029006,11,,Israels,יִשְׂרָאֵ֗ל,6,False,,
13029006,12,,und,וְשָׂרֵ֤י,7,False,,
13029006,13,,die,הָאֲלָפִים֙,8,False,,
13029006,14,,Obersten,וְשָׂרֵ֤י,7,False,,
13029006,15,,über,הָאֲלָפִים֙,8,False,,
13029006,16,,tausend,הָאֲלָפִים֙,8,False,,
13029006,17,,und,וְהַמֵּא֔וֹת,9,False,,
13029006,18,,über,וְהַמֵּא֔וֹת,9,False,,
13029006,19,,hundert,וְהַמֵּא֔וֹת,9,False,,
13029006,20,,und,וּלְשָׂרֵ֖י,10,False,,
13029006,21,,die,מְלֶ֥אכֶת,11,False,,
13029006,22,,Obersten,וּלְשָׂרֵ֖י,10,False,,
13029006,23,,über,מְלֶ֥אכֶת,11,False,,
13029006,24,,die,מְלֶ֥אכֶת,11,False,,
13029006,25,,Geschäfte,מְלֶ֥אכֶת,11,False,,
13029006,26,,des,הַמֶּֽלֶךְ׃,12,False,,
13029006,27,,Königs,הַמֶּֽלֶךְ׃,12,False,,
13029006,28,,zeigten,וַיִּֽתְנַדְּבוּ֩,1,False,,
13029006,29,,sich,וַיִּֽתְנַדְּבוּ֩,1,False,,
13029006,30,,bereitwillig,וַיִּֽתְנַדְּבוּ֩,1,False,,
13029007,1,,und,וַֽיִּתְּנ֞וּ,1,False,,
13029007,2,,sie,וַֽיִּתְּנ֞וּ,1,False,,
13029007,3,,gaben,וַֽיִּתְּנ֞וּ,1,False,,
13029007,4,,für,לַעֲבוֹדַ֣ת,2,False,,
13029007,5,,die,לַעֲבוֹדַ֣ת,2,False,,
13029007,6,,Arbeit,לַעֲבוֹדַ֣ת,2,False,,
13029007,7,,des,בֵּית־,3,False,,
13029007,8,,Hauses,בֵּית־,3,False,,
13029007,9,,Gottes,הָאֱלֹהִ֗ים,4,False,,
13029007,10,,5000,חֲמֵֽשֶׁת־,7,False,,
13029007,11,,Talente,כִּכָּרִ֣ים,6,False,,
13029007,12,,Gold,זָהָ֞ב,5,False,,
13029007,13,,und,וַאֲדַרְכֹנִ֣ים,9,False,,
13029007,14,,10000,רִבּוֹ֒,10,False,,
13029007,15,,Dariken,וַאֲדַרְכֹנִ֣ים,9,False,,
13029007,16,,und,וְכֶ֗סֶף,11,False,,
13029007,17,,10000,עֲשֶׂ֣רֶת,13,False,,
13029007,18,,Talente,כִּכָּרִים֙,12,False,,
13029007,19,,Silber,וְכֶ֗סֶף,11,False,,
13029007,20,,und,וּנְחֹ֕שֶׁת,15,False,,
13029007,21,,18000,וּשְׁמוֹנַ֥ת,17,False,,
13029007,22,,Talente,כִּכָּרִ֑ים,19,False,,
13029007,23,,Erz,וּנְחֹ֕שֶׁת,15,False,,
13029007,24,,und,וּבַרְזֶ֖ל,20,False,,
13029007,25,,100000,מֵֽאָה־,21,False,,
13029007,26,,Talente,כִּכָּרִֽים׃,23,False,,
13029007,27,,Eisen,וּבַרְזֶ֖ל,20,False,,
13029008,1,,Und,וְהַנִּמְצָ֤א,1,False,,
13029008,2,,bei,אִתּוֹ֙,2,False,,
13029008,3,,welchem,וְהַנִּמְצָ֤א,1,False,,
13029008,4,,sich,וְהַנִּמְצָ֤א,1,False,,
13029008,5,,Edelsteine,אֲבָנִ֔ים,3,False,,
13029008,6,,vorfanden,וְהַנִּמְצָ֤א,1,False,,
13029008,7,,die,נָתְנ֖וּ,4,False,,
13029008,8,,gaben,נָתְנ֖וּ,4,False,,
13029008,9,,sie,נָתְנ֖וּ,4,False,,
13029008,10,,zum,לְאוֹצַ֣ר,5,False,,
13029008,11,,Schatze,לְאוֹצַ֣ר,5,False,,
13029008,12,,des,בֵּית־,6,False,,
13029008,13,,Hauses,בֵּית־,6,False,,
13029008,14,,Jahwes,יְהוָ֑ה,7,False,,
13029008,15,,in,עַ֥ל,8,False,,
13029008,16,,die,יַד־,9,False,,
13029008,17,,Hand,יַד־,9,False,,
13029008,18,,Jechiels,יְחִיאֵ֖ל,10,False,,
13029008,19,,des,הַגֵּרְשֻׁנִּֽי׃,11,False,,
13029008,20,,Gersoniters,הַגֵּרְשֻׁנִּֽי׃,11,False,,
13029009,1,,Und,וַיִּשְׂמְח֤וּ,1,False,,
13029009,2,,das,הָעָם֙,2,False,,
13029009,3,,Volk,הָעָם֙,2,False,,
13029009,4,,freute,שָׂמַ֖ח,13,False,,
13029009,5,,sich,שָׂמַ֖ח,13,False,,
13029009,6,,über,עַל־,3,False,,
13029009,7,,ihre,הִֽתְנַדְּבָ֔ם,4,False,,
13029009,8,,Bereitwilligkeit,הִֽתְנַדְּבָ֔ם,4,False,,
13029009,9,,denn,כִּ֚י,5,False,,
13029009,10,,mit,בְּלֵ֣ב,6,False,,
13029009,11,,ungeteiltem,שָׁלֵ֔ם,7,False,,
13029009,12,,Herzen,בְּלֵ֣ב,6,False,,
13029009,13,,zeigten,הִֽתְנַדְּב֖וּ,8,False,,
13029009,14,,sie,הִֽתְנַדְּב֖וּ,8,False,,
13029009,15,,sich,הִֽתְנַדְּב֖וּ,8,False,,
13029009,16,,bereitwillig,הִֽתְנַדְּב֖וּ,8,False,,
13029009,17,,für,לַיהוָ֑ה,9,False,,
13029009,18,,Jahwe,לַיהוָ֑ה,9,False,,
13029009,19,,und,וְגַם֙,10,False,,
13029009,20,,auch,וְגַם֙,10,False,,
13029009,21,,der,הַמֶּ֔לֶךְ,12,False,,
13029009,22,,König,הַמֶּ֔לֶךְ,12,False,,
13029009,23,,David,דָּוִ֣יד,11,False,,
13029009,24,,freute,שָׂמַ֖ח,13,False,,
13029009,25,,sich,שָׂמַ֖ח,13,False,,
13029009,26,,mit,שִׂמְחָ֥ה,14,False,,
13029009,27,,großer,גְדוֹלָֽה׃ פ,15,False,,
13029009,28,,Freude,שִׂמְחָ֥ה,14,False,,
13029010,1,,Und,וַיְבָ֤רֶךְ,1,False,,
13029010,2,,David,דָּוִיד֙,2,False,,
13029010,3,,pries,וַיְבָ֤רֶךְ,1,False,,
13029010,4,,Jahwe,יְהוָ֔ה,4,False,,
13029010,5,,vor,לְעֵינֵ֖י,5,False,,
13029010,6,,den,לְעֵינֵ֖י,5,True,,
13029010,7,,Augen,לְעֵינֵ֖י,5,False,,
13029010,8,,der,כָּל־,6,False,,
13029010,9,,ganzen,כָּל־,6,False,,
13029010,10,,Versammlung,הַקָּהָ֑ל,7,False,,
13029010,11,,und,וַיֹּ֣אמֶר,8,False,,
13029010,12,,David,דָּוִ֗יד,9,False,,
13029010,13,,sprach,וַיֹּ֣אמֶר,8,False,,
13029010,14,,Gepriesen,בָּר֨וּךְ,10,False,,
13029010,15,,seiest,בָּר֨וּךְ,10,False,,
13029010,16,,du,אַתָּ֤ה,11,False,,
13029010,17,,Jahwe,יְהוָה֙,12,False,,
13029010,18,,Gott,אֱלֹהֵי֙,13,False,,
13029010,19,,unseres,אָבִ֔ינוּ,15,False,,
13029010,20,,Vaters,אָבִ֔ינוּ,15,False,,
13029010,21,,Israel,יִשְׂרָאֵ֣ל,14,False,,
13029010,22,,von,מֵעוֹלָ֖ם,16,False,,
13029010,23,,Ewigkeit,מֵעוֹלָ֖ם,16,False,,
13029010,24,,zu,וְעַד־,17,False,,
13029010,25,,Ewigkeit,עוֹלָֽם׃,18,False,,
13029011,1,,Dein,לְךָ֣,1,False,,
13029011,2,,Jahwe,יְ֠הוָה,2,False,,
13029011,3,,ist,לְךָ֣,1,False,,
13029011,4,,die,הַגְּדֻלָּ֨ה,3,True,,
13029011,5,,Größe,הַגְּדֻלָּ֨ה,3,False,,
13029011,6,,und,וְהַגְּבוּרָ֤ה,4,False,,
13029011,7,,die,וְהַגְּבוּרָ֤ה,4,True,,
13029011,8,,Stärke,וְהַגְּבוּרָ֤ה,4,False,,
13029011,9,,und,וְהַתִּפְאֶ֙רֶת֙,5,False,,
13029011,10,,der,וְהַתִּפְאֶ֙רֶת֙,5,True,,
13029011,11,,Ruhm,וְהַתִּפְאֶ֙רֶת֙,5,False,,
13029011,12,,und,וְהַנֵּ֣צַח,6,False,,
13029011,13,,der,וְהַנֵּ֣צַח,6,True,,
13029011,14,,Glanz,וְהַנֵּ֣צַח,6,False,,
13029011,15,,und,וְהַה֔וֹד,7,False,,
13029011,16,,die,וְהַה֔וֹד,7,True,,
13029011,17,,Pracht,וְהַה֔וֹד,7,False,,
13029011,18,,denn,כִּי־,8,False,,
13029011,19,,alles,כֹ֖ל,9,False,,
13029011,20,,im,בַּשָּׁמַ֣יִם,10,False,,
13029011,21,,Himmel,בַּשָּׁמַ֣יִם,10,False,,
13029011,22,,und,וּבָאָ֑רֶץ,11,False,,
13029011,23,,auf,וּבָאָ֑רֶץ,11,False,,
13029011,24,,Erden,וּבָאָ֑רֶץ,11,False,,
13029011,25,,ist,כִּי־,8,False,,
13029011,26,,dein,לְךָ֤,12,False,,
13029011,27,,Dein,לְךָ֤,12,False,,
13029011,28,,Jahwe,יְהוָה֙,13,False,,
13029011,29,,ist,לְךָ֤,12,False,,
13029011,30,,das,הַמַּמְלָכָ֔ה,14,False,,
13029011,31,,Königreich,הַמַּמְלָכָ֔ה,14,False,,
13029011,32,,und,וְהַמִּתְנַשֵּׂ֖א,15,False,,
13029011,33,,du,וְאַתָּה֙,4,False,,
13029011,34,,bist,וְהַמִּתְנַשֵּׂ֖א,15,False,,
13029011,35,,über,לְכֹ֥ל׀,16,False,,
13029011,36,,alles,לְכֹ֥ל׀,16,False,,
13029011,37,,erhaben,וְהַמִּתְנַשֵּׂ֖א,15,False,,
13029011,38,,als,לְרֹֽאשׁ׃,17,False,,
13029011,39,,Haupt,לְרֹֽאשׁ׃,17,False,,
13029012,1,,und,וְהָעֹ֤שֶׁר,1,False,,
13029012,2,,Reichtum,וְהָעֹ֤שֶׁר,1,False,,
13029012,3,,und,וְהַכָּבוֹד֙,2,False,,
13029012,4,,Ehre,וְהַכָּבוֹד֙,2,False,,
13029012,5,,kommen,מִלְּפָנֶ֔יךָ,3,False,,
13029012,6,,von,מִלְּפָנֶ֔יךָ,3,False,,
13029012,7,,dir,מִלְּפָנֶ֔יךָ,3,False,,
13029012,8,,und,וְאַתָּה֙,4,False,,
13029012,9,,du,וְאַתָּה֙,4,False,,
13029012,10,,bist,מוֹשֵׁ֣ל,5,False,,
13029012,11,,Herrscher,מוֹשֵׁ֣ל,5,False,,
13029012,12,,über,בַּכֹּ֔ל,6,False,,
13029012,13,,alles,בַּכֹּ֔ל,6,False,,
13029012,14,,und,וּבְיָדְךָ֖,7,False,,
13029012,15,,in,וּבְיָדְךָ֖,7,False,,
13029012,16,,deiner,וּבְיָדְךָ֖,7,False,,
13029012,17,,Hand,וּבְיָדְךָ֖,7,False,,
13029012,18,,sind,כֹּ֣חַ,8,False,,
13029012,19,,Macht,כֹּ֣חַ,8,False,,
13029012,20,,und,וּגְבוּרָ֑ה,9,False,,
13029012,21,,Stärke,וּגְבוּרָ֑ה,9,False,,
13029012,22,,und,וּבְיָ֣דְךָ֔,10,False,,
13029012,23,,in,וּבְיָ֣דְךָ֔,10,False,,
13029012,24,,deiner,וּבְיָ֣דְךָ֔,10,False,,
13029012,25,,Hand,וּבְיָ֣דְךָ֔,10,False,,
13029012,26,,ist,לְגַדֵּ֥ל,11,False,,
13029012,27,,es,לְגַדֵּ֥ל,11,False,,
13029012,28,,alles,לַכֹּֽל׃,13,False,,
13029012,29,,groß,לְגַדֵּ֥ל,11,False,,
13029012,30,,und,וּלְחַזֵּ֖ק,12,False,,
13029012,31,,stark,וּלְחַזֵּ֖ק,12,False,,
13029012,32,,zu,לְגַדֵּ֥ל,11,False,,
13029012,33,,machen,לְגַדֵּ֥ל,11,False,,
13029013,1,,Und,וְעַתָּ֣ה,1,False,,
13029013,2,,nun,וְעַתָּ֣ה,1,False,,
13029013,3,,unser,אֱלֹהֵ֔ינוּ,2,False,,
13029013,4,,Gott,אֱלֹהֵ֔ינוּ,2,False,,
13029013,5,,wir,אֲנַ֖חְנוּ,4,False,,
13029013,6,,preisen,מוֹדִ֥ים,3,False,,
13029013,7,,dich,לָ֑ךְ,5,False,,
13029013,8,,und,וּֽמְהַֽלְלִ֖ים,6,False,,
13029013,9,,wir,אֲנַ֖חְנוּ,4,False,,
13029013,10,,rühmen,וּֽמְהַֽלְלִ֖ים,6,False,,
13029013,11,,deinen,תִּפְאַרְתֶּֽךָ׃,8,False,,
13029013,12,,herrlichen,תִּפְאַרְתֶּֽךָ׃,8,False,,
13029013,13,,Namen,לְשֵׁ֥ם,7,False,,
13029014,1,,Denn,וְכִ֨י,1,False,,
13029014,2,,wer,מִ֤י,2,False,,
13029014,3,,bin,אֲנִי֙,3,False,,
13029014,4,,ich,אֲנִי֙,3,False,,
13029014,5,,und,וּמִ֣י,4,False,,
13029014,6,,was,וּמִ֣י,4,False,,
13029014,7,,ist,עַמִּ֔י,5,False,,
13029014,8,,mein,עַמִּ֔י,5,False,,
13029014,9,,Volk,עַמִּ֔י,5,False,,
13029014,10,,daß,כִּֽי־,6,False,,
13029014,11,,wir,נַעְצֹ֣ר,7,False,,
13029014,12,,vermöchten,נַעְצֹ֣ר,7,False,,
13029014,13,,auf,לְהִתְנַדֵּ֖ב,9,False,,
13029014,14,,solche,כָּזֹ֑את,10,False,,
13029014,15,,Weise,כָּזֹ֑את,10,False,,
13029014,16,,freigebig,לְהִתְנַדֵּ֖ב,9,False,,
13029014,17,,zu,לְהִתְנַדֵּ֖ב,9,False,,
13029014,18,,sein,לְהִתְנַדֵּ֖ב,9,False,,
13029014,19,,Denn,כִּֽי־,11,False,,
13029014,20,,von,מִמְּךָ֣,12,False,,
13029014,21,,dir,מִמְּךָ֣,12,False,,
13029014,22,,kommt,נָתַ֥נּוּ,15,False,,
13029014,23,,alles,הַכֹּ֔ל,13,False,,
13029014,24,,und,וּמִיָּדְךָ֖,14,False,,
13029014,25,,aus,וּמִיָּדְךָ֖,14,False,,
13029014,26,,deiner,וּמִיָּדְךָ֖,14,False,,
13029014,27,,Hand,וּמִיָּדְךָ֖,14,False,,
13029014,28,,haben,נָתַ֥נּוּ,15,False,,
13029014,29,,wir,נָתַ֥נּוּ,15,False,,
13029014,30,,dir,לָֽךְ׃,16,False,,
13029014,31,,gegeben,נָתַ֥נּוּ,15,False,,
13029015,1,,Denn,כִּֽי־,1,False,,
13029015,2,,wir,אֲנַ֧חְנוּ,3,False,,
13029015,3,,sind,אֲנַ֧חְנוּ,3,False,,
13029015,4,,Fremdlinge,גֵרִ֨ים,2,False,,
13029015,5,,vor,לְפָנֶ֛יךָ,4,False,,
13029015,6,,dir,לְפָנֶ֛יךָ,4,False,,
13029015,7,,und,וְתוֹשָׁבִ֖ים,5,False,,
13029015,8,,Beisassen,וְתוֹשָׁבִ֖ים,5,False,,
13029015,9,,wie,כְּכָל־,6,False,,
13029015,10,,alle,כְּכָל־,6,False,,
13029015,11,,unsere,אֲבֹתֵ֑ינוּ,7,False,,
13029015,12,,Väter,אֲבֹתֵ֑ינוּ,7,False,,
13029015,13,,wie,כַּצֵּ֧ל׀,8,False,,
13029015,14,,ein,כַּצֵּ֧ל׀,8,True,,
13029015,15,,Schatten,כַּצֵּ֧ל׀,8,False,,
13029015,16,,sind,יָמֵ֛ינוּ,9,False,,
13029015,17,,unsere,יָמֵ֛ינוּ,9,False,,
13029015,18,,Tage,יָמֵ֛ינוּ,9,False,,
13029015,19,,auf,עַל־,10,False,,
13029015,20,,Erden,הָאָ֖רֶץ,11,False,,
13029015,21,,und,וְאֵ֥ין,12,False,,
13029015,22,,keine,וְאֵ֥ין,12,False,,
13029015,23,,Hoffnung,מִקְוֶֽה׃,13,False,,
13029015,24,,ist,וְאֵ֥ין,12,False,,
13029015,25,,da,מִקְוֶֽה׃,13,False,,
13029015,26,,hienieden,מִקְוֶֽה׃,13,False,,
13029015,27,,zu,מִקְוֶֽה׃,13,False,,
13029015,28,,bleiben,מִקְוֶֽה׃,13,False,,
13029016,1,,Jahwe,יְהוָ֣ה,1,False,,
13029016,2,,unser,אֱלֹהֵ֔ינוּ,2,False,,
13029016,3,,Gott,אֱלֹהֵ֔ינוּ,2,False,,
13029016,4,,alle,כֹ֣ל,3,False,,
13029016,5,,diese,הַזֶּה֙,5,False,,
13029016,6,,Menge,הֶהָמ֤וֹן,4,False,,
13029016,7,,die,אֲשֶׁ֣ר,6,False,,
13029016,8,,wir,הֲכִינֹ֔נוּ,7,False,,
13029016,9,,bereitet,הֲכִינֹ֔נוּ,7,False,,
13029016,10,,haben,הֲכִינֹ֔נוּ,7,False,,
13029016,11,,um,לִבְנֽוֹת־,8,False,,
13029016,12,,dir,לְךָ֥,9,False,,
13029016,13,,ein,בַ֖יִת,10,True,,
13029016,14,,Haus,בַ֖יִת,10,False,,
13029016,15,,zu,לִבְנֽוֹת־,8,False,,
13029016,16,,bauen,לִבְנֽוֹת־,8,False,,
13029016,17,,für,לְשֵׁ֣ם,11,False,,
13029016,18,,deinen,קָדְשֶׁ֑ךָ,12,False,,
13029016,19,,heiligen,קָדְשֶׁ֑ךָ,12,False,,
13029016,20,,Namen,לְשֵׁ֣ם,11,False,,
13029016,21,,von,מִיָּדְךָ֥,13,False,,
13029016,22,,deiner,מִיָּדְךָ֥,13,False,,
13029016,23,,Hand,מִיָּדְךָ֥,13,False,,
13029016,24,,ist,ה֖וּא,14,False,,
13029016,25,,sie,ה֖וּא,14,False,,
13029016,26,,und,וּלְךָ֥,15,False,,
13029016,27,,das,הַכֹּֽל׃,16,False,,
13029016,28,,alles,הַכֹּֽל׃,16,False,,
13029016,29,,ist,ה֖וּא,14,False,,
13029016,30,,dein,וּלְךָ֥,15,False,,
13029017,1,,Und,וְיָדַ֣עְתִּי,1,False,,
13029017,2,,ich,וְיָדַ֣עְתִּי,1,False,,
13029017,3,,weiß,וְיָדַ֣עְתִּי,1,False,,
13029017,4,,mein,אֱלֹהַ֔י,2,False,,
13029017,5,,Gott,אֱלֹהַ֔י,2,False,,
13029017,6,,daß,כִּ֤י,3,False,,
13029017,7,,du,אַתָּה֙,4,False,,
13029017,8,,das,לֵבָ֔ב,6,False,,
13029017,9,,Herz,לֵבָ֔ב,6,False,,
13029017,10,,prüfst,בֹּחֵ֣ן,5,False,,
13029017,11,,und,וּמֵישָׁרִ֖ים,7,False,,
13029017,12,,Wohlgefallen,וּמֵישָׁרִ֖ים,7,False,,
13029017,13,,hast,תִּרְצֶ֑ה,8,False,,
13029017,14,,an,תִּרְצֶ֑ה,8,False,,
13029017,15,,Aufrichtigkeit,וּמֵישָׁרִ֖ים,7,False,,
13029017,16,,Ich,אֲנִ֗י,9,False,,
13029017,17,,nun,וְעַתָּ֗ה,15,False,,
13029017,18,,in,בְּיֹ֤שֶׁר,10,False,,
13029017,19,,Aufrichtigkeit,בְּיֹ֤שֶׁר,10,False,,
13029017,20,,meines,לְבָבִי֙,11,False,,
13029017,21,,Herzens,לְבָבִי֙,11,False,,
13029017,22,,habe,הִתְנַדַּ֣בְתִּי,12,False,,
13029017,23,,ich,הִתְנַדַּ֣בְתִּי,12,False,,
13029017,24,,alles,כָל־,13,False,,
13029017,25,,dieses,אֵ֔לֶּה,14,False,,
13029017,26,,bereitwillig,הִתְנַדַּ֣בְתִּי,12,False,,
13029017,27,,gegeben,הִתְנַדַּ֣בְתִּי,12,False,,
13029017,28,,und,וְעַתָּ֗ה,15,False,,
13029017,29,,ich,רָאִ֥יתִי,19,False,,
13029017,30,,habe,רָאִ֥יתִי,19,False,,
13029017,31,,jetzt,וְעַתָּ֗ה,15,False,,
13029017,32,,mit,בְשִׂמְחָ֖ה,20,False,,
13029017,33,,Freuden,בְשִׂמְחָ֖ה,20,False,,
13029017,34,,gesehen,רָאִ֥יתִי,19,False,,
13029017,35,,daß,לְהִֽתְנַדֶּב־,21,False,,
13029017,36,,dein,עַמְּךָ֙,16,False,,
13029017,37,,Volk,עַמְּךָ֙,16,False,,
13029017,38,,welches,הַנִּמְצְאוּ־,17,False,,
13029017,39,,sich,הַנִּמְצְאוּ־,17,False,,
13029017,40,,hier,פֹ֔ה,18,False,,
13029017,41,,befindet,הַנִּמְצְאוּ־,17,False,,
13029017,42,,dir,לָֽךְ׃,22,False,,
13029017,43,,bereitwillig,לְהִֽתְנַדֶּב־,21,False,,
13029017,44,,gegeben,לְהִֽתְנַדֶּב־,21,False,,
13029017,45,,hat,לְהִֽתְנַדֶּב־,21,False,,
13029018,1,,Jahwe,יְהוָ֗ה,1,False,,
13029018,2,,Gott,אֱ֠לֹהֵי,2,False,,
13029018,3,,unserer,אֲבֹתֵ֔ינוּ,6,False,,
13029018,4,,Väter,אֲבֹתֵ֔ינוּ,6,False,,
13029018,5,,Abraham,אַבְרָהָ֞ם,3,False,,
13029018,6,,Isaak,יִצְחָ֤ק,4,False,,
13029018,7,,und,וְיִשְׂרָאֵל֙,5,False,,
13029018,8,,Israel,וְיִשְׂרָאֵל֙,5,False,,
13029018,9,,bewahre,שֳׁמְרָה־,7,False,,
13029018,10,,dieses,זֹּ֣את,8,False,,
13029018,11,,ewiglich,לְעוֹלָ֔ם,9,False,,
13029018,12,,als,לְיֵ֥צֶר,10,False,,
13029018,13,,Gebilde,לְיֵ֥צֶר,10,False,,
13029018,14,,der,מַחְשְׁב֖וֹת,11,True,,
13029018,15,,Gedanken,מַחְשְׁב֖וֹת,11,False,,
13029018,16,,des,לְבַ֣ב,12,False,,
13029018,17,,Herzens,לְבַ֣ב,12,False,,
13029018,18,,deines,עַמֶּ֑ךָ,13,False,,
13029018,19,,Volkes,עַמֶּ֑ךָ,13,False,,
13029018,20,,und,וְהָכֵ֥ן,14,False,,
13029018,21,,richte,וְהָכֵ֥ן,14,False,,
13029018,22,,ihr,לְבָבָ֖ם,15,False,,
13029018,23,,Herz,לְבָבָ֖ם,15,False,,
13029018,24,,zu,אֵלֶֽיךָ׃,16,False,,
13029018,25,,dir,אֵלֶֽיךָ׃,16,False,,
13029019,1,,Und,וְלִשְׁלֹמֹ֣ה,1,False,,
13029019,2,,meinem,בְנִ֗י,2,False,,
13029019,3,,Sohne,בְנִ֗י,2,False,,
13029019,4,,Salomo,וְלִשְׁלֹמֹ֣ה,1,False,,
13029019,5,,gib,תֵּ֚ן,3,False,,
13029019,6,,ein,לֵבָ֣ב,4,True,,
13029019,7,,ungeteiltes,שָׁלֵ֔ם,5,False,,
13029019,8,,Herz,לֵבָ֣ב,4,False,,
13029019,9,,deine,מִצְוֹתֶ֔יךָ,7,False,,
13029019,10,,Gebote,מִצְוֹתֶ֔יךָ,7,False,,
13029019,11,,deine,עֵדְוֹתֶ֖יךָ,8,False,,
13029019,12,,Zeugnisse,עֵדְוֹתֶ֖יךָ,8,False,,
13029019,13,,und,וְחֻקֶּ֑יךָ,9,False,,
13029019,14,,deine,וְחֻקֶּ֑יךָ,9,False,,
13029019,15,,Satzungen,וְחֻקֶּ֑יךָ,9,False,,
13029019,16,,zu,וְלַעֲשׂ֣וֹת,10,False,,
13029019,17,,beobachten,לִשְׁמוֹר֙,6,False,,
13029019,18,,und,וְלַעֲשׂ֣וֹת,10,False,,
13029019,19,,alles,הַכֹּ֔ל,11,False,,
13029019,20,,zu,וְלַעֲשׂ֣וֹת,10,False,,
13029019,21,,tun,וְלַעֲשׂ֣וֹת,10,False,,
13029019,22,,und,וְלִבְנ֖וֹת,12,False,,
13029019,23,,den,הַבִּירָ֥ה,13,True,,
13029019,24,,Palast,הַבִּירָ֥ה,13,False,,
13029019,25,,zu,וְלִבְנ֖וֹת,12,False,,
13029019,26,,bauen,וְלִבְנ֖וֹת,12,False,,
13029019,27,,den,אֲשֶׁר־,14,False,,
13029019,28,,ich,הֲכִינֽוֹתִי׃ פ,15,False,,
13029019,29,,vorbereitet,הֲכִינֽוֹתִי׃ פ,15,False,,
13029019,30,,habe,הֲכִינֽוֹתִי׃ פ,15,False,,
13029020,1,,Und,וַיֹּ֤אמֶר,1,False,,
13029020,2,,David,דָּוִיד֙,2,False,,
13029020,3,,sprach,וַיֹּ֤אמֶר,1,False,,
13029020,4,,zu,לְכָל־,3,False,,
13029020,5,,der,הַקָּהָ֔ל,4,True,,
13029020,6,,ganzen,הַקָּהָ֔ל,4,False,,
13029020,7,,Versammlung,הַקָּהָ֔ל,4,False,,
13029020,8,,Preiset,בָּֽרְכוּ־,5,False,,
13029020,9,,doch,נָ֖א,6,False,,
13029020,10,,Jahwe,יְהוָ֣ה,8,False,,
13029020,11,,euren,אֱלֹהֵיכֶ֑ם,9,False,,
13029020,12,,Gott,אֱלֹהֵיכֶ֑ם,9,False,,
13029020,13,,Und,וַיְבָרֲכ֣וּ,10,False,,
13029020,14,,die,הַקָּהָ֗ל,12,True,,
13029020,15,,ganze,כָֽל־,11,False,,
13029020,16,,Versammlung,הַקָּהָ֗ל,12,False,,
13029020,17,,pries,וַיְבָרֲכ֣וּ,10,False,,
13029020,18,,Jahwe,לַיהוָה֙,13,False,,
13029020,19,,den,אֱלֹהֵ֣י,14,True,,
13029020,20,,Gott,אֱלֹהֵ֣י,14,False,,
13029020,21,,ihrer,אֲבֹֽתֵיהֶ֔ם,15,False,,
13029020,22,,Väter,אֲבֹֽתֵיהֶ֔ם,15,False,,
13029020,23,,und,וַיִּקְּד֧וּ,16,False,,
13029020,24,,sie,וַיִּקְּד֧וּ,16,False,,
13029020,25,,neigten,וַיִּקְּד֧וּ,16,False,,
13029020,26,,sich,וַיִּקְּד֧וּ,16,False,,
13029020,27,,und,וַיִּֽשְׁתַּחֲו֛וּ,17,False,,
13029020,28,,beugten,וַיִּֽשְׁתַּחֲו֛וּ,17,False,,
13029020,29,,sich,וַיִּֽשְׁתַּחֲו֛וּ,17,False,,
13029020,30,,nieder,וַיִּֽשְׁתַּחֲו֛וּ,17,False,,
13029020,31,,vor,לַיהוָ֖ה,18,False,,
13029020,32,,Jahwe,לַיהוָ֖ה,18,False,,
13029020,33,,und,וְלַמֶּֽלֶךְ׃,19,False,,
13029020,34,,vor,וְלַמֶּֽלֶךְ׃,19,False,,
13029020,35,,dem,וְלַמֶּֽלֶךְ׃,19,True,,
13029020,36,,König,וְלַמֶּֽלֶךְ׃,19,False,,
13029021,1,,Und,וַיִּזְבְּח֣וּ,1,False,,
13029021,2,,am,לְֽמָחֳרַת֮,7,False,,
13029021,3,,nächstfolgenden,לְֽמָחֳרַת֮,7,False,,
13029021,4,,Tage,הַיּ֣וֹם,8,False,,
13029021,5,,opferten,וַיִּזְבְּח֣וּ,1,False,,
13029021,6,,sie,וַיִּזְבְּח֣וּ,1,False,,
13029021,7,,Schlachtopfer,זְ֠בָחִים,3,False,,
13029021,8,,dem,לַיהוָ֣ה׀,2,False,,
13029021,9,,Jahwe,לַיהוָ֣ה׀,2,False,,
13029021,10,,und,וַיַּעֲל֨וּ,4,False,,
13029021,11,,opferten,וַיַּעֲל֨וּ,4,False,,
13029021,12,,Brandopfer,עֹל֜וֹת,5,False,,
13029021,13,,dem,לַיהוָ֗ה,6,False,,
13029021,14,,Jahwe,לַיהוָ֗ה,6,False,,
13029021,15,,tausend,אֶ֜לֶף,11,False,,
13029021,16,,Farren,פָּרִ֨ים,10,False,,
13029021,17,,tausend,אֶ֛לֶף,13,False,,
13029021,18,,Widder,אֵילִ֥ים,12,False,,
13029021,19,,tausend,אֶ֖לֶף,15,False,,
13029021,20,,Schafe,כְּבָשִׂ֥ים,14,False,,
13029021,21,,und,וְנִסְכֵּיהֶ֑ם,16,False,,
13029021,22,,ihre,וְנִסְכֵּיהֶ֑ם,16,False,,
13029021,23,,Trankopfer,וְנִסְכֵּיהֶ֑ם,16,False,,
13029021,24,,und,וּזְבָחִ֥ים,17,False,,
13029021,25,,Schlachtopfer,וּזְבָחִ֥ים,17,False,,
13029021,26,,in,לָרֹ֖ב,18,False,,
13029021,27,,Menge,לָרֹ֖ב,18,False,,
13029021,28,,für,לְכָל־,19,False,,
13029021,29,,ganz,לְכָל־,19,False,,
13029021,30,,Israel,יִשְׂרָאֵֽל׃,20,False,,
13029022,1,,Und,וַיֹּאכְל֨וּ,1,False,,
13029022,2,,sie,וַיֹּאכְל֨וּ,1,False,,
13029022,3,,aßen,וַיֹּאכְל֨וּ,1,False,,
13029022,4,,und,וַיִּשְׁתּ֜וּ,2,False,,
13029022,5,,tranken,וַיִּשְׁתּ֜וּ,2,False,,
13029022,6,,vor,לִפְנֵ֧י,3,False,,
13029022,7,,Jahwe,יְהוָ֛ה,4,False,,
13029022,8,,an,בַּיּ֥וֹם,5,False,,
13029022,9,,selbigem,הַה֖וּא,6,False,,
13029022,10,,Tage,בַּיּ֥וֹם,5,False,,
13029022,11,,mit,בְּשִׂמְחָ֣ה,7,False,,
13029022,12,,großer,גְדוֹלָ֑ה,8,False,,
13029022,13,,Freude,בְּשִׂמְחָ֣ה,7,False,,
13029022,14,,und,וַיַּמְלִ֤יכוּ,9,False,,
13029022,15,,sie,וַיַּמְלִ֤יכוּ,9,False,,
13029022,16,,machten,וַיַּמְלִ֤יכוּ,9,False,,
13029022,17,,Salomo,לִשְׁלֹמֹ֣ה,11,False,,
13029022,18,,den,בֶן־,12,True,,
13029022,19,,Sohn,בֶן־,12,False,,
13029022,20,,Davids,דָּוִ֔יד,13,False,,
13029022,21,,zum,שֵׁנִית֙,10,False,,
13029022,22,,zweiten,שֵׁנִית֙,10,False,,
13029022,23,,Male,שֵׁנִית֙,10,False,,
13029022,24,,zum,לְנָגִ֥יד,16,False,,
13029022,25,,König,לְנָגִ֥יד,16,False,,
13029022,26,,und,וַיִּמְשְׁח֧וּ,14,False,,
13029022,27,,salbten,וַיִּמְשְׁח֧וּ,14,False,,
13029022,28,,ihn,וַיִּמְשְׁח֧וּ,14,False,,
13029022,29,,Jahwe,לַיהוָ֛ה,15,False,,
13029022,30,,zum,לְנָגִ֥יד,16,False,,
13029022,31,,Fürsten,לְנָגִ֥יד,16,False,,
13029022,32,,und,וּלְצָד֖וֹק,17,False,,
13029022,33,,salbten,וּלְצָד֖וֹק,17,False,,
13029022,34,,Zadok,וּלְצָד֖וֹק,17,False,,
13029022,35,,zum,לְכֹהֵֽן׃,18,False,,
13029022,36,,Priester,לְכֹהֵֽן׃,18,False,,
13029023,1,,Und,וַיֵּ֣שֶׁב,1,False,,
13029023,2,,so,וַיֵּ֣שֶׁב,1,True,,
13029023,3,,setzte,וַיֵּ֣שֶׁב,1,False,,
13029023,4,,sich,וַיֵּ֣שֶׁב,1,True,,
13029023,5,,Salomo,שְׁ֠לֹמֹה,2,False,,
13029023,6,,auf,עַל־,3,False,,
13029023,7,,den,כִּסֵּ֨א,4,True,,
13029023,8,,Thron,כִּסֵּ֨א,4,False,,
13029023,9,,Jahwes,יְהוָ֧ה׀,5,False,,
13029023,10,,als,לְמֶ֛לֶךְ,6,True,,
13029023,11,,König,לְמֶ֛לֶךְ,6,False,,
13029023,12,,an,תַּֽחַת־,7,False,,
13029023,13,,seines,אָבִ֖יו,9,True,,
13029023,14,,Vaters,אָבִ֖יו,9,False,,
13029023,15,,David,דָּוִ֥יד,8,False,,
13029023,16,,Statt,תַּֽחַת־,7,True,,
13029023,17,,und,וַיַּצְלַ֑ח,10,False,,
13029023,18,,er,וַיִּשְׁמְע֥וּ,11,True,,
13029023,19,,hatte,וַיַּצְלַ֑ח,10,True,,
13029023,20,,Gedeihen,וַיַּצְלַ֑ח,10,False,,
13029023,21,,und,וַיִּשְׁמְע֥וּ,11,True,,
13029023,22,,ganz,כָּל־,13,True,,
13029023,23,,Israel,יִשְׂרָאֵֽל׃,14,False,,
13029023,24,,gehorchte,וַיִּשְׁמְע֥וּ,11,False,,
13029023,25,,ihm,אֵלָ֖יו,12,False,,
13029024,1,,Und,וְכָל־,1,False,,
13029024,2,,alle,וְכָל־,1,False,,
13029024,3,,Fürsten,הַשָּׂרִים֙,2,False,,
13029024,4,,und,וְהַגִּבֹּרִ֔ים,3,False,,
13029024,5,,die,וְהַגִּבֹּרִ֔ים,3,True,,
13029024,6,,Helden,וְהַגִּבֹּרִ֔ים,3,False,,
13029024,7,,und,וְגַ֕ם,4,False,,
13029024,8,,auch,וְגַ֕ם,4,False,,
13029024,9,,alle,כָּל־,5,False,,
13029024,10,,Söhne,בְּנֵ֖י,6,False,,
13029024,11,,des,הַמֶּ֣לֶךְ,7,True,,
13029024,12,,Königs,הַמֶּ֣לֶךְ,7,False,,
13029024,13,,David,דָּוִ֑יד,8,False,,
13029024,14,,unterwarfen,נָ֣תְנוּ,9,False,,
13029024,15,,dich,יָ֔ד,10,False,,
13029024,16,,dem,תַּ֖חַת,11,False,,
13029024,17,,König,הַמֶּֽלֶךְ׃,13,False,,
13029024,18,,Salomo,שְׁלֹמֹ֥ה,12,False,,
13029025,1,,Und,וַיְגַדֵּ֨ל,1,False,,
13029025,2,,Jahwe,יְהוָ֤ה,2,False,,
13029025,3,,machte,וַיְגַדֵּ֨ל,1,False,,
13029025,4,,Salomo,שְׁלֹמֹה֙,4,False,,
13029025,5,,überaus,לְמַ֔עְלָה,5,False,,
13029025,6,,groß,לְמַ֔עְלָה,5,True,,
13029025,7,,vor,לְעֵינֵ֖י,6,False,,
13029025,8,,den,לְעֵינֵ֖י,6,True,,
13029025,9,,Augen,לְעֵינֵ֖י,6,False,,
13029025,10,,von,לְעֵינֵ֖י,6,True,,
13029025,11,,ganz,כָּל־,7,False,,
13029025,12,,Israel,יִשְׂרָאֵ֑ל,8,False,,
13029025,13,,und,וַיִּתֵּ֤ן,9,False,,
13029025,14,,er,וַיִּתֵּ֤ן,9,True,,
13029025,15,,gab,וַיִּתֵּ֤ן,9,False,,
13029025,16,,ihm,עָלָיו֙,10,False,,
13029025,17,,eine,ה֣וֹד,11,True,,
13029025,18,,königliche,מַלְכ֔וּת,12,False,,
13029025,19,,Pracht,ה֣וֹד,11,False,,
13029025,20,,wie,אֲ֠שֶׁר,13,False,,
13029025,21,,sie,אֲ֠שֶׁר,13,True,,
13029025,22,,vor,לְפָנָ֖יו,19,False,,
13029025,23,,ihm,לְפָנָ֖יו,19,False,,
13029025,24,,auf,עַל־,16,False,,
13029025,25,,keinem,לֹֽא־,14,False,,
13029025,26,,König,מֶ֛לֶךְ,18,False,,
13029025,27,,über,עַל־,20,False,,
13029025,28,,Israel,יִשְׂרָאֵֽל׃ פ,21,False,,
13029025,29,,gewesen,הָיָ֧ה,15,False,,
13029025,30,,war,הָיָ֧ה,15,True,,
13029026,1,,So,וְדָוִיד֙,1,False,,
13029026,2,,regierte,מָלַ֖ךְ,4,False,,
13029026,3,,David,וְדָוִיד֙,1,False,,
13029026,4,,der,בֶּן־,2,True,,
13029026,5,,Sohn,בֶּן־,2,False,,
13029026,6,,Isais,יִשָׁ֔י,3,False,,
13029026,7,,über,עַל־,5,False,,
13029026,8,,ganz,כָּל־,6,False,,
13029026,9,,Israel,יִשְׂרָאֵֽל׃,7,False,,
13029027,1,,Und,וְהַיָּמִ֗ים,1,False,,
13029027,2,,die,וְהַיָּמִ֗ים,1,True,,
13029027,3,,Tage,וְהַיָּמִ֗ים,1,False,,
13029027,4,,die,אֲשֶׁ֤ר,2,True,,
13029027,5,,er,מָלַךְ֙,3,True,,
13029027,6,,über,עַל־,4,False,,
13029027,7,,ganz,יִשְׂרָאֵ֔ל,5,True,,
13029027,8,,Israel,יִשְׂרָאֵ֔ל,5,False,,
13029027,9,,regierte,מָלַךְ֙,3,False,,
13029027,10,,waren,וְהַיָּמִ֗ים,1,True,,
13029027,11,,vierzig,אַרְבָּעִ֖ים,6,False,,
13029027,12,,Jahre,שָׁנָ֑ה,7,False,,
13029027,13,,zu,בְּחֶבְר֤וֹן,8,False,,
13029027,14,,Hebron,בְּחֶבְר֤וֹן,8,False,,
13029027,15,,regierte,מָלַךְ֙,9,False,,
13029027,16,,er,מָלַךְ֙,9,True,,
13029027,17,,sieben,שֶׁ֣בַע,10,False,,
13029027,18,,Jahre,שָׁנִ֔ים,11,False,,
13029027,19,,und,וּבִירוּשָׁלִַ֥ם,12,False,,
13029027,20,,zu,וּבִירוּשָׁלִַ֥ם,12,False,,
13029027,21,,Jerusalem,וּבִירוּשָׁלִַ֥ם,12,False,,
13029027,22,,regierte,מָלַ֖ךְ,13,False,,
13029027,23,,er,מָלַ֖ךְ,13,True,,
13029027,24,,33,שְׁלֹשִׁ֥ים,14,True,,
13029027,24,Jahre,33,וְשָׁלֽוֹשׁ׃,15,True,,
13029027,25,,Jahre,וְשָׁלֽוֹשׁ׃,15,False,,
13029028,1,,Und,וַיָּ֙מָת֙,1,False,,
13029028,2,,er,וַיָּ֙מָת֙,1,True,,
13029028,3,,starb,וַיָּ֙מָת֙,1,False,,
13029028,4,,in,בְּשֵׂיבָ֣ה,2,False,,
13029028,5,,gutem,טוֹבָ֔ה,3,False,,
13029028,6,,Alter,בְּשֵׂיבָ֣ה,2,False,,
13029028,7,,satt,שְׂבַ֥ע,4,False,,
13029028,8,,an,יָמִ֖ים,5,False,,
13029028,9,,Tagen,יָמִ֖ים,5,False,,
13029028,10,,Reichtum,עֹ֣שֶׁר,6,False,,
13029028,11,,und,וְכָב֑וֹד,7,False,,
13029028,12,,Ehre,וְכָב֑וֹד,7,False,,
13029028,13,,Und,וַיִּמְלֹ֛ךְ,8,False,,
13029028,14,,Salomo,שְׁלֹמֹ֥ה,9,False,,
13029028,15,,sein,בְנ֖וֹ,10,False,,
13029028,16,,Sohn,בְנ֖וֹ,10,False,,
13029028,17,,ward,וַיִּמְלֹ֛ךְ,8,True,,
13029028,18,,König,וַיִּמְלֹ֛ךְ,8,False,,
13029028,19,,an,תַּחְתָּֽיו׃,11,False,,
13029028,20,,seiner,תַּחְתָּֽיו׃,11,False,,
13029028,21,,Statt,תַּחְתָּֽיו׃,11,False,,
13029029,1,,Und,וְדִבְרֵי֙,1,False,,
13029029,2,,die,וְדִבְרֵי֙,1,True,,
13029029,3,,Geschichte,וְדִבְרֵי֙,1,False,,
13029029,4,,des,הַמֶּ֔לֶךְ,3,True,,
13029029,5,,Königs,הַמֶּ֔לֶךְ,3,False,,
13029029,6,,David,דָּוִ֣יד,2,False,,
13029029,7,,die,הָרִאשֹׁנִ֖ים,4,True,,
13029029,8,,erste,הָרִאשֹׁנִ֖ים,4,False,,
13029029,9,,und,וְהָאֲחרֹנִ֑ים,5,False,,
13029029,10,,die,וְהָאֲחרֹנִ֑ים,5,True,,
13029029,11,,letzte,וְהָאֲחרֹנִ֑ים,5,False,,
13029029,12,,siehe,הִנָּ֣ם,6,False,,
13029029,13,,sie,הִנָּ֣ם,6,False,,
13029029,14,,ist,כְּתוּבִ֗ים,7,False,,
13029029,15,,geschrieben,כְּתוּבִ֗ים,7,False,,
13029029,16,,in,עַל־,8,False,,
13029029,17,,der,עַל־,8,True,,
13029029,18,,Geschichte,דִּבְרֵי֙,9,False,,
13029029,19,,Samuels,שְׁמוּאֵ֣ל,10,False,,
13029029,20,,des,הָרֹאֶ֔ה,11,True,,
13029029,21,,Sehers,הָרֹאֶ֔ה,11,False,,
13029029,22,,und,וְעַל־,12,False,,
13029029,23,,in,וְעַל־,12,False,,
13029029,24,,der,וְעַל־,12,True,,
13029029,25,,Geschichte,דִּבְרֵי֙,13,False,,
13029029,26,,Nathans,נָתָ֣ן,14,False,,
13029029,27,,des,הַנָּבִ֔יא,15,True,,
13029029,28,,Propheten,הַנָּבִ֔יא,15,False,,
13029029,29,,und,וְעַל־,16,False,,
13029029,30,,in,וְעַל־,16,False,,
13029029,31,,der,וְעַל־,16,True,,
13029029,32,,Geschichte,דִּבְרֵ֖י,17,False,,
13029029,33,,Gads,גָּ֥ד,18,False,,
13029029,34,,des,הַחֹזֶֽה׃,19,True,,
13029029,35,,Schauers,הַחֹזֶֽה׃,19,False,,
13029030,1,,nebst,עִ֥ם,1,False,,
13029030,2,,seiner,מַלְכוּת֖וֹ,3,False,,
13029030,3,,ganzen,כָּל־,2,False,,
13029030,4,,Regierung,מַלְכוּת֖וֹ,3,False,,
13029030,5,,und,וּגְבוּרָת֑וֹ,4,False,,
13029030,6,,seiner,וּגְבוּרָת֑וֹ,4,False,,
13029030,7,,Macht,וּגְבוּרָת֑וֹ,4,False,,
13029030,8,,und,וְהָעִתִּ֗ים,5,False,,
13029030,9,,den,וְהָעִתִּ֗ים,5,True,,
13029030,10,,Zeiten,וְהָעִתִּ֗ים,5,False,,
13029030,11,,die,אֲשֶׁ֨ר,6,False,,
13029030,12,,über,עָלָיו֙,8,False,,
13029030,13,,ihn,עָלָיו֙,8,False,,
13029030,14,,und,וְעַל־,9,False,,
13029030,15,,über,וְעַל־,9,False,,
13029030,16,,Israel,יִשְׂרָאֵ֔ל,10,False,,
13029030,17,,und,וְעַ֖ל,11,False,,
13029030,18,,über,וְעַ֖ל,11,False,,
13029030,19,,alle,כָּל־,12,False,,
13029030,20,,Königreiche,מַמְלְכ֥וֹת,13,False,,
13029030,21,,der,מַמְלְכ֥וֹת,13,True,,
13029030,22,,Länder,הָאֲרָצֽוֹת׃ פ,14,False,,
13029030,23,,ergangen,עָבְר֤וּ,7,False,,
13029030,24,,sind,עָבְר֤וּ,7,False,,
