HebRefId,PositionInVerse,GermanWordPart,ElbWord,StepWord,StepPositionInVerse,IsAddedWord,ParentPositionInVerse,ParentWord
18001001,1,,Es,הָיָ֥ה,2,False,,
18001001,2,,war,הָיָ֥ה,2,False,,
18001001,3,,Mann,אִ֛ישׁ,1,False,,
18001001,4,,im,בְאֶֽרֶץ־,3,False,,
18001001,5,,Lande,בְאֶֽרֶץ־,3,False,,
18001001,6,,Uz,ע֖וּץ,4,False,,
18001001,7,,sein,שְׁמ֑וֹ,6,False,,
18001001,8,,Name,שְׁמ֑וֹ,6,False,,
18001001,9,,war,וְהָיָ֣ה׀,7,False,,
18001001,10,,Hiob,אִיּ֣וֹב,5,False,,
18001001,11,,und,וְהָיָ֣ה׀,7,False,,
18001001,12,,selbiger,הַה֗וּא,9,False,,
18001001,13,,Mann,הָאִ֣ישׁ,8,False,,
18001001,14,,war,וְהָיָ֣ה׀,7,False,,
18001001,15,,vollkommen,תָּ֧ם,10,False,,
18001001,16,,und,וְיָשָׁ֛ר,11,False,,
18001001,17,,rechtschaffen,וְיָשָׁ֛ר,11,False,,
18001001,18,,und,וִירֵ֥א,12,False,,
18001001,19,,gottesfürchtig,וִירֵ֥א,12,False,,
18001001,20,,und,וְסָ֥ר,14,False,,
18001001,21,,das,וְסָ֥ר,14,False,,
18001001,22,,Böse,מֵרָֽע׃,15,False,,
18001001,23,,meidend,וְסָ֥ר,14,False,,
18001002,1,,Und,וַיִּוָּ֥לְדוּ,1,False,,
18001002,2,,es,וַיִּוָּ֥לְדוּ,1,False,,
18001002,3,,wurden,וַיִּוָּ֥לְדוּ,1,False,,
18001002,4,,ihm,ל֛וֹ,2,False,,
18001002,5,,sieben,שִׁבְעָ֥ה,3,False,,
18001002,6,,Söhne,בָנִ֖ים,4,False,,
18001002,7,,und,וְשָׁל֥וֹשׁ,5,False,,
18001002,8,,drei,וְשָׁל֥וֹשׁ,5,False,,
18001002,9,,Töchter,בָּנֽוֹת׃,6,False,,
18001002,10,,geboren,וַיִּוָּ֥לְדוּ,1,False,,
18001003,1,,Und,וַיְהִ֣י,1,False,,
18001003,2,,sein,מִ֠קְנֵהוּ,2,False,,
18001003,3,,Besitztum,מִ֠קְנֵהוּ,2,False,,
18001003,4,,bestand,וַיְהִ֣י,1,False,,
18001003,5,,in,שִֽׁבְעַ֨ת,3,False,,
18001003,6,,siebentausend,שִֽׁבְעַ֨ת,3,False,,
18001003,6,,siebentausend,אַלְפֵי־,4,False,,
18001003,7,,Schafen,צֹ֜אן,5,False,,
18001003,8,,und,וּשְׁלֹ֧שֶׁת,6,False,,
18001003,9,,dreitausend,וּשְׁלֹ֧שֶׁת,6,False,,
18001003,9,,dreitausend,אַלְפֵ֣י,7,False,,
18001003,10,,Kamelen,גְמַלִּ֗ים,8,False,,
18001003,11,,und,וַחֲמֵ֨שׁ,9,False,,
18001003,12,,fünfhundert,וַחֲמֵ֨שׁ,9,False,,
18001003,12,,fünfhundert,מֵא֤וֹת,10,False,,
18001003,13,,Joch,צֶֽמֶד־,11,False,,
18001003,14,,Rindern,בָּקָר֙,12,False,,
18001003,15,,und,וַחֲמֵ֣שׁ,13,False,,
18001003,16,,fünfhundert,וַחֲמֵ֣שׁ,13,False,,
18001003,16,,fünfhundert,מֵא֣וֹת,14,False,,
18001003,17,,Eselinnen,אֲתוֹנ֔וֹת,15,False,,
18001003,18,,und,וַעֲבֻדָּ֖ה,16,False,,
18001003,19,,in,וַעֲבֻדָּ֖ה,16,False,,
18001003,20,,sehr,מְאֹ֑ד,18,False,,
18001003,21,,vielem,רַבָּ֣ה,17,False,,
18001003,22,,Gesinde,וַעֲבֻדָּ֖ה,16,False,,
18001003,23,,Und,וַיְהִי֙,19,False,,
18001003,24,,selbiger,הַה֔וּא,21,False,,
18001003,25,,Mann,הָאִ֣ישׁ,20,False,,
18001003,26,,war,וַיְהִי֙,19,False,,
18001003,27,,größer,גָּד֖וֹל,22,False,,
18001003,28,,als,מִכָּל־,23,False,,
18001003,29,,alle,מִכָּל־,23,False,,
18001003,30,,Söhne,בְּנֵי־,24,False,,
18001003,31,,des,בְּנֵי־,24,False,,
18001003,32,,Ostens,קֶֽדֶם׃,25,False,,
18001004,1,,Und,וְהָלְכ֤וּ,1,False,,
18001004,2,,seine,בָנָיו֙,2,False,,
18001004,3,,Söhne,בָנָיו֙,2,False,,
18001004,4,,gingen,וְהָלְכ֤וּ,1,False,,
18001004,5,,hin,וְהָלְכ֤וּ,1,True,,
18001004,6,,und,וְעָשׂ֣וּ,3,False,,
18001004,7,,machten,וְעָשׂ֣וּ,3,False,,
18001004,8,,in,בֵּ֖ית,5,False,,
18001004,9,,dem,בֵּ֖ית,5,True,,
18001004,10,,Hause,בֵּ֖ית,5,False,,
18001004,11,,eines,אִ֣ישׁ,6,False,,
18001004,12,,jeden,אִ֣ישׁ,6,False,,
18001004,13,,ein,מִשְׁתֶּ֔ה,4,True,,
18001004,14,,Gastmahl,מִשְׁתֶּ֔ה,4,False,,
18001004,15,,an,מִשְׁתֶּ֔ה,4,True,,
18001004,16,,seinem,יוֹמ֑וֹ,7,False,,
18001004,17,,Tage,יוֹמ֑וֹ,7,False,,
18001004,18,,und,וְשָׁלְח֗וּ,8,False,,
18001004,19,,sie,וְשָׁלְח֗וּ,8,False,,
18001004,20,,sandten,וְשָׁלְח֗וּ,8,False,,
18001004,21,,hin,וְשָׁלְח֗וּ,8,True,,
18001004,22,,und,וְקָרְאוּ֙,9,False,,
18001004,23,,luden,וְקָרְאוּ֙,9,False,,
18001004,24,,ihre,אַחְיֽוֹתֵיהֶ֔ם,11,False,,
18001004,25,,drei,לִשְׁלֹ֣שֶׁת,10,False,,
18001004,26,,Schwestern,אַחְיֽוֹתֵיהֶ֔ם,11,False,,
18001004,27,,ein,וְקָרְאוּ֙,9,True,,
18001004,28,,um,לֶאֱכֹ֥ל,12,False,,
18001004,29,,mit,עִמָּהֶֽם׃,14,False,,
18001004,30,,ihnen,עִמָּהֶֽם׃,14,False,,
18001004,31,,zu,לֶאֱכֹ֥ל,12,False,,
18001004,32,,essen,לֶאֱכֹ֥ל,12,False,,
18001004,33,,und,וְלִשְׁתּ֖וֹת,13,False,,
18001004,34,,zu,וְלִשְׁתּ֖וֹת,13,False,,
18001004,35,,trinken,וְלִשְׁתּ֖וֹת,13,False,,
18001005,1,,Und,וַיְהִ֡י,1,False,,
18001005,2,,es,וַיְהִ֡י,1,True,,
18001005,3,,geschah,וַיְהִ֡י,1,False,,
18001005,4,,wenn,כִּ֣י,2,False,,
18001005,5,,die,יְמֵ֨י,4,True,,
18001005,6,,Tage,יְמֵ֨י,4,False,,
18001005,7,,des,הַמִּשְׁתֶּ֜ה,5,False,,
18001005,8,,Gastmahls,הַמִּשְׁתֶּ֜ה,5,False,,
18001005,9,,umgegangen,הִקִּיפֽוּ֩,3,False,,
18001005,10,,waren,הִקִּיפֽוּ֩,3,True,,
18001005,11,,so,וַיִּשְׁלַ֧ח,6,True,,
18001005,12,,sandte,וַיִּשְׁלַ֧ח,6,False,,
18001005,13,,Hiob,אִיּ֣וֹב,7,False,,
18001005,14,,hin,וַיִּשְׁלַ֧ח,6,True,,
18001005,15,,und,וַֽיְקַדְּשֵׁ֗ם,8,False,,
18001005,16,,heiligte,וַֽיְקַדְּשֵׁ֗ם,8,False,,
18001005,17,,sie,וַֽיְקַדְּשֵׁ֗ם,8,False,,
18001005,18,,und,וְהִשְׁכִּ֣ים,9,False,,
18001005,19,,er,וְהִשְׁכִּ֣ים,9,True,,
18001005,20,,stand,וְהִשְׁכִּ֣ים,9,False,,
18001005,21,,des,בַּבֹּקֶר֮,10,True,,
18001005,22,,Morgens,בַּבֹּקֶר֮,10,False,,
18001005,23,,früh,וְהִשְׁכִּ֣ים,9,True,,
18001005,24,,auf,וְהִשְׁכִּ֣ים,9,True,,
18001005,25,,und,וְהֶעֱלָ֣ה,11,False,,
18001005,26,,opferte,וְהֶעֱלָ֣ה,11,False,,
18001005,27,,Brandopfer,עֹלוֹת֮,12,False,,
18001005,28,,nach,מִסְפַּ֣ר,13,False,,
18001005,29,,ihrer,כֻּלָּם֒,14,False,,
18001005,30,,aller,כֻּלָּם֒,14,True,,
18001005,31,,Zahl,מִסְפַּ֣ר,13,False,,
18001005,32,,denn,כִּ֚י,15,False,,
18001005,33,,Hiob,אִיּ֔וֹב,17,False,,
18001005,34,,sprach,אָמַ֣ר,16,False,,
18001005,35,,Vielleicht,אוּלַי֙,18,False,,
18001005,36,,haben,חָטְא֣וּ,19,True,,
18001005,37,,meine,בָנַ֔י,20,False,,
18001005,38,,Kinder,בָנַ֔י,20,False,,
18001005,39,,gesündigt,חָטְא֣וּ,19,False,,
18001005,40,,und,וּבֵרֲכ֥וּ,21,False,,
18001005,41,,sich,בִּלְבָבָ֑ם,23,True,,
18001005,42,,in,בִּלְבָבָ֑ם,23,False,,
18001005,43,,ihrem,בִּלְבָבָ֑ם,23,False,,
18001005,44,,Herzen,בִּלְבָבָ֑ם,23,False,,
18001005,45,,von,וּבֵרֲכ֥וּ,21,True,,
18001005,46,,Gott,אֱלֹהִ֖ים,22,False,,
18001005,47,,losgesagt,וּבֵרֲכ֥וּ,21,False,,
18001005,48,,Also,כָּ֛כָה,24,False,,
18001005,49,,tat,יַעֲשֶׂ֥ה,25,False,,
18001005,50,,Hiob,אִיּ֖וֹב,26,False,,
18001005,51,,allezeit,הַיָּמִֽים׃ פ,28,False,,
18001006,1,,Und,וַיְהִ֣י,1,False,,
18001006,2,,es,וַיְהִ֣י,1,True,,
18001006,3,,geschah,וַיְהִ֣י,1,False,,
18001006,4,,eines,הַיּ֔וֹם,2,True,,
18001006,5,,Tages,הַיּ֔וֹם,2,False,,
18001006,6,,da,וַיָּבֹ֙אוּ֙,3,True,,
18001006,7,,kamen,וַיָּבֹ֙אוּ֙,3,False,,
18001006,8,,die,בְּנֵ֣י,4,False,,
18001006,9,,Söhne,בְּנֵ֣י,4,False,,
18001006,10,,Gottes,הָאֱלֹהִ֔ים,5,False,,
18001006,11,,um,לְהִתְיַצֵּ֖ב,6,False,,
18001006,12,,sich,לְהִתְיַצֵּ֖ב,6,True,,
18001006,13,,vor,עַל־,7,False,,
18001006,14,,Jahwe,יְהוָ֑ה,8,False,,
18001006,15,,zu,לְהִתְיַצֵּ֖ב,6,False,,
18001006,16,,stellen,לְהִתְיַצֵּ֖ב,6,False,,
18001006,17,,und,וַיָּב֥וֹא,9,False,,
18001006,18,,auch,גַֽם־,10,False,,
18001006,19,,Satan,הַשָּׂטָ֖ן,11,False,,
18001006,20,,kam,וַיָּב֥וֹא,9,False,,
18001006,21,,in,בְּתוֹכָֽם׃,12,False,,
18001006,22,,ihrer,בְּתוֹכָֽם׃,12,False,,
18001006,23,,Mitte,בְּתוֹכָֽם׃,12,False,,
18001007,1,,Und,וַיֹּ֧אמֶר,1,False,,
18001007,2,,Jahwe,יְהוָ֛ה,2,False,,
18001007,3,,sprach,וַיֹּ֧אמֶר,1,False,,
18001007,4,,zu,אֶל־,3,False,,
18001007,5,,Satan,הַשָּׂטָ֖ן,4,False,,
18001007,6,,Wo,מֵאַ֣יִן,5,False,,
18001007,7,,kommst,תָּבֹ֑א,6,False,,
18001007,8,,du,תָּבֹ֑א,6,False,,
18001007,9,,her,מֵאַ֣יִן,5,True,,
18001007,10,,Und,וַיַּ֨עַן,7,False,,
18001007,11,,Satan,הַשָּׂטָ֤ן,8,False,,
18001007,12,,antwortete,וַיַּ֨עַן,7,False,,
18001007,13,,Jahwe,יְהוָה֙,10,False,,
18001007,14,,und,וַיֹּאמַ֔ר,11,False,,
18001007,15,,sprach,וַיֹּאמַ֔ר,11,False,,
18001007,16,,Vom,מִשּׁ֣וּט,12,False,,
18001007,17,,Durchstreifen,מִשּׁ֣וּט,12,False,,
18001007,18,,der,בָּאָ֔רֶץ,13,True,,
18001007,19,,Erde,בָּאָ֔רֶץ,13,False,,
18001007,20,,und,וּמֵֽהִתְהַלֵּ֖ךְ,14,False,,
18001007,21,,vom,וּמֵֽהִתְהַלֵּ֖ךְ,14,False,,
18001007,22,,Umherwandeln,וּמֵֽהִתְהַלֵּ֖ךְ,14,False,,
18001007,23,,auf,בָּֽהּ׃,15,False,,
18001007,24,,ihr,בָּֽהּ׃,15,False,,
18001008,1,,Und,וַיֹּ֤אמֶר,1,False,,
18001008,2,,Jahwe,יְהוָה֙,2,False,,
18001008,3,,sprach,וַיֹּ֤אמֶר,1,False,,
18001008,4,,zu,אֶל־,3,False,,
18001008,5,,Satan,הַשָּׂטָ֔ן,4,False,,
18001008,6,,Hast,הֲשַׂ֥מְתָּ,5,False,,
18001008,7,,du,הֲשַׂ֥מְתָּ,5,False,,
18001008,8,,achtgehabt,הֲשַׂ֥מְתָּ,5,False,,
18001008,9,,auf,עַל־,7,False,,
18001008,10,,meinen,עַבְדִּ֣י,8,False,,
18001008,11,,Knecht,עַבְדִּ֣י,8,False,,
18001008,12,,Hiob,אִיּ֑וֹב,9,False,,
18001008,13,,denn,כִּ֣י,10,False,,
18001008,14,,seinesgleichen,כָּמֹ֙הוּ֙,12,False,,
18001008,15,,ist,אֵ֤ין,11,False,,
18001008,16,,kein,אֵ֤ין,11,False,,
18001008,17,,Mann,אִ֣ישׁ,14,False,,
18001008,18,,auf,בָּאָ֔רֶץ,13,False,,
18001008,19,,Erden,בָּאָ֔רֶץ,13,False,,
18001008,20,,vollkommen,תָּ֧ם,15,False,,
18001008,21,,und,וְיָשָׁ֛ר,16,False,,
18001008,22,,rechtschaffen,וְיָשָׁ֛ר,16,False,,
18001008,23,,gottesfürchtig,יְרֵ֥א,17,False,,
18001008,24,,und,וְסָ֥ר,19,False,,
18001008,25,,das,מֵרָֽע׃,20,True,,
18001008,26,,Böse,מֵרָֽע׃,20,False,,
18001008,27,,meidend,וְסָ֥ר,19,False,,
18001009,1,,Und,וַיַּ֧עַן,1,False,,
18001009,2,,der,הַשָּׂטָ֛ן,2,True,,
18001009,3,,Satan,הַשָּׂטָ֛ן,2,False,,
18001009,4,,antwortete,וַיַּ֧עַן,1,False,,
18001009,5,,Jahwe,יְהוָ֖ה,4,False,,
18001009,6,,und,וַיֹּאמַ֑ר,5,False,,
18001009,7,,sprach,וַיֹּאמַ֑ר,5,False,,
18001009,8,,Ist,יָרֵ֥א,7,False,,
18001009,9,,es,יָרֵ֥א,7,True,,
18001009,10,,umsonst,הַֽחִנָּ֔ם,6,False,,
18001009,11,,daß,יָרֵ֥א,7,True,,
18001009,12,,Hiob,אִיּ֖וֹב,8,False,,
18001009,13,,Gott,אֱלֹהִֽים׃,9,False,,
18001009,14,,fürchtet,יָרֵ֥א,7,False,,
18001010,1,,Hast,הֲלֹֽא־,1,False,,
18001010,2,,du,אַ֠תָּה,2,False,,
18001010,3,,nicht,הֲלֹֽא־,1,False,,
18001010,4,,selbst,אַ֠תָּה,2,False,,
18001010,5,,ihn,בַעֲד֧וֹ,4,False,,
18001010,6,,und,וּבְעַד־,5,False,,
18001010,7,,sein,בֵּית֛וֹ,6,False,,
18001010,8,,Haus,בֵּית֛וֹ,6,False,,
18001010,9,,und,וּבְעַ֥ד,7,False,,
18001010,10,,alles,כָּל־,8,False,,
18001010,11,,was,אֲשֶׁר־,9,False,,
18001010,12,,er,ל֖וֹ,10,False,,
18001010,13,,hat,ל֖וֹ,10,False,,
18001010,14,,ringsum,מִסָּבִ֑יב,11,False,,
18001010,15,,eingezäunt,שַׂ֣כְתָּ,3,False,,
18001010,16,,Du,אַ֠תָּה,2,False,,
18001010,17,,hast,בֵּרַ֔כְתָּ,14,False,,
18001010,18,,das,מַעֲשֵׂ֤ה,12,True,,
18001010,19,,Werk,מַעֲשֵׂ֤ה,12,False,,
18001010,20,,seiner,יָדָיו֙,13,False,,
18001010,21,,Hände,יָדָיו֙,13,False,,
18001010,22,,gesegnet,בֵּרַ֔כְתָּ,14,False,,
18001010,23,,und,וּמִקְנֵ֖הוּ,15,False,,
18001010,24,,sein,וּמִקְנֵ֖הוּ,15,False,,
18001010,25,,Besitztum,וּמִקְנֵ֖הוּ,15,False,,
18001010,26,,hat,פָּרַ֥ץ,16,False,,
18001010,27,,sich,פָּרַ֥ץ,16,False,,
18001010,28,,ausgebreitet,פָּרַ֥ץ,16,False,,
18001010,29,,im,בָּאָֽרֶץ׃,17,False,,
18001010,30,,Lande,בָּאָֽרֶץ׃,17,False,,
18001011,1,,Aber,וְאוּלָם֙,1,False,,
18001011,2,,strecke,שְֽׁלַֽח־,2,False,,
18001011,3,,einmal,נָ֣א,3,False,,
18001011,4,,deine,יָֽדְךָ֔,4,False,,
18001011,5,,Hand,יָֽדְךָ֔,4,False,,
18001011,6,,aus,שְֽׁלַֽח־,2,False,,
18001011,6,,aus,וְגַ֖ע,5,False,,
18001011,7,,und,וְגַ֖ע,5,False,,
18001011,8,,taste,וְגַ֖ע,5,False,,
18001011,9,,alles,בְּכָל־,6,False,,
18001011,10,,an,וְגַ֖ע,5,False,,
18001011,10,,an,בְּכָל־,6,False,,
18001011,11,,was,אֲשֶׁר־,7,False,,
18001011,12,,er,ל֑וֹ,8,False,,
18001011,13,,hat,ל֑וֹ,8,False,,
18001011,14,,ob,אִם־,9,False,,
18001011,15,,er,לֹ֥א,10,False,,
18001011,15,,er,פָּנֶ֖יךָ,12,False,,
18001011,16,,sich,עַל־,11,False,,
18001011,16,,sich,פָּנֶ֖יךָ,12,False,,
18001011,17,,nicht,לֹ֥א,10,False,,
18001011,18,,offen,פָּנֶ֖יךָ,12,False,,
18001011,19,,von,עַל־,11,False,,
18001011,19,,von,פָּנֶ֖יךָ,12,False,,
18001011,20,,dir,פָּנֶ֖יךָ,12,False,,
18001011,21,,lossagen,יְבָרֲכֶֽךָּ׃,13,False,,
18001011,22,,wird,יְבָרֲכֶֽךָּ׃,13,False,,
18001012,1,,Da,וַיֹּ֨אמֶר,1,False,,
18001012,2,,sprach,וַיֹּ֨אמֶר,1,False,,
18001012,3,,Jahwe,יְהוָ֜ה,2,False,,
18001012,4,,zu,אֶל־,3,False,,
18001012,5,,Satan,הַשָּׂטָ֗ן,4,False,,
18001012,6,,Siehe,הִנֵּ֤ה,5,False,,
18001012,7,,alles,כָל־,6,False,,
18001012,8,,was,אֲשֶׁר־,7,False,,
18001012,9,,er,לוֹ֙,8,False,,
18001012,10,,hat,לוֹ֙,8,False,,
18001012,11,,ist,בְּיָדֶ֔ךָ,9,True,,
18001012,12,,in,בְּיָדֶ֔ךָ,9,False,,
18001012,13,,deiner,בְּיָדֶ֔ךָ,9,False,,
18001012,14,,Hand,בְּיָדֶ֔ךָ,9,False,,
18001012,15,,nur,רַ֣ק,10,False,,
18001012,16,,nach,אֵלָ֔יו,11,False,,
18001012,17,,ihm,אֵלָ֔יו,11,False,,
18001012,18,,strecke,תִּשְׁלַ֖ח,13,False,,
18001012,19,,deine,יָדֶ֑ךָ,14,False,,
18001012,20,,Hand,יָדֶ֑ךָ,14,False,,
18001012,21,,nicht,אַל־,12,False,,
18001012,22,,aus,תִּשְׁלַ֖ח,13,False,,
18001012,23,,Und,וַיֵּצֵא֙,15,False,,
18001012,24,,Satan,הַשָּׂטָ֔ן,16,False,,
18001012,25,,ging,וַיֵּצֵא֙,15,False,,
18001012,26,,von,מֵעִ֖ם,17,False,,
18001012,27,,dem,פְּנֵ֥י,18,True,,
18001012,28,,Angesicht,פְּנֵ֥י,18,False,,
18001012,29,,Jahwes,יְהוָֽה׃,19,False,,
18001012,30,,hinweg,מֵעִ֖ם,17,True,,
18001013,1,,Und,וַיְהִ֖י,1,False,,
18001013,2,,es,וַיְהִ֖י,1,True,,
18001013,3,,geschah,וַיְהִ֖י,1,False,,
18001013,4,,eines,הַיּ֑וֹם,2,True,,
18001013,5,,Tages,הַיּ֑וֹם,2,False,,
18001013,6,,als,וּבָנָ֨יו,3,True,,
18001013,7,,seine,וּבָנָ֨יו,3,False,,
18001013,8,,Söhne,וּבָנָ֨יו,3,False,,
18001013,9,,und,וּבְנֹתָ֤יו,4,False,,
18001013,10,,seine,וּבְנֹתָ֤יו,4,False,,
18001013,11,,Töchter,וּבְנֹתָ֤יו,4,False,,
18001013,12,,im,בְּבֵ֖ית,8,False,,
18001013,13,,Hause,בְּבֵ֖ית,8,False,,
18001013,14,,ihres,אֲחִיהֶ֥ם,9,False,,
18001013,15,,erstgeborenen,הַבְּכֽוֹר׃,10,False,,
18001013,16,,Bruders,אֲחִיהֶ֥ם,9,False,,
18001013,17,,aßen,אֹֽכְלִים֙,5,False,,
18001013,18,,und,וְשֹׁתִ֣ים,6,False,,
18001013,19,,Wein,יַ֔יִן,7,False,,
18001013,20,,tranken,וְשֹׁתִ֣ים,6,False,,
18001014,1,,da,וּמַלְאָ֛ךְ,1,False,,
18001014,2,,kam,בָּ֥א,2,False,,
18001014,3,,ein,וּמַלְאָ֛ךְ,1,True,,
18001014,4,,Bote,וּמַלְאָ֛ךְ,1,False,,
18001014,5,,zu,אֶל־,3,False,,
18001014,6,,Hiob,אִיּ֖וֹב,4,False,,
18001014,7,,und,וַיֹּאמַ֑ר,5,False,,
18001014,8,,sprach,וַיֹּאמַ֑ר,5,False,,
18001014,9,,Die,הַבָּקָר֙,6,True,,
18001014,10,,Rinder,הַבָּקָר֙,6,False,,
18001014,11,,pflügten,הָי֣וּ,7,False,,
18001014,11,,pflügten,חֹֽרְשׁ֔וֹת,8,False,,
18001014,12,,und,וְהָאֲתֹנ֖וֹת,9,False,,
18001014,13,,die,וְהָאֲתֹנ֖וֹת,9,True,,
18001014,14,,Eselinnen,וְהָאֲתֹנ֖וֹת,9,False,,
18001014,15,,weideten,רֹע֥וֹת,10,False,,
18001014,16,,neben,עַל־,11,False,,
18001014,17,,ihnen,יְדֵיהֶֽם׃,12,False,,
18001015,1,,da,וַתִּפֹּ֤ל,1,False,,
18001015,2,,fielen,וַתִּפֹּ֤ל,1,False,,
18001015,3,,Sabäer,שְׁבָא֙,2,False,,
18001015,4,,ein,וַתִּפֹּ֤ל,1,True,,
18001015,5,,und,וַתִּקָּחֵ֔ם,3,False,,
18001015,6,,nahmen,וַתִּקָּחֵ֔ם,3,False,,
18001015,7,,sie,וַתִּקָּחֵ֔ם,3,False,,
18001015,8,,weg,וַתִּקָּחֵ֔ם,3,True,,
18001015,9,,und,הִכּ֣וּ,6,False,,
18001015,10,,die,הַנְּעָרִ֖ים,5,True,,
18001015,11,,Knechte,הַנְּעָרִ֖ים,5,False,,
18001015,12,,erschlugen,הִכּ֣וּ,6,False,,
18001015,13,,sie,הִכּ֣וּ,6,False,,
18001015,14,,mit,לְפִי־,7,False,,
18001015,15,,der,חָ֑רֶב,8,True,,
18001015,16,,Schärfe,חָ֑רֶב,8,False,,
18001015,17,,des,חָ֑רֶב,8,True,,
18001015,18,,Schwertes,חָ֑רֶב,8,False,,
18001015,19,,und,וָֽאִמָּ֨לְטָ֧ה,9,False,,
18001015,20,,ich,אֲנִ֛י,11,False,,
18001015,21,,bin,וָֽאִמָּ֨לְטָ֧ה,9,False,,
18001015,22,,entronnen,וָֽאִמָּ֨לְטָ֧ה,9,False,,
18001015,23,,nur,רַק־,10,False,,
18001015,24,,ich,אֲנִ֛י,11,False,,
18001015,25,,allein,לְבַדִּ֖י,12,False,,
18001015,26,,um,לְהַגִּ֥יד,13,False,,
18001015,27,,es,לָֽךְ׃,14,False,,
18001015,28,,dir,לָֽךְ׃,14,False,,
18001015,29,,zu,לְהַגִּ֥יד,13,False,,
18001015,30,,berichten,לְהַגִּ֥יד,13,False,,
18001016,1,,Dieser,זֶ֣ה,2,False,,
18001016,2,,redete,מְדַבֵּ֗ר,3,False,,
18001016,3,,noch,ע֣וֹד׀,1,False,,
18001016,4,,da,ע֣וֹד׀,1,False,,
18001016,5,,kam,בָּ֣א,5,False,,
18001016,6,,ein,בָּ֣א,5,True,,
18001016,7,,anderer,וְזֶה֮,4,False,,
18001016,8,,und,וַיֹּאמַר֒,6,False,,
18001016,9,,sprach,וַיֹּאמַר֒,6,False,,
18001016,10,,Feuer,אֵ֣שׁ,7,False,,
18001016,11,,Gottes,אֱלֹהִ֗ים,8,False,,
18001016,12,,ist,נָֽפְלָה֙,9,False,,
18001016,13,,vom,מִן־,10,False,,
18001016,14,,Himmel,הַשָּׁמַ֔יִם,11,False,,
18001016,15,,gefallen,נָֽפְלָה֙,9,False,,
18001016,16,,und,וַתִּבְעַ֥ר,12,False,,
18001016,17,,hat,וַתִּבְעַ֥ר,12,False,,
18001016,18,,das,בַּצֹּ֛אן,13,True,,
18001016,19,,Kleinvieh,בַּצֹּ֛אן,13,False,,
18001016,20,,und,וּבַנְּעָרִ֖ים,14,False,,
18001016,21,,die,וּבַנְּעָרִ֖ים,14,True,,
18001016,22,,Knechte,וּבַנְּעָרִ֖ים,14,False,,
18001016,23,,verbrannt,וַתֹּאכְלֵ֑ם,15,False,,
18001016,24,,und,וַתֹּאכְלֵ֑ם,15,False,,
18001016,25,,sie,וַתֹּאכְלֵ֑ם,15,False,,
18001016,26,,verzehrt,וַתֹּאכְלֵ֑ם,15,False,,
18001016,27,,und,וָאִמָּ֨לְטָ֧ה,16,False,,
18001016,28,,ich,אֲנִ֛י,18,False,,
18001016,29,,bin,וָאִמָּ֨לְטָ֧ה,16,False,,
18001016,30,,entronnen,וָאִמָּ֨לְטָ֧ה,16,False,,
18001016,31,,nur,רַק־,17,False,,
18001016,32,,ich,אֲנִ֛י,18,False,,
18001016,33,,allein,לְבַדִּ֖י,19,False,,
18001016,34,,um,לְהַגִּ֥יד,20,False,,
18001016,35,,es,לָֽךְ׃,21,False,,
18001016,36,,dir,לָֽךְ׃,21,False,,
18001016,37,,zu,לְהַגִּ֥יד,20,False,,
18001016,38,,berichten,לְהַגִּ֥יד,20,False,,
18001017,1,,Dieser,זֶ֣ה,2,False,,
18001017,2,,redete,מְדַבֵּ֗ר,3,False,,
18001017,3,,noch,ע֣וֹד׀,1,False,,
18001017,4,,da,ע֣וֹד׀,1,False,,
18001017,5,,kam,בָּ֣א,5,False,,
18001017,6,,ein,בָּ֣א,5,True,,
18001017,7,,anderer,וְזֶה֮,4,False,,
18001017,8,,und,וַיֹּאמַר֒,6,False,,
18001017,9,,sprach,וַיֹּאמַר֒,6,False,,
18001017,10,,Die,כַּשְׂדִּ֞ים,7,True,,
18001017,11,,Chaldäer,כַּשְׂדִּ֞ים,7,False,,
18001017,12,,haben,שָׂ֣מוּ׀,8,False,,
18001017,13,,drei,שְׁלֹשָׁ֣ה,9,False,,
18001017,14,,Haufen,רָאשִׁ֗ים,10,False,,
18001017,15,,gebildet,שָׂ֣מוּ׀,8,False,,
18001017,16,,und,וַֽיִּפְשְׁט֤וּ,11,False,,
18001017,17,,sind,וַֽיִּפְשְׁט֤וּ,11,False,,
18001017,18,,über,עַל־,12,False,,
18001017,19,,die,הַגְּמַלִּים֙,13,True,,
18001017,20,,Kamele,הַגְּמַלִּים֙,13,False,,
18001017,21,,hergefallen,וַֽיִּפְשְׁט֤וּ,11,False,,
18001017,22,,und,וַיִּקָּח֔וּם,14,False,,
18001017,23,,haben,וַיִּקָּח֔וּם,14,False,,
18001017,24,,sie,וַיִּקָּח֔וּם,14,False,,
18001017,25,,weggenommen,וַיִּקָּח֔וּם,14,False,,
18001017,26,,und,הִכּ֣וּ,17,False,,
18001017,27,,die,הַנְּעָרִ֖ים,16,True,,
18001017,28,,Knechte,הַנְּעָרִ֖ים,16,False,,
18001017,29,,haben,הִכּ֣וּ,17,False,,
18001017,30,,sie,הִכּ֣וּ,17,False,,
18001017,31,,mit,לְפִי־,18,False,,
18001017,32,,der,חָ֑רֶב,19,True,,
18001017,33,,Schärfe,חָ֑רֶב,19,False,,
18001017,34,,des,חָ֑רֶב,19,True,,
18001017,35,,Schwertes,חָ֑רֶב,19,False,,
18001017,36,,erschlagen,הִכּ֣וּ,17,False,,
18001017,37,,und,וָאִמָּ֨לְטָ֧ה,20,False,,
18001017,38,,ich,אֲנִ֛י,22,False,,
18001017,39,,bin,וָאִמָּ֨לְטָ֧ה,20,False,,
18001017,40,,entronnen,וָאִמָּ֨לְטָ֧ה,20,False,,
18001017,41,,nur,רַק־,21,False,,
18001017,42,,ich,אֲנִ֛י,22,False,,
18001017,43,,allein,לְבַדִּ֖י,23,False,,
18001017,44,,um,לְהַגִּ֥יד,24,False,,
18001017,45,,es,לָֽךְ׃,25,False,,
18001017,46,,dir,לָֽךְ׃,25,False,,
18001017,47,,zu,לְהַגִּ֥יד,24,False,,
18001017,48,,berichten,לְהַגִּ֥יד,24,False,,
18001018,1,,Während,עַ֚ד,1,False,,
18001018,2,,dieser,זֶ֣ה,2,False,,
18001018,3,,noch,עַ֚ד,1,False,,
18001018,4,,redete,מְדַבֵּ֔ר,3,False,,
18001018,5,,da,וְזֶ֖ה,4,False,,
18001018,6,,kam,בָּ֣א,5,False,,
18001018,7,,ein,בָּ֣א,5,True,,
18001018,8,,anderer,וְזֶ֖ה,4,False,,
18001018,9,,und,וַיֹּאמַ֑ר,6,False,,
18001018,10,,sprach,וַיֹּאמַ֑ר,6,False,,
18001018,11,,Deine,בָּנֶ֨יךָ,7,False,,
18001018,12,,Söhne,בָּנֶ֨יךָ,7,False,,
18001018,13,,und,וּבְנוֹתֶ֤יךָ,8,False,,
18001018,14,,deine,וּבְנוֹתֶ֤יךָ,8,False,,
18001018,15,,Töchter,וּבְנוֹתֶ֤יךָ,8,False,,
18001018,16,,aßen,אֹֽכְלִים֙,9,False,,
18001018,17,,und,וְשֹׁתִ֣ים,10,False,,
18001018,18,,tranken,וְשֹׁתִ֣ים,10,False,,
18001018,19,,Wein,יַ֔יִן,11,False,,
18001018,20,,im,בְּבֵ֖ית,12,False,,
18001018,21,,Hause,בְּבֵ֖ית,12,False,,
18001018,22,,ihres,אֲחִיהֶ֥ם,13,False,,
18001018,23,,erstgeborenen,הַבְּכֽוֹר׃,14,False,,
18001018,24,,Bruders,אֲחִיהֶ֥ם,13,False,,
18001019,1,,und,וְהִנֵּה֩,1,False,,
18001019,2,,siehe,וְהִנֵּה֩,1,False,,
18001019,3,,ein,ר֨וּחַ,2,True,,
18001019,4,,starker,גְּדוֹלָ֜ה,3,False,,
18001019,5,,Wind,ר֨וּחַ,2,False,,
18001019,6,,kam,בָּ֣אָה׀,4,False,,
18001019,7,,von,מֵעֵ֣בֶר,5,False,,
18001019,8,,jenseit,מֵעֵ֣בֶר,5,False,,
18001019,9,,der,הַמִּדְבָּ֗ר,6,True,,
18001019,10,,Wüste,הַמִּדְבָּ֗ר,6,False,,
18001019,11,,her,בָּ֣אָה׀,4,False,,
18001019,12,,und,וַיִּגַּע֙,7,False,,
18001019,13,,stieß,וַיִּגַּע֙,7,False,,
18001019,14,,an,וַיִּגַּע֙,7,False,,
18001019,15,,die,בְּאַרְבַּע֙,8,True,,
18001019,16,,vier,בְּאַרְבַּע֙,8,False,,
18001019,17,,Ecken,פִּנּ֣וֹת,9,False,,
18001019,18,,des,הַבַּ֔יִת,10,True,,
18001019,19,,Hauses,הַבַּ֔יִת,10,False,,
18001019,20,,und,וַיִּפֹּ֥ל,11,False,,
18001019,21,,es,וַיִּפֹּ֥ל,11,False,,
18001019,22,,fiel,וַיִּפֹּ֥ל,11,False,,
18001019,23,,auf,עַל־,12,False,,
18001019,24,,die,הַנְּעָרִ֖ים,13,True,,
18001019,25,,jungen,הַנְּעָרִ֖ים,13,False,,
18001019,26,,Leute,הַנְּעָרִ֖ים,13,False,,
18001019,27,,und,וַיָּמ֑וּתוּ,14,False,,
18001019,28,,sie,וַיָּמ֑וּתוּ,14,False,,
18001019,29,,starben,וַיָּמ֑וּתוּ,14,False,,
18001019,30,,und,וָאִמָּ֨לְטָ֧ה,15,False,,
18001019,31,,ich,אֲנִ֛י,17,False,,
18001019,32,,bin,וָאִמָּ֨לְטָ֧ה,15,False,,
18001019,33,,entronnen,וָאִמָּ֨לְטָ֧ה,15,False,,
18001019,34,,nur,רַק־,16,False,,
18001019,35,,ich,אֲנִ֛י,17,False,,
18001019,36,,allein,לְבַדִּ֖י,18,False,,
18001019,37,,um,לְהַגִּ֥יד,19,False,,
18001019,38,,es,לָֽךְ׃,20,False,,
18001019,39,,dir,לָֽךְ׃,20,False,,
18001019,40,,zu,לְהַגִּ֥יד,19,False,,
18001019,41,,berichten,לְהַגִּ֥יד,19,False,,
18001019,42,,,לָֽךְ׃,20,False,,
18001020,1,,Da,וַיָּ֤קָם,1,False,,
18001020,2,,stand,וַיָּ֤קָם,1,False,,
18001020,3,,Hiob,אִיּוֹב֙,2,False,,
18001020,4,,auf,וַיָּ֤קָם,1,False,,
18001020,5,,und,וַיִּקְרַ֣ע,3,False,,
18001020,6,,zerriß,וַיִּקְרַ֣ע,3,False,,
18001020,7,,sein,מְעִל֔וֹ,5,False,,
18001020,8,,Gewand,מְעִל֔וֹ,5,False,,
18001020,9,,und,וַיָּ֖גָז,6,False,,
18001020,10,,schor,וַיָּ֖גָז,6,False,,
18001020,11,,sein,רֹאשׁ֑וֹ,8,False,,
18001020,12,,Haupt,רֹאשׁ֑וֹ,8,False,,
18001020,13,,und,וַיִּפֹּ֥ל,9,False,,
18001020,14,,er,וַיִּפֹּ֥ל,9,False,,
18001020,15,,fiel,וַיִּפֹּ֥ל,9,False,,
18001020,16,,zur,אַ֖רְצָה,10,False,,
18001020,17,,Erde,אַ֖רְצָה,10,False,,
18001020,18,,nieder,אַ֖רְצָה,10,False,,
18001020,19,,und,וַיִּשְׁתָּֽחוּ׃,11,False,,
18001020,20,,betete,וַיִּשְׁתָּֽחוּ׃,11,False,,
18001020,21,,an,וַיִּשְׁתָּֽחוּ׃,11,False,,
18001021,1,,Und,וַיֹּאמֶר֩,1,False,,
18001021,2,,er,וַיֹּאמֶר֩,1,False,,
18001021,3,,sprach,וַיֹּאמֶר֩,1,False,,
18001021,4,,Nackt,עָרֹ֨ם,2,False,,
18001021,5,,bin,יָצָ֜אתִי,3,False,,
18001021,6,,ich,יָצָ֜אתִי,3,False,,
18001021,7,,aus,מִבֶּ֣טֶן,4,False,,
18001021,8,,meiner,אִמִּ֗י,5,False,,
18001021,9,,Mutter,אִמִּ֗י,5,False,,
18001021,10,,Leibe,מִבֶּ֣טֶן,4,False,,
18001021,11,,gekommen,יָצָ֜אתִי,3,False,,
18001021,12,,und,וְעָרֹם֙,6,False,,
18001021,13,,nackt,וְעָרֹם֙,6,False,,
18001021,14,,werde,אָשׁ֣וּב,7,False,,
18001021,15,,ich,אָשׁ֣וּב,7,False,,
18001021,16,,dahin,שָׁ֔מָה,8,False,,
18001021,17,,zurückkehren,אָשׁ֣וּב,7,False,,
18001021,18,,Jahwe,יְהוָ֣ה,9,False,,
18001021,19,,hat,נָתַ֔ן,10,False,,
18001021,20,,gegeben,נָתַ֔ן,10,False,,
18001021,21,,und,וַיהוָ֖ה,11,False,,
18001021,22,,Jahwe,וַיהוָ֖ה,11,False,,
18001021,23,,hat,לָקָ֑ח,12,False,,
18001021,24,,genommen,לָקָ֑ח,12,False,,
18001021,25,,der,שֵׁ֥ם,14,True,,
18001021,26,,Name,שֵׁ֥ם,14,False,,
18001021,27,,Jahwes,יְהוָ֖ה,15,False,,
18001021,28,,sei,יְהִ֛י,13,False,,
18001021,29,,gepriesen,מְבֹרָֽךְ׃,16,False,,
18001022,1,,Bei,בְּכָל־,1,False,,
18001022,2,,diesem,זֹ֖את,2,False,,
18001022,3,,allem,בְּכָל־,1,False,,
18001022,4,,sündigte,חָטָ֣א,4,False,,
18001022,5,,Hiob,אִיּ֑וֹב,5,False,,
18001022,6,,nicht,לֹא־,3,False,,
18001022,7,,und,וְלֹא־,6,False,,
18001022,8,,schrieb,נָתַ֥ן,7,False,,
18001022,9,,Gott,לֵאלֹהִֽים׃ פ,9,False,,
18001022,10,,nichts,וְלֹא־,6,False,,
18001022,11,,Ungereimtes,תִּפְלָ֖ה,8,False,,
18001022,12,,zu,נָתַ֥ן,7,False,,
18002001,1,,Und,וַיְהִ֣י,1,False,,
18002001,2,,es,וַיְהִ֣י,1,False,,
18002001,3,,geschah,וַיְהִ֣י,1,False,,
18002001,4,,eines,הַיּ֔וֹם,2,True,,
18002001,5,,Tages,הַיּ֔וֹם,2,False,,
18002001,6,,da,וַיָּבֹ֙אוּ֙,3,False,,
18002001,7,,kamen,וַיָּבֹ֙אוּ֙,3,False,,
18002001,8,,die,בְּנֵ֣י,4,True,,
18002001,9,,Söhne,בְּנֵ֣י,4,False,,
18002001,10,,Gottes,הָֽאֱלֹהִ֔ים,5,False,,
18002001,11,,um,לְהִתְיַצֵּ֖ב,6,False,,
18002001,12,,sich,לְהִתְיַצֵּ֖ב,6,False,,
18002001,13,,vor,עַל־,7,False,,
18002001,14,,Jahwe,יְהוָ֑ה,8,False,,
18002001,15,,zu,לְהִתְיַצֵּ֖ב,6,False,,
18002001,16,,stellen,לְהִתְיַצֵּ֖ב,6,False,,
18002001,17,,und,וַיָּב֤וֹא,9,False,,
18002001,18,,auch,גַֽם־,10,False,,
18002001,19,,Satan,הַשָּׂטָן֙,11,False,,
18002001,20,,kam,וַיָּב֤וֹא,9,False,,
18002001,21,,in,בְּתֹכָ֔ם,12,False,,
18002001,22,,ihrer,בְּתֹכָ֔ם,12,False,,
18002001,23,,Mitte,בְּתֹכָ֔ם,12,False,,
18002001,24,,um,לְהִתְיַצֵּ֖ב,13,False,,
18002001,25,,sich,לְהִתְיַצֵּ֖ב,13,False,,
18002001,26,,vor,עַל־,14,False,,
18002001,27,,Jahwe,יְהוָֽה׃,15,False,,
18002001,28,,zu,לְהִתְיַצֵּ֖ב,13,False,,
18002001,29,,stellen,לְהִתְיַצֵּ֖ב,13,False,,
18002002,1,,Und,וַיֹּ֤אמֶר,1,False,,
18002002,2,,Jahwe,יְהוָה֙,2,False,,
18002002,3,,sprach,וַיֹּ֤אמֶר,1,False,,
18002002,4,,zum,אֶל־,3,False,,
18002002,5,,Satan,הַשָּׂטָ֔ן,4,False,,
18002002,6,,Von,אֵ֥י,5,False,,
18002002,7,,woher,מִזֶּ֖ה,6,False,,
18002002,8,,kommst,תָּבֹ֑א,7,False,,
18002002,9,,du,תָּבֹ֑א,7,False,,
18002002,10,,Und,וַיַּ֨עַן,8,False,,
18002002,11,,Satan,הַשָּׂטָ֤ן,9,False,,
18002002,12,,antwortete,וַיַּ֨עַן,8,False,,
18002002,13,,Jahwe,יְהוָה֙,11,False,,
18002002,14,,und,וַיֹּאמַ֔ר,12,True,,
18002002,15,,sprach,וַיֹּאמַ֔ר,12,False,,
18002002,16,,Vom,מִשֻּׁ֣ט,13,False,,
18002002,17,,Durchstreifen,מִשֻּׁ֣ט,13,False,,
18002002,18,,der,בָּאָ֔רֶץ,14,True,,
18002002,19,,Erde,בָּאָ֔רֶץ,14,False,,
18002002,20,,und,וּמֵהִתְהַלֵּ֖ךְ,15,True,,
18002002,21,,vom,וּמֵהִתְהַלֵּ֖ךְ,15,False,,
18002002,22,,Umherwandeln,וּמֵהִתְהַלֵּ֖ךְ,15,False,,
18002002,23,,auf,בָּֽהּ׃,16,False,,
18002002,24,,ihr,בָּֽהּ׃,16,False,,
18002003,1,,Und,וַיֹּ֨אמֶר,1,False,,
18002003,2,,Jahwe,יְהוָ֜ה,2,False,,
18002003,3,,sprach,וַיֹּ֨אמֶר,1,False,,
18002003,4,,zu,אֶל־,3,False,,
18002003,5,,Satan,הַשָּׂטָ֗ן,4,False,,
18002003,6,,Hast,הֲשַׂ֣מְתָּ,5,False,,
18002003,7,,du,הֲשַׂ֣מְתָּ,5,False,,
18002003,8,,achtgehabt,הֲשַׂ֣מְתָּ,5,False,,
18002003,9,,auf,אֶל־,7,False,,
18002003,10,,meinen,עַבְדִּ֣י,8,False,,
18002003,11,,Knecht,עַבְדִּ֣י,8,False,,
18002003,12,,Hiob,אִיּוֹב֒,9,False,,
18002003,13,,denn,כִּי֩,10,False,,
18002003,14,,seinesgleichen,כָּמֹ֜הוּ,12,False,,
18002003,15,,ist,אֵ֨ין,11,False,,
18002003,16,,kein,אֵ֨ין,11,False,,
18002003,17,,Mann,אִ֣ישׁ,14,False,,
18002003,18,,auf,בָּאָ֗רֶץ,13,False,,
18002003,19,,Erden,בָּאָ֗רֶץ,13,False,,
18002003,20,,vollkommen,תָּ֧ם,15,False,,
18002003,21,,und,וְיָשָׁ֛ר,16,False,,
18002003,22,,rechtschaffen,וְיָשָׁ֛ר,16,False,,
18002003,23,,gottesfürchtig,יְרֵ֥א,17,False,,
18002003,24,,und,וְסָ֣ר,19,False,,
18002003,25,,das,וְסָ֣ר,19,True,,
18002003,26,,Böse,מֵרָ֑ע,20,False,,
18002003,27,,meidend,וְסָ֣ר,19,False,,
18002003,28,,und,וְעֹדֶ֙נּוּ֙,21,False,,
18002003,29,,noch,וְעֹדֶ֙נּוּ֙,21,False,,
18002003,30,,hält,מַחֲזִ֣יק,22,False,,
18002003,31,,er,וְעֹדֶ֙נּוּ֙,21,False,,
18002003,32,,fest,מַחֲזִ֣יק,22,False,,
18002003,33,,an,בְּתֻמָּת֔וֹ,23,False,,
18002003,34,,seiner,בְּתֻמָּת֔וֹ,23,False,,
18002003,35,,Vollkommenheit,בְּתֻמָּת֔וֹ,23,False,,
18002003,36,,wiewohl,חִנָּֽם׃,27,False,,
18002003,37,,du,וַתְּסִיתֵ֥נִי,24,False,,
18002003,38,,mich,וַתְּסִיתֵ֥נִי,24,False,,
18002003,39,,wider,וַתְּסִיתֵ֥נִי,24,False,,
18002003,40,,ihn,ב֖וֹ,25,False,,
18002003,41,,gereizt,וַתְּסִיתֵ֥נִי,24,False,,
18002003,42,,hast,וַתְּסִיתֵ֥נִי,24,False,,
18002003,43,,ihn,לְבַלְּע֥וֹ,26,False,,
18002003,44,,ohne,חִנָּֽם׃,27,False,,
18002003,45,,Ursache,חִנָּֽם׃,27,False,,
18002003,46,,zu,לְבַלְּע֥וֹ,26,False,,
18002003,47,,verschlingen,לְבַלְּע֥וֹ,26,False,,
18002004,1,,Und,וַיַּ֧עַן,1,False,,
18002004,2,,Satan,הַשָּׂטָ֛ן,2,False,,
18002004,3,,antwortete,וַיַּ֧עַן,1,False,,
18002004,4,,Jahwe,יְהוָ֖ה,4,False,,
18002004,5,,und,וַיֹּאמַ֑ר,5,True,,
18002004,6,,sprach,וַיֹּאמַ֑ר,5,False,,
18002004,7,,Haut,ע֣וֹר,6,False,,
18002004,8,,um,בְּעַד־,7,False,,
18002004,9,,Haut,ע֗וֹר,8,False,,
18002004,10,,ja,וְכֹל֙,9,False,,
18002004,11,,alles,וְכֹל֙,9,False,,
18002004,12,,was,אֲשֶׁ֣ר,10,False,,
18002004,13,,der,לָאִ֔ישׁ,11,True,,
18002004,14,,Mensch,לָאִ֔ישׁ,11,False,,
18002004,15,,hat,יִתֵּ֖ן,12,False,,
18002004,16,,gibt,יִתֵּ֖ן,12,False,,
18002004,17,,er,יִתֵּ֖ן,12,False,,
18002004,18,,um,בְּעַ֥ד,13,False,,
18002004,19,,sein,נַפְשֽׁוֹ׃,14,False,,
18002004,20,,Leben,נַפְשֽׁוֹ׃,14,False,,
18002005,1,,Aber,אוּלָם֙,1,False,,
18002005,2,,strecke,שְֽׁלַֽח־,2,False,,
18002005,3,,einmal,נָ֣א,3,False,,
18002005,4,,deine,יָֽדְךָ֔,4,False,,
18002005,5,,Hand,יָֽדְךָ֔,4,False,,
18002005,6,,aus,וְגַ֥ע,5,False,,
18002005,7,,und,וְאֶל־,8,True,,
18002005,8,,taste,וְגַ֥ע,5,False,,
18002005,9,,sein,עַצְמ֖וֹ,7,False,,
18002005,10,,Gebein,עַצְמ֖וֹ,7,False,,
18002005,11,,und,וְאֶל־,8,False,,
18002005,12,,sein,בְּשָׂר֑וֹ,9,False,,
18002005,13,,Fleisch,בְּשָׂר֑וֹ,9,False,,
18002005,14,,an,אֶל־,6,False,,
18002005,15,,ob,אִם־,10,False,,
18002005,16,,er,אִם־,10,False,,
18002005,17,,sich,פָּנֶ֖יךָ,13,False,,
18002005,18,,nicht,לֹ֥א,11,False,,
18002005,19,,offen,פָּנֶ֖יךָ,13,False,,
18002005,20,,von,אֶל־,12,False,,
18002005,21,,dir,פָּנֶ֖יךָ,13,False,,
18002005,22,,lossagen,יְבָרֲכֶֽךָּ׃,14,False,,
18002005,23,,wird,יְבָרֲכֶֽךָּ׃,14,False,,
18002006,1,,Und,וַיֹּ֧אמֶר,1,False,,
18002006,2,,Jahwe,יְהוָ֛ה,2,False,,
18002006,3,,sprach,וַיֹּ֧אמֶר,1,False,,
18002006,4,,zum,אֶל־,3,False,,
18002006,5,,Satan,הַשָּׂטָ֖ן,4,False,,
18002006,6,,Siehe,הִנּ֣וֹ,5,False,,
18002006,7,,er,הִנּ֣וֹ,5,False,,
18002006,8,,ist,הִנּ֣וֹ,5,False,,
18002006,9,,in,בְיָדֶ֑ךָ,6,False,,
18002006,10,,deiner,בְיָדֶ֑ךָ,6,False,,
18002006,11,,Hand,בְיָדֶ֑ךָ,6,False,,
18002006,12,,nur,אַ֖ךְ,7,False,,
18002006,13,,schone,שְׁמֹֽר׃,10,False,,
18002006,14,,seines,נַפְשׁ֥וֹ,9,False,,
18002006,15,,Lebens,נַפְשׁ֥וֹ,9,False,,
18002007,1,,Und,וַיֵּצֵא֙,1,False,,
18002007,2,,Satan,הַשָּׂטָ֔ן,2,False,,
18002007,3,,ging,וַיֵּצֵא֙,1,False,,
18002007,4,,von,מֵאֵ֖ת,3,False,,
18002007,5,,dem,מֵאֵ֖ת,3,True,,
18002007,6,,Angesicht,פְּנֵ֣י,4,False,,
18002007,7,,Jahwes,יְהוָ֑ה,5,False,,
18002007,8,,hinweg,וַיֵּצֵא֙,1,False,,
18002007,9,,und,וַיַּ֤ךְ,6,False,,
18002007,10,,er,וַיַּ֤ךְ,6,False,,
18002007,11,,schlug,וַיַּ֤ךְ,6,False,,
18002007,12,,Hiob,אִיּוֹב֙,8,False,,
18002007,13,,mit,בִּשְׁחִ֣ין,9,False,,
18002007,14,,bösen,רָ֔ע,10,False,,
18002007,15,,Geschwüren,בִּשְׁחִ֣ין,9,False,,
18002007,16,,von,מִכַּ֥ף,11,False,,
18002007,17,,seiner,רַגְל֖וֹ,12,False,,
18002007,18,,Fußsohle,רַגְל֖וֹ,12,False,,
18002007,19,,bis,וְעַ֥ד,13,False,,
18002007,20,,zu,וְעַ֥ד,13,False,,
18002007,21,,seinem,קָדְקֳדֽוֹ׃,14,False,,
18002007,22,,Scheitel,קָדְקֳדֽוֹ׃,14,False,,
18002008,1,,Und,וַיִּֽקַּֽח־,1,False,,
18002008,2,,er,וַיִּֽקַּֽח־,1,False,,
18002008,3,,nahm,וַיִּֽקַּֽח־,1,False,,
18002008,4,,einen,חֶ֔רֶשׂ,3,True,,
18002008,5,,Scherben,חֶ֔רֶשׂ,3,False,,
18002008,6,,um,לְהִתְגָּרֵ֖ד,4,False,,
18002008,7,,sich,לְהִתְגָּרֵ֖ד,4,False,,
18002008,8,,damit,בּ֑וֹ,5,False,,
18002008,9,,zu,לְהִתְגָּרֵ֖ד,4,False,,
18002008,10,,schaben,לְהִתְגָּרֵ֖ד,4,False,,
18002008,11,,und,וְה֖וּא,6,False,,
18002008,12,,er,וְה֖וּא,6,False,,
18002008,13,,saß,יֹשֵׁ֥ב,7,False,,
18002008,14,,mitten,בְּתוֹךְ־,8,False,,
18002008,15,,in,בְּתוֹךְ־,8,False,,
18002008,16,,der,הָאֵֽפֶר׃,9,True,,
18002008,17,,Asche,הָאֵֽפֶר׃,9,False,,
18002009,1,,Da,וַתֹּ֤אמֶר,1,False,,
18002009,2,,sprach,וַתֹּ֤אמֶר,1,False,,
18002009,3,,sein,אִשְׁתּ֔וֹ,3,False,,
18002009,4,,Weib,אִשְׁתּ֔וֹ,3,False,,
18002009,5,,zu,לוֹ֙,2,False,,
18002009,6,,ihm,לוֹ֙,2,False,,
18002009,7,,Hältst,מַחֲזִ֣יק,5,False,,
18002009,8,,du,עֹדְךָ֖,4,False,,
18002009,9,,noch,עֹדְךָ֖,4,False,,
18002009,10,,fest,מַחֲזִ֣יק,5,False,,
18002009,11,,an,בְּתֻמָּתֶ֑ךָ,6,False,,
18002009,12,,deiner,בְּתֻמָּתֶ֑ךָ,6,False,,
18002009,13,,Vollkommenheit,בְּתֻמָּתֶ֑ךָ,6,False,,
18002009,14,,Sage,בָּרֵ֥ךְ,7,False,,
18002009,15,,dich,אֱלֹהִ֖ים,8,False,,
18002009,16,,los,בָּרֵ֥ךְ,7,False,,
18002009,17,,von,אֱלֹהִ֖ים,8,False,,
18002009,18,,Gott,אֱלֹהִ֖ים,8,False,,
18002009,19,,und,וָמֻֽת׃,9,False,,
18002009,20,,stirb,וָמֻֽת׃,9,False,,
18002010,1,,Und,וַיֹּ֣אמֶר,1,False,,
18002010,2,,er,וַיֹּ֣אמֶר,1,False,,
18002010,3,,sprach,וַיֹּ֣אמֶר,1,False,,
18002010,4,,zu,אֵלֶ֗יהָ,2,False,,
18002010,5,,ihr,אֵלֶ֗יהָ,2,False,,
18002010,6,,Du,תְּדַבֵּ֔רִי,6,False,,
18002010,7,,redest,תְּדַבֵּ֔רִי,6,False,,
18002010,8,,wie,כְּדַבֵּ֞ר,3,False,,
18002010,9,,eine,אַחַ֤ת,4,False,,
18002010,10,,der,הַנְּבָלוֹת֙,5,False,,
18002010,11,,Törinnen,הַנְּבָלוֹת֙,5,False,,
18002010,12,,redet,תְּדַבֵּ֔רִי,6,False,,
18002010,13,,Wir,נְקַבֵּל֙,10,False,,
18002010,14,,sollten,נְקַבֵּל֙,10,False,,
18002010,15,,das,אֶת־,8,False,,
18002010,16,,Gute,הַטּ֗וֹב,9,False,,
18002010,17,,von,מֵאֵ֣ת,11,False,,
18002010,18,,Gott,הָאֱלֹהִ֔ים,12,False,,
18002010,19,,annehmen,נְקַבֵּל֙,10,False,,
18002010,20,,und,וְאֶת־,13,False,,
18002010,21,,das,וְאֶת־,13,False,,
18002010,22,,Böse,הָרָ֖ע,14,False,,
18002010,23,,sollten,נְקַבֵּ֑ל,16,False,,
18002010,24,,wir,נְקַבֵּ֑ל,16,False,,
18002010,25,,nicht,לֹ֣א,15,False,,
18002010,26,,auch,גַּ֣ם,7,False,,
18002010,27,,annehmen,נְקַבֵּ֑ל,16,False,,
18002010,28,,Bei,בְּכָל־,17,False,,
18002010,29,,diesem,זֹ֛את,18,False,,
18002010,30,,allem,בְּכָל־,17,False,,
18002010,31,,sündigte,חָטָ֥א,20,False,,
18002010,32,,Hiob,אִיּ֖וֹב,21,False,,
18002010,33,,nicht,לֹא־,19,False,,
18002010,34,,mit,בִּשְׂפָתָֽיו׃ פ,22,False,,
18002010,35,,seinen,בִּשְׂפָתָֽיו׃ פ,22,False,,
18002010,36,,Lippen,בִּשְׂפָתָֽיו׃ פ,22,False,,
18002011,1,,Und,וַֽיִּשְׁמְע֞וּ,1,False,,
18002011,2,,die,שְׁלֹ֣שֶׁת׀,2,True,,
18002011,3,,drei,שְׁלֹ֣שֶׁת׀,2,False,,
18002011,4,,Freunde,רֵעֵ֣י,3,False,,
18002011,5,,Hiobs,אִיּ֗וֹב,4,False,,
18002011,6,,hörten,וַֽיִּשְׁמְע֞וּ,1,False,,
18002011,7,,all,כָּל־,6,False,,
18002011,8,,dieses,הַזֹּאת֮,8,False,,
18002011,9,,Unglück,הָרָעָ֣ה,7,False,,
18002011,10,,das,אֵ֣ת,5,False,,
18002011,11,,über,עָלָיו֒,10,False,,
18002011,12,,ihn,עָלָיו֒,10,False,,
18002011,13,,gekommen,הַבָּ֣אָה,9,False,,
18002011,14,,war,הַבָּ֣אָה,9,False,,
18002011,15,,und,וַיָּבֹ֙אוּ֙,11,False,,
18002011,16,,sie,וַיָּבֹ֙אוּ֙,11,False,,
18002011,17,,kamen,וַיָּבֹ֙אוּ֙,11,False,,
18002011,18,,ein,אִ֣ישׁ,12,True,,
18002011,19,,jeder,אִ֣ישׁ,12,False,,
18002011,20,,aus,מִמְּקֹמ֔וֹ,13,False,,
18002011,21,,seinem,מִמְּקֹמ֔וֹ,13,False,,
18002011,22,,Orte,מִמְּקֹמ֔וֹ,13,False,,
18002011,23,,Eliphas,אֱלִיפַ֤ז,14,False,,
18002011,24,,der,הַתֵּימָנִי֙,15,True,,
18002011,25,,Temaniter,הַתֵּימָנִי֙,15,False,,
18002011,26,,und,וּבִלְדַּ֣ד,16,False,,
18002011,27,,Bildad,וּבִלְדַּ֣ד,16,False,,
18002011,28,,der,הַשּׁוּחִ֔י,17,True,,
18002011,29,,Schuchiter,הַשּׁוּחִ֔י,17,False,,
18002011,30,,und,וְצוֹפַ֖ר,18,False,,
18002011,31,,Zophar,וְצוֹפַ֖ר,18,False,,
18002011,32,,der,הַנַּֽעֲמָתִ֑י,19,True,,
18002011,33,,Naamathiter,הַנַּֽעֲמָתִ֑י,19,False,,
18002011,34,,und,וַיִּוָּעֲד֣וּ,20,False,,
18002011,35,,sie,וַיִּוָּעֲד֣וּ,20,False,,
18002011,36,,verabredeten,וַיִּוָּעֲד֣וּ,20,False,,
18002011,37,,sich,וַיִּוָּעֲד֣וּ,20,False,,
18002011,38,,miteinander,יַחְדָּ֔ו,21,False,,
18002011,39,,zu,לָב֥וֹא,22,False,,
18002011,40,,kommen,לָב֥וֹא,22,False,,
18002011,41,,um,לָנֽוּד־,23,False,,
18002011,42,,ihm,ל֖וֹ,24,False,,
18002011,43,,ihr,וּֽלְנַחֲמֽוֹ׃,25,False,,
18002011,44,,Beileid,וּֽלְנַחֲמֽוֹ׃,25,False,,
18002011,45,,zu,וּֽלְנַחֲמֽוֹ׃,25,False,,
18002011,46,,bezeugen,וּֽלְנַחֲמֽוֹ׃,25,False,,
18002011,47,,und,וּֽלְנַחֲמֽוֹ׃,25,False,,
18002011,48,,ihn,ל֖וֹ,24,False,,
18002011,49,,zu,וּֽלְנַחֲמֽוֹ׃,25,False,,
18002011,50,,trösten,וּֽלְנַחֲמֽוֹ׃,25,False,,
18002012,1,,Und,וַיִּשְׂא֨וּ,1,False,,
18002012,2,,sie,וַיִּשְׂא֨וּ,1,False,,
18002012,3,,erhoben,וַיִּשְׂא֨וּ,1,False,,
18002012,4,,ihre,עֵינֵיהֶ֤ם,3,False,,
18002012,5,,Augen,עֵינֵיהֶ֤ם,3,False,,
18002012,6,,von,מֵרָחוֹק֙,4,False,,
18002012,7,,ferne,מֵרָחוֹק֙,4,False,,
18002012,8,,und,וְלֹ֣א,5,False,,
18002012,9,,erkannten,הִכִּירֻ֔הוּ,6,False,,
18002012,10,,ihn,הִכִּירֻ֔הוּ,6,False,,
18002012,11,,nicht,וְלֹ֣א,5,False,,
18002012,12,,da,וַיִּשְׂא֥וּ,7,True,,
18002012,13,,erhoben,וַיִּשְׂא֥וּ,7,False,,
18002012,14,,sie,וַיִּשְׂא֥וּ,7,False,,
18002012,15,,ihre,קוֹלָ֖ם,8,False,,
18002012,16,,Stimme,קוֹלָ֖ם,8,False,,
18002012,17,,und,וַיִּבְכּ֑וּ,9,False,,
18002012,18,,weinten,וַיִּבְכּ֑וּ,9,False,,
18002012,19,,und,וַֽיִּקְרְעוּ֙,10,False,,
18002012,20,,sie,וַֽיִּקְרְעוּ֙,10,False,,
18002012,21,,zerrissen,וַֽיִּקְרְעוּ֙,10,False,,
18002012,22,,ein,אִ֣ישׁ,11,True,,
18002012,23,,jeder,אִ֣ישׁ,11,False,,
18002012,24,,sein,מְעִל֔וֹ,12,False,,
18002012,25,,Gewand,מְעִל֔וֹ,12,False,,
18002012,26,,und,וַיִּזְרְק֥וּ,13,False,,
18002012,27,,streuten,וַיִּזְרְק֥וּ,13,False,,
18002012,28,,Staub,עָפָ֛ר,14,False,,
18002012,29,,auf,עַל־,15,False,,
18002012,30,,ihre,רָאשֵׁיהֶ֖ם,16,False,,
18002012,31,,Häupter,רָאשֵׁיהֶ֖ם,16,False,,
18002012,32,,himmelwärts,הַשָּׁמָֽיְמָה׃,17,False,,
18002013,1,,Und,וַיֵּשְׁב֤וּ,1,False,,
18002013,2,,sie,וַיֵּשְׁב֤וּ,1,False,,
18002013,3,,saßen,וַיֵּשְׁב֤וּ,1,False,,
18002013,4,,mit,אִתּוֹ֙,2,False,,
18002013,5,,ihm,אִתּוֹ֙,2,False,,
18002013,6,,auf,לָאָ֔רֶץ,3,False,,
18002013,7,,der,לָאָ֔רֶץ,3,True,,
18002013,8,,Erde,לָאָ֔רֶץ,3,False,,
18002013,9,,sieben,שִׁבְעַ֥ת,4,False,,
18002013,10,,Tage,יָמִ֖ים,5,False,,
18002013,11,,und,וְשִׁבְעַ֣ת,6,False,,
18002013,12,,sieben,וְשִׁבְעַ֣ת,6,False,,
18002013,13,,Nächte,לֵיל֑וֹת,7,False,,
18002013,14,,lang,לֵיל֑וֹת,7,True,,
18002013,15,,und,וְאֵין־,8,False,,
18002013,16,,keiner,וְאֵין־,8,False,,
18002013,17,,redete,דֹּבֵ֤ר,9,False,,
18002013,18,,ein,דָּבָ֔ר,11,True,,
18002013,19,,Wort,דָּבָ֔ר,11,False,,
18002013,20,,zu,אֵלָיו֙,10,False,,
18002013,21,,ihm,אֵלָיו֙,10,False,,
18002013,22,,denn,כִּ֣י,12,False,,
18002013,23,,sie,רָא֔וּ,13,False,,
18002013,24,,sahen,רָא֔וּ,13,False,,
18002013,25,,daß,כִּֽי־,14,False,,
18002013,26,,der,הַכְּאֵ֖ב,16,True,,
18002013,27,,Schmerz,הַכְּאֵ֖ב,16,False,,
18002013,28,,sehr,מְאֹֽד׃,17,False,,
18002013,29,,groß,גָדַ֥ל,15,False,,
18002013,30,,war,גָדַ֥ל,15,False,,
18003001,1,,Danach,אַחֲרֵי־,1,False,,
18003001,2,,tat,פָּתַ֤ח,3,False,,
18003001,3,,Hiob,אִיּוֹב֙,4,False,,
18003001,4,,seinen,פִּ֔יהוּ,6,False,,
18003001,5,,Mund,פִּ֔יהוּ,6,False,,
18003001,6,,auf,פָּתַ֤ח,3,False,,
18003001,7,,und,וַיְקַלֵּ֖ל,7,False,,
18003001,8,,verfluchte,וַיְקַלֵּ֖ל,7,False,,
18003001,9,,seinen,יוֹמֽוֹ׃ פ,9,False,,
18003001,10,,Tag,יוֹמֽוֹ׃ פ,9,False,,
18003002,1,,Und,וַיַּ֥עַן,1,False,,
18003002,2,,Hiob,אִיּ֗וֹב,2,False,,
18003002,3,,hob,וַיַּ֥עַן,1,False,,
18003002,4,,an,וַיַּ֥עַן,1,False,,
18003002,5,,und,וַיֹּאמַֽר׃,3,False,,
18003002,6,,sprach,וַיֹּאמַֽר׃,3,False,,
18003003,1,,Es,יֹ֣אבַד,1,True,,
18003003,2,,verschwinde,יֹ֣אבַד,1,False,,
18003003,3,,der,י֭וֹם,2,True,,
18003003,4,,Tag,י֭וֹם,2,False,,
18003003,5,,an,בּ֑וֹ,4,False,,
18003003,6,,dem,בּ֑וֹ,4,False,,
18003003,7,,ich,אִוָּ֣לֶד,3,False,,
18003003,8,,geboren,אִוָּ֣לֶד,3,False,,
18003003,9,,wurde,אִוָּ֣לֶד,3,False,,
18003003,10,,und,וְהַלַּ֥יְלָה,5,False,,
18003003,11,,die,וְהַלַּ֥יְלָה,5,True,,
18003003,12,,Nacht,וְהַלַּ֥יְלָה,5,False,,
18003003,13,,welche,אָ֝מַ֗ר,6,False,,
18003003,14,,sprach,אָ֝מַ֗ר,6,False,,
18003003,15,,Ein,הֹ֣רָה,7,True,,
18003003,16,,Knäblein,הֹ֣רָה,7,False,,
18003003,17,,ist,גָֽבֶר׃,8,False,,
18003003,18,,empfangen,גָֽבֶר׃,8,False,,
18003004,1,,Jener,הַה֗וּא,2,False,,
18003004,2,,Tag,הַיּ֥וֹם,1,False,,
18003004,3,,sei,יְֽהִ֫י,3,False,,
18003004,4,,Finsternis,חֹ֥שֶׁךְ,4,False,,
18003004,5,,nicht,אַֽל־,5,False,,
18003004,6,,frage,יִדְרְשֵׁ֣הוּ,6,False,,
18003004,7,,Gott,אֱל֣וֹהַּ,7,False,,
18003004,8,,nach,מִמָּ֑עַל,8,False,,
18003004,9,,ihm,יִדְרְשֵׁ֣הוּ,6,False,,
18003004,10,,droben,מִמָּ֑עַל,8,False,,
18003004,11,,und,וְאַל־,9,False,,
18003004,12,,nicht,וְאַל־,9,False,,
18003004,13,,erglänze,תּוֹפַ֖ע,10,False,,
18003004,14,,über,עָלָ֣יו,11,False,,
18003004,15,,ihm,עָלָ֣יו,11,False,,
18003004,16,,das,נְהָרָֽה׃,12,True,,
18003004,17,,Licht,נְהָרָֽה׃,12,False,,
18003005,1,,Finsternis,חֹ֣שֶׁךְ,2,False,,
18003005,2,,und,וְ֭צַלְמָוֶת,3,False,,
18003005,3,,Todesschatten,וְ֭צַלְמָוֶת,3,False,,
18003005,4,,mögen,יִגְאָלֻ֡הוּ,1,False,,
18003005,5,,ihn,יִגְאָלֻ֡הוּ,1,False,,
18003005,6,,einlösen,יִגְאָלֻ֡הוּ,1,False,,
18003005,7,,Gewölk,עֲנָנָ֑ה,6,False,,
18003005,8,,lagere,תִּשְׁכָּן־,4,False,,
18003005,9,,sich,תִּשְׁכָּן־,4,False,,
18003005,10,,über,עָלָ֣יו,5,False,,
18003005,11,,ihm,עָלָ֣יו,5,False,,
18003005,12,,es,יְ֝בַעֲתֻ֗הוּ,7,False,,
18003005,13,,schrecken,יְ֝בַעֲתֻ֗הוּ,7,False,,
18003005,14,,ihn,יְ֝בַעֲתֻ֗הוּ,7,False,,
18003005,15,,Tagesverfinsterungen,כִּֽמְרִ֥ירֵי,8,False,,
18003006,1,,Jene,הַהוּא֮,2,False,,
18003006,2,,Nacht,הַלַּ֥יְלָה,1,False,,
18003006,3,,Dunkel,אֹ֥פֶל,4,False,,
18003006,4,,ergreife,יִקָּחֵ֪ה֫וּ,3,False,,
18003006,5,,sie,יִקָּחֵ֪ה֫וּ,3,False,,
18003006,6,,sie,אַל־,5,True,,
18003006,6,,sie,יִ֭חַדְּ,6,False,,
18003006,7,,freue,יִ֭חַדְּ,6,False,,
18003006,8,,sich,יִ֭חַדְּ,6,False,,
18003006,9,,nicht,אַל־,5,False,,
18003006,10,,unter,בִּימֵ֣י,7,False,,
18003006,11,,den,בִּימֵ֣י,7,True,,
18003006,12,,Tagen,בִּימֵ֣י,7,False,,
18003006,13,,des,שָׁנָ֑ה,8,False,,
18003006,14,,Jahres,שָׁנָ֑ה,8,False,,
18003006,15,,in,בְּמִסְפַּ֥ר,9,False,,
18003006,16,,die,בְּמִסְפַּ֥ר,9,True,,
18003006,17,,Zahl,בְּמִסְפַּ֥ר,9,False,,
18003006,18,,der,יְ֝רָחִ֗ים,10,False,,
18003006,19,,Monde,יְ֝רָחִ֗ים,10,False,,
18003006,20,,komme,אַל־,11,False,,
18003006,20,,komme,יָבֹֽא׃,12,False,,
18003006,21,,sie,יָבֹֽא׃,12,False,,
18003006,22,,nicht,אַל־,11,False,,
18003007,1,,Siehe,הִנֵּ֤ה,1,False,,
18003007,2,,jene,הַ֭הוּא,3,False,,
18003007,3,,Nacht,הַלַּ֣יְלָה,2,False,,
18003007,4,,sei,יְהִ֣י,4,False,,
18003007,5,,unfruchtbar,גַלְמ֑וּד,5,False,,
18003007,6,,es,אַל־,6,True,,
18003007,6,,es,בֽוֹ׃,9,False,,
18003007,7,,trete,תָּבֹ֖א,7,False,,
18003007,8,,kein,אַל־,6,False,,
18003007,9,,Jubel,רְנָנָ֣ה,8,False,,
18003007,10,,in,בֽוֹ׃,9,False,,
18003007,11,,sie,בֽוֹ׃,9,True,,
18003007,12,,ein,תָּבֹ֖א,7,True,,
18003008,1,,Verwünschen,יִקְּבֻ֥הוּ,1,False,,
18003008,2,,mögen,יִקְּבֻ֥הוּ,1,False,,
18003008,3,,sie,יִקְּבֻ֥הוּ,1,False,,
18003008,4,,die,אֹרְרֵי־,2,True,,
18003008,5,,Verflucher,אֹרְרֵי־,2,False,,
18003008,6,,des,י֑וֹם,3,True,,
18003008,7,,Tages,י֑וֹם,3,False,,
18003008,8,,die,הָ֝עֲתִידִ֗ים,4,True,,
18003008,9,,fähig,הָ֝עֲתִידִ֗ים,4,False,,
18003008,10,,sind,הָ֝עֲתִידִ֗ים,4,False,,
18003008,11,,den,עֹרֵ֥ר,5,True,,
18003008,12,,Leviathan,לִוְיָתָֽן׃,6,False,,
18003008,13,,aufzureizen,עֹרֵ֥ר,5,False,,
18003009,1,,Verfinstert,יֶחְשְׁכוּ֮,1,False,,
18003009,2,,seien,יֶחְשְׁכוּ֮,1,False,,
18003009,3,,die,כּוֹכְבֵ֪י,2,True,,
18003009,4,,Sterne,כּוֹכְבֵ֪י,2,False,,
18003009,5,,ihrer,נִ֫שְׁפּ֥וֹ,3,False,,
18003009,6,,Dämmerung,נִ֫שְׁפּ֥וֹ,3,False,,
18003009,7,,sie,יְקַו־,4,False,,
18003009,8,,harre,יְקַו־,4,False,,
18003009,9,,auf,לְא֥וֹר,5,False,,
18003009,10,,Licht,לְא֥וֹר,5,False,,
18003009,11,,und,וָאַ֑יִן,6,False,,
18003009,12,,da,וָאַ֑יִן,6,False,,
18003009,13,,sei,וָאַ֑יִן,6,False,,
18003009,14,,keines,וָאַ֑יִן,6,False,,
18003009,15,,und,וְאַל־,7,False,,
18003009,16,,nicht,יִ֝רְאֶ֗ה,8,False,,
18003009,17,,schaue,יִ֝רְאֶ֗ה,8,False,,
18003009,18,,sie,יִ֝רְאֶ֗ה,8,False,,
18003009,19,,die,בְּעַפְעַפֵּי־,9,True,,
18003009,20,,Wimpern,בְּעַפְעַפֵּי־,9,False,,
18003009,21,,der,שָֽׁחַר׃,10,True,,
18003009,22,,Morgenröte,שָֽׁחַר׃,10,False,,
18003010,1,,Denn,כִּ֤י,1,False,,
18003010,2,,sie,סָ֭גַר,3,False,,
18003010,3,,hat,סָ֭גַר,3,False,,
18003010,4,,die,דַּלְתֵ֣י,4,True,,
18003010,5,,Pforte,דַּלְתֵ֣י,4,False,,
18003010,6,,meines,בִטְנִ֑י,5,False,,
18003010,7,,Mutterschoßes,בִטְנִ֑י,5,False,,
18003010,8,,nicht,סָ֭גַר,3,False,,
18003010,9,,verschlossen,סָ֭גַר,3,False,,
18003010,10,,und,וַיַּסְתֵּ֥ר,6,False,,
18003010,11,,Mühsal,עָ֝מָ֗ל,7,False,,
18003010,12,,nicht,וַיַּסְתֵּ֥ר,6,False,,
18003010,13,,verborgen,וַיַּסְתֵּ֥ר,6,False,,
18003010,14,,vor,מֵעֵינָֽי׃,8,False,,
18003010,15,,meinen,מֵעֵינָֽי׃,8,False,,
18003010,16,,Augen,מֵעֵינָֽי׃,8,False,,
18003011,1,,Warum,לָ֤מָּה,1,False,,
18003011,2,,starb,אָמ֑וּת,4,False,,
18003011,3,,ich,אָמ֑וּת,4,False,,
18003011,4,,nicht,לֹּ֣א,2,False,,
18003011,5,,von,מֵרֶ֣חֶם,3,False,,
18003011,6,,Mutterleibe,מֵרֶ֣חֶם,3,False,,
18003011,7,,an,מֵרֶ֣חֶם,3,False,,
18003011,8,,kam,יָצָ֣אתִי,6,False,,
18003011,9,,aus,מִבֶּ֖טֶן,5,False,,
18003011,10,,dem,מִבֶּ֖טֶן,5,True,,
18003011,11,,Schoße,מִבֶּ֖טֶן,5,False,,
18003011,12,,hervor,יָצָ֣אתִי,6,False,,
18003011,13,,und,וְאֶגְוָֽע׃,7,False,,
18003011,14,,verschied,וְאֶגְוָֽע׃,7,False,,
18003012,1,,Weshalb,מַ֭דּוּעַ,1,False,,
18003012,2,,kamen,קִדְּמ֣וּנִי,2,False,,
18003012,3,,Knie,בִרְכָּ֑יִם,3,False,,
18003012,4,,mir,קִדְּמ֣וּנִי,2,False,,
18003012,5,,entgegen,קִדְּמ֣וּנִי,2,False,,
18003012,6,,und,וּמַה־,4,False,,
18003012,7,,wozu,וּמַה־,4,False,,
18003012,8,,Brüste,שָּׁ֝דַ֗יִם,5,False,,
18003012,9,,daß,כִּ֣י,6,False,,
18003012,10,,ich,אִינָֽק׃,7,False,,
18003012,11,,sog,אִינָֽק׃,7,False,,
18003013,1,,Denn,כִּֽי־,1,False,,
18003013,2,,jetzt,עַ֭תָּה,2,False,,
18003013,3,,würde,שָׁכַ֣בְתִּי,3,False,,
18003013,4,,ich,שָׁכַ֣בְתִּי,3,False,,
18003013,5,,liegen,שָׁכַ֣בְתִּי,3,False,,
18003013,6,,und,וְאֶשְׁק֑וֹט,4,False,,
18003013,7,,rasten,וְאֶשְׁק֑וֹט,4,False,,
18003013,8,,ich,יָ֝שַׁ֗נְתִּי,5,False,,
18003013,9,,würde,יָ֝שַׁ֗נְתִּי,5,False,,
18003013,10,,schlafen,יָ֝שַׁ֗נְתִּי,5,False,,
18003013,11,,dann,אָ֤ז׀,6,False,,
18003013,12,,hätte,יָנ֬וּחַֽ,7,False,,
18003013,13,,ich,יָנ֬וּחַֽ,7,False,,
18003013,14,,Ruhe,יָנ֬וּחַֽ,7,False,,
18003013,15,,,לִֽי׃,8,True,,
18003014,1,,mit,עִם־,1,False,,
18003014,2,,Königen,מְ֭לָכִים,2,False,,
18003014,3,,und,וְיֹ֣עֲצֵי,3,False,,
18003014,4,,Räten,וְיֹ֣עֲצֵי,3,False,,
18003014,5,,der,אָ֑רֶץ,4,True,,
18003014,6,,Erde,אָ֑רֶץ,4,False,,
18003014,7,,welche,הַבֹּנִ֖ים,5,False,,
18003014,8,,sich,הַבֹּנִ֖ים,5,False,,
18003014,9,,verödete,חֳרָב֣וֹת,6,False,,
18003014,10,,Plätze,חֳרָב֣וֹת,6,False,,
18003014,11,,erbauten,לָֽמוֹ׃,7,False,,
18003015,1,,oder,א֣וֹ,1,False,,
18003015,2,,mit,עִם־,2,False,,
18003015,3,,Fürsten,שָׂ֭רִים,3,False,,
18003015,4,,die,לָהֶ֑ם,5,False,,
18003015,5,,Gold,זָהָ֣ב,4,False,,
18003015,6,,hatten,לָהֶ֑ם,5,False,,
18003015,7,,die,הַֽמְמַלְאִ֖ים,6,False,,
18003015,8,,ihre,בָּתֵּיהֶ֣ם,7,False,,
18003015,9,,Häuser,בָּתֵּיהֶ֣ם,7,False,,
18003015,10,,mit,כָּֽסֶף׃,8,False,,
18003015,11,,Silber,כָּֽסֶף׃,8,False,,
18003015,12,,füllten,הַֽמְמַלְאִ֖ים,6,False,,
18003016,1,,oder,א֤וֹ,1,False,,
18003016,2,,gleich,כְנֵ֣פֶל,2,False,,
18003016,3,,einer,כְנֵ֣פֶל,2,True,,
18003016,4,,verborgenen,טָ֭מוּן,3,False,,
18003016,5,,Fehlgeburt,כְנֵ֣פֶל,2,False,,
18003016,6,,wäre,אֶהְיֶ֑ה,5,False,,
18003016,7,,ich,אֶהְיֶ֑ה,5,False,,
18003016,8,,nicht,לֹ֣א,4,False,,
18003016,9,,da,אֶהְיֶ֑ה,5,False,,
18003016,10,,gleich,כְּ֝עֹלְלִ֗ים,6,False,,
18003016,11,,Kindern,כְּ֝עֹלְלִ֗ים,6,False,,
18003016,12,,die,לֹא־,7,False,,
18003016,13,,das,לֹא־,7,False,,
18003016,14,,Licht,אֽוֹר׃,9,False,,
18003016,15,,nicht,לֹא־,7,False,,
18003016,16,,erblickt,רָ֥אוּ,8,False,,
18003016,17,,haben,רָ֥אוּ,8,False,,
18003017,1,,Dort,שָׁ֣ם,1,False,,
18003017,2,,lassen,חָ֣דְלוּ,3,False,,
18003017,3,,die,רְ֭שָׁעִים,2,True,,
18003017,4,,Bösen,רְ֭שָׁעִים,2,False,,
18003017,5,,ab,חָ֣דְלוּ,3,False,,
18003017,6,,vom,רֹ֑גֶז,4,False,,
18003017,7,,Toben,רֹ֑גֶז,4,False,,
18003017,8,,und,וְשָׁ֥ם,5,False,,
18003017,9,,dort,וְשָׁ֥ם,5,False,,
18003017,10,,ruhen,יָ֝נ֗וּחוּ,6,False,,
18003017,11,,die,יְגִ֣יעֵי,7,False,,
18003017,12,,an,יְגִ֣יעֵי,7,False,,
18003017,13,,Kraft,כֹֽחַ׃,8,False,,
18003017,14,,Erschöpften,יְגִ֣יעֵי,7,False,,
18003018,1,,rasten,שַׁאֲנָ֑נוּ,3,False,,
18003018,2,,die,אֲסִירִ֣ים,2,True,,
18003018,3,,Gefangenen,אֲסִירִ֣ים,2,False,,
18003018,4,,allesamt,יַ֭חַד,1,False,,
18003018,5,,hören,שָׁ֝מְע֗וּ,5,False,,
18003018,6,,nicht,לֹ֥א,4,False,,
18003018,7,,die,ק֣וֹל,6,True,,
18003018,8,,Stimme,ק֣וֹל,6,False,,
18003018,9,,des,נֹגֵֽשׂ׃,7,True,,
18003018,10,,Treibers,נֹגֵֽשׂ׃,7,False,,
18003019,1,,Der,קָטֹ֣ן,1,True,,
18003019,2,,Kleine,קָטֹ֣ן,1,False,,
18003019,3,,und,וְ֭גָדוֹל,2,False,,
18003019,4,,der,וְ֭גָדוֹל,2,True,,
18003019,5,,Große,וְ֭גָדוֹל,2,False,,
18003019,6,,dort,שָׁ֣ם,3,False,,
18003019,7,,sind,ה֑וּא,4,False,,
18003019,8,,sie,ה֑וּא,4,True,,
18003019,9,,gleich,ה֑וּא,4,True,,
18003019,10,,und,וְ֝עֶ֗בֶד,5,False,,
18003019,11,,der,וְ֝עֶ֗בֶד,5,True,,
18003019,12,,Knecht,וְ֝עֶ֗בֶד,5,False,,
18003019,13,,ist,חָפְשִׁ֥י,6,False,,
18003019,14,,frei,חָפְשִׁ֥י,6,False,,
18003019,15,,von,מֵאֲדֹנָֽיו׃,7,False,,
18003019,16,,seinem,מֵאֲדֹנָֽיו׃,7,True,,
18003019,17,,Herrn,מֵאֲדֹנָֽיו׃,7,False,,
18003020,1,,Warum,לָ֤מָּה,1,False,,
18003020,2,,gibt,יִתֵּ֣ן,2,False,,
18003020,3,,er,יִתֵּ֣ן,2,True,,
18003020,4,,dem,לְעָמֵ֣ל,3,True,,
18003020,5,,Mühseligen,לְעָמֵ֣ל,3,False,,
18003020,6,,Licht,א֑וֹר,4,False,,
18003020,7,,und,וְ֝חַיִּ֗ים,5,False,,
18003020,8,,Leben,וְ֝חַיִּ֗ים,5,False,,
18003020,9,,denen,לְמָ֣רֵי,6,False,,
18003020,10,,die,לְמָ֣רֵי,6,True,,
18003020,11,,bitterer,לְמָ֣רֵי,6,False,,
18003020,12,,Seele,נָֽפֶשׁ׃,7,False,,
18003020,13,,sind,נָֽפֶשׁ׃,7,True,,
18003021,1,,die,הַֽמְחַכִּ֣ים,1,False,,
18003021,2,,auf,לַמָּ֣וֶת,2,False,,
18003021,3,,den,לַמָּ֣וֶת,2,True,,
18003021,4,,Tod,לַמָּ֣וֶת,2,False,,
18003021,5,,harren,הַֽמְחַכִּ֣ים,1,False,,
18003021,6,,und,וְאֵינֶ֑נּוּ,3,False,,
18003021,7,,er,וְאֵינֶ֑נּוּ,3,True,,
18003021,8,,ist,וְאֵינֶ֑נּוּ,3,False,,
18003021,9,,nicht,וְאֵינֶ֑נּוּ,3,False,,
18003021,10,,da,וְאֵינֶ֑נּוּ,3,False,,
18003021,11,,und,וַֽ֝יַּחְפְּרֻ֗הוּ,4,False,,
18003021,12,,die,וַֽ֝יַּחְפְּרֻ֗הוּ,4,True,,
18003021,13,,nach,וַֽ֝יַּחְפְּרֻ֗הוּ,4,True,,
18003021,14,,ihm,וַֽ֝יַּחְפְּרֻ֗הוּ,4,True,,
18003021,15,,graben,וַֽ֝יַּחְפְּרֻ֗הוּ,4,False,,
18003021,16,,mehr,מִמַּטְמוֹנִֽים׃,5,False,,
18003021,17,,als,מִמַּטְמוֹנִֽים׃,5,True,,
18003021,18,,nach,מִמַּטְמוֹנִֽים׃,5,True,,
18003021,19,,verborgenen,מִמַּטְמוֹנִֽים׃,5,False,,
18003021,20,,Schätzen,מִמַּטְמוֹנִֽים׃,5,False,,
18003022,1,,die,הַשְּׂמֵחִ֥ים,1,False,,
18003022,2,,sich,הַשְּׂמֵחִ֥ים,1,True,,
18003022,3,,freuen,הַשְּׂמֵחִ֥ים,1,False,,
18003022,4,,bis,אֱלֵי־,2,False,,
18003022,5,,zum,אֱלֵי־,2,False,,
18003022,6,,Jubel,גִ֑יל,3,False,,
18003022,7,,Wonne,יָ֝שִׂ֗ישׂוּ,4,False,,
18003022,8,,haben,יָ֝שִׂ֗ישׂוּ,4,False,,
18003022,9,,wenn,כִּ֣י,5,False,,
18003022,10,,sie,יִמְצְאוּ־,6,False,,
18003022,11,,das,יִמְצְאוּ־,6,True,,
18003022,12,,Grab,קָֽבֶר׃,7,False,,
18003022,13,,finden,יִמְצְאוּ־,6,False,,
18003022,14,,,קָֽבֶר׃,7,True,,
18003023,1,,dem,לְ֭גֶבֶר,1,True,,
18003023,2,,Manne,לְ֭גֶבֶר,1,False,,
18003023,3,,dessen,אֲשֶׁר־,2,False,,
18003023,4,,Weg,דַּרְכּ֣וֹ,3,False,,
18003023,5,,ihm,דַּרְכּ֣וֹ,3,True,,
18003023,6,,verborgen,נִסְתָּ֑רָה,4,False,,
18003023,7,,ist,נִסְתָּ֑רָה,4,False,,
18003023,8,,und,וַיָּ֖סֶךְ,5,False,,
18003023,9,,den,וַיָּ֖סֶךְ,5,True,,
18003023,10,,Gott,אֱל֣וֹהַּ,6,False,,
18003023,11,,eingeschlossen,וַיָּ֖סֶךְ,5,False,,
18003023,12,,hat,וַיָּ֖סֶךְ,5,True,,
18003023,13,,ringsum,בַּעֲדֽוֹ׃,7,False,,
18003024,1,,Denn,כִּֽי־,1,False,,
18003024,2,,gleich,לִפְנֵ֣י,2,False,,
18003024,3,,meinem,לַ֭חְמִי,3,True,,
18003024,4,,Brote,לַ֭חְמִי,3,False,,
18003024,5,,kommt,תָבֹ֑א,5,False,,
18003024,6,,mein,אַנְחָתִ֣י,4,True,,
18003024,7,,Seufzen,אַנְחָתִ֣י,4,False,,
18003024,8,,und,תָבֹ֑א,5,True,,
18003024,9,,wie,כַ֝מַּ֗יִם,7,False,,
18003024,10,,Wasser,כַ֝מַּ֗יִם,7,False,,
18003024,11,,ergießt,וַֽיִּתְּכ֥וּ,6,False,,
18003024,12,,sich,וַֽיִּתְּכ֥וּ,6,True,,
18003024,13,,mein,שַׁאֲגֹתָֽי׃,8,True,,
18003024,14,,Gestöhn,שַׁאֲגֹתָֽי׃,8,False,,
18003025,1,,Denn,כִּ֤י,1,False,,
18003025,2,,ich,פָּ֭חַדְתִּי,3,False,,
18003025,3,,fürchtete,פָּ֭חַדְתִּי,3,False,,
18003025,4,,einen,פַ֣חַד,2,True,,
18003025,5,,Schrecken,פַ֣חַד,2,False,,
18003025,6,,und,וַיֶּאֱתָיֵ֑נִי,4,False,,
18003025,7,,er,וַיֶּאֱתָיֵ֑נִי,4,True,,
18003025,8,,traf,וַיֶּאֱתָיֵ֑נִי,4,False,,
18003025,9,,mich,וַיֶּאֱתָיֵ֑נִי,4,True,,
18003025,10,,und,וַאֲשֶׁ֥ר,5,False,,
18003025,11,,vor,וַאֲשֶׁ֥ר,5,False,,
18003025,12,,dem,וַאֲשֶׁ֥ר,5,True,,
18003025,13,,mir,לִֽי׃,8,True,,
18003025,14,,bangte,יָ֝גֹ֗רְתִּי,6,False,,
18003025,15,,das,יָ֣בֹא,7,True,,
18003025,16,,kam,יָ֣בֹא,7,False,,
18003025,17,,über,יָ֣בֹא,7,True,,
18003025,18,,mich,יָ֣בֹא,7,True,,
18003026,1,,Ich,שָׁלַ֨וְתִּי׀,2,True,,
18003026,2,,war,שָׁלַ֨וְתִּי׀,2,False,,
18003026,3,,nicht,לֹ֤א,1,False,,
18003026,4,,ruhig,שָׁלַ֨וְתִּי׀,2,False,,
18003026,5,,und,וְלֹ֖א,3,False,,
18003026,6,,ich,שָׁקַ֥טְתִּי,4,False,,
18003026,7,,rastete,שָׁקַ֥טְתִּי,4,False,,
18003026,8,,nicht,וְלֹ֖א,3,False,,
18003026,9,,und,וְֽלֹא־,5,False,,
18003026,10,,ruhte,נָ֗חְתִּי,6,False,,
18003026,11,,nicht,וְֽלֹא־,5,False,,
18003026,12,,da,וַיָּ֥בֹא,7,False,,
18003026,13,,kam,וַיָּ֥בֹא,7,False,,
18003026,14,,das,רֹֽגֶז׃ פ,8,True,,
18003026,15,,Toben,רֹֽגֶז׃ פ,8,False,,
18004001,1,,Und,וַ֭יַּעַן,1,False,,
18004001,2,,Eliphas,אֱלִיפַ֥ז,2,False,,
18004001,3,,der,,,True,4,Temaniter
18004001,4,,Temaniter,הַֽתֵּימָנִ֗י,3,False,,
18004001,5,,antwortete,וַ֭יַּעַן,1,False,,
18004001,6,,und,וַיֹּאמַֽר׃,4,False,,
18004001,7,,sprach,וַיֹּאמַֽר׃,4,False,,
18004002,1,,Wenn,הֲנִסָּ֬ה,1,False,,
18004002,2,,man,,,True,1,Wenn
18004002,3,,ein,,,True,4,Wort
18004002,4,,Wort,דָבָ֣ר,2,False,,
18004002,5,,an,אֵלֶ֣יךָ,3,False,,
18004002,6,,dich,אֵלֶ֣יךָ,3,False,,
18004002,7,,versucht,הֲנִסָּ֬ה,1,False,,
18004002,8,,wird,תִּלְאֶ֑ה,4,False,,
18004002,9,,es,,,True,8,wird
18004002,10,,dich,תִּלְאֶ֑ה,4,False,,
18004002,11,,verdrießen,תִּלְאֶ֑ה,4,False,,
18004002,12,,Doch,וַעְצֹ֥ר,5,False,,
18004002,13,,die,,,True,14,Worte
18004002,14,,Worte,בְּ֝מִלִּ֗ין,6,False,,
18004002,15,,zurückzuhalten,וַעְצֹ֥ר,5,False,,
18004002,16,,wer,מִ֣י,7,False,,
18004002,17,,vermöchte,יוּכָֽל׃,8,False,,
18004002,18,,es,,,True,17,vermöchte
18004003,1,,Siehe,הִ֭נֵּה,1,False,,
18004003,2,,du,יִסַּ֣רְתָּ,2,False,,
18004003,3,,hast,יִסַּ֣רְתָּ,2,False,,
18004003,4,,viele,רַבִּ֑ים,3,False,,
18004003,5,,unterwiesen,יִסַּ֣רְתָּ,2,False,,
18004003,6,,und,,,True,5,unterwiesen
18004003,7,,erschlaffte,רָפ֣וֹת,5,False,,
18004003,8,,Hände,וְיָדַ֖יִם,4,False,,
18004003,9,,stärktest,תְּחַזֵּֽק׃,6,False,,
18004003,10,,du,יִסַּ֣רְתָּ,2,False,,
18004004,1,,den,,,True,2,Strauchelnden
18004004,2,,Strauchelnden,כּ֭וֹשֵׁל,1,False,,
18004004,3,,richteten,יְקִימ֣וּן,2,False,,
18004004,4,,deine,מִלֶּ֑יךָ,3,False,,
18004004,5,,Worte,מִלֶּ֑יךָ,3,False,,
18004004,6,,auf,יְקִימ֣וּן,2,False,,
18004004,7,,und,,,True,6,auf
18004004,8,,sinkende,כֹּרְע֣וֹת,5,False,,
18004004,9,,Knie,וּבִרְכַּ֖יִם,4,False,,
18004004,10,,hast,תְּאַמֵּֽץ׃,6,False,,
18004004,11,,du,תְּאַמֵּֽץ׃,6,False,,
18004004,12,,befestigt,תְּאַמֵּֽץ׃,6,False,,
18004005,1,,Doch,כִּ֤י,1,False,,
18004005,2,,nun,עַתָּ֨ה׀,2,False,,
18004005,3,,kommt,תָּב֣וֹא,3,False,,
18004005,4,,es,תָּב֣וֹא,3,False,,
18004005,5,,an,אֵלֶ֣יךָ,4,False,,
18004005,6,,dich,אֵלֶ֣יךָ,4,False,,
18004005,7,,und,וַתֵּ֑לֶא,5,False,,
18004005,8,,es,וַתֵּ֑לֶא,5,False,,
18004005,9,,verdrießt,וַתֵּ֑לֶא,5,False,,
18004005,10,,dich,וַתֵּ֑לֶא,5,False,,
18004005,11,,es,תִּגַּ֥ע,6,False,,
18004005,12,,erreicht,תִּגַּ֥ע,6,False,,
18004005,13,,dich,עָ֝דֶ֗יךָ,7,False,,
18004005,14,,und,וַתִּבָּהֵֽל׃,8,False,,
18004005,15,,du,וַתִּבָּהֵֽל׃,8,False,,
18004005,16,,bist,וַתִּבָּהֵֽל׃,8,False,,
18004005,17,,bestürzt,וַתִּבָּהֵֽל׃,8,False,,
18004006,1,,Ist,הֲלֹ֣א,1,False,,
18004006,2,,nicht,הֲלֹ֣א,1,False,,
18004006,3,,deine,יִ֭רְאָתְךָ,2,False,,
18004006,4,,Gottesfurcht,יִ֭רְאָתְךָ,2,False,,
18004006,5,,deine,כִּסְלָתֶ֑ךָ,3,False,,
18004006,6,,Zuversicht,כִּסְלָתֶ֑ךָ,3,False,,
18004006,7,,die,,,True,8,Vollkommenheit
18004006,8,,Vollkommenheit,תִּ֝קְוָתְךָ֗,4,False,,
18004006,9,,deiner,דְּרָכֶֽיךָ׃,6,False,,
18004006,10,,Wege,דְּרָכֶֽיךָ׃,6,False,,
18004006,11,,deine,תִּ֝קְוָתְךָ֗,4,False,,
18004006,12,,Hoffnung,תִּ֝קְוָתְךָ֗,4,False,,
18004007,1,,Gedenke,זְכָר־,1,False,,
18004007,2,,doch,נָ֗א,2,False,,
18004007,3,,Wer,מִ֤י,3,False,,
18004007,4,,ist,ה֣וּא,4,False,,
18004007,5,,als,נָקִ֣י,5,False,,
18004007,6,,Unschuldiger,נָקִ֣י,5,False,,
18004007,7,,umgekommen,אָבָ֑ד,6,False,,
18004007,8,,und,וְ֝אֵיפֹ֗ה,7,False,,
18004007,9,,wo,וְ֝אֵיפֹ֗ה,7,False,,
18004007,10,,sind,יְשָׁרִ֥ים,8,False,,
18004007,11,,Rechtschaffene,יְשָׁרִ֥ים,8,False,,
18004007,12,,vertilgt,נִכְחָֽדוּ׃,9,False,,
18004007,13,,worden,נִכְחָֽדוּ׃,9,False,,
18004008,1,,So,כַּאֲשֶׁ֣ר,1,False,,
18004008,2,,wie,כַּאֲשֶׁ֣ר,1,False,,
18004008,3,,ich,רָ֭אִיתִי,2,False,,
18004008,4,,es,יִקְצְרֻֽהוּ׃,7,False,,
18004008,5,,gesehen,רָ֭אִיתִי,2,False,,
18004008,6,,habe,רָ֭אִיתִי,2,False,,
18004008,7,,die,,,True,8,Unheil
18004008,8,,Unheil,אָ֑וֶן,4,False,,
18004008,9,,pflügen,חֹ֣רְשֵׁי,3,False,,
18004008,10,,und,וְזֹרְעֵ֖י,5,False,,
18004008,11,,Mühsal,עָמָ֣ל,6,False,,
18004008,12,,säen,וְזֹרְעֵ֖י,5,False,,
18004008,13,,ernten,יִקְצְרֻֽהוּ׃,7,False,,
18004008,14,,es,יִקְצְרֻֽהוּ׃,7,False,,
18004009,1,,Durch,מִנִּשְׁמַ֣ת,1,False,,
18004009,2,,den,,,True,3,Odem
18004009,3,,Odem,מִנִּשְׁמַ֣ת,1,False,,
18004009,4,,Gottes,אֱל֣וֹהַ,2,False,,
18004009,5,,kommen,יֹאבֵ֑דוּ,3,False,,
18004009,6,,sie,יֹאבֵ֑דוּ,3,False,,
18004009,7,,um,יֹאבֵ֑דוּ,3,False,,
18004009,8,,und,וּמֵר֖וּחַ,4,False,,
18004009,9,,durch,וּמֵר֖וּחַ,4,False,,
18004009,10,,den,,,True,11,Hauch
18004009,11,,Hauch,וּמֵר֖וּחַ,4,False,,
18004009,12,,seiner,אַפּ֣וֹ,5,False,,
18004009,13,,Nase,אַפּ֣וֹ,5,False,,
18004009,14,,vergehen,יִכְלֽוּ׃,6,False,,
18004009,15,,sie,יִכְלֽוּ׃,6,False,,
18004010,1,,Das,,,True,2,Brüllen
18004010,2,,Brüllen,שַׁאֲגַ֣ת,1,False,,
18004010,3,,des,,,True,4,Löwen
18004010,4,,Löwen,אַ֭רְיֵה,2,False,,
18004010,5,,und,וְק֣וֹל,3,False,,
18004010,6,,des,,,True,7,Brüllers
18004010,7,,Brüllers,וְק֣וֹל,3,False,,
18004010,8,,Stimme,וְק֣וֹל,3,False,,
18004010,9,,sind,שָׁ֑חַל,4,False,,
18004010,10,,verstummt,שָׁ֑חַל,4,False,,
18004010,11,,und,וְשִׁנֵּ֖י,5,False,,
18004010,12,,die,,,True,13,Zähne
18004010,13,,Zähne,וְשִׁנֵּ֖י,5,False,,
18004010,14,,der,,,True,16,Löwen
18004010,15,,jungen,כְפִירִ֣ים,6,False,,
18004010,16,,Löwen,כְפִירִ֣ים,6,False,,
18004010,17,,sind,נִתָּֽעוּ׃,7,False,,
18004010,18,,ausgebrochen,נִתָּֽעוּ׃,7,False,,
18004011,1,,der,לַ֭יִשׁ,1,False,,
18004011,2,,Löwe,לַ֭יִשׁ,1,False,,
18004011,3,,kommt,אֹבֵ֣ד,2,False,,
18004011,4,,um,מִבְּלִי־,3,False,,
18004011,5,,aus,מִבְּלִי־,3,False,,
18004011,6,,Mangel,מִבְּלִי־,3,False,,
18004011,7,,an,מִבְּלִי־,3,False,,
18004011,8,,Raub,טָ֑רֶף,4,False,,
18004011,9,,und,וּבְנֵ֥י,5,False,,
18004011,10,,die,וּבְנֵ֥י,5,False,,
18004011,11,,Jungen,וּבְנֵ֥י,5,False,,
18004011,12,,der,לָ֝בִ֗יא,6,False,,
18004011,13,,Löwin,לָ֝בִ֗יא,6,False,,
18004011,14,,werden,יִתְפָּרָֽדוּ׃,7,False,,
18004011,15,,zerstreut,יִתְפָּרָֽדוּ׃,7,False,,
18004012,1,,Und,וְ֭אֵלַי,1,False,,
18004012,2,,zu,וְ֭אֵלַי,1,False,,
18004012,3,,mir,וְ֭אֵלַי,1,False,,
18004012,4,,gelangte,יְגֻנָּ֑ב,3,False,,
18004012,5,,verstohlen,יְגֻנָּ֑ב,3,False,,
18004012,6,,ein,דָּבָ֣ר,2,False,,
18004012,7,,Wort,דָּבָ֣ר,2,False,,
18004012,8,,und,וַתִּקַּ֥ח,4,False,,
18004012,9,,mein,אָ֝זְנִ֗י,5,False,,
18004012,10,,Ohr,אָ֝זְנִ֗י,5,False,,
18004012,11,,vernahm,וַתִּקַּ֥ח,4,False,,
18004012,12,,ein,שֵׁ֣מֶץ,6,False,,
18004012,13,,Geflüster,שֵׁ֣מֶץ,6,False,,
18004012,14,,davon,מֶֽנְהֽוּ׃,7,False,,
18004013,1,,In,בִּ֭שְׂעִפִּים,1,False,,
18004013,2,,Gedanken,בִּ֭שְׂעִפִּים,1,False,,
18004013,3,,welche,מֵחֶזְיֹנ֣וֹת,2,False,,
18004013,4,,Nachtgesichte,מֵחֶזְיֹנ֣וֹת,2,False,,
18004013,5,,hervorrufen,מֵחֶזְיֹנ֣וֹת,2,False,,
18004013,5,,hervorrufen,לָ֑יְלָה,3,True,,
18004013,6,,wenn,בִּנְפֹ֥ל,4,False,,
18004013,7,,tiefer,תַּ֝רְדֵּמָ֗ה,5,False,,
18004013,8,,Schlaf,תַּ֝רְדֵּמָ֗ה,5,False,,
18004013,9,,die,עַל־,6,False,,
18004013,10,,Menschen,אֲנָשִֽׁים׃,7,False,,
18004013,11,,befällt,אֲנָשִֽׁים׃,7,True,,
18004014,1,,kam,קְ֭רָאַנִי,2,False,,
18004014,2,,Schauer,פַּ֣חַד,1,False,,
18004014,3,,über,קְ֭רָאַנִי,2,False,,
18004014,4,,mich,קְ֭רָאַנִי,2,False,,
18004014,5,,und,וּרְעָדָ֑ה,3,False,,
18004014,6,,Beben,וּרְעָדָ֑ה,3,False,,
18004014,7,,und,וְרֹ֖ב,4,False,,
18004014,8,,durchschauerte,הִפְחִֽיד׃,6,False,,
18004014,9,,alle,וְרֹ֖ב,4,False,,
18004014,10,,meine,עַצְמוֹתַ֣י,5,False,,
18004014,11,,Gebeine,עַצְמוֹתַ֣י,5,False,,
18004015,1,,und,וְ֭רוּחַ,1,False,,
18004015,2,,ein,וְ֭רוּחַ,1,False,,
18004015,3,,Geist,וְ֭רוּחַ,1,False,,
18004015,4,,zog,יַחֲלֹ֑ף,4,False,,
18004015,5,,vor,עַל־,2,False,,
18004015,6,,meinem,פָּנַ֣י,3,False,,
18004015,7,,Angesicht,פָּנַ֣י,3,False,,
18004015,8,,vorüber,יַחֲלֹ֑ף,4,False,,
18004015,9,,das,תְּ֝סַמֵּ֗ר,5,False,,
18004015,9,,das,שַֽׂעֲרַ֥ת,6,True,,
18004015,10,,Haar,שַֽׂעֲרַ֥ת,6,False,,
18004015,11,,meines,בְּשָׂרִֽי׃,7,False,,
18004015,12,,Leibes,בְּשָׂרִֽי׃,7,False,,
18004015,13,,starrte,תְּ֝סַמֵּ֗ר,5,False,,
18004015,14,,empor,תְּ֝סַמֵּ֗ר,5,True,,
18004016,1,,Es,יַעֲמֹ֤ד׀,1,False,,
18004016,2,,stand,יַעֲמֹ֤ד׀,1,False,,
18004016,3,,da,יַעֲמֹ֤ד׀,1,False,,
18004016,4,,und,וְֽלֹא־,2,False,,
18004016,5,,ich,וְֽלֹא־,2,False,,
18004016,6,,erkannte,אַכִּ֬יר,3,False,,
18004016,7,,sein,מַרְאֵ֗הוּ,4,False,,
18004016,8,,Aussehen,מַרְאֵ֗הוּ,4,False,,
18004016,9,,nicht,וְֽלֹא־,2,False,,
18004016,10,,ein,תְּ֭מוּנָה,5,False,,
18004016,11,,Bild,תְּ֭מוּנָה,5,False,,
18004016,12,,war,תְּ֭מוּנָה,5,False,,
18004016,13,,vor,לְנֶ֣גֶד,6,False,,
18004016,14,,meinen,עֵינָ֑י,7,False,,
18004016,15,,Augen,עֵינָ֑י,7,False,,
18004016,16,,ein,דְּמָמָ֖ה,8,False,,
18004016,17,,Säuseln,דְּמָמָ֖ה,8,False,,
18004016,18,,und,וָק֣וֹל,9,False,,
18004016,19,,eine,וָק֣וֹל,9,False,,
18004016,20,,Stimme,וָק֣וֹל,9,False,,
18004016,21,,hörte,אֶשְׁמָֽע׃,10,False,,
18004016,22,,ich,אֶשְׁמָֽע׃,10,False,,
18004017,1,,Sollte,הַֽ֭אֱנוֹשׁ,1,False,,
18004017,2,,ein,הַֽ֭אֱנוֹשׁ,1,False,,
18004017,3,,Mensch,הַֽ֭אֱנוֹשׁ,1,False,,
18004017,4,,gerechter,יִצְדָּ֑ק,3,False,,
18004017,5,,sein,יִצְדָּ֑ק,3,False,,
18004017,6,,als,מֵאֱל֣וֹהַ,2,False,,
18004017,7,,Gott,מֵאֱל֣וֹהַ,2,False,,
18004017,8,,oder,אִ֥ם,4,False,,
18004017,9,,ein,גָּֽבֶר׃,7,False,,
18004017,10,,Mann,גָּֽבֶר׃,7,False,,
18004017,11,,reiner,יִטְהַר־,6,False,,
18004017,12,,als,מֵ֝עֹשֵׂ֗הוּ,5,False,,
18004017,13,,der,מֵ֝עֹשֵׂ֗הוּ,5,False,,
18004017,14,,ihn,מֵ֝עֹשֵׂ֗הוּ,5,False,,
18004017,15,,gemacht,מֵ֝עֹשֵׂ֗הוּ,5,False,,
18004017,16,,hat,יִטְהַר־,6,False,,
18004018,1,,Siehe,הֵ֣ן,1,False,,
18004018,2,,auf,בַּ֭עֲבָדָיו,2,False,,
18004018,3,,seine,בַּ֭עֲבָדָיו,2,False,,
18004018,4,,Knechte,בַּ֭עֲבָדָיו,2,False,,
18004018,5,,vertraut,יַאֲמִ֑ין,4,False,,
18004018,6,,er,יַאֲמִ֑ין,4,False,,
18004018,7,,nicht,לֹ֣א,3,False,,
18004018,8,,und,וּ֝בְמַלְאָכָ֗יו,5,False,,
18004018,9,,seinen,וּ֝בְמַלְאָכָ֗יו,5,False,,
18004018,10,,Engeln,וּ֝בְמַלְאָכָ֗יו,5,False,,
18004018,11,,legt,יָשִׂ֥ים,6,False,,
18004018,12,,er,יָשִׂ֥ים,6,False,,
18004018,13,,Irrtum,תָּהֳלָֽה׃,7,False,,
18004018,14,,zur,יָשִׂ֥ים,6,False,,
18004018,15,,Last,תָּהֳלָֽה׃,7,False,,
18004019,1,,wieviel,אַ֤ף׀,1,False,,
18004019,2,,mehr,אַ֤ף׀,1,False,,
18004019,3,,denen,שֹׁכְנֵ֬י,2,False,,
18004019,4,,die,שֹׁכְנֵ֬י,2,False,,
18004019,5,,in,בָֽתֵּי־,3,False,,
18004019,6,,Lehmhäusern,בָֽתֵּי־,3,False,,
18004019,6,häusern,Lehmhäusern,חֹ֗מֶר,4,False,,
18004019,7,,wohnen,שֹׁכְנֵ֬י,2,False,,
18004019,8,,deren,יְסוֹדָ֑ם,7,False,,
18004019,9,,Grund,יְסוֹדָ֑ם,7,False,,
18004019,10,,im,בֶּעָפָ֥ר,6,False,,
18004019,11,,Staube,בֶּעָפָ֥ר,6,False,,
18004019,12,,ist,יְסוֹדָ֑ם,7,False,,
18004019,13,,Wie,יְ֝דַכְּא֗וּם,8,False,,
18004019,14,,Motten,עָֽשׁ׃,10,False,,
18004019,15,,werden,יְ֝דַכְּא֗וּם,8,False,,
18004019,16,,sie,יְ֝דַכְּא֗וּם,8,False,,
18004019,17,,zertreten,יְ֝דַכְּא֗וּם,8,False,,
18004020,1,,Von,מִבֹּ֣קֶר,1,False,,
18004020,2,,Morgen,מִבֹּ֣קֶר,1,False,,
18004020,3,,bis,לָעֶ֣רֶב,2,False,,
18004020,4,,Abend,לָעֶ֣רֶב,2,False,,
18004020,5,,werden,יֻכַּ֑תּוּ,3,False,,
18004020,6,,sie,יֻכַּ֑תּוּ,3,False,,
18004020,7,,zerschmettert,יֻכַּ֑תּוּ,3,False,,
18004020,8,,ohne,מִבְּלִ֥י,4,False,,
18004020,9,,daß,מֵ֝שִׂ֗ים,5,False,,
18004020,10,,mans,מֵ֝שִׂ֗ים,5,False,,
18004020,11,,beachtet,מֵ֝שִׂ֗ים,5,False,,
18004020,12,,kommen,יֹאבֵֽדוּ׃,7,False,,
18004020,13,,sie,יֹאבֵֽדוּ׃,7,False,,
18004020,14,,um,יֹאבֵֽדוּ׃,7,False,,
18004020,15,,auf,לָנֶ֥צַח,6,False,,
18004020,16,,ewig,לָנֶ֥צַח,6,False,,
18004021,1,,Ist,הֲלֹא־,1,False,,
18004021,2,,es,הֲלֹא־,1,True,,
18004021,3,,nicht,הֲלֹא־,1,True,,
18004021,4,,so,הֲלֹא־,1,True,,
18004021,5,,wird,נִסַּ֣ע,2,False,,
18004021,6,,ihr,יִתְרָ֣ם,3,False,,
18004021,7,,Zeltstrick,יִתְרָ֣ם,3,False,,
18004021,8,,an,בָּ֑ם,4,False,,
18004021,9,,ihnen,בָּ֑ם,4,False,,
18004021,10,,weggerissen,נִסַּ֣ע,2,False,,
18004021,11,,so,יָ֝מ֗וּתוּ,5,False,,
18004021,12,,sterben,יָ֝מ֗וּתוּ,5,False,,
18004021,13,,sie,יָ֝מ֗וּתוּ,5,False,,
18004021,14,,und,וְלֹ֣א,6,False,,
18004021,15,,nicht,וְלֹ֣א,6,False,,
18004021,16,,in,בְחָכְמָֽה׃,7,False,,
18004021,17,,Weisheit,בְחָכְמָֽה׃,7,False,,
18005001,1,,rufe,קְֽרָא־,1,False,,
18005001,2,,doch,נָ֭א,2,False,,
18005001,3,,ob,הֲיֵ֣שׁ,3,False,,
18005001,4,,einer,הֲיֵ֣שׁ,3,False,,
18005001,5,,da,הֲיֵ֣שׁ,3,True,,
18005001,6,,ist,הֲיֵ֣שׁ,3,False,,
18005001,7,,der,עוֹנֶ֑ךָּ,4,True,,
18005001,8,,dir,עוֹנֶ֑ךָּ,4,False,,
18005001,9,,antwortet,עוֹנֶ֑ךָּ,4,False,,
18005001,10,,und,וְאֶל־,5,False,,
18005001,11,,an,וְאֶל־,5,False,,
18005001,12,,welchen,מִ֖י,6,False,,
18005001,13,,der,מִקְּדֹשִׁ֣ים,7,True,,
18005001,14,,Heiligen,מִקְּדֹשִׁ֣ים,7,False,,
18005001,15,,willst,תִּפְנֶֽה׃,8,False,,
18005001,16,,du,תִּפְנֶֽה׃,8,False,,
18005001,17,,dich,תִּפְנֶֽה׃,8,False,,
18005001,18,,wenden,תִּפְנֶֽה׃,8,False,,
18005002,1,,Denn,כִּֽי־,1,False,,
18005002,2,,den,לֶֽ֭אֱוִיל,2,True,,
18005002,3,,Narren,לֶֽ֭אֱוִיל,2,False,,
18005002,4,,erwürgt,יַהֲרָג־,3,False,,
18005002,5,,der,כָּ֑עַשׂ,4,True,,
18005002,6,,Gram,כָּ֑עַשׂ,4,False,,
18005002,7,,und,וּ֝פֹתֶ֗ה,5,False,,
18005002,8,,den,וּ֝פֹתֶ֗ה,5,True,,
18005002,9,,Einfältigen,וּ֝פֹתֶ֗ה,5,False,,
18005002,10,,tötet,תָּמִ֥ית,6,False,,
18005002,11,,der,קִנְאָֽה׃,7,True,,
18005002,12,,Eifer,קִנְאָֽה׃,7,False,,
18005003,1,,Ich,אֲֽנִי־,1,False,,
18005003,2,,ich,אֲֽנִי־,1,True,,
18005003,3,,sah,רָ֭אִיתִי,2,False,,
18005003,4,,den,אֱוִ֣יל,3,True,,
18005003,5,,Narren,אֱוִ֣יל,3,False,,
18005003,6,,Wurzel,מַשְׁרִ֑ישׁ,4,False,,
18005003,7,,schlagen,מַשְׁרִ֑ישׁ,4,False,,
18005003,8,,und,וָאֶקּ֖וֹב,5,False,,
18005003,9,,alsbald,פִתְאֹֽם׃,7,False,,
18005003,10,,verwünschte,וָאֶקּ֖וֹב,5,False,,
18005003,11,,ich,וָאֶקּ֖וֹב,5,True,,
18005003,12,,seine,נָוֵ֣הוּ,6,False,,
18005003,13,,Wohnung,נָוֵ֣הוּ,6,False,,
18005004,1,,Fern,יִרְחֲק֣וּ,1,False,,
18005004,2,,blieben,יִרְחֲק֣וּ,1,False,,
18005004,3,,seine,בָנָ֣יו,2,False,,
18005004,4,,Kinder,בָנָ֣יו,2,False,,
18005004,5,,vom,מִיֶּ֑שַׁע,3,False,,
18005004,6,,Glück,מִיֶּ֑שַׁע,3,False,,
18005004,7,,und,וְיִֽדַּכְּא֥וּ,4,False,,
18005004,8,,sie,וְיִֽדַּכְּא֥וּ,4,True,,
18005004,9,,wurden,וְיִֽדַּכְּא֥וּ,4,False,,
18005004,10,,im,בַ֝שַּׁ֗עַר,5,False,,
18005004,11,,Tore,בַ֝שַּׁ֗עַר,5,False,,
18005004,12,,zertreten,וְיִֽדַּכְּא֥וּ,4,False,,
18005004,13,,und,וְאֵ֣ין,6,False,,
18005004,14,,kein,וְאֵ֣ין,6,False,,
18005004,15,,Erretter,מַצִּֽיל׃,7,False,,
18005004,16,,war,מַצִּֽיל׃,7,True,,
18005004,17,,da,מַצִּֽיל׃,7,True,,
18005005,1,,Seine,קְצִיר֨וֹ׀,2,False,,
18005005,2,,Ernte,קְצִיר֨וֹ׀,2,False,,
18005005,3,,verzehrte,יֹאכֵ֗ל,4,False,,
18005005,4,,der,רָ֘עֵ֤ב,3,True,,
18005005,5,,Hungrige,רָ֘עֵ֤ב,3,False,,
18005005,6,,und,וְאֶֽל־,5,False,,
18005005,7,,bis,וְאֶֽל־,5,False,,
18005005,8,,aus,מִצִּנִּ֥ים,6,False,,
18005005,9,,den,מִצִּנִּ֥ים,6,True,,
18005005,10,,Dornhecken,מִצִּנִּ֥ים,6,False,,
18005005,11,,nahm,יִקָּחֵ֑הוּ,7,False,,
18005005,12,,er,יִקָּחֵ֑הוּ,7,False,,
18005005,13,,sie,יִקָּחֵ֑הוּ,7,True,,
18005005,14,,weg,יִקָּחֵ֑הוּ,7,True,,
18005005,15,,und,וְשָׁאַ֖ף,8,False,,
18005005,16,,nach,וְשָׁאַ֖ף,8,False,,
18005005,17,,ihrem,חֵילָֽם׃,10,False,,
18005005,18,,Vermögen,חֵילָֽם׃,10,False,,
18005005,19,,schnappte,וְשָׁאַ֖ף,8,False,,
18005005,20,,die,צַמִּ֣ים,9,True,,
18005005,21,,Schlinge,צַמִּ֣ים,9,False,,
18005006,1,,Denn,כִּ֤י׀,1,False,,
18005006,2,,nicht,לֹא־,2,False,,
18005006,3,,aus,מֵעָפָ֣ר,4,False,,
18005006,4,,dem,מֵעָפָ֣ר,4,True,,
18005006,5,,Staube,מֵעָפָ֣ר,4,False,,
18005006,6,,geht,יֵצֵ֣א,3,False,,
18005006,7,,Unheil,אָ֑וֶן,5,False,,
18005006,8,,hervor,יֵצֵ֣א,3,False,,
18005006,9,,und,וּ֝מֵאֲדָמָ֗ה,6,False,,
18005006,10,,nicht,לֹא־,7,False,,
18005006,11,,sproßt,יִצְמַ֥ח,8,False,,
18005006,12,,Mühsal,עָמָֽל׃,9,False,,
18005006,13,,aus,וּ֝מֵאֲדָמָ֗ה,6,False,,
18005006,14,,dem,וּ֝מֵאֲדָמָ֗ה,6,True,,
18005006,15,,Erdboden,וּ֝מֵאֲדָמָ֗ה,6,False,,
18005007,1,,sondern,כִּֽי־,1,False,,
18005007,2,,der,אָ֭דָם,2,True,,
18005007,3,,Mensch,אָ֭דָם,2,False,,
18005007,4,,ist,יוּלָּ֑ד,4,False,,
18005007,5,,zur,לְעָמָ֣ל,3,False,,
18005007,6,,Mühsal,לְעָמָ֣ל,3,False,,
18005007,7,,geboren,יוּלָּ֑ד,4,False,,
18005007,8,,wie,רֶ֝֗שֶׁף,6,False,,
18005007,9,,die,רֶ֝֗שֶׁף,6,True,,
18005007,10,,Funken,רֶ֝֗שֶׁף,6,False,,
18005007,11,,sich,יַגְבִּ֥יהוּ,7,False,,
18005007,12,,erheben,יַגְבִּ֥יהוּ,7,False,,
18005007,13,,im,עֽוּף׃,8,False,,
18005007,14,,Fluge,עֽוּף׃,8,False,,
18005008,1,,Ich,אֲ֭נִי,2,False,,
18005008,2,,jedoch,אוּלָ֗ם,1,False,,
18005008,3,,würde,אֶדְרֹ֣שׁ,3,False,,
18005008,4,,Gott,אֵ֑ל,5,False,,
18005008,5,,suchen,אֶדְרֹ֣שׁ,3,False,,
18005008,6,,und,וְאֶל־,6,False,,
18005008,7,,Gott,אֱ֝לֹהִ֗ים,7,False,,
18005008,8,,meine,דִּבְרָתִֽי׃,9,False,,
18005008,9,,Sache,דִּבְרָתִֽי׃,9,False,,
18005008,10,,darlegen,אָשִׂ֥ים,8,False,,
18005009,1,,der,עֹשֶׂ֣ה,1,False,,
18005009,2,,Großes,גְ֭דֹלוֹת,2,False,,
18005009,3,,und,וְאֵ֣ין,3,False,,
18005009,4,,Unerforschliches,חֵ֑קֶר,4,False,,
18005009,5,,tut,עֹשֶׂ֣ה,1,False,,
18005009,6,,Wunder,נִ֝פְלָא֗וֹת,5,False,,
18005009,7,,bis,עַד־,6,False,,
18005009,8,,zur,עַד־,6,False,,
18005009,9,,Unzahl,אֵ֥ין,7,False,,
18005010,1,,der,הַנֹּתֵ֣ן,1,True,,
18005010,2,,Regen,מָ֭טָר,2,False,,
18005010,3,,gibt,הַנֹּתֵ֣ן,1,False,,
18005010,4,,auf,עַל־,3,False,,
18005010,5,,die,פְּנֵי־,4,True,,
18005010,6,,Fläche,פְּנֵי־,4,False,,
18005010,7,,der,אָ֑רֶץ,5,True,,
18005010,8,,Erde,אָ֑רֶץ,5,False,,
18005010,9,,und,וְשֹׁ֥לֵֽחַ,6,False,,
18005010,10,,Wasser,מַ֝יִם,7,False,,
18005010,11,,sendet,וְשֹׁ֥לֵֽחַ,6,False,,
18005010,12,,auf,עַל־,8,False,,
18005010,13,,die,פְּנֵ֥י,9,True,,
18005010,14,,Fläche,פְּנֵ֥י,9,False,,
18005010,15,,der,חוּצֽוֹת׃,10,True,,
18005010,16,,Flur,חוּצֽוֹת׃,10,False,,
18005011,1,,um,לָשׂ֣וּם,1,False,,
18005011,2,,Niedrige,שְׁפָלִ֣ים,2,False,,
18005011,3,,in,לְמָר֑וֹם,3,True,,
18005011,4,,die,לְמָר֑וֹם,3,True,,
18005011,5,,Höhe,לְמָר֑וֹם,3,False,,
18005011,6,,zu,לָשׂ֣וּם,1,True,,
18005011,7,,setzen,לָשׂ֣וּם,1,False,,
18005011,8,,und,וְ֝קֹדְרִ֗ים,4,False,,
18005011,9,,Trauernde,וְ֝קֹדְרִ֗ים,4,False,,
18005011,10,,steigen,שָׂ֣גְבוּ,5,False,,
18005011,11,,empor,שָׂ֣גְבוּ,5,True,,
18005011,12,,zum,יֶֽשַׁע׃,6,True,,
18005011,13,,Glück,יֶֽשַׁע׃,6,False,,
18005012,1,,Der,מֵ֭פֵר,1,False,,
18005012,2,,zunichte,מֵ֭פֵר,1,False,,
18005012,3,,macht,מֵ֭פֵר,1,False,,
18005012,4,,die,מַחְשְׁב֣וֹת,2,False,,
18005012,5,,Anschläge,מַחְשְׁב֣וֹת,2,False,,
18005012,6,,der,עֲרוּמִ֑ים,3,False,,
18005012,7,,Listigen,עֲרוּמִ֑ים,3,False,,
18005012,8,,und,וְֽלֹא־,4,False,,
18005012,9,,ihre,יְ֝דֵיהֶ֗ם,6,False,,
18005012,10,,Hände,יְ֝דֵיהֶ֗ם,6,False,,
18005012,11,,führen,תַעֲשֶׂ֥ינָה,5,False,,
18005012,12,,den,תּוּשִׁיָּֽה׃,7,False,,
18005012,13,,Plan,תּוּשִׁיָּֽה׃,7,False,,
18005012,14,,nicht,וְֽלֹא־,4,False,,
18005012,15,,aus,תַעֲשֶׂ֥ינָה,5,False,,
18005013,1,,der,לֹכֵ֣ד,1,False,,
18005013,2,,die,חֲכָמִ֣ים,2,False,,
18005013,3,,Weisen,חֲכָמִ֣ים,2,False,,
18005013,4,,erhascht,לֹכֵ֣ד,1,False,,
18005013,5,,in,בְּעָרְמָ֑ם,3,False,,
18005013,6,,ihrer,בְּעָרְמָ֑ם,3,False,,
18005013,7,,List,בְּעָרְמָ֑ם,3,False,,
18005013,8,,und,וַעֲצַ֖ת,4,False,,
18005013,9,,der,נִפְתָּלִ֣ים,5,False,,
18005013,10,,Verschmitzten,נִפְתָּלִ֣ים,5,False,,
18005013,11,,Rat,וַעֲצַ֖ת,4,False,,
18005013,12,,überstürzt,נִמְהָֽרָה׃,6,False,,
18005013,13,,sich,נִמְהָֽרָה׃,6,True,,
18005014,1,,Bei,יוֹמָ֥ם,1,False,,
18005014,2,,Tage,יוֹמָ֥ם,1,False,,
18005014,3,,stoßen,יְפַגְּשׁוּ־,2,False,,
18005014,4,,sie,יְפַגְּשׁוּ־,2,False,,
18005014,5,,auf,חֹ֑שֶׁךְ,3,False,,
18005014,6,,Finsternis,חֹ֑שֶׁךְ,3,False,,
18005014,7,,und,וְ֝כַלַּ֗יְלָה,4,False,,
18005014,8,am-,am,בַֽצָּהֳרָֽיִם׃,6,True,,
18005014,9,,Mittag,בַֽצָּהֳרָֽיִם׃,6,False,,
18005014,10,,tappen,יְֽמַשְׁשׁ֥וּ,5,False,,
18005014,11,,sie,יְֽמַשְׁשׁ֥וּ,5,False,,
18005014,12,,wie,וְ֝כַלַּ֗יְלָה,4,False,,
18005014,13,,bei,וְ֝כַלַּ֗יְלָה,4,False,,
18005014,14,,der,וְ֝כַלַּ֗יְלָה,4,True,,
18005014,15,,Nacht,וְ֝כַלַּ֗יְלָה,4,False,,
18005015,1,,Und,וַיֹּ֣שַׁע,1,False,,
18005015,2,,er,וַיֹּ֣שַׁע,1,False,,
18005015,3,,rettet,וַיֹּ֣שַׁע,1,False,,
18005015,4,,vom,מֵ֭חֶרֶב,2,False,,
18005015,5,,Schwerte,מֵ֭חֶרֶב,2,False,,
18005015,6,,von,מִפִּיהֶ֑ם,3,False,,
18005015,7,,ihrem,מִפִּיהֶ֑ם,3,False,,
18005015,8,,Munde,מִפִּיהֶ֑ם,3,False,,
18005015,9,,und,וּמִיַּ֖ד,4,False,,
18005015,10,,aus,וּמִיַּ֖ד,4,False,,
18005015,11,,der,וּמִיַּ֖ד,4,True,,
18005015,12,,Hand,וּמִיַּ֖ד,4,False,,
18005015,13,,des,חָזָ֣ק,5,True,,
18005015,14,,Starken,חָזָ֣ק,5,False,,
18005015,15,,den,אֶבְיֽוֹן׃,6,False,,
18005015,16,,Dürftigen,אֶבְיֽוֹן׃,6,False,,
18005016,1,,So,וַתְּהִ֣י,1,False,,
18005016,2,,wird,וַתְּהִ֣י,1,False,,
18005016,3,,dem,לַדַּ֣ל,2,False,,
18005016,4,,Armen,לַדַּ֣ל,2,False,,
18005016,5,,Hoffnung,תִּקְוָ֑ה,3,False,,
18005016,6,,und,וְ֝עֹלָ֗תָה,4,False,,
18005016,7,,die,פִּֽיהָ׃,6,False,,
18005016,8,,Ungerechtigkeit,וְ֝עֹלָ֗תָה,4,False,,
18005016,9,,verschließt,קָ֣פְצָה,5,False,,
18005016,10,,ihren,פִּֽיהָ׃,6,False,,
18005016,11,,Mund,פִּֽיהָ׃,6,False,,
18005017,1,,Siehe,הִנֵּ֤ה,1,False,,
18005017,2,,glückselig,אַשְׁרֵ֣י,2,False,,
18005017,3,,der,אֱ֭נוֹשׁ,3,False,,
18005017,4,,Mensch,אֱ֭נוֹשׁ,3,False,,
18005017,5,,den,יוֹכִחֶ֣נּֽוּ,4,False,,
18005017,6,,Gott,אֱל֑וֹהַּ,5,False,,
18005017,7,,straft,יוֹכִחֶ֣נּֽוּ,4,False,,
18005017,8,,So,אַל־,8,False,,
18005017,9,,verwirf,תִּמְאָֽס׃,9,False,,
18005017,10,,denn,אַל־,8,False,,
18005017,11,,nicht,אַל־,8,False,,
18005017,12,,die,וּמוּסַ֥ר,6,False,,
18005017,13,,Züchtigung,וּמוּסַ֥ר,6,False,,
18005017,14,,des,שַׁ֝דַּ֗י,7,False,,
18005017,15,,Allmächtigen,שַׁ֝דַּ֗י,7,False,,
18005018,1,,Denn,כִּ֤י,1,False,,
18005018,2,,er,ה֣וּא,2,False,,
18005018,3,,bereitet,יַכְאִ֣יב,3,False,,
18005018,4,,Schmerz,יַכְאִ֣יב,3,False,,
18005018,5,,und,וְיֶחְבָּ֑שׁ,4,False,,
18005018,6,,verbindet,וְיֶחְבָּ֑שׁ,4,False,,
18005018,7,,er,יִ֝מְחַ֗ץ,5,False,,
18005018,8,,zerschlägt,יִ֝מְחַ֗ץ,5,False,,
18005018,9,,und,וְיָדָ֥יו,6,False,,
18005018,10,,seine,וְיָדָ֥יו,6,False,,
18005018,11,,Hände,וְיָדָ֥יו,6,False,,
18005018,12,,heilen,תִּרְפֶּֽינָה׃,7,False,,
18005019,1,,In,בְּשֵׁ֣שׁ,1,False,,
18005019,2,,sechs,בְּשֵׁ֣שׁ,1,False,,
18005019,3,,Drangsalen,צָ֭רוֹת,2,False,,
18005019,4,,wird,יַצִּילֶ֑ךָּ,3,False,,
18005019,5,,er,יַצִּילֶ֑ךָּ,3,False,,
18005019,6,,dich,יַצִּילֶ֑ךָּ,3,False,,
18005019,7,,erretten,יַצִּילֶ֑ךָּ,3,False,,
18005019,8,,und,וּבְשֶׁ֓בַע׀,4,False,,
18005019,9,,in,וּבְשֶׁ֓בַע׀,4,False,,
18005019,10,,sieben,וּבְשֶׁ֓בַע׀,4,False,,
18005019,11,,wird,לֹא־,5,False,,
18005019,12,,dich,בְּךָ֣,7,False,,
18005019,13,,kein,לֹא־,5,False,,
18005019,14,,Übel,בְּךָ֣,7,False,,
18005019,15,,antasten,יִגַּ֖ע,6,False,,
18005020,1,,In,בְּ֭רָעָב,1,False,,
18005020,2,,Hungersnot,בְּ֭רָעָב,1,False,,
18005020,3,,erlöst,פָּֽדְךָ֣,2,False,,
18005020,4,,er,פָּֽדְךָ֣,2,False,,
18005020,5,,dich,פָּֽדְךָ֣,2,False,,
18005020,6,,von,מִמָּ֑וֶת,3,False,,
18005020,7,,dem,מִמָּ֑וֶת,3,False,,
18005020,8,,Tode,מִמָּ֑וֶת,3,False,,
18005020,9,,und,וּ֝בְמִלְחָמָ֗ה,4,False,,
18005020,10,,im,וּ֝בְמִלְחָמָ֗ה,4,False,,
18005020,11,,Kriege,וּ֝בְמִלְחָמָ֗ה,4,False,,
18005020,12,,von,מִ֣ידֵי,5,False,,
18005020,13,,der,מִ֣ידֵי,5,False,,
18005020,14,,Gewalt,מִ֣ידֵי,5,False,,
18005020,15,,des,חָֽרֶב׃,6,False,,
18005020,16,,Schwertes,חָֽרֶב׃,6,False,,
18005021,1,,Vor,בְּשׁ֣וֹט,1,False,,
18005021,2,,der,לָ֭שׁוֹן,2,False,,
18005021,3,,Zunge,לָ֭שׁוֹן,2,False,,
18005021,4,,Geißel,בְּשׁ֣וֹט,1,False,,
18005021,5,,wirst,תֵּחָבֵ֑א,3,False,,
18005021,6,,du,תֵּחָבֵ֑א,3,False,,
18005021,7,,geborgen,תֵּחָבֵ֑א,3,False,,
18005021,8,,sein,תֵּחָבֵ֑א,3,False,,
18005021,9,,und,וְֽלֹא־,4,False,,
18005021,10,,du,תִירָ֥א,5,False,,
18005021,11,,wirst,תִירָ֥א,5,False,,
18005021,12,,dich,תִירָ֥א,5,False,,
18005021,13,,nicht,וְֽלֹא־,4,False,,
18005021,14,,fürchten,תִירָ֥א,5,False,,
18005021,15,,vor,מִ֝שֹּׁ֗ד,6,False,,
18005021,16,,der,מִ֝שֹּׁ֗ד,6,False,,
18005021,17,,Verwüstung,מִ֝שֹּׁ֗ד,6,False,,
18005021,18,,wenn,כִּ֣י,7,False,,
18005021,19,,sie,יָבֽוֹא׃,8,False,,
18005021,20,,kommt,יָבֽוֹא׃,8,False,,
18005022,1,,Der,לְשֹׁ֣ד,1,False,,
18005022,2,,Verwüstung,לְשֹׁ֣ד,1,False,,
18005022,3,,und,וּלְכָפָ֣ן,2,False,,
18005022,4,,des,וּלְכָפָ֣ן,2,False,,
18005022,5,,Hungers,וּלְכָפָ֣ן,2,False,,
18005022,6,,wirst,תִּשְׂחָ֑ק,3,False,,
18005022,7,,du,תִּשְׂחָ֑ק,3,False,,
18005022,8,,lachen,תִּשְׂחָ֑ק,3,False,,
18005022,9,,und,וּֽמֵחַיַּ֥ת,4,False,,
18005022,10,,vor,וּֽמֵחַיַּ֥ת,4,False,,
18005022,11,,dem,הָ֝אָ֗רֶץ,5,False,,
18005022,12,,Getier,וּֽמֵחַיַּ֥ת,4,False,,
18005022,13,,der,הָ֝אָ֗רֶץ,5,False,,
18005022,14,,Erde,הָ֝אָ֗רֶץ,5,False,,
18005022,15,,wirst,אַל־,6,False,,
18005022,16,,du,אַל־,6,False,,
18005022,17,,dich,אַל־,6,False,,
18005022,18,,nicht,אַל־,6,False,,
18005022,19,,fürchten,תִּירָֽא׃,7,False,,
18005023,1,,denn,כִּ֤י,1,False,,
18005023,2,,dein,בְרִיתֶ֑ךָ,5,False,,
18005023,3,,Bund,בְרִיתֶ֑ךָ,5,False,,
18005023,4,,wird,הָשְׁלְמָה־,8,False,,
18005023,5,,mit,עִם־,2,False,,
18005023,6,,den,אַבְנֵ֣י,3,False,,
18005023,7,,Steinen,אַבְנֵ֣י,3,False,,
18005023,8,,des,הַשָּׂדֶ֣ה,4,False,,
18005023,9,,Feldes,הַשָּׂדֶ֣ה,4,False,,
18005023,10,,sein,הָשְׁלְמָה־,8,False,,
18005023,11,,und,וְחַיַּ֥ת,6,False,,
18005023,12,,das,וְחַיַּ֥ת,6,False,,
18005023,13,,Getier,וְחַיַּ֥ת,6,False,,
18005023,14,,des,הַ֝שָּׂדֶ֗ה,7,False,,
18005023,15,,Feldes,הַ֝שָּׂדֶ֗ה,7,False,,
18005023,16,,wird,הָשְׁלְמָה־,8,False,,
18005023,17,,Frieden,הָשְׁלְמָה־,8,False,,
18005023,18,,mit,לָֽךְ׃,9,False,,
18005023,19,,dir,לָֽךְ׃,9,False,,
18005023,20,,haben,לָֽךְ׃,9,False,,
18005024,1,,Und,וְֽ֭יָדַעְתָּ,1,False,,
18005024,2,,du,וְֽ֭יָדַעְתָּ,1,False,,
18005024,3,,wirst,וְֽ֭יָדַעְתָּ,1,False,,
18005024,4,,erfahren,וְֽ֭יָדַעְתָּ,1,False,,
18005024,5,,daß,כִּי־,2,False,,
18005024,6,,dein,אָהֳלֶ֑ךָ,4,False,,
18005024,7,,Zelt,אָהֳלֶ֑ךָ,4,False,,
18005024,8,,in,שָׁל֣וֹם,3,False,,
18005024,9,,Frieden,שָׁל֣וֹם,3,False,,
18005024,10,,ist,שָׁל֣וֹם,3,False,,
18005024,11,,und,וּֽפָקַדְתָּ֥,5,False,,
18005024,12,,überschaust,וּֽפָקַדְתָּ֥,5,False,,
18005024,13,,du,וּֽפָקַדְתָּ֥,5,False,,
18005024,14,,deine,נָ֝וְךָ,6,False,,
18005024,15,,Wohnung,נָ֝וְךָ,6,False,,
18005024,16,,so,וְלֹ֣א,7,False,,
18005024,17,,wirst,וְלֹ֣א,7,False,,
18005024,18,,du,וְלֹ֣א,7,False,,
18005024,19,,nichts,תֶחֱטָֽא׃,8,False,,
18005024,20,,vermissen,תֶחֱטָֽא׃,8,False,,
18005025,1,,und,וְֽ֭יָדַעְתָּ,1,False,,
18005025,2,,du,וְֽ֭יָדַעְתָּ,1,False,,
18005025,3,,wirst,וְֽ֭יָדַעְתָּ,1,False,,
18005025,4,,erfahren,וְֽ֭יָדַעְתָּ,1,False,,
18005025,5,,daß,כִּי־,2,False,,
18005025,6,,deine,זַרְעֶ֑ךָ,4,False,,
18005025,7,,Nachkommenschaft,זַרְעֶ֑ךָ,4,False,,
18005025,8,,zahlreich,רַ֣ב,3,False,,
18005025,9,,sein,רַ֣ב,3,False,,
18005025,10,,wird,רַ֣ב,3,False,,
18005025,11,,und,וְ֝צֶאֱצָאֶ֗יךָ,5,False,,
18005025,12,,deine,וְ֝צֶאֱצָאֶ֗יךָ,5,False,,
18005025,13,,Sprößlinge,וְ֝צֶאֱצָאֶ֗יךָ,5,False,,
18005025,14,,gleich,כְּעֵ֣שֶׂב,6,False,,
18005025,15,,dem,כְּעֵ֣שֶׂב,6,False,,
18005025,16,,Kraut,כְּעֵ֣שֶׂב,6,False,,
18005025,17,,der,הָאָֽרֶץ׃,7,False,,
18005025,18,,Erde,הָאָֽרֶץ׃,7,False,,
18005026,1,,Du,תָּב֣וֹא,1,False,,
18005026,2,,wirst,תָּב֣וֹא,1,False,,
18005026,3,,in,בְכֶ֣לַח,2,False,,
18005026,4,,Rüstigkeit,בְכֶ֣לַח,2,False,,
18005026,5,,in,אֱלֵי־,3,False,,
18005026,6,,das,אֱלֵי־,3,False,,
18005026,7,,Grab,קָ֑בֶר,4,False,,
18005026,8,,kommen,תָּב֣וֹא,1,False,,
18005026,9,,wie,כַּעֲל֖וֹת,5,False,,
18005026,10,,der,כַּעֲל֖וֹת,5,False,,
18005026,11,,Garbenhaufen,גָּדִ֣ישׁ,6,False,,
18005026,12,,eingebracht,כַּעֲל֖וֹת,5,False,,
18005026,13,,wird,בְּעִתּֽוֹ׃,7,False,,
18005026,14,,zu,בְּעִתּֽוֹ׃,7,False,,
18005026,15,,seiner,בְּעִתּֽוֹ׃,7,False,,
18005026,16,,Zeit,בְּעִתּֽוֹ׃,7,False,,
18005027,1,,Siehe,הִנֵּה־,1,False,,
18005027,2,,dieses,זֹ֭את,2,False,,
18005027,3,,wir,חֲקַרְנ֥וּהָ,3,False,,
18005027,4,,haben,חֲקַרְנ֥וּהָ,3,False,,
18005027,5,,es,חֲקַרְנ֥וּהָ,3,False,,
18005027,6,,erforscht,חֲקַרְנ֥וּהָ,3,False,,
18005027,7,,so,כֶּֽן־,4,False,,
18005027,8,,ist,הִ֑יא,5,False,,
18005027,9,,es,הִ֑יא,5,False,,
18005027,10,,höre,שְׁ֝מָעֶ֗נָּה,6,False,,
18005027,11,,es,שְׁ֝מָעֶ֗נָּה,6,False,,
18005027,12,,und,וְאַתָּ֥ה,7,False,,
18005027,13,,du,וְאַתָּ֥ה,7,False,,
18005027,14,,merke,דַֽע־,8,False,,
18005027,15,,es,דַֽע־,8,False,,
18005027,16,,dir,לָֽךְ׃ פ,9,False,,
18006001,1,,Und,וַיַּ֥עַן,1,False,,
18006001,2,,Hiob,אִיּ֗וֹב,2,False,,
18006001,3,,antwortete,וַיַּ֥עַן,1,False,,
18006001,4,,und,וַיֹּאמַֽר׃,3,False,,
18006001,5,,sprach,וַיֹּאמַֽר׃,3,False,,
18006002,1,,O,ל֗וּ,1,False,,
18006002,2,,daß,ל֗וּ,1,True,,
18006002,3,,mein,כַּעְשִׂ֑י,4,False,,
18006002,4,,Gram,כַּעְשִׂ֑י,4,False,,
18006002,5,,doch,שָׁק֣וֹל,2,True,,
18006002,6,,gewogen,שָׁק֣וֹל,2,False,,
18006002,7,,würde,יִשָּׁקֵ֣ל,3,False,,
18006002,8,,und,וְ֝הַוָּתִ֗י,5,False,,
18006002,9,,man,יִשְׂאוּ־,7,False,,
18006002,10,,mein,וְ֝הַוָּתִ֗י,5,False,,
18006002,11,,Mißgeschick,וְ֝הַוָּתִ֗י,5,False,,
18006002,12,,auf,בְּֽמֹאזְנַ֥יִם,6,False,,
18006002,13,,die,בְּֽמֹאזְנַ֥יִם,6,True,,
18006002,14,,Waagschale,בְּֽמֹאזְנַ֥יִם,6,False,,
18006002,15,,legte,יִשְׂאוּ־,7,False,,
18006002,16,,allzumal,יָֽחַד׃,8,False,,
18006003,1,,Denn,כִּֽי־,1,False,,
18006003,2,,dann,עַתָּ֗ה,2,False,,
18006003,3,,würde,יִכְבָּ֑ד,5,False,,
18006003,4,,es,יִכְבָּ֑ד,5,True,,
18006003,5,,schwerer,יִכְבָּ֑ד,5,False,,
18006003,6,,sein,יִכְבָּ֑ד,5,True,,
18006003,7,,als,מֵח֣וֹל,3,False,,
18006003,8,,der,יַמִּ֣ים,4,True,,
18006003,9,,Sand,יַמִּ֣ים,4,False,,
18006003,10,,der,יַמִּ֣ים,4,True,,
18006003,11,,Meere,יַמִּ֣ים,4,False,,
18006003,12,,darum,כֵּ֝֗ן,7,False,,
18006003,13,,sind,לָֽעוּ׃,9,False,,
18006003,14,,unbesonnen,לָֽעוּ׃,9,False,,
18006003,15,,meine,דְּבָרַ֥י,8,False,,
18006003,16,,Worte,דְּבָרַ֥י,8,False,,
18006004,1,,Denn,כִּ֤י,1,False,,
18006004,2,,die,חִצֵּ֪י,2,True,,
18006004,3,,Pfeile,חִצֵּ֪י,2,False,,
18006004,4,,des,שַׁדַּ֡י,3,False,,
18006004,5,,Allmächtigen,שַׁדַּ֡י,3,False,,
18006004,6,,sind,חֲ֭מָתָם,6,True,,
18006004,7,,in,עִמָּדִ֗י,4,False,,
18006004,8,,mir,עִמָּדִ֗י,4,False,,
18006004,9,,ihr,חֲ֭מָתָם,6,False,,
18006004,10,,Gift,חֲ֭מָתָם,6,False,,
18006004,11,,trinkt,שֹׁתָ֣ה,7,False,,
18006004,12,,mein,רוּחִ֑י,8,False,,
18006004,13,,Geist,רוּחִ֑י,8,False,,
18006004,14,,die,בִּעוּתֵ֖י,9,True,,
18006004,15,,Schrecken,בִּעוּתֵ֖י,9,False,,
18006004,16,,Gottes,אֱל֣וֹהַּ,10,False,,
18006004,17,,stellen,יַֽעַרְכֽוּנִי׃,11,False,,
18006004,18,,sich,יַֽעַרְכֽוּנִי׃,11,False,,
18006004,19,,in,יַֽעַרְכֽוּנִי׃,11,True,,
18006004,20,,Schlachtordnung,יַֽעַרְכֽוּנִי׃,11,False,,
18006004,21,,wider,יַֽעַרְכֽוּנִי׃,11,True,,
18006004,22,,mich,יַֽעַרְכֽוּנִי׃,11,False,,
18006004,23,,auf,יַֽעַרְכֽוּנִי׃,11,True,,
18006005,1,,Schreit,הֲיִֽנְהַק־,1,False,,
18006005,2,,ein,פֶּ֥רֶא,2,True,,
18006005,3,,Wildesel,פֶּ֥רֶא,2,False,,
18006005,4,,beim,עֲלֵי־,3,False,,
18006005,5,,Grase,דֶ֑שֶׁא,4,False,,
18006005,6,,oder,אִ֥ם,5,False,,
18006005,7,,brüllt,יִגְעֶה־,6,False,,
18006005,8,,ein,שּׁ֝֗וֹר,7,True,,
18006005,9,,Rind,שּׁ֝֗וֹר,7,False,,
18006005,10,,bei,עַל־,8,False,,
18006005,11,,seinem,בְּלִילֽוֹ׃,9,False,,
18006005,12,,Futter,בְּלִילֽוֹ׃,9,False,,
18006006,1,,Wird,הֲיֵאָכֵ֣ל,1,False,,
18006006,2,,Fades,תָּ֭פֵל,2,False,,
18006006,3,,Salzloses,תָּ֭פֵל,2,False,,
18006006,4,,gegessen,הֲיֵאָכֵ֣ל,1,False,,
18006006,5,,Oder,אִם־,5,False,,
18006006,6,,ist,יֶשׁ־,6,False,,
18006006,7,,Geschmack,טַ֝֗עַם,7,False,,
18006006,8,,im,בְּרִ֣יר,8,False,,
18006006,9,,Eiweiß,חַלָּמֽוּת׃,9,False,,
18006007,1,,Was,מֵאֲנָ֣ה,1,False,,
18006007,2,,meine,נַפְשִׁ֑י,3,False,,
18006007,3,,Seele,נַפְשִׁ֑י,3,False,,
18006007,4,,sich,מֵאֲנָ֣ה,1,True,,
18006007,5,,weigerte,מֵאֲנָ֣ה,1,False,,
18006007,6,,anzurühren,לִנְגּ֣וֹעַ,2,False,,
18006007,7,,das,הֵ֝֗מָּה,4,False,,
18006007,8,,ist,הֵ֝֗מָּה,4,True,,
18006007,9,,wie,כִּדְוֵ֥י,5,False,,
18006007,10,,meine,לַחְמִֽי׃,6,False,,
18006007,11,,ekle,כִּדְוֵ֥י,5,False,,
18006007,12,,Speise,לַחְמִֽי׃,6,False,,
18006008,1,,O,מִֽי־,1,False,,
18006008,2,,daß,יִ֭תֵּן,2,False,,
18006008,3,,doch,יִ֭תֵּן,2,True,,
18006008,4,,meine,שֶֽׁאֱלָתִ֑י,4,False,,
18006008,5,,Bitte,שֶֽׁאֱלָתִ֑י,4,False,,
18006008,6,,einträfe,תָּב֣וֹא,3,False,,
18006008,7,,und,וְ֝תִקְוָתִ֗י,5,False,,
18006008,8,,Gott,אֱלֽוֹהַּ׃,7,False,,
18006008,9,,mein,וְ֝תִקְוָתִ֗י,5,False,,
18006008,10,,Verlangen,וְ֝תִקְוָתִ֗י,5,False,,
18006008,11,,gewährte,יִתֵּ֥ן,6,False,,
18006009,1,,daß,וְיֹאֵ֣ל,1,False,,
18006009,2,,es,וְיֹאֵ֣ל,1,True,,
18006009,3,,Gott,אֱ֭לוֹהַּ,2,False,,
18006009,4,,gefiele,וְיֹאֵ֣ל,1,False,,
18006009,5,,mich,וִֽידַכְּאֵ֑נִי,3,False,,
18006009,6,,zu,וִֽידַכְּאֵ֑נִי,3,True,,
18006009,7,,zermalmen,וִֽידַכְּאֵ֑נִי,3,False,,
18006009,8,,daß,יַתֵּ֥ר,4,False,,
18006009,9,,er,יָ֝ד֗וֹ,5,False,,
18006009,10,,seine,יָ֝ד֗וֹ,5,False,,
18006009,11,,Hand,יָ֝ד֗וֹ,5,False,,
18006009,12,,losmachte,יַתֵּ֥ר,4,False,,
18006009,13,,und,וִֽיבַצְּעֵֽנִי׃,6,False,,
18006009,14,,mich,וִֽיבַצְּעֵֽנִי׃,6,False,,
18006009,15,,vernichtete,וִֽיבַצְּעֵֽנִי׃,6,False,,
18006010,1,,So,וּ֥תְהִי,1,False,,
18006010,2,,würde,וּ֥תְהִי,1,True,,
18006010,3,,noch,ע֨וֹד׀,2,False,,
18006010,4,,mein,נֶ֘חָ֤מָתִ֗י,3,False,,
18006010,5,,Trost,נֶ֘חָ֤מָתִ֗י,3,False,,
18006010,6,,sein,וּ֥תְהִי,1,False,,
18006010,7,,und,וַאֲסַלְּדָ֣ה,4,False,,
18006010,8,,ich,וַאֲסַלְּדָ֣ה,4,False,,
18006010,9,,würde,וַאֲסַלְּדָ֣ה,4,False,,
18006010,10,,frohlocken,וַאֲסַלְּדָ֣ה,4,False,,
18006010,11,,in,בְ֭חִילָה,5,False,,
18006010,12,,schonungsloser,בְ֭חִילָה,5,False,,
18006010,13,,Pein,בְ֭חִילָה,5,False,,
18006010,14,,daß,כִּי־,8,False,,
18006010,15,,ich,כִ֝חַ֗דְתִּי,10,False,,
18006010,16,,die,אִמְרֵ֥י,11,True,,
18006010,17,,Worte,אִמְרֵ֥י,11,False,,
18006010,18,,des,קָדֽוֹשׁ׃,12,False,,
18006010,19,,Heiligen,קָדֽוֹשׁ׃,12,False,,
18006010,20,,nicht,לֹ֣א,6,False,,
18006010,21,,verleugnet,כִ֝חַ֗דְתִּי,10,False,,
18006010,22,,habe,כִ֝חַ֗דְתִּי,10,False,,
18006011,1,,Was,מַה־,1,False,,
18006011,2,,ist,כֹּחִ֥י,2,False,,
18006011,3,,meine,כֹּחִ֥י,2,False,,
18006011,4,,Kraft,כֹּחִ֥י,2,False,,
18006011,5,,daß,כִֽי־,3,False,,
18006011,6,,ich,אֲיַחֵ֑ל,4,False,,
18006011,7,,ausharren,אֲיַחֵ֑ל,4,False,,
18006011,8,,und,וּמַה־,5,False,,
18006011,9,,was,וּמַה־,5,False,,
18006011,10,,mein,קִּ֝צִּ֗י,6,False,,
18006011,11,,Ende,קִּ֝צִּ֗י,6,False,,
18006011,12,,daß,כִּֽי־,7,False,,
18006011,13,,ich,אַאֲרִ֥יךְ,8,False,,
18006011,14,,mich,נַפְשִֽׁי׃,9,False,,
18006011,15,,gedulden,אַאֲרִ֥יךְ,8,False,,
18006011,16,,sollte,אַאֲרִ֥יךְ,8,False,,
18006012,1,,Ist,אִם־,1,False,,
18006012,2,,Kraft,כֹּחִ֑י,4,False,,
18006012,3,,der,אֲבָנִ֣ים,3,True,,
18006012,4,,Steine,אֲבָנִ֣ים,3,False,,
18006012,5,,meine,כֹּחִ֑י,4,False,,
18006012,6,,Kraft,כֹּחִ֑י,4,False,,
18006012,7,,oder,אִֽם־,5,False,,
18006012,8,,ist,נָחֽוּשׁ׃,7,False,,
18006012,9,,mein,בְּשָׂרִ֥י,6,False,,
18006012,10,,Fleisch,בְּשָׂרִ֥י,6,False,,
18006012,11,,von,נָחֽוּשׁ׃,7,True,,
18006012,12,,Erz,נָחֽוּשׁ׃,7,False,,
18006013,1,,Ist,הַאִ֬ם,1,False,,
18006013,2,,es,אֵ֣ין,2,False,,
18006013,3,,nicht,אֵ֣ין,2,False,,
18006013,4,,also,הַאִ֬ם,1,False,,
18006013,5,,daß,עֶזְרָתִ֣י,3,False,,
18006013,6,,keine,אֵ֣ין,2,False,,
18006013,7,,Hülfe,עֶזְרָתִ֣י,3,False,,
18006013,8,,in,בִ֑י,4,False,,
18006013,9,,mir,בִ֑י,4,False,,
18006013,10,,und,וְ֝תֻשִׁיָּ֗ה,5,False,,
18006013,11,,jede,וְ֝תֻשִׁיָּ֗ה,5,False,,
18006013,12,,Kraft,וְ֝תֻשִׁיָּ֗ה,5,False,,
18006013,13,,aus,מִמֶּֽנִּי׃,7,False,,
18006013,14,,mir,מִמֶּֽנִּי׃,7,False,,
18006013,15,,vertrieben,נִדְּחָ֥ה,6,False,,
18006013,16,,ist,נִדְּחָ֥ה,6,False,,
18006014,1,,Dem,לַמָּ֣ס,1,False,,
18006014,2,,Verzagten,לַמָּ֣ס,1,False,,
18006014,3,,gebührt,חָ֑סֶד,3,False,,
18006014,3,,gebührt,וְיִרְאַ֖ת,4,False,,
18006014,4,,Milde,חָ֑סֶד,3,False,,
18006014,5,,von,מֵרֵעֵ֣הוּ,2,False,,
18006014,6,,seinem,מֵרֵעֵ֣הוּ,2,False,,
18006014,7,,Freunde,מֵרֵעֵ֣הוּ,2,False,,
18006014,8,,sonst,שַׁדַּ֣י,5,False,,
18006014,8,,sonst,יַעֲזֽוֹב׃,6,False,,
18006014,9,,wird,שַׁדַּ֣י,5,False,,
18006014,9,,wird,יַעֲזֽוֹב׃,6,False,,
18006014,10,,er,שַׁדַּ֣י,5,False,,
18006014,10,,er,יַעֲזֽוֹב׃,6,False,,
18006014,11,,die,וְיִרְאַ֖ת,4,True,,
18006014,11,,die,שַׁדַּ֣י,5,False,,
18006014,12,,Furcht,וְיִרְאַ֖ת,4,False,,
18006014,13,,des,שַׁדַּ֣י,5,False,,
18006014,14,,Allmächtigen,שַׁדַּ֣י,5,False,,
18006014,15,,verlassen,יַעֲזֽוֹב׃,6,False,,
18006015,1,,Meine,אַ֭חַי,1,False,,
18006015,2,,Brüder,אַ֭חַי,1,False,,
18006015,3,,haben,בָּגְד֣וּ,2,False,,
18006015,4,,sich,בָּגְד֣וּ,2,False,,
18006015,5,,trügerisch,בָּגְד֣וּ,2,False,,
18006015,6,,erwiesen,בָּגְד֣וּ,2,False,,
18006015,7,,wie,כְמוֹ־,3,False,,
18006015,8,,ein,כְמוֹ־,3,True,,
18006015,9,,Wildbach,נָ֑חַל,4,False,,
18006015,10,,wie,כַּאֲפִ֖יק,5,False,,
18006015,11,,das,נְחָלִ֣ים,6,True,,
18006015,12,,Bett,כַּאֲפִ֖יק,5,False,,
18006015,13,,der,נְחָלִ֣ים,6,True,,
18006015,14,,Wildbäche,נְחָלִ֣ים,6,False,,
18006015,15,,welche,יַעֲבֹֽרוּ׃,7,False,,
18006015,16,,hinschwinden,יַעֲבֹֽרוּ׃,7,False,,
18006016,1,,welche,הַקֹּדְרִ֥ים,1,False,,
18006016,2,,trübe,הַקֹּדְרִ֥ים,1,False,,
18006016,3,,sind,הַקֹּדְרִ֥ים,1,False,,
18006016,3,,sind,עָ֝לֵ֗ימוֹ,4,False,,
18006016,4,,von,מִנִּי־,2,False,,
18006016,5,,Eis,קָ֑רַח,3,False,,
18006016,6,,in,עָ֝לֵ֗ימוֹ,4,False,,
18006016,7,,die,עָ֝לֵ֗ימוֹ,4,True,,
18006016,8,,der,עָ֝לֵ֗ימוֹ,4,True,,
18006016,9,,Schnee,שָֽׁלֶג׃,6,False,,
18006016,10,,sich,יִתְעַלֶּם־,5,False,,
18006016,11,,birgt,יִתְעַלֶּם־,5,False,,
18006017,1,,Zur,בְּ֭עֵת,1,False,,
18006017,2,,Zeit,בְּ֭עֵת,1,False,,
18006017,3,,wenn,יְזֹרְב֣וּ,2,False,,
18006017,4,,sie,יְזֹרְב֣וּ,2,False,,
18006017,5,,erwärmt,יְזֹרְב֣וּ,2,False,,
18006017,6,,werden,יְזֹרְב֣וּ,2,False,,
18006017,7,,versiegen,נִצְמָ֑תוּ,3,False,,
18006017,8,,sie,נִצְמָ֑תוּ,3,False,,
18006017,9,,wenn,בְּ֝חֻמּ֗וֹ,4,False,,
18006017,10,,es,בְּ֝חֻמּ֗וֹ,4,False,,
18006017,11,,heiß,בְּ֝חֻמּ֗וֹ,4,False,,
18006017,12,,wird,בְּ֝חֻמּ֗וֹ,4,False,,
18006017,13,,sind,נִדְעֲכ֥וּ,5,False,,
18006017,14,,sie,נִדְעֲכ֥וּ,5,False,,
18006017,15,,von,מִמְּקוֹמָֽם׃,6,False,,
18006017,16,,ihrer,מִמְּקוֹמָֽם׃,6,False,,
18006017,17,,Stelle,מִמְּקוֹמָֽם׃,6,False,,
18006017,18,,verschwunden,נִדְעֲכ֥וּ,5,False,,
18006018,1,,Es,יִ֭לָּ֣פְתוּ,1,True,,
18006018,2,,schlängeln,יִ֭לָּ֣פְתוּ,1,False,,
18006018,3,,sich,יִ֭לָּ֣פְתוּ,1,False,,
18006018,4,,die,אָרְח֣וֹת,2,True,,
18006018,5,,Pfade,אָרְח֣וֹת,2,False,,
18006018,6,,ihres,דַּרְכָּ֑ם,3,False,,
18006018,7,,Laufes,דַּרְכָּ֑ם,3,False,,
18006018,8,,ziehen,יַעֲל֖וּ,4,False,,
18006018,9,,hinauf,יַעֲל֖וּ,4,False,,
18006018,10,,in,בַתֹּ֣הוּ,5,False,,
18006018,11,,die,בַתֹּ֣הוּ,5,True,,
18006018,12,,Öde,בַתֹּ֣הוּ,5,False,,
18006018,13,,und,וְיֹאבֵֽדוּ׃,6,False,,
18006018,14,,verlieren,וְיֹאבֵֽדוּ׃,6,False,,
18006018,15,,sich,וְיֹאבֵֽדוּ׃,6,False,,
18006019,1,,Es,הִ֭בִּיטוּ,1,True,,
18006019,2,,blickten,הִ֭בִּיטוּ,1,False,,
18006019,3,,hin,הִ֭בִּיטוּ,1,False,,
18006019,4,,die,אָרְח֣וֹת,2,True,,
18006019,5,,Karawanen,אָרְח֣וֹת,2,False,,
18006019,6,,Temas,תֵּמָ֑א,3,False,,
18006019,7,,die,הֲלִיכֹ֥ת,4,True,,
18006019,8,,Reisezüge,הֲלִיכֹ֥ת,4,False,,
18006019,9,,Schebas,שְׁ֝בָ֗א,5,False,,
18006019,10,,hofften,קִוּוּ־,6,False,,
18006019,11,,auf,לָֽמוֹ׃,7,False,,
18006019,12,,sie,לָֽמוֹ׃,7,False,,
18006020,1,,sie,בֹּ֥שׁוּ,1,False,,
18006020,2,,wurden,בֹּ֥שׁוּ,1,False,,
18006020,3,,beschämt,בֹּ֥שׁוּ,1,False,,
18006020,4,,weil,כִּֽי־,2,False,,
18006020,5,,sie,בָטָ֑ח,3,False,,
18006020,6,,auf,בָטָ֑ח,3,False,,
18006020,7,,sie,בָטָ֑ח,3,False,,
18006020,8,,vertraut,בָטָ֑ח,3,False,,
18006020,9,,hatten,בָטָ֑ח,3,False,,
18006020,10,,sie,בָּ֥אוּ,4,False,,
18006020,11,,kamen,בָּ֥אוּ,4,False,,
18006020,12,,hin,עָ֝דֶ֗יהָ,5,False,,
18006020,13,,und,וַיֶּחְפָּֽרוּ׃,6,False,,
18006020,14,,wurden,וַיֶּחְפָּֽרוּ׃,6,False,,
18006020,15,,zu,וַיֶּחְפָּֽרוּ׃,6,False,,
18006020,16,,Schanden,וַיֶּחְפָּֽרוּ׃,6,False,,
18006021,1,,Denn,כִּֽי־,1,False,,
18006021,2,,jetzt,עַ֭תָּה,2,False,,
18006021,3,,seid,הֱיִ֣יתֶם,3,False,,
18006021,4,,ihr,הֱיִ֣יתֶם,3,False,,
18006021,5,,zu,ל֑וֹ,4,False,,
18006021,6,,nichts,ל֑וֹ,4,False,,
18006021,7,,geworden,הֱיִ֣יתֶם,3,False,,
18006021,8,,ihr,תִּֽרְא֥וּ,5,False,,
18006021,9,,sehet,תִּֽרְא֥וּ,5,False,,
18006021,10,,einen,חֲ֝תַ֗ת,6,True,,
18006021,11,,Schrecken,חֲ֝תַ֗ת,6,False,,
18006021,12,,und,וַתִּירָֽאוּ׃,7,False,,
18006021,13,,fürchtet,וַתִּירָֽאוּ׃,7,False,,
18006021,14,,euch,וַתִּירָֽאוּ׃,7,False,,
18006022,1,,Habe,הֲֽכִי־,1,False,,
18006022,2,,ich,אָ֭מַרְתִּי,2,False,,
18006022,3,,etwa,הֲֽכִי־,1,False,,
18006022,4,,gesagt,אָ֭מַרְתִּי,2,False,,
18006022,5,,Gebet,הָ֣בוּ,3,False,,
18006022,6,,mir,לִ֑י,4,False,,
18006022,7,,und,וּ֝מִכֹּחֲכֶ֗ם,5,False,,
18006022,8,,machet,שִׁחֲד֥וּ,6,False,,
18006022,9,,mir,בַעֲדִֽי׃,7,False,,
18006022,10,,ein,וּ֝מִכֹּחֲכֶ֗ם,5,True,,
18006022,11,,Geschenk,וּ֝מִכֹּחֲכֶ֗ם,5,False,,
18006022,12,,von,וּ֝מִכֹּחֲכֶ֗ם,5,False,,
18006022,13,,eurem,וּ֝מִכֹּחֲכֶ֗ם,5,False,,
18006022,14,,Vermögen,וּ֝מִכֹּחֲכֶ֗ם,5,False,,
18006023,1,,und,וּמַלְּט֥וּנִי,1,False,,
18006023,2,,befreiet,וּמַלְּט֥וּנִי,1,False,,
18006023,3,,mich,וּמַלְּט֥וּנִי,1,False,,
18006023,4,,aus,מִיַּד־,2,False,,
18006023,5,,der,מִיַּד־,2,True,,
18006023,6,,Hand,מִיַּד־,2,False,,
18006023,7,,des,צָ֑ר,3,False,,
18006023,8,,Bedrängers,צָ֑ר,3,False,,
18006023,9,,und,וּמִיַּ֖ד,4,False,,
18006023,10,,erlöset,תִּפְדּֽוּנִי׃,6,False,,
18006023,11,,mich,תִּפְדּֽוּנִי׃,6,False,,
18006023,12,,aus,וּמִיַּ֖ד,4,False,,
18006023,13,,der,וּמִיַּ֖ד,4,True,,
18006023,14,,Hand,וּמִיַּ֖ד,4,False,,
18006023,15,,der,עָרִיצִ֣ים,5,True,,
18006023,16,,Gewalttätigen,עָרִיצִ֣ים,5,False,,
18006024,1,,Belehret,ה֭וֹרוּנִי,1,False,,
18006024,2,,mich,ה֭וֹרוּנִי,1,False,,
18006024,3,,und,וַאֲנִ֣י,2,False,,
18006024,4,,ich,וַאֲנִ֣י,2,False,,
18006024,5,,will,אַחֲרִ֑ישׁ,3,False,,
18006024,6,,schweigen,אַחֲרִ֑ישׁ,3,False,,
18006024,7,,und,וּמַה־,4,False,,
18006024,8,,gebet,הָבִ֥ינוּ,6,False,,
18006024,9,,mir,לִֽי׃,7,False,,
18006024,10,,zu,וּמַה־,4,False,,
18006024,11,,erkennen,וּמַה־,4,False,,
18006024,12,,worin,וּמַה־,4,False,,
18006024,13,,ich,שָּׁ֝גִ֗יתִי,5,False,,
18006024,14,,geirrt,שָּׁ֝גִ֗יתִי,5,False,,
18006024,15,,habe,שָּׁ֝גִ֗יתִי,5,False,,
18006025,1,,Wie,מַה־,1,False,,
18006025,2,,eindringlich,נִּמְרְצ֥וּ,2,False,,
18006025,3,,sind,נִּמְרְצ֥וּ,2,False,,
18006025,3,,sind,אִמְרֵי־,3,False,,
18006025,4,,richtige,אִמְרֵי־,3,False,,
18006025,4,,richtige,יֹ֑שֶׁר,4,False,,
18006025,5,,Worte,אִמְרֵי־,3,False,,
18006025,5,,Worte,וּמַה־,5,False,,
18006025,6,,Aber,וּמַה־,5,False,,
18006025,7,,was,וּמַה־,5,False,,
18006025,8,,tadelt,יּוֹכִ֖יחַ,6,False,,
18006025,9,,der,יּוֹכִ֖יחַ,6,True,,
18006025,9,,der,הוֹכֵ֣חַ,7,False,,
18006025,10,,Tadel,יּוֹכִ֖יחַ,6,False,,
18006025,10,,Tadel,הוֹכֵ֣חַ,7,False,,
18006025,11,,der,מִכֶּֽם׃,8,True,,
18006025,12,,von,מִכֶּֽם׃,8,False,,
18006025,13,,euch,מִכֶּֽם׃,8,False,,
18006025,14,,kommt,מִכֶּֽם׃,8,True,,
18006026,1,,Gedenket,הַלְהוֹכַ֣ח,1,False,,
18006026,2,,ihr,מִלִּ֣ים,2,False,,
18006026,3,,Reden,מִלִּ֣ים,2,False,,
18006026,4,,zu,הַלְהוֹכַ֣ח,1,False,,
18006026,5,,tadeln,הַלְהוֹכַ֣ח,1,False,,
18006026,6,,für,וּ֝לְר֗וּחַ,4,False,,
18006026,7,,den,וּ֝לְר֗וּחַ,4,True,,
18006026,8,,Wind,וּ֝לְר֗וּחַ,4,False,,
18006026,9,,sind,וּ֝לְר֗וּחַ,4,False,,
18006026,10,,ja,וּ֝לְר֗וּחַ,4,False,,
18006026,11,,die,אִמְרֵ֥י,5,True,,
18006026,12,,Worte,אִמְרֵ֥י,5,False,,
18006026,13,,eines,נֹאָֽשׁ׃,6,False,,
18006026,14,,Verzweifelnden,נֹאָֽשׁ׃,6,False,,
18006027,1,,Sogar,אַף־,1,False,,
18006027,2,,den,עַל־,2,True,,
18006027,3,,Verwaisten,יָת֥וֹם,3,False,,
18006027,4,,würdet,תַּפִּ֑ילוּ,4,False,,
18006027,5,,ihr,תַּפִּ֑ילוּ,4,False,,
18006027,6,,verlosen,תַּפִּ֑ילוּ,4,False,,
18006027,7,,und,וְ֝תִכְר֗וּ,5,False,,
18006027,8,,über,עַל־,6,False,,
18006027,9,,euren,רֵֽיעֲכֶֽם׃,7,False,,
18006027,10,,Freund,רֵֽיעֲכֶֽם׃,7,False,,
18006027,11,,einen,וְ֝תִכְר֗וּ,5,True,,
18006027,11,,einen,רֵֽיעֲכֶֽם׃,7,False,,
18006027,12,,Handel,וְ֝תִכְר֗וּ,5,False,,
18006027,12,,Handel,רֵֽיעֲכֶֽם׃,7,False,,
18006027,13,,abschließen,רֵֽיעֲכֶֽם׃,7,False,,
18006028,1,,Und,וְ֭עַתָּה,1,False,,
18006028,2,,nun,וְ֭עַתָּה,1,False,,
18006028,3,,laßt,הוֹאִ֣ילוּ,2,False,,
18006028,4,,es,הוֹאִ֣ילוּ,2,False,,
18006028,5,,euch,בִ֑י,4,False,,
18006028,6,,gefallen,הוֹאִ֣ילוּ,2,False,,
18006028,7,,auf,פְנוּ־,3,False,,
18006028,8,,mich,בִ֑י,4,False,,
18006028,9,,hinzublicken,פְנוּ־,3,False,,
18006028,10,,euch,פְּ֝נֵיכֶ֗ם,6,False,,
18006028,11,,ins,פְּ֝נֵיכֶ֗ם,6,True,,
18006028,12,,Angesicht,פְּ֝נֵיכֶ֗ם,6,False,,
18006028,13,,werde,אִם־,7,False,,
18006028,14,,ich,אִם־,7,False,,
18006028,15,,doch,אִם־,7,False,,
18006028,16,,wahrlich,אִם־,7,False,,
18006028,17,,nicht,אִם־,7,False,,
18006028,18,,lügen,אֲכַזֵּֽב׃,8,False,,
18006029,1,,Kehret,שֻֽׁבוּ־,1,False,,
18006029,2,,doch,נָ֭א,2,False,,
18006029,3,,um,שֻֽׁבוּ־,1,False,,
18006029,4,,es,תְּהִ֣י,4,False,,
18006029,5,,geschehe,תְּהִ֣י,4,False,,
18006029,6,,kein,אַל־,3,False,,
18006029,7,,Unrecht,עַוְלָ֑ה,5,False,,
18006029,8,,ja,נָ֭א,2,False,,
18006029,9,,kehret,וְשׁ֥וּבוּ,6,False,,
18006029,10,,noch,ע֝וֹד,7,False,,
18006029,11,,um,וְשׁ֥וּבוּ,6,False,,
18006029,12,,um,וְשׁ֥וּבוּ,6,False,,
18006029,13,,meine,צִדְקִי־,8,False,,
18006029,14,,Gerechtigkeit,צִדְקִי־,8,False,,
18006029,15,,handelt,בָֽהּ׃,9,False,,
18006029,16,,es,בָֽהּ׃,9,False,,
18006029,17,,sich,בָֽהּ׃,9,False,,
18006030,1,,Ist,הֲיֵשׁ־,1,False,,
18006030,2,,Unrecht,עַוְלָ֑ה,3,False,,
18006030,3,,auf,בִּלְשׁוֹנִ֥י,2,False,,
18006030,4,,meiner,בִּלְשׁוֹנִ֥י,2,False,,
18006030,5,,Zunge,בִּלְשׁוֹנִ֥י,2,False,,
18006030,6,,oder,אִם־,4,False,,
18006030,7,,sollte,יָבִ֥ין,7,False,,
18006030,8,,mein,חִ֝כִּ֗י,5,False,,
18006030,9,,Gaumen,חִ֝כִּ֗י,5,False,,
18006030,10,,Frevelhaftes,הַוּֽוֹת׃,8,False,,
18006030,11,,nicht,לֹא־,6,False,,
18006030,12,,unterscheiden,יָבִ֥ין,7,False,,
18007001,1,,Hat,הֲלֹא־,1,False,,
18007001,2,,der,הֲלֹא־,1,True,,
18007001,3,,Mensch,לֶאֱנ֣וֹשׁ,3,False,,
18007001,4,,nicht,הֲלֹא־,1,False,,
18007001,5,,einen,צָבָ֣א,2,True,,
18007001,6,,harten,צָבָ֣א,2,False,,
18007001,7,,Dienst,צָבָ֣א,2,False,,
18007001,8,,auf,עֲלֵי,4,False,,
18007001,9,,Erden,אָ֑רֶץ,5,False,,
18007001,10,,und,וְכִימֵ֖י,6,False,,
18007001,11,,sind,יָמָֽיו׃,8,False,,
18007001,12,,seine,יָמָֽיו׃,8,False,,
18007001,13,,Tage,יָמָֽיו׃,8,False,,
18007001,14,,nicht,וְכִימֵ֖י,6,False,,
18007001,15,,wie,וְכִימֵ֖י,6,False,,
18007001,16,,die,וְכִימֵ֖י,6,True,,
18007001,17,,Tage,וְכִימֵ֖י,6,False,,
18007001,18,,eines,שָׂכִ֣יר,7,False,,
18007001,19,,Tagelöhners,שָׂכִ֣יר,7,False,,
18007002,1,,Wie,כְּעֶ֥בֶד,1,False,,
18007002,2,,ein,כְּעֶ֥בֶד,1,True,,
18007002,3,,Knecht,כְּעֶ֥בֶד,1,False,,
18007002,4,,der,כְּעֶ֥בֶד,1,True,,
18007002,5,,sich,יִשְׁאַף־,2,False,,
18007002,6,,nach,יִשְׁאַף־,2,False,,
18007002,7,,dem,צֵ֑ל,3,False,,
18007002,8,,Schatten,צֵ֑ל,3,False,,
18007002,9,,sehnt,יִשְׁאַף־,2,False,,
18007002,10,,und,וּ֝כְשָׂכִ֗יר,4,False,,
18007002,11,,wie,וּ֝כְשָׂכִ֗יר,4,False,,
18007002,12,,ein,וּ֝כְשָׂכִ֗יר,4,True,,
18007002,13,,Tagelöhner,וּ֝כְשָׂכִ֗יר,4,False,,
18007002,14,,der,וּ֝כְשָׂכִ֗יר,4,True,,
18007002,15,,seines,פָעֳלֽוֹ׃,6,False,,
18007002,16,,Lohnes,פָעֳלֽוֹ׃,6,False,,
18007002,17,,harrt,יְקַוֶּ֥ה,5,False,,
18007003,1,,so,כֵּ֤ן,1,False,,
18007003,2,,sind,הָנְחַ֣לְתִּי,2,False,,
18007003,3,,mir,לִ֭י,3,False,,
18007003,4,,zuteil,הָנְחַ֣לְתִּי,2,False,,
18007003,5,,geworden,הָנְחַ֣לְתִּי,2,False,,
18007003,6,,Monde,יַרְחֵי־,4,False,,
18007003,7,,der,יַרְחֵי־,4,True,,
18007003,8,,Nichtigkeit,שָׁ֑וְא,5,False,,
18007003,9,,und,וְלֵיל֥וֹת,6,False,,
18007003,10,,Nächte,וְלֵיל֥וֹת,6,False,,
18007003,11,,der,עָ֝מָ֗ל,7,True,,
18007003,12,,Mühsal,עָ֝מָ֗ל,7,False,,
18007003,13,,mir,לִֽי׃,9,False,,
18007003,14,,zugezählt,מִנּוּ־,8,False,,
18007004,1,,Wenn,אִם־,1,False,,
18007004,2,,ich,שָׁכַ֗בְתִּי,2,False,,
18007004,3,,mich,שָׁכַ֗בְתִּי,2,False,,
18007004,4,,niederlege,שָׁכַ֗בְתִּי,2,False,,
18007004,5,,so,וְאָמַ֗רְתִּי,3,False,,
18007004,6,,spreche,וְאָמַ֗רְתִּי,3,False,,
18007004,7,,ich,וְאָמַ֗רְתִּי,3,False,,
18007004,8,,Wann,מָתַ֣י,4,False,,
18007004,9,,werde,אָ֭קוּם,5,False,,
18007004,10,,ich,אָ֭קוּם,5,False,,
18007004,11,,aufstehen,אָ֭קוּם,5,False,,
18007004,12,,und,וּמִדַּד־,6,False,,
18007004,13,,der,וּמִדַּד־,6,True,,
18007004,14,,Abend,עָ֑רֶב,7,False,,
18007004,15,,dehnt,וְשָׂבַ֖עְתִּי,8,False,,
18007004,16,,sich,וְשָׂבַ֖עְתִּי,8,False,,
18007004,17,,hin,וְשָׂבַ֖עְתִּי,8,False,,
18007004,18,,und,וְשָׂבַ֖עְתִּי,8,False,,
18007004,19,,ich,וְשָׂבַ֖עְתִּי,8,False,,
18007004,20,,werde,וְשָׂבַ֖עְתִּי,8,False,,
18007004,21,,des,נְדֻדִ֣ים,9,False,,
18007004,22,,Umherwerfens,נְדֻדִ֣ים,9,False,,
18007004,23,,satt,וְשָׂבַ֖עְתִּי,8,False,,
18007004,24,,bis,עֲדֵי־,10,False,,
18007004,25,,zur,נָֽשֶׁף׃,11,False,,
18007004,26,,Dämmerung,נָֽשֶׁף׃,11,False,,
18007005,1,,Mein,בְּשָׂרִ֣י,2,False,,
18007005,2,,Fleisch,בְּשָׂרִ֣י,2,False,,
18007005,3,,ist,לָ֘בַ֤שׁ,1,False,,
18007005,4,,bekleidet,לָ֘בַ֤שׁ,1,False,,
18007005,5,,mit,רִ֭מָּה,3,False,,
18007005,6,,Gewürm,רִ֭מָּה,3,False,,
18007005,7,,und,וְג֣וּשׁ,4,False,,
18007005,8,,Erdkrusten,וְג֣וּשׁ,4,False,,
18007005,9,,meine,עוֹרִ֥י,6,False,,
18007005,10,,Haut,עוֹרִ֥י,6,False,,
18007005,11,,zieht,רָ֝גַ֗ע,7,False,,
18007005,12,,sich,רָ֝גַ֗ע,7,False,,
18007005,13,,zusammen,רָ֝גַ֗ע,7,False,,
18007005,14,,und,וַיִּמָּאֵֽס׃,8,False,,
18007005,15,,eitert,וַיִּמָּאֵֽס׃,8,False,,
18007006,1,,Meine,יָמַ֣י,1,False,,
18007006,2,,Tage,יָמַ֣י,1,False,,
18007006,3,,gleiten,קַ֭לּוּ,2,False,,
18007006,4,,schneller,קַ֭לּוּ,2,False,,
18007006,5,,dahin,קַ֭לּוּ,2,False,,
18007006,6,,als,מִנִּי־,3,False,,
18007006,7,,ein,אָ֑רֶג,4,True,,
18007006,8,,Weberschiffchen,אָ֑רֶג,4,False,,
18007006,9,,und,וַ֝יִּכְל֗וּ,5,False,,
18007006,10,,schwinden,וַ֝יִּכְל֗וּ,5,False,,
18007006,11,,ohne,בְּאֶ֣פֶס,6,False,,
18007006,12,,Hoffnung,תִּקְוָֽה׃,7,False,,
18007007,1,,Gedenke,זְ֭כֹר,1,False,,
18007007,2,,daß,כִּי־,2,False,,
18007007,3,,mein,חַיָּ֑י,4,False,,
18007007,4,,Leben,חַיָּ֑י,4,False,,
18007007,5,,ein,ר֣וּחַ,3,True,,
18007007,6,,Hauch,ר֣וּחַ,3,False,,
18007007,7,,ist,ר֣וּחַ,3,False,,
18007007,8,,Nicht,לֹא־,5,False,,
18007007,9,,wird,תָשׁ֥וּב,6,False,,
18007007,10,,mein,עֵ֝ינִ֗י,7,False,,
18007007,11,,Auge,עֵ֝ינִ֗י,7,False,,
18007007,12,,das,לִרְא֥וֹת,8,True,,
18007007,13,,Glück,טֽוֹב׃,9,False,,
18007007,14,,wiedersehen,לִרְא֥וֹת,8,False,,
18007008,1,,Nicht,לֹֽא־,1,False,,
18007008,2,,mehr,לֹֽא־,1,False,,
18007008,3,,wird,תְ֭שׁוּרֵנִי,2,False,,
18007008,4,,mich,תְ֭שׁוּרֵנִי,2,False,,
18007008,5,,schauen,תְ֭שׁוּרֵנִי,2,False,,
18007008,6,,das,עֵ֣ין,3,True,,
18007008,7,,Auge,עֵ֣ין,3,False,,
18007008,8,,des,רֹ֑אִי,4,True,,
18007008,9,,mich,רֹ֑אִי,4,False,,
18007008,10,,Sehenden,רֹ֑אִי,4,False,,
18007008,11,,richtest,עֵינֶ֖יךָ,5,False,,
18007008,12,,du,עֵינֶ֖יךָ,5,False,,
18007008,13,,deine,עֵינֶ֖יךָ,5,False,,
18007008,14,,Augen,עֵינֶ֖יךָ,5,False,,
18007008,15,,auf,בִּ֣י,6,False,,
18007008,16,,mich,בִּ֣י,6,False,,
18007008,17,,so,וְאֵינֶֽנִּי׃,7,False,,
18007008,18,,bin,וְאֵינֶֽנִּי׃,7,False,,
18007008,19,,ich,וְאֵינֶֽנִּי׃,7,False,,
18007008,20,,nicht,וְאֵינֶֽנִּי׃,7,False,,
18007008,21,,mehr,וְאֵינֶֽנִּי׃,7,False,,
18007009,1,,Die,כָּלָ֣ה,1,True,,
18007009,2,,Wolke,עָ֭נָן,2,False,,
18007009,3,,schwindet,כָּלָ֣ה,1,False,,
18007009,4,,und,וַיֵּלַ֑ךְ,3,False,,
18007009,5,,fährt,וַיֵּלַ֑ךְ,3,False,,
18007009,6,,dahin,וַיֵּלַ֑ךְ,3,False,,
18007009,7,,so,כֵּ֥ן,4,False,,
18007009,8,,steigt,יוֹרֵ֥ד,5,False,,
18007009,9,,wer,יוֹרֵ֥ד,5,False,,
18007009,10,,in,שְׁ֝א֗וֹל,6,False,,
18007009,11,,den,שְׁ֝א֗וֹל,6,True,,
18007009,12,,Scheol,שְׁ֝א֗וֹל,6,False,,
18007009,13,,hinabfährt,יוֹרֵ֥ד,5,False,,
18007009,14,,nicht,לֹ֣א,7,False,,
18007009,15,,wieder,יַעֲלֶֽה׃,8,False,,
18007009,16,,herauf,יַעֲלֶֽה׃,8,False,,
18007010,1,,Nicht,לֹא־,1,False,,
18007010,2,,mehr,ע֣וֹד,3,False,,
18007010,3,,kehrt,יָשׁ֣וּב,2,False,,
18007010,4,,er,יָשׁ֣וּב,2,False,,
18007010,5,,zurück,יָשׁ֣וּב,2,False,,
18007010,6,,zu,לְבֵית֑וֹ,4,False,,
18007010,7,,seinem,לְבֵית֑וֹ,4,False,,
18007010,8,,Hause,לְבֵית֑וֹ,4,False,,
18007010,9,,und,וְלֹא־,5,False,,
18007010,10,,seine,מְקֹמֽוֹ׃,8,False,,
18007010,11,,Stätte,מְקֹמֽוֹ׃,8,False,,
18007010,12,,erkennt,יַכִּירֶ֖נּוּ,6,False,,
18007010,13,,ihn,יַכִּירֶ֖נּוּ,6,False,,
18007010,14,,nicht,וְלֹא־,5,False,,
18007010,15,,mehr,ע֣וֹד,7,False,,
18007011,1,,So,גַּם־,1,False,,
18007011,2,,will,אֶחֱשָׂ֫ךְ,4,False,,
18007011,3,,auch,גַּם־,1,False,,
18007011,4,,ich,אֲנִי֮,2,False,,
18007011,5,,meinen,פִּ֥י,5,False,,
18007011,6,,Mund,פִּ֥י,5,False,,
18007011,7,,nicht,לֹ֤א,3,False,,
18007011,8,,zurückhalten,אֶחֱשָׂ֫ךְ,4,False,,
18007011,9,,will,אֲֽ֭דַבְּרָה,6,False,,
18007011,10,,reden,אֲֽ֭דַבְּרָה,6,False,,
18007011,11,,in,בְּצַ֣ר,7,False,,
18007011,12,,der,בְּצַ֣ר,7,True,,
18007011,13,,Bedrängnis,בְּצַ֣ר,7,False,,
18007011,14,,meines,רוּחִ֑י,8,False,,
18007011,15,,Geistes,רוּחִ֑י,8,False,,
18007011,16,,will,אָ֝שִׂ֗יחָה,9,False,,
18007011,17,,klagen,אָ֝שִׂ֗יחָה,9,False,,
18007011,18,,in,בְּמַ֣ר,10,False,,
18007011,19,,der,בְּמַ֣ר,10,True,,
18007011,20,,Bitterkeit,בְּמַ֣ר,10,False,,
18007011,21,,meiner,נַפְשִֽׁי׃,11,False,,
18007011,22,,Seele,נַפְשִֽׁי׃,11,False,,
18007012,1,,Bin,הֲֽיָם־,1,False,,
18007012,2,,ich,אָ֭נִי,2,False,,
18007012,3,,ein,הֲֽיָם־,1,True,,
18007012,4,,Meer,הֲֽיָם־,1,False,,
18007012,5,,oder,אִם־,3,False,,
18007012,6,,ein,תַּנִּ֑ין,4,True,,
18007012,7,,Seeungeheuer,תַּנִּ֑ין,4,False,,
18007012,8,,daß,כִּֽי־,5,False,,
18007012,9,,du,תָשִׂ֖ים,6,False,,
18007012,10,,eine,מִשְׁמָֽר׃,8,True,,
18007012,11,,Wache,מִשְׁמָֽר׃,8,False,,
18007012,12,,wider,עָלַ֣י,7,False,,
18007012,13,,mich,עָלַ֣י,7,False,,
18007012,14,,aufstellst,תָשִׂ֖ים,6,False,,
18007013,1,,Wenn,כִּֽי־,1,False,,
18007013,2,,ich,אָ֭מַרְתִּי,2,False,,
18007013,3,,sage,אָ֭מַרְתִּי,2,False,,
18007013,4,,Trösten,תְּנַחֲמֵ֣נִי,3,False,,
18007013,5,,wird,תְּנַחֲמֵ֣נִי,3,False,,
18007013,6,,mich,תְּנַחֲמֵ֣נִי,3,False,,
18007013,7,,mein,עַרְשִׂ֑י,4,False,,
18007013,8,,Bett,עַרְשִׂ֑י,4,False,,
18007013,9,,mein,מִשְׁכָּבִֽי׃,7,False,,
18007013,10,,Lager,מִשְׁכָּבִֽי׃,7,False,,
18007013,11,,wird,יִשָּׂ֥א,5,False,,
18007013,12,,tragen,יִשָּׂ֥א,5,False,,
18007013,13,,helfen,יִשָּׂ֥א,5,False,,
18007013,14,,meine,בְ֝שִׂיחִ֗י,6,False,,
18007013,15,,Klage,בְ֝שִׂיחִ֗י,6,False,,
18007014,1,,so,וְחִתַּתַּ֥נִי,1,False,,
18007014,2,,erschreckst,וְחִתַּתַּ֥נִי,1,False,,
18007014,3,,du,וְחִתַּתַּ֥נִי,1,False,,
18007014,4,,mich,וְחִתַּתַּ֥נִי,1,False,,
18007014,5,,mit,בַחֲלֹמ֑וֹת,2,False,,
18007014,6,,Träumen,בַחֲלֹמ֑וֹת,2,False,,
18007014,7,,und,וּֽמֵחֶזְיֹנ֥וֹת,3,False,,
18007014,8,,durch,וּֽמֵחֶזְיֹנ֥וֹת,3,False,,
18007014,9,,Gesichte,וּֽמֵחֶזְיֹנ֥וֹת,3,False,,
18007014,10,,ängstigst,תְּבַעֲתַֽנִּי׃,4,False,,
18007014,11,,du,תְּבַעֲתַֽנִּי׃,4,False,,
18007014,12,,mich,תְּבַעֲתַֽנִּי׃,4,False,,
18007015,1,,so,וַתִּבְחַ֣ר,1,False,,
18007015,2,,daß,וַתִּבְחַ֣ר,1,False,,
18007015,3,,meine,נַפְשִׁ֑י,3,False,,
18007015,4,,Seele,נַפְשִׁ֑י,3,False,,
18007015,5,,Erstickung,מַחֲנָ֣ק,2,False,,
18007015,6,,vorzieht,וַתִּבְחַ֣ר,1,False,,
18007015,7,,den,מָ֝֗וֶת,4,False,,
18007015,8,,Tod,מָ֝֗וֶת,4,False,,
18007015,9,,lieber,מָ֝֗וֶת,4,False,,
18007015,10,,wählt,וַתִּבְחַ֣ר,1,False,,
18007015,11,,als,מֵֽעַצְמוֹתָֽי׃,5,False,,
18007015,12,,meine,מֵֽעַצְמוֹתָֽי׃,5,False,,
18007015,13,,Gebeine,מֵֽעַצְמוֹתָֽי׃,5,False,,
18007016,1,,Ich,מָ֭אַסְתִּי,1,False,,
18007016,2,,bins,מָ֭אַסְתִּי,1,False,,
18007016,3,,überdrüssig,מָ֭אַסְתִּי,1,False,,
18007016,4,,nicht,לֹא־,2,False,,
18007016,5,,ewiglich,לְעֹלָ֣ם,3,False,,
18007016,6,,werde,אֶֽחְיֶ֑ה,4,False,,
18007016,7,,ich,אֶֽחְיֶ֑ה,4,False,,
18007016,8,,ja,כִּי־,7,False,,
18007016,9,,leben,אֶֽחְיֶ֑ה,4,False,,
18007016,10,,Laß,חֲדַ֥ל,5,False,,
18007016,11,,ab,חֲדַ֥ל,5,False,,
18007016,12,,von,מִ֝מֶּ֗נִּי,6,False,,
18007016,13,,mir,מִ֝מֶּ֗נִּי,6,False,,
18007016,14,,denn,כִּי־,7,False,,
18007016,15,,ein,הֶ֥בֶל,8,False,,
18007016,16,,Hauch,הֶ֥בֶל,8,False,,
18007016,17,,sind,הֶ֥בֶל,8,False,,
18007016,18,,meine,יָמָֽי׃,9,False,,
18007016,19,,Tage,יָמָֽי׃,9,False,,
18007017,1,,Was,מָֽה־,1,False,,
18007017,2,,ist,מָֽה־,1,False,,
18007017,3,,der,אֱ֭נוֹשׁ,2,False,,
18007017,4,,Mensch,אֱ֭נוֹשׁ,2,False,,
18007017,5,,daß,כִּ֣י,3,False,,
18007017,6,,du,תְגַדְּלֶ֑נּוּ,4,False,,
18007017,7,,ihn,תְגַדְּלֶ֑נּוּ,4,False,,
18007017,8,,hochhältst,תְגַדְּלֶ֑נּוּ,4,False,,
18007017,9,,und,וְכִי־,5,False,,
18007017,10,,daß,וְכִי־,5,False,,
18007017,11,,du,תָשִׁ֖ית,6,False,,
18007017,12,,dein,לִבֶּֽךָ׃,8,False,,
18007017,13,,Herz,לִבֶּֽךָ׃,8,False,,
18007017,14,,auf,אֵלָ֣יו,7,False,,
18007017,15,,ihn,אֵלָ֣יו,7,False,,
18007017,16,,richtest,תָשִׁ֖ית,6,False,,
18007018,1,,und,וַתִּפְקְדֶ֥נּוּ,1,False,,
18007018,2,,alle,לִבְקָרִ֑ים,2,False,,
18007018,3,,Morgen,לִבְקָרִ֑ים,2,False,,
18007018,4,,ihn,וַתִּפְקְדֶ֥נּוּ,1,False,,
18007018,5,,heimsuchst,וַתִּפְקְדֶ֥נּוּ,1,False,,
18007018,6,,alle,לִ֝רְגָעִ֗ים,3,False,,
18007018,7,,Augenblicke,לִ֝רְגָעִ֗ים,3,False,,
18007018,8,,ihn,תִּבְחָנֶֽנּוּ׃,4,False,,
18007018,9,,prüfst,תִּבְחָנֶֽנּוּ׃,4,False,,
18007019,1,,Wie,כַּ֭מָּה,1,False,,
18007019,2,,lange,כַּ֭מָּה,1,False,,
18007019,3,,willst,תִשְׁעֶ֣ה,3,False,,
18007019,4,,du,תִשְׁעֶ֣ה,3,False,,
18007019,5,,nicht,לֹא־,2,False,,
18007019,6,,von,מִמֶּ֑נִּי,4,False,,
18007019,7,,mir,מִמֶּ֑נִּי,4,False,,
18007019,8,,wegblicken,תִשְׁעֶ֣ה,3,False,,
18007019,9,,nicht,לֹֽא־,5,False,,
18007019,10,,von,תַ֝רְפֵּ֗נִי,6,False,,
18007019,11,,mir,תַ֝רְפֵּ֗נִי,6,False,,
18007019,12,,ablassen,תַ֝רְפֵּ֗נִי,6,False,,
18007019,13,,bis,עַד־,7,False,,
18007019,14,,ich,בִּלְעִ֥י,8,False,,
18007019,15,,meinen,רֻקִּֽי׃,9,False,,
18007019,16,,Speichel,רֻקִּֽי׃,9,False,,
18007019,17,,verschlucke,תַ֝רְפֵּ֗נִי,6,False,,
18007020,1,,Habe,חָטָ֡אתִי,1,False,,
18007020,2,,ich,חָטָ֡אתִי,1,False,,
18007020,3,,gesündigt,חָטָ֡אתִי,1,False,,
18007020,4,,was,מָ֤ה,2,False,,
18007020,5,,tat,אֶפְעַ֨ל׀,3,False,,
18007020,6,,ich,אֶפְעַ֨ל׀,3,False,,
18007020,7,,dir,לָךְ֮,4,False,,
18007020,8,,an,לָךְ֮,4,False,,
18007020,9,,du,נֹצֵ֪ר,5,False,,
18007020,10,,Beobachter,נֹצֵ֪ר,5,False,,
18007020,11,,der,הָאָ֫דָ֥ם,6,False,,
18007020,12,,Menschen,הָאָ֫דָ֥ם,6,False,,
18007020,13,,Warum,לָ֤מָה,7,False,,
18007020,14,,hast,שַׂמְתַּ֣נִי,8,False,,
18007020,15,,du,שַׂמְתַּ֣נִי,8,False,,
18007020,16,,mich,שַׂמְתַּ֣נִי,8,False,,
18007020,17,,dir,לָ֑ךְ,10,False,,
18007020,18,,zum,לְמִפְגָּ֣ע,9,False,,
18007020,19,,Angriffspunkt,לְמִפְגָּ֣ע,9,False,,
18007020,20,,gesetzt,שַׂמְתַּ֣נִי,8,False,,
18007020,21,,daß,וָאֶהְיֶ֖ה,11,False,,
18007020,22,,ich,וָאֶהְיֶ֖ה,11,False,,
18007020,23,,mir,עָלַ֣י,12,False,,
18007020,24,,selbst,עָלַ֣י,12,False,,
18007020,25,,zur,לְמַשָּֽׂא׃,13,False,,
18007020,26,,Last,לְמַשָּֽׂא׃,13,False,,
18007020,27,,geworden,וָאֶהְיֶ֖ה,11,False,,
18007020,28,,bin,וָאֶהְיֶ֖ה,11,False,,
18007021,1,,Und,וּמֶ֤ה׀,1,False,,
18007021,2,,warum,וּמֶ֤ה׀,1,False,,
18007021,3,,vergibst,תִשָּׂ֣א,3,False,,
18007021,4,,du,תִשָּׂ֣א,3,False,,
18007021,5,,nicht,לֹא־,2,False,,
18007021,6,,meine,פִשְׁעִי֮,4,False,,
18007021,7,,Übertretung,פִשְׁעִי֮,4,False,,
18007021,8,,und,וְתַעֲבִ֪יר,5,False,,
18007021,9,,lässest,וְתַעֲבִ֪יר,5,False,,
18007021,10,,nicht,לֹא־,2,False,,
18007021,11,,vorübergehen,וְתַעֲבִ֪יר,5,False,,
18007021,12,,meine,עֲוֹ֫נִ֥י,7,False,,
18007021,13,,Missetat,עֲוֹ֫נִ֥י,7,False,,
18007021,14,,Denn,כִּֽי־,8,False,,
18007021,15,,nun,עַ֭תָּה,9,False,,
18007021,16,,werde,אֶשְׁכָּ֑ב,11,False,,
18007021,17,,ich,אֶשְׁכָּ֑ב,11,False,,
18007021,18,,in,לֶעָפָ֣ר,10,False,,
18007021,19,,den,לֶעָפָ֣ר,10,False,,
18007021,20,,Staub,לֶעָפָ֣ר,10,False,,
18007021,21,,mich,אֶשְׁכָּ֑ב,11,False,,
18007021,22,,legen,אֶשְׁכָּ֑ב,11,False,,
18007021,23,,und,וְשִׁ֖חֲרְתַּ֣נִי,12,False,,
18007021,24,,suchst,וְשִׁ֖חֲרְתַּ֣נִי,12,False,,
18007021,25,,du,וְשִׁ֖חֲרְתַּ֣נִי,12,False,,
18007021,26,,nach,וְשִׁ֖חֲרְתַּ֣נִי,12,False,,
18007021,27,,mir,וְשִׁ֖חֲרְתַּ֣נִי,12,False,,
18007021,28,,so,וְאֵינֶֽנִּי׃ פ,13,False,,
18007021,29,,bin,וְאֵינֶֽנִּי׃ פ,13,False,,
18007021,30,,ich,וְאֵינֶֽנִּי׃ פ,13,False,,
18007021,31,,nicht,וְאֵינֶֽנִּי׃ פ,13,False,,
18007021,32,,mehr,וְאֵינֶֽנִּי׃ פ,13,False,,
18008001,1,,Und,וַ֭יַּעַן,1,False,,
18008001,2,,Bildad,בִּלְדַּ֥ד,2,False,,
18008001,3,,der,הַשּׁוּחִ֗י,3,False,,
18008001,4,,Schuchiter,הַשּׁוּחִ֗י,3,False,,
18008001,5,,antwortete,וַ֭יַּעַן,1,False,,
18008001,6,,und,וַיֹאמַֽר׃,4,False,,
18008001,7,,sprach,וַיֹאמַֽר׃,4,False,,
18008002,1,,Wie,עַד־,1,False,,
18008002,2,,lange,אָ֥ן,2,False,,
18008002,3,,willst,תְּמַלֶּל־,3,False,,
18008002,4,,du,תְּמַלֶּל־,3,False,,
18008002,5,,solches,אֵ֑לֶּה,4,False,,
18008002,6,,reden,תְּמַלֶּל־,3,False,,
18008002,7,,und,וְר֥וּחַ,5,False,,
18008002,8,,sollen,וְר֥וּחַ,5,False,,
18008002,9,,die,וְר֥וּחַ,5,False,,
18008002,10,,Worte,אִמְרֵי־,7,False,,
18008002,11,,deines,פִֽיךָ׃,8,False,,
18008002,12,,Mundes,פִֽיךָ׃,8,False,,
18008002,13,,ungestümer,כַּ֝בִּיר,6,False,,
18008002,14,,Wind,וְר֥וּחַ,5,False,,
18008002,15,,sein,תְּמַלֶּל־,3,False,,
18008003,1,,Wird,יְעַוֵּ֣ת,2,False,,
18008003,2,,Gott,הַ֭אֵל,1,False,,
18008003,3,,das,הַ֭אֵל,1,True,,
18008003,4,,Recht,מִשְׁפָּ֑ט,3,False,,
18008003,5,,beugen,יְעַוֵּ֣ת,2,False,,
18008003,6,,oder,וְאִם־,4,False,,
18008003,7,,wird,יְעַוֵּֽת־,6,False,,
18008003,8,,der,שַׁ֝דַּ֗י,5,True,,
18008003,9,,Allmächtige,שַׁ֝דַּ֗י,5,False,,
18008003,10,,beugen,יְעַוֵּֽת־,6,False,,
18008003,11,,die,צֶֽדֶק׃,7,True,,
18008003,12,,Gerechtigkeit,צֶֽדֶק׃,7,False,,
18008004,1,,Wenn,אִם־,1,False,,
18008004,2,,deine,בָּנֶ֥יךָ,2,False,,
18008004,3,,Kinder,בָּנֶ֥יךָ,2,False,,
18008004,4,,gegen,חָֽטְאוּ־,3,False,,
18008004,5,,ihn,ל֑וֹ,4,False,,
18008004,6,,gesündigt,חָֽטְאוּ־,3,False,,
18008004,7,,haben,חָֽטְאוּ־,3,False,,
18008004,8,,so,וַֽ֝יְשַׁלְּחֵ֗ם,5,True,,
18008004,9,,gab,וַֽ֝יְשַׁלְּחֵ֗ם,5,False,,
18008004,10,,er,וַֽ֝יְשַׁלְּחֵ֗ם,5,False,,
18008004,11,,sie,וַֽ֝יְשַׁלְּחֵ֗ם,5,False,,
18008004,12,,ihrer,פִּשְׁעָֽם׃,7,False,,
18008004,13,,Übertretung,פִּשְׁעָֽם׃,7,False,,
18008004,14,,preis,בְּיַד־,6,False,,
18008005,1,,Wenn,אִם־,1,False,,
18008005,2,,du,אַ֭תָּה,2,False,,
18008005,3,,Gott,אֵ֑ל,5,False,,
18008005,4,,eifrig,תְּשַׁחֵ֣ר,3,False,,
18008005,5,,suchst,תְּשַׁחֵ֣ר,3,False,,
18008005,6,,und,וְאֶל־,6,False,,
18008005,7,,zu,אֶל־,4,False,,
18008005,8,,dem,אֶל־,4,False,,
18008005,9,,Allmächtigen,שַׁ֝דַּ֗י,7,False,,
18008005,10,,um,תִּתְחַנָּֽן׃,8,False,,
18008005,11,,Gnade,תִּתְחַנָּֽן׃,8,False,,
18008005,12,,flehst,תִּתְחַנָּֽן׃,8,False,,
18008006,1,,wenn,אִם־,1,False,,
18008006,2,,du,אָ֥תָּה,4,False,,
18008006,3,,lauter,זַ֥ךְ,2,False,,
18008006,4,,und,וְיָשָׁ֗ר,3,False,,
18008006,5,,rechtschaffen,וְיָשָׁ֗ר,3,False,,
18008006,6,,bist,אָ֥תָּה,4,False,,
18008006,7,,ja,כִּי־,5,False,,
18008006,8,,dann,עַ֭תָּה,6,False,,
18008006,9,,wird,יָעִ֣יר,7,False,,
18008006,10,,er,יָעִ֣יר,7,False,,
18008006,11,,zu,עָלֶ֑יךָ,8,False,,
18008006,12,,deinen,עָלֶ֑יךָ,8,False,,
18008006,13,,Gunsten,נְוַ֣ת,10,False,,
18008006,14,,aufwachen,יָעִ֣יר,7,False,,
18008006,15,,und,וְ֝שִׁלַּ֗ם,9,False,,
18008006,16,,Wohlfahrt,צִדְקֶֽךָ׃,11,False,,
18008006,17,,geben,וְ֝שִׁלַּ֗ם,9,False,,
18008006,18,,der,נְוַ֣ת,10,True,,
18008006,19,,Wohnung,נְוַ֣ת,10,False,,
18008006,20,,deiner,צִדְקֶֽךָ׃,11,False,,
18008006,21,,Gerechtigkeit,צִדְקֶֽךָ׃,11,False,,
18008007,1,,und,וְהָיָ֣ה,1,False,,
18008007,2,,dein,רֵאשִׁיתְךָ֣,2,False,,
18008007,3,,Anfang,רֵאשִׁיתְךָ֣,2,False,,
18008007,4,,wird,וְהָיָ֣ה,1,False,,
18008007,5,,gering,מִצְעָ֑ר,3,False,,
18008007,6,,erscheinen,וְהָיָ֣ה,1,False,,
18008007,7,,aber,וְ֝אַחֲרִיתְךָ֗,4,False,,
18008007,8,,dein,וְ֝אַחֲרִיתְךָ֗,4,False,,
18008007,9,,Ende,וְ֝אַחֲרִיתְךָ֗,4,False,,
18008007,10,,sehr,מְאֹֽד׃,6,False,,
18008007,11,,groß,יִשְׂגֶּ֥ה,5,False,,
18008007,12,,werden,יִשְׂגֶּ֥ה,5,False,,
18008008,1,,Denn,כִּֽי־,1,False,,
18008008,2,,befrage,שְׁאַל־,2,False,,
18008008,3,,doch,נָ֭א,3,False,,
18008008,4,,das,לְדֹ֣ר,4,True,,
18008008,5,,vorige,רִישׁ֑וֹן,5,False,,
18008008,6,,Geschlecht,לְדֹ֣ר,4,False,,
18008008,7,,und,וְ֝כוֹנֵ֗ן,6,False,,
18008008,8,,richte,וְ֝כוֹנֵ֗ן,6,False,,
18008008,9,,deinen,אֲבוֹתָֽם׃,8,False,,
18008008,10,,Sinn,לְחֵ֣קֶר,7,False,,
18008008,11,,auf,וְ֝כוֹנֵ֗ן,6,False,,
18008008,12,,das,לְחֵ֣קֶר,7,False,,
18008008,13,,was,לְחֵ֣קֶר,7,False,,
18008008,14,,ihre,אֲבוֹתָֽם׃,8,False,,
18008008,15,,Väter,אֲבוֹתָֽם׃,8,False,,
18008008,16,,erforscht,לְחֵ֣קֶר,7,False,,
18008008,17,,haben,שְׁאַל־,2,False,,
18008009,1,,Denn,כִּֽי־,1,False,,
18008009,2,,wir,אֲ֭נַחְנוּ,3,False,,
18008009,3,,sind,אֲ֭נַחְנוּ,3,False,,
18008009,4,,von,עֲלֵי־,9,False,,
18008009,5,,gestern,תְמ֣וֹל,2,False,,
18008009,6,,und,וְלֹ֣א,4,False,,
18008009,7,,wissen,נֵדָ֑ע,5,False,,
18008009,8,,nichts,וְלֹ֣א,4,False,,
18008009,9,,denn,כִּ֤י,6,False,,
18008009,10,,ein,צֵ֖ל,7,True,,
18008009,11,,Schatten,צֵ֖ל,7,False,,
18008009,12,,sind,צֵ֖ל,7,False,,
18008009,13,,unsere,יָמֵ֣ינוּ,8,False,,
18008009,14,,Tage,יָמֵ֣ינוּ,8,False,,
18008009,15,,auf,עֲלֵי־,9,False,,
18008009,16,,Erden,אָֽרֶץ׃,10,False,,
18008010,1,,Werden,הֲלֹא־,1,False,,
18008010,2,,jene,הֵ֣ם,2,False,,
18008010,3,,dich,י֭וֹרוּךָ,3,False,,
18008010,4,,nicht,הֲלֹא־,1,False,,
18008010,5,,belehren,י֭וֹרוּךָ,3,False,,
18008010,6,,dirs,לָ֑ךְ,5,False,,
18008010,7,,sagen,יֹ֣אמְרוּ,4,False,,
18008010,8,,und,וּ֝מִלִּבָּ֗ם,6,False,,
18008010,9,,Worte,מִלִּֽים׃,8,False,,
18008010,10,,aus,וּ֝מִלִּבָּ֗ם,6,False,,
18008010,11,,ihrem,וּ֝מִלִּבָּ֗ם,6,False,,
18008010,12,,Herzen,וּ֝מִלִּבָּ֗ם,6,False,,
18008010,13,,hervorbringen,יוֹצִ֥אוּ,7,False,,
18008011,1,,Schießt,הֲיִֽגְאֶה־,1,False,,
18008011,2,,Papierschilf,גֹּ֭מֶא,2,False,,
18008011,3,,auf,הֲיִֽגְאֶה־,1,False,,
18008011,4,,wo,בְּלֹ֣א,3,False,,
18008011,5,,kein,בְּלֹ֣א,3,False,,
18008011,6,,Sumpf,בִצָּ֑ה,4,False,,
18008011,7,,ist,בִצָּ֑ה,4,False,,
18008011,8,,wächst,יִשְׂגֶּה־,5,False,,
18008011,9,,Riedgras,אָ֥חוּ,6,False,,
18008011,10,,empor,יִשְׂגֶּה־,5,False,,
18008011,11,,ohne,בְלִי־,7,False,,
18008011,12,,Wasser,מָֽיִם׃,8,False,,
18008012,1,,Noch,עֹדֶ֣נּוּ,1,False,,
18008012,2,,ist,עֹדֶ֣נּוּ,1,False,,
18008012,3,,es,עֹדֶ֣נּוּ,1,False,,
18008012,4,,am,בְ֭אִבּוֹ,2,False,,
18008012,5,,Grünen,בְ֭אִבּוֹ,2,False,,
18008012,6,,wird,יִקָּטֵ֑ף,4,False,,
18008012,7,,nicht,לֹ֣א,3,False,,
18008012,8,,ausgerauft,יִקָּטֵ֑ף,4,False,,
18008012,9,,so,וְלִפְנֵ֖י,5,False,,
18008012,10,,verdorrt,יִיבָֽשׁ׃,8,False,,
18008012,11,,es,יִיבָֽשׁ׃,8,False,,
18008012,12,,vor,וְלִפְנֵ֖י,5,False,,
18008012,13,,allem,כָל־,6,False,,
18008012,14,,Grase,חָצִ֣יר,7,False,,
18008013,1,,Also,כֵּ֗ן,1,False,,
18008013,2,,sind,כֵּ֗ן,1,False,,
18008013,3,,die,אָ֭רְחוֹת,2,True,,
18008013,4,,Pfade,אָ֭רְחוֹת,2,False,,
18008013,5,,aller,כָּל־,3,False,,
18008013,6,,die,שֹׁ֣כְחֵי,4,False,,
18008013,7,,Gottes,אֵ֑ל,5,False,,
18008013,8,,vergessen,שֹׁ֣כְחֵי,4,False,,
18008013,9,,und,וְתִקְוַ֖ת,6,False,,
18008013,10,,des,וְתִקְוַ֖ת,6,False,,
18008013,11,,Ruchlosen,חָנֵ֣ף,7,False,,
18008013,12,,Hoffnung,וְתִקְוַ֖ת,6,False,,
18008013,13,,geht,תֹּאבֵֽד׃,8,False,,
18008013,14,,zu,תֹּאבֵֽד׃,8,False,,
18008013,15,,Grunde,תֹּאבֵֽד׃,8,False,,
18008014,1,,Sein,כִּסְל֑וֹ,3,False,,
18008014,2,,Vertrauen,כִּסְל֑וֹ,3,False,,
18008014,3,,wird,יָק֥וֹט,2,False,,
18008014,4,,abgeschnitten,יָק֥וֹט,2,False,,
18008014,5,,und,וּבֵ֥ית,4,False,,
18008014,6,,seine,מִבְטַחֽוֹ׃,6,False,,
18008014,7,,Zuversicht,מִבְטַחֽוֹ׃,6,False,,
18008014,8,,ist,מִבְטַחֽוֹ׃,6,False,,
18008014,9,,ein,עַ֝כָּבִ֗ישׁ,5,True,,
18008014,10,,Spinnengewebe,עַ֝כָּבִ֗ישׁ,5,False,,
18008015,1,,Er,יִשָּׁעֵ֣ן,1,False,,
18008015,2,,stützt,יִשָּׁעֵ֣ן,1,False,,
18008015,3,,sich,יִשָּׁעֵ֣ן,1,False,,
18008015,4,,auf,עַל־,2,False,,
18008015,5,,sein,בֵּ֭יתוֹ,3,False,,
18008015,6,,Haus,בֵּ֭יתוֹ,3,False,,
18008015,7,,und,וְלֹ֣א,4,False,,
18008015,8,,es,בֵּ֭יתוֹ,3,False,,
18008015,9,,hält,יַעֲמֹ֑ד,5,False,,
18008015,10,,nicht,וְלֹ֣א,4,False,,
18008015,11,,stand,יַעֲמֹ֑ד,5,False,,
18008015,12,,er,יַחֲזִ֥יק,6,False,,
18008015,13,,hält,יַחֲזִ֥יק,6,False,,
18008015,14,,sich,יַחֲזִ֥יק,6,False,,
18008015,15,,daran,בּ֝֗וֹ,7,False,,
18008015,16,,fest,יַחֲזִ֥יק,6,False,,
18008015,17,,und,וְלֹ֣א,8,False,,
18008015,18,,es,וְלֹ֣א,8,False,,
18008015,19,,bleibt,יָקֽוּם׃,9,False,,
18008015,20,,nicht,וְלֹ֣א,8,False,,
18008015,21,,aufrecht,יָקֽוּם׃,9,False,,
18008016,1,,Saftvoll,רָטֹ֣ב,1,False,,
18008016,2,,ist,רָטֹ֣ב,1,False,,
18008016,3,,er,ה֭וּא,2,False,,
18008016,4,,vor,לִפְנֵי־,3,False,,
18008016,5,,der,לִפְנֵי־,3,True,,
18008016,6,,Sonne,שָׁ֑מֶשׁ,4,False,,
18008016,7,,und,וְעַ֥ל,5,False,,
18008016,8,,seine,גַּ֝נָּת֗וֹ,6,False,,
18008016,9,,Schößlinge,יֹֽנַקְתּ֥וֹ,7,False,,
18008016,10,,dehnen,תֵצֵֽא׃,8,False,,
18008016,11,,sich,תֵצֵֽא׃,8,False,,
18008016,12,,aus,תֵצֵֽא׃,8,False,,
18008016,13,,über,וְעַ֥ל,5,False,,
18008016,14,,seinen,גַּ֝נָּת֗וֹ,6,False,,
18008016,15,,Garten,גַּ֝נָּת֗וֹ,6,False,,
18008016,16,,hin,תֵצֵֽא׃,8,False,,
18008017,1,,über,עַל־,1,False,,
18008017,2,,Steinhaufen,גַּ֭ל,2,False,,
18008017,3,,schlingen,יְסֻבָּ֑כוּ,4,False,,
18008017,4,,sich,יְסֻבָּ֑כוּ,4,False,,
18008017,5,,seine,שָֽׁרָשָׁ֣יו,3,False,,
18008017,6,,Wurzeln,שָֽׁרָשָׁ֣יו,3,False,,
18008017,7,,er,יֶחֱזֶֽה׃,7,False,,
18008017,8,,schaut,יֶחֱזֶֽה׃,7,False,,
18008017,9,,die,בֵּ֖ית,5,True,,
18008017,10,,Wohnung,בֵּ֖ית,5,False,,
18008017,11,,der,אֲבָנִ֣ים,6,True,,
18008017,12,,Steine,אֲבָנִ֣ים,6,False,,
18008018,1,,wenn,אִם־,1,False,,
18008018,2,,er,,,True,4,wegreißt
18008018,3,,ihn,,,True,4,wegreißt
18008018,4,,wegreißt,יְבַלְּעֶ֥נּוּ,2,False,,
18008018,5,,von,,,True,7,Stätte
18008018,6,,seiner,,,True,7,Stätte
18008018,7,,Stätte,מִמְּקוֹמ֑וֹ,3,False,,
18008018,8,,so,,,True,9,verleugnet
18008018,9,,verleugnet,וְכִ֥חֶשׁ,4,False,,
18008018,10,,sie,,,True,9,verleugnet
18008018,11,,ihn,בּ֝֗וֹ,5,False,,
18008018,12,,Ich,רְאִיתִֽיךָ׃,7,False,,
18008018,13,,habe,,,True,15,nie
18008018,14,,dich,רְאִיתִֽיךָ׃,7,False,,
18008018,15,,nie,לֹ֣א,6,False,,
18008018,16,,gesehen,רְאִיתִֽיךָ׃,7,False,,
18008019,1,,Siehe,הֶן־,1,False,,
18008019,2,,das,,,True,5,Freude
18008019,3,,ist,ה֭וּא,2,False,,
18008019,4,,die,,,True,5,Freude
18008019,5,,Freude,מְשׂ֣וֹשׂ,3,False,,
18008019,6,,seines,,,True,7,Weges
18008019,7,,Weges,דַּרְכּ֑וֹ,4,False,,
18008019,8,,und,וּ֝מֵעָפָ֗ר,5,False,,
18008019,9,,aus,,,True,11,Staube
18008019,10,,dem,,,True,11,Staube
18008019,11,,Staube,וּ֝מֵעָפָ֗ר,5,False,,
18008019,12,,sprossen,יִצְמָֽחוּ׃,7,False,,
18008019,13,,andere,אַחֵ֥ר,6,False,,
18008019,14,,hervor,יִצְמָֽחוּ׃,7,False,,
18008020,1,,Siehe,הֶן־,1,False,,
18008020,2,,Gott,אֵ֭ל,2,False,,
18008020,3,,wird,,,True,7,verwerfen
18008020,4,,den,,,True,5,Vollkommenen
18008020,5,,Vollkommenen,תָּ֑ם,5,False,,
18008020,6,,nicht,לֹ֣א,3,False,,
18008020,7,,verwerfen,יִמְאַס־,4,False,,
18008020,8,,und,וְלֹֽא־,6,False,,
18008020,9,,nicht,וְלֹֽא־,6,False,,
18008020,10,,bei,,,True,12,Hand
18008020,11,,der,,,True,12,Hand
18008020,12,,Hand,בְּיַד־,8,False,,
18008020,13,,fassen,יַ֝חֲזִ֗יק,7,False,,
18008020,14,,die,,,True,15,Übeltäter
18008020,15,,Übeltäter,מְרֵעִֽים׃,9,False,,
18008021,1,,Während,עַד־,1,False,,
18008021,2,,er,,,True,7,füllen
18008021,3,,deinen,,,True,4,Mund
18008021,4,,Mund,פִּ֑יךָ,4,False,,
18008021,5,,mit,,,True,7,füllen
18008021,6,,Lachen,שְׂח֣וֹק,3,False,,
18008021,7,,füllen,יְמַלֵּ֣ה,2,False,,
18008021,8,,wird,,,True,7,füllen
18008021,9,,und,,,True,13,Jubelschall
18008021,10,,deine,,,True,11,Lippen
18008021,11,,Lippen,וּשְׂפָתֶ֥יךָ,5,False,,
18008021,12,,mit,,,True,13,Jubelschall
18008021,13,,Jubelschall,תְרוּעָֽה׃,6,False,,
18008022,1,,werden,יִלְבְּשׁוּ־,2,False,,
18008022,2,,deine,,,True,3,Hasser
18008022,3,,Hasser,שֹׂנְאֶ֥יךָ,1,False,,
18008022,4,,bekleidet,יִלְבְּשׁוּ־,2,False,,
18008022,5,,werden,יִלְבְּשׁוּ־,2,False,,
18008022,6,,mit,,,True,7,Scham
18008022,7,,Scham,בֹ֑שֶׁת,3,False,,
18008022,8,,und,וְאֹ֖הֶל,4,False,,
18008022,9,,das,,,True,10,Zelt
18008022,10,,Zelt,וְאֹ֖הֶל,4,False,,
18008022,11,,der,,,True,12,Gesetzlosen
18008022,12,,Gesetzlosen,רְשָׁעִ֣ים,5,False,,
18008022,13,,wird,אֵינֶֽנּוּ׃ פ,6,False,,
18008022,14,,nicht,אֵינֶֽנּוּ׃ פ,6,False,,
18008022,15,,mehr,אֵינֶֽנּוּ׃ פ,6,False,,
18008022,16,,sein,אֵינֶֽנּוּ׃ פ,6,False,,
18009001,1,,Und,וַיַּ֥עַן,1,False,,
18009001,2,,Hiob,אִיּ֗וֹב,2,False,,
18009001,3,,antwortete,וַיַּ֥עַן,1,False,,
18009001,4,,und,וַיֹּאמַֽר׃,3,False,,
18009001,5,,sprach,וַיֹּאמַֽר׃,3,False,,
18009002,1,,Wahrlich,אָ֭מְנָם,1,False,,
18009002,2,,ich,יָדַ֣עְתִּי,2,False,,
18009002,3,,weiß,יָדַ֣עְתִּי,2,False,,
18009002,4,,daß,כִי־,3,False,,
18009002,5,,es,,,True,7,ist
18009002,6,,also,כֵ֑ן,4,False,,
18009002,7,,ist,כֵ֑ן,4,False,,
18009002,8,,und,וּמַה־,5,False,,
18009002,9,,wie,וּמַה־,5,False,,
18009002,10,,könnte,וּמַה־,5,False,,
18009002,11,,ein,,,True,12,Mensch
18009002,12,,Mensch,אֱנ֣וֹשׁ,7,False,,
18009002,13,,gerecht,יִּצְדַּ֖ק,6,False,,
18009002,14,,sein,יִּצְדַּ֖ק,6,False,,
18009002,15,,vor,עִם־,8,False,,
18009002,16,,Gott,אֵֽל׃,9,False,,
18009003,1,,Wenn,אִם־,1,False,,
18009003,2,,er,יַ֭חְפֹּץ,2,False,,
18009003,3,,Lust,יַ֭חְפֹּץ,2,False,,
18009003,4,,hat,יַ֭חְפֹּץ,2,False,,
18009003,5,,mit,לָרִ֣יב,3,False,,
18009003,6,,ihm,עִמּ֑וֹ,4,False,,
18009003,7,,zu,לָרִ֣יב,3,False,,
18009003,8,,rechten,לָרִ֣יב,3,False,,
18009003,9,,so,לֹֽא־,5,False,,
18009003,10,,kann,יַ֝עֲנֶ֗נּוּ,6,False,,
18009003,11,,er,יַ֝עֲנֶ֗נּוּ,6,False,,
18009003,12,,ihm,יַ֝עֲנֶ֗נּוּ,6,False,,
18009003,13,,auf,מִנִּי־,8,False,,
18009003,14,,tausend,אָֽלֶף׃,9,False,,
18009003,15,,nicht,לֹֽא־,5,False,,
18009003,16,,eins,אַחַ֥ת,7,False,,
18009003,17,,antworten,יַ֝עֲנֶ֗נּוּ,6,False,,
18009004,1,,Er,חֲכַ֣ם,1,False,,
18009004,2,,ist,חֲכַ֣ם,1,False,,
18009004,3,,weise,חֲכַ֣ם,1,False,,
18009004,4,,von,לֵ֭בָב,2,False,,
18009004,5,,Herzen,לֵ֭בָב,2,False,,
18009004,6,,und,וְאַמִּ֣יץ,3,False,,
18009004,7,,stark,וְאַמִּ֣יץ,3,False,,
18009004,8,,an,כֹּ֑חַ,4,False,,
18009004,9,,Kraft,כֹּ֑חַ,4,False,,
18009004,10,,wer,מִֽי־,5,False,,
18009004,11,,hat,הִקְשָׁ֥ה,6,False,,
18009004,12,,sich,הִקְשָׁ֥ה,6,False,,
18009004,13,,wider,אֵ֝לָ֗יו,7,False,,
18009004,14,,ihn,אֵ֝לָ֗יו,7,False,,
18009004,15,,verhärtet,הִקְשָׁ֥ה,6,False,,
18009004,16,,und,וַיִּשְׁלָֽם׃,8,False,,
18009004,17,,ist,וַיִּשְׁלָֽם׃,8,False,,
18009004,18,,unversehrt,וַיִּשְׁלָֽם׃,8,False,,
18009004,19,,geblieben,וַיִּשְׁלָֽם׃,8,False,,
18009005,1,,Der,הַמַּעְתִּ֣יק,1,False,,
18009005,2,,Berge,הָ֭רִים,2,False,,
18009005,3,,versetzt,הַמַּעְתִּ֣יק,1,False,,
18009005,4,,ehe,יָדָ֑עוּ,4,False,,
18009005,5,,sie,יָדָ֑עוּ,4,False,,
18009005,6,,es,הֲפָכָ֣ם,6,False,,
18009005,7,,merken,יָדָ֑עוּ,4,False,,
18009005,8,,er,הֲפָכָ֣ם,6,False,,
18009005,9,,der,הֲפָכָ֣ם,6,False,,
18009005,10,,sie,הֲפָכָ֣ם,6,False,,
18009005,11,,umkehrt,הֲפָכָ֣ם,6,False,,
18009005,12,,in,בְּאַפּֽוֹ׃,7,False,,
18009005,13,,seinem,בְּאַפּֽוֹ׃,7,False,,
18009005,14,,Zorn,בְּאַפּֽוֹ׃,7,False,,
18009006,1,,der,הַמַּרְגִּ֣יז,1,False,,
18009006,2,,die,,,True,3,Erde
18009006,3,,Erde,אֶ֭רֶץ,2,False,,
18009006,4,,aufbeben,הַמַּרְגִּ֣יז,1,False,,
18009006,5,,macht,הַמַּרְגִּ֣יז,1,False,,
18009006,6,,von,מִמְּקוֹמָ֑הּ,3,False,,
18009006,7,,ihrer,מִמְּקוֹמָ֑הּ,3,False,,
18009006,8,,Stätte,מִמְּקוֹמָ֑הּ,3,False,,
18009006,9,,und,וְ֝עַמּוּדֶ֗יהָ,4,False,,
18009006,10,,ihre,וְ֝עַמּוּדֶ֗יהָ,4,False,,
18009006,11,,Säulen,וְ֝עַמּוּדֶ֗יהָ,4,False,,
18009006,12,,erzittern,יִתְפַלָּצֽוּן׃,5,False,,
18009007,1,,der,הָאֹמֵ֣ר,1,False,,
18009007,2,,der,,,True,3,Sonne
18009007,3,,Sonne,לַ֭חֶרֶס,2,False,,
18009007,4,,befiehlt,הָאֹמֵ֣ר,1,False,,
18009007,5,,und,וְלֹ֣א,3,False,,
18009007,6,,sie,יִזְרָ֑ח,4,False,,
18009007,7,,geht,יִזְרָ֑ח,4,False,,
18009007,8,,nicht,וְלֹ֣א,3,False,,
18009007,9,,auf,יִזְרָ֑ח,4,False,,
18009007,10,,und,וּבְעַ֖ד,5,False,,
18009007,11,,der,,,True,13,Sterne
18009007,12,,die,,,True,13,Sterne
18009007,13,,Sterne,כּוֹכָבִ֣ים,6,False,,
18009007,14,,versiegelt,יַחְתֹּֽם׃,7,False,,
18009008,1,,der,נֹטֶ֣ה,1,False,,
18009008,2,,die,,,True,3,Himmel
18009008,3,,Himmel,שָׁמַ֣יִם,2,False,,
18009008,4,,ausspannt,נֹטֶ֣ה,1,False,,
18009008,5,,er,לְבַדּ֑וֹ,3,False,,
18009008,6,,allein,לְבַדּ֑וֹ,3,False,,
18009008,7,,und,וְ֝דוֹרֵ֗ךְ,4,False,,
18009008,8,,einherschreitet,וְ֝דוֹרֵ֗ךְ,4,False,,
18009008,9,,auf,עַל־,5,False,,
18009008,10,,den,,,True,11,Höhen
18009008,11,,Höhen,בָּ֥מֳתֵי,6,False,,
18009008,12,,des,יָֽם׃,7,False,,
18009008,13,,Meeres,יָֽם׃,7,False,,
18009009,1,,der,עֹֽשֶׂה־,1,False,,
18009009,2,,den,,,True,4,Bären
18009009,3,,großen,,,True,4,Bären
18009009,4,,Bären,עָ֭שׁ,2,False,,
18009009,5,,gemacht,עֹֽשֶׂה־,1,False,,
18009009,6,,hat,עֹֽשֶׂה־,1,False,,
18009009,7,,den,,,True,8,Orion
18009009,8,,Orion,כְּסִ֥יל,3,False,,
18009009,9,,und,וְכִימָ֗ה,4,False,,
18009009,10,,das,,,True,11,Siebengestirn
18009009,11,,Siebengestirn,וְכִימָ֗ה,4,False,,
18009009,12,,und,וְחַדְרֵ֥י,5,False,,
18009009,13,,die,,,True,14,Kammern
18009009,14,,Kammern,וְחַדְרֵ֥י,5,False,,
18009009,15,,des,,,True,16,Südens
18009009,16,,Südens,תֵמָֽן׃,6,False,,
18009010,1,,der,עֹשֶׂ֣ה,1,False,,
18009010,2,,Großes,גְ֭דֹלוֹת,2,False,,
18009010,3,,tut,עֹשֶׂ֣ה,1,False,,
18009010,4,,daß,עַד־,3,False,,
18009010,5,,es,אֵ֣ין,4,False,,
18009010,6,,nicht,אֵ֣ין,4,False,,
18009010,7,,zu,עַד־,3,False,,
18009010,8,,erforschen,חֵ֑קֶר,5,False,,
18009010,9,,und,וְנִפְלָא֗וֹת,6,False,,
18009010,10,,Wundertaten,וְנִפְלָא֗וֹת,6,False,,
18009010,11,,daß,עַד־,7,False,,
18009010,12,,sie,מִסְפָּֽר׃,9,False,,
18009010,13,,nicht,אֵ֥ין,8,False,,
18009010,14,,zu,עַד־,7,False,,
18009010,15,,zählen,מִסְפָּֽר׃,9,False,,
18009010,16,,sind,מִסְפָּֽר׃,9,False,,
18009011,1,,Siehe,הֵ֤ן,1,False,,
18009011,2,,er,יַעֲבֹ֣ר,2,False,,
18009011,3,,geht,יַעֲבֹ֣ר,2,False,,
18009011,4,,an,יַעֲבֹ֣ר,2,False,,
18009011,5,,mir,עָ֭לַי,3,False,,
18009011,6,,vorüber,יַעֲבֹ֣ר,2,False,,
18009011,7,,und,וְלֹ֣א,4,False,,
18009011,8,,ich,אֶרְאֶ֑ה,5,False,,
18009011,9,,sehe,אֶרְאֶ֑ה,5,False,,
18009011,10,,ihn,אֶרְאֶ֑ה,5,False,,
18009011,11,,nicht,וְלֹ֣א,4,False,,
18009011,12,,und,וְ֝יַחֲלֹ֗ף,6,False,,
18009011,13,,er,וְ֝יַחֲלֹ֗ף,6,False,,
18009011,14,,zieht,וְ֝יַחֲלֹ֗ף,6,False,,
18009011,15,,vorbei,וְ֝יַחֲלֹ֗ף,6,False,,
18009011,16,,und,וְֽלֹא־,7,False,,
18009011,17,,ich,אָבִ֥ין,8,False,,
18009011,18,,bemerke,אָבִ֥ין,8,False,,
18009011,19,,ihn,לֽוֹ׃,9,False,,
18009011,20,,nicht,וְֽלֹא־,7,False,,
18009012,1,,Siehe,הֵ֣ן,1,False,,
18009012,2,,er,יַ֭חְתֹּף,2,False,,
18009012,3,,rafft,יַ֭חְתֹּף,2,False,,
18009012,4,,dahin,יַ֭חְתֹּף,2,False,,
18009012,5,,und,מִ֣י,3,False,,
18009012,6,,wer,מִ֣י,3,False,,
18009012,7,,will,יְשִׁיבֶ֑נּוּ,4,False,,
18009012,8,,ihm,יְשִׁיבֶ֑נּוּ,4,False,,
18009012,9,,wehren,יְשִׁיבֶ֑נּוּ,4,False,,
18009012,10,,wer,מִֽי־,5,False,,
18009012,11,,zu,אֵ֝לָ֗יו,7,False,,
18009012,12,,ihm,אֵ֝לָ֗יו,7,False,,
18009012,13,,sagen,יֹאמַ֥ר,6,False,,
18009012,14,,Was,מַֽה־,8,False,,
18009012,15,,tust,תַּעֲשֶֽׂה׃,9,False,,
18009012,16,,du,תַּעֲשֶֽׂה׃,9,False,,
18009013,1,,Gott,אֱ֭לוֹהַּ,1,False,,
18009013,2,,wendet,יָשִׁ֣יב,3,False,,
18009013,3,,seinen,אַפּ֑וֹ,4,False,,
18009013,4,,Zorn,אַפּ֑וֹ,4,False,,
18009013,5,,nicht,לֹא־,2,False,,
18009013,6,,ab,יָשִׁ֣יב,3,False,,
18009013,7,,unter,תַּחְתָּ֥יו,5,False,,
18009013,8,,ihn,תַּחְתָּ֥יו,5,False,,
18009013,9,,beugen,שָׁ֝חֲח֗וּ,6,False,,
18009013,10,,sich,שָׁ֝חֲח֗וּ,6,False,,
18009013,11,,Rahabs,רָֽהַב׃,8,False,,
18009013,12,,Helfer,עֹ֣זְרֵי,7,False,,
18009014,1,,Wieviel,אַ֭ף,1,False,,
18009014,2,,weniger,כִּֽי־,2,False,,
18009014,3,,könnte,אֶֽעֱנֶ֑נּוּ,4,False,,
18009014,4,,ich,אָנֹכִ֣י,3,False,,
18009014,5,,ihm,עִמּֽוֹ׃,7,False,,
18009014,6,,antworten,אֶֽעֱנֶ֑נּוּ,4,False,,
18009014,7,,meine,דְבָרַ֣י,6,False,,
18009014,8,,Worte,דְבָרַ֣י,6,False,,
18009014,9,,wählen,אֶבְחֲרָ֖ה,5,False,,
18009014,10,,ihm,עִמּֽוֹ׃,7,False,,
18009014,11,,gegenüber,עִמּֽוֹ׃,7,False,,
18009015,1,,der,אֲשֶׁ֣ר,1,False,,
18009015,2,,ich,צָ֭דַקְתִּי,3,False,,
18009015,3,,wenn,אִם־,2,False,,
18009015,4,,ich,צָ֭דַקְתִּי,3,False,,
18009015,5,,gerecht,צָ֭דַקְתִּי,3,False,,
18009015,6,,wäre,צָ֭דַקְתִּי,3,False,,
18009015,7,,nicht,לֹ֣א,4,False,,
18009015,8,,antworten,אֶעֱנֶ֑ה,5,False,,
18009015,9,,könnte-um,אֶתְחַנָּֽן׃,7,False,,
18009015,10,,Gnade,אֶתְחַנָּֽן׃,7,False,,
18009015,11,,würde,אֶתְחַנָּֽן׃,7,False,,
18009015,12,,ich,אֶתְחַנָּֽן׃,7,False,,
18009015,13,,flehen,אֶתְחַנָּֽן׃,7,False,,
18009015,14,,zu,לִ֝מְשֹׁפְטִ֗י,6,False,,
18009015,15,,meinem,לִ֝מְשֹׁפְטִ֗י,6,False,,
18009015,16,,Richter,לִ֝מְשֹׁפְטִ֗י,6,False,,
18009016,1,,Wenn,אִם־,1,False,,
18009016,2,,ich,קָרָ֥אתִי,2,False,,
18009016,3,,riefe,קָרָ֥אתִי,2,False,,
18009016,4,,und,וַֽיַּעֲנֵ֑נִי,3,False,,
18009016,5,,er,וַֽיַּעֲנֵ֑נִי,3,False,,
18009016,6,,mir,וַֽיַּעֲנֵ֑נִי,3,False,,
18009016,7,,antwortete,וַֽיַּעֲנֵ֑נִי,3,False,,
18009016,8,,nicht,לֹֽא־,4,False,,
18009016,9,,würde,אַ֝אֲמִ֗ין,5,False,,
18009016,10,,ich,אַ֝אֲמִ֗ין,5,False,,
18009016,11,,glauben,אַ֝אֲמִ֗ין,5,False,,
18009016,12,,daß,כִּֽי־,6,False,,
18009016,13,,er,יַאֲזִ֥ין,7,False,,
18009016,14,,meiner,קוֹלִֽי׃,8,False,,
18009016,15,,Stimme,קוֹלִֽי׃,8,False,,
18009016,16,,Gehör,קוֹלִֽי׃,8,False,,
18009016,17,,schenken,יַאֲזִ֥ין,7,False,,
18009016,18,,würde,יַאֲזִ֥ין,7,False,,
18009017,1,,er,אֲשֶׁר־,1,False,,
18009017,2,,der,אֲשֶׁר־,1,False,,
18009017,3,,mich,יְשׁוּפֵ֑נִי,3,False,,
18009017,4,,zermalmt,יְשׁוּפֵ֑נִי,3,False,,
18009017,5,,durch,בִּשְׂעָרָ֥ה,2,False,,
18009017,6,,ein,בִּשְׂעָרָ֥ה,2,False,,
18009017,7,,Sturmwetter,בִּשְׂעָרָ֥ה,2,False,,
18009017,8,,und,וְהִרְבָּ֖ה,4,False,,
18009017,9,,meine,פְצָעַ֣י,5,False,,
18009017,10,,Wunden,פְצָעַ֣י,5,False,,
18009017,11,,mehrt,וְהִרְבָּ֖ה,4,False,,
18009017,12,,ohne,חִנָּֽם׃,6,False,,
18009017,13,,Ursache,חִנָּֽם׃,6,False,,
18009018,1,,er,יִ֭תְּנֵנִי,2,False,,
18009018,2,,erlaubt,יִ֭תְּנֵנִי,2,False,,
18009018,3,,mir,יִ֭תְּנֵנִי,2,False,,
18009018,4,,nicht,לֹֽא־,1,False,,
18009018,5,,Atem,רוּחִ֑י,4,False,,
18009018,6,,zu,הָשֵׁ֣ב,3,False,,
18009018,7,,holen,הָשֵׁ֣ב,3,False,,
18009018,8,,denn,כִּ֥י,5,False,,
18009018,9,,er,יַ֝שְׂבִּעַ֗נִי,6,False,,
18009018,10,,sättigt,יַ֝שְׂבִּעַ֗נִי,6,False,,
18009018,11,,mich,יַ֝שְׂבִּעַ֗נִי,6,False,,
18009018,12,,mit,מַמְּרֹרִֽים׃,7,False,,
18009018,13,,Bitterkeiten,מַמְּרֹרִֽים׃,7,False,,
18009019,1,,Wenn,אִם־,1,False,,
18009019,2,,es,הִנֵּ֑ה,4,False,,
18009019,3,,auf,לְכֹ֣חַ,2,False,,
18009019,4,,Kraft,לְכֹ֣חַ,2,False,,
18009019,5,,des,אַמִּ֣יץ,3,False,,
18009019,6,,Starken,אַמִּ֣יץ,3,False,,
18009019,7,,ankommt,הִנֵּ֑ה,4,False,,
18009019,8,,so,הִנֵּ֑ה,4,False,,
18009019,9,,sagt,הִנֵּ֑ה,4,False,,
18009019,10,,er,הִנֵּ֑ה,4,False,,
18009019,11,,Siehe,הִנֵּ֑ה,4,False,,
18009019,12,,hier,הִנֵּ֑ה,4,False,,
18009019,13,,und,וְאִם־,5,False,,
18009019,14,,wenn,וְאִם־,5,False,,
18009019,15,,auf,לְ֝מִשְׁפָּ֗ט,6,False,,
18009019,16,,Recht,לְ֝מִשְׁפָּ֗ט,6,False,,
18009019,17,,Wer,מִ֣י,7,False,,
18009019,18,,will,יוֹעִידֵֽנִי׃,8,False,,
18009019,19,,mich,יוֹעִידֵֽנִי׃,8,False,,
18009019,20,,vorladen,יוֹעִידֵֽנִי׃,8,False,,
18009020,1,,Wenn,אִם־,1,False,,
18009020,2,,ich,אֶ֭צְדָּק,2,False,,
18009020,3,,auch,אֶ֭צְדָּק,2,False,,
18009020,4,,gerecht,אֶ֭צְדָּק,2,False,,
18009020,5,,wäre,אֶ֭צְדָּק,2,False,,
18009020,6,,so,יַרְשִׁיעֵ֑נִי,4,False,,
18009020,7,,würde,יַרְשִׁיעֵ֑נִי,4,False,,
18009020,8,,mein,פִּ֣י,3,False,,
18009020,9,,Mund,פִּ֣י,3,False,,
18009020,10,,mich,יַרְשִׁיעֵ֑נִי,4,False,,
18009020,11,,doch,יַרְשִׁיעֵ֑נִי,4,False,,
18009020,12,,verdammen,יַרְשִׁיעֵ֑נִי,4,False,,
18009020,13,,wäre,וַֽיַּעְקְשֵֽׁנִי׃,7,False,,
18009020,14,,ich,אָ֝֗נִי,6,False,,
18009020,15,,vollkommen,תָּֽם־,5,False,,
18009020,16,,so,וַֽיַּעְקְשֵֽׁנִי׃,7,False,,
18009020,17,,würde,וַֽיַּעְקְשֵֽׁנִי׃,7,False,,
18009020,18,,er,וַֽיַּעְקְשֵֽׁנִי׃,7,False,,
18009020,19,,mich,וַֽיַּעְקְשֵֽׁנִי׃,7,False,,
18009020,20,,für,וַֽיַּעְקְשֵֽׁנִי׃,7,False,,
18009020,21,,verkehrt,וַֽיַּעְקְשֵֽׁנִי׃,7,False,,
18009020,22,,erklären,וַֽיַּעְקְשֵֽׁנִי׃,7,False,,
18009021,1,,Vollkommen,תָּֽם־,1,False,,
18009021,2,,bin,אָ֭נִי,2,False,,
18009021,3,,ich,אָ֭נִי,2,False,,
18009021,4,,nicht,לֹֽא־,3,False,,
18009021,5,,kümmert,אֵדַ֥ע,4,False,,
18009021,6,,mich,נַפְשִׁ֗י,5,False,,
18009021,7,,meine,נַפְשִׁ֗י,5,False,,
18009021,8,,Seele,נַפְשִׁ֗י,5,False,,
18009021,9,,ich,אָ֭נִי,2,False,,
18009021,10,,verachte,אֶמְאַ֥ס,6,False,,
18009021,11,,mein,חַיָּֽי׃,7,False,,
18009021,12,,Leben,חַיָּֽי׃,7,False,,
18009021,13,,es,הִ֥יא,2,False,,
18009021,14,,ist,הִ֥יא,2,False,,
18009021,15,,eins,אַחַ֗ת,1,False,,
18009022,1,,Darum,עַל־,3,False,,
18009022,2,,sage,אָמַ֑רְתִּי,5,False,,
18009022,3,,ich,אָמַ֑רְתִּי,5,False,,
18009022,4,,Den,תָּ֥ם,6,False,,
18009022,5,,Vollkommenen,תָּ֥ם,6,False,,
18009022,6,,und,וְ֝רָשָׁ֗ע,7,False,,
18009022,7,,den,וְ֝רָשָׁ֗ע,7,False,,
18009022,8,,Gesetzlosen,וְ֝רָשָׁ֗ע,7,False,,
18009022,9,,vernichtet,מְכַלֶּֽה׃,9,False,,
18009022,10,,er,ה֣וּא,8,False,,
18009023,1,,Wenn,אִם־,1,False,,
18009023,2,,die,שׁ֭וֹט,2,False,,
18009023,3,,Geißel,שׁ֭וֹט,2,False,,
18009023,4,,plötzlich,פִּתְאֹ֑ם,4,False,,
18009023,5,,tötet,יָמִ֣ית,3,False,,
18009023,6,,so,יִלְעָֽג׃,7,False,,
18009023,7,,spottet,יִלְעָֽג׃,7,False,,
18009023,8,,er,יִלְעָֽג׃,7,False,,
18009023,9,,der,לְמַסַּ֖ת,5,False,,
18009023,10,,Prüfung,לְמַסַּ֖ת,5,False,,
18009023,11,,der,נְקִיִּ֣ם,6,False,,
18009023,12,,Unschuldigen,נְקִיִּ֣ם,6,False,,
18009024,1,,Die,אֶ֤רֶץ׀,1,False,,
18009024,2,,Erde,אֶ֤רֶץ׀,1,False,,
18009024,3,,ist,נִתְּנָ֬ה,2,False,,
18009024,4,,in,בְֽיַד־,3,False,,
18009024,5,,die,בְֽיַד־,3,False,,
18009024,6,,Hand,בְֽיַד־,3,False,,
18009024,7,,des,רָשָׁ֗ע,4,False,,
18009024,8,,Gesetzlosen,רָשָׁ֗ע,4,False,,
18009024,9,,gegeben,נִתְּנָ֬ה,2,False,,
18009024,10,,das,פְּנֵֽי־,5,False,,
18009024,11,,Angesicht,פְּנֵֽי־,5,False,,
18009024,12,,ihrer,שֹׁפְטֶ֥יהָ,6,False,,
18009024,13,,Richter,שֹׁפְטֶ֥יהָ,6,False,,
18009024,14,,verhüllt,יְכַסֶּ֑ה,7,False,,
18009024,15,,er,יְכַסֶּ֑ה,7,False,,
18009024,16,,Wenn,אִם־,8,False,,
18009024,17,,er,הֽוּא׃,12,False,,
18009024,18,,es,הֽוּא׃,12,False,,
18009024,19,,nun,אֵפ֣וֹא,10,False,,
18009024,20,,nicht,לֹ֖א,9,False,,
18009024,21,,ist,הֽוּא׃,12,False,,
18009024,22,,wer,מִי־,11,False,,
18009024,23,,anders,מִי־,11,False,,
18009025,1,,Und,וְיָמַ֣י,1,False,,
18009025,2,,meine,וְיָמַ֣י,1,False,,
18009025,3,,Tage,וְיָמַ֣י,1,False,,
18009025,4,,eilen,קַ֭לּוּ,2,False,,
18009025,5,,schneller,קַ֭לּוּ,2,False,,
18009025,6,,dahin,קַ֭לּוּ,2,False,,
18009025,7,,als,מִנִּי־,3,False,,
18009025,8,,ein,רָ֑ץ,4,False,,
18009025,9,,Läufer,רָ֑ץ,4,False,,
18009025,10,,sie,בָּֽ֝רְח֗וּ,5,False,,
18009025,11,,entfliehen,בָּֽ֝רְח֗וּ,5,False,,
18009025,12,,schauen,רָא֥וּ,7,False,,
18009025,13,,das,טוֹבָֽה׃,8,False,,
18009025,14,,Glück,טוֹבָֽה׃,8,False,,
18009025,15,,nicht,לֹא־,6,False,,
18009026,1,,Sie,חָ֭לְפוּ,1,False,,
18009026,2,,ziehen,חָ֭לְפוּ,1,False,,
18009026,3,,vorüber,חָ֭לְפוּ,1,False,,
18009026,4,,gleich,אֵבֶ֑ה,4,False,,
18009026,5,,Rohrschiffen,אֳנִיּ֣וֹת,3,False,,
18009026,6,,wie,כְּ֝נֶ֗שֶׁר,5,False,,
18009026,7,,ein,כְּ֝נֶ֗שֶׁר,5,True,,
18009026,8,,Adler,כְּ֝נֶ֗שֶׁר,5,False,,
18009026,9,,der,כְּ֝נֶ֗שֶׁר,5,True,,
18009026,10,,auf,עֲלֵי־,7,False,,
18009026,11,,Fraß,אֹֽכֶל׃,8,False,,
18009026,12,,herabstürzt,יָט֥וּשׂ,6,False,,
18009027,1,,Wenn,אִם־,1,False,,
18009027,2,,ich,אָ֭מְרִי,2,False,,
18009027,3,,sage,אָ֭מְרִי,2,False,,
18009027,4,,Ich,אָ֭מְרִי,2,False,,
18009027,5,,will,אֶשְׁכְּחָ֣ה,3,False,,
18009027,6,,meine,שִׂיחִ֑י,4,False,,
18009027,7,,Klage,שִׂיחִ֑י,4,False,,
18009027,8,,vergessen,אֶשְׁכְּחָ֣ה,3,False,,
18009027,9,,will,אֶעֶזְבָ֖ה,5,False,,
18009027,10,,mein,פָנַ֣י,6,False,,
18009027,11,,Angesicht,פָנַ֣י,6,False,,
18009027,12,,glätten,וְאַבְלִֽיגָה׃,7,False,,
18009027,13,,und,וְאַבְלִֽיגָה׃,7,False,,
18009027,14,,mich,וְאַבְלִֽיגָה׃,7,False,,
18009027,15,,erheitern,וְאַבְלִֽיגָה׃,7,False,,
18009028,1,,so,יָגֹ֥רְתִּי,1,True,,
18009028,2,,bangt,יָגֹ֥רְתִּי,1,False,,
18009028,3,,mir,יָגֹ֥רְתִּי,1,False,,
18009028,4,,vor,כָל־,2,False,,
18009028,5,,allen,כָל־,2,False,,
18009028,6,,meinen,עַצְּבֹתָ֑י,3,False,,
18009028,7,,Schmerzen,עַצְּבֹתָ֑י,3,False,,
18009028,8,,ich,יָ֝דַ֗עְתִּי,4,False,,
18009028,9,,weiß,יָ֝דַ֗עְתִּי,4,False,,
18009028,10,,daß,כִּי־,5,False,,
18009028,11,,du,לֹ֥א,6,False,,
18009028,12,,mich,תְנַקֵּֽנִי׃,7,False,,
18009028,13,,nicht,לֹ֥א,6,False,,
18009028,14,,für,תְנַקֵּֽנִי׃,7,False,,
18009028,15,,schuldlos,תְנַקֵּֽנִי׃,7,False,,
18009028,16,,halten,תְנַקֵּֽנִי׃,7,False,,
18009028,17,,wirst,תְנַקֵּֽנִי׃,7,False,,
18009029,1,,Ich,אָנֹכִ֥י,1,False,,
18009029,2,,muß,אֶרְשָׁ֑ע,2,False,,
18009029,3,,schuldig,אֶרְשָׁ֑ע,2,False,,
18009029,4,,sein,אֶרְשָׁ֑ע,2,False,,
18009029,5,,wozu,לָמָּה־,3,False,,
18009029,6,,soll,לָמָּה־,3,False,,
18009029,7,,ich,אִיגָֽע׃,6,False,,
18009029,8,,mich,אִיגָֽע׃,6,False,,
18009029,9,,denn,זֶּ֝֗ה,4,False,,
18009029,10,,nutzlos,הֶ֣בֶל,5,False,,
18009029,11,,abmühen,אִיגָֽע׃,6,False,,
18009030,1,,Wenn,אִם־,1,False,,
18009030,2,,ich,הִתְרָחַ֥צְתִּי,2,False,,
18009030,3,,mich,הִתְרָחַ֥צְתִּי,2,False,,
18009030,4,,mit,בְמֵי,3,False,,
18009030,5,,Schnee,שָׁ֑לֶג,4,False,,
18009030,6,,wüsche,הִתְרָחַ֥צְתִּי,2,False,,
18009030,7,,und,וַ֝הֲזִכּ֗וֹתִי,5,False,,
18009030,8,,meine,כַּפָּֽי׃,7,False,,
18009030,9,,Hände,כַּפָּֽי׃,7,False,,
18009030,10,,mit,בְּבֹ֣ר,6,False,,
18009030,11,,Lauge,בְּבֹ֣ר,6,False,,
18009030,12,,reinigte,וַ֝הֲזִכּ֗וֹתִי,5,False,,
18009031,1,,alsdann,אָ֭ז,1,False,,
18009031,2,,würdest,תִּטְבְּלֵ֑נִי,3,False,,
18009031,3,,du,תִּטְבְּלֵ֑נִי,3,False,,
18009031,4,,mich,תִּטְבְּלֵ֑נִי,3,False,,
18009031,5,,in,בַּשַּׁ֣חַת,2,False,,
18009031,6,,die,בַּשַּׁ֣חַת,2,True,,
18009031,7,,Grube,בַּשַּׁ֣חַת,2,False,,
18009031,8,,tauchen,תִּטְבְּלֵ֑נִי,3,False,,
18009031,9,,und,וְ֝תִֽעֲב֗וּנִי,4,False,,
18009031,10,,meinen,שַׂלְמוֹתָֽי׃,5,False,,
18009031,11,,eigenen,שַׂלְמוֹתָֽי׃,5,False,,
18009031,12,,Kleidern,שַׂלְמוֹתָֽי׃,5,False,,
18009031,13,,würde,וְ֝תִֽעֲב֗וּנִי,4,False,,
18009031,14,,vor,וְ֝תִֽעֲב֗וּנִי,4,False,,
18009031,15,,mir,וְ֝תִֽעֲב֗וּנִי,4,False,,
18009031,16,,ekeln,וְ֝תִֽעֲב֗וּנִי,4,False,,
18009032,1,,Denn,כִּי־,1,False,,
18009032,2,,er,אִ֣ישׁ,3,False,,
18009032,3,,ist,אִ֣ישׁ,3,False,,
18009032,4,,nicht,לֹא־,2,False,,
18009032,5,,ein,אִ֣ישׁ,3,True,,
18009032,6,,Mann,אִ֣ישׁ,3,False,,
18009032,7,,wie,כָּמֹ֣נִי,4,False,,
18009032,8,,ich,כָּמֹ֣נִי,4,False,,
18009032,9,,daß,אֶֽעֱנֶ֑נּוּ,5,False,,
18009032,10,,ich,אֶֽעֱנֶ֑נּוּ,5,False,,
18009032,11,,ihm,אֶֽעֱנֶ֑נּוּ,5,False,,
18009032,12,,antworten,אֶֽעֱנֶ֑נּוּ,5,False,,
18009032,13,,daß,נָב֥וֹא,6,False,,
18009032,14,,wir,נָב֥וֹא,6,False,,
18009032,15,,zusammen,יַ֝חְדָּ֗ו,7,False,,
18009032,16,,vor,בַּמִּשְׁפָּֽט׃,8,False,,
18009032,17,,Gericht,בַּמִּשְׁפָּֽט׃,8,False,,
18009032,18,,gehen,נָב֥וֹא,6,False,,
18009032,19,,könnten,נָב֥וֹא,6,False,,
18009033,1,,Es,יֵשׁ־,2,False,,
18009033,2,,gibt,יֵשׁ־,2,False,,
18009033,3,,zwischen,בֵּינֵ֣ינוּ,3,False,,
18009033,4,,uns,בֵּינֵ֣ינוּ,3,False,,
18009033,5,,keinen,לֹ֣א,1,False,,
18009033,6,,Schiedsmann,מוֹכִ֑יחַ,4,False,,
18009033,7,,daß,יָשֵׁ֖ת,5,False,,
18009033,8,,er,יָד֣וֹ,6,False,,
18009033,9,,seine,יָד֣וֹ,6,False,,
18009033,10,,Hand,יָד֣וֹ,6,False,,
18009033,11,,auf,עַל־,7,False,,
18009033,12,,uns,שְׁנֵֽינוּ׃,8,False,,
18009033,13,,beide,שְׁנֵֽינוּ׃,8,False,,
18009033,14,,legte,יָשֵׁ֖ת,5,False,,
18009034,1,,Er,יָסֵ֣ר,1,False,,
18009034,2,,tue,יָסֵ֣ר,1,False,,
18009034,3,,seine,שִׁבְט֑וֹ,3,False,,
18009034,4,,Rute,שִׁבְט֑וֹ,3,False,,
18009034,5,,von,מֵעָלַ֣י,2,False,,
18009034,6,,mir,מֵעָלַ֣י,2,False,,
18009034,7,,weg,יָסֵ֣ר,1,False,,
18009034,8,,und,וְ֝אֵמָת֗וֹ,4,False,,
18009034,9,,sein,וְ֝אֵמָת֗וֹ,4,False,,
18009034,10,,Schrecken,וְ֝אֵמָת֗וֹ,4,False,,
18009034,11,,ängstige,תְּבַעֲתַֽנִּי׃,6,False,,
18009034,12,,mich,תְּבַעֲתַֽנִּי׃,6,False,,
18009034,13,,nicht,אַֽל־,5,False,,
18009035,1,,so,אַֽ֭דַבְּרָה,1,False,,
18009035,2,,will,אַֽ֭דַבְּרָה,1,False,,
18009035,3,,ich,אַֽ֭דַבְּרָה,1,False,,
18009035,4,,reden,אַֽ֭דַבְּרָה,1,False,,
18009035,5,,und,וְלֹ֣א,2,False,,
18009035,6,,ihn,אִירָאֶ֑נּוּ,3,False,,
18009035,7,,nicht,וְלֹ֣א,2,False,,
18009035,8,,fürchten,אִירָאֶ֑נּוּ,3,False,,
18009035,9,,denn,כִּ֥י,4,False,,
18009035,10,,nicht,לֹא־,5,False,,
18009035,11,,also,כֵ֥ן,6,False,,
18009035,12,,steht,אָ֝נֹכִ֗י,7,False,,
18009035,13,,es,אָ֝נֹכִ֗י,7,False,,
18009035,14,,bei,עִמָּדִֽי׃,8,False,,
18009035,15,,mir,עִמָּדִֽי׃,8,False,,
18010001,1,,Meine,נַפְשִׁ֗י,2,False,,
18010001,2,,Seele,נַפְשִׁ֗י,2,False,,
18010001,3,,ist,נָֽקְטָ֥ה,1,False,,
18010001,4,,meines,בְּחַ֫יָּ֥י,3,False,,
18010001,5,,Lebens,בְּחַ֫יָּ֥י,3,False,,
18010001,6,,überdrüssig,נָֽקְטָ֥ה,1,False,,
18010001,7,,ich,אֶֽעֶזְבָ֣ה,4,False,,
18010001,8,,will,אֶֽעֶזְבָ֣ה,4,False,,
18010001,9,,meiner,שִׂיחִ֑י,6,False,,
18010001,10,,Klage,שִׂיחִ֑י,6,False,,
18010001,11,,in,עָלַ֣י,5,False,,
18010001,12,,mir,עָלַ֣י,5,False,,
18010001,13,,freien,אֶֽעֶזְבָ֣ה,4,False,,
18010001,14,,Lauf,אֶֽעֶזְבָ֣ה,4,False,,
18010001,15,,lassen,אֶֽעֶזְבָ֣ה,4,False,,
18010001,16,,will,אֲ֝דַבְּרָה֗,7,False,,
18010001,17,,reden,אֲ֝דַבְּרָה֗,7,False,,
18010001,18,,in,בְּמַ֣ר,8,False,,
18010001,19,,der,בְּמַ֣ר,8,False,,
18010001,20,,Bitterkeit,בְּמַ֣ר,8,False,,
18010001,21,,meiner,נַפְשִֽׁי׃,9,False,,
18010001,22,,Seele,נַפְשִֽׁי׃,9,False,,
18010002,1,,Ich,אֹמַ֣ר,1,False,,
18010002,2,,will,אֹמַ֣ר,1,False,,
18010002,3,,zu,אֶל־,2,False,,
18010002,4,,Gott,אֱ֭לוֹהַּ,3,False,,
18010002,5,,sagen,אֹמַ֣ר,1,False,,
18010002,6,,Verdamme,תַּרְשִׁיעֵ֑נִי,5,False,,
18010002,7,,mich,תַּרְשִׁיעֵ֑נִי,5,False,,
18010002,8,,nicht,אַל־,4,False,,
18010002,9,,laß,הֽ֝וֹדִיעֵ֗נִי,6,False,,
18010002,10,,mich,הֽ֝וֹדִיעֵ֗נִי,6,False,,
18010002,11,,wissen,הֽ֝וֹדִיעֵ֗נִי,6,False,,
18010002,12,,worüber,מַה־,8,False,,
18010002,13,,du,עַ֣ל,7,False,,
18010002,14,,mit,עַ֣ל,7,False,,
18010002,15,,mir,עַ֣ל,7,False,,
18010002,16,,rechtest,תְּרִיבֵֽנִי׃,9,False,,
18010003,1,,Gefällt,הֲט֤וֹב,1,False,,
18010003,2,,es,הֲט֤וֹב,1,False,,
18010003,3,,dir,לְךָ֨׀,2,False,,
18010003,4,,daß,כִּֽי־,3,False,,
18010003,5,,du,תַעֲשֹׁ֗ק,4,False,,
18010003,6,,bedrückst,תַעֲשֹׁ֗ק,4,False,,
18010003,7,,daß,כִּֽי־,5,False,,
18010003,8,,du,תִ֭מְאַס,6,False,,
18010003,9,,die,יְגִ֣יעַ,7,False,,
18010003,10,,Arbeit,יְגִ֣יעַ,7,False,,
18010003,11,,deiner,כַּפֶּ֑יךָ,8,False,,
18010003,12,,Hände,כַּפֶּ֑יךָ,8,False,,
18010003,13,,verwirfst,תִ֭מְאַס,6,False,,
18010003,14,,und,וְעַל־,9,False,,
18010003,15,,über,וְעַל־,9,False,,
18010003,16,,den,עֲצַ֖ת,10,False,,
18010003,17,,Rat,עֲצַ֖ת,10,False,,
18010003,18,,der,רְשָׁעִ֣ים,11,False,,
18010003,19,,Gesetzlosen,רְשָׁעִ֣ים,11,False,,
18010003,20,,dein,הוֹפָֽעְתָּ׃,12,False,,
18010003,21,,Licht,הוֹפָֽעְתָּ׃,12,False,,
18010003,22,,leuchten,הוֹפָֽעְתָּ׃,12,False,,
18010003,23,,lässest,הוֹפָֽעְתָּ׃,12,False,,
18010004,1,,Hast,הַעֵינֵ֣י,1,False,,
18010004,2,,du,לָ֑ךְ,3,False,,
18010004,3,,Augen,הַעֵינֵ֣י,1,False,,
18010004,4,,des,בָשָׂ֣ר,2,False,,
18010004,5,,Fleisches,בָשָׂ֣ר,2,False,,
18010004,6,,oder,אִם־,4,False,,
18010004,7,,siehst,תִּרְאֶֽה׃,7,False,,
18010004,8,,du,תִּרְאֶֽה׃,7,False,,
18010004,9,,wie,כִּרְא֖וֹת,5,False,,
18010004,10,,ein,אֱנ֣וֹשׁ,6,True,,
18010004,11,,Mensch,אֱנ֣וֹשׁ,6,False,,
18010004,12,,sieht,תִּרְאֶֽה׃,7,False,,
18010005,1,,Sind,הֲכִימֵ֣י,1,False,,
18010005,2,,deine,יָמֶ֑יךָ,3,False,,
18010005,3,,Tage,יָמֶ֑יךָ,3,False,,
18010005,4,,wie,כִּ֣ימֵי,6,False,,
18010005,5,,die,כִּ֣ימֵי,6,True,,
18010005,6,,Tage,כִּ֣ימֵי,6,False,,
18010005,7,,eines,אֱנ֣וֹשׁ,2,False,,
18010005,8,,Menschen,אֱנ֣וֹשׁ,2,False,,
18010005,9,,oder,אִם־,4,False,,
18010005,10,,deine,שְׁ֝נוֹתֶ֗יךָ,5,False,,
18010005,11,,Jahre,שְׁ֝נוֹתֶ֗יךָ,5,False,,
18010005,12,,wie,גָֽבֶר׃,7,False,,
18010005,13,,die,גָֽבֶר׃,7,True,,
18010005,14,,Tage,גָֽבֶר׃,7,False,,
18010005,15,,eines,גָֽבֶר׃,7,False,,
18010005,16,,Mannes,גָֽבֶר׃,7,False,,
18010006,1,,daß,כִּֽי־,1,False,,
18010006,2,,du,תְבַקֵּ֥שׁ,2,False,,
18010006,3,,nach,לַעֲוֹנִ֑י,3,False,,
18010006,4,,meiner,לַעֲוֹנִ֑י,3,False,,
18010006,5,,Ungerechtigkeit,לַעֲוֹנִ֑י,3,False,,
18010006,6,,suchst,תְבַקֵּ֥שׁ,2,False,,
18010006,7,,und,וּ֭לְחַטָּאתִ֥י,4,False,,
18010006,8,,nach,וּ֭לְחַטָּאתִ֥י,4,False,,
18010006,9,,meiner,וּ֭לְחַטָּאתִ֥י,4,False,,
18010006,10,,Sünde,וּ֭לְחַטָּאתִ֥י,4,False,,
18010006,11,,forschest,תִדְרֽוֹשׁ׃,5,False,,
18010007,1,,obwohl,עַֽל־,1,False,,
18010007,2,,du,דַּ֭עְתְּךָ,2,False,,
18010007,3,,weißt,דַּ֭עְתְּךָ,2,False,,
18010007,4,,daß,כִּי־,3,False,,
18010007,5,,ich,אֶרְשָׁ֑ע,5,False,,
18010007,6,,nicht,לֹ֣א,4,False,,
18010007,7,,schuldig,אֶרְשָׁ֑ע,5,False,,
18010007,8,,bin,אֶרְשָׁ֑ע,5,False,,
18010007,9,,und,וְאֵ֖ין,6,False,,
18010007,10,,daß,וְאֵ֖ין,6,False,,
18010007,11,,niemand,מִיָּדְךָ֣,7,False,,
18010007,12,,ist,מַצִּֽיל׃,8,True,,
18010007,13,,der,מַצִּֽיל׃,8,True,,
18010007,14,,aus,מִיָּדְךָ֣,7,False,,
18010007,15,,deiner,מִיָּדְךָ֣,7,False,,
18010007,16,,Hand,מִיָּדְךָ֣,7,False,,
18010007,17,,errette,מַצִּֽיל׃,8,False,,
18010008,1,,Deine,יָדֶ֣יךָ,1,False,,
18010008,2,,Hände,יָדֶ֣יךָ,1,False,,
18010008,3,,haben,עִ֭צְּבוּנִי,2,False,,
18010008,4,,mich,עִ֭צְּבוּנִי,2,False,,
18010008,5,,ganz,יַ֥חַד,4,False,,
18010008,6,,gebildet,עִ֭צְּבוּנִי,2,False,,
18010008,7,,und,וַֽיַּעֲשׂ֑וּנִי,3,False,,
18010008,8,,gestaltet,וַֽיַּעֲשׂ֑וּנִי,3,False,,
18010008,9,,um,סָ֝בִ֗יב,5,False,,
18010008,10,,und,סָ֝בִ֗יב,5,True,,
18010008,10,,und,וַֽתְּבַלְּעֵֽנִי׃,6,False,,
18010008,11,,um,סָ֝בִ֗יב,5,True,,
18010008,11,,um,וַֽתְּבַלְּעֵֽנִי׃,6,False,,
18010008,12,,und,וַֽתְּבַלְּעֵֽנִי׃,6,False,,
18010008,13,,du,וַֽתְּבַלְּעֵֽנִי׃,6,False,,
18010008,14,,verschlingst,וַֽתְּבַלְּעֵֽנִי׃,6,False,,
18010008,15,,mich,וַֽתְּבַלְּעֵֽנִי׃,6,False,,
18010009,1,,Gedenke,זְכָר־,1,False,,
18010009,2,,doch,נָ֭א,2,False,,
18010009,3,,daß,כִּי־,3,False,,
18010009,4,,du,עֲשִׂיתָ֑נִי,5,False,,
18010009,5,,wie,כַחֹ֣מֶר,4,False,,
18010009,6,,Ton,כַחֹ֣מֶר,4,False,,
18010009,7,,mich,עֲשִׂיתָ֑נִי,5,False,,
18010009,8,,gestaltet-und,עֲשִׂיתָ֑נִי,5,False,,
18010009,9,,zum,וְֽאֶל־,6,False,,
18010009,10,,Staube,עָפָ֥ר,7,False,,
18010009,11,,willst,תְּשִׁיבֵֽנִי׃,8,False,,
18010009,12,,du,תְּשִׁיבֵֽנִי׃,8,False,,
18010009,13,,mich,תְּשִׁיבֵֽנִי׃,8,False,,
18010009,14,,zurückkehren,תְּשִׁיבֵֽנִי׃,8,False,,
18010009,15,,lassen,תְּשִׁיבֵֽנִי׃,8,False,,
18010010,1,,Hast,הֲלֹ֣א,1,False,,
18010010,2,,du,תַּתִּיכֵ֑נִי,3,False,,
18010010,3,,mich,תַּתִּיכֵ֑נִי,3,False,,
18010010,4,,nicht,הֲלֹ֣א,1,False,,
18010010,5,,hingegossen,תַּתִּיכֵ֑נִי,3,False,,
18010010,6,,wie,כֶ֭חָלָב,2,False,,
18010010,7,,Milch,כֶ֭חָלָב,2,False,,
18010010,8,,und,וְ֝כַגְּבִנָּ֗ה,4,False,,
18010010,9,,wie,וְ֝כַגְּבִנָּ֗ה,4,False,,
18010010,10,,Käse,וְ֝כַגְּבִנָּ֗ה,4,False,,
18010010,11,,mich,תַּקְפִּיאֵֽנִי׃,5,False,,
18010010,12,,gerinnen,תַּקְפִּיאֵֽנִי׃,5,False,,
18010010,13,,lassen,תַּקְפִּיאֵֽנִי׃,5,False,,
18010011,1,,Mit,ע֣וֹר,1,False,,
18010011,2,,Haut,ע֣וֹר,1,False,,
18010011,3,,und,וּ֭בָשָׂר,2,False,,
18010011,4,,Fleisch,וּ֭בָשָׂר,2,False,,
18010011,5,,hast,תַּלְבִּישֵׁ֑נִי,3,False,,
18010011,6,,du,תַּלְבִּישֵׁ֑נִי,3,False,,
18010011,7,,mich,תַּלְבִּישֵׁ֑נִי,3,False,,
18010011,8,,bekleidet,תַּלְבִּישֵׁ֑נִי,3,False,,
18010011,9,,und,וּֽבַעֲצָמ֥וֹת,4,False,,
18010011,10,,mit,וּֽבַעֲצָמ֥וֹת,4,False,,
18010011,11,,Knochen,וּֽבַעֲצָמ֥וֹת,4,False,,
18010011,12,,und,וְ֝גִידִ֗ים,5,False,,
18010011,13,,Sehnen,וְ֝גִידִ֗ים,5,False,,
18010011,14,,mich,תְּסֹכְכֵֽנִי׃,6,False,,
18010011,15,,durchflochten,תְּסֹכְכֵֽנִי׃,6,False,,
18010012,1,,Leben,חַיִּ֣ים,1,False,,
18010012,2,,und,וָ֭חֶסֶד,2,False,,
18010012,3,,Huld,וָ֭חֶסֶד,2,False,,
18010012,4,,hast,עָשִׂ֣יתָ,3,False,,
18010012,5,,du,עָשִׂ֣יתָ,3,False,,
18010012,6,,mir,עִמָּדִ֑י,4,False,,
18010012,7,,gewährt,עָשִׂ֣יתָ,3,False,,
18010012,8,,und,וּ֝פְקֻדָּתְךָ֗,5,False,,
18010012,9,,deine,וּ֝פְקֻדָּתְךָ֗,5,False,,
18010012,10,,Obhut,וּ֝פְקֻדָּתְךָ֗,5,False,,
18010012,11,,bewahrte,שָֽׁמְרָ֥ה,6,False,,
18010012,12,,meinen,רוּחִֽי׃,7,False,,
18010012,13,,Geist,רוּחִֽי׃,7,False,,
18010013,1,,Doch,וְ֭אֵלֶּה,1,False,,
18010013,2,,solches,וְ֭אֵלֶּה,1,False,,
18010013,3,,bargest,צָפַ֣נְתָּ,2,False,,
18010013,4,,du,צָפַ֣נְתָּ,2,False,,
18010013,5,,in,בִלְבָבֶ֑ךָ,3,False,,
18010013,6,,deinem,בִלְבָבֶ֑ךָ,3,False,,
18010013,7,,Herzen,בִלְבָבֶ֑ךָ,3,False,,
18010013,8,,ich,יָ֝דַ֗עְתִּי,4,False,,
18010013,9,,weiß,יָ֝דַ֗עְתִּי,4,False,,
18010013,10,,daß,כִּי־,5,False,,
18010013,11,,dieses,זֹ֥את,6,False,,
18010013,12,,bei,עִמָּֽךְ׃,7,False,,
18010013,13,,dir,עִמָּֽךְ׃,7,False,,
18010013,14,,war,עִמָּֽךְ׃,7,False,,
18010014,1,,Wenn,אִם־,1,False,,
18010014,2,,ich,חָטָ֥אתִי,2,False,,
18010014,3,,sündigte,חָטָ֥אתִי,2,False,,
18010014,4,,so,וּשְׁמַרְתָּ֑נִי,3,False,,
18010014,5,,würdest,וּשְׁמַרְתָּ֑נִי,3,False,,
18010014,6,,du,וּשְׁמַרְתָּ֑נִי,3,False,,
18010014,7,,mich,וּשְׁמַרְתָּ֑נִי,3,False,,
18010014,8,,beobachten,וּשְׁמַרְתָּ֑נִי,3,False,,
18010014,9,,und,וּ֝מֵעֲוֹנִ֗י,4,False,,
18010014,10,,von,וּ֝מֵעֲוֹנִ֗י,4,False,,
18010014,11,,meiner,וּ֝מֵעֲוֹנִ֗י,4,False,,
18010014,12,,Missetat,וּ֝מֵעֲוֹנִ֗י,4,False,,
18010014,13,,mich,וּ֝מֵעֲוֹנִ֗י,4,False,,
18010014,14,,nicht,לֹ֣א,5,False,,
18010014,15,,freisprechen,תְנַקֵּֽנִי׃,6,False,,
18010015,1,,Wenn,אִם־,1,False,,
18010015,2,,ich,רָשַׁ֡עְתִּי,2,False,,
18010015,3,,schuldig,רָשַׁ֡עְתִּי,2,False,,
18010015,4,,wäre,רָשַׁ֡עְתִּי,2,False,,
18010015,5,,wehe,אַלְלַ֬י,3,False,,
18010015,6,,mir,לִ֗י,4,False,,
18010015,7,,und,וְ֭צָדַקְתִּי,5,False,,
18010015,8,,wäre,וְ֭צָדַקְתִּי,5,False,,
18010015,9,,ich,וְ֭צָדַקְתִּי,5,False,,
18010015,10,,gerecht,וְ֭צָדַקְתִּי,5,False,,
18010015,11,,so,לֹא־,6,False,,
18010015,12,,dürfte,אֶשָּׂ֣א,7,False,,
18010015,13,,ich,אֶשָּׂ֣א,7,False,,
18010015,14,,mein,רֹאשִׁ֑י,8,False,,
18010015,15,,Haupt,רֹאשִׁ֑י,8,False,,
18010015,16,,nicht,לֹא־,6,False,,
18010015,17,,erheben,אֶשָּׂ֣א,7,False,,
18010015,18,,gesättigt,שְׂבַ֥ע,9,False,,
18010015,19,,von,קָ֝ל֗וֹן,10,False,,
18010015,20,,Schande,קָ֝ל֗וֹן,10,False,,
18010015,21,,und,וּרְאֵ֥ה,11,False,,
18010015,22,,mein,עָנְיִֽי׃,12,False,,
18010015,23,,Elend,עָנְיִֽי׃,12,False,,
18010015,24,,schauend,וּרְאֵ֥ה,11,False,,
18010016,1,,Und,וְ֭יִגְאֶה,1,False,,
18010016,2,,richtete,וְ֭יִגְאֶה,1,False,,
18010016,3,,es,וְ֭יִגְאֶה,1,False,,
18010016,4,,sich,וְ֭יִגְאֶה,1,False,,
18010016,5,,empor,וְ֭יִגְאֶה,1,False,,
18010016,6,,wie,כַּשַּׁ֣חַל,2,False,,
18010016,7,,ein,כַּשַּׁ֣חַל,2,True,,
18010016,8,,Löwe,כַּשַּׁ֣חַל,2,False,,
18010016,9,,würdest,תְּצוּדֵ֑נִי,3,False,,
18010016,10,,du,תְּצוּדֵ֑נִי,3,False,,
18010016,11,,mich,תְּצוּדֵ֑נִי,3,False,,
18010016,12,,jagen,תְּצוּדֵ֑נִי,3,False,,
18010016,13,,und,וְ֝תָשֹׁ֗ב,4,False,,
18010016,14,,immer,תִּתְפַּלָּא־,5,False,,
18010016,15,,wieder,תִּתְפַּלָּא־,5,False,,
18010016,16,,deine,תִּתְפַּלָּא־,5,False,,
18010016,17,,Wunderkraft,תִּתְפַּלָּא־,5,False,,
18010016,18,,an,תִּתְפַּלָּא־,5,False,,
18010016,19,,mir,בִֽי׃,6,False,,
18010016,20,,erweisen,תִּתְפַּלָּא־,5,False,,
18010017,1,,Du,תְּחַדֵּ֬שׁ,1,False,,
18010017,2,,würdest,תְּחַדֵּ֬שׁ,1,False,,
18010017,3,,deine,עֵדֶ֨יךָ׀,2,False,,
18010017,4,,Zeugen,עֵדֶ֨יךָ׀,2,False,,
18010017,5,,mir,נֶגְדִּ֗י,3,False,,
18010017,6,,gegenüber,נֶגְדִּ֗י,3,False,,
18010017,7,,erneuern,תְּחַדֵּ֬שׁ,1,False,,
18010017,8,,und,וְתֶ֣רֶב,4,False,,
18010017,9,,deinen,כַּֽ֭עַשְׂךָ,5,False,,
18010017,10,,Zorn,כַּֽ֭עַשְׂךָ,5,False,,
18010017,11,,wider,כַּֽ֭עַשְׂךָ,5,False,,
18010017,12,,mich,עִמָּדִ֑י,6,False,,
18010017,13,,mehren,וְתֶ֣רֶב,4,False,,
18010017,14,,stets,חֲלִיפ֖וֹת,7,False,,
18010017,15,,frische,חֲלִיפ֖וֹת,7,False,,
18010017,16,,Scharen,חֲלִיפ֖וֹת,7,False,,
18010017,17,,und,וְצָבָ֣א,8,False,,
18010017,18,,ein,וְצָבָ֣א,8,False,,
18010017,19,,Heer,וְצָבָ֣א,8,False,,
18010017,20,,wider,וְצָבָ֣א,8,False,,
18010017,21,,mich,עִמִּֽי׃,9,False,,
18010017,22,,entbieten,עִמִּֽי׃,9,False,,
18010018,1,,Warum,וְלָ֣מָּה,1,False,,
18010018,2,,hast,הֹצֵאתָ֑נִי,3,False,,
18010018,3,,du,הֹצֵאתָ֑נִי,3,False,,
18010018,4,,mich,הֹצֵאתָ֑נִי,3,False,,
18010018,5,,doch,וְלָ֣מָּה,1,False,,
18010018,6,,aus,מֵ֭רֶחֶם,2,False,,
18010018,7,,Mutterleibe,מֵ֭רֶחֶם,2,False,,
18010018,8,,hervorgehen,הֹצֵאתָ֑נִי,3,False,,
18010018,9,,lassen,הֹצֵאתָ֑נִי,3,False,,
18010018,10,,Ich,אֶ֝גְוַ֗ע,4,False,,
18010018,11,,hätte,אֶ֝גְוַ֗ע,4,False,,
18010018,12,,verscheiden,אֶ֝גְוַ֗ע,4,False,,
18010018,13,,und,וְעַ֣יִן,5,False,,
18010018,14,,kein,לֹא־,6,False,,
18010018,15,,Auge,וְעַ֣יִן,5,False,,
18010018,16,,hätte,תִרְאֵֽנִי׃,7,False,,
18010018,17,,mich,תִרְאֵֽנִי׃,7,False,,
18010018,18,,sehen,תִרְאֵֽנִי׃,7,False,,
18010018,19,,sollen,תִרְאֵֽנִי׃,7,False,,
18010019,1,,Als,כַּאֲשֶׁ֣ר,1,False,,
18010019,2,,ob,כַּאֲשֶׁ֣ר,1,False,,
18010019,3,,ich,הָיִ֣יתִי,3,False,,
18010019,4,,nicht,לֹא־,2,False,,
18010019,5,,gewesen,הָיִ֣יתִי,3,False,,
18010019,6,,wäre,הָיִ֣יתִי,3,False,,
18010019,7,,so,אֶהְיֶ֑ה,4,False,,
18010019,8,,hätte,אֶהְיֶ֑ה,4,False,,
18010019,9,,ich,אֶהְיֶ֑ה,4,False,,
18010019,10,,sein,אֶהְיֶ֑ה,4,False,,
18010019,11,,sollen,אֶהְיֶ֑ה,4,False,,
18010019,12,,vom,מִ֝בֶּ֗טֶן,5,False,,
18010019,13,,Mutterschoße,מִ֝בֶּ֗טֶן,5,False,,
18010019,14,,zu,לַקֶּ֥בֶר,6,False,,
18010019,15,,Grabe,לַקֶּ֥בֶר,6,False,,
18010019,16,,getragen,אוּבָֽל׃,7,False,,
18010020,1,,Sind,הֲלֹא־,1,False,,
18010020,2,,meiner,יָמַ֣י,3,False,,
18010020,3,,Tage,יָמַ֣י,3,False,,
18010020,4,,nicht,הֲלֹא־,1,False,,
18010020,5,,wenige,מְעַ֣ט,2,False,,
18010020,6,,Er,וַחֲדָ֑ל,4,False,,
18010020,7,,lasse,וְאַבְלִ֥יגָה,7,False,,
18010020,8,,ab,וְאַבְלִ֥יגָה,7,False,,
18010020,9,,wende,וְשִׁ֥ית,5,False,,
18010020,10,,sich,וְשִׁ֥ית,5,False,,
18010020,11,,von,מִ֝מֶּ֗נִּי,6,False,,
18010020,12,,mir,מִ֝מֶּ֗נִּי,6,False,,
18010020,13,,daß,מְּעָֽט׃,8,True,,
18010020,14,,ich,מְּעָֽט׃,8,False,,
18010020,15,,ein,מְּעָֽט׃,8,True,,
18010020,16,,wenig,מְּעָֽט׃,8,False,,
18010020,17,,mich,מְּעָֽט׃,8,False,,
18010020,18,,erheitere,וְאַבְלִ֥יגָה,7,False,,
18010021,1,,ehe,בְּטֶ֣רֶם,1,False,,
18010021,2,,ich,אֵ֭לֵךְ,2,False,,
18010021,3,,hingehe,אֵ֭לֵךְ,2,False,,
18010021,4,,und,וְלֹ֣א,3,False,,
18010021,5,,nicht,וְלֹ֣א,3,False,,
18010021,6,,wiederkomme,אָשׁ֑וּב,4,False,,
18010021,7,,in,אֶל־,5,False,,
18010021,8,,das,אֶ֖רֶץ,6,True,,
18010021,9,,Land,אֶ֖רֶץ,6,False,,
18010021,10,,der,חֹ֣שֶׁךְ,7,True,,
18010021,11,,Finsternis,חֹ֣שֶׁךְ,7,False,,
18010021,12,,und,וְצַלְמָֽוֶת׃,8,False,,
18010021,13,,des,וְצַלְמָֽוֶת׃,8,True,,
18010021,14,,Todesschattens,וְצַלְמָֽוֶת׃,8,False,,
18010022,1,,in,אֶ֤רֶץ,1,False,,
18010022,2,,das,אֶ֤רֶץ,1,True,,
18010022,3,,Land,אֶ֤רֶץ,1,False,,
18010022,4,,düster,עֵיפָ֨תָה׀,2,False,,
18010022,5,,wie,כְּמ֥וֹ,3,False,,
18010022,6,,das,אֹ֗פֶל,4,True,,
18010022,7,,Dunkel,אֹ֗פֶל,4,False,,
18010022,8,,das,צַ֭לְמָוֶת,5,True,,
18010022,9,,Land,אֶ֤רֶץ,1,False,,
18010022,10,,des,צַ֭לְמָוֶת,5,True,,
18010022,11,,Todesschattens,צַ֭לְמָוֶת,5,False,,
18010022,12,,und,וְלֹ֥א,6,False,,
18010022,13,,der,סְדָרִ֗ים,7,True,,
18010022,14,,Unordnung,סְדָרִ֗ים,7,False,,
18010022,15,,und,וַתֹּ֥פַע,8,False,,
18010022,16,,wo,כְּמוֹ־,9,False,,
18010022,17,,das,אֹֽפֶל׃ פ,10,True,,
18010022,18,,Hellwerden,אֹֽפֶל׃ פ,10,False,,
18010022,19,,dem,אֹֽפֶל׃ פ,10,True,,
18010022,20,,Dunkel,אֹֽפֶל׃ פ,10,False,,
18010022,21,,gleich,כְּמוֹ־,9,False,,
18010022,22,,ist,אֹֽפֶל׃ פ,10,False,,
18011001,1,,Und,וַ֭יַּעַן,1,False,,
18011001,2,,Zophar,צֹפַ֥ר,2,False,,
18011001,3,,der,הַֽנַּעֲמָתִ֗י,3,True,,
18011001,4,,Naamathiter,הַֽנַּעֲמָתִ֗י,3,False,,
18011001,5,,antwortete,וַ֭יַּעַן,1,False,,
18011001,6,,und,וַיֹּאמַֽר׃,4,False,,
18011001,7,,sprach,וַיֹּאמַֽר׃,4,False,,
18011002,1,,Sollte,הֲרֹ֣ב,1,False,,
18011002,2,,die,הֲרֹ֣ב,1,True,,
18011002,3,,Menge,הֲרֹ֣ב,1,False,,
18011002,4,,der,דְּ֭בָרִים,2,True,,
18011002,5,,Worte,דְּ֭בָרִים,2,False,,
18011002,6,,nicht,לֹ֣א,3,False,,
18011002,7,,beantwortet,יֵעָנֶ֑ה,4,False,,
18011002,8,,werden,יֵעָנֶ֑ה,4,False,,
18011002,9,,oder,וְאִם־,5,False,,
18011002,10,,sollte,וְאִם־,5,False,,
18011002,11,,ein,אִ֖ישׁ,6,True,,
18011002,12,,Schwätzer,אִ֖ישׁ,6,False,,
18011002,13,,recht,יִצְדָּֽק׃,8,False,,
18011002,14,,behalten,יִצְדָּֽק׃,8,False,,
18011003,1,,Sollte,בַּ֭דֶּיךָ,1,False,,
18011003,2,,dein,בַּ֭דֶּיךָ,1,False,,
18011003,3,,Gerede,בַּ֭דֶּיךָ,1,False,,
18011003,4,,die,מְתִ֣ים,2,True,,
18011003,5,,Leute,מְתִ֣ים,2,False,,
18011003,6,,zum,יַחֲרִ֑ישׁו,3,True,,
18011003,7,,Schweigen,יַחֲרִ֑ישׁו,3,False,,
18011003,8,,bringen,יַחֲרִ֑ישׁו,3,False,,
18011003,9,,daß,וַ֝תִּלְעַ֗ג,4,False,,
18011003,10,,du,וַ֝תִּלְעַ֗ג,4,False,,
18011003,11,,spotten,וַ֝תִּלְעַ֗ג,4,False,,
18011003,12,,solltest,וַ֝תִּלְעַ֗ג,4,False,,
18011003,13,,und,וְאֵ֣ין,5,False,,
18011003,14,,niemand,וְאֵ֣ין,5,False,,
18011003,15,,dich,מַכְלִֽם׃,6,False,,
18011003,16,,beschämen,מַכְלִֽם׃,6,False,,
18011004,1,,daß,וַ֭תֹּאמֶר,1,False,,
18011004,2,,du,וַ֭תֹּאמֶר,1,False,,
18011004,3,,sagen,וַ֭תֹּאמֶר,1,False,,
18011004,4,,solltest,וַ֭תֹּאמֶר,1,False,,
18011004,5,,Meine,לִקְחִ֑י,3,False,,
18011004,6,,Lehre,לִקְחִ֑י,3,False,,
18011004,7,,ist,הָיִ֥יתִי,5,False,,
18011004,8,,lauter,זַ֣ךְ,2,False,,
18011004,9,,und,וּ֝בַ֗ר,4,False,,
18011004,10,,ich,הָיִ֥יתִי,5,False,,
18011004,11,,bin,הָיִ֥יתִי,5,False,,
18011004,12,,rein,וּ֝בַ֗ר,4,False,,
18011004,13,,in,בְעֵינֶֽיךָ׃,6,False,,
18011004,14,,deinen,בְעֵינֶֽיךָ׃,6,False,,
18011004,15,,Augen,בְעֵינֶֽיךָ׃,6,False,,
18011005,1,,Aber,וְֽאוּלָ֗ם,1,False,,
18011005,2,,möchte,יִתֵּ֣ן,3,False,,
18011005,3,,Gott,אֱל֣וֹהַּ,4,False,,
18011005,4,,doch,וְֽאוּלָ֗ם,1,True,,
18011005,5,,reden,דַּבֵּ֑ר,5,False,,
18011005,6,,und,וְיִפְתַּ֖ח,6,False,,
18011005,7,,seine,שְׂפָתָ֣יו,7,False,,
18011005,8,,Lippen,שְׂפָתָ֣יו,7,False,,
18011005,9,,gegen,עִמָּֽךְ׃,8,False,,
18011005,10,,dich,עִמָּֽךְ׃,8,False,,
18011005,11,,öffnen,וְיִפְתַּ֖ח,6,False,,
18011006,1,,und,וְיַגֶּד־,1,False,,
18011006,2,,dir,לְךָ֨׀,2,False,,
18011006,3,,kundtun,וְיַגֶּד־,1,False,,
18011006,4,,die,תַּֽעֲלֻמ֣וֹת,3,True,,
18011006,5,,Geheimnisse,תַּֽעֲלֻמ֣וֹת,3,False,,
18011006,6,,der,חָכְמָה֮,4,True,,
18011006,7,,Weisheit,חָכְמָה֮,4,False,,
18011006,8,,daß,כִּֽי־,5,False,,
18011006,9,,sie,כִפְלַ֪יִם,6,False,,
18011006,10,,das,כִפְלַ֪יִם,6,True,,
18011006,11,,Doppelte,כִפְלַ֪יִם,6,False,,
18011006,12,,ist,לְֽת֫וּשִׁיָּ֥ה,7,False,,
18011006,13,,an,לְֽת֫וּשִׁיָּ֥ה,7,False,,
18011006,14,,Bestand,לְֽת֫וּשִׁיָּ֥ה,7,False,,
18011006,15,,Dann,וְדַ֡ע,8,False,,
18011006,16,,müßtest,יַשֶּׁ֥ה,10,False,,
18011006,17,,du,וְדַ֡ע,8,False,,
18011006,18,,erkennen,וְדַ֡ע,8,False,,
18011006,19,,daß,כִּֽי־,9,False,,
18011006,20,,Gott,אֱ֝ל֗וֹהַ,12,False,,
18011006,21,,dir,לְךָ֥,11,False,,
18011006,22,,viel,יַשֶּׁ֥ה,10,True,,
18011006,23,,von,מֵעֲוֹנֶֽךָ׃,13,False,,
18011006,24,,deiner,מֵעֲוֹנֶֽךָ׃,13,False,,
18011006,25,,Missetat,מֵעֲוֹנֶֽךָ׃,13,False,,
18011006,26,,übersieht,יַשֶּׁ֥ה,10,False,,
18011007,1,,Kannst,הַחֵ֣קֶר,1,False,,
18011007,2,,du,תִּמְצָ֑א,3,False,,
18011007,3,,die,הַחֵ֣קֶר,1,True,,
18011007,4,,Tiefe,הַחֵ֣קֶר,1,False,,
18011007,5,,Gottes,אֱל֣וֹהַ,2,False,,
18011007,6,,erreichen,תִּמְצָ֑א,3,False,,
18011007,7,,oder,אִ֤ם,4,False,,
18011007,8,,das,תַּכְלִ֖ית,6,True,,
18011007,9,,Wesen,תַּכְלִ֖ית,6,False,,
18011007,10,,des,שַׁדַּ֣י,7,True,,
18011007,11,,Allmächtigen,שַׁדַּ֣י,7,False,,
18011007,12,,ergründen,תִּמְצָֽא׃,8,False,,
18011008,1,,Himmelhoch,גָּבְהֵ֣י,1,False,,
18011008,2,,sind,גָּבְהֵ֣י,1,False,,
18011008,3,,sie-was,שָׁ֭מַיִם,2,False,,
18011008,4,,kannst,תִּפְעָ֑ל,4,False,,
18011008,5,,du,תִּפְעָ֑ל,4,False,,
18011008,6,,tun,תִּפְעָ֑ל,4,False,,
18011008,7,,tiefer,עֲמֻקָּ֥ה,5,False,,
18011008,8,,als,מִ֝שְּׁא֗וֹל,6,False,,
18011008,9,,der,מִ֝שְּׁא֗וֹל,6,True,,
18011008,10,,Scheol-was,מִ֝שְּׁא֗וֹל,6,False,,
18011008,11,,kannst,תֵּדָֽע׃,8,False,,
18011008,12,,du,תֵּדָֽע׃,8,False,,
18011008,13,,wissen,תֵּדָֽע׃,8,False,,
18011009,1,,länger,אֲרֻכָּ֣ה,1,False,,
18011009,2,,als,מֵאֶ֣רֶץ,2,False,,
18011009,3,,die,מֵאֶ֣רֶץ,2,True,,
18011009,4,,Erde,מֵאֶ֣רֶץ,2,False,,
18011009,5,,ist,אֲרֻכָּ֣ה,1,False,,
18011009,6,,ihr,מִדָּ֑הּ,3,False,,
18011009,7,,Maß,מִדָּ֑הּ,3,False,,
18011009,8,,und,וּ֝רְחָבָ֗ה,4,False,,
18011009,9,,breiter,וּ֝רְחָבָ֗ה,4,False,,
18011009,10,,als,מִנִּי־,5,False,,
18011009,11,,das,יָֽם׃,6,True,,
18011009,12,,Meer,יָֽם׃,6,False,,
18011010,1,,Wenn,אִם־,1,False,,
18011010,2,,er,יַחֲלֹ֥ף,2,False,,
18011010,3,,vorüberzieht,יַחֲלֹ֥ף,2,False,,
18011010,4,,und,וְיַסְגִּ֑יר,3,False,,
18011010,5,,in,וְיַסְגִּ֑יר,3,False,,
18011010,6,,Verhaft,וְיַסְגִּ֑יר,3,False,,
18011010,7,,nimmt,וְיַסְגִּ֑יר,3,False,,
18011010,8,,und,וְ֝יַקְהִ֗יל,4,False,,
18011010,9,,zum,וְ֝יַקְהִ֗יל,4,False,,
18011010,10,,Gericht,וְ֝יַקְהִ֗יל,4,False,,
18011010,11,,versammelt,וְ֝יַקְהִ֗יל,4,False,,
18011010,12,,wer,וּמִ֣י,5,False,,
18011010,13,,will,וּמִ֣י,5,False,,
18011010,14,,ihm,יְשִׁיבֶֽנּוּ׃,6,False,,
18011010,15,,dann,יְשִׁיבֶֽנּוּ׃,6,False,,
18011010,16,,wehren,יְשִׁיבֶֽנּוּ׃,6,False,,
18011011,1,,Denn,כִּי־,1,False,,
18011011,2,,er,ה֭וּא,2,False,,
18011011,3,,kennt,יָדַ֣ע,3,False,,
18011011,4,,die,מְתֵי־,4,True,,
18011011,5,,falschen,שָׁ֑וְא,5,False,,
18011011,6,,Leute,מְתֵי־,4,False,,
18011011,7,,und,וַיַּרְא־,6,False,,
18011011,8,,er,וַיַּרְא־,6,False,,
18011011,9,,sieht,וַיַּרְא־,6,False,,
18011011,10,,Frevel,אָ֝֗וֶן,7,False,,
18011011,11,,ohne,וְלֹ֣א,8,False,,
18011011,12,,daß,וְלֹ֣א,8,False,,
18011011,13,,er,וְלֹ֣א,8,False,,
18011011,14,,achtgibt,יִתְבּוֹנָֽן׃,9,False,,
18011012,1,,Auch,וְאִ֣ישׁ,1,False,,
18011012,2,,ein,וְאִ֣ישׁ,1,True,,
18011012,3,,Hohlköpfiger,וְאִ֣ישׁ,1,False,,
18011012,4,,gewinnt,יִלָּבֵ֑ב,3,False,,
18011012,5,,Verstand,נָ֭בוּב,2,False,,
18011012,6,,wenn,וְאִ֣ישׁ,1,False,,
18011012,7,,auch,וְאִ֣ישׁ,1,False,,
18011012,8,,der,אָדָ֥ם,6,True,,
18011012,9,,Mensch,אָדָ֥ם,6,False,,
18011012,10,,als,וְעַ֥יִר,4,False,,
18011012,11,,ein,וְעַ֥יִר,4,True,,
18011012,12,,Wildeselsfüllen,פֶּ֝֗רֶא,5,False,,
18011012,13,,geboren,יִוָּלֵֽד׃,7,False,,
18011012,14,,wird,יִוָּלֵֽד׃,7,False,,
18011013,1,,Wenn,אִם־,1,False,,
18011013,2,,du,אַ֭תָּ֗ה,2,False,,
18011013,3,,dein,לִבֶּ֑ךָ,4,False,,
18011013,4,,Herz,לִבֶּ֑ךָ,4,False,,
18011013,5,,richtest,הֲכִינ֣וֹתָ,3,False,,
18011013,6,,und,וּפָרַשְׂתָּ֖,5,False,,
18011013,7,,deine,כַּפֶּֽךָ׃,7,False,,
18011013,8,,Hände,כַּפֶּֽךָ׃,7,False,,
18011013,9,,zu,אֵלָ֣יו,6,False,,
18011013,10,,ihm,אֵלָ֣יו,6,False,,
18011013,11,,ausbreitest,וּפָרַשְׂתָּ֖,5,False,,
18011013,12,,,כַּפֶּֽךָ׃,7,True,,
18011014,1,,wenn,אִם־,1,False,,
18011014,2,,Frevel,אָ֣וֶן,2,False,,
18011014,3,,in,בְּ֭יָדְךָ,3,False,,
18011014,4,,deiner,בְּ֭יָדְךָ,3,False,,
18011014,5,,Hand,בְּ֭יָדְךָ,3,False,,
18011014,6,,ist,הַרְחִיקֵ֑הוּ,4,True,,
18011014,7,,so,וְאַל־,5,True,,
18011014,8,,entferne,הַרְחִיקֵ֑הוּ,4,False,,
18011014,9,,ihn,הַרְחִיקֵ֑הוּ,4,False,,
18011014,10,,und,וְאַל־,5,False,,
18011014,11,,laß,תַּשְׁכֵּ֖ן,6,False,,
18011014,12,,Unrecht,עַוְלָֽה׃,8,False,,
18011014,13,,nicht,וְאַל־,5,False,,
18011014,14,,wohnen,תַּשְׁכֵּ֖ן,6,False,,
18011014,15,,in,בְּאֹהָלֶ֣יךָ,7,False,,
18011014,16,,deinen,בְּאֹהָלֶ֣יךָ,7,False,,
18011014,17,,Zelten,בְּאֹהָלֶ֣יךָ,7,False,,
18011015,1,,ja,כִּי־,1,False,,
18011015,2,,dann,אָ֤ז׀,2,False,,
18011015,3,,wirst,תִּשָּׂ֣א,3,False,,
18011015,4,,du,תִּשָּׂ֣א,3,False,,
18011015,5,,dein,פָנֶ֣יךָ,4,False,,
18011015,6,,Angesicht,פָנֶ֣יךָ,4,False,,
18011015,7,,erheben,תִּשָּׂ֣א,3,False,,
18011015,8,,ohne,מִמּ֑וּם,5,False,,
18011015,9,,Makel,מִמּ֑וּם,5,False,,
18011015,10,,und,וְהָיִ֥יתָ,6,False,,
18011015,11,,wirst,וְהָיִ֥יתָ,6,False,,
18011015,12,,unerschütterlich,מֻ֝צָ֗ק,7,False,,
18011015,13,,sein,וְהָיִ֥יתָ,6,False,,
18011015,14,,und,וְלֹ֣א,8,False,,
18011015,15,,dich,תִירָֽא׃,9,False,,
18011015,16,,nicht,וְלֹ֣א,8,False,,
18011015,17,,fürchten,תִירָֽא׃,9,False,,
18011016,1,,Denn,כִּי־,1,False,,
18011016,2,,du,אַ֭תָּה,2,False,,
18011016,3,,wirst,תִּשְׁכָּ֑ח,4,False,,
18011016,4,,die,עָמָ֣ל,3,True,,
18011016,5,,Mühsal,עָמָ֣ל,3,False,,
18011016,6,,vergessen,תִּשְׁכָּ֑ח,4,False,,
18011016,7,,wirst,תִזְכֹּֽר׃,7,False,,
18011016,8,,ihrer,תִזְכֹּֽר׃,7,False,,
18011016,9,,gedenken,תִזְכֹּֽר׃,7,False,,
18011016,10,,wie,כְּמַ֖יִם,5,False,,
18011016,11,,vorübergeflossener,עָבְר֣וּ,6,False,,
18011016,12,,Wasser,כְּמַ֖יִם,5,False,,
18011017,1,,und,וּֽ֭מִצָּהֳרַיִם,1,False,,
18011017,2,,heller,וּֽ֭מִצָּהֳרַיִם,1,False,,
18011017,3,,als,וּֽ֭מִצָּהֳרַיִם,1,False,,
18011017,4,,der,וּֽ֭מִצָּהֳרַיִם,1,True,,
18011017,5,,Mittag,וּֽ֭מִצָּהֳרַיִם,1,False,,
18011017,6,,wird,יָק֣וּם,2,False,,
18011017,7,,dein,חָ֑לֶד,3,False,,
18011017,8,,Leben,חָ֑לֶד,3,False,,
18011017,9,,erstehen,יָק֣וּם,2,False,,
18011017,10,,mag,תָּ֝עֻ֗פָה,4,False,,
18011017,11,,es,תָּ֝עֻ֗פָה,4,False,,
18011017,12,,finster,תָּ֝עֻ֗פָה,4,False,,
18011017,13,,sein-wie,כַּבֹּ֥קֶר,5,False,,
18011017,14,,der,כַּבֹּ֥קֶר,5,True,,
18011017,15,,Morgen,כַּבֹּ֥קֶר,5,False,,
18011017,16,,wird,תִּהְיֶֽה׃,6,False,,
18011017,17,,es,תִּהְיֶֽה׃,6,False,,
18011017,18,,werden,תִּהְיֶֽה׃,6,False,,
18011018,1,,Und,וּֽ֭בָטַחְתָּ,1,False,,
18011018,2,,du,וּֽ֭בָטַחְתָּ,1,False,,
18011018,3,,wirst,וּֽ֭בָטַחְתָּ,1,False,,
18011018,4,,Vertrauen,וּֽ֭בָטַחְתָּ,1,False,,
18011018,5,,fassen,וּֽ֭בָטַחְתָּ,1,False,,
18011018,6,,weil,כִּי־,2,False,,
18011018,7,,es,יֵ֣שׁ,3,False,,
18011018,8,,Hoffnung,תִּקְוָ֑ה,4,False,,
18011018,9,,gibt,יֵ֣שׁ,3,False,,
18011018,10,,und,וְ֝חָפַרְתָּ֗,5,False,,
18011018,11,,du,וְ֝חָפַרְתָּ֗,5,False,,
18011018,12,,wirst,תִּשְׁכָּֽב׃,7,False,,
18011018,13,,Umschau,לָבֶ֥טַח,6,False,,
18011018,14,,halten,תִּשְׁכָּֽב׃,7,False,,
18011018,15,,in,לָבֶ֥טַח,6,False,,
18011018,16,,Sicherheit,לָבֶ֥טַח,6,False,,
18011018,17,,dich,תִּשְׁכָּֽב׃,7,False,,
18011018,18,,niederlegen,תִּשְׁכָּֽב׃,7,False,,
18011019,1,,Und,וְֽ֭רָבַצְתָּ,1,False,,
18011019,2,,du,וְֽ֭רָבַצְתָּ,1,False,,
18011019,3,,wirst,וְֽ֭רָבַצְתָּ,1,False,,
18011019,4,,dich,וְֽ֭רָבַצְתָּ,1,False,,
18011019,5,,lagern,וְֽ֭רָבַצְתָּ,1,False,,
18011019,6,,und,וְאֵ֣ין,2,False,,
18011019,7,,niemand,וְאֵ֣ין,2,False,,
18011019,8,,wird,מַחֲרִ֑יד,3,False,,
18011019,9,,dich,פָנֶ֣יךָ,5,False,,
18011019,10,,aufschrecken,מַחֲרִ֑יד,3,False,,
18011019,11,,und,וְחִלּ֖וּ,4,False,,
18011019,12,,viele,רַבִּֽים׃,6,False,,
18011019,13,,werden,וְחִלּ֖וּ,4,False,,
18011019,14,,deine,פָנֶ֣יךָ,5,False,,
18011019,15,,Gunst,פָנֶ֣יךָ,5,False,,
18011019,16,,suchen,רַבִּֽים׃,6,False,,
18011020,1,,Aber,וְעֵינֵ֥י,1,False,,
18011020,2,,die,וְעֵינֵ֥י,1,True,,
18011020,3,,Augen,וְעֵינֵ֥י,1,False,,
18011020,4,,der,רְשָׁעִ֗ים,2,True,,
18011020,5,,Gesetzlosen,רְשָׁעִ֗ים,2,False,,
18011020,6,,werden,תִּ֫כְלֶ֥ינָה,3,False,,
18011020,7,,verschmachten,תִּ֫כְלֶ֥ינָה,3,False,,
18011020,8,,und,וּ֭מָנוֹס,4,False,,
18011020,9,,jede,וּ֭מָנוֹס,4,False,,
18011020,10,,Zuflucht,וּ֭מָנוֹס,4,False,,
18011020,11,,ist,אָבַ֣ד,5,False,,
18011020,12,,ihnen,מִנְהֶ֑ם,6,False,,
18011020,13,,verloren,אָבַ֣ד,5,False,,
18011020,14,,und,וְ֝תִקְוָתָ֗ם,7,False,,
18011020,15,,ihre,וְ֝תִקְוָתָ֗ם,7,False,,
18011020,16,,Hoffnung,וְ֝תִקְוָתָ֗ם,7,False,,
18011020,17,,ist,מַֽפַּח־,8,False,,
18011020,18,,das,מַֽפַּח־,8,True,,
18011020,19,,Aushauchen,מַֽפַּח־,8,False,,
18011020,20,,der,נָֽפֶשׁ׃ פ,9,True,,
18011020,21,,Seele,נָֽפֶשׁ׃ פ,9,False,,
18012001,1,,Und,וַיַּ֥עַן,1,False,,
18012001,2,,Hiob,אִיּ֗וֹב,2,False,,
18012001,3,,antwortete,וַיַּ֥עַן,1,False,,
18012001,4,,und,וַיֹּאמַֽר׃,3,False,,
18012001,5,,sprach,וַיֹּאמַֽר׃,3,False,,
18012002,1,,Fürwahr,אָ֭מְנָם,1,False,,
18012002,2,,ihr,אַתֶּם־,3,False,,
18012002,3,,seid,אַתֶּם־,3,True,,
18012002,4,,die,עָ֑ם,4,True,,
18012002,5,,Leute,עָ֑ם,4,False,,
18012002,6,,und,וְ֝עִמָּכֶ֗ם,5,False,,
18012002,7,,mit,וְ֝עִמָּכֶ֗ם,5,False,,
18012002,8,,euch,וְ֝עִמָּכֶ֗ם,5,False,,
18012002,9,,wird,תָּמ֥וּת,6,False,,
18012002,10,,die,חָכְמָֽה׃,7,True,,
18012002,11,,Weisheit,חָכְמָֽה׃,7,False,,
18012002,12,,aussterben,תָּמ֥וּת,6,False,,
18012003,1,,Auch,גַּם־,1,False,,
18012003,2,,ich,אָנֹכִ֣י,7,False,,
18012003,3,,habe,לִ֤י,2,True,,
18012003,4,,Verstand,לֵבָ֨ב׀,3,False,,
18012003,5,,wie,כְּֽמוֹכֶ֗ם,4,False,,
18012003,6,,ihr,כְּֽמוֹכֶ֗ם,4,False,,
18012003,7,,ich,אָנֹכִ֣י,7,False,,
18012003,8,,stehe,נֹפֵ֣ל,6,False,,
18012003,9,,nicht,לֹא־,5,False,,
18012003,10,,hinter,נֹפֵ֣ל,6,False,,
18012003,11,,euch,מִכֶּ֑ם,8,False,,
18012003,12,,zurück,נֹפֵ֣ל,6,False,,
18012003,13,,und,וְאֶת־,9,False,,
18012003,14,,wer,מִי־,10,False,,
18012003,15,,wüßte,אֵ֥ין,11,False,,
18012003,16,,nicht,אֵ֥ין,11,False,,
18012003,17,,dergleichen,אֵֽלֶּה׃,13,False,,
18012004,1,,Ich,אֶֽהְיֶ֗ה,3,False,,
18012004,2,,muß,אֶֽהְיֶ֗ה,3,False,,
18012004,3,,einer,לְרֵעֵ֨הוּ׀,2,False,,
18012004,4,,sein,אֶֽהְיֶ֗ה,3,False,,
18012004,5,,der,לְרֵעֵ֨הוּ׀,2,True,,
18012004,6,,seinem,לְרֵעֵ֨הוּ׀,2,False,,
18012004,7,,Freunde,לְרֵעֵ֨הוּ׀,2,False,,
18012004,8,,zum,שְׂחֹ֤ק,1,False,,
18012004,9,,Gespött,שְׂחֹ֤ק,1,False,,
18012004,10,,ist,אֶֽהְיֶ֗ה,3,False,,
18012004,11,,der,קֹרֵ֣א,4,False,,
18012004,12,,zu,לֶ֭אֱלוֹהַּ,5,False,,
18012004,13,,Gott,לֶ֭אֱלוֹהַּ,5,False,,
18012004,14,,ruft,קֹרֵ֣א,4,False,,
18012004,15,,und,וַֽיַּעֲנֵ֑הוּ,6,False,,
18012004,16,,er,וַֽיַּעֲנֵ֑הוּ,6,False,,
18012004,17,,antwortet,וַֽיַּעֲנֵ֑הוּ,6,False,,
18012004,18,,ihm,וַֽיַּעֲנֵ֑הוּ,6,False,,
18012004,19,,der,צַדִּ֥יק,8,True,,
18012004,20,,Gerechte,צַדִּ֥יק,8,False,,
18012004,21,,Vollkommene,תָּמִֽים׃,9,False,,
18012004,22,,ist,תָּמִֽים׃,9,False,,
18012004,23,,zum,שְׂ֝ח֗וֹק,7,False,,
18012004,24,,Gespött,שְׂ֝ח֗וֹק,7,False,,
18012005,1,,Dem,לַפִּ֣יד,1,False,,
18012005,2,,Unglück,לַפִּ֣יד,1,False,,
18012005,3,,gebührt,נָ֝כ֗וֹן,5,False,,
18012005,4,,Verachtung,בּ֭וּז,2,False,,
18012005,5,,nach,לְמ֣וֹעֲדֵי,6,False,,
18012005,6,,den,לְמ֣וֹעֲדֵי,6,True,,
18012005,7,,Gedanken,לְמ֣וֹעֲדֵי,6,False,,
18012005,8,,des,לְעַשְׁתּ֣וּת,3,False,,
18012005,9,,Sorglosen,שַׁאֲנָ֑ן,4,False,,
18012005,10,,sie,נָ֝כ֗וֹן,5,False,,
18012005,11,,ist,נָ֝כ֗וֹן,5,False,,
18012005,12,,bereit,נָ֝כ֗וֹן,5,False,,
18012005,13,,für,לְמ֣וֹעֲדֵי,6,False,,
18012005,14,,die,לְמ֣וֹעֲדֵי,6,False,,
18012005,15,,welche,לְמ֣וֹעֲדֵי,6,False,,
18012005,16,,mit,לְמ֣וֹעֲדֵי,6,False,,
18012005,17,,dem,לְמ֣וֹעֲדֵי,6,False,,
18012005,18,,Fuße,רָֽגֶל׃,7,False,,
18012005,19,,wanken,רָֽגֶל׃,7,False,,
18012006,1,,Die,אֹֽהָלִ֨ים׀,2,True,,
18012006,2,,Zelte,אֹֽהָלִ֨ים׀,2,False,,
18012006,3,,der,לְשֹׁ֥דְדִ֗ים,3,False,,
18012006,4,,Verwüster,לְשֹׁ֥דְדִ֗ים,3,False,,
18012006,5,,sind,יִשְׁלָ֤יוּ,1,False,,
18012006,6,,in,וּֽ֭בַטֻּחוֹת,4,False,,
18012006,7,,Ruhe,וּֽ֭בַטֻּחוֹת,4,False,,
18012006,8,,und,לְמַרְגִּ֣יזֵי,5,False,,
18012006,9,,Sicherheit,וּֽ֭בַטֻּחוֹת,4,False,,
18012006,10,,ist,וּֽ֭בַטֻּחוֹת,4,False,,
18012006,11,,für,לַאֲשֶׁ֤ר,7,False,,
18012006,12,,die,לַאֲשֶׁ֤ר,7,True,,
18012006,13,,welche,לַאֲשֶׁ֤ר,7,False,,
18012006,14,,Gott,אֵ֑ל,6,False,,
18012006,15,,reizen,לְמַרְגִּ֣יזֵי,5,False,,
18012006,16,,für,לַאֲשֶׁ֤ר,7,False,,
18012006,17,,den,לַאֲשֶׁ֤ר,7,True,,
18012006,18,,welcher,לַאֲשֶׁ֤ר,7,False,,
18012006,19,,Gott,אֱל֣וֹהַּ,9,False,,
18012006,20,,in,בְּיָדֽוֹ׃,10,False,,
18012006,21,,seiner,בְּיָדֽוֹ׃,10,False,,
18012006,22,,Hand,בְּיָדֽוֹ׃,10,False,,
18012006,23,,führt,הֵבִ֖יא,8,False,,
18012007,1,,Aber,וְֽאוּלָ֗ם,1,False,,
18012007,2,,frage,שְׁאַל־,2,False,,
18012007,3,,doch,נָ֣א,3,False,,
18012007,4,,das,בְהֵמ֣וֹת,4,True,,
18012007,5,,Vieh,בְהֵמ֣וֹת,4,False,,
18012007,6,,und,וְתֹרֶ֑ךָּ,5,False,,
18012007,7,,es,וְתֹרֶ֑ךָּ,5,False,,
18012007,8,,wirds,וְתֹרֶ֑ךָּ,5,False,,
18012007,9,,dich,וְתֹרֶ֑ךָּ,5,False,,
18012007,10,,lehren,וְתֹרֶ֑ךָּ,5,False,,
18012007,11,,und,וְע֥וֹף,6,False,,
18012007,12,,das,וְע֥וֹף,6,True,,
18012007,13,,Gevögel,וְע֥וֹף,6,False,,
18012007,14,,des,הַ֝שָּׁמַ֗יִם,7,False,,
18012007,15,,Himmels,הַ֝שָּׁמַ֗יִם,7,False,,
18012007,16,,und,וְיַגֶּד־,8,False,,
18012007,17,,es,וְיַגֶּד־,8,False,,
18012007,18,,wirds,וְיַגֶּד־,8,False,,
18012007,19,,dir,לָֽךְ׃,9,False,,
18012007,20,,kundtun,לָֽךְ׃,9,False,,
18012008,1,,oder,א֤וֹ,1,False,,
18012008,2,,rede,שִׂ֣יחַ,2,False,,
18012008,3,,zu,לָאָ֣רֶץ,3,False,,
18012008,4,,der,לָאָ֣רֶץ,3,True,,
18012008,5,,Erde,לָאָ֣רֶץ,3,False,,
18012008,6,,und,וְתֹרֶ֑ךָּ,4,False,,
18012008,7,,sie,וְתֹרֶ֑ךָּ,4,False,,
18012008,8,,wirds,וְתֹרֶ֑ךָּ,4,False,,
18012008,9,,dich,לְ֝ךָ֗,6,False,,
18012008,10,,lehren,וְתֹרֶ֑ךָּ,4,False,,
18012008,11,,und,וִֽיסַפְּר֥וּ,5,False,,
18012008,12,,die,דְּגֵ֣י,7,True,,
18012008,13,,Fische,דְּגֵ֣י,7,False,,
18012008,14,,des,הַיָּֽם׃,8,True,,
18012008,15,,Meeres,הַיָּֽם׃,8,False,,
18012008,16,,werden,וִֽיסַפְּר֥וּ,5,False,,
18012008,17,,es,וִֽיסַפְּר֥וּ,5,False,,
18012008,18,,dir,לְ֝ךָ֗,6,False,,
18012008,19,,erzählen,וִֽיסַפְּר֥וּ,5,False,,
18012009,1,,Wer,מִ֭י,1,False,,
18012009,2,,erkennte,יָדַ֣ע,3,False,,
18012009,3,,nicht,לֹא־,2,False,,
18012009,4,,an,בְּכָל־,4,False,,
18012009,5,,diesen,אֵ֑לֶּה,5,False,,
18012009,6,,allen,בְּכָל־,4,False,,
18012009,7,,daß,כִּ֥י,6,False,,
18012009,8,,die,יַד־,7,True,,
18012009,9,,Hand,יַד־,7,False,,
18012009,10,,Jahwes,יְ֝הוָה,8,False,,
18012009,11,,solches,זֹּֽאת׃,10,False,,
18012009,12,,gemacht,עָ֣שְׂתָה,9,False,,
18012009,13,,hat,עָ֣שְׂתָה,9,False,,
18012010,1,,in,בְּ֭יָדוֹ,2,False,,
18012010,2,,dessen,בְּ֭יָדוֹ,2,False,,
18012010,3,,Hand,בְּ֭יָדוֹ,2,False,,
18012010,4,,die,נֶ֣פֶשׁ,3,True,,
18012010,5,,Seele,נֶ֣פֶשׁ,3,False,,
18012010,6,,alles,כָּל־,4,False,,
18012010,7,,Lebendigen,חָ֑י,5,False,,
18012010,8,,ist,חָ֑י,5,True,,
18012010,9,,und,וְ֝ר֗וּחַ,6,False,,
18012010,10,,der,וְ֝ר֗וּחַ,6,True,,
18012010,11,,Geist,וְ֝ר֗וּחַ,6,False,,
18012010,12,,alles,כָּל־,7,False,,
18012010,13,,menschlichen,בְּשַׂר־,8,False,,
18012010,14,,Fleisches,אִֽישׁ׃,9,False,,
18012011,1,,Soll,הֲלֹא־,1,False,,
18012011,2,,nicht,הֲלֹא־,1,False,,
18012011,3,,das,אֹ֭זֶן,2,True,,
18012011,4,,Ohr,אֹ֭זֶן,2,False,,
18012011,5,,die,מִלִּ֣ין,3,True,,
18012011,6,,Worte,מִלִּ֣ין,3,False,,
18012011,7,,prüfen,תִּבְחָ֑ן,4,False,,
18012011,8,,wie,וְ֝חֵ֗ךְ,5,False,,
18012011,9,,der,וְ֝חֵ֗ךְ,5,True,,
18012011,10,,Gaumen,וְ֝חֵ֗ךְ,5,False,,
18012011,11,,für,יִטְעַם־,7,False,,
18012011,12,,sich,לֽוֹ׃,8,False,,
18012011,13,,die,אֹ֣כֶל,6,True,,
18012011,14,,Speise,אֹ֣כֶל,6,False,,
18012011,15,,kostet,יִטְעַם־,7,False,,
18012012,1,,Bei,בִּֽישִׁישִׁ֥ים,1,False,,
18012012,2,,Greisen,בִּֽישִׁישִׁ֥ים,1,False,,
18012012,3,,ist,חָכְמָ֑ה,2,True,,
18012012,4,,Weisheit,חָכְמָ֑ה,2,False,,
18012012,5,,und,וְאֹ֖רֶךְ,3,False,,
18012012,6,,Einsicht,תְּבוּנָֽה׃,5,False,,
18012012,7,,bei,וְאֹ֖רֶךְ,3,False,,
18012012,8,,hohem,יָמִ֣ים,4,False,,
18012012,9,,Alter,יָמִ֣ים,4,False,,
18012013,1,,Bei,עִ֭מּוֹ,1,False,,
18012013,2,,ihm,עִ֭מּוֹ,1,False,,
18012013,3,,ist,חָכְמָ֣ה,2,True,,
18012013,4,,Weisheit,חָכְמָ֣ה,2,False,,
18012013,5,,und,וּגְבוּרָ֑ה,3,False,,
18012013,6,,Macht,וּגְבוּרָ֑ה,3,False,,
18012013,7,,sein,ל֝֗וֹ,4,False,,
18012013,8,,ist,ל֝֗וֹ,4,True,,
18012013,9,,Rat,עֵצָ֥ה,5,False,,
18012013,10,,und,וּתְבוּנָֽה׃,6,False,,
18012013,11,,Einsicht,וּתְבוּנָֽה׃,6,False,,
18012014,1,,Siehe,הֵ֣ן,1,False,,
18012014,2,,er,יַ֭הֲרוֹס,2,False,,
18012014,3,,reißt,יַ֭הֲרוֹס,2,False,,
18012014,4,,nieder,יַ֭הֲרוֹס,2,False,,
18012014,5,,und,וְלֹ֣א,3,False,,
18012014,6,,es,יִבָּנֶ֑ה,4,False,,
18012014,7,,wird,יִבָּנֶ֑ה,4,False,,
18012014,8,,nicht,וְלֹ֣א,3,False,,
18012014,9,,wieder,יִבָּנֶ֑ה,4,False,,
18012014,10,,gebaut,יִבָּנֶ֑ה,4,False,,
18012014,11,,er,יִסְגֹּ֥ר,5,False,,
18012014,12,,schließt,יִסְגֹּ֥ר,5,False,,
18012014,13,,über,עַל־,6,False,,
18012014,14,,jemand,אִ֝֗ישׁ,7,False,,
18012014,15,,zu,עַל־,6,False,,
18012014,16,,und,וְלֹ֣א,8,False,,
18012014,17,,es,יִפָּתֵֽחַ׃,9,False,,
18012014,18,,wird,יִפָּתֵֽחַ׃,9,False,,
18012014,19,,nicht,וְלֹ֣א,8,False,,
18012014,20,,aufgetan,יִפָּתֵֽחַ׃,9,False,,
18012015,1,,Siehe,הֵ֤ן,1,False,,
18012015,2,,er,יַעְצֹ֣ר,2,False,,
18012015,3,,hemmt,יַעְצֹ֣ר,2,False,,
18012015,4,,die,בַּמַּ֣יִם,3,False,,
18012015,5,,Wasser,בַּמַּ֣יִם,3,False,,
18012015,6,,und,וְיִבָ֑שׁוּ,4,False,,
18012015,7,,sie,וְיִבָ֑שׁוּ,4,False,,
18012015,8,,vertrocknen,וְיִבָ֑שׁוּ,4,False,,
18012015,9,,und,וִֽ֝ישַׁלְּחֵ֗ם,5,False,,
18012015,10,,er,וִֽ֝ישַׁלְּחֵ֗ם,5,False,,
18012015,11,,läßt,וִֽ֝ישַׁלְּחֵ֗ם,5,False,,
18012015,12,,sie,וִֽ֝ישַׁלְּחֵ֗ם,5,False,,
18012015,13,,los,וִֽ֝ישַׁלְּחֵ֗ם,5,False,,
18012015,14,,und,וְיַ֖הַפְכוּ,6,False,,
18012015,15,,sie,וְיַ֖הַפְכוּ,6,False,,
18012015,16,,kehren,וְיַ֖הַפְכוּ,6,False,,
18012015,17,,das,אָֽרֶץ׃,7,True,,
18012015,18,,Land,אָֽרֶץ׃,7,False,,
18012015,19,,um,וְיַ֖הַפְכוּ,6,False,,
18012016,1,,Bei,עִ֭מּוֹ,1,False,,
18012016,2,,ihm,עִ֭מּוֹ,1,False,,
18012016,3,,ist,עִ֭מּוֹ,1,False,,
18012016,4,,Kraft,עֹ֣ז,2,False,,
18012016,5,,und,וְתֽוּשִׁיָּ֑ה,3,False,,
18012016,6,,vollkommenes,וְתֽוּשִׁיָּ֑ה,3,False,,
18012016,7,,Wissen,וְתֽוּשִׁיָּ֑ה,3,False,,
18012016,8,,sein,ל֝֗וֹ,4,False,,
18012016,9,,ist,ל֝֗וֹ,4,False,,
18012016,10,,der,שֹׁגֵ֥ג,5,True,,
18012016,11,,Irrende,שֹׁגֵ֥ג,5,False,,
18012016,12,,und,וּמַשְׁגֶּֽה׃,6,False,,
18012016,13,,der,וּמַשְׁגֶּֽה׃,6,True,,
18012016,14,,Irreführende,וּמַשְׁגֶּֽה׃,6,False,,
18012017,1,,Er,מוֹלִ֣יךְ,1,False,,
18012017,2,,führt,מוֹלִ֣יךְ,1,False,,
18012017,3,,Räte,יוֹעֲצִ֣ים,2,False,,
18012017,4,,beraubt,שׁוֹלָ֑ל,3,False,,
18012017,5,,hinweg,מוֹלִ֣יךְ,1,False,,
18012017,6,,und,וְֽשֹׁפְטִ֥ים,4,False,,
18012017,7,,Richter,וְֽשֹׁפְטִ֥ים,4,False,,
18012017,8,,macht,יְהוֹלֵֽל׃,5,False,,
18012017,9,,er,יְהוֹלֵֽל׃,5,False,,
18012017,10,,zu,יְהוֹלֵֽל׃,5,False,,
18012017,11,,Narren,יְהוֹלֵֽל׃,5,False,,
18012018,1,,Die,מוּסַ֣ר,1,True,,
18012018,2,,Herrschaft,מוּסַ֣ר,1,False,,
18012018,3,,der,מְלָכִ֣ים,2,True,,
18012018,4,,Könige,מְלָכִ֣ים,2,False,,
18012018,5,,löst,פִּתֵּ֑חַ,3,False,,
18012018,6,,er,פִּתֵּ֑חַ,3,False,,
18012018,7,,auf,פִּתֵּ֑חַ,3,False,,
18012018,8,,und,וַיֶּאְסֹ֥ר,4,False,,
18012018,9,,schlingt,וַיֶּאְסֹ֥ר,4,False,,
18012018,10,,eine,אֵ֝ז֗וֹר,5,True,,
18012018,11,,Fessel,אֵ֝ז֗וֹר,5,False,,
18012018,12,,um,בְּמָתְנֵיהֶֽם׃,6,False,,
18012018,13,,ihre,בְּמָתְנֵיהֶֽם׃,6,False,,
18012018,14,,Lenden,בְּמָתְנֵיהֶֽם׃,6,False,,
18012019,1,,Er,מוֹלִ֣יךְ,1,False,,
18012019,2,,führt,מוֹלִ֣יךְ,1,False,,
18012019,3,,Priester,כֹּהֲנִ֣ים,2,False,,
18012019,4,,beraubt,שׁוֹלָ֑ל,3,False,,
18012019,5,,hinweg,מוֹלִ֣יךְ,1,False,,
18012019,6,,und,וְאֵֽתָנִ֣ים,4,False,,
18012019,7,,Feststehende,וְאֵֽתָנִ֣ים,4,False,,
18012019,8,,stürzt,יְסַלֵּֽף׃,5,False,,
18012019,9,,er,יְסַלֵּֽף׃,5,False,,
18012019,10,,um,יְסַלֵּֽף׃,5,False,,
18012020,1,,Zuverlässigen,מֵסִ֣יר,1,False,,
18012020,2,,entzieht,מֵסִ֣יר,1,False,,
18012020,3,,er,מֵסִ֣יר,1,False,,
18012020,4,,die,שָׂ֭פָה,2,True,,
18012020,5,,Sprache,שָׂ֭פָה,2,False,,
18012020,6,,und,וְטַ֖עַם,4,False,,
18012020,7,,Alten,זְקֵנִ֣ים,5,False,,
18012020,8,,benimmt,יִקָּֽח׃,6,False,,
18012020,9,,er,יִקָּֽח׃,6,False,,
18012020,10,,das,וְטַ֖עַם,4,True,,
18012020,11,,Urteil,וְטַ֖עַם,4,False,,
18012021,1,,Verachtung,שׁוֹפֵ֣ךְ,1,False,,
18012021,2,,schüttet,שׁוֹפֵ֣ךְ,1,False,,
18012021,3,,er,שׁוֹפֵ֣ךְ,1,False,,
18012021,4,,auf,עַל־,3,False,,
18012021,5,,Edle,נְדִיבִ֑ים,4,False,,
18012021,6,,und,וּמְזִ֖יחַ,5,False,,
18012021,7,,den,וּמְזִ֖יחַ,5,True,,
18012021,8,,Gürtel,וּמְזִ֖יחַ,5,False,,
18012021,9,,der,אֲפִיקִ֣ים,6,True,,
18012021,10,,Starken,אֲפִיקִ֣ים,6,False,,
18012021,11,,macht,רִפָּֽה׃,7,False,,
18012021,12,,er,רִפָּֽה׃,7,False,,
18012021,13,,schlaff,רִפָּֽה׃,7,False,,
18012022,1,,Er,מְגַלֶּ֣ה,1,False,,
18012022,2,,enthüllt,מְגַלֶּ֣ה,1,False,,
18012022,3,,Tiefes,עֲ֭מֻקוֹת,2,False,,
18012022,4,,aus,מִנִּי־,3,False,,
18012022,5,,der,מִנִּי־,3,True,,
18012022,6,,Finsternis,מִנִּי־,3,False,,
18012022,7,,und,וַיֹּצֵ֖א,5,False,,
18012022,8,,Todesschatten,צַלְמָֽוֶת׃,7,False,,
18012022,9,,zieht,וַיֹּצֵ֖א,5,False,,
18012022,10,,er,וַיֹּצֵ֖א,5,False,,
18012022,11,,an,לָא֣וֹר,6,False,,
18012022,12,,das,לָא֣וֹר,6,True,,
18012022,13,,Licht,לָא֣וֹר,6,False,,
18012022,14,,hervor,וַיֹּצֵ֖א,5,False,,
18012023,1,,Er,מַשְׂגִּ֣יא,1,False,,
18012023,2,,vergrößert,מַשְׂגִּ֣יא,1,False,,
18012023,3,,Nationen,לַ֭גּוֹיִם,2,False,,
18012023,4,,und,וַֽיְאַבְּדֵ֑ם,3,False,,
18012023,5,,er,וַֽיְאַבְּדֵ֑ם,3,False,,
18012023,6,,vernichtet,וַֽיְאַבְּדֵ֑ם,3,False,,
18012023,7,,sie,וַֽיְאַבְּדֵ֑ם,3,False,,
18012023,8,,er,שֹׁטֵ֥חַ,4,False,,
18012023,9,,breitet,שֹׁטֵ֥חַ,4,False,,
18012023,10,,Nationen,לַ֝גּוֹיִ֗ם,5,False,,
18012023,11,,aus,שֹׁטֵ֥חַ,4,False,,
18012023,12,,und,וַיַּנְחֵֽם׃,6,False,,
18012023,13,,er,וַיַּנְחֵֽם׃,6,False,,
18012023,14,,führt,וַיַּנְחֵֽם׃,6,False,,
18012023,15,,sie,וַיַּנְחֵֽם׃,6,False,,
18012023,16,,hinweg,וַיַּנְחֵֽם׃,6,False,,
18012024,1,,Er,מֵסִ֗יר,1,False,,
18012024,2,,entzieht,מֵסִ֗יר,1,False,,
18012024,3,,den,לֵ֭ב,2,True,,
18012024,4,,Verstand,לֵ֭ב,2,False,,
18012024,5,,den,רָאשֵׁ֣י,3,False,,
18012024,6,,Häuptern,רָאשֵׁ֣י,3,False,,
18012024,7,,der,הָאָ֑רֶץ,5,False,,
18012024,8,,Völker,עַם־,4,False,,
18012024,9,,der,הָאָ֑רֶץ,5,False,,
18012024,10,,Erde,הָאָ֑רֶץ,5,False,,
18012024,11,,und,וַ֝יַּתְעֵ֗ם,6,False,,
18012024,12,,macht,וַ֝יַּתְעֵ֗ם,6,False,,
18012024,13,,sie,וַ֝יַּתְעֵ֗ם,6,False,,
18012024,14,,umherirren,וַ֝יַּתְעֵ֗ם,6,False,,
18012024,15,,in,בְּתֹ֣הוּ,7,False,,
18012024,16,,pfadloser,לֹא־,8,False,,
18012024,17,,Einöde,דָֽרֶךְ׃,9,False,,
18012025,1,,sie,יְמַֽשְׁשׁוּ־,1,False,,
18012025,2,,tappen,יְמַֽשְׁשׁוּ־,1,False,,
18012025,3,,in,חֹ֥שֶׁךְ,2,False,,
18012025,4,,der,חֹ֥שֶׁךְ,2,False,,
18012025,5,,Finsternis,חֹ֥שֶׁךְ,2,False,,
18012025,6,,wo,א֑וֹר,4,False,,
18012025,7,,kein,וְלֹא־,3,False,,
18012025,8,,Licht,א֑וֹר,4,False,,
18012025,9,,ist,א֑וֹר,4,True,,
18012025,10,,und,וַ֝יַּתְעֵ֗ם,5,False,,
18012025,11,,er,וַ֝יַּתְעֵ֗ם,5,False,,
18012025,12,,macht,וַ֝יַּתְעֵ֗ם,5,False,,
18012025,13,,sie,וַ֝יַּתְעֵ֗ם,5,False,,
18012025,14,,umherirren,וַ֝יַּתְעֵ֗ם,5,False,,
18012025,15,,gleich,כַּשִּׁכּֽוֹר׃,6,False,,
18012025,16,,einem,כַּשִּׁכּֽוֹר׃,6,False,,
18012025,17,,Trunkenen,כַּשִּׁכּֽוֹר׃,6,False,,
18013001,1,,Siehe,הֶן־,1,False,,
18013001,2,,das,כֹּ֭ל,2,False,,
18013001,3,,alles,כֹּ֭ל,2,False,,
18013001,4,,hat,רָאֲתָ֣ה,3,False,,
18013001,5,,mein,עֵינִ֑י,4,False,,
18013001,6,,Auge,עֵינִ֑י,4,False,,
18013001,7,,gesehen,רָאֲתָ֣ה,3,False,,
18013001,8,,mein,אָ֝זְנִ֗י,6,False,,
18013001,9,,Ohr,אָ֝זְנִ֗י,6,False,,
18013001,10,,gehört,שָֽׁמְעָ֥ה,5,False,,
18013001,11,,und,וַתָּ֥בֶן,7,False,,
18013001,12,,sich,וַתָּ֥בֶן,7,False,,
18013001,13,,gemerkt,וַתָּ֥בֶן,7,False,,
18013002,1,,So,כְּֽ֭דַעְתְּכֶם,1,False,,
18013002,2,,viel,כְּֽ֭דַעְתְּכֶם,1,False,,
18013002,3,,ihr,כְּֽ֭דַעְתְּכֶם,1,False,,
18013002,4,,wisset,כְּֽ֭דַעְתְּכֶם,1,False,,
18013002,5,,weiß,יָדַ֣עְתִּי,2,False,,
18013002,6,,auch,גַם־,3,False,,
18013002,7,,ich,אָ֑נִי,4,False,,
18013002,8,,ich,אָנֹכִ֣י,7,False,,
18013002,9,,stehe,נֹפֵ֖ל,6,False,,
18013002,10,,nicht,לֹא־,5,False,,
18013002,11,,hinter,מִכֶּֽם׃,8,False,,
18013002,12,,euch,מִכֶּֽם׃,8,False,,
18013002,13,,zurück,נֹפֵ֖ל,6,False,,
18013003,1,,Doch,אוּלָ֗ם,1,False,,
18013003,2,,zu,אֶל־,3,False,,
18013003,3,,dem,שַׁדַּ֣י,4,False,,
18013003,4,,Allmächtigen,שַׁדַּ֣י,4,False,,
18013003,5,,will,אֶחְפָּֽץ׃,9,False,,
18013003,6,,ich,אֲ֭נִי,2,False,,
18013003,7,,reden,אֲדַבֵּ֑ר,5,False,,
18013003,8,,und,וְהוֹכֵ֖חַ,6,False,,
18013003,9,,vor,אֶל־,7,False,,
18013003,10,,Gott,אֵ֣ל,8,False,,
18013003,11,,mich,וְהוֹכֵ֖חַ,6,False,,
18013003,12,,zu,וְהוֹכֵ֖חַ,6,False,,
18013003,13,,rechtfertigen,וְהוֹכֵ֖חַ,6,False,,
18013003,14,,begehre,אֶחְפָּֽץ׃,9,False,,
18013003,15,,ich,אֶחְפָּֽץ׃,9,False,,
18013004,1,,ihr,אַתֶּ֥ם,2,False,,
18013004,2,,hingegen,וְֽאוּלָ֗ם,1,False,,
18013004,3,,seid,אַתֶּ֥ם,2,False,,
18013004,4,,Lügenschmiede,טֹֽפְלֵי־,3,False,,
18013004,5,,nichtige,שָׁ֑קֶר,4,False,,
18013004,6,,Ärzte,רֹפְאֵ֖י,5,False,,
18013004,7,,ihr,כֻּלְּכֶֽם׃,7,False,,
18013004,8,,alle,כֻּלְּכֶֽם׃,7,False,,
18013005,1,,O,מִֽי־,1,False,,
18013005,2,,daß,יִ֭תֵּן,2,False,,
18013005,3,,ihr,תַּחֲרִישׁ֑וּן,4,False,,
18013005,4,,doch,הַחֲרֵ֣שׁ,3,False,,
18013005,5,,stille,הַחֲרֵ֣שׁ,3,False,,
18013005,6,,schwieget,תַּחֲרִישׁ֑וּן,4,False,,
18013005,7,,das,וּתְהִ֖י,5,False,,
18013005,8,,würde,וּתְהִ֖י,5,False,,
18013005,9,,euch,לָכֶ֣ם,6,False,,
18013005,10,,zur,לְחָכְמָֽה׃,7,False,,
18013005,11,,Weisheit,לְחָכְמָֽה׃,7,False,,
18013005,12,,gereichen,לְחָכְמָֽה׃,7,False,,
18013006,1,,Höret,שִׁמְעוּ־,1,False,,
18013006,2,,doch,נָ֥א,2,False,,
18013006,3,,meine,תוֹכַחְתִּ֑י,3,False,,
18013006,4,,Rechtfertigung,תוֹכַחְתִּ֑י,3,False,,
18013006,5,,und,וְרִב֖וֹת,4,False,,
18013006,6,,horchet,הַקְשִֽׁיבוּ׃,6,False,,
18013006,7,,auf,הַקְשִֽׁיבוּ׃,6,False,,
18013006,8,,die,וְרִב֖וֹת,4,False,,
18013006,9,,Beweisgründe,וְרִב֖וֹת,4,False,,
18013006,10,,meiner,שְׂפָתַ֣י,5,False,,
18013006,11,,Lippen,שְׂפָתַ֣י,5,False,,
18013007,1,,Wollt,תְּדַבְּר֣וּ,2,False,,
18013007,2,,ihr,תְּדַבְּר֣וּ,2,False,,
18013007,3,,für,הַ֭לְאֵל,1,False,,
18013007,4,,Gott,הַ֭לְאֵל,1,False,,
18013007,5,,Unrecht,עַוְלָ֑ה,3,False,,
18013007,6,,reden,תְּדַבְּר֣וּ,2,False,,
18013007,7,,und,תְּֽדַבְּר֥וּ,5,False,,
18013007,8,,für,וְ֝ל֗וֹ,4,False,,
18013007,9,,ihn,וְ֝ל֗וֹ,4,False,,
18013007,10,,Trug,רְמִיָּֽה׃,6,False,,
18013007,11,,reden,תְּֽדַבְּר֥וּ,5,False,,
18013008,1,,Wollt,תִּשָּׂא֑וּן,2,False,,
18013008,2,,ihr,תִּשָּׂא֑וּן,2,False,,
18013008,3,,für,הֲפָנָ֥יו,1,False,,
18013008,4,,ihn,הֲפָנָ֥יו,1,False,,
18013008,5,,Partei,הֲפָנָ֥יו,1,False,,
18013008,6,,nehmen,תִּשָּׂא֑וּן,2,False,,
18013008,7,,oder,אִם־,3,False,,
18013008,8,,wollt,תְּרִיבֽוּן׃,5,False,,
18013008,9,,ihr,תְּרִיבֽוּן׃,5,False,,
18013008,10,,für,לָאֵ֥ל,4,False,,
18013008,11,,Gott,לָאֵ֥ל,4,False,,
18013008,12,,rechten,תְּרִיבֽוּן׃,5,False,,
18013009,1,,Ist,הֲ֭טוֹב,1,False,,
18013009,2,,es,כִּֽי־,2,False,,
18013009,3,,gut,הֲ֭טוֹב,1,False,,
18013009,4,,für,אֶתְכֶ֑ם,4,False,,
18013009,5,,euch,אֶתְכֶ֑ם,4,False,,
18013009,6,,daß,כִּֽי־,2,False,,
18013009,7,,er,יַחְקֹ֣ר,3,False,,
18013009,8,,euch,אֶתְכֶ֑ם,4,False,,
18013009,9,,erforsche,יַחְקֹ֣ר,3,False,,
18013009,10,,oder,אִם־,5,False,,
18013009,11,,werdet,תְּהָתֵ֥לּוּ,8,False,,
18013009,12,,ihr,תְּהָתֵ֥לּוּ,8,False,,
18013009,13,,ihn,בֽוֹ׃,9,False,,
18013009,14,,täuschen,תְּהָתֵ֥לּוּ,8,False,,
18013009,15,,wie,כְּהָתֵ֥ל,6,False,,
18013009,16,,man,בֶּ֝אֱנ֗וֹשׁ,7,False,,
18013009,17,,einen,בֶּ֝אֱנ֗וֹשׁ,7,False,,
18013009,18,,Menschen,בֶּ֝אֱנ֗וֹשׁ,7,False,,
18013009,19,,täuscht,תְּהָתֵ֥לּוּ,8,False,,
18013010,1,,Strafen,יוֹכִ֣יחַ,2,False,,
18013010,2,,wird,הוֹכֵ֣חַ,1,False,,
18013010,3,,er,יוֹכִ֣יחַ,2,True,,
18013010,4,,euch,אֶתְכֶ֑ם,3,False,,
18013010,5,,wenn,אִם־,4,False,,
18013010,6,,ihr,תִּשָּׂאֽוּן׃,7,False,,
18013010,7,,im,בַּ֝סֵּ֗תֶר,5,False,,
18013010,8,,Geheimen,בַּ֝סֵּ֗תֶר,5,False,,
18013010,9,,die,פָּנִ֥ים,6,True,,
18013010,10,,Person,פָּנִ֥ים,6,False,,
18013010,11,,ansehet,תִּשָּׂאֽוּן׃,7,False,,
18013011,1,,Wird,הֲלֹ֣א,1,False,,
18013011,2,,nicht,הֲלֹ֣א,1,True,,
18013011,3,,seine,שְׂ֭אֵתוֹ,2,False,,
18013011,4,,Hoheit,שְׂ֭אֵתוֹ,2,False,,
18013011,5,,euch,אֶתְכֶ֑ם,4,False,,
18013011,6,,bestürzen,תְּבַעֵ֣ת,3,False,,
18013011,7,,und,וּ֝פַחְדּ֗וֹ,5,False,,
18013011,8,,sein,וּ֝פַחְדּ֗וֹ,5,False,,
18013011,9,,Schrecken,וּ֝פַחְדּ֗וֹ,5,False,,
18013011,10,,auf,יִפֹּ֥ל,6,False,,
18013011,11,,euch,עֲלֵיכֶֽם׃,7,False,,
18013011,12,,fallen,יִפֹּ֥ל,6,False,,
18013012,1,,Eure,זִֽ֭כְרֹנֵיכֶם,1,False,,
18013012,2,,Denksprüche,זִֽ֭כְרֹנֵיכֶם,1,False,,
18013012,3,,sind,מִשְׁלֵי־,2,True,,
18013012,4,,Sprüche,מִשְׁלֵי־,2,False,,
18013012,5,,von,אֵ֑פֶר,3,False,,
18013012,6,,Asche,אֵ֑פֶר,3,False,,
18013012,7,,eure,גַּבֵּיכֶֽם׃,6,False,,
18013012,8,,Schutzwehren,גַּבֵּיכֶֽם׃,6,False,,
18013012,9,,erweisen,חֹ֝֗מֶר,5,False,,
18013012,10,,sich,חֹ֝֗מֶר,5,True,,
18013012,11,,als,לְגַבֵּי־,4,True,,
18013012,12,,Schutzwehren,גַּבֵּיכֶֽם׃,6,False,,
18013012,13,,von,חֹ֝֗מֶר,5,False,,
18013012,14,,Lehm,חֹ֝֗מֶר,5,False,,
18013013,1,,Schweiget,הַחֲרִ֣ישׁוּ,1,False,,
18013013,2,,laßt,הַחֲרִ֣ישׁוּ,1,True,,
18013013,3,,mich,מִ֭מֶּנִּי,2,False,,
18013013,4,,und,וַאֲדַבְּרָה־,3,False,,
18013013,5,,ich,אָ֑נִי,4,False,,
18013013,6,,will,וַאֲדַבְּרָה־,3,False,,
18013013,7,,reden,וַאֲדַבְּרָה־,3,False,,
18013013,8,,was,מָֽה׃,7,False,,
18013013,9,,auch,וְיַעֲבֹ֖ר,5,True,,
18013013,10,,über,עָלַ֣י,6,False,,
18013013,11,,mich,עָלַ֣י,6,False,,
18013013,12,,ergehen,וְיַעֲבֹ֖ר,5,False,,
18013013,13,,möge,מָֽה׃,7,False,,
18013014,1,,Warum,עַל־,1,False,,
18013014,2,,sollte,מָ֤ה׀,2,True,,
18013014,3,,ich,אֶשָּׂ֣א,3,False,,
18013014,4,,mein,בְשָׂרִ֣י,4,False,,
18013014,5,,Fleisch,בְשָׂרִ֣י,4,False,,
18013014,6,,zwischen,בְשִׁנָּ֑י,5,False,,
18013014,7,,meine,בְשִׁנָּ֑י,5,False,,
18013014,8,,Zähne,בְשִׁנָּ֑י,5,False,,
18013014,9,,nehmen,אֶשָּׂ֣א,3,False,,
18013014,10,,und,וְ֝נַפְשִׁ֗י,6,False,,
18013014,11,,mein,בְּכַפִּֽי׃,8,False,,
18013014,12,,Leben,וְ֝נַפְשִׁ֗י,6,False,,
18013014,13,,meiner,בְּכַפִּֽי׃,8,False,,
18013014,14,,Hand,בְּכַפִּֽי׃,8,False,,
18013014,15,,anvertrauen,אָשִׂ֥ים,7,False,,
18013015,1,,Siehe,הֵ֣ן,1,False,,
18013015,2,,tötet,יִ֭קְטְלֵנִי,2,False,,
18013015,3,,er,יִ֭קְטְלֵנִי,2,False,,
18013015,4,,mich,יִ֭קְטְלֵנִי,2,False,,
18013015,5,,ich,אֲיַחֵ֑ל,4,False,,
18013015,6,,werde,אֲיַחֵ֑ל,4,False,,
18013015,7,,auf,אֶל־,7,False,,
18013015,8,,ihn,ל֣וֹ,3,False,,
18013015,9,,warten,אֲיַחֵ֑ל,4,False,,
18013015,10,,nur,אַךְ־,5,False,,
18013015,11,,will,אוֹכִֽיחַ׃,9,False,,
18013015,12,,ich,אוֹכִֽיחַ׃,9,True,,
18013015,13,,meine,דְּ֝רָכַ֗י,6,False,,
18013015,14,,Wege,דְּ֝רָכַ֗י,6,False,,
18013015,15,,ihm,פָּנָ֥יו,8,False,,
18013015,16,,ins,פָּנָ֥יו,8,False,,
18013015,17,,Angesicht,פָּנָ֥יו,8,False,,
18013015,18,,rechtfertigen,אוֹכִֽיחַ׃,9,False,,
18013016,1,,Auch,גַּם־,1,False,,
18013016,2,,das,הוּא־,2,False,,
18013016,3,,wird,הוּא־,2,False,,
18013016,4,,mir,לִ֥י,3,False,,
18013016,5,,zur,לִֽישׁוּעָ֑ה,4,False,,
18013016,6,,Rettung,לִֽישׁוּעָ֑ה,4,False,,
18013016,7,,sein,לִֽישׁוּעָ֑ה,4,False,,
18013016,8,,daß,כִּי־,5,False,,
18013016,9,,ein,חָנֵ֥ף,8,True,,
18013016,10,,Ruchloser,חָנֵ֥ף,8,False,,
18013016,11,,nicht,לֹ֥א,6,False,,
18013016,12,,vor,לְ֝פָנָ֗יו,7,False,,
18013016,13,,sein,לְ֝פָנָ֗יו,7,False,,
18013016,14,,Angesicht,לְ֝פָנָ֗יו,7,False,,
18013016,15,,kommen,יָבֽוֹא׃,9,False,,
18013016,16,,darf,יָבֽוֹא׃,9,True,,
18013017,1,,Höret,שִׁמְע֣וּ,1,False,,
18013017,2,,höret,שָׁ֭מוֹעַ,2,False,,
18013017,3,,meine,מִלָּתִ֑י,3,False,,
18013017,4,,Rede,מִלָּתִ֑י,3,False,,
18013017,5,,und,וְ֝אַֽחֲוָתִ֗י,4,False,,
18013017,6,,meine,וְ֝אַֽחֲוָתִ֗י,4,False,,
18013017,7,,Erklärung,וְ֝אַֽחֲוָתִ֗י,4,False,,
18013017,8,,dringe,בְּאָזְנֵיכֶֽם׃,5,False,,
18013017,9,,in,בְּאָזְנֵיכֶֽם׃,5,False,,
18013017,10,,eure,בְּאָזְנֵיכֶֽם׃,5,False,,
18013017,11,,Ohren,בְּאָזְנֵיכֶֽם׃,5,False,,
18013018,1,,Siehe,הִנֵּה־,1,False,,
18013018,2,,doch,נָ֭א,2,False,,
18013018,3,,ich,אֲנִ֥י,7,False,,
18013018,4,,habe,עָרַ֣כְתִּי,3,False,,
18013018,5,,die,מִשְׁפָּ֑ט,4,True,,
18013018,6,,Rechtssache,מִשְׁפָּ֑ט,4,False,,
18013018,7,,gerüstet,עָרַ֣כְתִּי,3,False,,
18013018,8,,Ich,אֲנִ֥י,7,False,,
18013018,9,,weiß,יָ֝דַ֗עְתִּי,5,False,,
18013018,10,,daß,כִּֽי־,6,False,,
18013018,11,,ich,אֲנִ֥י,7,False,,
18013018,12,,Recht,אֶצְדָּֽק׃,8,False,,
18013018,13,,behalten,אֶצְדָּֽק׃,8,False,,
18013018,14,,werde,אֶצְדָּֽק׃,8,False,,
18013019,1,,Wer,מִי־,1,False,,
18013019,2,,ist,ה֭וּא,2,False,,
18013019,3,,es,ה֭וּא,2,False,,
18013019,4,,der,ה֭וּא,2,False,,
18013019,5,,mit,עִמָּדִ֑י,4,False,,
18013019,6,,mir,עִמָּדִ֑י,4,False,,
18013019,7,,rechten,יָרִ֣יב,3,False,,
18013019,8,,könnte,יָרִ֣יב,3,False,,
18013019,9,,Denn,כִּֽי־,5,False,,
18013019,10,,dann,עַתָּ֖ה,6,False,,
18013019,11,,wollte,אַחֲרִ֣ישׁ,7,False,,
18013019,12,,ich,אַחֲרִ֣ישׁ,7,False,,
18013019,13,,schweigen,אַחֲרִ֣ישׁ,7,False,,
18013019,14,,und,וְאֶגְוָֽע׃,8,False,,
18013019,15,,verscheiden,וְאֶגְוָֽע׃,8,False,,
18013020,1,,Nur,אַךְ־,1,False,,
18013020,2,,zweierlei,שְׁ֭תַּיִם,2,False,,
18013020,3,,tue,תַּ֣עַשׂ,4,False,,
18013020,4,,mir,עִמָּדִ֑י,5,False,,
18013020,5,,nicht,אַל־,3,False,,
18013020,6,,dann,אָ֥ז,6,False,,
18013020,7,,werde,לֹ֣א,8,False,,
18013020,8,,ich,לֹ֣א,8,False,,
18013020,9,,mich,מִ֝פָּנֶ֗יךָ,7,False,,
18013020,10,,nicht,לֹ֣א,8,False,,
18013020,11,,vor,מִ֝פָּנֶ֗יךָ,7,False,,
18013020,12,,deinem,מִ֝פָּנֶ֗יךָ,7,False,,
18013020,13,,Angesicht,מִ֝פָּנֶ֗יךָ,7,False,,
18013020,14,,verbergen,אֶסָּתֵֽר׃,9,False,,
18013021,1,,Deine,כַּ֭פְּךָ,1,False,,
18013021,2,,Hand,כַּ֭פְּךָ,1,False,,
18013021,3,,entferne,הַרְחַ֑ק,3,False,,
18013021,4,,von,מֵעָלַ֣י,2,False,,
18013021,5,,mir,מֵעָלַ֣י,2,False,,
18013021,6,,und,וְ֝אֵ֥מָתְךָ֗,4,False,,
18013021,7,,dein,וְ֝אֵ֥מָתְךָ֗,4,False,,
18013021,8,,Schrecken,וְ֝אֵ֥מָתְךָ֗,4,False,,
18013021,9,,ängstige,תְּבַעֲתַֽנִּי׃,6,False,,
18013021,10,,mich,תְּבַעֲתַֽנִּי׃,6,False,,
18013021,11,,nicht,אַֽל־,5,False,,
18013022,1,,So,וּ֭קְרָא,1,False,,
18013022,2,,rufe,וּ֭קְרָא,1,False,,
18013022,3,,denn,וּ֭קְרָא,1,True,,
18013022,4,,und,וְאָנֹכִ֣י,2,False,,
18013022,5,,ich,וְאָנֹכִ֣י,2,False,,
18013022,6,,will,אֶֽעֱנֶ֑ה,3,False,,
18013022,7,,antworten,אֶֽעֱנֶ֑ה,3,False,,
18013022,8,,oder,אֽוֹ־,4,False,,
18013022,9,,ich,אֲ֝דַבֵּ֗ר,5,False,,
18013022,10,,will,אֲ֝דַבֵּ֗ר,5,False,,
18013022,11,,reden,אֲ֝דַבֵּ֗ר,5,False,,
18013022,12,,und,וַהֲשִׁיבֵֽנִי׃,6,False,,
18013022,13,,erwidere,וַהֲשִׁיבֵֽנִי׃,6,False,,
18013022,14,,mir,וַהֲשִׁיבֵֽנִי׃,6,False,,
18013023,1,,Wie,כַּמָּ֣ה,1,False,,
18013023,2,,viele,כַּמָּ֣ה,1,False,,
18013023,3,,Missetaten,עֲוֹנ֣וֹת,3,False,,
18013023,4,,und,וְחַטָּא֑וֹת,4,False,,
18013023,5,,Sünden,וְחַטָּא֑וֹת,4,False,,
18013023,6,,habe,לִ֭י,2,False,,
18013023,7,,ich,לִ֭י,2,False,,
18013023,8,,Laß,הֹדִיעֵֽנִי׃,7,False,,
18013023,9,,mich,הֹדִיעֵֽנִי׃,7,False,,
18013023,10,,meine,פִּֽשְׁעִ֥י,5,False,,
18013023,11,,Übertretung,פִּֽשְׁעִ֥י,5,False,,
18013023,12,,und,וְ֝חַטָּאתִ֗י,6,False,,
18013023,13,,meine,וְ֝חַטָּאתִ֗י,6,False,,
18013023,14,,Sünde,וְ֝חַטָּאתִ֗י,6,False,,
18013023,15,,wissen,הֹדִיעֵֽנִי׃,7,False,,
18013024,1,,Warum,לָֽמָּה־,1,False,,
18013024,2,,verbirgst,תַסְתִּ֑יר,3,False,,
18013024,3,,du,פָנֶ֥יךָ,2,False,,
18013024,4,,dein,פָנֶ֥יךָ,2,False,,
18013024,5,,Angesicht,פָנֶ֥יךָ,2,False,,
18013024,6,,und,וְתַחְשְׁבֵ֖נִי,4,False,,
18013024,7,,hältst,וְתַחְשְׁבֵ֖נִי,4,False,,
18013024,8,,mich,וְתַחְשְׁבֵ֖נִי,4,False,,
18013024,9,,für,לְאוֹיֵ֣ב,5,False,,
18013024,10,,deinen,לָֽךְ׃,6,False,,
18013024,11,,Feind,לְאוֹיֵ֣ב,5,False,,
18013025,1,,Willst,תַּעֲר֑וֹץ,3,False,,
18013025,2,,du,תַּעֲר֑וֹץ,3,False,,
18013025,3,,ein,הֶעָלֶ֣ה,1,True,,
18013025,4,,verwehtes,הֶעָלֶ֣ה,1,False,,
18013025,5,,Blatt,הֶעָלֶ֣ה,1,False,,
18013025,6,,hinwegschrecken,נִדָּ֣ף,2,False,,
18013025,7,,und,וְאֶת־,4,False,,
18013025,8,,die,וְאֶת־,4,True,,
18013025,9,,dürre,קַ֖שׁ,5,False,,
18013025,10,,Stoppel,קַ֖שׁ,5,False,,
18013025,11,,verfolgen,יָבֵ֣שׁ,6,False,,
18013026,1,,Denn,כִּֽי־,1,False,,
18013026,2,,Bitteres,מְרֹר֑וֹת,4,False,,
18013026,3,,verhängst,תִכְתֹּ֣ב,2,False,,
18013026,4,,du,תִכְתֹּ֣ב,2,False,,
18013026,5,,über,עָלַ֣י,3,False,,
18013026,6,,mich,עָלַ֣י,3,False,,
18013026,7,,und,וְ֝תוֹרִישֵׁ֗נִי,5,False,,
18013026,8,,lässest,וְ֝תוֹרִישֵׁ֗נִי,5,False,,
18013026,9,,mich,וְ֝תוֹרִישֵׁ֗נִי,5,False,,
18013026,10,,erben,וְ֝תוֹרִישֵׁ֗נִי,5,False,,
18013026,11,,die,עֲוֹנ֥וֹת,6,True,,
18013026,12,,Missetaten,עֲוֹנ֥וֹת,6,False,,
18013026,13,,meiner,נְעוּרָֽי׃,7,False,,
18013026,14,,Jugend,נְעוּרָֽי׃,7,False,,
18013027,1,,und,וְתָ֘שֵׂ֤ם,1,False,,
18013027,2,,meine,רַגְלַ֗י,3,False,,
18013027,3,,Füße,רַגְלַ֗י,3,False,,
18013027,4,,legst,וְתָ֘שֵׂ֤ם,1,False,,
18013027,5,,du,וְתָ֘שֵׂ֤ם,1,False,,
18013027,6,,in,בַּסַּ֨ד׀,2,False,,
18013027,7,,den,בַּסַּ֨ד׀,2,True,,
18013027,8,,Stock,בַּסַּ֨ד׀,2,False,,
18013027,9,,und,וְתִשְׁמ֥וֹר,4,False,,
18013027,10,,beobachtest,וְתִשְׁמ֥וֹר,4,False,,
18013027,11,,alle,כָּל־,5,False,,
18013027,12,,meine,אָרְחוֹתָ֑י,6,False,,
18013027,13,,Pfade,אָרְחוֹתָ֑י,6,False,,
18013027,14,,grenzest,תִּתְחַקֶּֽה׃,10,False,,
18013027,15,,dir,תִּתְחַקֶּֽה׃,10,False,,
18013027,16,,ein,תִּתְחַקֶּֽה׃,10,True,,
18013027,17,,die,עַל־,7,True,,
18013027,18,,Sohlen,שָׁרְשֵׁ֥י,8,False,,
18013027,19,,meiner,רַ֝גְלַ֗י,9,False,,
18013027,20,,Füße,רַ֝גְלַ֗י,9,False,,
18013028,1,,da,וְ֭הוּא,1,False,,
18013028,2,,ich,וְ֭הוּא,1,False,,
18013028,3,,doch,וְ֭הוּא,1,True,,
18013028,4,,zerfalle,יִבְלֶ֑ה,3,False,,
18013028,5,,wie,כְּרָקָ֣ב,2,False,,
18013028,6,,Moder,כְּרָקָ֣ב,2,False,,
18013028,7,,wie,כְּ֝בֶ֗גֶד,4,False,,
18013028,8,,ein,כְּ֝בֶ֗גֶד,4,True,,
18013028,9,,Kleid,כְּ֝בֶ֗גֶד,4,False,,
18013028,10,,das,אֲכָ֣לוֹ,5,False,,
18013028,11,,die,אֲכָ֣לוֹ,5,True,,
18013028,12,,Motte,עָֽשׁ׃,6,False,,
18013028,13,,zerfressen,אֲכָ֣לוֹ,5,False,,
18013028,14,,hat,אֲכָ֣לוֹ,5,False,,
18014001,1,,Der,אָ֭דָם,1,True,,
18014001,2,,Mensch,אָ֭דָם,1,False,,
18014001,3,,vom,יְל֣וּד,2,False,,
18014001,4,,Weibe,אִשָּׁ֑ה,3,False,,
18014001,5,,geboren,יְל֣וּד,2,False,,
18014001,6,,ist,יְל֣וּד,2,True,,
18014001,7,,kurz,קְצַ֥ר,4,False,,
18014001,8,,an,יָ֝מִ֗ים,5,False,,
18014001,9,,Tagen,יָ֝מִ֗ים,5,False,,
18014001,10,,und,וּֽשְׂבַֽע־,6,False,,
18014001,11,,mit,וּֽשְׂבַֽע־,6,False,,
18014001,12,,Unruhe,רֹֽגֶז׃,7,False,,
18014001,13,,gesättigt,וּֽשְׂבַֽע־,6,False,,
18014002,1,,Wie,כְּצִ֣יץ,1,False,,
18014002,2,,eine,כְּצִ֣יץ,1,True,,
18014002,3,,Blume,כְּצִ֣יץ,1,False,,
18014002,4,,kommt,יָ֭צָא,2,False,,
18014002,5,,er,יָ֭צָא,2,False,,
18014002,6,,hervor,יָ֭צָא,2,False,,
18014002,7,,und,וַיִּמָּ֑ל,3,False,,
18014002,8,,verwelkt,וַיִּמָּ֑ל,3,False,,
18014002,9,,und,וַיִּבְרַ֥ח,4,False,,
18014002,10,,er,וַיִּבְרַ֥ח,4,False,,
18014002,11,,flieht,וַיִּבְרַ֥ח,4,False,,
18014002,12,,wie,כַּ֝צֵּ֗ל,5,False,,
18014002,13,,der,כַּ֝צֵּ֗ל,5,True,,
18014002,14,,Schatten,כַּ֝צֵּ֗ל,5,False,,
18014002,15,,und,וְלֹ֣א,6,False,,
18014002,16,,hat,וְלֹ֣א,6,False,,
18014002,17,,keinen,וְלֹ֣א,6,False,,
18014002,18,,Bestand,יַעֲמֽוֹד׃,7,False,,
18014003,1,,Dennoch,אַף־,1,False,,
18014003,2,,hast,פָּקַ֣חְתָּ,4,False,,
18014003,3,,du,פָּקַ֣חְתָּ,4,False,,
18014003,4,,über,עַל־,2,False,,
18014003,5,,einen,זֶ֭ה,3,False,,
18014003,6,,solchen,זֶ֭ה,3,False,,
18014003,7,,deine,עֵינֶ֑ךָ,5,False,,
18014003,8,,Augen,עֵינֶ֑ךָ,5,False,,
18014003,9,,geöffnet,פָּקַ֣חְתָּ,4,False,,
18014003,10,,und,וְאֹ֘תִ֤י,6,False,,
18014003,11,,mich,וְאֹ֘תִ֤י,6,False,,
18014003,12,,führst,תָבִ֖יא,7,False,,
18014003,13,,du,תָבִ֖יא,7,False,,
18014003,14,,ins,בְמִשְׁפָּ֣ט,8,False,,
18014003,15,,Gericht,בְמִשְׁפָּ֣ט,8,False,,
18014003,16,,mit,עִמָּֽךְ׃,9,False,,
18014003,17,,dir,עִמָּֽךְ׃,9,False,,
18014004,1,,Wie,מִֽי־,1,False,,
18014004,2,,könnte,יִתֵּ֣ן,2,False,,
18014004,3,,ein,טָ֭הוֹר,3,True,,
18014004,4,,Reiner,טָ֭הוֹר,3,False,,
18014004,5,,aus,מִטָּמֵ֗א,4,False,,
18014004,6,,einem,מִטָּמֵ֗א,4,True,,
18014004,7,,Unreinen,מִטָּמֵ֗א,4,False,,
18014004,8,,kommen,יִתֵּ֣ן,2,False,,
18014004,9,,Nicht,לֹ֣א,5,False,,
18014004,10,,ein,אֶחָֽד׃,6,True,,
18014004,11,,einziger,אֶחָֽד׃,6,False,,
18014005,1,,Wenn,אִ֥ם,1,False,,
18014005,2,,denn,חֲרוּצִ֨ים׀,2,False,,
18014005,3,,bestimmt,חֲרוּצִ֨ים׀,2,False,,
18014005,4,,sind,יָמָ֗יו,3,False,,
18014005,5,,seine,יָמָ֗יו,3,False,,
18014005,6,,Tage,יָמָ֗יו,3,False,,
18014005,7,,die,מִֽסְפַּר־,4,True,,
18014005,8,,Zahl,מִֽסְפַּר־,4,False,,
18014005,9,,seiner,חֳדָשָׁ֥יו,5,False,,
18014005,10,,Monde,חֳדָשָׁ֥יו,5,False,,
18014005,11,,bei,אִתָּ֑ךְ,6,False,,
18014005,12,,dir,אִתָּ֑ךְ,6,False,,
18014005,13,,sind,אִתָּ֑ךְ,6,False,,
18014005,14,,wenn,אִ֥ם,1,False,,
18014005,15,,du,עָ֝שִׂ֗יתָ,8,False,,
18014005,16,,ihm,חֻקָּ֥יו,7,False,,
18014005,17,,Schranken,חֻקָּ֥יו,7,False,,
18014005,18,,gesetzt,עָ֝שִׂ֗יתָ,8,False,,
18014005,19,,hast,עָ֝שִׂ֗יתָ,8,False,,
18014005,20,,die,וְלֹ֣א,9,True,,
18014005,21,,er,יַעֲבֽוֹר׃,10,False,,
18014005,22,,nicht,וְלֹ֣א,9,False,,
18014005,23,,überschreiten,יַעֲבֽוֹר׃,10,False,,
18014005,24,,darf,יַעֲבֽוֹר׃,10,False,,
18014006,1,,so,שְׁעֵ֣ה,1,False,,
18014006,2,,blicke,שְׁעֵ֣ה,1,False,,
18014006,3,,von,מֵעָלָ֣יו,2,False,,
18014006,4,,ihm,מֵעָלָ֣יו,2,False,,
18014006,5,,weg,מֵעָלָ֣יו,2,False,,
18014006,6,,daß,עַד־,4,False,,
18014006,7,,er,וְיֶחְדָּ֑ל,3,False,,
18014006,8,,Ruhe,יִ֝רְצֶ֗ה,5,False,,
18014006,9,,habe,וְיֶחְדָּ֑ל,3,False,,
18014006,10,,bis,עַד־,4,False,,
18014006,11,,er,יִ֝רְצֶ֗ה,5,False,,
18014006,12,,wie,כְּשָׂכִ֥יר,6,False,,
18014006,13,,ein,כְּשָׂכִ֥יר,6,True,,
18014006,14,,Tagelöhner,כְּשָׂכִ֥יר,6,False,,
18014006,15,,seinen,יוֹמֽוֹ׃,7,False,,
18014006,16,,Tag,יוֹמֽוֹ׃,7,False,,
18014006,17,,vollende,יִ֝רְצֶ֗ה,5,False,,
18014007,1,,Denn,כִּ֤י,1,False,,
18014007,2,,für,לָעֵ֗ץ,3,False,,
18014007,3,,den,לָעֵ֗ץ,3,True,,
18014007,4,,Baum,לָעֵ֗ץ,3,False,,
18014007,5,,gibt,יֵ֥שׁ,2,False,,
18014007,6,,es,יֵ֥שׁ,2,False,,
18014007,7,,Hoffnung,תִּ֫קְוָ֥ה,4,False,,
18014007,8,,wird,יִ֭כָּרֵת,6,False,,
18014007,9,,er,יִ֭כָּרֵת,6,False,,
18014007,10,,abgehauen,יִ֭כָּרֵת,6,False,,
18014007,11,,so,וְע֣וֹד,7,False,,
18014007,12,,schlägt,יַחֲלִ֑יף,8,False,,
18014007,13,,er,יַחֲלִ֑יף,8,False,,
18014007,14,,wieder,וְע֣וֹד,7,False,,
18014007,15,,aus,יַחֲלִ֑יף,8,False,,
18014007,16,,und,לֹ֣א,10,False,,
18014007,17,,seine,וְ֝יֹֽנַקְתּ֗וֹ,9,False,,
18014007,18,,Schößlinge,וְ֝יֹֽנַקְתּ֗וֹ,9,False,,
18014007,19,,hören,לֹ֣א,10,False,,
18014007,20,,nicht,לֹ֣א,10,False,,
18014007,21,,auf,לֹ֣א,10,False,,
18014008,1,,Wenn,אִם־,1,False,,
18014008,2,,seine,שָׁרְשׁ֑וֹ,4,False,,
18014008,3,,Wurzel,שָׁרְשׁ֑וֹ,4,False,,
18014008,4,,in,בָּאָ֣רֶץ,3,False,,
18014008,5,,der,בָּאָ֣רֶץ,3,True,,
18014008,6,,Erde,בָּאָ֣רֶץ,3,False,,
18014008,7,,altert,יַזְקִ֣ין,2,False,,
18014008,8,,und,וּ֝בֶעָפָ֗ר,5,False,,
18014008,9,,sein,גִּזְעֽוֹ׃,7,False,,
18014008,10,,Stumpf,גִּזְעֽוֹ׃,7,False,,
18014008,11,,im,וּ֝בֶעָפָ֗ר,5,False,,
18014008,12,,Boden,וּ֝בֶעָפָ֗ר,5,False,,
18014008,13,,erstirbt,יָמ֥וּת,6,False,,
18014009,1,,vom,מֵרֵ֣יחַ,1,False,,
18014009,2,,Dufte,מֵרֵ֣יחַ,1,False,,
18014009,3,,des,מַ֣יִם,2,False,,
18014009,4,,Wassers,מַ֣יִם,2,False,,
18014009,5,,sproßt,יַפְרִ֑חַ,3,False,,
18014009,6,,er,יַפְרִ֑חַ,3,False,,
18014009,7,,wieder,יַפְרִ֑חַ,3,False,,
18014009,8,,auf,יַפְרִ֑חַ,3,False,,
18014009,9,,und,וְעָשָׂ֖ה,4,False,,
18014009,10,,treibt,וְעָשָׂ֖ה,4,False,,
18014009,11,,Zweige,קָצִ֣יר,5,False,,
18014009,12,,wie,כְּמוֹ־,6,False,,
18014009,13,,ein,כְּמוֹ־,6,True,,
18014009,14,,Pflänzling,נָֽטַע׃,7,False,,
18014010,1,,Der,וְגֶ֣בֶר,1,True,,
18014010,2,,Mann,וְגֶ֣בֶר,1,False,,
18014010,3,,aber,וְגֶ֣בֶר,1,False,,
18014010,4,,stirbt,יָ֭מוּת,2,False,,
18014010,5,,und,וַֽיֶּחֱלָ֑שׁ,3,False,,
18014010,6,,liegt,וַֽיֶּחֱלָ֑שׁ,3,False,,
18014010,7,,da,וַֽיֶּחֱלָ֑שׁ,3,False,,
18014010,8,,und,וַיִּגְוַ֖ע,4,False,,
18014010,9,,der,אָדָ֣ם,5,True,,
18014010,10,,Mensch,אָדָ֣ם,5,False,,
18014010,11,,verscheidet,וַיִּגְוַ֖ע,4,False,,
18014010,12,,und,וְאַיּֽוֹ׃,6,False,,
18014010,13,,wo,וְאַיּֽוֹ׃,6,False,,
18014010,14,,ist,וְאַיּֽוֹ׃,6,False,,
18014010,15,,er,וְאַיּֽוֹ׃,6,False,,
18014011,1,,Es,אָֽזְלוּ־,1,False,,
18014011,2,,verrinnen,אָֽזְלוּ־,1,False,,
18014011,3,,die,מַ֭יִם,2,True,,
18014011,4,,Wasser,מַ֭יִם,2,False,,
18014011,5,,aus,מִנִּי־,3,False,,
18014011,6,,dem,מִנִּי־,3,True,,
18014011,7,,See,יָ֑ם,4,False,,
18014011,8,,und,וְ֝נָהָ֗ר,5,False,,
18014011,9,,der,וְ֝נָהָ֗ר,5,True,,
18014011,10,,Fluß,וְ֝נָהָ֗ר,5,False,,
18014011,11,,trocknet,יֶחֱרַ֥ב,6,False,,
18014011,12,,ein,יֶחֱרַ֥ב,6,False,,
18014011,13,,und,וְיָבֵֽשׁ׃,7,False,,
18014011,14,,versiegt,וְיָבֵֽשׁ׃,7,False,,
18014012,1,,so,וְאִ֥ישׁ,1,False,,
18014012,2,,legt,שָׁכַ֗ב,2,False,,
18014012,3,,der,,,True,4,Mensch
18014012,4,,Mensch,וְאִ֥ישׁ,1,False,,
18014012,5,,sich,,,True,2,legt
18014012,6,,hin,,,True,2,legt
18014012,7,,und,וְֽלֹא־,3,False,,
18014012,8,,steht,יָ֫ק֥וּם,4,False,,
18014012,9,,nicht,וְֽלֹא־,3,False,,
18014012,10,,wieder,,,True,8,steht
18014012,11,,auf,,,True,8,steht
18014012,12,,bis,עַד־,5,False,,
18014012,13,,die,בִּלְתִּ֣י,6,False,,
18014012,14,,Himmel,שָׁ֭מַיִם,7,False,,
18014012,15,,nicht,לֹ֣א,8,False,,
18014012,16,,mehr,,,True,18,erwachen
18014012,17,,sind,,,True,18,erwachen
18014012,18,,erwachen,יָקִ֑יצוּ,9,False,,
18014012,19,,sie,,,True,18,erwachen
18014012,20,,nicht,וְלֹֽא־,10,False,,
18014012,21,,und,וְלֹֽא־,10,False,,
18014012,22,,werden,יֵ֝עֹ֗רוּ,11,False,,
18014012,23,,nicht,וְלֹֽא־,10,False,,
18014012,24,,aufgeweckt,יֵ֝עֹ֗רוּ,11,False,,
18014012,25,,aus,מִשְּׁנָתָֽם׃,12,False,,
18014012,26,,ihrem,מִשְּׁנָתָֽם׃,12,False,,
18014012,27,,Schlafe,מִשְּׁנָתָֽם׃,12,False,,
18014013,1,,O,מִ֤י,1,False,,
18014013,2,,daß,יִתֵּ֨ן׀,2,False,,
18014013,3,,du,תַּצְפִּנֵ֗נִי,4,False,,
18014013,4,,in,בִּשְׁא֬וֹל,3,False,,
18014013,5,,dem,בִּשְׁא֬וֹל,3,False,,
18014013,6,,Scheol,בִּשְׁא֬וֹל,3,False,,
18014013,7,,mich,תַּצְפִּנֵ֗נִי,4,False,,
18014013,8,,verstecktest,תַּצְפִּנֵ֗נִי,4,False,,
18014013,9,,mich,תַּ֭סְתִּירֵנִי,5,False,,
18014013,10,,verbärgest,תַּ֭סְתִּירֵנִי,5,False,,
18014013,11,,bis,עַד־,6,False,,
18014013,12,,dein,אַפֶּ֑ךָ,8,False,,
18014013,13,,Zorn,אַפֶּ֑ךָ,8,False,,
18014013,14,,sich,שׁ֣וּב,7,False,,
18014013,15,,abwendete,שׁ֣וּב,7,False,,
18014013,16,,mir,לִ֖י,10,False,,
18014013,17,,eine,חֹ֣ק,11,False,,
18014013,18,,Frist,חֹ֣ק,11,False,,
18014013,19,,setztest,תָּ֤שִׁ֥ית,9,False,,
18014013,20,,und,וְתִזְכְּרֵֽנִי׃,12,False,,
18014013,21,,dann,,,True,23,gedächtest
18014013,22,,meiner,וְתִזְכְּרֵֽנִי׃,12,False,,
18014013,23,,gedächtest,וְתִזְכְּרֵֽנִי׃,12,False,,
18014014,1,,Wenn,אִם־,1,False,,
18014014,2,,ein,גֶּ֗בֶר,3,False,,
18014014,3,,Mann,גֶּ֗בֶר,3,False,,
18014014,4,,stirbt,יָמ֥וּת,2,False,,
18014014,5,,wird,הֲיִ֫חְיֶ֥ה,4,False,,
18014014,6,,er,הֲיִ֫חְיֶ֥ה,4,False,,
18014014,7,,wieder,,,True,8,leben
18014014,8,,leben,הֲיִ֫חְיֶ֥ה,4,False,,
18014014,9,,Alle,כָּל־,5,False,,
18014014,10,,Tage,יְמֵ֣י,6,False,,
18014014,11,,meiner,צְבָאִ֣י,7,False,,
18014014,12,,Dienstzeit,צְבָאִ֣י,7,False,,
18014014,13,,wollte,אֲיַחֵ֑ל,8,False,,
18014014,14,,ich,אֲיַחֵ֑ל,8,False,,
18014014,15,,harren,אֲיַחֵ֑ל,8,False,,
18014014,16,,bis,עַד־,9,False,,
18014014,17,,meine,חֲלִיפָתִֽי׃,11,False,,
18014014,18,,Ablösung,חֲלִיפָתִֽי׃,11,False,,
18014014,19,,käme,בּ֝֗וֹא,10,False,,
18014015,1,,Du,תִּ֭קְרָא,1,False,,
18014015,2,,würdest,תִּ֭קְרָא,1,False,,
18014015,3,,rufen,תִּ֭קְרָא,1,False,,
18014015,4,,und,וְאָנֹכִ֣י,2,False,,
18014015,5,,ich,וְאָנֹכִ֣י,2,False,,
18014015,6,,würde,אֶֽעֱנֶ֑ךָּ,3,False,,
18014015,7,,dir,אֶֽעֱנֶ֑ךָּ,3,False,,
18014015,8,,antworten,אֶֽעֱנֶ֑ךָּ,3,False,,
18014015,9,,du,תִכְסֹֽף׃,6,False,,
18014015,10,,würdest,תִכְסֹֽף׃,6,False,,
18014015,11,,dich,תִכְסֹֽף׃,6,False,,
18014015,12,,sehnen,תִכְסֹֽף׃,6,False,,
18014015,13,,nach,לְֽמַעֲשֵׂ֖ה,4,False,,
18014015,14,,dem,לְֽמַעֲשֵׂ֖ה,4,False,,
18014015,15,,Werke,לְֽמַעֲשֵׂ֖ה,4,False,,
18014015,16,,deiner,יָדֶ֣יךָ,5,False,,
18014015,17,,Hände,יָדֶ֣יךָ,5,False,,
18014016,1,,Denn,כִּֽי־,1,False,,
18014016,2,,nun,עַ֭תָּה,2,False,,
18014016,3,,zählst,תִּסְפּ֑וֹר,4,False,,
18014016,4,,du,תִּסְפּ֑וֹר,4,False,,
18014016,5,,meine,צְעָדַ֣י,3,False,,
18014016,6,,Schritte,צְעָדַ֣י,3,False,,
18014016,7,,wachst,תִ֝שְׁמ֗וֹר,6,False,,
18014016,8,,du,תִ֝שְׁמ֗וֹר,6,False,,
18014016,9,,nicht,לֹֽא־,5,False,,
18014016,10,,über,עַל־,7,False,,
18014016,11,,meine,חַטָּאתִֽי׃,8,False,,
18014016,12,,Sünde,חַטָּאתִֽי׃,8,False,,
18014017,1,,Meine,פִּשְׁעִ֑י,3,False,,
18014017,2,,Übertretung,פִּשְׁעִ֑י,3,False,,
18014017,3,,ist,חָתֻ֣ם,1,False,,
18014017,4,,versiegelt,חָתֻ֣ם,1,False,,
18014017,5,,in,בִּצְר֣וֹר,2,False,,
18014017,6,,einem,בִּצְר֣וֹר,2,False,,
18014017,7,,Bündel,בִּצְר֣וֹר,2,False,,
18014017,8,,und,וַ֝תִּטְפֹּ֗ל,4,False,,
18014017,9,,du,וַ֝תִּטְפֹּ֗ל,4,False,,
18014017,10,,hast,וַ֝תִּטְפֹּ֗ל,4,False,,
18014017,11,,hinzugefügt,וַ֝תִּטְפֹּ֗ל,4,False,,
18014017,12,,zu,עַל־,5,False,,
18014017,13,,meiner,עֲוֹנִֽי׃,6,False,,
18014017,14,,Missetat,עֲוֹנִֽי׃,6,False,,
18014018,1,,Und,וְ֭אוּלָם,1,False,,
18014018,2,,doch,וְ֭אוּלָם,1,False,,
18014018,3,,ein,הַר־,2,False,,
18014018,4,,Berg,הַר־,2,False,,
18014018,5,,stürzt,נוֹפֵ֣ל,3,False,,
18014018,6,,ein,יִבּ֑וֹל,4,False,,
18014018,7,,zerfällt,יִבּ֑וֹל,4,False,,
18014018,8,,und,וְ֝צ֗וּר,5,False,,
18014018,9,,ein,וְ֝צ֗וּר,5,False,,
18014018,10,,Fels,וְ֝צ֗וּר,5,False,,
18014018,11,,rückt,יֶעְתַּ֥ק,6,False,,
18014018,12,,weg,יֶעְתַּ֥ק,6,False,,
18014018,13,,von,מִמְּקֹמֽוֹ׃,7,False,,
18014018,14,,seiner,מִמְּקֹמֽוֹ׃,7,False,,
18014018,15,,Stelle,מִמְּקֹמֽוֹ׃,7,False,,
18014019,1,,Wasser,מַ֗יִם,3,False,,
18014019,2,,zerreiben,שָׁ֥חֲקוּ,2,False,,
18014019,3,,die,אֲבָנִ֤ים׀,1,False,,
18014019,4,,Steine,אֲבָנִ֤ים׀,1,False,,
18014019,5,,ihre,סְפִיחֶ֥יהָ,5,False,,
18014019,6,,Fluten,סְפִיחֶ֥יהָ,5,False,,
18014019,7,,schwemmen,תִּשְׁטֹֽף־,4,False,,
18014019,8,,den,עֲפַר־,6,False,,
18014019,9,,Staub,עֲפַר־,6,False,,
18014019,10,,der,אָ֑רֶץ,7,False,,
18014019,11,,Erde,אָ֑רֶץ,7,False,,
18014019,12,,hinweg,תִּשְׁטֹֽף־,4,False,,
18014019,13,,aber,וְתִקְוַ֖ת,8,False,,
18014019,14,,du,הֶאֱבַֽדְתָּ׃,10,False,,
18014019,15,,machst,הֶאֱבַֽדְתָּ׃,10,False,,
18014019,16,,zunichte,הֶאֱבַֽדְתָּ׃,10,False,,
18014019,17,,die,וְתִקְוַ֖ת,8,False,,
18014019,18,,Hoffnung,וְתִקְוַ֖ת,8,False,,
18014019,19,,des,אֱנ֣וֹשׁ,9,False,,
18014019,20,,Menschen,אֱנ֣וֹשׁ,9,False,,
18014020,1,,Du,תִּתְקְפֵ֣הוּ,1,False,,
18014020,2,,überwältigst,תִּתְקְפֵ֣הוּ,1,False,,
18014020,3,,ihn,תִּתְקְפֵ֣הוּ,1,False,,
18014020,4,,für,לָ֭נֶצַח,2,False,,
18014020,5,,immer,לָ֭נֶצַח,2,False,,
18014020,6,,und,וַֽיַּהֲלֹ֑ךְ,3,False,,
18014020,7,,er,וַֽיַּהֲלֹ֑ךְ,3,False,,
18014020,8,,geht,וַֽיַּהֲלֹ֑ךְ,3,False,,
18014020,9,,dahin,וַֽיַּהֲלֹ֑ךְ,3,False,,
18014020,10,,sein,פָ֝נָ֗יו,5,False,,
18014020,11,,Angesicht,פָ֝נָ֗יו,5,False,,
18014020,12,,entstellend,מְשַׁנֶּ֥ה,4,False,,
18014020,13,,sendest,וַֽתְּשַׁלְּחֵֽהוּ׃,6,False,,
18014020,14,,du,וַֽתְּשַׁלְּחֵֽהוּ׃,6,False,,
18014020,15,,ihn,וַֽתְּשַׁלְּחֵֽהוּ׃,6,False,,
18014020,16,,hinweg,וַֽתְּשַׁלְּחֵֽהוּ׃,6,False,,
18014021,1,,Seine,בָ֭נָיו,2,False,,
18014021,2,,Kinder,בָ֭נָיו,2,False,,
18014021,3,,kommen,יִכְבְּד֣וּ,1,False,,
18014021,4,,zu,יִכְבְּד֣וּ,1,False,,
18014021,5,,Ehren,יִכְבְּד֣וּ,1,False,,
18014021,6,,und,וְלֹ֣א,3,False,,
18014021,7,,er,יֵדָ֑ע,4,False,,
18014021,8,,weiß,יֵדָ֑ע,4,False,,
18014021,9,,es,יֵדָ֑ע,4,False,,
18014021,10,,nicht,וְלֹ֣א,3,False,,
18014021,11,,und,וְֽלֹא־,6,False,,
18014021,12,,sie,וְ֝יִצְעֲר֗וּ,5,False,,
18014021,13,,werden,וְ֝יִצְעֲר֗וּ,5,False,,
18014021,14,,gering,וְ֝יִצְעֲר֗וּ,5,False,,
18014021,15,,und,יָבִ֥ין,7,False,,
18014021,16,,er,יָבִ֥ין,7,False,,
18014021,17,,achtet,יָבִ֥ין,7,False,,
18014021,18,,nicht,וְֽלֹא־,6,False,,
18014021,19,,auf,לָֽמוֹ׃,8,False,,
18014021,20,,sie,לָֽמוֹ׃,8,False,,
18014022,1,,Nur,אַךְ־,1,False,,
18014022,2,,um,עָלָ֣יו,3,False,,
18014022,3,,ihn,עָלָ֣יו,3,False,,
18014022,4,,selbst,עָלָ֣יו,3,False,,
18014022,5,,hat,יִכְאָ֑ב,4,False,,
18014022,6,,sein,בְּ֭שָׂרוֹ,2,False,,
18014022,7,,Fleisch,בְּ֭שָׂרוֹ,2,False,,
18014022,8,,Schmerz,יִכְאָ֑ב,4,False,,
18014022,9,,und,וְ֝נַפְשׁ֗וֹ,5,False,,
18014022,10,,nur,עָלָ֥יו,6,False,,
18014022,11,,um,עָלָ֥יו,6,False,,
18014022,12,,ihn,עָלָ֥יו,6,False,,
18014022,13,,selbst,עָלָ֥יו,6,False,,
18014022,14,,empfindet,תֶּאֱבָֽל׃ פ,7,False,,
18014022,15,,seine,וְ֝נַפְשׁ֗וֹ,5,False,,
18014022,16,,Seele,וְ֝נַפְשׁ֗וֹ,5,False,,
18014022,17,,Trauer,תֶּאֱבָֽל׃ פ,7,False,,
18015001,1,,Und,וַ֭יַּעַן,1,False,,
18015001,2,,Eliphas,אֱלִיפַ֥ז,2,False,,
18015001,3,,der,הַֽתֵּימָנִ֗י,3,False,,
18015001,4,,Temaniter,הַֽתֵּימָנִ֗י,3,False,,
18015001,5,,antwortete,וַ֭יַּעַן,1,False,,
18015001,6,,und,וַיֹּאמַֽר׃,4,False,,
18015001,7,,sprach,וַיֹּאמַֽר׃,4,False,,
18015002,1,,Wird,יַעֲנֶ֥ה,2,False,,
18015002,2,,ein,הֶֽחָכָ֗ם,1,False,,
18015002,3,,Weiser,הֶֽחָכָ֗ם,1,False,,
18015002,4,,windige,דַֽעַת־,3,False,,
18015002,5,,Erkenntnis,דַֽעַת־,3,False,,
18015002,6,,antworten,יַעֲנֶ֥ה,2,False,,
18015002,7,,und,וִֽימַלֵּ֖א,5,False,,
18015002,8,,wird,וִֽימַלֵּ֖א,5,False,,
18015002,9,,er,וִֽימַלֵּ֖א,5,False,,
18015002,10,,sein,בִּטְנֽוֹ׃,7,False,,
18015002,11,,Inneres,בִּטְנֽוֹ׃,7,False,,
18015002,12,,füllen,וִֽימַלֵּ֖א,5,False,,
18015002,13,,mit,קָדִ֣ים,6,False,,
18015002,14,,Ostwind,קָדִ֣ים,6,False,,
18015003,1,,streitend,הוֹכֵ֣חַ,1,False,,
18015003,2,,mit,בְּ֭דָבָר,2,False,,
18015003,3,,Reden,בְּ֭דָבָר,2,False,,
18015003,4,,die,לֹ֣א,3,False,,
18015003,5,,nichts,לֹ֣א,3,False,,
18015003,6,,taugen,יִסְכּ֑וֹן,4,False,,
18015003,7,,und,וּ֝מִלִּ֗ים,5,False,,
18015003,8,,mit,וּ֝מִלִּ֗ים,5,False,,
18015003,9,,Worten,וּ֝מִלִּ֗ים,5,False,,
18015003,10,,womit,בָּֽם׃,8,False,,
18015003,11,,er,בָּֽם׃,8,False,,
18015003,12,,nicht,לֹא־,6,False,,
18015003,13,,nützt,יוֹעִ֥יל,7,False,,
18015004,1,,Ja,אַף־,1,False,,
18015004,2,,du,אַ֭תָּה,2,False,,
18015004,3,,vernichtest,תָּפֵ֣ר,3,False,,
18015004,4,,die,יִרְאָ֑ה,4,False,,
18015004,5,,Gottesfurcht,יִרְאָ֑ה,4,False,,
18015004,6,,und,וְתִגְרַ֥ע,5,False,,
18015004,7,,schmälerst,וְתִגְרַ֥ע,5,False,,
18015004,8,,die,שִׂ֝יחָ֗ה,6,False,,
18015004,9,,Andacht,שִׂ֝יחָ֗ה,6,False,,
18015004,10,,vor,לִפְנֵי־,7,False,,
18015004,11,,Gott,אֵֽל׃,8,False,,
18015005,1,,Denn,כִּ֤י,1,False,,
18015005,2,,deine,עֲוֹנְךָ֣,3,False,,
18015005,3,,Ungerechtigkeit,עֲוֹנְךָ֣,3,False,,
18015005,4,,belehrt,יְאַלֵּ֣ף,2,False,,
18015005,5,,deinen,פִ֑יךָ,4,False,,
18015005,6,,Mund,פִ֑יךָ,4,False,,
18015005,7,,und,וְ֝תִבְחַ֗ר,5,False,,
18015005,8,,du,וְ֝תִבְחַ֗ר,5,False,,
18015005,9,,wählst,וְ֝תִבְחַ֗ר,5,False,,
18015005,10,,die,לְשׁ֣וֹן,6,True,,
18015005,11,,Sprache,לְשׁ֣וֹן,6,False,,
18015005,12,,der,עֲרוּמִֽים׃,7,True,,
18015005,13,,Listigen,עֲרוּמִֽים׃,7,False,,
18015006,1,,Dein,פִ֣יךָ,2,False,,
18015006,2,,Mund,פִ֣יךָ,2,False,,
18015006,3,,verdammt,יַרְשִֽׁיעֲךָ֣,1,False,,
18015006,4,,dich,יַרְשִֽׁיעֲךָ֣,1,False,,
18015006,5,,und,וְלֹא־,3,False,,
18015006,6,,nicht,וְלֹא־,3,False,,
18015006,7,,ich,אָ֑נִי,4,False,,
18015006,8,,und,וּ֝שְׂפָתֶ֗יךָ,5,False,,
18015006,9,,deine,וּ֝שְׂפָתֶ֗יךָ,5,False,,
18015006,10,,Lippen,וּ֝שְׂפָתֶ֗יךָ,5,False,,
18015006,11,,zeugen,יַעֲנוּ־,6,False,,
18015006,12,,wider,בָֽךְ׃,7,False,,
18015006,13,,dich,בָֽךְ׃,7,False,,
18015007,1,,Bist,הֲרִאישׁ֣וֹן,1,False,,
18015007,2,,du,הֲרִאישׁ֣וֹן,1,False,,
18015007,3,,als,הֲרִאישׁ֣וֹן,1,True,,
18015007,4,,Erster,הֲרִאישׁ֣וֹן,1,False,,
18015007,5,,zum,אָ֭דָם,2,True,,
18015007,6,,Menschen,אָ֭דָם,2,False,,
18015007,7,,gezeugt,תִּוָּלֵ֑ד,3,False,,
18015007,8,,und,וְלִפְנֵ֖י,4,False,,
18015007,9,,vor,וְלִפְנֵ֖י,4,False,,
18015007,10,,den,גְבָע֣וֹת,5,True,,
18015007,11,,Hügeln,גְבָע֣וֹת,5,False,,
18015007,12,,du,חוֹלָֽלְתָּ׃,6,False,,
18015007,13,,geboren,חוֹלָֽלְתָּ׃,6,False,,
18015008,1,,Hast,תִּשְׁמָ֑ע,3,False,,
18015008,2,,du,תִּשְׁמָ֑ע,3,False,,
18015008,3,,im,הַבְס֣וֹד,1,True,,
18015008,4,,Rate,הַבְס֣וֹד,1,False,,
18015008,5,,Gottes,אֱל֣וֹהַ,2,False,,
18015008,6,,zugehört,תִּשְׁמָ֑ע,3,False,,
18015008,7,,und,וְתִגְרַ֖ע,4,False,,
18015008,8,,die,וְתִגְרַ֖ע,4,True,,
18015008,9,,Weisheit,חָכְמָֽה׃,6,False,,
18015008,10,,an,אֵלֶ֣יךָ,5,False,,
18015008,11,,dich,אֵלֶ֣יךָ,5,False,,
18015008,12,,gerissen,וְתִגְרַ֖ע,4,False,,
18015009,1,,Was,מַה־,1,False,,
18015009,2,,weißt,יָּ֭דַעְתָּ,2,False,,
18015009,3,,du,יָּ֭דַעְתָּ,2,False,,
18015009,4,,das,וְלֹ֣א,3,False,,
18015009,5,,wir,נֵדָ֑ע,4,False,,
18015009,6,,nicht,וְלֹ֣א,3,False,,
18015009,7,,wüßten,נֵדָ֑ע,4,False,,
18015009,8,,was,תָּ֝בִ֗ין,5,False,,
18015009,9,,verstehst,תָּ֝בִ֗ין,5,False,,
18015009,10,,du,תָּ֝בִ֗ין,5,False,,
18015009,11,,das,וְֽלֹא־,6,False,,
18015009,12,,uns,עִמָּ֥נוּ,7,False,,
18015009,13,,nicht,וְֽלֹא־,6,False,,
18015009,14,,bekannt,הֽוּא׃,8,False,,
18015009,15,,wäre,הֽוּא׃,8,False,,
18015010,1,,Unter,בָּ֑נוּ,5,False,,
18015010,2,,uns,בָּ֑נוּ,5,False,,
18015010,3,,sind,בָּ֑נוּ,5,True,,
18015010,4,,auch,גַּם־,1,False,,
18015010,5,,Alte,שָׂ֣ב,2,False,,
18015010,6,,auch,גַּם־,3,False,,
18015010,7,,Greise,יָשִׁ֣ישׁ,4,False,,
18015010,8,,reicher,כַּבִּ֖יר,6,False,,
18015010,9,,an,יָמִֽים׃,8,False,,
18015010,10,,Tagen,יָמִֽים׃,8,False,,
18015010,11,,als,כַּבִּ֖יר,6,False,,
18015010,12,,dein,מֵאָבִ֣יךָ,7,False,,
18015010,13,,Vater,מֵאָבִ֣יךָ,7,False,,
18015011,1,,Sind,הַמְעַ֣ט,1,False,,
18015011,2,,dir,מִ֭מְּךָ,2,False,,
18015011,3,,zu,הַמְעַ֣ט,1,False,,
18015011,4,,wenig,הַמְעַ֣ט,1,False,,
18015011,5,,die,תַּנְחֻמ֣וֹת,3,True,,
18015011,6,,Tröstungen,תַּנְחֻמ֣וֹת,3,False,,
18015011,7,,Gottes,אֵ֑ל,4,False,,
18015011,8,,und,וְ֝דָבָ֗ר,5,False,,
18015011,9,,ein,וְ֝דָבָ֗ר,5,True,,
18015011,10,,sanftes,לָאַ֥ט,6,False,,
18015011,11,,Wort,וְ֝דָבָ֗ר,5,False,,
18015011,12,,an,עִמָּֽךְ׃,7,False,,
18015011,13,,dich,עִמָּֽךְ׃,7,False,,
18015011,14,,zu,לָאַ֥ט,6,False,,
18015011,15,,gering,הַמְעַ֣ט,1,False,,
18015012,1,,Was,מַה־,1,False,,
18015012,2,,reißt,יִּקָּחֲךָ֥,2,False,,
18015012,3,,dein,לִבֶּ֑ךָ,3,False,,
18015012,4,,Herz,לִבֶּ֑ךָ,3,False,,
18015012,5,,dich,יִּקָּחֲךָ֥,2,False,,
18015012,6,,hin,יִּקָּחֲךָ֥,2,True,,
18015012,7,,und,וּֽמַה־,4,False,,
18015012,8,,was,וּֽמַה־,4,False,,
18015012,9,,zwinken,יִּרְזְמ֥וּן,5,False,,
18015012,10,,deine,עֵינֶֽיךָ׃,6,False,,
18015012,11,,Augen,עֵינֶֽיךָ׃,6,False,,
18015013,1,,daß,כִּֽי־,1,False,,
18015013,2,,du,תָשִׁ֣יב,2,False,,
18015013,3,,gegen,אֶל־,3,False,,
18015013,4,,Gott,אֵ֣ל,4,False,,
18015013,5,,dein,רוּחֶ֑ךָ,5,False,,
18015013,6,,Schnauben,רוּחֶ֑ךָ,5,False,,
18015013,7,,kehrst,תָשִׁ֣יב,2,False,,
18015013,8,,und,וְהֹצֵ֖אתָ,6,False,,
18015013,9,,Reden,מִלִּֽין׃,8,False,,
18015013,10,,hervorgehen,וְהֹצֵ֖אתָ,6,False,,
18015013,11,,lässest,וְהֹצֵ֖אתָ,6,False,,
18015013,12,,aus,מִפִּ֣יךָ,7,False,,
18015013,13,,deinem,מִפִּ֣יךָ,7,False,,
18015013,14,,Munde,מִפִּ֣יךָ,7,False,,
18015014,1,,Was,מָֽה־,1,False,,
18015014,2,,ist,אֱנ֥וֹשׁ,2,False,,
18015014,3,,der,אֱנ֥וֹשׁ,2,True,,
18015014,4,,Mensch,אֱנ֥וֹשׁ,2,False,,
18015014,5,,daß,כִּֽי־,3,False,,
18015014,6,,er,כִּֽי־,3,False,,
18015014,7,,rein,יִזְכֶּ֑ה,4,False,,
18015014,8,,sein,יִזְכֶּ֑ה,4,False,,
18015014,9,,sollte,יִזְכֶּ֑ה,4,False,,
18015014,10,,und,וְכִֽי־,5,False,,
18015014,11,,der,יְל֣וּד,7,True,,
18015014,12,,vom,יְל֣וּד,7,False,,
18015014,13,,Weibe,אִשָּֽׁה׃,8,False,,
18015014,14,,Geborene,יְל֣וּד,7,False,,
18015014,15,,daß,וְכִֽי־,5,False,,
18015014,16,,er,יִ֝צְדַּ֗ק,6,False,,
18015014,17,,gerecht,יִ֝צְדַּ֗ק,6,False,,
18015014,18,,wäre,יִ֝צְדַּ֗ק,6,False,,
18015015,1,,Siehe,הֵ֣ן,1,False,,
18015015,2,,auf,בִּ֭קְדֹשָׁיו,2,False,,
18015015,3,,seine,בִּ֭קְדֹשָׁיו,2,False,,
18015015,4,,Heiligen,בִּ֭קְדֹשָׁיו,2,False,,
18015015,5,,vertraut,יַאֲמִ֑ין,4,False,,
18015015,6,,er,יַאֲמִ֑ין,4,False,,
18015015,7,,nicht,לֹ֣א,3,False,,
18015015,8,,und,וְ֝שָׁמַ֗יִם,5,False,,
18015015,9,,die,וְ֝שָׁמַ֗יִם,5,True,,
18015015,10,,Himmel,וְ֝שָׁמַ֗יִם,5,False,,
18015015,11,,sind,זַכּ֥וּ,7,False,,
18015015,12,,nicht,לֹא־,6,False,,
18015015,13,,rein,זַכּ֥וּ,7,False,,
18015015,14,,in,בְעֵינָֽיו׃,8,False,,
18015015,15,,seinen,בְעֵינָֽיו׃,8,False,,
18015015,16,,Augen,בְעֵינָֽיו׃,8,False,,
18015016,1,,wieviel,אַ֭ף,1,False,,
18015016,2,,weniger,אַ֭ף,1,False,,
18015016,3,,der,אִישׁ־,5,True,,
18015016,4,,Abscheuliche,נִתְעָ֥ב,3,False,,
18015016,5,,und,וְֽנֶאֱלָ֑ח,4,False,,
18015016,6,,Verderbte,וְֽנֶאֱלָ֑ח,4,False,,
18015016,7,,der,אִישׁ־,5,True,,
18015016,8,,Mann,אִישׁ־,5,False,,
18015016,9,,der,שֹׁתֶ֖ה,6,True,,
18015016,10,,Unrecht,עַוְלָֽה׃,8,False,,
18015016,11,,trinkt,שֹׁתֶ֖ה,6,False,,
18015016,12,,wie,כַמַּ֣יִם,7,False,,
18015016,13,,Wasser,כַמַּ֣יִם,7,False,,
18015017,1,,Ich,אֲחַוְךָ֥,1,False,,
18015017,2,,will,אֲחַוְךָ֥,1,False,,
18015017,3,,dirs,אֲחַוְךָ֥,1,False,,
18015017,4,,berichten,אֲחַוְךָ֥,1,False,,
18015017,5,,höre,שְֽׁמַֽע־,2,False,,
18015017,6,,mir,לִ֑י,3,False,,
18015017,7,,zu,שְֽׁמַֽע־,2,False,,
18015017,8,,und,וְזֶֽה־,4,False,,
18015017,9,,was,וְזֶֽה־,4,False,,
18015017,10,,ich,חָ֝זִ֗יתִי,5,False,,
18015017,11,,gesehen,חָ֝זִ֗יתִי,5,False,,
18015017,12,,will,וַאֲסַפֵּֽרָה׃,6,False,,
18015017,13,,ich,וַאֲסַפֵּֽרָה׃,6,False,,
18015017,14,,erzählen,וַאֲסַפֵּֽרָה׃,6,False,,
18015018,1,,was,אֲשֶׁר־,1,False,,
18015018,2,,die,חֲכָמִ֥ים,2,True,,
18015018,3,,Weisen,חֲכָמִ֥ים,2,False,,
18015018,4,,verkündigt,יַגִּ֑ידוּ,3,False,,
18015018,5,,und,וְלֹ֥א,4,False,,
18015018,6,,nicht,וְלֹ֥א,4,False,,
18015018,7,,verhehlt,כִֽ֝חֲד֗וּ,5,False,,
18015018,8,,haben,כִֽ֝חֲד֗וּ,5,False,,
18015018,9,,von,מֵאֲבוֹתָֽם׃,6,False,,
18015018,10,,ihren,מֵאֲבוֹתָֽם׃,6,False,,
18015018,11,,Vätern,מֵאֲבוֹתָֽם׃,6,False,,
18015018,12,,her,מֵאֲבוֹתָֽם׃,6,True,,
18015019,1,,ihnen,לָהֶ֣ם,1,False,,
18015019,2,,allein,לְ֭בַדָּם,2,False,,
18015019,3,,war,נִתְּנָ֣ה,3,False,,
18015019,4,,das,הָאָ֑רֶץ,4,True,,
18015019,5,,Land,הָאָ֑רֶץ,4,False,,
18015019,6,,übergeben,נִתְּנָ֣ה,3,False,,
18015019,7,,und,וְלֹא־,5,False,,
18015019,8,,kein,וְלֹא־,5,False,,
18015019,9,,Fremder,זָ֣ר,7,False,,
18015019,10,,zog,עָ֖בַר,6,False,,
18015019,11,,durch,בְּתוֹכָֽם׃,8,False,,
18015019,12,,ihre,בְּתוֹכָֽם׃,8,False,,
18015019,13,,Mitte,בְּתוֹכָֽם׃,8,False,,
18015020,1,,Alle,כָּל־,1,False,,
18015020,2,,seine,יְמֵ֣י,2,False,,
18015020,3,,Tage,יְמֵ֣י,2,False,,
18015020,4,,wird,מִתְחוֹלֵ֑ל,5,False,,
18015020,5,,der,רָ֭שָׁע,3,True,,
18015020,6,,Gesetzlose,רָ֭שָׁע,3,False,,
18015020,7,,gequält,מִתְחוֹלֵ֑ל,5,False,,
18015020,8,,und,וּמִסְפַּ֥ר,6,False,,
18015020,9,,eine,שָׁ֝נִ֗ים,7,True,,
18015020,10,,kleine,שָׁ֝נִ֗ים,7,True,,
18015020,11,,Zahl,שָׁ֝נִ֗ים,7,False,,
18015020,12,,von,נִצְפְּנ֥וּ,8,True,,
18015020,13,,Jahren,שָׁ֝נִ֗ים,7,False,,
18015020,14,,ist,נִצְפְּנ֥וּ,8,False,,
18015020,15,,dem,לֶעָרִֽיץ׃,9,True,,
18015020,16,,Gewalttätigen,לֶעָרִֽיץ׃,9,False,,
18015020,17,,aufgespart,נִצְפְּנ֥וּ,8,False,,
18015021,1,,Die,קוֹל־,1,False,,
18015021,2,,Stimme,קוֹל־,1,False,,
18015021,3,,von,פְּחָדִ֥ים,2,False,,
18015021,4,,Schrecknissen,פְּחָדִ֥ים,2,False,,
18015021,5,,ist,יְבוֹאֶֽנּוּ׃,6,False,,
18015021,6,,in,בְּאָזְנָ֑יו,3,False,,
18015021,7,,seinen,בְּאָזְנָ֑יו,3,False,,
18015021,8,,Ohren,בְּאָזְנָ֑יו,3,False,,
18015021,9,,im,בַּ֝שָּׁל֗וֹם,4,False,,
18015021,10,,Frieden,בַּ֝שָּׁל֗וֹם,4,False,,
18015021,11,,kommt,יְבוֹאֶֽנּוּ׃,6,False,,
18015021,12,,der,שׁוֹדֵ֥ד,5,False,,
18015021,13,,Verwüster,שׁוֹדֵ֥ד,5,False,,
18015021,14,,über,יְבוֹאֶֽנּוּ׃,6,False,,
18015021,15,,ihn,יְבוֹאֶֽנּוּ׃,6,False,,
18015022,1,,er,ה֣וּא,7,False,,
18015022,2,,glaubt,יַאֲמִ֣ין,2,False,,
18015022,3,,nicht,לֹא־,1,False,,
18015022,4,,an,מִנִּי־,4,False,,
18015022,5,,eine,חֹ֑שֶׁךְ,5,True,,
18015022,6,,Rückkehr,שׁ֭וּב,3,False,,
18015022,7,,aus,מִנִּי־,4,False,,
18015022,8,,der,חֹ֑שֶׁךְ,5,True,,
18015022,9,,Finsternis,חֹ֑שֶׁךְ,5,False,,
18015022,10,,und,וְצָפ֖וּי,6,False,,
18015022,11,,er,ה֣וּא,7,False,,
18015022,12,,ist,וְצָפ֖וּי,6,False,,
18015022,13,,ausersehen,וְצָפ֖וּי,6,False,,
18015022,14,,für,אֱלֵי־,8,False,,
18015022,15,,das,חָֽרֶב׃,9,True,,
18015022,16,,Schwert,חָֽרֶב׃,9,False,,
18015023,1,,Er,ה֣וּא,2,False,,
18015023,2,,schweift,נֹ֘דֵ֤ד,1,False,,
18015023,3,,umher,נֹ֘דֵ֤ד,1,False,,
18015023,4,,nach,לַלֶּ֣חֶם,3,False,,
18015023,5,Brot,Brot-wo,לַלֶּ֣חֶם,3,True,,
18015023,5,wo,Brot-wo,אַיֵּ֑ה,4,True,,
18015023,6,,es,יָדַ֓ע׀,5,False,,
18015023,7,,finden,יָדַ֓ע׀,5,False,,
18015023,8,,Er,יָדַ֓ע׀,5,False,,
18015023,9,,weiß,יָדַ֓ע׀,5,False,,
18015023,10,,daß,כִּֽי־,6,False,,
18015023,11,,neben,נָכ֖וֹן,7,False,,
18015023,12,,ihm,בְּיָד֣וֹ,8,False,,
18015023,13,,ein,יֽוֹם־,9,True,,
18015023,14,,Tag,יֽוֹם־,9,False,,
18015023,15,,der,חֹֽשֶׁךְ׃,10,True,,
18015023,16,,Finsternis,חֹֽשֶׁךְ׃,10,False,,
18015023,17,,bereitet,נָכ֖וֹן,7,False,,
18015023,18,,ist,נָכ֖וֹן,7,False,,
18015024,1,,Angst,צַ֣ר,2,False,,
18015024,2,,und,וּמְצוּקָ֑ה,3,False,,
18015024,3,,Bedrängnis,וּמְצוּקָ֑ה,3,False,,
18015024,4,,schrecken,יְֽ֭בַעֲתֻהוּ,1,False,,
18015024,5,,ihn,יְֽ֭בַעֲתֻהוּ,1,False,,
18015024,6,,sie,תִּ֝תְקְפֵ֗הוּ,4,False,,
18015024,7,,überwältigen,תִּ֝תְקְפֵ֗הוּ,4,False,,
18015024,8,,ihn,תִּ֝תְקְפֵ֗הוּ,4,False,,
18015024,9,,wie,כְּמֶ֤לֶךְ׀,5,False,,
18015024,10,,ein,כְּמֶ֤לֶךְ׀,5,True,,
18015024,11,,König,כְּמֶ֤לֶךְ׀,5,False,,
18015024,12,,gerüstet,עָתִ֬יד,6,False,,
18015024,13,,zum,לַכִּידֽוֹר׃,7,False,,
18015024,14,,Sturm,לַכִּידֽוֹר׃,7,False,,
18015025,1,,Weil,כִּֽי־,1,False,,
18015025,2,,er,נָטָ֣ה,2,False,,
18015025,3,,seine,יָד֑וֹ,5,False,,
18015025,4,,Hand,יָד֑וֹ,5,False,,
18015025,5,,wider,אֶל־,3,False,,
18015025,6,,Gott,אֵ֣ל,4,False,,
18015025,7,,ausgestreckt,נָטָ֣ה,2,False,,
18015025,8,,hat,נָטָ֣ה,2,False,,
18015025,9,,und,וְאֶל־,6,False,,
18015025,10,,wider,וְאֶל־,6,False,,
18015025,11,,den,שַׁ֝דַּ֗י,7,True,,
18015025,12,,Allmächtigen,שַׁ֝דַּ֗י,7,False,,
18015025,13,,trotzte,יִתְגַּבָּֽר׃,8,False,,
18015026,1,,wider,אֵלָ֣יו,2,False,,
18015026,2,,ihn,אֵלָ֣יו,2,False,,
18015026,3,,anrannte,יָר֣וּץ,1,False,,
18015026,4,,mit,בְּצַוָּ֑אר,3,False,,
18015026,5,,gerecktem,בְּצַוָּ֑אר,3,False,,
18015026,6,,Halse,בְּצַוָּ֑אר,3,False,,
18015026,7,,mit,בַּ֝עֲבִ֗י,4,False,,
18015026,8,,den,מָֽגִנָּֽיו׃,6,True,,
18015026,9,,dichten,בַּ֝עֲבִ֗י,4,False,,
18015026,10,,Buckeln,גַּבֵּ֥י,5,False,,
18015026,11,,seiner,מָֽגִנָּֽיו׃,6,False,,
18015026,12,,Schilde,מָֽגִנָּֽיו׃,6,False,,
18015027,1,,weil,כִּֽי־,1,False,,
18015027,2,,er,כִסָּ֣ה,2,False,,
18015027,3,,sein,פָנָ֣יו,3,False,,
18015027,4,,Angesicht,פָנָ֣יו,3,False,,
18015027,5,,bedeckt,כִסָּ֣ה,2,False,,
18015027,6,,hat,כִסָּ֣ה,2,False,,
18015027,7,,mit,בְּחֶלְבּ֑וֹ,4,False,,
18015027,8,,seinem,בְּחֶלְבּ֑וֹ,4,False,,
18015027,9,,Fette,בְּחֶלְבּ֑וֹ,4,False,,
18015027,10,,und,וַיַּ֖עַשׂ,5,False,,
18015027,11,,Schmer,פִּימָ֣ה,6,False,,
18015027,12,,angesetzt,וַיַּ֖עַשׂ,5,False,,
18015027,13,,an,עֲלֵי־,7,False,,
18015027,14,,den,עֲלֵי־,7,False,,
18015027,15,,Lenden,כָֽסֶל׃,8,False,,
18015028,1,,und,וַיִּשְׁכּ֤וֹן׀,1,False,,
18015028,2,,zerstörte,וַיִּשְׁכּ֤וֹן׀,1,False,,
18015028,3,,Städte,עָ֘רִ֤ים,2,False,,
18015028,4,,bewohnte,וַיִּשְׁכּ֤וֹן׀,1,False,,
18015028,5,,Häuser,בָּ֭תִּים,4,False,,
18015028,6,,die,אֲשֶׁ֖ר,8,False,,
18015028,7,,nicht,לֹא־,5,False,,
18015028,8,,bewohnt,יֵ֣שְׁבוּ,6,False,,
18015028,9,,werden,יֵ֣שְׁבוּ,6,False,,
18015028,10,,sollten,הִתְעַתְּד֣וּ,9,False,,
18015028,11,,die,אֲשֶׁ֖ר,8,False,,
18015028,12,,zu,לְגַלִּֽים׃,10,False,,
18015028,13,,Steinhaufen,לְגַלִּֽים׃,10,False,,
18015028,14,,bestimmt,הִתְעַתְּד֣וּ,9,False,,
18015028,15,,waren,הִתְעַתְּד֣וּ,9,False,,
18015029,1,,so,לֹֽא־,1,False,,
18015029,2,,wird,יֶ֭עְשַׁר,2,False,,
18015029,3,,er,יֶ֭עְשַׁר,2,False,,
18015029,4,,nicht,לֹֽא־,1,False,,
18015029,5,,reich,יֶ֭עְשַׁר,2,False,,
18015029,6,,werden,יָק֣וּם,4,False,,
18015029,7,,und,וְלֹא־,3,False,,
18015029,8,,sein,חֵיל֑וֹ,5,False,,
18015029,9,,Vermögen,חֵיל֑וֹ,5,False,,
18015029,10,,wird,יָק֣וּם,4,False,,
18015029,11,,keinen,וְלֹֽא־,6,False,,
18015029,12,,Bestand,חֵיל֑וֹ,5,False,,
18015029,13,,haben,יָק֣וּם,4,False,,
18015029,14,,und,וְלֹֽא־,6,False,,
18015029,15,,nicht,וְלֹֽא־,6,False,,
18015029,16,,neigt,יִטֶּ֖ה,7,False,,
18015029,17,,sich,יִטֶּ֖ה,7,False,,
18015029,18,,zur,לָאָ֣רֶץ,8,False,,
18015029,19,,Erde,לָאָ֣רֶץ,8,False,,
18015029,20,,was,מִנְלָֽם׃,9,False,,
18015029,21,,solche,מִנְלָֽם׃,9,False,,
18015029,22,,besitzen,מִנְלָֽם׃,9,False,,
18015030,1,,Er,יָס֨וּר׀,2,False,,
18015030,2,,entweicht,יָס֨וּר׀,2,False,,
18015030,3,,nicht,לֹֽא־,1,False,,
18015030,4,,der,מִנִּי־,3,False,,
18015030,5,,Finsternis,חֹ֗שֶׁךְ,4,False,,
18015030,6,,seine,יֹֽ֭נַקְתּוֹ,5,False,,
18015030,7,,Schößlinge,יֹֽ֭נַקְתּוֹ,5,False,,
18015030,8,,versengt,תְּיַבֵּ֣שׁ,6,False,,
18015030,9,,die,שַׁלְהָ֑בֶת,7,False,,
18015030,10,,Flamme,שַׁלְהָ֑בֶת,7,False,,
18015030,11,,und,וְ֝יָס֗וּר,8,False,,
18015030,12,,er,וְ֝יָס֗וּר,8,False,,
18015030,13,,muß,וְ֝יָס֗וּר,8,False,,
18015030,14,,weichen,וְ֝יָס֗וּר,8,False,,
18015030,15,,durch,בְּר֣וּחַ,9,False,,
18015030,16,,den,בְּר֣וּחַ,9,False,,
18015030,17,,Hauch,בְּר֣וּחַ,9,False,,
18015030,18,,seines,פִּֽיו׃,10,False,,
18015030,19,,Mundes,פִּֽיו׃,10,False,,
18015031,1,,Er,יַאֲמֵ֣ן,2,False,,
18015031,2,,verlasse,יַאֲמֵ֣ן,2,False,,
18015031,3,,sich,יַאֲמֵ֣ן,2,False,,
18015031,4,,nicht,אַל־,1,False,,
18015031,5,,auf,בַּשָּׁ֣יו,3,False,,
18015031,6,,Nichtiges,בַּשָּׁ֣יו,3,False,,
18015031,7,,er,נִתְעָ֑ה,4,False,,
18015031,8,,wird,תִּהְיֶ֥ה,7,False,,
18015031,9,,getäuscht,נִתְעָ֑ה,4,False,,
18015031,10,,denn,כִּי־,5,False,,
18015031,11,,Nichtiges,שָׁ֝֗וְא,6,False,,
18015031,12,,wird,תִּהְיֶ֥ה,7,False,,
18015031,13,,seine,תְמוּרָתֽוֹ׃,8,False,,
18015031,14,,Vergeltung,תְמוּרָתֽוֹ׃,8,False,,
18015031,15,,sein,תִּהְיֶ֥ה,7,False,,
18015032,1,,Noch,בְּֽלֹא־,1,False,,
18015032,2,,ist,תִּמָּלֵ֑א,3,False,,
18015032,3,,sein,י֭וֹמוֹ,2,False,,
18015032,4,,Tag,י֭וֹמוֹ,2,False,,
18015032,5,,nicht,בְּֽלֹא־,1,False,,
18015032,6,,da,בְּֽלֹא־,1,False,,
18015032,7,,so,תִּמָּלֵ֑א,3,False,,
18015032,8,,erfüllt,תִּמָּלֵ֑א,3,False,,
18015032,9,,es,תִּמָּלֵ֑א,3,False,,
18015032,10,,sich,תִּמָּלֵ֑א,3,False,,
18015032,11,,und,וְ֝כִפָּת֗וֹ,4,False,,
18015032,12,,sein,וְ֝כִפָּת֗וֹ,4,False,,
18015032,13,,Palmzweig,וְ֝כִפָּת֗וֹ,4,False,,
18015032,14,,wird,לֹ֣א,5,False,,
18015032,15,,nicht,לֹ֣א,5,False,,
18015032,16,,grün,רַעֲנָֽנָה׃,6,False,,
18015033,1,,Wie,כַּגֶּ֣פֶן,2,False,,
18015033,2,,der,כַּגֶּ֣פֶן,2,False,,
18015033,3,,Weinstock,כַּגֶּ֣פֶן,2,False,,
18015033,4,,übt,יַחְמֹ֣ס,1,False,,
18015033,5,,er,יַחְמֹ֣ס,1,False,,
18015033,6,,Unbill,יַחְמֹ֣ס,1,False,,
18015033,7,,an,בִּסְר֑וֹ,3,False,,
18015033,8,,seinen,בִּסְר֑וֹ,3,False,,
18015033,9,,unreifen,בִּסְר֑וֹ,3,False,,
18015033,10,,Beeren,בִּסְר֑וֹ,3,False,,
18015033,11,,und,וְיַשְׁלֵ֥ךְ,4,False,,
18015033,12,,wie,כַּ֝זַּ֗יִת,5,False,,
18015033,13,,der,כַּ֝זַּ֗יִת,5,False,,
18015033,14,,Olivenbaum,כַּ֝זַּ֗יִת,5,False,,
18015033,15,,wirft,וְיַשְׁלֵ֥ךְ,4,False,,
18015033,16,,er,וְיַשְׁלֵ֥ךְ,4,False,,
18015033,17,,seine,נִצָּתֽוֹ׃,6,False,,
18015033,18,,Blüte,נִצָּתֽוֹ׃,6,False,,
18015033,19,,ab,וְיַשְׁלֵ֥ךְ,4,False,,
18015034,1,,Denn,כִּֽי־,1,False,,
18015034,2,,der,עֲדַ֣ת,2,False,,
18015034,3,,Hausstand,עֲדַ֣ת,2,False,,
18015034,4,,des,חָנֵ֣ף,3,False,,
18015034,5,,Ruchlosen,חָנֵ֣ף,3,False,,
18015034,6,,ist,גַּלְמ֑וּד,4,False,,
18015034,7,,unfruchtbar,גַּלְמ֑וּד,4,False,,
18015034,8,,und,וְ֝אֵ֗שׁ,5,False,,
18015034,9,,Feuer,וְ֝אֵ֗שׁ,5,False,,
18015034,10,,frißt,אָכְלָ֥ה,6,False,,
18015034,11,,die,אָֽהֳלֵי־,7,False,,
18015034,12,,Zelte,אָֽהֳלֵי־,7,False,,
18015034,13,,der,שֹֽׁחַד׃,8,False,,
18015034,14,,Bestechung,שֹֽׁחַד׃,8,False,,
18015035,1,,Sie,הָרֹ֣ה,1,False,,
18015035,2,,sind,הָרֹ֣ה,1,True,,
18015035,3,,schwanger,הָרֹ֣ה,1,True,,
18015035,4,,mit,עָ֭מָל,2,True,,
18015035,5,,Mühsal,עָ֭מָל,2,False,,
18015035,6,,und,וְיָ֣לֹד,3,True,,
18015035,7,,gebären,וְיָ֣לֹד,3,False,,
18015035,8,,Unheil,אָ֑וֶן,4,False,,
18015035,9,,und,וּ֝בִטְנָ֗ם,5,True,,
18015035,10,,ihr,וּ֝בִטְנָ֗ם,5,False,,
18015035,11,,Inneres,וּ֝בִטְנָ֗ם,5,False,,
18015035,12,,bereitet,תָּכִ֥ין,6,False,,
18015035,13,,Trug,מִרְמָֽה׃ ס,7,False,,
18016001,1,,Und,וַיַּ֥עַן,1,False,,
18016001,2,,Hiob,אִיּ֗וֹב,2,False,,
18016001,3,,antwortete,וַיַּ֥עַן,1,True,,
18016001,4,,und,וַיֹּאמַֽר׃,3,True,,
18016001,5,,sprach,וַיֹּאמַֽר׃,3,False,,
18016002,1,,Ich,שָׁמַ֣עְתִּי,1,True,,
18016002,2,,habe,שָׁמַ֣עְתִּי,1,True,,
18016002,3,,vieles,רַבּ֑וֹת,3,False,,
18016002,4,,dergleichen,כְאֵ֣לֶּה,2,False,,
18016002,5,,gehört,שָׁמַ֣עְתִּי,1,False,,
18016002,6,,leidige,מְנַחֲמֵ֖י,4,False,,
18016002,7,,Tröster,מְנַחֲמֵ֖י,4,False,,
18016002,8,,seid,כֻּלְּכֶֽם׃,6,True,,
18016002,9,,ihr,כֻּלְּכֶֽם׃,6,False,,
18016002,10,,alle,כֻּלְּכֶֽם׃,6,True,,
18016003,1,,Hat,הֲקֵ֥ץ,1,False,,
18016003,2,,es,הֲקֵ֥ץ,1,True,,
18016003,3,,ein,הֲקֵ֥ץ,1,True,,
18016003,4,,Ende,הֲקֵ֥ץ,1,False,,
18016003,5,,mit,לְדִבְרֵי־,2,False,,
18016003,6,,den,לְדִבְרֵי־,2,True,,
18016003,7,,windigen,ר֑וּחַ,3,False,,
18016003,8,,Worten,לְדִבְרֵי־,2,False,,
18016003,9,,oder,א֥וֹ,4,False,,
18016003,10,,was,מַה־,5,False,,
18016003,11,,reizt,יַּ֝מְרִֽיצְךָ֗,6,False,,
18016003,12,,dich,יַּ֝מְרִֽיצְךָ֗,6,False,,
18016003,13,,daß,כִּ֣י,7,False,,
18016003,14,,du,תַעֲנֶֽה׃,8,False,,
18016003,15,,antwortest,תַעֲנֶֽה׃,8,False,,
18016004,1,,Auch,גַּ֤ם׀,1,False,,
18016004,2,,ich,אָנֹכִי֮,2,False,,
18016004,3,,könnte,אֲדַ֫בֵּ֥רָה,4,True,,
18016004,4,,reden,אֲדַ֫בֵּ֥רָה,4,False,,
18016004,5,,wie,כָּכֶ֪ם,3,False,,
18016004,6,,ihr,כָּכֶ֪ם,3,False,,
18016004,7,,Wenn,ל֤וּ־,5,False,,
18016004,8,,eure,נַפְשְׁכֶ֡ם,7,False,,
18016004,9,,Seele,נַפְשְׁכֶ֡ם,7,False,,
18016004,10,,an,תַּ֤חַת,8,False,,
18016004,11,,der,תַּ֤חַת,8,True,,
18016004,12,,Stelle,תַּ֤חַת,8,False,,
18016004,13,,meiner,נַפְשִׁ֗י,9,False,,
18016004,14,,Seele,נַפְשִׁ֗י,9,False,,
18016004,15,,wäre,יֵ֪שׁ,6,False,,
18016004,16,,könnte,אַחְבִּ֣ירָה,10,False,,
18016004,17,,ich,אַחְבִּ֣ירָה,10,False,,
18016004,18,,Worte,בְּמִלִּ֑ים,12,False,,
18016004,19,,wider,עֲלֵיכֶ֣ם,11,False,,
18016004,20,,euch,עֲלֵיכֶ֣ם,11,False,,
18016004,21,,zusammenreihen,אַחְבִּ֣ירָה,10,False,,
18016004,22,,und,וְאָנִ֥יעָה,13,False,,
18016004,23,,mein,רֹאשִֽׁי׃,16,False,,
18016004,24,,Haupt,רֹאשִֽׁי׃,16,False,,
18016004,25,,über,עֲ֝לֵיכֶ֗ם,14,False,,
18016004,26,,euch,עֲ֝לֵיכֶ֗ם,14,False,,
18016004,27,,schütteln,וְאָנִ֥יעָה,13,False,,
18016005,1,,ich,אֲאַמִּצְכֶ֥ם,1,False,,
18016005,2,,wollte,אֲאַמִּצְכֶ֥ם,1,True,,
18016005,3,,euch,אֲאַמִּצְכֶ֥ם,1,False,,
18016005,4,,stärken,אֲאַמִּצְכֶ֥ם,1,False,,
18016005,5,,mit,בְּמוֹ־,2,False,,
18016005,6,,meinem,פִ֑י,3,False,,
18016005,7,,Munde,פִ֑י,3,False,,
18016005,8,,und,וְנִ֖יד,4,False,,
18016005,9,,das,וְנִ֖יד,4,True,,
18016005,10,,Beileid,וְנִ֖יד,4,False,,
18016005,11,,meiner,שְׂפָתַ֣י,5,False,,
18016005,12,,Lippen,שְׂפָתַ֣י,5,False,,
18016005,13,,würde,יַחְשֹֽׂךְ׃,6,False,,
18016005,14,,euch,יַחְשֹֽׂךְ׃,6,False,,
18016005,15,,Linderung,יַחְשֹֽׂךְ׃,6,True,,
18016005,16,,bringen,יַחְשֹֽׂךְ׃,6,False,,
18016006,1,,Wenn,אִֽם־,1,False,,
18016006,2,,ich,אֲ֭דַבְּרָה,2,False,,
18016006,3,,rede,אֲ֭דַבְּרָה,2,False,,
18016006,4,,so,לֹא־,3,True,,
18016006,5,,wird,יֵחָשֵׂ֣ךְ,4,False,,
18016006,6,,mein,כְּאֵבִ֑י,5,False,,
18016006,7,,Schmerz,כְּאֵבִ֑י,5,False,,
18016006,8,,nicht,לֹא־,3,False,,
18016006,9,,gehemmt,יֵחָשֵׂ֣ךְ,4,False,,
18016006,10,,und,וְ֝אַחְדְּלָ֗ה,6,False,,
18016006,11,,unterlasse,וְ֝אַחְדְּלָ֗ה,6,False,,
18016006,12,,ich,וְ֝אַחְדְּלָ֗ה,6,True,,
18016006,13,,es,מַה־,7,False,,
18016006,14,,nicht,לֹא־,3,True,,
18016006,15,,weicht,יַהֲלֹֽךְ׃,9,False,,
18016006,16,,er,יַהֲלֹֽךְ׃,9,False,,
18016006,17,,von,מִנִּ֥י,8,False,,
18016006,18,,mir,מִנִּ֥י,8,False,,
18016007,1,,Ja,אַךְ־,1,False,,
18016007,2,,bereits,עַתָּ֥ה,2,False,,
18016007,3,,hat,הֶלְאָ֑נִי,3,False,,
18016007,4,,er,הֶלְאָ֑נִי,3,True,,
18016007,5,,mich,הֶלְאָ֑נִי,3,False,,
18016007,6,,erschöpft,הֶלְאָ֑נִי,3,False,,
18016007,7,,du,הֲ֝שִׁמּ֗וֹתָ,4,False,,
18016007,8,,hast,הֲ֝שִׁמּ֗וֹתָ,4,False,,
18016007,9,,meinen,עֲדָתִֽי׃,6,False,,
18016007,10,,ganzen,כָּל־,5,False,,
18016007,11,,Hausstand,עֲדָתִֽי׃,6,False,,
18016007,12,,verwüstet,הֲ֝שִׁמּ֗וֹתָ,4,False,,
18016008,1,,Und,וַֽ֭תִּקְמְטֵנִי,1,False,,
18016008,2,,du,וַֽ֭תִּקְמְטֵנִי,1,False,,
18016008,3,,hast,וַֽ֭תִּקְמְטֵנִי,1,False,,
18016008,4,,mich,וַֽ֭תִּקְמְטֵנִי,1,False,,
18016008,5,,zusammenschrumpfen,וַֽ֭תִּקְמְטֵנִי,1,False,,
18016008,6,,lassen,וַֽ֭תִּקְמְטֵנִי,1,True,,
18016008,7,,zum,לְעֵ֣ד,2,False,,
18016008,8,,Zeugen,לְעֵ֣ד,2,False,,
18016008,9,,ward,הָיָ֑ה,3,False,,
18016008,10,,es,הָיָ֑ה,3,False,,
18016008,11,,und,וַיָּ֥קָם,4,False,,
18016008,12,,meine,כַ֝חֲשִׁ֗י,6,False,,
18016008,13,,Abmagerung,כַ֝חֲשִׁ֗י,6,False,,
18016008,14,,tritt,יַעֲנֶֽה׃,8,False,,
18016008,15,,wider,בִּ֥י,5,False,,
18016008,16,,mich,בִּ֥י,5,False,,
18016008,17,,auf,יַעֲנֶֽה׃,8,False,,
18016008,18,,sie,בְּפָנַ֥י,7,False,,
18016008,19,,zeugt,יַעֲנֶֽה׃,8,False,,
18016008,20,,mir,בְּפָנַ֥י,7,False,,
18016008,21,,ins,בְּפָנַ֥י,7,True,,
18016008,22,,Angesicht,בְּפָנַ֥י,7,False,,
18016009,1,,Sein,אַפּ֤וֹ,1,False,,
18016009,2,,Zorn,אַפּ֤וֹ,1,False,,
18016009,3,,hat,טָרַ֨ף׀,2,False,,
18016009,4,,mich,וַֽיִּשְׂטְמֵ֗נִי,3,False,,
18016009,5,,zerfleischt,טָרַ֨ף׀,2,False,,
18016009,6,,und,וַֽיִּשְׂטְמֵ֗נִי,3,False,,
18016009,7,,verfolgt,וַֽיִּשְׂטְמֵ֗נִי,3,False,,
18016009,8,,er,וַֽיִּשְׂטְמֵ֗נִי,3,False,,
18016009,9,,hat,חָרַ֣ק,4,False,,
18016009,10,,mit,בְּשִׁנָּ֑יו,6,False,,
18016009,11,,seinen,בְּשִׁנָּ֑יו,6,False,,
18016009,12,,Zähnen,בְּשִׁנָּ֑יו,6,False,,
18016009,13,,wider,עָלַ֣י,5,False,,
18016009,14,,mich,עָלַ֣י,5,False,,
18016009,15,,geknirscht,חָרַ֣ק,4,False,,
18016009,16,,als,צָרִ֓י׀,7,False,,
18016009,17,,mein,עֵינָ֣יו,9,False,,
18016009,18,,Feind,צָרִ֓י׀,7,False,,
18016009,19,,schärft,יִלְט֖וֹשׁ,8,False,,
18016009,20,,er,יִלְט֖וֹשׁ,8,False,,
18016009,21,,seine,עֵינָ֣יו,9,False,,
18016009,22,,Augen,עֵינָ֣יו,9,False,,
18016009,23,,wider,לִֽי׃,10,False,,
18016009,24,,mich,לִֽי׃,10,False,,
18016010,1,,Ihr,בְּפִיהֶ֗ם,3,False,,
18016010,2,,Maul,בְּפִיהֶ֗ם,3,False,,
18016010,3,,haben,פָּעֲר֬וּ,1,False,,
18016010,4,,sie,פָּעֲר֬וּ,1,False,,
18016010,5,,wider,עָלַ֨י׀,2,False,,
18016010,6,,mich,עָלַ֨י׀,2,False,,
18016010,7,,aufgesperrt,פָּעֲר֬וּ,1,False,,
18016010,8,,mit,בְּ֭חֶרְפָּה,4,False,,
18016010,9,,Hohn,בְּ֭חֶרְפָּה,4,False,,
18016010,10,,meine,לְחָיָ֑י,6,False,,
18016010,11,,Backen,לְחָיָ֑י,6,False,,
18016010,12,,geschlagen,הִכּ֣וּ,5,False,,
18016010,13,,allzumal,יַ֝֗חַד,7,False,,
18016010,14,,verstärken,יִתְמַלָּאֽוּן׃,9,False,,
18016010,15,,sie,יִתְמַלָּאֽוּן׃,9,False,,
18016010,16,,sich,יִתְמַלָּאֽוּן׃,9,False,,
18016010,17,,wider,עָלַ֥י,8,False,,
18016010,18,,mich,עָלַ֥י,8,False,,
18016011,1,,Gott,אֵ֭ל,2,False,,
18016011,2,,gab,יַסְגִּירֵ֣נִי,1,False,,
18016011,3,,mich,יַסְגִּירֵ֣נִי,1,False,,
18016011,4,,preis,יַסְגִּירֵ֣נִי,1,False,,
18016011,5,,dem,אֶ֣ל,3,False,,
18016011,6,,Ungerechten,עֲוִ֑יל,4,False,,
18016011,7,,und,וְעַל־,5,False,,
18016011,8,,in,יְדֵ֖י,6,False,,
18016011,9,,die,יְדֵ֖י,6,True,,
18016011,10,,Hände,יְדֵ֖י,6,False,,
18016011,11,,der,רְשָׁעִ֣ים,7,False,,
18016011,12,,Gesetzlosen,רְשָׁעִ֣ים,7,False,,
18016011,13,,stürzte,יִרְטֵֽנִי׃,8,False,,
18016011,14,,er,יִרְטֵֽנִי׃,8,False,,
18016011,15,,mich,יִרְטֵֽנִי׃,8,False,,
18016012,1,,Ich,הָיִ֨יתִי׀,2,False,,
18016012,2,,war,הָיִ֨יתִי׀,2,False,,
18016012,3,,in,שָׁ֘לֵ֤ו,1,False,,
18016012,4,,Ruhe,שָׁ֘לֵ֤ו,1,False,,
18016012,5,,und,וַֽיְפַרְפְּרֵ֗נִי,3,False,,
18016012,6,,er,וַֽיְפַרְפְּרֵ֗נִי,3,False,,
18016012,7,,hat,וַֽיְפַרְפְּרֵ֗נִי,3,False,,
18016012,8,,mich,וַֽיְפַרְפְּרֵ֗נִי,3,False,,
18016012,9,,zerrüttelt,וַֽיְפַרְפְּרֵ֗נִי,3,False,,
18016012,10,,und,וְאָחַ֣ז,4,False,,
18016012,11,,er,וְאָחַ֣ז,4,False,,
18016012,12,,packte,וְאָחַ֣ז,4,False,,
18016012,13,,mich,וְאָחַ֣ז,4,False,,
18016012,14,,beim,בְּ֭עָרְפִּי,5,False,,
18016012,15,,Nacken,בְּ֭עָרְפִּי,5,False,,
18016012,16,,und,וַֽיְפַצְפְּצֵ֑נִי,6,False,,
18016012,17,,zerschmetterte,וַֽיְפַצְפְּצֵ֑נִי,6,False,,
18016012,18,,mich,וַֽיְפַצְפְּצֵ֑נִי,6,False,,
18016012,19,,und,וַיְקִימֵ֥נִי,7,False,,
18016012,20,,er,וַיְקִימֵ֥נִי,7,False,,
18016012,21,,stellte,וַיְקִימֵ֥נִי,7,False,,
18016012,22,,mich,וַיְקִימֵ֥נִי,7,False,,
18016012,23,,hin,לְמַטָּרָֽה׃,9,False,,
18016012,24,,sich,ל֝֗וֹ,8,False,,
18016012,25,,zur,לְמַטָּרָֽה׃,9,False,,
18016012,26,,Zielscheibe,לְמַטָּרָֽה׃,9,False,,
18016013,1,,Seine,רַבָּ֗יו,3,False,,
18016013,2,,Schützen,רַבָּ֗יו,3,False,,
18016013,3,,umringten,יָ֘סֹ֤בּוּ,1,False,,
18016013,4,,mich,עָלַ֨י׀,2,False,,
18016013,5,,er,יְפַלַּ֣ח,4,False,,
18016013,6,,spaltete,יְפַלַּ֣ח,4,False,,
18016013,7,,meine,כִּ֭לְיוֹתַי,5,False,,
18016013,8,,Nieren,כִּ֭לְיוֹתַי,5,False,,
18016013,9,,ohne,וְלֹ֣א,6,False,,
18016013,10,,Schonung,יַחְמ֑וֹל,7,False,,
18016013,11,,er,יִשְׁפֹּ֥ךְ,8,False,,
18016013,12,,schüttete,יִשְׁפֹּ֥ךְ,8,False,,
18016013,13,,meine,מְרֵרָֽתִי׃,10,False,,
18016013,14,,Galle,מְרֵרָֽתִי׃,10,False,,
18016013,15,,zur,לָ֝אָ֗רֶץ,9,False,,
18016013,16,,Erde,לָ֝אָ֗רֶץ,9,False,,
18016014,1,,Er,יִפְרְצֵ֣נִי,1,False,,
18016014,2,,durchbrach,יִפְרְצֵ֣נִי,1,False,,
18016014,3,,mich,יִפְרְצֵ֣נִי,1,False,,
18016014,4,,Bruch,פֶ֭רֶץ,2,False,,
18016014,5,,auf,עַל־,3,False,,
18016014,6,,Bruch,פָ֑רֶץ,5,False,,
18016014,7,,er,יָרֻ֖ץ,6,False,,
18016014,8,,rannte,יָרֻ֖ץ,6,False,,
18016014,9,,wider,עָלַ֣י,7,False,,
18016014,10,,mich,עָלַ֣י,7,False,,
18016014,11,,wie,כְּגִבּֽוֹר׃,8,False,,
18016014,12,,ein,כְּגִבּֽוֹר׃,8,True,,
18016014,13,,Held,כְּגִבּֽוֹר׃,8,False,,
18016015,1,,Ich,תָּ֭פַרְתִּי,2,False,,
18016015,2,,habe,תָּ֭פַרְתִּי,2,False,,
18016015,3,,Sacktuch,שַׂ֣ק,1,False,,
18016015,4,,über,עֲלֵ֣י,3,False,,
18016015,5,,meine,גִלְדִּ֑י,4,False,,
18016015,6,,Haut,גִלְדִּ֑י,4,False,,
18016015,7,,genäht,תָּ֭פַרְתִּי,2,False,,
18016015,8,,und,וְעֹלַ֖לְתִּי,5,False,,
18016015,9,,mit,בֶעָפָ֣ר,6,False,,
18016015,10,,Staub,בֶעָפָ֣ר,6,False,,
18016015,11,,mein,קַרְנִֽי׃,7,False,,
18016015,12,,Horn,קַרְנִֽי׃,7,False,,
18016015,13,,besudelt,וְעֹלַ֖לְתִּי,5,False,,
18016016,1,,Mein,פָּנַ֣י,1,False,,
18016016,2,,Angesicht,פָּנַ֣י,1,False,,
18016016,3,,glüht,חֳ֭מַרְמְרוּ,2,False,,
18016016,4,,vom,מִנִּי־,3,False,,
18016016,5,,Weinen,בֶ֑כִי,4,False,,
18016016,6,,und,וְעַ֖ל,5,False,,
18016016,7,,auf,וְעַ֖ל,5,False,,
18016016,8,,meinen,עַפְעַפַּ֣י,6,False,,
18016016,9,,Wimpern,עַפְעַפַּ֣י,6,False,,
18016016,10,,ist,צַלְמָֽוֶת׃,7,True,,
18016016,11,,der,צַלְמָֽוֶת׃,7,True,,
18016016,12,,Schatten,צַלְמָֽוֶת׃,7,False,,
18016016,13,,des,צַלְמָֽוֶת׃,7,True,,
18016016,14,,Todes,צַלְמָֽוֶת׃,7,False,,
18016016,15,,,צַלְמָֽוֶת׃,7,True,,
18016017,1,,obwohl,עַ֭ל,1,False,,
18016017,2,,keine,לֹא־,2,False,,
18016017,3,,Gewalttat,חָמָ֣ס,3,False,,
18016017,4,,in,בְּכַפָּ֑י,4,False,,
18016017,5,,meinen,בְּכַפָּ֑י,4,False,,
18016017,6,,Händen,בְּכַפָּ֑י,4,False,,
18016017,7,,und,וּֽתְפִלָּתִ֥י,5,False,,
18016017,8,,mein,וּֽתְפִלָּתִ֥י,5,False,,
18016017,9,,Gebet,וּֽתְפִלָּתִ֥י,5,False,,
18016017,10,,lauter,זַכָּֽה׃,6,False,,
18016017,11,,ist,זַכָּֽה׃,6,False,,
18016018,1,,Erde,אֶ֭רֶץ,1,False,,
18016018,2,,bedecke,תְּכַסִּ֣י,3,False,,
18016018,3,,nicht,אַל־,2,False,,
18016018,4,,mein,דָמִ֑י,4,False,,
18016018,5,,Blut,דָמִ֑י,4,False,,
18016018,6,,und,וְֽאַל־,5,False,,
18016018,7,,für,לְזַעֲקָתִֽי׃,8,False,,
18016018,8,,mein,לְזַעֲקָתִֽי׃,8,False,,
18016018,9,,Geschrei,לְזַעֲקָתִֽי׃,8,False,,
18016018,10,,sei,יְהִ֥י,6,False,,
18016018,11,,kein,וְֽאַל־,5,False,,
18016018,12,,Platz,מָ֝ק֗וֹם,7,False,,
18016019,1,,Sogar,גַּם־,1,False,,
18016019,2,,jetzt,עַ֭תָּה,2,False,,
18016019,3,,siehe,הִנֵּה־,3,False,,
18016019,4,,im,בַשָּׁמַ֣יִם,4,False,,
18016019,5,,Himmel,בַשָּׁמַ֣יִם,4,False,,
18016019,6,,ist,עֵדִ֑י,5,True,,
18016019,7,,mein,עֵדִ֑י,5,False,,
18016019,8,,Zeuge,עֵדִ֑י,5,False,,
18016019,9,,und,וְ֝שָׂהֲדִ֗י,6,False,,
18016019,10,,der,וְ֝שָׂהֲדִ֗י,6,True,,
18016019,11,,mir,וְ֝שָׂהֲדִ֗י,6,False,,
18016019,12,,Zeugnis,וְ֝שָׂהֲדִ֗י,6,False,,
18016019,13,,gibt,וְ֝שָׂהֲדִ֗י,6,True,,
18016019,14,,in,בַּמְּרוֹמִֽים׃,7,False,,
18016019,15,,den,בַּמְּרוֹמִֽים׃,7,False,,
18016019,16,,Höhen,בַּמְּרוֹמִֽים׃,7,False,,
18016020,1,,Meine,מְלִיצַ֥י,1,False,,
18016020,2,,Freunde,מְלִיצַ֥י,1,False,,
18016020,3,,sind,רֵעָ֑י,2,True,,
18016020,4,,meine,רֵעָ֑י,2,False,,
18016020,5,,Spötter,רֵעָ֑י,2,False,,
18016020,6,,zu,אֶל־,3,False,,
18016020,7,,Gott,אֱ֝ל֗וֹהַ,4,False,,
18016020,8,,tränt,דָּלְפָ֥ה,5,False,,
18016020,9,,mein,עֵינִֽי׃,6,False,,
18016020,10,,Auge,עֵינִֽי׃,6,False,,
18016021,1,,daß,וְיוֹכַ֣ח,1,True,,
18016021,2,,er,וְיוֹכַ֣ח,1,True,,
18016021,3,,schiedsrichterlich,וְיוֹכַ֣ח,1,False,,
18016021,4,,entscheide,וְיוֹכַ֣ח,1,False,,
18016021,5,,Gott,אֱל֑וֹהַּ,4,False,,
18016021,6,,gegenüber,עִם־,3,False,,
18016021,7,,für,לְגֶ֣בֶר,2,False,,
18016021,8,,einen,לְגֶ֣בֶר,2,False,,
18016021,9,,Mann,לְגֶ֣בֶר,2,False,,
18016021,10,,und,וּֽבֶן־,5,False,,
18016021,11,,für,לְרֵעֵֽהוּ׃,7,False,,
18016021,12,,einen,לְרֵעֵֽהוּ׃,7,False,,
18016021,13,,Menschensohn,אָדָ֥ם,6,False,,
18016021,14,,hinsichtlich,לְרֵעֵֽהוּ׃,7,False,,
18016021,15,,seines,לְרֵעֵֽהוּ׃,7,False,,
18016021,16,,Freundes,לְרֵעֵֽהוּ׃,7,False,,
18016022,1,,Denn,כִּֽי־,1,False,,
18016022,2,,die,שְׁנ֣וֹת,2,False,,
18016022,3,,zählbaren,מִסְפָּ֣ר,3,False,,
18016022,4,,Jahre,שְׁנ֣וֹת,2,False,,
18016022,5,,gehen,יֶאֱתָ֑יוּ,4,False,,
18016022,6,,vorüber,יֶאֱתָ֑יוּ,4,False,,
18016022,7,,und,וְאֹ֖רַח,5,False,,
18016022,8,,ich,אֶהֱלֹֽךְ׃,8,False,,
18016022,9,,werde,אֶהֱלֹֽךְ׃,8,True,,
18016022,10,,einen,וְאֹ֖רַח,5,False,,
18016022,11,,Weg,וְאֹ֖רַח,5,False,,
18016022,12,,dahingehen,אֶהֱלֹֽךְ׃,8,False,,
18016022,13,,auf,אָשׁ֣וּב,7,False,,
18016022,14,,dem,אָשׁ֣וּב,7,False,,
18016022,15,,ich,אָשׁ֣וּב,7,False,,
18016022,16,,nicht,לֹא־,6,False,,
18016022,17,,wiederkehren,אָשׁ֣וּב,7,False,,
18016022,18,,werde,אָשׁ֣וּב,7,True,,
18017001,1,,Mein,רוּחִ֣י,1,False,,
18017001,2,,Geist,רוּחִ֣י,1,False,,
18017001,3,,ist,חֻ֭בָּלָה,2,False,,
18017001,4,,verstört,חֻ֭בָּלָה,2,False,,
18017001,5,,meine,יָמַ֥י,3,False,,
18017001,6,,Tage,יָמַ֥י,3,False,,
18017001,7,,erlöschen,נִזְעָ֗כוּ,4,False,,
18017001,8,,die,קְבָרִ֥ים,5,False,,
18017001,9,,Gräber,קְבָרִ֥ים,5,False,,
18017001,10,,sind,לִֽי׃,6,False,,
18017001,11,,für,לִֽי׃,6,False,,
18017001,12,,mich,לִֽי׃,6,False,,
18017002,1,,Sind,אִם־,1,False,,
18017002,2,,nicht,לֹ֣א,2,False,,
18017002,3,,Spöttereien,הֲ֭תֻלִים,3,False,,
18017002,4,,um,עִמָּדִ֑י,4,False,,
18017002,5,,mich,עִמָּדִ֑י,4,False,,
18017002,6,,her,עִמָּדִ֑י,4,False,,
18017002,7,,und,וּ֝בְהַמְּרוֹתָ֗ם,5,False,,
18017002,8,,muß,וּ֝בְהַמְּרוֹתָ֗ם,5,False,,
18017002,9,,nicht,לֹ֣א,2,False,,
18017002,10,,mein,עֵינִֽי׃,7,False,,
18017002,11,,Auge,עֵינִֽי׃,7,False,,
18017002,12,,weilen,תָּלַ֥ן,6,False,,
18017002,13,,auf,וּ֝בְהַמְּרוֹתָ֗ם,5,False,,
18017002,14,,ihren,וּ֝בְהַמְּרוֹתָ֗ם,5,False,,
18017002,15,,Beleidigungen,וּ֝בְהַמְּרוֹתָ֗ם,5,False,,
18017003,1,,Setze,שִֽׂימָה־,1,False,,
18017003,2,,doch,נָּ֭א,2,False,,
18017003,3,,ein,עָרְבֵ֣נִי,3,False,,
18017003,4,,leiste,עָרְבֵ֣נִי,3,False,,
18017003,5,,Bürgschaft,עָרְבֵ֣נִי,3,False,,
18017003,6,,für,עָרְבֵ֣נִי,3,False,,
18017003,7,,mich,עָרְבֵ֣נִי,3,False,,
18017003,8,,bei,עִמָּ֑ךְ,4,False,,
18017003,9,,dir,עִמָּ֑ךְ,4,False,,
18017003,10,,selbst,עִמָּ֑ךְ,4,False,,
18017003,11,,wer,מִֽי,5,False,,
18017003,12,,ist,ה֝֗וּא,6,False,,
18017003,13,,es,ה֝֗וּא,6,False,,
18017003,14,,sonst,ה֝֗וּא,6,False,,
18017003,15,,der,לְיָדִ֥י,7,False,,
18017003,16,,in,לְיָדִ֥י,7,False,,
18017003,17,,meine,לְיָדִ֥י,7,False,,
18017003,18,,Hand,לְיָדִ֥י,7,False,,
18017003,19,,einschlagen,יִתָּקֵֽעַ׃,8,False,,
18017003,20,,wird,יִתָּקֵֽעַ׃,8,False,,
18017004,1,,Denn,כִּֽי־,1,False,,
18017004,2,,ihre,לִ֭בָּם,2,False,,
18017004,3,,Herzen,לִ֭בָּם,2,False,,
18017004,4,,hast,צָפַ֣נְתָּ,3,False,,
18017004,5,,du,צָפַ֣נְתָּ,3,False,,
18017004,6,,der,מִּשָּׂ֑כֶל,4,False,,
18017004,7,,Einsicht,מִּשָּׂ֑כֶל,4,False,,
18017004,8,,verschlossen,צָפַ֣נְתָּ,3,False,,
18017004,9,,darum,עַל־,5,False,,
18017004,10,,wirst,עַל־,5,False,,
18017004,11,,du,עַל־,5,False,,
18017004,12,,ihnen,כֵּ֝֗ן,6,False,,
18017004,13,,nicht,לֹ֣א,7,False,,
18017004,14,,die,תְרֹמֵֽם׃,8,False,,
18017004,15,,Oberhand,תְרֹמֵֽם׃,8,False,,
18017004,16,,geben,תְרֹמֵֽם׃,8,False,,
18017005,1,,Wenn,לְ֭חֵלֶק,1,False,,
18017005,2,,einer,רֵעִ֑ים,3,False,,
18017005,3,,die,רֵעִ֑ים,3,False,,
18017005,4,,Freunde,רֵעִ֑ים,3,False,,
18017005,5,,zur,לְ֭חֵלֶק,1,False,,
18017005,6,,Beute,לְ֭חֵלֶק,1,False,,
18017005,7,,ausbietet,יַגִּ֣יד,2,False,,
18017005,8,,so,יַגִּ֣יד,2,False,,
18017005,9,,werden,תִּכְלֶֽנָה׃,6,False,,
18017005,10,,die,וְעֵינֵ֖י,4,False,,
18017005,11,,Augen,וְעֵינֵ֖י,4,False,,
18017005,12,,seiner,בָנָ֣יו,5,False,,
18017005,13,,Kinder,בָנָ֣יו,5,False,,
18017005,14,,verschmachten,תִּכְלֶֽנָה׃,6,False,,
18017006,1,,Und,וְֽ֭הִצִּגַנִי,1,False,,
18017006,2,,er,וְֽ֭הִצִּגַנִי,1,False,,
18017006,3,,hat,וְֽ֭הִצִּגַנִי,1,False,,
18017006,4,,mich,וְֽ֭הִצִּגַנִי,1,False,,
18017006,5,,hingestellt,וְֽ֭הִצִּגַנִי,1,False,,
18017006,6,,zum,לִמְשֹׁ֣ל,2,False,,
18017006,7,,Sprichwort,לִמְשֹׁ֣ל,2,False,,
18017006,8,,der,עַמִּ֑ים,3,False,,
18017006,9,,Völker,עַמִּ֑ים,3,False,,
18017006,10,,und,וְתֹ֖פֶת,4,False,,
18017006,11,,ich,אֶֽהְיֶֽה׃,6,False,,
18017006,12,,bin,אֶֽהְיֶֽה׃,6,False,,
18017006,13,,zum,וְתֹ֖פֶת,4,False,,
18017006,14,,Anspeien,וְתֹ֖פֶת,4,False,,
18017006,15,,ins,לְפָנִ֣ים,5,False,,
18017006,16,,Angesicht,לְפָנִ֣ים,5,False,,
18017007,1,,Und,וַתֵּ֣כַהּ,1,False,,
18017007,2,,mein,עֵינִ֑י,3,False,,
18017007,3,,Auge,עֵינִ֑י,3,False,,
18017007,4,,ist,וַתֵּ֣כַהּ,1,False,,
18017007,5,,trübe,וַתֵּ֣כַהּ,1,False,,
18017007,6,,geworden,וַתֵּ֣כַהּ,1,False,,
18017007,7,,vor,מִכַּ֣עַשׂ,2,False,,
18017007,8,,Gram,מִכַּ֣עַשׂ,2,False,,
18017007,9,,und,וִֽיצֻרַ֖י,4,False,,
18017007,10,,wie,כַּצֵּ֣ל,5,False,,
18017007,11,,der,כַּצֵּ֣ל,5,False,,
18017007,12,,Schatten,כַּצֵּ֣ל,5,False,,
18017007,13,,sind,כֻּלָּֽם׃,6,False,,
18017007,14,,alle,כֻּלָּֽם׃,6,False,,
18017007,15,,meine,וִֽיצֻרַ֖י,4,False,,
18017007,16,,Glieder,וִֽיצֻרַ֖י,4,False,,
18017008,1,,Die,עַל־,3,False,,
18017008,2,,Aufrichtigen,יְשָׁרִ֣ים,2,False,,
18017008,3,,werden,יָשֹׁ֣מּוּ,1,False,,
18017008,4,,sich,יָשֹׁ֣מּוּ,1,False,,
18017008,5,,hierüber,זֹ֑את,4,False,,
18017008,6,,entsetzen,יָשֹׁ֣מּוּ,1,False,,
18017008,7,,und,וְ֝נָקִ֗י,5,False,,
18017008,8,,der,עַל־,6,False,,
18017008,9,,Schuldlose,וְ֝נָקִ֗י,5,False,,
18017008,10,,wird,וְיֹאחֵ֣ז,1,False,,
18017008,11,,aufgebracht,וְיֹאחֵ֣ז,1,False,,
18017008,12,,werden,וְיֹאחֵ֣ז,1,False,,
18017008,13,,über,עַל־,6,False,,
18017008,14,,den,חָנֵ֥ף,7,False,,
18017008,15,,Ruchlosen,חָנֵ֥ף,7,False,,
18017009,1,,Doch,וְיֹאחֵ֣ז,1,False,,
18017009,2,,der,צַדִּ֣יק,2,False,,
18017009,3,,Gerechte,צַדִּ֣יק,2,False,,
18017009,4,,wird,וְיֹאחֵ֣ז,1,False,,
18017009,5,,an,דַּרְכּ֑וֹ,3,False,,
18017009,6,,seinem,דַּרְכּ֑וֹ,3,False,,
18017009,7,,Wege,דַּרְכּ֑וֹ,3,False,,
18017009,8,,festhalten,וְיֹאחֵ֣ז,1,False,,
18017009,9,,und,וּֽטֳהָר־,4,False,,
18017009,10,,der,וּֽטֳהָר־,4,False,,
18017009,11,,an,יָ֝דַ֗יִם,5,False,,
18017009,12,,Händen,יָ֝דַ֗יִם,5,False,,
18017009,13,,Reine,וּֽטֳהָר־,4,False,,
18017009,14,,wird,יֹסִ֥יף,6,False,,
18017009,15,,an,אֹֽמֶץ׃,7,False,,
18017009,16,,Stärke,אֹֽמֶץ׃,7,False,,
18017009,17,,zunehmen,יֹסִ֥יף,6,False,,
18017010,1,,Aber,וְֽאוּלָ֗ם,1,False,,
18017010,2,,ihr,כֻּלָּ֣ם,2,False,,
18017010,3,,alle,כֻּלָּ֣ם,2,False,,
18017010,4,,kommet,וּבֹ֣אוּ,4,False,,
18017010,5,,nur,נָ֑א,5,False,,
18017010,6,,wieder,תָּ֭שֻׁבוּ,3,False,,
18017010,7,,heran,וּבֹ֣אוּ,4,False,,
18017010,8,,und,וְלֹֽא־,6,False,,
18017010,9,,einen,חָכָֽם׃,9,False,,
18017010,10,,Weisen,חָכָֽם׃,9,False,,
18017010,11,,werde,אֶמְצָ֖א,7,False,,
18017010,12,,ich,אֶמְצָ֖א,7,False,,
18017010,13,,nicht,וְלֹֽא־,6,False,,
18017010,14,,unter,בָכֶ֣ם,8,False,,
18017010,15,,euch,בָכֶ֣ם,8,False,,
18017010,16,,finden,אֶמְצָ֖א,7,False,,
18017011,1,,Meine,יָמַ֣י,1,False,,
18017011,2,,Tage,יָמַ֣י,1,False,,
18017011,3,,sind,עָ֭בְרוּ,2,False,,
18017011,4,,vorüber,עָ֭בְרוּ,2,False,,
18017011,5,,zerrissen,נִתְּק֑וּ,4,False,,
18017011,6,,sind,נִתְּק֑וּ,4,False,,
18017011,7,,meine,זִמֹּתַ֣י,3,False,,
18017011,8,,Pläne,זִמֹּתַ֣י,3,False,,
18017011,9,,das,מ֖וֹרָשֵׁ֣י,5,False,,
18017011,10,,Eigentum,מ֖וֹרָשֵׁ֣י,5,False,,
18017011,11,,meines,לְבָבִֽי׃,6,False,,
18017011,12,,Herzens,לְבָבִֽי׃,6,False,,
18017012,1,,Die,לַ֭יְלָה,1,False,,
18017012,2,,Nacht,לַ֭יְלָה,1,False,,
18017012,3,,machen,יָשִׂ֑ימוּ,3,False,,
18017012,4,,sie,יָשִׂ֑ימוּ,3,False,,
18017012,5,,zum,לְי֣וֹם,2,False,,
18017012,6,,Tage,לְי֣וֹם,2,False,,
18017012,7,,das,א֝֗וֹר,4,False,,
18017012,8,,Licht,א֝֗וֹר,4,False,,
18017012,9,,nahe,קָר֥וֹב,5,False,,
18017012,10,,vor,מִפְּנֵי־,6,False,,
18017012,11,,lauter,מִפְּנֵי־,6,False,,
18017012,12,,Finsternis,חֹֽשֶׁךְ׃,7,False,,
18017013,1,,Wenn,אִם־,1,False,,
18017013,2,,ich,אֲ֭קַוֶּה,2,False,,
18017013,3,,hoffe,אֲ֭קַוֶּה,2,False,,
18017013,4,,so,שְׁא֣וֹל,3,False,,
18017013,5,,ist,שְׁא֣וֹל,3,False,,
18017013,6,,der,שְׁא֣וֹל,3,False,,
18017013,7,,Scheol,שְׁא֣וֹל,3,False,,
18017013,8,,mein,בֵּיתִ֑י,4,False,,
18017013,9,,Haus,בֵּיתִ֑י,4,False,,
18017013,10,,in,בַּ֝חֹ֗שֶׁךְ,5,False,,
18017013,11,,der,בַּ֝חֹ֗שֶׁךְ,5,False,,
18017013,12,,Finsternis,בַּ֝חֹ֗שֶׁךְ,5,False,,
18017013,13,,bette,רִפַּ֥דְתִּי,6,False,,
18017013,14,,ich,רִפַּ֥דְתִּי,6,False,,
18017013,15,,mein,יְצוּעָֽי׃,7,False,,
18017013,16,,Lager,יְצוּעָֽי׃,7,False,,
18017014,1,,Zur,לַשַּׁ֣חַת,1,False,,
18017014,2,,Verwesung,לַשַּׁ֣חַת,1,False,,
18017014,3,,rufe,קָ֭רָאתִי,2,False,,
18017014,4,,ich,קָ֭רָאתִי,2,False,,
18017014,5,,Du,אָ֑תָּה,4,False,,
18017014,6,,bist,אָ֑תָּה,4,False,,
18017014,7,,mein,אָ֣בִי,3,False,,
18017014,8,,Vater,אָ֣בִי,3,False,,
18017014,9,,zu,לָֽרִמָּֽה׃,7,False,,
18017014,10,,dem,לָֽרִמָּֽה׃,7,False,,
18017014,11,,Gewürm,לָֽרִמָּֽה׃,7,False,,
18017014,12,,Meine,אִמִּ֥י,5,False,,
18017014,13,,Mutter,אִמִּ֥י,5,False,,
18017014,14,,und,וַ֝אֲחֹתִ֗י,6,False,,
18017014,15,,meine,וַ֝אֲחֹתִ֗י,6,False,,
18017014,16,,Schwester,וַ֝אֲחֹתִ֗י,6,False,,
18017015,1,,Wo,וְ֭אַיֵּה,1,False,,
18017015,2,,denn,אֵפ֣וֹ,2,False,,
18017015,3,,also,אֵפ֣וֹ,2,False,,
18017015,4,,ist,וְ֭אַיֵּה,1,False,,
18017015,5,,meine,תִקְוָתִ֑י,3,False,,
18017015,6,,Hoffnung,תִקְוָתִ֑י,3,False,,
18017015,7,,ja,וְ֝תִקְוָתִ֗י,4,False,,
18017015,8,,meine,וְ֝תִקְוָתִ֗י,4,False,,
18017015,9,,Hoffnung,וְ֝תִקְוָתִ֗י,4,False,,
18017015,10,,wer,מִ֣י,5,False,,
18017015,11,,wird,יְשׁוּרֶֽנָּה׃,6,False,,
18017015,12,,sie,יְשׁוּרֶֽנָּה׃,6,False,,
18017015,13,,schauen,יְשׁוּרֶֽנָּה׃,6,False,,
18017016,1,,Sie,תֵּרַ֑דְנָה,3,False,,
18017016,2,,fährt,תֵּרַ֑דְנָה,3,False,,
18017016,3,,hinab,תֵּרַ֑דְנָה,3,False,,
18017016,4,,zu,בַּדֵּ֣י,1,False,,
18017016,5,,den,בַּדֵּ֣י,1,False,,
18017016,6,,Riegeln,בַּדֵּ֣י,1,False,,
18017016,7,,des,שְׁאֹ֣ל,2,False,,
18017016,8,,Scheols,שְׁאֹ֣ל,2,False,,
18017016,9,,wenn,אִם־,4,False,,
18017016,10,,wir,תֵּרַ֑דְנָה,3,False,,
18017016,11,,miteinander,יַ֖חַד,5,False,,
18017016,12,,im,עַל־,6,False,,
18017016,13,,Staube,עָפָ֣ר,7,False,,
18017016,14,,Ruhe,נָֽחַת׃ ס,8,False,,
18017016,15,,haben,נָֽחַת׃ ס,8,False,,
18018001,1,,Und,וַ֭יַּעַן,1,False,,
18018001,2,,Bildad,בִּלְדַּ֥ד,2,False,,
18018001,3,,der,הַשֻּׁחִ֗י,3,False,,
18018001,4,,Schuchiter,הַשֻּׁחִ֗י,3,False,,
18018001,5,,antwortete,וַ֭יַּעַן,1,False,,
18018001,6,,und,וַיֹּאמַֽר׃,4,False,,
18018001,7,,sprach,וַיֹּאמַֽר׃,4,False,,
18018002,1,,Wie,עַד־,1,False,,
18018002,2,,lange,עַד־,1,False,,
18018002,3,,wollt,תְּשִׂימ֣וּן,3,False,,
18018002,4,,ihr,תְּשִׂימ֣וּן,3,False,,
18018002,5,,auf,לְמִלִּ֑ין,5,False,,
18018002,6,,Worte,לְמִלִּ֑ין,5,False,,
18018002,7,,Jagd,קִנְצֵ֣י,4,False,,
18018002,8,,machen,תְּשִׂימ֣וּן,3,False,,
18018002,9,,Werdet,תָּ֝בִ֗ינוּ,6,False,,
18018002,10,,verständig,תָּ֝בִ֗ינוּ,6,False,,
18018002,11,,und,וְאַחַ֥ר,7,False,,
18018002,12,,hernach,וְאַחַ֥ר,7,False,,
18018002,13,,wollen,נְדַבֵּֽר׃,8,False,,
18018002,14,,wir,נְדַבֵּֽר׃,8,False,,
18018002,15,,reden,נְדַבֵּֽר׃,8,False,,
18018003,1,,Warum,מַ֭דּוּעַ,1,False,,
18018003,2,,werden,נֶחְשַׁ֣בְנוּ,2,False,,
18018003,3,,wir,נֶחְשַׁ֣בְנוּ,2,False,,
18018003,4,,dem,כַבְּהֵמָ֑ה,3,False,,
18018003,5,,Vieh,כַבְּהֵמָ֑ה,3,False,,
18018003,6,,gleich,כַבְּהֵמָ֑ה,3,False,,
18018003,7,,geachtet,נֶחְשַׁ֣בְנוּ,2,False,,
18018003,8,,sind,נִ֝טְמִ֗ינוּ,4,False,,
18018003,9,,dumm,נִ֝טְמִ֗ינוּ,4,False,,
18018003,10,,in,בְּעֵינֵיכֶֽם׃,5,False,,
18018003,11,,euren,בְּעֵינֵיכֶֽם׃,5,False,,
18018003,12,,Augen,בְּעֵינֵיכֶֽם׃,5,False,,
18018004,1,,Du,נַפְשׁ֗וֹ,2,False,,
18018004,2,,der,טֹֽרֵ֥ף,1,False,,
18018004,3,,sich,נַפְשׁ֗וֹ,2,False,,
18018004,4,,selbst,נַפְשׁ֗וֹ,2,False,,
18018004,5,,zerfleischt,טֹֽרֵ֥ף,1,False,,
18018004,6,,in,בְּאַ֫פּ֥וֹ,3,False,,
18018004,7,,seinem,נַפְשׁ֗וֹ,2,False,,
18018004,8,,Zorn,בְּאַ֫פּ֥וֹ,3,False,,
18018004,9,,soll,תֵּעָ֣זַב,5,False,,
18018004,10,,um,הַ֭לְמַעַנְךָ,4,False,,
18018004,11,,deinetwillen,הַ֭לְמַעַנְךָ,4,False,,
18018004,12,,die,אָ֑רֶץ,6,False,,
18018004,13,,Erde,אָ֑רֶץ,6,False,,
18018004,14,,verlassen,תֵּעָ֣זַב,5,False,,
18018004,15,,werden,תֵּעָ֣זַב,5,False,,
18018004,16,,und,וְיֶעְתַּק־,7,False,,
18018004,17,,ein,צ֝֗וּר,8,False,,
18018004,18,,Fels,צ֝֗וּר,8,False,,
18018004,19,,wegrücken,וְיֶעְתַּק־,7,False,,
18018004,20,,von,מִמְּקֹמֽוֹ׃,9,False,,
18018004,21,,seiner,מִמְּקֹמֽוֹ׃,9,False,,
18018004,22,,Stelle,מִמְּקֹמֽוֹ׃,9,False,,
18018005,1,,Doch,גַּ֤ם,1,False,,
18018005,2,,das,א֣וֹר,2,False,,
18018005,3,,Licht,א֣וֹר,2,False,,
18018005,4,,der,רְשָׁעִ֣ים,3,False,,
18018005,5,,Gesetzlosen,רְשָׁעִ֣ים,3,False,,
18018005,6,,wird,יִדְעָ֑ךְ,4,False,,
18018005,7,,erlöschen,יִדְעָ֑ךְ,4,False,,
18018005,8,,und,וְלֹֽא־,5,False,,
18018005,9,,nicht,וְלֹֽא־,5,False,,
18018005,10,,leuchten,יִ֝גַּ֗הּ,6,False,,
18018005,11,,wird,יִ֝גַּ֗הּ,6,False,,
18018005,12,,die,שְׁבִ֣יב,7,False,,
18018005,13,,Flamme,שְׁבִ֣יב,7,False,,
18018005,14,,seines,אִשּֽׁוֹ׃,8,False,,
18018005,15,,Feuers,אִשּֽׁוֹ׃,8,False,,
18018006,1,,Das,א֭וֹר,1,False,,
18018006,2,,Licht,א֭וֹר,1,False,,
18018006,3,,wird,חָשַׁ֣ךְ,2,False,,
18018006,4,,finster,חָשַׁ֣ךְ,2,False,,
18018006,5,,in,בְּאָהֳל֑וֹ,3,False,,
18018006,6,,seinem,בְּאָהֳל֑וֹ,3,False,,
18018006,7,,Zelte,בְּאָהֳל֑וֹ,3,False,,
18018006,8,,und,וְ֝נֵר֗וֹ,4,False,,
18018006,9,,seine,וְ֝נֵר֗וֹ,4,False,,
18018006,10,,Lampe,וְ֝נֵר֗וֹ,4,False,,
18018006,11,,erlischt,יִדְעָֽךְ׃,6,False,,
18018006,12,,über,עָלָ֥יו,5,False,,
18018006,13,,ihm,עָלָ֥יו,5,False,,
18018007,1,,Die,יֵֽ֭צְרוּ,1,False,,
18018007,2,,Schritte,צַעֲדֵ֣י,2,False,,
18018007,3,,seiner,אוֹנ֑וֹ,3,False,,
18018007,4,,Kraft,אוֹנ֑וֹ,3,False,,
18018007,5,,werden,יֵֽ֭צְרוּ,1,True,,
18018007,6,,eingeengt,יֵֽ֭צְרוּ,1,False,,
18018007,7,,werden,יֵֽ֭צְרוּ,1,True,,
18018007,8,,und,וְֽתַשְׁלִיכֵ֥הוּ,4,True,,
18018007,9,,sein,עֲצָתֽוֹ׃,5,False,,
18018007,10,,Ratschlag,עֲצָתֽוֹ׃,5,False,,
18018007,11,,wird,וְֽתַשְׁלִיכֵ֥הוּ,4,True,,
18018007,12,,ihn,וְֽתַשְׁלִיכֵ֥הוּ,4,False,,
18018007,13,,stürzen,וְֽתַשְׁלִיכֵ֥הוּ,4,False,,
18018008,1,,Denn,כִּֽי־,1,False,,
18018008,2,,durch,בְּרֶ֣שֶׁת,3,False,,
18018008,3,,seine,בְּרַגְלָ֑יו,4,False,,
18018008,4,,eigenen,בְּרַגְלָ֑יו,4,True,,
18018008,5,,Füße,בְּרַגְלָ֑יו,4,False,,
18018008,6,,wird,שֻׁלַּ֣ח,2,False,,
18018008,7,,er,שֻׁלַּ֣ח,2,False,,
18018008,8,,ins,בְּרֶ֣שֶׁת,3,True,,
18018008,9,,Netz,בְּרֶ֣שֶׁת,3,False,,
18018008,10,,getrieben,שֻׁלַּ֣ח,2,False,,
18018008,11,,und,וְעַל־,5,True,,
18018008,12,,auf,וְעַל־,5,False,,
18018008,13,,Fallgittern,שְׂ֝בָכָ֗ה,6,False,,
18018008,14,,wird,יִתְהַלָּֽךְ׃,7,False,,
18018008,15,,er,יִתְהַלָּֽךְ׃,7,False,,
18018008,16,,einherwandeln,יִתְהַלָּֽךְ׃,7,False,,
18018009,1,,Der,יֹאחֵ֣ז,1,True,,
18018009,2,,Fallstrick,פָּ֑ח,3,False,,
18018009,3,,wird,יֹאחֵ֣ז,1,False,,
18018009,4,,seine,בְּעָקֵ֣ב,2,False,,
18018009,5,,Ferse,בְּעָקֵ֣ב,2,False,,
18018009,6,,erfassen,יֹאחֵ֣ז,1,False,,
18018009,7,,die,יַחֲזֵ֖ק,4,True,,
18018009,8,,Schlinge,צַמִּֽים׃,6,False,,
18018009,9,,ihn,יַחֲזֵ֖ק,4,False,,
18018009,10,,ergreifen,יַחֲזֵ֖ק,4,False,,
18018010,1,,Sein,חַבְל֑וֹ,3,False,,
18018010,2,,Garn,חַבְל֑וֹ,3,False,,
18018010,3,,ist,טָמ֣וּן,1,True,,
18018010,4,,verborgen,טָמ֣וּן,1,False,,
18018010,5,,in,בָּאָ֣רֶץ,2,False,,
18018010,6,,der,בָּאָ֣רֶץ,2,True,,
18018010,7,,Erde,בָּאָ֣רֶץ,2,False,,
18018010,8,,und,וּ֝מַלְכֻּדְתּ֗וֹ,4,True,,
18018010,9,,seine,וּ֝מַלְכֻּדְתּ֗וֹ,4,False,,
18018010,10,,Falle,וּ֝מַלְכֻּדְתּ֗וֹ,4,False,,
18018010,11,,auf,עֲלֵ֣י,5,False,,
18018010,12,,dem,נָתִֽיב׃,6,True,,
18018010,13,,Pfade,נָתִֽיב׃,6,False,,
18018011,1,,Schrecken,בַלָּה֑וֹת,3,False,,
18018011,2,,ängstigen,בִּֽעֲתֻ֣הוּ,2,False,,
18018011,3,,ihn,בִּֽעֲתֻ֣הוּ,2,False,,
18018011,4,,ringsum,סָ֭בִיב,1,False,,
18018011,5,,und,וֶהֱפִיצֻ֥הוּ,4,True,,
18018011,6,,scheuchen,וֶהֱפִיצֻ֥הוּ,4,False,,
18018011,7,,ihn,וֶהֱפִיצֻ֥הוּ,4,False,,
18018011,8,,auf,לְרַגְלָֽיו׃,5,False,,
18018011,9,,Schritt,לְרַגְלָֽיו׃,5,False,,
18018011,10,,und,לְרַגְלָֽיו׃,5,True,,
18018011,11,,Tritt,לְרַגְלָֽיו׃,5,False,,
18018012,1,,Seine,אֹנ֑וֹ,3,False,,
18018012,2,,Kraft,אֹנ֑וֹ,3,False,,
18018012,3,,wird,יְהִי־,1,False,,
18018012,4,,aufgezehrt,רָעֵ֥ב,2,False,,
18018012,5,,werden,יְהִי־,1,True,,
18018012,6,,durch,לְצַלְעֽוֹ׃,6,False,,
18018012,7,,Hunger,רָעֵ֥ב,2,False,,
18018012,8,,und,וְ֝אֵ֗יד,4,True,,
18018012,9,,das,וְ֝אֵ֗יד,4,True,,
18018012,10,,Verderben,וְ֝אֵ֗יד,4,False,,
18018012,11,,steht,נָכ֥וֹן,5,False,,
18018012,12,,bereit,נָכ֥וֹן,5,False,,
18018012,13,,an,לְצַלְעֽוֹ׃,6,False,,
18018012,14,,seiner,לְצַלְעֽוֹ׃,6,False,,
18018012,15,,Seite,לְצַלְעֽוֹ׃,6,False,,
18018013,1,,Der,בְּכ֣וֹר,6,True,,
18018013,2,,Erstgeborene,בְּכ֣וֹר,6,False,,
18018013,3,,des,מָֽוֶת׃,7,True,,
18018013,4,,Todes,מָֽוֶת׃,7,False,,
18018013,5,,wird,יֹ֭אכַל,1,False,,
18018013,6,,fressen,יֹ֭אכַל,1,False,,
18018013,7,,die,בַּדֵּ֣י,2,True,,
18018013,8,,Glieder,בַּדֵּ֣י,2,False,,
18018013,9,,seines,עוֹר֑וֹ,3,False,,
18018013,10,,Leibes,עוֹר֑וֹ,3,False,,
18018013,11,,seine,בַּ֝דָּ֗יו,5,False,,
18018013,12,,Glieder,בַּ֝דָּ֗יו,5,False,,
18018013,13,,wird,יֹאכַ֥ל,4,False,,
18018013,14,,er,יֹאכַ֥ל,4,False,,
18018013,15,,fressen,יֹאכַ֥ל,4,False,,
18018014,1,,Seine,מִבְטַח֑וֹ,3,False,,
18018014,2,,Zuversicht,מִבְטַח֑וֹ,3,False,,
18018014,3,,wird,יִנָּתֵ֣ק,1,False,,
18018014,4,,hinweggerissen,יִנָּתֵ֣ק,1,False,,
18018014,5,,werden,יִנָּתֵ֣ק,1,True,,
18018014,6,,aus,מֵ֭אָהֳלוֹ,2,False,,
18018014,7,,seinem,מֵ֭אָהֳלוֹ,2,False,,
18018014,8,,Zelte,מֵ֭אָהֳלוֹ,2,False,,
18018014,9,,und,וְ֝תַצְעִדֵ֗הוּ,4,True,,
18018014,10,,es,וְ֝תַצְעִדֵ֗הוּ,4,False,,
18018014,11,,wird,וְ֝תַצְעִדֵ֗הוּ,4,False,,
18018014,12,,ihn,וְ֝תַצְעִדֵ֗הוּ,4,False,,
18018014,13,,forttreiben,וְ֝תַצְעִדֵ֗הוּ,4,False,,
18018014,14,,zu,לְמֶ֣לֶךְ,5,False,,
18018014,15,,dem,לְמֶ֣לֶךְ,5,True,,
18018014,16,,König,לְמֶ֣לֶךְ,5,False,,
18018014,17,,der,בַּלָּהֽוֹת׃,6,True,,
18018014,18,,Schrecken,בַּלָּהֽוֹת׃,6,False,,
18018015,1,,Was,מִבְּלִי,3,False,,
18018015,2,,nicht,מִבְּלִי,3,False,,
18018015,3,,sein,ל֑וֹ,4,False,,
18018015,4,,ist,תִּשְׁכּ֣וֹן,1,False,,
18018015,5,,wird,תִּשְׁכּ֣וֹן,1,False,,
18018015,6,,in,בְּ֭אָהֳלוֹ,2,False,,
18018015,7,,seinem,בְּ֭אָהֳלוֹ,2,False,,
18018015,8,,Zelte,בְּ֭אָהֳלוֹ,2,False,,
18018015,9,,wohnen,תִּשְׁכּ֣וֹן,1,False,,
18018015,10,,auf,עַל־,6,False,,
18018015,11,,seine,נָוֵ֣הוּ,7,False,,
18018015,12,,Wohnstätte,נָוֵ֣הוּ,7,False,,
18018015,13,,wird,יְזֹרֶ֖ה,5,False,,
18018015,14,,Schwefel,גָפְרִֽית׃,8,False,,
18018015,15,,gestreut,יְזֹרֶ֖ה,5,False,,
18018015,16,,werden,יְזֹרֶ֖ה,5,True,,
18018016,1,,Unten,מִ֭תַּחַת,1,False,,
18018016,2,,werden,יִבָ֑שׁוּ,3,False,,
18018016,3,,seine,שָֽׁרָשָׁ֣יו,2,False,,
18018016,4,,Wurzeln,שָֽׁרָשָׁ֣יו,2,False,,
18018016,5,,verdorren,יִבָ֑שׁוּ,3,False,,
18018016,6,,und,וּ֝מִמַּ֗עַל,4,True,,
18018016,7,,oben,וּ֝מִמַּ֗עַל,4,False,,
18018016,8,,wird,יִמַּ֥ל,5,False,,
18018016,9,,sein,קְצִירֽוֹ׃,6,False,,
18018016,10,,Gezweig,קְצִירֽוֹ׃,6,False,,
18018016,11,,verwelken,יִמַּ֥ל,5,False,,
18018017,1,,Sein,זִֽכְרוֹ־,1,False,,
18018017,2,,Gedächtnis,זִֽכְרוֹ־,1,False,,
18018017,3,,verschwindet,אָ֭בַד,2,False,,
18018017,4,,von,מִנִּי־,3,False,,
18018017,5,,der,אָ֑רֶץ,4,True,,
18018017,6,,Erde,אָ֑רֶץ,4,False,,
18018017,7,,und,וְלֹא־,5,True,,
18018017,8,,auf,עַל־,8,False,,
18018017,9,,der,פְּנֵי־,9,True,,
18018017,10,,Fläche,פְּנֵי־,9,False,,
18018017,11,,des,חֽוּץ׃,10,True,,
18018017,12,,Landes,חֽוּץ׃,10,False,,
18018017,13,,hat,וְלֹא־,5,False,,
18018017,14,,er,ל֝֗וֹ,7,False,,
18018017,15,,keinen,וְלֹא־,5,False,,
18018017,16,,Namen,שֵׁ֥ם,6,False,,
18018018,1,,Man,יֶ֭הְדְּפֻהוּ,1,False,,
18018018,2,,wird,יֶ֭הְדְּפֻהוּ,1,False,,
18018018,3,,ihn,יֶ֭הְדְּפֻהוּ,1,False,,
18018018,4,,aus,מֵא֣וֹר,2,False,,
18018018,5,,dem,מֵא֣וֹר,2,True,,
18018018,6,,Licht,מֵא֣וֹר,2,False,,
18018018,7,,in,אֶל־,3,False,,
18018018,8,,die,חֹ֑שֶׁךְ,4,True,,
18018018,9,,Finsternis,חֹ֑שֶׁךְ,4,False,,
18018018,10,,stoßen,יֶ֭הְדְּפֻהוּ,1,False,,
18018018,11,,und,וּֽמִתֵּבֵ֥ל,5,True,,
18018018,12,,aus,וּֽמִתֵּבֵ֥ל,5,False,,
18018018,13,,der,וּֽמִתֵּבֵ֥ל,5,True,,
18018018,14,,Welt,וּֽמִתֵּבֵ֥ל,5,False,,
18018018,15,,ihn,יְנִדֻּֽהוּ׃,6,False,,
18018018,16,,verjagen,יְנִדֻּֽהוּ׃,6,False,,
18018019,1,,Er,לֹ֘א,1,False,,
18018019,2,,wird,וְאֵ֥ין,7,False,,
18018019,3,,keinen,לֹ֘א,1,False,,
18018019,4,,Sohn,נִ֤ין,2,False,,
18018019,5,,und,וְלֹא־,4,True,,
18018019,6,,keinen,וְלֹא־,4,False,,
18018019,7,,Nachkommen,נֶ֣כֶד,5,False,,
18018019,8,,haben,וְאֵ֥ין,7,False,,
18018019,9,,unter,בְּעַמּ֑וֹ,6,False,,
18018019,10,,seinem,בְּעַמּ֑וֹ,6,False,,
18018019,11,,Volke,בְּעַמּ֑וֹ,6,False,,
18018019,12,,noch,וְאֵ֥ין,7,False,,
18018019,13,,wird,וְאֵ֥ין,7,False,,
18018019,14,,ein,שָׂ֝רִ֗יד,8,True,,
18018019,15,,Entronnener,שָׂ֝רִ֗יד,8,False,,
18018019,16,,in,בִּמְגוּרָֽיו׃,9,False,,
18018019,17,,seinen,בִּמְגוּרָֽיו׃,9,False,,
18018019,18,,Wohnsitzen,בִּמְגוּרָֽיו׃,9,False,,
18018019,19,,sein,וְאֵ֥ין,7,False,,
18018020,1,,Über,עַל־,1,False,,
18018020,2,,seinen,י֭וֹמוֹ,2,False,,
18018020,3,,Tag,י֭וֹמוֹ,2,False,,
18018020,4,,entsetzen,נָשַׁ֣מּוּ,3,False,,
18018020,5,,sich,נָשַׁ֣מּוּ,3,True,,
18018020,6,,die,אַחֲרֹנִ֑ים,4,True,,
18018020,7,,im,אַחֲרֹנִ֑ים,4,True,,
18018020,8,,Westen,אַחֲרֹנִ֑ים,4,False,,
18018020,9,,Wohnenden,אַחֲרֹנִ֑ים,4,False,,
18018020,10,,und,וְ֝קַדְמֹנִ֗ים,5,True,,
18018020,11,,die,וְ֝קַדְמֹנִ֗ים,5,True,,
18018020,12,,im,וְ֝קַדְמֹנִ֗ים,5,True,,
18018020,13,,Osten,וְ֝קַדְמֹנִ֗ים,5,False,,
18018020,14,,erfaßt,אָ֣חֲזוּ,6,False,,
18018020,15,,Schauder,שָֽׂעַר׃,7,False,,
18018020,16,,,שָֽׂעַר׃,7,True,,
18018021,1,,Ja,אַךְ־,1,False,,
18018021,2,,so,אֵ֭לֶּה,2,False,,
18018021,3,,sind,אֵ֭לֶּה,2,False,,
18018021,4,,die,מִשְׁכְּנ֣וֹת,3,True,,
18018021,5,,Wohnungen,מִשְׁכְּנ֣וֹת,3,False,,
18018021,6,,des,עַוָּ֑ל,4,True,,
18018021,7,,Ungerechten,עַוָּ֑ל,4,False,,
18018021,8,,und,וְ֝זֶ֗ה,5,True,,
18018021,9,,so,וְ֝זֶ֗ה,5,False,,
18018021,10,,ist,וְ֝זֶ֗ה,5,False,,
18018021,11,,die,מְק֣וֹם,6,True,,
18018021,12,,Stätte,מְק֣וֹם,6,False,,
18018021,13,,dessen,לֹא־,7,False,,
18018021,14,,der,יָדַֽע־,8,True,,
18018021,15,,Gott,אֵֽל׃ ס,9,False,,
18018021,16,,nicht,לֹא־,7,False,,
18018021,17,,kennt,יָדַֽע־,8,False,,
18019001,1,,Und,וַיַּ֥עַן,1,False,,
18019001,2,,Hiob,אִיּ֗וֹב,2,False,,
18019001,3,,antwortete,וַיַּ֥עַן,1,False,,
18019001,4,,und,וַיֹּאמַֽר׃,3,True,,
18019001,5,,sprach,וַיֹּאמַֽר׃,3,False,,
18019002,1,,Wie,אָ֭נָה,2,False,,
18019002,2,,lange,עַד־,1,False,,
18019002,3,,wollt,תּוֹגְי֣וּן,3,False,,
18019002,4,,ihr,תּוֹגְי֣וּן,3,False,,
18019002,5,,meine,נַפְשִׁ֑י,4,False,,
18019002,6,,Seele,נַפְשִׁ֑י,4,False,,
18019002,7,,plagen,תּוֹגְי֣וּן,3,False,,
18019002,8,,und,וּֽתְדַכְּאוּנַ֥נִי,5,True,,
18019002,9,,mich,וּֽתְדַכְּאוּנַ֥נִי,5,False,,
18019002,10,,mit,בְמִלִּֽים׃,6,False,,
18019002,11,,Worten,בְמִלִּֽים׃,6,False,,
18019002,12,,zermalmen,וּֽתְדַכְּאוּנַ֥נִי,5,False,,
18019003,1,,Schon,זֶ֤ה,1,False,,
18019003,2,,zehnmal,פְּ֭עָמִים,3,False,,
18019003,3,,ist,עֶ֣שֶׂר,2,True,,
18019003,4,,es,עֶ֣שֶׂר,2,True,,
18019003,5,,daß,עֶ֣שֶׂר,2,True,,
18019003,6,,ihr,תַּכְלִימ֑וּנִי,4,False,,
18019003,7,,mich,תַּכְלִימ֑וּנִי,4,False,,
18019003,8,,geschmäht,תַּכְלִימ֑וּנִי,4,False,,
18019003,9,,habt,תַּכְלִימ֑וּנִי,4,False,,
18019003,10,,ihr,תֵ֝בֹ֗שׁוּ,6,False,,
18019003,11,,schämet,תֵ֝בֹ֗שׁוּ,6,False,,
18019003,12,,euch,תֵ֝בֹ֗שׁוּ,6,False,,
18019003,13,,nicht,לֹֽא־,5,False,,
18019003,14,,mich,תַּהְכְּרוּ־,7,False,,
18019003,15,,zu,לִֽי׃,8,False,,
18019003,16,,verletzen,תַּהְכְּרוּ־,7,False,,
18019004,1,,Und,וְאַף־,1,False,,
18019004,2,,habe,שָׁגִ֑יתִי,3,False,,
18019004,3,,ich,שָׁגִ֑יתִי,3,False,,
18019004,4,,auch,אָמְנָ֥ם,2,False,,
18019004,5,,wirklich,אָמְנָ֥ם,2,False,,
18019004,6,,geirrt,שָׁגִ֑יתִי,3,False,,
18019004,7,,so,אִ֝תִּ֗י,4,False,,
18019004,8,,bleibt,תָּלִ֥ין,5,False,,
18019004,9,,doch,אִ֝תִּ֗י,4,True,,
18019004,10,,mein,מְשׁוּגָתִֽי׃,6,False,,
18019004,11,,Irrtum,מְשׁוּגָתִֽי׃,6,False,,
18019004,12,,bei,אִ֝תִּ֗י,4,False,,
18019004,13,,mir,אִ֝תִּ֗י,4,False,,
18019005,1,,Wenn,אִם־,1,False,,
18019005,2,,ihr,תַּגְדִּ֑ילוּ,4,False,,
18019005,3,,wirklich,אָ֭מְנָם,2,False,,
18019005,4,,wider,עָלַ֣י,3,False,,
18019005,5,,mich,עָלַ֣י,3,False,,
18019005,6,,großtun,תַּגְדִּ֑ילוּ,4,False,,
18019005,7,,wollt,תַּגְדִּ֑ילוּ,4,False,,
18019005,8,,und,וְתוֹכִ֥יחוּ,5,True,,
18019005,9,,wider,עָ֝לַ֗י,6,False,,
18019005,10,,mich,עָ֝לַ֗י,6,False,,
18019005,11,,dartun,וְתוֹכִ֥יחוּ,5,False,,
18019005,12,,meine,חֶרְפָּתִּֽי׃,7,False,,
18019005,13,,Schmach,חֶרְפָּתִּֽי׃,7,False,,
18019006,1,,so,דְּֽעוּ־,1,False,,
18019006,2,,wisset,דְּֽעוּ־,1,False,,
18019006,3,,denn,אֵ֭פוֹ,2,False,,
18019006,4,,daß,כִּי־,3,False,,
18019006,5,,Gott,אֱל֣וֹהַּ,4,False,,
18019006,6,,mich,עִוְּתָ֑נִי,5,False,,
18019006,7,,in,עִוְּתָ֑נִי,5,True,,
18019006,8,,meinem,עִוְּתָ֑נִי,5,True,,
18019006,9,,Rechte,עִוְּתָ֑נִי,5,True,,
18019006,10,,gebeugt,עִוְּתָ֑נִי,5,False,,
18019006,11,,und,הִקִּֽיף׃,8,True,,
18019006,12,,mich,הִקִּֽיף׃,8,False,,
18019006,13,,umstellt,הִקִּֽיף׃,8,False,,
18019006,14,,hat,הִקִּֽיף׃,8,False,,
18019006,15,,mit,וּ֝מְצוּד֗וֹ,6,False,,
18019006,16,,seinem,וּ֝מְצוּד֗וֹ,6,False,,
18019006,17,,Netze,וּ֝מְצוּד֗וֹ,6,False,,
18019007,1,,Siehe,הֵ֤ן,1,False,,
18019007,2,,ich,אֶצְעַ֣ק,2,False,,
18019007,3,,schreie,אֶצְעַ֣ק,2,False,,
18019007,4,,über,חָ֭מָס,3,False,,
18019007,5,,Gewalttat,חָ֭מָס,3,False,,
18019007,6,,und,וְלֹ֣א,4,True,,
18019007,7,,werde,אֵעָנֶ֑ה,5,False,,
18019007,8,,nicht,וְלֹ֣א,4,False,,
18019007,9,,erhört,אֵעָנֶ֑ה,5,False,,
18019007,10,,ich,אֲ֝שַׁוַּ֗ע,6,False,,
18019007,11,,rufe,אֲ֝שַׁוַּ֗ע,6,False,,
18019007,12,,um,וְאֵ֣ין,7,False,,
18019007,13,,Hülfe,וְאֵ֣ין,7,False,,
18019007,14,,und,מִשְׁפָּֽט׃,8,True,,
18019007,15,,da,וְאֵ֣ין,7,True,,
18019007,16,,ist,וְאֵ֣ין,7,True,,
18019007,17,,kein,וְאֵ֣ין,7,True,,
18019007,18,,Recht,מִשְׁפָּֽט׃,8,False,,
18019008,1,,Er,גָ֭דַר,2,False,,
18019008,2,,hat,גָ֭דַר,2,False,,
18019008,3,,meinen,אָרְחִ֣י,1,False,,
18019008,4,,Weg,אָרְחִ֣י,1,False,,
18019008,5,,verzäunt,גָ֭דַר,2,False,,
18019008,6,,daß,וְלֹ֣א,3,True,,
18019008,7,,ich,אֶעֱב֑וֹר,4,False,,
18019008,8,,nicht,וְלֹ֣א,3,False,,
18019008,9,,hinüber,אֶעֱב֑וֹר,4,False,,
18019008,10,,kann,אֶעֱב֑וֹר,4,False,,
18019008,11,,und,וְעַ֥ל,5,True,,
18019008,12,,auf,וְעַ֥ל,5,False,,
18019008,13,,meine,נְ֝תִיבוֹתַ֗י,6,False,,
18019008,14,,Pfade,נְ֝תִיבוֹתַ֗י,6,False,,
18019008,15,,legte,יָשִֽׂים׃,8,False,,
18019008,16,,er,יָשִֽׂים׃,8,False,,
18019008,17,,Finsternis,חֹ֣שֶׁךְ,7,False,,
18019009,1,,Meine,כְּ֭בוֹדִי,1,False,,
18019009,2,,Ehre,כְּ֭בוֹדִי,1,False,,
18019009,3,,hat,הִפְשִׁ֑יט,3,False,,
18019009,4,,er,הִפְשִׁ֑יט,3,False,,
18019009,5,,mir,מֵעָלַ֣י,2,False,,
18019009,6,,ausgezogen,הִפְשִׁ֑יט,3,False,,
18019009,7,,und,וַ֝יָּ֗סַר,4,True,,
18019009,8,,weggenommen,וַ֝יָּ֗סַר,4,False,,
18019009,9,,die,עֲטֶ֣רֶת,5,True,,
18019009,10,,Krone,עֲטֶ֣רֶת,5,False,,
18019009,11,,meines,רֹאשִֽׁי׃,6,False,,
18019009,12,,Hauptes,רֹאשִֽׁי׃,6,False,,
18019010,1,,Er,יִתְּצֵ֣נִי,1,False,,
18019010,2,,hat,יִתְּצֵ֣נִי,1,False,,
18019010,3,,mich,יִתְּצֵ֣נִי,1,False,,
18019010,4,,niedergerissen,יִתְּצֵ֣נִי,1,False,,
18019010,5,,ringsum,סָ֭בִיב,2,False,,
18019010,6,,so,וָאֵלַ֑ךְ,3,True,,
18019010,7,,daß,וָאֵלַ֑ךְ,3,True,,
18019010,8,,ich,וָאֵלַ֑ךְ,3,False,,
18019010,9,,vergehe,וָאֵלַ֑ךְ,3,False,,
18019010,10,,und,וַיַּסַּ֥ע,4,True,,
18019010,11,,hat,וַיַּסַּ֥ע,4,False,,
18019010,12,,meine,תִּקְוָתִֽי׃,6,False,,
18019010,13,,Hoffnung,תִּקְוָתִֽי׃,6,False,,
18019010,14,,ausgerissen,וַיַּסַּ֥ע,4,False,,
18019010,15,,wie,כָּ֝עֵ֗ץ,5,False,,
18019010,16,,einen,כָּ֝עֵ֗ץ,5,True,,
18019010,17,,Baum,כָּ֝עֵ֗ץ,5,False,,
18019011,1,,Und,וַיַּ֣חַר,1,True,,
18019011,2,,seinen,אַפּ֑וֹ,3,False,,
18019011,3,,Zorn,אַפּ֑וֹ,3,False,,
18019011,4,,ließ,וַיַּ֣חַר,1,False,,
18019011,5,,er,וַיַּ֣חַר,1,False,,
18019011,6,,wider,עָלַ֣י,2,False,,
18019011,7,,mich,עָלַ֣י,2,False,,
18019011,8,,entbrennen,וַיַּ֣חַר,1,False,,
18019011,9,,und,וַיַּחְשְׁבֵ֖נִי,4,True,,
18019011,10,,achtete,וַיַּחְשְׁבֵ֖נִי,4,False,,
18019011,11,,mich,וַיַּחְשְׁבֵ֖נִי,4,False,,
18019011,12,,seinen,כְצָרָֽיו׃,6,False,,
18019011,13,,Feinden,כְצָרָֽיו׃,6,False,,
18019011,14,,gleich,ל֣וֹ,5,False,,
18019012,1,,Allzumal,יַ֤חַד׀,1,False,,
18019012,2,,kamen,יָ֘בֹ֤אוּ,2,False,,
18019012,3,,seine,גְדוּדָ֗יו,3,False,,
18019012,4,,Scharen,גְדוּדָ֗יו,3,False,,
18019012,5,,und,וַיָּסֹ֣לּוּ,4,True,,
18019012,6,,bahnten,וַיָּסֹ֣לּוּ,4,False,,
18019012,7,,ihren,דַּרְכָּ֑ם,6,False,,
18019012,8,,Weg,דַּרְכָּ֑ם,6,False,,
18019012,9,,wider,עָלַ֣י,5,False,,
18019012,10,,mich,עָלַ֣י,5,False,,
18019012,11,,und,וַיַּחֲנ֖וּ,7,True,,
18019012,12,,lagerten,וַיַּחֲנ֖וּ,7,False,,
18019012,13,,sich,וַיַּחֲנ֖וּ,7,False,,
18019012,14,,rings,סָבִ֣יב,8,False,,
18019012,15,,um,סָבִ֣יב,8,False,,
18019012,16,,mein,לְאָהֳלִֽי׃,9,False,,
18019012,17,,Zelt,לְאָהֳלִֽי׃,9,False,,
18019013,1,,Meine,אַ֭חַי,1,False,,
18019013,2,,Brüder,אַ֭חַי,1,False,,
18019013,3,,hat,הִרְחִ֑יק,3,False,,
18019013,4,,er,הִרְחִ֑יק,3,False,,
18019013,5,,von,מֵעָלַ֣י,2,False,,
18019013,6,,mir,מֵעָלַ֣י,2,False,,
18019013,7,,entfernt,הִרְחִ֑יק,3,False,,
18019013,8,,und,וְ֝יֹדְעַ֗י,4,True,,
18019013,9,,meine,וְ֝יֹדְעַ֗י,4,False,,
18019013,10,,Bekannten,וְ֝יֹדְעַ֗י,4,False,,
18019013,11,,sind,זָ֥רוּ,6,False,,
18019013,12,,mir,מִמֶּֽנִּי׃,7,False,,
18019013,13,,ganz,אַךְ־,5,False,,
18019013,14,,entfremdet,זָ֥רוּ,6,False,,
18019014,1,,Meine,קְרוֹבָ֑י,2,False,,
18019014,2,,Verwandten,קְרוֹבָ֑י,2,False,,
18019014,3,,bleiben,חָדְל֥וּ,1,False,,
18019014,4,,aus,חָדְל֥וּ,1,False,,
18019014,5,,und,וּֽמְיֻדָּעַ֥י,3,True,,
18019014,6,,meine,וּֽמְיֻדָּעַ֥י,3,False,,
18019014,7,,Vertrauten,וּֽמְיֻדָּעַ֥י,3,False,,
18019014,8,,haben,שְׁכֵחֽוּנִי׃,4,False,,
18019014,9,,mich,שְׁכֵחֽוּנִי׃,4,False,,
18019014,10,,vergessen,שְׁכֵחֽוּנִי׃,4,False,,
18019015,1,,Meine,גָּ֘רֵ֤י,1,False,,
18019015,2,,Hausgenossen,גָּ֘רֵ֤י,1,False,,
18019015,3,,und,וְ֭אַמְהֹתַי,3,True,,
18019015,4,,meine,וְ֭אַמְהֹתַי,3,False,,
18019015,5,,Mägde,וְ֭אַמְהֹתַי,3,False,,
18019015,6,,achten,תַּחְשְׁבֻ֑נִי,5,False,,
18019015,7,,mich,תַּחְשְׁבֻ֑נִי,5,False,,
18019015,8,,für,לְזָ֣ר,4,False,,
18019015,9,,einen,לְזָ֣ר,4,False,,
18019015,10,,Fremden,לְזָ֣ר,4,False,,
18019015,11,,ein,נָ֝כְרִ֗י,6,False,,
18019015,12,,Ausländer,נָ֝כְרִ֗י,6,False,,
18019015,13,,bin,הָיִ֥יתִי,7,False,,
18019015,14,,ich,הָיִ֥יתִי,7,False,,
18019015,15,,in,בְעֵינֵיהֶֽם׃,8,False,,
18019015,16,,ihren,בְעֵינֵיהֶֽם׃,8,False,,
18019015,17,,Augen,בְעֵינֵיהֶֽם׃,8,False,,
18019015,18,,geworden,הָיִ֥יתִי,7,False,,
18019016,1,,Meinem,לְעַבְדִּ֣י,1,False,,
18019016,2,,Knechte,לְעַבְדִּ֣י,1,False,,
18019016,3,,rufe,קָ֭רָאתִי,2,False,,
18019016,4,,ich,קָ֭רָאתִי,2,False,,
18019016,5,,und,וְלֹ֣א,3,False,,
18019016,6,,er,יַעֲנֶ֑ה,4,False,,
18019016,7,,antwortet,יַעֲנֶ֑ה,4,False,,
18019016,8,,nicht,וְלֹ֣א,3,False,,
18019016,9,,mit,בְּמוֹ־,5,False,,
18019016,10,,meinem,פִ֝֗י,6,False,,
18019016,11,,Munde,פִ֝֗י,6,False,,
18019016,12,,muß,אֶתְחַנֶּן־,7,False,,
18019016,13,,ich,אֶתְחַנֶּן־,7,False,,
18019016,14,,zu,לֽוֹ׃,8,False,,
18019016,15,,ihm,לֽוֹ׃,8,False,,
18019016,16,,flehen,אֶתְחַנֶּן־,7,False,,
18019017,1,,Mein,ר֭וּחִֽי,1,False,,
18019017,2,,Atem,ר֭וּחִֽי,1,False,,
18019017,3,,ist,זָ֣רָה,2,False,,
18019017,4,,meinem,לְאִשְׁתִּ֑י,3,False,,
18019017,5,,Weibe,לְאִשְׁתִּ֑י,3,False,,
18019017,6,,zuwider,זָ֣רָה,2,False,,
18019017,7,,und,וְ֝חַנֹּתִ֗י,4,False,,
18019017,8,,mein,וְ֝חַנֹּתִ֗י,4,False,,
18019017,9,,übler,וְ֝חַנֹּתִ֗י,4,False,,
18019017,10,,Geruch,וְ֝חַנֹּתִ֗י,4,False,,
18019017,11,,den,לִבְנֵ֥י,5,True,,
18019017,12,,Kindern,לִבְנֵ֥י,5,False,,
18019017,13,,meiner,בִטְנִֽי׃,6,False,,
18019017,14,,Mutter,בִטְנִֽי׃,6,False,,
18019018,1,,Selbst,גַּם־,1,False,,
18019018,2,,Buben,עֲ֭וִילִים,2,False,,
18019018,3,,verachten,מָ֣אֲסוּ,3,False,,
18019018,4,,mich,בִ֑י,4,False,,
18019018,5,,will,אָ֝ק֗וּמָה,5,False,,
18019018,6,,ich,אָ֝ק֗וּמָה,5,False,,
18019018,7,,aufstehen,אָ֝ק֗וּמָה,5,False,,
18019018,8,,so,וַיְדַבְּרוּ־,6,True,,
18019018,9,,reden,וַיְדַבְּרוּ־,6,False,,
18019018,10,,sie,וַיְדַבְּרוּ־,6,False,,
18019018,11,,über,בִֽי׃,7,False,,
18019018,12,,mich,בִֽי׃,7,False,,
18019019,1,,Alle,כָּל־,2,False,,
18019019,2,,meine,מְתֵ֣י,3,False,,
18019019,3,,Vertrauten,סוֹדִ֑י,4,False,,
18019019,4,,verabscheuen,תִּֽ֭עֲבוּנִי,1,False,,
18019019,5,,mich,תִּֽ֭עֲבוּנִי,1,False,,
18019019,6,,und,וְזֶֽה־,5,False,,
18019019,7,,die,וְזֶֽה־,5,True,,
18019019,8,,ich,אָ֝הַ֗בְתִּי,6,False,,
18019019,9,,liebte,אָ֝הַ֗בְתִּי,6,False,,
18019019,10,,haben,נֶהְפְּכוּ־,7,False,,
18019019,11,,sich,נֶהְפְּכוּ־,7,False,,
18019019,12,,gegen,נֶהְפְּכוּ־,7,False,,
18019019,13,,mich,בִֽי׃,8,False,,
18019019,14,,gekehrt,נֶהְפְּכוּ־,7,False,,
18019020,1,,Mein,בְּעוֹרִ֣י,1,False,,
18019020,2,,Gebein,בְּעוֹרִ֣י,1,False,,
18019020,3,,klebt,דָּבְקָ֣ה,3,False,,
18019020,4,,an,בְּעוֹרִ֣י,1,False,,
18019020,5,,meiner,בְּעוֹרִ֣י,1,False,,
18019020,6,,Haut,בְּעוֹרִ֣י,1,False,,
18019020,7,,und,וּ֭בִבְשָׂרִי,2,False,,
18019020,8,,an,וּ֭בִבְשָׂרִי,2,False,,
18019020,9,,meinem,וּ֭בִבְשָׂרִי,2,False,,
18019020,10,,Fleische,וּ֭בִבְשָׂרִי,2,False,,
18019020,11,,und,וָ֝אֶתְמַלְּטָ֗ה,5,False,,
18019020,12,,nur,וָ֝אֶתְמַלְּטָ֗ה,5,False,,
18019020,13,,mit,בְּע֣וֹר,6,False,,
18019020,14,,der,בְּע֣וֹר,6,True,,
18019020,15,,Haut,בְּע֣וֹר,6,False,,
18019020,16,,meiner,שִׁנָּֽי׃,7,False,,
18019020,17,,Zähne,שִׁנָּֽי׃,7,False,,
18019020,18,,bin,וָ֝אֶתְמַלְּטָ֗ה,5,False,,
18019020,19,,ich,וָ֝אֶתְמַלְּטָ֗ה,5,False,,
18019020,20,,entronnen,וָ֝אֶתְמַלְּטָ֗ה,5,False,,
18019021,1,,Erbarmet,חָנֻּ֬נִי,1,False,,
18019021,2,,euch,חָנֻּ֬נִי,1,False,,
18019021,3,,meiner,חָנֻּ֬נִי,1,False,,
18019021,4,,erbarmet,חָנֻּ֣נִי,2,False,,
18019021,5,,euch,חָנֻּ֣נִי,2,False,,
18019021,6,,meiner,חָנֻּ֣נִי,2,False,,
18019021,7,,ihr,אַתֶּ֣ם,3,False,,
18019021,8,,meine,רֵעָ֑י,4,False,,
18019021,9,,Freunde,רֵעָ֑י,4,False,,
18019021,10,,denn,כִּ֥י,5,False,,
18019021,11,,die,יַד־,6,True,,
18019021,12,,Hand,יַד־,6,False,,
18019021,13,,Gottes,אֱ֝ל֗וֹהַּ,7,False,,
18019021,14,,hat,נָ֣גְעָה,8,False,,
18019021,15,,mich,בִּֽי׃,9,False,,
18019021,16,,angetastet,נָ֣גְעָה,8,False,,
18019022,1,,Warum,לָ֭מָּה,1,False,,
18019022,2,,verfolget,תִּרְדְּפֻ֣נִי,2,False,,
18019022,3,,ihr,תִּרְדְּפֻ֣נִי,2,False,,
18019022,4,,mich,תִּרְדְּפֻ֣נִי,2,False,,
18019022,5,,wie,כְמוֹ־,3,False,,
18019022,6,,Gott,אֵ֑ל,4,False,,
18019022,7,,und,וּ֝מִבְּשָׂרִ֗י,5,False,,
18019022,8,,werdet,תִשְׂבָּֽעוּ׃,7,False,,
18019022,9,,meines,וּ֝מִבְּשָׂרִ֗י,5,False,,
18019022,10,,Fleisches,וּ֝מִבְּשָׂרִ֗י,5,False,,
18019022,11,,nicht,לֹ֣א,6,False,,
18019022,12,,satt,תִשְׂבָּֽעוּ׃,7,False,,
18019023,1,,O,מִֽי־,1,False,,
18019023,2,,daß,יִתֵּ֣ן,2,False,,
18019023,3,,doch,אֵ֭פוֹ,3,False,,
18019023,4,,meine,מִלָּ֑י,5,False,,
18019023,5,,Worte,מִלָּ֑י,5,False,,
18019023,6,,aufgeschrieben,וְיִכָּתְב֣וּן,4,False,,
18019023,7,,würden,וְיִכָּתְב֣וּן,4,False,,
18019023,8,,o,מִֽי־,6,False,,
18019023,9,,daß,יִתֵּ֖ן,7,False,,
18019023,10,,sie,יִתֵּ֖ן,7,False,,
18019023,11,,in,בַּסֵּ֣פֶר,8,False,,
18019023,12,,ein,בַּסֵּ֣פֶר,8,True,,
18019023,13,,Buch,בַּסֵּ֣פֶר,8,False,,
18019023,14,,gezeichnet,וְיֻחָֽקוּ׃,9,False,,
18019023,15,,würden,וְיֻחָֽקוּ׃,9,False,,
18019024,1,,mit,בְּעֵט־,1,False,,
18019024,2,,eisernem,בַּרְזֶ֥ל,2,False,,
18019024,3,,Griffel,בְּעֵט־,1,False,,
18019024,4,,und,וְעֹפָ֑רֶת,3,False,,
18019024,5,,Blei,וְעֹפָ֑רֶת,3,False,,
18019024,6,,in,בַּצּ֥וּר,5,False,,
18019024,7,,den,בַּצּ֥וּר,5,True,,
18019024,8,,Felsen,בַּצּ֥וּר,5,False,,
18019024,9,,eingehauen,יֵחָצְבֽוּן׃,6,False,,
18019024,10,,auf,לָ֝עַ֗ד,4,False,,
18019024,11,,ewig,לָ֝עַ֗ד,4,False,,
18019025,1,,Und,וַאֲנִ֣י,1,False,,
18019025,2,,ich,וַאֲנִ֣י,1,False,,
18019025,3,,ich,וַאֲנִ֣י,1,False,,
18019025,4,,weiß,יָ֭דַעְתִּי,2,False,,
18019025,5,,daß,יָ֭דַעְתִּי,2,False,,
18019025,6,,mein,גֹּ֣אֲלִי,3,False,,
18019025,7,,Erlöser,גֹּ֣אֲלִי,3,False,,
18019025,8,,lebt,חָ֑י,4,False,,
18019025,9,,und,וְ֝אַחֲר֗וֹן,5,False,,
18019025,10,,als,וְ֝אַחֲר֗וֹן,5,False,,
18019025,11,,der,וְ֝אַחֲר֗וֹן,5,True,,
18019025,12,,Letzte,וְ֝אַחֲר֗וֹן,5,False,,
18019025,13,,wird,יָקֽוּם׃,8,False,,
18019025,14,,er,יָקֽוּם׃,8,False,,
18019025,15,,auf,עַל־,6,False,,
18019025,16,,der,עָפָ֥ר,7,True,,
18019025,17,,Erde,עָפָ֥ר,7,False,,
18019025,18,,stehen,יָקֽוּם׃,8,False,,
18019026,1,,und,וְאַחַ֣ר,1,False,,
18019026,2,,ist,וְאַחַ֣ר,1,False,,
18019026,3,,nach,ע֭וֹרִֽי,2,False,,
18019026,4,,meiner,ע֭וֹרִֽי,2,False,,
18019026,5,,Haut,ע֭וֹרִֽי,2,False,,
18019026,6,,dieses,זֹ֑את,4,False,,
18019026,7,,da,נִקְּפוּ־,3,False,,
18019026,8,,zerstört,נִקְּפוּ־,3,False,,
18019026,9,,so,וּ֝מִבְּשָׂרִ֗י,5,False,,
18019026,10,,werde,אֶֽחֱזֶ֥ה,6,False,,
18019026,11,,ich,אֶֽחֱזֶ֥ה,6,False,,
18019026,12,,aus,וּ֝מִבְּשָׂרִ֗י,5,False,,
18019026,13,,meinem,וּ֝מִבְּשָׂרִ֗י,5,False,,
18019026,14,,Fleische,וּ֝מִבְּשָׂרִ֗י,5,False,,
18019026,15,,Gott,אֱלֽוֹהַּ׃,7,False,,
18019026,16,,anschauen,אֶֽחֱזֶ֥ה,6,False,,
18019027,1,,welchen,אֲשֶׁ֤ר,1,False,,
18019027,2,,ich,אֲנִ֨י׀,2,False,,
18019027,3,,selbst,אֲנִ֨י׀,2,False,,
18019027,4,,mir,לִּ֗י,4,False,,
18019027,5,,anschauen,אֶֽחֱזֶה־,3,False,,
18019027,6,,und,וְעֵינַ֣י,5,False,,
18019027,7,,den,וְעֵינַ֣י,5,True,,
18019027,8,,meine,וְעֵינַ֣י,5,False,,
18019027,9,,Augen,וְעֵינַ֣י,5,False,,
18019027,10,,sehen,רָא֣וּ,6,False,,
18019027,11,,werden,רָא֣וּ,6,False,,
18019027,12,,und,וְלֹא־,7,False,,
18019027,13,,kein,וְלֹא־,7,False,,
18019027,14,,anderer,זָ֑ר,8,False,,
18019027,15,,meine,כִלְיֹתַ֣י,10,False,,
18019027,16,,Nieren,כִלְיֹתַ֣י,10,False,,
18019027,17,,verschmachten,כָּל֖וּ,9,False,,
18019027,18,,in,בְּחֵקִֽי׃,11,False,,
18019027,19,,meinem,בְּחֵקִֽי׃,11,False,,
18019027,20,,Innern,בְּחֵקִֽי׃,11,False,,
18019028,1,,Wenn,כִּ֣י,1,False,,
18019028,2,,ihr,תֹ֭אמְרוּ,2,False,,
18019028,3,,saget,תֹ֭אמְרוּ,2,False,,
18019028,4,,Wie,מַה־,3,False,,
18019028,5,,wollen,נִּרְדָּף־,4,False,,
18019028,6,,wir,נִּרְדָּף־,4,False,,
18019028,7,,ihn,ל֑וֹ,5,False,,
18019028,8,,verfolgen,נִּרְדָּף־,4,False,,
18019028,9,,und,וְשֹׁ֥רֶשׁ,6,False,,
18019028,10,,daß,דָּ֝בָ֗ר,7,False,,
18019028,11,,die,דָּ֝בָ֗ר,7,True,,
18019028,12,,Wurzel,וְשֹׁ֥רֶשׁ,6,False,,
18019028,13,,der,דָּ֝בָ֗ר,7,False,,
18019028,14,,Sache,דָּ֝בָ֗ר,7,False,,
18019028,15,,in,נִמְצָא־,8,False,,
18019028,16,,mir,בִֽי׃,9,False,,
18019028,17,,sich,נִמְצָא־,8,False,,
18019028,18,,befinde,נִמְצָא־,8,False,,
18019029,1,,so,גּ֤וּרוּ,1,False,,
18019029,2,,fürchtet,גּ֤וּרוּ,1,False,,
18019029,3,,euch,לָכֶ֨ם׀,2,False,,
18019029,4,,vor,מִפְּנֵי־,3,False,,
18019029,5,,dem,מִפְּנֵי־,3,True,,
18019029,6,,Schwerte,חֶ֗רֶב,4,False,,
18019029,7,,Denn,כִּֽי־,5,False,,
18019029,8,,das,חֵ֭מָה,6,True,,
18019029,8,,das,חָ֑רֶב,8,True,,
18019029,9,,Schwert,חָ֑רֶב,8,False,,
18019029,10,,ist,כִּֽי־,5,False,,
18019029,11,,der,חֵ֭מָה,6,True,,
18019029,11,,der,עֲוֹנ֣וֹת,7,True,,
18019029,12,,Grimm,חֵ֭מָה,6,False,,
18019029,13,,über,עֲוֹנ֣וֹת,7,False,,
18019029,14,,die,עֲוֹנ֣וֹת,7,True,,
18019029,15,,Missetaten,עֲוֹנ֣וֹת,7,False,,
18019029,16,,auf,לְמַ֖עַן,9,False,,
18019029,17,,daß,לְמַ֖עַן,9,False,,
18019029,18,,ihr,תֵּדְע֣וּן,10,False,,
18019029,19,,wisset,תֵּדְע֣וּן,10,False,,
18019029,20,,daß,תֵּדְע֣וּן,10,True,,
18019029,20,,daß,שַׁדּֽוּן׃ ס,11,False,,
18019029,21,,ein,שַׁדּֽוּן׃ ס,11,True,,
18019029,22,,Gericht,שַׁדּֽוּן׃ ס,11,False,,
18019029,23,,ist,שַׁדּֽוּן׃ ס,11,True,,
18020001,1,,Und,וַ֭יַּעַן,1,False,,
18020001,2,,Zophar,צֹפַ֥ר,2,False,,
18020001,3,,der,הַנַּֽעֲמָתִ֗י,3,True,,
18020001,4,,Naamathiter,הַנַּֽעֲמָתִ֗י,3,False,,
18020001,5,,antwortete,וַ֭יַּעַן,1,False,,
18020001,6,,und,וַיֹּאמַֽר׃,4,False,,
18020001,7,,sprach,וַיֹּאמַֽר׃,4,False,,
18020002,1,,Darum,לָ֭כֵן,1,False,,
18020002,2,,geben,יְשִׁיב֑וּנִי,3,False,,
18020002,3,,meine,שְׂעִפַּ֣י,2,False,,
18020002,4,,Gedanken,שְׂעִפַּ֣י,2,False,,
18020002,5,,mir,בִֽי׃,6,False,,
18020002,6,,Antwort,יְשִׁיב֑וּנִי,3,False,,
18020002,7,,und,וּ֝בַעֲב֗וּר,4,False,,
18020002,8,,deswegen,וּ֝בַעֲב֗וּר,4,False,,
18020002,9,,bin,ח֣וּשִׁי,5,False,,
18020002,10,,ich,ח֣וּשִׁי,5,False,,
18020002,11,,innerlich,ח֣וּשִׁי,5,False,,
18020002,12,,erregt,ח֣וּשִׁי,5,False,,
18020003,1,,Eine,מוּסַ֣ר,1,True,,
18020003,2,,Zurechtweisung,מוּסַ֣ר,1,False,,
18020003,3,,mir,יַעֲנֵֽנִי׃,6,False,,
18020003,4,,zur,כְּלִמָּתִ֣י,2,False,,
18020003,5,,Schande,כְּלִמָּתִ֣י,2,False,,
18020003,6,,höre,אֶשְׁמָ֑ע,3,False,,
18020003,7,,ich,אֶשְׁמָ֑ע,3,False,,
18020003,8,,aber,וְ֝ר֗וּחַ,4,False,,
18020003,9,,mein,מִֽבִּינָתִ֥י,5,False,,
18020003,10,,Geist,מִֽבִּינָתִ֥י,5,False,,
18020003,11,,antwortet,יַעֲנֵֽנִי׃,6,False,,
18020003,12,,mir,יַעֲנֵֽנִי׃,6,False,,
18020003,13,,aus,מִֽבִּינָתִ֥י,5,True,,
18020003,14,,meiner,מִֽבִּינָתִ֥י,5,False,,
18020003,15,,Einsicht,מִֽבִּינָתִ֥י,5,False,,
18020004,1,,Weißt,יָ֭דַעְתָּ,2,False,,
18020004,2,,du,יָ֭דַעְתָּ,2,False,,
18020004,3,,dieses,הֲזֹ֣את,1,False,,
18020004,4,,daß,הֲזֹ֣את,1,True,,
18020004,5,,von,מִנִּי־,3,False,,
18020004,6,,jeher,מִנִּי־,3,False,,
18020004,7,,seitdem,עַ֑ד,4,False,,
18020004,8,,der,אָדָ֣ם,7,True,,
18020004,9,,Mensch,אָדָ֣ם,7,False,,
18020004,10,,auf,עֲלֵי־,8,False,,
18020004,11,,die,אָֽרֶץ׃,9,True,,
18020004,12,,Erde,אָֽרֶץ׃,9,False,,
18020004,13,,gesetzt,שִׂ֖ים,6,False,,
18020004,14,,wurde,שִׂ֖ים,6,True,,
18020005,1,,der,כִּ֤י,1,False,,
18020005,2,,Jubel,רִנְנַ֣ת,2,False,,
18020005,3,,der,רְ֭שָׁעִים,3,True,,
18020005,4,,Gesetzlosen,רְ֭שָׁעִים,3,False,,
18020005,5,,kurz,מִקָּר֑וֹב,4,False,,
18020005,6,,und,וְשִׂמְחַ֖ת,5,False,,
18020005,7,,die,חָנֵ֣ף,6,True,,
18020005,8,,Freude,חָנֵ֣ף,6,False,,
18020005,9,,des,עֲדֵי־,7,False,,
18020005,10,,Ruchlosen,עֲדֵי־,7,False,,
18020005,11,,für,רָֽגַע׃,8,False,,
18020005,12,,einen,רָֽגַע׃,8,True,,
18020005,13,,Augenblick,רָֽגַע׃,8,False,,
18020005,14,,war,רָֽגַע׃,8,True,,
18020006,1,,Stiege,יַעֲלֶ֣ה,2,False,,
18020006,2,,auch,אִם־,1,False,,
18020006,3,,seine,שִׂיא֑וֹ,4,False,,
18020006,4,,Höhe,שִׂיא֑וֹ,4,False,,
18020006,5,,bis,יַגִּֽיעַ׃,7,False,,
18020006,6,,zum,לָעָ֥ב,6,False,,
18020006,7,,Himmel,לָעָ֥ב,6,False,,
18020006,8,,hinauf,יַגִּֽיעַ׃,7,False,,
18020006,9,,und,וְ֝רֹאשׁ֗וֹ,5,False,,
18020006,10,,rührte,יַגִּֽיעַ׃,7,False,,
18020006,11,,sein,וְ֝רֹאשׁ֗וֹ,5,False,,
18020006,12,,Haupt,וְ֝רֹאשׁ֗וֹ,5,False,,
18020006,13,,an,לָעָ֥ב,6,True,,
18020006,14,,die,לָעָ֥ב,6,True,,
18020006,15,,Wolken,לָעָ֥ב,6,False,,
18020007,1,,gleich,כְּֽ֭גֶלֲלוֹ,1,False,,
18020007,2,,seinem,כְּֽ֭גֶלֲלוֹ,1,False,,
18020007,3,,Kote,כְּֽ֭גֶלֲלוֹ,1,False,,
18020007,4,,vergeht,יֹאבֵ֑ד,3,False,,
18020007,5,,er,יֹאבֵ֑ד,3,False,,
18020007,6,,auf,לָנֶ֣צַח,2,False,,
18020007,7,,ewig,לָנֶ֣צַח,2,False,,
18020007,8,,die,רֹ֝אָ֗יו,4,True,,
18020007,9,,ihn,רֹ֝אָ֗יו,4,False,,
18020007,10,,gesehen,רֹ֝אָ֗יו,4,False,,
18020007,11,,haben,יֹאמְר֥וּ,5,False,,
18020007,12,,sagen,יֹאמְר֥וּ,5,False,,
18020007,13,,Wo,אַיּֽוֹ׃,6,False,,
18020007,14,,ist,אַיּֽוֹ׃,6,False,,
18020007,15,,er,אַיּֽוֹ׃,6,False,,
18020008,1,,Wie,כַּחֲל֣וֹם,1,False,,
18020008,2,,ein,כַּחֲל֣וֹם,1,True,,
18020008,3,,Traum,כַּחֲל֣וֹם,1,False,,
18020008,4,,verfliegt,יָ֭עוּף,2,False,,
18020008,5,,er,יָ֭עוּף,2,False,,
18020008,6,,und,וְלֹ֣א,3,False,,
18020008,7,,man,יִמְצָא֑וּהוּ,4,False,,
18020008,8,,findet,יִמְצָא֑וּהוּ,4,False,,
18020008,9,,ihn,יִמְצָא֑וּהוּ,4,False,,
18020008,10,,nicht,וְלֹ֣א,3,False,,
18020008,11,,und,וְ֝יֻדַּ֗ד,5,False,,
18020008,12,,er,וְ֝יֻדַּ֗ד,5,False,,
18020008,13,,wird,וְ֝יֻדַּ֗ד,5,False,,
18020008,14,,hinweggescheucht,וְ֝יֻדַּ֗ד,5,False,,
18020008,15,,wie,כְּחֶזְי֥וֹן,6,False,,
18020008,16,,ein,כְּחֶזְי֥וֹן,6,True,,
18020008,17,,Nachtgesicht,כְּחֶזְי֥וֹן,6,False,,
18020009,1,,Das,עַ֣יִן,1,True,,
18020009,2,,Auge,עַ֣יִן,1,False,,
18020009,3,,hat,שְׁ֭זָפַתּוּ,2,False,,
18020009,4,,ihn,שְׁ֭זָפַתּוּ,2,False,,
18020009,5,,erblickt,שְׁ֭זָפַתּוּ,2,False,,
18020009,6,,und,וְלֹ֣א,3,False,,
18020009,7,,sieht,תוֹסִ֑יף,4,False,,
18020009,8,,ihn,תוֹסִ֑יף,4,False,,
18020009,9,,nimmer,ע֝֗וֹד,6,False,,
18020009,10,,wieder,ע֝֗וֹד,6,False,,
18020009,11,,und,וְלֹא־,5,False,,
18020009,12,,seine,מְקוֹמֽוֹ׃,8,False,,
18020009,13,,Stätte,מְקוֹמֽוֹ׃,8,False,,
18020009,14,,gewahrt,תְּשׁוּרֶ֥נּוּ,7,False,,
18020009,15,,ihn,תְּשׁוּרֶ֥נּוּ,7,False,,
18020009,16,,nicht,וְלֹא־,5,False,,
18020009,17,,mehr,ע֝֗וֹד,6,False,,
18020010,1,,Seine,בָּ֭נָיו,1,False,,
18020010,2,,Kinder,בָּ֭נָיו,1,False,,
18020010,3,,müssen,יְרַצּ֣וּ,2,False,,
18020010,4,,die,דַלִּ֑ים,3,True,,
18020010,5,,Armen,דַלִּ֑ים,3,False,,
18020010,6,,begütigen,יְרַצּ֣וּ,2,False,,
18020010,7,,und,וְ֝יָדָ֗יו,4,False,,
18020010,8,,seine,וְ֝יָדָ֗יו,4,False,,
18020010,9,,Hände,וְ֝יָדָ֗יו,4,False,,
18020010,10,,sein,תָּשֵׁ֥בְנָה,5,False,,
18020010,11,,Vermögen,אוֹנֽוֹ׃,6,False,,
18020010,12,,zurückgeben,תָּשֵׁ֥בְנָה,5,False,,
18020011,1,,Seine,עַ֭צְמוֹתָיו,1,False,,
18020011,2,,Knochen,עַ֭צְמוֹתָיו,1,False,,
18020011,3,,waren,מָלְא֣וּ,2,False,,
18020011,4,,voll,מָלְא֣וּ,2,False,,
18020011,5,,seiner,עֲלוּמָ֑יו,3,False,,
18020011,6,,Jugendkraft,עֲלוּמָ֑יו,3,False,,
18020011,7,,und,וְ֝עִמּ֗וֹ,4,False,,
18020011,8,,sie,וְ֝עִמּ֗וֹ,4,False,,
18020011,9,,liegt,תִּשְׁכָּֽב׃,7,False,,
18020011,10,,mit,וְ֝עִמּ֗וֹ,4,False,,
18020011,11,,ihm,וְ֝עִמּ֗וֹ,4,False,,
18020011,12,,in,עַל־,5,False,,
18020011,13,,dem,עַל־,5,True,,
18020011,14,,Staube,עָפָ֥ר,6,False,,
18020011,15,,,תִּשְׁכָּֽב׃,7,False,,
18020012,1,,Wenn,אִם־,1,False,,
18020012,2,,das,רָעָ֑ה,4,True,,
18020012,3,,Böse,רָעָ֑ה,4,False,,
18020012,4,,in,בְּפִ֣יו,3,False,,
18020012,5,,seinem,בְּפִ֣יו,3,False,,
18020012,6,,Munde,בְּפִ֣יו,3,False,,
18020012,7,,süß,תַּמְתִּ֣יק,2,False,,
18020012,8,,war,תַּמְתִּ֣יק,2,False,,
18020012,9,,und,יַ֝כְחִידֶ֗נָּה,5,False,,
18020012,10,,er,יַ֝כְחִידֶ֗נָּה,5,False,,
18020012,11,,es,יַ֝כְחִידֶ֗נָּה,5,False,,
18020012,12,,verbarg,יַ֝כְחִידֶ֗נָּה,5,False,,
18020012,13,,unter,תַּ֣חַת,6,False,,
18020012,14,,seiner,לְשׁוֹנֽוֹ׃,7,False,,
18020012,15,,Zunge,לְשׁוֹנֽוֹ׃,7,False,,
18020013,1,,und,יַחְמֹ֣ל,1,False,,
18020013,2,,es,עָ֭לֶיהָ,2,False,,
18020013,3,,aufsparte,יַחְמֹ֣ל,1,False,,
18020013,4,,und,וְלֹ֣א,3,False,,
18020013,5,,nicht,וְלֹ֣א,3,False,,
18020013,6,,fahren,יַֽעַזְבֶ֑נָּה,4,False,,
18020013,7,,ließ,יַֽעַזְבֶ֑נָּה,4,False,,
18020013,8,,und,וְ֝יִמְנָעֶ֗נָּה,5,False,,
18020013,9,,es,וְ֝יִמְנָעֶ֗נָּה,5,False,,
18020013,10,,zurückhielt,וְ֝יִמְנָעֶ֗נָּה,5,False,,
18020013,11,,unter,בְּת֣וֹךְ,6,False,,
18020013,12,,seinem,חִכּֽוֹ׃,7,False,,
18020013,13,,Gaumen,חִכּֽוֹ׃,7,False,,
18020014,1,,so,נֶהְפָּ֑ךְ,3,False,,
18020014,2,,ist,נֶהְפָּ֑ךְ,3,False,,
18020014,3,,doch,נֶהְפָּ֑ךְ,3,True,,
18020014,4,,nun,נֶהְפָּ֑ךְ,3,True,,
18020014,5,,seine,לַ֭חְמוֹ,1,False,,
18020014,6,,Speise,לַ֭חְמוֹ,1,False,,
18020014,7,,in,בְּמֵעָ֣יו,2,False,,
18020014,8,,seinen,בְּמֵעָ֣יו,2,False,,
18020014,9,,Eingeweiden,בְּמֵעָ֣יו,2,False,,
18020014,10,,verwandelt,נֶהְפָּ֑ךְ,3,False,,
18020014,11,,Natterngalle,מְרוֹרַ֖ת,4,False,,
18020014,12,,ist,נֶהְפָּ֑ךְ,3,True,,
18020014,13,,in,בְּקִרְבּֽוֹ׃,6,False,,
18020014,14,,seinem,בְּקִרְבּֽוֹ׃,6,False,,
18020014,15,,Innern,בְּקִרְבּֽוֹ׃,6,False,,
18020015,1,,Reichtum,חַ֣יִל,1,False,,
18020015,2,,hat,בָּ֭לַע,2,False,,
18020015,3,,er,בָּ֭לַע,2,False,,
18020015,4,,verschlungen,בָּ֭לַע,2,False,,
18020015,5,,und,וַיְקִאֶ֑נּוּ,3,False,,
18020015,6,,er,וַיְקִאֶ֑נּוּ,3,False,,
18020015,7,,speit,וַיְקִאֶ֑נּוּ,3,False,,
18020015,8,,ihn,וַיְקִאֶ֑נּוּ,3,False,,
18020015,9,,aus,מִ֝בִּטְנ֗וֹ,4,False,,
18020015,10,,aus,מִ֝בִּטְנ֗וֹ,4,False,,
18020015,11,,seinem,מִ֝בִּטְנ֗וֹ,4,False,,
18020015,12,,Bauche,מִ֝בִּטְנ֗וֹ,4,False,,
18020015,13,,treibt,יוֹרִשֶׁ֥נּוּ,5,False,,
18020015,14,,Gott,אֵֽל׃,6,False,,
18020015,15,,ihn,יוֹרִשֶׁ֥נּוּ,5,False,,
18020015,16,,heraus,יוֹרִשֶׁ֥נּוּ,5,False,,
18020016,1,,Natterngift,רֹאשׁ־,1,False,,
18020016,2,,sog,יִינָ֑ק,3,False,,
18020016,3,,er,יִינָ֑ק,3,False,,
18020016,4,,ein,יִינָ֑ק,3,False,,
18020016,5,,es,תַּֽ֝הַרְגֵ֗הוּ,4,False,,
18020016,6,,tötet,תַּֽ֝הַרְגֵ֗הוּ,4,False,,
18020016,7,,ihn,תַּֽ֝הַרְגֵ֗הוּ,4,False,,
18020016,8,,die,לְשׁ֣וֹן,5,True,,
18020016,9,,Zunge,לְשׁ֣וֹן,5,False,,
18020016,10,,der,אֶפְעֶֽה׃,6,False,,
18020016,11,,Otter,אֶפְעֶֽה׃,6,False,,
18020017,1,,Nicht,אַל־,1,False,,
18020017,2,,darf,יֵ֥רֶא,2,False,,
18020017,3,,er,יֵ֥רֶא,2,True,,
18020017,4,,sich,יֵ֥רֶא,2,True,,
18020017,5,,laben,יֵ֥רֶא,2,False,,
18020017,6,,an,בִפְלַגּ֑וֹת,3,False,,
18020017,7,,Bächen,בִפְלַגּ֑וֹת,3,False,,
18020017,8,,flutenden,נַ֝חֲלֵ֗י,5,False,,
18020017,9,,Strömen,נַהֲרֵ֥י,4,False,,
18020017,10,,von,דְּבַ֣שׁ,6,False,,
18020017,11,,Honig,דְּבַ֣שׁ,6,False,,
18020017,12,,und,וְחֶמְאָֽה׃,7,False,,
18020017,13,,Milch,וְחֶמְאָֽה׃,7,False,,
18020018,1,1,Das,מֵשִׁ֣יב,1,True,,
18020018,2,,Errungene,מֵשִׁ֣יב,1,False,,
18020018,3,,gibt,מֵשִׁ֣יב,1,False,,
18020018,4,,er,מֵשִׁ֣יב,1,True,,
18020018,5,,zurück,מֵשִׁ֣יב,1,True,,
18020018,6,,und,וְלֹ֣א,3,False,,
18020018,7,,er,יִבְלָ֑ע,4,False,,
18020018,8,,darf,יִבְלָ֑ע,4,True,,
18020018,9,,es,יִבְלָ֑ע,4,True,,
18020018,10,,nicht,וְלֹ֣א,3,False,,
18020018,11,,verschlingen,יִבְלָ֑ע,4,False,,
18020018,12,,gemäß,כְּחֵ֥יל,5,False,,
18020018,13,,dem,כְּחֵ֥יל,5,True,,
18020018,14,,Vermögen,תְּ֝מוּרָת֗וֹ,6,False,,
18020018,15,,das,תְּ֝מוּרָת֗וֹ,6,True,,
18020018,16,,er,תְּ֝מוּרָת֗וֹ,6,True,,
18020018,17,,erworben,יָ֭גָע,2,False,,
18020018,18,,darf,יַעֲלֹֽס׃,8,False,,
18020018,19,,er,יַעֲלֹֽס׃,8,True,,
18020018,20,,sich,יַעֲלֹֽס׃,8,True,,
18020018,21,,nicht,וְלֹ֣א,7,False,,
18020018,22,,freuen,יַעֲלֹֽס׃,8,False,,
18020019,1,,Denn,כִּֽי־,1,False,,
18020019,2,,er,רִ֭צַּץ,2,True,,
18020019,3,,hat,רִ֭צַּץ,2,True,,
18020019,4,,mißhandelt,רִ֭צַּץ,2,False,,
18020019,5,,verlassen,עָזַ֣ב,3,False,,
18020019,6,,die,דַּלִּ֑ים,4,False,,
18020019,7,,Armen,דַּלִּ֑ים,4,False,,
18020019,8,,Häuser,בַּ֥יִת,5,False,,
18020019,9,,hat,גָּ֝זַ֗ל,6,False,,
18020019,10,,er,גָּ֝זַ֗ל,6,True,,
18020019,11,,an,גָּ֝זַ֗ל,6,True,,
18020019,12,,sich,גָּ֝זַ֗ל,6,True,,
18020019,13,,gerissen,גָּ֝זַ֗ל,6,False,,
18020019,14,,und,וְלֹ֣א,7,False,,
18020019,15,,wird,וְלֹ֣א,7,True,,
18020019,16,,sie,יִבֶנֵֽהוּ׃,8,False,,
18020019,17,,nicht,וְלֹ֣א,7,False,,
18020019,18,,ausbauen,יִבֶנֵֽהוּ׃,8,False,,
18020020,1,,Denn,כִּ֤י׀,1,False,,
18020020,2,,er,יָדַ֣ע,3,True,,
18020020,3,,kannte,יָדַ֣ע,3,False,,
18020020,4,,keine,לֹא־,2,False,,
18020020,5,,Ruhe,שָׁלֵ֣ו,4,False,,
18020020,6,,in,בְּבִטְנ֑וֹ,5,False,,
18020020,7,,seinem,בְּבִטְנ֑וֹ,5,False,,
18020020,8,,Innern,בְּבִטְנ֑וֹ,5,False,,
18020020,9,,mit,בַּ֝חֲמוּד֗וֹ,6,False,,
18020020,10,,seinem,בַּ֝חֲמוּד֗וֹ,6,False,,
18020020,11,,Teuersten,בַּ֝חֲמוּד֗וֹ,6,False,,
18020020,12,,wird,לֹ֣א,7,False,,
18020020,13,,er,יְמַלֵּֽט׃,8,False,,
18020020,14,,nicht,לֹ֣א,7,False,,
18020020,15,,entrinnen,יְמַלֵּֽט׃,8,False,,
18020021,1,,Nichts,אֵין־,1,False,,
18020021,2,,entging,שָׂרִ֥יד,2,False,,
18020021,3,,seiner,לְאָכְל֑וֹ,3,False,,
18020021,4,,Freßgier,לְאָכְל֑וֹ,3,False,,
18020021,5,,darum,עַל־,4,False,,
18020021,6,,wird,לֹא־,6,False,,
18020021,7,,sein,טוּבֽוֹ׃,8,False,,
18020021,8,,Wohlstand,טוּבֽוֹ׃,8,False,,
18020021,9,,nicht,לֹא־,6,False,,
18020021,10,,dauernd,יָחִ֥יל,7,False,,
18020021,11,,sein,יָחִ֥יל,7,False,,
18020022,1,,In,בִּמְלֹ֣אות,1,False,,
18020022,2,,der,בִּמְלֹ֣אות,1,True,,
18020022,3,,Fülle,בִּמְלֹ֣אות,1,False,,
18020022,4,,seines,שִׂ֭פְקוֹ,2,False,,
18020022,5,,Überflusses,שִׂ֭פְקוֹ,2,False,,
18020022,6,,wird,יֵ֣צֶר,3,False,,
18020022,7,,er,ל֑וֹ,4,False,,
18020022,8,,in,בִּמְלֹ֣אות,1,True,,
18020022,9,,Bedrängnis,יֵ֣צֶר,3,True,,
18020022,10,,sein,יֵ֣צֶר,3,False,,
18020022,11,,die,כָּל־,5,False,,
18020022,12,,Hand,יַ֖ד,6,False,,
18020022,13,,jedes,כָּל־,5,False,,
18020022,14,,Notleidenden,עָמֵ֣ל,7,False,,
18020022,15,,wird,תְּבוֹאֶֽנּוּ׃,8,False,,
18020022,16,,über,תְּבוֹאֶֽנּוּ׃,8,True,,
18020022,17,,ihn,תְּבוֹאֶֽנּוּ׃,8,False,,
18020022,18,,kommen,תְּבוֹאֶֽנּוּ׃,8,False,,
18020023,1,,Es,יְהִ֤י׀,1,False,,
18020023,2,,wird,יְהִ֤י׀,1,True,,
18020023,3,,geschehen,יְהִ֤י׀,1,False,,
18020023,4,,um,לְמַלֵּ֬א,2,False,,
18020023,5,,seinen,בִטְנ֗וֹ,3,False,,
18020023,6,,Bauch,בִטְנ֗וֹ,3,False,,
18020023,7,,zu,לְמַלֵּ֬א,2,False,,
18020023,8,,füllen,לְמַלֵּ֬א,2,False,,
18020023,9,,wird,יְֽשַׁלַּח־,4,False,,
18020023,10,,Gott,אַפּ֑וֹ,7,True,,
18020023,11,,die,יְֽשַׁלַּח־,4,True,,
18020023,12,,Glut,יְֽשַׁלַּח־,4,True,,
18020023,13,,seines,חֲר֣וֹן,6,False,,
18020023,14,,Zornes,חֲר֣וֹן,6,False,,
18020023,15,,in,בּ֭וֹ,5,False,,
18020023,16,,ihn,בּ֭וֹ,5,False,,
18020023,17,,entsenden,יְֽשַׁלַּח־,4,False,,
18020023,18,,und,וְיַמְטֵ֥ר,8,False,,
18020023,19,,sie,עָ֝לֵ֗ימוֹ,9,False,,
18020023,20,,auf,וְיַמְטֵ֥ר,8,False,,
18020023,21,,ihn,עָ֝לֵ֗ימוֹ,9,False,,
18020023,22,,regnen,וְיַמְטֵ֥ר,8,False,,
18020023,23,,lassen,וְיַמְטֵ֥ר,8,False,,
18020023,24,,in,בִּלְחוּמֽוֹ׃,10,False,,
18020023,25,,sein,בִּלְחוּמֽוֹ׃,10,False,,
18020023,26,,Fleisch,בִּלְחוּמֽוֹ׃,10,False,,
18020023,27,,hinein,בִּלְחוּמֽוֹ׃,10,False,,
18020024,1,,Flieht,יִ֭בְרַח,1,False,,
18020024,2,,er,יִ֭בְרַח,1,True,,
18020024,3,,vor,מִנֵּ֣שֶׁק,2,False,,
18020024,4,,den,מִנֵּ֣שֶׁק,2,True,,
18020024,5,,eisernen,בַּרְזֶ֑ל,3,False,,
18020024,6,,Waffen,מִנֵּ֣שֶׁק,2,False,,
18020024,7,,so,תַּ֝חְלְפֵ֗הוּ,4,False,,
18020024,8,,wird,תַּ֝חְלְפֵ֗הוּ,4,False,,
18020024,9,,der,קֶ֣שֶׁת,5,False,,
18020024,10,,eherne,נְחוּשָֽׁה׃,6,False,,
18020024,11,,Bogen,קֶ֣שֶׁת,5,False,,
18020024,12,,ihn,תַּ֝חְלְפֵ֗הוּ,4,False,,
18020024,13,,durchbohren,תַּ֝חְלְפֵ֗הוּ,4,False,,
18020025,1,,Er,שָׁלַף֮,1,False,,
18020025,2,,zieht,שָׁלַף֮,1,False,,
18020025,3,,am,וַיֵּצֵ֪א,2,False,,
18020025,4,,Pfeile,וַיֵּצֵ֪א,2,False,,
18020025,5,,und,וּ֭בָרָק,4,False,,
18020025,6,,er,וַיֵּצֵ֪א,2,True,,
18020025,7,,kommt,וַיֵּצֵ֪א,2,False,,
18020025,8,,aus,מִגֵּ֫וָ֥ה,3,False,,
18020025,9,,dem,מִגֵּ֫וָ֥ה,3,False,,
18020025,10,,Leibe,מִגֵּ֫וָ֥ה,3,False,,
18020025,11,,hervor,וַיֵּצֵ֪א,2,False,,
18020025,12,,und,וּ֭בָרָק,4,False,,
18020025,13,,das,וּ֭בָרָק,4,True,,
18020025,14,,glänzende,וּ֭בָרָק,4,False,,
18020025,15,,Eisen,וּ֭בָרָק,4,False,,
18020025,16,,aus,מִֽמְּרֹרָת֥וֹ,5,False,,
18020025,17,,seiner,מִֽמְּרֹרָת֥וֹ,5,False,,
18020025,18,,Galle,מִֽמְּרֹרָת֥וֹ,5,False,,
18020025,19,,Schrecken,אֵמִֽים׃,8,False,,
18020025,20,,kommen,יַהֲלֹ֗ךְ,6,False,,
18020025,21,,über,עָלָ֥יו,7,False,,
18020025,22,,ihn,עָלָ֥יו,7,False,,
18020026,1,,Eitel,כָּל־,1,False,,
18020026,2,,Finsternis,חֹשֶׁךְ֮,2,False,,
18020026,3,,ist,טָמ֪וּן,3,False,,
18020026,4,,aufgespart,טָמ֪וּן,3,False,,
18020026,5,,für,לִצְפּ֫וּנָ֥יו,4,False,,
18020026,6,,seine,לִצְפּ֫וּנָ֥יו,4,False,,
18020026,7,,Schätze,לִצְפּ֫וּנָ֥יו,4,False,,
18020026,8,,ein,אֵ֣שׁ,6,True,,
18020026,9,,Feuer,אֵ֣שׁ,6,False,,
18020026,10,,das,לֹֽא־,7,False,,
18020026,11,,nicht,לֹֽא־,7,False,,
18020026,12,,angeblasen,נֻפָּ֑ח,8,False,,
18020026,13,,ist,נֻפָּ֑ח,8,False,,
18020026,14,,wird,תְּ֭אָכְלֵהוּ,5,False,,
18020026,15,,ihn,תְּ֭אָכְלֵהוּ,5,False,,
18020026,16,,fressen,תְּ֭אָכְלֵהוּ,5,False,,
18020026,17,,wird,יֵ֖רַע,9,False,,
18020026,18,,verzehren,יֵ֖רַע,9,False,,
18020026,19,,was,שָׂרִ֣יד,10,False,,
18020026,20,,in,בְּאָהֳלֽוֹ׃,11,False,,
18020026,21,,seinem,בְּאָהֳלֽוֹ׃,11,False,,
18020026,22,,Zelte,בְּאָהֳלֽוֹ׃,11,False,,
18020026,23,,übriggeblieben,שָׂרִ֣יד,10,False,,
18020027,1,,Der,שָׁמַ֣יִם,2,True,,
18020027,2,,Himmel,שָׁמַ֣יִם,2,False,,
18020027,3,,wird,יְגַלּ֣וּ,1,False,,
18020027,4,,seine,עֲוֹנ֑וֹ,3,False,,
18020027,5,,Ungerechtigkeit,עֲוֹנ֑וֹ,3,False,,
18020027,6,,enthüllen,יְגַלּ֣וּ,1,False,,
18020027,7,,und,וְ֝אֶ֗רֶץ,4,False,,
18020027,8,,die,וְ֝אֶ֗רֶץ,4,True,,
18020027,9,,Erde,וְ֝אֶ֗רֶץ,4,False,,
18020027,10,,sich,מִתְקוֹמָ֘מָ֥ה,5,False,,
18020027,11,,wider,מִתְקוֹמָ֘מָ֥ה,5,False,,
18020027,12,,ihn,לֽוֹ׃,6,False,,
18020027,13,,erheben,מִתְקוֹמָ֘מָ֥ה,5,False,,
18020028,1,,Der,יְב֣וּל,2,True,,
18020028,2,,Ertrag,יְב֣וּל,2,False,,
18020028,3,,seines,בֵּית֑וֹ,3,False,,
18020028,4,,Hauses,בֵּית֑וֹ,3,False,,
18020028,5,,wird,יִ֭גֶל,1,False,,
18020028,6,,weggeführt,יִ֭גֶל,1,False,,
18020028,7,,werden,יִ֭גֶל,1,False,,
18020028,8,,wird,נִ֝גָּר֗וֹת,4,False,,
18020028,9,,zerrinnen,נִ֝גָּר֗וֹת,4,False,,
18020028,10,,am,בְּי֣וֹם,5,False,,
18020028,11,,Tage,בְּי֣וֹם,5,False,,
18020028,12,,seines,אַפּֽוֹ׃,6,False,,
18020028,13,,Zornes,אַפּֽוֹ׃,6,False,,
18020029,1,,Das,זֶ֤ה׀,1,False,,
18020029,2,,ist,זֶ֤ה׀,1,True,,
18020029,3,,das,זֶ֤ה׀,1,True,,
18020029,4,,Teil,חֵֽלֶק־,2,False,,
18020029,5,,des,מֵאֱלֹהִ֑ים,5,False,,
18020029,6,,gesetzlosen,רָ֭שָׁע,4,False,,
18020029,7,,Menschen,אָדָ֣ם,3,False,,
18020029,8,,von,מֵאֱלֹהִ֑ים,5,False,,
18020029,9,,Gott,מֵאֱלֹהִ֑ים,5,False,,
18020029,10,,und,וְנַחֲלַ֖ת,6,False,,
18020029,11,,das,וְנַחֲלַ֖ת,6,False,,
18020029,12,,von,מֵאֵֽל׃ פ,8,False,,
18020029,13,,Gott,מֵאֵֽל׃ פ,8,False,,
18020029,14,,ihm,אִמְר֣וֹ,7,False,,
18020029,15,,zugesprochene,אִמְר֣וֹ,7,False,,
18020029,16,,Los,וְנַחֲלַ֖ת,6,False,,
18021001,1,,Und,וַיַּ֥עַן,1,False,,
18021001,2,,Hiob,אִיּ֗וֹב,2,False,,
18021001,3,,antwortete,וַיַּ֥עַן,1,False,,
18021001,4,,und,וַיַּ֥עַן,1,True,,
18021001,5,,sprach,וַיֹּאמַֽר׃,3,False,,
18021002,1,,Höret,שִׁמְע֣וּ,1,False,,
18021002,2,,höret,שָׁ֭מוֹעַ,2,False,,
18021002,3,,meine,מִלָּתִ֑י,3,False,,
18021002,4,,Rede,מִלָּתִ֑י,3,False,,
18021002,5,,Und,וּתְהִי־,4,True,,
18021002,6,,dies,זֹ֝֗את,5,False,,
18021002,7,,ersetze,תַּנְח֥וּמֹֽתֵיכֶֽם׃,6,False,,
18021002,8,,eure,תַּנְח֥וּמֹֽתֵיכֶֽם׃,6,False,,
18021002,9,,Tröstungen,תַּנְח֥וּמֹֽתֵיכֶֽם׃,6,False,,
18021003,1,,Ertraget,שָׂ֭אוּנִי,1,False,,
18021003,2,,mich,שָׂ֭אוּנִי,1,False,,
18021003,3,,und,שָׂ֭אוּנִי,1,True,,
18021003,4,,ich,וְאָנֹכִ֣י,2,False,,
18021003,5,,will,וְאָנֹכִ֣י,2,True,,
18021003,6,,reden,אֲדַבֵּ֑ר,3,False,,
18021003,7,,und,וְאַחַ֖ר,4,True,,
18021003,8,,nachdem,וְאַחַ֖ר,4,False,,
18021003,9,,ich,דַּבְּרִ֣י,5,False,,
18021003,10,,geredet,דַּבְּרִ֣י,5,False,,
18021003,11,,habe,דַּבְּרִ֣י,5,True,,
18021003,12,,magst,תַלְעִֽיג׃,6,False,,
18021003,13,,du,תַלְעִֽיג׃,6,False,,
18021003,14,,spotten,תַלְעִֽיג׃,6,False,,
18021004,1,,Richtet,הֶ֭אָנֹכִי,1,False,,
18021004,2,,sich,הֶ֭אָנֹכִי,1,True,,
18021004,3,,meine,שִׂיחִ֑י,3,False,,
18021004,4,,Klage,שִׂיחִ֑י,3,False,,
18021004,5,,an,לְאָדָ֣ם,2,False,,
18021004,6,,einen,לְאָדָ֣ם,2,True,,
18021004,7,,Menschen,לְאָדָ֣ם,2,False,,
18021004,8,,Oder,וְאִם־,4,False,,
18021004,9,,warum,מַ֝דּ֗וּעַ,5,False,,
18021004,10,,sollte,תִקְצַ֥ר,7,False,,
18021004,11,,ich,רוּחִֽי׃,8,False,,
18021004,12,,nicht,לֹא־,6,False,,
18021004,13,,ungeduldig,תִקְצַ֥ר,7,False,,
18021004,14,,sein,תִקְצַ֥ר,7,False,,
18021005,1,,Wendet,פְּנוּ־,1,False,,
18021005,2,,euch,פְּנוּ־,1,False,,
18021005,3,,zu,אֵלַ֥י,2,False,,
18021005,4,,mir,אֵלַ֥י,2,False,,
18021005,5,,und,וְהָשַׁ֑מּוּ,3,True,,
18021005,6,,entsetzet,וְהָשַׁ֑מּוּ,3,False,,
18021005,7,,euch,וְהָשַׁ֑מּוּ,3,False,,
18021005,8,,und,וְשִׂ֖ימוּ,4,True,,
18021005,9,,leget,וְשִׂ֖ימוּ,4,False,,
18021005,10,,die,יָ֣ד,5,True,,
18021005,11,,Hand,יָ֣ד,5,False,,
18021005,12,,auf,עַל־,6,False,,
18021005,13,,den,פֶּֽה׃,7,True,,
18021005,14,,Mund,פֶּֽה׃,7,False,,
18021006,1,,Ja,וְאִם־,1,False,,
18021006,2,,wenn,וְאִם־,1,False,,
18021006,3,,ich,זָכַ֥רְתִּי,2,False,,
18021006,4,,daran,זָכַ֥רְתִּי,2,False,,
18021006,5,,denke,זָכַ֥רְתִּי,2,False,,
18021006,6,,so,וְנִבְהָ֑לְתִּי,3,True,,
18021006,7,,bin,וְנִבְהָ֑לְתִּי,3,False,,
18021006,8,,ich,וְנִבְהָ֑לְתִּי,3,False,,
18021006,9,,bestürzt,וְנִבְהָ֑לְתִּי,3,False,,
18021006,10,,und,וְאָחַ֥ז,4,True,,
18021006,11,,Schauder,פַּלָּצֽוּת׃,6,False,,
18021006,12,,erfaßt,וְאָחַ֥ז,4,False,,
18021006,13,,mein,בְּ֝שָׂרִ֗י,5,False,,
18021006,14,,Fleisch,בְּ֝שָׂרִ֗י,5,False,,
18021007,1,,Warum,מַדּ֣וּעַ,1,False,,
18021007,2,,leben,יִחְי֑וּ,3,False,,
18021007,3,,die,רְשָׁעִ֣ים,2,True,,
18021007,4,,Gesetzlosen,רְשָׁעִ֣ים,2,False,,
18021007,5,,werden,עָ֝תְק֗וּ,4,False,,
18021007,6,,alt,עָ֝תְק֗וּ,4,False,,
18021007,7,,nehmen,גָּ֥בְרוּ,6,False,,
18021007,8,,gar,גַּם־,5,False,,
18021007,9,,an,גָּ֥בְרוּ,6,True,,
18021007,10,,Macht,חָֽיִל׃,7,False,,
18021007,11,,zu,גָּ֥בְרוּ,6,False,,
18021008,1,,Ihr,זַרְעָ֤ם,1,False,,
18021008,2,,Same,זַרְעָ֤ם,1,False,,
18021008,3,,steht,נָכ֣וֹן,2,False,,
18021008,4,,fest,נָכ֣וֹן,2,False,,
18021008,5,,vor,לִפְנֵיהֶ֣ם,3,False,,
18021008,6,,ihnen,לִפְנֵיהֶ֣ם,3,False,,
18021008,7,,mit,עִמָּ֑ם,4,False,,
18021008,8,,ihnen,עִמָּ֑ם,4,False,,
18021008,9,,und,וְ֝צֶאֱצָאֵיהֶ֗ם,5,True,,
18021008,10,,ihre,וְ֝צֶאֱצָאֵיהֶ֗ם,5,False,,
18021008,11,,Sprößlinge,וְ֝צֶאֱצָאֵיהֶ֗ם,5,False,,
18021008,12,,vor,לְעֵינֵיהֶֽם׃,6,False,,
18021008,13,,ihren,לְעֵינֵיהֶֽם׃,6,False,,
18021008,14,,Augen,לְעֵינֵיהֶֽם׃,6,False,,
18021009,1,,Ihre,בָּתֵּיהֶ֣ם,1,False,,
18021009,2,,Häuser,בָּתֵּיהֶ֣ם,1,False,,
18021009,3,,haben,שָׁל֣וֹם,2,False,,
18021009,4,,Frieden,שָׁל֣וֹם,2,False,,
18021009,5,,ohne,מִפָּ֑חַד,3,False,,
18021009,6,,Furcht,מִפָּ֑חַד,3,False,,
18021009,7,,und,וְלֹ֤א,4,True,,
18021009,8,,Gottes,אֱל֣וֹהַּ,6,False,,
18021009,9,,Rute,שֵׁ֖בֶט,5,False,,
18021009,10,,ist,עֲלֵיהֶֽם׃,7,True,,
18021009,11,,nicht,וְלֹ֤א,4,False,,
18021009,12,,über,עֲלֵיהֶֽם׃,7,False,,
18021009,13,,ihnen,עֲלֵיהֶֽם׃,7,False,,
18021010,1,,Sein,שׁוֹר֣וֹ,1,False,,
18021010,2,,Stier,שׁוֹר֣וֹ,1,False,,
18021010,3,,belegt,עִ֭בַּר,2,False,,
18021010,4,,und,וְלֹ֣א,3,True,,
18021010,5,,befruchtet,יַגְעִ֑ל,4,False,,
18021010,6,,sicher,תְּפַלֵּ֥ט,5,False,,
18021010,7,,seine,פָּ֝רָת֗וֹ,6,False,,
18021010,8,,Kuh,פָּ֝רָת֗וֹ,6,False,,
18021010,9,,kalbt,תְּפַלֵּ֥ט,5,False,,
18021010,10,,und,וְלֹ֣א,7,True,,
18021010,11,,wirft,תְשַׁכֵּֽל׃,8,False,,
18021010,12,,nicht,וְלֹ֣א,7,False,,
18021010,13,,fehl,תְשַׁכֵּֽל׃,8,False,,
18021011,1,,Ihre,עֲוִילֵיהֶ֑ם,3,False,,
18021011,2,,Buben,עֲוִילֵיהֶ֑ם,3,False,,
18021011,3,,schicken,יְשַׁלְּח֣וּ,1,False,,
18021011,4,,sie,יְשַׁלְּח֣וּ,1,False,,
18021011,5,,aus,יְשַׁלְּח֣וּ,1,False,,
18021011,6,,gleich,כַ֭צֹּאן,2,False,,
18021011,7,,einer,כַ֭צֹּאן,2,False,,
18021011,8,,Herde,כַ֭צֹּאן,2,False,,
18021011,9,,und,וְ֝יַלְדֵיהֶ֗ם,4,True,,
18021011,10,,ihre,וְ֝יַלְדֵיהֶ֗ם,4,False,,
18021011,11,,Knaben,וְ֝יַלְדֵיהֶ֗ם,4,False,,
18021011,12,,hüpfen,יְרַקֵּדֽוּן׃,5,False,,
18021011,13,,umher,יְרַקֵּדֽוּן׃,5,False,,
18021012,1,,Sie,יִ֭שְׂאוּ,1,False,,
18021012,2,,erheben,יִ֭שְׂאוּ,1,False,,
18021012,3,,die,כְּתֹ֣ף,2,True,,
18021012,4,,Stimme,כְּתֹ֣ף,2,False,,
18021012,5,,bei,כְּתֹ֣ף,2,False,,
18021012,6,,Tamburin,כְּתֹ֣ף,2,False,,
18021012,7,,und,וְכִנּ֑וֹר,3,True,,
18021012,8,,Laute,וְכִנּ֑וֹר,3,False,,
18021012,9,,und,וְ֝יִשְׂמְח֗וּ,4,True,,
18021012,10,,sind,וְ֝יִשְׂמְח֗וּ,4,False,,
18021012,11,,fröhlich,וְ֝יִשְׂמְח֗וּ,4,False,,
18021012,12,,beim,לְק֣וֹל,5,False,,
18021012,13,,Klange,לְק֣וֹל,5,False,,
18021012,14,,der,עוּגָֽב׃,6,True,,
18021012,15,,Schalmei,עוּגָֽב׃,6,False,,
18021013,1,,In,בַטּ֣וֹב,2,True,,
18021013,2,,Wohlfahrt,בַטּ֣וֹב,2,False,,
18021013,3,,verbringen,יְכַלּ֣וּ,1,False,,
18021013,4,,sie,יְכַלּ֣וּ,1,False,,
18021013,5,,ihre,יְמֵיהֶ֑ם,3,False,,
18021013,6,,Tage,יְמֵיהֶ֑ם,3,False,,
18021013,7,,und,וּ֝בְרֶ֗גַע,4,True,,
18021013,8,,in,וּ֝בְרֶ֗גַע,4,False,,
18021013,9,,einem,וּ֝בְרֶ֗גַע,4,False,,
18021013,10,,Augenblick,וּ֝בְרֶ֗גַע,4,False,,
18021013,11,,sinken,יֵחָֽתּוּ׃,6,False,,
18021013,12,,sie,יֵחָֽתּוּ׃,6,False,,
18021013,13,,in,שְׁא֣וֹל,5,False,,
18021013,14,,den,שְׁא֣וֹל,5,False,,
18021013,15,,Scheol,שְׁא֣וֹל,5,False,,
18021013,16,,hinab,יֵחָֽתּוּ׃,6,False,,
18021014,1,,Und,וַיֹּאמְר֣וּ,1,True,,
18021014,2,,doch,וַיֹּאמְר֣וּ,1,True,,
18021014,3,,sprechen,וַיֹּאמְר֣וּ,1,False,,
18021014,4,,sie,וַיֹּאמְר֣וּ,1,False,,
18021014,5,,zu,לָ֭אֵל,2,False,,
18021014,6,,Gott,לָ֭אֵל,2,False,,
18021014,7,,Weiche,ס֣וּר,3,False,,
18021014,8,,von,מִמֶּ֑נּוּ,4,False,,
18021014,9,,uns,מִמֶּ֑נּוּ,4,False,,
18021014,10,,und,וְדַ֥עַת,5,True,,
18021014,11,,nach,וְדַ֥עַת,5,False,,
18021014,12,,der,דְּ֝רָכֶ֗יךָ,6,True,,
18021014,13,,Erkenntnis,וְדַ֥עַת,5,False,,
18021014,14,,deiner,דְּ֝רָכֶ֗יךָ,6,False,,
18021014,15,,Wege,דְּ֝רָכֶ֗יךָ,6,False,,
18021014,16,,verlangen,חָפָֽצְנוּ׃,8,False,,
18021014,17,,wir,חָפָֽצְנוּ׃,8,False,,
18021014,18,,nicht,לֹ֣א,7,False,,
18021015,1,,Was,מַה־,1,False,,
18021015,2,,ist,מַה־,1,True,,
18021015,3,,der,שַׁדַּ֥י,2,False,,
18021015,4,,Allmächtige,שַׁדַּ֥י,2,False,,
18021015,5,,daß,כִּֽי־,3,False,,
18021015,6,,wir,נַֽעַבְדֶ֑נּוּ,4,False,,
18021015,7,,ihm,נַֽעַבְדֶ֑נּוּ,4,False,,
18021015,8,,dienen,נַֽעַבְדֶ֑נּוּ,4,False,,
18021015,9,,sollten,נַֽעַבְדֶ֑נּוּ,4,True,,
18021015,10,,und,וּמַה־,5,True,,
18021015,11,,was,וּמַה־,5,False,,
18021015,12,,nützt,נּ֝וֹעִ֗יל,6,False,,
18021015,13,,es,נּ֝וֹעִ֗יל,6,False,,
18021015,14,,uns,בּֽוֹ׃,9,False,,
18021015,15,,daß,כִּ֣י,7,False,,
18021015,16,,wir,נִפְגַּע־,8,False,,
18021015,17,,ihn,בּֽוֹ׃,9,False,,
18021015,18,,angehen,נִפְגַּע־,8,False,,
18021015,19,,,נִפְגַּע־,8,True,,
18021016,1,,Siehe,הֵ֤ן,1,False,,
18021016,2,,ihre,בְיָדָ֣ם,3,False,,
18021016,3,,Wohlfahrt,טוּבָ֑ם,4,False,,
18021016,4,,steht,בְיָדָ֣ם,3,False,,
18021016,5,,nicht,לֹ֣א,2,False,,
18021016,6,,in,בְיָדָ֣ם,3,True,,
18021016,7,,ihrer,בְיָדָ֣ם,3,False,,
18021016,8,,Hand,בְיָדָ֣ם,3,False,,
18021016,9,,Der,עֲצַ֥ת,5,True,,
18021016,10,,Rat,עֲצַ֥ת,5,False,,
18021016,11,,der,רְ֝שָׁעִ֗ים,6,True,,
18021016,12,,Gesetzlosen,רְ֝שָׁעִ֗ים,6,False,,
18021016,13,,sei,רָ֣חֲקָה,7,False,,
18021016,14,,ferne,רָ֣חֲקָה,7,False,,
18021016,15,,von,מֶֽנִּי׃,8,False,,
18021016,16,,mir,מֶֽנִּי׃,8,False,,
18021017,1,,Wie,כַּמָּ֤ה׀,1,False,,
18021017,2,,oft,כַּמָּ֤ה׀,1,False,,
18021017,3,,geschieht,יִדְעָ֗ךְ,4,False,,
18021017,4,,es,יִדְעָ֗ךְ,4,True,,
18021017,5,,daß,יִדְעָ֗ךְ,4,True,,
18021017,6,,die,נֵר־,2,True,,
18021017,7,,Leuchte,נֵר־,2,False,,
18021017,8,,der,רְשָׁ֘עִ֤ים,3,True,,
18021017,9,,Gesetzlosen,רְשָׁ֘עִ֤ים,3,False,,
18021017,10,,erlischt,יִדְעָ֗ךְ,4,False,,
18021017,11,,und,וְיָבֹ֣א,5,False,,
18021017,12,,ihr,אֵידָ֑ם,7,False,,
18021017,13,,Verderben,אֵידָ֑ם,7,False,,
18021017,14,,über,עָלֵ֣ימוֹ,6,False,,
18021017,15,,sie,עָלֵ֣ימוֹ,6,False,,
18021017,16,,kommt,וְיָבֹ֣א,5,False,,
18021017,17,,daß,יְחַלֵּ֥ק,9,True,,
18021017,18,,er,יְחַלֵּ֥ק,9,False,,
18021017,19,,ihnen,יְחַלֵּ֥ק,9,False,,
18021017,20,,Schlingen,חֲ֝בָלִ֗ים,8,False,,
18021017,21,,zuteilt,יְחַלֵּ֥ק,9,False,,
18021017,22,,in,בְּאַפּֽוֹ׃,10,False,,
18021017,23,,seinem,בְּאַפּֽוֹ׃,10,False,,
18021017,24,,Zorn,בְּאַפּֽוֹ׃,10,False,,
18021018,1,,daß,יִהְי֗וּ,1,True,,
18021018,2,,sie,יִהְי֗וּ,1,False,,
18021018,3,,wie,כְּתֶ֥בֶן,2,False,,
18021018,4,,Stroh,כְּתֶ֥בֶן,2,False,,
18021018,5,,werden,יִהְי֗וּ,1,False,,
18021018,6,,vor,לִפְנֵי־,3,False,,
18021018,7,,dem,ר֑וּחַ,4,True,,
18021018,8,,Winde,ר֑וּחַ,4,False,,
18021018,9,,und,וּ֝כְמֹ֗ץ,5,False,,
18021018,10,,wie,וּ֝כְמֹ֗ץ,5,False,,
18021018,11,,Spreu,וּ֝כְמֹ֗ץ,5,False,,
18021018,12,,die,גְּנָבַ֥תּוּ,6,True,,
18021018,13,,der,סוּפָֽה׃,7,True,,
18021018,14,,Sturmwind,סוּפָֽה׃,7,False,,
18021018,15,,entführt,גְּנָבַ֥תּוּ,6,False,,
18021019,1,,Gott,אֱל֗וֹהַּ,1,False,,
18021019,2,,spart,יִצְפֹּן־,2,False,,
18021019,3,,saget,יְשַׁלֵּ֖ם,5,False,,
18021019,4,,ihr,לְבָנָ֥יו,3,False,,
18021019,5,,sein,אוֹנ֑וֹ,4,False,,
18021019,6,,Unheil,אוֹנ֑וֹ,4,False,,
18021019,7,,auf,יִצְפֹּן־,2,True,,
18021019,8,,für,לְבָנָ֥יו,3,True,,
18021019,9,,seine,לְבָנָ֥יו,3,False,,
18021019,10,,Kinder,לְבָנָ֥יו,3,False,,
18021019,11,,Er,יְשַׁלֵּ֖ם,5,True,,
18021019,12,,vergelte,יְשַׁלֵּ֖ם,5,False,,
18021019,13,,ihm,אֵלָ֣יו,6,False,,
18021019,14,,daß,וְיֵדָֽע׃,7,True,,
18021019,15,,er,וְיֵדָֽע׃,7,True,,
18021019,16,,es,וְיֵדָֽע׃,7,False,,
18021019,17,,fühle,וְיֵדָֽע׃,7,False,,
18021020,1,,Seine,עֵינָ֣יו,2,False,,
18021020,2,,Augen,עֵינָ֣יו,2,False,,
18021020,3,,sollen,יִרְא֣וּ,1,False,,
18021020,4,,sein,כִּיד֑וֹ,3,True,,
18021020,5,,Verderben,כִּיד֑וֹ,3,False,,
18021020,6,,sehen,יִרְא֣וּ,1,False,,
18021020,7,,und,וּמֵחֲמַ֖ת,4,False,,
18021020,8,,von,וּמֵחֲמַ֖ת,4,False,,
18021020,9,,dem,וּמֵחֲמַ֖ת,4,True,,
18021020,10,,Grimme,וּמֵחֲמַ֖ת,4,False,,
18021020,11,,des,שַׁדַּ֣י,5,False,,
18021020,12,,Allmächtigen,שַׁדַּ֣י,5,False,,
18021020,13,,trinke,יִשְׁתֶּֽה׃,6,False,,
18021020,14,,er,יִשְׁתֶּֽה׃,6,False,,
18021021,1,,Denn,כִּ֤י,1,False,,
18021021,2,,was,מַה־,2,False,,
18021021,3,,liegt,חֶפְצ֣וֹ,3,False,,
18021021,4,,ihm,חֶפְצ֣וֹ,3,False,,
18021021,5,,an,חֶפְצ֣וֹ,3,True,,
18021021,6,,seinem,בְּבֵית֣וֹ,4,False,,
18021021,7,,Hause,בְּבֵית֣וֹ,4,False,,
18021021,8,,nach,אַחֲרָ֑יו,5,False,,
18021021,9,,ihm,אַחֲרָ֑יו,5,False,,
18021021,10,,wenn,וּמִסְפַּ֖ר,6,False,,
18021021,11,,die,וּמִסְפַּ֖ר,6,True,,
18021021,12,,Zahl,וּמִסְפַּ֖ר,6,False,,
18021021,13,,seiner,חֳדָשָׁ֣יו,7,False,,
18021021,14,,Monde,חֳדָשָׁ֣יו,7,False,,
18021021,15,,durchschnitten,חֻצָּֽצוּ׃,8,False,,
18021021,16,,ist,חֻצָּֽצוּ׃,8,False,,
18021021,17,,,חֻצָּֽצוּ׃,8,True,,
18021022,1,,Kann,הַלְאֵ֥ל,1,False,,
18021022,2,,man,יְלַמֶּד־,2,True,,
18021022,3,,Gott,הַלְאֵ֥ל,1,False,,
18021022,4,,Erkenntnis,דָּ֑עַת,3,False,,
18021022,5,,lehren,יְלַמֶּד־,2,False,,
18021022,6,,da,וְ֝ה֗וּא,4,False,,
18021022,7,,er,וְ֝ה֗וּא,4,False,,
18021022,8,,es,וְ֝ה֗וּא,4,False,,
18021022,9,,ja,וְ֝ה֗וּא,4,True,,
18021022,10,,ist,יִשְׁפּֽוֹט׃,6,False,,
18021022,11,,der,רָמִ֥ים,5,True,,
18021022,12,,die,רָמִ֥ים,5,True,,
18021022,13,,Hohen,רָמִ֥ים,5,False,,
18021022,14,,richtet,יִשְׁפּֽוֹט׃,6,False,,
18021023,1,,Dieser,זֶ֗ה,1,False,,
18021023,2,,stirbt,יָ֭מוּת,2,False,,
18021023,3,,in,בְּעֶ֣צֶם,3,False,,
18021023,4,,seiner,תֻּמּ֑וֹ,4,False,,
18021023,5,,Vollkraft,בְּעֶ֣צֶם,3,False,,
18021023,6,,ganz,כֻּ֝לּ֗וֹ,5,False,,
18021023,7,,wohlgemut,שַׁלְאֲנַ֥ן,6,False,,
18021023,8,,und,וְשָׁלֵֽיו׃,7,False,,
18021023,9,,sorglos,וְשָׁלֵֽיו׃,7,False,,
18021024,1,,Seine,עֲ֭טִינָיו,1,False,,
18021024,2,,Gefäße,עֲ֭טִינָיו,1,False,,
18021024,3,,sind,מָלְא֣וּ,2,False,,
18021024,4,,voll,מָלְא֣וּ,2,False,,
18021024,5,,Milch,חָלָ֑ב,3,False,,
18021024,6,,und,וּמֹ֖חַ,4,False,,
18021024,7,,das,וּמֹ֖חַ,4,True,,
18021024,8,,Mark,וּמֹ֖חַ,4,False,,
18021024,9,,seiner,עַצְמוֹתָ֣יו,5,False,,
18021024,10,,Gebeine,עַצְמוֹתָ֣יו,5,False,,
18021024,11,,ist,יְשֻׁקֶּֽה׃,6,False,,
18021024,12,,getränkt,יְשֻׁקֶּֽה׃,6,False,,
18021025,1,,Und,וְזֶ֗ה,1,False,,
18021025,2,,jener,וְזֶ֗ה,1,False,,
18021025,3,,stirbt,יָ֭מוּת,2,False,,
18021025,4,,mit,בְּנֶ֣פֶשׁ,3,False,,
18021025,5,,bitterer,מָרָ֑ה,4,False,,
18021025,6,,Seele,בְּנֶ֣פֶשׁ,3,False,,
18021025,7,,und,וְלֹֽא־,5,False,,
18021025,8,,hat,אָ֝כַ֗ל,6,False,,
18021025,9,,des,בַּטּוֹבָֽה׃,7,True,,
18021025,10,,Guten,בַּטּוֹבָֽה׃,7,False,,
18021025,11,,nicht,וְלֹֽא־,5,False,,
18021025,12,,genossen,אָ֝כַ֗ל,6,False,,
18021026,1,,Zusammen,יַ֭חַד,1,False,,
18021026,2,,liegen,יִשְׁכָּ֑בוּ,4,False,,
18021026,3,,sie,יִשְׁכָּ֑בוּ,4,False,,
18021026,4,,im,עַל־,2,True,,
18021026,5,,Staube,עָפָ֣ר,3,False,,
18021026,6,,und,וְ֝רִמָּ֗ה,5,False,,
18021026,7,,Gewürm,וְ֝רִמָּ֗ה,5,False,,
18021026,8,,bedeckt,תְּכַסֶּ֥ה,6,False,,
18021026,9,,sie,עֲלֵיהֶֽם׃,7,False,,
18021027,1,,Siehe,הֵ֣ן,1,False,,
18021027,2,,ich,יָ֭דַעְתִּי,2,False,,
18021027,3,,kenne,יָ֭דַעְתִּי,2,False,,
18021027,4,,eure,מַחְשְׁבֽוֹתֵיכֶ֑ם,3,False,,
18021027,5,,Gedanken,מַחְשְׁבֽוֹתֵיכֶ֑ם,3,False,,
18021027,6,,und,וּ֝מְזִמּ֗וֹת,4,False,,
18021027,7,,die,וּ֝מְזִמּ֗וֹת,4,True,,
18021027,8,,Anschläge,וּ֝מְזִמּ֗וֹת,4,False,,
18021027,9,,womit,עָלַ֥י,5,False,,
18021027,10,,ihr,תַּחְמֹֽסוּ׃,6,False,,
18021027,11,,mir,עָלַ֥י,5,False,,
18021027,12,,Gewalt,וּ֝מְזִמּ֗וֹת,4,False,,
18021027,13,,antut,תַּחְמֹֽסוּ׃,6,False,,
18021028,1,,Denn,כִּ֤י,1,False,,
18021028,2,,ihr,תֹֽאמְר֗וּ,2,False,,
18021028,3,,saget,תֹֽאמְר֗וּ,2,False,,
18021028,4,,Wo,אַיֵּ֥ה,3,False,,
18021028,5,,ist,אַיֵּ֥ה,3,True,,
18021028,6,,das,בֵית־,4,True,,
18021028,7,,Haus,בֵית־,4,False,,
18021028,8,,des,נָדִ֑יב,5,True,,
18021028,9,,Edlen,נָדִ֑יב,5,False,,
18021028,10,,und,וְ֝אַיֵּ֗ה,6,False,,
18021028,11,,wo,וְ֝אַיֵּ֗ה,6,False,,
18021028,12,,das,אֹ֤הֶל׀,7,True,,
18021028,13,,Wohngezelt,אֹ֤הֶל׀,7,False,,
18021028,14,,der,מִשְׁכְּנ֬וֹת,8,False,,
18021028,15,,Gesetzlosen,רְשָׁעִֽים׃,9,False,,
18021029,1,,Habt,הֲלֹ֣א,1,False,,
18021029,2,,ihr,שְׁ֭אֶלְתֶּם,2,False,,
18021029,3,,nicht,הֲלֹ֣א,1,False,,
18021029,4,,befragt,שְׁ֭אֶלְתֶּם,2,False,,
18021029,5,,die,ע֣וֹבְרֵי,3,True,,
18021029,6,,des,ע֣וֹבְרֵי,3,True,,
18021029,7,,Weges,דָ֑רֶךְ,4,False,,
18021029,8,,vorüberziehen,ע֣וֹבְרֵי,3,False,,
18021029,9,,und,וְ֝אֹתֹתָ֗ם,5,False,,
18021029,10,,erkennet,תְנַכֵּֽרוּ׃,7,False,,
18021029,11,,ihr,תְנַכֵּֽרוּ׃,7,False,,
18021029,12,,ihre,וְ֝אֹתֹתָ֗ם,5,False,,
18021029,13,,Merkmale,וְ֝אֹתֹתָ֗ם,5,False,,
18021029,14,,nicht,לֹ֣א,6,False,,
18021030,1,,daß,כִּ֤י,1,False,,
18021030,2,,der,לְי֣וֹם,2,True,,
18021030,3,,Böse,רָ֑ע,5,False,,
18021030,4,,verschont,יֵחָ֣שֶׂךְ,4,False,,
18021030,5,,wird,יֵחָ֣שֶׂךְ,4,True,,
18021030,6,,am,לְי֣וֹם,2,False,,
18021030,7,,Tage,לְי֣וֹם,2,False,,
18021030,8,,des,אֵ֭יד,3,True,,
18021030,9,,Verderbens,אֵ֭יד,3,False,,
18021030,10,,daß,לְי֖וֹם,6,False,,
18021030,11,,am,לְי֖וֹם,6,False,,
18021030,12,,Tage,לְי֖וֹם,6,False,,
18021030,13,,der,עֲבָר֣וֹת,7,True,,
18021030,14,,Zornesfluten,עֲבָר֣וֹת,7,False,,
18021030,15,,sie,יוּבָֽלוּ׃,8,False,,
18021030,16,,weggeleitet,יוּבָֽלוּ׃,8,False,,
18021030,17,,werden,יוּבָֽלוּ׃,8,True,,
18021031,1,,Wer,מִֽי־,1,False,,
18021031,2,,wird,יַגִּ֣יד,2,False,,
18021031,3,,ihm,יַגִּ֣יד,2,True,,
18021031,4,,ins,עַל־,3,False,,
18021031,5,,Angesicht,פָּנָ֣יו,4,False,,
18021031,6,,seinen,דַּרְכּ֑וֹ,5,False,,
18021031,7,,Weg,דַּרְכּ֑וֹ,5,False,,
18021031,8,,kundtun,יַגִּ֣יד,2,False,,
18021031,9,,Und,וְהֽוּא־,6,False,,
18021031,10,,hat,עָ֝שָׂ֗ה,7,False,,
18021031,11,,er,עָ֝שָׂ֗ה,7,False,,
18021031,12,,gehandelt,עָ֝שָׂ֗ה,7,False,,
18021031,13,,wer,מִ֣י,8,False,,
18021031,14,,wird,יְשַׁלֶּם־,9,False,,
18021031,15,,es,יְשַׁלֶּם־,9,False,,
18021031,16,,ihm,לֽוֹ׃,10,False,,
18021031,17,,vergelten,יְשַׁלֶּם־,9,False,,
18021032,1,,Und,וְ֭הוּא,1,False,,
18021032,2,,er,וְ֭הוּא,1,False,,
18021032,3,,wird,יוּבָ֑ל,3,False,,
18021032,4,,zu,לִקְבָר֣וֹת,2,False,,
18021032,5,,den,לִקְבָר֣וֹת,2,True,,
18021032,6,,Gräbern,לִקְבָר֣וֹת,2,False,,
18021032,7,,hingebracht,יוּבָ֑ל,3,False,,
18021032,8,,und,וְֽעַל־,4,False,,
18021032,9,,auf,וְֽעַל־,4,False,,
18021032,10,,dem,גָּדִ֥ישׁ,5,True,,
18021032,11,,Grabhügel,גָּדִ֥ישׁ,5,False,,
18021032,12,,wacht,יִשְׁקֽוֹד׃,6,False,,
18021032,13,,er,יִשְׁקֽוֹד׃,6,False,,
18021033,1,,Süß,מָֽתְקוּ־,1,False,,
18021033,2,,sind,מָֽתְקוּ־,1,False,,
18021033,3,,ihm,ל֗וֹ,2,False,,
18021033,4,,die,רִגְבֵ֫י,3,True,,
18021033,5,,Schollen,רִגְבֵ֫י,3,False,,
18021033,6,,des,נָ֥חַל,4,True,,
18021033,7,,Tales,נָ֥חַל,4,False,,
18021033,8,,Und,וְ֭אַחֲרָיו,5,False,,
18021033,9,,hinter,וְ֭אַחֲרָיו,5,False,,
18021033,10,,ihm,וְ֭אַחֲרָיו,5,False,,
18021033,11,,her,וְ֭אַחֲרָיו,5,True,,
18021033,12,,ziehen,יִמְשׁ֑וֹךְ,8,False,,
18021033,13,,alle,כָּל־,6,False,,
18021033,14,,Menschen,אָדָ֣ם,7,False,,
18021033,15,,und,וּ֝לְפָנָ֗יו,9,False,,
18021033,16,,vor,וּ֝לְפָנָ֗יו,9,False,,
18021033,17,,ihm,וּ֝לְפָנָ֗יו,9,False,,
18021033,18,,her,וּ֝לְפָנָ֗יו,9,True,,
18021033,19,,gingen,יִמְשׁ֑וֹךְ,8,False,,
18021033,20,,sie,יִמְשׁ֑וֹךְ,8,False,,
18021033,21,,ohne,אֵ֣ין,10,False,,
18021033,22,,Zahl,מִסְפָּֽר׃,11,False,,
18021033,23,,,מִסְפָּֽר׃,11,True,,
18021034,1,,Wie,וְ֭אֵיךְ,1,False,,
18021034,2,,tröstet,תְּנַחֲמ֣וּנִי,2,False,,
18021034,3,,ihr,תְּנַחֲמ֣וּנִי,2,False,,
18021034,4,,mich,תְּנַחֲמ֣וּנִי,2,False,,
18021034,5,,nun,וְ֭אֵיךְ,1,True,,
18021034,5,,nun,תְּנַחֲמ֣וּנִי,2,True,,
18021034,6,,mit,הָ֑בֶל,3,True,,
18021034,7,,Dunst,הָ֑בֶל,3,False,,
18021034,8,,und,וּ֝תְשֽׁוּבֹתֵיכֶ֗ם,4,False,,
18021034,9,,von,וּ֝תְשֽׁוּבֹתֵיכֶ֗ם,4,True,,
18021034,10,,euren,וּ֝תְשֽׁוּבֹתֵיכֶ֗ם,4,False,,
18021034,11,,Antworten,וּ֝תְשֽׁוּבֹתֵיכֶ֗ם,4,False,,
18021034,12,,bleibt,נִשְׁאַר־,5,False,,
18021034,13,,nur,נִשְׁאַר־,5,True,,
18021034,14,,Treulosigkeit,מָֽעַל׃ ס,6,False,,
18021034,15,,übrig,מָֽעַל׃ ס,6,True,,
18022001,1,,Und,וַ֭יַּעַן,1,False,,
18022001,2,,Eliphas,אֱלִיפַ֥ז,2,False,,
18022001,3,,der,הַֽתֵּמָנִ֗י,3,True,,
18022001,4,,Temaniter,הַֽתֵּמָנִ֗י,3,False,,
18022001,5,,antwortete,וַ֭יַּעַן,1,False,,
18022001,6,,und,וַיֹּאמַֽר׃,4,False,,
18022001,7,,sprach,וַיֹּאמַֽר׃,4,False,,
18022002,1,,Kann,הַלְאֵ֥ל,1,False,,
18022002,2,,ein,הַלְאֵ֥ל,1,True,,
18022002,3,,Mann,גָּ֑בֶר,3,False,,
18022002,4,,Gott,הַלְאֵ֥ל,1,False,,
18022002,5,,Nutzen,יִסְכָּן־,2,False,,
18022002,6,,bringen,יִסְכָּן־,2,False,,
18022002,7,,Vielmehr,כִּֽי־,4,False,,
18022002,8,,sich,עָלֵ֣ימוֹ,6,False,,
18022002,9,,selbst,עָלֵ֣ימוֹ,6,True,,
18022002,10,,nützt,יִסְכֹּ֖ן,5,False,,
18022002,11,,der,מַשְׂכִּֽיל׃,7,True,,
18022002,12,,Einsichtige,מַשְׂכִּֽיל׃,7,False,,
18022003,1,,Liegt,הַחֵ֣פֶץ,1,False,,
18022003,2,,dem,לְ֭שַׁדַּי,2,True,,
18022003,3,,Allmächtigen,לְ֭שַׁדַּי,2,False,,
18022003,4,,daran,לְ֭שַׁדַּי,2,True,,
18022003,5,,wenn,כִּ֣י,3,False,,
18022003,6,,du,תִצְדָּ֑ק,4,False,,
18022003,7,,gerecht,תִצְדָּ֑ק,4,False,,
18022003,8,,bist,תִצְדָּ֑ק,4,False,,
18022003,9,,oder,וְאִם־,5,False,,
18022003,10,,ist,תַתֵּ֥ם,8,False,,
18022003,11,,es,תַתֵּ֥ם,8,False,,
18022003,12,,ihm,תַתֵּ֥ם,8,True,,
18022003,13,,ein,בֶּ֝֗צַע,6,True,,
18022003,14,,Gewinn,בֶּ֝֗צַע,6,False,,
18022003,15,,wenn,כִּֽי־,7,False,,
18022003,16,,du,תַתֵּ֥ם,8,False,,
18022003,17,,deine,דְּרָכֶֽיךָ׃,9,False,,
18022003,18,,Wege,דְּרָכֶֽיךָ׃,9,False,,
18022003,19,,vollkommen,תַתֵּ֥ם,8,False,,
18022003,20,,machst,תַתֵּ֥ם,8,False,,
18022004,1,,Ist,יָב֥וֹא,3,False,,
18022004,2,,es,יָב֥וֹא,3,False,,
18022004,3,,wegen,הֲֽ֭מִיִּרְאָ֣תְךָ,1,True,,
18022004,4,,deiner,הֲֽ֭מִיִּרְאָ֣תְךָ,1,False,,
18022004,5,,Gottesfurcht,הֲֽ֭מִיִּרְאָ֣תְךָ,1,False,,
18022004,6,,daß,יֹכִיחֶ֑ךָ,2,True,,
18022004,7,,er,יֹכִיחֶ֑ךָ,2,False,,
18022004,8,,dich,יֹכִיחֶ֑ךָ,2,False,,
18022004,9,,straft,יֹכִיחֶ֑ךָ,2,False,,
18022004,10,,mit,עִ֝מְּךָ֗,4,False,,
18022004,11,,dir,עִ֝מְּךָ֗,4,False,,
18022004,12,,ins,בַּמִּשְׁפָּֽט׃,5,True,,
18022004,13,,Gericht,בַּמִּשְׁפָּֽט׃,5,False,,
18022004,14,,geht,יָב֥וֹא,3,False,,
18022005,1,,Ist,הֲלֹ֣א,1,False,,
18022005,2,,nicht,הֲלֹ֣א,1,False,,
18022005,3,,deine,רָעָֽתְךָ֣,2,False,,
18022005,4,,Bosheit,רָעָֽתְךָ֣,2,False,,
18022005,5,,groß,רַבָּ֑ה,3,False,,
18022005,6,,und,וְאֵֽין־,4,False,,
18022005,7,,deiner,לַעֲוֹנֹתֶֽיךָ׃,6,False,,
18022005,8,,Missetaten,לַעֲוֹנֹתֶֽיךָ׃,6,False,,
18022005,9,,kein,וְאֵֽין־,4,False,,
18022005,10,,Ende,קֵ֝֗ץ,5,False,,
18022006,1,,Denn,כִּֽי־,1,False,,
18022006,2,,du,תַחְבֹּ֣ל,2,False,,
18022006,3,,pfändetest,תַחְבֹּ֣ל,2,False,,
18022006,4,,deinen,אַחֶ֣יךָ,3,False,,
18022006,5,,Bruder,אַחֶ֣יךָ,3,False,,
18022006,6,,ohne,חִנָּ֑ם,4,True,,
18022006,7,,Ursache,חִנָּ֑ם,4,False,,
18022006,8,,und,וּבִגְדֵ֖י,5,False,,
18022006,9,,die,וּבִגְדֵ֖י,5,True,,
18022006,10,,Kleider,וּבִגְדֵ֖י,5,False,,
18022006,11,,der,עֲרוּמִּ֣ים,6,False,,
18022006,12,,Nackten,עֲרוּמִּ֣ים,6,False,,
18022006,13,,zogest,תַּפְשִֽׁיט׃,7,False,,
18022006,14,,du,תַּפְשִֽׁיט׃,7,False,,
18022006,15,,aus,תַּפְשִֽׁיט׃,7,False,,
18022007,1,,den,מַ֭יִם,2,True,,
18022007,2,,Lechzenden,עָיֵ֣ף,3,False,,
18022007,3,,tränktest,תַּשְׁקֶ֑ה,4,False,,
18022007,4,,du,תַּשְׁקֶ֑ה,4,False,,
18022007,5,,nicht,לֹא־,1,False,,
18022007,6,,mit,מַ֭יִם,2,False,,
18022007,7,,Wasser,מַ֭יִם,2,False,,
18022007,8,,und,וּ֝מֵרָעֵ֗ב,5,False,,
18022007,9,,dem,וּ֝מֵרָעֵ֗ב,5,True,,
18022007,10,,Hungrigen,וּ֝מֵרָעֵ֗ב,5,False,,
18022007,11,,verweigertest,תִּֽמְנַֽע־,6,False,,
18022007,12,,du,תִּֽמְנַֽע־,6,False,,
18022007,13,,das,לָֽחֶם׃,7,True,,
18022007,14,,Brot,לָֽחֶם׃,7,False,,
18022008,1,,Und,וְאִ֣ישׁ,1,False,,
18022008,2,,dem,זְ֭רוֹעַ,2,True,,
18022008,3,,Manne,וְאִ֣ישׁ,1,False,,
18022008,4,,der,וּנְשׂ֥וּא,5,True,,
18022008,5,,Gewalt,זְ֭רוֹעַ,2,False,,
18022008,6,,ihm,ל֣וֹ,3,False,,
18022008,7,,gehörte,יֵ֣שֶׁב,7,False,,
18022008,8,,das,הָאָ֑רֶץ,4,True,,
18022008,9,,Land,הָאָ֑רֶץ,4,False,,
18022008,10,,und,וּנְשׂ֥וּא,5,False,,
18022008,11,,der,וּנְשׂ֥וּא,5,True,,
18022008,12,,Angesehene,פָ֝נִ֗ים,6,False,,
18022008,13,,wohnte,יֵ֣שֶׁב,7,False,,
18022008,14,,darin,בָּֽהּ׃,8,False,,
18022009,1,,Die,אַ֭לְמָנוֹת,1,True,,
18022009,2,,Witwe,אַ֭לְמָנוֹת,1,False,,
18022009,3,,schicktest,שִׁלַּ֣חְתָּ,2,False,,
18022009,4,,du,שִׁלַּ֣חְתָּ,2,False,,
18022009,5,,leer,רֵיקָ֑ם,3,False,,
18022009,6,,fort,שִׁלַּ֣חְתָּ,2,False,,
18022009,7,,und,וּזְרֹע֖וֹת,4,False,,
18022009,8,,die,וּזְרֹע֖וֹת,4,True,,
18022009,9,,Arme,וּזְרֹע֖וֹת,4,False,,
18022009,10,,der,יְתֹמִ֣ים,5,True,,
18022009,11,,Waisen,יְתֹמִ֣ים,5,False,,
18022009,12,,wurden,יְדֻכָּֽא׃,6,False,,
18022009,13,,zermalmt,יְדֻכָּֽא׃,6,False,,
18022010,1,,Darum,עַל־,1,False,,
18022010,2,,sind,כֵּ֭ן,2,False,,
18022010,3,,Schlingen,פַחִ֑ים,4,False,,
18022010,4,,rings,סְבִיבוֹתֶ֣יךָ,3,False,,
18022010,5,,um,סְבִיבוֹתֶ֣יךָ,3,False,,
18022010,6,,dich,סְבִיבוֹתֶ֣יךָ,3,False,,
18022010,7,,her,סְבִיבוֹתֶ֣יךָ,3,False,,
18022010,8,,und,וִֽ֝יבַהֶלְךָ,5,False,,
18022010,9,,ein,פַּ֣חַד,6,True,,
18022010,10,,plötzlicher,פַּ֣חַד,6,False,,
18022010,11,,Schrecken,פַּ֣חַד,6,False,,
18022010,12,,macht,וִֽ֝יבַהֶלְךָ,5,False,,
18022010,13,,dich,וִֽ֝יבַהֶלְךָ,5,False,,
18022010,14,,bestürzt,פִּתְאֹֽם׃,7,False,,
18022011,1,,Oder,אוֹ־,1,False,,
18022011,2,,siehst,תִרְאֶ֑ה,4,False,,
18022011,3,,du,תִרְאֶ֑ה,4,False,,
18022011,4,,nicht,לֹֽא־,3,False,,
18022011,5,,die,חֹ֥שֶׁךְ,2,True,,
18022011,6,,Finsternis,חֹ֥שֶׁךְ,2,False,,
18022011,7,,und,וְֽשִׁפְעַת־,5,False,,
18022011,8,,die,מַ֥יִם,6,True,,
18022011,9,,Wasserflut,מַ֥יִם,6,False,,
18022011,10,,die,תְּכַסֶּֽךָּ׃,7,True,,
18022011,11,,dich,תְּכַסֶּֽךָּ׃,7,False,,
18022011,12,,bedeckt,תְּכַסֶּֽךָּ׃,7,False,,
18022012,1,,Ist,הֲֽלֹא־,1,False,,
18022012,2,,Gott,אֱ֭לוֹהַּ,2,False,,
18022012,3,,nicht,הֲֽלֹא־,1,True,,
18022012,4,,so,הֲֽלֹא־,1,True,,
18022012,5,,hoch,גֹּ֣בַהּ,3,False,,
18022012,6,,wie,הֲֽלֹא־,1,True,,
18022012,7,,die,שָׁמָ֑יִם,4,True,,
18022012,8,,Himmel,שָׁמָ֑יִם,4,False,,
18022012,9,,Sieh,וּרְאֵ֤ה,5,False,,
18022012,10,,doch,וּרְאֵ֤ה,5,True,,
18022012,11,,den,רֹ֖אשׁ,6,True,,
18022012,12,,Gipfel,רֹ֖אשׁ,6,False,,
18022012,13,,der,כּוֹכָבִ֣ים,7,True,,
18022012,14,,Sterne,כּוֹכָבִ֣ים,7,False,,
18022012,15,,wie,כִּי־,8,False,,
18022012,16,,erhaben,רָֽמּוּ׃,9,False,,
18022012,17,,sie,רָֽמּוּ׃,9,False,,
18022012,18,,sind,רָֽמּוּ׃,9,True,,
18022013,1,,Und,וְֽ֭אָמַרְתָּ,1,False,,
18022013,2,,so,וְֽ֭אָמַרְתָּ,1,True,,
18022013,3,,sprichst,וְֽ֭אָמַרְתָּ,1,False,,
18022013,4,,du,וְֽ֭אָמַרְתָּ,1,False,,
18022013,5,,Was,מַה־,2,False,,
18022013,6,,sollte,יָּ֣דַֽע,3,False,,
18022013,7,,Gott,אֵ֑ל,4,False,,
18022013,8,,wissen,יָּ֣דַֽע,3,False,,
18022013,9,,kann,יָּ֣דַֽע,3,False,,
18022013,10,,er,יָּ֣דַֽע,3,False,,
18022013,11,,richten,יִשְׁפּֽוֹט׃,7,False,,
18022013,12,,durch,הַבְעַ֖ד,5,False,,
18022013,13,,Wolkendunkel,עֲרָפֶ֣ל,6,False,,
18022013,14,,hindurch,יִשְׁפּֽוֹט׃,7,True,,
18022014,1,,Die,עָבִ֣ים,1,True,,
18022014,2,,Wolken,עָבִ֣ים,1,False,,
18022014,3,,sind,עָבִ֣ים,1,True,,
18022014,4,,ihm,ל֭וֹ,3,False,,
18022014,5,,eine,סֵֽתֶר־,2,True,,
18022014,6,,Hülle,סֵֽתֶר־,2,False,,
18022014,7,,daß,וְלֹ֣א,4,True,,
18022014,8,,er,יִרְאֶ֑ה,5,False,,
18022014,9,,nicht,וְלֹ֣א,4,False,,
18022014,10,,sieht,יִרְאֶ֑ה,5,False,,
18022014,11,,und,וְח֥וּג,6,True,,
18022014,12,,er,יִתְהַלָּֽךְ׃,8,False,,
18022014,13,,durchwandelt,יִתְהַלָּֽךְ׃,8,False,,
18022014,14,,den,שָׁ֝מַ֗יִם,7,True,,
18022014,15,,Kreis,וְח֥וּג,6,False,,
18022014,16,,des,שָׁ֝מַ֗יִם,7,True,,
18022014,17,,Himmels,שָׁ֝מַ֗יִם,7,False,,
18022015,1,,Willst,הַאֹ֣רַח,1,False,,
18022015,2,,du,הַאֹ֣רַח,1,True,,
18022015,3,,den,הַאֹ֣רַח,1,True,,
18022015,4,,Pfad,הַאֹ֣רַח,1,False,,
18022015,5,,der,עוֹלָ֣ם,2,True,,
18022015,6,,Vorzeit,עוֹלָ֣ם,2,False,,
18022015,7,,einhalten,תִּשְׁמֹ֑ר,3,False,,
18022015,8,,welchen,אֲשֶׁ֖ר,4,False,,
18022015,9,,die,מְתֵי־,6,True,,
18022015,10,,Frevler,מְתֵי־,6,False,,
18022015,11,,betraten,דָּרְכ֣וּ,5,False,,
18022016,1,,die,אֲשֶֽׁר־,1,True,,
18022016,2,,weggerafft,קֻמְּט֥וּ,2,False,,
18022016,3,,wurden,קֻמְּט֥וּ,2,True,,
18022016,4,,vor,עֵ֑ת,4,True,,
18022016,5,,der,עֵ֑ת,4,True,,
18022016,6,,Zeit,עֵ֑ת,4,False,,
18022016,7,,wie,נָ֝הָ֗ר,5,True,,
18022016,8,,ein,נָ֝הָ֗ר,5,True,,
18022016,9,,Strom,נָ֝הָ֗ר,5,False,,
18022016,10,,zerfloß,יוּצַ֥ק,6,False,,
18022016,11,,ihr,יְסוֹדָֽם׃,7,False,,
18022016,12,,fester,יְסוֹדָֽם׃,7,False,,
18022016,13,,Grund,יְסוֹדָֽם׃,7,False,,
18022017,1,,die,הָאֹמְרִ֣ים,1,True,,
18022017,2,,zu,לָ֭אֵל,2,True,,
18022017,3,,Gott,לָ֭אֵל,2,False,,
18022017,4,,sprachen,הָאֹמְרִ֣ים,1,False,,
18022017,5,,Weiche,ס֣וּר,3,False,,
18022017,6,,von,מִמֶּ֑נּוּ,4,True,,
18022017,7,,uns,מִמֶּ֑נּוּ,4,False,,
18022017,8,,und,וּמַה־,5,True,,
18022017,9,,was,וּמַה־,5,False,,
18022017,10,,könnte,יִּפְעַ֖ל,6,False,,
18022017,11,,der,שַׁדַּ֣י,7,True,,
18022017,12,,Allmächtige,שַׁדַּ֣י,7,False,,
18022017,13,,für,לָֽמוֹ׃,8,True,,
18022017,14,,uns,לָֽמוֹ׃,8,False,,
18022017,15,,tun,יִּפְעַ֖ל,6,False,,
18022018,1,,Und,וְה֤וּא,1,False,,
18022018,2,,doch,וְה֤וּא,1,True,,
18022018,3,,hatte,מִלֵּ֣א,2,False,,
18022018,4,,er,וְה֤וּא,1,False,,
18022018,5,,ihre,בָתֵּיהֶ֣ם,3,False,,
18022018,6,,Häuser,בָתֵּיהֶ֣ם,3,False,,
18022018,7,,mit,ט֑וֹב,4,True,,
18022018,8,,Wohlstand,ט֑וֹב,4,False,,
18022018,9,,erfüllt,מִלֵּ֣א,2,False,,
18022018,10,,Aber,וַעֲצַ֥ת,5,False,,
18022018,11,,der,רְ֝שָׁעִ֗ים,6,True,,
18022018,12,,Rat,וַעֲצַ֥ת,5,False,,
18022018,13,,der,רְ֝שָׁעִ֗ים,6,True,,
18022018,14,,Gesetzlosen,רְ֝שָׁעִ֗ים,6,False,,
18022018,15,,sei,רָ֣חֲקָה,7,False,,
18022018,16,,fern,רָ֣חֲקָה,7,False,,
18022018,17,,von,מֶֽנִּי׃,8,False,,
18022018,18,,mir,מֶֽנִּי׃,8,False,,
18022019,1,,Die,צַדִּיקִ֣ים,2,True,,
18022019,2,,Gerechten,צַדִּיקִ֣ים,2,False,,
18022019,3,,sehen,יִרְא֣וּ,1,False,,
18022019,4,,es,יִרְא֣וּ,1,False,,
18022019,5,,und,וְיִשְׂמָ֑חוּ,3,False,,
18022019,6,,freuen,וְיִשְׂמָ֑חוּ,3,False,,
18022019,7,,sich,וְיִשְׂמָ֑חוּ,3,False,,
18022019,8,,und,וְ֝נָקִ֗י,4,False,,
18022019,9,,der,וְ֝נָקִ֗י,4,True,,
18022019,10,,Schuldlose,וְ֝נָקִ֗י,4,False,,
18022019,11,,spottet,יִלְעַג־,5,False,,
18022019,12,,ihrer,לָֽמוֹ׃,6,False,,
18022020,1,,Sind,אִם־,1,False,,
18022020,2,,nicht,לֹ֣א,2,False,,
18022020,3,,unsere,קִימָ֑נוּ,4,False,,
18022020,4,,Gegner,קִימָ֑נוּ,4,False,,
18022020,5,,vertilgt,נִכְחַ֣ד,3,False,,
18022020,6,,und,וְ֝יִתְרָ֗ם,5,False,,
18022020,7,,hat,אָ֣כְלָה,6,False,,
18022020,8,,nicht,לֹ֣א,2,False,,
18022020,9,,Feuer,אֵֽשׁ׃,7,False,,
18022020,10,,ihren,וְ֝יִתְרָ֗ם,5,False,,
18022020,11,,Überfluß,וְ֝יִתְרָ֗ם,5,False,,
18022020,12,,gefressen,אָ֣כְלָה,6,False,,
18022021,1,,Verkehre,הַסְכֶּן־,1,False,,
18022021,2,,doch,נָ֣א,2,False,,
18022021,3,,freundlich,טוֹבָֽה׃,7,False,,
18022021,4,,mit,עִמּ֑וֹ,3,False,,
18022021,5,,ihm,עִמּ֑וֹ,3,False,,
18022021,6,,und,וּשְׁלם,4,False,,
18022021,7,,halte,וּשְׁלם,4,False,,
18022021,8,,Frieden,וּשְׁלם,4,False,,
18022021,9,,dadurch,בָּ֝הֶ֗ם,5,False,,
18022021,10,,wird,תְּֽבוֹאַתְךָ֥,6,False,,
18022021,11,,Wohlfahrt,טוֹבָֽה׃,7,False,,
18022021,12,,über,תְּֽבוֹאַתְךָ֥,6,True,,
18022021,13,,dich,תְּֽבוֹאַתְךָ֥,6,False,,
18022021,14,,kommen,תְּֽבוֹאַתְךָ֥,6,True,,
18022022,1,,Empfange,קַח־,1,False,,
18022022,2,,doch,נָ֣א,2,False,,
18022022,3,,Belehrung,תּוֹרָ֑ה,4,False,,
18022022,4,,aus,מִפִּ֣יו,3,False,,
18022022,5,,seinem,מִפִּ֣יו,3,False,,
18022022,6,,Munde,מִפִּ֣יו,3,False,,
18022022,7,,und,וְשִׂ֥ים,5,False,,
18022022,8,,nimm,וְשִׂ֥ים,5,False,,
18022022,9,,dir,בִּלְבָבֶֽךָ׃,7,False,,
18022022,10,,seine,אֲ֝מָרָ֗יו,6,False,,
18022022,11,,Worte,אֲ֝מָרָ֗יו,6,False,,
18022022,12,,zu,בִּלְבָבֶֽךָ׃,7,True,,
18022022,13,,Herzen,בִּלְבָבֶֽךָ׃,7,False,,
18022023,1,,Wenn,אִם־,1,False,,
18022023,2,,du,תָּשׁ֣וּב,2,False,,
18022023,3,,zu,עַד־,3,False,,
18022023,4,,dem,שַׁ֭דַּי,4,True,,
18022023,5,,Allmächtigen,שַׁ֭דַּי,4,False,,
18022023,6,,umkehrst,תָּשׁ֣וּב,2,False,,
18022023,7,,so,תִּבָּנֶ֑ה,5,False,,
18022023,8,,wirst,תִּבָּנֶ֑ה,5,False,,
18022023,9,,du,תִּבָּנֶ֑ה,5,False,,
18022023,10,,wieder,תָּשׁ֣וּב,2,False,,
18022023,11,,aufgebaut,תִּבָּנֶ֑ה,5,False,,
18022023,12,,werden,תִּבָּנֶ֑ה,5,False,,
18022023,13,,wenn,אִם־,1,False,,
18022023,14,,du,תַּרְחִ֥יק,6,False,,
18022023,15,,Unrecht,עַ֝וְלָ֗ה,7,False,,
18022023,16,,entfernst,תַּרְחִ֥יק,6,False,,
18022023,17,,aus,מֵאָהֳלֶֽךָ׃,8,False,,
18022023,18,,deinen,מֵאָהֳלֶֽךָ׃,8,False,,
18022023,19,,Zelten,מֵאָהֳלֶֽךָ׃,8,False,,
18022024,1,,Und,וְשִׁית־,1,False,,
18022024,2,,lege,וְשִׁית־,1,False,,
18022024,3,,das,עָפָ֥ר,3,False,,
18022024,4,,Golderz,בָּ֑צֶר,4,False,,
18022024,5,,in,עַל־,2,False,,
18022024,6,,den,עָפָ֥ר,3,True,,
18022024,7,,Staub,עָפָ֥ר,3,False,,
18022024,8,,und,וּבְצ֖וּר,5,False,,
18022024,9,,das,וּבְצ֖וּר,5,False,,
18022024,10,,Gold,וּבְצ֖וּר,5,False,,
18022024,11,,von,אוֹפִֽיר׃,7,False,,
18022024,12,,Ophir,אוֹפִֽיר׃,7,False,,
18022024,13,,unter,וּבְצ֖וּר,5,False,,
18022024,14,,den,נְחָלִ֣ים,6,False,,
18022024,15,,Kies,נְחָלִ֣ים,6,False,,
18022024,16,,der,נְחָלִ֣ים,6,False,,
18022024,17,,Bäche,נְחָלִ֣ים,6,False,,
18022025,1,,so,וְהָיָ֣ה,1,False,,
18022025,2,,wird,וְהָיָ֣ה,1,False,,
18022025,3,,der,שַׁדַּ֣י,2,False,,
18022025,4,,Allmächtige,שַׁדַּ֣י,2,False,,
18022025,5,,dein,בְּצָרֶ֑יךָ,3,False,,
18022025,6,,Golderz,בְּצָרֶ֑יךָ,3,False,,
18022025,7,,und,וְכֶ֖סֶף,4,False,,
18022025,8,,dein,תּוֹעָפ֣וֹת,5,False,,
18022025,9,,glänzendes,תּוֹעָפ֣וֹת,5,False,,
18022025,10,,Silber,וְכֶ֖סֶף,4,False,,
18022025,11,,sein,לָֽךְ׃,6,False,,
18022026,1,,Denn,כִּי־,1,False,,
18022026,2,,dann,אָ֭ז,2,False,,
18022026,3,,wirst,תִּתְעַנָּ֑ג,5,False,,
18022026,4,,du,תִּתְעַנָּ֑ג,5,False,,
18022026,5,,an,עַל־,3,False,,
18022026,6,,dem,שַׁדַּ֣י,4,True,,
18022026,7,,Allmächtigen,שַׁדַּ֣י,4,False,,
18022026,8,,dich,תִּתְעַנָּ֑ג,5,False,,
18022026,9,,ergötzen,תִּתְעַנָּ֑ג,5,False,,
18022026,10,,und,וְתִשָּׂ֖א,6,False,,
18022026,11,,zu,אֶל־,7,False,,
18022026,12,,Gott,אֱל֣וֹהַּ,8,False,,
18022026,13,,dein,פָּנֶֽיךָ׃,9,False,,
18022026,14,,Angesicht,פָּנֶֽיךָ׃,9,False,,
18022026,15,,erheben,וְתִשָּׂ֖א,6,False,,
18022027,1,,Du,תַּעְתִּ֣יר,1,False,,
18022027,2,,wirst,תַּעְתִּ֣יר,1,False,,
18022027,3,,zu,אֵ֭לָיו,2,False,,
18022027,4,,ihm,אֵ֭לָיו,2,False,,
18022027,5,,beten,תַּעְתִּ֣יר,1,False,,
18022027,6,,und,וְיִשְׁמָעֶ֑ךָּ,3,False,,
18022027,7,,er,וְיִשְׁמָעֶ֑ךָּ,3,False,,
18022027,8,,wird,וְיִשְׁמָעֶ֑ךָּ,3,False,,
18022027,9,,dich,וְיִשְׁמָעֶ֑ךָּ,3,False,,
18022027,10,,erhören,וְיִשְׁמָעֶ֑ךָּ,3,False,,
18022027,11,,und,וּנְדָרֶ֥יךָ,4,False,,
18022027,12,,deine,וּנְדָרֶ֥יךָ,4,False,,
18022027,13,,Gelübde,וּנְדָרֶ֥יךָ,4,False,,
18022027,14,,wirst,תְשַׁלֵּֽם׃,5,False,,
18022027,15,,du,תְשַׁלֵּֽם׃,5,False,,
18022027,16,,bezahlen,תְשַׁלֵּֽם׃,5,False,,
18022028,1,,Beschließest,וְֽתִגְזַר־,1,False,,
18022028,2,,du,וְֽתִגְזַר־,1,False,,
18022028,3,,eine,א֭וֹמֶר,2,True,,
18022028,4,,Sache,א֭וֹמֶר,2,False,,
18022028,5,,so,וְיָ֣קָם,3,False,,
18022028,6,,wird,וְיָ֣קָם,3,False,,
18022028,7,,sie,וְיָ֣קָם,3,False,,
18022028,8,,zustande,וְיָ֣קָם,3,False,,
18022028,9,,kommen,וְיָ֣קָם,3,False,,
18022028,10,,und,וְעַל־,5,False,,
18022028,11,,Licht,אֽוֹר׃,8,False,,
18022028,12,,wird,נָ֣גַֽהּ,7,False,,
18022028,13,,strahlen,נָ֣גַֽהּ,7,False,,
18022028,14,,über,וְעַל־,5,False,,
18022028,15,,deinen,דְּ֝רָכֶ֗יךָ,6,False,,
18022028,16,,Wegen,דְּ֝רָכֶ֗יךָ,6,False,,
18022029,1,,Wenn,כִּֽי־,1,False,,
18022029,2,,sie,הִ֭שְׁפִּילוּ,2,False,,
18022029,3,,abwärts,הִ֭שְׁפִּילוּ,2,False,,
18022029,4,,gehen,הִ֭שְׁפִּילוּ,2,False,,
18022029,5,,so,וַתֹּ֣אמֶר,3,False,,
18022029,6,,wirst,וַתֹּ֣אמֶר,3,False,,
18022029,7,,du,וַתֹּ֣אמֶר,3,False,,
18022029,8,,sagen,וַתֹּ֣אמֶר,3,False,,
18022029,9,,Empor,גֵּוָ֑ה,4,False,,
18022029,10,,und,וְשַׁ֖ח,5,False,,
18022029,11,,den,וְשַׁ֖ח,5,True,,
18022029,12,,der,וְשַׁ֖ח,5,True,,
18022029,13,,mit,וְשַׁ֖ח,5,False,,
18022029,14,,gesenkten,וְשַׁ֖ח,5,False,,
18022029,15,,Augen,עֵינַ֣יִם,6,False,,
18022029,16,,einhergeht,יוֹשִֽׁעַ׃,7,False,,
18022029,17,,wird,יוֹשִֽׁעַ׃,7,False,,
18022029,18,,er,יוֹשִֽׁעַ׃,7,False,,
18022029,19,,retten,יוֹשִֽׁעַ׃,7,False,,
18022030,1,,Selbst,יְֽמַלֵּ֥ט,1,False,,
18022030,2,,den,אִֽי־,2,False,,
18022030,3,,Nicht-Schuldlosen,אִֽי־,2,False,,
18022030,4,,wird,יְֽמַלֵּ֥ט,1,False,,
18022030,5,,er,יְֽמַלֵּ֥ט,1,False,,
18022030,6,,befreien,יְֽמַלֵּ֥ט,1,False,,
18022030,7,,er,וְ֝נִמְלַ֗ט,4,False,,
18022030,8,,wird,וְ֝נִמְלַ֗ט,4,False,,
18022030,9,,befreit,וְ֝נִמְלַ֗ט,4,False,,
18022030,10,,werden,וְ֝נִמְלַ֗ט,4,False,,
18022030,11,,durch,בְּבֹ֣ר,5,False,,
18022030,12,,die,בְּבֹ֣ר,5,True,,
18022030,13,,Reinheit,בְּבֹ֣ר,5,False,,
18022030,14,,deiner,כַּפֶּֽיךָ׃ פ,6,False,,
18022030,15,,Hände,כַּפֶּֽיךָ׃ פ,6,False,,
18023001,1,,Und,וַיַּ֥עַן,1,False,,
18023001,2,,Hiob,אִיּ֗וֹב,2,False,,
18023001,3,,antwortete,וַיַּ֥עַן,1,False,,
18023001,4,,und,וַיֹּאמַֽר׃,3,False,,
18023001,5,,sprach,וַיֹּאמַֽר׃,3,False,,
18023002,1,,Auch,גַּם־,1,False,,
18023002,2,,heute,הַ֭יּוֹם,2,False,,
18023002,3,,ist,מְרִ֣י,3,False,,
18023002,4,,meine,שִׂחִ֑י,4,False,,
18023002,5,,Klage,שִׂחִ֑י,4,False,,
18023002,6,,trotzig,מְרִ֣י,3,False,,
18023002,7,,seine,יָ֝דִ֗י,5,False,,
18023002,8,,Hand,יָ֝דִ֗י,5,False,,
18023002,9,,lastet,כָּבְדָ֥ה,6,False,,
18023002,10,,schwer,כָּבְדָ֥ה,6,False,,
18023002,11,,auf,עַל־,7,False,,
18023002,12,,meinem,אַנְחָתִֽי׃,8,False,,
18023002,13,,Seufzen,אַנְחָתִֽי׃,8,False,,
18023003,1,,O,מִֽי־,1,False,,
18023003,2,,daß,יִתֵּ֣ן,2,False,,
18023003,3,,ich,יָ֭דַעְתִּי,3,False,,
18023003,4,,ihn,וְאֶמְצָאֵ֑הוּ,4,False,,
18023003,5,,zu,אָ֝ב֗וֹא,5,False,,
18023003,6,,finden,אָ֝ב֗וֹא,5,False,,
18023003,7,,wüßte,יָ֭דַעְתִּי,3,False,,
18023003,8,,daß,יִתֵּ֣ן,2,True,,
18023003,9,,ich,אָ֝ב֗וֹא,5,False,,
18023003,10,,kommen,אָ֝ב֗וֹא,5,False,,
18023003,11,,könnte,אָ֝ב֗וֹא,5,False,,
18023003,12,,bis,עַד־,6,False,,
18023003,13,,zu,עַד־,6,False,,
18023003,14,,seiner,תְּכוּנָתֽוֹ׃,7,False,,
18023003,15,,Wohnstätte,תְּכוּנָתֽוֹ׃,7,False,,
18023004,1,,Ich,אֶעֶרְכָ֣ה,1,False,,
18023004,2,,würde,אֶעֶרְכָ֣ה,1,False,,
18023004,3,,meine,מִשְׁפָּ֑ט,3,False,,
18023004,4,,Rechtssache,מִשְׁפָּ֑ט,3,False,,
18023004,5,,vor,לְפָנָ֣יו,2,False,,
18023004,6,,ihm,לְפָנָ֣יו,2,False,,
18023004,7,,darlegen,אֶעֶרְכָ֣ה,1,False,,
18023004,8,,und,וּ֝פִ֗י,4,False,,
18023004,9,,meinen,וּ֝פִ֗י,4,False,,
18023004,10,,Mund,וּ֝פִ֗י,4,False,,
18023004,11,,mit,אֲמַלֵּ֥א,5,False,,
18023004,12,,Beweisgründen,תוֹכָחֽוֹת׃,6,False,,
18023004,13,,füllen,תוֹכָחֽוֹת׃,6,False,,
18023005,1,,Ich,אֵ֭דְעָה,1,False,,
18023005,2,,würde,אֵ֭דְעָה,1,False,,
18023005,3,,die,מִלִּ֣ים,2,True,,
18023005,4,,Worte,מִלִּ֣ים,2,False,,
18023005,5,,wissen,אֵ֭דְעָה,1,False,,
18023005,6,,die,יַעֲנֵ֑נִי,3,False,,
18023005,7,,er,יַעֲנֵ֑נִי,3,False,,
18023005,8,,mir,יַעֲנֵ֑נִי,3,False,,
18023005,9,,antworten,יַעֲנֵ֑נִי,3,False,,
18023005,10,,und,וְ֝אָבִ֗ינָה,4,False,,
18023005,11,,vernehmen,וְ֝אָבִ֗ינָה,4,False,,
18023005,12,,was,מַה־,5,False,,
18023005,13,,er,יֹּ֥אמַר,6,False,,
18023005,14,,mir,לִֽי׃,7,False,,
18023005,15,,sagen,יֹּ֥אמַר,6,False,,
18023005,16,,würde,יֹּ֥אמַר,6,False,,
18023006,1,,Würde,הַבְּרָב־,1,False,,
18023006,1,,Würde,יָרִ֣יב,3,False,,
18023006,2,,er,ה֝֗וּא,7,False,,
18023006,3,,in,הַבְּרָב־,1,False,,
18023006,4,,der,הַבְּרָב־,1,False,,
18023006,5,,Größe,הַבְּרָב־,1,False,,
18023006,6,,seiner,כֹּ֭חַ,2,False,,
18023006,7,,Kraft,כֹּ֭חַ,2,False,,
18023006,8,,mit,עִמָּדִ֑י,4,False,,
18023006,9,,mir,עִמָּדִ֑י,4,False,,
18023006,10,,streiten,יָרִ֣יב,3,False,,
18023006,11,,Nein,לֹ֥א,5,False,,
18023006,12,,er,ה֝֗וּא,7,False,,
18023006,13,,würde,יָשִׂ֥ם,8,False,,
18023006,14,,nur,אַךְ־,6,False,,
18023006,15,,acht,יָשִׂ֥ם,8,False,,
18023006,16,,auf,יָשִׂ֥ם,8,False,,
18023006,16,,auf,בִּֽי׃,9,False,,
18023006,17,,mich,בִּֽי׃,9,False,,
18023006,18,,haben,יָשִׂ֥ם,8,True,,
18023007,1,,Alsdann,שָׁ֗ם,1,False,,
18023007,2,,würde,נוֹכָ֣ח,3,False,,
18023007,3,,ein,יָ֭שָׁר,2,False,,
18023007,4,,Rechtschaffener,יָ֭שָׁר,2,False,,
18023007,5,,mit,נוֹכָ֣ח,3,False,,
18023007,6,,ihm,עִמּ֑וֹ,4,False,,
18023007,7,,rechten,נוֹכָ֣ח,3,False,,
18023007,8,,und,וַאֲפַלְּטָ֥ה,5,False,,
18023007,9,,auf,לָ֝נֶ֗צַח,6,False,,
18023007,10,,ewig,לָ֝נֶ֗צַח,6,False,,
18023007,11,,würde,וַאֲפַלְּטָ֥ה,5,False,,
18023007,12,,ich,וַאֲפַלְּטָ֥ה,5,False,,
18023007,13,,meinem,מִשֹּׁפְטִֽי׃,7,False,,
18023007,14,,Richter,מִשֹּׁפְטִֽי׃,7,False,,
18023007,15,,entkommen,וַאֲפַלְּטָ֥ה,5,False,,
18023008,1,,Siehe,הֵ֤ן,1,False,,
18023008,2,,gehe,אֶהֱלֹ֣ךְ,3,False,,
18023008,3,,ich,אֶהֱלֹ֣ךְ,3,False,,
18023008,4,,vorwärts,קֶ֣דֶם,2,False,,
18023008,5,,so,וְאֵינֶ֑נּוּ,4,False,,
18023008,6,,ist,וְאֵינֶ֑נּוּ,4,False,,
18023008,7,,er,וְאֵינֶ֑נּוּ,4,False,,
18023008,8,,nicht,וְאֵינֶ֑נּוּ,4,False,,
18023008,9,,da,קֶ֣דֶם,2,False,,
18023008,9,,da,וְאֵינֶ֑נּוּ,4,False,,
18023008,10,,und,וְ֝אָח֗וֹר,5,False,,
18023008,11,,rückwärts,וְ֝אָח֗וֹר,5,False,,
18023008,12,,so,וְֽלֹא־,6,False,,
18023008,13,,bemerke,אָבִ֥ין,7,False,,
18023008,14,,ich,אָבִ֥ין,7,False,,
18023008,15,,ihn,לֽוֹ׃,8,False,,
18023008,16,,nicht,וְֽלֹא־,6,False,,
18023009,1,,zur,שְׂמֹ֣אול,1,False,,
18023009,2,,Linken,שְׂמֹ֣אול,1,False,,
18023009,3,,während,בַּעֲשֹׂת֣וֹ,2,False,,
18023009,4,,er,בַּעֲשֹׂת֣וֹ,2,False,,
18023009,5,,wirkt,בַּעֲשֹׂת֣וֹ,2,False,,
18023009,6,,so,וְלֹא־,3,False,,
18023009,7,,schaue,אָ֑חַז,4,False,,
18023009,8,,ich,אָ֑חַז,4,False,,
18023009,9,,ihn,אָ֑חַז,4,False,,
18023009,10,,nicht,וְלֹא־,3,False,,
18023009,11,,er,יַעְטֹ֥ף,5,False,,
18023009,12,,verhüllt,יַעְטֹ֥ף,5,False,,
18023009,13,,sich,יַעְטֹ֥ף,5,False,,
18023009,14,,zur,יָ֝מִ֗ין,6,False,,
18023009,15,,Rechten,יָ֝מִ֗ין,6,False,,
18023009,16,,und,וְלֹ֣א,7,False,,
18023009,17,,ich,אֶרְאֶֽה׃,8,False,,
18023009,18,,sehe,אֶרְאֶֽה׃,8,False,,
18023009,19,,ihn,אֶרְאֶֽה׃,8,False,,
18023009,20,,nicht,וְלֹ֣א,7,False,,
18023010,1,,Denn,כִּֽי־,1,False,,
18023010,2,,er,יָ֭דַע,2,False,,
18023010,3,,kennt,יָ֭דַע,2,False,,
18023010,4,,den,דֶּ֣רֶךְ,3,False,,
18023010,5,,Weg,דֶּ֣רֶךְ,3,False,,
18023010,6,,der,דֶּ֣רֶךְ,3,False,,
18023010,7,,bei,עִמָּדִ֑י,4,False,,
18023010,8,,mir,עִמָּדִ֑י,4,False,,
18023010,9,,ist,כִּֽי־,1,True,,
18023010,10,,prüfte,בְּ֝חָנַ֗נִי,5,False,,
18023010,11,,er,בְּ֝חָנַ֗נִי,5,False,,
18023010,12,,mich,בְּ֝חָנַ֗נִי,5,False,,
18023010,13,,wie,כַּזָּהָ֥ב,6,False,,
18023010,14,,Gold,כַּזָּהָ֥ב,6,False,,
18023010,15,,würde,אֵצֵֽא׃,7,False,,
18023010,16,,ich,אֵצֵֽא׃,7,False,,
18023010,17,,hervorgehen,אֵצֵֽא׃,7,False,,
18023011,1,,An,בַּ֭אֲשֻׁרוֹ,1,False,,
18023011,2,,seinem,בַּ֭אֲשֻׁרוֹ,1,False,,
18023011,3,,Schritte,בַּ֭אֲשֻׁרוֹ,1,False,,
18023011,4,,hat,אָחֲזָ֣ה,2,False,,
18023011,5,,mein,רַגְלִ֑י,3,False,,
18023011,6,,Fuß,רַגְלִ֑י,3,False,,
18023011,7,,festgehalten,אָחֲזָ֣ה,2,False,,
18023011,8,,und,וְלֹא־,6,False,,
18023011,9,,seinen,דַּרְכּ֖וֹ,4,False,,
18023011,10,,Weg,דַּרְכּ֖וֹ,4,False,,
18023011,11,,habe,שָׁמַ֣רְתִּי,5,False,,
18023011,12,,ich,שָׁמַ֣רְתִּי,5,False,,
18023011,13,,beobachtet,שָׁמַ֣רְתִּי,5,False,,
18023011,14,,und,וְלֹא־,6,False,,
18023011,15,,bin,וְלֹא־,6,False,,
18023011,16,,nicht,וְלֹא־,6,False,,
18023011,17,,abgebogen,אָֽט׃,7,False,,
18023012,1,,von,מִצְוַ֣ת,1,False,,
18023012,2,,dem,מִצְוַ֣ת,1,True,,
18023012,3,,Gebote,מִצְוַ֣ת,1,False,,
18023012,4,,seiner,שְׂ֭פָתָיו,2,False,,
18023012,5,,Lippen,שְׂ֭פָתָיו,2,False,,
18023012,6,,bin,אָמִ֑ישׁ,4,False,,
18023012,7,,ich,אָמִ֑ישׁ,4,False,,
18023012,8,,nicht,וְלֹ֣א,3,False,,
18023012,9,,abgewichen,אָמִ֑ישׁ,4,False,,
18023012,10,,ich,צָפַ֥נְתִּי,6,False,,
18023012,11,,habe,צָפַ֥נְתִּי,6,False,,
18023012,12,,die,אִמְרֵי־,7,True,,
18023012,13,,Worte,אִמְרֵי־,7,False,,
18023012,14,,seines,פִֽיו׃,8,False,,
18023012,15,,Mundes,פִֽיו׃,8,False,,
18023012,16,,verwahrt,צָפַ֥נְתִּי,6,False,,
18023012,17,,mehr,מֵ֝חֻקִּ֗י,5,False,,
18023012,18,,als,מֵ֝חֻקִּ֗י,5,False,,
18023012,19,,meinen,מֵ֝חֻקִּ֗י,5,False,,
18023012,20,,eigenen,מֵ֝חֻקִּ֗י,5,True,,
18023012,21,,Vorsatz,מֵ֝חֻקִּ֗י,5,False,,
18023013,1,,Doch,וְה֣וּא,1,False,,
18023013,2,,er,וְה֣וּא,1,False,,
18023013,3,,bleibt,בְ֭אֶחָד,2,False,,
18023013,4,,sich,בְ֭אֶחָד,2,False,,
18023013,5,,gleich,בְ֭אֶחָד,2,False,,
18023013,6,,und,וּמִ֣י,3,False,,
18023013,7,,wer,וּמִ֣י,3,False,,
18023013,8,,kann,יְשִׁיבֶ֑נּוּ,4,False,,
18023013,9,,seinen,יְשִׁיבֶ֑נּוּ,4,False,,
18023013,10,,Sinn,יְשִׁיבֶ֑נּוּ,4,False,,
18023013,11,,ändern,יְשִׁיבֶ֑נּוּ,4,False,,
18023013,12,,Was,וְנַפְשׁ֖וֹ,5,False,,
18023013,13,,seine,וְנַפְשׁ֖וֹ,5,False,,
18023013,14,,Seele,וְנַפְשׁ֖וֹ,5,False,,
18023013,15,,begehrt,אִוְּתָ֣ה,6,False,,
18023013,16,,das,וַיָּֽעַשׂ׃,7,False,,
18023013,17,,tut,וַיָּֽעַשׂ׃,7,False,,
18023013,18,,er,וַיָּֽעַשׂ׃,7,False,,
18023014,1,,Denn,כִּ֭י,1,False,,
18023014,2,,er,יַשְׁלִ֣ים,2,False,,
18023014,3,,wird,יַשְׁלִ֣ים,2,False,,
18023014,4,,vollenden,יַשְׁלִ֣ים,2,False,,
18023014,5,,was,חֻקִּ֑י,3,False,,
18023014,6,,über,חֻקִּ֑י,3,False,,
18023014,7,,mich,חֻקִּ֑י,3,False,,
18023014,8,,bestimmt,חֻקִּ֑י,3,False,,
18023014,9,,ist,חֻקִּ֑י,3,True,,
18023014,10,,und,וְכָהֵ֖נָּה,4,False,,
18023014,11,,dergleichen,וְכָהֵ֖נָּה,4,False,,
18023014,12,,ist,וְכָהֵ֖נָּה,4,False,,
18023014,13,,vieles,רַבּ֣וֹת,5,False,,
18023014,14,,bei,עִמּֽוֹ׃,6,False,,
18023014,15,,ihm,עִמּֽוֹ׃,6,False,,
18023015,1,,Darum,עַל־,1,False,,
18023015,2,,bin,אֶבָּהֵ֑ל,4,False,,
18023015,3,,ich,אֶבָּהֵ֑ל,4,False,,
18023015,4,,bestürzt,אֶבָּהֵ֑ל,4,False,,
18023015,5,,vor,מִפָּנָ֣יו,3,False,,
18023015,6,,seinem,מִפָּנָ֣יו,3,False,,
18023015,7,,Angesicht,מִפָּנָ֣יו,3,False,,
18023015,8,,erwäge,אֶ֝תְבּוֹנֵ֗ן,5,False,,
18023015,9,,ichs,אֶ֝תְבּוֹנֵ֗ן,5,False,,
18023015,10,,so,וְאֶפְחַ֥ד,6,False,,
18023015,11,,erschrecke,וְאֶפְחַ֥ד,6,False,,
18023015,12,,ich,וְאֶפְחַ֥ד,6,False,,
18023015,13,,vor,מִמֶּֽנּוּ׃,7,False,,
18023015,14,,ihm,מִמֶּֽנּוּ׃,7,False,,
18023016,1,,Ja,וְ֭אֵל,1,False,,
18023016,2,,Gott,וְ֭אֵל,1,False,,
18023016,3,,hat,הֵרַ֣ךְ,2,False,,
18023016,4,,mein,לִבִּ֑י,3,False,,
18023016,5,,Herz,לִבִּ֑י,3,False,,
18023016,6,,verzagt,הֵרַ֣ךְ,2,False,,
18023016,7,,gemacht,הֵרַ֣ךְ,2,False,,
18023016,8,,und,וְ֝שַׁדַּ֗י,4,False,,
18023016,9,,der,וְ֝שַׁדַּ֗י,4,False,,
18023016,10,,Allmächtige,וְ֝שַׁדַּ֗י,4,False,,
18023016,11,,mich,הִבְהִילָֽנִי׃,5,False,,
18023016,12,,in,הִבְהִילָֽנִי׃,5,False,,
18023016,13,,Bestürzung,הִבְהִילָֽנִי׃,5,False,,
18023016,14,,versetzt,הִבְהִילָֽנִי׃,5,False,,
18023017,1,,Denn,כִּֽי־,1,False,,
18023017,2,,nicht,לֹ֣א,2,False,,
18023017,3,,wegen,מִפְּנֵי־,4,False,,
18023017,4,,der,חֹ֑שֶׁךְ,5,True,,
18023017,5,,Finsternis,חֹ֑שֶׁךְ,5,False,,
18023017,6,,bin,נִ֭צְמַתִּי,3,False,,
18023017,7,,ich,נִ֭צְמַתִּי,3,False,,
18023017,8,,vernichtet,נִ֭צְמַתִּי,3,False,,
18023017,9,,noch,וּ֝מִפָּנַ֗י,6,False,,
18023017,10,,weil,וּ֝מִפָּנַ֗י,6,False,,
18023017,11,,Dunkelheit,אֹֽפֶל׃,8,False,,
18023017,12,,mein,וּ֝מִפָּנַ֗י,6,False,,
18023017,13,,Angesicht,וּ֝מִפָּנַ֗י,6,False,,
18023017,14,,bedeckt,כִּסָּה־,7,False,,
18023017,15,,hat,כִּסָּה־,7,False,,
18024001,1,,Warum,מַדּ֗וּעַ,1,False,,
18024001,2,,sind,נִצְפְּנ֣וּ,4,False,,
18024001,3,,nicht,לֹא־,3,False,,
18024001,4,,Zeiten,עִתִּ֑ים,5,False,,
18024001,5,,aufgespart,נִצְפְּנ֣וּ,4,False,,
18024001,6,,von,מִ֭שַּׁדַּי,2,False,,
18024001,7,,dem,מִ֭שַּׁדַּי,2,True,,
18024001,8,,Allmächtigen,מִ֭שַּׁדַּי,2,False,,
18024001,9,,und,וְ֝יֹדְעָ֗יו,6,False,,
18024001,10,,warum,מַדּ֗וּעַ,1,False,,
18024001,11,,sehen,חָ֥זוּ,8,False,,
18024001,12,,die,וְ֝יֹדְעָ֗יו,6,True,,
18024001,13,,welche,וְ֝יֹדְעָ֗יו,6,False,,
18024001,14,,ihn,וְ֝יֹדְעָ֗יו,6,False,,
18024001,15,,kennen,וְ֝יֹדְעָ֗יו,6,False,,
18024001,16,,seine,יָמָֽיו׃,9,False,,
18024001,17,,Tage,יָמָֽיו׃,9,False,,
18024001,18,,nicht,לֹא־,7,False,,
18024002,1,,Sie,יַשִּׂ֑יגוּ,2,False,,
18024002,2,,verrücken,יַשִּׂ֑יגוּ,2,False,,
18024002,3,,die,גְּבֻל֥וֹת,1,True,,
18024002,4,,Grenzen,גְּבֻל֥וֹת,1,False,,
18024002,5,,sie,גָּ֝זְל֗וּ,4,False,,
18024002,6,,rauben,גָּ֝זְל֗וּ,4,False,,
18024002,7,,die,עֵ֥דֶר,3,True,,
18024002,8,,Herde,עֵ֥דֶר,3,False,,
18024002,9,,und,וַיִּרְעֽוּ׃,5,False,,
18024002,10,,weiden,וַיִּרְעֽוּ׃,5,False,,
18024002,11,,sie,וַיִּרְעֽוּ׃,5,False,,
18024003,1,,Sie,יִנְהָ֑גוּ,3,False,,
18024003,2,,treiben,יִנְהָ֑גוּ,3,False,,
18024003,3,,den,חֲמ֣וֹר,1,True,,
18024003,4,,Esel,חֲמ֣וֹר,1,False,,
18024003,5,,der,יְתוֹמִ֣ים,2,False,,
18024003,6,,Waisen,יְתוֹמִ֣ים,2,False,,
18024003,7,,weg,יִנְהָ֑גוּ,3,False,,
18024003,8,,nehmen,יַ֝חְבְּל֗וּ,4,False,,
18024003,9,,das,שׁ֣וֹר,5,True,,
18024003,10,,Rind,שׁ֣וֹר,5,False,,
18024003,11,,der,אַלְמָנָֽה׃,6,False,,
18024003,12,,Witwe,אַלְמָנָֽה׃,6,False,,
18024003,13,,zum,יַ֝חְבְּל֗וּ,4,False,,
18024003,14,,Pfande,יַ֝חְבְּל֗וּ,4,False,,
18024004,1,,sie,יַטּ֣וּ,1,False,,
18024004,2,,stoßen,יַטּ֣וּ,1,False,,
18024004,3,,aus,מִדָּ֑רֶךְ,3,False,,
18024004,4,,dem,מִדָּ֑רֶךְ,3,True,,
18024004,5,,Wege,מִדָּ֑רֶךְ,3,False,,
18024004,6,,die,אֶבְיוֹנִ֣ים,2,True,,
18024004,7,,Dürftigen,אֶבְיוֹנִ֣ים,2,False,,
18024004,8,,Die,יַ֥חַד,4,False,,
18024004,9,,Elenden,עֲנִיֵּי־,6,False,,
18024004,10,,des,עֲנִיֵּי־,6,True,,
18024004,11,,Landes,אָֽרֶץ׃,7,False,,
18024004,12,,verkriechen,חֻ֝בְּא֗וּ,5,False,,
18024004,13,,sich,חֻ֝בְּא֗וּ,5,False,,
18024004,14,,allesamt,יַ֥חַד,4,False,,
18024005,1,,Siehe,הֵ֤ן,1,False,,
18024005,2,,wie,פְּרָאִ֨ים׀,2,False,,
18024005,3,,Wildesel,פְּרָאִ֨ים׀,2,False,,
18024005,4,,in,בַּֽמִּדְבָּ֗ר,3,False,,
18024005,5,,der,בַּֽמִּדְבָּ֗ר,3,True,,
18024005,6,,Wüste,בַּֽמִּדְבָּ֗ר,3,False,,
18024005,7,,gehen,יָצְא֣וּ,4,False,,
18024005,8,,sie,יָצְא֣וּ,4,False,,
18024005,9,,aus,יָצְא֣וּ,4,False,,
18024005,10,,an,בְּ֭פָעֳלָם,5,False,,
18024005,11,,ihr,בְּ֭פָעֳלָם,5,False,,
18024005,12,,Werk,בְּ֭פָעֳלָם,5,False,,
18024005,13,,eifrig,מְשַׁחֲרֵ֣י,6,False,,
18024005,14,,nach,מְשַׁחֲרֵ֣י,6,False,,
18024005,15,,Beute,לַטָּ֑רֶף,7,False,,
18024005,16,,suchend,מְשַׁחֲרֵ֣י,6,False,,
18024005,17,,die,עֲרָבָ֥ה,8,True,,
18024005,18,,Steppe,עֲרָבָ֥ה,8,False,,
18024005,19,,liefert,ל֥וֹ,9,False,,
18024005,20,,ihnen,ל֥וֹ,9,False,,
18024005,21,,Brot,לֶ֝֗חֶם,10,False,,
18024005,22,,für,לַנְּעָרִֽים׃,11,False,,
18024005,23,,die,לַנְּעָרִֽים׃,11,True,,
18024005,24,,Kinder,לַנְּעָרִֽים׃,11,False,,
18024006,1,,Auf,בַּ֭שָּׂדֶה,1,False,,
18024006,2,,dem,בַּ֭שָּׂדֶה,1,True,,
18024006,3,,Felde,בַּ֭שָּׂדֶה,1,False,,
18024006,4,,schneiden,יִקְצ֑וֹרוּ,3,False,,
18024006,5,,sie,יִקְצ֑וֹרוּ,3,False,,
18024006,6,,sein,בְּלִיל֣וֹ,2,False,,
18024006,7,,Futterkorn,בְּלִיל֣וֹ,2,False,,
18024006,8,,ab,יִקְצ֑וֹרוּ,3,False,,
18024006,9,,und,וְכֶ֖רֶם,4,False,,
18024006,10,,lesen,יְלַקֵּֽשׁוּ׃,6,False,,
18024006,11,,den,וְכֶ֖רֶם,4,True,,
18024006,12,,Weinberg,וְכֶ֖רֶם,4,False,,
18024006,13,,des,רָשָׁ֣ע,5,False,,
18024006,14,,Gesetzlosen,רָשָׁ֣ע,5,False,,
18024006,15,,nach,יְלַקֵּֽשׁוּ׃,6,False,,
18024007,1,,Nackt,עָר֣וֹם,1,False,,
18024007,2,,übernachten,יָ֭לִינוּ,2,False,,
18024007,3,,sie,יָ֭לִינוּ,2,False,,
18024007,4,,ohne,מִבְּלִ֣י,3,False,,
18024007,5,,Gewand,לְב֑וּשׁ,4,False,,
18024007,6,,und,וְאֵ֥ין,5,False,,
18024007,7,,haben,וְאֵ֥ין,5,False,,
18024007,8,,keine,וְאֵ֥ין,5,False,,
18024007,9,,Bedeckung,כְּ֝ס֗וּת,6,False,,
18024007,10,,in,בַּקָּרָֽה׃,7,False,,
18024007,11,,der,בַּקָּרָֽה׃,7,True,,
18024007,12,,Kälte,בַּקָּרָֽה׃,7,False,,
18024008,1,,Vom,מִזֶּ֣רֶם,1,False,,
18024008,2,,Regenguß,מִזֶּ֣רֶם,1,False,,
18024008,3,,des,הָרִ֣ים,2,False,,
18024008,4,,Gebirges,הָרִ֣ים,2,False,,
18024008,5,,werden,יִרְטָ֑בוּ,3,False,,
18024008,6,,sie,יִרְטָ֑בוּ,3,False,,
18024008,7,,durchnäßt,יִרְטָ֑בוּ,3,False,,
18024008,8,,und,וּֽמִבְּלִ֥י,4,False,,
18024008,9,,obdachlos,וּֽמִבְּלִ֥י,4,False,,
18024008,10,,umklammern,חִבְּקוּ־,6,False,,
18024008,11,,sie,חִבְּקוּ־,6,False,,
18024008,12,,den,צֽוּר׃,7,True,,
18024008,13,,Felsen,צֽוּר׃,7,False,,
18024009,1,,Sie,יִ֭גְזְלוּ,1,False,,
18024009,2,,reißen,יִ֭גְזְלוּ,1,False,,
18024009,3,,die,מִשֹּׁ֣ד,2,True,,
18024009,4,,Waise,יָת֑וֹם,3,False,,
18024009,5,,von,מִשֹּׁ֣ד,2,False,,
18024009,6,,der,וְֽעַל־,4,True,,
18024009,7,,Brust,וְֽעַל־,4,False,,
18024009,8,,und,וְֽעַל־,4,True,,
18024009,9,,was,עָנִ֥י,5,False,,
18024009,10,,der,עָנִ֥י,5,True,,
18024009,11,,Elende,עָנִ֥י,5,False,,
18024009,12,,anhat,יַחְבֹּֽלוּ׃,6,False,,
18024009,13,,nehmen,יַחְבֹּֽלוּ׃,6,False,,
18024009,14,,sie,יַחְבֹּֽלוּ׃,6,False,,
18024009,15,,zum,יַחְבֹּֽלוּ׃,6,True,,
18024009,16,,Pfande,יַחְבֹּֽלוּ׃,6,False,,
18024010,1,,Nackt,עָר֣וֹם,1,False,,
18024010,2,,gehen,הִ֭לְּכוּ,2,False,,
18024010,3,,sie,הִ֭לְּכוּ,2,False,,
18024010,4,,einher,הִ֭לְּכוּ,2,False,,
18024010,5,,ohne,בְּלִ֣י,3,False,,
18024010,6,,Gewand,לְב֑וּשׁ,4,False,,
18024010,7,,und,וּ֝רְעֵבִ֗ים,5,False,,
18024010,8,,hungernd,וּ֝רְעֵבִ֗ים,5,False,,
18024010,9,,tragen,נָ֣שְׂאוּ,6,False,,
18024010,10,,sie,נָ֣שְׂאוּ,6,False,,
18024010,11,,die,עֹֽמֶר׃,7,True,,
18024010,12,,Garbe,עֹֽמֶר׃,7,False,,
18024011,1,,zwischen,בֵּין־,1,False,,
18024011,2,,ihren,שׁוּרֹתָ֥ם,2,False,,
18024011,3,,Mauern,שׁוּרֹתָ֥ם,2,False,,
18024011,4,,pressen,יַצְהִ֑ירוּ,3,False,,
18024011,5,,sie,יַצְהִ֑ירוּ,3,False,,
18024011,6,,Öl,יְקָבִ֥ים,4,False,,
18024011,7,,treten,דָּ֝רְכ֗וּ,5,False,,
18024011,8,,die,דָּ֝רְכ֗וּ,5,True,,
18024011,9,,Kelter,יְקָבִ֥ים,4,False,,
18024011,10,,und,וַיִּצְמָֽאוּ׃,6,False,,
18024011,11,,dursten,וַיִּצְמָֽאוּ׃,6,False,,
18024012,1,,Von,מֵ֘עִ֤יר,1,False,,
18024012,2,,der,מֵ֘עִ֤יר,1,True,,
18024012,3,,Stadt,מֵ֘עִ֤יר,1,False,,
18024012,4,,her,מֵ֘עִ֤יר,1,True,,
18024012,5,,ächzen,יִנְאָ֗קוּ,3,False,,
18024012,6,,Sterbende,מְתִ֨ים׀,2,False,,
18024012,7,,und,וְנֶֽפֶשׁ־,4,False,,
18024012,8,,die,וְנֶֽפֶשׁ־,4,True,,
18024012,9,,Seele,וְנֶֽפֶשׁ־,4,False,,
18024012,10,,der,חֲלָלִ֥ים,5,True,,
18024012,11,,Erschlagenen,חֲלָלִ֥ים,5,False,,
18024012,12,,schreit,תְּשַׁוֵּ֑עַ,6,False,,
18024012,13,,Und,וֶ֝אֱל֗וֹהַּ,7,False,,
18024012,14,,Gott,וֶ֝אֱל֗וֹהַּ,7,False,,
18024012,15,,rechnet,יָשִׂ֥ים,9,False,,
18024012,16,,es,יָשִׂ֥ים,9,False,,
18024012,17,,nicht,לֹא־,8,False,,
18024012,18,,als,תִּפְלָֽה׃,10,True,,
18024012,19,,Ungebühr,תִּפְלָֽה׃,10,False,,
18024012,20,,an,יָשִׂ֥ים,9,True,,
18024013,1,,Jene,הֵ֤מָּה׀,1,False,,
18024013,2,,gehören,הָיוּ֮,2,False,,
18024013,3,,zu,בְּֽמֹרְדֵ֫י־,3,False,,
18024013,4,,den,בְּֽמֹרְדֵ֫י־,3,True,,
18024013,5,,Feinden,בְּֽמֹרְדֵ֫י־,3,False,,
18024013,6,,des,א֥וֹר,4,True,,
18024013,7,,Lichtes,א֥וֹר,4,False,,
18024013,8,,sie,הִכִּ֥ירוּ,6,False,,
18024013,9,,kennen,הִכִּ֥ירוּ,6,False,,
18024013,10,,seine,דְרָכָ֑יו,7,False,,
18024013,11,,Wege,דְרָכָ֑יו,7,False,,
18024013,12,,nicht,לֹֽא־,5,False,,
18024013,13,,und,וְלֹ֥א,8,False,,
18024013,14,,weilen,יָ֝שְׁב֗וּ,9,False,,
18024013,15,,nicht,וְלֹ֥א,8,False,,
18024013,16,,auf,בִּנְתִיבֹתָֽיו׃,10,False,,
18024013,17,,seinen,בִּנְתִיבֹתָֽיו׃,10,False,,
18024013,18,,Pfaden,בִּנְתִיבֹתָֽיו׃,10,False,,
18024014,1,,Mit,לָא֡וֹר,1,False,,
18024014,2,,dem,לָא֡וֹר,1,True,,
18024014,3,,Lichte,לָא֡וֹר,1,False,,
18024014,4,,steht,יָ֘ק֤וּם,2,False,,
18024014,5,,der,רוֹצֵ֗חַ,3,True,,
18024014,6,,Mörder,רוֹצֵ֗חַ,3,False,,
18024014,7,,auf,יָ֘ק֤וּם,2,False,,
18024014,8,,tötet,יִֽקְטָל־,4,False,,
18024014,9,,den,עָנִ֥י,5,True,,
18024014,10,,Elenden,עָנִ֥י,5,False,,
18024014,11,,und,וְאֶבְי֑וֹן,6,False,,
18024014,12,,den,וְאֶבְי֑וֹן,6,True,,
18024014,13,,Dürftigen,וְאֶבְי֑וֹן,6,False,,
18024014,14,,und,וּ֝בַלַּ֗יְלָה,7,False,,
18024014,15,,des,וּ֝בַלַּ֗יְלָה,7,True,,
18024014,16,,Nachts,וּ֝בַלַּ֗יְלָה,7,False,,
18024014,17,,ist,יְהִ֣י,8,False,,
18024014,18,,er,יְהִ֣י,8,False,,
18024014,19,,dem,כַגַּנָּֽב׃,9,True,,
18024014,20,,Diebe,כַגַּנָּֽב׃,9,False,,
18024014,21,,gleich,כַגַּנָּֽב׃,9,False,,
18024015,1,,Und,וְעֵ֤ין,1,False,,
18024015,2,,das,וְעֵ֤ין,1,True,,
18024015,3,,Auge,וְעֵ֤ין,1,False,,
18024015,4,,des,נֹאֵ֨ף׀,2,True,,
18024015,5,,Ehebrechers,נֹאֵ֨ף׀,2,False,,
18024015,6,,lauert,שָׁ֤מְרָֽה,3,False,,
18024015,7,,auf,נֶ֣שֶׁף,4,False,,
18024015,8,,die,נֶ֣שֶׁף,4,True,,
18024015,9,,Dämmerung,נֶ֣שֶׁף,4,False,,
18024015,10,,indem,לֵ֭אמֹר,5,False,,
18024015,11,,er,לֵ֭אמֹר,5,False,,
18024015,12,,spricht,לֵ֭אמֹר,5,False,,
18024015,13,,Kein,לֹא־,6,False,,
18024015,14,,Auge,עָ֑יִן,8,False,,
18024015,15,,wird,תְשׁוּרֵ֣נִי,7,False,,
18024015,16,,mich,תְשׁוּרֵ֣נִי,7,False,,
18024015,17,,erblicken,תְשׁוּרֵ֣נִי,7,False,,
18024015,18,,und,וְסֵ֖תֶר,9,False,,
18024015,19,,er,יָשִֽׂים׃,11,False,,
18024015,20,,legt,יָשִֽׂים׃,11,False,,
18024015,21,,einen,וְסֵ֖תֶר,9,True,,
18024015,22,,Schleier,וְסֵ֖תֶר,9,False,,
18024015,23,,an,פָּנִ֣ים,10,False,,
18024016,1,,In,בַּחֹ֗שֶׁךְ,2,False,,
18024016,2,,der,בַּחֹ֗שֶׁךְ,2,True,,
18024016,3,,Finsternis,בַּחֹ֗שֶׁךְ,2,False,,
18024016,4,,erbricht,חָתַ֥ר,1,False,,
18024016,5,,man,חָתַ֥ר,1,False,,
18024016,6,,die,בָּ֫תִּ֥ים,3,True,,
18024016,7,,Häuser,בָּ֫תִּ֥ים,3,False,,
18024016,8,,Bei,יוֹמָ֥ם,4,False,,
18024016,9,,Tage,יוֹמָ֥ם,4,False,,
18024016,10,,schließen,חִתְּמוּ־,5,False,,
18024016,11,,sie,חִתְּמוּ־,5,False,,
18024016,12,,sich,לָ֗מוֹ,6,False,,
18024016,13,,ein,חִתְּמוּ־,5,False,,
18024016,14,,das,אֽוֹר׃,9,True,,
18024016,15,,Licht,אֽוֹר׃,9,False,,
18024016,16,,kennen,יָ֥דְעוּ,8,False,,
18024016,17,,sie,יָ֥דְעוּ,8,False,,
18024016,18,,nicht,לֹא־,7,False,,
18024017,1,,Denn,כִּ֤י,1,False,,
18024017,2,,als,יַחְדָּ֨ו׀,2,False,,
18024017,3,,Morgen,בֹּ֣קֶר,3,False,,
18024017,4,,gilt,לָ֣מוֹ,4,False,,
18024017,5,,ihnen,לָ֣מוֹ,4,False,,
18024017,6,,allesamt,יַחְדָּ֨ו׀,2,False,,
18024017,7,,der,צַלְמָ֑וֶת,5,True,,
18024017,8,,Todesschatten,צַלְמָ֑וֶת,5,False,,
18024017,9,,denn,כִּֽי־,6,False,,
18024017,10,,ein,יַ֝כִּ֗יר,7,True,,
18024017,11,,jeder,יַ֝כִּ֗יר,7,False,,
18024017,12,,von,יַ֝כִּ֗יר,7,True,,
18024017,13,,ihnen,יַ֝כִּ֗יר,7,False,,
18024017,14,,ist,יַ֝כִּ֗יר,7,False,,
18024017,15,,bekannt,יַ֝כִּ֗יר,7,False,,
18024017,16,,mit,בַּלְה֥וֹת,8,False,,
18024017,17,,den,בַּלְה֥וֹת,8,True,,
18024017,18,,Schrecken,בַּלְה֥וֹת,8,False,,
18024017,19,,des,צַלְמָֽוֶת׃,9,True,,
18024017,20,,Todesschattens,צַלְמָֽוֶת׃,9,False,,
18024018,1,,Er,ה֤וּא׀,2,False,,
18024018,2,,ist,ה֤וּא׀,2,False,,
18024018,3,,schnell,קַֽל־,1,False,,
18024018,4,,auf,עַל־,3,False,,
18024018,5,,der,פְּנֵי־,4,True,,
18024018,6,,Wasserfläche,פְּנֵי־,4,False,,
18024018,7,,verflucht,תְּקֻלַּ֣ל,6,False,,
18024018,8,,wird,תְּקֻלַּ֣ל,6,False,,
18024018,9,,ihr,חֶלְקָתָ֣ם,7,False,,
18024018,10,,Grundbesitz,חֶלְקָתָ֣ם,7,False,,
18024018,11,,auf,בָּאָ֑רֶץ,8,False,,
18024018,12,,Erden,בָּאָ֑רֶץ,8,False,,
18024018,13,,nicht,לֹֽא־,9,False,,
18024018,14,,mehr,יִ֝פְנֶה,10,False,,
18024018,15,,schlägt,יִ֝פְנֶה,10,False,,
18024018,16,,er,יִ֝פְנֶה,10,False,,
18024018,17,,den,דֶּ֣רֶךְ,11,True,,
18024018,18,,Weg,דֶּ֣רֶךְ,11,False,,
18024018,19,,zu,כְּרָמִֽים׃,12,False,,
18024018,20,,den,כְּרָמִֽים׃,12,True,,
18024018,21,,Weinbergen,כְּרָמִֽים׃,12,False,,
18024018,22,,ein,יִ֝פְנֶה,10,False,,
18024019,1,,Dürre,צִיָּ֤ה,1,False,,
18024019,2,,und,גַם־,2,False,,
18024019,3,,Hitze,חֹ֗ם,3,False,,
18024019,4,,raffen,יִגְזְל֥וּ,4,False,,
18024019,5,,Schneewasser,מֵֽימֵי־,5,False,,
18024019,5,,Schneewasser,שֶׁ֗לֶג,6,False,,
18024019,6,,hinweg,יִגְזְל֥וּ,4,False,,
18024019,7,,so,שְׁא֣וֹל,7,False,,
18024019,8,,der,מֵֽימֵי־,5,True,,
18024019,8,,der,שְׁא֣וֹל,7,True,,
18024019,9,,Scheol,מֵֽימֵי־,5,False,,
18024019,9,,Scheol,שְׁא֣וֹל,7,False,,
18024019,10,,die,שְׁא֣וֹל,7,True,,
18024019,10,,die,חָטָֽאוּ׃,8,True,,
18024019,11,,gesündigt,שְׁא֣וֹל,7,False,,
18024019,11,,gesündigt,חָטָֽאוּ׃,8,False,,
18024019,12,,haben,חָטָֽאוּ׃,8,False,,
18024020,1,,Der,רֶ֨חֶם׀,2,True,,
18024020,2,,Mutterleib,רֶ֨חֶם׀,2,False,,
18024020,3,,vergißt,יִשְׁכָּ֘חֵ֤הוּ,1,False,,
18024020,4,,seiner,יִשְׁכָּ֘חֵ֤הוּ,1,False,,
18024020,5,,das,מְתָ֘ק֤וֹ,3,False,,
18024020,6,,Gewürm,רִמָּ֗ה,4,False,,
18024020,7,,labt,מְתָ֘ק֤וֹ,3,False,,
18024020,8,,sich,מְתָ֘ק֤וֹ,3,False,,
18024020,9,,an,מְתָ֘ק֤וֹ,3,False,,
18024020,10,,ihm,מְתָ֘ק֤וֹ,3,False,,
18024020,11,,nicht,לֹֽא־,6,False,,
18024020,12,,mehr,ע֥וֹד,5,False,,
18024020,13,,wird,יִזָּכֵ֑ר,7,False,,
18024020,14,,seiner,יִזָּכֵ֑ר,7,False,,
18024020,15,,gedacht,יִזָּכֵ֑ר,7,False,,
18024020,16,,und,וַתִּשָּׁבֵ֖ר,8,False,,
18024020,17,,das,עַוְלָֽה׃,10,True,,
18024020,18,,Unrecht,עַוְלָֽה׃,10,False,,
18024020,19,,wird,וַתִּשָּׁבֵ֖ר,8,False,,
18024020,20,,zerbrochen,וַתִּשָּׁבֵ֖ר,8,False,,
18024020,21,,wie,כָּעֵ֣ץ,9,False,,
18024020,22,,ein,כָּעֵ֣ץ,9,True,,
18024020,23,,Baum,כָּעֵ֣ץ,9,False,,
18024021,1,,er,רֹעֶ֣ה,1,False,,
18024021,2,,der,רֹעֶ֣ה,1,True,,
18024021,3,,die,רֹעֶ֣ה,1,True,,
18024021,4,,Unfruchtbare,עֲ֭קָרָה,2,False,,
18024021,5,,beraubt,רֹעֶ֣ה,1,False,,
18024021,6,,die,לֹ֣א,3,True,,
18024021,7,,nicht,לֹ֣א,3,False,,
18024021,8,,gebiert,תֵלֵ֑ד,4,False,,
18024021,9,,und,וְ֝אַלְמָנָ֗ה,5,False,,
18024021,10,,der,וְ֝אַלְמָנָ֗ה,5,True,,
18024021,11,,Witwe,וְ֝אַלְמָנָ֗ה,5,False,,
18024021,12,,kein,לֹ֣א,6,False,,
18024021,13,,Gutes,יְיֵטִֽיב׃,7,False,,
18024021,14,,tut,יְיֵטִֽיב׃,7,False,,
18024022,1,,Und,וּמָשַׁ֣ךְ,1,False,,
18024022,2,,Mächtige,אַבִּירִ֣ים,2,False,,
18024022,3,,rafft,וּמָשַׁ֣ךְ,1,False,,
18024022,4,,er,וּמָשַׁ֣ךְ,1,False,,
18024022,5,,dahin,וּמָשַׁ֣ךְ,1,False,,
18024022,6,,durch,בְּכֹח֑וֹ,3,False,,
18024022,7,,seine,בְּכֹח֑וֹ,3,False,,
18024022,8,,Kraft,בְּכֹח֑וֹ,3,False,,
18024022,9,,steht,יָ֝ק֗וּם,4,False,,
18024022,10,,er,יָ֝ק֗וּם,4,False,,
18024022,11,,auf,יָ֝ק֗וּם,4,False,,
18024022,12,,so,וְֽלֹא־,5,False,,
18024022,13,,getraut,יַאֲמִ֥ין,6,False,,
18024022,14,,man,יַאֲמִ֥ין,6,False,,
18024022,15,,sich,יַאֲמִ֥ין,6,False,,
18024022,16,,nicht,וְֽלֹא־,5,False,,
18024022,17,,des,בַּֽחַיִּֽין׃,7,True,,
18024022,18,,Lebens,בַּֽחַיִּֽין׃,7,False,,
18024023,1,,Er,יִתֶּן־,1,False,,
18024023,2,,gibt,יִתֶּן־,1,False,,
18024023,3,,ihm,ל֣וֹ,2,False,,
18024023,4,,Sicherheit,לָ֭בֶטַח,3,False,,
18024023,5,,und,וְיִשָּׁעֵ֑ן,4,False,,
18024023,6,,er,וְיִשָּׁעֵ֑ן,4,False,,
18024023,7,,wird,וְיִשָּׁעֵ֑ן,4,False,,
18024023,8,,gestützt,וְיִשָּׁעֵ֑ן,4,False,,
18024023,9,,Aber,וְ֝עֵינֵ֗יהוּ,5,False,,
18024023,10,,seine,וְ֝עֵינֵ֗יהוּ,5,False,,
18024023,11,,Augen,וְ֝עֵינֵ֗יהוּ,5,False,,
18024023,12,,sind,וְ֝עֵינֵ֗יהוּ,5,False,,
18024023,13,,über,עַל־,6,False,,
18024023,14,,ihren,דַּרְכֵיהֶֽם׃,7,False,,
18024023,15,,Wegen,דַּרְכֵיהֶֽם׃,7,False,,
18024024,1,,Sie,ר֤וֹמּוּ,1,False,,
18024024,2,,sind,ר֤וֹמּוּ,1,False,,
18024024,3,,hochgestiegen,ר֤וֹמּוּ,1,False,,
18024024,4,,um,מְּעַ֨ט׀,2,False,,
18024024,5,,ein,מְּעַ֨ט׀,2,True,,
18024024,6,,Kleines,מְּעַ֨ט׀,2,False,,
18024024,7,,und,וְֽאֵינֶ֗נּוּ,3,False,,
18024024,8,,sie,וְֽאֵינֶ֗נּוּ,3,False,,
18024024,9,,sind,וְֽאֵינֶ֗נּוּ,3,False,,
18024024,10,,nicht,וְֽאֵינֶ֗נּוּ,3,False,,
18024024,11,,mehr,וְֽאֵינֶ֗נּוּ,3,True,,
18024024,12,,und,וְֽהֻמְּכ֗וּ,4,False,,
18024024,13,,sie,וְֽהֻמְּכ֗וּ,4,False,,
18024024,14,,sinken,וְֽהֻמְּכ֗וּ,4,False,,
18024024,15,,hin,וְֽהֻמְּכ֗וּ,4,True,,
18024024,16,,werden,יִקָּפְצ֑וּן,6,False,,
18024024,17,,zusammengerafft,יִקָּפְצ֑וּן,6,False,,
18024024,18,,wie,כַּכֹּ֥ל,5,False,,
18024024,19,,alle,כַּכֹּ֥ל,5,False,,
18024024,20,,anderen,כַּכֹּ֥ל,5,True,,
18024024,21,,und,וּכְרֹ֖אשׁ,7,False,,
18024024,22,,wie,וּכְרֹ֖אשׁ,7,False,,
18024024,23,,der,וּכְרֹ֖אשׁ,7,True,,
18024024,24,,Kopf,וּכְרֹ֖אשׁ,7,False,,
18024024,25,,der,שִׁבֹּ֣לֶת,8,True,,
18024024,26,,Ähre,שִׁבֹּ֣לֶת,8,False,,
18024024,27,,werden,יִמָּֽלוּ׃,9,False,,
18024024,28,,sie,יִמָּֽלוּ׃,9,False,,
18024024,29,,abgeschnitten,יִמָּֽלוּ׃,9,False,,
18024025,1,,Und,וְאִם־,1,False,,
18024025,2,,wenn,וְאִם־,1,False,,
18024025,3,,es,וְאִם־,1,False,,
18024025,4,,nun,אֵ֭פוֹ,3,False,,
18024025,5,,nicht,לֹ֣א,2,False,,
18024025,6,,so,לֹ֣א,2,True,,
18024025,7,,ist,לֹ֣א,2,False,,
18024025,8,,wer,מִ֣י,4,False,,
18024025,9,,wird,יַכְזִיבֵ֑נִי,5,False,,
18024025,10,,mich,יַכְזִיבֵ֑נִי,5,False,,
18024025,11,,Lügen,יַכְזִיבֵ֑נִי,5,False,,
18024025,12,,strafen,יַכְזִיבֵ֑נִי,5,False,,
18024025,13,,und,וְיָשֵׂ֥ם,6,False,,
18024025,14,,meine,מִלָּתִֽי׃ ס,8,False,,
18024025,15,,Rede,מִלָּתִֽי׃ ס,8,False,,
18024025,16,,zunichte,לְ֝אַ֗ל,7,False,,
18024025,17,,machen,לְ֝אַ֗ל,7,False,,
18025001,1,,Und,וַ֭יַּעַן,1,False,,
18025001,2,,Bildad,בִּלְדַּ֥ד,2,False,,
18025001,3,,der,הַשֻּׁחִ֗י,3,True,,
18025001,4,,Schuchiter,הַשֻּׁחִ֗י,3,False,,
18025001,5,,antwortete,וַ֭יַּעַן,1,False,,
18025001,6,,und,וַיֹּאמַֽר׃,4,False,,
18025001,7,,sprach,וַיֹּאמַֽר׃,4,False,,
18025002,1,,Herrschaft,הַמְשֵׁ֣ל,1,False,,
18025002,2,,und,וָפַ֣חַד,2,False,,
18025002,3,,Schrecken,וָפַ֣חַד,2,False,,
18025002,4,,sind,עִמּ֑וֹ,3,False,,
18025002,5,,bei,עִמּ֑וֹ,3,False,,
18025002,6,,ihm,עִמּ֑וֹ,3,False,,
18025002,7,,er,עֹשֶׂ֥ה,4,False,,
18025002,8,,schafft,עֹשֶׂ֥ה,4,False,,
18025002,9,,Frieden,שָׁ֝ל֗וֹם,5,False,,
18025002,10,,in,בִּמְרוֹמָֽיו׃,6,False,,
18025002,11,,seinen,בִּמְרוֹמָֽיו׃,6,False,,
18025002,12,,Höhen,בִּמְרוֹמָֽיו׃,6,False,,
18025003,1,,Sind,הֲיֵ֣שׁ,1,False,,
18025003,2,,seine,לִגְדוּדָ֑יו,3,False,,
18025003,3,,Scharen,לִגְדוּדָ֑יו,3,False,,
18025003,4,,zu,מִ֭סְפָּר,2,True,,
18025003,5,,zählen,מִ֭סְפָּר,2,False,,
18025003,6,,und,וְעַל־,4,False,,
18025003,7,,über,וְעַל־,4,False,,
18025003,8,,wem,מִ֝֗י,5,False,,
18025003,9,,erhebt,יָק֥וּם,7,False,,
18025003,10,,sich,יָק֥וּם,7,False,,
18025003,11,,nicht,לֹא־,6,False,,
18025003,12,,sein,אוֹרֵֽהוּ׃,8,False,,
18025003,13,,Licht,אוֹרֵֽהוּ׃,8,False,,
18025004,1,,Und,וּמַה־,1,False,,
18025004,2,,wie,וּמַה־,1,False,,
18025004,3,,könnte,יִּצְדַּ֣ק,2,False,,
18025004,4,,ein,אֱנ֣וֹשׁ,3,True,,
18025004,5,,Mensch,אֱנ֣וֹשׁ,3,False,,
18025004,6,,gerecht,יִּצְדַּ֣ק,2,False,,
18025004,7,,sein,יִּצְדַּ֣ק,2,False,,
18025004,8,,vor,עִם־,4,False,,
18025004,9,,Gott,אֵ֑ל,5,False,,
18025004,10,,und,וּמַה־,6,False,,
18025004,11,,wie,וּמַה־,6,False,,
18025004,12,,könnte,יִּ֝זְכֶּ֗ה,7,False,,
18025004,13,,rein,יִּ֝זְכֶּ֗ה,7,False,,
18025004,14,,sein,יִּ֝זְכֶּ֗ה,7,False,,
18025004,15,,ein,יְל֣וּד,8,True,,
18025004,16,,vom,יְל֣וּד,8,True,,
18025004,17,,Weibe,אִשָּֽׁה׃,9,False,,
18025004,18,,Geborener,יְל֣וּד,8,False,,
18025005,1,,Siehe,הֵ֣ן,1,False,,
18025005,2,,sogar,עַד־,2,False,,
18025005,3,,der,יָ֭רֵחַ,3,True,,
18025005,4,,Mond,יָ֭רֵחַ,3,False,,
18025005,5,,scheint,יַאֲהִ֑יל,5,False,,
18025005,6,,nicht,וְלֹ֣א,4,False,,
18025005,7,,hell,יַאֲהִ֑יל,5,False,,
18025005,8,,und,וְ֝כוֹכָבִ֗ים,6,False,,
18025005,9,,die,וְ֝כוֹכָבִ֗ים,6,True,,
18025005,10,,Sterne,וְ֝כוֹכָבִ֗ים,6,False,,
18025005,11,,sind,לֹא־,7,False,,
18025005,12,,nicht,לֹא־,7,False,,
18025005,13,,rein,זַכּ֥וּ,8,False,,
18025005,14,,in,בְעֵינָֽיו׃,9,False,,
18025005,15,,seinen,בְעֵינָֽיו׃,9,False,,
18025005,16,,Augen,בְעֵינָֽיו׃,9,False,,
18025006,1,,wieviel,אַ֭ף,1,False,,
18025006,2,,weniger,כִּֽי־,2,False,,
18025006,3,,der,אֱנ֣וֹשׁ,3,True,,
18025006,4,,Mensch,אֱנ֣וֹשׁ,3,False,,
18025006,5,,der,רִמָּ֑ה,4,True,,
18025006,6,,Wurm,רִמָּ֑ה,4,False,,
18025006,7,,und,וּבֶן־,5,False,,
18025006,8,,das,וּבֶן־,5,True,,
18025006,9,,Menschenkind,אָ֝דָ֗ם,6,False,,
18025006,10,,die,תּוֹלֵעָֽה׃ פ,7,True,,
18025006,11,,Made,תּוֹלֵעָֽה׃ פ,7,False,,
18026001,1,,Und,וַיַּ֥עַן,1,False,,
18026001,2,,Hiob,אִיּ֗וֹב,2,False,,
18026001,3,,antwortete,וַיַּ֥עַן,1,False,,
18026001,4,,und,וַיֹּאמַֽר׃,3,False,,
18026001,5,,sprach,וַיֹּאמַֽר׃,3,False,,
18026002,1,,Wie,מֶה־,1,False,,
18026002,2,,hast,עָזַ֥רְתָּ,2,False,,
18026002,3,,du,עָזַ֥רְתָּ,2,False,,
18026002,4,,dem,לְלֹא־,3,True,,
18026002,5,,Ohnmächtigen,לְלֹא־,3,False,,
18026002,6,,geholfen,עָזַ֥רְתָּ,2,False,,
18026002,7,,den,ה֝וֹשַׁ֗עְתָּ,5,True,,
18026002,8,,kraftlosen,כֹ֑חַ,4,False,,
18026002,9,,Arm,זְר֣וֹעַ,6,False,,
18026002,10,,gerettet,ה֝וֹשַׁ֗עְתָּ,5,False,,
18026003,1,,Wie,מַה־,1,False,,
18026003,2,,hast,יָּ֭עַצְתָּ,2,False,,
18026003,3,,du,יָּ֭עַצְתָּ,2,False,,
18026003,4,,den,לְלֹ֣א,3,True,,
18026003,5,,beraten,לְלֹ֣א,3,False,,
18026003,6,,der,לְלֹ֣א,3,True,,
18026003,7,,keine,לְלֹ֣א,3,False,,
18026003,8,,Weisheit,חָכְמָ֑ה,4,False,,
18026003,9,,hat,יָּ֭עַצְתָּ,2,False,,
18026003,10,,und,וְ֝תוּשִׁיָּ֗ה,5,False,,
18026003,11,,gründliches,וְ֝תוּשִׁיָּ֗ה,5,False,,
18026003,12,,Wissen,וְ֝תוּשִׁיָּ֗ה,5,False,,
18026003,13,,in,לָרֹ֥ב,6,False,,
18026003,14,,Fülle,לָרֹ֥ב,6,False,,
18026003,15,,kundgetan,הוֹדָֽעְתָּ׃,7,False,,
18026004,1,,An,אֶת־,1,False,,
18026004,2,,wen,מִ֭י,2,False,,
18026004,3,,hast,הִגַּ֣דְתָּ,3,False,,
18026004,4,,du,הִגַּ֣דְתָּ,3,False,,
18026004,5,,Worte,מִלִּ֑ין,4,False,,
18026004,6,,gerichtet,הִגַּ֣דְתָּ,3,False,,
18026004,7,,und,וְנִשְׁמַת־,5,False,,
18026004,8,,wessen,מִ֝י,6,False,,
18026004,9,,Odem,וְנִשְׁמַת־,5,False,,
18026004,10,,ist,יָצְאָ֥ה,7,False,,
18026004,11,,von,מִמֶּֽךָּ׃,8,False,,
18026004,12,,dir,מִמֶּֽךָּ׃,8,False,,
18026004,13,,ausgegangen,יָצְאָ֥ה,7,False,,
18026005,1,,Die,הָרְפָאִ֥ים,1,True,,
18026005,2,,Schatten,הָרְפָאִ֥ים,1,False,,
18026005,3,,beben,יְחוֹלָ֑לוּ,2,False,,
18026005,4,,unter,מִתַּ֥חַת,3,False,,
18026005,5,,den,מַ֝֗יִם,4,True,,
18026005,6,,Wassern,מַ֝֗יִם,4,False,,
18026005,7,,und,וְשֹׁכְנֵיהֶֽם׃,5,False,,
18026005,8,,ihren,וְשֹׁכְנֵיהֶֽם׃,5,False,,
18026005,9,,Bewohnern,וְשֹׁכְנֵיהֶֽם׃,5,False,,
18026006,1,,Der,שְׁא֣וֹל,2,True,,
18026006,2,,Scheol,שְׁא֣וֹל,2,False,,
18026006,3,,ist,עָר֣וֹם,1,False,,
18026006,4,,nackt,עָר֣וֹם,1,False,,
18026006,5,,vor,נֶגְדּ֑וֹ,3,False,,
18026006,6,,ihm,נֶגְדּ֑וֹ,3,False,,
18026006,7,,und,וְאֵ֥ין,4,False,,
18026006,8,,keine,וְאֵ֥ין,4,False,,
18026006,9,,Hülle,כְּ֝ס֗וּת,5,False,,
18026006,10,,hat,כְּ֝ס֗וּת,5,False,,
18026006,11,,der,לָֽאֲבַדּֽוֹן׃,6,True,,
18026006,12,,Abgrund,לָֽאֲבַדּֽוֹן׃,6,False,,
18026007,1,,Er,נֹטֶ֣ה,1,False,,
18026007,2,,spannt,נֹטֶ֣ה,1,False,,
18026007,3,,den,צָפ֣וֹן,2,True,,
18026007,4,,Norden,צָפ֣וֹן,2,False,,
18026007,5,,aus,נֹטֶ֣ה,1,False,,
18026007,6,,über,עַל־,3,False,,
18026007,7,,der,תֹּ֑הוּ,4,True,,
18026007,8,,Leere,תֹּ֑הוּ,4,False,,
18026007,9,,hängt,תֹּ֥לֶה,5,False,,
18026007,10,,die,אֶ֝֗רֶץ,6,True,,
18026007,11,,Erde,אֶ֝֗רֶץ,6,False,,
18026007,12,,auf,תֹּ֥לֶה,5,False,,
18026007,13,,über,עַל־,7,False,,
18026007,14,,dem,בְּלִי־,8,True,,
18026007,15,,Nichts,מָֽה׃,9,False,,
18026008,1,,Er,צֹרֵֽר־,1,False,,
18026008,2,,bindet,צֹרֵֽר־,1,False,,
18026008,3,,die,מַ֥יִם,2,True,,
18026008,4,,Wasser,מַ֥יִם,2,False,,
18026008,5,,in,בְּעָבָ֑יו,3,False,,
18026008,6,,seine,בְּעָבָ֑יו,3,False,,
18026008,7,,Wolken,בְּעָבָ֑יו,3,False,,
18026008,8,,und,וְלֹא־,4,False,,
18026008,9,,das,עָנָ֣ן,6,True,,
18026008,10,,Gewölk,עָנָ֣ן,6,False,,
18026008,11,,zerreißt,נִבְקַ֖ע,5,False,,
18026008,12,,nicht,וְלֹא־,4,False,,
18026008,13,,unter,תַּחְתָּֽם׃,7,False,,
18026008,14,,ihnen,תַּחְתָּֽם׃,7,False,,
18026009,1,,Er,מְאַחֵ֥ז,1,False,,
18026009,2,,verhüllt,מְאַחֵ֥ז,1,False,,
18026009,3,,den,פְּנֵי־,2,True,,
18026009,4,,Anblick,פְּנֵי־,2,False,,
18026009,5,,seines,כִסֵּ֑ה,3,False,,
18026009,6,,Thrones,כִסֵּ֑ה,3,False,,
18026009,7,,indem,פַּרְשֵׁ֖ז,4,False,,
18026009,8,,er,פַּרְשֵׁ֖ז,4,False,,
18026009,9,,sein,עֲנָנֽוֹ׃,6,False,,
18026009,10,,Gewölk,עֲנָנֽוֹ׃,6,False,,
18026009,11,,darüber,עָלָ֣יו,5,False,,
18026009,12,,ausbreitet,פַּרְשֵׁ֖ז,4,False,,
18026010,1,,Er,חָ֭ג,2,False,,
18026010,2,,rundete,חָ֭ג,2,False,,
18026010,3,,eine,חֹֽק־,1,True,,
18026010,4,,Schranke,חֹֽק־,1,False,,
18026010,5,,ab,חָ֭ג,2,False,,
18026010,6,,über,עַל־,3,False,,
18026010,7,,der,פְּנֵי־,4,True,,
18026010,8,,Fläche,פְּנֵי־,4,False,,
18026010,9,,der,מָ֑יִם,5,True,,
18026010,10,,Wasser,מָ֑יִם,5,False,,
18026010,11,,bis,עַד־,6,False,,
18026010,12,,zum,תַּכְלִ֖ית,7,True,,
18026010,13,,äußersten,תַּכְלִ֖ית,7,False,,
18026010,14,,Ende,תַּכְלִ֖ית,7,False,,
18026010,15,,wo,א֣וֹר,8,False,,
18026010,16,,Licht,א֣וֹר,8,False,,
18026010,17,,und,עִם־,9,False,,
18026010,18,,Finsternis,חֹֽשֶׁךְ׃,10,False,,
18026010,19,,zusammentreffen,עִם־,9,False,,
18026011,1,,Die,עַמּוּדֵ֣י,1,True,,
18026011,2,,Säulen,עַמּוּדֵ֣י,1,False,,
18026011,3,,des,שָׁמַ֣יִם,2,True,,
18026011,4,,Himmels,שָׁמַ֣יִם,2,False,,
18026011,5,,wanken,יְרוֹפָ֑פוּ,3,False,,
18026011,6,,und,וְ֝יִתְמְה֗וּ,4,False,,
18026011,7,,entsetzen,וְ֝יִתְמְה֗וּ,4,False,,
18026011,8,,sich,וְ֝יִתְמְה֗וּ,4,False,,
18026011,9,,vor,מִגַּעֲרָתֽוֹ׃,5,False,,
18026011,10,,seinem,מִגַּעֲרָתֽוֹ׃,5,False,,
18026011,11,,Schelten,מִגַּעֲרָתֽוֹ׃,5,False,,
18026012,1,,Durch,בְּ֭כֹחוֹ,1,False,,
18026012,2,,seine,בְּ֭כֹחוֹ,1,False,,
18026012,3,,Kraft,בְּ֭כֹחוֹ,1,False,,
18026012,4,,erregt,רָגַ֣ע,2,False,,
18026012,5,,er,רָגַ֣ע,2,False,,
18026012,6,,das,הַיָּ֑ם,3,True,,
18026012,7,,Meer,הַיָּ֑ם,3,False,,
18026012,8,,und,וּ֝בִתְבוּנָת֗וֹ,4,False,,
18026012,9,,durch,וּ֝בִתְבוּנָת֗וֹ,4,False,,
18026012,10,,seine,וּ֝בִתְבוּנָת֗וֹ,4,False,,
18026012,11,,Einsicht,וּ֝בִתְבוּנָת֗וֹ,4,False,,
18026012,12,,zerschellt,מָ֣חַץ,5,False,,
18026012,13,,er,מָ֣חַץ,5,False,,
18026012,14,,Rahab,רָֽהַב׃,6,False,,
18026013,1,,Durch,בְּ֭רוּחוֹ,1,False,,
18026013,2,,seinen,בְּ֭רוּחוֹ,1,False,,
18026013,3,,Hauch,בְּ֭רוּחוֹ,1,False,,
18026013,4,,wird,שָׁמַ֣יִם,2,False,,
18026013,5,,der,שָׁמַ֣יִם,2,True,,
18026013,6,,Himmel,שָׁמַ֣יִם,2,False,,
18026013,7,,heiter,שִׁפְרָ֑ה,3,False,,
18026013,8,,seine,יָ֝ד֗וֹ,5,False,,
18026013,9,,Hand,יָ֝ד֗וֹ,5,False,,
18026013,10,,hat,חֹֽלֲלָ֥ה,4,False,,
18026013,11,,geschaffen,חֹֽלֲלָ֥ה,4,False,,
18026013,12,,den,נָחָ֥שׁ,6,True,,
18026013,13,,flüchtigen,נָחָ֥שׁ,6,False,,
18026013,14,,Drachen,בָּרִֽיחַ׃,7,False,,
18026014,1,,Siehe,הֶן־,1,False,,
18026014,2,,das,אֵ֤לֶּה׀,2,True,,
18026014,3,,sind,אֵ֤לֶּה׀,2,False,,
18026014,4,,die,קְצ֬וֹת,3,True,,
18026014,5,,Säume,קְצ֬וֹת,3,False,,
18026014,6,,seiner,דְּרָכָ֗יו,4,False,,
18026014,7,,Wege,דְּרָכָ֗יו,4,False,,
18026014,8,,und,וּמַה־,5,False,,
18026014,9,,wie,וּמַה־,5,False,,
18026014,10,,wenig,שֵּׁ֣מֶץ,6,False,,
18026014,11,,haben,נִשְׁמַע־,8,False,,
18026014,12,,wir,נִשְׁמַע־,8,False,,
18026014,13,,von,בּ֑וֹ,9,False,,
18026014,14,,ihm,בּ֑וֹ,9,False,,
18026014,15,,gehört,נִשְׁמַע־,8,False,,
18026014,16,,und,וְרַ֥עַם,10,False,,
18026014,17,,den,וְרַ֥עַם,10,True,,
18026014,18,,Donner,וְרַ֥עַם,10,False,,
18026014,19,,seiner,גְּ֝בוּרוֹתָ֗יו,11,False,,
18026014,20,,Macht,גְּ֝בוּרוֹתָ֗יו,11,False,,
18026014,21,,wer,מִ֣י,12,False,,
18026014,22,,versteht,יִתְבּוֹנָֽן׃ ס,13,False,,
18026014,23,,ihn,יִתְבּוֹנָֽן׃ ס,13,False,,
18027001,1,,Und,וַיֹּ֣סֶף,1,False,,
18027001,2,,Hiob,אִ֭יּוֹב,2,False,,
18027001,3,,fuhr,וַיֹּ֣סֶף,1,False,,
18027001,4,,fort,וַיֹּ֣סֶף,1,False,,
18027001,5,,seinen,מְשָׁל֗וֹ,4,False,,
18027001,6,,Spruch,מְשָׁל֗וֹ,4,False,,
18027001,7,,anzuheben,שְׂאֵ֥ת,3,False,,
18027001,8,,und,וַיֹּאמַֽר׃,5,False,,
18027001,9,,sprach,וַיֹּאמַֽר׃,5,False,,
18027002,1,,So,חַי־,1,False,,
18027002,2,,wahr,חַי־,1,False,,
18027002,3,,Gott,אֵ֭ל,2,False,,
18027002,4,,lebt,חַי־,1,False,,
18027002,5,,der,הֵסִ֣יר,3,True,,
18027002,6,,mir,מִשְׁפָּטִ֑י,4,False,,
18027002,7,,mein,מִשְׁפָּטִ֑י,4,False,,
18027002,8,,Recht,מִשְׁפָּטִ֑י,4,False,,
18027002,9,,entzogen,הֵסִ֣יר,3,False,,
18027002,10,,und,וְ֝שַׁדַּ֗י,5,False,,
18027002,11,,der,וְ֝שַׁדַּ֗י,5,True,,
18027002,12,,Allmächtige,וְ֝שַׁדַּ֗י,5,False,,
18027002,13,,der,הֵמַ֥ר,6,True,,
18027002,14,,meine,נַפְשִֽׁי׃,7,False,,
18027002,15,,Seele,נַפְשִֽׁי׃,7,False,,
18027002,16,,bitter,הֵמַ֥ר,6,False,,
18027002,17,,gemacht,הֵמַ֥ר,6,False,,
18027002,18,,hat,הֵמַ֥ר,6,False,,
18027002,19,,,נַפְשִֽׁי׃,7,True,,
18027003,1,,so,כִּֽי־,1,False,,
18027003,2,,lange,ע֣וֹד,3,False,,
18027003,3,,mein,נִשְׁמָתִ֣י,4,False,,
18027003,4,,Odem,נִשְׁמָתִ֣י,4,False,,
18027003,5,,in,בִ֑י,5,False,,
18027003,6,,mir,בִ֑י,5,False,,
18027003,7,,ist,ע֣וֹד,3,False,,
18027003,8,,und,וְר֖וּחַ,6,False,,
18027003,9,,der,וְר֖וּחַ,6,True,,
18027003,10,,Hauch,וְר֖וּחַ,6,False,,
18027003,11,,Gottes,אֱל֣וֹהַּ,7,False,,
18027003,12,,in,בְּאַפִּֽי׃,8,False,,
18027003,13,,meiner,בְּאַפִּֽי׃,8,False,,
18027003,14,,Nase,בְּאַפִּֽי׃,8,False,,
18027004,1,,wenn,אִם־,1,False,,
18027004,2,,meine,שְׂפָתַ֣י,3,False,,
18027004,3,,Lippen,שְׂפָתַ֣י,3,False,,
18027004,4,,Unrecht,עַוְלָ֑ה,4,False,,
18027004,5,,reden,תְּדַבֵּ֣רְנָה,2,False,,
18027004,6,,werden,תְּדַבֵּ֣רְנָה,2,False,,
18027004,7,,und,וּ֝לְשׁוֹנִ֗י,5,False,,
18027004,8,,wenn,אִם־,6,False,,
18027004,9,,meine,וּ֝לְשׁוֹנִ֗י,5,False,,
18027004,10,,Zunge,וּ֝לְשׁוֹנִ֗י,5,False,,
18027004,11,,Trug,רְמִיָּֽה׃,8,False,,
18027004,12,,aussprechen,יֶהְגֶּ֥ה,7,False,,
18027004,13,,wird,יֶהְגֶּ֥ה,7,False,,
18027005,1,,Fern,חָלִ֣ילָה,1,False,,
18027005,2,,sei,לִּי֮,2,False,,
18027005,3,,es,לִּי֮,2,True,,
18027005,4,,von,לִּי֮,2,True,,
18027005,5,,mir,לִּי֮,2,True,,
18027005,6,,daß,אִם־,3,False,,
18027005,7,,ich,אַצְדִּ֪יק,4,False,,
18027005,8,,euch,אֶ֫תְכֶ֥ם,5,False,,
18027005,9,,recht,אַצְדִּ֪יק,4,True,,
18027005,10,,geben,אַצְדִּ֪יק,4,False,,
18027005,11,,sollte,אַצְדִּ֪יק,4,True,,
18027005,12,,bis,עַד־,6,False,,
18027005,13,,ich,אֶגְוָ֑ע,7,False,,
18027005,14,,verscheide,אֶגְוָ֑ע,7,False,,
18027005,15,,werde,אֶגְוָ֑ע,7,True,,
18027005,16,,ich,אָסִ֖יר,9,False,,
18027005,17,,meine,תֻּמָּתִ֣י,10,False,,
18027005,18,,Unsträflichkeit,תֻּמָּתִ֣י,10,False,,
18027005,19,,nicht,לֹא־,8,False,,
18027005,20,,von,מִמֶּֽנִּי׃,11,False,,
18027005,21,,mir,מִמֶּֽנִּי׃,11,False,,
18027005,22,,weichen,אָסִ֖יר,9,False,,
18027005,23,,lassen,אָסִ֖יר,9,True,,
18027006,1,,An,בְּצִדְקָתִ֣י,1,False,,
18027006,2,,meiner,בְּצִדְקָתִ֣י,1,False,,
18027006,3,,Gerechtigkeit,בְּצִדְקָתִ֣י,1,False,,
18027006,4,,halte,הֶ֭חֱזַקְתִּי,2,False,,
18027006,5,,ich,הֶ֭חֱזַקְתִּי,2,False,,
18027006,6,,fest,הֶ֭חֱזַקְתִּי,2,True,,
18027006,7,,und,וְלֹ֣א,3,False,,
18027006,8,,werde,אַרְפֶּ֑הָ,4,False,,
18027006,9,,sie,אַרְפֶּ֑הָ,4,False,,
18027006,10,,nicht,וְלֹ֣א,3,False,,
18027006,11,,fahren,אַרְפֶּ֑הָ,4,False,,
18027006,12,,lassen,אַרְפֶּ֑הָ,4,False,,
18027006,13,,mein,לְ֝בָבִ֗י,7,False,,
18027006,14,,Herz,לְ֝בָבִ֗י,7,False,,
18027006,15,,schmäht,יֶחֱרַ֥ף,6,False,,
18027006,16,,nicht,לֹֽא־,5,False,,
18027006,17,,einen,מִיָּמָֽי׃,8,False,,
18027006,18,,von,מִיָּמָֽי׃,8,False,,
18027006,19,,meinen,מִיָּמָֽי׃,8,False,,
18027006,20,,Tagen,מִיָּמָֽי׃,8,False,,
18027007,1,,Mein,אֹ֣יְבִ֑י,3,False,,
18027007,2,,Feind,אֹ֣יְבִ֑י,3,False,,
18027007,3,,sei,יְהִ֣י,1,False,,
18027007,4,,wie,כְ֭רָשָׁע,2,False,,
18027007,5,,der,כְ֭רָשָׁע,2,True,,
18027007,6,,Gesetzlose,כְ֭רָשָׁע,2,False,,
18027007,7,,und,וּמִתְקוֹמְמִ֥י,4,False,,
18027007,8,,der,וּמִתְקוֹמְמִ֥י,4,False,,
18027007,9,,wider,וּמִתְקוֹמְמִ֥י,4,False,,
18027007,10,,mich,וּמִתְקוֹמְמִ֥י,4,False,,
18027007,11,,auftritt,וּמִתְקוֹמְמִ֥י,4,False,,
18027007,12,,wie,כְעַוָּֽל׃,5,False,,
18027007,13,,der,כְעַוָּֽל׃,5,True,,
18027007,14,,Ungerechte,כְעַוָּֽל׃,5,False,,
18027008,1,,Denn,כִּ֤י,1,False,,
18027008,2,,was,מַה־,2,False,,
18027008,3,,ist,כִּ֣י,5,False,,
18027008,4,,des,תִּקְוַ֣ת,3,False,,
18027008,5,,Ruchlosen,חָ֭נֵף,4,False,,
18027008,6,,Hoffnung,תִּקְוַ֣ת,3,False,,
18027008,7,,wenn,כִּ֣י,5,False,,
18027008,8,,Gott,אֱל֣וֹהַּ,9,False,,
18027008,9,,abschneidet,יִבְצָ֑ע,6,False,,
18027008,10,,wenn,כִּ֤י,7,False,,
18027008,11,,er,נַפְשֽׁוֹ׃,10,False,,
18027008,12,,seine,נַפְשֽׁוֹ׃,10,False,,
18027008,13,,Seele,נַפְשֽׁוֹ׃,10,False,,
18027008,14,,herauszieht,יֵ֖שֶׁל,8,False,,
18027009,1,,Wird,הַֽ֭צַעֲקָתוֹ,1,False,,
18027009,2,,Gott,אֵ֑ל,3,False,,
18027009,3,,sein,הַֽ֭צַעֲקָתוֹ,1,False,,
18027009,4,,Geschrei,הַֽ֭צַעֲקָתוֹ,1,False,,
18027009,5,,hören,יִשְׁמַ֥ע׀,2,False,,
18027009,6,,wenn,כִּֽי־,4,False,,
18027009,7,,Bedrängnis,צָרָֽה׃,7,False,,
18027009,8,,über,עָלָ֣יו,6,False,,
18027009,9,,ihn,עָלָ֣יו,6,False,,
18027009,10,,kommt,תָב֖וֹא,5,False,,
18027010,1,,Oder,אִם־,1,False,,
18027010,2,,wird,יִתְעַנָּ֑ג,4,False,,
18027010,3,,er,יִתְעַנָּ֑ג,4,False,,
18027010,4,,sich,יִתְעַנָּ֑ג,4,False,,
18027010,5,,an,עַל־,2,False,,
18027010,6,,dem,שַׁדַּ֥י,3,False,,
18027010,7,,Allmächtigen,שַׁדַּ֥י,3,False,,
18027010,8,,ergötzen,יִתְעַנָּ֑ג,4,False,,
18027010,9,,Gott,אֱל֣וֹהַּ,6,False,,
18027010,10,,anrufen,יִקְרָ֖א,5,False,,
18027010,11,,zu,בְּכָל־,7,False,,
18027010,12,,aller,בְּכָל־,7,False,,
18027010,13,,Zeit,עֵֽת׃,8,False,,
18027011,1,,Ich,אוֹרֶ֣ה,1,False,,
18027011,2,,will,אוֹרֶ֣ה,1,True,,
18027011,3,,euch,אֶתְכֶ֣ם,2,False,,
18027011,4,,belehren,אוֹרֶ֣ה,1,False,,
18027011,5,,über,בְּיַד־,3,False,,
18027011,6,,die,בְּיַד־,3,True,,
18027011,7,,Hand,בְּיַד־,3,False,,
18027011,8,,Gottes,אֵ֑ל,4,False,,
18027011,9,,was,אֲשֶׁ֥ר,5,False,,
18027011,10,,bei,עִם־,6,False,,
18027011,11,,dem,שַׁ֝דַּ֗י,7,False,,
18027011,12,,Allmächtigen,שַׁ֝דַּ֗י,7,False,,
18027011,13,,ist,לֹ֣א,8,False,,
18027011,14,,will,אֲכַחֵֽד׃,9,False,,
18027011,15,,ich,אֲכַחֵֽד׃,9,True,,
18027011,16,,nicht,לֹ֣א,8,False,,
18027011,17,,verhehlen,אֲכַחֵֽד׃,9,False,,
18027012,1,,Siehe,הֵן־,1,False,,
18027012,2,,ihr,אַתֶּ֣ם,2,False,,
18027012,3,,selbst,כֻּלְּכֶ֣ם,3,False,,
18027012,4,,habt,חֲזִיתֶ֑ם,4,False,,
18027012,5,,es,חֲזִיתֶ֑ם,4,True,,
18027012,6,,alle,כֻּלְּכֶ֣ם,3,False,,
18027012,7,,erschaut,חֲזִיתֶ֑ם,4,False,,
18027012,8,,und,וְלָמָּה־,5,False,,
18027012,9,,warum,וְלָמָּה־,5,False,,
18027012,10,,denn,זֶּ֝֗ה,6,False,,
18027012,11,,schwatzet,תֶּהְבָּֽלוּ׃,8,False,,
18027012,12,,ihr,תֶּהְבָּֽלוּ׃,8,False,,
18027012,13,,so,הֶ֣בֶל,7,False,,
18027012,14,,eitel,הֶ֣בֶל,7,False,,
18027013,1,,Dies,זֶ֤ה׀,1,False,,
18027013,2,,ist,חֵֽלֶק־,2,True,,
18027013,3,,das,חֵֽלֶק־,2,True,,
18027013,4,,Teil,חֵֽלֶק־,2,False,,
18027013,5,,des,אָדָ֖ם,3,False,,
18027013,6,,gesetzlosen,רָשָׁ֥ע׀,4,False,,
18027013,7,,Menschen,אָדָ֖ם,3,False,,
18027013,8,,bei,עִם־,5,False,,
18027013,9,,Gott,אֵ֑ל,6,False,,
18027013,10,,und,וְֽנַחֲלַ֥ת,7,False,,
18027013,11,,das,וְֽנַחֲלַ֥ת,7,True,,
18027013,12,,Erbe,וְֽנַחֲלַ֥ת,7,False,,
18027013,13,,der,עָ֝רִיצִ֗ים,8,False,,
18027013,14,,Gewalttätigen,עָ֝רִיצִ֗ים,8,False,,
18027013,15,,welches,יִקָּֽחוּ׃,10,False,,
18027013,16,,sie,יִקָּֽחוּ׃,10,False,,
18027013,17,,von,מִשַּׁדַּ֥י,9,False,,
18027013,18,,dem,מִשַּׁדַּ֥י,9,True,,
18027013,19,,Allmächtigen,מִשַּׁדַּ֥י,9,False,,
18027013,20,,empfangen,יִקָּֽחוּ׃,10,False,,
18027014,1,,Wenn,אִם־,1,False,,
18027014,2,,seine,בָנָ֣יו,3,False,,
18027014,3,,Kinder,בָנָ֣יו,3,False,,
18027014,4,,sich,יִרְבּ֣וּ,2,False,,
18027014,5,,mehren,יִרְבּ֣וּ,2,False,,
18027014,6,,so,לְמוֹ־,4,False,,
18027014,7,,ist,לְמוֹ־,4,False,,
18027014,8,,es,חָ֑רֶב,5,False,,
18027014,9,,für,לְמוֹ־,4,False,,
18027014,10,,das,חָ֑רֶב,5,True,,
18027014,11,,Schwert,חָ֑רֶב,5,False,,
18027014,12,,und,וְ֝צֶאֱצָאָ֗יו,6,False,,
18027014,13,,seine,וְ֝צֶאֱצָאָ֗יו,6,False,,
18027014,14,,Sprößlinge,וְ֝צֶאֱצָאָ֗יו,6,False,,
18027014,15,,sie,לֹ֣א,7,False,,
18027014,16,,haben,יִשְׂבְּעוּ־,8,False,,
18027014,17,,nicht,לֹ֣א,7,False,,
18027014,18,,satt,יִשְׂבְּעוּ־,8,False,,
18027014,19,,Brot,לָֽחֶם׃,9,False,,
18027015,1,,Seine,שְׂ֭רִידָיו,1,False,,
18027015,2,,Übriggebliebenen,שְׂ֭רִידָיו,1,False,,
18027015,3,,werden,יִקָּבֵ֑רוּ,3,False,,
18027015,4,,begraben,יִקָּבֵ֑רוּ,3,False,,
18027015,5,,durch,בַּמָּ֣וֶת,2,False,,
18027015,6,,den,בַּמָּ֣וֶת,2,False,,
18027015,7,,Tod,בַּמָּ֣וֶת,2,False,,
18027015,8,,und,וְ֝אַלְמְנֹתָ֗יו,4,False,,
18027015,9,,seine,וְ֝אַלְמְנֹתָ֗יו,4,False,,
18027015,10,,Witwen,וְ֝אַלְמְנֹתָ֗יו,4,False,,
18027015,11,,weinen,תִבְכֶּֽינָה׃,6,False,,
18027015,12,,nicht,לֹ֣א,5,False,,
18027016,1,,Wenn,אִם־,1,False,,
18027016,2,,er,יִצְבֹּ֣ר,2,False,,
18027016,3,,Silber,כָּ֑סֶף,4,False,,
18027016,4,,aufhäuft,יִצְבֹּ֣ר,2,False,,
18027016,5,,wie,כֶּעָפָ֣ר,3,False,,
18027016,6,,Staub,כֶּעָפָ֣ר,3,False,,
18027016,7,,und,וְ֝כַחֹ֗מֶר,5,False,,
18027016,8,,Kleider,מַלְבּֽוּשׁ׃,7,False,,
18027016,9,,bereitet,יָכִ֥ין,6,False,,
18027016,10,,wie,וְ֝כַחֹ֗מֶר,5,False,,
18027016,11,,Lehm,וְ֝כַחֹ֗מֶר,5,False,,
18027017,1,,er,יָ֭כִין,1,False,,
18027017,2,,bereitet,יָ֭כִין,1,False,,
18027017,3,,sie,יָ֭כִין,1,False,,
18027017,4,,aber,וְצַדִּ֣יק,2,False,,
18027017,5,,der,וְצַדִּ֣יק,2,True,,
18027017,6,,Gerechte,וְצַדִּ֣יק,2,False,,
18027017,7,,bekleidet,יִלְבָּ֑שׁ,3,False,,
18027017,8,,sich,יִלְבָּ֑שׁ,3,False,,
18027017,9,,damit,יִלְבָּ֑שׁ,3,False,,
18027017,10,,und,וְ֝כֶ֗סֶף,4,False,,
18027017,11,,Schuldlose,נָקִ֥י,5,False,,
18027017,12,,teilen,יַחֲלֹֽק׃,6,False,,
18027017,13,,sich,יַחֲלֹֽק׃,6,False,,
18027017,14,,in,יַחֲלֹֽק׃,6,False,,
18027017,15,,das,וְ֝כֶ֗סֶף,4,False,,
18027017,16,,Silber,וְ֝כֶ֗סֶף,4,False,,
18027018,1,,Er,בָּנָ֣ה,1,False,,
18027018,2,,hat,בָּנָ֣ה,1,False,,
18027018,3,,sein,בֵּית֑וֹ,3,False,,
18027018,4,,Haus,בֵּית֑וֹ,3,False,,
18027018,5,,gebaut,בָּנָ֣ה,1,False,,
18027018,6,,wie,כָעָ֣שׁ,2,False,,
18027018,7,,die,כָעָ֣שׁ,2,False,,
18027018,8,,Motte,כָעָ֣שׁ,2,False,,
18027018,9,,und,וּ֝כְסֻכָּ֗ה,4,False,,
18027018,10,,der,וּ֝כְסֻכָּ֗ה,4,False,,
18027018,11,,Hütte,וּ֝כְסֻכָּ֗ה,4,False,,
18027018,12,,gleich,וּ֝כְסֻכָּ֗ה,4,False,,
18027018,13,,die,עָשָׂ֥ה,5,False,,
18027018,14,,ein,עָשָׂ֥ה,5,False,,
18027018,15,,Wächter,נֹצֵֽר׃,6,False,,
18027018,16,,sich,נֹצֵֽר׃,6,False,,
18027018,17,,macht,עָשָׂ֥ה,5,False,,
18027019,1,,Reich,עָשִׁ֣יר,1,False,,
18027019,2,,legt,יִ֭שְׁכַּב,2,False,,
18027019,3,,er,יִ֭שְׁכַּב,2,False,,
18027019,4,,sich,יִ֭שְׁכַּב,2,False,,
18027019,5,,ihn,יִ֭שְׁכַּב,2,False,,
18027019,6,,und,וְלֹ֣א,3,False,,
18027019,7,,er,וְלֹ֣א,3,False,,
18027019,8,,tut,יֵאָסֵ֑ף,4,False,,
18027019,9,,es,יֵאָסֵ֑ף,4,False,,
18027019,10,,nicht,וְלֹ֣א,3,False,,
18027019,11,,wieder,יֵאָסֵ֑ף,4,False,,
18027019,12,,er,פָּקַ֣ח,6,False,,
18027019,13,,schlägt,פָּקַ֣ח,6,False,,
18027019,14,,die,עֵינָ֖יו,5,False,,
18027019,15,,Augen,עֵינָ֖יו,5,False,,
18027019,16,,auf,פָּקַ֣ח,6,False,,
18027019,17,,und,וְאֵינֶֽנּוּ׃,7,False,,
18027019,18,,ist,וְאֵינֶֽנּוּ׃,7,False,,
18027019,19,,nicht,וְאֵינֶֽנּוּ׃,7,False,,
18027019,20,,mehr,וְאֵינֶֽנּוּ׃,7,False,,
18027020,1,,Schrecken,בַּלָּה֑וֹת,3,False,,
18027020,2,,ereilen,תַּשִּׂיגֵ֣הוּ,1,False,,
18027020,3,,ihn,תַּשִּׂיגֵ֣הוּ,1,False,,
18027020,4,,wie,כַ֭מַּיִם,2,False,,
18027020,5,,Wasser,כַ֭מַּיִם,2,False,,
18027020,6,,des,לַ֝֗יְלָה,4,False,,
18027020,7,,Nachts,לַ֝֗יְלָה,4,False,,
18027020,8,,entführt,גְּנָבַ֥תּוּ,5,False,,
18027020,9,,ihn,גְּנָבַ֥תּוּ,5,False,,
18027020,10,,ein,סוּפָֽה׃,6,True,,
18027020,11,,Sturmwind,סוּפָֽה׃,6,False,,
18027021,1,,Der,יִשָּׂאֵ֣הוּ,1,True,,
18027021,2,,Ostwind,יִשָּׂאֵ֣הוּ,1,False,,
18027021,3,,hebt,יִשָּׂאֵ֣הוּ,1,False,,
18027021,4,,ihn,יִשָּׂאֵ֣הוּ,1,False,,
18027021,5,,empor,יִשָּׂאֵ֣הוּ,1,False,,
18027021,6,,daß,וְיֵלַ֑ךְ,3,False,,
18027021,7,,er,וְיֵלַ֑ךְ,3,False,,
18027021,8,,dahinfährt,וְיֵלַ֑ךְ,3,False,,
18027021,9,,und,וִֽ֝ישָׂעֲרֵ֗הוּ,4,False,,
18027021,10,,stürmt,וִֽ֝ישָׂעֲרֵ֗הוּ,4,False,,
18027021,11,,ihn,וִֽ֝ישָׂעֲרֵ֗הוּ,4,False,,
18027021,12,,fort,וִֽ֝ישָׂעֲרֵ֗הוּ,4,False,,
18027021,13,,von,מִמְּקֹמֽוֹ׃,5,False,,
18027021,14,,seiner,מִמְּקֹמֽוֹ׃,5,False,,
18027021,15,,Stätte,מִמְּקֹמֽוֹ׃,5,False,,
18027022,1,,Und,וְיַשְׁלֵ֣ךְ,1,False,,
18027022,2,,Gott,וְיַשְׁלֵ֣ךְ,1,False,,
18027022,3,,schleudert,וְיַשְׁלֵ֣ךְ,1,False,,
18027022,4,,auf,עָ֭לָיו,2,False,,
18027022,5,,ihn,עָ֭לָיו,2,False,,
18027022,6,,ohne,וְלֹ֣א,3,False,,
18027022,7,,Schonung,יַחְמֹ֑ל,4,False,,
18027022,8,,seiner,מִ֝יָּד֗וֹ,5,False,,
18027022,9,,Hand,מִ֝יָּד֗וֹ,5,False,,
18027022,10,,möchte,בָּר֥וֹחַ,6,False,,
18027022,11,,er,יִבְרָֽח׃,7,False,,
18027022,12,,flüchtend,בָּר֥וֹחַ,6,False,,
18027022,13,,entfliehen,יִבְרָֽח׃,7,False,,
18027023,1,,Man,יִשְׂפֹּ֣ק,1,False,,
18027023,2,,klatscht,יִשְׂפֹּ֣ק,1,False,,
18027023,3,,über,עָלֵ֣ימוֹ,2,False,,
18027023,4,,ihn,עָלֵ֣ימוֹ,2,False,,
18027023,5,,in,כַפֵּ֑ימוֹ,3,True,,
18027023,6,,die,כַפֵּ֑ימוֹ,3,True,,
18027023,7,,Hände,כַפֵּ֑ימוֹ,3,False,,
18027023,8,,und,וְיִשְׁרֹ֥ק,4,False,,
18027023,9,,zischt,וְיִשְׁרֹ֥ק,4,False,,
18027023,10,,ihm,עָ֝לָ֗יו,5,False,,
18027023,11,,nach,עָ֝לָ֗יו,5,False,,
18027023,12,,von,מִמְּקֹמֽוֹ׃,6,False,,
18027023,13,,seiner,מִמְּקֹמֽוֹ׃,6,False,,
18027023,14,,Stätte,מִמְּקֹמֽוֹ׃,6,False,,
18027023,15,,aus,מִמְּקֹמֽוֹ׃,6,False,,
18028001,1,,Denn,כִּ֤י,1,False,,
18028001,2,,für,לַכֶּ֣סֶף,3,False,,
18028001,3,,das,לַכֶּ֣סֶף,3,False,,
18028001,4,,Silber,לַכֶּ֣סֶף,3,False,,
18028001,5,,gibt,יֵ֣שׁ,2,False,,
18028001,6,,es,יֵ֣שׁ,2,False,,
18028001,7,,einen,מוֹצָ֑א,4,True,,
18028001,8,,Fundort,מוֹצָ֑א,4,False,,
18028001,9,,und,וּ֝מָק֗וֹם,5,False,,
18028001,10,,eine,וּ֝מָק֗וֹם,5,True,,
18028001,11,,Stätte,וּ֝מָק֗וֹם,5,False,,
18028001,12,,für,לַזָּהָ֥ב,6,False,,
18028001,13,,das,לַזָּהָ֥ב,6,False,,
18028001,14,,Gold,לַזָּהָ֥ב,6,False,,
18028001,15,,das,יָזֹֽקּוּ׃,7,False,,
18028001,16,,man,יָזֹֽקּוּ׃,7,False,,
18028001,17,,läutert,יָזֹֽקּוּ׃,7,False,,
18028002,1,,Eisen,בַּ֭רְזֶל,1,False,,
18028002,2,,wird,יֻקָּ֑ח,3,False,,
18028002,3,,hervorgeholt,יֻקָּ֑ח,3,False,,
18028002,4,,aus,מֵעָפָ֣ר,2,False,,
18028002,5,,der,מֵעָפָ֣ר,2,True,,
18028002,6,,Erde,מֵעָפָ֣ר,2,False,,
18028002,7,,und,וְ֝אֶ֗בֶן,4,False,,
18028002,8,,Gestein,וְ֝אֶ֗בֶן,4,False,,
18028002,9,,schmelzt,יָצ֥וּק,5,False,,
18028002,10,,man,יָצ֥וּק,5,False,,
18028002,11,,zu,נְחוּשָֽׁה׃,6,False,,
18028002,12,,Kupfer,נְחוּשָֽׁה׃,6,False,,
18028003,1,,Er,ה֣וּא,6,False,,
18028003,2,,hat,שָׂ֤ם,2,False,,
18028003,3,,der,לַחֹ֗שֶׁךְ,3,False,,
18028003,4,,Finsternis,לַחֹ֗שֶׁךְ,3,False,,
18028003,5,,ein,קֵ֤ץ׀,1,True,,
18028003,6,,Ende,קֵ֤ץ׀,1,False,,
18028003,7,,gesetzt,שָׂ֤ם,2,False,,
18028003,8,,und,וּֽלְכָל־,4,False,,
18028003,9,,durchforscht,חוֹקֵ֑ר,7,False,,
18028003,10,,bis,תַּ֭כְלִית,5,False,,
18028003,11,,zur,תַּ֭כְלִית,5,False,,
18028003,12,,äußersten,תַּ֭כְלִית,5,False,,
18028003,13,,Grenze,תַּ֭כְלִית,5,False,,
18028003,14,,das,אֶ֖בֶן,8,False,,
18028003,15,,Gestein,אֶ֖בֶן,8,False,,
18028003,16,,der,אֹ֣פֶל,9,False,,
18028003,17,,Finsternis,אֹ֣פֶל,9,False,,
18028003,18,,und,וְצַלְמָֽוֶת׃,10,False,,
18028003,19,,des,וְצַלְמָֽוֶת׃,10,False,,
18028003,20,,Todesschattens,וְצַלְמָֽוֶת׃,10,False,,
18028004,1,,Er,פָּ֤רַץ,1,False,,
18028004,2,,bricht,פָּ֤רַץ,1,False,,
18028004,3,,einen,נַ֨חַל׀,2,True,,
18028004,4,,Schacht,נַ֨חַל׀,2,False,,
18028004,5,,fern,מֵֽעִם־,3,False,,
18028004,6,,von,מֵֽעִם־,3,False,,
18028004,7,,dem,גָּ֗ר,4,False,,
18028004,8,,Wohnenden,גָּ֗ר,4,False,,
18028004,9,,die,הַֽנִּשְׁכָּחִ֥ים,5,False,,
18028004,10,,von,מִנִּי־,6,False,,
18028004,11,,dem,מִנִּי־,6,False,,
18028004,12,,Fuße,רָ֑גֶל,7,False,,
18028004,13,,Vergessenen,הַֽנִּשְׁכָּחִ֥ים,5,False,,
18028004,14,,hangen,דַּ֖לּוּ,8,False,,
18028004,15,,hinab,נָֽעוּ׃,10,False,,
18028004,16,,fern,מֵאֱנ֣וֹשׁ,9,False,,
18028004,17,,von,מֵאֱנ֣וֹשׁ,9,False,,
18028004,18,,den,מֵאֱנ֣וֹשׁ,9,False,,
18028004,19,,Menschen,מֵאֱנ֣וֹשׁ,9,False,,
18028004,20,,schweben,נָֽעוּ׃,10,False,,
18028004,21,,sie,נָֽעוּ׃,10,False,,
18028005,1,,Die,אֶ֗רֶץ,1,False,,
18028005,2,,Erde,אֶ֗רֶץ,1,False,,
18028005,3,,aus,מִמֶּ֥נָּה,2,False,,
18028005,4,,ihr,מִמֶּ֥נָּה,2,False,,
18028005,5,,kommt,יֵֽצֵא־,3,False,,
18028005,6,,Brot,לָ֑חֶם,4,False,,
18028005,7,,hervor,יֵֽצֵא־,3,False,,
18028005,8,,und,וְ֝תַחְתֶּ֗יהָ,5,False,,
18028005,9,,ihr,וְ֝תַחְתֶּ֗יהָ,5,False,,
18028005,10,,Unteres,וְ֝תַחְתֶּ֗יהָ,5,False,,
18028005,11,,wird,נֶהְפַּ֥ךְ,6,False,,
18028005,12,,zerwühlt,נֶהְפַּ֥ךְ,6,False,,
18028005,13,,wie,כְּמוֹ־,7,False,,
18028005,14,,vom,אֵֽשׁ׃,8,False,,
18028005,15,,Feuer,אֵֽשׁ׃,8,False,,
18028006,1,,Ihr,אֲבָנֶ֑יהָ,3,False,,
18028006,2,,Gestein,אֲבָנֶ֑יהָ,3,False,,
18028006,3,,ist,מְקוֹם־,1,False,,
18028006,4,,der,מְקוֹם־,1,False,,
18028006,5,,Sitz,מְקוֹם־,1,False,,
18028006,6,,des,סַפִּ֥יר,2,False,,
18028006,7,,Saphirs,סַפִּ֥יר,2,False,,
18028006,8,,und,וְעַפְרֹ֖ת,4,False,,
18028006,9,,Goldstufen,וְעַפְרֹ֖ת,4,False,,
18028006,10,,sind,לֽוֹ׃,6,False,,
18028006,11,,darin,לֽוֹ׃,6,False,,
18028007,1,,Ein,נָ֭תִיב,1,True,,
18028007,2,,Pfad,נָ֭תִיב,1,False,,
18028007,3,,den,לֹֽא־,2,False,,
18028007,4,,der,לֹֽא־,2,False,,
18028007,5,,Raubvogel,עָ֑יִט,4,False,,
18028007,6,,nicht,לֹֽא־,2,False,,
18028007,7,,kennt,יְדָ֣עוֹ,3,False,,
18028007,8,,und,וְלֹ֥א,5,False,,
18028007,9,,den,וְלֹ֥א,5,False,,
18028007,10,,das,שְׁ֝זָפַ֗תּוּ,6,False,,
18028007,11,,Auge,עֵ֣ין,7,False,,
18028007,12,,des,אַיָּֽה׃,8,False,,
18028007,13,,Habichts,אַיָּֽה׃,8,False,,
18028007,14,,nicht,וְלֹ֥א,5,False,,
18028007,15,,erblickt,שְׁ֝זָפַ֗תּוּ,6,False,,
18028007,16,,hat,שְׁ֝זָפַ֗תּוּ,6,False,,
18028008,1,,den,לֹֽא־,1,False,,
18028008,2,,die,לֹֽא־,1,False,,
18028008,3,,wilden,בְנֵי־,3,False,,
18028008,4,,Tiere,בְנֵי־,3,False,,
18028008,5,,nicht,לֹֽא־,1,False,,
18028008,6,,betreten,הִדְרִיכֻ֥הוּ,2,False,,
18028008,7,,über,עָלָ֣יו,7,False,,
18028008,8,,den,עָלָ֣יו,7,False,,
18028008,9,,der,לֹֽא־,5,False,,
18028008,10,,Löwe,שָֽׁחַל׃,8,False,,
18028008,11,,nicht,לֹֽא־,5,False,,
18028008,12,,hingeschritten,עָדָ֖ה,6,False,,
18028008,13,,ist,עָדָ֖ה,6,False,,
18028009,1,,Er,שָׁלַ֣ח,2,False,,
18028009,2,,legt,שָׁלַ֣ח,2,False,,
18028009,3,,seine,יָד֑וֹ,3,False,,
18028009,4,,Hand,יָד֑וֹ,3,False,,
18028009,5,,an,בַּֽ֭חַלָּמִישׁ,1,False,,
18028009,6,,das,בַּֽ֭חַלָּמִישׁ,1,False,,
18028009,7,,harte,בַּֽ֭חַלָּמִישׁ,1,False,,
18028009,8,,Gestein,בַּֽ֭חַלָּמִישׁ,1,False,,
18028009,9,,wühlt,הָפַ֖ךְ,4,False,,
18028009,10,,die,הָרִֽים׃,6,False,,
18028009,11,,Berge,הָרִֽים׃,6,False,,
18028009,12,,um,הָפַ֖ךְ,4,False,,
18028009,13,,von,מִשֹּׁ֣רֶשׁ,5,False,,
18028009,14,,der,מִשֹּׁ֣רֶשׁ,5,False,,
18028009,15,,Wurzel,מִשֹּׁ֣רֶשׁ,5,False,,
18028009,16,,aus,מִשֹּׁ֣רֶשׁ,5,False,,
18028010,1,,Kanäle,יְאֹרִ֣ים,2,False,,
18028010,2,,haut,בִּקֵּ֑עַ,3,False,,
18028010,3,,er,בִּקֵּ֑עַ,3,False,,
18028010,4,,durch,בַּ֭צּוּרוֹת,1,False,,
18028010,5,,die,בַּ֭צּוּרוֹת,1,False,,
18028010,6,,Felsen,בַּ֭צּוּרוֹת,1,False,,
18028010,7,,und,וְכָל־,4,False,,
18028010,8,,allerlei,וְכָל־,4,False,,
18028010,9,,Köstliches,יְ֝קָ֗ר,5,False,,
18028010,10,,sieht,רָאֲתָ֥ה,6,False,,
18028010,11,,sein,עֵינֽוֹ׃,7,False,,
18028010,12,,Auge,עֵינֽוֹ׃,7,False,,
18028011,1,,Er,חִבֵּ֑שׁ,3,False,,
18028011,2,,dämmt,חִבֵּ֑שׁ,3,False,,
18028011,3,,Flüsse,נְהָר֣וֹת,2,False,,
18028011,4,,ein,מִ֭בְּכִי,1,False,,
18028011,5,,daß,מִ֭בְּכִי,1,False,,
18028011,6,,sie,מִ֭בְּכִי,1,False,,
18028011,7,,nicht,מִ֭בְּכִי,1,False,,
18028011,8,,durchsickern,מִ֭בְּכִי,1,False,,
18028011,9,,und,וְ֝תַעֲלֻמָ֗הּ,4,False,,
18028011,10,,Verborgenes,וְ֝תַעֲלֻמָ֗הּ,4,False,,
18028011,11,,zieht,יֹ֣צִא,5,False,,
18028011,12,,er,יֹ֣צִא,5,False,,
18028011,13,,hervor,יֹ֣צִא,5,False,,
18028011,14,,an,אֽוֹר׃ פ,6,False,,
18028011,15,,das,אֽוֹר׃ פ,6,False,,
18028011,16,,Licht,אֽוֹר׃ פ,6,False,,
18028012,1,,Aber,וְֽ֭הַחָכְמָה,1,False,,
18028012,2,1,die,וְֽ֭הַחָכְמָה,1,True,,
18028012,3,,Weisheit,וְֽ֭הַחָכְמָה,1,False,,
18028012,4,,wo,מֵאַ֣יִן,2,False,,
18028012,5,,wird,תִּמָּצֵ֑א,3,False,,
18028012,6,1,sie,תִּמָּצֵ֑א,3,True,,
18028012,7,,erlangt,תִּמָּצֵ֑א,3,False,,
18028012,8,,und,וְאֵ֥י,4,False,,
18028012,9,,welches,וְאֵ֥י,4,False,,
18028012,10,,ist,זֶ֝ה,5,False,,
18028012,11,1,die,מְק֣וֹם,6,True,,
18028012,12,,Stätte,מְק֣וֹם,6,False,,
18028012,13,1,des,בִּינָֽה׃,7,True,,
18028012,14,,Verstandes,בִּינָֽה׃,7,False,,
18028013,1,,Kein,לֹא־,1,False,,
18028013,2,,Mensch,אֱנ֣וֹשׁ,3,False,,
18028013,3,,kennt,יָדַ֣ע,2,False,,
18028013,4,,ihren,עֶרְכָּ֑הּ,4,False,,
18028013,5,,Wert,עֶרְכָּ֑הּ,4,False,,
18028013,6,,und,וְלֹ֥א,5,False,,
18028013,7,,im,בְּאֶ֣רֶץ,7,False,,
18028013,8,,Lande,בְּאֶ֣רֶץ,7,False,,
18028013,9,,der,הַֽחַיִּֽים׃,8,False,,
18028013,10,,Lebendigen,הַֽחַיִּֽים׃,8,False,,
18028013,11,,wird,תִ֝מָּצֵ֗א,6,False,,
18028013,12,,sie,תִ֝מָּצֵ֗א,6,False,,
18028013,13,1,nicht,תִ֝מָּצֵ֗א,6,True,,
18028013,14,,gefunden,תִ֝מָּצֵ֗א,6,False,,
18028014,1,1,Die,תְּה֣וֹם,1,True,,
18028014,2,,Tiefe,תְּה֣וֹם,1,False,,
18028014,3,,spricht,אָ֭מַר,2,False,,
18028014,4,,Sie,הִ֑יא,5,False,,
18028014,5,,ist,הִ֑יא,5,False,,
18028014,6,,nicht,לֹ֣א,3,False,,
18028014,7,,in,בִי־,4,False,,
18028014,8,,mir,בִי־,4,False,,
18028014,9,,und,וְיָ֥ם,6,False,,
18028014,10,1,das,וְיָ֥ם,6,True,,
18028014,11,,Meer,וְיָ֥ם,6,False,,
18028014,12,,spricht,אָ֝מַ֗ר,7,False,,
18028014,13,,Sie,הִ֑יא,5,False,,
18028014,14,,ist,אֵ֣ין,8,False,,
18028014,15,,nicht,אֵ֣ין,8,False,,
18028014,16,,bei,עִמָּדִֽי׃,9,False,,
18028014,17,,mir,עִמָּדִֽי׃,9,False,,
18028015,1,,Geläutertes,סְג֣וֹר,3,False,,
18028015,2,,Gold,סְג֣וֹר,3,False,,
18028015,3,,kann,יֻתַּ֣ן,2,False,,
18028015,4,,nicht,לֹא־,1,False,,
18028015,5,,für,תַּחְתֶּ֑יהָ,4,False,,
18028015,6,,sie,תַּחְתֶּ֑יהָ,4,False,,
18028015,7,,gegeben,יֻתַּ֣ן,2,False,,
18028015,8,,und,וְלֹ֥א,5,False,,
18028015,9,,Silber,כֶּ֣סֶף,7,False,,
18028015,10,,nicht,וְלֹ֥א,5,False,,
18028015,11,,dargewogen,יִ֝שָּׁקֵ֗ל,6,False,,
18028015,12,,werden,יִ֝שָּׁקֵ֗ל,6,False,,
18028015,13,,als,מְחִירָֽהּ׃,8,False,,
18028015,14,,ihr,מְחִירָֽהּ׃,8,False,,
18028015,15,,Kaufpreis,מְחִירָֽהּ׃,8,False,,
18028016,1,,Sie,תְ֭סֻלֶּה,2,False,,
18028016,2,,wird,תְ֭סֻלֶּה,2,False,,
18028016,3,,nicht,לֹֽא־,1,False,,
18028016,4,,aufgewogen,תְ֭סֻלֶּה,2,False,,
18028016,5,,mit,בְּכֶ֣תֶם,3,False,,
18028016,6,,Gold,בְּכֶ֣תֶם,3,False,,
18028016,7,,von,אוֹפִ֑יר,4,False,,
18028016,8,,Ophir,אוֹפִ֑יר,4,False,,
18028016,9,,mit,בְּשֹׁ֖הַם,5,False,,
18028016,10,,kostbarem,יָקָ֣ר,6,False,,
18028016,11,,Onyx,בְּשֹׁ֖הַם,5,False,,
18028016,12,,und,וְסַפִּֽיר׃,7,False,,
18028016,13,,Saphir,וְסַפִּֽיר׃,7,False,,
18028017,1,,Gold,זָ֭הָב,3,False,,
18028017,2,,und,וּזְכוֹכִ֑ית,4,False,,
18028017,3,,Glas,וּזְכוֹכִ֑ית,4,False,,
18028017,4,,kann,יַעַרְכֶ֣נָּה,2,False,,
18028017,5,,man,יַעַרְכֶ֣נָּה,2,False,,
18028017,6,,ihr,יַעַרְכֶ֣נָּה,2,False,,
18028017,7,,nicht,לֹא־,1,False,,
18028017,8,,gleichstellen,יַעַרְכֶ֣נָּה,2,False,,
18028017,9,,noch,וּתְמ֖וּרָתָ֣הּ,5,False,,
18028017,10,,sie,וּתְמ֖וּרָתָ֣הּ,5,False,,
18028017,11,,eintauschen,וּתְמ֖וּרָתָ֣הּ,5,False,,
18028017,12,,gegen,כְּלִי־,6,False,,
18028017,13,1,ein,כְּלִי־,6,True,,
18028017,14,,Gerät,כְּלִי־,6,False,,
18028017,15,,von,פָֽז׃,7,False,,
18028017,16,,gediegenem,פָֽז׃,7,False,,
18028017,17,,Golde,פָֽז׃,7,False,,
18028018,1,,Korallen,רָאמ֣וֹת,1,False,,
18028018,2,,und,וְ֭גָבִישׁ,2,False,,
18028018,3,,Krystall,וְ֭גָבִישׁ,2,False,,
18028018,4,,kommen,יִזָּכֵ֑ר,4,False,,
18028018,5,,neben,יִזָּכֵ֑ר,4,False,,
18028018,6,,ihr,יִזָּכֵ֑ר,4,False,,
18028018,7,,nicht,לֹ֣א,3,False,,
18028018,8,,in,מִפְּנִינִֽים׃,7,False,,
18028018,9,,Erwähnung,יִזָּכֵ֑ר,4,False,,
18028018,10,,und,חָ֝כְמָ֗ה,6,False,,
18028018,11,1,der,חָ֝כְמָ֗ה,6,True,,
18028018,12,,Besitz,וּמֶ֥שֶׁךְ,5,False,,
18028018,13,1,der,חָ֝כְמָ֗ה,6,True,,
18028018,14,,Weisheit,חָ֝כְמָ֗ה,6,False,,
18028018,15,,ist,חָ֝כְמָ֗ה,6,False,,
18028018,16,,mehr,חָ֝כְמָ֗ה,6,False,,
18028018,17,,wert,חָ֝כְמָ֗ה,6,False,,
18028018,18,,als,מִפְּנִינִֽים׃,7,False,,
18028018,19,,Perlen,מִפְּנִינִֽים׃,7,False,,
18028019,1,,Nicht,לֹֽא־,1,False,,
18028019,2,,kann,יַ֭עַרְכֶנָּה,2,False,,
18028019,3,,man,יַ֭עַרְכֶנָּה,2,False,,
18028019,4,,ihr,יַ֭עַרְכֶנָּה,2,False,,
18028019,5,,gleichstellen,יַ֭עַרְכֶנָּה,2,False,,
18028019,6,1,den,פִּטְדַת־,3,True,,
18028019,7,,Topas,פִּטְדַת־,3,False,,
18028019,8,,von,כּ֑וּשׁ,4,False,,
18028019,9,,Äthiopien,כּ֑וּשׁ,4,False,,
18028019,10,,mit,בְּכֶ֥תֶם,5,False,,
18028019,11,,feinem,טָ֝ה֗וֹר,6,False,,
18028019,12,,Golde,בְּכֶ֥תֶם,5,False,,
18028019,13,,wird,תְסֻלֶּֽה׃ פ,8,False,,
18028019,14,,sie,תְסֻלֶּֽה׃ פ,8,False,,
18028019,15,,nicht,לֹ֣א,7,False,,
18028019,16,,aufgewogen,תְסֻלֶּֽה׃ פ,8,False,,
18028020,1,1,Die,וְֽ֭הַחָכְמָה,1,True,,
18028020,2,,Weisheit,וְֽ֭הַחָכְמָה,1,False,,
18028020,3,,nun,מֵאַ֣יִן,2,False,,
18028020,4,,woher,מֵאַ֣יִן,2,False,,
18028020,5,,kommt,תָּב֑וֹא,3,False,,
18028020,6,,sie,תָּב֑וֹא,3,False,,
18028020,7,,und,וְאֵ֥י,4,False,,
18028020,8,,welches,וְאֵ֥י,4,False,,
18028020,9,,ist,זֶ֝֗ה,5,False,,
18028020,10,1,die,מְק֣וֹם,6,True,,
18028020,11,,Stätte,מְק֣וֹם,6,False,,
18028020,12,1,des,בִּינָֽה׃,7,True,,
18028020,13,,Verstandes,בִּינָֽה׃,7,False,,
18028021,1,,Denn,וְֽ֭נֶעֶלְמָה,1,False,,
18028021,2,,sie,וְֽ֭נֶעֶלְמָה,1,False,,
18028021,3,,ist,וְֽ֭נֶעֶלְמָה,1,False,,
18028021,4,,verborgen,וְֽ֭נֶעֶלְמָה,1,False,,
18028021,5,,vor,מֵעֵינֵ֣י,2,False,,
18028021,6,1,den,מֵעֵינֵ֣י,2,True,,
18028021,7,,Augen,מֵעֵינֵ֣י,2,False,,
18028021,8,,aller,כָל־,3,False,,
18028021,9,,Lebendigen,חָ֑י,4,False,,
18028021,10,,und,וּמֵע֖וֹף,5,False,,
18028021,11,,vor,וּמֵע֖וֹף,5,False,,
18028021,12,1,den,הַשָּׁמַ֣יִם,6,True,,
18028021,13,,Vögeln,וּמֵע֖וֹף,5,False,,
18028021,14,1,des,הַשָּׁמַ֣יִם,6,True,,
18028021,15,,Himmels,הַשָּׁמַ֣יִם,6,False,,
18028021,16,,ist,נִסְתָּֽרָה׃,7,False,,
18028021,17,,sie,נִסְתָּֽרָה׃,7,False,,
18028021,18,,verhüllt,נִסְתָּֽרָה׃,7,False,,
18028022,1,1,Der,אֲבַדּ֣וֹן,1,True,,
18028022,2,,Abgrund,אֲבַדּ֣וֹן,1,False,,
18028022,3,,und,וָ֭מָוֶת,2,False,,
18028022,4,1,der,וָ֭מָוֶת,2,True,,
18028022,5,,Tod,וָ֭מָוֶת,2,False,,
18028022,6,,sagen,אָ֣מְר֑וּ,3,False,,
18028022,7,,Mit,בְּ֝אָזְנֵ֗ינוּ,4,False,,
18028022,8,,unseren,בְּ֝אָזְנֵ֗ינוּ,4,False,,
18028022,9,,Ohren,בְּ֝אָזְנֵ֗ינוּ,4,False,,
18028022,10,,haben,שָׁמַ֥עְנוּ,5,False,,
18028022,11,,wir,שָׁמַ֥עְנוּ,5,False,,
18028022,12,1,ein,שִׁמְעָֽהּ׃,6,True,,
18028022,13,,Gerücht,שִׁמְעָֽהּ׃,6,False,,
18028022,14,,von,שִׁמְעָֽהּ׃,6,False,,
18028022,15,,ihr,שִׁמְעָֽהּ׃,6,False,,
18028022,16,,gehört,שָׁמַ֥עְנוּ,5,False,,
18028023,1,,Gott,אֱ֭לֹהִים,1,False,,
18028023,2,,versteht,הֵבִ֣ין,2,False,,
18028023,3,,ihren,דַּרְכָּ֑הּ,3,False,,
18028023,4,,Weg,דַּרְכָּ֑הּ,3,False,,
18028023,5,,und,וְ֝ה֗וּא,4,False,,
18028023,6,,er,וְ֝ה֗וּא,4,False,,
18028023,7,,kennt,יָדַ֥ע,5,False,,
18028023,8,,ihre,מְקוֹמָֽהּ׃,7,False,,
18028023,9,,Stätte,מְקוֹמָֽהּ׃,7,False,,
18028024,1,,Denn,כִּי־,1,False,,
18028024,2,,er,ה֭וּא,2,False,,
18028024,3,,schaut,יַבִּ֑יט,5,False,,
18028024,4,,bis,לִקְצוֹת־,3,False,,
18028024,5,,zu,לִקְצוֹת־,3,False,,
18028024,6,1,den,הָאָ֣רֶץ,4,True,,
18028024,7,,Enden,לִקְצוֹת־,3,False,,
18028024,8,1,der,הָאָ֣רֶץ,4,True,,
18028024,9,,Erde,הָאָ֣רֶץ,4,False,,
18028024,10,,unter,תַּ֖חַת,6,False,,
18028024,11,1,dem,כָּל־,7,True,,
18028024,12,,ganzen,כָּל־,7,False,,
18028024,13,,Himmel,הַשָּׁמַ֣יִם,8,False,,
18028024,14,,sieht,יִרְאֶֽה׃,9,False,,
18028024,15,,er,יִרְאֶֽה׃,9,False,,
18028025,1,,Als,לַעֲשׂ֣וֹת,1,False,,
18028025,2,,er,לַעֲשׂ֣וֹת,1,False,,
18028025,3,1,dem,לָר֣וּחַ,2,True,,
18028025,4,,Winde,לָר֣וּחַ,2,False,,
18028025,5,1,ein,מִשְׁקָ֑ל,3,True,,
18028025,6,,Gewicht,מִשְׁקָ֑ל,3,False,,
18028025,7,,bestimmte,לַעֲשׂ֣וֹת,1,False,,
18028025,8,,und,וּ֝מַ֗יִם,4,False,,
18028025,9,1,die,וּ֝מַ֗יִם,4,True,,
18028025,10,,Wasser,וּ֝מַ֗יִם,4,False,,
18028025,11,,mit,בְּמִדָּֽה׃,6,False,,
18028025,12,1,dem,בְּמִדָּֽה׃,6,True,,
18028025,13,,Maße,בְּמִדָּֽה׃,6,False,,
18028025,14,,abwog,תִּכֵּ֥ן,5,False,,
18028026,1,,als,בַּעֲשֹׂת֣וֹ,1,False,,
18028026,2,,er,בַּעֲשֹׂת֣וֹ,1,False,,
18028026,3,1,dem,לַמָּטָ֣ר,2,True,,
18028026,4,,Regen,לַמָּטָ֣ר,2,False,,
18028026,5,1,ein,חֹ֑ק,3,True,,
18028026,6,,Gesetz,חֹ֑ק,3,False,,
18028026,7,,bestimmte,בַּעֲשֹׂת֣וֹ,1,False,,
18028026,8,,und,וְ֝דֶ֗רֶךְ,4,False,,
18028026,9,1,eine,וְ֝דֶ֗רֶךְ,4,True,,
18028026,10,,Bahn,וְ֝דֶ֗רֶךְ,4,False,,
18028026,11,1,dem,לַחֲזִ֥יז,5,True,,
18028026,12,,Donnerstrahl,לַחֲזִ֥יז,5,False,,
18028027,1,,da,אָ֣ז,1,False,,
18028027,2,,sah,רָ֭אָהּ,2,False,,
18028027,3,,er,רָ֭אָהּ,2,True,,
18028027,4,,sie,רָ֭אָהּ,2,True,,
18028027,5,,und,וַֽיְסַפְּרָ֑הּ,3,False,,
18028027,6,,tat,וַֽיְסַפְּרָ֑הּ,3,False,,
18028027,7,,sie,וַֽיְסַפְּרָ֑הּ,3,True,,
18028027,8,,kund,וַֽיְסַפְּרָ֑הּ,3,True,,
18028027,9,,er,הֱ֝כִינָ֗הּ,4,True,,
18028027,10,,setzte,הֱ֝כִינָ֗הּ,4,False,,
18028027,11,,sie,הֱ֝כִינָ֗הּ,4,True,,
18028027,12,,ein,הֱ֝כִינָ֗הּ,4,True,,
18028027,13,,und,וְגַם־,5,False,,
18028027,14,,durchforschte,חֲקָרָֽהּ׃,6,False,,
18028027,15,,sie,חֲקָרָֽהּ׃,6,True,,
18028027,16,,auch,וְגַם־,5,True,,
18028028,1,,Und,וַיֹּ֤אמֶר׀,1,False,,
18028028,2,,zu,לָֽאָדָ֗ם,2,False,,
18028028,3,,dem,לָֽאָדָ֗ם,2,True,,
18028028,4,,Menschen,לָֽאָדָ֗ם,2,False,,
18028028,5,,sprach,וַיֹּ֤אמֶר׀,1,False,,
18028028,6,,er,וַיֹּ֤אמֶר׀,1,True,,
18028028,7,,Siehe,הֵ֤ן,3,False,,
18028028,8,,die,יִרְאַ֣ת,4,True,,
18028028,9,,Furcht,יִרְאַ֣ת,4,False,,
18028028,10,,des,אֲ֭דֹנָי,5,True,,
18028028,11,,Herrn,אֲ֭דֹנָי,5,False,,
18028028,12,,ist,הִ֣יא,6,False,,
18028028,13,,Weisheit,חָכְמָ֑ה,7,False,,
18028028,14,,und,וְס֖וּר,8,False,,
18028028,15,,vom,מֵרָ֣ע,9,False,,
18028028,16,,Bösen,מֵרָ֣ע,9,False,,
18028028,17,,weichen,וְס֖וּר,8,False,,
18028028,18,,ist,בִּינָֽה׃ ס,10,True,,
18028028,19,,Verstand,בִּינָֽה׃ ס,10,False,,
18029001,1,,Und,וַיֹּ֣סֶף,1,False,,
18029001,2,,Hiob,אִ֭יּוֹב,2,False,,
18029001,3,,fuhr,וַיֹּ֣סֶף,1,False,,
18029001,4,,fort,וַיֹּ֣סֶף,1,True,,
18029001,5,,seinen,מְשָׁל֗וֹ,4,True,,
18029001,6,,Spruch,מְשָׁל֗וֹ,4,False,,
18029001,7,,anzuheben,שְׂאֵ֥ת,3,False,,
18029001,8,,und,וַיֹּאמַֽר׃,5,False,,
18029001,9,,sprach,וַיֹּאמַֽר׃,5,False,,
18029002,1,,O,מִֽי־,1,False,,
18029002,2,,daß,מִֽי־,1,True,,
18029002,3,,ich,יִתְּנֵ֥נִי,2,True,,
18029002,4,,wäre,יִתְּנֵ֥נִי,2,False,,
18029002,5,,wie,כְיַרְחֵי־,3,False,,
18029002,6,,in,כְיַרְחֵי־,3,True,,
18029002,7,,den,כְיַרְחֵי־,3,True,,
18029002,8,,Monden,כְיַרְחֵי־,3,False,,
18029002,9,,der,קֶ֑דֶם,4,False,,
18029002,10,,Vorzeit,קֶ֑דֶם,4,False,,
18029002,11,,wie,כִּ֝ימֵ֗י,5,False,,
18029002,12,,in,כִּ֝ימֵ֗י,5,True,,
18029002,13,,den,כִּ֝ימֵ֗י,5,True,,
18029002,14,,Tagen,כִּ֝ימֵ֗י,5,False,,
18029002,15,,da,אֱל֣וֹהַּ,6,True,,
18029002,16,,Gott,אֱל֣וֹהַּ,6,False,,
18029002,17,,mich,יִשְׁמְרֵֽנִי׃,7,True,,
18029002,18,,bewahrte,יִשְׁמְרֵֽנִי׃,7,False,,
18029003,1,,als,בְּהִלּ֣וֹ,1,False,,
18029003,2,,seine,נֵ֭רוֹ,2,True,,
18029003,3,,Leuchte,נֵ֭רוֹ,2,False,,
18029003,4,,über,עֲלֵ֣י,3,False,,
18029003,5,,meinem,רֹאשִׁ֑י,4,True,,
18029003,6,,Haupte,רֹאשִׁ֑י,4,False,,
18029003,7,,schien,בְּהִלּ֣וֹ,1,True,,
18029003,8,,und,לְ֝אוֹרוֹ,5,False,,
18029003,9,,ich,אֵ֣לֶךְ,6,True,,
18029003,10,,bei,לְ֝אוֹרוֹ,5,True,,
18029003,11,,seinem,לְ֝אוֹרוֹ,5,True,,
18029003,12,,Lichte,לְ֝אוֹרוֹ,5,False,,
18029003,13,,durch,חֹֽשֶׁךְ׃,7,True,,
18029003,14,,die,חֹֽשֶׁךְ׃,7,True,,
18029003,15,,Finsternis,חֹֽשֶׁךְ׃,7,False,,
18029003,16,,wandelte,אֵ֣לֶךְ,6,False,,
18029004,1,,wie,כַּאֲשֶׁ֣ר,1,False,,
18029004,2,,ich,הָ֭יִיתִי,2,True,,
18029004,3,,war,הָ֭יִיתִי,2,False,,
18029004,4,,in,בִּימֵ֣י,3,False,,
18029004,5,,den,בִּימֵ֣י,3,True,,
18029004,6,,Tagen,בִּימֵ֣י,3,False,,
18029004,7,,meiner,חָרְפִּ֑י,4,True,,
18029004,8,,Reife,חָרְפִּ֑י,4,False,,
18029004,9,,als,בְּס֥וֹד,5,True,,
18029004,10,,das,בְּס֥וֹד,5,True,,
18029004,11,,Vertrauen,בְּס֥וֹד,5,False,,
18029004,12,,Gottes,אֱ֝ל֗וֹהַּ,6,False,,
18029004,13,,über,עֲלֵ֣י,7,False,,
18029004,14,,meinem,אָהֳלִֽי׃,8,True,,
18029004,15,,Zelte,אָהֳלִֽי׃,8,False,,
18029004,16,,waltete,בְּס֥וֹד,5,False,,
18029005,1,,als,בְּע֣וֹד,1,False,,
18029005,2,,der,בְּע֣וֹד,1,True,,
18029005,2,,der,שַׁ֭דַּי,2,False,,
18029005,3,,Allmächtige,שַׁ֭דַּי,2,False,,
18029005,4,,noch,בְּע֣וֹד,1,True,,
18029005,5,,mit,עִמָּדִ֑י,3,False,,
18029005,6,,mir,עִמָּדִ֑י,3,True,,
18029005,7,,war,עִמָּדִ֑י,3,False,,
18029005,8,,meine,סְבִ֖יבוֹתַ֣י,4,True,,
18029005,8,,meine,נְעָרָֽי׃,5,True,,
18029005,9,,Knaben,נְעָרָֽי׃,5,False,,
18029005,10,,rings,סְבִ֖יבוֹתַ֣י,4,False,,
18029005,11,,um,סְבִ֖יבוֹתַ֣י,4,False,,
18029005,12,,mich,סְבִ֖יבוֹתַ֣י,4,True,,
18029005,13,,her,סְבִ֖יבוֹתַ֣י,4,False,,
18029006,1,,als,בִּרְחֹ֣ץ,1,False,,
18029006,2,,meine,הֲלִיכַ֣י,2,True,,
18029006,3,,Schritte,הֲלִיכַ֣י,2,False,,
18029006,4,,sich,בִּרְחֹ֣ץ,1,True,,
18029006,5,,in,בְּחֵמָ֑ה,3,False,,
18029006,6,,Milch,בְּחֵמָ֑ה,3,False,,
18029006,7,,badeten,בִּרְחֹ֣ץ,1,False,,
18029006,8,,und,וְצ֥וּר,4,False,,
18029006,9,,der,וְצ֥וּר,4,True,,
18029006,10,,Fels,וְצ֥וּר,4,False,,
18029006,11,,neben,יָצ֥וּק,5,False,,
18029006,12,,mir,עִ֝מָּדִ֗י,6,False,,
18029006,13,,Ölbäche,פַּלְגֵי־,7,False,,
18029006,14,,ergoß,יָצ֥וּק,5,True,,
18029007,1,,als,בְּצֵ֣אתִי,1,False,,
18029007,2,,ich,בְּצֵ֣אתִי,1,True,,
18029007,3,,durch,שַׁ֣עַר,2,True,,
18029007,4,,das,שַׁ֣עַר,2,True,,
18029007,5,,Tor,שַׁ֣עַר,2,False,,
18029007,6,,in,עֲלֵי־,3,False,,
18029007,7,,die,קָ֑רֶת,4,False,,
18029007,8,,Stadt,קָ֑רֶת,4,False,,
18029007,9,,hineinging,בְּצֵ֣אתִי,1,False,,
18029007,10,,meinen,מוֹשָׁבִֽי׃,7,True,,
18029007,11,,Sitz,מוֹשָׁבִֽי׃,7,False,,
18029007,12,,auf,בָּ֝רְח֗וֹב,5,False,,
18029007,13,,dem,בָּ֝רְח֗וֹב,5,True,,
18029007,14,,Platze,בָּ֝רְח֗וֹב,5,False,,
18029007,15,,aufstellte,אָכִ֥ין,6,False,,
18029008,1,,Die,רָא֣וּנִי,1,False,,
18029008,2,,Jünglinge,נְעָרִ֣ים,2,False,,
18029008,3,,sahen,רָא֣וּנִי,1,False,,
18029008,4,,mich,רָא֣וּנִי,1,True,,
18029008,5,,und,וְנֶחְבָּ֑אוּ,3,False,,
18029008,6,,verbargen,וְנֶחְבָּ֑אוּ,3,False,,
18029008,7,,sich,וְנֶחְבָּ֑אוּ,3,True,,
18029008,8,,und,וִֽ֝ישִׁישִׁים,4,False,,
18029008,9,,die,וִֽ֝ישִׁישִׁים,4,True,,
18029008,10,,Greise,וִֽ֝ישִׁישִׁים,4,False,,
18029008,11,,erhoben,קָ֣מוּ,5,False,,
18029008,12,,sich,קָ֣מוּ,5,True,,
18029008,13,,blieben,עָמָֽדוּ׃,6,False,,
18029008,14,,stehen,עָמָֽדוּ׃,6,False,,
18029009,1,,die,שָׂ֭רִים,1,False,,
18029009,2,,Fürsten,שָׂ֭רִים,1,False,,
18029009,3,,hielten,עָצְר֣וּ,2,False,,
18029009,4,,die,בְמִלִּ֑ים,3,True,,
18029009,5,,Worte,בְמִלִּ֑ים,3,False,,
18029009,6,,zurück,עָצְר֣וּ,2,True,,
18029009,7,,und,וְ֝כַ֗ף,4,False,,
18029009,8,,legten,יָשִׂ֥ימוּ,5,False,,
18029009,9,,die,לְפִיהֶֽם׃,6,True,,
18029009,10,,Hand,לְפִיהֶֽם׃,6,True,,
18029009,11,,auf,יָשִׂ֥ימוּ,5,True,,
18029009,12,,ihren,לְפִיהֶֽם׃,6,True,,
18029009,13,,Mund,לְפִיהֶֽם׃,6,False,,
18029010,1,,die,קוֹל־,1,False,,
18029010,2,,Stimme,קוֹל־,1,False,,
18029010,3,,der,נְגִידִ֥ים,2,False,,
18029010,4,,Vornehmen,נְגִידִ֥ים,2,False,,
18029010,5,,verstummte,נֶחְבָּ֑אוּ,3,False,,
18029010,6,,und,וּ֝לְשׁוֹנָ֗ם,4,False,,
18029010,7,,ihre,וּ֝לְשׁוֹנָ֗ם,4,True,,
18029010,8,,Zunge,וּ֝לְשׁוֹנָ֗ם,4,False,,
18029010,9,,klebte,דָּבֵֽקָה׃,6,False,,
18029010,10,,an,לְחִכָּ֥ם,5,False,,
18029010,11,,ihrem,לְחִכָּ֥ם,5,True,,
18029010,12,,Gaumen,לְחִכָּ֥ם,5,False,,
18029011,1,,Denn,כִּ֤י,1,False,,
18029011,2,,wenn,כִּ֤י,1,True,,
18029011,3,,das,אֹ֣זֶן,2,True,,
18029011,4,,Ohr,אֹ֣זֶן,2,False,,
18029011,5,,von,שָׁ֭מְעָה,3,True,,
18029011,6,,mir,שָׁ֭מְעָה,3,True,,
18029011,7,,hörte,שָׁ֭מְעָה,3,False,,
18029011,8,,so,וַֽתְּאַשְּׁרֵ֑נִי,4,False,,
18029011,9,,pries,וַֽתְּאַשְּׁרֵ֑נִי,4,False,,
18029011,10,,es,וַֽתְּאַשְּׁרֵ֑נִי,4,True,,
18029011,11,,mich,וַֽתְּאַשְּׁרֵ֑נִי,4,True,,
18029011,12,,glücklich,וַֽתְּאַשְּׁרֵ֑נִי,4,True,,
18029011,13,,und,וְעַ֥יִן,5,False,,
18029011,14,,wenn,וְעַ֥יִן,5,True,,
18029011,15,,das,רָ֝אֲתָ֗ה,6,True,,
18029011,16,,Auge,רָ֝אֲתָ֗ה,6,False,,
18029011,17,,mich,רָ֝אֲתָ֗ה,6,True,,
18029011,18,,sah,רָ֝אֲתָ֗ה,6,False,,
18029011,19,,so,וַתְּעִידֵֽנִי׃,7,False,,
18029011,20,,legte,וַתְּעִידֵֽנִי׃,7,False,,
18029011,21,,es,וַתְּעִידֵֽנִי׃,7,True,,
18029011,22,,Zeugnis,וַתְּעִידֵֽנִי׃,7,True,,
18029011,23,,von,וַתְּעִידֵֽנִי׃,7,True,,
18029011,24,,mir,וַתְּעִידֵֽנִי׃,7,True,,
18029011,25,,ab,וַתְּעִידֵֽנִי׃,7,True,,
18029012,1,,Denn,כִּֽי־,1,False,,
18029012,2,,ich,אֲ֭מַלֵּט,2,True,,
18029012,3,,befreite,אֲ֭מַלֵּט,2,False,,
18029012,4,,den,עָנִ֣י,3,True,,
18029012,5,,Elenden,עָנִ֣י,3,False,,
18029012,6,,der,מְשַׁוֵּ֑עַ,4,False,,
18029012,7,,um,מְשַׁוֵּ֑עַ,4,True,,
18029012,8,,Hülfe,מְשַׁוֵּ֑עַ,4,True,,
18029012,9,,rief,מְשַׁוֵּ֑עַ,4,False,,
18029012,10,,und,וְ֝יָת֗וֹם,5,False,,
18029012,11,,die,וְ֝יָת֗וֹם,5,True,,
18029012,12,,Waise,וְ֝יָת֗וֹם,5,False,,
18029012,13,,die,וְֽלֹא־,6,False,,
18029012,14,,keinen,וְֽלֹא־,6,False,,
18029012,15,,Helfer,עֹזֵ֥ר,7,False,,
18029012,16,,hatte,לֽוֹ׃,8,False,,
18029013,1,,Der,בִּרְכַּ֣ת,1,False,,
18029013,2,,Segen,בִּרְכַּ֣ת,1,False,,
18029013,3,,des,אֹ֭בֵד,2,True,,
18029013,4,,Umkommenden,אֹ֭בֵד,2,False,,
18029013,5,,kam,תָּבֹ֑א,4,False,,
18029013,6,,über,עָלַ֣י,3,False,,
18029013,7,,mich,עָלַ֣י,3,True,,
18029013,8,,und,וְלֵ֖ב,5,False,,
18029013,9,,das,אַלְמָנָ֣ה,6,True,,
18029013,10,,Herz,וְלֵ֖ב,5,False,,
18029013,11,,der,אַלְמָנָ֣ה,6,True,,
18029013,12,,Witwe,אַלְמָנָ֣ה,6,False,,
18029013,13,,machte,אַרְנִֽן׃,7,False,,
18029013,14,,ich,אַרְנִֽן׃,7,True,,
18029013,15,,jubeln,אַרְנִֽן׃,7,False,,
18029014,1,,Ich,לָ֭בַשְׁתִּי,2,False,,
18029014,2,,kleidete,לָ֭בַשְׁתִּי,2,False,,
18029014,3,,mich,לָ֭בַשְׁתִּי,2,False,,
18029014,4,,in,צֶ֣דֶק,1,True,,
18029014,5,,Gerechtigkeit,צֶ֣דֶק,1,False,,
18029014,6,,und,וַיִּלְבָּשֵׁ֑נִי,3,False,,
18029014,7,,sie,וַיִּלְבָּשֵׁ֑נִי,3,False,,
18029014,8,,bekleidete,וַיִּלְבָּשֵׁ֑נִי,3,False,,
18029014,9,,mich,וַיִּלְבָּשֵׁ֑נִי,3,False,,
18029014,10,,wie,כִּֽמְעִ֥יל,4,False,,
18029014,11,,in,כִּֽמְעִ֥יל,4,False,,
18029014,12,,Oberkleid,כִּֽמְעִ֥יל,4,False,,
18029014,13,,und,וְ֝צָנִ֗יף,5,False,,
18029014,14,,Kopfbund,וְ֝צָנִ֗יף,5,False,,
18029014,15,,in,מִשְׁפָּטִֽי׃,6,True,,
18029014,16,,mein,מִשְׁפָּטִֽי׃,6,False,,
18029014,17,,Recht,מִשְׁפָּטִֽי׃,6,False,,
18029015,1,,Auge,עֵינַ֣יִם,1,False,,
18029015,2,,war,הָ֭יִיתִי,2,False,,
18029015,3,,ich,הָ֭יִיתִי,2,False,,
18029015,4,,dem,לַֽעִוֵּ֑ר,3,False,,
18029015,5,,Blinden,לַֽעִוֵּ֑ר,3,False,,
18029015,6,,und,וְרַגְלַ֖יִם,4,False,,
18029015,7,,Fuß,וְרַגְלַ֖יִם,4,False,,
18029015,8,,dem,לַפִּסֵּ֣חַ,5,False,,
18029015,9,,Lahmen,לַפִּסֵּ֣חַ,5,False,,
18029016,1,,Vater,אָ֣ב,1,False,,
18029016,2,,war,אָ֭נֹכִֽי,2,False,,
18029016,3,,ich,אָ֭נֹכִֽי,2,False,,
18029016,4,,den,לָֽאֶבְיוֹנִ֑ים,3,False,,
18029016,5,,Dürftigen,לָֽאֶבְיוֹנִ֑ים,3,False,,
18029016,6,,und,וְרִ֖ב,4,False,,
18029016,7,,die,וְרִ֖ב,4,False,,
18029016,8,,Rechtssache,וְרִ֖ב,4,False,,
18029016,9,,dessen,אֶחְקְרֵֽהוּ׃,7,False,,
18029016,10,,den,לֹא־,5,False,,
18029016,11,,ich,יָדַ֣עְתִּי,6,False,,
18029016,12,,nicht,לֹא־,5,False,,
18029016,13,,kannte,יָדַ֣עְתִּי,6,False,,
18029016,14,,untersuchte,אֶחְקְרֵֽהוּ׃,7,False,,
18029016,15,,ich,אֶחְקְרֵֽהוּ׃,7,False,,
18029017,1,,und,וָֽ֭אֲשַׁבְּרָה,1,False,,
18029017,2,,ich,וָֽ֭אֲשַׁבְּרָה,1,False,,
18029017,3,,zerbrach,וָֽ֭אֲשַׁבְּרָה,1,False,,
18029017,4,,das,מְתַלְּע֣וֹת,2,True,,
18029017,5,,Gebiß,מְתַלְּע֣וֹת,2,False,,
18029017,6,,des,עַוָּ֑ל,3,False,,
18029017,7,,Ungerechten,עַוָּ֑ל,3,False,,
18029017,8,,und,וּ֝מִשִּׁנָּ֗יו,4,False,,
18029017,9,,seinen,וּ֝מִשִּׁנָּ֗יו,4,False,,
18029017,10,,Zähnen,וּ֝מִשִּׁנָּ֗יו,4,False,,
18029017,11,,entriß,אַשְׁלִ֥יךְ,5,False,,
18029017,12,,ich,אַשְׁלִ֥יךְ,5,False,,
18029017,13,,die,טָֽרֶף׃,6,False,,
18029017,14,,Beute,טָֽרֶף׃,6,False,,
18029018,1,,Und,וָ֭אֹמַר,1,False,,
18029018,2,,ich,וָ֭אֹמַר,1,False,,
18029018,3,,sprach,וָ֭אֹמַר,1,False,,
18029018,4,,In,עִם־,2,False,,
18029018,5,,meinem,קִנִּ֣י,3,False,,
18029018,6,,Neste,קִנִּ֣י,3,False,,
18029018,7,,werde,אֶגְוָ֑ע,4,False,,
18029018,8,,ich,אֶגְוָ֑ע,4,False,,
18029018,9,,verscheiden,אֶגְוָ֑ע,4,False,,
18029018,10,,und,וְ֝כַח֗וֹל,5,False,,
18029018,11,,meine,אַרְבֶּ֥ה,6,False,,
18029018,12,,Tage,יָמִֽים׃,7,False,,
18029018,13,,vermehren,אַרְבֶּ֥ה,6,False,,
18029018,14,,wie,וְ֝כַח֗וֹל,5,False,,
18029018,15,,der,וְ֝כַח֗וֹל,5,False,,
18029018,16,,Sand,וְ֝כַח֗וֹל,5,False,,
18029019,1,,meine,שָׁרְשִׁ֣י,1,False,,
18029019,2,,Wurzel,שָׁרְשִׁ֣י,1,False,,
18029019,3,,wird,פָת֣וּחַ,2,False,,
18029019,4,,ausgebreitet,פָת֣וּחַ,2,False,,
18029019,5,,sein,פָת֣וּחַ,2,False,,
18029019,6,,am,אֱלֵי־,3,False,,
18029019,7,,Wasser,מָ֑יִם,4,False,,
18029019,8,,und,וְ֝טַ֗ל,5,False,,
18029019,9,,der,וְ֝טַ֗ל,5,False,,
18029019,10,,Tau,וְ֝טַ֗ל,5,False,,
18029019,11,,wird,יָלִ֥ין,6,False,,
18029019,12,,übernachten,יָלִ֥ין,6,False,,
18029019,13,,auf,בִּקְצִירִֽי׃,7,False,,
18029019,14,,meinem,בִּקְצִירִֽי׃,7,False,,
18029019,15,,Gezweig,בִּקְצִירִֽי׃,7,False,,
18029020,1,,meine,כְּ֭בוֹדִי,1,False,,
18029020,2,,Ehre,כְּ֭בוֹדִי,1,False,,
18029020,3,,wird,חָדָ֣שׁ,2,False,,
18029020,4,,frisch,חָדָ֣שׁ,2,False,,
18029020,5,,bei,עִמָּדִ֑י,3,False,,
18029020,6,,mir,עִמָּדִ֑י,3,False,,
18029020,7,,bleiben,תַחֲלִֽיף׃,6,False,,
18029020,8,,und,וְ֝קַשְׁתִּ֗י,4,False,,
18029020,9,,mein,וְ֝קַשְׁתִּ֗י,4,False,,
18029020,10,,Bogen,וְ֝קַשְׁתִּ֗י,4,False,,
18029020,11,,sich,תַחֲלִֽיף׃,6,False,,
18029020,12,,in,בְּיָדִ֥י,5,False,,
18029020,13,,meiner,בְּיָדִ֥י,5,False,,
18029020,14,,Hand,בְּיָדִ֥י,5,False,,
18029020,15,,verjüngen,תַחֲלִֽיף׃,6,False,,
18029021,1,,Sie,שָׁמְע֥וּ,2,False,,
18029021,2,,hörten,שָׁמְע֥וּ,2,False,,
18029021,3,,mir,לִֽי־,1,False,,
18029021,4,,zu,לִֽי־,1,False,,
18029021,5,,und,וְיִחֵ֑לּוּ,3,False,,
18029021,6,,harrten,וְיִחֵ֑לּוּ,3,False,,
18029021,7,,und,וְ֝יִדְּמ֗וּ,4,False,,
18029021,8,,horchten,וְ֝יִדְּמ֗וּ,4,False,,
18029021,9,,schweigend,וְ֝יִדְּמ֗וּ,4,False,,
18029021,10,,auf,לְמ֣וֹ,5,False,,
18029021,11,,meinen,עֲצָתִֽי׃,6,False,,
18029021,12,,Rat,עֲצָתִֽי׃,6,False,,
18029022,1,,Nach,אַחֲרֵ֣י,1,False,,
18029022,2,,meinem,דְ֭בָרִי,2,False,,
18029022,3,,Worte,דְ֭בָרִי,2,False,,
18029022,4,,sprachen,יִשְׁנ֑וּ,4,False,,
18029022,5,,sie,יִשְׁנ֑וּ,4,False,,
18029022,6,,nicht,לֹ֣א,3,False,,
18029022,7,,wieder,יִשְׁנ֑וּ,4,False,,
18029022,8,,und,וְ֝עָלֵ֗ימוֹ,5,False,,
18029022,9,,auf,וְ֝עָלֵ֗ימוֹ,5,False,,
18029022,10,,sie,וְ֝עָלֵ֗ימוֹ,5,False,,
18029022,11,,träufelte,תִּטֹּ֥ף,6,False,,
18029022,12,,meine,מִלָּתִֽי׃,7,False,,
18029022,13,,Rede,מִלָּתִֽי׃,7,False,,
18029023,1,,Und,וְיִֽחֲל֣וּ,1,False,,
18029023,2,,sie,וְיִֽחֲל֣וּ,1,False,,
18029023,3,,harrten,וְיִֽחֲל֣וּ,1,False,,
18029023,4,,auf,לִ֑י,3,False,,
18029023,5,,mich,לִ֑י,3,False,,
18029023,6,,wie,כַמָּטָ֣ר,2,False,,
18029023,7,,auf,כַמָּטָ֣ר,2,False,,
18029023,8,,den,כַמָּטָ֣ר,2,False,,
18029023,9,,Regen,כַמָּטָ֣ר,2,False,,
18029023,10,,und,וּ֝פִיהֶ֗ם,4,False,,
18029023,11,,sperrten,פָּעֲר֥וּ,5,False,,
18029023,12,,ihren,וּ֝פִיהֶ֗ם,4,False,,
18029023,13,,Mund,וּ֝פִיהֶ֗ם,4,False,,
18029023,14,,auf,פָּעֲר֥וּ,5,False,,
18029023,15,,wie,לְמַלְקֽוֹשׁ׃,6,False,,
18029023,16,,nach,לְמַלְקֽוֹשׁ׃,6,False,,
18029023,17,,dem,לְמַלְקֽוֹשׁ׃,6,False,,
18029023,18,,Spätregen,לְמַלְקֽוֹשׁ׃,6,False,,
18029024,1,,Ich,אֶשְׂחַ֣ק,1,False,,
18029024,2,,lächelte,אֶשְׂחַ֣ק,1,False,,
18029024,3,,ihnen,אֲ֭לֵהֶם,2,False,,
18029024,4,,zu,אֲ֭לֵהֶם,2,False,,
18029024,5,,wenn,יַאֲמִ֑ינוּ,4,False,,
18029024,6,,sie,יַאֲמִ֑ינוּ,4,False,,
18029024,7,,kein,לֹ֣א,3,False,,
18029024,8,,Vertrauen,יַאֲמִ֑ינוּ,4,False,,
18029024,9,,hatten,יַאֲמִ֑ינוּ,4,False,,
18029024,10,,und,וְא֥וֹר,5,False,,
18029024,11,,das,וְא֥וֹר,5,False,,
18029024,12,,Licht,וְא֥וֹר,5,False,,
18029024,13,,meines,פָּ֝נַ֗י,6,False,,
18029024,14,,Angesichts,פָּ֝נַ֗י,6,False,,
18029024,15,,konnten,יַפִּילֽוּן׃,8,False,,
18029024,16,,sie,יַפִּילֽוּן׃,8,False,,
18029024,17,,nicht,לֹ֣א,7,False,,
18029024,18,,trüben,יַפִּילֽוּן׃,8,False,,
18029025,1,,Ich,אֶֽבֲחַ֣ר,1,False,,
18029025,2,,wählte,אֶֽבֲחַ֣ר,1,False,,
18029025,3,,für,דַּרְכָּם֮,2,False,,
18029025,4,,sie,דַּרְכָּם֮,2,False,,
18029025,5,,den,דַּרְכָּם֮,2,False,,
18029025,6,,Weg,דַּרְכָּם֮,2,False,,
18029025,7,,aus,דַּרְכָּם֮,2,False,,
18029025,8,,und,וְאֵשֵׁ֪ב,3,False,,
18029025,9,,saß,וְאֵשֵׁ֪ב,3,False,,
18029025,10,,als,רֹ֥אשׁ,4,False,,
18029025,11,,Haupt,רֹ֥אשׁ,4,False,,
18029025,12,,und,וְ֭אֶשְׁכּוֹן,5,False,,
18029025,13,,thronte,וְ֭אֶשְׁכּוֹן,5,False,,
18029025,14,,wie,כְּמֶ֣לֶךְ,6,False,,
18029025,15,,ein,כְּמֶ֣לֶךְ,6,False,,
18029025,16,,König,כְּמֶ֣לֶךְ,6,False,,
18029025,17,,unter,בַּגְּד֑וּד,7,False,,
18029025,18,,der,בַּגְּד֑וּד,7,False,,
18029025,19,,Kriegsschar,בַּגְּד֑וּד,7,False,,
18029025,20,,gleichwie,כַּאֲשֶׁ֖ר,8,False,,
18029025,21,,einer,אֲבֵלִ֣ים,9,False,,
18029025,22,,der,אֲבֵלִ֣ים,9,False,,
18029025,23,,Trauernde,אֲבֵלִ֣ים,9,False,,
18029025,24,,tröstet,יְנַחֵֽם׃,10,False,,
18030001,1,,Und,וְעַתָּ֤ה׀,1,False,,
18030001,2,,nun,וְעַתָּ֤ה׀,1,False,,
18030001,3,,lachen,שָֽׂחֲק֣וּ,2,False,,
18030001,4,,über,עָלַי֮,3,False,,
18030001,5,,mich,עָלַי֮,3,False,,
18030001,6,,Jüngere,צְעִירִ֥ים,4,False,,
18030001,7,,als,מִמֶּ֗נִּי,5,False,,
18030001,8,,ich,מִמֶּ֗נִּי,5,False,,
18030001,9,,an,לְיָ֫מִ֥ים,6,False,,
18030001,10,,Jahren,לְיָ֫מִ֥ים,6,False,,
18030001,11,,deren,אֲשֶׁר־,7,False,,
18030001,12,,Väter,אֲבוֹתָ֑ם,9,False,,
18030001,13,,ich,מָאַ֥סְתִּי,8,False,,
18030001,14,,verschmähte,מָאַ֥סְתִּי,8,False,,
18030001,15,,den,לָ֝שִׁ֗ית,10,False,,
18030001,16,,Hunden,כַּלְבֵ֥י,12,False,,
18030001,17,,meiner,צֹאנִֽי׃,13,False,,
18030001,18,,Herde,צֹאנִֽי׃,13,False,,
18030001,19,,beizugesellen,לָ֝שִׁ֗ית,10,False,,
18030002,1,,Wozu,לָ֣מָּה,4,False,,
18030002,2,,sollte,לָ֣מָּה,4,False,,
18030002,3,,mir,לִּ֑י,5,False,,
18030002,4,,auch,גַּם־,1,False,,
18030002,5,,die,כֹּ֣חַ,2,False,,
18030002,6,,Kraft,כֹּ֣חַ,2,False,,
18030002,7,,ihrer,יְ֭דֵיהֶם,3,False,,
18030002,8,,Hände,יְ֭דֵיהֶם,3,False,,
18030002,9,,nützen,אָ֣בַד,7,False,,
18030002,10,,Die,אָ֣בַד,7,False,,
18030002,11,,Rüstigkeit,כָּֽלַח׃,8,False,,
18030002,12,,ist,אָ֣בַד,7,False,,
18030002,13,,bei,לִּ֑י,5,False,,
18030002,14,,ihnen,עָ֝לֵ֗ימוֹ,6,False,,
18030002,15,,verschwunden,כָּֽלַח׃,8,False,,
18030003,1,,Durch,בְּחֶ֥סֶר,1,False,,
18030003,2,,Mangel,בְּחֶ֥סֶר,1,False,,
18030003,3,,und,וּבְכָפָ֗ן,2,False,,
18030003,4,,Hunger,וּבְכָפָ֗ן,2,False,,
18030003,5,,abgezehrt,גַּ֫לְמ֥וּד,3,False,,
18030003,6,,nagen,הַֽעֹרְקִ֥ים,4,False,,
18030003,7,,sie,הַֽעֹרְקִ֥ים,4,False,,
18030003,8,,das,צִיָּ֑ה,5,True,,
18030003,9,,dürre,צִיָּ֑ה,5,False,,
18030003,10,,Land,צִיָּ֑ה,5,False,,
18030003,11,,ab,אֶ֝֗מֶשׁ,6,False,,
18030003,12,,welches,שׁוֹאָ֥ה,7,False,,
18030003,13,,längst,אֶ֝֗מֶשׁ,6,False,,
18030003,14,,öde,שׁוֹאָ֥ה,7,False,,
18030003,15,,und,וּמְשֹׁאָֽה׃,8,False,,
18030003,16,,verödet,וּמְשֹׁאָֽה׃,8,False,,
18030003,17,,ist,וּמְשֹׁאָֽה׃,8,True,,
18030004,1,,sie,הַקֹּטְפִ֣ים,1,False,,
18030004,2,,pflücken,הַקֹּטְפִ֣ים,1,False,,
18030004,3,,Salzkraut,מַלּ֣וּחַ,2,False,,
18030004,4,,bei,עֲלֵי־,3,False,,
18030004,5,,den,עֲלֵי־,3,True,,
18030004,6,,Gesträuchen,שִׂ֑יחַ,4,False,,
18030004,7,,und,וְשֹׁ֖רֶשׁ,5,False,,
18030004,8,,die,וְשֹׁ֖רֶשׁ,5,True,,
18030004,9,,Wurzel,וְשֹׁ֖רֶשׁ,5,False,,
18030004,10,,der,רְתָמִ֣ים,6,True,,
18030004,11,,Ginster,רְתָמִ֣ים,6,False,,
18030004,12,,ist,לַחְמָֽם׃,7,False,,
18030004,13,,ihre,לַחְמָֽם׃,7,False,,
18030004,14,,Speise,לַחְמָֽם׃,7,False,,
18030005,1,,Aus,מִן־,1,False,,
18030005,2,,der,גֵּ֥ו,2,True,,
18030005,3,,Mitte,גֵּ֥ו,2,False,,
18030005,4,,der,יְגֹרָ֑שׁוּ,3,True,,
18030005,5,,Menschen,יְגֹרָ֑שׁוּ,3,False,,
18030005,6,,werden,יְגֹרָ֑שׁוּ,3,False,,
18030005,7,,sie,יְגֹרָ֑שׁוּ,3,False,,
18030005,8,,vertrieben,יְגֹרָ֑שׁוּ,3,False,,
18030005,9,,man,יָרִ֥יעוּ,4,False,,
18030005,10,,schreit,יָרִ֥יעוּ,4,False,,
18030005,11,,über,עָ֝לֵ֗ימוֹ,5,False,,
18030005,12,,sie,עָ֝לֵ֗ימוֹ,5,False,,
18030005,13,,wie,כַּגַּנָּֽב׃,6,False,,
18030005,14,,über,כַּגַּנָּֽב׃,6,False,,
18030005,15,,einen,כַּגַּנָּֽב׃,6,True,,
18030005,16,,Dieb,כַּגַּנָּֽב׃,6,False,,
18030006,1,,In,בַּעֲר֣וּץ,1,False,,
18030006,2,,grausigen,נְחָלִ֣ים,2,False,,
18030006,3,,Klüften,נְחָלִ֣ים,2,False,,
18030006,4,,müssen,לִשְׁכֹּ֑ן,3,False,,
18030006,5,,sie,לִשְׁכֹּ֑ן,3,False,,
18030006,6,,wohnen,לִשְׁכֹּ֑ן,3,False,,
18030006,7,,in,חֹרֵ֖י,4,False,,
18030006,8,,Erdlöchern,חֹרֵ֖י,4,False,,
18030006,9,,und,עָפָ֣ר,5,False,,
18030006,10,,Felsenhöhlen,וְכֵפִֽים׃,6,False,,
18030007,1,,Zwischen,בֵּין־,1,False,,
18030007,2,,Gesträuchen,שִׂיחִ֥ים,2,False,,
18030007,3,,kreischen,יִנְהָ֑קוּ,3,False,,
18030007,4,,sie,יִנְהָ֑קוּ,3,False,,
18030007,5,,unter,תַּ֖חַת,4,False,,
18030007,6,,Dorngestrüpp,חָר֣וּל,5,False,,
18030007,7,,sind,יְסֻפָּֽחוּ׃,6,False,,
18030007,8,,sie,יְסֻפָּֽחוּ׃,6,False,,
18030007,9,,hingestreckt,יְסֻפָּֽחוּ׃,6,False,,
18030008,1,,Kinder,בְּֽנֵי־,1,False,,
18030008,2,,von,נָ֭בָל,2,True,,
18030008,3,,Verworfenen,נָ֭בָל,2,False,,
18030008,4,,ja,גַּם־,3,False,,
18030008,5,,Kinder,בְּנֵ֣י,4,False,,
18030008,6,,von,בְלִי־,5,True,,
18030008,7,,Ehrlosen,בְלִי־,5,False,,
18030008,8,,sind,שֵׁ֑ם,6,False,,
18030008,9,,sie,שֵׁ֑ם,6,False,,
18030008,10,,hinausgepeitscht,נִ֝כְּא֗וּ,7,False,,
18030008,11,,aus,מִן־,8,False,,
18030008,12,,dem,הָאָֽרֶץ׃,9,True,,
18030008,13,,Lande,הָאָֽרֶץ׃,9,False,,
18030009,1,,Und,וְ֭עַתָּה,1,False,,
18030009,2,,nun,וְ֭עַתָּה,1,False,,
18030009,3,,bin,הָיִ֑יתִי,3,False,,
18030009,4,,ich,הָיִ֑יתִי,3,False,,
18030009,5,,ihr,נְגִינָתָ֣ם,2,False,,
18030009,6,,Spottlied,נְגִינָתָ֣ם,2,False,,
18030009,7,,geworden,הָיִ֑יתִי,3,False,,
18030009,8,,und,וָאֱהִ֖י,4,False,,
18030009,9,,ward,וָאֱהִ֖י,4,False,,
18030009,10,,ihnen,לָהֶ֣ם,5,False,,
18030009,11,,zum,לְמִלָּֽה׃,6,True,,
18030009,12,,Gerede,לְמִלָּֽה׃,6,False,,
18030010,1,,Sie,תִּֽ֭עֲבוּנִי,1,False,,
18030010,2,,verabscheuen,תִּֽ֭עֲבוּנִי,1,False,,
18030010,3,,mich,תִּֽ֭עֲבוּנִי,1,False,,
18030010,4,,treten,רָ֣חֲקוּ,2,False,,
18030010,5,,fern,רָ֣חֲקוּ,2,False,,
18030010,6,,von,מֶ֑נִּי,3,False,,
18030010,7,,mir,מֶ֑נִּי,3,False,,
18030010,8,,weg,וּ֝מִפָּנַ֗י,4,False,,
18030010,9,,und,וּ֝מִפָּנַ֗י,4,False,,
18030010,10,,sie,וּ֝מִפָּנַ֗י,4,False,,
18030010,11,,verschonen,חָ֥שְׂכוּ,6,False,,
18030010,12,,mein,וּ֝מִפָּנַ֗י,4,False,,
18030010,13,,Angesicht,וּ֝מִפָּנַ֗י,4,False,,
18030010,14,,nicht,לֹא־,5,False,,
18030010,15,,mit,רֹֽק׃,7,True,,
18030010,16,,Speichel,רֹֽק׃,7,False,,
18030011,1,,Denn,כִּֽי־,1,False,,
18030011,2,,er,יִתְרִ֣י,2,True,,
18030011,3,,hat,פִ֭תַּח,3,False,,
18030011,4,,meinen,יִתְרִ֣י,2,False,,
18030011,5,,Strick,יִתְרִ֣י,2,False,,
18030011,6,,gelöst,פִ֭תַּח,3,False,,
18030011,7,,und,וַיְעַנֵּ֑נִי,4,False,,
18030011,8,,mich,וַיְעַנֵּ֑נִי,4,False,,
18030011,9,,gebeugt,וַיְעַנֵּ֑נִי,4,False,,
18030011,10,,so,וְ֝רֶ֗סֶן,5,False,,
18030011,11,,lassen,שִׁלֵּֽחוּ׃,7,False,,
18030011,12,,sie,שִׁלֵּֽחוּ׃,7,False,,
18030011,13,,vor,מִפָּנַ֥י,6,False,,
18030011,14,,mir,מִפָּנַ֥י,6,False,,
18030011,15,,den,וְ֝רֶ֗סֶן,5,True,,
18030011,16,,Zügel,וְ֝רֶ֗סֶן,5,False,,
18030011,17,,schießen,שִׁלֵּֽחוּ׃,7,False,,
18030012,1,,Zu,עַל־,1,False,,
18030012,2,,meiner,יָמִין֮,2,False,,
18030012,3,,Rechten,יָמִין֮,2,False,,
18030012,4,,erhebt,יָ֫ק֥וּמוּ,4,False,,
18030012,5,,sich,יָ֫ק֥וּמוּ,4,False,,
18030012,6,,die,פִּרְחַ֪ח,3,True,,
18030012,7,,Brut,פִּרְחַ֪ח,3,False,,
18030012,8,,sie,יָ֫ק֥וּמוּ,4,False,,
18030012,9,,stoßen,שִׁלֵּ֑חוּ,6,False,,
18030012,10,,meine,רַגְלַ֥י,5,False,,
18030012,11,,Füße,רַגְלַ֥י,5,False,,
18030012,12,,hinweg,שִׁלֵּ֑חוּ,6,False,,
18030012,13,,und,וַיָּסֹ֥לּוּ,7,False,,
18030012,14,,bahnen,וַיָּסֹ֥לּוּ,7,False,,
18030012,15,,wider,עָ֝לַ֗י,8,False,,
18030012,16,,mich,עָ֝לַ֗י,8,False,,
18030012,17,,ihre,אָרְח֥וֹת,9,False,,
18030012,18,,verderblichen,אֵידָֽם׃,10,False,,
18030012,19,,Wege,אָרְח֥וֹת,9,False,,
18030013,1,,Sie,נָתְס֗וּ,1,False,,
18030013,2,,zerstören,נָתְס֗וּ,1,False,,
18030013,3,,meinen,נְֽתִיבָ֫תִ֥י,2,False,,
18030013,4,,Pfad,נְֽתִיבָ֫תִ֥י,2,False,,
18030013,5,,befördern,לְהַוָּתִ֥י,3,False,,
18030013,6,,meinen,לְהַוָּתִ֥י,3,False,,
18030013,7,,Untergang,לְהַוָּתִ֥י,3,False,,
18030013,8,,sie,יֹעִ֑ילוּ,4,False,,
18030013,9,,die,לֹ֖א,5,True,,
18030013,10,,selbst,עֹזֵ֣ר,6,True,,
18030013,11,,hilflos,עֹזֵ֣ר,6,False,,
18030013,12,,sind,לָֽמוֹ׃,7,False,,
18030014,1,,Sie,יֶאֱתָ֑יוּ,3,False,,
18030014,2,,kommen,יֶאֱתָ֑יוּ,3,False,,
18030014,3,,wie,כְּפֶ֣רֶץ,1,False,,
18030014,4,,durch,כְּפֶ֣רֶץ,1,False,,
18030014,5,,einen,כְּפֶ֣רֶץ,1,True,,
18030014,6,,weiten,רָחָ֣ב,2,False,,
18030014,7,,Riß,רָחָ֣ב,2,False,,
18030014,8,,unter,תַּ֥חַת,4,False,,
18030014,9,,Gekrach,שֹׁ֝אָ֗ה,5,False,,
18030014,10,,wälzen,הִתְגַּלְגָּֽלוּ׃,6,False,,
18030014,11,,sie,הִתְגַּלְגָּֽלוּ׃,6,False,,
18030014,12,,sich,הִתְגַּלְגָּֽלוּ׃,6,False,,
18030014,13,,heran,הִתְגַּלְגָּֽלוּ׃,6,False,,
18030015,1,,Schrecknisse,בַּלָּ֫ה֥וֹת,3,False,,
18030015,2,,haben,הָהְפַּ֥ךְ,1,False,,
18030015,3,,sich,הָהְפַּ֥ךְ,1,False,,
18030015,4,,gegen,עָלַ֗י,2,False,,
18030015,5,,mich,עָלַ֗י,2,False,,
18030015,6,,gekehrt,הָהְפַּ֥ךְ,1,False,,
18030015,7,,sie,תִּרְדֹּ֣ף,4,False,,
18030015,8,,verfolgen,תִּרְדֹּ֣ף,4,False,,
18030015,9,,wie,כָּ֭רוּחַ,5,False,,
18030015,10,,der,כָּ֭רוּחַ,5,True,,
18030015,11,,Wind,כָּ֭רוּחַ,5,False,,
18030015,12,,meine,נְדִבָתִ֑י,6,False,,
18030015,13,,Würde,נְדִבָתִ֑י,6,False,,
18030015,14,,und,וּ֝כְעָ֗ב,7,False,,
18030015,15,,mein,יְשֻׁעָתִֽי׃,9,False,,
18030015,16,,Heil,יְשֻׁעָתִֽי׃,9,False,,
18030015,17,,ist,עָבְרָ֥ה,8,False,,
18030015,18,,vorübergezogen,עָבְרָ֥ה,8,False,,
18030015,19,,wie,וּ֝כְעָ֗ב,7,False,,
18030015,20,,eine,וּ֝כְעָ֗ב,7,True,,
18030015,21,,Wolke,וּ֝כְעָ֗ב,7,False,,
18030016,1,,Und,וְעַתָּ֗ה,1,False,,
18030016,2,,nun,וְעַתָּ֗ה,1,False,,
18030016,3,,ergießt,תִּשְׁתַּפֵּ֣ךְ,3,False,,
18030016,4,,sich,תִּשְׁתַּפֵּ֣ךְ,3,False,,
18030016,5,,in,עָ֭לַי,2,False,,
18030016,6,,mir,עָ֭לַי,2,False,,
18030016,7,,meine,נַפְשִׁ֑י,4,False,,
18030016,8,,Seele,נַפְשִׁ֑י,4,False,,
18030016,9,,Tage,יְמֵי־,6,False,,
18030016,10,,des,יְמֵי־,6,True,,
18030016,11,,Elends,עֹֽנִי׃,7,False,,
18030016,12,,haben,יֹ֭אחֲז֣וּנִי,5,False,,
18030016,13,,mich,יֹ֭אחֲז֣וּנִי,5,False,,
18030016,14,,ergriffen,יֹ֭אחֲז֣וּנִי,5,False,,
18030017,1,,Die,לַ֗יְלָה,1,True,,
18030017,2,,Nacht,לַ֗יְלָה,1,False,,
18030017,3,,durchbohrt,נִקַּ֣ר,3,False,,
18030017,4,,meine,עֲ֭צָמַי,2,False,,
18030017,5,,Gebeine,עֲ֭צָמַי,2,False,,
18030017,6,,und,מֵעָלָ֑י,4,False,,
18030017,7,,löst,נִקַּ֣ר,3,False,,
18030017,8,,sie,נִקַּ֣ר,3,False,,
18030017,9,,von,מֵעָלָ֑י,4,False,,
18030017,10,,mir,מֵעָלָ֑י,4,False,,
18030017,11,,ab,מֵעָלָ֑י,4,False,,
18030017,12,,und,וְ֝עֹרְקַ֗י,5,False,,
18030017,13,,die,וְ֝עֹרְקַ֗י,5,True,,
18030017,14,,an,וְ֝עֹרְקַ֗י,5,False,,
18030017,15,,mir,וְ֝עֹרְקַ֗י,5,False,,
18030017,16,,nagenden,וְ֝עֹרְקַ֗י,5,False,,
18030017,17,,Schmerzen,וְ֝עֹרְקַ֗י,5,False,,
18030017,18,,ruhen,יִשְׁכָּבֽוּן׃,7,False,,
18030017,19,,nicht,לֹ֣א,6,False,,
18030018,1,,Durch,בְּרָב־,1,False,,
18030018,2,,die,בְּרָב־,1,True,,
18030018,3,,Größe,בְּרָב־,1,False,,
18030018,4,,ihrer,כֹּ֭חַ,2,False,,
18030018,5,,Kraft,כֹּ֭חַ,2,False,,
18030018,6,,verändert,יִתְחַפֵּ֣שׂ,3,False,,
18030018,7,,sich,יִתְחַפֵּ֣שׂ,3,False,,
18030018,8,,mein,לְבוּשִׁ֑י,4,False,,
18030018,9,,Gewand,לְבוּשִׁ֑י,4,False,,
18030018,10,,es,כְּפִ֖י,5,True,,
18030018,11,,umschließt,כְּפִ֖י,5,False,,
18030018,12,,mich,יַֽאַזְרֵֽנִי׃,7,False,,
18030018,13,,wie,כְּפִ֖י,5,False,,
18030018,14,,der,כֻתָּנְתִּ֣י,6,True,,
18030018,15,,Halssaum,כֻתָּנְתִּ֣י,6,False,,
18030018,16,,meines,כֻתָּנְתִּ֣י,6,False,,
18030018,17,,Leibrocks,כֻתָּנְתִּ֣י,6,False,,
18030019,1,,Er,הֹרָ֥נִי,1,False,,
18030019,2,,hat,הֹרָ֥נִי,1,False,,
18030019,3,,mich,הֹרָ֥נִי,1,False,,
18030019,4,,in,לַחֹ֑מֶר,2,False,,
18030019,5,,den,לַחֹ֑מֶר,2,True,,
18030019,6,,Kot,לַחֹ֑מֶר,2,False,,
18030019,7,,geworfen,הֹרָ֥נִי,1,False,,
18030019,8,,und,וָ֝אֶתְמַשֵּׁ֗ל,3,False,,
18030019,9,,ich,וָ֝אֶתְמַשֵּׁ֗ל,3,False,,
18030019,10,,bin,וָ֝אֶתְמַשֵּׁ֗ל,3,False,,
18030019,11,,dem,כֶּעָפָ֥ר,4,True,,
18030019,12,,Staube,כֶּעָפָ֥ר,4,False,,
18030019,13,,und,וָאֵֽפֶר׃,5,False,,
18030019,14,,der,וָאֵֽפֶר׃,5,True,,
18030019,15,,Asche,וָאֵֽפֶר׃,5,False,,
18030019,16,,gleich,וָ֝אֶתְמַשֵּׁ֗ל,3,False,,
18030019,17,,geworden,וָ֝אֶתְמַשֵּׁ֗ל,3,False,,
18030020,1,,Ich,אֲשַׁוַּ֣ע,1,False,,
18030020,2,,schreie,אֲשַׁוַּ֣ע,1,False,,
18030020,3,,zu,אֵ֭לֶיךָ,2,False,,
18030020,4,,dir,אֵ֭לֶיךָ,2,False,,
18030020,5,,und,וְלֹ֣א,3,False,,
18030020,6,,du,תַעֲנֵ֑נִי,4,False,,
18030020,7,,antwortest,תַעֲנֵ֑נִי,4,False,,
18030020,8,,mir,תַעֲנֵ֑נִי,4,False,,
18030020,9,,nicht,וְלֹ֣א,3,False,,
18030020,10,,ich,עָ֝מַ֗דְתִּי,5,False,,
18030020,11,,stehe,עָ֝מַ֗דְתִּי,5,False,,
18030020,12,,da,עָ֝מַ֗דְתִּי,5,False,,
18030020,13,,und,וַתִּתְבֹּ֥נֶן,6,False,,
18030020,14,,du,וַתִּתְבֹּ֥נֶן,6,False,,
18030020,15,,starrst,וַתִּתְבֹּ֥נֶן,6,False,,
18030020,16,,mich,בִּֽי׃,7,False,,
18030020,17,,an,וַתִּתְבֹּ֥נֶן,6,False,,
18030021,1,,In,תֵּהָפֵ֣ךְ,1,False,,
18030021,2,,einen,לְאַכְזָ֣ר,2,True,,
18030021,3,,Grausamen,לְאַכְזָ֣ר,2,False,,
18030021,4,,verwandelst,תֵּהָפֵ֣ךְ,1,False,,
18030021,5,,du,תֵּהָפֵ֣ךְ,1,False,,
18030021,6,,dich,תֵּהָפֵ֣ךְ,1,False,,
18030021,7,,mir,לִ֑י,3,False,,
18030021,8,,mit,בְּעֹ֖צֶם,4,False,,
18030021,9,,der,בְּעֹ֖צֶם,4,True,,
18030021,10,,Stärke,בְּעֹ֖צֶם,4,False,,
18030021,11,,deiner,יָדְךָ֣,5,False,,
18030021,12,,Hand,יָדְךָ֣,5,False,,
18030021,13,,befeindest,תִשְׂטְמֵֽנִי׃,6,False,,
18030021,14,,du,תִשְׂטְמֵֽנִי׃,6,False,,
18030021,15,,mich,תִשְׂטְמֵֽנִי׃,6,False,,
18030022,1,,Du,תִּשָּׂאֵ֣נִי,1,False,,
18030022,2,,hebst,תִּשָּׂאֵ֣נִי,1,False,,
18030022,3,,mich,תִּשָּׂאֵ֣נִי,1,False,,
18030022,4,,empor,תִּשָּׂאֵ֣נִי,1,False,,
18030022,5,,auf,אֶל־,2,False,,
18030022,6,,den,ר֭וּחַ,3,True,,
18030022,7,,Wind,ר֭וּחַ,3,False,,
18030022,8,,du,תַּרְכִּיבֵ֑נִי,4,False,,
18030022,9,,lässest,תַּרְכִּיבֵ֑נִי,4,False,,
18030022,10,,mich,תַּרְכִּיבֵ֑נִי,4,False,,
18030022,11,,dahinfahren,תַּרְכִּיבֵ֑נִי,4,False,,
18030022,12,,und,וּ֝תְמֹגְגֵ֗נִי,5,False,,
18030022,13,,zerrinnen,וּ֝תְמֹגְגֵ֗נִי,5,False,,
18030022,14,,im,תּוּשִׁיָּֽה׃,6,True,,
18030022,15,,Sturmgetöse,תּוּשִׁיָּֽה׃,6,False,,
18030023,1,,Denn,כִּֽי־,1,False,,
18030023,2,,ich,יָ֭דַעְתִּי,2,False,,
18030023,3,,weiß,יָ֭דַעְתִּי,2,False,,
18030023,4,,es,יָ֭דַעְתִּי,2,False,,
18030023,5,,du,תְּשִׁיבֵ֑נִי,4,False,,
18030023,6,,willst,תְּשִׁיבֵ֑נִי,4,False,,
18030023,7,,mich,תְּשִׁיבֵ֑נִי,4,False,,
18030023,8,,in,מָ֣וֶת,3,False,,
18030023,9,,den,מָ֣וֶת,3,True,,
18030023,10,,Tod,מָ֣וֶת,3,False,,
18030023,11,,zurückführen,תְּשִׁיבֵ֑נִי,4,False,,
18030023,12,,und,וּבֵ֖ית,5,False,,
18030023,13,,in,וּבֵ֖ית,5,False,,
18030023,14,,das,וּבֵ֖ית,5,True,,
18030023,15,,Versammlungshaus,וּבֵ֖ית,5,False,,
18030023,16,,aller,לְכָל־,7,False,,
18030023,17,,Lebendigen,חָֽי׃,8,False,,
18030024,1,,Doch,אַ֣ךְ,1,False,,
18030024,2,,streckt,יִשְׁלַח־,4,False,,
18030024,3,,man,יִשְׁלַח־,4,False,,
18030024,4,,beim,בְ֭עִי,3,False,,
18030024,5,,Sturze,בְ֭עִי,3,False,,
18030024,6,,nicht,לֹא־,2,False,,
18030024,7,,die,יָ֑ד,5,True,,
18030024,8,,Hand,יָ֑ד,5,False,,
18030024,9,,aus,יִשְׁלַח־,4,False,,
18030024,10,,oder,אִם־,6,False,,
18030024,11,,erhebt,שֽׁוּעַ׃,9,False,,
18030024,12,,man,שֽׁוּעַ׃,9,False,,
18030024,13,,bei,בְּ֝פִיד֗וֹ,7,False,,
18030024,14,,seinem,בְּ֝פִיד֗וֹ,7,False,,
18030024,15,,Untergang,בְּ֝פִיד֗וֹ,7,False,,
18030024,16,,nicht,אִם־,6,False,,
18030024,17,,darob,לָהֶ֥ן,8,False,,
18030024,18,,ein,שֽׁוּעַ׃,9,True,,
18030024,19,,Hülfsgeschrei,שֽׁוּעַ׃,9,False,,
18030025,1,,Weinte,בָ֭כִיתִי,3,False,,
18030025,2,,ich,בָ֭כִיתִי,3,False,,
18030025,3,,denn,אִם־,1,False,,
18030025,4,,nicht,לֹ֣א,2,False,,
18030025,5,,über,לִקְשֵׁה־,4,False,,
18030025,6,,den,לִקְשֵׁה־,4,True,,
18030025,7,,der,לִקְשֵׁה־,4,False,,
18030025,8,,harte,לִקְשֵׁה־,4,False,,
18030025,9,,Tage,י֑וֹם,5,False,,
18030025,10,,hatte,בָ֭כִיתִי,3,False,,
18030025,11,,war,בָ֭כִיתִי,3,False,,
18030025,12,,meine,נַ֝פְשִׁ֗י,7,False,,
18030025,13,,Seele,נַ֝פְשִׁ֗י,7,False,,
18030025,14,,nicht,לֹ֣א,2,False,,
18030025,15,,um,לָאֶבְיֽוֹן׃,8,False,,
18030025,16,,den,לָאֶבְיֽוֹן׃,8,True,,
18030025,17,,Dürftigen,לָאֶבְיֽוֹן׃,8,False,,
18030025,18,,bekümmert,עָֽגְמָ֥ה,6,False,,
18030026,1,,Denn,כִּ֤י,1,False,,
18030026,2,,ich,קִ֭וִּיתִי,3,False,,
18030026,3,,erwartete,קִ֭וִּיתִי,3,False,,
18030026,4,,Gutes,ט֣וֹב,2,False,,
18030026,5,,und,וַיָּ֣בֹא,4,False,,
18030026,6,,es,וַיָּ֣בֹא,4,False,,
18030026,7,,kam,וַיָּ֣בֹא,4,False,,
18030026,8,,Böses,רָ֑ע,5,False,,
18030026,9,,und,וַֽאֲיַחֲלָ֥ה,6,False,,
18030026,10,,ich,וַֽאֲיַחֲלָ֥ה,6,False,,
18030026,11,,harrte,וַֽאֲיַחֲלָ֥ה,6,False,,
18030026,12,,auf,לְ֝א֗וֹר,7,False,,
18030026,13,,Licht,לְ֝א֗וֹר,7,False,,
18030026,14,,und,וַיָּ֥בֹא,8,False,,
18030026,15,,es,וַיָּ֥בֹא,8,False,,
18030026,16,,kam,וַיָּ֥בֹא,8,False,,
18030026,17,,Finsternis,אֹֽפֶל׃,9,False,,
18030027,1,,Meine,מֵעַ֖י,1,False,,
18030027,2,,Eingeweide,מֵעַ֖י,1,False,,
18030027,3,,wallen,רֻתְּח֥וּ,2,False,,
18030027,4,,und,וְלֹא־,3,False,,
18030027,5,,ruhen,דָ֗מּוּ,4,False,,
18030027,6,,nicht,וְלֹא־,3,False,,
18030027,7,,Tage,יְמֵי־,6,False,,
18030027,8,,des,יְמֵי־,6,False,,
18030027,9,,Elends,עֹֽנִי׃,7,False,,
18030027,10,,sind,קִדְּמֻ֥נִי,5,False,,
18030027,11,,mir,קִדְּמֻ֥נִי,5,False,,
18030027,12,,entgegengetreten,קִדְּמֻ֥נִי,5,False,,
18030028,1,,Trauernd,קֹדֵ֣ר,1,False,,
18030028,2,,gehe,הִ֭לַּכְתִּי,2,False,,
18030028,3,,ich,הִ֭לַּכְתִּי,2,False,,
18030028,4,,einher,הִ֭לַּכְתִּי,2,False,,
18030028,5,,ohne,בְּלֹ֣א,3,False,,
18030028,6,,Sonne,חַמָּ֑ה,4,False,,
18030028,7,,ich,קַ֖מְתִּי,5,False,,
18030028,8,,stehe,קַ֖מְתִּי,5,False,,
18030028,9,,auf,קַ֖מְתִּי,5,False,,
18030028,10,,in,בַקָּהָ֣ל,6,False,,
18030028,11,,der,בַקָּהָ֣ל,6,False,,
18030028,12,,Versammlung,בַקָּהָ֣ל,6,False,,
18030028,13,,und,אֲשַׁוֵּֽעַ׃,7,False,,
18030028,14,,schreie,אֲשַׁוֵּֽעַ׃,7,False,,
18030029,1,,Ich,הָיִ֣יתִי,2,False,,
18030029,2,,bin,הָיִ֣יתִי,2,False,,
18030029,3,,ein,אָ֭ח,1,True,,
18030029,4,,Bruder,אָ֭ח,1,False,,
18030029,5,,geworden,הָיִ֣יתִי,2,False,,
18030029,6,,den,לְתַנִּ֑ים,3,False,,
18030029,7,,Schakalen,לְתַנִּ֑ים,3,False,,
18030029,8,,und,וְ֝רֵ֗עַ,4,False,,
18030029,9,,ein,וְ֝רֵ֗עַ,4,True,,
18030029,10,,Genosse,וְ֝רֵ֗עַ,4,False,,
18030029,11,,den,לִבְנ֥וֹת,5,False,,
18030029,12,,Straußen,יַעֲנָֽה׃,6,False,,
18030030,1,,Meine,ע֭וֹרִי,1,False,,
18030030,2,,Haut,ע֭וֹרִי,1,False,,
18030030,3,,ist,שָׁחַ֣ר,2,False,,
18030030,4,,schwarz,שָׁחַ֣ר,2,False,,
18030030,5,,geworden,שָׁחַ֣ר,2,False,,
18030030,6,,und,מֵעָלָ֑י,3,False,,
18030030,7,,löst,מֵעָלָ֑י,3,False,,
18030030,8,,sich,מֵעָלָ֑י,3,False,,
18030030,9,,von,מֵעָלָ֑י,3,False,,
18030030,10,,mir,מֵעָלָ֑י,3,False,,
18030030,11,,ab,מֵעָלָ֑י,3,False,,
18030030,12,,und,וְעַצְמִי־,4,False,,
18030030,13,,mein,וְעַצְמִי־,4,False,,
18030030,14,,Gebein,וְעַצְמִי־,4,False,,
18030030,15,,ist,חָ֝֗רָה,5,False,,
18030030,16,,brennend,חָ֝֗רָה,5,False,,
18030030,17,,vor,מִנִּי־,6,False,,
18030030,18,,Glut,חֹֽרֶב׃,7,False,,
18030031,1,,Und,וַיְהִ֣י,1,False,,
18030031,2,,so,וַיְהִ֣י,1,False,,
18030031,3,,ist,וַיְהִ֣י,1,False,,
18030031,4,,meine,כִּנֹּרִ֑י,3,False,,
18030031,5,,Laute,כִּנֹּרִ֑י,3,False,,
18030031,6,,zur,לְ֭אֵבֶל,2,False,,
18030031,7,,Trauerklage,לְ֭אֵבֶל,2,False,,
18030031,8,,geworden,וַיְהִ֣י,1,False,,
18030031,9,,und,וְ֝עֻגָבִ֗י,4,False,,
18030031,10,,meine,וְ֝עֻגָבִ֗י,4,False,,
18030031,11,,Schalmei,וְ֝עֻגָבִ֗י,4,False,,
18030031,12,,zur,לְק֣וֹל,5,False,,
18030031,13,,Stimme,לְק֣וֹל,5,False,,
18030031,14,,der,בֹּכִֽים׃,6,False,,
18030031,15,,Weinenden,בֹּכִֽים׃,6,False,,
18031001,1,,Ich,כָּרַ֣תִּי,2,False,,
18031001,2,,habe,כָּרַ֣תִּי,2,False,,
18031001,3,,mit,בְּ֭רִית,1,False,,
18031001,4,,meinen,לְעֵינָ֑י,3,False,,
18031001,5,,Augen,לְעֵינָ֑י,3,False,,
18031001,6,,einen,בְּ֭רִית,1,True,,
18031001,7,,Bund,בְּ֭רִית,1,False,,
18031001,8,,gemacht,כָּרַ֣תִּי,2,False,,
18031001,9,,und,וּמָ֥ה,4,False,,
18031001,10,,wie,וּמָ֥ה,4,False,,
18031001,11,,hätte,אֶ֝תְבּוֹנֵ֗ן,5,False,,
18031001,12,,ich,אֶ֝תְבּוֹנֵ֗ן,5,False,,
18031001,13,,auf,עַל־,6,False,,
18031001,14,,eine,בְּתוּלָֽה׃,7,True,,
18031001,15,,Jungfrau,בְּתוּלָֽה׃,7,False,,
18031001,16,,geblickt,אֶ֝תְבּוֹנֵ֗ן,5,False,,
18031002,1,,Denn,וּמֶ֤ה׀,1,False,,
18031002,2,,was,וּמֶ֤ה׀,1,False,,
18031002,3,,wäre,וּמֶ֤ה׀,1,True,,
18031002,4,,das,חֵ֣לֶק,2,True,,
18031002,5,,Teil,חֵ֣לֶק,2,False,,
18031002,6,,Gottes,אֱל֣וֹהַּ,3,False,,
18031002,7,,von,מִמָּ֑עַל,4,False,,
18031002,8,,oben,מִמָּ֑עַל,4,False,,
18031002,9,,gewesen,וּמֶ֤ה׀,1,True,,
18031002,10,,und,וְֽנַחֲלַ֥ת,5,False,,
18031002,11,,das,וְֽנַחֲלַ֥ת,5,True,,
18031002,12,,Erbe,וְֽנַחֲלַ֥ת,5,False,,
18031002,13,,des,שַׁ֝דַּ֗י,6,True,,
18031002,14,,Allmächtigen,שַׁ֝דַּ֗י,6,False,,
18031002,15,,aus,מִמְּרֹמִֽים׃,7,False,,
18031002,16,,den,מִמְּרֹמִֽים׃,7,True,,
18031002,17,,Höhen,מִמְּרֹמִֽים׃,7,False,,
18031003,1,,Ist,הֲלֹא־,1,False,,
18031003,2,,nicht,הֲלֹא־,1,False,,
18031003,3,,Verderben,אֵ֥יד,2,False,,
18031003,4,,für,לְעַוָּ֑ל,3,False,,
18031003,5,,den,לְעַוָּ֑ל,3,True,,
18031003,6,,Ungerechten,לְעַוָּ֑ל,3,False,,
18031003,7,,und,וְ֝נֵ֗כֶר,4,False,,
18031003,8,,Mißgeschick,וְ֝נֵ֗כֶר,4,False,,
18031003,9,,für,לְפֹ֣עֲלֵי,5,False,,
18031003,10,,die,לְפֹ֣עֲלֵי,5,True,,
18031003,11,,welche,לְפֹ֣עֲלֵי,5,True,,
18031003,12,,Frevel,לְפֹ֣עֲלֵי,5,False,,
18031003,13,,tun,אָֽוֶן׃,6,False,,
18031004,1,,Sieht,יִרְאֶ֣ה,3,False,,
18031004,2,,er,ה֭וּא,2,False,,
18031004,3,,nicht,הֲלֹא־,1,False,,
18031004,4,,meine,דְרָכָ֑י,4,False,,
18031004,5,,Wege,דְרָכָ֑י,4,False,,
18031004,6,,und,וְֽכָל־,5,False,,
18031004,7,,zählt,יִסְפּֽוֹר׃,7,False,,
18031004,8,,alle,וְֽכָל־,5,False,,
18031004,9,,meine,צְעָדַ֥י,6,False,,
18031004,10,,Schritte,צְעָדַ֥י,6,False,,
18031005,1,,Wenn,אִם־,1,False,,
18031005,2,,ich,הָלַ֥כְתִּי,2,False,,
18031005,3,,mit,עִם־,3,False,,
18031005,4,,Falschheit,שָׁ֑וְא,4,False,,
18031005,5,,umgegangen,וַתַּ֖חַשׁ,5,False,,
18031005,6,,bin,וַתַּ֖חַשׁ,5,True,,
18031005,7,,und,עַל־,6,False,,
18031005,8,,mein,רַגְלִֽי׃,8,False,,
18031005,9,,Fuß,רַגְלִֽי׃,8,False,,
18031005,10,,dem,עַל־,6,True,,
18031005,11,,Truge,מִרְמָ֣ה,7,False,,
18031005,12,,zugeeilt,וַתַּ֖חַשׁ,5,False,,
18031005,13,,ist,וַתַּ֖חַשׁ,5,True,,
18031006,1,,er,יִשְׁקְלֵ֥נִי,1,False,,
18031006,2,,wäge,יִשְׁקְלֵ֥נִי,1,False,,
18031006,3,,mich,יִשְׁקְלֵ֥נִי,1,False,,
18031006,4,,auf,בְמֹאזְנֵי־,2,False,,
18031006,5,,der,בְמֹאזְנֵי־,2,True,,
18031006,6,,Waage,בְמֹאזְנֵי־,2,False,,
18031006,7,,der,צֶ֑דֶק,3,True,,
18031006,8,,Gerechtigkeit,צֶ֑דֶק,3,False,,
18031006,9,,und,וְיֵדַ֥ע,4,False,,
18031006,10,,Gott,אֱ֝ל֗וֹהַּ,5,False,,
18031006,11,,wird,וְיֵדַ֥ע,4,True,,
18031006,12,,meine,תֻּמָּתִֽי׃,6,False,,
18031006,13,,Unsträflichkeit,תֻּמָּתִֽי׃,6,False,,
18031006,14,,erkennen,וְיֵדַ֥ע,4,False,,
18031007,1,,wenn,אִ֥ם,1,False,,
18031007,2,,mein,אַשֻּׁרִי֮,3,False,,
18031007,3,,Schritt,אַשֻּׁרִי֮,3,False,,
18031007,4,,von,מִנִּ֪י,4,False,,
18031007,5,,dem,הַ֫דָּ֥רֶךְ,5,True,,
18031007,6,,Wege,הַ֫דָּ֥רֶךְ,5,False,,
18031007,7,,abgebogen,תִּטֶּ֣ה,2,False,,
18031007,8,,und,וְאַחַ֣ר,6,False,,
18031007,9,,mein,לִבִּ֑י,9,False,,
18031007,10,,Herz,לִבִּ֑י,9,False,,
18031007,11,,meinen,עֵ֭ינַי,7,False,,
18031007,12,,Augen,עֵ֭ינַי,7,False,,
18031007,13,,gefolgt,הָלַ֣ךְ,8,False,,
18031007,14,,ist,הָלַ֣ךְ,8,True,,
18031007,15,,und,וּ֝בְכַפַּ֗י,10,False,,
18031007,16,,an,וּ֝בְכַפַּ֗י,10,False,,
18031007,17,,meinen,וּ֝בְכַפַּ֗י,10,False,,
18031007,18,,Händen,וּ֝בְכַפַּ֗י,10,False,,
18031007,19,,ein,דָּ֣בַק,11,True,,
18031007,20,,Makel,דָּ֣בַק,11,False,,
18031007,21,,kleben,דָּ֣בַק,11,False,,
18031007,22,,blieb,דָּ֣בַק,11,True,,
18031008,1,,so,אֶ֭זְרְעָה,1,False,,
18031008,2,,möge,אֶ֭זְרְעָה,1,False,,
18031008,3,,ich,אֶ֭זְרְעָה,1,False,,
18031008,4,,säen,אֶ֭זְרְעָה,1,False,,
18031008,5,,und,וְאַחֵ֣ר,2,False,,
18031008,6,,ein,וְאַחֵ֣ר,2,True,,
18031008,7,,anderer,וְאַחֵ֣ר,2,False,,
18031008,8,,essen,יֹאכֵ֑ל,3,False,,
18031008,9,,und,וְֽצֶאֱצָאַ֥י,4,False,,
18031008,10,,meine,וְֽצֶאֱצָאַ֥י,4,False,,
18031008,11,,Sprößlinge,וְֽצֶאֱצָאַ֥י,4,False,,
18031008,12,,mögen,יְשֹׁרָֽשׁוּ׃,5,False,,
18031008,13,,entwurzelt,יְשֹׁרָֽשׁוּ׃,5,False,,
18031008,14,,werden,יְשֹׁרָֽשׁוּ׃,5,True,,
18031009,1,,Wenn,אִם־,1,False,,
18031009,2,,mein,לִ֭בִּי,3,False,,
18031009,3,,Herz,לִ֭בִּי,3,False,,
18031009,4,,zu,עַל־,4,False,,
18031009,5,,einem,אִשָּׁ֑ה,5,True,,
18031009,6,,Weibe,אִשָּׁ֑ה,5,False,,
18031009,7,,verlockt,נִפְתָּ֣ה,2,False,,
18031009,8,,worden,נִפְתָּ֣ה,2,True,,
18031009,9,,ist,נִפְתָּ֣ה,2,True,,
18031009,10,,und,וְעַל־,6,False,,
18031009,11,,ich,אָרָֽבְתִּי׃,9,False,,
18031009,12,,an,וְעַל־,6,False,,
18031009,13,,der,פֶּ֖תַח,7,True,,
18031009,14,,Tür,פֶּ֖תַח,7,False,,
18031009,15,,meines,רֵעִ֣י,8,False,,
18031009,16,,Nächsten,רֵעִ֣י,8,False,,
18031009,17,,gelauert,אָרָֽבְתִּי׃,9,False,,
18031009,18,,habe,אָרָֽבְתִּי׃,9,True,,
18031010,1,,so,תִּטְחַ֣ן,1,False,,
18031010,2,,möge,תִּטְחַ֣ן,1,False,,
18031010,3,,mein,אִשְׁתִּ֑י,3,False,,
18031010,4,,Weib,אִשְׁתִּ֑י,3,False,,
18031010,5,,für,לְאַחֵ֣ר,2,False,,
18031010,6,,einen,לְאַחֵ֣ר,2,True,,
18031010,7,,anderen,לְאַחֵ֣ר,2,False,,
18031010,8,,mahlen,תִּטְחַ֣ן,1,False,,
18031010,9,,und,וְ֝עָלֶ֗יהָ,4,False,,
18031010,10,,andere,אֲחֵרִֽין׃,6,False,,
18031010,11,,mögen,יִכְרְע֥וּן,5,False,,
18031010,12,,sich,יִכְרְע֥וּן,5,False,,
18031010,13,,über,וְ֝עָלֶ֗יהָ,4,False,,
18031010,14,,sie,וְ֝עָלֶ֗יהָ,4,False,,
18031010,15,,beugen,יִכְרְע֥וּן,5,False,,
18031011,1,,Denn,כִּי־,1,False,,
18031011,2,,das,הִ֥יא,2,False,,
18031011,3,,ist,הִ֥יא,2,True,,
18031011,4,,eine,זִמָּ֑ה,3,True,,
18031011,5,,Schandtat,זִמָּ֑ה,3,False,,
18031011,6,,und,וְ֝ה֗וּא,4,False,,
18031011,7,,das,וְ֝ה֗וּא,4,True,,
18031011,8,,eine,עָוֹ֥ן,5,True,,
18031011,9,,Missetat,עָוֹ֥ן,5,False,,
18031011,10,,für,פְּלִילִֽים׃,6,False,,
18031011,11,,die,פְּלִילִֽים׃,6,True,,
18031011,12,,Richter,פְּלִילִֽים׃,6,False,,
18031012,1,,Denn,כִּ֤י,1,False,,
18031012,2,,ein,אֵ֣שׁ,2,True,,
18031012,3,,Feuer,אֵ֣שׁ,2,False,,
18031012,4,,ist,הִ֭יא,3,False,,
18031012,5,,es,הִ֭יא,3,False,,
18031012,6,,das,תֹּאכֵ֑ל,6,False,,
18031012,7,,bis,עַד־,4,False,,
18031012,8,,zum,אֲבַדּ֣וֹן,5,False,,
18031012,9,,Abgrund,אֲבַדּ֣וֹן,5,False,,
18031012,10,,frißt,תֹּאכֵ֑ל,6,False,,
18031012,11,,und,וּֽבְכָל־,7,False,,
18031012,12,,das,תְּב֖וּאָתִ֣י,8,True,,
18031012,13,,meinen,תְּב֖וּאָתִ֣י,8,False,,
18031012,14,,ganzen,וּֽבְכָל־,7,False,,
18031012,15,,Ertrag,תְּב֖וּאָתִ֣י,8,False,,
18031012,16,,entwurzeln,תְשָׁרֵֽשׁ׃,9,False,,
18031012,17,,würde,תְשָׁרֵֽשׁ׃,9,False,,
18031013,1,,Wenn,אִם־,1,False,,
18031013,2,,ich,אֶמְאַ֗ס,2,False,,
18031013,3,,das,מִשְׁפַּ֣ט,3,True,,
18031013,4,,Recht,מִשְׁפַּ֣ט,3,False,,
18031013,5,,meines,עַ֭בְדִּי,4,False,,
18031013,6,,Knechtes,עַ֭בְדִּי,4,False,,
18031013,7,,und,וַאֲמָתִ֑י,5,False,,
18031013,8,,meiner,וַאֲמָתִ֑י,5,False,,
18031013,9,,Magd,וַאֲמָתִ֑י,5,False,,
18031013,10,,mißachtete,אֶמְאַ֗ס,2,False,,
18031013,11,,als,בְּ֝רִבָ֗ם,6,False,,
18031013,12,,sie,בְּ֝רִבָ֗ם,6,False,,
18031013,13,,mit,עִמָּדִֽי׃,7,False,,
18031013,14,,mir,עִמָּדִֽי׃,7,False,,
18031013,15,,stritten,בְּ֝רִבָ֗ם,6,False,,
18031014,1,,was,וּמָ֣ה,1,False,,
18031014,2,,wollte,אֶֽ֭עֱשֶׂה,2,False,,
18031014,3,,ich,אֶֽ֭עֱשֶׂה,2,False,,
18031014,4,,dann,כִּֽי־,3,False,,
18031014,5,,tun,אֶֽ֭עֱשֶׂה,2,False,,
18031014,6,,wenn,כִּֽי־,3,False,,
18031014,7,,Gott,אֵ֑ל,5,False,,
18031014,8,,sich,יָק֣וּם,4,False,,
18031014,9,,erhöbe,יָק֣וּם,4,False,,
18031014,10,,und,וְכִֽי־,6,False,,
18031014,11,,wenn,וְכִֽי־,6,False,,
18031014,12,,er,יִ֝פְקֹ֗ד,7,False,,
18031014,13,,untersuchte,יִ֝פְקֹ֗ד,7,False,,
18031014,14,,was,מָ֣ה,8,False,,
18031014,15,,ihm,אֲשִׁיבֶֽנּוּ׃,9,False,,
18031014,16,,erwidern,אֲשִׁיבֶֽנּוּ׃,9,False,,
18031015,1,,Hat,הֲֽ֝לֹא־,1,False,,
18031015,2,,nicht,הֲֽ֝לֹא־,1,False,,
18031015,3,,er,עֹשֵׂ֣נִי,3,False,,
18031015,4,,der,בַ֭בֶּטֶן,2,True,,
18031015,5,,mich,עֹשֵׂ֣נִי,3,False,,
18031015,6,,im,בַ֭בֶּטֶן,2,False,,
18031015,7,,Mutterleibe,בַ֭בֶּטֶן,2,False,,
18031015,8,,bereitete,עֹשֵׂ֣נִי,3,False,,
18031015,9,,auch,עָשָׂ֑הוּ,4,False,,
18031015,10,,ihn,עָשָׂ֑הוּ,4,False,,
18031015,11,,bereitet,עָשָׂ֑הוּ,4,False,,
18031015,12,,und,וַ֝יְכֻנֶ֗נּוּ,5,False,,
18031015,13,,hat,וַ֝יְכֻנֶ֗נּוּ,5,False,,
18031015,14,,nicht,הֲֽ֝לֹא־,1,False,,
18031015,15,,einer,אֶחָֽד׃,7,False,,
18031015,16,,im,בָּרֶ֥חֶם,6,False,,
18031015,17,,Schoße,בָּרֶ֥חֶם,6,False,,
18031015,18,,uns,וַ֝יְכֻנֶ֗נּוּ,5,False,,
18031015,19,,gebildet,וַ֝יְכֻנֶ֗נּוּ,5,False,,
18031016,1,,Wenn,אִם־,1,False,,
18031016,2,,ich,אֶ֭מְנַע,2,False,,
18031016,2,,ich,,,True,7,versagte
18031016,3,,den,מֵחֵ֣פֶץ,3,True,,
18031016,3,,den,,,True,4,Armen
18031016,4,,Armen,דַּלִּ֑ים,4,False,,
18031016,5,,ihr,מֵחֵ֣פֶץ,3,False,,
18031016,6,,Begehr,מֵחֵ֣פֶץ,3,False,,
18031016,7,,versagte,אֶ֭מְנַע,2,False,,
18031016,8,,und,וְעֵינֵ֖י,5,False,,
18031016,9,,die,וְעֵינֵ֖י,5,True,,
18031016,9,,die,,,True,10,Augen
18031016,10,,Augen,וְעֵינֵ֖י,5,False,,
18031016,11,,der,אַלְמָנָ֣ה,6,True,,
18031016,11,,der,,,True,12,Witwe
18031016,12,,Witwe,אַלְמָנָ֣ה,6,False,,
18031016,13,,verschmachten,אֲכַלֶּֽה׃,7,False,,
18031016,14,,ließ,אֲכַלֶּֽה׃,7,False,,
18031017,1,,und,וְאֹכַ֣ל,1,False,,
18031017,2,,aß,וְאֹכַ֣ל,1,False,,
18031017,3,,meinen,פִּתִּ֣י,2,False,,
18031017,4,,Bissen,פִּתִּ֣י,2,False,,
18031017,5,,allein,לְבַדִּ֑י,3,False,,
18031017,6,,so,,,True,12,gegessen
18031017,7,,daß,,,True,12,gegessen
18031017,8,,der,,,True,9,Verwaiste
18031017,9,,Verwaiste,יָת֣וֹם,6,False,,
18031017,10,,nicht,וְלֹא־,4,False,,
18031017,11,,davon,מִמֶּֽנָּה׃,7,False,,
18031017,12,,gegessen,אָכַ֖ל,5,False,,
18031017,13,,hat,,,True,12,gegessen
18031018,1,,ist,,,True,10,aufgewachsen
18031018,2,,er,,,True,10,aufgewachsen
18031018,3,,doch,כִּ֣י,1,False,,
18031018,4,,von,מִ֭נְּעוּרַי,2,False,,
18031018,5,,meiner,מִ֭נְּעוּרַי,2,False,,
18031018,6,,Jugend,מִ֭נְּעוּרַי,2,False,,
18031018,7,,an,מִ֭נְּעוּרַי,2,False,,
18031018,8,,bei,כְאָ֑ב,4,False,,
18031018,9,,mir,גְּדֵלַ֣נִי,3,False,,
18031018,10,,aufgewachsen,גְּדֵלַ֣נִי,3,False,,
18031018,11,,wie,כְאָ֑ב,4,False,,
18031018,12,,bei,כְאָ֑ב,4,False,,
18031018,13,,einem,,,True,14,Vater
18031018,14,,Vater,כְאָ֑ב,4,False,,
18031018,15,,und,וּמִבֶּ֖טֶן,5,False,,
18031018,16,,von,וּמִבֶּ֖טֶן,5,False,,
18031018,17,,meiner,אִמִּ֣י,6,False,,
18031018,18,,Mutter,אִמִּ֣י,6,False,,
18031018,19,,Leibe,וּמִבֶּ֖טֶן,5,False,,
18031018,20,,an,אַנְחֶֽנָּה׃,7,False,,
18031018,21,,habe,אַנְחֶֽנָּה׃,7,False,,
18031018,22,,ich,אַנְחֶֽנָּה׃,7,False,,
18031018,23,,sie,אַנְחֶֽנָּה׃,7,False,,
18031018,24,,geleitet,אַנְחֶֽנָּה׃,7,False,,
18031018,25,,,,,True,24,geleitet
18031019,1,,wenn,אִם־,1,False,,
18031019,2,,ich,אֶרְאֶ֣ה,2,False,,
18031019,3,,jemand,א֭וֹבֵד,3,False,,
18031019,4,,umkommen,א֭וֹבֵד,3,False,,
18031019,5,,sah,אֶרְאֶ֣ה,2,False,,
18031019,6,,aus,מִבְּלִ֣י,4,False,,
18031019,7,,Mangel,מִבְּלִ֣י,4,False,,
18031019,8,,an,מִבְּלִ֣י,4,False,,
18031019,9,,Kleidung,לְב֑וּשׁ,5,False,,
18031019,10,,und,וְאֵ֥ין,6,False,,
18031019,11,,den,,,True,12,Dürftigen
18031019,12,,Dürftigen,לָאֶבְיֽוֹן׃,8,False,,
18031019,13,,ohne,וְאֵ֥ין,6,False,,
18031019,14,,Decke,כְּ֝ס֗וּת,7,False,,
18031020,1,,wenn,אִם־,1,False,,
18031020,2,,seine,חֲלָצָ֑יו,4,False,,
18031020,3,,Lenden,חֲלָצָ֑יו,4,False,,
18031020,4,,mich,בֵרֲכ֣וּנִי,3,False,,
18031020,5,,nicht,לֹ֣א,2,False,,
18031020,6,,gesegnet,בֵרֲכ֣וּנִי,3,False,,
18031020,7,,haben,בֵרֲכ֣וּנִי,3,False,,
18031020,8,,und,וּמִגֵּ֥ז,5,False,,
18031020,9,,er,יִתְחַמָּֽם׃,7,False,,
18031020,10,,mit,וּמִגֵּ֥ז,5,False,,
18031020,11,,der,,,True,12,Wolle
18031020,12,,Wolle,וּמִגֵּ֥ז,5,False,,
18031020,13,,meiner,כְּ֝בָשַׂי,6,False,,
18031020,14,,Lämmer,כְּ֝בָשַׂי,6,False,,
18031020,15,,sich,יִתְחַמָּֽם׃,7,False,,
18031020,16,,nicht,לֹ֣א,2,False,,
18031020,17,,erwärmte,יִתְחַמָּֽם׃,7,False,,
18031021,1,,wenn,אִם־,1,False,,
18031021,2,,ich,הֲנִיפ֣וֹתִי,2,False,,
18031021,3,,meine,יָדִ֑י,5,False,,
18031021,4,,Hand,יָדִ֑י,5,False,,
18031021,5,,geschwungen,הֲנִיפ֣וֹתִי,2,False,,
18031021,6,,über,עַל־,3,False,,
18031021,7,,eine,,,True,8,Waise
18031021,8,,Waise,יָת֣וֹם,4,False,,
18031021,9,,weil,כִּֽי־,6,False,,
18031021,10,,ich,אֶרְאֶ֥ה,7,False,,
18031021,11,,im,בַ֝שַּׁ֗עַר,8,False,,
18031021,12,,Tore,בַ֝שַּׁ֗עַר,8,False,,
18031021,13,,meinen,עֶזְרָתִֽי׃,9,False,,
18031021,14,,Beistand,עֶזְרָתִֽי׃,9,False,,
18031021,15,,sah,אֶרְאֶ֥ה,7,False,,
18031022,1,,so,,,True,4,Schulter
18031022,2,,falle,תִפּ֑וֹל,3,False,,
18031022,3,,meine,כְּ֭תֵפִי,1,False,,
18031022,4,,Schulter,כְּ֭תֵפִי,1,False,,
18031022,5,,aus,מִשִּׁכְמָ֣ה,2,False,,
18031022,6,,ihrem,מִשִּׁכְמָ֣ה,2,False,,
18031022,7,,Blatt,מִשִּׁכְמָ֣ה,2,False,,
18031022,8,,und,וְ֝אֶזְרֹעִ֗י,4,False,,
18031022,9,,mein,וְ֝אֶזְרֹעִ֗י,4,False,,
18031022,10,,Arm,וְ֝אֶזְרֹעִ֗י,4,False,,
18031022,11,,werde,תִשָּׁבֵֽר׃,6,False,,
18031022,12,,abgebrochen,תִשָּׁבֵֽר׃,6,False,,
18031022,13,,von,מִקָּנָ֥ה,5,False,,
18031022,14,,der,,,True,15,Röhre
18031022,15,,Röhre,מִקָּנָ֥ה,5,False,,
18031023,1,,Denn,כִּ֤י,1,False,,
18031023,2,,das,,,True,3,Verderben
18031023,3,,Verderben,אֵ֣יד,4,False,,
18031023,4,,Gottes,אֵ֑ל,5,False,,
18031023,5,,war,,,True,13,vermochte
18031023,6,,mir,אֵ֭לַי,3,False,,
18031023,7,,ein,,,True,8,Schrecken
18031023,8,,Schrecken,פַ֣חַד,2,False,,
18031023,9,,und,וּ֝מִשְּׂאֵת֗וֹ,6,False,,
18031023,10,,vor,וּ֝מִשְּׂאֵת֗וֹ,6,False,,
18031023,11,,seiner,וּ֝מִשְּׂאֵת֗וֹ,6,False,,
18031023,12,,Erhabenheit,וּ֝מִשְּׂאֵת֗וֹ,6,False,,
18031023,13,,vermochte,אוּכָֽל׃,8,False,,
18031023,14,,ich,אוּכָֽל׃,8,False,,
18031023,15,,nichts,לֹ֣א,7,False,,
18031024,1,,Wenn,אִם־,1,False,,
18031024,2,,ich,שַׂ֣מְתִּי,2,False,,
18031024,3,,das,,,True,4,Gold
18031024,4,,Gold,זָהָ֣ב,3,False,,
18031024,5,,zu,כִּסְלִ֑י,4,False,,
18031024,6,,meiner,כִּסְלִ֑י,4,False,,
18031024,7,,Zuversicht,כִּסְלִ֑י,4,False,,
18031024,8,,gestellt,שַׂ֣מְתִּי,2,False,,
18031024,9,,und,וְ֝לַכֶּ֗תֶם,5,False,,
18031024,10,,zu,וְ֝לַכֶּ֗תֶם,5,False,,
18031024,11,,dem,,,True,13,Golde
18031024,12,,feinen,וְ֝לַכֶּ֗תֶם,5,False,,
18031024,13,,Golde,וְ֝לַכֶּ֗תֶם,5,False,,
18031024,14,,gesagt,אָמַ֥רְתִּי,6,False,,
18031024,15,,habe,אָמַ֥רְתִּי,6,False,,
18031024,16,,Mein,מִבְטַחִֽי׃,7,False,,
18031024,17,,Vertrauen,מִבְטַחִֽי׃,7,False,,
18031024,18,,,,,True,17,Vertrauen
18031025,1,,wenn,אִם־,1,False,,
18031025,2,,ich,אֶ֭שְׂמַח,2,False,,
18031025,3,,mich,אֶ֭שְׂמַח,2,False,,
18031025,4,,freute,אֶ֭שְׂמַח,2,False,,
18031025,5,,daß,כִּי־,3,False,,
18031025,6,,mein,חֵילִ֑י,5,False,,
18031025,7,,Vermögen,חֵילִ֑י,5,False,,
18031025,8,,groß,רַ֣ב,4,False,,
18031025,9,,war,רַ֣ב,4,False,,
18031025,10,,und,וְכִֽי־,6,False,,
18031025,11,,daß,וְכִֽי־,6,False,,
18031025,12,,meine,יָדִֽי׃,9,False,,
18031025,13,,Hand,יָדִֽי׃,9,False,,
18031025,14,,Ansehnliches,כַ֝בִּ֗יר,7,False,,
18031025,15,,erworben,מָצְאָ֥ה,8,False,,
18031025,16,,hatte,מָצְאָ֥ה,8,False,,
18031026,1,,wenn,אִם־,1,False,,
18031026,2,,ich,אֶרְאֶ֣ה,2,False,,
18031026,3,,die,,,True,4,Sonne
18031026,4,,Sonne,א֖וֹר,3,False,,
18031026,5,,sah,אֶרְאֶ֣ה,2,False,,
18031026,6,,wie,כִּ֣י,4,False,,
18031026,7,,sie,יָהֵ֑ל,5,False,,
18031026,8,,glänzte,יָהֵ֑ל,5,False,,
18031026,9,,und,וְ֝יָרֵ֗חַ,6,False,,
18031026,10,,den,,,True,11,Mond
18031026,11,,Mond,וְ֝יָרֵ֗חַ,6,False,,
18031026,12,,in,הֹלֵֽךְ׃,8,False,,
18031026,13,,Pracht,יָקָ֥ר,7,False,,
18031026,14,,dahinwandeln,הֹלֵֽךְ׃,8,False,,
18031027,1,,und,וַיִּ֣פְתְּ,1,False,,
18031027,2,,mein,לִבִּ֑י,3,False,,
18031027,3,,Herz,לִבִּ֑י,3,False,,
18031027,4,,im,בַּסֵּ֣תֶר,2,False,,
18031027,5,,Geheimen,בַּסֵּ֣תֶר,2,False,,
18031027,6,,verführt,וַיִּ֣פְתְּ,1,False,,
18031027,7,,wurde,וַיִּ֣פְתְּ,1,False,,
18031027,8,,und,וַתִּשַּׁ֖ק,4,False,,
18031027,9,,mein,יָדִ֣י,5,False,,
18031027,10,,Mund,לְפִֽי׃,6,False,,
18031027,11,,meine,לְפִֽי׃,6,False,,
18031027,12,,Hand,יָדִ֣י,5,False,,
18031027,13,,geküßt,וַתִּשַּׁ֖ק,4,False,,
18031027,14,,hat,וַתִּשַּׁ֖ק,4,False,,
18031028,1,,auch,גַּם־,1,False,,
18031028,2,,das,ה֭וּא,2,False,,
18031028,3,,wäre,ה֭וּא,2,False,,
18031028,4,,eine,עָוֹ֣ן,3,False,,
18031028,5,,gerichtlich,פְּלִילִ֑י,4,False,,
18031028,6,,zu,פְּלִילִ֑י,4,False,,
18031028,7,,strafende,פְּלִילִ֑י,4,False,,
18031028,8,,Missetat,עָוֹ֣ן,3,False,,
18031028,9,,denn,כִּֽי־,5,False,,
18031028,10,,Gott,לָאֵ֣ל,7,False,,
18031028,11,,droben,מִמָּֽעַל׃,8,False,,
18031028,12,,würde,כִחַ֖שְׁתִּי,6,False,,
18031028,13,,ich,כִחַ֖שְׁתִּי,6,False,,
18031028,14,,verleugnet,כִחַ֖שְׁתִּי,6,False,,
18031028,15,,haben,כִחַ֖שְׁתִּי,6,False,,
18031029,1,,Wenn,אִם־,1,False,,
18031029,2,,ich,אֶ֭שְׂמַח,2,False,,
18031029,3,,mich,אֶ֭שְׂמַח,2,False,,
18031029,4,,freute,אֶ֭שְׂמַח,2,False,,
18031029,5,,über,בְּפִ֣יד,3,False,,
18031029,6,,das,בְּפִ֣יד,3,False,,
18031029,7,,Unglück,בְּפִ֣יד,3,False,,
18031029,8,,meines,מְשַׂנְאִ֑י,4,False,,
18031029,9,,Hassers,מְשַׂנְאִ֑י,4,False,,
18031029,10,,und,וְ֝הִתְעֹרַ֗רְתִּי,5,False,,
18031029,11,,aufjauchzte,וְ֝הִתְעֹרַ֗רְתִּי,5,False,,
18031029,12,,als,כִּֽי־,6,False,,
18031029,13,,Böses,רָֽע׃,8,False,,
18031029,14,,ihn,מְצָ֥אוֹ,7,False,,
18031029,15,,traf,מְצָ֥אוֹ,7,False,,
18031030,1,,nie,וְלֹא־,1,False,,
18031030,2,,habe,נָתַ֣תִּי,2,False,,
18031030,3,,ich,נָתַ֣תִּי,2,False,,
18031030,4,,ja,וְלֹא־,1,False,,
18031030,5,,meinem,חִכִּ֑י,4,False,,
18031030,6,,Gaumen,חִכִּ֑י,4,False,,
18031030,7,,erlaubt,נָתַ֣תִּי,2,False,,
18031030,8,,zu,לַחֲטֹ֣א,3,False,,
18031030,9,,sündigen,לַחֲטֹ֣א,3,False,,
18031030,10,,durch,לִשְׁאֹ֖ל,5,False,,
18031030,11,,einen,בְּאָלָ֣ה,6,False,,
18031030,12,,Fluch,בְּאָלָ֣ה,6,False,,
18031030,13,,seine,נַפְשֽׁוֹ׃,7,False,,
18031030,14,,Seele,נַפְשֽׁוֹ׃,7,False,,
18031030,15,,zu,לִשְׁאֹ֖ל,5,False,,
18031030,16,,fordern,לִשְׁאֹ֖ל,5,False,,
18031031,1,,wenn,אִם־,1,False,,
18031031,2,,die,לֹ֣א,2,True,,
18031031,3,,Leute,מְתֵ֣י,4,False,,
18031031,4,,meines,אָהֳלִ֑י,5,False,,
18031031,5,,Zeltes,אָהֳלִ֑י,5,False,,
18031031,6,,nicht,לֹ֣א,2,False,,
18031031,7,,gesagt,אָ֭מְרוּ,3,False,,
18031031,8,,haben,אָ֭מְרוּ,3,False,,
18031031,9,,Wer,מִֽי־,6,False,,
18031031,10,,wäre,יִתֵּ֥ן,7,False,,
18031031,11,,nicht,לֹ֣א,9,False,,
18031031,12,,von,מִ֝בְּשָׂר֗וֹ,8,False,,
18031031,13,,dem,מִ֝בְּשָׂר֗וֹ,8,True,,
18031031,14,,Fleische,מִ֝בְּשָׂר֗וֹ,8,False,,
18031031,15,,seines,מִ֝בְּשָׂר֗וֹ,8,False,,
18031031,16,,Schlachtviehes,מִ֝בְּשָׂר֗וֹ,8,False,,
18031031,17,,satt,נִשְׂבָּֽע׃,10,False,,
18031031,18,,geworden,נִשְׂבָּֽע׃,10,False,,
18031032,1,,der,בַּ֭חוּץ,1,True,,
18031032,2,,Fremdling,גֵּ֑ר,4,False,,
18031032,3,,übernachtete,יָלִ֣ין,3,False,,
18031032,4,,nicht,לֹא־,2,False,,
18031032,5,,draußen,בַּ֭חוּץ,1,False,,
18031032,6,,ich,אֶפְתָּֽח׃,7,False,,
18031032,7,,öffnete,אֶפְתָּֽח׃,7,False,,
18031032,8,,dem,לָאֹ֥רַח,6,False,,
18031032,9,,Wanderer,לָאֹ֥רַח,6,False,,
18031032,10,,meine,דְּ֝לָתַ֗י,5,False,,
18031032,11,,Tür,דְּ֝לָתַ֗י,5,False,,
18031033,1,,wenn,אִם־,1,False,,
18031033,2,,ich,כִּסִּ֣יתִי,2,False,,
18031033,3,,wie,כְאָדָ֣ם,3,False,,
18031033,4,,Adam,כְאָדָ֣ם,3,False,,
18031033,5,,meine,פְּשָׁעָ֑י,4,False,,
18031033,6,,Übertretungen,פְּשָׁעָ֑י,4,False,,
18031033,7,,zugedeckt,כִּסִּ֣יתִי,2,False,,
18031033,8,,habe,כִּסִּ֣יתִי,2,True,,
18031033,9,,verbergend,לִטְמ֖וֹן,5,False,,
18031033,10,,in,בְּחֻבִּ֣י,6,False,,
18031033,11,,meinem,בְּחֻבִּ֣י,6,False,,
18031033,12,,Busen,בְּחֻבִּ֣י,6,False,,
18031033,13,,meine,עֲוֹֽנִי׃,7,False,,
18031033,14,,Missetat,עֲוֹֽנִי׃,7,False,,
18031034,1,,weil,כִּ֤י,1,False,,
18031034,2,,ich,יְחִתֵּ֑נִי,7,False,,
18031034,3,,mich,יְחִתֵּ֑נִי,7,False,,
18031034,4,,fürchtete,אֶֽעֱר֨וֹץ׀,2,False,,
18031034,5,,vor,הָ֘מ֤וֹן,3,False,,
18031034,6,,der,הָ֘מ֤וֹן,3,True,,
18031034,7,,großen,רַבָּ֗ה,4,False,,
18031034,8,,Menge,רַבָּ֗ה,4,False,,
18031034,9,,und,וּבוּז־,5,False,,
18031034,10,,die,מִשְׁפָּח֥וֹת,6,True,,
18031034,11,,Verachtung,וּבוּז־,5,False,,
18031034,12,,der,מִשְׁפָּח֥וֹת,6,False,,
18031034,13,,Familien,מִשְׁפָּח֥וֹת,6,False,,
18031034,14,,mich,יְחִתֵּ֑נִי,7,False,,
18031034,15,,erschreckte,יְחִתֵּ֑נִי,7,False,,
18031034,16,,so,וָ֝אֶדֹּ֗ם,8,False,,
18031034,17,,daß,אֵ֥צֵא,10,True,,
18031034,18,,ich,אֵ֥צֵא,10,False,,
18031034,19,,mich,אֵ֥צֵא,10,False,,
18031034,20,,still,וָ֝אֶדֹּ֗ם,8,False,,
18031034,21,,hielt,וָ֝אֶדֹּ֗ם,8,False,,
18031034,22,,nicht,לֹא־,9,False,,
18031034,23,,zur,פָֽתַח׃,11,False,,
18031034,24,,Türe,פָֽתַח׃,11,False,,
18031034,25,,hinausging…,אֵ֥צֵא,10,False,,
18031035,1,,O,מִ֤י,1,False,,
18031035,2,,daß,יִתֶּן־,2,False,,
18031035,3,,ich,לִ֨י׀,3,False,,
18031035,4,,einen,שֹׁ֘מֵ֤עַֽ,4,True,,
18031035,5,,hätte,יִתֶּן־,2,False,,
18031035,6,,der,שֹׁ֘מֵ֤עַֽ,4,True,,
18031035,7,,auf,שֹׁ֘מֵ֤עַֽ,4,False,,
18031035,8,,mich,לִ֗י,5,False,,
18031035,9,,hörte,שֹׁ֘מֵ֤עַֽ,4,False,,
18031035,10,,hier,הֶן־,6,False,,
18031035,11,,ist,הֶן־,6,True,,
18031035,12,,meine,תָּ֭וִי,7,False,,
18031035,13,,Unterschrift,תָּ֭וִי,7,False,,
18031035,14,,der,שַׁדַּ֣י,8,True,,
18031035,15,,Allmächtige,שַׁדַּ֣י,8,False,,
18031035,16,,antworte,יַעֲנֵ֑נִי,9,False,,
18031035,17,,mir,יַעֲנֵ֑נִי,9,False,,
18031035,18,,und,וְסֵ֥פֶר,10,False,,
18031035,19,,die,וְסֵ֥פֶר,10,True,,
18031035,20,,Klageschrift,וְסֵ֥פֶר,10,False,,
18031035,21,,welche,כָּ֝תַ֗ב,11,False,,
18031035,22,,mein,רִיבִֽי׃,13,False,,
18031035,23,,Gegner,אִ֣ישׁ,12,False,,
18031035,24,,geschrieben,כָּ֝תַ֗ב,11,False,,
18031036,1,,Würde,אִם־,1,False,,
18031036,2,,ich,אֶשָּׂאֶ֑נּוּ,5,False,,
18031036,3,,sie,אֶשָּׂאֶ֑נּוּ,5,False,,
18031036,4,,nicht,לֹ֣א,2,False,,
18031036,5,,auf,עַל־,3,False,,
18031036,6,,meiner,שִׁ֭כְמִי,4,False,,
18031036,7,,Schulter,שִׁ֭כְמִי,4,False,,
18031036,8,,tragen,אֶשָּׂאֶ֑נּוּ,5,False,,
18031036,9,,sie,אֶֽעֶנְדֶ֖נּוּ,6,False,,
18031036,10,,mir,לִֽי׃,8,False,,
18031036,11,,umbinden,אֶֽעֶנְדֶ֖נּוּ,6,False,,
18031036,12,,als,עֲטָר֣וֹת,7,False,,
18031036,13,,Krone,עֲטָר֣וֹת,7,False,,
18031037,1,,Ich,אַגִּידֶ֑נּוּ,3,False,,
18031037,2,,würde,אַגִּידֶ֑נּוּ,3,False,,
18031037,3,,ihm,אַגִּידֶ֑נּוּ,3,False,,
18031037,4,,kundtun,אַגִּידֶ֑נּוּ,3,False,,
18031037,5,,die,מִסְפַּ֣ר,1,True,,
18031037,6,,Zahl,מִסְפַּ֣ר,1,False,,
18031037,7,,meiner,צְ֭עָדַי,2,False,,
18031037,8,,Schritte,צְ֭עָדַי,2,False,,
18031037,9,,würde,אֲקָרֲבֶֽנּוּ׃,6,False,,
18031037,10,,ihm,אֲקָרֲבֶֽנּוּ׃,6,False,,
18031037,11,,nahen,אֲקָרֲבֶֽנּוּ׃,6,False,,
18031037,12,,wie,כְּמוֹ־,4,False,,
18031037,13,,ein,נָ֝גִ֗יד,5,True,,
18031037,14,,Fürst,נָ֝גִ֗יד,5,False,,
18031038,1,,Wenn,אִם־,1,False,,
18031038,2,,mein,אַדְמָתִ֣י,3,False,,
18031038,3,,Acker,אַדְמָתִ֣י,3,False,,
18031038,4,,über,עָ֭לַי,2,False,,
18031038,5,,mich,עָ֭לַי,2,False,,
18031038,6,,schreit,תִזְעָ֑ק,4,False,,
18031038,7,,und,וְ֝יַ֗חַד,5,False,,
18031038,8,,seine,תְּלָמֶ֥יהָ,6,False,,
18031038,9,,Furchen,תְּלָמֶ֥יהָ,6,False,,
18031038,10,,allesamt,וְ֝יַ֗חַד,5,False,,
18031038,11,,weinen,יִבְכָּיֽוּן׃,7,False,,
18031039,1,,wenn,אִם־,1,False,,
18031039,2,,ich,אָכַ֣לְתִּי,3,False,,
18031039,3,,seinen,כֹּ֭חָהּ,2,False,,
18031039,4,,Ertrag,כֹּ֭חָהּ,2,False,,
18031039,5,,ohne,בְלִי־,4,False,,
18031039,6,,Zahlung,כָ֑סֶף,5,False,,
18031039,7,,verzehrt,אָכַ֣לְתִּי,3,False,,
18031039,8,,habe,אָכַ֣לְתִּי,3,True,,
18031039,9,,und,וְנֶ֖פֶשׁ,6,False,,
18031039,10,,die,בְּעָלֶ֣יהָ,7,True,,
18031039,11,,Seele,וְנֶ֖פֶשׁ,6,False,,
18031039,12,,seiner,בְּעָלֶ֣יהָ,7,False,,
18031039,13,,Besitzer,בְּעָלֶ֣יהָ,7,False,,
18031039,14,,aushauchen,הִפָּֽחְתִּי׃,8,False,,
18031039,15,,ließ,הִפָּֽחְתִּי׃,8,False,,
18031040,1,,so,תַּ֤חַת,1,False,,
18031040,2,,mögen,יֵ֥צֵא,3,False,,
18031040,3,,Dornen,ח֗וֹחַ,4,False,,
18031040,4,,statt,תַּ֤חַת,1,False,,
18031040,5,,Weizen,חִטָּ֨ה׀,2,False,,
18031040,6,,und,וְתַֽחַת־,5,False,,
18031040,7,,Unkraut,בָאְשָׁ֑ה,7,False,,
18031040,8,,statt,וְתַֽחַת־,5,False,,
18031040,9,,Gerste,שְׂעֹרָ֥ה,6,False,,
18031040,10,,hervorkommen,יֵ֥צֵא,3,False,,
18031040,11,,Die,תַּ֝֗מּוּ,8,False,,
18031040,12,,Worte,דִּבְרֵ֥י,9,False,,
18031040,13,,Hiobs,אִיּֽוֹב׃ פ,10,False,,
18031040,14,,sind,תַּ֝֗מּוּ,8,False,,
18031040,15,,zu,תַּ֝֗מּוּ,8,True,,
18031040,16,,Ende,תַּ֝֗מּוּ,8,False,,
18032001,1,,Und,וַֽיִּשְׁבְּת֡וּ,1,False,,
18032001,2,,jene,הָ֭אֵלֶּה,4,False,,
18032001,3,,drei,שְׁלֹ֤שֶׁת,2,False,,
18032001,4,,Männer,הָאֲנָשִׁ֣ים,3,False,,
18032001,5,,hörten,וַֽיִּשְׁבְּת֡וּ,1,False,,
18032001,6,,auf,מֵעֲנ֣וֹת,5,False,,
18032001,7,,dem,מֵעֲנ֣וֹת,5,True,,
18032001,8,,Hiob,אִיּ֑וֹב,7,False,,
18032001,9,,zu,מֵעֲנ֣וֹת,5,False,,
18032001,10,,antworten,מֵעֲנ֣וֹת,5,False,,
18032001,11,,weil,כִּ֤י,8,False,,
18032001,12,,er,ה֖וּא,9,False,,
18032001,13,,in,בְּעֵינָֽיו׃ פ,11,False,,
18032001,14,,seinen,בְּעֵינָֽיו׃ פ,11,False,,
18032001,15,,Augen,בְּעֵינָֽיו׃ פ,11,False,,
18032001,16,,gerecht,צַדִּ֣יק,10,False,,
18032001,17,,war,כִּ֤י,8,False,,
18032002,1,,Da,וַיִּ֤חַר,1,False,,
18032002,2,,entbrannte,וַיִּ֤חַר,1,False,,
18032002,3,,der,אַ֨ף׀,2,True,,
18032002,4,,Zorn,אַ֨ף׀,2,False,,
18032002,5,,Elihus,אֱלִיה֣וּא,3,False,,
18032002,6,,des,בֶן־,4,True,,
18032002,7,,Sohnes,בֶן־,4,False,,
18032002,8,,Barakeels,בַּרַכְאֵ֣ל,5,False,,
18032002,9,,des,הַבּוּזִי֮,6,True,,
18032002,10,,Busiters,הַבּוּזִי֮,6,False,,
18032002,11,,vom,מִמִּשְׁפַּ֪חַ֫ת,7,False,,
18032002,12,,Geschlechte,מִמִּשְׁפַּ֪חַ֫ת,7,False,,
18032002,13,,Ram,רָ֥ם,8,False,,
18032002,14,,sein,אַפּ֑וֹ,11,False,,
18032002,15,,Zorn,אַפּ֑וֹ,11,False,,
18032002,16,,entbrannte,חָרָ֣ה,10,False,,
18032002,17,,wider,בְּ֭אִיּוֹב,9,False,,
18032002,18,,Hiob,בְּ֭אִיּוֹב,9,False,,
18032002,19,,weil,עַֽל־,12,False,,
18032002,20,,er,צַדְּק֥וֹ,13,False,,
18032002,21,,sich,נַ֝פְשׁ֗וֹ,14,False,,
18032002,22,,selbst,נַ֝פְשׁ֗וֹ,14,False,,
18032002,23,,mehr,צַדְּק֥וֹ,13,True,,
18032002,24,,rechtfertigte,צַדְּק֥וֹ,13,False,,
18032002,25,,als,מֵאֱלֹהִֽים׃,15,False,,
18032002,26,,Gott,מֵאֱלֹהִֽים׃,15,False,,
18032003,1,,Und,וּבִשְׁלֹ֣שֶׁת,1,False,,
18032003,2,,sein,אַ֫פּ֥וֹ,4,False,,
18032003,3,,Zorn,אַ֫פּ֥וֹ,4,False,,
18032003,4,,entbrannte,חָרָ֪ה,3,False,,
18032003,5,,wider,עַ֤ל,5,False,,
18032003,6,,seine,וּבִשְׁלֹ֣שֶׁת,1,False,,
18032003,7,,drei,וּבִשְׁלֹ֣שֶׁת,1,False,,
18032003,8,,Freunde,רֵעָיו֮,2,False,,
18032003,9,,darum,אֲשֶׁ֣ר,6,False,,
18032003,10,,daß,אֲשֶׁ֣ר,6,False,,
18032003,11,,sie,מָצְא֣וּ,8,False,,
18032003,12,,keine,לֹא־,7,False,,
18032003,13,,Antwort,מַעֲנֶ֑ה,9,False,,
18032003,14,,fanden,מָצְא֣וּ,8,False,,
18032003,15,,und,וַ֝יַּרְשִׁ֗יעוּ,10,False,,
18032003,16,,Hiob,אִיּֽוֹב׃,12,False,,
18032003,17,,verdammten,וַ֝יַּרְשִׁ֗יעוּ,10,False,,
18032004,1,,Aber,וֶֽאֱלִיה֗וּ,1,False,,
18032004,2,,Elihu,וֶֽאֱלִיה֗וּ,1,False,,
18032004,3,,hatte,חִכָּ֣ה,2,False,,
18032004,4,,auf,חִכָּ֣ה,2,False,,
18032004,5,,Hiob,אִ֭יּוֹב,4,False,,
18032004,6,,gewartet,חִכָּ֣ה,2,False,,
18032004,7,,mit,בִּדְבָרִ֑ים,5,False,,
18032004,8,,Reden,בִּדְבָרִ֑ים,5,False,,
18032004,9,,weil,כִּ֤י,6,False,,
18032004,10,,jene,הֵ֖מָּה,8,False,,
18032004,11,,älter,זְֽקֵנִים־,7,False,,
18032004,12,,an,לְיָמִֽים׃,10,False,,
18032004,13,,Jahren,לְיָמִֽים׃,10,False,,
18032004,14,,waren,הֵ֖מָּה,8,False,,
18032004,15,,als,מִמֶּ֣נּוּ,9,False,,
18032004,16,,er,מִמֶּ֣נּוּ,9,False,,
18032005,1,,Und,וַיַּ֤רְא,1,False,,
18032005,2,,als,כִּ֘י,3,False,,
18032005,3,,Elihu,אֱלִיה֗וּא,2,False,,
18032005,4,,sah,וַיַּ֤רְא,1,False,,
18032005,5,,daß,כִּ֘י,3,False,,
18032005,6,,keine,אֵ֤ין,4,False,,
18032005,7,,Antwort,מַעֲנֶ֗ה,5,False,,
18032005,8,,in,בְּ֭פִי,6,False,,
18032005,9,,dem,בְּ֭פִי,6,True,,
18032005,10,,Munde,בְּ֭פִי,6,False,,
18032005,11,,der,שְׁלֹ֥שֶׁת,7,True,,
18032005,12,,drei,שְׁלֹ֥שֶׁת,7,False,,
18032005,13,,Männer,הָאֲנָשִׁ֗ים,8,False,,
18032005,14,,war,הָאֲנָשִׁ֗ים,8,True,,
18032005,15,,da,וַיִּ֥חַר,9,False,,
18032005,16,,entbrannte,וַיִּ֥חַר,9,False,,
18032005,17,,sein,אַפּֽוֹ׃ פ,10,False,,
18032005,18,,Zorn,אַפּֽוֹ׃ פ,10,False,,
18032006,1,,Und,וַיַּ֤עַן׀,1,False,,
18032006,2,,Elihu,אֱלִיה֖וּא,2,False,,
18032006,3,,der,בֶן־,3,False,,
18032006,4,,Sohn,בֶן־,3,False,,
18032006,5,,Barakeels,בַּֽרַכְאֵ֥ל,4,False,,
18032006,6,,der,הַבּוּזִ֗י,5,False,,
18032006,7,,Busiter,הַבּוּזִ֗י,5,False,,
18032006,8,,hob,וַיֹּ֫אמַ֥ר,6,False,,
18032006,9,,an,וַיֹּ֫אמַ֥ר,6,True,,
18032006,10,,und,וַיֹּ֫אמַ֥ר,6,True,,
18032006,11,,sprach,וַיֹּ֫אמַ֥ר,6,False,,
18032006,12,,Ich,אֲנִ֣י,8,False,,
18032006,13,,bin,צָ֘עִ֤יר,7,False,,
18032006,14,,jung,צָ֘עִ֤יר,7,False,,
18032006,15,,an,לְ֭יָמִים,9,False,,
18032006,16,,Jahren,לְ֭יָמִים,9,False,,
18032006,17,,und,וְאַתֶּ֣ם,10,False,,
18032006,18,,ihr,וְאַתֶּ֣ם,10,False,,
18032006,19,,seid,יְשִׁישִׁ֑ים,11,False,,
18032006,20,,Greise,יְשִׁישִׁ֑ים,11,False,,
18032006,21,,darum,עַל־,12,False,,
18032006,22,,habe,זָחַ֥לְתִּי,14,False,,
18032006,23,,ich,זָחַ֥לְתִּי,14,False,,
18032006,24,,mich,וָֽאִירָ֓א׀,15,False,,
18032006,25,,gescheut,זָחַ֥לְתִּי,14,False,,
18032006,26,,und,וָֽאִירָ֓א׀,15,False,,
18032006,27,,gefürchtet,וָֽאִירָ֓א׀,15,False,,
18032006,28,,euch,אֶתְכֶֽם׃,18,False,,
18032006,29,,mein,דֵּעִ֣י,17,False,,
18032006,30,,Wissen,דֵּעִ֣י,17,False,,
18032006,31,,kundzutun,מֵחַוֹּ֖ת,16,False,,
18032007,1,,Ich,אָ֭מַרְתִּי,1,False,,
18032007,2,,sagte,אָ֭מַרְתִּי,1,False,,
18032007,3,,Mögen,יָמִ֣ים,2,False,,
18032007,4,,die,יָמִ֣ים,2,True,,
18032007,5,,Tage,יָמִ֣ים,2,False,,
18032007,6,,reden,יְדַבֵּ֑רוּ,3,False,,
18032007,7,,und,וְרֹ֥ב,4,False,,
18032007,8,,die,שָׁ֝נִ֗ים,5,True,,
18032007,9,,Menge,וְרֹ֥ב,4,False,,
18032007,10,,der,שָׁ֝נִ֗ים,5,False,,
18032007,11,,Jahre,שָׁ֝נִ֗ים,5,False,,
18032007,12,,Weisheit,חָכְמָֽה׃,7,False,,
18032007,13,,verkünden,יֹדִ֥יעוּ,6,False,,
18032008,1,,Jedoch,אָ֭כֵן,1,False,,
18032008,2,,der,רֽוּחַ־,2,False,,
18032008,3,,Geist,רֽוּחַ־,2,False,,
18032008,4,,ist,הִ֣יא,3,False,,
18032008,5,,es,הִ֣יא,3,False,,
18032008,6,,in,בֶאֱנ֑וֹשׁ,4,False,,
18032008,7,,den,בֶאֱנ֑וֹשׁ,4,True,,
18032008,8,,Menschen,בֶאֱנ֑וֹשׁ,4,False,,
18032008,9,,und,וְנִשְׁמַ֖ת,5,False,,
18032008,10,,der,וְנִשְׁמַ֖ת,5,False,,
18032008,11,,Odem,וְנִשְׁמַ֖ת,5,False,,
18032008,12,,des,שַׁדַּ֣י,6,False,,
18032008,13,,Allmächtigen,שַׁדַּ֣י,6,False,,
18032008,14,,der,תְּבִינֵֽם׃,7,False,,
18032008,15,,sie,תְּבִינֵֽם׃,7,False,,
18032008,16,,verständig,תְּבִינֵֽם׃,7,False,,
18032008,17,,macht,תְּבִינֵֽם׃,7,False,,
18032009,1,,Nicht,לֹֽא־,1,False,,
18032009,2,,die,רַבִּ֥ים,2,False,,
18032009,3,,Bejahrten,רַבִּ֥ים,2,False,,
18032009,4,,sind,יֶחְכָּ֑מוּ,3,False,,
18032009,5,,weise,יֶחְכָּ֑מוּ,3,False,,
18032009,6,,noch,וּ֝זְקֵנִ֗ים,4,False,,
18032009,7,,verstehen,יָבִ֥ינוּ,5,False,,
18032009,8,,die,מִשְׁפָּֽט׃,6,False,,
18032009,9,,Alten,וּ֝זְקֵנִ֗ים,4,False,,
18032009,10,,was,מִשְׁפָּֽט׃,6,False,,
18032009,11,,recht,מִשְׁפָּֽט׃,6,False,,
18032009,12,,ist,מִשְׁפָּֽט׃,6,False,,
18032010,1,,Darum,לָכֵ֣ן,1,False,,
18032010,2,,sage,אָ֭מַרְתִּי,2,False,,
18032010,3,,ich,אָ֭מַרְתִּי,2,False,,
18032010,4,,Höre,שִׁמְעָה־,3,False,,
18032010,5,,mir,לִּ֑י,4,False,,
18032010,6,,zu,לִּ֑י,4,False,,
18032010,7,,auch,אַף־,7,False,,
18032010,8,,ich,אָֽנִי׃,8,False,,
18032010,9,,will,אֲחַוֶּ֖ה,5,False,,
18032010,10,,mein,דֵּעִ֣י,6,False,,
18032010,11,,Wissen,דֵּעִ֣י,6,False,,
18032010,12,,kundtun,אֲחַוֶּ֖ה,5,False,,
18032011,1,,Siehe,הֵ֤ן,1,False,,
18032011,2,,ich,הוֹחַ֨לְתִּי,2,False,,
18032011,3,,harrte,הוֹחַ֨לְתִּי,2,False,,
18032011,4,,auf,לְֽדִבְרֵיכֶ֗ם,3,False,,
18032011,5,,eure,לְֽדִבְרֵיכֶ֗ם,3,False,,
18032011,6,,Reden,לְֽדִבְרֵיכֶ֗ם,3,False,,
18032011,7,,horchte,אָ֭זִין,4,False,,
18032011,8,,auf,עַד־,5,False,,
18032011,9,,eure,תְּב֥וּנֹֽתֵיכֶ֑ם,6,False,,
18032011,10,,Einsichten,תְּב֥וּנֹֽתֵיכֶ֑ם,6,False,,
18032011,11,,bis,עַֽד־,7,False,,
18032011,12,,ihr,תַּחְקְר֥וּן,8,False,,
18032011,13,,Worte,מִלִּֽין׃,9,False,,
18032011,14,,ausfindig,תַּחְקְר֥וּן,8,False,,
18032011,15,,gemacht,תַּחְקְר֥וּן,8,False,,
18032011,16,,hättet,תַּחְקְר֥וּן,8,False,,
18032012,1,,und,וְעָֽדֵיכֶ֗ם,1,False,,
18032012,2,,ich,אֶתְבּ֫וֹנָ֥ן,2,False,,
18032012,3,,richtete,אֶתְבּ֫וֹנָ֥ן,2,False,,
18032012,4,,meine,אֶתְבּ֫וֹנָ֥ן,2,False,,
18032012,5,,Aufmerksamkeit,אֶתְבּ֫וֹנָ֥ן,2,False,,
18032012,6,,auf,אֶתְבּ֫וֹנָ֥ן,2,False,,
18032012,7,,euch,וְעָֽדֵיכֶ֗ם,1,False,,
18032012,8,,und,וְהִנֵּ֤ה,3,False,,
18032012,9,,siehe,וְהִנֵּ֤ה,3,False,,
18032012,10,,keiner,אֵ֣ין,4,False,,
18032012,11,,ist,אֵ֣ין,4,False,,
18032012,12,,unter,מִכֶּֽם׃,9,False,,
18032012,13,,euch,מִכֶּֽם׃,9,False,,
18032012,14,,der,מוֹכִ֑יחַ,6,False,,
18032012,15,,Hiob,לְאִיּ֣וֹב,5,False,,
18032012,16,,widerlegt,מוֹכִ֑יחַ,6,False,,
18032012,17,,der,עוֹנֶ֖ה,7,False,,
18032012,18,,seine,אֲמָרָ֣יו,8,False,,
18032012,19,,Reden,אֲמָרָ֣יו,8,False,,
18032012,20,,beantwortet,עוֹנֶ֖ה,7,False,,
18032012,21,,hätte,עוֹנֶ֖ה,7,False,,
18032013,1,,Daß,פֶּן־,1,False,,
18032013,2,,ihr,תֹּ֣֭אמְרוּ,2,False,,
18032013,3,,nur,תֹּ֣֭אמְרוּ,2,False,,
18032013,4,,nicht,פֶּן־,1,False,,
18032013,5,,saget,תֹּ֣֭אמְרוּ,2,False,,
18032013,6,,Wir,מָצָ֣אנוּ,3,False,,
18032013,7,,haben,מָצָ֣אנוּ,3,False,,
18032013,8,,Weisheit,חָכְמָ֑ה,4,False,,
18032013,9,,gefunden,מָצָ֣אנוּ,3,False,,
18032013,10,,Gott,אֵ֖ל,5,False,,
18032013,11,,wird,יִדְּפֶ֣נּוּ,6,False,,
18032013,12,,ihn,יִדְּפֶ֣נּוּ,6,False,,
18032013,13,,aus,יִדְּפֶ֣נּוּ,6,False,,
18032013,14,,dem,יִדְּפֶ֣נּוּ,6,False,,
18032013,15,,Felde,יִדְּפֶ֣נּוּ,6,False,,
18032013,16,,schlagen,יִדְּפֶ֣נּוּ,6,False,,
18032013,17,,nicht,לֹא־,7,False,,
18032013,18,,ein,אִֽישׁ׃,8,False,,
18032013,19,,Mensch,אִֽישׁ׃,8,False,,
18032014,1,,Er,עָרַ֣ךְ,2,False,,
18032014,2,,hat,עָרַ֣ךְ,2,False,,
18032014,3,,ja,עָרַ֣ךְ,2,False,,
18032014,4,,an,אֵלַ֣י,3,False,,
18032014,5,,mich,אֵלַ֣י,3,False,,
18032014,6,,keine,וְלֹא־,1,False,,
18032014,7,,Worte,מִלִּ֑ין,4,False,,
18032014,8,,gerichtet,עָרַ֣ךְ,2,False,,
18032014,9,,und,וּ֝בְאִמְרֵיכֶ֗ם,5,False,,
18032014,10,,mit,וּ֝בְאִמְרֵיכֶ֗ם,5,False,,
18032014,11,,euren,וּ֝בְאִמְרֵיכֶ֗ם,5,False,,
18032014,12,,Reden,וּ֝בְאִמְרֵיכֶ֗ם,5,False,,
18032014,13,,werde,אֲשִׁיבֶֽנּוּ׃,7,False,,
18032014,14,,ich,אֲשִׁיבֶֽנּוּ׃,7,False,,
18032014,15,,ihm,אֲשִׁיבֶֽנּוּ׃,7,False,,
18032014,16,,nicht,לֹ֣א,6,False,,
18032014,17,,erwidern,אֲשִׁיבֶֽנּוּ׃,7,False,,
18032014,18,,,אֲשִׁיבֶֽנּוּ׃,7,True,,
18032015,1,,Sie,חַ֭תּוּ,1,False,,
18032015,2,,sind,חַ֭תּוּ,1,False,,
18032015,3,,bestürzt,חַ֭תּוּ,1,False,,
18032015,4,,sie,עָ֣נוּ,3,False,,
18032015,5,,antworten,עָ֣נוּ,3,False,,
18032015,6,,nicht,לֹא־,2,False,,
18032015,7,,mehr,ע֑וֹד,4,False,,
18032015,8,,die,מִלִּֽים׃,7,False,,
18032015,9,,Worte,מִלִּֽים׃,7,False,,
18032015,10,,sind,הֶעְתִּ֖יקוּ,5,False,,
18032015,11,,ihnen,מֵהֶ֣ם,6,False,,
18032015,12,,ausgegangen,הֶעְתִּ֖יקוּ,5,False,,
18032016,1,,Und,וְ֭הוֹחַלְתִּי,1,False,,
18032016,2,,ich,וְ֭הוֹחַלְתִּי,1,False,,
18032016,3,,sollte,וְ֭הוֹחַלְתִּי,1,False,,
18032016,4,,warten,וְ֭הוֹחַלְתִּי,1,False,,
18032016,5,,weil,כִּי־,2,False,,
18032016,6,,sie,יְדַבֵּ֑רוּ,4,False,,
18032016,7,,nicht,לֹ֣א,3,False,,
18032016,8,,reden,יְדַבֵּ֑רוּ,4,False,,
18032016,9,,weil,כִּ֥י,5,False,,
18032016,10,,sie,עָ֝מְד֗וּ,6,False,,
18032016,11,,dastehen,עָ֝מְד֗וּ,6,False,,
18032016,12,,nicht,לֹא־,7,False,,
18032016,13,,mehr,עֽוֹד׃,9,False,,
18032016,14,,antworten,עָ֥נוּ,8,False,,
18032017,1,,Auch,אַף־,2,False,,
18032017,2,,ich,אֲנִ֣י,3,False,,
18032017,3,,will,אַעֲנֶ֣ה,1,False,,
18032017,4,,mein,חֶלְקִ֑י,4,False,,
18032017,5,,Teil,חֶלְקִ֑י,4,False,,
18032017,6,,erwidern,אַעֲנֶ֣ה,1,False,,
18032017,7,,auch,אַף־,7,False,,
18032017,8,,ich,אָֽנִי׃,8,False,,
18032017,9,,will,אֲחַוֶּ֖ה,5,False,,
18032017,10,,mein,דֵעִ֣י,6,False,,
18032017,11,,Wissen,דֵעִ֣י,6,False,,
18032017,12,,kundtun,אֲחַוֶּ֖ה,5,False,,
18032018,1,,Denn,כִּ֭י,1,False,,
18032018,2,,voll,מָלֵ֣תִי,2,False,,
18032018,3,,bin,מָלֵ֣תִי,2,False,,
18032018,4,,ich,מָלֵ֣תִי,2,False,,
18032018,5,,von,מִלִּ֑ים,3,False,,
18032018,6,,Worten,מִלִּ֑ים,3,False,,
18032018,7,,der,ר֣וּחַ,5,False,,
18032018,8,,Geist,ר֣וּחַ,5,False,,
18032018,9,,meines,בִּטְנִֽי׃,6,False,,
18032018,10,,Innern,בִּטְנִֽי׃,6,False,,
18032018,11,,drängt,הֱ֝צִיקַ֗תְנִי,4,False,,
18032018,12,,mich,הֱ֝צִיקַ֗תְנִי,4,False,,
18032019,1,,Siehe,הִנֵּֽה־,1,False,,
18032019,2,,mein,בִטְנִ֗י,2,False,,
18032019,3,,Inneres,בִטְנִ֗י,2,False,,
18032019,4,,ist,בִטְנִ֗י,2,False,,
18032019,5,,wie,כְּיַ֥יִן,3,False,,
18032019,6,,Wein,כְּיַ֥יִן,3,False,,
18032019,7,,der,לֹא־,4,False,,
18032019,8,,nicht,לֹא־,4,False,,
18032019,9,,geöffnet,יִפָּתֵ֑חַ,5,False,,
18032019,10,,ist,יִפָּתֵ֑חַ,5,False,,
18032019,11,,gleich,כְּאֹב֥וֹת,6,False,,
18032019,12,,neuen,חֲ֝דָשִׁ֗ים,7,False,,
18032019,13,,Schläuchen,כְּאֹב֥וֹת,6,False,,
18032019,14,,will,יִבָּקֵֽעַ׃,8,False,,
18032019,15,,es,יִבָּקֵֽעַ׃,8,False,,
18032019,16,,bersten,יִבָּקֵֽעַ׃,8,False,,
18032020,1,,Ich,אֲדַבְּרָ֥ה,1,False,,
18032020,2,,will,אֲדַבְּרָ֥ה,1,False,,
18032020,3,,reden,אֲדַבְּרָ֥ה,1,False,,
18032020,4,,daß,וְיִֽרְוַֽח־,2,False,,
18032020,5,,mir,לִ֑י,3,False,,
18032020,6,,Luft,וְיִֽרְוַֽח־,2,False,,
18032020,7,,werde,וְיִֽרְוַֽח־,2,False,,
18032020,8,,will,אֶפְתַּ֖ח,4,False,,
18032020,9,,meine,שְׂפָתַ֣י,5,False,,
18032020,10,,Lippen,שְׂפָתַ֣י,5,False,,
18032020,11,,auftun,אֶפְתַּ֖ח,4,False,,
18032020,12,,und,וְאֶֽעֱנֶֽה׃,6,False,,
18032020,13,,antworten,וְאֶֽעֱנֶֽה׃,6,False,,
18032021,1,,Daß,אַל־,1,False,,
18032021,2,,ich,אַל־,1,True,,
18032021,3,,nur,נָ֭א,2,False,,
18032021,4,,ja,נָ֭א,2,True,,
18032021,5,,für,פְנֵי־,4,True,,
18032021,6,,niemand,אִ֑ישׁ,5,False,,
18032021,7,,Partei,פְנֵי־,4,False,,
18032021,8,,nehme,אֶשָּׂ֣א,3,False,,
18032021,9,,und,וְאֶל־,6,False,,
18032021,10,,keinem,אָ֝דָ֗ם,7,False,,
18032021,11,,Menschen,אָ֝דָ֗ם,7,True,,
18032021,12,,werde,לֹ֣א,8,True,,
18032021,13,,ich,לֹ֣א,8,True,,
18032021,14,,schmeicheln,אֲכַנֶּֽה׃,9,False,,
18032022,1,,Denn,כִּ֤י,1,False,,
18032022,2,,ich,יָדַ֣עְתִּי,3,True,,
18032022,3,,weiß,יָדַ֣עְתִּי,3,False,,
18032022,4,,nicht,לֹ֣א,2,False,,
18032022,5,,zu,אֲכַנֶּ֑ה,4,True,,
18032022,6,,schmeicheln,אֲכַנֶּ֑ה,4,False,,
18032022,7,,gar,כִּ֝מְעַ֗ט,5,False,,
18032022,8,,bald,כִּ֝מְעַ֗ט,5,True,,
18032022,9,,würde,יִשָּׂאֵ֥נִי,6,False,,
18032022,10,,mein,עֹשֵֽׂנִי׃,7,True,,
18032022,11,,Schöpfer,עֹשֵֽׂנִי׃,7,False,,
18032022,12,,mich,יִשָּׂאֵ֥נִי,6,True,,
18032022,13,,hinwegnehmen,יִשָּׂאֵ֥נִי,6,True,,
18033001,1,,Nun,וְֽאוּלָ֗ם,1,False,,
18033001,2,,aber,וְֽאוּלָ֗ם,1,True,,
18033001,3,,Hiob,אִיּ֣וֹב,4,False,,
18033001,4,,höre,שְׁמַֽע־,2,False,,
18033001,5,,doch,נָ֣א,3,False,,
18033001,6,,meine,מִלָּ֑י,5,True,,
18033001,7,,Reden,מִלָּ֑י,5,False,,
18033001,8,,und,וְֽכָל־,6,False,,
18033001,9,,nimm,הַאֲזִֽינָה׃,8,False,,
18033001,10,,zu,הַאֲזִֽינָה׃,8,True,,
18033001,11,,Ohren,הַאֲזִֽינָה׃,8,True,,
18033001,12,,alle,וְֽכָל־,6,True,,
18033001,13,,meine,דְּבָרַ֥י,7,True,,
18033001,14,,Worte,דְּבָרַ֥י,7,False,,
18033002,1,,Siehe,הִנֵּה־,1,False,,
18033002,2,,doch,נָ֭א,2,False,,
18033002,3,,ich,פָּתַ֣חְתִּי,3,True,,
18033002,4,,habe,פָּתַ֣חְתִּי,3,True,,
18033002,5,,meinen,פִ֑י,4,True,,
18033002,6,,Mund,פִ֑י,4,False,,
18033002,7,,aufgetan,פָּתַ֣חְתִּי,3,False,,
18033002,8,,meine,לְשׁוֹנִ֣י,6,True,,
18033002,9,,Zunge,לְשׁוֹנִ֣י,6,False,,
18033002,10,,redet,דִּבְּרָ֖ה,5,False,,
18033002,11,,in,בְחִכִּֽי׃,7,False,,
18033002,12,,meinem,בְחִכִּֽי׃,7,True,,
18033002,13,,Gaumen,בְחִכִּֽי׃,7,False,,
18033003,1,,Meine,לִבִּ֥י,2,True,,
18033003,2,,Worte,אֲמָרָ֑י,3,False,,
18033003,3,,sollen,בָּר֥וּר,6,True,,
18033003,4,,die,יֹֽשֶׁר־,1,True,,
18033003,5,,Geradheit,יֹֽשֶׁר־,1,False,,
18033003,6,,meines,לִבִּ֥י,2,True,,
18033003,7,,Herzens,לִבִּ֥י,2,False,,
18033003,8,,sein,מִלֵּֽלוּ׃,7,False,,
18033003,9,,und,וְדַ֥עַת,4,True,,
18033003,10,,was,וְדַ֥עַת,4,True,,
18033003,11,,meine,שְׂ֝פָתַ֗י,5,True,,
18033003,12,,Lippen,שְׂ֝פָתַ֗י,5,False,,
18033003,13,,wissen,וְדַ֥עַת,4,False,,
18033003,14,,sollen,מִלֵּֽלוּ׃,7,True,,
18033003,15,,sie,מִלֵּֽלוּ׃,7,True,,
18033003,16,,rein,בָּר֥וּר,6,False,,
18033003,17,,heraussagen,מִלֵּֽלוּ׃,7,False,,
18033004,1,,Der,רֽוּחַ־,1,True,,
18033004,2,,Geist,רֽוּחַ־,1,False,,
18033004,3,,Gottes,אֵ֥ל,2,False,,
18033004,4,,hat,עָשָׂ֑תְנִי,3,True,,
18033004,5,,mich,עָשָׂ֑תְנִי,3,True,,
18033004,6,,gemacht,עָשָׂ֑תְנִי,3,False,,
18033004,7,,und,וְנִשְׁמַ֖ת,4,False,,
18033004,8,,der,וְנִשְׁמַ֖ת,4,True,,
18033004,9,,Odem,וְנִשְׁמַ֖ת,4,False,,
18033004,10,,des,שַׁדַּ֣י,5,False,,
18033004,11,,Allmächtigen,שַׁדַּ֣י,5,True,,
18033004,12,,belebt,תְּחַיֵּֽנִי׃,6,False,,
18033004,13,,mich,תְּחַיֵּֽנִי׃,6,True,,
18033005,1,,Wenn,אִם־,1,False,,
18033005,2,,du,תּוּכַ֥ל,2,True,,
18033005,3,,kannst,תּוּכַ֥ל,2,False,,
18033005,4,,so,הֲשִׁיבֵ֑נִי,3,True,,
18033005,5,,antworte,הֲשִׁיבֵ֑נִי,3,False,,
18033005,6,,mir,הֲשִׁיבֵ֑נִי,3,True,,
18033005,7,,rüste,עֶרְכָ֥ה,4,False,,
18033005,8,,dich,עֶרְכָ֥ה,4,True,,
18033005,9,,vor,לְ֝פָנַ֗י,5,False,,
18033005,10,,mir,לְ֝פָנַ֗י,5,True,,
18033005,11,,stelle,הִתְיַצָּֽבָה׃,6,False,,
18033005,12,,dich,הִתְיַצָּֽבָה׃,6,True,,
18033006,1,,Siehe,הֵן־,1,False,,
18033006,2,,ich,אֲנִ֣י,2,False,,
18033006,3,,bin,כְפִ֣יךָ,3,True,,
18033006,4,,Gottes,לָאֵ֑ל,4,False,,
18033006,5,,wie,כְפִ֣יךָ,3,True,,
18033006,6,,du,כְפִ֣יךָ,3,True,,
18033006,7,,vom,מֵ֝חֹ֗מֶר,5,True,,
18033006,8,,Tone,מֵ֝חֹ֗מֶר,5,False,,
18033006,9,,abgekniffen,קֹרַ֥צְתִּי,6,False,,
18033006,10,,bin,קֹרַ֥צְתִּי,6,True,,
18033006,11,,auch,גַם־,7,False,,
18033006,12,,ich,אָֽנִי׃,8,False,,
18033007,1,,Siehe,הִנֵּ֣ה,1,False,,
18033007,2,,mein,אֵ֭מָתִי,2,True,,
18033007,3,,Schrecken,אֵ֭מָתִי,2,False,,
18033007,4,,wird,תְבַעֲתֶ֑ךָּ,4,True,,
18033007,5,,dich,תְבַעֲתֶ֑ךָּ,4,True,,
18033007,6,,nicht,לֹ֣א,3,False,,
18033007,7,,ängstigen,תְבַעֲתֶ֑ךָּ,4,False,,
18033007,8,,und,וְ֝אַכְפִּ֗י,5,False,,
18033007,9,,mein,וְ֝אַכְפִּ֗י,5,True,,
18033007,10,,Druck,וְ֝אַכְפִּ֗י,5,False,,
18033007,11,,wird,יִכְבָּֽד׃,8,True,,
18033007,12,,nicht,לֹא־,7,False,,
18033007,13,,schwer,יִכְבָּֽד׃,8,False,,
18033007,14,,auf,עָלֶ֥יךָ,6,False,,
18033007,15,,dir,עָלֶ֥יךָ,6,True,,
18033007,16,,lasten,יִכְבָּֽד׃,8,True,,
18033008,1,,Fürwahr,אַ֭ךְ,1,False,,
18033008,2,,du,אָמַ֣רְתָּ,2,False,,
18033008,3,,hast,אָמַ֣רְתָּ,2,True,,
18033008,4,,vor,בְאָזְנָ֑י,3,False,,
18033008,5,,meinen,בְאָזְנָ֑י,3,True,,
18033008,6,,Ohren,בְאָזְנָ֑י,3,False,,
18033008,7,,gesprochen,אָמַ֣רְתָּ,2,False,,
18033008,8,,und,וְק֖וֹל,4,False,,
18033008,9,,ich,אֶשְׁמָֽע׃,6,True,,
18033008,10,,hörte,אֶשְׁמָֽע׃,6,False,,
18033008,11,,die,וְק֖וֹל,4,True,,
18033008,12,,Stimme,וְק֖וֹל,4,False,,
18033008,13,,der,מִלִּ֣ין,5,False,,
18033008,14,,Worte,מִלִּ֣ין,5,False,,
18033009,1,,Ich,אֲנִ֗י,2,True,,
18033009,2,,bin,אֲנִ֗י,2,False,,
18033009,3,,rein,זַ֥ךְ,1,False,,
18033009,4,,ohne,בְּֽלִ֫י,3,False,,
18033009,5,,Übertretung,פָ֥שַׁע,4,False,,
18033009,6,,ich,אָנֹכִ֑י,6,True,,
18033009,7,,bin,אָנֹכִ֑י,6,False,,
18033009,8,,makellos,חַ֥ף,5,False,,
18033009,9,,und,וְלֹ֖א,7,False,,
18033009,10,,keine,וְלֹ֖א,7,True,,
18033009,11,,Ungerechtigkeit,עָוֹ֣ן,8,False,,
18033009,12,,ist,לִֽי׃,9,True,,
18033009,13,,an,לִֽי׃,9,True,,
18033009,14,,mir,לִֽי׃,9,False,,
18033010,1,,Siehe,הֵ֣ן,1,False,,
18033010,2,,er,יִמְצָ֑א,4,True,,
18033010,3,,erfindet,יִמְצָ֑א,4,False,,
18033010,4,,Feindseligkeiten,תְּ֭נוּאוֹת,2,False,,
18033010,5,,wider,עָלַ֣י,3,False,,
18033010,6,,mich,עָלַ֣י,3,True,,
18033010,7,,er,יַחְשְׁבֵ֖נִי,5,True,,
18033010,8,,hält,יַחְשְׁבֵ֖נִי,5,False,,
18033010,9,,mich,יַחְשְׁבֵ֖נִי,5,True,,
18033010,10,,für,לְאוֹיֵ֣ב,6,False,,
18033010,11,,seinen,לֽוֹ׃,7,True,,
18033010,12,,Feind,לְאוֹיֵ֣ב,6,False,,
18033011,1,,Er,יָשֵׂ֣ם,1,False,,
18033011,2,,legt,יָשֵׂ֣ם,1,False,,
18033011,3,,meine,רַגְלָ֑י,3,True,,
18033011,4,,Füße,רַגְלָ֑י,3,False,,
18033011,5,,in,בַּסַּ֣ד,2,False,,
18033011,6,,den,בַּסַּ֣ד,2,True,,
18033011,7,,Stock,בַּסַּ֣ד,2,False,,
18033011,8,,beobachtet,יִ֝שְׁמֹ֗ר,4,False,,
18033011,9,,alle,כָּל־,5,False,,
18033011,10,,meine,אָרְחֹתָֽי׃,6,True,,
18033011,11,,Pfade,אָרְחֹתָֽי׃,6,False,,
18033011,12,,,יָשֵׂ֣ם,1,True,,
18033012,1,,Siehe,הֶן־,1,False,,
18033012,2,,darin,זֹ֣את,2,False,,
18033012,3,,hast,צָדַ֣קְתָּ,4,True,,
18033012,4,,du,צָדַ֣קְתָּ,4,True,,
18033012,5,,nicht,לֹא־,3,False,,
18033012,6,,recht,צָדַ֣קְתָּ,4,False,,
18033012,7,,antworte,אֶעֱנֶ֑ךָּ,5,False,,
18033012,8,,ich,אֶעֱנֶ֑ךָּ,5,True,,
18033012,9,,dir,אֶעֱנֶ֑ךָּ,5,True,,
18033012,10,,denn,כִּֽי־,6,False,,
18033012,11,,Gott,אֱ֝ל֗וֹהַ,8,False,,
18033012,12,,ist,יִרְבֶּ֥ה,7,False,,
18033012,13,,erhabener,יִרְבֶּ֥ה,7,False,,
18033012,14,,als,מֵאֱנֽוֹשׁ׃,9,False,,
18033012,15,,ein,מֵאֱנֽוֹשׁ׃,9,True,,
18033012,16,,Mensch,מֵאֱנֽוֹשׁ׃,9,False,,
18033013,1,,Warum,מַ֭דּוּעַ,1,False,,
18033013,2,,hast,רִיב֑וֹתָ,3,True,,
18033013,3,,du,רִיב֑וֹתָ,3,True,,
18033013,4,,wider,אֵלָ֣יו,2,False,,
18033013,5,,ihn,אֵלָ֣יו,2,True,,
18033013,6,,gehadert,רִיב֑וֹתָ,3,False,,
18033013,7,,Denn,כִּ֥י,4,False,,
18033013,8,,über,כָל־,5,True,,
18033013,9,,all,כָל־,5,False,,
18033013,10,,sein,דְּ֝בָרָ֗יו,6,True,,
18033013,11,,Tun,דְּ֝בָרָ֗יו,6,False,,
18033013,12,,gibt,יַעֲנֶֽה׃,8,True,,
18033013,13,,er,יַעֲנֶֽה׃,8,False,,
18033013,14,,keine,לֹ֣א־,7,False,,
18033013,15,,Antwort,יַעֲנֶֽה׃,8,False,,
18033014,1,,Doch,כִּֽי־,1,False,,
18033014,2,,in,בְאַחַ֥ת,2,False,,
18033014,3,,einer,בְאַחַ֥ת,2,True,,
18033014,4,,Weise,בְאַחַ֥ת,2,False,,
18033014,5,,redet,יְדַבֶּר־,3,False,,
18033014,6,,Gott,אֵ֑ל,4,False,,
18033014,7,,und,וּ֝בִשְׁתַּ֗יִם,5,False,,
18033014,8,,in,וּ֝בִשְׁתַּ֗יִם,5,False,,
18033014,9,,zweien,וּ֝בִשְׁתַּ֗יִם,5,False,,
18033014,10,,ohne,לֹ֣א,6,False,,
18033014,11,,daß,לֹ֣א,6,True,,
18033014,12,,man,יְשׁוּרֶֽנָּה׃,7,False,,
18033014,13,,es,יְשׁוּרֶֽנָּה׃,7,False,,
18033014,14,,beachtet,יְשׁוּרֶֽנָּה׃,7,False,,
18033015,1,,Im,בַּחֲל֤וֹם׀,1,False,,
18033015,2,,Traume,בַּחֲל֤וֹם׀,1,False,,
18033015,3,,im,חֶזְי֬וֹן,2,False,,
18033015,4,,Nachtgesicht,חֶזְי֬וֹן,2,False,,
18033015,5,,wenn,בִּנְפֹ֣ל,4,False,,
18033015,6,,tiefer,תַּ֭רְדֵּמָה,5,False,,
18033015,7,,Schlaf,תַּ֭רְדֵּמָה,5,False,,
18033015,8,,die,אֲנָשִׁ֑ים,7,True,,
18033015,9,,Menschen,אֲנָשִׁ֑ים,7,False,,
18033015,10,,befällt,בִּנְפֹ֣ל,4,False,,
18033015,11,,im,בִּ֝תְנוּמ֗וֹת,8,False,,
18033015,12,,Schlummer,בִּ֝תְנוּמ֗וֹת,8,False,,
18033015,13,,auf,עֲלֵ֣י,9,False,,
18033015,14,,dem,עֲלֵ֣י,9,True,,
18033015,15,,Lager,מִשְׁכָּֽב׃,10,False,,
18033016,1,,dann,אָ֣ז,1,False,,
18033016,2,,öffnet,יִ֭גְלֶה,2,False,,
18033016,3,,er,יִ֭גְלֶה,2,False,,
18033016,4,,das,אֹ֣זֶן,3,True,,
18033016,5,,Ohr,אֹ֣זֶן,3,False,,
18033016,6,,der,אֲנָשִׁ֑ים,4,True,,
18033016,7,,Menschen,אֲנָשִׁ֑ים,4,False,,
18033016,8,,und,וּבְמֹ֖סָרָ֣ם,5,False,,
18033016,9,,besiegelt,יַחְתֹּֽם׃,6,False,,
18033016,10,,die,וּבְמֹ֖סָרָ֣ם,5,True,,
18033016,11,,Unterweisung,וּבְמֹ֖סָרָ֣ם,5,False,,
18033016,12,,die,וּבְמֹ֖סָרָ֣ם,5,True,,
18033016,13,,er,וּבְמֹ֖סָרָ֣ם,5,False,,
18033016,14,,ihnen,וּבְמֹ֖סָרָ֣ם,5,False,,
18033016,15,,gibt,וּבְמֹ֖סָרָ֣ם,5,False,,
18033017,1,,um,לְ֭הָסִיר,1,False,,
18033017,2,,den,אָדָ֣ם,2,True,,
18033017,3,,Menschen,אָדָ֣ם,2,False,,
18033017,4,,von,מַעֲשֶׂ֑ה,3,False,,
18033017,5,,seinem,מַעֲשֶׂ֑ה,3,False,,
18033017,6,,Tun,מַעֲשֶׂ֑ה,3,False,,
18033017,7,,abzuwenden,לְ֭הָסִיר,1,False,,
18033017,8,,und,וְגֵוָ֖ה,4,False,,
18033017,9,,auf,וְגֵוָ֖ה,4,False,,
18033017,10,,daß,יְכַסֶּֽה׃,6,True,,
18033017,11,,er,יְכַסֶּֽה׃,6,False,,
18033017,12,,Übermut,יְכַסֶּֽה׃,6,False,,
18033017,13,,vor,מִגֶּ֣בֶר,5,False,,
18033017,14,,dem,מִגֶּ֣בֶר,5,True,,
18033017,15,,Manne,מִגֶּ֣בֶר,5,False,,
18033017,16,,verberge,יְכַסֶּֽה׃,6,False,,
18033018,1,,daß,יַחְשֹׂ֣ךְ,1,True,,
18033018,2,,er,יַחְשֹׂ֣ךְ,1,False,,
18033018,3,,seine,נַ֭פְשׁוֹ,2,False,,
18033018,4,,Seele,נַ֭פְשׁוֹ,2,False,,
18033018,5,,zurückhalte,יַחְשֹׂ֣ךְ,1,False,,
18033018,6,,von,מִנִּי־,3,False,,
18033018,7,,der,שָׁ֑חַת,4,True,,
18033018,8,,Grube,שָׁ֑חַת,4,False,,
18033018,9,,und,וְ֝חַיָּת֗וֹ,5,False,,
18033018,10,,sein,וְ֝חַיָּת֗וֹ,5,False,,
18033018,11,,Leben,וְ֝חַיָּת֗וֹ,5,False,,
18033018,12,,vom,מֵעֲבֹ֥ר,6,False,,
18033018,13,,Rennen,בַּשָּֽׁלַח׃,7,False,,
18033018,14,,ins,בַּשָּֽׁלַח׃,7,False,,
18033018,15,,Geschoß,בַּשָּֽׁלַח׃,7,False,,
18033019,1,,Auch,וְהוּכַ֣ח,1,False,,
18033019,2,,wird,וְהוּכַ֣ח,1,False,,
18033019,3,,er,וְהוּכַ֣ח,1,False,,
18033019,4,,gezüchtigt,וְהוּכַ֣ח,1,False,,
18033019,5,,mit,בְּ֭מַכְאוֹב,2,False,,
18033019,6,,Schmerzen,בְּ֭מַכְאוֹב,2,False,,
18033019,7,,auf,עַל־,3,False,,
18033019,8,,seinem,מִשְׁכָּב֑וֹ,4,False,,
18033019,9,,Lager,מִשְׁכָּב֑וֹ,4,False,,
18033019,10,,und,וְר֖וֹב,5,False,,
18033019,11,,mit,וְר֖וֹב,5,False,,
18033019,12,,beständigem,וְר֖וֹב,5,False,,
18033019,13,,Kampf,וְר֖וֹב,5,False,,
18033019,14,,in,עֲצָמָ֣יו,6,False,,
18033019,15,,seinen,עֲצָמָ֣יו,6,False,,
18033019,16,,Gebeinen,עֲצָמָ֣יו,6,False,,
18033020,1,,Und,וְזִֽהֲמַ֣תּוּ,1,False,,
18033020,2,,sein,חַיָּת֣וֹ,2,False,,
18033020,3,,Leben,חַיָּת֣וֹ,2,False,,
18033020,4,,verabscheut,וְזִֽהֲמַ֣תּוּ,1,False,,
18033020,5,,das,לָ֑חֶם,3,True,,
18033020,6,,Brot,לָ֑חֶם,3,False,,
18033020,7,,und,וְ֝נַפְשׁ֗וֹ,4,False,,
18033020,8,,seine,וְ֝נַפְשׁ֗וֹ,4,False,,
18033020,9,,Seele,וְ֝נַפְשׁ֗וֹ,4,False,,
18033020,10,,die,מַאֲכַ֥ל,5,True,,
18033020,11,,Lieblingsspeise,מַאֲכַ֥ל,5,False,,
18033021,1,,sein,בְּשָׂר֣וֹ,2,False,,
18033021,2,,Fleisch,בְּשָׂר֣וֹ,2,False,,
18033021,3,,zehrt,יִ֣כֶל,1,False,,
18033021,4,,ab,יִ֣כֶל,1,False,,
18033021,5,,daß,מֵרֹ֑אִי,3,False,,
18033021,6,,man,מֵרֹ֑אִי,3,False,,
18033021,7,,es,מֵרֹ֑אִי,3,False,,
18033021,8,,nicht,לֹ֣א,6,False,,
18033021,9,,mehr,לֹ֣א,6,False,,
18033021,10,,sieht,רֻאּֽוּ׃,7,False,,
18033021,11,,und,וְשֻׁפּ֥וּ,4,False,,
18033021,12,,entblößt,וְשֻׁפּ֥וּ,4,False,,
18033021,13,,sind,רֻאּֽוּ׃,7,False,,
18033021,14,,seine,עַ֝צְמוֹתָ֗יו,5,False,,
18033021,15,,Knochen,עַ֝צְמוֹתָ֗יו,5,False,,
18033021,16,,die,רֻאּֽוּ׃,7,False,,
18033021,17,,nicht,לֹ֣א,6,False,,
18033021,18,,gesehen,רֻאּֽוּ׃,7,False,,
18033021,19,,wurden,רֻאּֽוּ׃,7,False,,
18033022,1,,und,וַתִּקְרַ֣ב,1,False,,
18033022,2,,seine,נַפְשׁ֑וֹ,3,False,,
18033022,3,,Seele,נַפְשׁ֑וֹ,3,False,,
18033022,4,,nähert,וַתִּקְרַ֣ב,1,False,,
18033022,5,,sich,וַתִּקְרַ֣ב,1,False,,
18033022,6,,der,לַשַּׁ֣חַת,2,False,,
18033022,7,,Grube,לַשַּׁ֣חַת,2,False,,
18033022,8,,und,וְ֝חַיָּת֗וֹ,4,False,,
18033022,9,,sein,וְ֝חַיָּת֗וֹ,4,False,,
18033022,10,,Leben,וְ֝חַיָּת֗וֹ,4,False,,
18033022,11,,den,לַֽמְמִתִֽים׃,5,False,,
18033022,12,,Würgern,לַֽמְמִתִֽים׃,5,False,,
18033023,1,,Wenn,אִם־,1,False,,
18033023,2,,es,יֵ֤שׁ,2,False,,
18033023,3,,nun,יֵ֤שׁ,2,False,,
18033023,4,,für,עָלָ֨יו׀,3,False,,
18033023,5,,ihn,עָלָ֨יו׀,3,False,,
18033023,6,,einen,אֶחָ֥ד,6,False,,
18033023,7,,Gesandten,מַלְאָ֗ךְ,4,False,,
18033023,8,,gibt,יֵ֤שׁ,2,False,,
18033023,9,,einen,אֶחָ֥ד,6,False,,
18033023,10,,Ausleger,מֵלִ֗יץ,5,False,,
18033023,11,,einen,אֶחָ֥ד,6,False,,
18033023,12,,aus,מִנִּי־,7,False,,
18033023,13,,tausend,אָ֑לֶף,8,False,,
18033023,14,,um,לְהַגִּ֖יד,9,False,,
18033023,15,,dem,לְאָדָ֣ם,10,False,,
18033023,16,,Menschen,לְאָדָ֣ם,10,False,,
18033023,17,,seine,יָשְׁרֽוֹ׃,11,False,,
18033023,18,,Geradheit,יָשְׁרֽוֹ׃,11,False,,
18033023,19,,kundzutun,לְהַגִּ֖יד,9,False,,
18033024,1,,so,וַיְחֻנֶּ֗נּוּ,1,False,,
18033024,2,,wird,וַיְחֻנֶּ֗נּוּ,1,False,,
18033024,3,,er,וַיְחֻנֶּ֗נּוּ,1,False,,
18033024,4,,sich,וַיְחֻנֶּ֗נּוּ,1,False,,
18033024,5,,seiner,וַיְחֻנֶּ֗נּוּ,1,False,,
18033024,6,,erbarmen,וַיְחֻנֶּ֗נּוּ,1,False,,
18033024,7,,und,וַיֹּ֗אמֶר,2,False,,
18033024,8,,sprechen,וַיֹּ֗אמֶר,2,False,,
18033024,9,,Erlöse,פְּ֭דָעֵהוּ,3,False,,
18033024,10,,ihn,פְּ֭דָעֵהוּ,3,False,,
18033024,11,,daß,מֵרֶ֥דֶת,4,False,,
18033024,12,,er,מֵרֶ֥דֶת,4,False,,
18033024,13,,nicht,מֵרֶ֥דֶת,4,False,,
18033024,14,,in,מֵרֶ֥דֶת,4,False,,
18033024,15,,die,שָׁ֗חַת,5,False,,
18033024,16,,Grube,שָׁ֗חַת,5,False,,
18033024,17,,hinabfahre,מֵרֶ֥דֶת,4,False,,
18033024,18,,ich,מָצָ֥אתִי,6,False,,
18033024,19,,habe,מָצָ֥אתִי,6,False,,
18033024,20,,eine,כֹֽפֶר׃,7,False,,
18033024,21,,Sühnung,כֹֽפֶר׃,7,False,,
18033024,22,,gefunden,כֹֽפֶר׃,7,False,,
18033025,1,,Sein,בְּשָׂר֣וֹ,2,False,,
18033025,2,,Fleisch,בְּשָׂר֣וֹ,2,False,,
18033025,3,,wird,רֻֽטֲפַ֣שׁ,1,False,,
18033025,4,,frischer,רֻֽטֲפַ֣שׁ,1,False,,
18033025,5,,sein,רֻֽטֲפַ֣שׁ,1,False,,
18033025,6,,als,מִנֹּ֑עַר,3,False,,
18033025,7,,in,מִנֹּ֑עַר,3,False,,
18033025,8,,der,מִנֹּ֑עַר,3,True,,
18033025,9,,Jugend,מִנֹּ֑עַר,3,False,,
18033025,10,,er,יָ֝שׁ֗וּב,4,False,,
18033025,11,,wird,יָ֝שׁ֗וּב,4,False,,
18033025,12,,zurückkehren,יָ֝שׁ֗וּב,4,False,,
18033025,13,,zu,לִימֵ֥י,5,False,,
18033025,14,,den,לִימֵ֥י,5,False,,
18033025,15,,Tagen,לִימֵ֥י,5,False,,
18033025,16,,seiner,עֲלוּמָֽיו׃,6,False,,
18033025,17,,Jünglingskraft,עֲלוּמָֽיו׃,6,False,,
18033026,1,,Er,יֶעְתַּ֤ר,1,False,,
18033026,2,,wird,יֶעְתַּ֤ר,1,False,,
18033026,3,,zu,אֶל־,2,False,,
18033026,4,,Gott,אֱל֨וֹהַּ׀,3,False,,
18033026,5,,flehen,יֶעְתַּ֤ר,1,False,,
18033026,6,,und,וַיִּרְצֵ֗הוּ,4,False,,
18033026,7,,Gott,אֱל֨וֹהַּ׀,3,False,,
18033026,8,,wird,וַיִּרְצֵ֗הוּ,4,False,,
18033026,9,,ihn,וַיִּרְצֵ֗הוּ,4,False,,
18033026,10,,wohlgefällig,וַיִּרְצֵ֗הוּ,4,False,,
18033026,11,,annehmen,וַיִּרְצֵ֗הוּ,4,False,,
18033026,12,,und,וַיַּ֣רְא,5,False,,
18033026,13,,er,וַיַּ֣רְא,5,False,,
18033026,14,,wird,וַיָּ֥שֶׁב,8,False,,
18033026,15,,sein,פָּ֭נָיו,6,False,,
18033026,16,,Angesicht,פָּ֭נָיו,6,False,,
18033026,17,,schauen,וַיַּ֣רְא,5,False,,
18033026,18,,mit,בִּתְרוּעָ֑ה,7,False,,
18033026,19,,Jauchzen,בִּתְרוּעָ֑ה,7,False,,
18033026,20,,und,וַיָּ֥שֶׁב,8,False,,
18033026,21,,Gott,לֶ֝אֱנ֗וֹשׁ,9,False,,
18033026,22,,wird,וַיָּ֥שֶׁב,8,False,,
18033026,23,,dem,לֶ֝אֱנ֗וֹשׁ,9,True,,
18033026,24,,Menschen,לֶ֝אֱנ֗וֹשׁ,9,False,,
18033026,25,,seine,צִדְקָתֽוֹ׃,10,False,,
18033026,26,,Gerechtigkeit,צִדְקָתֽוֹ׃,10,False,,
18033026,27,,vergelten,וַיָּ֥שֶׁב,8,False,,
18033027,1,,Er,יָשֹׁ֤ר׀,1,False,,
18033027,2,,wird,יָשֹׁ֤ר׀,1,False,,
18033027,3,,vor,עַל־,2,False,,
18033027,4,,den,אֲנָשִׁ֗ים,3,True,,
18033027,5,,Menschen,אֲנָשִׁ֗ים,3,False,,
18033027,6,,singen,יָשֹׁ֤ר׀,1,False,,
18033027,7,,und,וַיֹּ֗אמֶר,4,False,,
18033027,8,,sagen,וַיֹּ֗אמֶר,4,False,,
18033027,9,,Ich,חָ֭טָאתִי,5,False,,
18033027,10,,hatte,חָ֭טָאתִי,5,False,,
18033027,11,,gesündigt,חָ֭טָאתִי,5,False,,
18033027,12,,und,וְיָשָׁ֥ר,6,False,,
18033027,13,,die,וְיָשָׁ֥ר,6,True,,
18033027,14,,Geradheit,וְיָשָׁ֥ר,6,False,,
18033027,15,,verkehrt,הֶעֱוֵ֗יתִי,7,False,,
18033027,16,,und,וְלֹא־,8,False,,
18033027,17,,es,וְלֹא־,8,False,,
18033027,18,,ward,שָׁ֥וָה,9,False,,
18033027,19,,mir,לִֽי׃,10,False,,
18033027,20,,nicht,וְלֹא־,8,False,,
18033027,21,,vergolten,שָׁ֥וָה,9,False,,
18033028,1,,er,פָּדָ֣ה,1,False,,
18033028,2,,hat,פָּדָ֣ה,1,False,,
18033028,3,,meine,נַ֭פְשׁוֹ,2,False,,
18033028,4,,Seele,נַ֭פְשׁוֹ,2,False,,
18033028,5,,erlöst,פָּדָ֣ה,1,False,,
18033028,6,,daß,מֵעֲבֹ֣ר,3,False,,
18033028,7,,sie,נַ֭פְשׁוֹ,2,False,,
18033028,8,,nicht,מֵעֲבֹ֣ר,3,False,,
18033028,9,,in,מֵעֲבֹ֣ר,3,False,,
18033028,10,,die,בַּשָּׁ֑חַת,4,True,,
18033028,11,,Grube,בַּשָּׁ֑חַת,4,False,,
18033028,12,,fahre,מֵעֲבֹ֣ר,3,False,,
18033028,13,,und,וְ֝חַיָּתוֹ,5,False,,
18033028,14,,mein,וְ֝חַיָּתוֹ,5,False,,
18033028,15,,Leben,וְ֝חַיָּתוֹ,5,False,,
18033028,16,,erfreut,בָּא֥וֹר,6,False,,
18033028,17,,sich,בָּא֥וֹר,6,False,,
18033028,18,,des,בָּא֥וֹר,6,True,,
18033028,19,,Lichtes,בָּא֥וֹר,6,False,,
18033029,1,,Siehe,הֶן־,1,False,,
18033029,2,,das,כָּל־,2,False,,
18033029,3,,alles,אֵ֭לֶּה,3,False,,
18033029,4,,tut,יִפְעַל־,4,False,,
18033029,5,,Gott,אֵ֑ל,5,False,,
18033029,6,,zwei,פַּעֲמַ֖יִם,6,False,,
18033029,7,,dreimal,שָׁל֣וֹשׁ,7,False,,
18033029,8,,mit,עִם־,8,False,,
18033029,9,,dem,גָּֽבֶר׃,9,True,,
18033029,10,,Manne,גָּֽבֶר׃,9,False,,
18033030,1,,um,לְהָשִׁ֣יב,1,False,,
18033030,2,,seine,נַ֭פְשׁוֹ,2,False,,
18033030,3,,Seele,נַ֭פְשׁוֹ,2,False,,
18033030,4,,abzuwenden,לְהָשִׁ֣יב,1,False,,
18033030,5,,von,מִנִּי־,3,False,,
18033030,6,,der,שָׁ֑חַת,4,True,,
18033030,7,,Grube,שָׁ֑חַת,4,False,,
18033030,8,,daß,לֵ֝א֗וֹר,5,False,,
18033030,9,,sie,לֵ֝א֗וֹר,5,False,,
18033030,10,,erleuchtet,לֵ֝א֗וֹר,5,False,,
18033030,11,,werde,לֵ֝א֗וֹר,5,False,,
18033030,12,,von,בְּא֣וֹר,6,False,,
18033030,13,,dem,בְּא֣וֹר,6,True,,
18033030,14,,Lichte,בְּא֣וֹר,6,False,,
18033030,15,,der,הַֽחַיִּים׃,7,True,,
18033030,16,,Lebendigen,הַֽחַיִּים׃,7,False,,
18033031,1,,Merke,הַקְשֵׁ֖ב,1,False,,
18033031,2,,auf,הַקְשֵׁ֖ב,1,False,,
18033031,3,,Hiob,אִיּ֥וֹב,2,False,,
18033031,4,,höre,שְֽׁמַֽע־,3,False,,
18033031,5,,mir,לִ֑י,4,False,,
18033031,6,,zu,לִ֑י,4,False,,
18033031,7,,schweige,הַ֝חֲרֵ֗שׁ,5,False,,
18033031,8,,und,וְאָנֹכִ֥י,6,False,,
18033031,9,,ich,וְאָנֹכִ֥י,6,False,,
18033031,10,,will,אֲדַבֵּֽר׃,7,False,,
18033031,11,,reden,אֲדַבֵּֽר׃,7,False,,
18033032,1,,Wenn,אִם־,1,False,,
18033032,2,,du,אִם־,1,False,,
18033032,3,,Worte,מִלִּ֥ין,3,False,,
18033032,4,,hast,יֵשׁ־,2,False,,
18033032,5,,so,הֲשִׁיבֵ֑נִי,4,False,,
18033032,6,,antworte,הֲשִׁיבֵ֑נִי,4,False,,
18033032,7,,mir,הֲשִׁיבֵ֑נִי,4,False,,
18033032,8,,rede,דַּ֝בֵּ֗ר,5,False,,
18033032,9,,denn,כִּֽי־,6,False,,
18033032,10,,ich,חָפַ֥צְתִּי,7,False,,
18033032,11,,wünsche,חָפַ֥צְתִּי,7,False,,
18033032,12,,dich,צַדְּקֶֽךָּ׃,8,False,,
18033032,13,,zu,צַדְּקֶֽךָּ׃,8,False,,
18033032,14,,rechtfertigen,צַדְּקֶֽךָּ׃,8,False,,
18033033,1,,Wenn,אִם־,1,False,,
18033033,2,,nicht,אַ֭יִן,2,False,,
18033033,3,,so,אַתָּ֥ה,3,False,,
18033033,4,,höre,שְֽׁמַֽע־,4,False,,
18033033,5,,du,אַתָּ֥ה,3,False,,
18033033,6,,mir,לִ֑י,5,False,,
18033033,7,,zu,לִ֑י,5,False,,
18033033,8,,schweige,הַ֝חֲרֵ֗שׁ,6,False,,
18033033,9,,und,וַאֲאַלֶּפְךָ֥,7,False,,
18033033,10,,ich,וַאֲאַלֶּפְךָ֥,7,False,,
18033033,11,,werde,וַאֲאַלֶּפְךָ֥,7,False,,
18033033,12,,dich,וַאֲאַלֶּפְךָ֥,7,False,,
18033033,13,,Weisheit,חָכְמָֽה׃ ס,8,False,,
18033033,14,,lehren,חָכְמָֽה׃ ס,8,False,,
18034001,1,,Und,וַיַּ֥עַן,1,False,,
18034001,2,,Elihu,אֱלִיה֗וּא,2,False,,
18034001,3,,hob,וַיַּ֥עַן,1,False,,
18034001,4,,wieder,וַיַּ֥עַן,1,False,,
18034001,5,,an,וַיַּ֥עַן,1,False,,
18034001,6,,und,וַיֹּאמַֽר׃,3,False,,
18034001,7,,sprach,וַיֹּאמַֽר׃,3,False,,
18034002,1,,Höret,שִׁמְע֣וּ,1,False,,
18034002,2,,ihr,חֲכָמִ֣ים,2,False,,
18034002,3,,Weisen,חֲכָמִ֣ים,2,False,,
18034002,4,,meine,מִלָּ֑י,3,False,,
18034002,5,,Worte,מִלָּ֑י,3,False,,
18034002,6,,und,וְ֝יֹדְעִ֗ים,4,False,,
18034002,7,,ihr,וְ֝יֹדְעִ֗ים,4,False,,
18034002,8,,Kundigen,וְ֝יֹדְעִ֗ים,4,False,,
18034002,9,,gebet,הַאֲזִ֥ינוּ,5,False,,
18034002,10,,mir,לִֽי׃,6,False,,
18034002,11,,Gehör,לִֽי׃,6,False,,
18034003,1,,Denn,כִּי־,1,False,,
18034003,2,,das,אֹ֭זֶן,2,True,,
18034003,3,,Ohr,אֹ֭זֶן,2,False,,
18034003,4,,prüft,תִּבְחָ֑ן,4,False,,
18034003,5,,die,מִלִּ֣ין,3,True,,
18034003,6,,Worte,מִלִּ֣ין,3,False,,
18034003,7,,wie,וְ֝חֵ֗ךְ,5,False,,
18034003,8,,der,וְ֝חֵ֗ךְ,5,True,,
18034003,9,,Gaumen,וְ֝חֵ֗ךְ,5,False,,
18034003,10,,die,לֶאֱכֹֽל׃,7,True,,
18034003,11,,Speise,לֶאֱכֹֽל׃,7,False,,
18034003,12,,kostet,יִטְעַ֥ם,6,False,,
18034004,1,,Erwählen,נִבְחֲרָה־,2,False,,
18034004,2,,wir,נִבְחֲרָה־,2,False,,
18034004,3,,für,לָּ֑נוּ,3,False,,
18034004,4,,uns,לָּ֑נוּ,3,False,,
18034004,5,,was,מַה־,6,False,,
18034004,6,,recht,טּֽוֹב׃,7,False,,
18034004,7,,erkennen,נֵדְעָ֖ה,4,False,,
18034004,8,,wir,נֵדְעָ֖ה,4,False,,
18034004,9,,unter,בֵינֵ֣ינוּ,5,False,,
18034004,10,,uns,בֵינֵ֣ינוּ,5,False,,
18034004,11,,was,מַה־,6,False,,
18034004,12,,gut,טּֽוֹב׃,7,False,,
18034004,13,,ist,טּֽוֹב׃,7,False,,
18034005,1,,Denn,כִּֽי־,1,False,,
18034005,2,,Hiob,אִיּ֣וֹב,3,False,,
18034005,3,,hat,אָ֭מַר,2,False,,
18034005,4,,gesagt,אָ֭מַר,2,False,,
18034005,5,,Ich,צָדַ֑קְתִּי,4,False,,
18034005,6,,bin,צָדַ֑קְתִּי,4,False,,
18034005,7,,gerecht,צָדַ֑קְתִּי,4,False,,
18034005,8,,und,וְ֝אֵ֗ל,5,False,,
18034005,9,,Gott,וְ֝אֵ֗ל,5,False,,
18034005,10,,hat,הֵסִ֥יר,6,False,,
18034005,11,,mir,מִשְׁפָּטִֽי׃,7,False,,
18034005,12,,mein,מִשְׁפָּטִֽי׃,7,False,,
18034005,13,,Recht,מִשְׁפָּטִֽי׃,7,False,,
18034005,14,,entzogen,הֵסִ֥יר,6,False,,
18034006,1,,Trotz,עַל־,1,False,,
18034006,2,,meines,מִשְׁפָּטִ֥י,2,False,,
18034006,3,,Rechtes,מִשְׁפָּטִ֥י,2,False,,
18034006,4,,soll,אֲכַזֵּ֑ב,3,False,,
18034006,5,,ich,אֲכַזֵּ֑ב,3,False,,
18034006,6,,lügen,אֲכַזֵּ֑ב,3,False,,
18034006,7,,meine,חִצִּ֣י,5,False,,
18034006,8,,Wunde,חִצִּ֣י,5,False,,
18034006,9,,ist,אָנ֖וּשׁ,4,False,,
18034006,10,,unheilbar,אָנ֖וּשׁ,4,False,,
18034006,11,,ohne,בְלִי־,6,False,,
18034006,12,,daß,פָֽשַׁע׃,7,False,,
18034006,13,,ich,פָֽשַׁע׃,7,False,,
18034006,14,,übertreten,פָֽשַׁע׃,7,False,,
18034006,15,,habe,פָֽשַׁע׃,7,False,,
18034007,1,,Wer,מִי־,1,False,,
18034007,2,,ist,מִי־,1,False,,
18034007,3,,ein,גֶ֥בֶר,2,True,,
18034007,4,,Mann,גֶ֥בֶר,2,False,,
18034007,5,,wie,כְּאִיּ֑וֹב,3,False,,
18034007,6,,Hiob,כְּאִיּ֑וֹב,3,False,,
18034007,7,,der,יִֽשְׁתֶּה־,4,True,,
18034007,8,,Hohn,לַּ֥עַג,5,False,,
18034007,9,,trinkt,יִֽשְׁתֶּה־,4,False,,
18034007,10,,wie,כַּמָּֽיִם׃,6,False,,
18034007,11,,Wasser,כַּמָּֽיִם׃,6,False,,
18034008,1,,und,וְאָרַ֣ח,1,False,,
18034008,2,,in,לְ֭חֶבְרָה,2,False,,
18034008,3,,Gesellschaft,לְ֭חֶבְרָה,2,False,,
18034008,4,,geht,וְאָרַ֣ח,1,False,,
18034008,5,,mit,עִם־,3,False,,
18034008,6,,denen,פֹּ֣עֲלֵי,4,False,,
18034008,7,,die,פֹּ֣עֲלֵי,4,False,,
18034008,8,,Frevel,אָ֑וֶן,5,False,,
18034008,9,,tun,פֹּ֣עֲלֵי,4,False,,
18034008,10,,und,וְ֝לָלֶ֗כֶת,6,False,,
18034008,11,,wandelt,וְ֝לָלֶ֗כֶת,6,False,,
18034008,12,,mit,עִם־,7,False,,
18034008,13,,gottlosen,אַנְשֵׁי־,8,False,,
18034008,14,,Menschen,אַנְשֵׁי־,8,False,,
18034009,1,,Denn,כִּֽי־,1,False,,
18034009,2,,er,אָ֭מַר,2,False,,
18034009,3,,hat,אָ֭מַר,2,False,,
18034009,4,,gesagt,אָ֭מַר,2,False,,
18034009,5,,Keinen,לֹ֣א,3,False,,
18034009,6,,Nutzen,יִסְכָּן־,4,False,,
18034009,7,,hat,יִסְכָּן־,4,False,,
18034009,8,,ein,גָּ֑בֶר,5,True,,
18034009,9,,Mann,גָּ֑בֶר,5,False,,
18034009,10,,davon,בִּ֝רְצֹת֗וֹ,6,False,,
18034009,11,,daß,בִּ֝רְצֹת֗וֹ,6,False,,
18034009,12,,er,בִּ֝רְצֹת֗וֹ,6,False,,
18034009,13,,Wohlgefallen,בִּ֝רְצֹת֗וֹ,6,False,,
18034009,14,,an,עִם־,7,False,,
18034009,15,,Gott,אֱלֹהִֽים׃,8,False,,
18034009,16,,hat,בִּ֝רְצֹת֗וֹ,6,False,,
18034010,1,,Darum,לָכֵ֤ן׀,1,False,,
18034010,2,,höret,שִׁמְע֫וּ,4,False,,
18034010,3,,mir,לִ֥י,5,False,,
18034010,4,,zu,לִ֥י,5,False,,
18034010,5,,ihr,אַ֥נֲשֵׁ֥י,2,False,,
18034010,6,,Männer,אַ֥נֲשֵׁ֥י,2,False,,
18034010,7,,von,לֵבָ֗ב,3,False,,
18034010,8,,Verstand,לֵבָ֗ב,3,False,,
18034010,9,,Fern,חָלִ֖לָה,6,False,,
18034010,10,,sei,חָלִ֖לָה,6,False,,
18034010,11,,Gott,לָאֵ֥ל,7,False,,
18034010,12,,von,מֵרֶ֗שַׁע,8,False,,
18034010,13,,Gesetzlosigkeit,מֵרֶ֗שַׁע,8,False,,
18034010,14,,und,וְשַׁדַּ֥י,9,False,,
18034010,15,,der,וְשַׁדַּ֥י,9,True,,
18034010,16,,Allmächtige,וְשַׁדַּ֥י,9,False,,
18034010,17,,von,מֵעָֽוֶל׃,10,False,,
18034010,18,,Unrecht,מֵעָֽוֶל׃,10,False,,
18034011,1,,Sondern,כִּ֤י,1,False,,
18034011,2,,des,פֹ֣עַל,2,True,,
18034011,3,,Menschen,אָ֭דָם,3,False,,
18034011,4,,Tun,פֹ֣עַל,2,False,,
18034011,5,,vergilt,יְשַׁלֶּם־,4,False,,
18034011,6,,er,יְשַׁלֶּם־,4,True,,
18034011,7,,ihm,ל֑וֹ,5,False,,
18034011,8,,und,וּֽכְאֹ֥רַח,6,False,,
18034011,9,,nach,וּֽכְאֹ֥רַח,6,True,,
18034011,10,,jemandes,אִ֝֗ישׁ,7,False,,
18034011,11,,Wege,אִ֝֗ישׁ,7,False,,
18034011,12,,läßt,יַמְצִאֶֽנּוּ׃,8,False,,
18034011,13,,er,יַמְצִאֶֽנּוּ׃,8,True,,
18034011,14,,es,יַמְצִאֶֽנּוּ׃,8,True,,
18034011,15,,ihn,יַמְצִאֶֽנּוּ׃,8,True,,
18034011,16,,finden,יַמְצִאֶֽנּוּ׃,8,False,,
18034012,1,,Ja,אַף־,1,False,,
18034012,2,,wahrlich,אָמְנָ֗ם,2,False,,
18034012,3,,Gott,אֵ֥ל,3,False,,
18034012,4,,handelt,יַרְשִׁ֑יעַ,5,False,,
18034012,5,,nicht,לֹֽא־,4,False,,
18034012,6,,gesetzlos,יַרְשִׁ֑יעַ,5,False,,
18034012,7,,und,וְ֝שַׁדַּ֗י,6,False,,
18034012,8,,der,וְ֝שַׁדַּ֗י,6,True,,
18034012,9,,Allmächtige,וְ֝שַׁדַּ֗י,6,False,,
18034012,10,,beugt,יְעַוֵּ֥ת,8,False,,
18034012,11,,nicht,לֹֽא־,7,False,,
18034012,12,,das,מִשְׁפָּֽט׃,9,True,,
18034012,13,,Recht,מִשְׁפָּֽט׃,9,False,,
18034013,1,,Wer,מִֽי־,1,False,,
18034013,2,,hat,פָקַ֣ד,2,False,,
18034013,3,,ihm,עָלָ֣יו,3,False,,
18034013,4,,die,אָ֑רְצָה,4,True,,
18034013,5,,Erde,אָ֑רְצָה,4,False,,
18034013,6,,anvertraut,פָקַ֣ד,2,False,,
18034013,7,,Und,וּמִ֥י,5,False,,
18034013,8,,wer,וּמִ֥י,5,False,,
18034013,9,,den,תֵּבֵ֥ל,7,True,,
18034013,10,,ganzen,כֻּלָּֽהּ׃,8,False,,
18034013,11,,Erdkreis,תֵּבֵ֥ל,7,False,,
18034013,12,,gegründet,שָׂ֝֗ם,6,False,,
18034014,1,,Wenn,אִם־,1,False,,
18034014,2,,er,יָשִׂ֣ים,2,False,,
18034014,3,,sein,לִבּ֑וֹ,4,False,,
18034014,4,,Herz,לִבּ֑וֹ,4,False,,
18034014,5,,nur,יָשִׂ֣ים,2,True,,
18034014,6,,auf,אֵלָ֣יו,3,False,,
18034014,7,,sich,אֵלָ֣יו,3,False,,
18034014,8,,selbst,אֵלָ֣יו,3,True,,
18034014,9,,richtete,יָשִׂ֣ים,2,False,,
18034014,10,,seinen,רוּח֥וֹ,5,False,,
18034014,11,,Geist,רוּח֥וֹ,5,False,,
18034014,12,,und,וְ֝נִשְׁמָת֗וֹ,6,False,,
18034014,13,,seinen,וְ֝נִשְׁמָת֗וֹ,6,False,,
18034014,14,,Odem,וְ֝נִשְׁמָת֗וֹ,6,False,,
18034014,15,,an,אֵלָ֥יו,7,False,,
18034014,16,,sich,אֵלָ֥יו,7,False,,
18034014,17,,zurückzöge,יֶאֱסֹֽף׃,8,False,,
18034015,1,,so,יִגְוַ֣ע,1,True,,
18034015,2,,würde,יִגְוַ֣ע,1,True,,
18034015,3,,alles,כָּל־,2,False,,
18034015,4,,Fleisch,בָּשָׂ֣ר,3,False,,
18034015,5,,insgesamt,יָ֑חַד,4,False,,
18034015,6,,verscheiden,יִגְוַ֣ע,1,False,,
18034015,7,,und,וְ֝אָדָ֗ם,5,False,,
18034015,8,,der,וְ֝אָדָ֗ם,5,True,,
18034015,9,,Mensch,וְ֝אָדָ֗ם,5,False,,
18034015,10,,zum,עַל־,6,False,,
18034015,11,,Staube,עָפָ֥ר,7,False,,
18034015,12,,zurückkehren,יָשֽׁוּב׃,8,False,,
18034016,1,,Und,וְאִם־,1,False,,
18034016,2,,wenn,וְאִם־,1,False,,
18034016,3,,du,שִׁמְעָה־,3,False,,
18034016,4,,doch,זֹּ֑את,4,False,,
18034016,5,,dieses,זֹּ֑את,4,False,,
18034016,6,,einsehen,בִּ֥ינָה,2,False,,
18034016,7,,und,שִׁמְעָה־,3,False,,
18034016,8,,hören,שִׁמְעָה־,3,False,,
18034016,9,,der,לְק֣וֹל,6,True,,
18034016,10,,Stimme,לְק֣וֹל,6,False,,
18034016,11,,meiner,מִלָּֽי׃,7,False,,
18034016,12,,Worte,מִלָּֽי׃,7,False,,
18034016,13,,Gehör,הַ֝אֲזִ֗ינָה,5,False,,
18034016,14,,schenken,הַ֝אֲזִ֗ינָה,5,False,,
18034016,15,,wolltest,הַ֝אֲזִ֗ינָה,5,True,,
18034017,1,,Sollte,הַאַ֬ף,1,False,,
18034017,2,,auch,הַאַ֬ף,1,False,,
18034017,3,,herrschen,יַחֲב֑וֹשׁ,4,False,,
18034017,4,,wer,שׂוֹנֵ֣א,2,False,,
18034017,5,,das,מִשְׁפָּ֣ט,3,True,,
18034017,6,,Recht,מִשְׁפָּ֣ט,3,False,,
18034017,7,,haßt,שׂוֹנֵ֣א,2,False,,
18034017,8,,oder,וְאִם־,5,False,,
18034017,9,,willst,תַּרְשִֽׁיעַ׃,8,False,,
18034017,10,,du,תַּרְשִֽׁיעַ׃,8,False,,
18034017,11,,den,כַּבִּ֣יר,7,True,,
18034017,12,,Allgerechten,כַּבִּ֣יר,7,False,,
18034017,13,,verdammen,תַּרְשִֽׁיעַ׃,8,False,,
18034018,1,,Sagt,הַאֲמֹ֣ר,1,False,,
18034018,2,,man,הַאֲמֹ֣ר,1,True,,
18034018,3,,zu,לְמֶ֣לֶךְ,2,False,,
18034018,4,,einem,לְמֶ֣לֶךְ,2,True,,
18034018,5,,Könige,לְמֶ֣לֶךְ,2,False,,
18034018,6,,Belial,בְּלִיָּ֑עַל,3,False,,
18034018,7,,zu,אֶל־,5,False,,
18034018,8,,Edlen,נְדִיבִֽים׃,6,False,,
18034018,9,,Du,רָ֝שָׁ֗ע,4,True,,
18034018,10,,Gottloser,רָ֝שָׁ֗ע,4,False,,
18034018,11,,,רָ֝שָׁ֗ע,4,True,,
18034019,1,,Wieviel,אֲשֶׁ֤ר,1,False,,
18034019,2,,weniger,אֲשֶׁ֤ר,1,True,,
18034019,3,,zu,לִפְנֵי־,9,False,,
18034019,4,,ihm,לִפְנֵי־,9,False,,
18034019,5,,der,אֲשֶׁ֤ר,1,True,,
18034019,6,,die,נָשָׂ֨א׀,3,False,,
18034019,7,,Person,פְּנֵ֥י,4,False,,
18034019,8,,der,פְּנֵ֥י,4,True,,
18034019,9,,Fürsten,שָׂרִ֗ים,5,False,,
18034019,10,,nicht,לֹֽא־,2,False,,
18034019,11,,ansieht,נָשָׂ֨א׀,3,False,,
18034019,12,,und,וְלֹ֣א,6,False,,
18034019,13,,den,שׁ֭וֹעַ,8,True,,
18034019,14,,Reichen,שׁ֭וֹעַ,8,False,,
18034019,15,,nicht,וְלֹ֣א,6,False,,
18034019,16,,vor,לִפְנֵי־,9,False,,
18034019,17,,dem,לִפְנֵי־,9,True,,
18034019,18,,Armen,דָ֑ל,10,False,,
18034019,19,,berücksichtigt,נִכַּר־,7,False,,
18034019,20,,Denn,כִּֽי־,11,False,,
18034019,21,,sie,כֻּלָּֽם׃,14,False,,
18034019,22,,alle,כֻּלָּֽם׃,14,False,,
18034019,23,,sind,כֻּלָּֽם׃,14,True,,
18034019,24,,das,מַעֲשֵׂ֖ה,12,True,,
18034019,25,,Werk,מַעֲשֵׂ֖ה,12,False,,
18034019,26,,seiner,יָדָ֣יו,13,False,,
18034019,27,,Hände,יָדָ֣יו,13,False,,
18034020,1,,In,רֶ֤גַע׀,1,False,,
18034020,2,,einem,רֶ֤גַע׀,1,True,,
18034020,3,,Augenblick,רֶ֤גַע׀,1,False,,
18034020,4,,sterben,יָמֻתוּ֮,2,False,,
18034020,5,,sie,יָמֻתוּ֮,2,False,,
18034020,6,,und,וַחֲצ֪וֹת,3,False,,
18034020,7,,in,וַחֲצ֪וֹת,3,False,,
18034020,8,,der,לָ֥יְלָה,4,True,,
18034020,9,,Mitte,לָ֥יְלָה,4,False,,
18034020,10,,der,לָ֥יְלָה,4,True,,
18034020,11,,Nacht,לָ֥יְלָה,4,False,,
18034020,12,,wird,יְגֹעֲשׁ֣וּ,5,False,,
18034020,13,,ein,עָ֣ם,6,True,,
18034020,14,,Volk,עָ֣ם,6,False,,
18034020,15,,erschüttert,יְגֹעֲשׁ֣וּ,5,False,,
18034020,16,,und,וְיַעֲבֹ֑רוּ,7,False,,
18034020,17,,vergeht,וְיַעֲבֹ֑רוּ,7,False,,
18034020,18,,und,וְיָסִ֥ירוּ,8,False,,
18034020,19,,Mächtige,אַ֝בִּ֗יר,9,False,,
18034020,20,,werden,וְיָסִ֥ירוּ,8,False,,
18034020,21,,beseitigt,וְיָסִ֥ירוּ,8,False,,
18034020,22,,ohne,לֹ֣א,10,False,,
18034020,23,,Hand,בְיָֽד׃,11,False,,
18034021,1,,Denn,כִּי־,1,False,,
18034021,2,,seine,עֵ֭ינָיו,2,False,,
18034021,3,,Augen,עֵ֭ינָיו,2,False,,
18034021,4,,sind,דַּרְכֵי־,4,False,,
18034021,5,,auf,עַל־,3,False,,
18034021,6,,die,דַּרְכֵי־,4,True,,
18034021,7,,Wege,דַּרְכֵי־,4,False,,
18034021,8,,des,אִ֑ישׁ,5,True,,
18034021,9,,Menschen,אִ֑ישׁ,5,False,,
18034021,10,,gerichtet,עַל־,3,True,,
18034021,11,,und,וְֽכָל־,6,False,,
18034021,12,,er,וְֽכָל־,6,True,,
18034021,13,,sieht,יִרְאֶֽה׃,8,False,,
18034021,14,,alle,וְֽכָל־,6,False,,
18034021,15,,seine,צְעָדָ֥יו,7,False,,
18034021,16,,Schritte,צְעָדָ֥יו,7,False,,
18034022,1,,Da,אֵֽין־,1,False,,
18034022,2,,ist,אֵֽין־,1,False,,
18034022,3,,keine,אֵֽין־,1,False,,
18034022,4,,Finsternis,חֹ֭שֶׁךְ,2,False,,
18034022,5,,und,וְאֵ֣ין,3,False,,
18034022,6,,kein,וְאֵ֣ין,3,False,,
18034022,7,,Todesschatten,צַלְמָ֑וֶת,4,False,,
18034022,8,,daß,לְהִסָּ֥תֶר,5,False,,
18034022,9,,sich,לְהִסָּ֥תֶר,5,False,,
18034022,10,,darein,שָׁ֝֗ם,6,False,,
18034022,11,,verbergen,לְהִסָּ֥תֶר,5,False,,
18034022,12,,könnten,לְהִסָּ֥תֶר,5,True,,
18034022,13,,die,פֹּ֣עֲלֵי,7,False,,
18034022,14,,Frevel,פֹּ֣עֲלֵי,7,False,,
18034022,15,,tun,אָֽוֶן׃,8,False,,
18034023,1,,Denn,כִּ֤י,1,False,,
18034023,2,,er,יָשִׂ֣ים,5,False,,
18034023,3,,braucht,יָשִׂ֣ים,5,False,,
18034023,4,,nicht,לֹ֣א,2,False,,
18034023,5,,lange,לֹ֣א,2,True,,
18034023,6,,auf,עַל־,3,False,,
18034023,7,,einen,אִ֭ישׁ,4,True,,
18034023,8,,Menschen,אִ֭ישׁ,4,False,,
18034023,9,,acht,יָשִׂ֣ים,5,False,,
18034023,10,,zu,לַהֲלֹ֥ךְ,7,False,,
18034023,11,,geben,לַהֲלֹ֥ךְ,7,False,,
18034023,12,,damit,ע֑וֹד,6,False,,
18034023,13,,er,ע֑וֹד,6,True,,
18034023,14,,vor,אֶל־,8,False,,
18034023,15,,Gott,אֵ֝֗ל,9,False,,
18034023,16,,ins,בַּמִּשְׁפָּֽט׃,10,True,,
18034023,17,,Gericht,בַּמִּשְׁפָּֽט׃,10,False,,
18034023,18,,komme,בַּמִּשְׁפָּֽט׃,10,False,,
18034024,1,,Er,יָרֹ֣עַ,1,False,,
18034024,2,,zerschmettert,יָרֹ֣עַ,1,False,,
18034024,3,,Gewaltige,כַּבִּירִ֣ים,2,False,,
18034024,4,,ohne,לֹא־,3,False,,
18034024,5,,Untersuchung,חֵ֑קֶר,4,False,,
18034024,6,,und,וַיַּעֲמֵ֖ד,5,False,,
18034024,7,,setzt,וַיַּעֲמֵ֖ד,5,False,,
18034024,8,,andere,אֲחֵרִ֣ים,6,False,,
18034024,9,,an,תַּחְתָּֽם׃,7,False,,
18034024,10,,ihre,תַּחְתָּֽם׃,7,False,,
18034024,11,,Stelle,תַּחְתָּֽם׃,7,False,,
18034025,1,,Daher,לָכֵ֗ן,1,False,,
18034025,2,,kennt,יַ֭כִּיר,2,False,,
18034025,3,,er,יַ֭כִּיר,2,True,,
18034025,4,,ihre,מַעְבָּֽדֵיהֶ֑ם,3,False,,
18034025,5,,Handlungen,מַעְבָּֽדֵיהֶ֑ם,3,False,,
18034025,6,,und,וְהָ֥פַךְ,4,False,,
18034025,7,,kehrt,וְהָ֥פַךְ,4,False,,
18034025,8,,sie,וְהָ֥פַךְ,4,True,,
18034025,9,,um,וְהָ֥פַךְ,4,True,,
18034025,10,,über,לַ֝֗יְלָה,5,False,,
18034025,11,,Nacht,לַ֝֗יְלָה,5,False,,
18034025,12,,und,וְיִדַּכָּֽאוּ׃,6,False,,
18034025,13,,sie,וְיִדַּכָּֽאוּ׃,6,False,,
18034025,14,,werden,וְיִדַּכָּֽאוּ׃,6,False,,
18034025,15,,zermalmt,וְיִדַּכָּֽאוּ׃,6,False,,
18034026,1,,Er,תַּֽחַת־,1,False,,
18034026,2,,schlägt,סְפָקָ֗ם,3,False,,
18034026,3,,sie,סְפָקָ֗ם,3,False,,
18034026,4,,wie,תַּֽחַת־,1,True,,
18034026,5,,Übeltäter,רְשָׁעִ֥ים,2,False,,
18034026,6,,auf,בִּמְק֥וֹם,4,False,,
18034026,7,,öffentlichem,בִּמְק֥וֹם,4,False,,
18034026,8,,Platze,בִּמְק֥וֹם,4,False,,
18034027,1,,darum,כֵּ֭ן,3,False,,
18034027,2,,daß,אֲשֶׁ֣ר,1,False,,
18034027,3,,sie,סָ֣רוּ,4,False,,
18034027,4,,von,מֵֽאַחֲרָ֑יו,5,False,,
18034027,5,,seiner,מֵֽאַחֲרָ֑יו,5,False,,
18034027,6,,Nachfolge,מֵֽאַחֲרָ֑יו,5,False,,
18034027,7,,abgewichen,סָ֣רוּ,4,False,,
18034027,8,,sind,סָ֣רוּ,4,True,,
18034027,9,,und,וְכָל־,6,False,,
18034027,10,,alle,וְכָל־,6,False,,
18034027,11,,seine,דְּ֝רָכָ֗יו,7,False,,
18034027,12,,Wege,דְּ֝רָכָ֗יו,7,False,,
18034027,13,,nicht,לֹ֣א,8,False,,
18034027,14,,bedacht,הִשְׂכִּֽילוּ׃,9,False,,
18034027,15,,haben,הִשְׂכִּֽילוּ׃,9,True,,
18034028,1,,um,לְהָבִ֣יא,1,False,,
18034028,2,,zu,לְהָבִ֣יא,1,True,,
18034028,3,,ihm,עָ֭לָיו,2,False,,
18034028,4,,hinaufdringen,לְהָבִ֣יא,1,False,,
18034028,5,,zu,לְהָבִ֣יא,1,True,,
18034028,6,,lassen,יִשְׁמָֽע׃,7,False,,
18034028,7,,das,צַֽעֲקַת־,3,True,,
18034028,8,,Schreien,צַֽעֲקַת־,3,False,,
18034028,9,,des,צַֽעֲקַת־,3,True,,
18034028,10,,Armen,דָּ֑ל,4,False,,
18034028,11,,und,וְצַעֲקַ֖ת,5,False,,
18034028,12,,damit,וְצַעֲקַ֖ת,5,True,,
18034028,13,,er,יִשְׁמָֽע׃,7,False,,
18034028,14,,das,וְצַעֲקַ֖ת,5,True,,
18034028,15,,Schreien,וְצַעֲקַ֖ת,5,False,,
18034028,16,,der,עֲנִיִּ֣ים,6,True,,
18034028,17,,Elenden,עֲנִיִּ֣ים,6,False,,
18034028,18,,höre,יִשְׁמָֽע׃,7,False,,
18034029,1,,Schafft,יַשְׁקִ֨ט׀,2,False,,
18034029,2,,er,וְה֤וּא,1,False,,
18034029,3,,Ruhe,יַשְׁקִ֨ט׀,2,False,,
18034029,4,,wer,וּמִ֥י,3,False,,
18034029,5,,will,וּמִ֥י,3,True,,
18034029,6,,beunruhigen,יַרְשִׁ֗עַ,4,False,,
18034029,7,,Und,וְיַסְתֵּ֣ר,5,False,,
18034029,8,,verbirgt,וְיַסְתֵּ֣ר,5,False,,
18034029,9,,er,וְיַסְתֵּ֣ר,5,False,,
18034029,10,,das,פָּ֭נִים,6,True,,
18034029,11,,Angesicht,פָּ֭נִים,6,False,,
18034029,12,,wer,וּמִ֣י,7,False,,
18034029,13,,kann,וּמִ֣י,7,True,,
18034029,14,,ihn,יְשׁוּרֶ֑נּוּ,8,False,,
18034029,15,,schauen,יְשׁוּרֶ֑נּוּ,8,False,,
18034029,16,,So,וְעַל־,9,False,,
18034029,17,,handelt,וְעַל־,9,True,,
18034029,18,,er,וְעַל־,9,True,,
18034029,19,,sowohl,יָֽחַד׃,13,False,,
18034029,20,,gegen,וְעַל־,9,False,,
18034029,21,,ein,גּ֖וֹי,10,True,,
18034029,22,,Volk,גּ֖וֹי,10,False,,
18034029,23,,als,וְעַל־,11,False,,
18034029,24,,auch,וְעַל־,11,True,,
18034029,25,,gegen,וְעַל־,11,False,,
18034029,26,,einen,אָדָ֣ם,12,True,,
18034029,27,,Menschen,אָדָ֣ם,12,False,,
18034029,28,,zumal,יָֽחַד׃,13,False,,
18034030,1,,damit,מִ֭מְּלֹךְ,1,False,,
18034030,2,,der,אָדָ֥ם,2,True,,
18034030,3,,ruchlose,חָנֵ֗ף,3,False,,
18034030,4,,Mensch,אָדָ֥ם,2,False,,
18034030,5,,nicht,מִ֭מְּלֹךְ,1,False,,
18034030,6,,regiere,מִ֭מְּלֹךְ,1,False,,
18034030,7,,damit,מִמֹּ֥קְשֵׁי,4,False,,
18034030,8,,sie,מִמֹּ֥קְשֵׁי,4,False,,
18034030,9,,nicht,מִמֹּ֥קְשֵׁי,4,True,,
18034030,10,,Fallstricke,מִמֹּ֥קְשֵׁי,4,False,,
18034030,11,,des,עָֽם׃,5,True,,
18034030,12,,Volkes,עָֽם׃,5,False,,
18034030,13,,seien,עָֽם׃,5,True,,
18034031,1,,Denn,כִּֽי־,1,False,,
18034031,2,,hat,הֶאָמַ֥ר,4,False,,
18034031,3,,er,הֶאָמַ֥ר,4,False,,
18034031,4,,wohl,כִּֽי־,1,True,,
18034031,5,,zu,אֶל־,2,False,,
18034031,6,,Gott,אֵ֭ל,3,False,,
18034031,7,,gesagt,הֶאָמַ֥ר,4,False,,
18034031,8,,Ich,נָשָׂ֗אתִי,5,False,,
18034031,9,,trage,נָשָׂ֗אתִי,5,False,,
18034031,10,,meine,נָשָׂ֗אתִי,5,True,,
18034031,11,,Strafe,נָשָׂ֗אתִי,5,False,,
18034031,12,,ich,נָשָׂ֗אתִי,5,True,,
18034031,13,,will,לֹ֣א,6,True,,
18034031,14,,nicht,לֹ֣א,6,False,,
18034031,15,,mehr,לֹ֣א,6,True,,
18034031,16,,verderbt,אֶחְבֹּֽל׃,7,False,,
18034031,17,,handeln,אֶחְבֹּֽל׃,7,True,,
18034032,1,,was,אִֽם־,5,False,,
18034032,2,,ich,פָּ֝עַ֗לְתִּי,7,False,,
18034032,3,,nicht,לֹ֣א,8,False,,
18034032,4,,sehe,אֶ֭חֱזֶה,2,False,,
18034032,5,,zeige,הֹרֵ֑נִי,4,False,,
18034032,6,,du,אַתָּ֣ה,3,False,,
18034032,7,,mir,הֹרֵ֑נִי,4,False,,
18034032,8,,wenn,אִֽם־,5,False,,
18034032,9,,ich,פָּ֝עַ֗לְתִּי,7,False,,
18034032,10,,Unrecht,עָ֥וֶל,6,False,,
18034032,11,,verübt,פָּ֝עַ֗לְתִּי,7,False,,
18034032,12,,habe,פָּ֝עַ֗לְתִּי,7,True,,
18034032,13,,so,לֹ֣א,8,False,,
18034032,14,,will,לֹ֣א,8,True,,
18034032,15,,ich,אֹסִֽיף׃,9,False,,
18034032,16,,es,אֹסִֽיף׃,9,False,,
18034032,17,,nicht,לֹ֣א,8,False,,
18034032,18,,mehr,לֹ֣א,8,True,,
18034032,19,,tun,אֹסִֽיף׃,9,False,,
18034033,1,,Soll,תִבְחַ֣ר,7,False,,
18034033,2,,nach,הַֽמֵעִמְּךָ֬,1,False,,
18034033,3,,deinem,הַֽמֵעִמְּךָ֬,1,False,,
18034033,4,,Sinne,הַֽמֵעִמְּךָ֬,1,True,,
18034033,5,,er,יְשַׁלְמֶ֨נָּה,2,False,,
18034033,6,,es,יְשַׁלְמֶ֨נָּה,2,False,,
18034033,7,,vergelten,יְשַׁלְמֶ֨נָּה,2,False,,
18034033,8,,Denn,כִּֽי־,3,False,,
18034033,9,,du,אַתָּ֣ה,6,False,,
18034033,10,,hast,מָאַ֗סְתָּ,4,False,,
18034033,11,,seine,מָאַ֗סְתָּ,4,True,,
18034033,12,,Vergeltung,מָאַ֗סְתָּ,4,False,,
18034033,13,,verworfen,מָאַ֗סְתָּ,4,False,,
18034033,14,,und,כִּי־,5,False,,
18034033,15,,so,כִּי־,5,True,,
18034033,16,,mußt,תִבְחַ֣ר,7,False,,
18034033,17,,du,אַתָּ֣ה,6,False,,
18034033,18,,wählen,תִבְחַ֣ר,7,False,,
18034033,19,,und,וְלֹא־,8,False,,
18034033,20,,nicht,וְלֹא־,8,False,,
18034033,21,,ich,אָ֑נִי,9,False,,
18034033,22,,was,וּֽמַה־,10,False,,
18034033,23,,du,יָדַ֥עְתָּ,11,False,,
18034033,24,,weißt,יָדַ֥עְתָּ,11,False,,
18034033,25,,reden,דַבֵּֽר׃,12,False,,
18034033,26,,denn,כִּֽי־,3,True,,
18034034,1,,Männer,אַנְשֵׁ֣י,1,False,,
18034034,2,,von,אַנְשֵׁ֣י,1,True,,
18034034,3,,Verstand,לֵ֭בָב,2,False,,
18034034,4,,werden,יֹ֣אמְרוּ,3,False,,
18034034,5,,zu,לִ֑י,4,False,,
18034034,6,,mir,לִ֑י,4,False,,
18034034,7,,sagen,יֹ֣אמְרוּ,3,False,,
18034034,8,,und,וְגֶ֥בֶר,5,False,,
18034034,9,,ein,וְגֶ֥בֶר,5,True,,
18034034,10,,weiser,חָ֝כָ֗ם,6,False,,
18034034,11,,Mann,וְגֶ֥בֶר,5,False,,
18034034,12,,der,שֹׁמֵ֥עַֽ,7,False,,
18034034,13,,mir,לִֽי׃,8,False,,
18034034,14,,zuhört,שֹׁמֵ֥עַֽ,7,False,,
18034035,1,,Hiob,אִ֭יּוֹב,1,False,,
18034035,2,,redet,יְדַבֵּ֑ר,4,False,,
18034035,3,,nicht,לֹא־,2,False,,
18034035,4,,mit,בְדַ֣עַת,3,False,,
18034035,5,,Erkenntnis,בְדַ֣עַת,3,False,,
18034035,6,,und,וּ֝דְבָרָ֗יו,5,False,,
18034035,7,,seine,וּ֝דְבָרָ֗יו,5,False,,
18034035,8,,Worte,וּ֝דְבָרָ֗יו,5,False,,
18034035,9,,sind,וּ֝דְבָרָ֗יו,5,True,,
18034035,10,,ohne,לֹ֣א,6,False,,
18034035,11,,Einsicht,בְהַשְׂכֵּֽיל׃,7,False,,
18034036,1,,Ach,אָבִ֗י,1,True,,
18034036,2,,daß,אָבִ֗י,1,True,,
18034036,3,,doch,אָבִ֗י,1,True,,
18034036,4,,Hiob,אִיּ֣וֹב,3,False,,
18034036,5,,fort,יִבָּחֵ֣ן,2,True,,
18034036,6,,und,יִבָּחֵ֣ן,2,True,,
18034036,7,,fort,יִבָּחֵ֣ן,2,True,,
18034036,8,,geprüft,יִבָּחֵ֣ן,2,False,,
18034036,9,,würde,יִבָּחֵ֣ן,2,True,,
18034036,10,,wegen,עַל־,6,False,,
18034036,11,,seiner,תְּ֝שֻׁבֹ֗ת,7,False,,
18034036,12,,Antworten,תְּ֝שֻׁבֹ֗ת,7,False,,
18034036,13,,nach,בְּאַנְשֵׁי־,8,False,,
18034036,14,,Frevlerart,בְּאַנְשֵׁי־,8,False,,
18034037,1,,Denn,כִּ֥י,1,False,,
18034037,2,,er,יֹ֘סִ֤יף,2,False,,
18034037,3,,fügt,יֹ֘סִ֤יף,2,False,,
18034037,4,,seiner,חַטָּאת֣וֹ,4,False,,
18034037,5,,Sünde,חַטָּאת֣וֹ,4,False,,
18034037,6,,Übertretung,פֶ֭שַׁע,5,False,,
18034037,7,,hinzu,יֹ֘סִ֤יף,2,True,,
18034037,8,,klatscht,יִסְפּ֑וֹק,7,False,,
18034037,9,,unter,בֵּינֵ֣ינוּ,6,False,,
18034037,10,,uns,בֵּינֵ֣ינוּ,6,False,,
18034037,11,,in,בֵּינֵ֣ינוּ,6,True,,
18034037,12,,die,בֵּינֵ֣ינוּ,6,True,,
18034037,13,,Hände,בֵּינֵ֣ינוּ,6,False,,
18034037,14,,und,וְיֶ֖רֶב,8,False,,
18034037,15,,mehrt,וְיֶ֖רֶב,8,False,,
18034037,16,,seine,אֲמָרָ֣יו,9,False,,
18034037,17,,Worte,אֲמָרָ֣יו,9,False,,
18034037,18,,gegen,לָאֵֽל׃ ס,10,False,,
18034037,19,,Gott,לָאֵֽל׃ ס,10,False,,
18035001,1,,Und,וַיַּ֥עַן,1,False,,
18035001,2,,Elihu,אֱלִיה֗וּ,2,False,,
18035001,3,,hob,וַיַּ֥עַן,1,False,,
18035001,4,,wieder,וַיַּ֥עַן,1,True,,
18035001,5,,an,וַיַּ֥עַן,1,True,,
18035001,6,,und,וַיֹּאמַֽר׃,3,False,,
18035001,7,,sprach,וַיֹּאמַֽר׃,3,False,,
18035002,1,,Hältst,חָשַׁ֣בְתָּ,2,False,,
18035002,2,,du,חָשַׁ֣בְתָּ,2,False,,
18035002,3,,das,הֲ֭זֹאת,1,False,,
18035002,4,,für,לְמִשְׁפָּ֑ט,3,False,,
18035002,5,,recht,לְמִשְׁפָּ֑ט,3,False,,
18035002,6,,Du,אָ֝מַ֗רְתָּ,4,False,,
18035002,7,,hast,אָ֝מַ֗רְתָּ,4,False,,
18035002,8,,gesagt,אָ֝מַ֗רְתָּ,4,False,,
18035002,9,,Meine,צִדְקִ֥י,5,False,,
18035002,10,,Gerechtigkeit,צִדְקִ֥י,5,False,,
18035002,11,,ist,צִדְקִ֥י,5,True,,
18035002,12,,größer,מֵאֵֽל׃,6,False,,
18035002,13,,als,מֵאֵֽל׃,6,False,,
18035002,14,,diejenige,מֵאֵֽל׃,6,True,,
18035002,15,,Gottes,מֵאֵֽל׃,6,False,,
18035003,1,,Denn,כִּֽי־,1,False,,
18035003,2,,du,תֹ֭אמַר,2,False,,
18035003,3,,fragst,תֹ֭אמַר,2,False,,
18035003,4,,was,מַה־,3,False,,
18035003,5,,sie,יִּסְכָּן־,4,False,,
18035003,6,,dir,לָ֑ךְ,5,False,,
18035003,7,,nütze,יִּסְכָּן־,4,False,,
18035003,8,,was,מָֽה־,6,False,,
18035003,9,,gewinne,אֹ֝עִ֗יל,7,False,,
18035003,10,,ich,אֹ֝עִ֗יל,7,False,,
18035003,11,,mehr,מָֽה־,6,True,,
18035003,12,,als,אֹ֝עִ֗יל,7,True,,
18035003,13,,wenn,כִּֽי־,1,True,,
18035003,14,,ich,אֹ֝עִ֗יל,7,True,,
18035003,15,,gesündigt,מֵֽחַטָּאתִֽי׃,8,False,,
18035003,16,,hätte,מֵֽחַטָּאתִֽי׃,8,True,,
18035004,1,,Ich,אֲ֭נִי,1,False,,
18035004,2,,will,אֲשִֽׁיבְךָ֣,2,False,,
18035004,3,,dir,אֲשִֽׁיבְךָ֣,2,False,,
18035004,4,,Worte,מִלִּ֑ין,3,False,,
18035004,5,,erwidern,אֲשִֽׁיבְךָ֣,2,False,,
18035004,6,,und,וְֽאֶת־,4,False,,
18035004,7,,deinen,רֵעֶ֥יךָ,5,False,,
18035004,8,,Genossen,רֵעֶ֥יךָ,5,False,,
18035004,9,,mit,עִמָּֽךְ׃,6,False,,
18035004,10,,dir,עִמָּֽךְ׃,6,False,,
18035005,1,,Blicke,הַבֵּ֣ט,1,False,,
18035005,2,,gen,הַבֵּ֣ט,1,True,,
18035005,3,,Himmel,שָׁמַ֣יִם,2,False,,
18035005,4,,und,וּרְאֵ֑ה,3,False,,
18035005,5,,sieh,וּרְאֵ֑ה,3,False,,
18035005,6,,und,וְשׁ֥וּר,4,False,,
18035005,7,,schaue,וְשׁ֥וּר,4,False,,
18035005,8,,die,שְׁ֝חָקִ֗ים,5,True,,
18035005,9,,Wolken,שְׁ֝חָקִ֗ים,5,False,,
18035005,10,,an,שְׁ֝חָקִ֗ים,5,True,,
18035005,11,,sie,גָּבְה֥וּ,6,False,,
18035005,12,,sind,גָּבְה֥וּ,6,False,,
18035005,13,,höher,גָּבְה֥וּ,6,False,,
18035005,14,,als,מִמֶּֽךָּ׃,7,False,,
18035005,15,,du,מִמֶּֽךָּ׃,7,False,,
18035006,1,,Wenn,אִם־,1,False,,
18035006,2,,du,חָ֭טָאתָ,2,False,,
18035006,3,,sündigst,חָ֭טָאתָ,2,False,,
18035006,4,,was,מַה־,3,False,,
18035006,5,,tust,תִּפְעָל־,4,False,,
18035006,6,,du,תִּפְעָל־,4,False,,
18035006,7,,ihm,בּ֑וֹ,5,False,,
18035006,8,,an,תִּפְעָל־,4,True,,
18035006,9,,und,וְרַבּ֥וּ,6,False,,
18035006,10,,mehren,וְרַבּ֥וּ,6,False,,
18035006,11,,sich,וְרַבּ֥וּ,6,False,,
18035006,12,,deine,פְ֝שָׁעֶ֗יךָ,7,False,,
18035006,13,,Übertretungen,פְ֝שָׁעֶ֗יךָ,7,False,,
18035006,14,,was,מַה־,8,False,,
18035006,15,,fügst,תַּעֲשֶׂה־,9,False,,
18035006,16,,du,תַּעֲשֶׂה־,9,False,,
18035006,17,,ihm,לּֽוֹ׃,10,False,,
18035006,18,,zu,תַּעֲשֶׂה־,9,True,,
18035007,1,,Wenn,אִם־,1,False,,
18035007,2,,du,צָ֭דַקְתָּ,2,False,,
18035007,3,,gerecht,צָ֭דַקְתָּ,2,False,,
18035007,4,,bist,צָ֭דַקְתָּ,2,False,,
18035007,5,,was,מַה־,3,False,,
18035007,6,,gibst,תִּתֶּן־,4,False,,
18035007,7,,du,תִּתֶּן־,4,False,,
18035007,8,,ihm,ל֑וֹ,5,False,,
18035007,9,,oder,א֥וֹ,6,False,,
18035007,10,,was,מַה־,7,False,,
18035007,11,,empfängt,יִקָּֽח׃,9,False,,
18035007,12,,er,יִקָּֽח׃,9,False,,
18035007,13,,aus,מִיָּדְךָ֥,8,False,,
18035007,14,,deiner,מִיָּדְךָ֥,8,False,,
18035007,15,,Hand,מִיָּדְךָ֥,8,False,,
18035008,1,,Für,לְאִישׁ־,1,False,,
18035008,2,,einen,לְאִישׁ־,1,True,,
18035008,3,,Mann,לְאִישׁ־,1,False,,
18035008,4,,wie,כָּמ֥וֹךָ,2,False,,
18035008,5,,du,כָּמ֥וֹךָ,2,False,,
18035008,6,,gilt,רִשְׁעֶ֑ךָ,3,False,,
18035008,7,,deine,רִשְׁעֶ֑ךָ,3,False,,
18035008,8,,Gesetzlosigkeit,רִשְׁעֶ֑ךָ,3,False,,
18035008,9,,etwas,רִשְׁעֶ֑ךָ,3,True,,
18035008,10,,und,וּלְבֶן־,4,False,,
18035008,11,,für,וּלְבֶן־,4,False,,
18035008,12,,ein,וּלְבֶן־,4,True,,
18035008,13,,Menschenkind,אָ֝דָ֗ם,5,False,,
18035008,14,,deine,צִדְקָתֶֽךָ׃,6,False,,
18035008,15,,Gerechtigkeit,צִדְקָתֶֽךָ׃,6,False,,
18035009,1,,Wegen,מֵ֭רֹב,1,False,,
18035009,2,,der,מֵ֭רֹב,1,True,,
18035009,3,,Menge,מֵ֭רֹב,1,False,,
18035009,4,,der,עֲשׁוּקִ֣ים,2,True,,
18035009,5,,Bedrückungen,עֲשׁוּקִ֣ים,2,False,,
18035009,6,,schreit,יַזְעִ֑יקוּ,3,False,,
18035009,7,,man,יַזְעִ֑יקוּ,3,False,,
18035009,8,,man,יְשַׁוְּע֖וּ,4,False,,
18035009,9,,ruft,יְשַׁוְּע֖וּ,4,False,,
18035009,10,,um,מִזְּר֣וֹעַ,5,False,,
18035009,11,,Hülfe,מִזְּר֣וֹעַ,5,False,,
18035009,12,,wegen,מִזְּר֣וֹעַ,5,False,,
18035009,13,,des,מִזְּר֣וֹעַ,5,True,,
18035009,14,,Armes,רַבִּֽים׃,6,False,,
18035009,15,,der,רַבִּֽים׃,6,True,,
18035009,16,,Großen,רַבִּֽים׃,6,False,,
18035010,1,,Aber,וְֽלֹא־,1,False,,
18035010,2,,man,אָמַ֗ר,2,False,,
18035010,3,,spricht,אָמַ֗ר,2,False,,
18035010,4,,nicht,וְֽלֹא־,1,False,,
18035010,5,,Wo,אַ֭יֵּה,3,False,,
18035010,6,,ist,אֱל֣וֹהַּ,4,False,,
18035010,7,,Gott,אֱל֣וֹהַּ,4,False,,
18035010,8,,mein,עֹשָׂ֑י,5,False,,
18035010,9,,Schöpfer,עֹשָׂ֑י,5,False,,
18035010,10,,der,נֹתֵ֖ן,6,False,,
18035010,11,,Gesänge,זְמִר֣וֹת,7,False,,
18035010,12,,gibt,נֹתֵ֖ן,6,False,,
18035010,13,,in,בַּלָּֽיְלָה׃,8,False,,
18035010,14,,der,בַּלָּֽיְלָה׃,8,False,,
18035010,15,,Nacht,בַּלָּֽיְלָה׃,8,False,,
18035011,1,,der,מַ֭לְּפֵנוּ,1,True,,
18035011,2,,uns,מַ֭לְּפֵנוּ,1,False,,
18035011,3,,mehr,מַ֭לְּפֵנוּ,1,True,,
18035011,4,,belehrt,מַ֭לְּפֵנוּ,1,False,,
18035011,5,,als,מִבַּהֲמ֣וֹת,2,False,,
18035011,6,,die,מִבַּהֲמ֣וֹת,2,True,,
18035011,7,,Tiere,מִבַּהֲמ֣וֹת,2,False,,
18035011,8,,der,אָ֑רֶץ,3,False,,
18035011,9,,Erde,אָ֑רֶץ,3,False,,
18035011,10,,und,וּמֵע֖וֹף,4,False,,
18035011,11,,uns,וּמֵע֖וֹף,4,False,,
18035011,12,,weiser,יְחַכְּמֵֽנוּ׃,6,False,,
18035011,13,,macht,יְחַכְּמֵֽנוּ׃,6,False,,
18035011,14,,als,הַשָּׁמַ֣יִם,5,False,,
18035011,15,,das,הַשָּׁמַ֣יִם,5,True,,
18035011,16,,Gevögel,הַשָּׁמַ֣יִם,5,False,,
18035011,17,,des,הַשָּׁמַ֣יִם,5,True,,
18035011,18,,Himmels,הַשָּׁמַ֣יִם,5,False,,
18035012,1,,Alsdann,שָׁ֣ם,1,False,,
18035012,2,,schreit,יִ֭צְעֲקוּ,2,False,,
18035012,3,,man,יִ֭צְעֲקוּ,2,False,,
18035012,4,,wegen,מִ֝פְּנֵ֗י,5,False,,
18035012,5,,des,מִ֝פְּנֵ֗י,5,True,,
18035012,6,,Hochmuts,גְּא֣וֹן,6,False,,
18035012,7,,der,גְּא֣וֹן,6,True,,
18035012,8,,Bösen,רָעִֽים׃,7,False,,
18035012,9,,aber,וְלֹ֣א,3,False,,
18035012,10,,er,יַעֲנֶ֑ה,4,False,,
18035012,11,,antwortet,יַעֲנֶ֑ה,4,False,,
18035012,12,,nicht,וְלֹ֣א,3,False,,
18035013,1,,Auf,אַךְ־,1,False,,
18035013,2,,nur,אַךְ־,1,False,,
18035013,3,,Eitles,שָׁ֭וְא,2,False,,
18035013,4,,hört,יִשְׁמַ֥ע׀,4,False,,
18035013,5,,Gott,אֵ֑ל,5,False,,
18035013,6,,nicht,לֹא־,3,False,,
18035013,7,,und,וְ֝שַׁדַּ֗י,6,False,,
18035013,8,,der,וְ֝שַׁדַּ֗י,6,True,,
18035013,9,,Allmächtige,וְ֝שַׁדַּ֗י,6,False,,
18035013,10,,schaut,יְשׁוּרֶֽנָּה׃,8,False,,
18035013,11,,es,יְשׁוּרֶֽנָּה׃,8,False,,
18035013,12,,nicht,לֹ֣א,7,False,,
18035013,13,,an,יְשׁוּרֶֽנָּה׃,8,True,,
18035014,1,,Wenn,אַ֣ף,1,False,,
18035014,2,,du,תֹ֭אמַר,3,False,,
18035014,3,,auch,אַ֣ף,1,False,,
18035014,4,,sagst,תֹ֭אמַר,3,False,,
18035014,5,,du,תֹ֭אמַר,3,False,,
18035014,6,,schauest,תְשׁוּרֶ֑נּוּ,5,False,,
18035014,7,,ihn,תְשׁוּרֶ֑נּוּ,5,False,,
18035014,8,,nicht-die,תְשׁוּרֶ֑נּוּ,5,True,,
18035014,9,,Rechtssache,דִּ֥ין,6,False,,
18035014,10,,ist,וּתְח֥וֹלֵֽל,8,False,,
18035014,11,,vor,לְ֝פָנָ֗יו,7,False,,
18035014,12,,ihm,לְ֝פָנָ֗יו,7,False,,
18035014,13,,so,וּתְח֥וֹלֵֽל,8,False,,
18035014,14,,harre,וּתְח֥וֹלֵֽל,8,False,,
18035014,15,,sein,לֽוֹ׃,9,False,,
18035015,1,,Und,וְעַתָּ֗ה,1,False,,
18035015,2,,nun,וְעַתָּ֗ה,1,False,,
18035015,3,,wenn,כִּי־,2,False,,
18035015,4,,sein,אַפּ֑וֹ,5,False,,
18035015,5,,Zorn,אַפּ֑וֹ,5,False,,
18035015,6,,nicht,וְלֹֽא־,6,False,,
18035015,7,,heimgesucht,פָּקַ֣ד,4,False,,
18035015,8,,hat,פָּקַ֣ד,4,False,,
18035015,9,,sollte,יָדַ֖ע,7,False,,
18035015,10,,er,יָדַ֖ע,7,False,,
18035015,11,,nicht,וְלֹֽא־,6,False,,
18035015,12,,sehr,בַּפַּ֣שׁ,8,False,,
18035015,12,,sehr,מְאֹֽד׃,9,False,,
18035015,13,,wohl,בַּפַּ֣שׁ,8,False,,
18035015,13,,wohl,מְאֹֽד׃,9,False,,
18035015,14,,um,כִּי־,2,True,,
18035015,14,,um,בַּפַּ֣שׁ,8,False,,
18035015,15,,den,כִּי־,2,True,,
18035015,15,,den,בַּפַּ֣שׁ,8,True,,
18035015,16,,Übermut,בַּפַּ֣שׁ,8,False,,
18035015,17,,wissen,יָדַ֖ע,7,False,,
18035016,1,,Und,וְ֭אִיּוֹב,1,False,,
18035016,2,,so,וְ֭אִיּוֹב,1,False,,
18035016,3,,sperrt,יִפְצֶה־,3,False,,
18035016,4,,Hiob,וְ֭אִיּוֹב,1,False,,
18035016,5,,eitler,הֶ֣בֶל,2,False,,
18035016,6,,Weise,הֶ֣בֶל,2,False,,
18035016,7,,seinen,פִּ֑יהוּ,4,False,,
18035016,8,,Mund,פִּ֑יהוּ,4,False,,
18035016,9,,auf,יִפְצֶה־,3,True,,
18035016,10,,häuft,יַכְבִּֽר׃ פ,8,False,,
18035016,11,,Worte,מִלִּ֥ין,7,False,,
18035016,12,,ohne,בִּבְלִי־,5,False,,
18035016,13,,Erkenntnis,דַ֝֗עַת,6,False,,
18036001,1,,Und,וַיֹּ֥סֶף,1,False,,
18036001,2,,Elihu,אֱלִיה֗וּא,2,False,,
18036001,3,,fuhr,וַיֹּ֥סֶף,1,False,,
18036001,4,,fort,וַיֹּ֥סֶף,1,False,,
18036001,5,,und,וַיֹּאמַֽר׃,3,False,,
18036001,6,,sprach,וַיֹּאמַֽר׃,3,False,,
18036002,1,,Harre,כַּתַּר־,1,False,,
18036002,2,,mir,לִ֣י,2,False,,
18036002,3,,ein,זְ֭עֵיר,3,True,,
18036002,4,,wenig,זְ֭עֵיר,3,False,,
18036002,5,,und,וַאֲחַוֶּ֑ךָּ,4,False,,
18036002,6,,ich,וַאֲחַוֶּ֑ךָּ,4,False,,
18036002,7,,will,וַאֲחַוֶּ֑ךָּ,4,False,,
18036002,8,,dir,וַאֲחַוֶּ֑ךָּ,4,False,,
18036002,9,,berichten,וַאֲחַוֶּ֑ךָּ,4,False,,
18036002,10,,denn,כִּ֤י,5,False,,
18036002,11,,noch,ע֖וֹד,6,False,,
18036002,12,,sind,ע֖וֹד,6,False,,
18036002,13,,Worte,מִלִּֽים׃,8,False,,
18036002,14,,da,ע֖וֹד,6,False,,
18036002,15,,für,לֶאֱל֣וֹהַּ,7,False,,
18036002,16,,Gott,לֶאֱל֣וֹהַּ,7,False,,
18036003,1,,Ich,אֶשָּׂ֣א,1,False,,
18036003,2,,will,אֶשָּׂ֣א,1,False,,
18036003,3,,mein,דֵ֭עִי,2,False,,
18036003,4,,Wissen,דֵ֭עִי,2,False,,
18036003,5,,von,לְמֵרָח֑וֹק,3,False,,
18036003,6,,weither,לְמֵרָח֑וֹק,3,False,,
18036003,7,,holen,אֶשָּׂ֣א,1,False,,
18036003,8,,und,וּ֝לְפֹעֲלִ֗י,4,False,,
18036003,9,,meinem,וּ֝לְפֹעֲלִ֗י,4,False,,
18036003,10,,Schöpfer,וּ֝לְפֹעֲלִ֗י,4,False,,
18036003,11,,Gerechtigkeit,צֶֽדֶק׃,6,False,,
18036003,12,,geben,אֶֽתֵּֽן־,5,False,,
18036004,1,,Denn,כִּֽי־,1,False,,
18036004,2,,wahrlich,אָ֭מְנָם,2,False,,
18036004,3,,meine,מִלָּ֑י,5,False,,
18036004,4,,Worte,מִלָּ֑י,5,False,,
18036004,5,,sind,מִלָּ֑י,5,True,,
18036004,6,,keine,לֹא־,3,False,,
18036004,7,,Lüge,שֶׁ֣קֶר,4,False,,
18036004,8,,ein,דֵּע֣וֹת,7,True,,
18036004,9,,an,עִמָּֽךְ׃,8,False,,
18036004,10,,Wissen,דֵּע֣וֹת,7,False,,
18036004,11,,Vollkommener,תְּמִ֖ים,6,False,,
18036004,12,,ist,עִמָּֽךְ׃,8,True,,
18036004,13,,bei,עִמָּֽךְ׃,8,False,,
18036004,14,,dir,עִמָּֽךְ׃,8,False,,
18036005,1,,Siehe,הֶן־,1,False,,
18036005,2,,Gott,אֵ֣ל,2,False,,
18036005,3,,ist,אֵ֣ל,2,True,,
18036005,4,,mächtig,כַּ֭בִּיר,3,False,,
18036005,5,,und,וְלֹ֣א,4,False,,
18036005,6,,doch,וְלֹ֣א,4,True,,
18036005,7,,verachtet,יִמְאָ֑ס,5,False,,
18036005,8,,er,יִמְאָ֑ס,5,False,,
18036005,9,,niemand,וְלֹ֣א,4,True,,
18036005,10,,mächtig,כַּ֝בִּ֗יר,6,False,,
18036005,11,,an,כֹּ֣חַֽ,7,False,,
18036005,12,,Kraft,כֹּ֣חַֽ,7,False,,
18036005,13,,des,לֵֽב׃,8,False,,
18036005,14,,Verstandes,לֵֽב׃,8,False,,
18036006,1,,Er,יְחַיֶּ֥ה,2,False,,
18036006,2,,erhält,יְחַיֶּ֥ה,2,False,,
18036006,3,,den,רָשָׁ֑ע,3,False,,
18036006,4,,Gesetzlosen,רָשָׁ֑ע,3,False,,
18036006,5,,nicht,לֹא־,1,False,,
18036006,6,,am,יְחַיֶּ֥ה,2,True,,
18036006,7,,Leben,יְחַיֶּ֥ה,2,True,,
18036006,8,,und,וּמִשְׁפַּ֖ט,4,False,,
18036006,9,,das,וּמִשְׁפַּ֖ט,4,False,,
18036006,10,,Recht,וּמִשְׁפַּ֖ט,4,False,,
18036006,11,,der,עֲנִיִּ֣ים,5,False,,
18036006,12,,Elenden,עֲנִיִּ֣ים,5,False,,
18036006,13,,gewährt,יִתֵּֽן׃,6,False,,
18036006,14,,er,יִתֵּֽן׃,6,False,,
18036007,1,,Er,יִגְרַ֥ע,2,False,,
18036007,2,,zieht,יִגְרַ֥ע,2,False,,
18036007,3,,seine,עֵ֫ינָ֥יו,4,False,,
18036007,4,,Augen,עֵ֫ינָ֥יו,4,False,,
18036007,5,,nicht,לֹֽא־,1,False,,
18036007,6,,ab,יִגְרַ֥ע,2,True,,
18036007,7,,von,מִצַּדִּ֗יק,3,False,,
18036007,8,,dem,מִצַּדִּ֗יק,3,True,,
18036007,9,,Gerechten,מִצַּדִּ֗יק,3,False,,
18036007,10,,und,וְאֶת־,5,False,,
18036007,11,,mit,וְאֶת־,5,True,,
18036007,12,,Königen,מְלָכִ֥ים,6,False,,
18036007,13,,auf,לַכִּסֵּ֑א,7,False,,
18036007,14,,den,לַכִּסֵּ֑א,7,False,,
18036007,15,,Thron,לַכִּסֵּ֑א,7,False,,
18036007,16,,dahin,וַיֹּשִׁיבֵ֥ם,8,False,,
18036007,17,,setzt,וַיֹּשִׁיבֵ֥ם,8,False,,
18036007,18,,er,וַיֹּשִׁיבֵ֥ם,8,False,,
18036007,19,,sie,וַיֹּשִׁיבֵ֥ם,8,False,,
18036007,20,,auf,לָ֝נֶ֗צַח,9,False,,
18036007,21,,immerdar,לָ֝נֶ֗צַח,9,False,,
18036007,22,,und,וַיִּגְבָּֽהוּ׃,10,False,,
18036007,23,,sie,וַיִּגְבָּֽהוּ׃,10,False,,
18036007,24,,sind,וַיִּגְבָּֽהוּ׃,10,False,,
18036007,25,,erhöht,וַיִּגְבָּֽהוּ׃,10,False,,
18036008,1,,Und,וְאִם־,1,False,,
18036008,2,,wenn,וְאִם־,1,False,,
18036008,3,,sie,יִ֝לָּכְד֗וּן,4,False,,
18036008,4,,mit,בַּזִּקִּ֑ים,3,False,,
18036008,5,,Fesseln,בַּזִּקִּ֑ים,3,False,,
18036008,6,,gebunden,יִ֝לָּכְד֗וּן,4,False,,
18036008,7,,sind,יִ֝לָּכְד֗וּן,4,False,,
18036008,8,,in,בְּחַבְלֵי־,5,False,,
18036008,9,,Stricken,בְּחַבְלֵי־,5,False,,
18036008,10,,des,עֹֽנִי׃,6,False,,
18036008,11,,Elends,עֹֽנִי׃,6,False,,
18036008,12,,gefangen,יִ֝לָּכְד֗וּן,4,True,,
18036008,13,,werden,יִ֝לָּכְד֗וּן,4,True,,
18036009,1,,dann,וַיַּגֵּ֣ד,1,False,,
18036009,2,,macht,וַיַּגֵּ֣ד,1,False,,
18036009,3,,er,וַיַּגֵּ֣ד,1,False,,
18036009,4,,ihnen,לָהֶ֣ם,2,False,,
18036009,5,,kund,וַיַּגֵּ֣ד,1,False,,
18036009,6,,ihr,פָּעֳלָ֑ם,3,False,,
18036009,7,,Tun,פָּעֳלָ֑ם,3,False,,
18036009,8,,und,וּ֝פִשְׁעֵיהֶ֗ם,4,False,,
18036009,9,,ihre,וּ֝פִשְׁעֵיהֶ֗ם,4,False,,
18036009,10,,Übertretungen,וּ֝פִשְׁעֵיהֶ֗ם,4,False,,
18036009,11,,daß,כִּ֣י,5,False,,
18036009,12,,sie,יִתְגַּבָּֽרוּ׃,6,False,,
18036009,13,,sich,יִתְגַּבָּֽרוּ׃,6,False,,
18036009,14,,trotzig,יִתְגַּבָּֽרוּ׃,6,False,,
18036009,15,,gebärdeten,יִתְגַּבָּֽרוּ׃,6,False,,
18036010,1,,und,וַיִּ֣גֶל,1,False,,
18036010,2,,er,וַיִּ֣גֶל,1,False,,
18036010,3,,öffnet,וַיִּ֣גֶל,1,False,,
18036010,4,,ihr,אָ֭זְנָם,2,False,,
18036010,5,,Ohr,אָ֭זְנָם,2,False,,
18036010,6,,der,לַמּוּסָ֑ר,3,False,,
18036010,7,,Zucht,לַמּוּסָ֑ר,3,False,,
18036010,8,,und,וַ֝יֹּ֗אמֶר,4,False,,
18036010,9,,spricht,וַ֝יֹּ֗אמֶר,4,False,,
18036010,10,,daß,כִּֽי־,5,False,,
18036010,11,,sie,יְשֻׁב֥וּן,6,False,,
18036010,12,,umkehren,יְשֻׁב֥וּן,6,False,,
18036010,13,,sollen,יְשֻׁב֥וּן,6,True,,
18036010,14,,vom,מֵאָֽוֶן׃,7,False,,
18036010,15,,Frevel,מֵאָֽוֶן׃,7,False,,
18036011,1,,Wenn,אִֽם־,1,False,,
18036011,2,,sie,יִשְׁמְע֗וּ,2,False,,
18036011,3,,hören,יִשְׁמְע֗וּ,2,False,,
18036011,4,,und,וְֽיַ֫עֲבֹ֥דוּ,3,False,,
18036011,5,,sich,וְֽיַ֫עֲבֹ֥דוּ,3,False,,
18036011,6,,unterwerfen,וְֽיַ֫עֲבֹ֥דוּ,3,False,,
18036011,7,,so,יְכַלּ֣וּ,4,False,,
18036011,8,,werden,יְכַלּ֣וּ,4,False,,
18036011,9,,sie,יְכַלּ֣וּ,4,False,,
18036011,10,,ihre,יְמֵיהֶ֣ם,5,False,,
18036011,11,,Tage,יְמֵיהֶ֣ם,5,False,,
18036011,12,,in,בַּטּ֑וֹב,6,False,,
18036011,13,,Wohlfahrt,בַּטּ֑וֹב,6,False,,
18036011,14,,verbringen,יְכַלּ֣וּ,4,True,,
18036011,15,,und,וּ֝שְׁנֵיהֶ֗ם,7,False,,
18036011,16,,ihre,וּ֝שְׁנֵיהֶ֗ם,7,False,,
18036011,17,,Jahre,וּ֝שְׁנֵיהֶ֗ם,7,False,,
18036011,18,,in,בַּנְּעִימִֽים׃,8,False,,
18036011,19,,Annehmlichkeiten,בַּנְּעִימִֽים׃,8,False,,
18036012,1,,Wenn,וְאִם־,1,False,,
18036012,2,,sie,יִ֭שְׁמְעוּ,3,False,,
18036012,3,,aber,לֹ֣א,2,False,,
18036012,4,,nicht,לֹ֣א,2,False,,
18036012,5,,hören,יִ֭שְׁמְעוּ,3,False,,
18036012,6,,so,בְּשֶׁ֣לַח,4,False,,
18036012,7,,rennen,יַעֲבֹ֑רוּ,5,False,,
18036012,8,,sie,יַעֲבֹ֑רוּ,5,False,,
18036012,9,,ins,בְּשֶׁ֣לַח,4,True,,
18036012,10,,Geschoß,בְּשֶׁ֣לַח,4,False,,
18036012,11,,und,וְ֝יִגְוְע֗וּ,6,False,,
18036012,12,,verscheiden,וְ֝יִגְוְע֗וּ,6,False,,
18036012,13,,ohne,כִּבְלִי־,7,False,,
18036012,14,,Erkenntnis,דָֽעַת׃,8,False,,
18036013,1,,Aber,וְֽחַנְפֵי־,1,False,,
18036013,2,,die,וְֽחַנְפֵי־,1,True,,
18036013,3,,ruchlosen,וְֽחַנְפֵי־,1,False,,
18036013,4,,Herzens,לֵ֭ב,2,False,,
18036013,5,,sind,יָשִׂ֣ימוּ,3,False,,
18036013,6,,hegen,יָשִׂ֣ימוּ,3,False,,
18036013,7,,Zorn,אָ֑ף,4,False,,
18036013,8,,sie,יְ֝שַׁוְּע֗וּ,6,False,,
18036013,9,,rufen,יְ֝שַׁוְּע֗וּ,6,False,,
18036013,10,,nicht,לֹ֥א,5,False,,
18036013,11,,um,כִּ֣י,7,False,,
18036013,12,,Hülfe,יְ֝שַׁוְּע֗וּ,6,True,,
18036013,13,,wenn,כִּ֣י,7,False,,
18036013,14,,er,אֲסָרָֽם׃,8,False,,
18036013,15,,sie,אֲסָרָֽם׃,8,False,,
18036013,16,,gefesselt,אֲסָרָֽם׃,8,True,,
18036013,17,,hat,אֲסָרָֽם׃,8,True,,
18036014,1,,Ihre,נַפְשָׁ֑ם,3,False,,
18036014,2,,Seele,נַפְשָׁ֑ם,3,False,,
18036014,3,,stirbt,תָּמֹ֣ת,1,False,,
18036014,4,,dahin,תָּמֹ֣ת,1,False,,
18036014,5,,in,בַּנֹּ֣עַר,2,False,,
18036014,6,,der,בַּנֹּ֣עַר,2,True,,
18036014,7,,Jugend,בַּנֹּ֣עַר,2,False,,
18036014,8,,und,וְ֝חַיָּתָ֗ם,4,False,,
18036014,9,,ihr,וְ֝חַיָּתָ֗ם,4,False,,
18036014,10,,Leben,וְ֝חַיָּתָ֗ם,4,False,,
18036014,11,,unter,בַּקְּדֵשִֽׁים׃,5,False,,
18036014,12,,den,בַּקְּדֵשִֽׁים׃,5,False,,
18036014,13,,Schandbuben,בַּקְּדֵשִֽׁים׃,5,False,,
18036015,1,,Den,עָנִ֣י,2,False,,
18036015,2,,Elenden,עָנִ֣י,2,False,,
18036015,3,,errettet,יְחַלֵּ֣ץ,1,False,,
18036015,4,,er,יְחַלֵּ֣ץ,1,False,,
18036015,5,,in,בְעָנְי֑וֹ,3,False,,
18036015,6,,seinem,בְעָנְי֑וֹ,3,False,,
18036015,7,,Elend,בְעָנְי֑וֹ,3,False,,
18036015,8,,und,וְיִ֖גֶל,4,False,,
18036015,9,,in,בַּלַּ֣חַץ,5,False,,
18036015,10,,der,בַּלַּ֣חַץ,5,True,,
18036015,11,,Drangsal,בַּלַּ֣חַץ,5,False,,
18036015,12,,öffnet,וְיִ֖גֶל,4,False,,
18036015,13,,er,וְיִ֖גֶל,4,False,,
18036015,14,,ihnen,אָזְנָֽם׃,6,False,,
18036015,15,,das,אָזְנָֽם׃,6,False,,
18036015,16,,Ohr,אָזְנָֽם׃,6,False,,
18036016,1,,So,וְאַ֤ף,1,False,,
18036016,2,,hätte,הֲסִיתְךָ֨׀,2,False,,
18036016,3,,er,הֲסִיתְךָ֨׀,2,False,,
18036016,4,,auch,וְאַ֤ף,1,True,,
18036016,5,,dich,הֲסִיתְךָ֨׀,2,False,,
18036016,6,,aus,מִפִּי־,3,False,,
18036016,7,,dem,מִפִּי־,3,False,,
18036016,8,,Rachen,מִפִּי־,3,False,,
18036016,9,,der,צָ֗ר,4,False,,
18036016,10,,Bedrängnis,צָ֗ר,4,False,,
18036016,11,,in,רַ֭חַב,5,False,,
18036016,12,,einen,רַ֭חַב,5,False,,
18036016,13,,weiten,רַ֭חַב,5,False,,
18036016,14,,Raum,רַ֭חַב,5,False,,
18036016,15,,geführt,הֲסִיתְךָ֨׀,2,True,,
18036016,16,,wo,לֹא־,6,False,,
18036016,16,,wo,תַּחְתֶּ֑יהָ,8,False,,
18036016,17,,keine,לֹא־,6,False,,
18036016,18,,Beengung,מוּצָ֣ק,7,False,,
18036016,19,,gewesen,תַּחְתֶּ֑יהָ,8,False,,
18036016,20,,und,וְנַ֥חַת,9,False,,
18036016,21,,die,וְנַ֥חַת,9,True,,
18036016,21,,die,שֻׁ֝לְחָנְךָ֗,10,False,,
18036016,22,,Besetzung,וְנַ֥חַת,9,False,,
18036016,22,,Besetzung,שֻׁ֝לְחָנְךָ֗,10,False,,
18036016,23,,deines,שֻׁ֝לְחָנְךָ֗,10,False,,
18036016,24,,Tisches,שֻׁ֝לְחָנְךָ֗,10,False,,
18036016,25,,würde,מָ֣לֵא,11,False,,
18036016,26,,voll,מָ֣לֵא,11,False,,
18036016,27,,Fett,דָֽשֶׁן׃,12,False,,
18036016,28,,sein,מָ֣לֵא,11,False,,
18036017,1,,Aber,וְדִין־,1,False,,
18036017,2,,du,מָלֵ֑אתָ,3,False,,
18036017,3,,bist,מָלֵ֑אתָ,3,False,,
18036017,4,,mit,וְדִין־,1,False,,
18036017,5,,dem,וְדִין־,1,True,,
18036017,6,,Urteil,וְדִין־,1,False,,
18036017,7,,des,רָשָׁ֥ע,2,True,,
18036017,8,,Gesetzlosen,רָשָׁ֥ע,2,False,,
18036017,9,,erfüllt,מָלֵ֑אתָ,3,False,,
18036017,10,,Urteil,דִּ֖ין,4,False,,
18036017,11,,und,וּמִשְׁפָּ֣ט,5,False,,
18036017,12,,Gericht,וּמִשְׁפָּ֣ט,5,False,,
18036017,13,,werden,יִתְמֹֽכוּ׃,6,False,,
18036017,14,,dich,יִתְמֹֽכוּ׃,6,False,,
18036017,15,,ergreifen,יִתְמֹֽכוּ׃,6,False,,
18036018,1,,Denn,כִּֽי־,1,False,,
18036018,2,,der,חֵ֭מָה,2,True,,
18036018,3,,Grimm,חֵ֭מָה,2,False,,
18036018,4,,möge,יְסִֽיתְךָ֣,4,False,,
18036018,5,,er,יְסִֽיתְךָ֣,4,False,,
18036018,6,,dich,יְסִֽיתְךָ֣,4,False,,
18036018,7,,ja,פֶּן־,3,False,,
18036018,8,,nicht,פֶּן־,3,False,,
18036018,9,,verlocken,יְסִֽיתְךָ֣,4,False,,
18036018,10,,zur,בְסָ֑פֶק,5,False,,
18036018,11,,Verhöhnung,בְסָ֑פֶק,5,False,,
18036018,12,,und,וְרָב־,6,False,,
18036018,13,,die,כֹּ֝֗פֶר,7,True,,
18036018,14,,Größe,כֹּ֝֗פֶר,7,False,,
18036018,15,,des,כֹּ֝֗פֶר,7,True,,
18036018,16,,Lösegeldes,כֹּ֝֗פֶר,7,False,,
18036018,17,,verleite,יַטֶּֽךָּ׃,9,False,,
18036018,18,,dich,יַטֶּֽךָּ׃,9,False,,
18036018,19,,nicht,אַל־,8,False,,
18036019,1,,Soll,הֲיַעֲרֹ֣ךְ,1,False,,
18036019,2,,dich,שׁ֭וּעֲךָ,2,False,,
18036019,3,,dein,שׁ֭וּעֲךָ,2,False,,
18036019,4,,Schreien,שׁ֭וּעֲךָ,2,False,,
18036019,5,,außer,בְצָ֑ר,4,False,,
18036019,6,,Bedrängnis,בְצָ֑ר,4,False,,
18036019,7,,stellen,הֲיַעֲרֹ֣ךְ,1,False,,
18036019,8,,und,וְ֝כֹ֗ל,5,False,,
18036019,9,,alle,וְ֝כֹ֗ל,5,False,,
18036019,10,,Anstrengungen,מַאֲמַצֵּי־,6,False,,
18036019,11,,der,כֹֽחַ׃,7,True,,
18036019,12,,Kraft,כֹֽחַ׃,7,False,,
18036020,1,,Sehne,תִּשְׁאַ֥ף,2,False,,
18036020,2,,dich,תִּשְׁאַ֥ף,2,False,,
18036020,3,,nicht,אַל־,1,False,,
18036020,4,,nach,לַעֲל֖וֹת,4,False,,
18036020,5,,der,הַלָּ֑יְלָה,3,True,,
18036020,6,,Nacht,הַלָּ֑יְלָה,3,False,,
18036020,7,,welche,עַמִּ֣ים,5,False,,
18036020,8,,Völker,עַמִּ֣ים,5,False,,
18036020,9,,plötzlich,תַּחְתָּֽם׃,6,False,,
18036020,10,,hinwegheben,לַעֲל֖וֹת,4,False,,
18036020,11,,wird,לַעֲל֖וֹת,4,False,,
18036021,1,,Hüte,הִ֭שָּׁמֶר,1,False,,
18036021,2,,dich,הִ֭שָּׁמֶר,1,False,,
18036021,3,,wende,תֵּ֣פֶן,3,False,,
18036021,4,,dich,תֵּ֣פֶן,3,False,,
18036021,5,,nicht,אַל־,2,False,,
18036021,6,,zum,אֶל־,4,False,,
18036021,7,,Frevel,אָ֑וֶן,5,False,,
18036021,8,,denn,כִּֽי־,6,False,,
18036021,9,,das,זֶ֝֗ה,8,True,,
18036021,10,,hast,בָּחַ֥רְתָּ,9,False,,
18036021,11,,du,בָּחַ֥רְתָּ,9,False,,
18036021,12,,dem,מֵעֹֽנִי׃,10,True,,
18036021,13,,Elend,מֵעֹֽנִי׃,10,False,,
18036021,14,,vorgezogen,בָּחַ֥רְתָּ,9,False,,
18036022,1,,Siehe,הֶן־,1,False,,
18036022,2,,Gott,אֵ֭ל,2,False,,
18036022,3,,handelt,יַשְׂגִּ֣יב,3,False,,
18036022,4,,erhaben,יַשְׂגִּ֣יב,3,False,,
18036022,5,,in,בְּכֹח֑וֹ,4,False,,
18036022,6,,seiner,בְּכֹח֑וֹ,4,False,,
18036022,7,,Macht,בְּכֹח֑וֹ,4,False,,
18036022,8,,wer,מִ֖י,5,False,,
18036022,9,,ist,כָמֹ֣הוּ,6,False,,
18036022,10,,ein,מוֹרֶֽה׃,7,True,,
18036022,11,,Lehrer,מוֹרֶֽה׃,7,False,,
18036022,12,,wie,כָמֹ֣הוּ,6,False,,
18036022,13,,er,כָמֹ֣הוּ,6,False,,
18036023,1,,Wer,מִֽי־,1,False,,
18036023,2,,hat,פָקַ֣ד,2,False,,
18036023,3,,ihm,עָלָ֣יו,3,False,,
18036023,4,,seinen,דַּרְכּ֑וֹ,4,False,,
18036023,5,,Weg,דַּרְכּ֑וֹ,4,False,,
18036023,6,,vorgeschrieben,פָקַ֣ד,2,False,,
18036023,7,,und,וּמִֽי־,5,False,,
18036023,8,,wer,וּמִֽי־,5,False,,
18036023,9,,dürfte,אָ֝מַ֗ר,6,False,,
18036023,10,,sagen,אָ֝מַ֗ר,6,False,,
18036023,11,,Du,פָּעַ֥לְתָּ,7,False,,
18036023,12,,hast,פָּעַ֥לְתָּ,7,False,,
18036023,13,,Unrecht,עַוְלָֽה׃,8,False,,
18036023,14,,getan,פָּעַ֥לְתָּ,7,False,,
18036024,1,,Gedenke,זְ֭כֹר,1,False,,
18036024,2,,daran,כִּֽי־,2,False,,
18036024,3,,daß,כִּֽי־,2,False,,
18036024,4,,du,תַשְׂגִּ֣יא,3,False,,
18036024,5,,sein,פָעֳל֑וֹ,4,False,,
18036024,6,,Tun,פָעֳל֑וֹ,4,False,,
18036024,7,,erhebest,תַשְׂגִּ֣יא,3,False,,
18036024,8,,welches,אֲשֶׁ֖ר,5,False,,
18036024,9,,Menschen,אֲנָשִֽׁים׃,7,False,,
18036024,10,,besingen,שֹׁרְר֣וּ,6,False,,
18036025,1,,Alle,כָּל־,1,False,,
18036025,2,,Menschen,אָדָ֥ם,2,False,,
18036025,3,,schauen,חָֽזוּ־,3,False,,
18036025,4,,es,ב֑וֹ,4,False,,
18036025,5,,an,חָֽזוּ־,3,False,,
18036025,6,,der,מֵרָחֽוֹק׃,7,True,,
18036025,7,,Sterbliche,אֱ֝נ֗וֹשׁ,5,False,,
18036025,8,,erblickt,יַבִּ֥יט,6,False,,
18036025,9,,es,יַבִּ֥יט,6,False,,
18036025,10,,aus,מֵרָחֽוֹק׃,7,False,,
18036025,11,,der,מֵרָחֽוֹק׃,7,True,,
18036025,12,,Ferne,מֵרָחֽוֹק׃,7,False,,
18036026,1,,Siehe,הֶן־,1,False,,
18036026,2,,Gott,אֵ֣ל,2,False,,
18036026,3,,ist,שַׂ֭גִּיא,3,False,,
18036026,4,,zu,שַׂ֭גִּיא,3,False,,
18036026,5,,erhaben,שַׂ֭גִּיא,3,False,,
18036026,6,,für,נֵדָ֑ע,5,False,,
18036026,7,,unsere,שָׁנָ֣יו,7,False,,
18036026,8,,Erkenntnis,נֵדָ֑ע,5,False,,
18036026,9,,die,מִסְפַּ֖ר,6,False,,
18036026,10,,Zahl,מִסְפַּ֖ר,6,False,,
18036026,11,,seiner,שָׁנָ֣יו,7,False,,
18036026,12,,Jahre,שָׁנָ֣יו,7,False,,
18036026,13,,sie,חֵֽקֶר׃,9,False,,
18036026,14,,ist,חֵֽקֶר׃,9,False,,
18036026,15,,unerforschlich,חֵֽקֶר׃,9,False,,
18036027,1,,Denn,כִּ֭י,1,False,,
18036027,2,,er,יְגָרַ֣ע,2,False,,
18036027,3,,zieht,יְגָרַ֣ע,2,False,,
18036027,4,,Wassertropfen,נִטְפֵי־,3,False,,
18036027,5,,herauf,יָזֹ֖קּוּ,5,False,,
18036027,6,,von,לְאֵדֽוֹ׃,7,False,,
18036027,7,,dem,לְאֵדֽוֹ׃,7,True,,
18036027,8,,Dunst,לְאֵדֽוֹ׃,7,False,,
18036027,9,,den,לְאֵדֽוֹ׃,7,True,,
18036027,10,,er,מָטָ֣ר,6,False,,
18036027,11,,bildet,יְגָרַ֣ע,2,False,,
18036027,12,,träufeln,יָזֹ֖קּוּ,5,False,,
18036027,13,,sie,יָזֹ֖קּוּ,5,False,,
18036027,14,,als,מָטָ֣ר,6,False,,
18036027,15,,Regen,מָטָ֣ר,6,False,,
18036028,1,,den,אֲשֶֽׁר־,1,False,,
18036028,2,,die,אֲשֶֽׁר־,1,False,,
18036028,3,,Wolken,שְׁחָקִ֑ים,3,False,,
18036028,4,,rieseln,יִזְּל֥וּ,2,False,,
18036028,5,,und,יִ֝רְעֲפ֗וּ,4,False,,
18036028,6,,tropfen,יִ֝רְעֲפ֗וּ,4,False,,
18036028,7,,lassen,יִ֝רְעֲפ֗וּ,4,False,,
18036028,8,,auf,עֲלֵ֤י׀,5,False,,
18036028,9,,viele,רָֽב׃,7,False,,
18036028,10,,Menschen,אָדָ֬ם,6,False,,
18036029,1,,Versteht,יָ֭בִין,3,False,,
18036029,2,,man,יָ֭בִין,3,False,,
18036029,3,,gar,אַ֣ף,1,False,,
18036029,4,,das,מִפְרְשֵׂי־,4,False,,
18036029,5,,Ausbreiten,מִפְרְשֵׂי־,4,False,,
18036029,6,,des,עָ֑ב,5,False,,
18036029,7,,Gewölks,עָ֑ב,5,False,,
18036029,8,,das,תְּ֝שֻׁא֗וֹת,6,False,,
18036029,9,,Krachen,תְּ֝שֻׁא֗וֹת,6,False,,
18036029,10,,seines,סֻכָּתֽוֹ׃,7,False,,
18036029,11,,Zeltes,סֻכָּתֽוֹ׃,7,False,,
18036030,1,,Siehe,הֵן־,1,False,,
18036030,2,,er,פָּרַ֣שׂ,2,False,,
18036030,3,,breitet,פָּרַ֣שׂ,2,False,,
18036030,4,,sein,אוֹר֑וֹ,4,False,,
18036030,5,,Licht,אוֹר֑וֹ,4,False,,
18036030,6,,um,עָלָ֣יו,3,False,,
18036030,7,,sich,עָלָ֣יו,3,False,,
18036030,8,,aus,פָּרַ֣שׂ,2,False,,
18036030,9,,und,כִּסָּֽה׃,7,False,,
18036030,10,,die,וְשָׁרְשֵׁ֖י,5,True,,
18036030,11,,Gründe,וְשָׁרְשֵׁ֖י,5,False,,
18036030,12,,des,הַיָּ֣ם,6,True,,
18036030,13,,Meeres,הַיָּ֣ם,6,False,,
18036030,14,,bedeckt,כִּסָּֽה׃,7,False,,
18036030,15,,er,פָּרַ֣שׂ,2,False,,
18036031,1,,Denn,כִּי־,1,False,,
18036031,2,,durch,בָ֭ם,2,False,,
18036031,3,,dieses,בָ֭ם,2,False,,
18036031,4,,richtet,יָדִ֣ין,3,False,,
18036031,5,,er,יָדִ֣ין,3,False,,
18036031,6,,Völker,עַמִּ֑ים,4,False,,
18036031,7,,gibt,יִֽתֶּן־,5,False,,
18036031,8,,Speise,אֹ֥כֶל,6,False,,
18036031,9,,im,לְמַכְבִּֽיר׃,7,True,,
18036031,10,,Überfluß,לְמַכְבִּֽיר׃,7,False,,
18036032,1,,Seine,עַל־,1,False,,
18036032,2,,Hände,כַּפַּ֥יִם,2,False,,
18036032,3,,umhüllt,כִּסָּה־,3,False,,
18036032,4,,er,כִּסָּה־,3,True,,
18036032,5,,mit,עַל־,1,True,,
18036032,6,,dem,עַל־,1,True,,
18036032,7,,Blitz,א֑וֹר,4,False,,
18036032,8,,und,וַיְצַ֖ו,5,True,,
18036032,9,,er,וַיְצַ֖ו,5,True,,
18036032,10,,entbietet,וַיְצַ֖ו,5,False,,
18036032,11,,ihn,עָלֶ֣יהָ,6,False,,
18036032,12,,gegen,בְמַפְגִּֽיעַ׃,7,False,,
18036032,13,,denjenigen,בְמַפְגִּֽיעַ׃,7,True,,
18036032,14,,den,בְמַפְגִּֽיעַ׃,7,True,,
18036032,15,,er,בְמַפְגִּֽיעַ׃,7,True,,
18036032,16,,treffen,בְמַפְגִּֽיעַ׃,7,True,,
18036032,17,,soll,בְמַפְגִּֽיעַ׃,7,True,,
18036033,1,,Sein,עָלָ֣יו,2,False,,
18036033,2,,Rollen,יַגִּ֣יד,1,False,,
18036033,3,,kündigt,יַגִּ֣יד,1,False,,
18036033,4,,ihn,עָלָ֣יו,2,False,,
18036033,5,,an,עוֹלֶֽה׃,7,False,,
18036033,6,,sogar,אַ֣ף,5,False,,
18036033,7,,das,מִ֝קְנֶ֗ה,4,False,,
18036033,8,,Vieh,מִ֝קְנֶ֗ה,4,False,,
18036033,9,,sein,עָלָ֣יו,2,False,,
18036033,10,,Heranziehen,עוֹלֶֽה׃,7,False,,
18037001,1,,Ja,אַף־,1,False,,
18037001,2,,darüber,לְ֭זֹאת,2,False,,
18037001,3,,erzittert,יֶחֱרַ֣ד,3,False,,
18037001,4,,mein,לִבִּ֑י,4,False,,
18037001,5,,Herz,לִבִּ֑י,4,False,,
18037001,6,,und,וְ֝יִתַּ֗ר,5,False,,
18037001,7,,bebt,וְ֝יִתַּ֗ר,5,False,,
18037001,8,,auf,מִמְּקוֹמֽוֹ׃,6,False,,
18037001,9,,von,מִמְּקוֹמֽוֹ׃,6,False,,
18037001,10,,seiner,מִמְּקוֹמֽוֹ׃,6,False,,
18037001,11,,Stelle,מִמְּקוֹמֽוֹ׃,6,False,,
18037002,1,,Höret,שִׁמְע֤וּ,1,False,,
18037002,2,,höret,שָׁמ֣וֹעַ,2,False,,
18037002,3,,das,בְּרֹ֣גֶז,3,False,,
18037002,4,,Getöse,בְּרֹ֣גֶז,3,False,,
18037002,5,,seiner,קֹל֑וֹ,4,False,,
18037002,6,,Stimme,קֹל֑וֹ,4,False,,
18037002,7,,und,וְ֝הֶ֗גֶה,5,False,,
18037002,8,,das,וְ֝הֶ֗גֶה,5,False,,
18037002,9,,Gemurmel,וְ֝הֶ֗גֶה,5,False,,
18037002,10,,das,מִפִּ֥יו,6,False,,
18037002,11,,aus,מִפִּ֥יו,6,False,,
18037002,12,,seinem,מִפִּ֥יו,6,False,,
18037002,13,,Munde,מִפִּ֥יו,6,False,,
18037002,14,,hervorgeht,יֵצֵֽא׃,7,False,,
18037003,1,,Er,יִשְׁרֵ֑הוּ,4,False,,
18037003,2,,sendet,יִשְׁרֵ֑הוּ,4,False,,
18037003,3,,es,יִשְׁרֵ֑הוּ,4,False,,
18037003,4,,aus,תַּֽחַת־,1,False,,
18037003,5,,unter,תַּֽחַת־,1,False,,
18037003,6,,den,כָּל־,2,False,,
18037003,7,,ganzen,כָּל־,2,False,,
18037003,8,,Himmel,הַשָּׁמַ֥יִם,3,False,,
18037003,9,,und,וְ֝אוֹר֗וֹ,5,False,,
18037003,10,,seinen,וְ֝אוֹר֗וֹ,5,False,,
18037003,11,,Blitz,וְ֝אוֹר֗וֹ,5,False,,
18037003,12,,bis,עַל־,6,False,,
18037003,13,,zu,עַל־,6,False,,
18037003,14,,den,כַּנְפ֥וֹת,7,False,,
18037003,15,,Säumen,כַּנְפ֥וֹת,7,False,,
18037003,16,,der,הָאָֽרֶץ׃,8,False,,
18037003,17,,Erde,הָאָֽרֶץ׃,8,False,,
18037004,1,,Nach,אַחֲרָ֤יו׀,1,False,,
18037004,2,,dem,אַחֲרָ֤יו׀,1,False,,
18037004,3,,Blitze,אַחֲרָ֤יו׀,1,False,,
18037004,4,,brüllt,יִשְׁאַג־,2,False,,
18037004,5,,eine,ק֗וֹל,3,False,,
18037004,6,,Stimme,ק֗וֹל,3,False,,
18037004,7,,er,יַ֭רְעֵם,4,False,,
18037004,8,,donnert,יַ֭רְעֵם,4,False,,
18037004,9,,mit,בְּק֣וֹל,5,False,,
18037004,10,,seiner,גְּאוֹנ֑וֹ,6,False,,
18037004,11,,erhabenen,גְּאוֹנ֑וֹ,6,False,,
18037004,12,,Stimme,גְּאוֹנ֑וֹ,6,False,,
18037004,13,,und,וְלֹ֥א,7,False,,
18037004,14,,hält,יְ֝עַקְּבֵ֗ם,8,False,,
18037004,15,,die,יְ֝עַקְּבֵ֗ם,8,False,,
18037004,16,,Blitze,יְ֝עַקְּבֵ֗ם,8,False,,
18037004,17,,nicht,וְלֹ֥א,7,False,,
18037004,18,,zurück,יְ֝עַקְּבֵ֗ם,8,False,,
18037004,19,,wenn,כִּֽי־,9,False,,
18037004,20,,seine,קוֹלֽוֹ׃,11,False,,
18037004,21,,Stimme,קוֹלֽוֹ׃,11,False,,
18037004,22,,gehört,יִשָּׁמַ֥ע,10,False,,
18037004,23,,wird,יִשָּׁמַ֥ע,10,False,,
18037005,1,,Gott,אֵ֣ל,2,False,,
18037005,2,,donnert,יַרְעֵ֤ם,1,False,,
18037005,3,,wunderbar,נִפְלָא֑וֹת,4,False,,
18037005,4,,mit,בְּ֭קוֹלוֹ,3,False,,
18037005,5,,seiner,בְּ֭קוֹלוֹ,3,False,,
18037005,6,,Stimme,בְּ֭קוֹלוֹ,3,False,,
18037005,7,,er,עֹשֶׂ֥ה,5,False,,
18037005,8,,tut,עֹשֶׂ֥ה,5,False,,
18037005,9,,große,גְ֝דֹל֗וֹת,6,False,,
18037005,10,,Dinge,גְ֝דֹל֗וֹת,6,False,,
18037005,11,,die,וְלֹ֣א,7,False,,
18037005,12,,wir,נֵדָֽע׃,8,False,,
18037005,13,,nicht,וְלֹ֣א,7,False,,
18037005,14,,begreifen,נֵדָֽע׃,8,False,,
18037006,1,,Denn,כִּ֤י,1,False,,
18037006,2,,zum,לַשֶּׁ֨לַג׀,2,False,,
18037006,3,,Schnee,לַשֶּׁ֨לַג׀,2,False,,
18037006,4,,spricht,יֹאמַ֗ר,3,False,,
18037006,5,,er,יֹאמַ֗ר,3,False,,
18037006,6,,Falle,הֱוֵ֫א,4,False,,
18037006,7,,zur,אָ֥רֶץ,5,False,,
18037006,8,,Erde,אָ֥רֶץ,5,False,,
18037006,9,,und,וְגֶ֥שֶׁם,6,False,,
18037006,10,,zum,וְגֶ֥שֶׁם,6,False,,
18037006,11,,Regengusse,מָטָ֑ר,7,False,,
18037006,12,,und,וְ֝גֶ֗שֶׁם,8,False,,
18037006,13,,den,מִטְר֥וֹת,9,False,,
18037006,14,,Güssen,מִטְר֥וֹת,9,False,,
18037006,15,,seines,עֻזּֽוֹ׃,10,False,,
18037006,16,,gewaltigen,עֻזּֽוֹ׃,10,False,,
18037006,17,,Regens,עֻזּֽוֹ׃,10,False,,
18037007,1,,Er,יַחְתּ֑וֹם,4,False,,
18037007,2,,lähmt,יַחְתּ֑וֹם,4,False,,
18037007,3,,die,בְּיַד־,1,False,,
18037007,4,,Hand,בְּיַד־,1,False,,
18037007,5,,eines,כָּל־,2,False,,
18037007,6,,jeden,כָּל־,2,False,,
18037007,7,,Menschen,אָדָ֥ם,3,False,,
18037007,8,,damit,לָ֝דַ֗עַת,5,False,,
18037007,9,,alle,כָּל־,6,False,,
18037007,10,,Menschen,אַנְשֵׁ֥י,7,False,,
18037007,11,,sein,מַעֲשֵֽׂהוּ׃,8,False,,
18037007,12,,Werk,מַעֲשֵֽׂהוּ׃,8,False,,
18037007,13,,kennen,לָ֝דַ֗עַת,5,False,,
18037007,14,,lernen,לָ֝דַ֗עַת,5,False,,
18037008,1,,Und,וַתָּבֹ֣א,1,False,,
18037008,2,,das,חַיָּ֣ה,2,False,,
18037008,3,,Wild,חַיָּ֣ה,2,False,,
18037008,4,,geht,וַתָּבֹ֣א,1,False,,
18037008,5,,in,בְמוֹ־,3,False,,
18037008,6,,sein,בְמוֹ־,3,False,,
18037008,7,,Versteck,אָ֑רֶב,4,False,,
18037008,8,,und,וּבִמְע֖וֹנֹתֶ֣יהָ,5,False,,
18037008,9,,bleibt,תִשְׁכֹּֽן׃,6,False,,
18037008,10,,in,וּבִמְע֖וֹנֹתֶ֣יהָ,5,False,,
18037008,11,,seinen,וּבִמְע֖וֹנֹתֶ֣יהָ,5,False,,
18037008,12,,Höhlen,וּבִמְע֖וֹנֹתֶ֣יהָ,5,False,,
18037009,1,,Aus,מִן־,1,False,,
18037009,2,,der,הַ֭חֶדֶר,2,False,,
18037009,3,,Kammer,הַ֭חֶדֶר,2,False,,
18037009,4,,des,הַ֭חֶדֶר,2,False,,
18037009,5,,Südens,הַ֭חֶדֶר,2,False,,
18037009,6,,kommt,תָּב֣וֹא,3,False,,
18037009,7,,Sturm,סוּפָ֑ה,4,False,,
18037009,8,,und,וּֽמִמְּזָרִ֥ים,5,False,,
18037009,9,,von,וּֽמִמְּזָרִ֥ים,5,False,,
18037009,10,,den,וּֽמִמְּזָרִ֥ים,5,False,,
18037009,11,,Nordwinden,וּֽמִמְּזָרִ֥ים,5,False,,
18037009,12,,Kälte,קָרָֽה׃,6,False,,
18037010,1,,Durch,מִנִּשְׁמַת־,1,False,,
18037010,2,,den,מִנִּשְׁמַת־,1,False,,
18037010,3,,Odem,מִנִּשְׁמַת־,1,False,,
18037010,4,,Gottes,אֵ֥ל,2,False,,
18037010,5,,entsteht,יִתֶּן־,3,False,,
18037010,6,,Eis,קָ֑רַח,4,False,,
18037010,7,,und,וְרֹ֖חַב,5,False,,
18037010,8,,die,וְרֹ֖חַב,5,False,,
18037010,9,,Breite,וְרֹ֖חַב,5,False,,
18037010,10,,der,מַ֣יִם,6,False,,
18037010,11,,Wasser,מַ֣יִם,6,False,,
18037010,12,,zieht,בְּמוּצָֽק׃,7,False,,
18037010,13,,sich,בְּמוּצָֽק׃,7,False,,
18037010,14,,zusammen,בְּמוּצָֽק׃,7,False,,
18037011,1,,Auch,אַף־,1,False,,
18037011,2,,beladet,יַטְרִ֣יחַ,3,False,,
18037011,3,,er,יַטְרִ֣יחַ,3,False,,
18037011,4,,mit,בְּ֭רִי,2,False,,
18037011,5,,Wasserfülle,בְּ֭רִי,2,False,,
18037011,6,,das,עָ֑ב,4,False,,
18037011,7,,Gewölk,עָ֑ב,4,False,,
18037011,8,,breitet,יָ֝פִ֗יץ,5,False,,
18037011,9,,weithin,יָ֝פִ֗יץ,5,False,,
18037011,10,,aus,יָ֝פִ֗יץ,5,False,,
18037011,11,,seine,אוֹרֽוֹ׃,7,False,,
18037011,12,,Blitzwolken,אוֹרֽוֹ׃,7,False,,
18037012,1,,Und,וְה֤וּא,1,False,,
18037012,2,,unter,בְּתַחְבּוּלֹתָ֣יו,4,False,,
18037012,3,,seiner,בְּתַחְבּוּלֹתָ֣יו,4,False,,
18037012,4,,Leitung,בְּתַחְבּוּלֹתָ֣יו,4,False,,
18037012,5,,wenden,מִתְהַפֵּ֣ךְ,3,False,,
18037012,6,,sie,מִתְהַפֵּ֣ךְ,3,False,,
18037012,7,,sich,מִתְהַפֵּ֣ךְ,3,False,,
18037012,8,,ringsumher,מְסִבּ֨וֹת׀,2,False,,
18037012,9,,zu,לְפָעֳלָ֑ם,5,False,,
18037012,10,,ihrem,לְפָעֳלָ֑ם,5,False,,
18037012,11,,Werke,לְפָעֳלָ֑ם,5,False,,
18037012,12,,zu,כֹּ֖ל,6,False,,
18037012,13,,allem,כֹּ֖ל,6,False,,
18037012,14,,was,אֲשֶׁ֥ר,7,False,,
18037012,15,,er,יְצַוֵּ֓ם׀,8,False,,
18037012,16,,ihnen,יְצַוֵּ֓ם׀,8,False,,
18037012,17,,gebietet,יְצַוֵּ֓ם׀,8,False,,
18037012,18,,über,עַל־,9,False,,
18037012,19,,die,פְּנֵ֖י,10,False,,
18037012,20,,Fläche,פְּנֵ֖י,10,False,,
18037012,21,,des,תֵבֵ֣ל,11,False,,
18037012,22,,Erdkreises,תֵבֵ֣ל,11,False,,
18037012,23,,hin,אָֽרְצָה׃,12,False,,
18037013,1,,sei,אִם־,1,False,,
18037013,2,,es,יַמְצִאֵֽהוּ׃,7,False,,
18037013,3,,daß,אִם־,1,False,,
18037013,4,,er,יַמְצִאֵֽהוּ׃,7,False,,
18037013,5,,sie,יַמְצִאֵֽהוּ׃,7,False,,
18037013,6,,zur,לְשֵׁ֥בֶט,2,False,,
18037013,7,,Geißel,לְשֵׁ֥בֶט,2,False,,
18037013,8,,oder,אִם־,3,False,,
18037013,9,,für,לְאַרְצ֑וֹ,4,False,,
18037013,10,,seine,לְאַרְצ֑וֹ,4,False,,
18037013,11,,Erde,לְאַרְצ֑וֹ,4,False,,
18037013,12,,oder,אִם־,5,False,,
18037013,13,,zur,לְ֝חֶ֗סֶד,6,False,,
18037013,14,,Erweisung,לְ֝חֶ֗סֶד,6,False,,
18037013,15,,seiner,לְ֝חֶ֗סֶד,6,False,,
18037013,16,,Gnade,לְ֝חֶ֗סֶד,6,False,,
18037013,17,,sich,יַמְצִאֵֽהוּ׃,7,False,,
18037013,18,,entladen,יַמְצִאֵֽהוּ׃,7,False,,
18037013,19,,läßt,יַמְצִאֵֽהוּ׃,7,False,,
18037014,1,,Nimm,הַאֲזִ֣ינָה,1,False,,
18037014,2,,dieses,זֹּ֣את,2,False,,
18037014,3,,zu,הַאֲזִ֣ינָה,1,True,,
18037014,4,,Ohren,הַאֲזִ֣ינָה,1,True,,
18037014,5,,Hiob,אִיּ֑וֹב,3,False,,
18037014,6,,stehe,עֲ֝מֹ֗ד,4,False,,
18037014,7,,und,וְהִתְבּוֹנֵ֤ן׀,5,False,,
18037014,8,,betrachte,וְהִתְבּוֹנֵ֤ן׀,5,False,,
18037014,9,,die,נִפְלְא֬וֹת,6,True,,
18037014,10,,Wunder,נִפְלְא֬וֹת,6,False,,
18037014,11,,Gottes,אֵֽל׃,7,False,,
18037015,1,,Weißt,הֲ֭תֵדַע,1,False,,
18037015,2,,du,הֲ֭תֵדַע,1,False,,
18037015,3,,wie,בְּשׂוּם־,2,False,,
18037015,4,,Gott,אֱל֣וֹהַּ,3,False,,
18037015,5,,sie,עֲלֵיהֶ֑ם,4,False,,
18037015,6,,beladet,בְּשׂוּם־,2,False,,
18037015,7,,und,וְ֝הוֹפִ֗יעַ,5,False,,
18037015,8,,leuchten,וְ֝הוֹפִ֗יעַ,5,False,,
18037015,9,,läßt,וְ֝הוֹפִ֗יעַ,5,False,,
18037015,10,,den,א֣וֹר,6,True,,
18037015,11,,Blitz,א֣וֹר,6,False,,
18037015,12,,seines,עֲנָנֽוֹ׃,7,False,,
18037015,13,,Gewölks,עֲנָנֽוֹ׃,7,False,,
18037016,1,,Verstehst,הֲ֭תֵדַע,1,False,,
18037016,2,,du,הֲ֭תֵדַע,1,False,,
18037016,3,,dich,הֲ֭תֵדַע,1,True,,
18037016,4,,auf,עַל־,2,False,,
18037016,5,,das,מִפְלְשֵׂי־,3,True,,
18037016,6,,Schweben,מִפְלְשֵׂי־,3,False,,
18037016,7,,der,עָ֑ב,4,True,,
18037016,8,,Wolke,עָ֑ב,4,False,,
18037016,9,,auf,מִ֝פְלְא֗וֹת,5,False,,
18037016,10,,die,מִ֝פְלְא֗וֹת,5,True,,
18037016,11,,Wundertaten,מִ֝פְלְא֗וֹת,5,False,,
18037016,12,,des,תְּמִ֣ים,6,False,,
18037016,13,,an,דֵּעִֽים׃,7,False,,
18037016,14,,Wissen,דֵּעִֽים׃,7,False,,
18037016,15,,Vollkommenen,תְּמִ֣ים,6,False,,
18037017,1,,Du,אֲשֶׁר־,1,False,,
18037017,2,,dessen,אֲשֶׁר־,1,False,,
18037017,3,,Kleider,בְּגָדֶ֥יךָ,2,False,,
18037017,4,,heiß,חַמִּ֑ים,3,False,,
18037017,5,,werden,חַמִּ֑ים,3,False,,
18037017,6,,wenn,בְּהַשְׁקִ֥ט,4,False,,
18037017,7,,das,אֶ֝֗רֶץ,5,True,,
18037017,8,,Land,אֶ֝֗רֶץ,5,False,,
18037017,9,,schwül,חַמִּ֑ים,3,False,,
18037017,10,,wird,חַמִּ֑ים,3,False,,
18037017,11,,von,מִדָּרֽוֹם׃,6,False,,
18037017,12,,Süden,מִדָּרֽוֹם׃,6,False,,
18037017,13,,her,מִדָּרֽוֹם׃,6,False,,
18037018,1,,kannst,תַּרְקִ֣יעַ,1,False,,
18037018,2,,du,תַּרְקִ֣יעַ,1,False,,
18037018,3,,gleich,עִ֭מּוֹ,2,False,,
18037018,4,,ihm,עִ֭מּוֹ,2,False,,
18037018,5,,das,לִשְׁחָקִ֑ים,3,True,,
18037018,6,,Himmelsgewölbe,לִשְׁחָקִ֑ים,3,False,,
18037018,7,,ausbreiten,תַּרְקִ֣יעַ,1,False,,
18037018,8,,fest,חֲ֝זָקִ֗ים,4,False,,
18037018,9,,wie,כִּרְאִ֥י,5,False,,
18037018,10,,ein,כִּרְאִ֥י,5,True,,
18037018,11,,gegossener,מוּצָֽק׃,6,False,,
18037018,12,,Spiegel,מוּצָֽק׃,6,False,,
18037019,1,,Tue,ה֭וֹדִיעֵנוּ,1,False,,
18037019,2,,uns,ה֭וֹדִיעֵנוּ,1,False,,
18037019,3,,kund,ה֭וֹדִיעֵנוּ,1,False,,
18037019,4,,was,מַה־,2,False,,
18037019,5,,wir,נֹּ֣אמַר,3,False,,
18037019,6,,ihm,ל֑וֹ,4,False,,
18037019,7,,sagen,נֹּ֣אמַר,3,False,,
18037019,8,,sollen,נֹּ֣אמַר,3,False,,
18037019,9,,Wir,נַ֝עֲרֹ֗ךְ,6,False,,
18037019,10,,können,נַ֝עֲרֹ֗ךְ,6,False,,
18037019,11,,vor,מִפְּנֵי־,7,False,,
18037019,12,,Finsternis,חֹֽשֶׁךְ׃,8,False,,
18037019,13,,nichts,לֹ֥א־,5,False,,
18037019,14,,vorbringen,נַ֝עֲרֹ֗ךְ,6,False,,
18037020,1,,Soll,הַֽיְסֻפַּר־,1,False,,
18037020,2,,ihm,ל֭וֹ,2,False,,
18037020,3,,gemeldet,הַֽיְסֻפַּר־,1,False,,
18037020,4,,werden,הַֽיְסֻפַּר־,1,False,,
18037020,5,,daß,כִּ֣י,3,False,,
18037020,6,,ich,אֲדַבֵּ֑ר,4,False,,
18037020,7,,reden,אֲדַבֵּ֑ר,4,False,,
18037020,8,,wolle,אֲדַבֵּ֑ר,4,False,,
18037020,9,,Wenn,אִֽם־,5,False,,
18037020,10,,jemand,אִ֝֗ישׁ,7,False,,
18037020,11,,zu,אָ֥מַר,6,False,,
18037020,12,,ihm,אָ֥מַר,6,False,,
18037020,13,,spricht,אָ֥מַר,6,False,,
18037020,14,,er,אִ֝֗ישׁ,7,False,,
18037020,15,,wird,יְבֻלָּֽע׃,9,False,,
18037020,16,,gewiß,יְבֻלָּֽע׃,9,False,,
18037020,17,,verschlungen,יְבֻלָּֽע׃,9,False,,
18037020,18,,werden,יְבֻלָּֽע׃,9,False,,
18037021,1,,Und,וְעַתָּ֤ה׀,1,False,,
18037021,2,,jetzt,וְעַתָּ֤ה׀,1,False,,
18037021,3,,sieht,רָ֤אוּ,3,False,,
18037021,4,,man,רָ֤אוּ,3,False,,
18037021,5,,das,א֗וֹר,4,True,,
18037021,6,,Licht,א֗וֹר,4,False,,
18037021,7,,nicht,לֹ֘א,2,False,,
18037021,8,,welches,בָּהִ֣יר,5,False,,
18037021,9,,leuchtet,בָּהִ֣יר,5,False,,
18037021,10,,am,בַּשְּׁחָקִ֑ים,7,False,,
18037021,11,,Himmelsgewölbe,בַּשְּׁחָקִ֑ים,7,False,,
18037021,12,,aber,וְר֥וּחַ,8,False,,
18037021,13,,ein,וְר֥וּחַ,8,True,,
18037021,14,,Wind,וְר֥וּחַ,8,False,,
18037021,15,,fährt,עָ֝בְרָ֗ה,9,False,,
18037021,16,,daher,עָ֝בְרָ֗ה,9,False,,
18037021,17,,und,וַֽתְּטַהֲרֵֽם׃,10,False,,
18037021,18,,reinigt,וַֽתְּטַהֲרֵֽם׃,10,False,,
18037021,19,,dasselbe,וַֽתְּטַהֲרֵֽם׃,10,False,,
18037022,1,,Aus,מִ֭צָּפוֹן,1,False,,
18037022,2,,dem,מִ֭צָּפוֹן,1,True,,
18037022,3,,Norden,מִ֭צָּפוֹן,1,False,,
18037022,4,,kommt,יֶֽאֱתֶ֑ה,3,False,,
18037022,5,,Gold,זָהָ֣ב,2,False,,
18037022,6,,,עַל־,4,False,,
18037022,7,,um,עַל־,4,True,,
18037022,8,,Gott,אֱ֝ל֗וֹהַּ,5,False,,
18037022,9,,ist,הֽוֹד׃,7,False,,
18037022,10,,furchtbare,נ֣וֹרָא,6,False,,
18037022,11,,Pracht,הֽוֹד׃,7,False,,
18037023,1,,den,שַׁדַּ֣י,1,False,,
18037023,2,,Allmächtigen,שַׁדַּ֣י,1,False,,
18037023,3,,den,מְ֭צָאנֻהוּ,3,False,,
18037023,4,,erreichen,מְ֭צָאנֻהוּ,3,False,,
18037023,5,,wir,מְ֭צָאנֻהוּ,3,False,,
18037023,6,,nicht,לֹֽא־,2,False,,
18037023,7,,den,שַׂגִּיא־,4,False,,
18037023,8,,Erhabenen,שַׂגִּיא־,4,False,,
18037023,9,,an,כֹ֑חַ,5,False,,
18037023,10,,Kraft,כֹ֑חַ,5,False,,
18037023,11,,und,וּמִשְׁפָּ֥ט,6,False,,
18037023,12,,das,וּמִשְׁפָּ֥ט,6,True,,
18037023,13,,Recht,וּמִשְׁפָּ֥ט,6,False,,
18037023,14,,und,וְרֹב־,7,False,,
18037023,15,,der,וְרֹב־,7,True,,
18037023,16,,Gerechtigkeit,צְ֝דָקָ֗ה,8,False,,
18037023,17,,Fülle,וְרֹב־,7,False,,
18037023,18,,beugt,יְעַנֶּֽה׃,10,False,,
18037023,19,,er,יְעַנֶּֽה׃,10,False,,
18037023,20,,nicht,לֹ֣א,9,False,,
18037024,1,,Darum,לָ֭כֵן,1,False,,
18037024,2,,fürchten,יְרֵא֣וּהוּ,2,False,,
18037024,3,,ihn,יְרֵא֣וּהוּ,2,False,,
18037024,4,,die,אֲנָשִׁ֑ים,3,True,,
18037024,5,,Menschen,אֲנָשִׁ֑ים,3,False,,
18037024,6,,er,יִ֝רְאֶ֗ה,5,False,,
18037024,7,,sieht,יִ֝רְאֶ֗ה,5,False,,
18037024,8,,keine,לֹֽא־,4,False,,
18037024,9,,an,יִ֝רְאֶ֗ה,5,False,,
18037024,10,,die,כָּל־,6,False,,
18037024,11,,weisen,חַכְמֵי־,7,False,,
18037024,12,,Herzens,לֵֽב׃ פ,8,False,,
18037024,13,,sind,לֵֽב׃ פ,8,False,,
18038001,1,,Und,וַיַּֽעַן־,1,False,,
18038001,2,,Jahwe,יְהוָ֣ה,2,False,,
18038001,3,,antwortete,וַיַּֽעַן־,1,False,,
18038001,4,,Hiob,אִ֭יּוֹב,4,False,,
18038001,5,,aus,מִ֥ן׀,5,False,,
18038001,6,,dem,הַסְּעָרָ֗ה,6,True,,
18038001,7,,Sturme,הַסְּעָרָ֗ה,6,False,,
18038001,8,,und,וַיֹּאמַֽר׃,7,False,,
18038001,9,,sprach,וַיֹּאמַֽר׃,7,False,,
18038002,1,,Wer,מִ֤י,1,False,,
18038002,2,,ist,זֶ֨ה׀,2,False,,
18038002,3,,es,זֶ֨ה׀,2,False,,
18038002,4,,der,מַחְשִׁ֖יךְ,3,False,,
18038002,5,,den,עֵצָ֥ה,4,True,,
18038002,6,,Rat,עֵצָ֥ה,4,False,,
18038002,7,,verdunkelt,מַחְשִׁ֖יךְ,3,False,,
18038002,8,,mit,בְמִלִּ֗ין,5,False,,
18038002,9,,Worten,בְמִלִּ֗ין,5,False,,
18038002,10,,ohne,בְּֽלִי־,6,False,,
18038002,11,,Erkenntnis,דָֽעַת׃,7,False,,
18038003,1,,Gürte,אֱזָר־,1,False,,
18038003,2,,doch,נָ֣א,2,False,,
18038003,3,,wie,כְגֶ֣בֶר,3,False,,
18038003,4,,ein,כְגֶ֣בֶר,3,True,,
18038003,5,,Mann,כְגֶ֣בֶר,3,False,,
18038003,6,,deine,חֲלָצֶ֑יךָ,4,False,,
18038003,7,,Lenden,חֲלָצֶ֑יךָ,4,False,,
18038003,8,,so,וְ֝אֶשְׁאָלְךָ֗,5,False,,
18038003,9,,will,וְ֝אֶשְׁאָלְךָ֗,5,False,,
18038003,10,,ich,וְ֝אֶשְׁאָלְךָ֗,5,False,,
18038003,11,,dich,וְ֝אֶשְׁאָלְךָ֗,5,False,,
18038003,12,,fragen,וְ֝אֶשְׁאָלְךָ֗,5,False,,
18038003,13,,und,וְהוֹדִיעֵֽנִי׃,6,False,,
18038003,14,,du,וְהוֹדִיעֵֽנִי׃,6,False,,
18038003,15,,belehre,וְהוֹדִיעֵֽנִי׃,6,False,,
18038003,16,,mich,וְהוֹדִיעֵֽנִי׃,6,False,,
18038004,1,,Wo,אֵיפֹ֣ה,1,False,,
18038004,2,,warst,הָ֭יִיתָ,2,False,,
18038004,3,,du,הָ֭יִיתָ,2,False,,
18038004,4,,als,בְּיָסְדִי־,3,False,,
18038004,5,,ich,בְּיָסְדִי־,3,False,,
18038004,6,,die,אָ֑רֶץ,4,True,,
18038004,7,,Erde,אָ֑רֶץ,4,False,,
18038004,8,,gründete,בְּיָסְדִי־,3,False,,
18038004,9,,Tue,הַ֝גֵּ֗ד,5,False,,
18038004,10,,es,הַ֝גֵּ֗ד,5,False,,
18038004,11,,kund,הַ֝גֵּ֗ד,5,False,,
18038004,12,,wenn,אִם־,6,False,,
18038004,13,,du,יָדַ֥עְתָּ,7,False,,
18038004,14,,Einsicht,בִינָֽה׃,8,False,,
18038004,15,,besitzest,בִינָֽה׃,8,False,,
18038005,1,,Wer,מִי־,1,False,,
18038005,2,,hat,שָׂ֣ם,2,False,,
18038005,3,,ihre,מְ֭מַדֶּיהָ,3,False,,
18038005,4,,Maße,מְ֭מַדֶּיהָ,3,False,,
18038005,5,,bestimmt,שָׂ֣ם,2,False,,
18038005,6,,wenn,כִּ֣י,4,False,,
18038005,7,,du,תֵדָ֑ע,5,False,,
18038005,8,,es,תֵדָ֑ע,5,True,,
18038005,9,,weißt,תֵדָ֑ע,5,False,,
18038005,10,,Oder,א֤וֹ,6,False,,
18038005,11,,wer,מִֽי־,7,False,,
18038005,12,,hat,נָטָ֖ה,8,False,,
18038005,13,,über,עָלֶ֣יהָ,9,False,,
18038005,14,,sie,עָלֶ֣יהָ,9,False,,
18038005,15,,die,קָּֽו׃,10,True,,
18038005,16,,Meßschnur,קָּֽו׃,10,False,,
18038005,17,,gezogen,נָטָ֖ה,8,False,,
18038006,1,,In,עַל־,1,False,,
18038006,2,,was,מָ֭ה,2,False,,
18038006,3,,wurden,הָטְבָּ֑עוּ,4,False,,
18038006,4,,ihre,אֲדָנֶ֣יהָ,3,False,,
18038006,5,,Grundfesten,אֲדָנֶ֣יהָ,3,False,,
18038006,6,,eingesenkt,הָטְבָּ֑עוּ,4,False,,
18038007,1,,Oder,א֥וֹ,5,False,,
18038007,2,,wer,מִֽי־,6,False,,
18038007,3,,hat,יָ֝רָ֗ה,7,False,,
18038007,4,,ihren,פִּנָּתָֽהּ׃,9,False,,
18038007,5,,Eckstein,אֶ֣בֶן,8,False,,
18038007,6,,gelegt,יָ֝רָ֗ה,7,False,,
18038007,7,,als,בְּרָן־,1,False,,
18038007,8,,die,כּ֣וֹכְבֵי,3,True,,
18038007,9,,Morgensterne,כּ֣וֹכְבֵי,3,False,,
18038007,10,,miteinander,יַ֭חַד,2,False,,
18038007,11,,jubelten,וַ֝יָּרִ֗יעוּ,5,False,,
18038007,12,,und,כָּל־,6,True,,
18038007,13,,alle,כָּל־,6,False,,
18038007,14,,Söhne,בְּנֵ֥י,7,False,,
18038007,15,,Gottes,אֱלֹהִֽים׃,8,False,,
18038007,16,,jauchzten,וַ֝יָּרִ֗יעוּ,5,False,,
18038008,1,,Und,וַיָּ֣סֶךְ,1,False,,
18038008,2,,wer,וַיָּ֣סֶךְ,1,False,,
18038008,3,,hat,וַיָּ֣סֶךְ,1,False,,
18038008,4,,das,בִּדְלָתַ֣יִם,2,True,,
18038008,5,,Meer,יָ֑ם,3,False,,
18038008,6,,mit,בִּדְלָתַ֣יִם,2,False,,
18038008,7,,Toren,בִּדְלָתַ֣יִם,2,False,,
18038008,8,,verschlossen,וַיָּ֣סֶךְ,1,False,,
18038008,9,,als,בְּ֝גִיח֗וֹ,4,False,,
18038008,10,,es,יֵצֵֽא׃,6,False,,
18038008,11,,ausbrach,בְּ֝גִיח֗וֹ,4,False,,
18038008,12,,hervorkam,יֵצֵֽא׃,6,False,,
18038008,13,,aus,מֵרֶ֥חֶם,5,False,,
18038008,14,,dem,מֵרֶ֥חֶם,5,True,,
18038008,15,,Mutterschoße,מֵרֶ֥חֶם,5,False,,
18038009,1,,als,בְּשׂוּמִ֣י,1,False,,
18038009,2,,ich,בְּשׂוּמִ֣י,1,False,,
18038009,3,,Gewölk,עָנָ֣ן,2,False,,
18038009,4,,zu,לְבֻשׁ֑וֹ,3,False,,
18038009,5,,seinem,לְבֻשׁ֑וֹ,3,False,,
18038009,6,,Gewande,לְבֻשׁ֑וֹ,3,False,,
18038009,7,,und,וַ֝עֲרָפֶ֗ל,4,False,,
18038009,8,,Wolkendunkel,וַ֝עֲרָפֶ֗ל,4,False,,
18038009,9,,zu,חֲתֻלָּתֽוֹ׃,5,False,,
18038009,10,,seiner,חֲתֻלָּתֽוֹ׃,5,False,,
18038009,11,,Windel,חֲתֻלָּתֽוֹ׃,5,False,,
18038009,12,,machte,בְּשׂוּמִ֣י,1,False,,
18038010,1,,und,וָאֶשְׁבֹּ֣ר,1,False,,
18038010,2,,ich,וָאֶשְׁבֹּ֣ר,1,False,,
18038010,3,,ihm,עָלָ֣יו,2,False,,
18038010,4,,meine,חֻקִּ֑י,3,False,,
18038010,5,,Grenze,חֻקִּ֑י,3,False,,
18038010,6,,bestimmte,וָאֶשְׁבֹּ֣ר,1,False,,
18038010,7,,und,וָֽ֝אָשִׂ֗ים,4,False,,
18038010,8,,Riegel,בְּרִ֣יחַ,5,False,,
18038010,9,,und,וּדְלָתָֽיִם׃,6,False,,
18038010,10,,Tore,וּדְלָתָֽיִם׃,6,False,,
18038010,11,,setzte,וָֽ֝אָשִׂ֗ים,4,False,,
18038011,1,,und,וָאֹמַ֗ר,1,False,,
18038011,2,,sprach,וָאֹמַ֗ר,1,False,,
18038011,3,,Bis,עַד־,2,False,,
18038011,4,,hierher,פֹּ֣ה,3,False,,
18038011,5,,sollst,תָ֭בוֹא,4,False,,
18038011,6,,du,תָ֭בוֹא,4,False,,
18038011,7,,kommen,תָ֭בוֹא,4,False,,
18038011,8,,und,וְלֹ֣א,5,False,,
18038011,9,,nicht,וְלֹ֣א,5,False,,
18038011,10,,weiter,תֹסִ֑יף,6,False,,
18038011,11,,und,וּפֹ֥א־,7,False,,
18038011,12,,hier,וּפֹ֥א־,7,False,,
18038011,13,,sei,יָ֝שִׁ֗ית,8,False,,
18038011,14,,eine,יָ֝שִׁ֗ית,8,True,,
18038011,15,,Schranke,יָ֝שִׁ֗ית,8,False,,
18038011,16,,gesetzt,יָ֝שִׁ֗ית,8,False,,
18038011,17,,dem,בִּגְא֥וֹן,9,False,,
18038011,18,,Trotze,בִּגְא֥וֹן,9,False,,
18038011,19,,deiner,גַּלֶּֽיךָ׃,10,False,,
18038011,20,,Wellen,גַּלֶּֽיךָ׃,10,False,,
18038012,1,,Hast,הְֽ֭מִיָּמֶיךָ,1,False,,
18038012,2,,du,הְֽ֭מִיָּמֶיךָ,1,False,,
18038012,3,,seitdem,הְֽ֭מִיָּמֶיךָ,1,False,,
18038012,4,,du,הְֽ֭מִיָּמֶיךָ,1,False,,
18038012,5,,lebst,הְֽ֭מִיָּמֶיךָ,1,False,,
18038012,6,,einem,בֹּ֑קֶר,3,False,,
18038012,7,,Morgen,בֹּ֑קֶר,3,False,,
18038012,8,,geboten,צִוִּ֣יתָ,2,False,,
18038012,9,,Hast,יִדַּ֖עְתָּ,4,False,,
18038012,10,,du,יִדַּ֖עְתָּ,4,False,,
18038012,11,,die,הַשַּׁ֣חַר,5,True,,
18038012,12,,Morgenröte,הַשַּׁ֣חַר,5,False,,
18038012,13,,ihre,מְקֹמֽוֹ׃,6,False,,
18038012,14,,Stätte,מְקֹמֽוֹ׃,6,False,,
18038012,15,,wissen,יִדַּ֖עְתָּ,4,False,,
18038012,16,,lassen,יִדַּ֖עְתָּ,4,False,,
18038013,1,,daß,לֶ֭אֱחֹז,1,False,,
18038013,2,,sie,לֶ֭אֱחֹז,1,False,,
18038013,3,,erfasse,לֶ֭אֱחֹז,1,False,,
18038013,4,,die,בְּכַנְפ֣וֹת,2,True,,
18038013,5,,Säume,בְּכַנְפ֣וֹת,2,False,,
18038013,6,,der,הָאָ֑רֶץ,3,True,,
18038013,7,,Erde,הָאָ֑רֶץ,3,False,,
18038013,8,,und,וְיִנָּעֲר֖וּ,4,False,,
18038013,9,,die,רְשָׁעִ֣ים,5,True,,
18038013,10,,Gesetzlosen,רְשָׁעִ֣ים,5,False,,
18038013,11,,von,מִמֶּֽנָּה׃,6,False,,
18038013,12,,ihr,מִמֶּֽנָּה׃,6,False,,
18038013,13,,verscheucht,וְיִנָּעֲר֖וּ,4,False,,
18038013,14,,werden,וְיִנָּעֲר֖וּ,4,False,,
18038014,1,,Sie,תִּ֭תְהַפֵּךְ,1,False,,
18038014,2,,verwandelt,תִּ֭תְהַפֵּךְ,1,False,,
18038014,3,,sich,תִּ֭תְהַפֵּךְ,1,False,,
18038014,4,,wie,כְּחֹ֣מֶר,2,False,,
18038014,5,,Siegelton,כְּחֹ֣מֶר,2,False,,
18038014,5,,Siegelton,חוֹתָ֑ם,3,False,,
18038014,6,,und,וְ֝יִֽתְיַצְּב֗וּ,4,False,,
18038014,7,,alles,וְ֝יִֽתְיַצְּב֗וּ,4,False,,
18038014,8,,steht,וְ֝יִֽתְיַצְּב֗וּ,4,False,,
18038014,9,,da,וְ֝יִֽתְיַצְּב֗וּ,4,False,,
18038014,10,,wie,כְּמ֣וֹ,5,False,,
18038014,11,,in,לְבֽוּשׁ׃,6,False,,
18038014,12,,einem,לְבֽוּשׁ׃,6,True,,
18038014,13,,Gewande,לְבֽוּשׁ׃,6,False,,
18038015,1,,und,וְיִמָּנַ֣ע,1,False,,
18038015,2,,den,מֵרְשָׁעִ֣ים,2,True,,
18038015,3,,Gesetzlosen,מֵרְשָׁעִ֣ים,2,False,,
18038015,4,,wird,וְיִמָּנַ֣ע,1,False,,
18038015,5,,ihr,אוֹרָ֑ם,3,False,,
18038015,6,,Licht,אוֹרָ֑ם,3,False,,
18038015,7,,entzogen,וְיִמָּנַ֣ע,1,False,,
18038015,8,,und,וּזְר֥וֹעַ,4,False,,
18038015,9,,der,וּזְר֥וֹעַ,4,True,,
18038015,10,,erhobene,רָ֝מָ֗ה,5,False,,
18038015,11,,Arm,וּזְר֥וֹעַ,4,False,,
18038015,12,,wird,תִּשָּׁבֵֽר׃,6,False,,
18038015,13,,zerbrochen,תִּשָּׁבֵֽר׃,6,False,,
18038016,1,,Bist,הֲ֭בָאתָ,1,False,,
18038016,2,,du,הֲ֭בָאתָ,1,False,,
18038016,3,,gekommen,הֲ֭בָאתָ,1,False,,
18038016,4,,bis,עַד־,2,False,,
18038016,5,,zu,נִבְכֵי־,3,False,,
18038016,6,,den,נִבְכֵי־,3,True,,
18038016,7,,Quellen,נִבְכֵי־,3,False,,
18038016,8,,des,יָ֑ם,4,True,,
18038016,9,,Meeres,יָ֑ם,4,False,,
18038016,10,,und,וּבְחֵ֥קֶר,5,False,,
18038016,11,,hast,הִתְהַלָּֽכְתָּ׃,7,False,,
18038016,12,,du,הִתְהַלָּֽכְתָּ׃,7,False,,
18038016,13,,die,תְּ֝ה֗וֹם,6,True,,
18038016,14,,Gründe,תְּ֝ה֗וֹם,6,False,,
18038016,15,,der,תְּ֝ה֗וֹם,6,True,,
18038016,16,,Tiefe,תְּ֝ה֗וֹם,6,False,,
18038016,17,,durchwandelt,הִתְהַלָּֽכְתָּ׃,7,False,,
18038017,1,,Wurden,הֲנִגְל֣וּ,1,False,,
18038017,2,,dir,לְ֭ךָ,2,False,,
18038017,3,,die,שַׁעֲרֵי־,3,True,,
18038017,4,,Pforten,שַׁעֲרֵי־,3,False,,
18038017,5,,des,מָ֑וֶת,4,True,,
18038017,6,,Todes,מָ֑וֶת,4,False,,
18038017,7,,enthüllt,הֲנִגְל֣וּ,1,False,,
18038017,8,,und,וְשַׁעֲרֵ֖י,5,False,,
18038017,9,,sahest,תִּרְאֶֽה׃,7,False,,
18038017,10,,du,תִּרְאֶֽה׃,7,False,,
18038017,11,,die,וְשַׁעֲרֵ֖י,5,True,,
18038017,12,,Pforten,וְשַׁעֲרֵ֖י,5,False,,
18038017,13,,des,צַלְמָ֣וֶת,6,True,,
18038017,14,,Todesschattens,צַלְמָ֣וֶת,6,False,,
18038018,1,,Hast,הִ֭תְבֹּנַנְתָּ,1,False,,
18038018,2,,du,הִ֭תְבֹּנַנְתָּ,1,False,,
18038018,3,,Einsicht,הִ֭תְבֹּנַנְתָּ,1,False,,
18038018,4,,genommen,הִ֭תְבֹּנַנְתָּ,1,False,,
18038018,5,,in,עַד־,2,False,,
18038018,6,,die,רַחֲבֵי־,3,True,,
18038018,7,,Breiten,רַחֲבֵי־,3,False,,
18038018,8,,der,אָ֑רֶץ,4,True,,
18038018,9,,Erde,אָ֑רֶץ,4,False,,
18038018,10,,Sage,הַ֝גֵּ֗ד,5,False,,
18038018,11,,an,הַ֝גֵּ֗ד,5,False,,
18038018,12,,wenn,אִם־,6,False,,
18038018,13,,du,יָדַ֥עְתָּ,7,False,,
18038018,14,,es,יָדַ֥עְתָּ,7,False,,
18038018,15,,alles,כֻלָּֽהּ׃,8,False,,
18038018,16,,weißt,יָדַ֥עְתָּ,7,False,,
18038019,1,,Welches,אֵי־,1,False,,
18038019,2,,ist,זֶ֣ה,2,False,,
18038019,3,,der,הַ֭דֶּרֶךְ,3,True,,
18038019,4,,Weg,הַ֭דֶּרֶךְ,3,False,,
18038019,5,,zur,יִשְׁכָּן־,4,False,,
18038019,6,,Wohnung,יִשְׁכָּן־,4,False,,
18038019,7,,des,א֑וֹר,5,True,,
18038019,8,,Lichtes,א֑וֹר,5,False,,
18038019,9,,und,וְ֝חֹ֗שֶׁךְ,6,False,,
18038019,10,,die,וְ֝חֹ֗שֶׁךְ,6,True,,
18038019,11,,Finsternis,וְ֝חֹ֗שֶׁךְ,6,False,,
18038019,12,,wo,אֵי־,7,False,,
18038019,13,,ist,זֶ֥ה,8,False,,
18038019,14,,ihre,מְקֹמֽוֹ׃,9,False,,
18038019,15,,Stätte,מְקֹמֽוֹ׃,9,False,,
18038020,1,,daß,כִּ֣י,1,False,,
18038020,2,,du,תִ֭קָּחֶנּוּ,2,False,,
18038020,3,,sie,תִ֭קָּחֶנּוּ,2,False,,
18038020,4,,hinbrächtest,תִ֭קָּחֶנּוּ,2,False,,
18038020,5,,zu,אֶל־,3,False,,
18038020,6,,ihrer,גְּבוּל֑וֹ,4,False,,
18038020,7,,Grenze,גְּבוּל֑וֹ,4,False,,
18038020,8,,und,וְכִֽי־,5,False,,
18038020,9,,daß,וְכִֽי־,5,False,,
18038020,10,,du,תָ֝בִ֗ין,6,False,,
18038020,11,,der,נְתִיב֥וֹת,7,True,,
18038020,12,,Pfade,נְתִיב֥וֹת,7,False,,
18038020,13,,zu,בֵּיתֽוֹ׃,8,False,,
18038020,14,,ihrem,בֵּיתֽוֹ׃,8,False,,
18038020,15,,Hause,בֵּיתֽוֹ׃,8,False,,
18038020,16,,kundig,תָ֝בִ֗ין,6,False,,
18038020,17,,wärest,תָ֝בִ֗ין,6,False,,
18038021,1,,Du,יָ֭דַעְתָּ,1,False,,
18038021,2,,weißt,יָ֭דַעְתָּ,1,False,,
18038021,3,,es,יָ֭דַעְתָּ,1,False,,
18038021,4,,ja,כִּי־,2,True,,
18038021,5,,denn,כִּי־,2,False,,
18038021,6,,damals,אָ֣ז,3,False,,
18038021,7,,wurdest,תִּוָּלֵ֑ד,4,False,,
18038021,8,,du,תִּוָּלֵ֑ד,4,False,,
18038021,9,,geboren,תִּוָּלֵ֑ד,4,False,,
18038021,10,,und,וּמִסְפַּ֖ר,5,False,,
18038021,11,,die,וּמִסְפַּ֖ר,5,True,,
18038021,12,,Zahl,וּמִסְפַּ֖ר,5,False,,
18038021,13,,deiner,יָמֶ֣יךָ,6,False,,
18038021,14,,Tage,יָמֶ֣יךָ,6,False,,
18038021,15,,ist,רַבִּֽים׃,7,False,,
18038021,16,,groß,רַבִּֽים׃,7,False,,
18038022,1,,Bist,הֲ֭בָאתָ,1,False,,
18038022,2,,du,הֲ֭בָאתָ,1,False,,
18038022,3,,zu,אֶל־,2,False,,
18038022,4,,den,אֹצְר֣וֹת,3,True,,
18038022,5,,Vorräten,אֹצְר֣וֹת,3,False,,
18038022,6,,des,שָׁ֑לֶג,4,True,,
18038022,7,,Schnees,שָׁ֑לֶג,4,False,,
18038022,8,,gekommen,הֲ֭בָאתָ,1,False,,
18038022,9,,und,וְאֹצְר֖וֹת,5,False,,
18038022,10,,hast,תִּרְאֶֽה׃,7,False,,
18038022,11,,du,תִּרְאֶֽה׃,7,False,,
18038022,12,,gesehen,תִּרְאֶֽה׃,7,False,,
18038022,13,,die,וְאֹצְר֖וֹת,5,True,,
18038022,14,,Vorräte,וְאֹצְר֖וֹת,5,False,,
18038022,15,,des,בָּרָ֣ד,6,True,,
18038022,16,,Hagels,בָּרָ֣ד,6,False,,
18038023,1,,die,אֲשֶׁר־,1,False,,
18038023,2,,ich,חָשַׂ֥כְתִּי,2,False,,
18038023,3,,aufgespart,חָשַׂ֥כְתִּי,2,False,,
18038023,4,,habe,חָשַׂ֥כְתִּי,2,False,,
18038023,5,,für,לְעֶת־,3,False,,
18038023,6,,die,לְעֶת־,3,True,,
18038023,7,,Zeit,לְעֶת־,3,False,,
18038023,8,,der,צָ֑ר,4,True,,
18038023,9,,Bedrängnis,צָ֑ר,4,False,,
18038023,10,,für,לְי֥וֹם,5,False,,
18038023,11,,den,לְי֥וֹם,5,True,,
18038023,12,,Tag,לְי֥וֹם,5,False,,
18038023,13,,des,קְ֝רָ֗ב,6,True,,
18038023,14,,Kampfes,קְ֝רָ֗ב,6,False,,
18038023,15,,und,וּמִלְחָמָֽה׃,7,False,,
18038023,16,,der,וּמִלְחָמָֽה׃,7,True,,
18038023,17,,Schlacht,וּמִלְחָמָֽה׃,7,False,,
18038024,1,,Welches,אֵי־,1,False,,
18038024,2,,ist,זֶ֣ה,2,False,,
18038024,3,,der,הַ֭דֶּרֶךְ,3,True,,
18038024,4,,Weg,הַ֭דֶּרֶךְ,3,False,,
18038024,5,,auf,יֵחָ֣לֶק,4,False,,
18038024,6,,dem,יֵחָ֣לֶק,4,False,,
18038024,7,,das,א֑וֹר,5,True,,
18038024,8,,Licht,א֑וֹר,5,False,,
18038024,9,,sich,יֵחָ֣לֶק,4,False,,
18038024,10,,verteilt,יֵחָ֣לֶק,4,False,,
18038024,11,,der,יָפֵ֖ץ,6,True,,
18038024,12,,Ostwind,יָפֵ֖ץ,6,False,,
18038024,13,,sich,יָפֵ֖ץ,6,False,,
18038024,14,,verbreitet,יָפֵ֖ץ,6,False,,
18038024,15,,über,עֲלֵי־,8,False,,
18038024,16,,die,עֲלֵי־,8,True,,
18038024,17,,Erde,עֲלֵי־,8,False,,
18038025,1,,Wer,מִֽי־,1,False,,
18038025,2,,teilt,פִלַּ֣ג,2,False,,
18038025,3,,der,לַשֶּׁ֣טֶף,3,True,,
18038025,4,,Regenflut,לַשֶּׁ֣טֶף,3,False,,
18038025,5,,Kanäle,תְּעָלָ֑ה,4,False,,
18038025,6,,ab,פִלַּ֣ג,2,False,,
18038025,7,,und,וְ֝דֶ֗רֶךְ,5,False,,
18038025,8,,einen,וְ֝דֶ֗רֶךְ,5,True,,
18038025,9,,Weg,וְ֝דֶ֗רֶךְ,5,False,,
18038025,10,,dem,לַחֲזִ֥יז,6,True,,
18038025,11,,Donnerstrahle,לַחֲזִ֥יז,6,False,,
18038026,1,,um,לְ֭הַמְטִיר,1,False,,
18038026,2,,regnen,לְ֭הַמְטִיר,1,False,,
18038026,3,,zu,לְ֭הַמְטִיר,1,False,,
18038026,4,,lassen,לְ֭הַמְטִיר,1,False,,
18038026,5,,auf,עַל־,2,False,,
18038026,6,,ein,אֶ֣רֶץ,3,True,,
18038026,7,,Land,אֶ֣רֶץ,3,False,,
18038026,8,,ohne,לֹא־,4,False,,
18038026,9,,Menschen,אִ֑ישׁ,5,False,,
18038026,10,,auf,מִ֝דְבָּ֗ר,6,False,,
18038026,11,,die,לֹא־,7,True,,
18038026,12,,Wüste,מִ֝דְבָּ֗ר,6,False,,
18038026,13,,in,בּֽוֹ׃,9,False,,
18038026,14,,welcher,בּֽוֹ׃,9,False,,
18038026,15,,kein,לֹא־,7,False,,
18038026,16,,Mensch,אָדָ֥ם,8,False,,
18038026,17,,ist,בּֽוֹ׃,9,False,,
18038027,1,,um,לְהַשְׂבִּ֣יעַ,1,False,,
18038027,2,,zu,לְהַשְׂבִּ֣יעַ,1,False,,
18038027,3,,sättigen,לְהַשְׂבִּ֣יעַ,1,False,,
18038027,4,,die,שֹׁ֭אָה,2,True,,
18038027,5,,Öde,שֹׁ֭אָה,2,False,,
18038027,6,,und,וּמְשֹׁאָ֑ה,3,False,,
18038027,7,,Verödung,וּמְשֹׁאָ֑ה,3,False,,
18038027,8,,und,וּ֝לְהַצְמִ֗יחַ,4,False,,
18038027,9,,um,וּ֝לְהַצְמִ֗יחַ,4,False,,
18038027,10,,hervorsprießen,וּ֝לְהַצְמִ֗יחַ,4,False,,
18038027,11,,zu,וּ֝לְהַצְמִ֗יחַ,4,False,,
18038027,12,,lassen,וּ֝לְהַצְמִ֗יחַ,4,False,,
18038027,13,,die,מֹ֣צָא,5,True,,
18038027,14,,Triebe,מֹ֣צָא,5,False,,
18038027,15,,des,דֶֽשֶׁא׃,6,True,,
18038027,16,,Grases,דֶֽשֶׁא׃,6,False,,
18038028,1,,Hat,הֲיֵשׁ־,1,False,,
18038028,2,,der,לַמָּטָ֥ר,2,True,,
18038028,3,,Regen,לַמָּטָ֥ר,2,False,,
18038028,4,,einen,אָ֑ב,3,True,,
18038028,5,,Vater,אָ֑ב,3,False,,
18038028,6,,oder,א֥וֹ,4,False,,
18038028,7,,wer,מִי־,5,False,,
18038028,8,,zeugt,ה֝וֹלִ֗יד,6,False,,
18038028,9,,die,אֶגְלֵי־,7,True,,
18038028,10,,Tropfen,אֶגְלֵי־,7,False,,
18038028,11,,des,טָֽל׃,8,True,,
18038028,12,,Taues,טָֽל׃,8,False,,
18038029,1,,Aus,מִבֶּ֣טֶן,1,False,,
18038029,2,,wessen,מִ֭י,2,False,,
18038029,3,,Schoße,מִבֶּ֣טֶן,1,False,,
18038029,4,,kommt,יָצָ֣א,3,False,,
18038029,5,,das,הַקָּ֑רַח,4,True,,
18038029,6,,Eis,הַקָּ֑רַח,4,False,,
18038029,7,,hervor,יָצָ֣א,3,False,,
18038029,8,,und,וּכְפֹ֥ר,5,False,,
18038029,9,,des,שָׁ֝מַיִם,6,True,,
18038029,10,,Himmels,שָׁ֝מַיִם,6,False,,
18038029,11,,Reif,וּכְפֹ֥ר,5,False,,
18038029,12,,wer,מִ֣י,7,False,,
18038029,13,,gebiert,יְלָדֽוֹ׃,8,False,,
18038029,14,,ihn,יְלָדֽוֹ׃,8,False,,
18038030,1,,Wie,כָּ֭אֶבֶן,1,False,,
18038030,2,,das,מַ֣יִם,2,True,,
18038030,3,,Gestein,כָּ֭אֶבֶן,1,False,,
18038030,4,,verdichten,יִתְחַבָּ֑אוּ,3,False,,
18038030,5,,sich,יִתְחַבָּ֑אוּ,3,False,,
18038030,6,,die,מַ֣יִם,2,True,,
18038030,7,,Wasser,מַ֣יִם,2,False,,
18038030,8,,und,וּפְנֵ֥י,4,False,,
18038030,9,,die,וּפְנֵ֥י,4,True,,
18038030,10,,Fläche,וּפְנֵ֥י,4,False,,
18038030,11,,der,תְ֝ה֗וֹם,5,True,,
18038030,12,,Tiefe,תְ֝ה֗וֹם,5,False,,
18038030,13,,schließt,יִתְלַכָּֽדוּ׃,6,False,,
18038030,14,,sich,יִתְלַכָּֽדוּ׃,6,False,,
18038030,15,,zusammen,יִתְלַכָּֽדוּ׃,6,False,,
18038031,1,,Kannst,הַֽ֭תְקַשֵּׁר,1,False,,
18038031,2,,du,הַֽ֭תְקַשֵּׁר,1,False,,
18038031,3,,knüpfen,הַֽ֭תְקַשֵּׁר,1,False,,
18038031,4,,das,מַעֲדַנּ֣וֹת,2,True,,
18038031,5,,Gebinde,מַעֲדַנּ֣וֹת,2,False,,
18038031,6,,des,כִּימָ֑ה,3,True,,
18038031,7,,Siebengestirns,כִּימָ֑ה,3,False,,
18038031,8,,oder,אֽוֹ־,4,False,,
18038031,9,,lösen,תְּפַתֵּֽחַ׃,7,False,,
18038031,10,,die,מֹשְׁכ֖וֹת,5,True,,
18038031,11,,Fesseln,מֹשְׁכ֖וֹת,5,False,,
18038031,12,,des,כְּסִ֣יל,6,True,,
18038031,13,,Orion,כְּסִ֣יל,6,False,,
18038032,1,,Kannst,הֲתֹצִ֣יא,1,False,,
18038032,2,,du,הֲתֹצִ֣יא,1,False,,
18038032,3,,die,מַזָּר֣וֹת,2,True,,
18038032,4,,Bilder,מַזָּר֣וֹת,2,False,,
18038032,5,,des,בְּעִתּ֑וֹ,3,True,,
18038032,6,,Tierkreises,בְּעִתּ֑וֹ,3,False,,
18038032,7,,hervortreten,הֲתֹצִ֣יא,1,False,,
18038032,8,,lassen,הֲתֹצִ֣יא,1,False,,
18038032,9,,zu,בְּעִתּ֑וֹ,3,False,,
18038032,10,,ihrer,בְּעִתּ֑וֹ,3,False,,
18038032,11,,Zeit,בְּעִתּ֑וֹ,3,False,,
18038032,12,,und,וְ֝עַ֗יִשׁ,4,False,,
18038032,13,,den,וְ֝עַ֗יִשׁ,4,True,,
18038032,14,,großen,וְ֝עַ֗יִשׁ,4,True,,
18038032,15,,Bären,וְ֝עַ֗יִשׁ,4,False,,
18038032,16,,leiten,תַנְחֵֽם׃,7,False,,
18038032,17,,samt,עַל־,5,False,,
18038032,18,,seinen,בָּנֶ֥יהָ,6,False,,
18038032,19,,Kindern,בָּנֶ֥יהָ,6,False,,
18038033,1,,Kennst,הֲ֭יָדַעְתָּ,1,False,,
18038033,2,,du,הֲ֭יָדַעְתָּ,1,False,,
18038033,3,,die,חֻקּ֣וֹת,2,True,,
18038033,4,,Gesetze,חֻקּ֣וֹת,2,False,,
18038033,5,,des,שָׁמָ֑יִם,3,True,,
18038033,6,,Himmels,שָׁמָ֑יִם,3,False,,
18038033,7,,oder,אִם־,4,False,,
18038033,8,,bestimmst,תָּשִׂ֖ים,5,False,,
18038033,9,,du,תָּשִׂ֖ים,5,False,,
18038033,10,,seine,מִשְׁטָר֣וֹ,6,False,,
18038033,11,,Herrschaft,מִשְׁטָר֣וֹ,6,False,,
18038033,12,,über,בָאָֽרֶץ׃,7,False,,
18038033,13,,die,בָאָֽרֶץ׃,7,True,,
18038033,14,,Erde,בָאָֽרֶץ׃,7,False,,
18038034,1,,Kannst,הֲתָרִ֣ים,1,False,,
18038034,2,,du,הֲתָרִ֣ים,1,False,,
18038034,3,,deine,קוֹלֶ֑ךָ,3,False,,
18038034,4,,Stimme,קוֹלֶ֑ךָ,3,False,,
18038034,5,,zum,לָעָ֣ב,2,False,,
18038034,6,,Gewölk,לָעָ֣ב,2,False,,
18038034,7,,erheben,הֲתָרִ֣ים,1,False,,
18038034,8,,daß,וְֽשִׁפְעַת־,4,False,,
18038034,9,,eine,וְֽשִׁפְעַת־,4,True,,
18038034,10,,Menge,וְֽשִׁפְעַת־,4,False,,
18038034,11,,Wassers,מַ֥יִם,5,False,,
18038034,12,,dich,תְּכַסֶּֽךָּ׃,6,False,,
18038034,13,,bedecke,תְּכַסֶּֽךָּ׃,6,False,,
18038035,1,,Kannst,הַֽתְשַׁלַּ֣ח,1,False,,
18038035,2,,du,הַֽתְשַׁלַּ֣ח,1,False,,
18038035,3,,Blitze,בְּרָקִ֣ים,2,False,,
18038035,4,,entsenden,הַֽתְשַׁלַּ֣ח,1,False,,
18038035,5,,daß,וְיֵלֵ֑כוּ,3,False,,
18038035,6,,sie,וְיֵלֵ֑כוּ,3,False,,
18038035,7,,hinfahren,וְיֵלֵ֑כוּ,3,False,,
18038035,8,,daß,וְיֹאמְר֖וּ,4,False,,
18038035,9,,sie,וְיֹאמְר֖וּ,4,False,,
18038035,10,,zu,לְךָ֣,5,False,,
18038035,11,,dir,לְךָ֣,5,False,,
18038035,12,,sagen,וְיֹאמְר֖וּ,4,False,,
18038035,13,,Hier,הִנֵּֽנוּ׃,6,False,,
18038035,14,,sind,הִנֵּֽנוּ׃,6,False,,
18038035,15,,wir,הִנֵּֽנוּ׃,6,False,,
18038035,16,,,הִנֵּֽנוּ׃,6,True,,
18038036,1,,Wer,מִי־,1,False,,
18038036,2,,hat,שָׁ֭ת,2,False,,
18038036,3,,Weisheit,חָכְמָ֑ה,4,False,,
18038036,4,,in,בַּטֻּח֣וֹת,3,False,,
18038036,5,,die,בַּטֻּח֣וֹת,3,True,,
18038036,6,,Nieren,בַּטֻּח֣וֹת,3,False,,
18038036,7,,gelegt,שָׁ֭ת,2,False,,
18038036,8,,oder,א֤וֹ,5,False,,
18038036,9,,wer,מִֽי־,6,False,,
18038036,10,,hat,נָתַ֖ן,7,False,,
18038036,11,,dem,לַשֶּׂ֣כְוִי,8,False,,
18038036,12,,Geiste,לַשֶּׂ֣כְוִי,8,False,,
18038036,13,,Verstand,בִינָֽה׃,9,False,,
18038036,14,,gegeben,נָתַ֖ן,7,False,,
18038037,1,,Wer,מִֽי־,1,False,,
18038037,2,,zählt,יְסַפֵּ֣ר,2,False,,
18038037,3,,die,שְׁחָקִ֣ים,3,True,,
18038037,4,,Wolken,שְׁחָקִ֣ים,3,False,,
18038037,5,,mit,בְּחָכְמָ֑ה,4,False,,
18038037,6,,Weisheit,בְּחָכְמָ֑ה,4,False,,
18038037,7,,und,וְנִבְלֵ֥י,5,False,,
18038037,8,,des,שָׁ֝מַ֗יִם,6,False,,
18038037,9,,Himmels,שָׁ֝מַ֗יִם,6,False,,
18038037,10,,Schläuche,וְנִבְלֵ֥י,5,False,,
18038037,11,,wer,מִ֣י,7,False,,
18038037,12,,gießt,יַשְׁכִּֽיב׃,8,False,,
18038037,13,,sie,יַשְׁכִּֽיב׃,8,False,,
18038037,14,,aus,יַשְׁכִּֽיב׃,8,False,,
18038038,1,,wenn,בְּצֶ֣קֶת,1,False,,
18038038,2,,der,עָ֭פָר,2,True,,
18038038,3,,Staub,עָ֭פָר,2,False,,
18038038,4,,zu,לַמּוּצָ֑ק,3,False,,
18038038,5,,dichtem,לַמּוּצָ֑ק,3,False,,
18038038,6,,Gusse,לַמּוּצָ֑ק,3,False,,
18038038,7,,zusammenfließt,יְדֻבָּֽקוּ׃,5,False,,
18038038,8,,und,וּרְגָבִ֥ים,4,False,,
18038038,9,,die,וּרְגָבִ֥ים,4,True,,
18038038,10,,Schollen,וּרְגָבִ֥ים,4,False,,
18038038,11,,aneinander,יְדֻבָּֽקוּ׃,5,False,,
18038038,12,,kleben,יְדֻבָּֽקוּ׃,5,False,,
18038039,1,,Erjagst,הֲתָצ֣וּד,1,False,,
18038039,2,,du,הֲתָצ֣וּד,1,False,,
18038039,3,,der,לְלָבִ֣יא,2,True,,
18038039,4,,Löwin,לְלָבִ֣יא,2,False,,
18038039,5,,den,טָ֑רֶף,3,True,,
18038039,6,,Raub,טָ֑רֶף,3,False,,
18038039,7,,und,תְּמַלֵּֽא׃,6,False,,
18038039,8,,stillst,תְּמַלֵּֽא׃,6,False,,
18038039,9,,du,תְּמַלֵּֽא׃,6,False,,
18038039,10,,die,וְחַיַּ֖ת,4,True,,
18038039,11,,Gier,וְחַיַּ֖ת,4,False,,
18038039,12,,der,כְּפִירִ֣ים,5,False,,
18038039,13,,jungen,כְּפִירִ֣ים,5,False,,
18038039,14,,Löwen,כְּפִירִ֣ים,5,False,,
18038040,1,,wenn,כִּי־,1,False,,
18038040,2,,sie,יָשֹׁ֥חוּ,2,False,,
18038040,3,,in,בַמְּעוֹנ֑וֹת,3,False,,
18038040,4,,den,בַמְּעוֹנ֑וֹת,3,True,,
18038040,5,,Höhlen,בַמְּעוֹנ֑וֹת,3,False,,
18038040,6,,kauern,יָשֹׁ֥חוּ,2,False,,
18038040,7,,im,בַסֻּכָּ֣ה,5,False,,
18038040,8,,Dickicht,בַסֻּכָּ֣ה,5,False,,
18038040,9,,auf,לְמוֹ־,6,False,,
18038040,10,,der,לְמוֹ־,6,True,,
18038040,11,,Lauer,לְמוֹ־,6,False,,
18038040,12,,sitzen,יֵשְׁב֖וּ,4,False,,
18038041,1,,Wer,מִ֤י,1,False,,
18038041,2,,bereitet,יָכִ֥ין,2,False,,
18038041,3,,dem,לָעֹרֵ֗ב,3,False,,
18038041,4,,Raben,לָעֹרֵ֗ב,3,False,,
18038041,5,,seine,צֵ֫יד֥וֹ,4,False,,
18038041,6,,Speise,צֵ֫יד֥וֹ,4,False,,
18038041,7,,wenn,כִּֽי־,5,False,,
18038041,8,,seine,יְ֭לָדָיו,6,False,,
18038041,9,,Jungen,יְ֭לָדָיו,6,False,,
18038041,10,,zu,אֶל־,7,False,,
18038041,11,,Gott,אֵ֣ל,8,False,,
18038041,12,,schreien,יְשַׁוֵּ֑עוּ,9,False,,
18038041,13,,umherirren,יִ֝תְע֗וּ,10,False,,
18038041,14,,ohne,לִבְלִי־,11,False,,
18038041,15,,Nahrung,אֹֽכֶל׃,12,False,,
18039001,1,,Weißt,הֲיָדַ֗עְתָּ,1,False,,
18039001,2,,du,הֲיָדַ֗עְתָּ,1,False,,
18039001,3,,die,עֵ֭ת,2,True,,
18039001,4,,Gebärzeit,עֵ֭ת,2,False,,
18039001,5,,der,יַעֲלֵי־,4,False,,
18039001,6,,Steinböcke,סָ֑לַע,5,False,,
18039001,7,,Beobachtest,תִּשְׁמֹֽר׃,8,False,,
18039001,8,,du,תִּשְׁמֹֽר׃,8,False,,
18039001,9,,das,חֹלֵ֖ל,6,True,,
18039001,10,,Kreißen,חֹלֵ֖ל,6,False,,
18039001,11,,der,אַיָּל֣וֹת,7,False,,
18039001,12,,Hindinnen,אַיָּל֣וֹת,7,False,,
18039002,1,,Zählst,תִּסְפֹּ֣ר,1,False,,
18039002,2,,du,תִּסְפֹּ֣ר,1,False,,
18039002,3,,die,יְרָחִ֣ים,2,True,,
18039002,4,,Monde,יְרָחִ֣ים,2,False,,
18039002,5,,die,תְּמַלֶּ֑אנָה,3,False,,
18039002,6,,sie,תְּמַלֶּ֑אנָה,3,False,,
18039002,7,,erfüllen,תְּמַלֶּ֑אנָה,3,False,,
18039002,8,,und,וְ֝יָדַ֗עְתָּ,4,False,,
18039002,9,,weißt,וְ֝יָדַ֗עְתָּ,4,False,,
18039002,10,,du,וְ֝יָדַ֗עְתָּ,4,False,,
18039002,11,,die,עֵ֣ת,5,True,,
18039002,12,,Zeit,עֵ֣ת,5,False,,
18039002,13,,ihres,לִדְתָּֽנָה׃,6,False,,
18039002,14,,Gebärens,לִדְתָּֽנָה׃,6,False,,
18039003,1,,Sie,תִּ֭כְרַעְנָה,1,False,,
18039003,2,,krümmen,תִּ֭כְרַעְנָה,1,False,,
18039003,3,,sich,תִּ֭כְרַעְנָה,1,False,,
18039003,4,,lassen,תְּשַׁלַּֽחְנָה׃,5,False,,
18039003,5,,ihre,יַלְדֵיהֶ֣ן,2,False,,
18039003,6,,Jungen,יַלְדֵיהֶ֣ן,2,False,,
18039003,7,,durchbrechen,תְּפַלַּ֑חְנָה,3,False,,
18039003,8,,entledigen,תְּשַׁלַּֽחְנָה׃,5,False,,
18039003,9,,sich,תְּשַׁלַּֽחְנָה׃,5,False,,
18039003,10,,ihrer,חֶבְלֵיהֶ֥ם,4,False,,
18039003,11,,Wehen,חֶבְלֵיהֶ֥ם,4,False,,
18039004,1,,Ihre,בְ֭נֵיהֶם,2,False,,
18039004,2,,Kinder,בְ֭נֵיהֶם,2,False,,
18039004,3,,werden,יַחְלְמ֣וּ,1,False,,
18039004,4,,stark,יַחְלְמ֣וּ,1,False,,
18039004,5,,wachsen,יִרְבּ֣וּ,3,False,,
18039004,6,,auf,בַבָּ֑ר,4,False,,
18039004,7,,im,בַבָּ֑ר,4,False,,
18039004,8,,Freien,בַבָּ֑ר,4,False,,
18039004,9,,sie,יָ֝צְא֗וּ,5,False,,
18039004,10,,gehen,יָ֝צְא֗וּ,5,False,,
18039004,11,,aus,יָ֝צְא֗וּ,5,False,,
18039004,12,,und,וְלֹא־,6,False,,
18039004,13,,kehren,שָׁ֥בוּ,7,False,,
18039004,14,,nicht,וְלֹא־,6,False,,
18039004,15,,zu,לָֽמוֹ׃,8,False,,
18039004,16,,ihnen,לָֽמוֹ׃,8,False,,
18039004,17,,zurück,לָֽמוֹ׃,8,False,,
18039005,1,,Wer,מִֽי־,1,False,,
18039005,2,,hat,שִׁלַּ֣ח,2,False,,
18039005,3,,den,פֶּ֣רֶא,3,True,,
18039005,4,,Wildesel,פֶּ֣רֶא,3,False,,
18039005,5,,frei,חָפְשִׁ֑י,4,False,,
18039005,6,,entsandt,שִׁלַּ֣ח,2,False,,
18039005,7,,und,וּמֹסְר֥וֹת,5,False,,
18039005,8,,wer,מִ֣י,7,False,,
18039005,9,,gelöst,פִתֵּֽחַ׃,8,False,,
18039005,10,,die,וּמֹסְר֥וֹת,5,True,,
18039005,11,,Bande,וּמֹסְר֥וֹת,5,False,,
18039005,12,,des,עָ֝ר֗וֹד,6,False,,
18039005,13,,Wildlings,עָ֝ר֗וֹד,6,False,,
18039006,1,,zu,אֲשֶׁר־,1,False,,
18039006,2,,dessen,בֵית֑וֹ,4,False,,
18039006,3,,Hause,בֵית֑וֹ,4,False,,
18039006,4,,ich,שַׂ֣מְתִּי,2,False,,
18039006,5,,die,עֲרָבָ֣ה,3,True,,
18039006,6,,Steppe,עֲרָבָ֣ה,3,False,,
18039006,7,,gemacht,שַׂ֣מְתִּי,2,False,,
18039006,8,,und,וּֽמִשְׁכְּנוֹתָ֥יו,5,False,,
18039006,9,,zu,וּֽמִשְׁכְּנוֹתָ֥יו,5,False,,
18039006,10,,seinen,וּֽמִשְׁכְּנוֹתָ֥יו,5,False,,
18039006,11,,Wohnungen,וּֽמִשְׁכְּנוֹתָ֥יו,5,False,,
18039006,12,,das,מְלֵֽחָה׃,6,True,,
18039006,13,,Salzland,מְלֵֽחָה׃,6,False,,
18039007,1,,Er,יִ֭שְׂחַק,1,False,,
18039007,2,,lacht,יִ֭שְׂחַק,1,False,,
18039007,3,,des,לַהֲמ֣וֹן,2,False,,
18039007,4,,Getümmels,לַהֲמ֣וֹן,2,False,,
18039007,5,,der,קִרְיָ֑ה,3,True,,
18039007,6,,Stadt,קִרְיָ֑ה,3,False,,
18039007,7,,das,תְּשֻׁא֥וֹת,4,True,,
18039007,8,,Geschrei,תְּשֻׁא֥וֹת,4,False,,
18039007,9,,des,נ֝וֹגֵ֗שׂ,5,False,,
18039007,10,,Treibers,נ֝וֹגֵ֗שׂ,5,False,,
18039007,11,,hört,יִשְׁמָֽע׃,7,False,,
18039007,12,,er,יִשְׁמָֽע׃,7,False,,
18039007,13,,nicht,לֹ֣א,6,False,,
18039008,1,,Was,יְת֣וּר,1,False,,
18039008,2,,er,יְת֣וּר,1,False,,
18039008,3,1,auf,יְת֣וּר,1,True,,
18039008,4,1,den,הָרִ֣ים,2,True,,
18039008,5,,Bergen,הָרִ֣ים,2,False,,
18039008,6,,erspäht,יְת֣וּר,1,False,,
18039008,7,1,ist,יְת֣וּר,1,True,,
18039008,8,,seine,מִרְעֵ֑הוּ,3,False,,
18039008,9,,Weide,מִרְעֵ֑הוּ,3,False,,
18039008,10,,und,וְאַחַ֖ר,4,False,,
18039008,11,,allem,כָּל־,5,False,,
18039008,12,,Grünen,יָר֣וֹק,6,False,,
18039008,13,,spürt,יִדְרֽוֹשׁ׃,7,False,,
18039008,14,,er,יִדְרֽוֹשׁ׃,7,False,,
18039008,15,1,nach,יִדְרֽוֹשׁ׃,7,True,,
18039009,1,,Wird,הֲיֹ֣אבֶה,1,False,,
18039009,2,1,der,רֵּ֣ים,2,True,,
18039009,3,,Wildochs,רֵּ֣ים,2,False,,
18039009,4,,dir,עָבְדֶ֑ךָ,3,False,,
18039009,5,,dienen,עָבְדֶ֑ךָ,3,False,,
18039009,6,1,wollen,הֲיֹ֣אבֶה,1,True,,
18039009,7,,oder,אִם־,4,False,,
18039009,8,,wird,יָ֝לִ֗ין,5,False,,
18039009,9,,er,יָ֝לִ֗ין,5,False,,
18039009,10,,an,עַל־,6,False,,
18039009,11,,deiner,אֲבוּסֶֽךָ׃,7,False,,
18039009,12,,Krippe,אֲבוּסֶֽךָ׃,7,False,,
18039009,13,,übernachten,יָ֝לִ֗ין,5,False,,
18039010,1,,Wirst,הֲֽתִקְשָׁר־,1,False,,
18039010,2,,du,הֲֽתִקְשָׁר־,1,False,,
18039010,3,1,den,רֵ֭ים,2,True,,
18039010,4,,Wildochs,רֵ֭ים,2,False,,
18039010,5,,mit,בְּתֶ֣לֶם,3,False,,
18039010,6,,seinem,עֲבֹת֑וֹ,4,False,,
18039010,7,,Seile,עֲבֹת֑וֹ,4,False,,
18039010,8,1,an,בְּתֶ֣לֶם,3,True,,
18039010,9,1,die,בְּתֶ֣לֶם,3,True,,
18039010,10,,Furche,בְּתֶ֣לֶם,3,False,,
18039010,11,,binden,הֲֽתִקְשָׁר־,1,False,,
18039010,12,,oder,אִם־,5,False,,
18039010,13,,wird,יְשַׂדֵּ֖ד,6,False,,
18039010,14,,er,יְשַׂדֵּ֖ד,6,False,,
18039010,15,,hinter,אַחֲרֶֽיךָ׃,8,False,,
18039010,16,,dir,אַחֲרֶֽיךָ׃,8,False,,
18039010,17,1,her,אַחֲרֶֽיךָ׃,8,True,,
18039010,18,1,die,עֲמָקִ֣ים,7,True,,
18039010,19,,Talgründe,עֲמָקִ֣ים,7,False,,
18039010,20,,eggen,יְשַׂדֵּ֖ד,6,False,,
18039011,1,,Wirst,הֲֽתִבְטַח־,1,False,,
18039011,2,,du,הֲֽתִבְטַח־,1,False,,
18039011,3,,ihm,בּ֭וֹ,2,False,,
18039011,4,,trauen,הֲֽתִבְטַח־,1,False,,
18039011,5,,weil,כִּי־,3,False,,
18039011,6,,seine,כֹּח֑וֹ,5,False,,
18039011,7,,Kraft,כֹּח֑וֹ,5,False,,
18039011,8,,groß,רַ֣ב,4,False,,
18039011,9,,ist,רַ֣ב,4,False,,
18039011,10,,und,וְתַעֲזֹ֖ב,6,False,,
18039011,11,,ihm,אֵלָ֣יו,7,False,,
18039011,12,,deine,יְגִיעֶֽךָ׃,8,False,,
18039011,13,,Arbeit,יְגִיעֶֽךָ׃,8,False,,
18039011,14,,überlassen,וְתַעֲזֹ֖ב,6,False,,
18039012,1,,Wirst,הֲתַאֲמִ֣ין,1,False,,
18039012,2,,du,הֲתַאֲמִ֣ין,1,False,,
18039012,3,,auf,בּ֭וֹ,2,False,,
18039012,4,,ihn,בּ֭וֹ,2,False,,
18039012,5,,dich,הֲתַאֲמִ֣ין,1,False,,
18039012,6,,verlassen,הֲתַאֲמִ֣ין,1,False,,
18039012,7,,daß,כִּי־,3,False,,
18039012,8,,er,יָשִׁ֣יב,4,False,,
18039012,9,,deine,זַרְעֶ֑ךָ,5,False,,
18039012,10,,Saat,זַרְעֶ֑ךָ,5,False,,
18039012,11,,heimbringe,יָשִׁ֣יב,4,False,,
18039012,12,,und,וְֽגָרְנְךָ֥,6,False,,
18039012,13,,daß,וְֽגָרְנְךָ֥,6,False,,
18039012,14,,er,יֶאֱסֹֽף׃,7,False,,
18039012,15,1,das,יֶאֱסֹֽף׃,7,True,,
18039012,16,,Getreide,יֶאֱסֹֽף׃,7,False,,
18039012,17,,deiner,וְֽגָרְנְךָ֥,6,False,,
18039012,18,,Tenne,וְֽגָרְנְךָ֥,6,False,,
18039012,19,,einscheuere,יֶאֱסֹֽף׃,7,False,,
18039013,1,,Fröhlich,נֶעֱלָ֑סָה,3,False,,
18039013,2,,schwingt,נֶעֱלָ֑סָה,3,False,,
18039013,3,,sich,נֶעֱלָ֑סָה,3,False,,
18039013,4,1,der,כְּנַף־,1,True,,
18039013,5,,Flügel,כְּנַף־,1,False,,
18039013,6,1,der,רְנָנִ֥ים,2,True,,
18039013,7,,Straußin,רְנָנִ֥ים,2,False,,
18039013,8,,ist,נֶעֱלָ֑סָה,3,False,,
18039013,9,,es,נֶעֱלָ֑סָה,3,False,,
18039013,10,1,des,אֶ֝בְרָ֗ה,5,True,,
18039013,11,,Storches,חֲסִידָ֥ה,6,False,,
18039013,12,,Fittich,אֶ֝בְרָ֗ה,5,False,,
18039013,13,,und,וְנֹצָֽה׃,7,False,,
18039013,14,,Gefieder,וְנֹצָֽה׃,7,False,,
18039014,1,,Denn,כִּֽי־,1,False,,
18039014,2,,sie,תַעֲזֹ֣ב,2,False,,
18039014,3,,überläßt,תַעֲזֹ֣ב,2,False,,
18039014,4,,ihre,בֵּצֶ֑יהָ,4,False,,
18039014,5,,Eier,בֵּצֶ֑יהָ,4,False,,
18039014,6,1,der,לָאָ֣רֶץ,3,True,,
18039014,7,,Erde,לָאָ֣רֶץ,3,False,,
18039014,8,,und,וְֽעַל־,5,False,,
18039014,9,,erwärmt,תְּחַמֵּֽם׃,7,False,,
18039014,10,,sie,תְּחַמֵּֽם׃,7,False,,
18039014,11,,auf,וְֽעַל־,5,False,,
18039014,12,1,dem,עָפָ֥ר,6,True,,
18039014,13,,Staube,עָפָ֥ר,6,False,,
18039015,1,,und,וַ֭תִּשְׁכַּח,1,False,,
18039015,2,,sie,וַ֭תִּשְׁכַּח,1,False,,
18039015,3,,vergißt,וַ֭תִּשְׁכַּח,1,False,,
18039015,4,,daß,כִּי־,2,False,,
18039015,5,1,ein,רֶ֣גֶל,3,True,,
18039015,6,,Fuß,רֶ֣גֶל,3,False,,
18039015,7,,sie,תְּזוּרֶ֑הָ,4,False,,
18039015,8,,zerdrücken,תְּזוּרֶ֑הָ,4,False,,
18039015,9,,und,וְחַיַּ֖ת,5,False,,
18039015,10,1,das,הַשָּׂדֶ֣ה,6,True,,
18039015,11,,Getier,הַשָּׂדֶ֣ה,6,False,,
18039015,12,1,des,הַשָּׂדֶ֣ה,6,True,,
18039015,13,,Feldes,הַשָּׂדֶ֣ה,6,False,,
18039015,14,,sie,תְּדוּשֶֽׁהָ׃,7,False,,
18039015,15,,zertreten,תְּדוּשֶֽׁהָ׃,7,False,,
18039015,16,,kann,תְּדוּשֶֽׁהָ׃,7,False,,
18039016,1,,Sie,הִקְשִׁ֣יחַ,1,False,,
18039016,2,,behandelt,הִקְשִׁ֣יחַ,1,False,,
18039016,3,,ihre,בָּנֶ֣יהָ,2,False,,
18039016,4,,Kinder,בָּנֶ֣יהָ,2,False,,
18039016,5,,hart,לְּלֹא־,3,False,,
18039016,6,,als,לְּלֹא־,3,False,,
18039016,7,,gehörten,לְּלֹא־,3,False,,
18039016,8,,sie,בָּנֶ֣יהָ,2,False,,
18039016,9,,ihr,לָ֑הּ,4,False,,
18039016,10,,nicht,לְּלֹא־,3,False,,
18039016,11,,ihre,יְגִיעָ֣הּ,6,False,,
18039016,12,,Mühe,יְגִיעָ֣הּ,6,False,,
18039016,13,,ist,הִקְשִׁ֣יחַ,1,False,,
18039016,14,,umsonst,לְרִ֖יק,5,False,,
18039016,15,,es,בְּלִי־,7,False,,
18039016,16,,kümmert,בְּלִי־,7,False,,
18039016,17,,sie,פָֽחַד׃,8,False,,
18039016,18,,nicht,פָֽחַד׃,8,False,,
18039017,1,,Denn,כִּֽי־,1,False,,
18039017,2,,Gott,אֱל֣וֹהַּ,3,False,,
18039017,3,,ließ,הִשָּׁ֣הּ,2,False,,
18039017,4,,sie,הִשָּׁ֣הּ,2,False,,
18039017,5,1,der,חָכְמָ֑ה,4,True,,
18039017,6,,Weisheit,חָכְמָ֑ה,4,False,,
18039017,7,,vergessen,הִשָּׁ֣הּ,2,False,,
18039017,8,,und,וְלֹא־,5,False,,
18039017,9,,keinen,וְלֹא־,5,False,,
18039017,10,,Verstand,בַּבִּינָֽה׃,8,False,,
18039017,11,,teilte,חָ֥לַק,6,False,,
18039017,12,,er,חָ֥לַק,6,False,,
18039017,13,,ihr,לָ֝֗הּ,7,False,,
18039017,14,,zu,חָ֥לַק,6,False,,
18039018,1,,Zur,כָּ֭עֵת,1,False,,
18039018,2,,Zeit,כָּ֭עֵת,1,False,,
18039018,3,,wenn,כָּ֭עֵת,1,False,,
18039018,4,,sie,תַּמְרִ֑יא,3,False,,
18039018,5,,sich,תַּמְרִ֑יא,3,False,,
18039018,6,,in,בַּמָּר֣וֹם,2,False,,
18039018,7,1,die,בַּמָּר֣וֹם,2,True,,
18039018,8,,Höhe,בַּמָּר֣וֹם,2,False,,
18039018,9,,peitscht,תַּמְרִ֑יא,3,False,,
18039018,10,,lacht,תִּֽשְׂחַ֥ק,4,False,,
18039018,11,,sie,תִּֽשְׂחַ֥ק,4,False,,
18039018,12,,des,לַ֝סּ֗וּס,5,False,,
18039018,13,,Rosses,לַ֝סּ֗וּס,5,False,,
18039018,14,,und,וּלְרֹֽכְבֽוֹ׃,6,False,,
18039018,15,,seines,וּלְרֹֽכְבֽוֹ׃,6,False,,
18039018,16,,Reiters,וּלְרֹֽכְבֽוֹ׃,6,False,,
18039019,1,,Gibst,הֲתִתֵּ֣ן,1,False,,
18039019,2,,du,הֲתִתֵּ֣ן,1,False,,
18039019,3,,dem,לַסּ֣וּס,2,False,,
18039019,4,,Rosse,לַסּ֣וּס,2,False,,
18039019,5,,Stärke,גְּבוּרָ֑ה,3,False,,
18039019,6,,bekleidest,הֲתַלְבִּ֖ישׁ,4,False,,
18039019,7,,du,הֲתַלְבִּ֖ישׁ,4,False,,
18039019,8,,seinen,צַוָּאר֣וֹ,5,False,,
18039019,9,,Hals,צַוָּאר֣וֹ,5,False,,
18039019,10,,mit,רַעְמָֽה׃,6,False,,
18039019,11,1,der,רַעְמָֽה׃,6,True,,
18039019,12,,wallenden,רַעְמָֽה׃,6,False,,
18039019,13,,Mähne,רַעְמָֽה׃,6,False,,
18039020,1,,Machst,הְֽ֭תַרְעִישֶׁנּוּ,1,False,,
18039020,2,,du,הְֽ֭תַרְעִישֶׁנּוּ,1,False,,
18039020,3,,es,הְֽ֭תַרְעִישֶׁנּוּ,1,False,,
18039020,4,,aufspringen,הְֽ֭תַרְעִישֶׁנּוּ,1,False,,
18039020,5,,gleich,כָּאַרְבֶּ֑ה,2,False,,
18039020,6,1,der,כָּאַרְבֶּ֑ה,2,True,,
18039020,7,,Heuschrecke,כָּאַרְבֶּ֑ה,2,False,,
18039020,8,,Sein,ה֖וֹד,3,False,,
18039020,9,,prächtiges,ה֖וֹד,3,False,,
18039020,10,,Schnauben,נַחְר֣וֹ,4,False,,
18039020,11,,ist,אֵימָֽה׃,5,False,,
18039020,12,,Schrecken,אֵימָֽה׃,5,False,,
18039021,1,,Es,יַחְפְּר֣וּ,1,False,,
18039021,2,,scharrt,יַחְפְּר֣וּ,1,False,,
18039021,3,,in,בָ֭עֵמֶק,2,False,,
18039021,4,1,der,בָ֭עֵמֶק,2,True,,
18039021,5,,Ebene,בָ֭עֵמֶק,2,False,,
18039021,6,,und,וְיָשִׂ֣ישׂ,3,False,,
18039021,7,,freut,וְיָשִׂ֣ישׂ,3,False,,
18039021,8,,sich,וְיָשִׂ֣ישׂ,3,False,,
18039021,9,,der,בְּכֹ֑חַ,4,False,,
18039021,10,,Kraft,בְּכֹ֑חַ,4,False,,
18039021,11,,zieht,יֵ֝צֵ֗א,5,False,,
18039021,12,,aus,יֵ֝צֵ֗א,5,False,,
18039021,13,,den,לִקְרַאת־,6,False,,
18039021,14,,Waffen,נָֽשֶׁק׃,7,False,,
18039021,15,,entgegen,יֵ֝צֵ֗א,5,False,,
18039022,1,,Es,יִשְׂחַ֣ק,1,False,,
18039022,2,,lacht,יִשְׂחַ֣ק,1,False,,
18039022,3,1,der,לְ֭פַחַד,2,True,,
18039022,4,,Furcht,לְ֭פַחַד,2,False,,
18039022,5,,und,וְלֹ֣א,3,False,,
18039022,6,,erschrickt,יֵחָ֑ת,4,False,,
18039022,7,,nicht,וְלֹ֣א,3,False,,
18039022,8,,und,וְלֹֽא־,5,False,,
18039022,9,,kehrt,יָ֝שׁ֗וּב,6,False,,
18039022,10,,vor,מִפְּנֵי־,7,False,,
18039022,11,1,dem,מִפְּנֵי־,7,True,,
18039022,12,,Schwerte,מִפְּנֵי־,7,False,,
18039022,13,,nicht,וְלֹֽא־,5,False,,
18039022,14,,um,יָ֝שׁ֗וּב,6,False,,
18039023,1,,Auf,עָ֭לָיו,1,False,,
18039023,2,,ihm,עָ֭לָיו,1,False,,
18039023,3,,klirrt,תִּרְנֶ֣ה,2,False,,
18039023,4,,der,אַשְׁפָּ֑ה,3,True,,
18039023,5,,Köcher,אַשְׁפָּ֑ה,3,False,,
18039023,6,,der,לַ֖הַב,4,True,,
18039023,7,,blitzende,לַ֖הַב,4,False,,
18039023,8,,Speer,חֲנִ֣ית,5,False,,
18039023,9,,und,וְכִידֽוֹן׃,6,False,,
18039023,10,,Wurfspieß,וְכִידֽוֹן׃,6,False,,
18039024,1,,Mit,בְּרַ֣עַשׁ,1,False,,
18039024,2,,Ungestüm,בְּרַ֣עַשׁ,1,False,,
18039024,3,,und,וְ֭רֹגֶז,2,False,,
18039024,4,,Zorn,וְ֭רֹגֶז,2,False,,
18039024,5,,schlürft,יְגַמֶּא־,3,False,,
18039024,6,,es,יְגַמֶּא־,3,False,,
18039024,7,,den,אָ֑רֶץ,4,True,,
18039024,8,,Boden,אָ֑רֶץ,4,False,,
18039024,9,,und,וְלֹֽא־,5,False,,
18039024,10,,läßt,יַ֝אֲמִ֗ין,6,False,,
18039024,11,,sich,יַ֝אֲמִ֗ין,6,False,,
18039024,12,,nicht,וְלֹֽא־,5,False,,
18039024,13,,halten,יַ֝אֲמִ֗ין,6,False,,
18039024,14,,wenn,כִּי־,7,False,,
18039024,15,,die,ק֥וֹל,8,True,,
18039024,16,,Posaune,שׁוֹפָֽר׃,9,False,,
18039024,17,,ertönt,שׁוֹפָֽר׃,9,False,,
18039025,1,,Beim,בְּדֵ֤י,1,False,,
18039025,2,,Schall,שֹׁפָ֨ר׀,2,False,,
18039025,3,,der,שֹׁפָ֨ר׀,2,True,,
18039025,4,,Posaune,שֹׁפָ֨ר׀,2,False,,
18039025,5,,ruft,יֹ֘אמַ֤ר,3,False,,
18039025,6,,es,יֹ֘אמַ֤ר,3,False,,
18039025,7,,Hui,הֶאָ֗ח,4,False,,
18039025,8,,und,וּֽ֭מֵרָחוֹק,5,False,,
18039025,9,,aus,וּֽ֭מֵרָחוֹק,5,False,,
18039025,10,,der,וּֽ֭מֵרָחוֹק,5,True,,
18039025,11,,Ferne,וּֽ֭מֵרָחוֹק,5,False,,
18039025,12,,wittert,יָרִ֣יחַ,6,False,,
18039025,13,,es,יָרִ֣יחַ,6,False,,
18039025,14,,die,מִלְחָמָ֑ה,7,True,,
18039025,15,,Schlacht,מִלְחָמָ֑ה,7,False,,
18039025,16,,den,רַ֥עַם,8,True,,
18039025,17,,Donnerruf,רַ֥עַם,8,False,,
18039025,18,,der,שָׂ֝רִים,9,True,,
18039025,19,,Heerführer,שָׂ֝רִים,9,False,,
18039025,20,,und,וּתְרוּעָֽה׃,10,False,,
18039025,21,,das,וּתְרוּעָֽה׃,10,True,,
18039025,22,,Feldgeschrei,וּתְרוּעָֽה׃,10,False,,
18039026,1,,Schwingt,יַֽאֲבֶר־,2,False,,
18039026,2,,sich,יַֽאֲבֶר־,2,False,,
18039026,3,,der,נֵ֑ץ,3,True,,
18039026,4,,Habicht,נֵ֑ץ,3,False,,
18039026,5,,durch,הֲֽ֭מִבִּינָ֣תְךָ,1,False,,
18039026,6,,deinen,הֲֽ֭מִבִּינָ֣תְךָ,1,False,,
18039026,7,,Verstand,הֲֽ֭מִבִּינָ֣תְךָ,1,False,,
18039026,8,,empor,יַֽאֲבֶר־,2,False,,
18039026,9,,breitet,יִפְרֹ֖שׂ,4,False,,
18039026,10,,seine,כְּנָפָ֣יו,5,False,,
18039026,11,,Flügel,כְּנָפָ֣יו,5,False,,
18039026,12,,aus,יִפְרֹ֖שׂ,4,False,,
18039026,13,,gegen,לְתֵימָֽן׃,6,False,,
18039026,14,,Süden,לְתֵימָֽן׃,6,False,,
18039027,1,,Oder,אִם־,1,False,,
18039027,2,,erhebt,יַגְבִּ֣יהַּ,4,False,,
18039027,3,,sich,יַגְבִּ֣יהַּ,4,False,,
18039027,4,,auf,עַל־,2,False,,
18039027,5,,deinen,פִּ֭יךָ,3,False,,
18039027,6,,Befehl,פִּ֭יךָ,3,False,,
18039027,7,,der,נָ֑שֶׁר,5,True,,
18039027,8,,Adler,נָ֑שֶׁר,5,False,,
18039027,9,,und,וְ֝כִ֗י,6,False,,
18039027,10,,baut,יָרִ֥ים,7,False,,
18039027,11,,in,קִנּֽוֹ׃,8,False,,
18039027,12,,der,קִנּֽוֹ׃,8,True,,
18039027,13,,Höhe,קִנּֽוֹ׃,8,False,,
18039027,14,,sein,קִנּֽוֹ׃,8,False,,
18039027,15,,Nest,קִנּֽוֹ׃,8,False,,
18039028,1,,In,סֶ֣לַע,1,False,,
18039028,2,,den,סֶ֣לַע,1,True,,
18039028,3,,Felsen,סֶ֣לַע,1,False,,
18039028,4,,wohnt,יִ֭שְׁכֹּן,2,False,,
18039028,5,,und,וְיִתְלֹנָ֑ן,3,False,,
18039028,6,,verweilt,וְיִתְלֹנָ֑ן,3,False,,
18039028,7,,er,יִ֭שְׁכֹּן,2,False,,
18039028,8,,auf,עַֽל־,4,False,,
18039028,9,,Felsenzacken,שֶׁן־,5,False,,
18039028,10,,und,וּמְצוּדָֽה׃,7,False,,
18039028,11,,den,וּמְצוּדָֽה׃,7,True,,
18039028,12,,Spitzen,סֶ֝֗לַע,6,False,,
18039028,13,,der,וּמְצוּדָֽה׃,7,True,,
18039028,14,,Berge,וּמְצוּדָֽה׃,7,False,,
18039029,1,,Von,מִשָּׁ֥ם,1,False,,
18039029,2,,dort,מִשָּׁ֥ם,1,False,,
18039029,3,,aus,מִשָּׁ֥ם,1,False,,
18039029,4,,erspäht,חָֽפַר־,2,False,,
18039029,5,,er,חָֽפַר־,2,False,,
18039029,6,,Nahrung,אֹ֑כֶל,3,False,,
18039029,7,,in,לְ֝מֵרָח֗וֹק,4,False,,
18039029,8,,die,לְ֝מֵרָח֗וֹק,4,True,,
18039029,9,,Ferne,לְ֝מֵרָח֗וֹק,4,False,,
18039029,10,,blicken,יַבִּֽיטוּ׃,6,False,,
18039029,11,,seine,עֵינָ֥יו,5,False,,
18039029,12,,Augen,עֵינָ֥יו,5,False,,
18039030,1,,Und,וְאֶפְרֹחָ֥יו,1,False,,
18039030,2,,seine,וְאֶפְרֹחָ֥יו,1,False,,
18039030,3,,Jungen,וְאֶפְרֹחָ֥יו,1,False,,
18039030,4,,schlürfen,יְעַלְעוּ־,2,False,,
18039030,5,,Blut,דָ֑ם,3,False,,
18039030,6,,und,וּבַאֲשֶׁ֥ר,4,False,,
18039030,7,,wo,וּבַאֲשֶׁ֥ר,4,False,,
18039030,8,,Erschlagene,חֲ֝לָלִ֗ים,5,False,,
18039030,9,,sind,שָׁ֣ם,6,False,,
18039030,10,,da,שָׁ֣ם,6,False,,
18039030,11,,ist,הֽוּא׃ פ,7,False,,
18039030,12,,er,הֽוּא׃ פ,7,False,,
18040001,1,,Und,וַיַּ֖עַן,1,False,,
18040001,2,,Jahwe,יְהוָ֥ה,2,False,,
18040001,3,,antwortete,וַיַּ֖עַן,1,False,,
18040001,4,,Hiob,אִיּ֗וֹב,4,False,,
18040001,5,,und,וַיֹּאמַֽר׃,5,False,,
18040001,6,,sprach,וַיֹּאמַֽר׃,5,False,,
18040002,1,,Will,הֲ֭רֹב,1,False,,
18040002,2,,der,הֲ֭רֹב,1,True,,
18040002,3,,Tadler,הֲ֭רֹב,1,False,,
18040002,4,,rechten,יִסּ֑וֹר,4,False,,
18040002,5,,mit,עִם־,2,False,,
18040002,6,,dem,עִם־,2,True,,
18040002,7,,Allmächtigen,שַׁדַּ֣י,3,False,,
18040002,8,,Der,מוֹכִ֖יחַ,5,False,,
18040002,9,,da,מוֹכִ֖יחַ,5,False,,
18040002,10,,Gott,אֱל֣וֹהַּ,6,False,,
18040002,11,,zurechtweist,מוֹכִ֖יחַ,5,False,,
18040002,12,,antworte,יַעֲנֶֽנָּה׃ פ,7,False,,
18040002,13,,darauf,יַעֲנֶֽנָּה׃ פ,7,False,,
18040003,1,,Und,וַיַּ֖עַן,1,False,,
18040003,2,,Hiob,אִיּ֥וֹב,2,False,,
18040003,3,,antwortete,וַיַּ֖עַן,1,False,,
18040003,4,,Jahwe,יְהוָ֗ה,4,False,,
18040003,5,,und,וַיֹּאמַֽר׃,5,False,,
18040003,6,,sprach,וַיֹּאמַֽר׃,5,False,,
18040004,1,,Siehe,הֵ֣ן,1,False,,
18040004,2,,zu,קַ֭לֹּתִי,2,False,,
18040004,3,,gering,קַ֭לֹּתִי,2,False,,
18040004,4,,bin,קַ֭לֹּתִי,2,False,,
18040004,5,,ich,קַ֭לֹּתִי,2,False,,
18040004,6,,was,מָ֣ה,3,False,,
18040004,7,,soll,אֲשִׁיבֶ֑ךָּ,4,False,,
18040004,8,,ich,אֲשִׁיבֶ֑ךָּ,4,False,,
18040004,9,,dir,אֲשִׁיבֶ֑ךָּ,4,False,,
18040004,10,,erwidern,אֲשִׁיבֶ֑ךָּ,4,False,,
18040004,11,,Ich,יָ֝דִ֗י,5,False,,
18040004,12,,lege,שַׂ֣מְתִּי,6,False,,
18040004,13,,meine,יָ֝דִ֗י,5,False,,
18040004,14,,Hand,יָ֝דִ֗י,5,False,,
18040004,15,,auf,לְמוֹ־,7,False,,
18040004,16,,meinen,פִֽי׃,8,False,,
18040004,17,,Mund,פִֽי׃,8,False,,
18040005,1,,Einmal,אַחַ֣ת,1,False,,
18040005,2,,habe,דִּ֭בַּרְתִּי,2,False,,
18040005,3,,ich,דִּ֭בַּרְתִּי,2,False,,
18040005,4,,geredet,דִּ֭בַּרְתִּי,2,False,,
18040005,5,,und,וְלֹ֣א,3,False,,
18040005,6,,ich,אֶֽעֱנֶ֑ה,4,False,,
18040005,7,,will,אֶֽעֱנֶ֑ה,4,False,,
18040005,8,,nicht,וְלֹ֣א,3,False,,
18040005,9,,mehr,אֶֽעֱנֶ֑ה,4,False,,
18040005,10,,antworten,אֶֽעֱנֶ֑ה,4,False,,
18040005,11,,und,וּ֝שְׁתַּ֗יִם,5,False,,
18040005,12,,zweimal,וּ֝שְׁתַּ֗יִם,5,False,,
18040005,13,,und,וְלֹ֣א,6,False,,
18040005,14,,ich,אוֹסִֽיף׃ פ,7,False,,
18040005,15,,will,אוֹסִֽיף׃ פ,7,False,,
18040005,16,,es,אוֹסִֽיף׃ פ,7,False,,
18040005,17,,nicht,וְלֹ֣א,6,False,,
18040005,18,,mehr,אוֹסִֽיף׃ פ,7,False,,
18040005,19,,tun,אוֹסִֽיף׃ פ,7,False,,
18040006,1,,Und,וַיַּֽעַן־,1,False,,
18040006,2,,Jahwe,יְהוָ֣ה,2,False,,
18040006,3,,antwortete,וַיַּֽעַן־,1,False,,
18040006,4,,Hiob,אִ֭יּוֹב,4,False,,
18040006,5,,aus,מִ֥ן׀,5,False,,
18040006,6,,dem,סְעָרָ֗ה,6,True,,
18040006,7,,Sturme,סְעָרָ֗ה,6,False,,
18040006,8,,und,וַיֹּאמַֽר׃,7,False,,
18040006,9,,sprach,וַיֹּאמַֽר׃,7,False,,
18040007,1,,Gürte,אֱזָר־,1,False,,
18040007,2,,doch,נָ֣א,2,False,,
18040007,3,,wie,כְגֶ֣בֶר,3,False,,
18040007,4,,ein,כְגֶ֣בֶר,3,True,,
18040007,5,,Mann,כְגֶ֣בֶר,3,False,,
18040007,6,,deine,חֲלָצֶ֑יךָ,4,False,,
18040007,7,,Lenden,חֲלָצֶ֑יךָ,4,False,,
18040007,8,,ich,אֶ֝שְׁאָלְךָ֗,5,False,,
18040007,9,,will,אֶ֝שְׁאָלְךָ֗,5,False,,
18040007,10,,dich,אֶ֝שְׁאָלְךָ֗,5,False,,
18040007,11,,fragen,אֶ֝שְׁאָלְךָ֗,5,False,,
18040007,12,,und,וְהוֹדִיעֵֽנִי׃,6,False,,
18040007,13,,du,וְהוֹדִיעֵֽנִי׃,6,False,,
18040007,14,,belehre,וְהוֹדִיעֵֽנִי׃,6,False,,
18040007,15,,mich,וְהוֹדִיעֵֽנִי׃,6,False,,
18040008,1,,Willst,הַ֭אַף,1,False,,
18040008,2,,du,הַ֭אַף,1,True,,
18040008,3,,gar,הַ֭אַף,1,True,,
18040008,4,,mein,מִשְׁפָּטִ֑י,3,False,,
18040008,5,,Recht,מִשְׁפָּטִ֑י,3,False,,
18040008,6,,zunichte,תָּפֵ֣ר,2,False,,
18040008,7,,machen,תָּפֵ֣ר,2,False,,
18040008,8,,mich,תַּ֝רְשִׁיעֵ֗נִי,4,False,,
18040008,9,,verdammen,תַּ֝רְשִׁיעֵ֗נִי,4,False,,
18040008,10,,damit,לְמַ֣עַן,5,False,,
18040008,11,,du,תִּצְדָּֽק׃,6,False,,
18040008,12,,gerecht,תִּצְדָּֽק׃,6,False,,
18040008,13,,seiest,תִּצְדָּֽק׃,6,False,,
18040009,1,,Oder,וְאִם־,1,False,,
18040009,2,,hast,זְר֖וֹעַ,2,False,,
18040009,3,,du,לָ֑ךְ,4,False,,
18040009,4,,einen,זְר֖וֹעַ,2,True,,
18040009,5,,Arm,זְר֖וֹעַ,2,False,,
18040009,6,,wie,כָּאֵ֥ל׀,3,False,,
18040009,7,,Gott,כָּאֵ֥ל׀,3,False,,
18040009,8,,und,וּ֝בְק֗וֹל,5,False,,
18040009,9,,kannst,תַרְעֵֽם׃,7,False,,
18040009,10,,du,תַרְעֵֽם׃,7,False,,
18040009,11,,donnern,תַרְעֵֽם׃,7,False,,
18040009,12,,mit,וּ֝בְק֗וֹל,5,False,,
18040009,13,,einer,וּ֝בְק֗וֹל,5,True,,
18040009,14,,Stimme,וּ֝בְק֗וֹל,5,False,,
18040009,15,,wie,כָּמֹ֥הוּ,6,False,,
18040009,16,,er,כָּמֹ֥הוּ,6,False,,
18040010,1,,Schmücke,עֲדֵ֥ה,1,False,,
18040010,2,,dich,עֲדֵ֥ה,1,False,,
18040010,3,,doch,נָ֣א,2,False,,
18040010,4,,mit,גָֽא֣וֹן,3,False,,
18040010,5,,Erhabenheit,גָֽא֣וֹן,3,False,,
18040010,6,,und,וָגֹ֑בַהּ,4,False,,
18040010,7,,Hoheit,וָגֹ֑בַהּ,4,False,,
18040010,8,,und,וְה֖וֹד,5,False,,
18040010,9,,kleide,תִּלְבָּֽשׁ׃,7,False,,
18040010,10,,dich,תִּלְבָּֽשׁ׃,7,False,,
18040010,11,,in,תִּלְבָּֽשׁ׃,7,False,,
18040010,12,,Pracht,וְהָדָ֣ר,6,False,,
18040010,13,,und,וְהָדָ֣ר,6,False,,
18040010,14,,Majestät,וְהָדָ֣ר,6,False,,
18040011,1,,Gieße,הָ֭פֵץ,1,False,,
18040011,2,,aus,הָ֭פֵץ,1,False,,
18040011,3,,die,עֶבְר֣וֹת,2,True,,
18040011,4,,Ausbrüche,עֶבְר֣וֹת,2,False,,
18040011,5,,deines,אַפֶּ֑ךָ,3,False,,
18040011,6,,Zornes,אַפֶּ֑ךָ,3,False,,
18040011,7,,und,וּרְאֵ֥ה,4,False,,
18040011,8,,sieh,וּרְאֵ֥ה,4,False,,
18040011,9,,an,וּרְאֵ֥ה,4,False,,
18040011,10,,alles,כָל־,5,False,,
18040011,11,,Hoffärtige,גֵּ֝אֶ֗ה,6,False,,
18040011,12,,und,וְהַשְׁפִּילֵֽהוּ׃,7,False,,
18040011,13,,erniedrige,וְהַשְׁפִּילֵֽהוּ׃,7,False,,
18040011,14,,es,וְהַשְׁפִּילֵֽהוּ׃,7,False,,
18040012,1,,Sieh,רְאֵ֣ה,1,False,,
18040012,2,,an,רְאֵ֣ה,1,False,,
18040012,3,,alles,כָל־,2,False,,
18040012,4,,Hoffärtige,גֵּ֭אֶה,3,False,,
18040012,5,,beuge,הַכְנִיעֵ֑הוּ,4,False,,
18040012,6,,es,הַכְנִיעֵ֑הוּ,4,False,,
18040012,7,,und,וַהֲדֹ֖ךְ,5,False,,
18040012,8,,reiße,וַהֲדֹ֖ךְ,5,False,,
18040012,9,,nieder,וַהֲדֹ֖ךְ,5,False,,
18040012,10,,die,רְשָׁעִ֣ים,6,True,,
18040012,11,,Gesetzlosen,רְשָׁעִ֣ים,6,False,,
18040012,12,,auf,תַּחְתָּֽם׃,7,False,,
18040012,13,,ihrer,תַּחְתָּֽם׃,7,False,,
18040012,14,,Stelle,תַּחְתָּֽם׃,7,False,,
18040013,1,,Verbirg,טָמְנֵ֣ם,1,False,,
18040013,2,,sie,טָמְנֵ֣ם,1,False,,
18040013,3,,allesamt,יָ֑חַד,3,False,,
18040013,4,,in,בֶּעָפָ֣ר,2,False,,
18040013,5,,den,בֶּעָפָ֣ר,2,True,,
18040013,6,,Staub,בֶּעָפָ֣ר,2,False,,
18040013,7,,schließe,חֲבֹ֣שׁ,5,False,,
18040013,8,,ihre,פְּ֝נֵיהֶ֗ם,4,False,,
18040013,9,,Angesichter,פְּ֝נֵיהֶ֗ם,4,False,,
18040013,10,,in,בַּטָּמֽוּן׃,6,False,,
18040013,11,,Verborgenheit,בַּטָּמֽוּן׃,6,False,,
18040013,12,,ein,בַּטָּמֽוּן׃,6,True,,
18040014,1,,Dann,וְגַם־,1,False,,
18040014,2,,werde,תוֹשִׁ֖עַ,5,False,,
18040014,3,,auch,וְגַם־,1,False,,
18040014,4,,ich,אֲנִ֥י,2,False,,
18040014,5,,dich,אוֹדֶ֑ךָּ,3,False,,
18040014,6,,preisen,אוֹדֶ֑ךָּ,3,False,,
18040014,7,,daß,כִּֽי־,4,False,,
18040014,8,,deine,יְמִינֶֽךָ׃,7,False,,
18040014,9,,Rechte,יְמִינֶֽךָ׃,7,False,,
18040014,10,,dir,לְךָ֣,6,False,,
18040014,11,,Hülfe,תוֹשִׁ֖עַ,5,False,,
18040014,12,,schafft,תוֹשִׁ֖עַ,5,False,,
18040015,1,,Sieh,הִנֵּה־,1,False,,
18040015,2,,doch,נָ֣א,2,False,,
18040015,3,,den,בְ֭הֵמוֹת,3,True,,
18040015,4,,Behemoth,בְ֭הֵמוֹת,3,False,,
18040015,5,,den,אֲשֶׁר־,4,True,,
18040015,6,,ich,אֲשֶׁר־,4,False,,
18040015,7,,mit,עִמָּ֑ךְ,6,False,,
18040015,8,,dir,עִמָּ֑ךְ,6,False,,
18040015,9,,gemacht,עָשִׂ֣יתִי,5,False,,
18040015,10,,habe,עָשִׂ֣יתִי,5,False,,
18040015,11,,er,יֹאכֵֽל׃,9,False,,
18040015,12,,frißt,יֹאכֵֽל׃,9,False,,
18040015,13,,Gras,חָ֝צִ֗יר,7,False,,
18040015,14,,wie,כַּבָּקָ֥ר,8,False,,
18040015,15,,das,כַּבָּקָ֥ר,8,True,,
18040015,16,,Rind,כַּבָּקָ֥ר,8,False,,
18040016,1,,Sieh,הִנֵּה־,1,False,,
18040016,2,,doch,נָ֣א,2,False,,
18040016,3,,seine,כֹח֣וֹ,3,False,,
18040016,4,,Kraft,כֹח֣וֹ,3,False,,
18040016,5,,ist,כֹח֣וֹ,3,False,,
18040016,6,,in,בְמָתְנָ֑יו,4,False,,
18040016,7,,seinen,בְמָתְנָ֑יו,4,False,,
18040016,8,,Lenden,בְמָתְנָ֑יו,4,False,,
18040016,9,,und,וְ֝אֹנ֗וֹ,5,False,,
18040016,10,,seine,וְ֝אֹנ֗וֹ,5,False,,
18040016,11,,Stärke,וְ֝אֹנ֗וֹ,5,False,,
18040016,12,,in,בִּשְׁרִירֵ֥י,6,False,,
18040016,13,,den,בִּשְׁרִירֵ֥י,6,True,,
18040016,14,,Muskeln,בִּשְׁרִירֵ֥י,6,False,,
18040016,15,,seines,בִטְנֽוֹ׃,7,False,,
18040016,16,,Bauches,בִטְנֽוֹ׃,7,False,,
18040017,1,,Er,יַחְפֹּ֣ץ,1,False,,
18040017,2,,biegt,יַחְפֹּ֣ץ,1,False,,
18040017,3,,seinen,זְנָב֣וֹ,2,False,,
18040017,4,,Schwanz,זְנָב֣וֹ,2,False,,
18040017,5,,gleich,כְמוֹ־,3,False,,
18040017,6,,einer,כְמוֹ־,3,True,,
18040017,7,,Ceder,אָ֑רֶז,4,False,,
18040017,8,,die,גִּידֵ֖י,5,True,,
18040017,9,,Sehnen,גִּידֵ֖י,5,False,,
18040017,10,,seiner,פַחֲדָ֣יו,6,False,,
18040017,11,,Schenkel,פַחֲדָ֣יו,6,False,,
18040017,12,,sind,יְשֹׂרָֽגוּ׃,7,False,,
18040017,13,,verflochten,יְשֹׂרָֽגוּ׃,7,False,,
18040018,1,,Seine,עֲ֭צָמָיו,1,False,,
18040018,2,,Knochen,עֲ֭צָמָיו,1,False,,
18040018,3,,sind,עֲ֭צָמָיו,1,False,,
18040018,4,,Röhren,אֲפִיקֵ֣י,2,False,,
18040018,5,,von,נְחוּשָׁ֑ה,3,False,,
18040018,6,,Erz,נְחוּשָׁ֑ה,3,False,,
18040018,7,,seine,גְּ֝רָמָ֗יו,4,False,,
18040018,8,,Gebeine,גְּ֝רָמָ֗יו,4,False,,
18040018,9,,gleich,כִּמְטִ֥יל,5,False,,
18040018,10,,Barren,כִּמְטִ֥יל,5,False,,
18040018,11,,von,בַּרְזֶֽל׃,6,False,,
18040018,12,,Eisen,בַּרְזֶֽל׃,6,False,,
18040019,1,,Er,ה֭וּא,1,False,,
18040019,2,,ist,ה֭וּא,1,False,,
18040019,3,,der,רֵאשִׁ֣ית,2,True,,
18040019,4,,Erstling,רֵאשִׁ֣ית,2,False,,
18040019,5,,der,דַּרְכֵי־,3,True,,
18040019,6,,Wege,דַּרְכֵי־,3,False,,
18040019,7,,Gottes,אֵ֑ל,4,False,,
18040019,8,,der,הָ֝עֹשׂוֹ,5,True,,
18040019,9,,ihn,הָ֝עֹשׂוֹ,5,False,,
18040019,10,,gemacht,הָ֝עֹשׂוֹ,5,False,,
18040019,11,,hat,הָ֝עֹשׂוֹ,5,False,,
18040019,12,,ihm,יַגֵּ֥שׁ,6,False,,
18040019,13,,sein,חַרְבּֽוֹ׃,7,False,,
18040019,14,,Schwert,חַרְבּֽוֹ׃,7,False,,
18040019,15,,beschafft,יַגֵּ֥שׁ,6,False,,
18040020,1,,Denn,כִּֽי־,1,False,,
18040020,2,,die,הָרִ֣ים,3,True,,
18040020,3,,Berge,הָרִ֣ים,3,False,,
18040020,4,,tragen,יִשְׂאוּ־,4,False,,
18040020,5,,ihm,ל֑וֹ,5,False,,
18040020,6,,Futter,ב֭וּל,2,False,,
18040020,7,,und,וְֽכָל־,6,False,,
18040020,8,,daselbst,שָֽׁם׃,10,False,,
18040020,9,,spielt,יְשַֽׂחֲקוּ־,9,False,,
18040020,10,,alles,וְֽכָל־,6,False,,
18040020,11,,Getier,חַיַּ֥ת,7,False,,
18040020,12,,des,הַ֝שָּׂדֶ֗ה,8,True,,
18040020,13,,Feldes,הַ֝שָּׂדֶ֗ה,8,False,,
18040021,1,,Unter,תַּֽחַת־,1,False,,
18040021,2,,Lotosbüschen,צֶאֱלִ֥ים,2,False,,
18040021,3,,legt,יִשְׁכָּ֑ב,3,False,,
18040021,4,,er,יִשְׁכָּ֑ב,3,False,,
18040021,5,,sich,יִשְׁכָּ֑ב,3,False,,
18040021,6,,nieder,יִשְׁכָּ֑ב,3,False,,
18040021,7,,im,בְּסֵ֖תֶר,4,False,,
18040021,8,,Versteck,בְּסֵ֖תֶר,4,False,,
18040021,9,,von,קָנֶ֣ה,5,False,,
18040021,10,,Rohr,קָנֶ֣ה,5,False,,
18040021,11,,und,וּבִצָּֽה׃,6,False,,
18040021,12,,Sumpf,וּבִצָּֽה׃,6,False,,
18040022,1,,Lotosbüsche,צֶאֱלִ֣ים,2,False,,
18040022,2,,bedecken,יְסֻכֻּ֣הוּ,1,False,,
18040022,3,,ihn,יְסֻכֻּ֣הוּ,1,False,,
18040022,4,,mit,צִֽלֲל֑וֹ,3,False,,
18040022,5,,ihrem,צִֽלֲל֑וֹ,3,False,,
18040022,6,,Schatten,צִֽלֲל֑וֹ,3,False,,
18040022,7,,es,יְ֝סֻבּ֗וּהוּ,4,False,,
18040022,8,,umgeben,יְ֝סֻבּ֗וּהוּ,4,False,,
18040022,9,,ihn,יְ֝סֻבּ֗וּהוּ,4,False,,
18040022,10,,die,עַרְבֵי־,5,True,,
18040022,11,,Weiden,עַרְבֵי־,5,False,,
18040022,12,,des,נָֽחַל׃,6,True,,
18040022,13,,Baches,נָֽחַל׃,6,False,,
18040023,1,,Siehe,הֵ֤ן,1,False,,
18040023,2,,der,הֵ֤ן,1,True,,
18040023,3,,Strom,נָ֭הָר,3,False,,
18040023,4,,schwillt,יַעֲשֹׁ֣ק,2,False,,
18040023,5,,mächtig,יַעֲשֹׁ֣ק,2,True,,
18040023,6,,an,יַעֲשֹׁ֣ק,2,True,,
18040023,7,,er,יַחְפּ֑וֹז,5,False,,
18040023,8,,flieht,יַחְפּ֑וֹז,5,False,,
18040023,9,,nicht,לֹ֣א,4,False,,
18040023,10,,ängstlich,יַחְפּ֑וֹז,5,True,,
18040023,11,,davon,יַחְפּ֑וֹז,5,True,,
18040023,12,,er,יִבְטַ֓ח׀,6,False,,
18040023,13,,bleibt,יִבְטַ֓ח׀,6,False,,
18040023,14,,wohlgemut,יִבְטַ֓ח׀,6,True,,
18040023,15,,wenn,כִּֽי־,7,False,,
18040023,16,,ein,כִּֽי־,7,True,,
18040023,17,,Jordan,יַרְדֵּ֣ן,9,False,,
18040023,18,,gegen,אֶל־,10,False,,
18040023,19,,sein,פִּֽיהוּ׃,11,False,,
18040023,20,,Maul,פִּֽיהוּ׃,11,False,,
18040023,21,,hervorbricht,יָגִ֖יחַ,8,False,,
18040024,1,,Fängt,יִקָּחֶ֑נּוּ,2,False,,
18040024,2,,man,יִקָּחֶ֑נּוּ,2,False,,
18040024,3,,ihn,יִקָּחֶ֑נּוּ,2,False,,
18040024,4,,wohl,יִקָּחֶ֑נּוּ,2,True,,
18040024,5,,vor,בְּעֵינָ֥יו,1,False,,
18040024,6,,seinen,בְּעֵינָ֥יו,1,False,,
18040024,7,,Augen,בְּעֵינָ֥יו,1,False,,
18040024,8,,durchbohrt,יִנְקָב־,4,False,,
18040024,9,,man,יִנְקָב־,4,False,,
18040024,10,,ihm,יִנְקָב־,4,False,,
18040024,11,,die,יִנְקָב־,4,True,,
18040024,12,,Nase,אָֽף׃,5,False,,
18040024,13,,mit,בְּ֝מֽוֹקְשִׁ֗ים,3,False,,
18040024,14,,einem,בְּ֝מֽוֹקְשִׁ֗ים,3,False,,
18040024,15,,Fangseile,בְּ֝מֽוֹקְשִׁ֗ים,3,False,,
18040025,1,,Ziehst,תִּמְשֹׁ֣ךְ,1,False,,
18040025,2,,du,תִּמְשֹׁ֣ךְ,1,False,,
18040025,3,,den,לִוְיָתָ֣ן,2,False,,
18040025,4,,Leviathan,לִוְיָתָ֣ן,2,False,,
18040025,5,,herbei,תִּמְשֹׁ֣ךְ,1,True,,
18040025,6,,mit,בְּחַכָּ֑ה,3,False,,
18040025,7,,der,בְּחַכָּ֑ה,3,True,,
18040025,8,,Angel,בְּחַכָּ֑ה,3,False,,
18040025,9,,und,וּ֝בְחֶ֗בֶל,4,False,,
18040025,10,,senkst,תַּשְׁקִ֥יעַ,5,False,,
18040025,11,,du,תַּשְׁקִ֥יעַ,5,False,,
18040025,12,,seine,לְשֹׁנֽוֹ׃,6,False,,
18040025,13,,Zunge,לְשֹׁנֽוֹ׃,6,False,,
18040025,14,,in,לְשֹׁנֽוֹ׃,6,True,,
18040025,15,,die,לְשֹׁנֽוֹ׃,6,True,,
18040025,16,,Angelschnur,לְשֹׁנֽוֹ׃,6,False,,
18040026,1,,Kannst,הֲתָשִׂ֣ים,1,False,,
18040026,2,,du,הֲתָשִׂ֣ים,1,False,,
18040026,3,,einen,אַגְמ֣וֹן,2,False,,
18040026,4,,Binsenstrick,אַגְמ֣וֹן,2,False,,
18040026,5,,durch,בְּאַפּ֑וֹ,3,False,,
18040026,6,,seine,בְּאַפּ֑וֹ,3,False,,
18040026,7,,Nase,בְּאַפּ֑וֹ,3,False,,
18040026,8,,ziehen,הֲתָשִׂ֣ים,1,True,,
18040026,9,,und,וּ֝בְח֗וֹחַ,4,False,,
18040026,10,,seinen,וּ֝בְח֗וֹחַ,4,False,,
18040026,11,,Kinnbacken,לֶֽחֱיוֹ׃,6,False,,
18040026,12,,mit,וּ֝בְח֗וֹחַ,4,True,,
18040026,13,,einem,וּ֝בְח֗וֹחַ,4,True,,
18040026,14,,Ringe,וּ֝בְח֗וֹחַ,4,True,,
18040026,15,,durchbohren,תִּקּ֥וֹב,5,False,,
18040027,1,,Wird,הֲיַרְבֶּ֣ה,1,False,,
18040027,2,,er,הֲיַרְבֶּ֣ה,1,False,,
18040027,3,,viel,הֲיַרְבֶּ֣ה,1,True,,
18040027,4,,Flehens,תַּחֲנוּנִ֑ים,3,False,,
18040027,5,,an,הֲיַרְבֶּ֣ה,1,True,,
18040027,6,,dich,אֵ֭לֶיךָ,2,False,,
18040027,7,,richten,הֲיַרְבֶּ֣ה,1,False,,
18040027,8,,oder,אִם־,4,False,,
18040027,9,,dir,אֵלֶ֣יךָ,6,False,,
18040027,10,,sanfte,רַכּֽוֹת׃,7,False,,
18040027,11,,Worte,רַכּֽוֹת׃,7,False,,
18040027,12,,geben,יְדַבֵּ֖ר,5,False,,
18040028,1,,Wird,הֲיִכְרֹ֣ת,1,False,,
18040028,2,,er,הֲיִכְרֹ֣ת,1,False,,
18040028,3,,einen,בְּרִ֣ית,2,False,,
18040028,4,,Bund,בְּרִ֣ית,2,False,,
18040028,5,,mit,עִמָּ֑ךְ,3,False,,
18040028,6,,dir,עִמָּ֑ךְ,3,False,,
18040028,7,,machen,הֲיִכְרֹ֣ת,1,False,,
18040028,8,,daß,תִּ֝קָּחֶ֗נּוּ,4,False,,
18040028,9,,du,תִּ֝קָּחֶ֗נּוּ,4,False,,
18040028,10,,ihn,תִּ֝קָּחֶ֗נּוּ,4,False,,
18040028,11,,zum,לְעֶ֣בֶד,5,False,,
18040028,12,,ewigen,עוֹלָֽם׃,6,False,,
18040028,13,,Knechte,לְעֶ֣בֶד,5,False,,
18040028,14,,nehmest,תִּ֝קָּחֶ֗נּוּ,4,False,,
18040029,1,,Wirst,הַֽתְשַׂחֶק־,1,False,,
18040029,2,,du,הַֽתְשַׂחֶק־,1,False,,
18040029,3,,mit,הַֽתְשַׂחֶק־,1,True,,
18040029,4,,ihm,בּ֭וֹ,2,False,,
18040029,5,,spielen,הַֽתְשַׂחֶק־,1,False,,
18040029,6,,wie,כַּצִּפּ֑וֹר,3,False,,
18040029,7,,mit,כַּצִּפּ֑וֹר,3,False,,
18040029,8,,einem,כַּצִּפּ֑וֹר,3,True,,
18040029,9,,Vogel,כַּצִּפּ֑וֹר,3,False,,
18040029,10,,und,וְ֝תִקְשְׁרֶ֗נּוּ,4,False,,
18040029,11,,ihn,וְ֝תִקְשְׁרֶ֗נּוּ,4,False,,
18040029,12,,anbinden,וְ֝תִקְשְׁרֶ֗נּוּ,4,False,,
18040029,13,,für,לְנַעֲרוֹתֶֽיךָ׃,5,False,,
18040029,14,,deine,לְנַעֲרוֹתֶֽיךָ׃,5,False,,
18040029,15,,Mädchen,לְנַעֲרוֹתֶֽיךָ׃,5,False,,
18040030,1,,Werden,יִכְר֣וּ,1,False,,
18040030,2,,die,יִכְר֣וּ,1,True,,
18040030,3,,Fischergenossen,חַבָּרִ֑ים,3,False,,
18040030,4,,ihn,עָ֭לָיו,2,False,,
18040030,5,,verhandeln,יִכְר֣וּ,1,False,,
18040030,6,,ihn,יֶ֝חֱצ֗וּהוּ,4,False,,
18040030,7,,verteilen,יֶ֝חֱצ֗וּהוּ,4,False,,
18040030,8,,unter,בֵּ֣ין,5,False,,
18040030,9,,Kaufleute,כְּֽנַעֲנִֽים׃,6,False,,
18040031,1,,Kannst,הַֽתְמַלֵּ֣א,1,False,,
18040031,2,,du,הַֽתְמַלֵּ֣א,1,False,,
18040031,3,,seine,עוֹר֑וֹ,3,False,,
18040031,4,,Haut,עוֹר֑וֹ,3,False,,
18040031,5,,mit,בְשֻׂכּ֣וֹת,2,False,,
18040031,6,,Spießen,בְשֻׂכּ֣וֹת,2,False,,
18040031,7,,füllen,הַֽתְמַלֵּ֣א,1,False,,
18040031,8,,und,וּבְצִלְצַ֖ל,4,False,,
18040031,9,,seinen,רֹאשֽׁוֹ׃,6,False,,
18040031,10,,Kopf,רֹאשֽׁוֹ׃,6,False,,
18040031,11,,mit,וּבְצִלְצַ֖ל,4,False,,
18040031,12,,Fischharpunen,דָּגִ֣ים,5,False,,
18040032,1,,Lege,שִׂים־,1,False,,
18040032,2,,deine,כַּפֶּ֑ךָ,3,False,,
18040032,3,,Hand,כַּפֶּ֑ךָ,3,False,,
18040032,4,,an,עָלָ֥יו,2,False,,
18040032,5,,ihn,עָלָ֥יו,2,False,,
18040032,6,,gedenke,זְכֹ֥ר,4,False,,
18040032,7,,des,מִ֝לְחָמָ֗ה,5,False,,
18040032,8,,Kampfes,מִ֝לְחָמָ֗ה,5,False,,
18040032,9,,tue,אַל־,6,False,,
18040032,10,,es,תּוֹסַֽף׃,7,False,,
18040032,11,,nicht,אַל־,6,False,,
18040032,12,,wieder,תּוֹסַֽף׃,7,False,,
18041001,1,,Siehe,הֵן־,1,False,,
18041001,2,,eines,תֹּחַלְתּ֥וֹ,2,False,,
18041001,3,,jeden,תֹּחַלְתּ֥וֹ,2,False,,
18041001,4,,Hoffnung,תֹּחַלְתּ֥וֹ,2,False,,
18041001,5,,wird,נִכְזָ֑בָה,3,False,,
18041001,6,,betrogen,נִכְזָ֑בָה,3,False,,
18041001,7,,wird,הֲגַ֖ם,4,False,,
18041001,8,,man,יֻטָֽל׃,7,False,,
18041001,9,,nicht,יֻטָֽל׃,7,False,,
18041001,10,,schon,הֲגַ֖ם,4,False,,
18041001,11,,bei,אֶל־,5,False,,
18041001,12,,seinem,מַרְאָ֣יו,6,False,,
18041001,13,,Anblick,מַרְאָ֣יו,6,False,,
18041001,14,,niedergeworfen,יֻטָֽל׃,7,False,,
18041002,1,,Niemand,לֹֽא־,1,False,,
18041002,2,,ist,לֹֽא־,1,False,,
18041002,3,,so,אַ֭כְזָר,2,False,,
18041002,4,,kühn,אַ֭כְזָר,2,False,,
18041002,5,,daß,כִּ֣י,3,False,,
18041002,6,,er,יְעוּרֶ֑נּוּ,4,False,,
18041002,7,,ihn,יְעוּרֶ֑נּוּ,4,False,,
18041002,8,,aufreize,יְעוּרֶ֑נּוּ,4,False,,
18041002,9,,Und,וּמִ֥י,5,False,,
18041002,10,,wer,וּמִ֥י,5,False,,
18041002,11,,ist,ה֝֗וּא,6,False,,
18041002,12,,es,ה֝֗וּא,6,False,,
18041002,13,,der,ה֝֗וּא,6,False,,
18041002,14,,sich,לְפָנַ֥י,7,False,,
18041002,15,,vor,לְפָנַ֥י,7,False,,
18041002,16,,mein,לְפָנַ֥י,7,False,,
18041002,17,,Angesicht,לְפָנַ֥י,7,False,,
18041002,18,,stellen,יִתְיַצָּֽב׃,8,False,,
18041002,19,,dürfte,יִתְיַצָּֽב׃,8,False,,
18041003,1,,Wer,מִ֣י,1,False,,
18041003,2,,hat,הִ֭קְדִּימַנִי,2,False,,
18041003,3,,mir,לִי־,7,False,,
18041003,4,,zuvor,הִ֭קְדִּימַנִי,2,False,,
18041003,5,,gegeben,הִ֭קְדִּימַנִי,2,False,,
18041003,6,,und,וַאֲשַׁלֵּ֑ם,3,False,,
18041003,7,,ich,וַאֲשַׁלֵּ֑ם,3,False,,
18041003,8,,werde,וַאֲשַׁלֵּ֑ם,3,False,,
18041003,9,,ihm,וַאֲשַׁלֵּ֑ם,3,False,,
18041003,10,,vergelten,וַאֲשַׁלֵּ֑ם,3,False,,
18041003,11,,Was,תַּ֖חַת,4,False,,
18041003,12,,unter,כָּל־,5,False,,
18041003,13,,dem,כָּל־,5,False,,
18041003,14,,ganzen,כָּל־,5,False,,
18041003,15,,Himmel,הַשָּׁמַ֣יִם,6,False,,
18041003,16,,ist,הֽוּא׃,8,False,,
18041003,17,,ist,הֽוּא׃,8,False,,
18041003,18,,mein,לִי־,7,False,,
18041004,1,,Nicht,אַחֲרִ֥ישׁ,2,False,,
18041004,2,,schweigen,אַחֲרִ֥ישׁ,2,False,,
18041004,3,,will,אַחֲרִ֥ישׁ,2,False,,
18041004,4,,ich,אַחֲרִ֥ישׁ,2,False,,
18041004,5,,von,בַּדָּ֑יו,3,False,,
18041004,6,,seinen,בַּדָּ֑יו,3,False,,
18041004,7,,Gliedern,בַּדָּ֑יו,3,False,,
18041004,8,,und,וּדְבַר־,4,False,,
18041004,9,,von,וּדְבַר־,4,False,,
18041004,10,,seiner,גְּ֝בוּר֗וֹת,5,False,,
18041004,11,,Kraftfülle,גְּ֝בוּר֗וֹת,5,False,,
18041004,12,,und,וְחִ֣ין,6,False,,
18041004,13,,von,וְחִ֣ין,6,False,,
18041004,14,,der,וְחִ֣ין,6,False,,
18041004,15,,Schönheit,וְחִ֣ין,6,False,,
18041004,16,,seines,עֶרְכּֽוֹ׃,7,False,,
18041004,17,,Baues,עֶרְכּֽוֹ׃,7,False,,
18041005,1,,Wer,מִֽי־,1,False,,
18041005,2,,deckte,גִ֭לָּה,2,False,,
18041005,3,,die,פְּנֵ֣י,3,False,,
18041005,4,,Oberfläche,פְּנֵ֣י,3,False,,
18041005,5,,seines,לְבוּשׁ֑וֹ,4,False,,
18041005,6,,Gewandes,לְבוּשׁ֑וֹ,4,False,,
18041005,7,,auf,גִ֭לָּה,2,True,,
18041005,8,,In,בְּכֶ֥פֶל,5,False,,
18041005,9,,sein,רִ֝סְנ֗וֹ,6,False,,
18041005,10,,Doppelgebiß,רִ֝סְנ֗וֹ,6,False,,
18041005,11,,wer,מִ֣י,7,False,,
18041005,12,,dringt,יָבֽוֹא׃,8,False,,
18041005,13,,da,יָבֽוֹא׃,8,False,,
18041005,14,,hinein,יָבֽוֹא׃,8,False,,
18041006,1,,Wer,מִ֣י,3,False,,
18041006,2,,tat,פִתֵּ֑חַ,4,False,,
18041006,3,,die,דַּלְתֵ֣י,1,False,,
18041006,4,,Pforte,דַּלְתֵ֣י,1,False,,
18041006,5,,seines,פָ֭נָיו,2,False,,
18041006,6,,Angesichts,פָ֭נָיו,2,False,,
18041006,7,,auf,סְבִיב֖וֹת,5,False,,
18041006,8,,Der,סְבִיב֖וֹת,5,True,,
18041006,9,,Kreis,סְבִיב֖וֹת,5,False,,
18041006,10,,seiner,שִׁנָּ֣יו,6,False,,
18041006,11,,Zähne,שִׁנָּ֣יו,6,False,,
18041006,12,,ist,אֵימָֽה׃,7,False,,
18041006,13,,ein,אֵימָֽה׃,7,True,,
18041006,14,,Schrecken,אֵימָֽה׃,7,False,,
18041007,1,,Ein,גַּ֭אֲוָה,1,True,,
18041007,2,,Stolz,גַּ֭אֲוָה,1,False,,
18041007,3,,sind,אֲפִיקֵ֣י,2,False,,
18041007,4,,seine,אֲפִיקֵ֣י,2,False,,
18041007,5,,starken,מָֽגִנִּ֑ים,3,False,,
18041007,6,,Schilder,מָֽגִנִּ֑ים,3,False,,
18041007,7,,jedes,סָ֝ג֗וּר,4,False,,
18041007,8,,einzelne,סָ֝ג֗וּר,4,False,,
18041007,9,,verschlossen,סָ֝ג֗וּר,4,False,,
18041007,10,,mit,חוֹתָ֥ם,5,False,,
18041007,11,,festem,חוֹתָ֥ם,5,False,,
18041007,12,,Siegel,צָֽר׃,6,False,,
18041008,1,,Eines,אֶחָ֣ד,1,False,,
18041008,2,,fügt,יִגַּ֑שׁוּ,3,False,,
18041008,3,,sich,יִגַּ֑שׁוּ,3,False,,
18041008,4,,ans,בְּאֶחָ֣ד,2,False,,
18041008,5,,andere,בְּאֶחָ֣ד,2,False,,
18041008,6,,und,וְ֝ר֗וּחַ,4,False,,
18041008,7,,keine,לֹא־,5,False,,
18041008,8,,Luft,וְ֝ר֗וּחַ,4,False,,
18041008,9,,dringt,יָב֥וֹא,6,False,,
18041008,10,,dazwischen,בֵֽינֵיהֶֽם׃,7,False,,
18041009,1,,Stück,אִישׁ־,1,False,,
18041009,2,,an,בְּאָחִ֥יהוּ,2,False,,
18041009,3,,Stück,בְּאָחִ֥יהוּ,2,False,,
18041009,4,,hangen,יְדֻבָּ֑קוּ,3,False,,
18041009,5,,sie,יְדֻבָּ֑קוּ,3,False,,
18041009,6,,fest,יִ֝תְלַכְּד֗וּ,4,False,,
18041009,7,,zusammen,יִ֝תְלַכְּד֗וּ,4,False,,
18041009,8,,greifen,יִ֝תְלַכְּד֗וּ,4,False,,
18041009,9,,ineinander,יִ֝תְלַכְּד֗וּ,4,False,,
18041009,10,,und,וְלֹ֣א,5,False,,
18041009,11,,trennen,יִתְפָּרָֽדוּ׃,6,False,,
18041009,12,,sich,יִתְפָּרָֽדוּ׃,6,False,,
18041009,13,,nicht,יִתְפָּרָֽדוּ׃,6,False,,
18041010,1,,Sein,עֲֽ֭טִישֹׁתָיו,1,False,,
18041010,2,,Niesen,עֲֽ֭טִישֹׁתָיו,1,False,,
18041010,3,,strahlt,תָּ֣הֶל,2,False,,
18041010,4,,Licht,א֑וֹר,3,False,,
18041010,5,,aus,תָּ֣הֶל,2,False,,
18041010,6,,und,וְ֝עֵינָ֗יו,4,False,,
18041010,7,,seine,וְ֝עֵינָ֗יו,4,False,,
18041010,8,,Augen,וְ֝עֵינָ֗יו,4,False,,
18041010,9,,sind,כְּעַפְעַפֵּי־,5,False,,
18041010,10,,gleich,כְּעַפְעַפֵּי־,5,False,,
18041010,11,,den,כְּעַפְעַפֵּי־,5,True,,
18041010,12,,Wimpern,כְּעַפְעַפֵּי־,5,False,,
18041010,13,,der,שָֽׁחַר׃,6,False,,
18041010,14,,Morgenröte,שָֽׁחַר׃,6,False,,
18041011,1,,Aus,מִ֭פִּיו,1,False,,
18041011,2,,seinem,מִ֭פִּיו,1,False,,
18041011,3,,Rachen,מִ֭פִּיו,1,False,,
18041011,4,,gehen,יַהֲלֹ֑כוּ,3,False,,
18041011,5,,Fackeln,לַפִּידִ֣ים,2,False,,
18041011,6,,sprühen,יִתְמַלָּֽטוּ׃,6,False,,
18041011,7,,feurige,אֵ֝֗שׁ,5,False,,
18041011,8,,Funken,כִּיד֥וֹדֵי,4,False,,
18041011,9,,hervor,יִתְמַלָּֽטוּ׃,6,False,,
18041012,1,,Aus,מִ֭נְּחִירָיו,1,False,,
18041012,2,,seinen,מִ֭נְּחִירָיו,1,False,,
18041012,3,,Nüstern,מִ֭נְּחִירָיו,1,False,,
18041012,4,,fährt,יֵצֵ֣א,2,False,,
18041012,5,,Rauch,עָשָׁ֑ן,3,False,,
18041012,6,,wie,כְּד֖וּד,4,False,,
18041012,7,,aus,כְּד֖וּד,4,False,,
18041012,8,,einem,כְּד֖וּד,4,True,,
18041012,9,,siedenden,נָפ֣וּחַ,5,False,,
18041012,10,,Topfe,כְּד֖וּד,4,False,,
18041012,11,,und,וְאַגְמֹֽן׃,6,False,,
18041012,12,,Kessel,וְאַגְמֹֽן׃,6,False,,
18041013,1,,Sein,נַ֭פְשׁוֹ,1,False,,
18041013,2,,Hauch,נַ֭פְשׁוֹ,1,False,,
18041013,3,,entzündet,תְּלַהֵ֑ט,3,False,,
18041013,4,,Kohlen,גֶּחָלִ֣ים,2,False,,
18041013,5,,und,וְ֝לַ֗הַב,4,False,,
18041013,6,,eine,וְ֝לַ֗הַב,4,True,,
18041013,7,,Flamme,וְ֝לַ֗הַב,4,False,,
18041013,8,,fährt,יֵצֵֽא׃,6,False,,
18041013,9,,aus,יֵצֵֽא׃,6,False,,
18041013,10,,seinem,מִפִּ֥יו,5,False,,
18041013,11,,Rachen,מִפִּ֥יו,5,False,,
18041014,1,,In,בְּֽ֭צַוָּארוֹ,1,False,,
18041014,2,,seinem,בְּֽ֭צַוָּארוֹ,1,False,,
18041014,3,,Halse,בְּֽ֭צַוָּארוֹ,1,False,,
18041014,4,,wohnt,יָלִ֣ין,2,False,,
18041014,5,,Stärke,עֹ֑ז,3,False,,
18041014,6,,und,וּ֝לְפָנָ֗יו,4,False,,
18041014,7,,die,וּ֝לְפָנָ֗יו,4,True,,
18041014,8,,Angst,דְּאָבָֽה׃,6,False,,
18041014,9,,hüpft,תָּד֥וּץ,5,False,,
18041014,10,,vor,וּ֝לְפָנָ֗יו,4,False,,
18041014,11,,ihm,וּ֝לְפָנָ֗יו,4,False,,
18041014,12,,her,תָּד֥וּץ,5,False,,
18041015,1,,Die,מַפְּלֵ֣י,1,True,,
18041015,2,,Wampen,מַפְּלֵ֣י,1,False,,
18041015,3,,seines,בְשָׂר֣וֹ,2,False,,
18041015,4,,Fleisches,בְשָׂר֣וֹ,2,False,,
18041015,5,,schließen,דָבֵ֑קוּ,3,False,,
18041015,6,,an,דָבֵ֑קוּ,3,False,,
18041015,7,,sind,דָבֵ֑קוּ,3,False,,
18041015,8,,ihm,עָ֝לָ֗יו,5,False,,
18041015,9,,fest,יָצ֥וּק,4,False,,
18041015,10,,angegossen,יָצ֥וּק,4,False,,
18041015,11,,unbeweglich,בַּל־,6,False,,
18041016,1,,Sein,לִ֭בּוֹ,1,False,,
18041016,2,,Herz,לִ֭בּוֹ,1,False,,
18041016,3,,ist,יָצ֣וּק,2,False,,
18041016,4,,hart,יָצ֣וּק,2,False,,
18041016,5,,wie,כְּמוֹ־,3,False,,
18041016,6,,Stein,אָ֑בֶן,4,False,,
18041016,7,,und,וְ֝יָצ֗וּק,5,False,,
18041016,8,,hart,וְ֝יָצ֗וּק,5,False,,
18041016,9,,wie,כְּפֶ֣לַח,6,False,,
18041016,10,,ein,כְּפֶ֣לַח,6,True,,
18041016,11,,unterer,תַּחְתִּֽית׃,7,False,,
18041016,12,,Mühlstein,תַּחְתִּֽית׃,7,False,,
18041017,1,,Vor,מִ֭שֵּׂתוֹ,1,False,,
18041017,2,,seinem,מִ֭שֵּׂתוֹ,1,False,,
18041017,3,,Erheben,מִ֭שֵּׂתוֹ,1,False,,
18041017,4,,fürchten,יָג֣וּרוּ,2,False,,
18041017,5,,sich,יָג֣וּרוּ,2,False,,
18041017,6,,Starke,אֵלִ֑ים,3,False,,
18041017,7,,vor,מִ֝שְּׁבָרִ֗ים,4,False,,
18041017,8,,Verzagtheit,מִ֝שְּׁבָרִ֗ים,4,False,,
18041017,9,,geraten,יִתְחַטָּֽאוּ׃,5,False,,
18041017,10,,sie,יִתְחַטָּֽאוּ׃,5,False,,
18041017,11,,außer,יִתְחַטָּֽאוּ׃,5,False,,
18041017,12,,sich,יִתְחַטָּֽאוּ׃,5,False,,
18041018,1,,Trifft,מַשִּׂיגֵ֣הוּ,1,False,,
18041018,2,,man,מַשִּׂיגֵ֣הוּ,1,False,,
18041018,3,,ihn,מַשִּׂיגֵ֣הוּ,1,False,,
18041018,4,,mit,חֶ֭רֶב,2,False,,
18041018,5,,dem,חֶ֭רֶב,2,False,,
18041018,6,,Schwerte,חֶ֭רֶב,2,False,,
18041018,7,,es,תָק֑וּם,4,False,,
18041018,8,,hält,תָק֑וּם,4,False,,
18041018,9,,nicht,בְּלִ֣י,3,False,,
18041018,10,,stand,תָק֑וּם,4,False,,
18041018,11,,noch,חֲנִ֖ית,5,False,,
18041018,12,,Speer,חֲנִ֖ית,5,False,,
18041018,13,,noch,מַסָּ֣ע,6,False,,
18041018,14,,Wurfspieß,מַסָּ֣ע,6,False,,
18041018,15,,noch,וְשִׁרְיָֽה׃,7,False,,
18041018,16,,Harpune,וְשִׁרְיָֽה׃,7,False,,
18041019,1,,Das,יַחְשֹׁ֣ב,1,True,,
18041019,2,,Eisen,בַּרְזֶ֑ל,3,False,,
18041019,3,,achtet,יַחְשֹׁ֣ב,1,False,,
18041019,4,,er,יַחְשֹׁ֣ב,1,False,,
18041019,5,,für,לְתֶ֣בֶן,2,False,,
18041019,6,,Stroh,לְתֶ֣בֶן,2,False,,
18041019,7,,das,לְעֵ֖ץ,4,True,,
18041019,8,,Erz,נְחוּשָֽׁה׃,6,False,,
18041019,9,,für,לְעֵ֖ץ,4,False,,
18041019,10,,faules,רִקָּב֣וֹן,5,False,,
18041019,11,,Holz,לְעֵ֖ץ,4,False,,
18041020,1,,Der,לֹֽא־,1,True,,
18041020,2,,Pfeil,בֶן־,3,False,,
18041020,3,,jagt,יַבְרִיחֶ֥נּוּ,2,False,,
18041020,4,,ihn,יַבְרִיחֶ֥נּוּ,2,False,,
18041020,5,,nicht,לֹֽא־,1,False,,
18041020,6,,in,נֶהְפְּכוּ־,6,False,,
18041020,7,,die,נֶהְפְּכוּ־,6,True,,
18041020,8,,Flucht,נֶהְפְּכוּ־,6,False,,
18041020,9,,Schleudersteine,אַבְנֵי־,8,False,,
18041020,10,,verwandeln,נֶהְפְּכוּ־,6,False,,
18041020,11,,sich,נֶהְפְּכוּ־,6,False,,
18041020,12,,ihm,ל֥וֹ,7,False,,
18041020,13,,in,לְ֝קַ֗שׁ,5,False,,
18041020,14,,Stoppeln,לְ֝קַ֗שׁ,5,False,,
18041021,1,,Wie,כְּ֭קַשׁ,1,False,,
18041021,2,,Stoppeln,כְּ֭קַשׁ,1,False,,
18041021,3,,gilt,נֶחְשְׁב֣וּ,2,False,,
18041021,4,,ihm,נֶחְשְׁב֣וּ,2,False,,
18041021,5,,die,תוֹתָ֑ח,3,True,,
18041021,6,,Keule,תוֹתָ֑ח,3,False,,
18041021,7,,und,וְ֝יִשְׂחַ֗ק,4,False,,
18041021,8,,er,וְ֝יִשְׂחַ֗ק,4,False,,
18041021,9,,verlacht,וְ֝יִשְׂחַ֗ק,4,False,,
18041021,10,,das,לְרַ֣עַשׁ,5,True,,
18041021,11,,Sausen,לְרַ֣עַשׁ,5,False,,
18041021,12,,des,כִּידֽוֹן׃,6,True,,
18041021,13,,Wurfspießes,כִּידֽוֹן׃,6,False,,
18041022,1,,Unter,תַּ֭חְתָּיו,1,False,,
18041022,2,,ihm,תַּ֭חְתָּיו,1,False,,
18041022,3,,sind,חַדּ֣וּדֵי,2,False,,
18041022,4,,scharfe,חַדּ֣וּדֵי,2,False,,
18041022,5,,Scherben,חָ֑רֶשׂ,3,False,,
18041022,6,,einen,יִרְפַּ֖ד,4,True,,
18041022,7,,Dreschschlitten,יִרְפַּ֖ד,4,False,,
18041022,8,,breitet,יִרְפַּ֖ד,4,False,,
18041022,9,,er,יִרְפַּ֖ד,4,False,,
18041022,10,,hin,חָר֣וּץ,5,False,,
18041022,11,,auf,עֲלֵי־,6,False,,
18041022,12,,den,עֲלֵי־,6,True,,
18041022,13,,Schlamm,טִֽיט׃,7,False,,
18041023,1,,Er,יַרְתִּ֣יחַ,1,False,,
18041023,2,,macht,יַרְתִּ֣יחַ,1,False,,
18041023,3,,die,מְצוּלָ֑ה,3,True,,
18041023,4,,Tiefe,מְצוּלָ֑ה,3,False,,
18041023,5,,sieden,יַרְתִּ֣יחַ,1,False,,
18041023,6,,wie,כַּסִּ֣יר,2,False,,
18041023,7,,einen,כַּסִּ֣יר,2,True,,
18041023,8,,Topf,כַּסִּ֣יר,2,False,,
18041023,9,,macht,יָשִׂ֥ים,5,False,,
18041023,10,,das,יָ֝֗ם,4,True,,
18041023,11,,Meer,יָ֝֗ם,4,False,,
18041023,12,,wie,כַּמֶּרְקָחָֽה׃,6,False,,
18041023,13,,einen,כַּמֶּרְקָחָֽה׃,6,True,,
18041023,14,,Salbenkessel,כַּמֶּרְקָחָֽה׃,6,False,,
18041024,1,,Hinter,אַ֭חֲרָיו,1,False,,
18041024,2,,ihm,אַ֭חֲרָיו,1,False,,
18041024,3,,leuchtet,יָאִ֣יר,2,False,,
18041024,4,,der,נָתִ֑יב,3,True,,
18041024,5,,Pfad,נָתִ֑יב,3,False,,
18041024,6,,man,יַחְשֹׁ֖ב,4,False,,
18041024,7,,könnte,יַחְשֹׁ֖ב,4,False,,
18041024,8,,die,תְּה֣וֹם,5,True,,
18041024,9,,Tiefe,תְּה֣וֹם,5,False,,
18041024,10,,für,לְשֵׂיבָֽה׃,6,False,,
18041024,11,,graues,לְשֵׂיבָֽה׃,6,False,,
18041024,12,,Haar,לְשֵׂיבָֽה׃,6,False,,
18041024,13,,halten,לְשֵׂיבָֽה׃,6,False,,
18041025,1,,Auf,עַל־,2,False,,
18041025,2,,Erden,עָפָ֥ר,3,False,,
18041025,3,,ist,אֵֽין־,1,False,,
18041025,4,,keiner,אֵֽין־,1,False,,
18041025,5,,ihm,מָשְׁל֑וֹ,4,False,,
18041025,6,,gleich,מָשְׁל֑וֹ,4,False,,
18041025,7,,der,הֶ֝עָשׂ֗וּ,5,True,,
18041025,8,,geschaffen,הֶ֝עָשׂ֗וּ,5,False,,
18041025,9,,ist,הֶ֝עָשׂ֗וּ,5,False,,
18041025,10,,ohne,לִבְלִי־,6,False,,
18041025,11,,Furcht,חָֽת׃,7,False,,
18041026,1,,Alles,כָּל־,2,False,,
18041026,2,,Hohe,גָּבֹ֥הַּ,3,False,,
18041026,3,,sieht,יִרְאֶ֑ה,4,False,,
18041026,4,,er,ה֝֗וּא,5,False,,
18041026,5,,an,יִרְאֶ֑ה,4,False,,
18041026,6,,er,ה֝֗וּא,5,False,,
18041026,7,,ist,מֶ֣לֶךְ,6,False,,
18041026,8,,König,מֶ֣לֶךְ,6,False,,
18041026,9,,über,עַל־,7,False,,
18041026,10,,alle,כָּל־,8,False,,
18041026,11,,wilden,בְּנֵי־,9,False,,
18041026,12,,Tiere,שָֽׁחַץ׃ ס,10,False,,
18042001,1,,Und,וַיַּ֖עַן,1,False,,
18042001,2,,Hiob,אִיּ֥וֹב,2,False,,
18042001,3,,antwortete,וַיַּ֖עַן,1,False,,
18042001,4,,Jahwe,יְהוָ֗ה,4,False,,
18042001,5,,und,וַיֹּאמַֽר׃,5,False,,
18042001,6,,sprach,וַיֹּאמַֽר׃,5,False,,
18042002,1,,Ich,יָ֭דַעְתִּי,1,False,,
18042002,2,,weiß,יָ֭דַעְתִּי,1,False,,
18042002,3,,daß,כִּי־,2,False,,
18042002,4,,du,תּוּכָ֑ל,4,False,,
18042002,5,,alles,כֹ֣ל,3,False,,
18042002,6,,vermagst,תּוּכָ֑ל,4,False,,
18042002,7,,und,וְלֹא־,5,False,,
18042002,8,,kein,וְלֹא־,5,False,,
18042002,9,,Vorhaben,מְזִמָּֽה׃,8,False,,
18042002,10,,dir,מִמְּךָ֣,7,False,,
18042002,11,,verwehrt,יִבָּצֵ֖ר,6,False,,
18042002,12,,werden,יִבָּצֵ֖ר,6,False,,
18042002,13,,kann,תּוּכָ֑ל,4,False,,
18042003,1,,Wer,מִ֤י,1,False,,
18042003,2,,ist,מִ֤י,1,False,,
18042003,3,,es,זֶ֨ה׀,2,False,,
18042003,4,,der,מַעְלִ֥ים,3,False,,
18042003,5,,den,עֵצָ֗ה,4,True,,
18042003,6,,Rat,עֵצָ֗ה,4,False,,
18042003,7,,verhüllt,מַעְלִ֥ים,3,False,,
18042003,8,,ohne,בְּֽלִ֫י,5,False,,
18042003,9,,Erkenntnis,דָ֥עַת,6,False,,
18042003,10,,So,לָכֵ֣ן,7,False,,
18042003,11,,habe,הִ֭גַּדְתִּי,8,False,,
18042003,12,,ich,הִ֭גַּדְתִּי,8,False,,
18042003,13,,denn,לָכֵ֣ן,7,False,,
18042003,14,,beurteilt,הִ֭גַּדְתִּי,8,False,,
18042003,15,,was,נִפְלָא֥וֹת,11,False,,
18042003,16,,ich,אָבִ֑ין,10,False,,
18042003,17,,nicht,וְלֹ֣א,9,False,,
18042003,18,,verstand,אָבִ֑ין,10,False,,
18042003,19,,Dinge,נִפְלָא֥וֹת,11,False,,
18042003,20,,zu,נִפְלָא֥וֹת,11,False,,
18042003,21,,wunderbar,נִפְלָא֥וֹת,11,False,,
18042003,22,,für,מִ֝מֶּ֗נִּי,12,False,,
18042003,23,,mich,מִ֝מֶּ֗נִּי,12,False,,
18042003,24,,die,וְלֹ֣א,13,True,,
18042003,25,,ich,וְלֹ֣א,13,False,,
18042003,26,,nicht,וְלֹ֣א,13,False,,
18042003,27,,kannte,אֵדָֽע׃,14,False,,
18042004,1,,Höre,שְֽׁמַֽע־,1,False,,
18042004,2,,doch,נָ֭א,2,False,,
18042004,3,,und,וְאָנֹכִ֣י,3,False,,
18042004,4,,ich,וְאָנֹכִ֣י,3,False,,
18042004,5,,will,אֲדַבֵּ֑ר,4,False,,
18042004,6,,reden,אֲדַבֵּ֑ר,4,False,,
18042004,7,,ich,אֶ֝שְׁאָלְךָ֗,5,False,,
18042004,8,,will,אֶ֝שְׁאָלְךָ֗,5,False,,
18042004,9,,dich,אֶ֝שְׁאָלְךָ֗,5,False,,
18042004,10,,fragen,אֶ֝שְׁאָלְךָ֗,5,False,,
18042004,11,,und,וְהוֹדִיעֵֽנִי׃,6,False,,
18042004,12,,du,וְהוֹדִיעֵֽנִי׃,6,False,,
18042004,13,,belehre,וְהוֹדִיעֵֽנִי׃,6,False,,
18042004,14,,mich,וְהוֹדִיעֵֽנִי׃,6,False,,
18042005,1,,Mit,לְשֵֽׁמַע־,1,False,,
18042005,2,,dem,לְשֵֽׁמַע־,1,True,,
18042005,3,,Gehör,לְשֵֽׁמַע־,1,False,,
18042005,4,,des,אֹ֥זֶן,2,False,,
18042005,5,,Ohres,אֹ֥זֶן,2,False,,
18042005,6,,hatte,שְׁמַעְתִּ֑יךָ,3,False,,
18042005,7,,ich,שְׁמַעְתִּ֑יךָ,3,False,,
18042005,8,,von,שְׁמַעְתִּ֑יךָ,3,False,,
18042005,9,,dir,שְׁמַעְתִּ֑יךָ,3,False,,
18042005,10,,gehört,שְׁמַעְתִּ֑יךָ,3,False,,
18042005,11,,aber,וְ֝עַתָּ֗ה,4,False,,
18042005,12,,nun,וְ֝עַתָּ֗ה,4,False,,
18042005,13,,hat,רָאָֽתְךָ׃,6,False,,
18042005,14,,mein,עֵינִ֥י,5,False,,
18042005,15,,Auge,עֵינִ֥י,5,False,,
18042005,16,,dich,רָאָֽתְךָ׃,6,False,,
18042005,17,,gesehen,רָאָֽתְךָ׃,6,False,,
18042006,1,,Darum,עַל־,1,False,,
18042006,2,,verabscheue,אֶמְאַ֣ס,3,False,,
18042006,3,,ich,אֶמְאַ֣ס,3,False,,
18042006,4,,mich,אֶמְאַ֣ס,3,False,,
18042006,5,,und,וְנִחַ֑מְתִּי,4,False,,
18042006,6,,bereue,וְנִחַ֑מְתִּי,4,False,,
18042006,7,,in,עַל־,5,False,,
18042006,8,,Staub,עָפָ֥ר,6,False,,
18042006,9,,und,וָאֵֽפֶר׃ פ,7,False,,
18042006,10,,Asche,וָאֵֽפֶר׃ פ,7,False,,
18042007,1,,Und,וַיְהִ֗י,1,False,,
18042007,2,,es,וַיְהִ֗י,1,False,,
18042007,3,,geschah,וַיְהִ֗י,1,False,,
18042007,4,,nachdem,אַחַ֨ר,2,False,,
18042007,5,,Jahwe,יְהוָ֛ה,4,False,,
18042007,6,,diese,הָאֵ֖לֶּה,7,False,,
18042007,7,,Worte,הַדְּבָרִ֥ים,6,False,,
18042007,8,,zu,אֶל־,8,False,,
18042007,9,,Hiob,אִיּ֑וֹב,9,False,,
18042007,10,,geredet,דִּבֶּ֧ר,3,False,,
18042007,11,,hatte,דִּבֶּ֧ר,3,False,,
18042007,12,,da,וַיֹּ֨אמֶר,10,False,,
18042007,13,,sprach,וַיֹּ֨אמֶר,10,False,,
18042007,14,,Jahwe,יְהוָ֜ה,11,False,,
18042007,15,,zu,אֶל־,12,False,,
18042007,16,,Eliphas,אֱלִיפַ֣ז,13,False,,
18042007,17,,dem,הַתֵּֽימָנִ֗י,14,True,,
18042007,18,,Temaniter,הַתֵּֽימָנִ֗י,14,False,,
18042007,19,,Mein,אַפִּ֤י,16,False,,
18042007,20,,Zorn,אַפִּ֤י,16,False,,
18042007,21,,ist,חָרָ֨ה,15,False,,
18042007,22,,entbrannt,חָרָ֨ה,15,False,,
18042007,23,,wider,בְךָ֙,17,False,,
18042007,24,,dich,בְךָ֙,17,False,,
18042007,25,,und,וּבִשְׁנֵ֣י,18,False,,
18042007,26,,wider,וּבִשְׁנֵ֣י,18,False,,
18042007,27,,deine,רֵעֶ֔יךָ,19,False,,
18042007,28,,beiden,וּבִשְׁנֵ֣י,18,False,,
18042007,29,,Freunde,רֵעֶ֔יךָ,19,False,,
18042007,30,,denn,כִּ֠י,20,False,,
18042007,31,,nicht,לֹ֣א,21,False,,
18042007,32,,geziemend,נְכוֹנָ֖ה,24,False,,
18042007,33,,habt,דִבַּרְתֶּ֥ם,22,False,,
18042007,34,,ihr,דִבַּרְתֶּ֥ם,22,False,,
18042007,35,,von,אֵלַ֛י,23,False,,
18042007,36,,mir,אֵלַ֛י,23,False,,
18042007,37,,geredet,דִבַּרְתֶּ֥ם,22,False,,
18042007,38,,wie,כְּעַבְדִּ֥י,25,False,,
18042007,39,,mein,כְּעַבְדִּ֥י,25,False,,
18042007,40,,Knecht,כְּעַבְדִּ֥י,25,False,,
18042007,41,,Hiob,אִיּֽוֹב׃,26,False,,
18042008,1,,Und,וְעַתָּ֡ה,1,False,,
18042008,2,,nun,וְעַתָּ֡ה,1,False,,
18042008,3,,nehmet,קְחֽוּ־,2,False,,
18042008,4,,euch,לָכֶ֣ם,3,False,,
18042008,5,,sieben,שִׁבְעָֽה־,4,False,,
18042008,6,,Farren,פָרִים֩,5,False,,
18042008,7,,und,וְשִׁבְעָ֨ה,6,False,,
18042008,8,,sieben,וְשִׁבְעָ֨ה,6,False,,
18042008,9,,Widder,אֵילִ֜ים,7,False,,
18042008,10,,und,וּלְכ֣וּ׀,8,False,,
18042008,11,,gehet,וּלְכ֣וּ׀,8,False,,
18042008,12,,zu,אֶל־,9,False,,
18042008,13,,meinem,עַבְדִּ֣י,10,False,,
18042008,14,,Knechte,עַבְדִּ֣י,10,False,,
18042008,15,,Hiob,אִיּ֗וֹב,11,False,,
18042008,16,,und,וְהַעֲלִיתֶ֤ם,12,False,,
18042008,17,,opfert,וְהַעֲלִיתֶ֤ם,12,False,,
18042008,18,,ein,עוֹלָה֙,13,True,,
18042008,19,,Brandopfer,עוֹלָה֙,13,False,,
18042008,20,,für,בַּֽעַדְכֶ֔ם,14,False,,
18042008,21,,euch,בַּֽעַדְכֶ֔ם,14,False,,
18042008,22,,Und,וְאִיּ֣וֹב,15,False,,
18042008,23,,Hiob,וְאִיּ֣וֹב,15,False,,
18042008,24,,mein,עַבְדִּ֔י,16,False,,
18042008,25,,Knecht,עַבְדִּ֔י,16,False,,
18042008,26,,möge,יִתְפַּלֵּ֖ל,17,False,,
18042008,27,,für,עֲלֵיכֶ֑ם,18,False,,
18042008,28,,euch,עֲלֵיכֶ֑ם,18,False,,
18042008,29,,bitten,יִתְפַּלֵּ֖ל,17,False,,
18042008,30,,denn,כִּ֧י,19,False,,
18042008,31,,ihn,פָּנָ֣יו,21,False,,
18042008,32,,will,אֶשָּׂ֗א,22,False,,
18042008,33,,ich,אֶשָּׂ֗א,22,False,,
18042008,34,,annehmen,אֶשָּׂ֗א,22,False,,
18042008,35,,damit,לְבִלְתִּ֞י,23,False,,
18042008,36,,ich,עֲשׂ֤וֹת,24,False,,
18042008,37,,nicht,לְבִלְתִּ֞י,23,False,,
18042008,38,,an,עִמָּכֶם֙,25,False,,
18042008,39,,euch,עִמָּכֶם֙,25,False,,
18042008,40,,tue,עֲשׂ֤וֹת,24,False,,
18042008,41,,nach,נְבָלָ֔ה,26,False,,
18042008,42,,eurer,נְבָלָ֔ה,26,False,,
18042008,43,,Torheit,נְבָלָ֔ה,26,False,,
18042008,44,,denn,כִּ֠י,27,False,,
18042008,45,,nicht,לֹ֣א,28,False,,
18042008,46,,geziemend,נְכוֹנָ֖ה,31,False,,
18042008,47,,habt,דִבַּרְתֶּ֥ם,29,False,,
18042008,48,,ihr,דִבַּרְתֶּ֥ם,29,False,,
18042008,49,,von,אֵלַ֛י,30,False,,
18042008,50,,mir,אֵלַ֛י,30,False,,
18042008,51,,geredet,דִבַּרְתֶּ֥ם,29,False,,
18042008,52,,wie,כְּעַבְדִּ֥י,32,False,,
18042008,53,,mein,כְּעַבְדִּ֥י,32,False,,
18042008,54,,Knecht,כְּעַבְדִּ֥י,32,False,,
18042008,55,,Hiob,אִיּֽוֹב׃,33,False,,
18042009,1,,Da,וַיֵּלְכוּ֩,1,False,,
18042009,2,,gingen,וַיֵּלְכוּ֩,1,False,,
18042009,3,,Eliphas,אֱלִיפַ֨ז,2,False,,
18042009,4,,der,הַתֵּֽימָנִ֜י,3,True,,
18042009,5,,Temaniter,הַתֵּֽימָנִ֜י,3,False,,
18042009,6,,und,וּבִלְדַּ֣ד,4,False,,
18042009,7,,Bildad,וּבִלְדַּ֣ד,4,False,,
18042009,8,,der,הַשּׁוּחִ֗י,5,True,,
18042009,9,,Schuchiter,הַשּׁוּחִ֗י,5,False,,
18042009,10,,und,צֹפַר֙,6,False,,
18042009,11,,Zophar,צֹפַר֙,6,False,,
18042009,12,,der,הַנַּ֣עֲמָתִ֔י,7,True,,
18042009,13,,Naamathiter,הַנַּ֣עֲמָתִ֔י,7,False,,
18042009,14,,und,וַֽיַּעֲשׂ֔וּ,8,False,,
18042009,15,,taten,וַֽיַּעֲשׂ֔וּ,8,False,,
18042009,16,,wie,כַּאֲשֶׁ֛ר,9,False,,
18042009,17,,Jahwe,יְהוָ֑ה,12,False,,
18042009,18,,zu,אֲלֵיהֶ֖ם,11,False,,
18042009,19,,ihnen,אֲלֵיהֶ֖ם,11,False,,
18042009,20,,geredet,דִּבֶּ֥ר,10,False,,
18042009,21,,hatte,דִּבֶּ֥ר,10,False,,
18042009,22,,und,וַיִּשָּׂ֥א,13,False,,
18042009,23,,Jahwe,יְהוָ֖ה,14,False,,
18042009,24,,nahm,וַיִּשָּׂ֥א,13,False,,
18042009,25,,Hiob,אִיּֽוֹב׃,17,False,,
18042009,26,,an,אֶת־,15,False,,
18042010,1,,Und,וַֽיהוָ֗ה,1,False,,
18042010,2,,Jahwe,וַֽיהוָ֗ה,1,False,,
18042010,3,,wendete,שָׁ֚ב,2,False,,
18042010,4,,die,אֶת־,3,True,,
18042010,5,,Gefangenschaft,שְׁב֣וּת,4,False,,
18042010,6,,Hiobs,אִיּ֔וֹב,5,False,,
18042010,7,,als,בְּהִֽתְפַּֽלְל֖וֹ,6,False,,
18042010,8,,er,בְּהִֽתְפַּֽלְל֖וֹ,6,True,,
18042010,9,,für,בְּעַ֣ד,7,False,,
18042010,10,,seine,רֵעֵ֑הוּ,8,False,,
18042010,11,,Freunde,רֵעֵ֑הוּ,8,False,,
18042010,12,,betete,בְּהִֽתְפַּֽלְל֖וֹ,6,False,,
18042010,13,,und,וַ֧יֹּסֶף,9,False,,
18042010,14,,Jahwe,יְהוָ֛ה,10,False,,
18042010,15,,mehrte,וַ֧יֹּסֶף,9,False,,
18042010,16,,alles,כָּל־,12,False,,
18042010,17,,was,אֲשֶׁ֥ר,13,False,,
18042010,18,,Hiob,לְאִיּ֖וֹב,14,False,,
18042010,19,,gehabt,לְאִיּ֖וֹב,14,False,,
18042010,20,,hatte,לְאִיּ֖וֹב,14,True,,
18042010,21,,um,לְמִשְׁנֶֽה׃,15,False,,
18042010,22,,das,לְמִשְׁנֶֽה׃,15,True,,
18042010,23,,Doppelte,לְמִשְׁנֶֽה׃,15,False,,
18042011,1,,Und,וַיָּבֹ֣אוּ,1,False,,
18042011,2,,es,וַיָּבֹ֣אוּ,1,True,,
18042011,3,,kamen,וַיָּבֹ֣אוּ,1,False,,
18042011,4,,zu,אֵ֠לָיו,2,False,,
18042011,5,,ihm,אֵ֠לָיו,2,False,,
18042011,6,,alle,כָּל־,3,False,,
18042011,7,,seine,אֶחָ֨יו,4,False,,
18042011,8,,Brüder,אֶחָ֨יו,4,False,,
18042011,9,,und,וְכָל־,5,False,,
18042011,10,,alle,וְכָל־,5,False,,
18042011,11,,seine,אַחְיוֹתָ֜יו,6,False,,
18042011,12,,Schwestern,אַחְיוֹתָ֜יו,6,False,,
18042011,13,,und,וְכָל־,7,False,,
18042011,14,,alle,וְכָל־,7,False,,
18042011,15,,seine,יֹדְעָ֣יו,8,False,,
18042011,16,,früheren,לְפָנִ֗ים,9,False,,
18042011,17,,Bekannten,יֹדְעָ֣יו,8,False,,
18042011,18,,und,וַיֹּאכְל֨וּ,10,False,,
18042011,19,,sie,וַיֹּאכְל֨וּ,10,True,,
18042011,20,,aßen,וַיֹּאכְל֨וּ,10,False,,
18042011,21,,mit,עִמּ֣וֹ,11,False,,
18042011,22,,ihm,עִמּ֣וֹ,11,False,,
18042011,23,,in,בְּבֵיתוֹ֒,13,False,,
18042011,24,,seinem,בְּבֵיתוֹ֒,13,False,,
18042011,25,,Hause,בְּבֵיתוֹ֒,13,False,,
18042011,26,,und,וַיָּנֻ֤דוּ,14,False,,
18042011,27,,sie,וַיָּנֻ֤דוּ,14,True,,
18042011,28,,bezeugten,וַיָּנֻ֤דוּ,14,False,,
18042011,29,,ihm,לוֹ֙,15,False,,
18042011,30,,ihr,וַיְנַחֲמ֣וּ,16,True,,
18042011,31,,Beileid,וַיְנַחֲמ֣וּ,16,False,,
18042011,32,,und,וַיְנַחֲמ֣וּ,16,False,,
18042011,33,,trösteten,וַיְנַחֲמ֣וּ,16,False,,
18042011,34,,ihn,אֹת֔וֹ,17,False,,
18042011,35,,über,עַ֚ל,18,False,,
18042011,36,,all,כָּל־,19,False,,
18042011,37,,das,הָ֣רָעָ֔ה,20,True,,
18042011,38,,Unglück,הָ֣רָעָ֔ה,20,False,,
18042011,39,,welches,אֲשֶׁר־,21,False,,
18042011,40,,Jahwe,יְהוָ֖ה,23,False,,
18042011,41,,über,עָלָ֑יו,24,False,,
18042011,42,,ihn,עָלָ֑יו,24,False,,
18042011,43,,gebracht,הֵבִ֥יא,22,False,,
18042011,44,,hatte,הֵבִ֥יא,22,True,,
18042011,45,,und,וַיִּתְּנוּ־,25,False,,
18042011,46,,sie,וַיִּתְּנוּ־,25,True,,
18042011,47,,gaben,וַיִּתְּנוּ־,25,False,,
18042011,48,,ihm,ל֗וֹ,26,False,,
18042011,49,,ein,אִ֚ישׁ,27,True,,
18042011,50,,jeder,אִ֚ישׁ,27,False,,
18042011,51,,eine,אֶחָ֔ת,29,True,,
18042011,52,,Kesita,קְשִׂיטָ֣ה,28,False,,
18042011,53,,und,וְאִ֕ישׁ,30,False,,
18042011,54,,ein,וְאִ֕ישׁ,30,True,,
18042011,55,,jeder,וְאִ֕ישׁ,30,False,,
18042011,56,,einen,אֶחָֽד׃ ס,33,True,,
18042011,57,,goldenen,זָהָ֖ב,32,False,,
18042011,58,,Ring,נֶ֥זֶם,31,False,,
18042012,1,,Und,וַֽיהוָ֗ה,1,False,,
18042012,2,,Jahwe,וַֽיהוָ֗ה,1,False,,
18042012,3,,segnete,בֵּרַ֛ךְ,2,False,,
18042012,4,,das,אֶת־,3,True,,
18042012,5,,Ende,אַחֲרִ֥ית,4,False,,
18042012,6,,Hiobs,אִיּ֖וֹב,5,False,,
18042012,7,,mehr,מֵרֵאשִׁת֑וֹ,6,False,,
18042012,8,,als,מֵרֵאשִׁת֑וֹ,6,True,,
18042012,9,,seinen,מֵרֵאשִׁת֑וֹ,6,False,,
18042012,10,,Anfang,מֵרֵאשִׁת֑וֹ,6,False,,
18042012,11,,und,וַֽיְהִי־,7,False,,
18042012,12,,er,ל֡וֹ,8,False,,
18042012,13,,bekam,וַֽיְהִי־,7,False,,
18042012,14,,vierzehntausend,אַרְבָּעָה֩,9,False,,
18042012,14,,vierzehntausend,עָשָׂ֨ר,10,False,,
18042012,14,,vierzehntausend,אֶ֜לֶף,11,False,,
18042012,15,,Stück,צֹ֗אן,12,True,,
18042012,16,,Kleinvieh,צֹ֗אן,12,False,,
18042012,17,,und,וְשֵׁ֤שֶׁת,13,False,,
18042012,18,,sechstausend,וְשֵׁ֤שֶׁת,13,False,,
18042012,18,,sechstausend,אֲלָפִים֙,14,False,,
18042012,19,,Kamele,גְּמַלִּ֔ים,15,False,,
18042012,20,,und,וְאֶֽלֶף־,16,False,,
18042012,21,,tausend,וְאֶֽלֶף־,16,False,,
18042012,22,,Joch,צֶ֥מֶד,17,False,,
18042012,23,,Rinder,בָּקָ֖ר,18,False,,
18042012,24,,und,וְאֶ֥לֶף,19,False,,
18042012,25,,tausend,וְאֶ֥לֶף,19,False,,
18042012,26,,Eselinnen,אֲתוֹנֽוֹת׃,20,False,,
18042013,1,,Und,וַֽיְהִי־,1,False,,
18042013,2,,es,וַֽיְהִי־,1,False,,
18042013,3,,wurden,וַֽיְהִי־,1,False,,
18042013,4,,ihm,ל֛וֹ,2,False,,
18042013,5,,sieben,שִׁבְעָ֥נָה,3,False,,
18042013,6,,Söhne,בָנִ֖ים,4,False,,
18042013,7,,und,וְשָׁל֥וֹשׁ,5,False,,
18042013,8,,drei,וְשָׁל֥וֹשׁ,5,False,,
18042013,9,,Töchter,בָּנֽוֹת׃,6,False,,
18042013,10,,geboren,וַֽיְהִי־,1,True,,
18042014,1,,Und,וַיִּקְרָ֤א,1,False,,
18042014,2,,er,וַיִּקְרָ֤א,1,False,,
18042014,3,,gab,וַיִּקְרָ֤א,1,False,,
18042014,4,,der,הָֽאַחַת֙,3,True,,
18042014,5,,ersten,הָֽאַחַת֙,3,False,,
18042014,6,,den,שֵׁם־,2,True,,
18042014,7,,Namen,שֵׁם־,2,False,,
18042014,8,,Jemima,יְמִימָ֔ה,4,False,,
18042014,9,,und,וְשֵׁ֥ם,5,False,,
18042014,10,,der,הַשֵּׁנִ֖ית,6,True,,
18042014,11,,zweiten,הַשֵּׁנִ֖ית,6,False,,
18042014,12,,den,וְשֵׁ֥ם,5,True,,
18042014,13,,Namen,וְשֵׁ֥ם,5,False,,
18042014,14,,Kezia,קְצִיעָ֑ה,7,False,,
18042014,15,,und,וְשֵׁ֥ם,8,False,,
18042014,16,,der,הַשְּׁלִישִׁ֖ית,9,True,,
18042014,17,,dritten,הַשְּׁלִישִׁ֖ית,9,False,,
18042014,18,,den,וְשֵׁ֥ם,8,True,,
18042014,19,,Namen,וְשֵׁ֥ם,8,False,,
18042014,20,,Keren-Happuk,קֶ֥רֶן,10,False,,
18042014,20,,Keren-Happuk,הַפּֽוּךְ׃,11,False,,
18042015,1,,Und,וְלֹ֨א,1,False,,
18042015,2,,so,וְלֹ֨א,1,False,,
18042015,3,,schöne,יָפ֛וֹת,4,False,,
18042015,4,,Frauen,נָשִׁ֥ים,3,False,,
18042015,5,,wie,כִּבְנ֥וֹת,5,False,,
18042015,6,,die,כִּבְנ֥וֹת,5,True,,
18042015,7,,Töchter,כִּבְנ֥וֹת,5,False,,
18042015,8,,Hiobs,אִיּ֖וֹב,6,False,,
18042015,9,,wurden,נִמְצָ֜א,2,False,,
18042015,10,,im,בְּכָל־,7,False,,
18042015,11,,ganzen,בְּכָל־,7,False,,
18042015,12,,Lande,הָאָ֑רֶץ,8,False,,
18042015,13,,nicht,וְלֹ֨א,1,False,,
18042015,14,,gefunden,נִמְצָ֜א,2,False,,
18042015,15,,Und,וַיִּתֵּ֨ן,9,False,,
18042015,16,,ihr,אֲבִיהֶ֛ם,11,False,,
18042015,17,,Vater,אֲבִיהֶ֛ם,11,False,,
18042015,18,,gab,וַיִּתֵּ֨ן,9,False,,
18042015,19,,ihnen,לָהֶ֧ם,10,False,,
18042015,20,,ein,נַחֲלָ֖ה,12,True,,
18042015,21,,Erbteil,נַחֲלָ֖ה,12,False,,
18042015,22,,inmitten,בְּת֥וֹךְ,13,False,,
18042015,23,,ihrer,אֲחֵיהֶֽם׃ ס,14,False,,
18042015,24,,Brüder,אֲחֵיהֶֽם׃ ס,14,False,,
18042016,1,,Und,וַיְחִ֤י,1,False,,
18042016,2,,Hiob,אִיּוֹב֙,2,False,,
18042016,3,,lebte,וַיְחִ֤י,1,False,,
18042016,4,,nach,אַֽחֲרֵי־,3,False,,
18042016,5,,diesem,זֹ֔את,4,False,,
18042016,6,,140,מֵאָ֥ה,5,False,,
18042016,7,,Jahre,שָׁנָ֑ה,7,False,,
18042016,8,,und,וַיִּרְאֶ֗ה,8,False,,
18042016,9,,er,וַיִּרְאֶ֗ה,8,True,,
18042016,10,,sah,וַיִּרְאֶ֗ה,8,False,,
18042016,11,,seine,בָּנָיו֙,10,False,,
18042016,12,,Kinder,בָּנָיו֙,10,False,,
18042016,13,,und,וְאֶת־,11,False,,
18042016,14,,seine,בָנָ֔יו,13,False,,
18042016,15,,Kindeskinder,בְּנֵ֣י,12,False,,
18042016,16,,vier,אַרְבָּעָ֖ה,14,False,,
18042016,17,,Geschlechter,דֹּרֽוֹת׃,15,False,,
18042017,1,,Und,וַיָּ֣מָת,1,False,,
18042017,2,,Hiob,אִיּ֔וֹב,2,False,,
18042017,3,,starb,וַיָּ֣מָת,1,False,,
18042017,4,,alt,זָקֵ֖ן,3,False,,
18042017,5,,und,וּשְׂבַ֥ע,4,False,,
18042017,6,,der,יָמִֽים׃,5,True,,
18042017,7,,Tage,יָמִֽים׃,5,False,,
18042017,8,,satt,וּשְׂבַ֥ע,4,False,,
