HebRefId	PositionInVerse	Lemma	PartOfSpeech	Stts	Degree	VerbForm	Tense	Person	Number	Mood	Case	Gender
13001001	1	Adam	PROPN	NE					S		Nom	M
13001001	2	Seth	PROPN	NE					S		Nom	M
13001001	3	Enos	PROPN	NE					S		Nom	
13001002	1	Kenan	PROPN	NE					S		Nom	M
13001002	2	Mahalalel	PROPN	NE					S		Nom	M
13001002	3	Jered	NOUN	NN					S		Nom	F
13001003	1	Henoch	ADV	ADV								
13001003	2	Methusalah	NOUN	NN					S		Nom	M
13001003	3	Lamech	PROPN	NE					S		Nom	M
13001004	1	Noah	PROPN	NE					S		Nom	M
13001004	2	Sem	PROPN	NE					S		Nom	
13001004	3	Ham	PROPN	NE					S		Nom	
13001004	4	und	CCONJ	KON								
13001004	5	Japhet	PROPN	NE					S		Nom	F
13001005	1	der	DET	ART					S		Nom	F
13001005	2	Sohn	NOUN	NN					P		Nom	M
13001005	3	Japhet	NOUN	NN					P		Nom	M
13001005	4	Gomer	PROPN	NE					S		Nom	M
13001005	5	und	CCONJ	KON								
13001005	6	Magog	PROPN	NE					S		Nom	
13001005	7	und	CCONJ	KON								
13001005	8	Madai	PROPN	NE					S		Nom	F
13001005	9	und	CCONJ	KON								
13001005	10	Jawan	PROPN	NE					S		Nom	
13001005	11	und	CCONJ	KON								
13001005	12	Tubal	NOUN	NE					P		Nom	F
13001005	13	und	CCONJ	KON								
13001005	14	mesech	VERB	VVIMP				2	S	Imp		
13001005	15	und	CCONJ	KON								
13001005	16	Tiras	PROPN	NE					S		Nom	N
13001006	1	und	CCONJ	KON								
13001006	2	der	DET	ART					S		Nom	F
13001006	3	Sohn	NOUN	NN					P		Nom	M
13001006	4	Gomer	PROPN	NN					S		Gen	
13001006	5	Askena	PROPN	NE					S		Gen	N
13001006	6	und	CCONJ	KON								
13001006	7	Diphath	PROPN	NE					S		Nom	
13001006	8	und	CCONJ	KON								
13001006	9	Togarma	PROPN	NE					S		Nom	
13001007	1	und	CCONJ	KON								
13001007	2	der	DET	ART					S		Nom	F
13001007	3	Sohn	NOUN	NN					P		Nom	M
13001007	4	Jawan	PROPN	NE					S		Gen	
13001007	5	Elisa	PROPN	NE					S		Nom	F
13001007	6	und	CCONJ	KON								
13001007	7	Tarsis	NOUN	NN					S		Nom	F
13001007	8	der	DET	ART					S		Nom	F
13001007	9	Kittim	PROPN	NE					S		Nom	
13001007	10	und	CCONJ	KON								
13001007	11	der	DET	ART					S		Nom	F
13001007	12	Rodanim	PROPN	NE					S		Nom	F
13001008	1	der	DET	ART					S		Nom	F
13001008	2	Sohn	NOUN	NN					P		Nom	M
13001008	3	Hams	PROPN	NE					S		Nom	
13001008	4	Kusch	PROPN	NE					S		Nom	M
13001008	5	und	CCONJ	KON								
13001008	6	Mizraim	PROPN	NE					S		Nom	
13001008	7	Put	NOUN	NN					S		Nom	N
13001008	8	und	CCONJ	KON								
13001008	9	Kanaan	PROPN	NE					S		Nom	M
13001009	1	und	CCONJ	KON								
13001009	2	der	DET	ART					S		Nom	F
13001009	3	Sohn	NOUN	NN					P		Nom	M
13001009	4	Kusch	PROPN	NE					S		Gen	
13001009	5	Seba	PROPN	NE					S		Nom	
13001009	6	und	CCONJ	KON								
13001009	7	Hawila	PROPN	NE					S		Nom	M
13001009	8	und	CCONJ	KON								
13001009	9	Sabta	X	FM								
13001009	10	und	CCONJ	KON								
13001009	11	Raghma	PROPN	NE					S		Nom	
13001009	12	und	CCONJ	KON								
13001009	13	Sabteka	NOUN	NN					S		Nom	M
13001009	14	und	CCONJ	KON								
13001009	15	der	DET	ART					S		Nom	F
13001009	16	Sohn	NOUN	NN					P		Nom	M
13001009	17	Raghmas	NOUN	NN					S		Nom	N
13001009	18	Scheba	PROPN	NE					S		Nom	N
13001009	19	und	CCONJ	KON								
13001009	20	Dedan	PROPN	NE					S		Nom	
13001010	1	und	CCONJ	KON								
13001010	2	Kusch	PROPN	NE					S		Nom	M
13001010	3	zeugen	VERB	VVFIN		Fin	Past	3	S	Ind		
13001010	4	Nimrod	NOUN	NE					S		Nom	M
13001010	5	der	DET	ART					S		Nom	M
13001010	6	fehen	VERB	VVFIN		Fin	Past	3	S	Ind		
13001010	7	an	ADP	PTKVZ								
13001010	8	ein	DET	ART					S		Nom	N
13001010	9	gewaltiger	ADV	ADJD	Cmp							
13001010	10	zu	ADP	PTKVZ								
13001010	11	sein	AUX	VAINF		Inf						
13001010	12	auf	ADP	PTKVZ								
13001010	13	der	DET	ART					S		Nom	M
13001010	14	Erde	NOUN	NN					S		Nom	F
13001011	1	und	CCONJ	KON								
13001011	2	Mizraim	PROPN	NE					S		Nom	
13001011	3	zeugen	VERB	VVFIN		Fin	Past	3	S	Ind		
13001011	4	der	DET	ART					S		Nom	F
13001011	5	Ludim	PROPN	NE					S		Nom	N
13001011	6	und	CCONJ	KON								
13001011	7	der	DET	ART					S		Nom	F
13001011	8	Anamim	PROPN	NE					S		Nom	M
13001011	9	und	CCONJ	KON								
13001011	10	der	DET	ART					S		Nom	F
13001011	11	Lehabim	PROPN	NE					S		Nom	N
13001011	12	und	CCONJ	KON								
13001011	13	der	DET	ART					S		Nom	F
13001011	14	Naphtuchim	PROPN	NE					S		Nom	M
13001012	1	und	CCONJ	KON								
13001012	2	der	DET	ART					S		Nom	F
13001012	3	Pathrusim	PROPN	NE					S		Nom	
13001012	4	und	CCONJ	KON								
13001012	5	der	DET	ART					S		Nom	F
13001012	6	Kasluchim	PROPN	NE					S		Nom	
13001012	7	von	ADP	APPR								
13001012	8	welcher	DET	PWAT					S		Acc	M
13001012	9	der	DET	ART					S		Nom	F
13001012	10	Philister	NOUN	NN					S		Nom	M
13001012	11	ausgehen	VERB	VVPP		Part						
13001012	12	sein	AUX	VAFIN		Fin	Pres	3	P	Ind		
13001012	13	und	CCONJ	KON								
13001012	14	der	DET	ART					S		Nom	F
13001012	15	Kaphtorim	NOUN	NN					S		Nom	N
13001013	1	und	CCONJ	KON								
13001013	2	Kanaan	PROPN	NE					S		Nom	M
13001013	3	zeugen	VERB	VVFIN		Fin	Past	3	S	Ind		
13001013	4	Zidon	PROPN	NN					S		Nom	N
13001013	5	sein	DET	PPOSAT					S		Acc	M
13001013	6	Erstgeboren	NOUN	NN					P		Nom	F
13001013	7	und	CCONJ	KON								
13001013	8	Heth	PROPN	NE					S		Nom	F
13001014	1	und	CCONJ	KON								
13001014	2	der	DET	ART					S		Acc	M
13001014	3	Jebusiter	NOUN	NN					S		Nom	M
13001014	4	und	CCONJ	KON								
13001014	5	der	DET	ART					S		Acc	M
13001014	6	Amoriter	NOUN	NN					S		Nom	M
13001014	7	und	CCONJ	KON								
13001014	8	der	DET	ART					S		Acc	M
13001014	9	Girgasiter	NOUN	NN					S		Nom	M
13001015	1	und	CCONJ	KON								
13001015	2	der	DET	ART					S		Acc	M
13001015	3	Hewiter	PROPN	NE					S		Nom	
13001015	4	und	CCONJ	KON								
13001015	5	der	DET	ART					S		Acc	M
13001015	6	Arkiter	NOUN	NN					S		Nom	M
13001015	7	und	CCONJ	KON								
13001015	8	der	DET	ART					S		Acc	M
13001015	9	Siniter	NOUN	NN					S		Nom	N
13001016	1	und	CCONJ	KON								
13001016	2	der	DET	ART					S		Acc	M
13001016	3	arwadit	NOUN	NN					S		Nom	F
13001016	4	und	CCONJ	KON								
13001016	5	der	DET	ART					S		Acc	M
13001016	6	Zemariter	NOUN	NN					S		Nom	M
13001016	7	und	CCONJ	KON								
13001016	8	der	DET	ART					S		Acc	M
13001016	9	Hamathiter	PROPN	NE					S		Nom	
13001017	1	der	DET	ART					S		Nom	F
13001017	2	Sohn	NOUN	NN					P		Nom	M
13001017	3	Sem	PROPN	NN					S		Gen	
13001017	4	Elam	PROPN	NE					S		Nom	
13001017	5	und	CCONJ	KON								
13001017	6	Assur	NOUN	NE					S		Nom	F
13001017	7	und	CCONJ	KON								
13001017	8	Arpaksad	PROPN	NE					S		Nom	
13001017	9	und	CCONJ	KON								
13001017	10	Lud	PROPN	NN					S		Nom	
13001017	11	und	CCONJ	KON								
13001017	12	Aram	PROPN	NE					S		Nom	M
13001017	13	und	CCONJ	KON								
13001017	14	Uz	PROPN	NE					S		Nom	
13001017	15	und	CCONJ	KON								
13001017	16	Hul	PROPN	NN					S		Nom	
13001017	17	und	CCONJ	KON								
13001017	18	Gether	NOUN	NN					S		Nom	M
13001017	19	und	CCONJ	KON								
13001017	20	mesech	VERB	VVIMP				2	S	Imp		
13001018	1	und	CCONJ	KON								
13001018	2	Arpaksad	PROPN	NE					S		Nom	
13001018	3	zeugen	VERB	VVFIN		Fin	Past	3	S	Ind		
13001018	4	Schelach	NOUN	NN					S		Nom	N
13001018	5	und	CCONJ	KON								
13001018	6	Schelach	NOUN	NN					S		Nom	N
13001018	7	zeugen	VERB	VVFIN		Fin	Past	3	S	Ind		
13001018	8	Heber	NOUN	NN					S		Nom	M
13001019	1	und	CCONJ	KON								
13001019	2	Heber	NOUN	NN					S		Nom	M
13001019	3	werden	AUX	VAFIN		Fin	Past	3	P	Ind		
13001019	4	zwei	NUM	CARD								
13001019	5	Sohn	NOUN	NN					P		Nom	M
13001019	6	gebären	VERB	VVPP		Part						
13001019	7	der	DET	ART					S		Nom	M
13001019	8	Name	NOUN	NN					S		Nom	M
13001019	9	der	DET	ART					S		Gen	M
13001019	10	ein	DET	ART					S		Acc	M
13001019	11	sein	AUX	VAFIN		Fin	Past	3	S	Ind		
13001019	12	Peleg	PROPN	NE					S		Nom	
13001019	13	denn	CCONJ	KON								
13001019	14	in	ADP	APPR								
13001019	15	sein	DET	PPOSAT					S		Acc	M
13001019	16	Tag	NOUN	NN					P		Dat	M
13001019	17	werden	AUX	VAFIN		Fin	Past	3	S	Ind		
13001019	18	der	DET	ART					S		Nom	F
13001019	19	Erde	NOUN	NN					S		Nom	F
13001019	20	verteilen	VERB	VVPP		Part						
13001019	21	und	CCONJ	KON								
13001019	22	der	DET	ART					S		Nom	M
13001019	23	Name	NOUN	NN					S		Nom	M
13001019	24	sein	DET	PPOSAT					S		Gen	M
13001019	25	Bruder	NOUN	NN					S		Gen	M
13001019	26	sein	AUX	VAFIN		Fin	Past	3	S	Ind		
13001019	27	Joktan	PROPN	NE					S		Nom	M
13001020	1	und	CCONJ	KON								
13001020	2	Joktan	PROPN	NE					S		Nom	M
13001020	3	zeugen	VERB	VVFIN		Fin	Past	3	S	Ind		
13001020	4	Almodad	PROPN	NN					S		Nom	N
13001020	5	und	CCONJ	KON								
13001020	6	Scheleph	PROPN	NE					S		Nom	
13001020	7	und	CCONJ	KON								
13001020	8	Hazarmaweth	PROPN	NE					S		Nom	F
13001020	9	und	CCONJ	KON								
13001020	10	Jerach	NOUN	NN					S		Nom	N
13001021	1	und	CCONJ	KON								
13001021	2	Hadoram	PROPN	NE					S		Nom	
13001021	3	und	CCONJ	KON								
13001021	4	Usal	PROPN	NE					S		Nom	
13001021	5	und	CCONJ	KON								
13001021	6	Dikla	PROPN	NE					S		Nom	F
13001022	1	und	CCONJ	KON								
13001022	2	Ebal	PROPN	NE					S		Nom	
13001022	3	und	CCONJ	KON								
13001022	4	Abimael	PROPN	NE					S		Nom	N
13001022	5	und	CCONJ	KON								
13001022	6	Scheba	PROPN	NE					S		Nom	N
13001023	1	und	CCONJ	KON								
13001023	2	Ophir	PROPN	NE					S		Nom	
13001023	3	und	CCONJ	KON								
13001023	4	Hawila	PROPN	NE					S		Nom	M
13001023	5	und	CCONJ	KON								
13001023	6	Jobab	PROPN	NE					S		Nom	M
13001023	7	dieser	DET	PDAT					S		Nom	F
13001023	8	aller	PRON	PIS					P		Nom	
13001023	9	sein	AUX	VAFIN		Fin	Past	3	P	Ind		
13001023	10	Sohn	NOUN	NN					P		Nom	M
13001023	11	Joktan	PROPN	NE					S		Gen	
13001024	1	Sem	PROPN	NE					S		Nom	
13001024	2	Arpaksad	PROPN	NE					S		Nom	
13001024	3	Schelach	NOUN	NN					S		Nom	N
13001025	1	Heber	NOUN	NN					S		Nom	M
13001025	2	Peleg	PROPN	NE					S		Nom	
13001025	3	Reghu	PROPN	NE					S		Nom	
13001026	1	Serug	NOUN	NN					S		Nom	M
13001026	2	Nahor	NOUN	NN					S		Nom	M
13001026	3	Tarah	PROPN	NE					S		Nom	
13001027	1	Abram	PROPN	NE					S		Nom	
13001027	2	der	DET	ART					S		Nom	N
13001027	3	sein	AUX	VAFIN		Fin	Pres	3	S	Ind		
13001027	4	Abraham	PROPN	NE					S		Nom	M
13001028	1	der	DET	ART					S		Nom	F
13001028	2	Sohn	NOUN	NN					P		Nom	M
13001028	3	Abraham	PROPN	NE					S		Gen	M
13001028	4	Isaak	PROPN	NE					S		Nom	M
13001028	5	und	CCONJ	KON								
13001028	6	Ismael	PROPN	NE					S		Nom	M
13001029	1	dieser	PRON	PDS					S		Nom	N
13001029	2	sein	AUX	VAFIN		Fin	Pres	3	P	Ind		
13001029	3	ihr	DET	PPOSAT					S		Nom	F
13001029	4	Geschlecht	NOUN	NN					P		Nom	N
13001029	5	der	DET	ART					S		Nom	M
13001029	6	Erstgeborene	NOUN	NN					S		Nom	F
13001029	7	Ismael	PROPN	NE					S		Gen	
13001029	8	Nebajoth	NOUN	NN					S		Nom	F
13001029	9	und	CCONJ	KON								
13001029	10	Kedar	PROPN	NE					S		Nom	M
13001029	11	und	CCONJ	KON								
13001029	12	Adbeel	PROPN	NN					S		Nom	
13001029	13	und	CCONJ	KON								
13001029	14	Mibsam	PROPN	NE					S		Dat	M
13001030	1	Mischma	PROPN	NE					S		Nom	
13001030	2	und	CCONJ	KON								
13001030	3	Duma	PROPN	NE					S		Nom	F
13001030	4	Massa	PROPN	NE					S		Nom	
13001030	5	Hadad	PROPN	NE					S		Nom	
13001030	6	und	CCONJ	KON								
13001030	7	Tema	NOUN	NN					S		Nom	N
13001031	1	Jetur	NOUN	NN					S		Nom	F
13001031	2	Naphisch	PROPN	NE					S		Nom	
13001031	3	und	CCONJ	KON								
13001031	4	Kedma	NOUN	NN					S		Nom	M
13001031	5	der	DET	ART					S		Nom	N
13001031	6	sein	AUX	VAFIN		Fin	Pres	3	P	Ind		
13001031	7	der	DET	ART					S		Nom	F
13001031	8	Sohn	NOUN	NN					P		Nom	M
13001031	9	Ismael	PROPN	NE					S		Gen	
13001032	1	und	CCONJ	KON								
13001032	2	der	DET	ART					S		Nom	F
13001032	3	Sohn	NOUN	NN					P		Nom	M
13001032	4	der	DET	ART					S		Nom	M
13001032	5	Ketura	PROPN	NE					S		Nom	
13001032	6	der	DET	ART					S		Gen	M
13001032	7	Kebsweibe	PROPN	NN					S		Gen	M
13001032	8	Abraham	PROPN	NE					S		Gen	M
13001032	9	sie	PRON	PPER				3	P		Nom	
13001032	10	gebar	VERB	ADJD		Fin	Past	3	S	Ind		
13001032	11	simran	NOUN	NN					P		Nom	
13001032	12	und	CCONJ	KON								
13001032	13	Jokschan	PROPN	NE					S		Nom	F
13001032	14	und	CCONJ	KON								
13001032	15	Medan	PROPN	NE					S		Nom	N
13001032	16	und	CCONJ	KON								
13001032	17	Midian	PROPN	NE					S		Nom	
13001032	18	und	CCONJ	KON								
13001032	19	Jischbak	PROPN	NE					S		Nom	M
13001032	20	und	CCONJ	KON								
13001032	21	Schuach	PROPN	NE					S		Nom	
13001032	22	und	CCONJ	KON								
13001032	23	der	DET	ART					S		Nom	F
13001032	24	Sohn	NOUN	NN					P		Nom	M
13001032	25	Jokschan	PROPN	NE					S		Gen	M
13001032	26	Scheba	PROPN	NE					S		Nom	N
13001032	27	und	CCONJ	KON								
13001032	28	Dedan	PROPN	NE					S		Nom	
13001033	1	und	CCONJ	KON								
13001033	2	der	DET	ART					S		Nom	F
13001033	3	Sohn	NOUN	NN					P		Nom	M
13001033	4	Midian	PROPN	NE					S		Gen	M
13001033	5	Epha	PROPN	NE					S		Nom	
13001033	6	und	CCONJ	KON								
13001033	7	eph	NOUN	NN					P		Nom	M
13001033	8	und	CCONJ	KON								
13001033	9	Hanok	NOUN	NN					S		Nom	F
13001033	10	und	CCONJ	KON								
13001033	11	Abida	PROPN	NE					S		Nom	
13001033	12	und	CCONJ	KON								
13001033	13	Eldaa	ADJ	NE	Pos				S		Nom	N
13001033	14	dieser	DET	PDAT					S		Nom	F
13001033	15	aller	PRON	PIS					P		Nom	
13001033	16	sein	AUX	VAFIN		Fin	Past	3	P	Ind		
13001033	17	Sohn	NOUN	NN					P		Nom	M
13001033	18	der	DET	ART					S		Nom	M
13001033	19	Ketura	PROPN	NE					S		Nom	
13001034	1	und	CCONJ	KON								
13001034	2	Abraham	PROPN	NE					S		Nom	M
13001034	3	zeugen	VERB	VVFIN		Fin	Past	3	S	Ind		
13001034	4	Isaak	PROPN	NE					S		Nom	M
13001034	5	der	DET	ART					S		Nom	F
13001034	6	Sohn	NOUN	NN					P		Nom	M
13001034	7	Isaaks	PROPN	NE					S		Nom	
13001034	8	Esau	PROPN	NE					S		Nom	
13001034	9	und	CCONJ	KON								
13001034	10	Israel	PROPN	NE					S		Nom	N
13001035	1	der	DET	ART					S		Nom	F
13001035	2	Sohn	NOUN	NN					P		Nom	M
13001035	3	Esau	PROPN	NE					S		Nom	
13001035	4	Elipha	PROPN	NE					S		Nom	
13001035	5	Reghuel	PROPN	NE					S		Nom	N
13001035	6	und	CCONJ	KON								
13001035	7	Jeghusch	PROPN	NE					S		Nom	M
13001035	8	und	CCONJ	KON								
13001035	9	Jaghlam	NOUN	NN					S		Nom	F
13001035	10	und	CCONJ	KON								
13001035	11	Korach	PROPN	NE					S		Nom	
13001036	1	der	DET	ART					S		Nom	F
13001036	2	Sohn	NOUN	NN					P		Nom	M
13001036	3	Elipha	PROPN	NE					S		Nom	
13001036	4	Teman	PROPN	NE					S		Nom	
13001036	5	und	CCONJ	KON								
13001036	6	Omar	PROPN	NE					S		Nom	M
13001036	7	Zephi	PROPN	NE					S		Nom	
13001036	8	und	CCONJ	KON								
13001036	9	Gaetam	PROPN	NE					S		Nom	
13001036	10	Kena	PROPN	NE					S		Gen	
13001036	11	und	CCONJ	KON								
13001036	12	Timna	PROPN	NE					S		Nom	
13001036	13	und	CCONJ	KON								
13001036	14	Amalek	PROPN	NE					S		Nom	
13001037	1	der	DET	ART					S		Nom	F
13001037	2	Sohn	NOUN	NN					P		Nom	M
13001037	3	Reghuel	NOUN	NE					P		Nom	M
13001037	4	Nachath	PROPN	NE					S		Nom	
13001037	5	Serach	NOUN	NE					S		Nom	N
13001037	6	Schamma	NOUN	NN					S		Nom	F
13001037	7	und	CCONJ	KON								
13001037	8	Missa	PROPN	NE					S		Nom	F
13001038	1	und	CCONJ	KON								
13001038	2	der	DET	ART					S		Nom	F
13001038	3	Sohn	NOUN	NN					P		Nom	M
13001038	4	Seir	PROPN	NE					S		Gen	
13001038	5	Lotan	PROPN	NE					S		Nom	M
13001038	6	und	CCONJ	KON								
13001038	7	Schobal	PROPN	NE					S		Nom	
13001038	8	und	CCONJ	KON								
13001038	9	Zibeon	PROPN	NE					S		Nom	N
13001038	10	und	CCONJ	KON								
13001038	11	Ana	PROPN	NE					S		Nom	F
13001038	12	und	CCONJ	KON								
13001038	13	Dischon	PROPN	NE					S		Nom	M
13001038	14	und	CCONJ	KON								
13001038	15	Ezer	NOUN	NN					S		Nom	M
13001038	16	und	CCONJ	KON								
13001038	17	Dischan	PROPN	NE					S		Nom	N
13001039	1	und	CCONJ	KON								
13001039	2	der	DET	ART					S		Nom	F
13001039	3	Sohn	NOUN	NN					P		Nom	M
13001039	4	Lotan	NOUN	NN					P		Nom	M
13001039	5	Hori	PROPN	NE					S		Nom	
13001039	6	und	CCONJ	KON								
13001039	7	Homam	NOUN	NE					S		Nom	M
13001039	8	und	CCONJ	KON								
13001039	9	der	DET	ART					S		Nom	F
13001039	10	Schwester	NOUN	NN					S		Nom	F
13001039	11	Lotan	NOUN	NN					P		Nom	M
13001039	12	Timna	PROPN	NE					S		Nom	
13001040	1	der	DET	ART					S		Nom	F
13001040	2	Sohn	NOUN	NN					P		Nom	M
13001040	3	Schobal	PROPN	NE					S		Nom	
13001040	4	Aljan	PROPN	NE					S		Nom	M
13001040	5	und	CCONJ	KON								
13001040	6	Manachath	PROPN	NE					S		Nom	
13001040	7	und	CCONJ	KON								
13001040	8	Ebal	PROPN	NE					S		Nom	
13001040	9	Schephi	PROPN	NE					S		Nom	
13001040	10	und	CCONJ	KON								
13001040	11	Onam	PROPN	NE					S		Nom	
13001040	12	und	CCONJ	KON								
13001040	13	der	DET	ART					S		Nom	F
13001040	14	Sohn	NOUN	NN					P		Nom	M
13001040	15	Zibeon	PROPN	NE					S		Gen	
13001040	16	aja	PROPN	NE					S		Nom	M
13001040	17	und	CCONJ	KON								
13001040	18	Ana	PROPN	NE					S		Nom	F
13001041	1	der	DET	ART					S		Nom	F
13001041	2	Sohn	NOUN	NN					P		Nom	M
13001041	3	Anas	PROPN	NE					S		Nom	
13001041	4	Dischon	PROPN	NE					S		Nom	M
13001041	5	und	CCONJ	KON								
13001041	6	der	DET	ART					S		Nom	F
13001041	7	Sohn	NOUN	NN					P		Nom	M
13001041	8	Dischon	PROPN	NE					S		Gen	
13001041	9	Hamran	PROPN	NE					S		Nom	
13001041	10	und	CCONJ	KON								
13001041	11	Eschban	PROPN	NE					S		Nom	
13001041	12	und	CCONJ	KON								
13001041	13	Jithran	PROPN	NE					S		Nom	
13001041	14	und	CCONJ	KON								
13001041	15	Keran	PROPN	NE					S		Nom	M
13001042	1	der	DET	ART					S		Nom	F
13001042	2	Sohn	NOUN	NN					P		Nom	M
13001042	3	Ezer	PROPN	NE					S		Gen	
13001042	4	Bilhan	PROPN	NE					S		Nom	N
13001042	5	und	CCONJ	KON								
13001042	6	Saawan	PROPN	NE					S		Nom	
13001042	7	und	CCONJ	KON								
13001042	8	Jaakan	PROPN	NE					S		Nom	
13001042	9	der	DET	ART					S		Nom	F
13001042	10	Sohn	NOUN	NN					P		Nom	M
13001042	11	Dischan	PROPN	NE					S		Gen	M
13001042	12	Uz	PROPN	NE					S		Nom	
13001042	13	und	CCONJ	KON								
13001042	14	Aran	PROPN	NE					S		Nom	
13001043	1	und	CCONJ	KON								
13001043	2	dieser	PRON	PDS					S		Nom	N
13001043	3	sein	AUX	VAFIN		Fin	Pres	3	P	Ind		
13001043	4	der	DET	ART					S		Nom	F
13001043	5	König	NOUN	NN					P		Nom	M
13001043	6	welcher	DET	PWAT					S		Nom	F
13001043	7	in	ADP	APPRART					S		Dat	N
13001043	8	Land	NOUN	NN					P		Nom	N
13001043	9	Edom	PROPN	NE					S		Nom	
13001043	10	regieren	VERB	VVFIN		Fin	Pres	3	S	Ind		
13001043	11	haben	AUX	VAFIN		Fin	Pres	3	P	Ind		
13001043	12	--	X	XY								
13001043	13	ein	DET	ART					S		Nom	N
13001043	14	König	NOUN	NN					S		Nom	M
13001043	15	über	ADP	APPR								
13001043	16	der	DET	ART					S		Nom	F
13001043	17	Kind	NOUN	NN					P		Nom	N
13001043	18	Israel	PROPN	NE					S		Nom	N
13001043	19	regieren	VERB	VVFIN		Fin	Past	3	S	Ind		
13001043	20	Bela	PROPN	NE					S		Nom	M
13001043	21	der	DET	ART					S		Nom	M
13001043	22	Sohn	NOUN	NN					S		Nom	M
13001043	23	Beor	PROPN	NE					S		Nom	
13001043	24	und	CCONJ	KON								
13001043	25	der	DET	ART					S		Nom	M
13001043	26	Name	NOUN	NN					S		Nom	M
13001043	27	sein	DET	PPOSAT					S		Dat	F
13001043	28	Stadt	NOUN	NN					S		Nom	F
13001043	29	sein	AUX	VAFIN		Fin	Past	3	S	Ind		
13001043	30	Dinhaba	PROPN	NE					S		Nom	
13001044	1	und	CCONJ	KON								
13001044	2	Bela	PROPN	NE					S		Nom	M
13001044	3	sterben	VERB	VVFIN		Fin	Past	3	S	Ind		
13001044	4	und	CCONJ	KON								
13001044	5	es	PRON	PPER				3	S		Nom	N
13001044	6	werden	VERB	VAFIN		Fin	Past	3	S	Ind		
13001044	7	König	NOUN	NN					S		Nom	M
13001044	8	an	ADP	PTKVZ								
13001044	9	sein	DET	PPOSAT					S		Dat	F
13001044	10	statt	SCONJ	KOUI								
13001044	11	Jobab	PROPN	NE					S		Nom	M
13001044	12	der	DET	ART					S		Nom	M
13001044	13	Sohn	NOUN	NN					S		Nom	M
13001044	14	Serach	PROPN	NE					S		Gen	
13001044	15	aus	ADP	PTKVZ								
13001044	16	Bozra	PROPN	NE					S		Nom	M
13001045	1	und	CCONJ	KON								
13001045	2	Jobab	PROPN	NE					S		Nom	M
13001045	3	sterben	VERB	VVFIN		Fin	Past	3	S	Ind		
13001045	4	und	CCONJ	KON								
13001045	5	es	PRON	PPER				3	S		Nom	N
13001045	6	werden	VERB	VAFIN		Fin	Past	3	S	Ind		
13001045	7	König	NOUN	NN					S		Nom	M
13001045	8	an	ADP	PTKVZ								
13001045	9	sein	DET	PPOSAT					S		Dat	F
13001045	10	statt	SCONJ	KOUI								
13001045	11	Huscham	PROPN	NE					S		Nom	F
13001045	12	aus	ADP	PTKVZ								
13001045	13	der	DET	ART					S		Dat	M
13001045	14	Land	NOUN	NN					P		Nom	N
13001045	15	der	DET	ART					S		Nom	M
13001045	16	Temaniter	ADV	ADJD	Cmp							
13001046	1	und	CCONJ	KON								
13001046	2	Huscham	PROPN	NE					S		Nom	F
13001046	3	sterben	VERB	VVFIN		Fin	Past	3	S	Ind		
13001046	4	und	CCONJ	KON								
13001046	5	es	PRON	PPER				3	S		Nom	N
13001046	6	werden	VERB	VAFIN		Fin	Past	3	S	Ind		
13001046	7	König	NOUN	NN					S		Nom	M
13001046	8	an	ADP	PTKVZ								
13001046	9	sein	DET	PPOSAT					S		Dat	F
13001046	10	statt	SCONJ	KOUI								
13001046	11	Hadad	PROPN	NE					S		Nom	
13001046	12	der	DET	ART					S		Nom	M
13001046	13	Sohn	NOUN	NN					S		Nom	M
13001046	14	Bedad	X	NN								
13001046	15	welcher	PRON	PWAT					S		Nom	M
13001046	16	Midian	PROPN	NE					S		Nom	
13001046	17	schlagen	VERB	VVFIN		Fin	Past	3	S	Ind		
13001046	18	in	ADP	APPRART					S		Dat	N
13001046	19	Gefilde	NOUN	NN					P		Nom	N
13001046	20	Moabs	PROPN	NE					S		Nom	
13001046	21	und	CCONJ	KON								
13001046	22	der	DET	ART					S		Nom	M
13001046	23	Name	NOUN	NN					S		Nom	M
13001046	24	sein	DET	PPOSAT					S		Dat	F
13001046	25	Stadt	NOUN	NN					S		Nom	F
13001046	26	sein	AUX	VAFIN		Fin	Past	3	S	Ind		
13001046	27	Awith	PROPN	NE					S		Nom	
13001047	1	und	CCONJ	KON								
13001047	2	Hadad	PROPN	NE					S		Nom	
13001047	3	sterben	VERB	VVFIN		Fin	Past	3	S	Ind		
13001047	4	und	CCONJ	KON								
13001047	5	es	PRON	PPER				3	S		Nom	N
13001047	6	werden	VERB	VAFIN		Fin	Past	3	S	Ind		
13001047	7	König	NOUN	NN					S		Nom	M
13001047	8	an	ADP	PTKVZ								
13001047	9	sein	DET	PPOSAT					S		Dat	F
13001047	10	statt	SCONJ	KOUI								
13001047	11	Samla	PROPN	NE					S		Nom	
13001047	12	aus	ADP	PTKVZ								
13001047	13	masreka	PROPN	NE					S		Nom	
13001048	1	und	CCONJ	KON								
13001048	2	Samla	PROPN	NE					S		Nom	
13001048	3	sterben	VERB	VVFIN		Fin	Past	3	S	Ind		
13001048	4	und	CCONJ	KON								
13001048	5	es	PRON	PPER				3	S		Nom	N
13001048	6	werden	VERB	VAFIN		Fin	Past	3	S	Ind		
13001048	7	König	NOUN	NN					S		Nom	M
13001048	8	an	ADP	PTKVZ								
13001048	9	sein	DET	PPOSAT					S		Dat	F
13001048	10	statt	SCONJ	KOUI								
13001048	11	Saul	PROPN	NE					S		Nom	M
13001048	12	aus	ADP	PTKVZ								
13001048	13	Rechoboth	NOUN	NE					S		Nom	F
13001048	14	an	ADP	APPRART					S		Dat	M
13001048	15	Strom	NOUN	NN					P		Nom	M
13001049	1	und	CCONJ	KON								
13001049	2	Saul	PROPN	NE					S		Nom	M
13001049	3	sterben	VERB	VVFIN		Fin	Past	3	S	Ind		
13001049	4	und	CCONJ	KON								
13001049	5	es	PRON	PPER				3	S		Nom	N
13001049	6	werden	VERB	VAFIN		Fin	Past	3	S	Ind		
13001049	7	König	NOUN	NN					S		Nom	M
13001049	8	an	ADP	PTKVZ								
13001049	9	sein	DET	PPOSAT					S		Dat	F
13001049	10	statt	SCONJ	KOUI								
13001049	11	Baal-Hanan	PROPN	NE					S		Nom	M
13001049	12	der	DET	ART					S		Nom	M
13001049	13	Sohn	NOUN	NN					S		Nom	M
13001049	14	Akbor	PROPN	NE					S		Nom	
13001050	1	und	CCONJ	KON								
13001050	2	Baal-Hanan	PROPN	NE					S		Nom	M
13001050	3	sterben	VERB	VVFIN		Fin	Past	3	S	Ind		
13001050	4	und	CCONJ	KON								
13001050	5	es	PRON	PPER				3	S		Nom	N
13001050	6	werden	VERB	VAFIN		Fin	Past	3	S	Ind		
13001050	7	König	NOUN	NN					S		Nom	M
13001050	8	an	ADP	PTKVZ								
13001050	9	sein	DET	PPOSAT					S		Dat	F
13001050	10	statt	SCONJ	KOUI								
13001050	11	Hadad	PROPN	NE					S		Nom	
13001050	12	und	CCONJ	KON								
13001050	13	der	DET	ART					S		Nom	M
13001050	14	Name	NOUN	NN					S		Nom	M
13001050	15	sein	DET	PPOSAT					S		Dat	F
13001050	16	Stadt	NOUN	NN					S		Nom	F
13001050	17	sein	AUX	VAFIN		Fin	Past	3	S	Ind		
13001050	18	Paghi	NOUN	NN					S		Nom	M
13001050	19	und	CCONJ	KON								
13001050	20	der	DET	ART					S		Nom	M
13001050	21	Name	NOUN	NN					S		Nom	M
13001050	22	sein	DET	PPOSAT					S		Gen	M
13001050	23	Weibe	NOUN	NN					S		Gen	N
13001050	24	Mehetabeel	PROPN	NE					S		Nom	
13001050	25	der	DET	ART					S		Nom	F
13001050	26	Tochter	NOUN	NN					S		Nom	F
13001050	27	Matred	PROPN	NE					S		Nom	N
13001050	28	der	DET	ART					S		Nom	M
13001050	29	Tochter	NOUN	NN					S		Nom	F
13001050	30	Mesahab	PROPN	NE					S		Nom	
13001051	1	und	CCONJ	KON								
13001051	2	Hadad	PROPN	NE					S		Nom	
13001051	3	sterben	VERB	VVFIN		Fin	Past	3	S	Ind		
13001051	4	und	CCONJ	KON								
13001051	5	der	DET	ART					S		Nom	F
13001051	6	Fürst	NOUN	NN					P		Nom	M
13001051	7	von	ADP	APPR								
13001051	8	Edom	PROPN	NE					S		Nom	
13001051	9	sein	AUX	VAFIN		Fin	Past	3	P	Ind		
13001051	10	der	DET	ART					S		Nom	M
13001051	11	Fürst	NOUN	NN					S		Nom	M
13001051	12	Timna	PROPN	NE					S		Nom	
13001051	13	der	DET	ART					S		Nom	M
13001051	14	Fürst	NOUN	NN					S		Nom	M
13001051	15	alja	PROPN	NE					S		Nom	
13001051	16	der	DET	ART					S		Nom	M
13001051	17	Fürst	NOUN	NN					S		Nom	M
13001051	18	Jetheth	PROPN	NE					S		Nom	
13001052	1	der	DET	ART					S		Nom	M
13001052	2	Fürst	NOUN	NN					S		Nom	M
13001052	3	Oholibama	NOUN	NN					S		Nom	M
13001052	4	der	DET	ART					S		Nom	M
13001052	5	Fürst	NOUN	NN					S		Nom	M
13001052	6	Ela	PROPN	NE					S		Nom	
13001052	7	der	DET	ART					S		Nom	M
13001052	8	Fürst	NOUN	NN					S		Nom	M
13001052	9	Pinon	PROPN	NE					S		Nom	
13001053	1	der	DET	ART					S		Nom	M
13001053	2	Fürst	NOUN	NN					S		Nom	M
13001053	3	Kena	PROPN	NE					S		Gen	
13001053	4	der	DET	ART					S		Nom	M
13001053	5	Fürst	NOUN	NN					S		Nom	M
13001053	6	Teman	PROPN	NE					S		Nom	
13001053	7	der	DET	ART					S		Nom	M
13001053	8	Fürst	NOUN	NN					S		Nom	M
13001053	9	Mibzar	PROPN	NE					S		Nom	
13001054	1	der	DET	ART					S		Nom	M
13001054	2	Fürst	NOUN	NN					S		Nom	M
13001054	3	Magdiel	NOUN	NN					S		Nom	N
13001054	4	der	DET	ART					S		Nom	M
13001054	5	Fürst	NOUN	NN					S		Nom	M
13001054	6	Iram	PROPN	NE					S		Nom	
13001054	7	der	DET	ART					S		Nom	N
13001054	8	sein	AUX	VAFIN		Fin	Pres	3	P	Ind		
13001054	9	der	DET	ART					S		Nom	F
13001054	10	Fürst	NOUN	NN					P		Nom	M
13001054	11	von	ADP	APPR								
13001054	12	Edom	PROPN	NE					S		Nom	
13002001	1	dieser	PRON	PDS					S		Nom	N
13002001	2	sein	AUX	VAFIN		Fin	Pres	3	P	Ind		
13002001	3	der	DET	ART					S		Nom	F
13002001	4	Sohn	NOUN	NN					P		Nom	M
13002001	5	Israel	PROPN	NE					S		Gen	N
13002001	6	Ruben	PROPN	NE					S		Nom	M
13002001	7	Simeon	PROPN	NE					S		Nom	M
13002001	8	Levi	PROPN	NE					S		Nom	
13002001	9	und	CCONJ	KON								
13002001	10	Juda	PROPN	NE					S		Nom	M
13002001	11	Issaschar	PROPN	NE					S		Nom	
13002001	12	und	CCONJ	KON								
13002001	13	Sebulon	PROPN	NE					S		Nom	M
13002002	1	Dan	PROPN	NE					S		Nom	M
13002002	2	Joseph	PROPN	NE					S		Nom	M
13002002	3	und	CCONJ	KON								
13002002	4	Benjamin	PROPN	NE					S		Nom	M
13002002	5	Naphtali	PROPN	NE					S		Nom	
13002002	6	Gad	PROPN	NE					S		Nom	M
13002002	7	und	CCONJ	KON								
13002002	8	Aser	PROPN	NE					S		Nom	
13002003	1	der	DET	ART					S		Nom	F
13002003	2	Sohn	NOUN	NN					P		Nom	M
13002003	3	Judas	PROPN	NE					S		Nom	M
13002003	4	Gher	NOUN	NN					P		Nom	N
13002003	5	und	CCONJ	KON								
13002003	6	Onan	PROPN	NE					S		Nom	M
13002003	7	und	CCONJ	KON								
13002003	8	Schela	PROPN	NE					S		Nom	F
13002003	9	dieser	DET	PDAT					S		Nom	F
13002003	10	drei	NUM	CARD								
13002003	11	werden	AUX	VAFIN		Fin	Past	3	P	Ind		
13002003	12	ihm	PRON	PPER				3	S		Dat	M
13002003	13	gebären	VERB	VVPP		Part						
13002003	14	von	ADP	APPR								
13002003	15	der	DET	ART					S		Nom	M
13002003	16	Tochter	NOUN	NN					S		Nom	F
13002003	17	Schua	PROPN	NE					S		Gen	
13002003	18	der	DET	ART					S		Nom	M
13002003	19	Kanaaniterin	NOUN	NN					S		Nom	F
13002003	20	und	CCONJ	KON								
13002003	21	Gher	NOUN	NN					P		Nom	N
13002003	22	der	DET	ART					S		Nom	M
13002003	23	Erstgeborene	NOUN	NN					S		Nom	F
13002003	24	Judas	PROPN	NE					S		Nom	M
13002003	25	sein	AUX	VAFIN		Fin	Past	3	S	Ind		
13002003	26	böse	ADV	ADJD	Pos							
13002003	27	in	ADP	APPR								
13002003	28	der	DET	ART					S		Acc	M
13002003	29	Auge	NOUN	NN					P		Nom	N
13002003	30	Jahwe	PROPN	NE					S		Gen	
13002003	31	und	CCONJ	KON								
13002003	32	er	PRON	PPER				3	S		Nom	M
13002003	33	töten	VERB	VVFIN		Fin	Past	3	S	Ind		
13002003	34	ihn	PRON	PPER				3	S		Acc	M
13002004	1	und	CCONJ	KON								
13002004	2	Tamar	PROPN	NE					S		Nom	
13002004	3	sein	DET	PPOSAT					S		Nom	F
13002004	4	Schwiegertochter	NOUN	NN					S		Nom	F
13002004	5	gebar	VERB	ADJD		Fin	Past	3	S	Ind		
13002004	6	ihm	PRON	PPER				3	S		Dat	M
13002004	7	Perez	PROPN	NE					S		Nom	
13002004	8	und	CCONJ	KON								
13002004	9	Serach	NOUN	NE					S		Nom	N
13002004	10	aller	PRON	PIS					S		Nom	M
13002004	11	Sohn	NOUN	NN					P		Nom	M
13002004	12	Judas	PROPN	NE					S		Nom	M
13002004	13	sein	AUX	VAFIN		Fin	Past	3	P	Ind		
13002004	14	fünf	NUM	CARD								
13002005	1	der	DET	ART					S		Nom	F
13002005	2	Sohn	NOUN	NN					P		Nom	M
13002005	3	der	DET	ART					S		Gen	M
13002005	4	Perez	PROPN	NE					S		Nom	
13002005	5	sein	AUX	VAFIN		Fin	Past	3	P	Ind		
13002005	6	Hezron	PROPN	NE					S		Nom	
13002005	7	und	CCONJ	KON								
13002005	8	Hamul	PROPN	NE					S		Nom	
13002006	1	und	CCONJ	KON								
13002006	2	der	DET	ART					S		Nom	F
13002006	3	Sohn	NOUN	NN					P		Nom	M
13002006	4	Serach	PROPN	NE					S		Gen	
13002006	5	Simri	PROPN	NE					S		Nom	
13002006	6	und	CCONJ	KON								
13002006	7	Ethan	PROPN	NE					S		Nom	M
13002006	8	und	CCONJ	KON								
13002006	9	Heman	PROPN	NE					S		Nom	
13002006	10	und	CCONJ	KON								
13002006	11	Kalkol	PROPN	NE					S		Nom	F
13002006	12	und	CCONJ	KON								
13002006	13	Dara	PROPN	NE					S		Nom	
13002006	14	ihr	DET	PPOSAT					S		Dat	F
13002006	15	aller	DET	PIAT					P		Gen	
13002006	16	sein	AUX	VAFIN		Fin	Past	3	P	Ind		
13002006	17	fünf	NUM	CARD								
13002007	1	und	CCONJ	KON								
13002007	2	der	DET	ART					S		Nom	F
13002007	3	Sohn	NOUN	NN					P		Nom	M
13002007	4	Karmi	PROPN	NE					S		Nom	
13002007	5	Achar	PROPN	NE					S		Nom	
13002007	6	der	DET	ART					S		Nom	M
13002007	7	Israel	PROPN	NE					S		Nom	N
13002007	8	in	ADP	APPR								
13002007	9	Trübsal	NOUN	NN					S		Nom	M
13002007	10	bringen	VERB	VVFIN		Fin	Past	3	S	Ind		
13002007	11	weil	SCONJ	KOUS								
13002007	12	er	PRON	PPER				3	S		Nom	M
13002007	13	Untreue	NOUN	NN					S		Nom	F
13002007	14	begehen	VERB	VVFIN		Fin	Past	3	S	Ind		
13002007	15	an	ADP	PTKVZ								
13002007	16	der	DET	ART					S		Dat	M
13002007	17	verbannt	NOUN	NN					P		Nom	
13002008	1	und	CCONJ	KON								
13002008	2	der	DET	ART					S		Nom	F
13002008	3	Sohn	NOUN	NN					P		Nom	M
13002008	4	Ethan	PROPN	NE					S		Gen	M
13002008	5	Asarja	PROPN	NE					S		Nom	
13002009	1	und	CCONJ	KON								
13002009	2	der	DET	ART					S		Nom	F
13002009	3	Sohn	NOUN	NN					P		Nom	M
13002009	4	Hezron	PROPN	NE					S		Gen	
13002009	5	der	DET	ART					S		Nom	F
13002009	6	ihm	PRON	PPER				3	S		Dat	M
13002009	7	gebären	VERB	VVPP		Part						
13002009	8	werden	AUX	VAFIN		Fin	Past	3	P	Ind		
13002009	9	Jerachmeel	NOUN	NN					S		Nom	N
13002009	10	und	CCONJ	KON								
13002009	11	Ram	PROPN	NE					S		Nom	
13002009	12	und	CCONJ	KON								
13002009	13	Kelubai	NOUN	NN					S		Nom	F
13002010	1	und	CCONJ	KON								
13002010	2	Ram	PROPN	NE					S		Nom	
13002010	3	zeugen	VERB	VVFIN		Fin	Past	3	S	Ind		
13002010	4	Amminadab	PROPN	NE					S		Nom	
13002010	5	und	CCONJ	KON								
13002010	6	Amminadab	PROPN	NE					S		Nom	
13002010	7	zeugen	VERB	VVFIN		Fin	Past	3	S	Ind		
13002010	8	Nachschon	X	FM								
13002010	9	der	DET	ART					S		Acc	M
13002010	10	Fürst	NOUN	NN					P		Nom	M
13002010	11	der	DET	ART					S		Nom	M
13002010	12	Kind	NOUN	NN					P		Nom	N
13002010	13	Juda	PROPN	NE					S		Nom	M
13002011	1	und	CCONJ	KON								
13002011	2	Nachschon	X	FM								
13002011	3	zeugen	VERB	VVFIN		Fin	Past	3	S	Ind		
13002011	4	Salma	PROPN	NE					S		Nom	F
13002011	5	und	CCONJ	KON								
13002011	6	Salma	PROPN	NE					S		Nom	F
13002011	7	zeugen	VERB	VVFIN		Fin	Past	3	S	Ind		
13002011	8	Boas	PROPN	NE					S		Nom	
13002012	1	und	CCONJ	KON								
13002012	2	Boas	PROPN	NE					S		Nom	
13002012	3	zeugen	VERB	VVFIN		Fin	Past	3	S	Ind		
13002012	4	Obed	PROPN	NE					S		Nom	
13002012	5	und	CCONJ	KON								
13002012	6	Obed	PROPN	NE					S		Nom	
13002012	7	zeugen	VERB	VVFIN		Fin	Past	3	S	Ind		
13002012	8	Isai	PROPN	NE					S		Nom	
13002013	1	und	CCONJ	KON								
13002013	2	Isai	PROPN	NE					S		Nom	
13002013	3	zeugen	VERB	VVFIN		Fin	Past	3	S	Ind		
13002013	4	Eliab	NOUN	NN					S		Nom	F
13002013	5	sein	DET	PPOSAT					S		Acc	M
13002013	6	Erstgeboren	NOUN	NN					P		Nom	F
13002013	7	und	CCONJ	KON								
13002013	8	Abinadab	NOUN	NN					S		Nom	F
13002013	9	der	DET	ART					S		Acc	M
13002013	10	zweiter	ADJ	ADJA	Pos				S		Dat	M
13002013	11	und	CCONJ	KON								
13002013	12	Schimea	PROPN	NE					S		Nom	
13002013	13	der	DET	ART					S		Acc	M
13002013	14	dritter	ADJ	ADJA	Pos				S		Acc	M
13002014	1	nethaneel	PROPN	NN					S		Nom	
13002014	2	der	DET	ART					S		Acc	M
13002014	3	vierter	ADJ	ADJA	Pos				S		Acc	M
13002014	4	Raddai	NOUN	NE					S		Nom	F
13002014	5	der	DET	ART					S		Acc	M
13002014	6	fünfter	ADJ	ADJA	Pos				S		Acc	M
13002015	1	Ozem	PROPN	NE					S		Nom	M
13002015	2	der	DET	ART					S		Acc	M
13002015	3	sechster	ADJ	ADJA	Pos				S		Acc	M
13002015	4	David	PROPN	NE					S		Nom	M
13002015	5	der	DET	ART					S		Acc	M
13002015	6	siebter	ADJ	ADJA	Pos				S		Acc	M
13002016	1	und	CCONJ	KON								
13002016	2	ihr	DET	PPOSAT					S		Nom	F
13002016	3	Schwester	NOUN	NN					P		Nom	F
13002016	4	sein	AUX	VAFIN		Fin	Past	3	P	Ind		
13002016	5	Zeruja	PROPN	NE					S		Nom	N
13002016	6	und	CCONJ	KON								
13002016	7	Abigail	PROPN	NE					S		Nom	F
13002016	8	und	CCONJ	KON								
13002016	9	der	DET	ART					S		Nom	F
13002016	10	Sohn	NOUN	NN					P		Nom	M
13002016	11	der	DET	ART					S		Nom	M
13002016	12	Zeruja	PROPN	NE					S		Nom	N
13002016	13	Abisai	VERB	VVPP		Part						
13002016	14	und	CCONJ	KON								
13002016	15	Joab	PROPN	NE					S		Nom	M
13002016	16	und	CCONJ	KON								
13002016	17	Asael	PROPN	NE					S		Nom	M
13002016	18	drei	NUM	CARD								
13002017	1	und	CCONJ	KON								
13002017	2	Abigail	PROPN	NE					S		Nom	F
13002017	3	gebar	VERB	ADJD		Fin	Past	3	S	Ind		
13002017	4	Amasa	PROPN	NE					S		Nom	F
13002017	5	und	CCONJ	KON								
13002017	6	der	DET	ART					S		Nom	M
13002017	7	Vater	NOUN	NN					S		Nom	M
13002017	8	Amasa	NOUN	NN					S		Nom	M
13002017	9	sein	AUX	VAFIN		Fin	Past	3	S	Ind		
13002017	10	Jether	PROPN	NE					S		Nom	
13002017	11	der	DET	ART					S		Nom	M
13002017	12	Ismaeliter	NOUN	NN					S		Nom	M
13002018	1	und	CCONJ	KON								
13002018	2	Kaleb	NOUN	NN					S		Nom	M
13002018	3	der	DET	ART					S		Nom	M
13002018	4	Sohn	NOUN	NN					S		Nom	M
13002018	5	Hezron	PROPN	NE					S		Gen	
13002018	6	zeugen	VERB	VVFIN		Fin	Past	3	S	Ind		
13002018	7	Sohn	NOUN	NN					P		Nom	M
13002018	8	mit	ADP	APPR								
13002018	9	Asuba	PROPN	NE					S		Nom	N
13002018	10	sein	DET	PPOSAT					S		Dat	M
13002018	11	Weibe	NOUN	NN					S		Nom	F
13002018	12	und	CCONJ	KON								
13002018	13	mit	ADP	APPR								
13002018	14	Jerioth	NOUN	NN					S		Nom	F
13002018	15	und	CCONJ	KON								
13002018	16	dieser	PRON	PDS					S		Nom	N
13002018	17	sein	AUX	VAFIN		Fin	Pres	3	P	Ind		
13002018	18	ihr	DET	PPOSAT					S		Nom	F
13002018	19	Sohn	NOUN	NN					P		Nom	M
13002018	20	Jescher	NOUN	NN					P		Nom	M
13002018	21	und	CCONJ	KON								
13002018	22	Schobab	PROPN	NE					S		Nom	
13002018	23	und	CCONJ	KON								
13002018	24	Ardon	PROPN	NE					S		Nom	M
13002019	1	und	CCONJ	KON								
13002019	2	Asuba	PROPN	NE					S		Nom	N
13002019	3	sterben	VERB	VVFIN		Fin	Past	3	S	Ind		
13002019	4	und	CCONJ	KON								
13002019	5	Kaleb	NOUN	NN					S		Nom	M
13002019	6	nehmen	VERB	VVFIN		Fin	Past	3	S	Ind		
13002019	7	sich	PRON	PRF				3	S		Acc	
13002019	8	Ephrath	PROPN	NE					S		Nom	
13002019	9	und	CCONJ	KON								
13002019	10	sie	PRON	PPER				3	P		Nom	
13002019	11	gebar	VERB	ADJD		Fin	Past	3	S	Ind		
13002019	12	ihm	PRON	PPER				3	S		Dat	M
13002019	13	Hur	PROPN	NE					S		Nom	M
13002020	1	und	CCONJ	KON								
13002020	2	Hur	PROPN	NE					S		Nom	M
13002020	3	zeugen	VERB	VVFIN		Fin	Past	3	S	Ind		
13002020	4	Uri	PROPN	NE					S		Nom	M
13002020	5	und	CCONJ	KON								
13002020	6	Uri	PROPN	NE					S		Nom	M
13002020	7	zeugen	VERB	VVFIN		Fin	Past	3	S	Ind		
13002020	8	Bezaleel	PROPN	NE					S		Nom	
13002021	1	und	CCONJ	KON								
13002021	2	danach	ADV	PROAV								
13002021	3	gehen	VERB	VVFIN		Fin	Past	3	S	Ind		
13002021	4	Hezron	PROPN	NE					S		Nom	
13002021	5	ein	DET	ART					S		Nom	N
13002021	6	zu	ADP	PTKVZ								
13002021	7	der	DET	ART					S		Nom	M
13002021	8	Tochter	NOUN	NN					S		Nom	F
13002021	9	Makir	PROPN	NE					S		Gen	
13002021	10	der	DET	ART					S		Gen	M
13002021	11	Vater	NOUN	NN					S		Gen	M
13002021	12	Gilead	NOUN	NN					P		Nom	M
13002021	13	und	CCONJ	KON								
13002021	14	er	PRON	PPER				3	S		Nom	M
13002021	15	nehmen	VERB	VVFIN		Fin	Past	3	S	Ind		
13002021	16	sie	PRON	PPER				3	P		Nom	
13002021	17	als	ADP	KOKOM								
13002021	18	er	PRON	PPER				3	S		Nom	M
13002021	19	sechzig	NUM	CARD								
13002021	20	Jahr	NOUN	NN					P		Nom	N
13002021	21	alt	ADV	ADJD	Pos							
13002021	22	sein	AUX	VAFIN		Fin	Past	3	S	Ind		
13002021	23	und	CCONJ	KON								
13002021	24	sie	PRON	PPER				3	P		Nom	
13002021	25	gebar	VERB	ADJD		Fin	Past	3	S	Ind		
13002021	26	ihm	PRON	PPER				3	S		Dat	M
13002021	27	Segub	PROPN	NE					S		Nom	
13002022	1	und	CCONJ	KON								
13002022	2	Segub	PROPN	NE					S		Nom	
13002022	3	zeugen	VERB	VVFIN		Fin	Past	3	S	Ind		
13002022	4	Jair	PROPN	NE					S		Nom	M
13002022	5	und	CCONJ	KON								
13002022	6	dieser	PRON	PDAT					S		Nom	M
13002022	7	haben	AUX	VAFIN		Fin	Past	3	S	Ind		
13002022	8	23	NUM	CARD								
13002022	9	Stadt	NOUN	NN					P		Nom	F
13002022	10	in	ADP	APPRART					S		Dat	N
13002022	11	Land	NOUN	NN					P		Nom	N
13002022	12	Gilead	PROPN	NE					S		Nom	
13002023	1	und	CCONJ	KON								
13002023	2	Gesur	PROPN	NE					S		Nom	N
13002023	3	und	CCONJ	KON								
13002023	4	Aram	PROPN	NE					S		Nom	M
13002023	5	nehmen	VERB	VVFIN		Fin	Past	3	P	Ind		
13002023	6	ihnen	PRON	PPER				3	P		Dat	
13002023	7	der	DET	ART					S		Nom	F
13002023	8	Dorf	NOUN	NN					P		Nom	N
13002023	9	Jair	PROPN	NE					S		Gen	
13002023	10	Weg	ADV	PTKVZ								
13002023	11	mit	ADP	APPR								
13002023	12	Kenath	PROPN	NE					S		Nom	
13002023	13	und	CCONJ	KON								
13002023	14	sein	DET	PPOSAT					S		Acc	M
13002023	15	Tochterstädt	NOUN	NN					P		Nom	F
13002023	16	sechzig	NUM	CARD								
13002023	17	Stadt	NOUN	NN					P		Nom	F
13002023	18	dieser	DET	PDAT					S		Nom	F
13002023	19	aller	PRON	PIS					P		Nom	
13002023	20	sein	AUX	VAFIN		Fin	Past	3	P	Ind		
13002023	21	Sohn	NOUN	NN					P		Nom	M
13002023	22	Makir	PROPN	NE					S		Gen	
13002023	23	der	DET	ART					S		Gen	M
13002023	24	Vater	NOUN	NN					S		Gen	M
13002023	25	Gilead	NOUN	NN					P		Nom	M
13002024	1	und	CCONJ	KON								
13002024	2	nach	ADP	APPR								
13002024	3	der	DET	ART					S		Dat	M
13002024	4	Tod	NOUN	NN					S		Nom	M
13002024	5	Hezron	PROPN	NE					S		Gen	
13002024	6	in	ADP	APPR								
13002024	7	Kaleb-Ephratha	PROPN	NE					S		Nom	
13002024	8	da	ADV	ADV								
13002024	9	gebar	VERB	ADJD		Fin	Past	3	S	Ind		
13002024	10	Abija	PROPN	NE					S		Nom	F
13002024	11	Hezron	PROPN	NE					S		Gen	
13002024	12	Weib	NOUN	NN					S		Nom	N
13002024	13	ihm	PRON	PPER				3	S		Dat	M
13002024	14	Aschur	NOUN	NE					P		Nom	N
13002024	15	der	DET	ART					S		Acc	M
13002024	16	Vater	NOUN	NN					S		Nom	M
13002024	17	Tekoas	NOUN	NN					P		Nom	N
13002025	1	und	CCONJ	KON								
13002025	2	der	DET	ART					S		Nom	F
13002025	3	Sohn	NOUN	NN					P		Nom	M
13002025	4	Jerachmeel	PROPN	NE					S		Gen	
13002025	5	der	DET	ART					S		Gen	M
13002025	6	Erstgeboren	NOUN	NN					P		Nom	F
13002025	7	Hezron	PROPN	NE					S		Gen	
13002025	8	sein	AUX	VAFIN		Fin	Past	3	P	Ind		
13002025	9	der	DET	ART					S		Nom	M
13002025	10	Erstgeborene	NOUN	NN					S		Nom	F
13002025	11	Ram	PROPN	NE					S		Nom	
13002025	12	und	CCONJ	KON								
13002025	13	Buna	PROPN	NE					S		Nom	
13002025	14	und	CCONJ	KON								
13002025	15	Oren	PROPN	NE					S		Nom	M
13002025	16	und	CCONJ	KON								
13002025	17	Ozem	PROPN	NE					S		Nom	M
13002025	18	von	ADP	APPR								
13002025	19	Achija	NOUN	NN					S		Nom	F
13002026	1	und	CCONJ	KON								
13002026	2	Jerachmeel	NOUN	NN					S		Nom	N
13002026	3	haben	AUX	VAFIN		Fin	Past	3	S	Ind		
13002026	4	ein	DET	ART					S		Nom	N
13002026	5	anderer	PRON	PIS					S		Nom	N
13002026	6	Weib	NOUN	NN					S		Nom	N
13002026	7	ihr	PRON	PPOSAT				3	S		Dat	F
13002026	8	Name	NOUN	NN					S		Nom	M
13002026	9	sein	AUX	VAFIN		Fin	Past	3	S	Ind		
13002026	10	Atara	PROPN	NE					S		Nom	N
13002026	11	sie	PRON	PPER				3	P		Nom	
13002026	12	sein	AUX	VAFIN		Fin	Past	3	S	Ind		
13002026	13	der	DET	ART					S		Nom	F
13002026	14	Mutter	NOUN	NN					S		Nom	F
13002026	15	Onam	PROPN	NE					S		Gen	
13002027	1	und	CCONJ	KON								
13002027	2	der	DET	ART					S		Nom	F
13002027	3	Sohn	NOUN	NN					P		Nom	M
13002027	4	Rams	PROPN	NE					S		Nom	
13002027	5	der	DET	ART					S		Gen	M
13002027	6	Erstgeboren	NOUN	NN					P		Nom	F
13002027	7	Jerachmeel	PROPN	NE					S		Gen	
13002027	8	sein	AUX	VAFIN		Fin	Past	3	P	Ind		
13002027	9	Maaz	PROPN	NE					S		Nom	
13002027	10	und	CCONJ	KON								
13002027	11	Jamin	PROPN	NE					S		Nom	M
13002027	12	und	CCONJ	KON								
13002027	13	Eker	PROPN	NE					S		Nom	M
13002028	1	und	CCONJ	KON								
13002028	2	der	DET	ART					S		Nom	F
13002028	3	Sohn	NOUN	NN					P		Nom	M
13002028	4	Onam	PROPN	NE					S		Gen	
13002028	5	sein	AUX	VAFIN		Fin	Past	3	P	Ind		
13002028	6	Schammai	PROPN	NE					S		Nom	
13002028	7	und	CCONJ	KON								
13002028	8	Jada	PROPN	NE					S		Nom	
13002028	9	und	CCONJ	KON								
13002028	10	der	DET	ART					S		Nom	F
13002028	11	Sohn	NOUN	NN					P		Nom	M
13002028	12	Schammai	PROPN	NN					S		Gen	M
13002028	13	Nadab	NOUN	NN					S		Nom	M
13002028	14	und	CCONJ	KON								
13002028	15	abischur	NOUN	NE					S		Nom	N
13002029	1	und	CCONJ	KON								
13002029	2	der	DET	ART					S		Nom	M
13002029	3	Name	NOUN	NN					S		Nom	M
13002029	4	der	DET	ART					S		Gen	M
13002029	5	Weibe	NOUN	NN					S		Gen	N
13002029	6	Abischurs	NOUN	NN					S		Nom	F
13002029	7	sein	AUX	VAFIN		Fin	Past	3	S	Ind		
13002029	8	Abichail	PROPN	NE					S		Nom	
13002029	9	und	CCONJ	KON								
13002029	10	sie	PRON	PPER				3	P		Nom	
13002029	11	gebar	VERB	ADJD		Fin	Past	3	S	Ind		
13002029	12	ihm	PRON	PPER				3	S		Dat	M
13002029	13	Achban	PROPN	NE					S		Nom	
13002029	14	und	CCONJ	KON								
13002029	15	Molid	NOUN	NN					S		Nom	F
13002030	1	und	CCONJ	KON								
13002030	2	der	DET	ART					S		Nom	F
13002030	3	Sohn	NOUN	NN					P		Nom	M
13002030	4	Nadab	PROPN	NE					S		Nom	
13002030	5	Seled	PROPN	NE					S		Nom	
13002030	6	und	CCONJ	KON								
13002030	7	Appaim	PROPN	NE					S		Nom	M
13002030	8	und	CCONJ	KON								
13002030	9	Seled	PROPN	NE					S		Nom	
13002030	10	sterben	VERB	VVFIN		Fin	Past	3	S	Ind		
13002030	11	ohne	ADP	APPR								
13002030	12	Sohn	NOUN	NN					P		Nom	M
13002031	1	und	CCONJ	KON								
13002031	2	der	DET	ART					S		Nom	F
13002031	3	Sohn	NOUN	NN					P		Nom	M
13002031	4	Appaim	PROPN	NE					S		Gen	N
13002031	5	Jischhi	NOUN	NN					S		Nom	F
13002031	6	und	CCONJ	KON								
13002031	7	der	DET	ART					S		Nom	F
13002031	8	Sohn	NOUN	NN					P		Nom	M
13002031	9	Jischhi	PROPN	NE					S		Nom	
13002031	10	Scheschan	PROPN	NE					S		Nom	
13002031	11	und	CCONJ	KON								
13002031	12	der	DET	ART					S		Nom	F
13002031	13	Sohn	NOUN	NN					P		Nom	M
13002031	14	Scheschan	PROPN	NE					S		Gen	M
13002031	15	Achlai	NOUN	NN					S		Nom	N
13002032	1	und	CCONJ	KON								
13002032	2	der	DET	ART					S		Nom	F
13002032	3	Sohn	NOUN	NN					P		Nom	M
13002032	4	Jada	PROPN	NE					S		Nom	
13002032	5	der	DET	ART					S		Gen	M
13002032	6	Bruder	NOUN	NN					S		Gen	M
13002032	7	Schammai	PROPN	NN					S		Gen	M
13002032	8	Jether	PROPN	NE					S		Nom	
13002032	9	und	CCONJ	KON								
13002032	10	Jonathan	PROPN	NE					S		Nom	M
13002032	11	und	CCONJ	KON								
13002032	12	Jether	PROPN	NE					S		Nom	
13002032	13	sterben	VERB	VVFIN		Fin	Past	3	S	Ind		
13002032	14	ohne	ADP	APPR								
13002032	15	Sohn	NOUN	NN					P		Nom	M
13002033	1	und	CCONJ	KON								
13002033	2	der	DET	ART					S		Nom	F
13002033	3	Sohn	NOUN	NN					P		Nom	M
13002033	4	Jonathan	PROPN	NE					S		Gen	M
13002033	5	Peleth	PROPN	NE					S		Nom	
13002033	6	und	CCONJ	KON								
13002033	7	Sasa	PROPN	NE					S		Nom	
13002033	8	der	DET	ART					S		Nom	N
13002033	9	sein	AUX	VAFIN		Fin	Past	3	P	Ind		
13002033	10	der	DET	ART					S		Nom	F
13002033	11	Sohn	NOUN	NN					P		Nom	M
13002033	12	Jerachmeel	PROPN	NE					S		Gen	
13002034	1	und	CCONJ	KON								
13002034	2	Scheschan	PROPN	NE					S		Nom	
13002034	3	haben	AUX	VAFIN		Fin	Past	3	S	Ind		
13002034	4	kein	DET	PIAT					S		Nom	F
13002034	5	Sohn	NOUN	NN					P		Nom	M
13002034	6	sondern	CCONJ	KON								
13002034	7	nur	ADV	ADV								
13002034	8	Tochter	NOUN	NN					P		Nom	F
13002034	9	und	CCONJ	KON								
13002034	10	Scheschan	PROPN	NE					S		Nom	
13002034	11	haben	AUX	VAFIN		Fin	Past	3	S	Ind		
13002034	12	ein	DET	ART					S		Acc	M
13002034	13	ägyptisch	ADJ	ADJA	Pos				S		Nom	N
13002034	14	Knecht	NOUN	NN					S		Nom	M
13002034	15	sein	AUX	VAINF		Inf						
13002034	16	Name	NOUN	NN					S		Nom	M
13002034	17	sein	AUX	VAFIN		Fin	Past	3	S	Ind		
13002034	18	Jarcha	PROPN	NE					S		Nom	
13002035	1	und	CCONJ	KON								
13002035	2	Scheschan	PROPN	NE					S		Nom	
13002035	3	geben	VERB	VVFIN		Fin	Past	3	S	Ind		
13002035	4	sein	DET	PPOSAT					S		Dat	M
13002035	5	Knecht	NOUN	NN					P		Nom	M
13002035	6	Jarcha	PROPN	NE					S		Nom	
13002035	7	sein	DET	PPOSAT					S		Nom	F
13002035	8	Tochter	NOUN	NN					S		Nom	F
13002035	9	zu	ADP	APPRART					S		Dat	N
13002035	10	Weibe	NOUN	NN					S		Nom	F
13002035	11	und	CCONJ	KON								
13002035	12	sie	PRON	PPER				3	P		Nom	
13002035	13	gebar	VERB	ADJD		Fin	Past	3	S	Ind		
13002035	14	ihm	PRON	PPER				3	S		Dat	M
13002035	15	Attai	NOUN	NN					S		Acc	F
13002036	1	und	CCONJ	KON								
13002036	2	Attai	NOUN	NN					S		Acc	F
13002036	3	zeugen	VERB	VVFIN		Fin	Past	3	S	Ind		
13002036	4	Nathan	PROPN	NE					S		Nom	M
13002036	5	und	CCONJ	KON								
13002036	6	Nathan	PROPN	NE					S		Nom	M
13002036	7	zeugen	VERB	VVFIN		Fin	Past	3	S	Ind		
13002036	8	Sabad	PROPN	NE					S		Nom	N
13002037	1	und	CCONJ	KON								
13002037	2	Sabad	PROPN	NE					S		Nom	N
13002037	3	zeugen	VERB	VVFIN		Fin	Past	3	S	Ind		
13002037	4	ephlal	ADV	NE								
13002037	5	und	CCONJ	KON								
13002037	6	ephlal	ADV	NE								
13002037	7	zeugen	VERB	VVFIN		Fin	Past	3	S	Ind		
13002037	8	Obed	PROPN	NE					S		Nom	
13002038	1	und	CCONJ	KON								
13002038	2	Obed	PROPN	NE					S		Nom	
13002038	3	zeugen	VERB	VVFIN		Fin	Past	3	S	Ind		
13002038	4	Jehu	PROPN	NE					S		Nom	M
13002038	5	und	CCONJ	KON								
13002038	6	Jehu	PROPN	NE					S		Nom	M
13002038	7	zeugen	VERB	VVFIN		Fin	Past	3	S	Ind		
13002038	8	Asarja	PROPN	NE					S		Nom	
13002039	1	und	CCONJ	KON								
13002039	2	Asarja	PROPN	NE					S		Nom	
13002039	3	zeugen	VERB	VVFIN		Fin	Past	3	S	Ind		
13002039	4	Helez	PROPN	NE					S		Nom	M
13002039	5	und	CCONJ	KON								
13002039	6	Helez	PROPN	NE					S		Nom	M
13002039	7	zeugen	VERB	VVFIN		Fin	Past	3	S	Ind		
13002039	8	Elasa	PROPN	NE					S		Nom	M
13002040	1	und	CCONJ	KON								
13002040	2	Elasa	PROPN	NE					S		Nom	M
13002040	3	zeugen	VERB	VVFIN		Fin	Past	3	S	Ind		
13002040	4	Sismai	PROPN	NE					S		Nom	
13002040	5	und	CCONJ	KON								
13002040	6	Sismai	PROPN	NE					S		Nom	
13002040	7	zeugen	VERB	VVFIN		Fin	Past	3	S	Ind		
13002040	8	Schallum	PROPN	NE					S		Nom	
13002041	1	und	CCONJ	KON								
13002041	2	Schallum	PROPN	NE					S		Nom	
13002041	3	zeugen	VERB	VVFIN		Fin	Past	3	S	Ind		
13002041	4	Jekamja	NOUN	NN					S		Nom	M
13002041	5	und	CCONJ	KON								
13002041	6	Jekamja	NOUN	NN					S		Nom	M
13002041	7	zeugen	VERB	VVFIN		Fin	Past	3	S	Ind		
13002041	8	Elischama	PROPN	NE					S		Nom	
13002042	1	und	CCONJ	KON								
13002042	2	der	DET	ART					S		Nom	F
13002042	3	Sohn	NOUN	NN					P		Nom	M
13002042	4	Kalebs	NOUN	NN					S		Nom	M
13002042	5	der	DET	ART					S		Gen	M
13002042	6	Bruder	NOUN	NN					S		Gen	M
13002042	7	Jerachmeel	PROPN	NE					S		Gen	
13002042	8	Mescha	PROPN	NE					S		Nom	N
13002042	9	sein	AUX	VAINF		Inf						
13002042	10	Erstgeborener	NOUN	NN					S		Nom	M
13002042	11	er	PRON	PPER				3	S		Nom	M
13002042	12	sein	AUX	VAFIN		Fin	Pres	3	S	Ind		
13002042	13	der	DET	ART					S		Nom	M
13002042	14	Vater	NOUN	NN					S		Nom	M
13002042	15	Siphs	PROPN	NE					S		Nom	
13002042	16	und	CCONJ	KON								
13002042	17	der	DET	ART					S		Nom	F
13002042	18	Sohn	NOUN	NN					P		Nom	M
13002042	19	Marescha	PROPN	NE					S		Gen	
13002042	20	der	DET	ART					S		Gen	M
13002042	21	Vater	NOUN	NN					S		Gen	M
13002042	22	Hebron	PROPN	NE					S		Gen	
13002043	1	und	CCONJ	KON								
13002043	2	der	DET	ART					S		Nom	F
13002043	3	Sohn	NOUN	NN					P		Nom	M
13002043	4	Hebron	PROPN	NE					S		Gen	
13002043	5	Korach	PROPN	NE					S		Nom	
13002043	6	und	CCONJ	KON								
13002043	7	Tappuach	NOUN	NN					S		Nom	N
13002043	8	und	CCONJ	KON								
13002043	9	Rekem	NOUN	NN					S		Nom	N
13002043	10	und	CCONJ	KON								
13002043	11	Schema	NOUN	NN					S		Nom	N
13002044	1	und	CCONJ	KON								
13002044	2	Schema	NOUN	NN					S		Nom	N
13002044	3	zeugen	VERB	VVFIN		Fin	Past	3	S	Ind		
13002044	4	Racham	PROPN	NE					S		Nom	
13002044	5	der	DET	ART					S		Acc	M
13002044	6	Vater	NOUN	NN					S		Nom	M
13002044	7	Jorkeam	PROPN	NE					S		Gen	
13002044	8	und	CCONJ	KON								
13002044	9	Rekem	NOUN	NN					S		Nom	N
13002044	10	zeugen	VERB	VVFIN		Fin	Past	3	S	Ind		
13002044	11	Schammai	PROPN	NE					S		Nom	
13002045	1	und	CCONJ	KON								
13002045	2	der	DET	ART					S		Nom	M
13002045	3	Sohn	NOUN	NN					S		Nom	M
13002045	4	Schammai	PROPN	NN					S		Gen	M
13002045	5	sein	AUX	VAFIN		Fin	Past	3	S	Ind		
13002045	6	Maon	PROPN	NE					S		Nom	M
13002045	7	und	CCONJ	KON								
13002045	8	Maon	PROPN	NE					S		Nom	M
13002045	9	sein	AUX	VAFIN		Fin	Past	3	S	Ind		
13002045	10	der	DET	ART					S		Nom	M
13002045	11	Vater	NOUN	NN					S		Nom	M
13002045	12	Beth-Zurs	NOUN	NN					S		Nom	M
13002046	1	und	CCONJ	KON								
13002046	2	Epha	PROPN	NE					S		Nom	
13002046	3	der	DET	ART					S		Nom	N
13002046	4	Kebsweib	NOUN	NN					S		Nom	F
13002046	5	Kalebs	NOUN	NN					S		Nom	M
13002046	6	gebar	VERB	ADJD		Fin	Past	3	S	Ind		
13002046	7	Haran	PROPN	NE					S		Nom	M
13002046	8	und	CCONJ	KON								
13002046	9	Moza	PROPN	NE					S		Nom	
13002046	10	und	CCONJ	KON								
13002046	11	Gase	NOUN	NN					P		Nom	N
13002046	12	und	CCONJ	KON								
13002046	13	Haran	PROPN	NE					S		Nom	M
13002046	14	zeugen	VERB	VVFIN		Fin	Past	3	S	Ind		
13002046	15	Gase	NOUN	NN					P		Nom	N
13002047	1	und	CCONJ	KON								
13002047	2	der	DET	ART					S		Nom	F
13002047	3	Sohn	NOUN	NN					P		Nom	M
13002047	4	Jehdai	PROPN	NE					S		Nom	N
13002047	5	Regem	PROPN	NE					S		Dat	
13002047	6	und	CCONJ	KON								
13002047	7	Jotham	PROPN	NE					S		Nom	F
13002047	8	und	CCONJ	KON								
13002047	9	Geschan	PROPN	NE					S		Nom	F
13002047	10	und	CCONJ	KON								
13002047	11	Peleth	PROPN	NE					S		Nom	
13002047	12	und	CCONJ	KON								
13002047	13	Epha	PROPN	NE					S		Nom	
13002047	14	und	CCONJ	KON								
13002047	15	Schaaph	PROPN	NN					S		Nom	
13002048	1	Maaka	PROPN	NE					S		Nom	N
13002048	2	der	DET	ART					S		Nom	N
13002048	3	Kebsweib	NOUN	NN					S		Nom	F
13002048	4	Kalebs	NOUN	NN					S		Nom	M
13002048	5	gebar	VERB	ADJD		Fin	Past	3	S	Ind		
13002048	6	Scheber	NOUN	NN					S		Nom	M
13002048	7	und	CCONJ	KON								
13002048	8	Tirchana	NOUN	NN					S		Nom	F
13002049	1	und	CCONJ	KON								
13002049	2	sie	PRON	PPER				3	P		Nom	
13002049	3	gebar	VERB	ADJD		Fin	Past	3	S	Ind		
13002049	4	Schaaph	PROPN	NN					S		Nom	
13002049	5	der	DET	ART					S		Acc	M
13002049	6	Vater	NOUN	NN					S		Nom	M
13002049	7	Madmanna	PROPN	NE					S		Gen	M
13002049	8	Schewa	NOUN	NN					S		Nom	M
13002049	9	der	DET	ART					S		Acc	M
13002049	10	Vater	NOUN	NN					S		Nom	M
13002049	11	Makbena	PROPN	NE					S		Gen	N
13002049	12	und	CCONJ	KON								
13002049	13	der	DET	ART					S		Acc	M
13002049	14	Vater	NOUN	NN					S		Nom	M
13002049	15	Gibeas	PROPN	NE					S		Nom	
13002049	16	und	CCONJ	KON								
13002049	17	der	DET	ART					S		Nom	F
13002049	18	Tochter	NOUN	NN					S		Nom	F
13002049	19	Kalebs	NOUN	NN					S		Nom	M
13002049	20	sein	AUX	VAFIN		Fin	Past	3	S	Ind		
13002049	21	Aksa	PROPN	NE					S		Acc	M
13002050	1	dieser	PRON	PDS					S		Nom	N
13002050	2	sein	AUX	VAFIN		Fin	Past	3	P	Ind		
13002050	3	der	DET	ART					S		Nom	F
13002050	4	Sohn	NOUN	NN					P		Nom	M
13002050	5	Kalebs	NOUN	NN					S		Nom	M
13002050	6	der	DET	ART					S		Nom	F
13002050	7	Sohn	NOUN	NN					P		Nom	M
13002050	8	Hur	PROPN	NE					S		Nom	
13002050	9	der	DET	ART					S		Gen	M
13002050	10	Erstgeboren	NOUN	NN					P		Nom	F
13002050	11	der	DET	ART					S		Nom	M
13002050	12	Ephratha	PROPN	NE					S		Nom	M
13002050	13	Schobal	PROPN	NE					S		Nom	
13002050	14	der	DET	ART					S		Nom	M
13002050	15	Vater	NOUN	NN					S		Nom	M
13002050	16	von	ADP	APPR								
13002050	17	Kirjath-Jearim	NOUN	NN					S		Nom	N
13002051	1	Salma	PROPN	NE					S		Nom	F
13002051	2	der	DET	ART					S		Nom	M
13002051	3	Vater	NOUN	NN					S		Nom	M
13002051	4	von	ADP	APPR								
13002051	5	Bethlehem	PROPN	NE					S		Nom	N
13002051	6	Hareph	PROPN	NE					S		Nom	M
13002051	7	der	DET	ART					S		Nom	M
13002051	8	Vater	NOUN	NN					S		Nom	M
13002051	9	von	ADP	APPR								
13002051	10	Beth-Gader	NOUN	NN					P		Nom	N
13002052	1	und	CCONJ	KON								
13002052	2	Schobal	PROPN	NE					S		Nom	
13002052	3	der	DET	ART					S		Nom	M
13002052	4	Vater	NOUN	NN					S		Nom	M
13002052	5	von	ADP	APPR								
13002052	6	Kirjath-Jearim	NOUN	NN					S		Nom	N
13002052	7	haben	AUX	VAFIN		Fin	Past	3	S	Ind		
13002052	8	Sohn	NOUN	NN					P		Nom	M
13002052	9	Haroeh	PROPN	NE					S		Nom	F
13002052	10	Hazi-Hammenuchoth	NOUN	NN					S		Nom	F
13002053	1	und	CCONJ	KON								
13002053	2	der	DET	ART					S		Nom	F
13002053	3	Geschlecht	NOUN	NN					P		Nom	N
13002053	4	von	ADP	APPR								
13002053	5	Kirjath-Jearim	NOUN	NN					S		Nom	N
13002053	6	sein	AUX	VAFIN		Fin	Past	3	P	Ind		
13002053	7	der	DET	ART					S		Nom	F
13002053	8	Jithriter	PROPN	NE					S		Nom	M
13002053	9	und	CCONJ	KON								
13002053	10	der	DET	ART					S		Nom	F
13002053	11	Puthiter	NOUN	NN					P		Nom	M
13002053	12	und	CCONJ	KON								
13002053	13	der	DET	ART					S		Nom	F
13002053	14	schumathiter	NOUN	NN					S		Nom	M
13002053	15	und	CCONJ	KON								
13002053	16	der	DET	ART					S		Nom	F
13002053	17	Mischraiter	PROPN	NE					S		Nom	N
13002053	18	von	ADP	APPR								
13002053	19	dieser	DET	PDAT					S		Acc	M
13002053	20	sein	AUX	VAFIN		Fin	Pres	3	P	Ind		
13002053	21	ausgehen	VERB	VVPP		Part						
13002053	22	der	DET	ART					S		Nom	F
13002053	23	Zorathiter	NOUN	NN					P		Nom	N
13002053	24	und	CCONJ	KON								
13002053	25	der	DET	ART					S		Nom	F
13002053	26	Estauliter	NOUN	NN					P		Nom	M
13002054	1	der	DET	ART					S		Nom	F
13002054	2	Sohn	NOUN	NN					P		Nom	M
13002054	3	Salmas	PROPN	NE					S		Nom	
13002054	4	Bethlehem	PROPN	NE					S		Nom	N
13002054	5	und	CCONJ	KON								
13002054	6	der	DET	ART					S		Nom	F
13002054	7	Netophathiter	NOUN	NN					P		Nom	F
13002054	8	Ateroth-Beth-Joab	PRON	VVFIN				3	S		Nom	M
13002054	9	und	CCONJ	KON								
13002054	10	Hazi-Hammanachti	NOUN	NN					S		Nom	M
13002054	11	der	DET	ART					S		Nom	F
13002054	12	Zoriter	NOUN	NN					P		Nom	M
13002055	1	und	CCONJ	KON								
13002055	2	der	DET	ART					S		Nom	F
13002055	3	Geschlecht	NOUN	NN					P		Nom	N
13002055	4	der	DET	ART					S		Nom	M
13002055	5	Schreiber	PROPN	NE					S		Nom	M
13002055	6	welcher	DET	PWAT					S		Nom	F
13002055	7	Jabez	PROPN	NE					S		Nom	
13002055	8	bewohnt	ADJ	ADJA	Pos				S		Dat	M
13002055	9	der	DET	ART					S		Nom	F
13002055	10	Tirathiter	NOUN	NN					S		Nom	M
13002055	11	der	DET	ART					S		Nom	F
13002055	12	Schimathiter	NOUN	NN					P		Nom	M
13002055	13	der	DET	ART					S		Nom	F
13002055	14	Sukathiter	NOUN	NN					S		Nom	F
13002055	15	der	DET	ART					S		Nom	N
13002055	16	sein	AUX	VAFIN		Fin	Pres	3	P	Ind		
13002055	17	der	DET	ART					S		Nom	F
13002055	18	Keniter	NOUN	NN					S		Nom	M
13002055	19	der	DET	ART					S		Nom	F
13002055	20	von	ADP	APPR								
13002055	21	Hammath	PROPN	NE					S		Nom	
13002055	22	der	DET	ART					S		Dat	M
13002055	23	Vater	NOUN	NN					S		Nom	M
13002055	24	der	DET	ART					S		Gen	M
13002055	25	Haus	NOUN	NN					S		Gen	N
13002055	26	Rekab	PROPN	NE					S		Nom	
13002055	27	herkommen	VERB	VVINF		Inf						
13003001	1	und	CCONJ	KON								
13003001	2	dieser	PRON	PDS					S		Nom	N
13003001	3	sein	AUX	VAFIN		Fin	Past	3	P	Ind		
13003001	4	der	DET	ART					S		Nom	F
13003001	5	Sohn	NOUN	NN					P		Nom	M
13003001	6	David	PROPN	NE					S		Gen	M
13003001	7	der	DET	ART					S		Nom	F
13003001	8	ihm	PRON	PPER				3	S		Dat	M
13003001	9	in	ADP	APPR								
13003001	10	Hebron	PROPN	NE					S		Nom	N
13003001	11	gebären	VERB	VVPP		Part						
13003001	12	werden	AUX	VAFIN		Fin	Past	3	P	Ind		
13003001	13	der	DET	ART					S		Nom	M
13003001	14	erstgeborene	ADJ	ADJA	Pos				S		Nom	F
13003001	15	Ammon	PROPN	NE					S		Nom	
13003001	16	von	ADP	APPR								
13003001	17	achinoam	VERB	NN		Part						
13003001	18	der	DET	ART					S		Nom	M
13003001	19	Jisreelitin	NOUN	NE					S		Nom	F
13003001	20	der	DET	ART					S		Nom	M
13003001	21	zweiter	ADJ	ADJA	Pos				S		Nom	F
13003001	22	Daniel	PROPN	NE					S		Nom	M
13003001	23	von	ADP	APPR								
13003001	24	Abigail	PROPN	NE					S		Nom	F
13003001	25	der	DET	ART					S		Nom	M
13003001	26	Karmelitin	PROPN	NE					S		Nom	F
13003002	1	der	DET	ART					S		Nom	M
13003002	2	dritter	ADJ	ADJA	Pos				S		Nom	F
13003002	3	Absalom	NOUN	NE					S		Nom	N
13003002	4	der	DET	ART					S		Nom	M
13003002	5	Sohn	NOUN	NN					S		Nom	M
13003002	6	Maaka	PROPN	NE					S		Gen	N
13003002	7	der	DET	ART					S		Nom	M
13003002	8	Tochter	NOUN	NN					S		Nom	F
13003002	9	Talmai	PROPN	NE					S		Nom	M
13003002	10	der	DET	ART					S		Gen	M
13003002	11	König	PROPN	NE					S		Nom	
13003002	12	von	ADP	APPR								
13003002	13	Gesur	PROPN	NE					S		Nom	N
13003002	14	der	DET	ART					S		Nom	M
13003002	15	vierter	ADJ	ADJA	Pos				S		Nom	F
13003002	16	Adonija	PROPN	NE					S		Nom	F
13003002	17	der	DET	ART					S		Nom	M
13003002	18	Sohn	NOUN	NN					S		Nom	M
13003002	19	Haggith	PROPN	NE					S		Nom	
13003003	1	der	DET	ART					S		Nom	M
13003003	2	fünfter	ADJ	ADJA	Pos				S		Nom	F
13003003	3	Schephatja	PROPN	NE					S		Nom	
13003003	4	von	ADP	APPR								
13003003	5	Abital	PROPN	NE					S		Nom	
13003003	6	der	DET	ART					S		Nom	M
13003003	7	sechster	ADJ	ADJA	Pos				S		Nom	F
13003003	8	Jithream	NOUN	NN					S		Nom	N
13003003	9	von	ADP	APPR								
13003003	10	sein	DET	PPOSAT					S		Dat	M
13003003	11	Weibe	NOUN	NN					S		Nom	F
13003003	12	Egla	PROPN	NE					S		Nom	N
13003004	1	sechs	NUM	CARD								
13003004	2	werden	AUX	VAFIN		Fin	Past	3	P	Ind		
13003004	3	ihm	PRON	PPER				3	S		Dat	M
13003004	4	in	ADP	APPR								
13003004	5	Hebron	PROPN	NE					S		Nom	N
13003004	6	gebären	VERB	VVPP		Part						
13003004	7	und	CCONJ	KON								
13003004	8	er	PRON	PPER				3	S		Nom	M
13003004	9	regieren	VERB	VVFIN		Fin	Past	3	S	Ind		
13003004	10	daselbst	ADV	PROAV								
13003004	11	sieben	NUM	CARD								
13003004	12	Jahr	NOUN	NN					P		Nom	N
13003004	13	und	CCONJ	KON								
13003004	14	sechs	NUM	CARD								
13003004	15	Monat	NOUN	NN					P		Nom	M
13003004	16	und	CCONJ	KON								
13003004	17	33	NUM	CARD								
13003004	18	Jahr	NOUN	NN					P		Nom	N
13003004	19	regieren	VERB	VVFIN		Fin	Past	3	S	Ind		
13003004	20	er	PRON	PPER				3	S		Nom	M
13003004	21	zu	ADP	PTKVZ								
13003004	22	Jerusalem	PROPN	NE					S		Nom	N
13003005	1	und	CCONJ	KON								
13003005	2	dieser	DET	PDAT					S		Nom	F
13003005	3	werden	AUX	VAFIN		Fin	Past	3	P	Ind		
13003005	4	ihm	PRON	PPER				3	S		Dat	M
13003005	5	in	ADP	APPR								
13003005	6	Jerusalem	PROPN	NE					S		Nom	N
13003005	7	gebären	VERB	VVPP		Part						
13003005	8	Schimea	PROPN	NE					S		Nom	
13003005	9	und	CCONJ	KON								
13003005	10	Schobab	PROPN	NE					S		Nom	
13003005	11	und	CCONJ	KON								
13003005	12	Nathan	PROPN	NE					S		Nom	M
13003005	13	und	CCONJ	KON								
13003005	14	Salomo	PROPN	NE					S		Nom	M
13003005	15	vier	NUM	CARD								
13003005	16	von	ADP	APPR								
13003005	17	Bathschua	PROPN	NE					S		Nom	
13003005	18	der	DET	ART					S		Nom	M
13003005	19	Tochter	NOUN	NN					S		Nom	F
13003005	20	Ammiel	NOUN	NN					P		Nom	M
13003006	1	und	CCONJ	KON								
13003006	2	Jibchar	PROPN	NE					S		Nom	
13003006	3	und	CCONJ	KON								
13003006	4	Elischama	PROPN	NE					S		Nom	
13003006	5	und	CCONJ	KON								
13003006	6	Eliphelet	PROPN	NE								
13003007	1	und	CCONJ	KON								
13003007	2	Nogah	PROPN	NE					S		Nom	
13003007	3	und	CCONJ	KON								
13003007	4	Nepheg	PROPN	NE					S		Nom	
13003007	5	und	CCONJ	KON								
13003007	6	Japhia	PROPN	NE					S		Nom	
13003008	1	und	CCONJ	KON								
13003008	2	Elischama	PROPN	NE					S		Nom	
13003008	3	und	CCONJ	KON								
13003008	4	Eljada	PROPN	NE					S		Nom	
13003008	5	und	CCONJ	KON								
13003008	6	Eliphelet	PROPN	NE								
13003008	7	neun	NUM	CARD								
13003009	1	alle	PRON	PIS					S		Nom	N
13003009	2	Sohn	NOUN	NN					P		Nom	M
13003009	3	David	PROPN	NE					S		Gen	M
13003009	4	außer	ADP	APPR								
13003009	5	der	DET	ART					S		Acc	M
13003009	6	Söhn	NOUN	NN					P		Dat	M
13003009	7	der	DET	ART					S		Nom	M
13003009	8	Kebsweiber	NOUN	NN					S		Nom	M
13003009	9	und	CCONJ	KON								
13003009	10	Tamar	PROPN	NE					S		Nom	
13003009	11	sein	AUX	VAFIN		Fin	Past	3	S	Ind		
13003009	12	ihr	DET	PPOSAT					S		Nom	F
13003009	13	Schwester	NOUN	NN					S		Nom	F
13003010	1	und	CCONJ	KON								
13003010	2	der	DET	ART					S		Nom	M
13003010	3	Sohn	NOUN	NN					S		Nom	M
13003010	4	Salomos	PROPN	NE					S		Nom	
13003010	5	sein	AUX	VAFIN		Fin	Past	3	S	Ind		
13003010	6	Rehabeam	NOUN	NN					S		Nom	N
13003010	7	der	PRON	PDS					S		Gen	
13003010	8	Sohn	NOUN	NN					S		Nom	M
13003010	9	Abija	PROPN	NE					S		Nom	F
13003010	10	der	PRON	PDS					S		Gen	
13003010	11	Sohn	NOUN	NN					S		Nom	M
13003010	12	Asa	PROPN	NE					S		Nom	
13003010	13	der	PRON	PDS					S		Gen	
13003010	14	Sohn	NOUN	NN					S		Nom	M
13003010	15	Josaphat	PROPN	NE								
13003011	1	der	PRON	PDS					S		Gen	
13003011	2	Sohn	NOUN	NN					S		Nom	M
13003011	3	Joram	PROPN	NE					S		Nom	M
13003011	4	der	PRON	PDS					S		Gen	
13003011	5	Sohn	NOUN	NN					S		Nom	M
13003011	6	Ahasja	PROPN	NE					S		Nom	
13003011	7	der	PRON	PDS					S		Gen	
13003011	8	Sohn	NOUN	NN					S		Nom	M
13003011	9	Joas	PROPN	NE					S		Nom	
13003012	1	der	PRON	PDS					S		Gen	
13003012	2	Sohn	NOUN	NN					S		Nom	M
13003012	3	Amazja	PROPN	NE					S		Nom	M
13003012	4	der	PRON	PDS					S		Gen	
13003012	5	Sohn	NOUN	NN					S		Nom	M
13003012	6	Asarja	PROPN	NE					S		Nom	
13003012	7	der	PRON	PDS					S		Gen	
13003012	8	Sohn	NOUN	NN					S		Nom	M
13003012	9	Jotham	PROPN	NE					S		Nom	F
13003013	1	der	PRON	PDS					S		Gen	
13003013	2	Sohn	NOUN	NN					S		Nom	M
13003013	3	Aha	PROPN	NE					S		Nom	M
13003013	4	der	PRON	PDS					S		Gen	
13003013	5	Sohn	NOUN	NN					S		Nom	M
13003013	6	Hiskia	NOUN	NN					S		Nom	F
13003013	7	der	PRON	PDS					S		Gen	
13003013	8	Sohn	NOUN	NN					S		Nom	M
13003013	9	Manasse	PROPN	NE					S		Nom	
13003014	1	der	PRON	PDS					S		Gen	
13003014	2	Sohn	NOUN	NN					S		Nom	M
13003014	3	Amon	PROPN	NE					S		Nom	
13003014	4	der	PRON	PDS					S		Gen	
13003014	5	Sohn	NOUN	NN					S		Nom	M
13003014	6	Josia	PROPN	NE					S		Nom	N
13003015	1	und	CCONJ	KON								
13003015	2	der	DET	ART					S		Nom	F
13003015	3	Sohn	NOUN	NN					P		Nom	M
13003015	4	Josia	PROPN	NE					S		Gen	M
13003015	5	der	DET	ART					S		Nom	M
13003015	6	erstgeborene	ADJ	ADJA	Pos				S		Nom	F
13003015	7	Jochanan	PROPN	NE					S		Nom	M
13003015	8	der	DET	ART					S		Nom	M
13003015	9	zweiter	ADJ	ADJA	Pos				S		Nom	F
13003015	10	Jojakim	NOUN	NN					P		Nom	M
13003015	11	der	DET	ART					S		Nom	M
13003015	12	dritter	ADJ	ADJA	Pos				S		Nom	F
13003015	13	Zedekia	NOUN	NE					S		Nom	F
13003015	14	der	DET	ART					S		Nom	M
13003015	15	vierter	ADJ	ADJA	Pos				S		Nom	F
13003015	16	Schallum	PROPN	NE					S		Nom	
13003016	1	und	CCONJ	KON								
13003016	2	der	DET	ART					S		Nom	F
13003016	3	Sohn	NOUN	NN					P		Nom	M
13003016	4	Jojakim	PROPN	NE					S		Gen	
13003016	5	der	PRON	PDS					S		Gen	
13003016	6	Sohn	NOUN	NN					S		Nom	M
13003016	7	Jekonja	PROPN	NE					S		Gen	
13003016	8	der	PRON	PDS					S		Gen	
13003016	9	Sohn	NOUN	NN					S		Nom	M
13003016	10	Zedekia	NOUN	NE					S		Nom	F
13003017	1	und	CCONJ	KON								
13003017	2	der	DET	ART					S		Nom	F
13003017	3	Sohn	NOUN	NN					P		Nom	M
13003017	4	Jekonjas	NOUN	NN					S		Nom	F
13003017	5	Assir	PROPN	NE					S		Nom	
13003017	6	der	PRON	PDS					S		Gen	
13003017	7	Sohn	NOUN	NN					S		Nom	M
13003017	8	Schealtiel	NOUN	NN					S		Nom	N
13003018	1	und	CCONJ	KON								
13003018	2	Malkiram	PROPN	NE					S		Nom	N
13003018	3	und	CCONJ	KON								
13003018	4	Pedaja	PROPN	NE					S		Nom	
13003018	5	und	CCONJ	KON								
13003018	6	Schenazar	NOUN	NN					S		Nom	M
13003018	7	Jekamja	NOUN	NN					S		Nom	M
13003018	8	Hoschama	NOUN	NN					S		Nom	N
13003018	9	und	CCONJ	KON								
13003018	10	Nebadja	PROPN	NE					S		Nom	
13003019	1	und	CCONJ	KON								
13003019	2	der	DET	ART					S		Nom	F
13003019	3	Sohn	NOUN	NN					P		Nom	M
13003019	4	Pedajas	NOUN	NN					S		Nom	F
13003019	5	Serubbabel	NOUN	NN					S		Nom	M
13003019	6	und	CCONJ	KON								
13003019	7	Simei	NOUN	NN					S		Nom	M
13003019	8	und	CCONJ	KON								
13003019	9	der	DET	ART					S		Nom	F
13003019	10	Sohn	NOUN	NN					P		Nom	M
13003019	11	Serubbabel	PROPN	NE					S		Gen	
13003019	12	Meschullam	PROPN	NE					S		Nom	
13003019	13	und	CCONJ	KON								
13003019	14	Hananja	PROPN	NE					S		Nom	N
13003019	15	und	CCONJ	KON								
13003019	16	Schelomith	PROPN	NE					S		Nom	N
13003019	17	sein	AUX	VAFIN		Fin	Past	3	S	Ind		
13003019	18	ihr	DET	PPOSAT					S		Nom	F
13003019	19	Schwester	NOUN	NN					S		Nom	F
13003020	1	und	CCONJ	KON								
13003020	2	Haschuba	PROPN	NE					S		Nom	N
13003020	3	und	CCONJ	KON								
13003020	4	Ohel	PROPN	NE					S		Nom	
13003020	5	und	CCONJ	KON								
13003020	6	Berekja	PROPN	NE					S		Nom	
13003020	7	und	CCONJ	KON								
13003020	8	Hasadja	PROPN	NE					S		Nom	N
13003020	9	Juschab-Hesed	PROPN	NE					S		Nom	M
13003020	10	fünf	NUM	CARD								
13003021	1	und	CCONJ	KON								
13003021	2	der	DET	ART					S		Nom	F
13003021	3	Sohn	NOUN	NN					P		Nom	M
13003021	4	Hananjas	NOUN	NN					S		Nom	F
13003021	5	Pelatja	PROPN	NE					S		Nom	
13003021	6	und	CCONJ	KON								
13003021	7	Jesaja	PROPN	NE					S		Nom	M
13003021	8	der	DET	ART					S		Nom	F
13003021	9	Sohn	NOUN	NN					P		Nom	M
13003021	10	Rephajas	NOUN	NN					S		Nom	F
13003021	11	der	DET	ART					S		Nom	F
13003021	12	Sohn	NOUN	NN					P		Nom	M
13003021	13	Arnan	NOUN	NN					P		Nom	M
13003021	14	der	DET	ART					S		Nom	F
13003021	15	Sohn	NOUN	NN					P		Nom	M
13003021	16	Obadjas	NOUN	NN					S		Nom	F
13003021	17	der	DET	ART					S		Nom	F
13003021	18	Sohn	NOUN	NN					P		Nom	M
13003021	19	Schekanjas	NOUN	NN					S		Nom	F
13003022	1	und	CCONJ	KON								
13003022	2	der	DET	ART					S		Nom	F
13003022	3	Sohn	NOUN	NN					P		Nom	M
13003022	4	Schekanjas	NOUN	NN					S		Nom	F
13003022	5	Schemaja	PROPN	NE					S		Nom	M
13003022	6	und	CCONJ	KON								
13003022	7	der	DET	ART					S		Nom	F
13003022	8	Sohn	NOUN	NN					P		Nom	M
13003022	9	Schemajas	PROPN	NE					S		Nom	
13003022	10	hattusch	PROPN	NE					S		Nom	
13003022	11	und	CCONJ	KON								
13003022	12	Jigeal	PROPN	NE					S		Nom	
13003022	13	und	CCONJ	KON								
13003022	14	Bariach	NOUN	NN					S		Nom	M
13003022	15	und	CCONJ	KON								
13003022	16	Nearja	NOUN	NN					S		Nom	N
13003022	17	und	CCONJ	KON								
13003022	18	Schaphath	PROPN	NN					S		Nom	
13003022	19	sechs	NUM	CARD								
13003023	1	und	CCONJ	KON								
13003023	2	der	DET	ART					S		Nom	F
13003023	3	Sohn	NOUN	NN					P		Nom	M
13003023	4	Nearjas	NOUN	NN					S		Nom	F
13003023	5	Eljoenai	NOUN	NN					S		Nom	N
13003023	6	und	CCONJ	KON								
13003023	7	Hiskia	NOUN	NN					S		Nom	F
13003023	8	und	CCONJ	KON								
13003023	9	Asrikam	PROPN	NE					S		Nom	
13003023	10	drei	NUM	CARD								
13003024	1	und	CCONJ	KON								
13003024	2	der	DET	ART					S		Nom	F
13003024	3	Sohn	NOUN	NN					P		Nom	M
13003024	4	Eljoenai	NOUN	NN					S		Nom	M
13003024	5	Hodajewa	PROPN	NE					S		Nom	
13003024	6	und	CCONJ	KON								
13003024	7	Eljaschib	PROPN	NE					S		Gen	
13003024	8	und	CCONJ	KON								
13003024	9	Pelaja	PROPN	NE					S		Nom	
13003024	10	und	CCONJ	KON								
13003024	11	akkub	PROPN	NE					S		Nom	
13003024	12	und	CCONJ	KON								
13003024	13	Jochanan	PROPN	NE					S		Nom	M
13003024	14	und	CCONJ	KON								
13003024	15	Delaja	PROPN	NE					S		Nom	
13003024	16	und	CCONJ	KON								
13003024	17	Anani	PROPN	NE					S		Nom	
13003024	18	sieben	NUM	CARD								
13004001	1	der	DET	ART					S		Nom	F
13004001	2	Sohn	NOUN	NN					P		Nom	M
13004001	3	Judas	PROPN	NE					S		Nom	M
13004001	4	Perez	PROPN	NE					S		Nom	
13004001	5	Hezron	PROPN	NE					S		Nom	
13004001	6	und	CCONJ	KON								
13004001	7	Karmi	NOUN	NN					S		Nom	F
13004001	8	und	CCONJ	KON								
13004001	9	Hur	PROPN	NE					S		Nom	M
13004001	10	und	CCONJ	KON								
13004001	11	Schobal	PROPN	NE					S		Nom	
13004002	1	und	CCONJ	KON								
13004002	2	Reaja	PROPN	NE					S		Nom	
13004002	3	der	DET	ART					S		Nom	M
13004002	4	Sohn	NOUN	NN					S		Nom	M
13004002	5	Schobal	PROPN	NE					S		Nom	
13004002	6	zeugen	VERB	VVFIN		Fin	Past	3	S	Ind		
13004002	7	Jachath	PROPN	NE					S		Nom	
13004002	8	und	CCONJ	KON								
13004002	9	Jachath	PROPN	NE					S		Nom	
13004002	10	zeugen	VERB	VVFIN		Fin	Past	3	S	Ind		
13004002	11	Achumai	NOUN	NN					S		Nom	N
13004002	12	und	CCONJ	KON								
13004002	13	Lahad	NOUN	NN					S		Nom	N
13004002	14	der	DET	ART					S		Nom	N
13004002	15	sein	AUX	VAFIN		Fin	Pres	3	P	Ind		
13004002	16	der	DET	ART					S		Nom	F
13004002	17	Geschlecht	NOUN	NN					P		Nom	N
13004002	18	der	DET	ART					S		Nom	M
13004002	19	Zorathiter	NOUN	NN					P		Nom	N
13004003	1	und	CCONJ	KON								
13004003	2	dieser	DET	PDAT					S		Nom	F
13004003	3	sein	AUX	VAFIN		Fin	Pres	3	P	Ind		
13004003	4	von	ADP	APPR								
13004003	5	der	DET	ART					S		Dat	M
13004003	6	Vater	NOUN	NN					S		Nom	M
13004003	7	Etam	PROPN	NE					S		Gen	
13004003	8	Jisreel	NOUN	NN					S		Nom	N
13004003	9	und	CCONJ	KON								
13004003	10	Jischma	PROPN	NE					S		Nom	
13004003	11	und	CCONJ	KON								
13004003	12	Jidbasch	PROPN	NE					S		Nom	M
13004003	13	und	CCONJ	KON								
13004003	14	der	DET	ART					S		Nom	M
13004003	15	Name	NOUN	NN					S		Nom	M
13004003	16	ihr	DET	PPOSAT					S		Dat	F
13004003	17	Schwester	NOUN	NN					S		Nom	F
13004003	18	Hazlelponi	NOUN	NN					S		Nom	M
13004004	1	und	CCONJ	KON								
13004004	2	Pnuel	NOUN	NN					S		Nom	F
13004004	3	der	DET	ART					S		Nom	M
13004004	4	Vater	NOUN	NN					S		Nom	M
13004004	5	Gedor	PROPN	NE					S		Gen	
13004004	6	und	CCONJ	KON								
13004004	7	Eser	PROPN	NE					S		Nom	
13004004	8	der	DET	ART					S		Nom	M
13004004	9	Vater	NOUN	NN					S		Nom	M
13004004	10	Huscha	PROPN	NE					S		Nom	
13004004	11	der	DET	ART					S		Nom	N
13004004	12	sein	AUX	VAFIN		Fin	Pres	3	P	Ind		
13004004	13	der	DET	ART					S		Nom	F
13004004	14	Sohn	NOUN	NN					P		Nom	M
13004004	15	Hur	PROPN	NE					S		Nom	
13004004	16	der	DET	ART					S		Gen	M
13004004	17	Erstgeboren	NOUN	NN					P		Nom	F
13004004	18	der	DET	ART					S		Nom	M
13004004	19	Ephratha	PROPN	NE					S		Nom	M
13004004	20	der	DET	ART					S		Gen	M
13004004	21	Vater	NOUN	NN					S		Gen	M
13004004	22	von	ADP	APPR								
13004004	23	Bethlehem	PROPN	NE					S		Nom	N
13004005	1	und	CCONJ	KON								
13004005	2	aschhur	X	FM								
13004005	3	der	DET	ART					S		Nom	M
13004005	4	Vater	NOUN	NN					S		Nom	M
13004005	5	Tekoas	NOUN	NN					P		Nom	N
13004005	6	haben	AUX	VAFIN		Fin	Past	3	S	Ind		
13004005	7	zwei	NUM	CARD								
13004005	8	Weiber	NOUN	NN					P		Nom	M
13004005	9	Helea	PROPN	NE					S		Nom	M
13004005	10	und	CCONJ	KON								
13004005	11	Naara	PROPN	NE					S		Nom	
13004006	1	und	CCONJ	KON								
13004006	2	Naara	PROPN	NE					S		Nom	
13004006	3	gebar	VERB	ADJD		Fin	Past	3	S	Ind		
13004006	4	ihm	PRON	PPER				3	S		Dat	M
13004006	5	achussam	PROPN	NE					S		Nom	M
13004006	6	und	CCONJ	KON								
13004006	7	Hepher	NOUN	NN					S		Nom	M
13004006	8	und	CCONJ	KON								
13004006	9	Temni	PROPN	NE					S		Nom	
13004006	10	und	CCONJ	KON								
13004006	11	Achaschtari	PROPN	NE					S		Nom	
13004006	12	der	DET	ART					S		Nom	N
13004006	13	sein	AUX	VAFIN		Fin	Pres	3	P	Ind		
13004006	14	der	DET	ART					S		Nom	F
13004006	15	Sohn	NOUN	NN					P		Nom	M
13004006	16	der	DET	ART					S		Nom	M
13004006	17	Naara	PROPN	NE					S		Nom	
13004007	1	und	CCONJ	KON								
13004007	2	der	DET	ART					S		Nom	F
13004007	3	Sohn	NOUN	NN					P		Nom	M
13004007	4	der	DET	ART					S		Nom	M
13004007	5	Helea	PROPN	NE					S		Nom	M
13004007	6	Zereth	PROPN	NE					S		Nom	
13004007	7	und	CCONJ	KON								
13004007	8	Jizchar	PROPN	NE					S		Nom	N
13004007	9	und	CCONJ	KON								
13004007	10	Ethnan	ADV	NE								
13004008	1	und	CCONJ	KON								
13004008	2	Koz	NOUN	NN					S		Nom	F
13004008	3	zeugen	VERB	VVFIN		Fin	Past	3	S	Ind		
13004008	4	Anub	NOUN	NN					S		Nom	M
13004008	5	und	CCONJ	KON								
13004008	6	Zobeba	PROPN	NE					S		Nom	N
13004008	7	und	CCONJ	KON								
13004008	8	der	DET	ART					S		Nom	F
13004008	9	Geschlecht	NOUN	NN					P		Nom	N
13004008	10	Acharchel	PROPN	NE					S		Gen	
13004008	11	der	DET	ART					S		Gen	M
13004008	12	Sohn	PROPN	NE					S		Gen	M
13004008	13	Harum	PROPN	NN					S		Gen	
13004009	1	und	CCONJ	KON								
13004009	2	Jabez	PROPN	NE					S		Nom	
13004009	3	sein	AUX	VAFIN		Fin	Past	3	S	Ind		
13004009	4	Geehrter	NOUN	NN					S		Nom	F
13004009	5	als	ADP	KOKOM								
13004009	6	sein	DET	PPOSAT					S		Nom	F
13004009	7	Bruder	NOUN	NN					P		Nom	M
13004009	8	und	CCONJ	KON								
13004009	9	sein	DET	PPOSAT					S		Nom	F
13004009	10	Mutter	NOUN	NN					S		Nom	F
13004009	11	geben	VERB	VVFIN		Fin	Past	3	S	Ind		
13004009	12	ihm	PRON	PPER				3	S		Dat	M
13004009	13	der	DET	ART					S		Acc	M
13004009	14	Name	NOUN	NN					P		Nom	M
13004009	15	Jabez	PROPN	NE					S		Nom	
13004009	16	indem	SCONJ	KOUS								
13004009	17	sie	PRON	PPER				3	P		Nom	
13004009	18	sprechen	VERB	VVFIN		Fin	Past	3	S	Ind		
13004009	19	mit	ADP	APPR								
13004009	20	Schmerz	NOUN	NN					P		Acc	M
13004009	21	haben	AUX	VAFIN		Fin	Pres	3	S	Sub		
13004009	22	ich	PRON	PPER				1	S		Nom	
13004009	23	ihn	PRON	PPER				3	S		Acc	M
13004009	24	gebären	VERB	VVPP		Part						
13004010	1	und	CCONJ	KON								
13004010	2	Jabez	PROPN	NE					S		Nom	
13004010	3	rufen	VERB	VVFIN		Fin	Past	3	S	Ind		
13004010	4	zu	ADP	PTKVZ								
13004010	5	der	DET	ART					S		Dat	M
13004010	6	Gott	NOUN	NN					S		Nom	M
13004010	7	Israel	PROPN	NE					S		Gen	N
13004010	8	und	CCONJ	KON								
13004010	9	sprechen	VERB	VVFIN		Fin	Past	3	S	Ind		
13004010	10	wenn	SCONJ	KOUS								
13004010	11	du	PRON	PPER				2	S		Nom	
13004010	12	mich	PRON	PPER				1	S		Acc	
13004010	13	reichlich	ADV	ADJD	Pos							
13004010	14	Segnest	PROPN	NE					S		Nom	
13004010	15	und	CCONJ	KON								
13004010	16	mein	DET	PPOSAT					S		Nom	F
13004010	17	Grenze	NOUN	NN					S		Nom	F
13004010	18	erweiterst	VERB	FM		Fin	Pres	3	S	Sub		
13004010	19	und	CCONJ	KON								
13004010	20	dein	DET	PPOSAT					S		Nom	F
13004010	21	Hand	NOUN	NN					S		Nom	F
13004010	22	mit	ADP	APPR								
13004010	23	mir	PRON	PPER				1	S		Dat	
13004010	24	sein	AUX	VAFIN		Fin	Pres	3	S	Ind		
13004010	25	und	CCONJ	KON								
13004010	26	du	PRON	PPER				2	S		Nom	
13004010	27	der	DET	ART					S		Nom	N
13004010	28	Übel	NOUN	NN					S		Nom	N
13004010	29	fern	ADV	ADJD	Pos							
13004010	30	hältsen	PROPN	VVFIN					S		Nom	N
13004010	31	daß	SCONJ	KOUS								
13004010	32	kein	DET	PIAT					S		Nom	N
13004010	33	Schmerz	NOUN	NN					S		Nom	M
13004010	34	mich	PRON	PPER				1	S		Acc	
13004010	35	treffen	VERB	VVFIN		Fin	Pres	3	S	Ind		
13004010	36	und	CCONJ	KON								
13004010	37	Gott	NOUN	NN					S		Nom	M
13004010	38	lassen	VERB	VVFIN		Fin	Past	3	S	Ind		
13004010	39	kommen	VERB	VVFIN		Fin	Pres	3	P	Ind		
13004010	40	was	PRON	PWS					S		Nom	N
13004010	41	er	PRON	PPER				3	S		Nom	M
13004010	42	erbet	VERB	VVPP		Part						
13004010	43	haben	AUX	VAFIN		Fin	Past	3	S	Ind		
13004011	1	und	CCONJ	KON								
13004011	2	Kelub	PROPN	NE					S		Nom	M
13004011	3	der	DET	ART					S		Nom	M
13004011	4	Bruder	NOUN	NN					S		Nom	M
13004011	5	Schucha	PROPN	NE					S		Gen	
13004011	6	zeugen	VERB	VVFIN		Fin	Past	3	S	Ind		
13004011	7	Mechir	NOUN	NN					P		Nom	N
13004011	8	er	PRON	PPER				3	S		Nom	M
13004011	9	sein	AUX	VAFIN		Fin	Past	3	S	Ind		
13004011	10	der	DET	ART					S		Nom	M
13004011	11	Vater	NOUN	NN					S		Nom	M
13004011	12	Eschton	PROPN	NE					S		Gen	
13004012	1	und	CCONJ	KON								
13004012	2	Eschton	PROPN	NE					S		Nom	
13004012	3	zeugen	VERB	VVFIN		Fin	Past	3	S	Ind		
13004012	4	Beth-Rapha	PROPN	NE					S		Nom	
13004012	5	und	CCONJ	KON								
13004012	6	Paseach	PROPN	NE					S		Nom	
13004012	7	und	CCONJ	KON								
13004012	8	Techinna	PROPN	NE					S		Nom	F
13004012	9	der	DET	ART					S		Acc	M
13004012	10	Vater	NOUN	NN					S		Nom	M
13004012	11	der	DET	ART					S		Nom	M
13004012	12	Stadt	NOUN	NN					S		Nom	F
13004012	13	Naha	PROPN	NE					S		Nom	M
13004012	14	der	DET	ART					S		Nom	N
13004012	15	sein	AUX	VAFIN		Fin	Pres	3	P	Ind		
13004012	16	der	DET	ART					S		Nom	F
13004012	17	Mann	NOUN	NN					P		Nom	M
13004012	18	von	ADP	APPR								
13004012	19	Reka	PROPN	NE					S		Nom	
13004013	1	und	CCONJ	KON								
13004013	2	der	DET	ART					S		Nom	F
13004013	3	Sohn	NOUN	NN					P		Nom	M
13004013	4	Kena	PROPN	NE					S		Gen	
13004013	5	Othniel	NOUN	NN					S		Acc	N
13004013	6	und	CCONJ	KON								
13004013	7	Seraja	PROPN	NE					S		Nom	
13004013	8	und	CCONJ	KON								
13004013	9	der	DET	ART					S		Nom	F
13004013	10	Sohn	NOUN	NN					P		Nom	M
13004013	11	Othniel	PROPN	NE					S		Gen	
13004013	12	Hathath	PROPN	NE					S		Nom	
13004014	1	und	CCONJ	KON								
13004014	2	Meonothai	PROPN	NE					S		Nom	
13004014	3	zeugen	VERB	VVFIN		Fin	Past	3	S	Ind		
13004014	4	Ophra	PROPN	NE					S		Nom	N
13004014	5	und	CCONJ	KON								
13004014	6	Seraja	PROPN	NE					S		Nom	
13004014	7	zeugen	VERB	VVFIN		Fin	Past	3	S	Ind		
13004014	8	Joab	PROPN	NE					S		Nom	M
13004014	9	der	DET	ART					S		Acc	M
13004014	10	Vater	NOUN	NN					S		Nom	M
13004014	11	der	DET	ART					S		Gen	M
13004014	12	Tal	PROPN	NE					S		Gen	N
13004014	13	der	DET	ART					S		Nom	M
13004014	14	Werkleute	PROPN	NE					S		Nom	F
13004014	15	denn	CCONJ	KON								
13004014	16	sie	PRON	PPER				3	P		Nom	
13004014	17	sein	AUX	VAFIN		Fin	Past	3	P	Ind		
13004014	18	Werkleute	PROPN	NE					S		Nom	F
13004015	1	und	CCONJ	KON								
13004015	2	der	DET	ART					S		Nom	F
13004015	3	Sohn	NOUN	NN					P		Nom	M
13004015	4	Kalebs	NOUN	NN					S		Nom	M
13004015	5	der	DET	ART					S		Gen	M
13004015	6	Sohn	PROPN	NE					S		Gen	M
13004015	7	Jephunne	PROPN	NE					S		Gen	
13004015	8	Iru	PROPN	NE					S		Nom	
13004015	9	Ela	PROPN	NE					S		Nom	
13004015	10	und	CCONJ	KON								
13004015	11	Naam	PROPN	NE					S		Nom	
13004015	12	und	CCONJ	KON								
13004015	13	der	DET	ART					S		Nom	F
13004015	14	Sohn	NOUN	NN					P		Nom	M
13004015	15	Ela	PROPN	NE					S		Gen	
13004015	16	Kena	PROPN	NE					S		Gen	
13004016	1	und	CCONJ	KON								
13004016	2	der	DET	ART					S		Nom	F
13004016	3	Sohn	NOUN	NN					P		Nom	M
13004016	4	Jehallelel	PROPN	NN					S		Gen	
13004016	5	Siph	PROPN	NE					S		Nom	
13004016	6	und	CCONJ	KON								
13004016	7	Sipha	PROPN	NE					S		Nom	
13004016	8	Tirja	PROPN	NE					S		Nom	
13004016	9	und	CCONJ	KON								
13004016	10	Asarel	PROPN	NN					S		Nom	M
13004017	1	und	CCONJ	KON								
13004017	2	der	DET	ART					S		Nom	F
13004017	3	Sohn	NOUN	NN					P		Nom	M
13004017	4	Esra	NOUN	NN					S		Nom	F
13004017	5	Jether	PROPN	NE					S		Nom	
13004017	6	und	CCONJ	KON								
13004017	7	Mered	PROPN	NE					S		Nom	F
13004017	8	und	CCONJ	KON								
13004017	9	eph	NOUN	NN					P		Nom	M
13004017	10	und	CCONJ	KON								
13004017	11	Jalon	PROPN	NN					S		Nom	N
13004017	12	und	CCONJ	KON								
13004017	13	sie	PRON	PPER				3	P		Nom	
13004017	14	werden	AUX	VAFIN		Fin	Past	3	S	Ind		
13004017	15	schwanger	ADV	ADJD	Pos							
13004017	16	und	CCONJ	KON								
13004017	17	gebar	VERB	ADJD		Fin	Past	3	S	Ind		
13004017	18	Mirjam	PROPN	NE					S		Nom	F
13004017	19	und	CCONJ	KON								
13004017	20	Schammai	PROPN	NE					S		Nom	
13004017	21	und	CCONJ	KON								
13004017	22	Jischbach	PROPN	NE					S		Nom	
13004017	23	der	DET	ART					S		Acc	M
13004017	24	Vater	NOUN	NN					S		Nom	M
13004017	25	Estemoas	ADV	NN								
13004018	1	und	CCONJ	KON								
13004018	2	sein	AUX	VAINF		Inf						
13004018	3	Weib	NOUN	NN					S		Nom	N
13004018	4	der	DET	ART					S		Nom	F
13004018	5	Jüdin	NOUN	NN					S		Nom	F
13004018	6	gebar	VERB	ADJD		Fin	Past	3	S	Ind		
13004018	7	Jered	NOUN	NN					S		Nom	F
13004018	8	der	DET	ART					S		Acc	M
13004018	9	Vater	NOUN	NN					S		Nom	M
13004018	10	Gedor	PROPN	NE					S		Gen	
13004018	11	und	CCONJ	KON								
13004018	12	Heber	NOUN	NN					S		Nom	M
13004018	13	der	DET	ART					S		Acc	M
13004018	14	Vater	NOUN	NN					S		Nom	M
13004018	15	Soko	PROPN	NE					S		Gen	
13004018	16	und	CCONJ	KON								
13004018	17	Jekuthiel	NOUN	NN					S		Nom	N
13004018	18	der	DET	ART					S		Acc	M
13004018	19	Vater	NOUN	NN					S		Nom	M
13004018	20	sanoachs	ADV	NN								
13004018	21	und	CCONJ	KON								
13004018	22	dieser	PRON	PDS					S		Nom	N
13004018	23	sein	AUX	VAFIN		Fin	Pres	3	P	Ind		
13004018	24	der	DET	ART					S		Nom	F
13004018	25	Sohn	NOUN	NN					P		Nom	M
13004018	26	der	DET	ART					S		Nom	M
13004018	27	Bithja	NOUN	NN					S		Nom	M
13004018	28	der	DET	ART					S		Nom	M
13004018	29	Tochter	NOUN	NN					S		Nom	F
13004018	30	der	DET	ART					S		Gen	M
13004018	31	Pharao	NOUN	NN					S		Nom	M
13004018	32	welcher	DET	PWAT					S		Nom	F
13004018	33	Mered	PROPN	NE					S		Nom	F
13004018	34	nehmen	VERB	VVPP		Part						
13004018	35	haben	AUX	VAFIN		Fin	Past	3	S	Ind		
13004019	1	und	CCONJ	KON								
13004019	2	der	DET	ART					S		Nom	F
13004019	3	Sohn	NOUN	NN					P		Nom	M
13004019	4	der	DET	ART					S		Gen	M
13004019	5	Weibe	NOUN	NN					S		Gen	N
13004019	6	Hodijas	NOUN	NN					S		Nom	F
13004019	7	der	DET	ART					S		Nom	M
13004019	8	Schwester	NOUN	NN					S		Nom	F
13004019	9	Nacham	PROPN	NE					S		Gen	
13004019	10	der	DET	ART					S		Nom	M
13004019	11	Vater	NOUN	NN					S		Nom	M
13004019	12	Kehila	PROPN	NE					S		Nom	
13004019	13	der	DET	ART					S		Nom	M
13004019	14	Garmiter	NOUN	NN					S		Nom	M
13004019	15	und	CCONJ	KON								
13004019	16	Estemoa	NOUN	NE					S		Nom	N
13004019	17	der	DET	ART					S		Nom	M
13004019	18	Maakathiter	NOUN	NN					S		Nom	M
13004020	1	und	CCONJ	KON								
13004020	2	der	DET	ART					S		Nom	F
13004020	3	Sohn	NOUN	NN					P		Nom	M
13004020	4	Schimon	NOUN	NN					S		Gen	N
13004020	5	Amnon	PROPN	NE					S		Nom	
13004020	6	und	CCONJ	KON								
13004020	7	Rinna	PROPN	NN					S		Nom	N
13004020	8	Benchanan	PROPN	NE					S		Nom	N
13004020	9	und	CCONJ	KON								
13004020	10	Tilon	PROPN	NE					S		Nom	M
13004020	11	und	CCONJ	KON								
13004020	12	der	DET	ART					S		Nom	F
13004020	13	Sohn	NOUN	NN					P		Nom	M
13004020	14	Jischeis	PROPN	NE					S		Nom	
13004020	15	Socheth	PROPN	NE					S		Nom	
13004020	16	und	CCONJ	KON								
13004020	17	Ben-Socheth	PROPN	NE					S		Nom	
13004021	1	der	DET	ART					S		Nom	F
13004021	2	Sohn	NOUN	NN					P		Nom	M
13004021	3	Schela	PROPN	NE					S		Gen	
13004021	4	der	DET	ART					S		Gen	M
13004021	5	Sohn	PROPN	NE					S		Gen	M
13004021	6	Judas	PROPN	NE					S		Nom	M
13004021	7	Gher	NOUN	NN					P		Nom	N
13004021	8	der	DET	ART					S		Nom	M
13004021	9	Vater	NOUN	NN					S		Nom	M
13004021	10	Leka	PROPN	NE					S		Gen	N
13004021	11	und	CCONJ	KON								
13004021	12	Laeda	PROPN	NE					S		Nom	
13004021	13	der	DET	ART					S		Nom	M
13004021	14	Vater	NOUN	NN					S		Nom	M
13004021	15	Marescha	PROPN	NE					S		Gen	
13004021	16	und	CCONJ	KON								
13004021	17	der	DET	ART					S		Nom	F
13004021	18	Geschlecht	NOUN	NN					P		Nom	N
13004021	19	der	DET	ART					S		Gen	M
13004021	20	Haus	NOUN	NN					S		Gen	N
13004021	21	der	DET	ART					S		Nom	M
13004021	22	Byssusarbeiter	NOUN	NN					P		Nom	M
13004021	23	von	ADP	APPRART					S		Dat	N
13004021	24	Haus	NOUN	NN					P		Nom	N
13004021	25	Aschbea	PROPN	NE					S		Nom	
13004022	1	und	CCONJ	KON								
13004022	2	Jokim	PROPN	NE					S		Nom	
13004022	3	und	CCONJ	KON								
13004022	4	der	DET	ART					S		Nom	F
13004022	5	Mann	NOUN	NN					P		Nom	M
13004022	6	von	ADP	APPR								
13004022	7	Koseba	PROPN	NE					S		Nom	
13004022	8	und	CCONJ	KON								
13004022	9	Joas	PROPN	NE					S		Nom	
13004022	10	und	CCONJ	KON								
13004022	11	Saraph	NOUN	NN					S		Nom	F
13004022	12	der	DET	ART					S		Nom	F
13004022	13	über	ADP	APPR								
13004022	14	Moab	PROPN	NE					S		Nom	
13004022	15	herrschn	VERB	VVFIN		Fin	Past	3	P	Ind		
13004022	16	und	CCONJ	KON								
13004022	17	Jaschubi-Lechem	PROPN	NE					S		Nom	N
13004022	18	der	DET	ART					S		Nom	F
13004022	19	Ding	NOUN	NN					P		Nom	N
13004022	20	sein	AUX	VAFIN		Fin	Pres	3	P	Ind		
13004022	21	aber	CCONJ	KON								
13004022	22	alt	ADV	ADJD	Pos							
13004023	1	der	DET	ART					S		Nom	N
13004023	2	sein	AUX	VAFIN		Fin	Past	3	P	Ind		
13004023	3	der	DET	ART					S		Nom	F
13004023	4	Töpfer	PROPN	NE					S		Nom	
13004023	5	und	CCONJ	KON								
13004023	6	der	DET	ART					S		Nom	F
13004023	7	Bewohner	NOUN	NN					P		Nom	M
13004023	8	von	ADP	APPR								
13004023	9	Pflanzunge	NOUN	NN					P		Nom	F
13004023	10	und	CCONJ	KON								
13004023	11	Mauer	NOUN	NN					P		Nom	F
13004023	12	sie	PRON	PPER				3	P		Nom	
13004023	13	wohnen	VERB	VVFIN		Fin	Past	3	P	Ind		
13004023	14	daselbst	ADV	PROAV								
13004023	15	bei	ADP	APPR								
13004023	16	der	DET	ART					S		Dat	M
13004023	17	König	NOUN	NN					S		Nom	M
13004023	18	in	ADP	APPR								
13004023	19	sein	DET	PPOSAT					S		Dat	M
13004023	20	Geschäft	NOUN	NN					S		Nom	N
13004024	1	der	DET	ART					S		Nom	F
13004024	2	Sohn	NOUN	NN					P		Nom	M
13004024	3	Simeon	PROPN	NE					S		Gen	
13004024	4	Nemuel	NOUN	NN					S		Nom	M
13004024	5	und	CCONJ	KON								
13004024	6	Jamin	PROPN	NE					S		Nom	M
13004024	7	Jarib	NOUN	NN					P		Nom	N
13004024	8	Serach	NOUN	NE					S		Nom	N
13004024	9	Saul	PROPN	NE					S		Nom	M
13004025	1	der	PRON	PDS					S		Gen	
13004025	2	Sohn	NOUN	NN					S		Nom	M
13004025	3	Schallum	PROPN	NE					S		Nom	
13004025	4	der	PRON	PDS					S		Gen	
13004025	5	Sohn	NOUN	NN					S		Nom	M
13004025	6	Mibsam	PROPN	NE					S		Dat	M
13004025	7	der	PRON	PDS					S		Gen	
13004025	8	Sohn	NOUN	NN					S		Nom	M
13004025	9	Mischma	PROPN	NE					S		Nom	
13004026	1	und	CCONJ	KON								
13004026	2	der	DET	ART					S		Nom	F
13004026	3	Sohn	NOUN	NN					P		Nom	M
13004026	4	Mischmas	NOUN	NE					S		Nom	F
13004026	5	der	PRON	PDS					S		Gen	
13004026	6	Sohn	NOUN	NN					S		Nom	M
13004026	7	Hamuel	NOUN	NN					S		Nom	N
13004026	8	der	PRON	PDS					S		Gen	
13004026	9	Sohn	NOUN	NN					S		Nom	M
13004026	10	Sakkur	PROPN	NE					S		Nom	
13004026	11	der	PRON	PDS					S		Gen	
13004026	12	Sohn	NOUN	NN					S		Nom	M
13004026	13	Simei	NOUN	NN					S		Nom	M
13004027	1	und	CCONJ	KON								
13004027	2	Simei	NOUN	NN					S		Nom	M
13004027	3	haben	AUX	VAFIN		Fin	Past	3	S	Ind		
13004027	4	sechzehn	NUM	CARD								
13004027	5	Sohn	NOUN	NN					P		Nom	M
13004027	6	und	CCONJ	KON								
13004027	7	sechs	NUM	CARD								
13004027	8	Tochter	NOUN	NN					P		Nom	F
13004027	9	aber	CCONJ	KON								
13004027	10	sein	DET	PPOSAT					S		Nom	F
13004027	11	Bruder	NOUN	NN					P		Nom	M
13004027	12	haben	AUX	VAFIN		Fin	Past	3	P	Ind		
13004027	13	nicht	PART	PTKNEG								
13004027	14	vieler	PRON	PIS					P		Nom	
13004027	15	Sohn	NOUN	NN					P		Nom	M
13004027	16	und	CCONJ	KON								
13004027	17	aller	PRON	PIS					P		Nom	
13004027	18	ihr	DET	PPOSAT					S		Nom	F
13004027	19	Familie	NOUN	NN					P		Nom	F
13004027	20	vermehrt	ADJ	ADJA	Pos				S		Acc	M
13004027	21	sich	PRON	PRF				3	S		Acc	
13004027	22	nicht	PART	PTKNEG								
13004027	23	so	ADV	ADV								
13004027	24	sehr	ADV	ADV								
13004027	25	wie	ADP	KOKOM								
13004027	26	der	DET	ART					S		Nom	F
13004027	27	Sohn	NOUN	NN					P		Nom	M
13004027	28	Judas	PROPN	NE					S		Nom	M
13004028	1	und	CCONJ	KON								
13004028	2	sie	PRON	PPER				3	P		Nom	
13004028	3	wohnen	VERB	VVFIN		Fin	Past	3	P	Ind		
13004028	4	in	ADP	APPR								
13004028	5	Beerseba	PROPN	NE					S		Nom	N
13004028	6	und	CCONJ	KON								
13004028	7	Molada	PROPN	NE					S		Nom	
13004028	8	und	CCONJ	KON								
13004028	9	Hazar-Schual	PROPN	NE					S		Nom	N
13004029	1	und	CCONJ	KON								
13004029	2	in	ADP	APPR								
13004029	3	Bilha	NOUN	NN					S		Nom	M
13004029	4	und	CCONJ	KON								
13004029	5	in	ADP	APPR								
13004029	6	ezem	VERB	NN		Part						
13004029	7	und	CCONJ	KON								
13004029	8	in	ADP	APPR								
13004029	9	Tolad	NOUN	NN					S		Nom	N
13004030	1	und	CCONJ	KON								
13004030	2	in	ADP	APPR								
13004030	3	Bethuel	NOUN	NN					S		Nom	M
13004030	4	und	CCONJ	KON								
13004030	5	in	ADP	APPR								
13004030	6	Horma	NOUN	NN					S		Nom	F
13004030	7	und	CCONJ	KON								
13004030	8	in	ADP	APPR								
13004030	9	Ziklag	NOUN	NN					S		Nom	M
13004031	1	und	CCONJ	KON								
13004031	2	in	ADP	APPR								
13004031	3	Beth-Markaboth	PROPN	NE					S		Nom	F
13004031	4	und	CCONJ	KON								
13004031	5	in	ADP	APPR								
13004031	6	Hazar-Susim	PROPN	NE					S		Nom	M
13004031	7	und	CCONJ	KON								
13004031	8	in	ADP	APPR								
13004031	9	Beth-Birei	NOUN	NN					S		Nom	F
13004031	10	und	CCONJ	KON								
13004031	11	in	ADP	APPR								
13004031	12	Schaaraim	NOUN	NN					P		Nom	M
13004031	13	der	DET	ART					S		Nom	N
13004031	14	sein	AUX	VAFIN		Fin	Past	3	P	Ind		
13004031	15	ihr	DET	PPOSAT					S		Nom	F
13004031	16	Stadt	NOUN	NN					P		Nom	F
13004031	17	bis	CCONJ	KON								
13004031	18	David	PROPN	NE					S		Nom	M
13004031	19	König	NOUN	NN					S		Nom	M
13004031	20	werden	AUX	VAFIN		Fin	Past	3	S	Ind		
13004032	1	und	CCONJ	KON								
13004032	2	ihr	DET	PPOSAT					S		Nom	F
13004032	3	Dorf	NOUN	NN					P		Nom	N
13004032	4	Etam	PROPN	NE					S		Nom	
13004032	5	und	CCONJ	KON								
13004032	6	Ain	X	FM								
13004032	7	Rimmon	NOUN	NN					S		Nom	N
13004032	8	und	CCONJ	KON								
13004032	9	Token	NOUN	NN					P		Nom	N
13004032	10	und	CCONJ	KON								
13004032	11	Aschan	PROPN	NE					S		Nom	
13004032	12	fünf	NUM	CARD								
13004032	13	Stadt	NOUN	NN					P		Nom	F
13004033	1	nebst	ADP	APPR								
13004033	2	aller	DET	PIS					P		Dat	
13004033	3	ihr	DET	PPOSAT					S		Acc	M
13004033	4	Dorf	NOUN	NN					P		Dat	N
13004033	5	der	DET	ART					S		Nom	F
13004033	6	rings	ADV	ADV								
13004033	7	um	ADP	APPR								
13004033	8	dieser	DET	PDAT					S		Nom	F
13004033	9	Stadt	NOUN	NN					P		Nom	F
13004033	10	sein	AUX	VAFIN		Fin	Past	3	P	Ind		
13004033	11	bis	CCONJ	KON								
13004033	12	nach	ADP	APPR								
13004033	13	Baal	PROPN	NE					S		Nom	M
13004033	14	hin	ADV	ADV								
13004033	15	der	DET	ART					S		Nom	N
13004033	16	sein	AUX	VAFIN		Fin	Past	3	P	Ind		
13004033	17	ihr	DET	PPOSAT					S		Nom	F
13004033	18	Wohnsitze	NOUN	NN					P		Nom	M
13004033	19	und	CCONJ	KON								
13004033	20	sie	PRON	PPER				3	P		Nom	
13004033	21	haben	AUX	VAFIN		Fin	Past	3	P	Ind		
13004033	22	ihr	PRON	PPOSAT				3	S		Dat	F
13004033	23	Geschlechtsverzeichnis	PROPN	NE					S		Nom	
13004034	1	und	CCONJ	KON								
13004034	2	Meschobab	PROPN	NE					S		Nom	
13004034	3	und	CCONJ	KON								
13004034	4	Jamlek	NOUN	NN					S		Nom	M
13004034	5	und	CCONJ	KON								
13004034	6	Joscha	PROPN	NE					S		Nom	M
13004034	7	der	DET	ART					S		Nom	M
13004034	8	Sohn	NOUN	NN					S		Nom	M
13004034	9	Amazjas	NOUN	NN					S		Nom	F
13004035	1	und	CCONJ	KON								
13004035	2	Joel	PROPN	NE					S		Nom	M
13004035	3	und	CCONJ	KON								
13004035	4	Jehu	PROPN	NE					S		Nom	M
13004035	5	der	DET	ART					S		Nom	M
13004035	6	Sohn	NOUN	NN					S		Nom	M
13004035	7	Joschibjas	NOUN	NE					S		Nom	F
13004035	8	der	DET	ART					S		Gen	M
13004035	9	Sohn	PROPN	NE					S		Gen	M
13004035	10	Serajas	NOUN	NN					S		Nom	F
13004035	11	der	DET	ART					S		Gen	M
13004035	12	Sohn	PROPN	NE					S		Gen	M
13004035	13	Asiel	PROPN	NN					S		Nom	
13004036	1	und	CCONJ	KON								
13004036	2	Eljoenai	NOUN	NN					S		Nom	N
13004036	3	und	CCONJ	KON								
13004036	4	Jaakoba	PROPN	NE					S		Nom	
13004036	5	und	CCONJ	KON								
13004036	6	Jeschochaja	PROPN	NE					S		Nom	
13004036	7	und	CCONJ	KON								
13004036	8	Asaja	PROPN	NE					S		Nom	
13004036	9	und	CCONJ	KON								
13004036	10	Adiel	NOUN	NN					S		Nom	N
13004036	11	und	CCONJ	KON								
13004036	12	Jeschimiel	NOUN	NN					S		Nom	N
13004036	13	und	CCONJ	KON								
13004036	14	Benaja	PROPN	NE					S		Nom	
13004037	1	und	CCONJ	KON								
13004037	2	Sisa	PROPN	NE					S		Nom	M
13004037	3	der	DET	ART					S		Nom	M
13004037	4	Sohn	NOUN	NN					S		Nom	M
13004037	5	Schipheis	PROPN	NE					S		Nom	
13004037	6	der	DET	ART					S		Gen	M
13004037	7	Sohn	PROPN	NE					S		Gen	M
13004037	8	allon	PROPN	NE					S		Nom	
13004037	9	der	DET	ART					S		Gen	M
13004037	10	Sohn	PROPN	NE					S		Gen	M
13004037	11	Jedajas	NOUN	NE					S		Nom	F
13004037	12	der	DET	ART					S		Gen	M
13004037	13	Sohn	PROPN	NE					S		Gen	M
13004037	14	Schimris	PROPN	NE					S		Nom	
13004037	15	der	DET	ART					S		Gen	M
13004037	16	Sohn	PROPN	NE					S		Gen	M
13004037	17	Schemajas	PROPN	NE					S		Nom	
13004038	1	dieser	DET	PDAT					S		Nom	F
13004038	2	mit	ADP	APPR								
13004038	3	Name	NOUN	NN					P		Nom	M
13004038	4	angeführte	NOUN	NN					P		Nom	F
13004038	5	sein	AUX	VAFIN		Fin	Past	3	P	Ind		
13004038	6	Fürst	NOUN	NN					P		Nom	M
13004038	7	in	ADP	APPR								
13004038	8	ihr	DET	PPOSAT					S		Acc	M
13004038	9	Geschlechter	NOUN	NN					P		Dat	M
13004038	10	und	CCONJ	KON								
13004038	11	ihr	DET	PPOSAT					S		Nom	F
13004038	12	Vaterhaus	NOUN	NN					P		Nom	N
13004038	13	breiten	VERB	VVFIN		Fin	Past	3	P	Ind		
13004038	14	sich	PRON	PRF				3	S		Acc	
13004038	15	aus	ADP	PTKVZ								
13004038	16	in	ADP	APPR								
13004038	17	Menge	NOUN	NN					S		Nom	F
13004039	1	und	CCONJ	KON								
13004039	2	sie	PRON	PPER				3	P		Nom	
13004039	3	ziehen	VERB	VVFIN		Fin	Past	3	P	Ind		
13004039	4	bis	CCONJ	KON								
13004039	5	nach	ADP	APPR								
13004039	6	Ged	ADV	NN	Cmp							
13004039	7	hin	ADV	ADV								
13004039	8	bis	CCONJ	KON								
13004039	9	an	ADP	PTKVZ								
13004039	10	der	DET	ART					S		Nom	F
13004039	11	Ostseite	NOUN	NN					S		Nom	F
13004039	12	der	DET	ART					S		Gen	M
13004039	13	Tal	PROPN	NE					S		Gen	N
13004039	14	um	ADP	APPR								
13004039	15	Weide	NOUN	NN					S		Nom	F
13004039	16	für	ADP	APPR								
13004039	17	ihr	PRON	PPOSAT				3	S		Dat	F
13004039	18	Kleinvieh	NOUN	NN					S		Nom	N
13004039	19	zu	ADP	PTKVZ								
13004039	20	suchen	VERB	VVINF		Inf						
13004040	1	und	CCONJ	KON								
13004040	2	sie	PRON	PPER				3	P		Nom	
13004040	3	finden	VERB	VVFIN		Fin	Past	3	P	Ind		
13004040	4	ein	DET	ART					S		Nom	F
13004040	5	fett	ADJ	ADJA	Pos				S		Nom	F
13004040	6	und	CCONJ	KON								
13004040	7	gut	ADJ	ADJA	Pos				S		Nom	F
13004040	8	Weide	NOUN	NN					S		Nom	F
13004040	9	und	CCONJ	KON								
13004040	10	ein	DET	ART					S		Nom	N
13004040	11	Land	NOUN	NN					S		Nom	N
13004040	12	weit	ADV	ADJD	Pos							
13004040	13	nach	ADP	APPR								
13004040	14	aller	DET	PIS					P		Dat	
13004040	15	Seite	NOUN	NN					P		Nom	F
13004040	16	hin	ADV	ADV								
13004040	17	und	CCONJ	KON								
13004040	18	ruhig	ADV	ADJD	Pos							
13004040	19	und	CCONJ	KON								
13004040	20	still	ADV	ADJD	Pos							
13004040	21	denn	CCONJ	KON								
13004040	22	der	DET	ART					S		Nom	F
13004040	23	vordem	ADV	PROAV								
13004040	24	dort	ADV	ADV								
13004040	25	gewohnen	VERB	VVPP		Part						
13004040	26	haben	AUX	VAFIN		Fin	Past	3	P	Ind		
13004040	27	sein	AUX	VAFIN		Fin	Past	3	P	Ind		
13004040	28	von	ADP	APPR								
13004040	29	Ham	PROPN	NE					S		Nom	
13004041	1	und	CCONJ	KON								
13004041	2	dieser	DET	PDAT					S		Nom	F
13004041	3	mit	ADP	APPR								
13004041	4	Name	NOUN	NN					P		Nom	M
13004041	5	Aufgeschrieben	NOUN	NN					P		Nom	F
13004041	6	kommen	VERB	VVFIN		Fin	Past	3	P	Ind		
13004041	7	in	ADP	APPR								
13004041	8	der	DET	ART					S		Acc	M
13004041	9	Tag	NOUN	NN					P		Dat	M
13004041	10	Hiskia	PROPN	NE					S		Nom	
13004041	11	der	DET	ART					S		Gen	M
13004041	12	König	PROPN	NE					S		Nom	
13004041	13	von	ADP	APPR								
13004041	14	Juda	PROPN	NE					S		Nom	M
13004041	15	und	CCONJ	KON								
13004041	16	sie	PRON	PPER				3	P		Nom	
13004041	17	schlagen	VERB	VVFIN		Fin	Past	3	P	Ind		
13004041	18	ihr	DET	PPOSAT					S		Nom	F
13004041	19	Zelt	NOUN	NN					P		Nom	N
13004041	20	und	CCONJ	KON								
13004041	21	der	DET	ART					S		Nom	F
13004041	22	Meuniter	NOUN	NN					P		Nom	M
13004041	23	welcher	DET	PWAT					S		Nom	F
13004041	24	sich	PRON	PRF				3	S		Acc	
13004041	25	daselbst	ADV	PROAV								
13004041	26	befinden	VERB	VVFIN		Fin	Past	3	P	Ind		
13004041	27	und	CCONJ	KON								
13004041	28	sie	PRON	PPER				3	P		Nom	
13004041	29	verbannt	ADJ	ADJA	Pos				S		Acc	M
13004041	30	sie	PRON	PPER				3	P		Nom	
13004041	31	bis	CCONJ	KON								
13004041	32	auf	ADP	PTKVZ								
13004041	33	dieser	DET	PDAT					S		Acc	M
13004041	34	Tag	NOUN	NN					S		Nom	M
13004041	35	und	CCONJ	KON								
13004041	36	wohnen	VERB	VVFIN		Fin	Past	3	P	Ind		
13004041	37	an	ADP	PTKVZ								
13004041	38	ihr	DET	PPOSAT					S		Dat	F
13004041	39	statt	SCONJ	KOUI								
13004041	40	denn	CCONJ	KON								
13004041	41	daselbst	ADV	PROAV								
13004041	42	sein	AUX	VAFIN		Fin	Past	3	S	Ind		
13004041	43	Weide	NOUN	NN					S		Nom	F
13004041	44	für	ADP	APPR								
13004041	45	ihr	PRON	PPOSAT				3	S		Dat	F
13004041	46	Kleinvieh	NOUN	NN					S		Nom	N
13004042	1	und	CCONJ	KON								
13004042	2	von	ADP	APPR								
13004042	3	ihnen	PRON	PPER				3	P		Dat	
13004042	4	von	ADP	APPR								
13004042	5	der	DET	ART					S		Acc	M
13004042	6	Söhn	NOUN	NN					P		Dat	M
13004042	7	Simeon	PROPN	NE					S		Gen	
13004042	8	ziehen	VERB	VVFIN		Fin	Past	3	P	Ind		
13004042	9	fünfhundert	NUM	CARD								
13004042	10	Mann	NOUN	NN					P		Nom	M
13004042	11	zu	ADP	APPRART					S		Dat	N
13004042	12	Gebirge	NOUN	NN					S		Nom	N
13004042	13	Seir	PROPN	NE					S		Nom	
13004042	14	hin	ADV	ADV								
13004042	15	und	CCONJ	KON								
13004042	16	Pelatja	PROPN	NE					S		Nom	
13004042	17	und	CCONJ	KON								
13004042	18	Nearja	NOUN	NN					S		Nom	N
13004042	19	und	CCONJ	KON								
13004042	20	Rephaja	PROPN	NE					S		Nom	
13004042	21	und	CCONJ	KON								
13004042	22	Ussiel	NOUN	NN					S		Nom	N
13004042	23	der	DET	ART					S		Nom	F
13004042	24	Sohn	NOUN	NN					P		Nom	M
13004042	25	Jischeis	PROPN	NE					S		Nom	
13004042	26	sein	AUX	VAFIN		Fin	Past	3	P	Ind		
13004042	27	an	ADP	PTKVZ								
13004042	28	ihr	DET	PPOSAT					S		Dat	F
13004042	29	Spitze	NOUN	NN					S		Nom	F
13004043	1	und	CCONJ	KON								
13004043	2	sie	PRON	PPER				3	P		Nom	
13004043	3	schlagen	VERB	VVFIN		Fin	Past	3	P	Ind		
13004043	4	der	DET	ART					S		Acc	M
13004043	5	Überrest	NOUN	NN					S		Nom	M
13004043	6	der	DET	ART					S		Nom	F
13004043	7	Entronnen	NOUN	NN					S		Nom	N
13004043	8	von	ADP	APPR								
13004043	9	Amalek	PROPN	NE					S		Nom	
13004043	10	und	CCONJ	KON								
13004043	11	haben	AUX	VAFIN		Fin	Pres	3	P	Ind		
13004043	12	daselbst	ADV	PROAV								
13004043	13	gewohnen	VERB	VVPP		Part						
13004043	14	bis	CCONJ	KON								
13004043	15	auf	ADP	PTKVZ								
13004043	16	dieser	DET	PDAT					S		Acc	M
13004043	17	Tag	NOUN	NN					S		Nom	M
13005001	1	und	CCONJ	KON								
13005001	2	der	DET	ART					S		Nom	F
13005001	3	Sohn	NOUN	NN					P		Nom	M
13005001	4	Ruben	PROPN	NE					S		Gen	
13005001	5	der	DET	ART					S		Gen	M
13005001	6	Erstgeboren	NOUN	NN					P		Nom	F
13005001	7	Israel	PROPN	NE					S		Gen	N
13005001	8	denn	CCONJ	KON								
13005001	9	er	PRON	PPER				3	S		Nom	M
13005001	10	sein	AUX	VAFIN		Fin	Past	3	S	Ind		
13005001	11	der	DET	ART					S		Nom	M
13005001	12	Erstgeborene	NOUN	NN					S		Nom	F
13005001	13	weil	SCONJ	KOUS								
13005001	14	er	PRON	PPER				3	S		Nom	M
13005001	15	aber	CCONJ	KON								
13005001	16	der	DET	ART					S		Nom	N
13005001	17	Lager	NOUN	NN					S		Nom	N
13005001	18	sein	DET	PPOSAT					S		Gen	M
13005001	19	Vater	NOUN	NN					S		Gen	M
13005001	20	entweihen	VERB	VVFIN		Fin	Pres	3	S	Ind		
13005001	21	haben	AUX	VAFIN		Fin	Past	3	S	Ind		
13005001	22	werden	AUX	VAFIN		Fin	Past	3	S	Ind		
13005001	23	sein	AUX	VAINF		Inf						
13005001	24	Erstgeburtsrecht	NOUN	NN					S		Nom	N
13005001	25	der	DET	ART					S		Acc	M
13005001	26	Söhn	NOUN	NN					P		Dat	M
13005001	27	Josephs	PROPN	NE					S		Nom	
13005001	28	der	DET	ART					S		Gen	M
13005001	29	Sohn	PROPN	NE					S		Gen	M
13005001	30	Israel	PROPN	NE					S		Gen	N
13005001	31	geben	VERB	VVPP		Part						
13005001	32	aber	CCONJ	KON								
13005001	33	er	PRON	PPER				3	S		Nom	M
13005001	34	werden	AUX	VAFIN		Fin	Pres	3	S	Ind		
13005001	35	nicht	PART	PTKNEG								
13005001	36	nach	ADP	APPR								
13005001	37	der	DET	ART					S		Nom	M
13005001	38	Erstgeburt	NOUN	NN					S		Nom	F
13005001	39	verzeichnen	VERB	VVFIN		Fin	Pres	3	S	Ind		
13005002	1	denn	CCONJ	KON								
13005002	2	Juda	PROPN	NE					S		Nom	M
13005002	3	haben	AUX	VAFIN		Fin	Past	3	S	Ind		
13005002	4	der	DET	ART					S		Nom	F
13005002	5	Oberhand	NOUN	NN					S		Nom	F
13005002	6	unter	ADP	APPR								
13005002	7	sein	DET	PPOSAT					S		Acc	M
13005002	8	Brüdern	NOUN	NN					P		Dat	M
13005002	9	und	CCONJ	KON								
13005002	10	der	DET	ART					S		Nom	M
13005002	11	Fürst	NOUN	NN					S		Nom	M
13005002	12	kommen	VERB	VVFIN		Fin	Pres	3	S	Ind		
13005002	13	aus	ADP	PTKVZ								
13005002	14	ihm	PRON	PPER				3	S		Dat	M
13005002	15	aber	CCONJ	KON								
13005002	16	der	DET	ART					S		Nom	N
13005002	17	Erstgeburtsrecht	NOUN	NN					S		Nom	N
13005002	18	werden	AUX	VAFIN		Fin	Past	3	S	Ind		
13005002	19	der	DET	ART					S		Dat	M
13005002	20	Joseph	PROPN	NE					S		Nom	M
13005002	21	zuteil	ADV	PTKVZ								
13005003	1	der	DET	ART					S		Nom	F
13005003	2	Sohn	NOUN	NN					P		Nom	M
13005003	3	Ruben	PROPN	NE					S		Gen	
13005003	4	der	DET	ART					S		Gen	M
13005003	5	Erstgeboren	NOUN	NN					P		Nom	F
13005003	6	Israel	PROPN	NE					S		Gen	N
13005003	7	Hanok	NOUN	NN					S		Nom	F
13005003	8	und	CCONJ	KON								
13005003	9	Pallu	NOUN	NN					P		Nom	M
13005003	10	Hezron	PROPN	NE					S		Nom	
13005003	11	und	CCONJ	KON								
13005003	12	Karmi	NOUN	NN					S		Nom	F
13005004	1	der	DET	ART					S		Nom	F
13005004	2	Sohn	NOUN	NN					P		Nom	M
13005004	3	Joel	PROPN	NE					S		Gen	
13005004	4	der	PRON	PDS					S		Gen	
13005004	5	Sohn	NOUN	NN					S		Nom	M
13005004	6	Schemaja	PROPN	NE					S		Nom	M
13005004	7	der	PRON	PDS					S		Gen	
13005004	8	Sohn	NOUN	NN					S		Nom	M
13005004	9	Gog	PROPN	NE					S		Nom	
13005004	10	der	PRON	PDS					S		Gen	
13005004	11	Sohn	NOUN	NN					S		Nom	M
13005004	12	Simei	NOUN	NN					S		Nom	M
13005005	1	der	PRON	PDS					S		Gen	
13005005	2	Sohn	NOUN	NN					S		Nom	M
13005005	3	Micha	PROPN	NE					S		Nom	M
13005005	4	der	PRON	PDS					S		Gen	
13005005	5	Sohn	NOUN	NN					S		Nom	M
13005005	6	Reaja	PROPN	NE					S		Nom	
13005005	7	der	PRON	PDS					S		Gen	
13005005	8	Sohn	NOUN	NN					S		Nom	M
13005005	9	Baal	PROPN	NE					S		Nom	M
13005006	1	der	PRON	PDS					S		Gen	
13005006	2	Sohn	NOUN	NN					S		Nom	M
13005006	3	Beera	PROPN	NE					S		Nom	
13005006	4	welcher	DET	PWAT					S		Acc	M
13005006	5	Tilgath-Pilneser	NOUN	NE					P		Nom	N
13005006	6	der	DET	ART					S		Nom	M
13005006	7	König	NOUN	NN					S		Nom	M
13005006	8	von	ADP	APPR								
13005006	9	Assyr	PROPN	NE					S		Nom	N
13005006	10	wegführte	VERB	VVFIN		Fin	Past	3	S	Ind		
13005006	11	er	PRON	PPER				3	S		Nom	M
13005006	12	sein	AUX	VAFIN		Fin	Past	3	S	Ind		
13005006	13	ein	DET	ART					S		Nom	N
13005006	14	Fürst	NOUN	NN					S		Nom	M
13005006	15	der	DET	ART					S		Nom	M
13005006	16	Rubeniter	PROPN	NE					S		Nom	M
13005007	1	und	CCONJ	KON								
13005007	2	sein	DET	PPOSAT					S		Nom	F
13005007	3	Bruder	NOUN	NN					P		Nom	M
13005007	4	nach	ADP	APPR								
13005007	5	ihr	DET	PPOSAT					S		Acc	M
13005007	6	Familie	NOUN	NN					P		Nom	F
13005007	7	nach	ADP	APPR								
13005007	8	der	DET	ART					S		Dat	M
13005007	9	Verzeichnis	NOUN	NN					S		Nom	N
13005007	10	ihr	DET	PPOSAT					S		Dat	F
13005007	11	Geschlecht	NOUN	NN					P		Nom	N
13005007	12	sein	AUX	VAFIN		Fin	Past	3	P	Ind		
13005007	13	der	DET	ART					S		Nom	N
13005007	14	Haupt	NOUN	NN					S		Nom	N
13005007	15	Jehiel	PROPN	NE					S		Nom	N
13005007	16	und	CCONJ	KON								
13005007	17	Sekarja	PROPN	NN					S		Nom	
13005008	1	und	CCONJ	KON								
13005008	2	Bela	PROPN	NE					S		Nom	M
13005008	3	der	DET	ART					S		Nom	M
13005008	4	Sohn	NOUN	NN					S		Nom	M
13005008	5	Asa	PROPN	NE					S		Gen	
13005008	6	der	DET	ART					S		Gen	M
13005008	7	Sohn	PROPN	NE					S		Gen	M
13005008	8	Schema	NOUN	NN					P		Nom	N
13005008	9	der	DET	ART					S		Gen	M
13005008	10	Sohn	PROPN	NE					S		Gen	M
13005008	11	Joel	PROPN	NE					S		Gen	
13005008	12	dieser	PRON	PDAT					S		Nom	M
13005008	13	wohnen	VERB	VVFIN		Fin	Past	3	S	Ind		
13005008	14	in	ADP	APPR								
13005008	15	aro	ADV	NN	Cmp							
13005008	16	und	CCONJ	KON								
13005008	17	bis	CCONJ	KON								
13005008	18	Nebo	NOUN	NN					S		Nom	M
13005008	19	und	CCONJ	KON								
13005008	20	Baal-Meon	PROPN	NE					S		Nom	
13005009	1	und	CCONJ	KON								
13005009	2	gegen	ADP	APPR								
13005009	3	Osten	NOUN	NN					S		Nom	M
13005009	4	wohnen	VERB	VVFIN		Fin	Past	3	S	Ind		
13005009	5	er	PRON	PPER				3	S		Nom	M
13005009	6	bis	CCONJ	KON								
13005009	7	zu	ADP	PTKVZ								
13005009	8	der	DET	ART					S		Nom	M
13005009	9	Wüste	NOUN	NN					S		Nom	F
13005009	10	welcher	DET	PWAT					S		Nom	F
13005009	11	sich	PRON	PRF				3	S		Acc	
13005009	12	von	ADP	APPR								
13005009	13	der	DET	ART					S		Dat	M
13005009	14	Strom	NOUN	NN					P		Nom	M
13005009	15	Phrat	NOUN	NN					S		Nom	M
13005009	16	her	ADV	ADV								
13005009	17	erstrecken	VERB	VVFIN		Fin	Pres	3	S	Ind		
13005009	18	denn	CCONJ	KON								
13005009	19	ihr	DET	PPOSAT					S		Nom	F
13005009	20	Herde	NOUN	NN					P		Nom	F
13005009	21	sein	AUX	VAFIN		Fin	Past	3	P	Ind		
13005009	22	zahlreich	ADV	ADJD	Pos							
13005009	23	in	ADP	APPRART					S		Dat	N
13005009	24	Land	NOUN	NN					P		Nom	N
13005009	25	Gilead	PROPN	NE					S		Nom	
13005010	1	und	CCONJ	KON								
13005010	2	in	ADP	APPR								
13005010	3	der	DET	ART					S		Acc	M
13005010	4	Tag	NOUN	NN					P		Dat	M
13005010	5	Saul	PROPN	NE					S		Gen	M
13005010	6	führen	VERB	VVFIN		Fin	Past	3	P	Ind		
13005010	7	sie	PRON	PPER				3	P		Nom	
13005010	8	Krieg	NOUN	NN					S		Nom	M
13005010	9	mit	ADP	APPR								
13005010	10	der	DET	ART					S		Acc	M
13005010	11	Hageriter	NOUN	NN					P		Nom	M
13005010	12	und	CCONJ	KON								
13005010	13	dieser	DET	PDAT					S		Nom	F
13005010	14	fallen	VERB	VVFIN		Fin	Past	3	P	Ind		
13005010	15	durch	ADP	APPR								
13005010	16	ihr	DET	PPOSAT					S		Nom	F
13005010	17	Hand	NOUN	NN					S		Nom	F
13005010	18	und	CCONJ	KON								
13005010	19	sie	PRON	PPER				3	P		Nom	
13005010	20	wohnen	VERB	VVFIN		Fin	Past	3	P	Ind		
13005010	21	in	ADP	APPR								
13005010	22	ihr	DET	PPOSAT					S		Acc	M
13005010	23	Zelt	NOUN	NN					P		Nom	N
13005010	24	auf	ADP	PTKVZ								
13005010	25	der	DET	ART					S		Nom	M
13005010	26	ganz	PRON	ADJA					S		Nom	M
13005010	27	Ostseite	NOUN	NN					S		Nom	F
13005010	28	von	ADP	APPR								
13005010	29	Gilead	PROPN	NE					S		Nom	
13005011	1	und	CCONJ	KON								
13005011	2	der	DET	ART					S		Nom	F
13005011	3	Kind	NOUN	NN					P		Nom	N
13005011	4	Gad	PROPN	NE					S		Nom	M
13005011	5	wohnen	VERB	VVFIN		Fin	Past	3	P	Ind		
13005011	6	ihnen	PRON	PPER				3	P		Dat	
13005011	7	gegenüber	ADP	APPO								
13005011	8	in	ADP	APPRART					S		Dat	N
13005011	9	Land	NOUN	NN					P		Nom	N
13005011	10	Basan	PROPN	NE					S		Nom	N
13005011	11	bis	CCONJ	KON								
13005011	12	Salka	PROPN	NE					S		Nom	
13005012	1	Joel	PROPN	NE					S		Nom	M
13005012	2	der	DET	ART					S		Nom	N
13005012	3	Haupt	NOUN	NN					S		Nom	N
13005012	4	und	CCONJ	KON								
13005012	5	Schapham	PROPN	NE					S		Nom	N
13005012	6	der	DET	ART					S		Nom	M
13005012	7	zweiter	ADJ	ADJA	Pos				S		Nom	F
13005012	8	und	CCONJ	KON								
13005012	9	Jahnai	NOUN	NN					S		Nom	N
13005012	10	und	CCONJ	KON								
13005012	11	Schaphat	VERB	NE		Fin	Pres	3	S	Ind		
13005012	12	in	ADP	APPR								
13005012	13	Basan	PROPN	NE					S		Nom	N
13005013	1	und	CCONJ	KON								
13005013	2	ihr	DET	PPOSAT					S		Nom	F
13005013	3	Bruder	NOUN	NN					P		Nom	M
13005013	4	nach	ADP	APPR								
13005013	5	ihr	DET	PPOSAT					S		Acc	M
13005013	6	Vaterhäuser	NOUN	NN					P		Dat	M
13005013	7	Michael	PROPN	NE					S		Nom	M
13005013	8	und	CCONJ	KON								
13005013	9	Meschullam	PROPN	NE					S		Nom	
13005013	10	und	CCONJ	KON								
13005013	11	Scheba	PROPN	NE					S		Nom	N
13005013	12	und	CCONJ	KON								
13005013	13	Jorai	PROPN	NE					S		Nom	
13005013	14	und	CCONJ	KON								
13005013	15	Jakan	PROPN	NE					S		Nom	F
13005013	16	und	CCONJ	KON								
13005013	17	sia	PROPN	XY					S		Nom	
13005013	18	und	CCONJ	KON								
13005013	19	Heber	NOUN	NN					S		Nom	M
13005013	20	sieben	NUM	CARD								
13005014	1	der	DET	ART					S		Nom	N
13005014	2	sein	AUX	VAFIN		Fin	Past	3	P	Ind		
13005014	3	der	DET	ART					S		Nom	F
13005014	4	Sohn	NOUN	NN					P		Nom	M
13005014	5	Abichail	PROPN	NE					S		Gen	
13005014	6	der	DET	ART					S		Gen	M
13005014	7	Sohn	PROPN	NE					S		Gen	M
13005014	8	Huri	PROPN	NE					S		Nom	
13005014	9	der	DET	ART					S		Gen	M
13005014	10	Sohn	PROPN	NE					S		Gen	M
13005014	11	Jaroachs	PROPN	NE					S		Nom	
13005014	12	der	DET	ART					S		Gen	M
13005014	13	Sohn	PROPN	NE					S		Gen	M
13005014	14	Gilead	NOUN	NN					P		Nom	M
13005014	15	der	DET	ART					S		Gen	M
13005014	16	Sohn	PROPN	NE					S		Gen	M
13005014	17	Michaels	PROPN	NE					S		Nom	
13005014	18	der	DET	ART					S		Gen	M
13005014	19	Sohn	PROPN	NE					S		Gen	M
13005014	20	Jeschischais	PROPN	NE					S		Nom	M
13005014	21	der	DET	ART					S		Gen	M
13005014	22	Sohn	PROPN	NE					S		Gen	M
13005014	23	Jachdo	PROPN	NE					S		Gen	
13005014	24	der	DET	ART					S		Gen	M
13005014	25	Sohn	PROPN	NE					S		Gen	M
13005014	26	Bus	NOUN	NN					S		Nom	M
13005015	1	Achi	PROPN	NE					S		Nom	
13005015	2	der	DET	ART					S		Nom	M
13005015	3	Sohn	NOUN	NN					S		Nom	M
13005015	4	Abdiel	PROPN	NE					S		Nom	
13005015	5	der	DET	ART					S		Gen	M
13005015	6	Sohn	PROPN	NE					S		Gen	M
13005015	7	Guni	PROPN	NE					S		Nom	
13005015	8	sein	AUX	VAFIN		Fin	Past	3	S	Ind		
13005015	9	der	DET	ART					S		Nom	N
13005015	10	Haupt	NOUN	NN					S		Nom	N
13005015	11	ihr	DET	PPOSAT					S		Gen	M
13005015	12	vaterhause	NOUN	NN					S		Nom	F
13005016	1	und	CCONJ	KON								
13005016	2	sie	PRON	PPER				3	P		Nom	
13005016	3	wohnen	VERB	VVFIN		Fin	Past	3	P	Ind		
13005016	4	in	ADP	APPR								
13005016	5	Gilead	PROPN	NE					S		Nom	
13005016	6	in	ADP	APPR								
13005016	7	Basan	PROPN	NE					S		Nom	N
13005016	8	und	CCONJ	KON								
13005016	9	in	ADP	APPR								
13005016	10	der	PRON	PDS							Gen	
13005016	11	Tochterstädt	NOUN	NN					P		Nom	F
13005016	12	und	CCONJ	KON								
13005016	13	in	ADP	APPR								
13005016	14	aller	DET	PIS					P		Dat	
13005016	15	Weidetrift	NOUN	NN					S		Nom	M
13005016	16	Saron	PROPN	NE					S		Gen	
13005016	17	bis	CCONJ	KON								
13005016	18	an	ADP	PTKVZ								
13005016	19	ihr	DET	PPOSAT					S		Nom	F
13005016	20	Ausgang	NOUN	NN					P		Nom	M
13005017	1	dieser	DET	PDAT					S		Nom	F
13005017	2	aller	PRON	PIS					P		Nom	
13005017	3	sein	AUX	VAFIN		Fin	Pres	3	P	Ind		
13005017	4	verzeichnen	VERB	VVFIN		Fin	Pres	3	S	Ind		
13005017	5	werden	AUX	VAPP		Part						
13005017	6	in	ADP	APPR								
13005017	7	der	DET	ART					S		Acc	M
13005017	8	Tag	NOUN	NN					P		Dat	M
13005017	9	Jotham	PROPN	NE					S		Gen	
13005017	10	der	DET	ART					S		Gen	M
13005017	11	König	PROPN	NE					S		Nom	
13005017	12	von	ADP	APPR								
13005017	13	Juda	PROPN	NE					S		Nom	M
13005017	14	und	CCONJ	KON								
13005017	15	in	ADP	APPR								
13005017	16	der	DET	ART					S		Acc	M
13005017	17	Tag	NOUN	NN					P		Dat	M
13005017	18	Jerobeam	PROPN	NE					S		Gen	
13005017	19	der	DET	ART					S		Gen	M
13005017	20	König	PROPN	NE					S		Nom	
13005017	21	von	ADP	APPR								
13005017	22	Israel	PROPN	NE					S		Nom	N
13005018	1	der	DET	ART					S		Nom	F
13005018	2	Kind	NOUN	NN					P		Nom	N
13005018	3	Ruben	PROPN	NE					S		Nom	M
13005018	4	und	CCONJ	KON								
13005018	5	der	DET	ART					S		Nom	F
13005018	6	Gaditer	NOUN	NN					S		Nom	N
13005018	7	und	CCONJ	KON								
13005018	8	der	DET	ART					S		Nom	M
13005018	9	halb	ADJ	ADJA	Pos				S		Nom	F
13005018	10	Stamm	NOUN	NN					S		Nom	M
13005018	11	Manasse	PROPN	NE					S		Nom	
13005018	12	was	PRON	PWS					S		Nom	N
13005018	13	tapferen	VERB	VVFIN		Fin	Pres	3	S	Sub		
13005018	14	Mann	NOUN	NN					P		Nom	M
13005018	15	sein	AUX	VAFIN		Fin	Past	3	P	Ind		
13005018	16	Mann	NOUN	NN					P		Nom	M
13005018	17	der	DET	ART					S		Nom	F
13005018	18	Schild	NOUN	NN					S		Nom	N
13005018	19	und	CCONJ	KON								
13005018	20	Schwert	NOUN	NN					S		Nom	N
13005018	21	tragen	VERB	VVFIN		Fin	Past	3	P	Ind		
13005018	22	und	CCONJ	KON								
13005018	23	der	DET	ART					S		Acc	M
13005018	24	Bogen	NOUN	NN					S		Nom	M
13005018	25	spannen	VERB	VVFIN		Fin	Past	3	P	Ind		
13005018	26	und	CCONJ	KON								
13005018	27	der	DET	ART					S		Gen	M
13005018	28	Krieg	NOUN	NN					S		Gen	M
13005018	29	kundig	ADV	ADJD	Pos							
13005018	30	sein	AUX	VAFIN		Fin	Past	3	P	Ind		
13005018	31	44760	NUM	CARD								
13005018	32	der	DET	ART					S		Nom	F
13005018	33	zu	ADP	APPRART					S		Dat	N
13005018	34	Heer	NOUN	NN					P		Nom	M
13005018	35	auszogen	VERB	VVPP		Fin	Past	3	P	Ind		
13005019	1	und	CCONJ	KON								
13005019	2	sie	PRON	PPER				3	P		Nom	
13005019	3	führen	VERB	VVFIN		Fin	Past	3	P	Ind		
13005019	4	Krieg	NOUN	NN					S		Nom	M
13005019	5	mit	ADP	APPR								
13005019	6	der	DET	ART					S		Acc	M
13005019	7	Hageriter	NOUN	NN					P		Nom	M
13005019	8	und	CCONJ	KON								
13005019	9	mit	ADP	APPR								
13005019	10	Jetur	NOUN	NN					S		Nom	F
13005019	11	und	CCONJ	KON								
13005019	12	Naphisch	PROPN	NE					S		Nom	
13005019	13	und	CCONJ	KON								
13005019	14	Nodab	NOUN	NN					S		Nom	N
13005020	1	und	CCONJ	KON								
13005020	2	es	PRON	PPER				3	S		Nom	N
13005020	3	werden	AUX	VAFIN		Fin	Past	3	S	Ind		
13005020	4	ihnen	PRON	PPER				3	P		Dat	
13005020	5	wider	ADP	PTKVZ								
13005020	6	sie	PRON	PPER				3	P		Nom	
13005020	7	helfen	VERB	VVPP		Part						
13005020	8	und	CCONJ	KON								
13005020	9	der	DET	ART					S		Nom	F
13005020	10	Hageriter	NOUN	NN					P		Nom	M
13005020	11	werden	AUX	VAFIN		Fin	Past	3	P	Ind		
13005020	12	in	ADP	APPR								
13005020	13	ihr	DET	PPOSAT					S		Nom	F
13005020	14	Hand	NOUN	NN					S		Nom	F
13005020	15	geben	VERB	VVPP		Part						
13005020	16	samt	ADP	APPR								
13005020	17	aller	DET	PIS					P		Dat	
13005020	18	der	DET	ART					S		Nom	F
13005020	19	mit	ADP	APPR								
13005020	20	ihnen	PRON	PPER				3	P		Dat	
13005020	21	sein	AUX	VAFIN		Fin	Past	3	P	Ind		
13005020	22	denn	CCONJ	KON								
13005020	23	sie	PRON	PPER				3	P		Nom	
13005020	24	schrieen	VERB	VVFIN		Fin	Past	3	P	Ind		
13005020	25	zu	ADP	PTKVZ								
13005020	26	Gott	NOUN	NN					S		Nom	M
13005020	27	in	ADP	APPRART					S		Dat	N
13005020	28	Streit	NOUN	NN					S		Nom	M
13005020	29	und	CCONJ	KON								
13005020	30	er	PRON	PPER				3	S		Nom	M
13005020	31	lassen	VERB	VVFIN		Fin	Past	3	S	Ind		
13005020	32	sich	PRON	PRF				3	S		Acc	
13005020	33	von	ADP	APPR								
13005020	34	ihnen	PRON	PPER				3	P		Dat	
13005020	35	erbitten	VERB	VVFIN		Fin	Pres	3	P	Ind		
13005020	36	weil	SCONJ	KOUS								
13005020	37	sie	PRON	PPER				3	P		Nom	
13005020	38	auf	ADP	PTKVZ								
13005020	39	ihn	PRON	PPER				3	S		Acc	M
13005020	40	vertraut	ADV	ADJD	Pos							
13005020	41	haben	AUX	VAFIN		Fin	Past	3	P	Ind		
13005021	1	und	CCONJ	KON								
13005021	2	sie	PRON	PPER				3	P		Nom	
13005021	3	führen	VERB	VVFIN		Fin	Past	3	P	Ind		
13005021	4	ihr	PRON	PPOSAT				3	S		Dat	F
13005021	5	Vieh	NOUN	NN					S		Nom	N
13005021	6	hinweg	ADP	APZR								
13005021	7	50000	NUM	CARD								
13005021	8	Kamel	NOUN	NN					P		Nom	N
13005021	9	und	CCONJ	KON								
13005021	10	250000	NUM	CARD								
13005021	11	Stück	NOUN	NN					S		Nom	N
13005021	12	Kleinvieh	NOUN	NN					S		Nom	N
13005021	13	und	CCONJ	KON								
13005021	14	2000	NUM	CARD								
13005021	15	Esel	NOUN	NN					S		Nom	M
13005021	16	und	CCONJ	KON								
13005021	17	100000	NUM	CARD								
13005021	18	Menschenseele	NOUN	NN					P		Nom	F
13005022	1	denn	CCONJ	KON								
13005022	2	es	PRON	PPER				3	S		Nom	N
13005022	3	fallen	VERB	VVFIN		Fin	Past	3	P	Ind		
13005022	4	vieler	PRON	PIS					P		Nom	
13005022	5	Erschlagene	NOUN	NN					S		Nom	F
13005022	6	weil	SCONJ	KOUS								
13005022	7	der	DET	ART					S		Nom	M
13005022	8	Streit	NOUN	NN					S		Nom	M
13005022	9	von	ADP	APPR								
13005022	10	Gott	NOUN	NN					S		Nom	M
13005022	11	sein	AUX	VAFIN		Fin	Past	3	S	Ind		
13005022	12	und	CCONJ	KON								
13005022	13	sie	PRON	PPER				3	P		Nom	
13005022	14	wohnen	VERB	VVFIN		Fin	Past	3	P	Ind		
13005022	15	an	ADP	PTKVZ								
13005022	16	ihr	DET	PPOSAT					S		Dat	F
13005022	17	statt	SCONJ	KOUI								
13005022	18	bis	CCONJ	KON								
13005022	19	zu	ADP	APPRART					S		Dat	F
13005022	20	Wegführung	NOUN	NN					S		Nom	F
13005023	1	und	CCONJ	KON								
13005023	2	der	DET	ART					S		Nom	F
13005023	3	Kind	NOUN	NN					P		Nom	N
13005023	4	der	DET	ART					S		Gen	M
13005023	5	halb	NUM	ADJA								
13005023	6	Stamme	NOUN	NN					P		Nom	M
13005023	7	Manasse	PROPN	NE					S		Nom	
13005023	8	wohnen	VERB	VVFIN		Fin	Past	3	P	Ind		
13005023	9	in	ADP	APPRART					S		Dat	N
13005023	10	Land	NOUN	NN					P		Nom	N
13005023	11	von	ADP	APPR								
13005023	12	Basan	PROPN	NE					S		Nom	N
13005023	13	bis	CCONJ	KON								
13005023	14	Baal-Hermon	NOUN	NN					S		Nom	F
13005023	15	und	CCONJ	KON								
13005023	16	bis	CCONJ	KON								
13005023	17	zu	ADP	APPRART					S		Dat	N
13005023	18	Senir	PROPN	NE					S		Gen	M
13005023	19	und	CCONJ	KON								
13005023	20	bis	CCONJ	KON								
13005023	21	zu	ADP	APPRART					S		Dat	N
13005023	22	Berg	NOUN	NN					P		Nom	M
13005023	23	Hermon	PROPN	NE					S		Nom	M
13005023	24	sie	PRON	PPER				3	P		Nom	
13005023	25	sein	AUX	VAFIN		Fin	Past	3	P	Ind		
13005023	26	zahlreich	ADV	ADJD	Pos							
13005024	1	und	CCONJ	KON								
13005024	2	dieser	PRON	PDS					S		Nom	N
13005024	3	sein	AUX	VAFIN		Fin	Past	3	P	Ind		
13005024	4	der	DET	ART					S		Nom	F
13005024	5	Häupter	NOUN	NN					P		Nom	N
13005024	6	ihr	DET	PPOSAT					S		Dat	F
13005024	7	Vaterhaus	NOUN	NN					P		Nom	N
13005024	8	nämlich	ADV	ADV								
13005024	9	eph	NOUN	NN					P		Nom	M
13005024	10	und	CCONJ	KON								
13005024	11	Jischi	PROPN	NE					S		Nom	M
13005024	12	und	CCONJ	KON								
13005024	13	eliel	NOUN	NN					S		Nom	N
13005024	14	und	CCONJ	KON								
13005024	15	asriel	NOUN	NN					S		Nom	N
13005024	16	und	CCONJ	KON								
13005024	17	Jeremja	NOUN	NN					S		Nom	M
13005024	18	und	CCONJ	KON								
13005024	19	Hodawja	PROPN	NE					S		Nom	
13005024	20	und	CCONJ	KON								
13005024	21	Jachdiel	NOUN	NE					S		Nom	N
13005024	22	tapferen	VERB	VVFIN		Fin	Pres	3	S	Sub		
13005024	23	Kriegsmänner	NOUN	NN					P		Nom	M
13005024	24	Mann	NOUN	NN					P		Nom	M
13005024	25	von	ADP	APPR								
13005024	26	Name	NOUN	NN					P		Nom	M
13005024	27	Häupter	NOUN	NN					P		Nom	N
13005024	28	ihr	DET	PPOSAT					S		Dat	F
13005024	29	Vaterhaus	NOUN	NN					P		Nom	N
13005025	1	aber	CCONJ	KON								
13005025	2	sie	PRON	PPER				3	P		Nom	
13005025	3	handeln	VERB	VVFIN		Fin	Past	3	P	Ind		
13005025	4	treulos	ADV	ADJD	Pos							
13005025	5	gegen	ADP	APPR								
13005025	6	der	DET	ART					S		Acc	M
13005025	7	Gott	NOUN	NN					S		Nom	M
13005025	8	ihr	DET	PPOSAT					S		Dat	F
13005025	9	Vater	NOUN	NN					P		Nom	M
13005025	10	und	CCONJ	KON								
13005025	11	Hurte	VERB	VVFIN		Fin	Past	3	P	Ind		
13005025	12	der	DET	ART					S		Acc	M
13005025	13	Götter	NOUN	NN					P		Dat	M
13005025	14	der	DET	ART					S		Nom	M
13005025	15	Volk	NOUN	NN					P		Nom	N
13005025	16	der	DET	ART					S		Gen	M
13005025	17	Land	NOUN	NN					S		Gen	N
13005025	18	nach	ADP	APPR								
13005025	19	welcher	DET	PWAT					S		Nom	F
13005025	20	Gott	NOUN	NN					S		Nom	M
13005025	21	vor	ADP	APPR								
13005025	22	ihnen	PRON	PPER				3	P		Dat	
13005025	23	vertilgen	VERB	VVPP		Part						
13005025	24	haben	AUX	VAFIN		Fin	Past	3	S	Ind		
13005026	1	da	SCONJ	KOUS								
13005026	2	erwecken	VERB	VVFIN		Fin	Past	3	S	Ind		
13005026	3	der	DET	ART					S		Nom	M
13005026	4	Gott	NOUN	NN					S		Nom	M
13005026	5	Israel	PROPN	NE					S		Gen	N
13005026	6	der	DET	ART					S		Acc	M
13005026	7	Geist	NOUN	NN					S		Nom	M
13005026	8	Puls	PROPN	VVIMP					S		Nom	M
13005026	9	der	DET	ART					S		Gen	M
13005026	10	König	PROPN	NE					S		Nom	
13005026	11	von	ADP	APPR								
13005026	12	Assyr	PROPN	NE					S		Nom	N
13005026	13	und	CCONJ	KON								
13005026	14	der	DET	ART					S		Acc	M
13005026	15	Geist	NOUN	NN					S		Nom	M
13005026	16	Tilgath-Pilneser	NOUN	NN					S		Nom	N
13005026	17	der	DET	ART					S		Gen	M
13005026	18	König	PROPN	NE					S		Nom	
13005026	19	von	ADP	APPR								
13005026	20	Assyr	PROPN	NE					S		Nom	N
13005026	21	und	CCONJ	KON								
13005026	22	er	PRON	PPER				3	S		Nom	M
13005026	23	führen	VERB	VVFIN		Fin	Past	3	S	Ind		
13005026	24	sie	PRON	PPER				3	P		Nom	
13005026	25	hinweg	ADP	APZR								
13005026	26	der	DET	ART					S		Nom	F
13005026	27	Rubeniter	PROPN	NE					S		Nom	M
13005026	28	und	CCONJ	KON								
13005026	29	der	DET	ART					S		Nom	F
13005026	30	Gaditer	NOUN	NN					S		Nom	N
13005026	31	und	CCONJ	KON								
13005026	32	der	DET	ART					S		Acc	M
13005026	33	halb	NUM	ADJA								
13005026	34	Stamm	NOUN	NN					S		Nom	M
13005026	35	Manasse	PROPN	NE					S		Nom	
13005026	36	und	CCONJ	KON								
13005026	37	bringen	VERB	VVFIN		Fin	Past	3	S	Ind		
13005026	38	sie	PRON	PPER				3	P		Nom	
13005026	39	nach	ADP	APPR								
13005026	40	Halach	NOUN	NE					S		Nom	N
13005026	41	und	CCONJ	KON								
13005026	42	an	ADP	PTKVZ								
13005026	43	der	DET	ART					S		Acc	M
13005026	44	Habor	NOUN	NE					S		Nom	N
13005026	45	und	CCONJ	KON								
13005026	46	nach	ADP	APPR								
13005026	47	Hara	PROPN	NE					S		Nom	M
13005026	48	und	CCONJ	KON								
13005026	49	an	ADP	PTKVZ								
13005026	50	der	DET	ART					S		Acc	M
13005026	51	Strom	NOUN	NN					S		Nom	M
13005026	52	von	ADP	APPR								
13005026	53	Gosan	PROPN	NE					S		Nom	F
13005026	54	bis	CCONJ	KON								
13005026	55	auf	ADP	PTKVZ								
13005026	56	dieser	DET	PDAT					S		Acc	M
13005026	57	Tag	NOUN	NN					S		Nom	M
13005027	1	der	DET	ART					S		Nom	F
13005027	2	Sohn	NOUN	NN					P		Nom	M
13005027	3	Levis	PROPN	NE								F
13005027	4	sein	AUX	VAFIN		Fin	Past	3	P	Ind		
13005027	5	Gerson	PROPN	NE					S		Nom	
13005027	6	Kehath	PROPN	NE					S		Nom	
13005027	7	und	CCONJ	KON								
13005027	8	Merari	PROPN	NE					S		Nom	
13005028	1	und	CCONJ	KON								
13005028	2	der	DET	ART					S		Nom	F
13005028	3	Sohn	NOUN	NN					P		Nom	M
13005028	4	Kehath	PROPN	NE					S		Gen	
13005028	5	Amram	PROPN	NN					S		Nom	
13005028	6	Jizhar	PROPN	NE					S		Nom	F
13005028	7	und	CCONJ	KON								
13005028	8	Hebron	PROPN	NE					S		Nom	N
13005028	9	und	CCONJ	KON								
13005028	10	Ussiel	NOUN	NN					S		Nom	N
13005029	1	und	CCONJ	KON								
13005029	2	der	DET	ART					S		Nom	F
13005029	3	Sohn	NOUN	NN					P		Nom	M
13005029	4	Amram	PROPN	NE					S		Gen	
13005029	5	Aaron	PROPN	NE					S		Nom	M
13005029	6	und	CCONJ	KON								
13005029	7	Mose	PROPN	NE					S		Nom	
13005029	8	und	CCONJ	KON								
13005029	9	Mirjam	PROPN	NE					S		Nom	F
13005029	10	und	CCONJ	KON								
13005029	11	der	DET	ART					S		Nom	F
13005029	12	Sohn	NOUN	NN					P		Nom	M
13005029	13	Aaron	PROPN	NE					S		Gen	
13005029	14	Nadab	NOUN	NN					S		Nom	M
13005029	15	und	CCONJ	KON								
13005029	16	Abihu	NOUN	NN					S		Nom	F
13005029	17	Eleasar	NOUN	NN					S		Nom	M
13005029	18	und	CCONJ	KON								
13005029	19	Ithamar	PROPN	NE					S		Nom	
13005030	1	Eleasar	NOUN	NN					S		Nom	M
13005030	2	zeugen	VERB	VVFIN		Fin	Past	3	S	Ind		
13005030	3	Pineha	PROPN	NE					S		Gen	
13005030	4	Pineha	PROPN	NE					S		Gen	
13005030	5	zeugen	VERB	VVFIN		Fin	Past	3	S	Ind		
13005030	6	Abischua	PROPN	NE					S		Nom	
13005031	1	und	CCONJ	KON								
13005031	2	Abischua	PROPN	NE					S		Nom	
13005031	3	zeugen	VERB	VVFIN		Fin	Past	3	S	Ind		
13005031	4	Bukki	PROPN	NE					S		Nom	
13005031	5	und	CCONJ	KON								
13005031	6	Bukki	PROPN	NE					S		Nom	
13005031	7	zeugen	VERB	VVFIN		Fin	Past	3	S	Ind		
13005031	8	Ussi	PROPN	NE					S		Nom	
13005032	1	und	CCONJ	KON								
13005032	2	Ussi	PROPN	NE					S		Nom	
13005032	3	zeugen	VERB	VVFIN		Fin	Past	3	S	Ind		
13005032	4	Serachja	PROPN	NE					S		Nom	
13005032	5	und	CCONJ	KON								
13005032	6	Serachja	PROPN	NE					S		Nom	
13005032	7	zeugen	VERB	VVFIN		Fin	Past	3	S	Ind		
13005032	8	Merajoth	PROPN	NE					S		Nom	F
13005033	1	Merajoth	PROPN	NE					S		Nom	F
13005033	2	zeugen	VERB	VVFIN		Fin	Past	3	S	Ind		
13005033	3	Amarja	PROPN	NN					S		Nom	
13005033	4	und	CCONJ	KON								
13005033	5	Amarja	PROPN	NN					S		Nom	
13005033	6	zeugen	VERB	VVFIN		Fin	Past	3	S	Ind		
13005033	7	Ahitub	PROPN	NE					S		Nom	
13005034	1	und	CCONJ	KON								
13005034	2	Ahitub	PROPN	NE					S		Nom	
13005034	3	zeugen	VERB	VVFIN		Fin	Past	3	S	Ind		
13005034	4	Zadok	NOUN	NE					P		Nom	M
13005034	5	und	CCONJ	KON								
13005034	6	Zadok	NOUN	NE					P		Nom	M
13005034	7	zeugen	VERB	VVFIN		Fin	Past	3	S	Ind		
13005034	8	Achimaaz	PROPN	NE					S		Nom	
13005035	1	und	CCONJ	KON								
13005035	2	Achimaaz	PROPN	NE					S		Nom	
13005035	3	zeugen	VERB	VVFIN		Fin	Past	3	S	Ind		
13005035	4	Asarja	PROPN	NE					S		Nom	
13005035	5	und	CCONJ	KON								
13005035	6	Asarja	PROPN	NE					S		Nom	
13005035	7	zeugen	VERB	VVFIN		Fin	Past	3	S	Ind		
13005035	8	Jochanan	PROPN	NE					S		Nom	M
13005036	1	und	CCONJ	KON								
13005036	2	Jochanan	PROPN	NE					S		Nom	M
13005036	3	zeugen	VERB	VVFIN		Fin	Past	3	S	Ind		
13005036	4	Asarja	PROPN	NE					S		Nom	
13005036	5	dieser	PRON	PDAT					S		Nom	M
13005036	6	sein	AUX	VAFIN		Fin	Pres	3	S	Ind		
13005036	7	es	PRON	PPER				3	S		Nom	N
13005036	8	der	DET	ART					S		Nom	M
13005036	9	der	DET	ART					S		Acc	M
13005036	10	Priesterdienst	NOUN	NN					S		Nom	F
13005036	11	ausüben	VERB	VVFIN		Fin	Past	3	S	Ind		
13005036	12	in	ADP	APPR								
13005036	13	der	DET	ART					S		Dat	M
13005036	14	Haus	NOUN	NN					P		Nom	N
13005036	15	welcher	DET	PWAT					S		Acc	N
13005036	16	Salomo	PROPN	NE					S		Nom	M
13005036	17	zu	ADP	PTKVZ								
13005036	18	Jerusalem	PROPN	NE					S		Nom	N
13005036	19	bauen	VERB	VVPP		Part						
13005036	20	haben	AUX	VAFIN		Fin	Past	3	S	Ind		
13005037	1	und	CCONJ	KON								
13005037	2	Asarja	PROPN	NE					S		Nom	
13005037	3	zeugen	VERB	VVFIN		Fin	Past	3	S	Ind		
13005037	4	Amarja	PROPN	NN					S		Nom	
13005037	5	und	CCONJ	KON								
13005037	6	Amarja	PROPN	NN					S		Nom	
13005037	7	zeugen	VERB	VVFIN		Fin	Past	3	S	Ind		
13005037	8	Ahitub	PROPN	NE					S		Nom	
13005038	1	und	CCONJ	KON								
13005038	2	Ahitub	PROPN	NE					S		Nom	
13005038	3	zeugen	VERB	VVFIN		Fin	Past	3	S	Ind		
13005038	4	Zadok	NOUN	NE					P		Nom	M
13005038	5	und	CCONJ	KON								
13005038	6	Zadok	NOUN	NE					P		Nom	M
13005038	7	zeugen	VERB	VVFIN		Fin	Past	3	S	Ind		
13005038	8	Schallum	PROPN	NE					S		Nom	
13005039	1	und	CCONJ	KON								
13005039	2	Schallum	PROPN	NE					S		Nom	
13005039	3	zeugen	VERB	VVFIN		Fin	Past	3	S	Ind		
13005039	4	Hilkija	PROPN	NE					S		Nom	
13005039	5	und	CCONJ	KON								
13005039	6	Hilkija	PROPN	NE					S		Nom	
13005039	7	zeugen	VERB	VVFIN		Fin	Past	3	S	Ind		
13005039	8	Asarja	PROPN	NE					S		Nom	
13005040	1	und	CCONJ	KON								
13005040	2	Asarja	PROPN	NE					S		Nom	
13005040	3	zeugen	VERB	VVFIN		Fin	Past	3	S	Ind		
13005040	4	Seraja	PROPN	NE					S		Nom	
13005040	5	und	CCONJ	KON								
13005040	6	Seraja	PROPN	NE					S		Nom	
13005040	7	zeugen	VERB	VVFIN		Fin	Past	3	S	Ind		
13005040	8	Jehozadak	NOUN	NN					S		Nom	N
13005041	1	und	CCONJ	KON								
13005041	2	Jehozadak	NOUN	NN					S		Nom	N
13005041	3	ziehen	VERB	VVFIN		Fin	Past	3	S	Ind		
13005041	4	mit	ADP	APPR								
13005041	5	als	ADP	KOKOM								
13005041	6	Jahwe	NOUN	NN					S		Nom	M
13005041	7	Juda	PROPN	NE					S		Nom	M
13005041	8	und	CCONJ	KON								
13005041	9	Jerusalem	PROPN	NE					S		Nom	N
13005041	10	durch	ADP	APPR								
13005041	11	Nebukadnezar	PROPN	NE					S		Nom	
13005041	12	wegführte	VERB	VVFIN		Fin	Past	3	S	Ind		
13006001	1	der	DET	ART					S		Nom	F
13006001	2	Sohn	NOUN	NN					P		Nom	M
13006001	3	Levis	PROPN	NE								F
13006001	4	Gersom	NOUN	NN					S		Nom	M
13006001	5	Kehath	PROPN	NE					S		Nom	
13006001	6	und	CCONJ	KON								
13006001	7	Merari	PROPN	NE					S		Nom	
13006002	1	und	CCONJ	KON								
13006002	2	dieser	PRON	PDS					S		Nom	N
13006002	3	sein	AUX	VAFIN		Fin	Pres	3	P	Ind		
13006002	4	der	DET	ART					S		Nom	F
13006002	5	Name	NOUN	NN					P		Nom	M
13006002	6	der	DET	ART					S		Nom	M
13006002	7	Sohn	NOUN	NN					P		Nom	M
13006002	8	Gersom	PROPN	NE					S		Nom	
13006002	9	Libni	PROPN	NE					S		Nom	
13006002	10	und	CCONJ	KON								
13006002	11	Simei	NOUN	NN					S		Nom	M
13006003	1	und	CCONJ	KON								
13006003	2	der	DET	ART					S		Nom	F
13006003	3	Sohn	NOUN	NN					P		Nom	M
13006003	4	Kehath	PROPN	NE					S		Gen	
13006003	5	Amram	PROPN	NN					S		Nom	
13006003	6	und	CCONJ	KON								
13006003	7	Jizhar	PROPN	NE					S		Nom	F
13006003	8	und	CCONJ	KON								
13006003	9	Hebron	PROPN	NE					S		Nom	N
13006003	10	und	CCONJ	KON								
13006003	11	Ussiel	NOUN	NN					S		Nom	N
13006004	1	der	DET	ART					S		Nom	F
13006004	2	Sohn	NOUN	NN					P		Nom	M
13006004	3	Merari	PROPN	NE					S		Gen	
13006004	4	Machli	NOUN	NN					P		Gen	N
13006004	5	und	CCONJ	KON								
13006004	6	Musi	PROPN	NE					S		Nom	
13006004	7	und	CCONJ	KON								
13006004	8	dieser	PRON	PDS					S		Nom	N
13006004	9	sein	AUX	VAFIN		Fin	Pres	3	P	Ind		
13006004	10	der	DET	ART					S		Nom	F
13006004	11	Familie	NOUN	NN					P		Nom	F
13006004	12	der	DET	ART					S		Nom	M
13006004	13	Levit	NOUN	NN					P		Nom	M
13006004	14	nach	ADP	APPR								
13006004	15	ihr	DET	PPOSAT					S		Acc	M
13006004	16	Vätern	NOUN	NN					P		Dat	M
13006005	1	von	ADP	APPR								
13006005	2	Gersom	NOUN	NN					S		Nom	M
13006005	3	der	PRON	PDS					S		Gen	
13006005	4	Sohn	NOUN	NN					S		Nom	M
13006005	5	Libni	PROPN	NE					S		Nom	
13006005	6	der	PRON	PDS					S		Gen	
13006005	7	Sohn	NOUN	NN					S		Nom	M
13006005	8	Jachath	PROPN	NE					S		Nom	
13006005	9	der	PRON	PDS					S		Gen	
13006005	10	Sohn	NOUN	NN					S		Nom	M
13006005	11	Simma	PROPN	NE					S		Nom	
13006006	1	der	PRON	PDS					S		Gen	
13006006	2	Sohn	NOUN	NN					S		Nom	M
13006006	3	Joach	PROPN	NE					S		Nom	
13006006	4	der	PRON	PDS					S		Gen	
13006006	5	Sohn	NOUN	NN					S		Nom	M
13006006	6	Iddo	NOUN	NN					S		Nom	N
13006006	7	der	PRON	PDS					S		Gen	
13006006	8	Sohn	NOUN	NN					S		Nom	M
13006006	9	Serach	NOUN	NE					S		Nom	N
13006006	10	der	PRON	PDS					S		Gen	
13006006	11	Sohn	NOUN	NN					S		Nom	M
13006006	12	jeathrai	PROPN	NE					S		Nom	
13006007	1	der	DET	ART					S		Nom	F
13006007	2	Sohn	NOUN	NN					P		Nom	M
13006007	3	Kehath	PROPN	NE					S		Gen	
13006007	4	der	PRON	PDS					S		Gen	
13006007	5	Sohn	NOUN	NN					S		Nom	M
13006007	6	Amminadab	PROPN	NE					S		Nom	
13006007	7	der	PRON	PDS					S		Gen	
13006007	8	Sohn	NOUN	NN					S		Nom	M
13006007	9	Korah	PROPN	NE					S		Nom	F
13006007	10	der	PRON	PDS					S		Gen	
13006007	11	Sohn	NOUN	NN					S		Nom	M
13006007	12	Assir	PROPN	NE					S		Nom	
13006008	1	der	PRON	PDS					S		Gen	
13006008	2	Sohn	NOUN	NN					S		Nom	M
13006008	3	Elkana	PROPN	NE					S		Nom	F
13006008	4	und	CCONJ	KON								
13006008	5	der	PRON	PDS					S		Gen	
13006008	6	Sohn	NOUN	NN					S		Nom	M
13006008	7	Ebjasaph	NOUN	NN					S		Nom	F
13006008	8	und	CCONJ	KON								
13006008	9	der	PRON	PDS					S		Gen	
13006008	10	Sohn	NOUN	NN					S		Nom	M
13006008	11	Assir	PROPN	NE					S		Nom	
13006009	1	der	PRON	PDS					S		Gen	
13006009	2	Sohn	NOUN	NN					S		Nom	M
13006009	3	Tachath	NOUN	NN					S		Nom	M
13006009	4	der	PRON	PDS					S		Gen	
13006009	5	Sohn	NOUN	NN					S		Nom	M
13006009	6	Uriel	PROPN	NE					S		Nom	
13006009	7	der	PRON	PDS					S		Gen	
13006009	8	Sohn	NOUN	NN					S		Nom	M
13006009	9	Ussija	PROPN	NE					S		Nom	F
13006009	10	der	PRON	PDS					S		Gen	
13006009	11	Sohn	NOUN	NN					S		Nom	M
13006009	12	Saul	PROPN	NE					S		Nom	M
13006010	1	und	CCONJ	KON								
13006010	2	der	DET	ART					S		Nom	F
13006010	3	Sohn	NOUN	NN					P		Nom	M
13006010	4	Elkana	PROPN	NE					S		Gen	N
13006010	5	Amasai	NOUN	NN					S		Nom	M
13006010	6	und	CCONJ	KON								
13006010	7	Achimoth	PROPN	NE					S		Nom	
13006011	1	Elkana	PROPN	NE					S		Nom	F
13006011	2	der	DET	ART					S		Nom	F
13006011	3	Sohn	NOUN	NN					P		Nom	M
13006011	4	Elkana	PROPN	NE					S		Gen	N
13006011	5	der	PRON	PDS					S		Gen	
13006011	6	Sohn	NOUN	NN					S		Nom	M
13006011	7	Zophai	PROPN	NE					S		Nom	
13006011	8	und	CCONJ	KON								
13006011	9	der	PRON	PDS					S		Gen	
13006011	10	Sohn	NOUN	NN					S		Nom	M
13006011	11	Nachath	PROPN	NE					S		Nom	
13006012	1	der	PRON	PDS					S		Gen	
13006012	2	Sohn	NOUN	NN					S		Nom	M
13006012	3	Eliab	NOUN	NN					S		Nom	F
13006012	4	der	PRON	PDS					S		Gen	
13006012	5	Sohn	NOUN	NN					S		Nom	M
13006012	6	Jerocham	PROPN	NE					S		Nom	M
13006012	7	der	PRON	PDS					S		Gen	
13006012	8	Sohn	NOUN	NN					S		Nom	M
13006012	9	Elkana	PROPN	NE					S		Nom	F
13006013	1	und	CCONJ	KON								
13006013	2	der	DET	ART					S		Nom	F
13006013	3	Sohn	NOUN	NN					P		Nom	M
13006013	4	Samuel	PROPN	NE					S		Nom	
13006013	5	der	DET	ART					S		Nom	M
13006013	6	Erstgeborene	NOUN	NN					S		Nom	F
13006013	7	Waschni	PROPN	NE					S		Nom	M
13006013	8	und	CCONJ	KON								
13006013	9	Abija	PROPN	NE					S		Nom	F
13006014	1	der	DET	ART					S		Nom	F
13006014	2	Sohn	NOUN	NN					P		Nom	M
13006014	3	Merari	PROPN	NE					S		Gen	
13006014	4	Machli	NOUN	NN					P		Gen	N
13006014	5	der	PRON	PDS					S		Gen	
13006014	6	Sohn	NOUN	NN					S		Nom	M
13006014	7	Libni	PROPN	NE					S		Nom	
13006014	8	der	PRON	PDS					S		Gen	
13006014	9	Sohn	NOUN	NN					S		Nom	M
13006014	10	Simei	NOUN	NN					S		Nom	M
13006014	11	der	PRON	PDS					S		Gen	
13006014	12	Sohn	NOUN	NN					S		Nom	M
13006014	13	ussa	NOUN	NN					S		Nom	F
13006015	1	der	PRON	PDS					S		Gen	
13006015	2	Sohn	NOUN	NN					S		Nom	M
13006015	3	Schimea	PROPN	NE					S		Nom	
13006015	4	der	PRON	PDS					S		Gen	
13006015	5	Sohn	NOUN	NN					S		Nom	M
13006015	6	Haggija	PROPN	NE					S		Nom	F
13006015	7	der	PRON	PDS					S		Gen	
13006015	8	Sohn	NOUN	NN					S		Nom	M
13006015	9	Asaja	PROPN	NE					S		Nom	
13006016	1	und	CCONJ	KON								
13006016	2	dieser	DET	PDAT					S		Nom	F
13006016	3	sein	AUX	VAFIN		Fin	Pres	3	P	Ind		
13006016	4	es	PRON	PPER				3	S		Nom	N
13006016	5	welcher	DET	PWAT					S		Nom	F
13006016	6	David	PROPN	NE					S		Nom	M
13006016	7	zu	ADP	APPRART					S		Dat	F
13006016	8	Leitung	NOUN	NN					S		Nom	F
13006016	9	der	DET	ART					S		Gen	M
13006016	10	Gesange	NOUN	NN					S		Gen	M
13006016	11	in	ADP	APPRART					S		Dat	N
13006016	12	Haus	NOUN	NN					P		Nom	N
13006016	13	Jahwe	PROPN	NE					S		Gen	
13006016	14	anstelln	VERB	VVFIN		Fin	Past	3	S	Ind		
13006016	15	seitdem	ADV	PROAV								
13006016	16	der	DET	ART					S		Nom	F
13006016	17	lade	NOUN	NN					S		Nom	F
13006016	18	ein	DET	ART					S		Acc	M
13006016	19	Ruheplatz	NOUN	NN					S		Nom	M
13006016	20	haben	AUX	VAFIN		Fin	Past	3	S	Ind		
13006017	1	und	CCONJ	KON								
13006017	2	sie	PRON	PPER				3	P		Nom	
13006017	3	verrichteen	VERB	VVFIN		Fin	Past	3	P	Ind		
13006017	4	der	DET	ART					S		Acc	M
13006017	5	Dienst	NOUN	NN					S		Nom	M
13006017	6	vor	ADP	APPR								
13006017	7	der	DET	ART					S		Nom	M
13006017	8	Wohnung	NOUN	NN					S		Nom	F
13006017	9	der	DET	ART					S		Gen	M
13006017	10	Zelt	NOUN	NN					S		Nom	N
13006017	11	der	DET	ART					S		Nom	M
13006017	12	Zusammenkunft	NOUN	NN					S		Nom	F
13006017	13	bei	ADP	APPRART					S		Dat	M
13006017	14	Gesang	NOUN	NN					S		Nom	M
13006017	15	bis	CCONJ	KON								
13006017	16	Salomo	PROPN	NE					S		Nom	M
13006017	17	der	DET	ART					S		Nom	N
13006017	18	Haus	NOUN	NN					S		Nom	N
13006017	19	Jahwe	PROPN	NE					S		Gen	
13006017	20	zu	ADP	PTKVZ								
13006017	21	Jerusalem	PROPN	NE					S		Nom	N
13006017	22	bauen	VERB	VVPP		Part						
13006017	23	haben	AUX	VAFIN		Fin	Past	3	S	Ind		
13006017	24	und	CCONJ	KON								
13006017	25	sie	PRON	PPER				3	P		Nom	
13006017	26	stehen	VERB	VVFIN		Fin	Past	3	P	Ind		
13006017	27	nach	ADP	APPR								
13006017	28	ihr	DET	PPOSAT					S		Dat	F
13006017	29	Ordnung	NOUN	NN					S		Nom	F
13006017	30	ihr	DET	PPOSAT					S		Dat	N
13006017	31	Dienst	NOUN	NN					P		Nom	M
13006017	32	vor	ADP	APPR								
13006018	1	und	CCONJ	KON								
13006018	2	dieser	DET	PDAT					S		Nom	F
13006018	3	sein	AUX	VAFIN		Fin	Pres	3	P	Ind		
13006018	4	es	PRON	PPER				3	S		Nom	N
13006018	5	der	DET	ART					S		Nom	F
13006018	6	da	ADV	ADV								
13006018	7	stehen	VERB	VVFIN		Fin	Past	3	P	Ind		
13006018	8	und	CCONJ	KON								
13006018	9	ihr	DET	PPOSAT					S		Nom	F
13006018	10	Sohn	NOUN	NN					P		Nom	M
13006018	11	von	ADP	APPR								
13006018	12	der	DET	ART					S		Acc	M
13006018	13	Söhn	NOUN	NN					P		Dat	M
13006018	14	der	DET	ART					S		Nom	M
13006018	15	Kehathiter	NOUN	NN					P		Nom	M
13006018	16	Heman	PROPN	NE					S		Nom	
13006018	17	der	DET	ART					S		Nom	M
13006018	18	Sänger	NOUN	NN					P		Nom	M
13006018	19	der	DET	ART					S		Nom	M
13006018	20	Sohn	NOUN	NN					S		Nom	M
13006018	21	Joel	PROPN	NE					S		Gen	
13006018	22	der	DET	ART					S		Gen	M
13006018	23	Sohn	PROPN	NE					S		Gen	M
13006018	24	Samuel	PROPN	NE					S		Nom	
13006019	1	der	DET	ART					S		Gen	M
13006019	2	Sohn	PROPN	NE					S		Gen	M
13006019	3	Elkana	PROPN	NE					S		Gen	N
13006019	4	der	DET	ART					S		Gen	M
13006019	5	Sohn	PROPN	NE					S		Gen	M
13006019	6	Jerocham	PROPN	NE					S		Gen	
13006019	7	der	DET	ART					S		Gen	M
13006019	8	Sohn	PROPN	NE					S		Gen	M
13006019	9	Eliel	PROPN	NN					S		Nom	
13006019	10	der	DET	ART					S		Gen	M
13006019	11	Sohn	PROPN	NE					S		Gen	M
13006019	12	Toach	PROPN	NE					S		Gen	N
13006020	1	der	DET	ART					S		Gen	M
13006020	2	Sohn	PROPN	NE					S		Gen	M
13006020	3	Zuphs	NOUN	NE					S		Nom	F
13006020	4	der	DET	ART					S		Gen	M
13006020	5	Sohn	PROPN	NE					S		Gen	M
13006020	6	Elkana	PROPN	NE					S		Gen	N
13006020	7	der	DET	ART					S		Gen	M
13006020	8	Sohn	PROPN	NE					S		Gen	M
13006020	9	Machath	PROPN	NE					S		Gen	
13006020	10	der	DET	ART					S		Gen	M
13006020	11	Sohn	PROPN	NE					S		Gen	M
13006020	12	Amasais	PROPN	NE					S		Nom	M
13006021	1	der	DET	ART					S		Gen	M
13006021	2	Sohn	PROPN	NE					S		Gen	M
13006021	3	Elkana	PROPN	NE					S		Gen	N
13006021	4	der	DET	ART					S		Gen	M
13006021	5	Sohn	PROPN	NE					S		Gen	M
13006021	6	Joel	PROPN	NE					S		Gen	
13006021	7	der	DET	ART					S		Gen	M
13006021	8	Sohn	PROPN	NE					S		Gen	M
13006021	9	Asarja	PROPN	NE					S		Nom	
13006021	10	der	DET	ART					S		Gen	M
13006021	11	Sohn	PROPN	NE					S		Gen	M
13006021	12	Zephanjas	NOUN	NN					S		Nom	N
13006022	1	der	DET	ART					S		Gen	M
13006022	2	Sohn	PROPN	NE					S		Gen	M
13006022	3	Tachath	PROPN	NE					S		Gen	
13006022	4	der	DET	ART					S		Gen	M
13006022	5	Sohn	PROPN	NE					S		Gen	M
13006022	6	Assir	PROPN	NE					S		Gen	
13006022	7	der	DET	ART					S		Gen	M
13006022	8	Sohn	PROPN	NE					S		Gen	M
13006022	9	Ebjasaphs	NOUN	NE					S		Nom	F
13006022	10	der	DET	ART					S		Gen	M
13006022	11	Sohn	PROPN	NE					S		Gen	M
13006022	12	Korah	PROPN	NE					S		Gen	M
13006023	1	der	DET	ART					S		Gen	M
13006023	2	Sohn	PROPN	NE					S		Gen	M
13006023	3	Jizhar	PROPN	NE					S		Gen	
13006023	4	der	DET	ART					S		Gen	M
13006023	5	Sohn	PROPN	NE					S		Gen	M
13006023	6	Kehath	PROPN	NE					S		Gen	
13006023	7	der	DET	ART					S		Gen	M
13006023	8	Sohn	PROPN	NE					S		Gen	M
13006023	9	Levis	PROPN	NE								F
13006023	10	der	DET	ART					S		Gen	M
13006023	11	Sohn	PROPN	NE					S		Gen	M
13006023	12	Israel	PROPN	NE					S		Gen	N
13006024	1	und	CCONJ	KON								
13006024	2	sein	AUX	VAINF		Inf						
13006024	3	Bruder	NOUN	NN					S		Nom	M
13006024	4	Asaph	PROPN	NE					S		Nom	
13006024	5	der	DET	ART					S		Nom	M
13006024	6	zu	ADP	PTKVZ								
13006024	7	sein	DET	PPOSAT					S		Dat	F
13006024	8	rechte	NOUN	NN					P		Nom	F
13006024	9	stehen	VERB	VVFIN		Fin	Past	3	S	Ind		
13006024	10	Asaph	PROPN	NE					S		Nom	
13006024	11	der	DET	ART					S		Nom	M
13006024	12	Sohn	NOUN	NN					S		Nom	M
13006024	13	Berekjas	NOUN	NN					S		Nom	F
13006024	14	der	DET	ART					S		Gen	M
13006024	15	Sohn	PROPN	NE					S		Gen	M
13006024	16	Schimea	PROPN	NE					S		Gen	
13006025	1	der	DET	ART					S		Gen	M
13006025	2	Sohn	PROPN	NE					S		Gen	M
13006025	3	Michaels	PROPN	NE					S		Nom	
13006025	4	der	DET	ART					S		Gen	M
13006025	5	Sohn	PROPN	NE					S		Gen	M
13006025	6	Baasejas	NOUN	NN					S		Nom	F
13006025	7	der	DET	ART					S		Gen	M
13006025	8	Sohn	PROPN	NE					S		Gen	M
13006025	9	Malkijas	NOUN	NN					S		Nom	F
13006026	1	der	DET	ART					S		Gen	M
13006026	2	Sohn	PROPN	NE					S		Gen	M
13006026	3	Ethnis	ADV	NE	Pos							
13006026	4	der	DET	ART					S		Gen	M
13006026	5	Sohn	PROPN	NE					S		Gen	M
13006026	6	Serach	PROPN	NE					S		Gen	
13006026	7	der	DET	ART					S		Gen	M
13006026	8	Sohn	PROPN	NE					S		Gen	M
13006026	9	Adajas	PROPN	NE					S		Nom	
13006027	1	der	DET	ART					S		Gen	M
13006027	2	Sohn	PROPN	NE					S		Gen	M
13006027	3	Ethan	PROPN	NE					S		Gen	M
13006027	4	der	DET	ART					S		Gen	M
13006027	5	Sohn	PROPN	NE					S		Gen	M
13006027	6	Simmas	NOUN	NN					S		Nom	F
13006027	7	der	DET	ART					S		Gen	M
13006027	8	Sohn	PROPN	NE					S		Gen	M
13006027	9	Simeis	NOUN	NN					S		Nom	M
13006028	1	der	DET	ART					S		Gen	M
13006028	2	Sohn	PROPN	NE					S		Gen	M
13006028	3	Jachath	PROPN	NE					S		Gen	
13006028	4	der	DET	ART					S		Gen	M
13006028	5	Sohn	PROPN	NE					S		Gen	M
13006028	6	Gersom	PROPN	NE					S		Nom	
13006028	7	der	DET	ART					S		Gen	M
13006028	8	Sohn	PROPN	NE					S		Gen	M
13006028	9	Levis	PROPN	NE								F
13006029	1	und	CCONJ	KON								
13006029	2	der	DET	ART					S		Nom	F
13006029	3	Sohn	NOUN	NN					P		Nom	M
13006029	4	Merari	PROPN	NE					S		Gen	
13006029	5	ihr	DET	PPOSAT					S		Nom	F
13006029	6	Bruder	NOUN	NN					P		Nom	M
13006029	7	stehen	VERB	VVFIN		Fin	Past	3	P	Ind		
13006029	8	zu	ADP	APPRART					S		Dat	F
13006029	9	linke	NOUN	NN					P		Dat	
13006029	10	Ethan	PROPN	NE					S		Nom	M
13006029	11	der	DET	ART					S		Nom	M
13006029	12	Sohn	NOUN	NN					S		Nom	M
13006029	13	Kischi	PROPN	NE					S		Gen	M
13006029	14	der	DET	ART					S		Gen	M
13006029	15	Sohn	PROPN	NE					S		Gen	M
13006029	16	Abdis	NOUN	NN					P		Nom	M
13006029	17	der	DET	ART					S		Gen	M
13006029	18	Sohn	PROPN	NE					S		Gen	M
13006029	19	Malluks	PROPN	NE					S		Nom	
13006030	1	der	DET	ART					S		Gen	M
13006030	2	Sohn	PROPN	NE					S		Gen	M
13006030	3	Haschabjas	NOUN	NN					S		Nom	F
13006030	4	der	DET	ART					S		Gen	M
13006030	5	Sohn	PROPN	NE					S		Gen	M
13006030	6	Amazjas	NOUN	NN					S		Nom	F
13006030	7	der	DET	ART					S		Gen	M
13006030	8	Sohn	PROPN	NE					S		Gen	M
13006030	9	Hilkijas	NOUN	NN					S		Nom	F
13006031	1	der	DET	ART					S		Gen	M
13006031	2	Sohn	PROPN	NE					S		Gen	M
13006031	3	Amzi	X	FM								
13006031	4	der	DET	ART					S		Gen	M
13006031	5	Sohn	PROPN	NE					S		Gen	M
13006031	6	Bani	NOUN	NN					S		Nom	F
13006031	7	der	DET	ART					S		Gen	M
13006031	8	Sohn	PROPN	NE					S		Gen	M
13006031	9	Schemer	PROPN	NE					S		Gen	
13006032	1	der	DET	ART					S		Gen	M
13006032	2	Sohn	PROPN	NE					S		Gen	M
13006032	3	Machli	PROPN	NE					S		Gen	
13006032	4	der	DET	ART					S		Gen	M
13006032	5	Sohn	PROPN	NE					S		Gen	M
13006032	6	Musis	NOUN	NN					S		Nom	F
13006032	7	der	DET	ART					S		Gen	M
13006032	8	Sohn	PROPN	NE					S		Gen	M
13006032	9	Merari	PROPN	NE					S		Gen	
13006032	10	der	DET	ART					S		Gen	M
13006032	11	Sohn	PROPN	NE					S		Gen	M
13006032	12	Levis	PROPN	NE								F
13006033	1	und	CCONJ	KON								
13006033	2	ihr	DET	PPOSAT					S		Nom	F
13006033	3	Bruder	NOUN	NN					P		Nom	M
13006033	4	der	DET	ART					S		Nom	F
13006033	5	Levit	NOUN	NN					P		Nom	M
13006033	6	sein	AUX	VAFIN		Fin	Past	3	P	Ind		
13006033	7	geben	VERB	VVPP		Part						
13006033	8	zu	ADP	PTKVZ								
13006033	9	alle	PRON	PIS					S		Dat	N
13006033	10	Dienst	NOUN	NN					S		Nom	M
13006033	11	der	DET	ART					S		Nom	M
13006033	12	Wohnung	NOUN	NN					S		Nom	F
13006033	13	der	DET	ART					S		Gen	M
13006033	14	Haus	NOUN	NN					S		Gen	N
13006033	15	Gott	NOUN	NN					S		Gen	M
13006034	1	und	CCONJ	KON								
13006034	2	Aaron	PROPN	NE					S		Nom	M
13006034	3	und	CCONJ	KON								
13006034	4	sein	DET	PPOSAT					S		Nom	F
13006034	5	Sohn	NOUN	NN					P		Nom	M
13006034	6	Räuchert	VERB	VVFIN		Fin	Past	3	P	Ind		
13006034	7	auf	ADP	PTKVZ								
13006034	8	der	DET	ART					S		Dat	M
13006034	9	Brandopferaltar	PROPN	NE					S		Nom	
13006034	10	und	CCONJ	KON								
13006034	11	auf	ADP	PTKVZ								
13006034	12	der	DET	ART					S		Dat	M
13006034	13	Räucheraltar	NOUN	NE					S		Nom	M
13006034	14	nach	ADP	APPR								
13006034	15	alle	PRON	PIS					S		Dat	N
13006034	16	Geschäft	NOUN	NN					S		Nom	N
13006034	17	der	DET	ART					S		Gen	M
13006034	18	Allerheiligsten	NOUN	NN					S		Nom	N
13006034	19	und	CCONJ	KON								
13006034	20	um	ADP	APPR								
13006034	21	Sühnung	NOUN	NN					S		Nom	F
13006034	22	zu	ADP	PTKVZ								
13006034	23	tun	VERB	VVINF		Inf						
13006034	24	für	ADP	APPR								
13006034	25	Israel	PROPN	NE					S		Nom	N
13006034	26	nach	ADP	APPR								
13006034	27	alle	PRON	PIS					S		Dat	N
13006034	28	was	PRON	PWS					S		Nom	N
13006034	29	Mose	PROPN	NE					S		Nom	
13006034	30	der	DET	ART					S		Nom	M
13006034	31	Knecht	NOUN	NN					S		Nom	M
13006034	32	Gott	NOUN	NN					S		Gen	M
13006034	33	gebieten	VERB	VVPP		Part						
13006034	34	haben	AUX	VAFIN		Fin	Past	3	S	Ind		
13006035	1	und	CCONJ	KON								
13006035	2	dieser	PRON	PDS					S		Nom	N
13006035	3	sein	AUX	VAFIN		Fin	Past	3	P	Ind		
13006035	4	der	DET	ART					S		Nom	F
13006035	5	Sohn	NOUN	NN					P		Nom	M
13006035	6	Aaron	PROPN	NE					S		Gen	
13006035	7	der	PRON	PDS					S		Gen	
13006035	8	Sohn	NOUN	NN					S		Nom	M
13006035	9	Eleasar	NOUN	NN					S		Nom	M
13006035	10	der	PRON	PDS					S		Gen	
13006035	11	Sohn	NOUN	NN					S		Nom	M
13006035	12	Pineha	PROPN	NE					S		Gen	
13006035	13	der	PRON	PDS					S		Gen	
13006035	14	Sohn	NOUN	NN					S		Nom	M
13006035	15	Abischua	PROPN	NE					S		Nom	
13006036	1	der	PRON	PDS					S		Gen	
13006036	2	Sohn	NOUN	NN					S		Nom	M
13006036	3	Bukki	PROPN	NE					S		Nom	
13006036	4	der	PRON	PDS					S		Gen	
13006036	5	Sohn	NOUN	NN					S		Nom	M
13006036	6	Ussi	PROPN	NE					S		Nom	
13006036	7	der	PRON	PDS					S		Gen	
13006036	8	Sohn	NOUN	NN					S		Nom	M
13006036	9	Serachja	PROPN	NE					S		Nom	
13006037	1	der	PRON	PDS					S		Gen	
13006037	2	Sohn	NOUN	NN					S		Nom	M
13006037	3	Merajoth	PROPN	NE					S		Nom	F
13006037	4	der	PRON	PDS					S		Gen	
13006037	5	Sohn	NOUN	NN					S		Nom	M
13006037	6	Amarja	PROPN	NN					S		Nom	
13006037	7	der	PRON	PDS					S		Gen	
13006037	8	Sohn	NOUN	NN					S		Nom	M
13006037	9	Ahitub	PROPN	NE					S		Nom	
13006038	1	der	PRON	PDS					S		Gen	
13006038	2	Sohn	NOUN	NN					S		Nom	M
13006038	3	Zadok	NOUN	NE					P		Nom	M
13006038	4	der	PRON	PDS					S		Gen	
13006038	5	Sohn	NOUN	NN					S		Nom	M
13006038	6	Achimaaz	PROPN	NE					S		Nom	
13006039	1	und	CCONJ	KON								
13006039	2	dieser	PRON	PDS					S		Nom	N
13006039	3	sein	AUX	VAFIN		Fin	Past	3	P	Ind		
13006039	4	ihr	DET	PPOSAT					S		Nom	F
13006039	5	Wohnsitze	NOUN	NN					P		Nom	M
13006039	6	nach	ADP	APPR								
13006039	7	ihr	DET	PPOSAT					S		Acc	M
13006039	8	Gehöfte	NOUN	NN					P		Nom	F
13006039	9	in	ADP	APPR								
13006039	10	ihr	DET	PPOSAT					S		Acc	M
13006039	11	Grenze	NOUN	NN					P		Nom	F
13006039	12	der	DET	ART					S		Acc	M
13006039	13	Söhn	NOUN	NN					P		Dat	M
13006039	14	Aaron	PROPN	NE					S		Gen	
13006039	15	von	ADP	APPR								
13006039	16	der	DET	ART					S		Dat	M
13006039	17	Geschlecht	NOUN	NN					S		Nom	N
13006039	18	der	DET	ART					S		Nom	M
13006039	19	Kehathiter	NOUN	NN					P		Nom	M
13006039	20	denn	CCONJ	KON								
13006039	21	für	ADP	APPR								
13006039	22	sie	PRON	PPER				3	P		Nom	
13006039	23	sein	AUX	VAFIN		Fin	Past	3	S	Ind		
13006039	24	der	DET	ART					S		Nom	N
13006039	25	erster	ADJ	ADJA	Pos				S		Nom	F
13006039	26	Los	NOUN	NE					S		Nom	N
13006040	1	ihnen	PRON	PPER				3	P		Dat	
13006040	2	geben	VERB	VVFIN		Fin	Past	3	P	Ind		
13006040	3	sie	PRON	PPER				3	P		Nom	
13006040	4	Hebron	PROPN	NE					S		Nom	N
13006040	5	in	ADP	APPRART					S		Dat	N
13006040	6	Land	NOUN	NN					P		Nom	N
13006040	7	Juda	PROPN	NE					S		Nom	M
13006040	8	und	CCONJ	KON								
13006040	9	sein	DET	PPOSAT					S		Nom	F
13006040	10	Bezirk	NOUN	NN					P		Nom	M
13006040	11	rings	ADV	ADV								
13006040	12	um	ADP	APPR								
13006040	13	Dasselbe	DET	PDAT					S		Nom	N
13006040	14	her	ADV	ADV								
13006041	1	aber	CCONJ	KON								
13006041	2	der	DET	ART					S		Nom	N
13006041	3	Feld	NOUN	NN					S		Nom	N
13006041	4	der	DET	ART					S		Nom	M
13006041	5	Stadt	NOUN	NN					S		Nom	F
13006041	6	und	CCONJ	KON								
13006041	7	ihr	DET	PPOSAT					S		Nom	F
13006041	8	Dorf	NOUN	NN					P		Nom	N
13006041	9	geben	VERB	VVFIN		Fin	Past	3	P	Ind		
13006041	10	sie	PRON	PPER				3	P		Nom	
13006041	11	Kaleb	NOUN	NN					S		Nom	M
13006041	12	der	DET	ART					S		Dat	M
13006041	13	Sohn	NOUN	NN					S		Acc	M
13006041	14	Jephunne	PROPN	NE					S		Gen	
13006042	1	und	CCONJ	KON								
13006042	2	sie	PRON	PPER				3	P		Nom	
13006042	3	geben	VERB	VVFIN		Fin	Past	3	P	Ind		
13006042	4	der	DET	ART					S		Acc	M
13006042	5	Söhn	NOUN	NN					P		Dat	M
13006042	6	Aaron	PROPN	NE					S		Gen	
13006042	7	der	DET	ART					S		Nom	F
13006042	8	Zufluchtstadt	NOUN	NN					S		Nom	F
13006042	9	Hebron	PROPN	NE					S		Nom	N
13006042	10	und	CCONJ	KON								
13006042	11	Libna	NOUN	NN					S		Nom	F
13006042	12	und	CCONJ	KON								
13006042	13	sein	DET	PPOSAT					S		Nom	F
13006042	14	Bezirk	NOUN	NN					P		Nom	M
13006042	15	und	CCONJ	KON								
13006042	16	Jattir	PROPN	NE					S		Nom	N
13006042	17	und	CCONJ	KON								
13006042	18	Estemoa	NOUN	NE					S		Nom	N
13006042	19	und	CCONJ	KON								
13006042	20	sein	DET	PPOSAT					S		Nom	F
13006042	21	Bezirk	NOUN	NN					P		Nom	M
13006043	1	und	CCONJ	KON								
13006043	2	Hile	NOUN	NN					P		Nom	F
13006043	3	und	CCONJ	KON								
13006043	4	sein	DET	PPOSAT					S		Nom	F
13006043	5	Bezirk	NOUN	NN					P		Nom	M
13006043	6	Debir	PROPN	NE					S		Gen	
13006043	7	und	CCONJ	KON								
13006043	8	sein	DET	PPOSAT					S		Nom	F
13006043	9	Bezirk	NOUN	NN					P		Nom	M
13006044	1	und	CCONJ	KON								
13006044	2	Aschan	PROPN	NE					S		Nom	
13006044	3	und	CCONJ	KON								
13006044	4	sein	DET	PPOSAT					S		Nom	F
13006044	5	Bezirk	NOUN	NN					P		Nom	M
13006044	6	und	CCONJ	KON								
13006044	7	Beth-Seme	NOUN	NN								
13006044	8	und	CCONJ	KON								
13006044	9	sein	DET	PPOSAT					S		Nom	F
13006044	10	Bezirk	NOUN	NN					P		Nom	M
13006045	1	und	CCONJ	KON								
13006045	2	von	ADP	APPRART					S		Dat	N
13006045	3	Stamm	NOUN	NN					P		Nom	M
13006045	4	Benjamin	PROPN	NE					S		Nom	M
13006045	5	Geba	PROPN	NE					S		Nom	
13006045	6	und	CCONJ	KON								
13006045	7	sein	DET	PPOSAT					S		Nom	F
13006045	8	Bezirk	NOUN	NN					P		Nom	M
13006045	9	und	CCONJ	KON								
13006045	10	Allemeth	PROPN	NE					S		Nom	
13006045	11	und	CCONJ	KON								
13006045	12	sein	DET	PPOSAT					S		Nom	F
13006045	13	Bezirk	NOUN	NN					P		Nom	M
13006045	14	und	CCONJ	KON								
13006045	15	Anathoth	PROPN	NE					S		Nom	F
13006045	16	und	CCONJ	KON								
13006045	17	sein	DET	PPOSAT					S		Nom	F
13006045	18	Bezirk	NOUN	NN					P		Nom	M
13006045	19	alle	PRON	PIS					P		Nom	
13006045	20	ihr	DET	PPOSAT					S		Nom	F
13006045	21	Stadt	NOUN	NN					P		Nom	F
13006045	22	dreizehn	NUM	CARD								
13006045	23	Stadt	NOUN	NN					P		Nom	F
13006045	24	nach	ADP	APPR								
13006045	25	ihr	DET	PPOSAT					S		Acc	M
13006045	26	Familie	NOUN	NN					P		Nom	F
13006046	1	und	CCONJ	KON								
13006046	2	der	DET	ART					S		Acc	M
13006046	3	übrig	ADJ	ADJA	Pos				S		Dat	N
13006046	4	Söhn	NOUN	NN					P		Dat	M
13006046	5	Kehath	PROPN	NE					S		Gen	
13006046	6	geben	VERB	VVFIN		Fin	Past	3	P	Ind		
13006046	7	sie	PRON	PPER				3	P		Nom	
13006046	8	von	ADP	APPR								
13006046	9	der	DET	ART					S		Dat	M
13006046	10	Geschlecht	NOUN	NN					S		Nom	N
13006046	11	der	DET	ART					S		Gen	M
13006046	12	Stamme	NOUN	NN					P		Nom	M
13006046	13	Ephraim	NOUN	NN					P		Nom	M
13006046	14	und	CCONJ	KON								
13006046	15	von	ADP	APPRART					S		Dat	N
13006046	16	Stamm	NOUN	NN					P		Nom	M
13006046	17	Dan	PROPN	NE					S		Nom	M
13006046	18	und	CCONJ	KON								
13006046	19	von	ADP	APPR								
13006046	20	der	DET	ART					S		Nom	M
13006046	21	Hälfte	NOUN	NN					S		Nom	F
13006046	22	der	DET	ART					S		Gen	M
13006046	23	Stamme	NOUN	NN					P		Nom	M
13006046	24	Manasse	PROPN	NE					S		Nom	
13006046	25	durch	ADP	APPRART					S		Acc	N
13006046	26	Los	NOUN	NE					S		Nom	N
13006046	27	zehn	NUM	CARD								
13006046	28	Stadt	NOUN	NN					P		Nom	F
13006047	1	und	CCONJ	KON								
13006047	2	der	DET	ART					S		Acc	M
13006047	3	Söhn	NOUN	NN					P		Dat	M
13006047	4	Gersom	PROPN	NE					S		Nom	
13006047	5	nach	ADP	APPR								
13006047	6	ihr	DET	PPOSAT					S		Acc	M
13006047	7	Familie	NOUN	NN					P		Nom	F
13006047	8	von	ADP	APPRART					S		Dat	N
13006047	9	Stamm	NOUN	NN					P		Nom	M
13006047	10	Issaschar	PROPN	NE					S		Nom	
13006047	11	und	CCONJ	KON								
13006047	12	von	ADP	APPRART					S		Dat	N
13006047	13	Stamm	NOUN	NN					P		Nom	M
13006047	14	Aser	PROPN	NE					S		Nom	
13006047	15	und	CCONJ	KON								
13006047	16	von	ADP	APPRART					S		Dat	N
13006047	17	Stamm	NOUN	NN					P		Nom	M
13006047	18	Naphtali	PROPN	NE					S		Nom	
13006047	19	und	CCONJ	KON								
13006047	20	von	ADP	APPRART					S		Dat	N
13006047	21	Stamm	NOUN	NN					P		Nom	M
13006047	22	Manasse	PROPN	NE					S		Nom	
13006047	23	in	ADP	APPR								
13006047	24	Basan	PROPN	NE					S		Nom	N
13006047	25	dreizehn	NUM	CARD								
13006047	26	Stadt	NOUN	NN					P		Nom	F
13006048	1	der	DET	ART					S		Acc	M
13006048	2	Söhn	NOUN	NN					P		Dat	M
13006048	3	Merari	PROPN	NE					S		Gen	
13006048	4	nach	ADP	APPR								
13006048	5	ihr	DET	PPOSAT					S		Acc	M
13006048	6	Familie	NOUN	NN					P		Nom	F
13006048	7	von	ADP	APPRART					S		Dat	N
13006048	8	Stamm	NOUN	NN					P		Nom	M
13006048	9	Ruben	PROPN	NE					S		Nom	M
13006048	10	und	CCONJ	KON								
13006048	11	von	ADP	APPRART					S		Dat	N
13006048	12	Stamm	NOUN	NN					P		Nom	M
13006048	13	Gad	PROPN	NE					S		Nom	M
13006048	14	und	CCONJ	KON								
13006048	15	von	ADP	APPRART					S		Dat	N
13006048	16	Stamm	NOUN	NN					P		Nom	M
13006048	17	Sebulon	PROPN	NE					S		Nom	M
13006048	18	durch	ADP	APPRART					S		Acc	N
13006048	19	Los	NOUN	NE					S		Nom	N
13006048	20	zwölf	NUM	CARD								
13006048	21	Stadt	NOUN	NN					P		Nom	F
13006049	1	und	CCONJ	KON								
13006049	2	der	DET	ART					S		Nom	F
13006049	3	Kind	NOUN	NN					P		Nom	N
13006049	4	Israel	PROPN	NE					S		Nom	N
13006049	5	geben	VERB	VVFIN		Fin	Past	3	P	Ind		
13006049	6	der	DET	ART					S		Acc	M
13006049	7	Levit	NOUN	NN					P		Nom	M
13006049	8	der	DET	ART					S		Nom	F
13006049	9	Stadt	NOUN	NN					P		Nom	F
13006049	10	und	CCONJ	KON								
13006049	11	ihr	DET	PPOSAT					S		Nom	F
13006049	12	Bezirk	NOUN	NN					P		Nom	M
13006050	1	und	CCONJ	KON								
13006050	2	zwar	ADV	ADV								
13006050	3	geben	VERB	VVFIN		Fin	Past	3	P	Ind		
13006050	4	sie	PRON	PPER				3	P		Nom	
13006050	5	durch	ADP	APPRART					S		Acc	N
13006050	6	Los	NOUN	NE					S		Nom	N
13006050	7	von	ADP	APPRART					S		Dat	N
13006050	8	Stamm	NOUN	NN					P		Nom	M
13006050	9	der	DET	ART					S		Nom	M
13006050	10	Kind	NOUN	NN					P		Nom	N
13006050	11	Juda	PROPN	NE					S		Nom	M
13006050	12	und	CCONJ	KON								
13006050	13	von	ADP	APPRART					S		Dat	N
13006050	14	Stamm	NOUN	NN					P		Nom	M
13006050	15	der	DET	ART					S		Nom	M
13006050	16	Kind	NOUN	NN					P		Nom	N
13006050	17	Simeon	PROPN	NE					S		Nom	M
13006050	18	und	CCONJ	KON								
13006050	19	von	ADP	APPRART					S		Dat	N
13006050	20	Stamm	NOUN	NN					P		Nom	M
13006050	21	der	DET	ART					S		Nom	M
13006050	22	Kind	NOUN	NN					P		Nom	N
13006050	23	Benjamin	PROPN	NE					S		Nom	M
13006050	24	dieser	DET	PDAT					S		Nom	F
13006050	25	Stadt	NOUN	NN					P		Nom	F
13006050	26	der	DET	ART					S		Nom	F
13006050	27	sie	PRON	PPER				3	P		Nom	
13006050	28	mit	ADP	APPR								
13006050	29	Name	NOUN	NN					P		Nom	M
13006050	30	nennen	VERB	VVFIN		Fin	Past	3	P	Ind		
13006051	1	und	CCONJ	KON								
13006051	2	der	DET	ART					S		Nom	F
13006051	3	übrig	ADJ	ADJA	Pos				S		Dat	N
13006051	4	von	ADP	APPR								
13006051	5	der	DET	ART					S		Acc	M
13006051	6	Familie	NOUN	NN					P		Nom	F
13006051	7	der	DET	ART					S		Nom	M
13006051	8	Sohn	NOUN	NN					P		Nom	M
13006051	9	Kehath	PROPN	NE					S		Gen	
13006051	10	erhalten	VERB	VVFIN		Fin	Past	3	P	Ind		
13006051	11	der	DET	ART					S		Nom	F
13006051	12	Stadt	NOUN	NN					P		Nom	F
13006051	13	ihr	DET	PPOSAT					S		Gen	M
13006051	14	Gebiet	NOUN	NN					S		Gen	N
13006051	15	von	ADP	APPRART					S		Dat	N
13006051	16	Stamm	NOUN	NN					P		Nom	M
13006051	17	Ephraim	NOUN	NN					P		Nom	M
13006052	1	und	CCONJ	KON								
13006052	2	sie	PRON	PPER				3	P		Nom	
13006052	3	geben	VERB	VVFIN		Fin	Past	3	P	Ind		
13006052	4	ihnen	PRON	PPER				3	P		Dat	
13006052	5	der	DET	ART					S		Nom	F
13006052	6	Zufluchtstadt	NOUN	NN					S		Nom	F
13006052	7	Sichem	PROPN	NE					S		Nom	M
13006052	8	und	CCONJ	KON								
13006052	9	ihr	DET	PPOSAT					S		Nom	F
13006052	10	Bezirk	NOUN	NN					P		Nom	M
13006052	11	in	ADP	APPRART					S		Dat	N
13006052	12	Gebirge	NOUN	NN					S		Nom	N
13006052	13	Ephraim	NOUN	NN					P		Nom	M
13006052	14	und	CCONJ	KON								
13006052	15	Geser	PROPN	NE					S		Nom	
13006052	16	und	CCONJ	KON								
13006052	17	sein	DET	PPOSAT					S		Nom	F
13006052	18	Bezirk	NOUN	NN					P		Nom	M
13006053	1	und	CCONJ	KON								
13006053	2	Jokmeam	NOUN	NN					S		Nom	N
13006053	3	und	CCONJ	KON								
13006053	4	sein	DET	PPOSAT					S		Nom	F
13006053	5	Bezirk	NOUN	NN					P		Nom	M
13006053	6	und	CCONJ	KON								
13006053	7	Beth-Horon	PROPN	NE					S		Nom	
13006053	8	und	CCONJ	KON								
13006053	9	sein	DET	PPOSAT					S		Nom	F
13006053	10	Bezirk	NOUN	NN					P		Nom	M
13006054	1	und	CCONJ	KON								
13006054	2	Ajalon	NOUN	NN					S		Nom	N
13006054	3	und	CCONJ	KON								
13006054	4	sein	DET	PPOSAT					S		Nom	F
13006054	5	Bezirk	NOUN	NN					P		Nom	M
13006054	6	und	CCONJ	KON								
13006054	7	Gath-Rimmon	PROPN	NN					S		Nom	
13006054	8	und	CCONJ	KON								
13006054	9	sein	DET	PPOSAT					S		Nom	F
13006054	10	Bezirk	NOUN	NN					P		Nom	M
13006055	1	und	CCONJ	KON								
13006055	2	von	ADP	APPR								
13006055	3	der	DET	ART					S		Nom	M
13006055	4	Hälfte	NOUN	NN					S		Nom	F
13006055	5	der	DET	ART					S		Gen	M
13006055	6	Stamme	NOUN	NN					P		Nom	M
13006055	7	Manasse	PROPN	NE					S		Nom	
13006055	8	Aner	NOUN	NN					S		Nom	M
13006055	9	und	CCONJ	KON								
13006055	10	sein	DET	PPOSAT					S		Nom	F
13006055	11	Bezirk	NOUN	NN					P		Nom	M
13006055	12	und	CCONJ	KON								
13006055	13	Bileam	PROPN	NE					S		Nom	
13006055	14	und	CCONJ	KON								
13006055	15	sein	DET	PPOSAT					S		Nom	F
13006055	16	Bezirk	NOUN	NN					P		Nom	M
13006055	18	der	DET	ART					S		Acc	M
13006055	19	Familie	NOUN	NN					P		Nom	F
13006055	20	der	DET	ART					S		Nom	M
13006055	21	übrig	ADJ	ADJA	Pos				S		Dat	N
13006055	22	Sohn	NOUN	NN					P		Nom	M
13006055	23	Kehath	PROPN	NE					S		Gen	
13006056	1	der	DET	ART					S		Acc	M
13006056	2	Söhn	NOUN	NN					P		Dat	M
13006056	3	Gersom	PROPN	NE					S		Nom	
13006056	4	von	ADP	APPRART					S		Dat	N
13006056	5	Geschlecht	NOUN	NN					S		Nom	N
13006056	6	der	DET	ART					S		Gen	M
13006056	7	halb	NUM	ADJA								
13006056	8	Stamme	NOUN	NN					P		Nom	M
13006056	9	Manasse	PROPN	NE					S		Nom	
13006056	10	Golan	PROPN	NE					S		Nom	M
13006056	11	in	ADP	APPR								
13006056	12	Basan	PROPN	NE					S		Nom	N
13006056	13	und	CCONJ	KON								
13006056	14	sein	DET	PPOSAT					S		Nom	F
13006056	15	Bezirk	NOUN	NN					P		Nom	M
13006056	16	und	CCONJ	KON								
13006056	17	Astaroth	NOUN	NE					S		Nom	F
13006056	18	und	CCONJ	KON								
13006056	19	sein	DET	PPOSAT					S		Nom	F
13006056	20	Bezirk	NOUN	NN					P		Nom	M
13006057	1	und	CCONJ	KON								
13006057	2	von	ADP	APPRART					S		Dat	N
13006057	3	Stamm	NOUN	NN					P		Nom	M
13006057	4	Issaschar	PROPN	NE					S		Nom	
13006057	5	Ked	NOUN	NN					S		Nom	M
13006057	6	und	CCONJ	KON								
13006057	7	sein	DET	PPOSAT					S		Nom	F
13006057	8	Bezirk	NOUN	NN					P		Nom	M
13006057	9	und	CCONJ	KON								
13006057	10	Dobrath	PROPN	NE					S		Nom	
13006057	11	und	CCONJ	KON								
13006057	12	sein	DET	PPOSAT					S		Nom	F
13006057	13	Bezirk	NOUN	NN					P		Nom	M
13006058	1	und	CCONJ	KON								
13006058	2	Ramoth	PROPN	NE					S		Nom	M
13006058	3	und	CCONJ	KON								
13006058	4	sein	DET	PPOSAT					S		Nom	F
13006058	5	Bezirk	NOUN	NN					P		Nom	M
13006058	6	und	CCONJ	KON								
13006058	7	anem	NOUN	NE					S		Nom	N
13006058	8	und	CCONJ	KON								
13006058	9	sein	DET	PPOSAT					S		Nom	F
13006058	10	Bezirk	NOUN	NN					P		Nom	M
13006059	1	und	CCONJ	KON								
13006059	2	von	ADP	APPRART					S		Dat	N
13006059	3	Stamm	NOUN	NN					P		Nom	M
13006059	4	Aser	PROPN	NE					S		Nom	
13006059	5	Maschal	PROPN	NE					S		Nom	
13006059	6	und	CCONJ	KON								
13006059	7	sein	DET	PPOSAT					S		Nom	F
13006059	8	Bezirk	NOUN	NN					P		Nom	M
13006059	9	und	CCONJ	KON								
13006059	10	Abdon	PROPN	NE					S		Nom	
13006059	11	und	CCONJ	KON								
13006059	12	sein	DET	PPOSAT					S		Nom	F
13006059	13	Bezirk	NOUN	NN					P		Nom	M
13006060	1	und	CCONJ	KON								
13006060	2	Hukok	NOUN	NN					S		Nom	N
13006060	3	und	CCONJ	KON								
13006060	4	sein	DET	PPOSAT					S		Nom	F
13006060	5	Bezirk	NOUN	NN					P		Nom	M
13006060	6	und	CCONJ	KON								
13006060	7	Rechob	PROPN	NN					S		Nom	
13006060	8	und	CCONJ	KON								
13006060	9	sein	DET	PPOSAT					S		Nom	F
13006060	10	Bezirk	NOUN	NN					P		Nom	M
13006061	1	und	CCONJ	KON								
13006061	2	von	ADP	APPRART					S		Dat	N
13006061	3	Stamm	NOUN	NN					P		Nom	M
13006061	4	Naphtali	PROPN	NE					S		Nom	
13006061	5	Ked	NOUN	NN					S		Nom	M
13006061	6	in	ADP	APPR								
13006061	7	Galiläa	PROPN	NE					S		Nom	N
13006061	8	und	CCONJ	KON								
13006061	9	sein	DET	PPOSAT					S		Nom	F
13006061	10	Bezirk	NOUN	NN					P		Nom	M
13006061	11	und	CCONJ	KON								
13006061	12	Hammon	PROPN	NE					S		Nom	
13006061	13	und	CCONJ	KON								
13006061	14	sein	DET	PPOSAT					S		Nom	F
13006061	15	Bezirk	NOUN	NN					P		Nom	M
13006061	16	und	CCONJ	KON								
13006061	17	Kirjathaim	NOUN	NN					P		Nom	M
13006061	18	und	CCONJ	KON								
13006061	19	sein	DET	PPOSAT					S		Nom	F
13006061	20	Bezirk	NOUN	NN					P		Nom	M
13006062	1	der	DET	ART					S		Acc	M
13006062	2	übrig	ADJ	ADJA	Pos				S		Dat	N
13006062	3	Söhn	NOUN	NN					P		Dat	M
13006062	4	Merari	PROPN	NE					S		Gen	
13006062	5	von	ADP	APPRART					S		Dat	N
13006062	6	Stamm	NOUN	NN					P		Nom	M
13006062	7	Sebulon	PROPN	NE					S		Nom	M
13006062	8	Rimmono	PRON	NE					S		Nom	N
13006062	9	und	CCONJ	KON								
13006062	10	sein	DET	PPOSAT					S		Nom	F
13006062	11	Bezirk	NOUN	NN					P		Nom	M
13006062	12	Tabor	PROPN	NE					S		Nom	N
13006062	13	und	CCONJ	KON								
13006062	14	sein	DET	PPOSAT					S		Nom	F
13006062	15	Bezirk	NOUN	NN					P		Nom	M
13006063	1	und	CCONJ	KON								
13006063	2	jenseit	ADV	APPR								
13006063	3	der	DET	ART					S		Gen	M
13006063	4	Jordan	PROPN	NE					S		Nom	
13006063	5	von	ADP	APPR								
13006063	6	Jericho	PROPN	NE					S		Nom	N
13006063	7	östlich	ADV	ADJD	Pos							
13006063	8	von	ADP	APPRART					S		Dat	N
13006063	9	Jordan	PROPN	NE					S		Nom	
13006063	10	von	ADP	APPRART					S		Dat	N
13006063	11	Stamm	NOUN	NN					P		Nom	M
13006063	12	Ruben	PROPN	NE					S		Nom	M
13006063	13	Bezer	NOUN	NN					P		Nom	M
13006063	14	in	ADP	APPR								
13006063	15	der	DET	ART					S		Nom	M
13006063	16	Wüste	NOUN	NN					S		Nom	F
13006063	17	und	CCONJ	KON								
13006063	18	sein	DET	PPOSAT					S		Nom	F
13006063	19	Bezirk	NOUN	NN					P		Nom	M
13006063	20	und	CCONJ	KON								
13006063	21	Jahza	PROPN	NE					S		Nom	M
13006063	22	und	CCONJ	KON								
13006063	23	sein	DET	PPOSAT					S		Nom	F
13006063	24	Bezirk	NOUN	NN					P		Nom	M
13006064	1	und	CCONJ	KON								
13006064	2	Kedemoth	NOUN	NE					S		Nom	F
13006064	3	und	CCONJ	KON								
13006064	4	sein	DET	PPOSAT					S		Nom	F
13006064	5	Bezirk	NOUN	NN					P		Nom	M
13006064	6	und	CCONJ	KON								
13006064	7	Mephaath	NOUN	NE					S		Nom	M
13006064	8	und	CCONJ	KON								
13006064	9	sein	DET	PPOSAT					S		Nom	F
13006064	10	Bezirk	NOUN	NN					P		Nom	M
13006065	1	und	CCONJ	KON								
13006065	2	von	ADP	APPRART					S		Dat	N
13006065	3	Stamm	NOUN	NN					P		Nom	M
13006065	4	Gad	PROPN	NE					S		Nom	M
13006065	5	Ramoth	PROPN	NE					S		Nom	M
13006065	6	in	ADP	APPR								
13006065	7	Gilead	PROPN	NE					S		Nom	
13006065	8	und	CCONJ	KON								
13006065	9	sein	DET	PPOSAT					S		Nom	F
13006065	10	Bezirk	NOUN	NN					P		Nom	M
13006065	11	und	CCONJ	KON								
13006065	12	Machanaim	PROPN	NE					S		Nom	
13006065	13	und	CCONJ	KON								
13006065	14	sein	DET	PPOSAT					S		Nom	F
13006065	15	Bezirk	NOUN	NN					P		Nom	M
13006066	1	und	CCONJ	KON								
13006066	2	Hesbon	NOUN	NN					S		Nom	M
13006066	3	und	CCONJ	KON								
13006066	4	sein	DET	PPOSAT					S		Nom	F
13006066	5	Bezirk	NOUN	NN					P		Nom	M
13006066	6	und	CCONJ	KON								
13006066	7	Jaser	NOUN	NN					S		Nom	M
13006066	8	und	CCONJ	KON								
13006066	9	sein	DET	PPOSAT					S		Nom	F
13006066	10	Bezirk	NOUN	NN					P		Nom	M
13007001	1	und	CCONJ	KON								
13007001	2	der	DET	ART					S		Nom	F
13007001	3	Sohn	NOUN	NN					P		Nom	M
13007001	4	Issaschar	PROPN	NE					S		Gen	
13007001	5	Tola	PROPN	NE					S		Nom	
13007001	6	und	CCONJ	KON								
13007001	7	Pua	PROPN	NE					S		Nom	
13007001	8	Jaschub	NOUN	NE					S		Nom	M
13007001	9	und	CCONJ	KON								
13007001	10	Schimron	PROPN	NE					S		Nom	
13007001	11	vier	NUM	CARD								
13007002	1	und	CCONJ	KON								
13007002	2	der	DET	ART					S		Nom	F
13007002	3	Sohn	NOUN	NN					P		Nom	M
13007002	4	Tola	PROPN	NE					S		Nom	
13007002	5	Ussi	PROPN	NE					S		Nom	
13007002	6	und	CCONJ	KON								
13007002	7	Rephaja	PROPN	NE					S		Nom	
13007002	8	und	CCONJ	KON								
13007002	9	Jeriel	NOUN	NN					S		Nom	N
13007002	10	und	CCONJ	KON								
13007002	11	Jachmai	PROPN	NE					S		Nom	
13007002	12	und	CCONJ	KON								
13007002	13	Jibsam	PROPN	NE					S		Gen	F
13007002	14	und	CCONJ	KON								
13007002	15	Samuel	PROPN	NE					S		Nom	M
13007002	16	Häupter	NOUN	NN					P		Nom	N
13007002	17	ihr	DET	PPOSAT					S		Dat	F
13007002	18	Vaterhaus	NOUN	NN					P		Nom	N
13007002	19	von	ADP	APPR								
13007002	20	Tola	PROPN	NE					S		Nom	
13007002	21	streitbar	ADJ	ADJA	Pos				S		Nom	F
13007002	22	Mann	NOUN	NN					P		Nom	M
13007002	23	nach	ADP	APPR								
13007002	24	ihr	DET	PPOSAT					S		Acc	M
13007002	25	Geschlechter	NOUN	NN					P		Dat	M
13007002	26	ihr	DET	PPOSAT					S		Nom	F
13007002	27	Zahl	NOUN	NN					S		Nom	F
13007002	28	sein	AUX	VAFIN		Fin	Past	3	S	Ind		
13007002	29	in	ADP	APPR								
13007002	30	der	DET	ART					S		Acc	M
13007002	31	Tag	NOUN	NN					P		Dat	M
13007002	32	David	PROPN	NE					S		Gen	M
13007002	33	22600	NUM	CARD								
13007003	1	und	CCONJ	KON								
13007003	2	der	DET	ART					S		Nom	F
13007003	3	Sohn	NOUN	NN					P		Nom	M
13007003	4	Ussis	NOUN	NN					S		Nom	M
13007003	5	Jisrachja	PROPN	NE					S		Nom	
13007003	6	und	CCONJ	KON								
13007003	7	der	DET	ART					S		Nom	F
13007003	8	Sohn	NOUN	NN					P		Nom	M
13007003	9	Jisrachjas	NOUN	NN					S		Nom	F
13007003	10	Michael	PROPN	NE					S		Nom	M
13007003	11	und	CCONJ	KON								
13007003	12	Obadja	PROPN	NE					S		Nom	
13007003	13	und	CCONJ	KON								
13007003	14	Joel	PROPN	NE					S		Nom	M
13007003	15	Jissija	PROPN	NE					S		Nom	F
13007003	16	insgesamt	ADV	ADV								
13007003	17	fünf	NUM	CARD								
13007003	18	Häupter	NOUN	NN					P		Nom	N
13007004	1	und	CCONJ	KON								
13007004	2	bei	ADP	APPR								
13007004	3	ihnen	PRON	PPER				3	P		Dat	
13007004	4	sein	AUX	VAFIN		Fin	Past	3	P	Ind		
13007004	5	nach	ADP	APPR								
13007004	6	ihr	DET	PPOSAT					S		Acc	M
13007004	7	Geschlechter	NOUN	NN					P		Dat	M
13007004	8	nach	ADP	APPR								
13007004	9	ihr	DET	PPOSAT					S		Acc	M
13007004	10	Vaterhäuser	NOUN	NN					P		Dat	M
13007004	11	Kriegsheerschar	NOUN	NN					P		Dat	N
13007004	12	36000	NUM	CARD								
13007004	13	Mann	NOUN	NN					S		Nom	M
13007004	14	denn	CCONJ	KON								
13007004	15	sie	PRON	PPER				3	P		Nom	
13007004	16	haben	AUX	VAFIN		Fin	Past	3	P	Ind		
13007004	17	vieler	PRON	PIS					P		Nom	
13007004	18	Weiber	NOUN	NN					P		Nom	M
13007004	19	und	CCONJ	KON								
13007004	20	Kind	NOUN	NN					P		Nom	N
13007005	1	und	CCONJ	KON								
13007005	2	ihr	DET	PPOSAT					S		Nom	F
13007005	3	Bruder	NOUN	NN					P		Nom	M
13007005	4	nach	ADP	APPR								
13007005	5	aller	DET	PIS					P		Dat	
13007005	6	Geschlechter	NOUN	NN					P		Dat	M
13007005	7	Issaschar	PROPN	NE					S		Gen	
13007005	8	streitbar	ADJ	ADJA	Pos				S		Nom	F
13007005	9	Mann	NOUN	NN					P		Nom	M
13007005	10	sein	AUX	VAFIN		Fin	Past	3	P	Ind		
13007005	11	87000	NUM	CARD								
13007005	12	der	DET	ART					S		Nom	F
13007005	13	Gesamtzahl	NOUN	NN					S		Nom	F
13007005	14	der	DET	ART					S		Nom	M
13007005	15	Verzeichnet	NOUN	NN					S		Nom	N
13007006	1	von	ADP	APPR								
13007006	2	Benjamin	PROPN	NE					S		Nom	M
13007006	3	Bela	PROPN	NE					S		Nom	M
13007006	4	und	CCONJ	KON								
13007006	5	Beker	PROPN	NE					S		Nom	
13007006	6	und	CCONJ	KON								
13007006	7	Jediael	PROPN	NE					S		Nom	N
13007006	8	drei	NUM	CARD								
13007007	1	und	CCONJ	KON								
13007007	2	der	DET	ART					S		Nom	F
13007007	3	Sohn	NOUN	NN					P		Nom	M
13007007	4	Bela	PROPN	NE					S		Gen	
13007007	5	Ezbon	NOUN	NN					S		Nom	M
13007007	6	und	CCONJ	KON								
13007007	7	Ussi	PROPN	NE					S		Nom	
13007007	8	und	CCONJ	KON								
13007007	9	Ussiel	NOUN	NN					S		Nom	N
13007007	10	und	CCONJ	KON								
13007007	11	Jerimoth	PROPN	NE					S		Nom	
13007007	12	und	CCONJ	KON								
13007007	13	Iri	PROPN	NE					S		Nom	
13007007	14	fünf	NUM	CARD								
13007007	15	Häupter	NOUN	NN					P		Nom	N
13007007	16	der	DET	ART					S		Nom	M
13007007	17	Vaterhaus	NOUN	NN					P		Nom	N
13007007	18	streitbar	ADJ	ADJA	Pos				S		Nom	F
13007007	19	Mann	NOUN	NN					P		Nom	M
13007007	20	und	CCONJ	KON								
13007007	21	sie	PRON	PPER				3	P		Nom	
13007007	22	sein	AUX	VAFIN		Fin	Past	3	P	Ind		
13007007	23	verzeichnen	VERB	VVFIN		Fin	Pres	3	S	Ind		
13007007	24	22034	NUM	CARD								
13007008	1	und	CCONJ	KON								
13007008	2	der	DET	ART					S		Nom	F
13007008	3	Sohn	NOUN	NN					P		Nom	M
13007008	4	Beker	PROPN	NE					S		Gen	
13007008	5	semira	ADV	NE								
13007008	6	und	CCONJ	KON								
13007008	7	Joas	PROPN	NE					S		Nom	
13007008	8	und	CCONJ	KON								
13007008	9	Elieser	PROPN	NE					S		Nom	
13007008	10	und	CCONJ	KON								
13007008	11	Eljoenai	NOUN	NN					S		Nom	N
13007008	12	und	CCONJ	KON								
13007008	13	Omri	PROPN	NE					S		Nom	
13007008	14	und	CCONJ	KON								
13007008	15	Jeremoth	PROPN	NE					S		Nom	F
13007008	16	und	CCONJ	KON								
13007008	17	Abija	PROPN	NE					S		Nom	F
13007008	18	und	CCONJ	KON								
13007008	19	Anathoth	PROPN	NE					S		Nom	F
13007008	20	und	CCONJ	KON								
13007008	21	Alameth	PROPN	NE					S		Nom	F
13007008	22	aller	PRON	PIS					P		Nom	
13007008	23	dieser	DET	PDAT					S		Nom	F
13007008	24	sein	AUX	VAFIN		Fin	Past	3	P	Ind		
13007008	25	Sohn	NOUN	NN					P		Nom	M
13007008	26	Beker	PROPN	NE					S		Gen	
13007009	1	und	CCONJ	KON								
13007009	2	sie	PRON	PPER				3	P		Nom	
13007009	3	sein	AUX	VAFIN		Fin	Past	3	P	Ind		
13007009	4	verzeichnen	VERB	VVFIN		Fin	Pres	3	S	Ind		
13007009	5	nach	ADP	APPR								
13007009	6	ihr	DET	PPOSAT					S		Acc	M
13007009	7	Geschlechter	NOUN	NN					P		Dat	M
13007009	8	Häupter	NOUN	NN					P		Nom	N
13007009	9	ihr	DET	PPOSAT					S		Dat	F
13007009	10	Vaterhaus	NOUN	NN					P		Nom	N
13007009	11	streitbar	ADJ	ADJA	Pos				S		Nom	F
13007009	12	Mann	NOUN	NN					P		Nom	M
13007009	13	20200	NUM	CARD								
13007010	1	und	CCONJ	KON								
13007010	2	der	DET	ART					S		Nom	F
13007010	3	Sohn	NOUN	NN					P		Nom	M
13007010	4	Jediael	PROPN	NE					S		Gen	
13007010	5	Bilhan	PROPN	NE					S		Nom	N
13007010	6	und	CCONJ	KON								
13007010	7	der	DET	ART					S		Nom	F
13007010	8	Sohn	NOUN	NN					P		Nom	M
13007010	9	Bilhan	PROPN	NE					S		Gen	
13007010	10	Jeusch	PROPN	NE					S		Nom	M
13007010	11	und	CCONJ	KON								
13007010	12	Benjamin	PROPN	NE					S		Nom	M
13007010	13	und	CCONJ	KON								
13007010	14	Ehud	PROPN	NE					S		Nom	
13007010	15	und	CCONJ	KON								
13007010	16	Kenaana	NOUN	NN					S		Nom	F
13007010	17	und	CCONJ	KON								
13007010	18	Sethan	PROPN	NE					S		Nom	M
13007010	19	und	CCONJ	KON								
13007010	20	Tarsis	NOUN	NN					S		Nom	F
13007010	21	und	CCONJ	KON								
13007010	22	Achischachar	PROPN	NE					S		Nom	
13007011	1	aller	PRON	PIS					P		Nom	
13007011	2	dieser	DET	PDAT					S		Nom	F
13007011	3	sein	AUX	VAFIN		Fin	Past	3	P	Ind		
13007011	4	Sohn	NOUN	NN					P		Nom	M
13007011	5	Jediael	PROPN	NE					S		Gen	
13007011	6	nach	ADP	APPR								
13007011	7	der	DET	ART					S		Acc	M
13007011	8	Häupter	NOUN	NN					P		Dat	M
13007011	9	der	DET	ART					S		Nom	M
13007011	10	Vater	NOUN	NN					P		Nom	M
13007011	11	streitbar	ADJ	ADJA	Pos				S		Nom	F
13007011	12	Mann	NOUN	NN					P		Nom	M
13007011	13	17200	NUM	CARD								
13007011	14	der	DET	ART					S		Nom	F
13007011	15	zu	ADP	APPRART					S		Dat	N
13007011	16	Heer	NOUN	NN					P		Nom	M
13007011	17	auszogen	VERB	VVPP		Fin	Past	3	P	Ind		
13007011	18	in	ADP	APPR								
13007011	19	der	DET	ART					S		Acc	M
13007011	20	Streit	NOUN	NN					S		Nom	M
13007012	1	und	CCONJ	KON								
13007012	2	Schuppim	NOUN	NN					S		Nom	M
13007012	3	und	CCONJ	KON								
13007012	4	Huppim	NOUN	NN					S		Nom	M
13007012	5	der	DET	ART					S		Nom	F
13007012	6	Sohn	NOUN	NN					P		Nom	M
13007012	7	Irs	PROPN	NE					S		Nom	
13007012	8	Huschim	NOUN	NN					P		Nom	M
13007012	9	der	DET	ART					S		Nom	F
13007012	10	Sohn	NOUN	NN					P		Nom	M
13007012	11	Acher	NOUN	NN					P		Nom	M
13007013	1	der	DET	ART					S		Nom	F
13007013	2	Sohn	NOUN	NN					P		Nom	M
13007013	3	Naphtali	PROPN	NE					S		Gen	
13007013	4	Jachziel	PROPN	NE					S		Nom	M
13007013	5	und	CCONJ	KON								
13007013	6	Guni	PROPN	NN					S		Nom	
13007013	7	und	CCONJ	KON								
13007013	8	Jezer	NOUN	NN					P		Nom	M
13007013	9	und	CCONJ	KON								
13007013	10	Schallum	PROPN	NE					S		Nom	
13007013	11	der	DET	ART					S		Nom	F
13007013	12	Sohn	NOUN	NN					P		Nom	M
13007013	13	Bilha	PROPN	NE					S		Nom	
13007014	1	der	DET	ART					S		Nom	F
13007014	2	Sohn	NOUN	NN					P		Nom	M
13007014	3	Manasse	PROPN	NE					S		Gen	M
13007014	4	asriel	NOUN	NN					S		Nom	N
13007014	5	welcher	DET	PWAT					S		Acc	M
13007014	6	gebar	VERB	ADJD		Fin	Past	3	S	Ind		
13007014	7	sein	AUX	VAINF		Inf						
13007014	8	syrisch	ADJ	ADJA	Pos				S		Nom	N
13007014	9	Kebsweib	NOUN	NN					S		Nom	F
13007014	10	gebar	VERB	ADJD		Fin	Past	3	S	Ind		
13007014	11	makir	PROPN	NE					S		Nom	
13007014	12	der	DET	ART					S		Acc	M
13007014	13	Vater	NOUN	NN					S		Nom	M
13007014	14	Gilead	NOUN	NN					P		Nom	M
13007015	1	und	CCONJ	KON								
13007015	2	makir	PROPN	NE					S		Nom	
13007015	3	nehmen	VERB	VVFIN		Fin	Past	3	S	Ind		
13007015	4	ein	DET	ART					S		Nom	N
13007015	5	Weib	NOUN	NN					S		Nom	N
13007015	6	der	DET	ART					S		Nom	F
13007015	7	Schwester	NOUN	NN					S		Nom	F
13007015	8	von	ADP	APPR								
13007015	9	Huppim	NOUN	NN					S		Nom	M
13007015	10	und	CCONJ	KON								
13007015	11	Schuppim	NOUN	NN					S		Nom	M
13007015	12	und	CCONJ	KON								
13007015	13	der	DET	ART					S		Nom	M
13007015	14	Name	NOUN	NN					S		Nom	M
13007015	15	ihr	DET	PPOSAT					S		Dat	F
13007015	16	Schwester	NOUN	NN					S		Nom	F
13007015	17	sein	AUX	VAFIN		Fin	Past	3	S	Ind		
13007015	18	Maaka	PROPN	NE					S		Nom	N
13007015	19	und	CCONJ	KON								
13007015	20	der	DET	ART					S		Nom	M
13007015	21	Name	NOUN	NN					S		Nom	M
13007015	22	der	DET	ART					S		Gen	M
13007015	23	zweiter	ADJ	ADJA	Pos				S		Dat	M
13007015	24	Sohn	PROPN	NE					S		Gen	M
13007015	25	sein	AUX	VAFIN		Fin	Past	3	S	Ind		
13007015	26	Zelophchad	PROPN	NE					S		Nom	
13007015	27	und	CCONJ	KON								
13007015	28	Zelophchad	PROPN	NE					S		Nom	
13007015	29	haben	AUX	VAFIN		Fin	Past	3	S	Ind		
13007015	30	nur	ADV	ADV								
13007015	31	Tochter	NOUN	NN					P		Nom	F
13007016	1	und	CCONJ	KON								
13007016	2	Maaka	PROPN	NE					S		Nom	N
13007016	3	der	DET	ART					S		Nom	N
13007016	4	Weib	NOUN	NN					S		Nom	N
13007016	5	Makir	PROPN	NE					S		Gen	
13007016	6	gebar	VERB	ADJD		Fin	Past	3	S	Ind		
13007016	7	ein	DET	ART					S		Acc	M
13007016	8	Sohn	NOUN	NN					S		Nom	M
13007016	9	und	CCONJ	KON								
13007016	10	sie	PRON	PPER				3	P		Nom	
13007016	11	geben	VERB	VVFIN		Fin	Past	3	S	Ind		
13007016	12	ihm	PRON	PPER				3	S		Dat	M
13007016	13	der	DET	ART					S		Acc	M
13007016	14	Name	NOUN	NN					P		Nom	M
13007016	15	peresch	PROPN	ADJD					S		Nom	
13007016	16	und	CCONJ	KON								
13007016	17	der	DET	ART					S		Nom	M
13007016	18	Name	NOUN	NN					S		Nom	M
13007016	19	sein	DET	PPOSAT					S		Gen	M
13007016	20	Bruder	NOUN	NN					S		Gen	M
13007016	21	sein	AUX	VAFIN		Fin	Past	3	S	Ind		
13007016	22	Scheresch	NOUN	NN					S		Nom	M
13007016	23	und	CCONJ	KON								
13007016	24	sein	DET	PPOSAT					S		Nom	F
13007016	25	Sohn	NOUN	NN					P		Nom	M
13007016	26	Ulam	PROPN	NE					S		Nom	
13007016	27	und	CCONJ	KON								
13007016	28	Rekem	NOUN	NN					S		Nom	N
13007017	1	und	CCONJ	KON								
13007017	2	der	DET	ART					S		Nom	F
13007017	3	Sohn	NOUN	NN					P		Nom	M
13007017	4	Ulam	PROPN	NE					S		Gen	
13007017	5	Bedan	PROPN	NE					S		Nom	
13007017	6	der	DET	ART					S		Nom	N
13007017	7	sein	AUX	VAFIN		Fin	Pres	3	P	Ind		
13007017	8	der	DET	ART					S		Nom	F
13007017	9	Sohn	NOUN	NN					P		Nom	M
13007017	10	Gilead	NOUN	NN					P		Nom	M
13007017	11	der	DET	ART					S		Gen	M
13007017	12	Sohn	PROPN	NE					S		Gen	M
13007017	13	Makir	PROPN	NE					S		Gen	
13007017	14	der	DET	ART					S		Gen	M
13007017	15	Sohn	PROPN	NE					S		Gen	M
13007017	16	Manasse	PROPN	NE					S		Gen	M
13007018	1	und	CCONJ	KON								
13007018	2	sein	DET	PPOSAT					S		Nom	F
13007018	3	Schwester	NOUN	NN					S		Nom	F
13007018	4	Hammoleketh	PROPN	NE					S		Nom	
13007018	5	gebar	VERB	ADJD		Fin	Past	3	S	Ind		
13007018	6	Ischhod	NOUN	NN					S		Nom	F
13007018	7	und	CCONJ	KON								
13007018	8	Abieser	PROPN	NE					S		Nom	
13007018	9	und	CCONJ	KON								
13007018	10	Machla	PROPN	NE					S		Nom	
13007019	1	und	CCONJ	KON								
13007019	2	der	DET	ART					S		Nom	F
13007019	3	Sohn	NOUN	NN					P		Nom	M
13007019	4	Schemida	PROPN	NE					S		Nom	
13007019	5	sein	AUX	VAFIN		Fin	Past	3	P	Ind		
13007019	6	Achjan	PROPN	NE					S		Nom	
13007019	7	und	CCONJ	KON								
13007019	8	Sichem	PROPN	NE					S		Nom	M
13007019	9	und	CCONJ	KON								
13007019	10	Likchi	PROPN	NE					S		Nom	
13007019	11	und	CCONJ	KON								
13007019	12	Aniam	PROPN	NE					S		Nom	
13007020	1	und	CCONJ	KON								
13007020	2	der	DET	ART					S		Nom	F
13007020	3	Sohn	NOUN	NN					P		Nom	M
13007020	4	Ephraim	PROPN	PDS					S		Nom	F
13007020	5	Schuthelach	PROPN	NE					S		Nom	
13007020	6	und	CCONJ	KON								
13007020	7	der	PRON	PDS					S		Gen	
13007020	8	Sohn	NOUN	NN					S		Nom	M
13007020	9	Bered	PROPN	NE					S		Nom	F
13007020	10	und	CCONJ	KON								
13007020	11	der	PRON	PDS					S		Gen	
13007020	12	Sohn	NOUN	NN					S		Nom	M
13007020	13	Tachath	NOUN	NN					S		Nom	M
13007020	14	und	CCONJ	KON								
13007020	15	der	PRON	PDS					S		Gen	
13007020	16	Sohn	NOUN	NN					S		Nom	M
13007020	17	Elada	NOUN	NN					S		Nom	F
13007020	18	und	CCONJ	KON								
13007020	19	der	PRON	PDS					S		Gen	
13007020	20	Sohn	NOUN	NN					S		Nom	M
13007020	21	Tachath	NOUN	NN					S		Nom	M
13007021	1	und	CCONJ	KON								
13007021	2	der	PRON	PDS					S		Gen	
13007021	3	Sohn	NOUN	NN					S		Nom	M
13007021	4	Sabad	PROPN	NE					S		Nom	N
13007021	5	und	CCONJ	KON								
13007021	6	der	PRON	PDS					S		Gen	
13007021	7	Sohn	NOUN	NN					S		Nom	M
13007021	8	Schuthelach	PROPN	NE					S		Nom	
13007021	9	und	CCONJ	KON								
13007021	10	Eser	PROPN	NE					S		Nom	
13007021	11	und	CCONJ	KON								
13007021	12	Elad	PROPN	NE					S		Nom	
13007021	13	und	CCONJ	KON								
13007021	14	der	DET	ART					S		Nom	F
13007021	15	Mann	NOUN	NN					P		Nom	M
13007021	16	von	ADP	APPR								
13007021	17	Gath	PROPN	NE					S		Nom	
13007021	18	der	DET	ART					S		Nom	F
13007021	19	eingeboren	NOUN	NN					P		Dat	M
13007021	20	der	DET	ART					S		Gen	M
13007021	21	Land	NOUN	NN					S		Gen	N
13007021	22	erschlugen	VERB	VVFIN		Fin	Past	3	P	Ind		
13007021	23	sie	PRON	PPER				3	P		Nom	
13007021	24	denn	CCONJ	KON								
13007021	25	sie	PRON	PPER				3	P		Nom	
13007021	26	sein	AUX	VAFIN		Fin	Past	3	P	Ind		
13007021	27	Hinabgezoge	VERB	VVFIN		Fin	Past	3	P	Ind		
13007021	28	um	ADP	APPR								
13007021	29	ihr	DET	PPOSAT					S		Nom	F
13007021	30	Herde	NOUN	NN					P		Nom	F
13007021	31	wegzunehmen	VERB	VVIZU		Inf						
13007022	1	und	CCONJ	KON								
13007022	2	Ephraim	NOUN	NN					P		Nom	M
13007022	3	ihr	PRON	PPOSAT				3	S		Dat	F
13007022	4	Vater	NOUN	NN					S		Nom	M
13007022	5	trauern	VERB	VVFIN		Fin	Past	3	S	Ind		
13007022	6	vieler	PRON	PIS					P		Nom	
13007022	7	Tag	NOUN	NN					P		Nom	M
13007022	8	und	CCONJ	KON								
13007022	9	sein	DET	PPOSAT					S		Nom	F
13007022	10	Bruder	NOUN	NN					P		Nom	M
13007022	11	kommen	VERB	VVFIN		Fin	Past	3	P	Ind		
13007022	12	um	ADP	APPR								
13007022	13	ihn	PRON	PPER				3	S		Acc	M
13007022	14	zu	ADP	PTKVZ								
13007022	15	trösten	VERB	VVINF		Inf						
13007023	1	und	CCONJ	KON								
13007023	2	er	PRON	PPER				3	S		Nom	M
13007023	3	gehen	VERB	VVFIN		Fin	Past	3	S	Ind		
13007023	4	ein	DET	ART					S		Nom	N
13007023	5	zu	ADP	PTKVZ								
13007023	6	sein	DET	PPOSAT					S		Dat	M
13007023	7	Weibe	NOUN	NN					S		Nom	F
13007023	8	und	CCONJ	KON								
13007023	9	sie	PRON	PPER				3	P		Nom	
13007023	10	werden	AUX	VAFIN		Fin	Past	3	S	Ind		
13007023	11	schwanger	ADV	ADJD	Pos							
13007023	12	und	CCONJ	KON								
13007023	13	gebar	VERB	ADJD		Fin	Past	3	S	Ind		
13007023	14	ein	DET	ART					S		Acc	M
13007023	15	Sohn	NOUN	NN					S		Nom	M
13007023	16	und	CCONJ	KON								
13007023	17	er	PRON	PPER				3	S		Nom	M
13007023	18	geben	VERB	VVFIN		Fin	Past	3	S	Ind		
13007023	19	ihm	PRON	PPER				3	S		Dat	M
13007023	20	der	DET	ART					S		Acc	M
13007023	21	Name	NOUN	NN					P		Nom	M
13007023	22	Beria	PROPN	NE					S		Nom	
13007023	23	weil	SCONJ	KOUS								
13007023	24	sein	AUX	VAINF		Inf						
13007023	25	Haus	NOUN	NN					S		Nom	N
13007023	26	in	ADP	APPRART					S		Dat	N
13007023	27	Unglück	NOUN	NN					S		Nom	N
13007023	28	sein	AUX	VAFIN		Fin	Past	3	S	Ind		
13007024	1	und	CCONJ	KON								
13007024	2	sein	DET	PPOSAT					S		Nom	F
13007024	3	Tochter	NOUN	NN					S		Nom	F
13007024	4	sein	AUX	VAFIN		Fin	Past	3	S	Ind		
13007024	5	Scheera	PROPN	NE					S		Nom	
13007024	6	und	CCONJ	KON								
13007024	7	sie	PRON	PPER				3	P		Nom	
13007024	8	bauen	VERB	VVFIN		Fin	Past	3	S	Ind		
13007024	9	der	DET	ART					S		Nom	N
13007024	10	unterer	ADJ	ADJA	Pos				S		Nom	F
13007024	11	und	CCONJ	KON								
13007024	12	der	DET	ART					S		Nom	N
13007024	13	oberer	ADJ	ADJA	Pos				S		Nom	F
13007024	14	Beth-Horon	PROPN	NE					S		Nom	
13007024	15	und	CCONJ	KON								
13007024	16	Ussen-Scheera	NOUN	NN					S		Nom	F
13007025	1	und	CCONJ	KON								
13007025	2	sein	AUX	VAINF		Inf						
13007025	3	Sohn	NOUN	NN					S		Nom	M
13007025	4	sein	AUX	VAFIN		Fin	Past	3	S	Ind		
13007025	5	Rephach	PROPN	NE					S		Nom	
13007025	6	und	CCONJ	KON								
13007025	7	Rescheph	PROPN	NE					S		Nom	
13007025	8	und	CCONJ	KON								
13007025	9	der	PRON	PDS					S		Gen	
13007025	10	Sohn	NOUN	NN					S		Nom	M
13007025	11	Telach	NOUN	NN					S		Nom	N
13007025	12	und	CCONJ	KON								
13007025	13	der	PRON	PDS					S		Gen	
13007025	14	Sohn	NOUN	NN					S		Nom	M
13007025	15	Tachan	PROPN	NE					S		Nom	
13007026	1	der	PRON	PDS					S		Gen	
13007026	2	Sohn	NOUN	NN					S		Nom	M
13007026	3	Ladan	PROPN	NE					S		Nom	
13007026	4	der	PRON	PDS					S		Gen	
13007026	5	Sohn	NOUN	NN					S		Nom	M
13007026	6	Ammihud	NOUN	NN					S		Nom	M
13007026	7	der	PRON	PDS					S		Gen	
13007026	8	Sohn	NOUN	NN					S		Nom	M
13007026	9	Elischama	PROPN	NE					S		Nom	
13007027	1	der	PRON	PDS					S		Gen	
13007027	2	Sohn	NOUN	NN					S		Nom	M
13007027	3	nun	ADV	ADV								
13007027	4	der	PRON	PDS					S		Gen	
13007027	5	Sohn	NOUN	NN					S		Nom	M
13007027	6	Josua	PROPN	NE					S		Nom	M
13007028	1	und	CCONJ	KON								
13007028	2	ihr	PRON	PPOSAT				3	S		Dat	F
13007028	3	Besitztum	NOUN	NN					S		Nom	N
13007028	4	und	CCONJ	KON								
13007028	5	ihr	DET	PPOSAT					S		Nom	F
13007028	6	Wohnsitze	NOUN	NN					P		Nom	M
13007028	7	sein	AUX	VAFIN		Fin	Past	3	P	Ind		
13007028	8	Bethel	PROPN	NE					S		Nom	N
13007028	9	und	CCONJ	KON								
13007028	10	sein	DET	PPOSAT					S		Nom	F
13007028	11	Tochterstadt	NOUN	NN					P		Nom	
13007028	12	und	CCONJ	KON								
13007028	13	gegen	ADP	APPR								
13007028	14	Sonnenaufgang	NOUN	NN					S		Nom	M
13007028	15	Naaran	PROPN	NE					S		Nom	F
13007028	16	und	CCONJ	KON								
13007028	17	gegen	ADP	APPR								
13007028	18	Sonnenuntergang	NOUN	NN					S		Nom	M
13007028	19	Geser	PROPN	NE					S		Nom	
13007028	20	und	CCONJ	KON								
13007028	21	sein	DET	PPOSAT					S		Nom	F
13007028	22	Tochterstadt	NOUN	NN					P		Nom	
13007028	23	und	CCONJ	KON								
13007028	24	Sichem	PROPN	NE					S		Nom	M
13007028	25	und	CCONJ	KON								
13007028	26	sein	DET	PPOSAT					S		Nom	F
13007028	27	Tochterstadt	NOUN	NN					P		Nom	
13007028	28	bis	CCONJ	KON								
13007028	29	nach	ADP	APPR								
13007028	30	Gasa	PROPN	NE					S		Nom	
13007028	31	und	CCONJ	KON								
13007028	32	sein	DET	PPOSAT					S		Acc	M
13007028	33	Tochterstädt	NOUN	NN					P		Nom	F
13007029	1	und	CCONJ	KON								
13007029	2	in	ADP	APPR								
13007029	3	der	DET	ART					S		Acc	M
13007029	4	Hand	NOUN	NN					P		Nom	F
13007029	5	der	DET	ART					S		Nom	M
13007029	6	Sohn	NOUN	NN					P		Nom	M
13007029	7	Manasse	PROPN	NE					S		Gen	M
13007029	8	sein	AUX	VAFIN		Fin	Past	3	P	Ind		
13007029	9	Beth-Schean	PROPN	NE					S		Nom	M
13007029	10	und	CCONJ	KON								
13007029	11	sein	DET	PPOSAT					S		Nom	F
13007029	12	Tochterstadt	NOUN	NN					P		Nom	
13007029	13	Taanak	PROPN	NE					S		Nom	
13007029	14	und	CCONJ	KON								
13007029	15	sein	DET	PPOSAT					S		Nom	F
13007029	16	Tochterstadt	NOUN	NN					P		Nom	
13007029	17	Megiddo	PROPN	NE					S		Nom	N
13007029	18	und	CCONJ	KON								
13007029	19	sein	DET	PPOSAT					S		Nom	F
13007029	20	Tochterstadt	NOUN	NN					P		Nom	
13007029	21	Dor	PROPN	NE					S		Nom	
13007029	22	und	CCONJ	KON								
13007029	23	sein	DET	PPOSAT					S		Nom	F
13007029	24	Tochterstadt	NOUN	NN					P		Nom	
13007029	25	in	ADP	APPR								
13007029	26	dieser	DET	PDAT					S		Acc	M
13007029	27	wohnen	VERB	VVFIN		Fin	Past	3	P	Ind		
13007029	28	der	DET	ART					S		Nom	F
13007029	29	Kind	NOUN	NN					P		Nom	N
13007029	30	Josephs	PROPN	NE					S		Nom	
13007029	31	der	DET	ART					S		Gen	M
13007029	32	Sohn	PROPN	NE					S		Gen	M
13007029	33	Israel	PROPN	NE					S		Gen	N
13007030	1	der	DET	ART					S		Nom	F
13007030	2	Sohn	NOUN	NN					P		Nom	M
13007030	3	Aser	NOUN	NN					P		Nom	
13007030	4	Jimna	NOUN	NN					S		Nom	M
13007030	5	und	CCONJ	KON								
13007030	6	Jischwa	PROPN	NE					S		Nom	
13007030	7	und	CCONJ	KON								
13007030	8	Jischwi	PROPN	NE					S		Nom	M
13007030	9	und	CCONJ	KON								
13007030	10	Beria	PROPN	NE					S		Nom	
13007030	11	und	CCONJ	KON								
13007030	12	Serach	NOUN	NE					S		Nom	N
13007030	13	sein	AUX	VAFIN		Fin	Past	3	S	Ind		
13007030	14	ihr	DET	PPOSAT					S		Nom	F
13007030	15	Schwester	NOUN	NN					S		Nom	F
13007031	1	und	CCONJ	KON								
13007031	2	der	DET	ART					S		Nom	F
13007031	3	Sohn	NOUN	NN					P		Nom	M
13007031	4	Berias	PROPN	NE					S		Nom	
13007031	5	Heber	NOUN	NN					S		Nom	M
13007031	6	und	CCONJ	KON								
13007031	7	Malkiel	NOUN	NN					S		Nom	N
13007031	8	er	PRON	PPER				3	S		Nom	M
13007031	9	sein	AUX	VAFIN		Fin	Past	3	S	Ind		
13007031	10	der	DET	ART					S		Nom	M
13007031	11	Vater	NOUN	NN					S		Nom	M
13007031	12	Birsawith	PROPN	NE					S		Gen	
13007032	1	und	CCONJ	KON								
13007032	2	Heber	NOUN	NN					S		Nom	M
13007032	3	zeugen	VERB	VVFIN		Fin	Past	3	S	Ind		
13007032	4	Japhlet	NOUN	NN					S		Nom	N
13007032	5	und	CCONJ	KON								
13007032	6	schomer	PROPN	NE					S		Nom	
13007032	7	und	CCONJ	KON								
13007032	8	Hotham	PROPN	NE					S		Nom	N
13007032	9	und	CCONJ	KON								
13007032	10	Schua	PROPN	NE					S		Nom	
13007032	11	ihr	DET	PPOSAT					S		Nom	F
13007032	12	Schwester	NOUN	NN					S		Nom	F
13007033	1	und	CCONJ	KON								
13007033	2	der	DET	ART					S		Nom	F
13007033	3	Sohn	NOUN	NN					P		Nom	M
13007033	4	Japhlet	PROPN	NE					S		Nom	N
13007033	5	Pasak	PROPN	NE					S		Nom	
13007033	6	und	CCONJ	KON								
13007033	7	Bimhal	NOUN	NN					S		Nom	F
13007033	8	und	CCONJ	KON								
13007033	9	Aschwath	NOUN	NN					S		Nom	M
13007033	10	der	DET	ART					S		Nom	N
13007033	11	sein	AUX	VAFIN		Fin	Pres	3	P	Ind		
13007033	12	der	DET	ART					S		Nom	F
13007033	13	Sohn	NOUN	NN					P		Nom	M
13007033	14	Japhlet	PROPN	NE					S		Nom	N
13007034	1	und	CCONJ	KON								
13007034	2	der	DET	ART					S		Nom	F
13007034	3	Sohn	NOUN	NN					P		Nom	M
13007034	4	Schomer	PROPN	NE					S		Gen	
13007034	5	Achi	PROPN	NE					S		Nom	
13007034	6	und	CCONJ	KON								
13007034	7	Rohga	NOUN	NE					P		Acc	M
13007034	8	und	CCONJ	KON								
13007034	9	Hubba	PROPN	NE					S		Nom	M
13007034	10	und	CCONJ	KON								
13007034	11	Aram	PROPN	NE					S		Nom	M
13007035	1	und	CCONJ	KON								
13007035	2	der	DET	ART					S		Nom	F
13007035	3	Sohn	NOUN	NN					P		Nom	M
13007035	4	Helem	NOUN	NN					P		Nom	N
13007035	5	sein	DET	PPOSAT					S		Gen	M
13007035	6	Bruder	NOUN	NN					S		Gen	M
13007035	7	Zophach	NOUN	NE					S		Nom	N
13007035	8	und	CCONJ	KON								
13007035	9	Jimna	NOUN	NN					S		Nom	M
13007035	10	und	CCONJ	KON								
13007035	11	Schelesch	PROPN	NE					S		Nom	
13007035	12	und	CCONJ	KON								
13007035	13	Amal	PROPN	NE					S		Nom	F
13007036	1	der	DET	ART					S		Nom	F
13007036	2	Sohn	NOUN	NN					P		Nom	M
13007036	3	Zophach	PROPN	NE					S		Gen	M
13007036	4	Suach	PROPN	NE					S		Nom	N
13007036	5	und	CCONJ	KON								
13007036	6	Harnepher	NOUN	NN					S		Nom	M
13007036	7	und	CCONJ	KON								
13007036	8	schual	ADV	ADJD	Pos							
13007036	9	und	CCONJ	KON								
13007036	10	Beri	PROPN	NE					S		Nom	
13007036	11	und	CCONJ	KON								
13007036	12	Jimra	PROPN	NE					S		Nom	M
13007037	1	Bezer	NOUN	NN					P		Nom	M
13007037	2	und	CCONJ	KON								
13007037	3	Hod	PROPN	NE					S		Nom	
13007037	4	und	CCONJ	KON								
13007037	5	Schamma	NOUN	NN					S		Nom	F
13007037	6	und	CCONJ	KON								
13007037	7	Schilscha	PROPN	NE					S		Nom	
13007037	8	und	CCONJ	KON								
13007037	9	Jithran	PROPN	NE					S		Nom	
13007037	10	und	CCONJ	KON								
13007037	11	Beera	PROPN	NE					S		Nom	
13007038	1	und	CCONJ	KON								
13007038	2	der	DET	ART					S		Nom	F
13007038	3	Sohn	NOUN	NN					P		Nom	M
13007038	4	Jether	PROPN	NE					S		Gen	
13007038	5	Jephunne	NOUN	NE					P		Nom	M
13007038	6	und	CCONJ	KON								
13007038	7	Pispa	PROPN	NE					S		Nom	F
13007038	8	und	CCONJ	KON								
13007038	9	Ara	PROPN	NE					S		Nom	
13007039	1	und	CCONJ	KON								
13007039	2	der	DET	ART					S		Nom	F
13007039	3	Sohn	NOUN	NN					P		Nom	M
13007039	4	Ulla	PROPN	NE					S		Nom	
13007039	5	Arach	PROPN	NE					S		Nom	
13007039	6	und	CCONJ	KON								
13007039	7	Hanniel	PROPN	NE					S		Nom	
13007039	8	und	CCONJ	KON								
13007039	9	Rizja	PROPN	NE					S		Nom	
13007040	1	alle	PRON	PIS					P		Nom	
13007040	2	dieser	DET	PDAT					S		Nom	F
13007040	3	sein	AUX	VAFIN		Fin	Past	3	P	Ind		
13007040	4	Sohn	NOUN	NN					P		Nom	M
13007040	5	Aser	NOUN	NN					P		Nom	
13007040	6	Häupter	NOUN	NN					P		Nom	N
13007040	7	der	DET	ART					S		Nom	M
13007040	8	Vaterhaus	NOUN	NN					P		Nom	N
13007040	9	auserlesen	ADJ	ADJA	Pos				S		Nom	F
13007040	10	streitbar	ADJ	ADJA	Pos				S		Nom	F
13007040	11	Mann	NOUN	NN					P		Nom	M
13007040	12	Häupter	NOUN	NN					P		Nom	N
13007040	13	der	DET	ART					S		Nom	M
13007040	14	Fürst	NOUN	NN					P		Nom	M
13007040	15	und	CCONJ	KON								
13007040	16	ihr	DET	PPOSAT					S		Nom	F
13007040	17	Verzeichnet	NOUN	NN					S		Nom	N
13007040	18	zu	ADP	APPRART					S		Dat	N
13007040	19	Heeresdienst	NOUN	NN					S		Nom	M
13007040	20	in	ADP	APPRART					S		Dat	N
13007040	21	Krieg	NOUN	NN					P		Nom	M
13007040	22	ihr	DET	PPOSAT					S		Nom	F
13007040	23	Zahl	NOUN	NN					S		Nom	F
13007040	24	sein	AUX	VAFIN		Fin	Past	3	S	Ind		
13007040	25	26000	NUM	CARD								
13007040	26	Mann	NOUN	NN					S		Nom	M
13008001	1	und	CCONJ	KON								
13008001	2	Benjamin	PROPN	NE					S		Nom	M
13008001	3	zeugen	VERB	VVFIN		Fin	Past	3	S	Ind		
13008001	4	Bela	PROPN	NE					S		Nom	M
13008001	5	sein	DET	PPOSAT					S		Acc	M
13008001	6	Erstgeboren	NOUN	NN					P		Nom	F
13008001	7	Aschbel	PROPN	NN					S		Nom	
13008001	8	der	DET	ART					S		Acc	M
13008001	9	zweiter	ADJ	ADJA	Pos				S		Dat	M
13008001	10	und	CCONJ	KON								
13008001	11	achrach	NOUN	NN					S		Nom	N
13008001	12	der	DET	ART					S		Acc	M
13008001	13	dritter	ADJ	ADJA	Pos				S		Acc	M
13008002	1	Nocha	PROPN	NE					S		Nom	
13008002	2	der	DET	ART					S		Acc	M
13008002	3	vierter	ADJ	ADJA	Pos				S		Acc	M
13008002	4	und	CCONJ	KON								
13008002	5	Rapha	PROPN	NE					S		Nom	
13008002	6	der	DET	ART					S		Acc	M
13008002	7	fünfter	ADJ	ADJA	Pos				S		Acc	M
13008003	1	und	CCONJ	KON								
13008003	2	Bela	PROPN	NE					S		Nom	M
13008003	3	haben	AUX	VAFIN		Fin	Past	3	S	Ind		
13008003	4	Sohn	NOUN	NN					P		Nom	M
13008003	5	Addar	NOUN	NE					S		Nom	M
13008003	6	und	CCONJ	KON								
13008003	7	Gera	PROPN	NE					S		Nom	N
13008003	8	und	CCONJ	KON								
13008003	9	Abihud	PROPN	NE					S		Nom	
13008004	1	und	CCONJ	KON								
13008004	2	Abischua	PROPN	NE					S		Nom	
13008004	3	und	CCONJ	KON								
13008004	4	Naaman	PROPN	NE					S		Nom	
13008004	5	und	CCONJ	KON								
13008004	6	Achoach	PROPN	NE					S		Nom	
13008005	1	und	CCONJ	KON								
13008005	2	Gera	PROPN	NE					S		Nom	N
13008005	3	und	CCONJ	KON								
13008005	4	Schephuphan	PROPN	NE					S		Nom	N
13008005	5	und	CCONJ	KON								
13008005	6	Huram	PROPN	NE					S		Nom	N
13008006	1	und	CCONJ	KON								
13008006	2	dieser	PRON	PDS					S		Nom	N
13008006	3	sein	AUX	VAFIN		Fin	Pres	3	P	Ind		
13008006	4	der	DET	ART					S		Nom	F
13008006	5	Sohn	NOUN	NN					P		Nom	M
13008006	6	Echud	PROPN	NE					S		Nom	N
13008006	7	dieser	DET	PDAT					S		Nom	F
13008006	8	sein	AUX	VAFIN		Fin	Past	3	P	Ind		
13008006	9	der	DET	ART					S		Nom	F
13008006	10	Häupter	NOUN	NN					P		Nom	N
13008006	11	der	DET	ART					S		Nom	M
13008006	12	Vater	NOUN	NN					P		Nom	M
13008006	13	der	DET	ART					S		Nom	M
13008006	14	Bewohner	NOUN	NN					P		Nom	M
13008006	15	von	ADP	APPR								
13008006	16	Geba	PROPN	NE					S		Nom	
13008006	17	und	CCONJ	KON								
13008006	18	man	PRON	PIS					S		Nom	
13008006	19	führen	VERB	VVFIN		Fin	Past	3	S	Ind		
13008006	20	sie	PRON	PPER				3	P		Nom	
13008006	21	Weg	ADV	PTKVZ								
13008006	22	nach	ADP	APPR								
13008006	23	Manachath	PROPN	NE					S		Nom	
13008007	1	nämlich	ADV	ADV								
13008007	2	Naaman	PROPN	NE					S		Nom	
13008007	3	und	CCONJ	KON								
13008007	4	Achija	NOUN	NN					S		Nom	F
13008007	5	und	CCONJ	KON								
13008007	6	Gera	PROPN	NE					S		Nom	N
13008007	7	dieser	PRON	PDAT					S		Nom	M
13008007	8	führen	VERB	VVFIN		Fin	Past	3	S	Ind		
13008007	9	sie	PRON	PPER				3	P		Nom	
13008007	10	Weg	ADV	PTKVZ								
13008007	11	er	PRON	PPER				3	S		Nom	M
13008007	12	zeugen	VERB	VVFIN		Fin	Past	3	S	Ind		
13008007	13	ussa	NOUN	NN					S		Nom	F
13008007	14	und	CCONJ	KON								
13008007	15	Achichud	NOUN	NN					S		Nom	N
13008008	1	und	CCONJ	KON								
13008008	2	Schacharaim	PROPN	NE					S		Nom	M
13008008	3	zeugen	VERB	VVFIN		Fin	Past	3	S	Ind		
13008008	4	Sohn	NOUN	NN					P		Nom	M
13008008	5	in	ADP	APPRART					S		Dat	N
13008008	6	Gefilde	NOUN	NN					P		Nom	N
13008008	7	Moab	PROPN	NE					S		Nom	
13008008	8	nachdem	SCONJ	KOUS								
13008008	9	er	PRON	PPER				3	S		Nom	M
13008008	10	Huschim	NOUN	NN					P		Nom	M
13008008	11	und	CCONJ	KON								
13008008	12	Baara	PROPN	NE					S		Nom	
13008008	13	sein	DET	PPOSAT					S		Nom	F
13008008	14	Weiber	NOUN	NN					P		Nom	M
13008008	15	entlassen	VERB	VVPP		Part						
13008008	16	haben	AUX	VAFIN		Fin	Past	3	S	Ind		
13008009	1	und	CCONJ	KON								
13008009	2	er	PRON	PPER				3	S		Nom	M
13008009	3	zeugen	VERB	VVFIN		Fin	Past	3	S	Ind		
13008009	4	von	ADP	APPR								
13008009	5	Hodesch	ADV	ADJD	Pos							
13008009	6	sein	DET	PPOSAT					S		Dat	M
13008009	7	Weibe	NOUN	NN					S		Nom	F
13008009	8	Jobab	PROPN	NE					S		Nom	M
13008009	9	und	CCONJ	KON								
13008009	10	Zibja	NOUN	NN					P		Nom	F
13008009	11	und	CCONJ	KON								
13008009	12	Mescha	PROPN	NE					S		Nom	N
13008009	13	und	CCONJ	KON								
13008009	14	Malkam	PROPN	NE					S		Gen	
13008010	1	und	CCONJ	KON								
13008010	2	Jeuz	PROPN	NE					S		Gen	
13008010	3	und	CCONJ	KON								
13008010	4	Schobja	NOUN	NN					S		Nom	N
13008010	5	und	CCONJ	KON								
13008010	6	Mirma	NOUN	NN					S		Nom	F
13008010	7	der	DET	ART					S		Nom	N
13008010	8	sein	AUX	VAFIN		Fin	Past	3	P	Ind		
13008010	9	sein	DET	PPOSAT					S		Nom	F
13008010	10	Sohn	NOUN	NN					P		Nom	M
13008010	11	Häupter	NOUN	NN					P		Nom	N
13008010	12	der	DET	ART					S		Nom	M
13008010	13	Vater	NOUN	NN					P		Nom	M
13008011	1	und	CCONJ	KON								
13008011	2	von	ADP	APPR								
13008011	3	Huschim	NOUN	NN					P		Nom	M
13008011	4	zeugen	VERB	VVFIN		Fin	Past	3	S	Ind		
13008011	5	er	PRON	PPER				3	S		Nom	M
13008011	6	Abitub	PROPN	NE					S		Nom	
13008011	7	und	CCONJ	KON								
13008011	8	Elpaal	PROPN	NE					S		Nom	M
13008012	1	und	CCONJ	KON								
13008012	2	der	DET	ART					S		Nom	F
13008012	3	Sohn	NOUN	NN					P		Nom	M
13008012	4	Elpaals	NOUN	NN					S		Nom	N
13008012	5	Heber	NOUN	NN					S		Nom	M
13008012	6	und	CCONJ	KON								
13008012	7	Mischeam	NOUN	NN					S		Nom	N
13008012	8	und	CCONJ	KON								
13008012	9	Schemer	PROPN	NE					S		Nom	
13008012	10	dieser	PRON	PDAT					S		Nom	M
13008012	11	bauen	VERB	VVFIN		Fin	Past	3	S	Ind		
13008012	12	Ono	PROPN	NE					S		Nom	
13008012	13	und	CCONJ	KON								
13008012	14	Lod	PROPN	NE					S		Nom	
13008012	15	und	CCONJ	KON								
13008012	16	sein	DET	PPOSAT					S		Nom	F
13008012	17	Tochterstadt	NOUN	NN					P		Nom	
13008013	1	und	CCONJ	KON								
13008013	2	Beria	PROPN	NE					S		Nom	
13008013	3	und	CCONJ	KON								
13008013	4	Schema	NOUN	NN					S		Nom	N
13008013	5	dieser	DET	PDAT					S		Nom	F
13008013	6	sein	AUX	VAFIN		Fin	Past	3	P	Ind		
13008013	7	der	DET	ART					S		Nom	F
13008013	8	Häupter	NOUN	NN					P		Nom	N
13008013	9	der	DET	ART					S		Nom	M
13008013	10	Vater	NOUN	NN					P		Nom	M
13008013	11	der	DET	ART					S		Nom	M
13008013	12	Bewohner	NOUN	NN					P		Nom	M
13008013	13	von	ADP	APPR								
13008013	14	Ajalon	NOUN	NN					S		Nom	N
13008013	15	sie	PRON	PPER				3	P		Nom	
13008013	16	verjagn	VERB	VVFIN		Fin	Past	3	P	Ind		
13008013	17	der	DET	ART					S		Nom	F
13008013	18	Bewohner	NOUN	NN					P		Nom	M
13008013	19	von	ADP	APPR								
13008013	20	Gath	PROPN	NE					S		Nom	
13008014	1	und	CCONJ	KON								
13008014	2	achjo	NOUN	NN					S		Nom	N
13008014	3	Schaschak	PROPN	NE					S		Nom	M
13008014	4	und	CCONJ	KON								
13008014	5	Jeremoth	PROPN	NE					S		Nom	F
13008015	1	und	CCONJ	KON								
13008015	2	Sebadja	PROPN	NE					S		Nom	F
13008015	3	und	CCONJ	KON								
13008015	4	Arad	PROPN	NE					S		Nom	N
13008015	5	und	CCONJ	KON								
13008015	6	Eder	PROPN	NE					S		Nom	
13008016	1	und	CCONJ	KON								
13008016	2	Michael	PROPN	NE					S		Nom	M
13008016	3	und	CCONJ	KON								
13008016	4	Jischpa	PROPN	NE					S		Gen	
13008016	5	und	CCONJ	KON								
13008016	6	Jocha	PROPN	NE					S		Nom	N
13008016	7	sein	AUX	VAFIN		Fin	Past	3	P	Ind		
13008016	8	der	DET	ART					S		Nom	F
13008016	9	Sohn	NOUN	NN					P		Nom	M
13008016	10	Berias	PROPN	NE					S		Nom	
13008017	1	und	CCONJ	KON								
13008017	2	Sebadja	PROPN	NE					S		Nom	F
13008017	3	und	CCONJ	KON								
13008017	4	Meschullam	PROPN	NE					S		Nom	
13008017	5	und	CCONJ	KON								
13008017	6	Hiski	PROPN	NE								
13008017	7	und	CCONJ	KON								
13008017	8	Heber	NOUN	NN					S		Nom	M
13008018	1	und	CCONJ	KON								
13008018	2	Jischmerai	PROPN	NE					S		Nom	F
13008018	3	und	CCONJ	KON								
13008018	4	Jislia	PROPN	NE					S		Nom	
13008018	5	und	CCONJ	KON								
13008018	6	Jobab	PROPN	NE					S		Nom	M
13008018	7	sein	AUX	VAFIN		Fin	Past	3	P	Ind		
13008018	8	der	DET	ART					S		Nom	F
13008018	9	Sohn	NOUN	NN					P		Nom	M
13008018	10	Elpaals	NOUN	NN					S		Nom	N
13008019	1	und	CCONJ	KON								
13008019	2	Jakim	NOUN	NE					S		Nom	
13008019	3	und	CCONJ	KON								
13008019	4	sichri	PROPN	NE					S		Nom	M
13008019	5	und	CCONJ	KON								
13008019	6	Sabdi	PROPN	NE					S		Gen	M
13008020	1	und	CCONJ	KON								
13008020	2	Elienai	NOUN	NN					S		Nom	N
13008020	3	und	CCONJ	KON								
13008020	4	Zillethai	PROPN	NE					S		Nom	
13008020	5	und	CCONJ	KON								
13008020	6	eliel	NOUN	NN					S		Nom	N
13008021	1	und	CCONJ	KON								
13008021	2	Adaja	PROPN	NE					S		Nom	
13008021	3	und	CCONJ	KON								
13008021	4	Beraja	PROPN	NE					S		Nom	
13008021	5	und	CCONJ	KON								
13008021	6	Schimrath	NOUN	NN					S		Nom	M
13008021	7	sein	AUX	VAFIN		Fin	Past	3	P	Ind		
13008021	8	der	DET	ART					S		Nom	F
13008021	9	Sohn	NOUN	NN					P		Nom	M
13008021	10	Simeis	NOUN	NN					S		Nom	M
13008022	1	und	CCONJ	KON								
13008022	2	Jischpan	PROPN	NE					S		Nom	N
13008022	3	und	CCONJ	KON								
13008022	4	Heber	NOUN	NN					S		Nom	M
13008022	5	und	CCONJ	KON								
13008022	6	eliel	NOUN	NN					S		Nom	N
13008023	1	und	CCONJ	KON								
13008023	2	Abdon	PROPN	NE					S		Nom	
13008023	3	und	CCONJ	KON								
13008023	4	sichri	PROPN	NE					S		Nom	M
13008023	5	und	CCONJ	KON								
13008023	6	Hanan	PROPN	NE					S		Nom	M
13008024	1	und	CCONJ	KON								
13008024	2	Hananja	PROPN	NE					S		Nom	N
13008024	3	und	CCONJ	KON								
13008024	4	Elam	PROPN	NE					S		Nom	
13008024	5	und	CCONJ	KON								
13008024	6	Anthothija	X	FM								
13008025	1	und	CCONJ	KON								
13008025	2	Jiphdeja	PROPN	NE					S		Gen	
13008025	3	und	CCONJ	KON								
13008025	4	Pnuel	NOUN	NN					S		Nom	F
13008025	5	sein	AUX	VAFIN		Fin	Past	3	P	Ind		
13008025	6	der	DET	ART					S		Nom	F
13008025	7	Sohn	NOUN	NN					P		Nom	M
13008025	8	Schaschaks	PROPN	NE					S		Nom	
13008026	1	und	CCONJ	KON								
13008026	2	Schamscherai	PROPN	NE					S		Nom	
13008026	3	und	CCONJ	KON								
13008026	4	Schecharja	PROPN	NN					S		Nom	
13008026	5	und	CCONJ	KON								
13008026	6	athalja	PROPN	NE					S		Nom	
13008027	1	und	CCONJ	KON								
13008027	2	Jaareschja	PROPN	NE					S		Nom	
13008027	3	und	CCONJ	KON								
13008027	4	Elia	PROPN	NE					S		Nom	M
13008027	5	und	CCONJ	KON								
13008027	6	sichri	PROPN	NE					S		Nom	M
13008027	7	sein	AUX	VAFIN		Fin	Past	3	P	Ind		
13008027	8	der	DET	ART					S		Nom	F
13008027	9	Sohn	NOUN	NN					P		Nom	M
13008027	10	Jerocham	PROPN	NE					S		Gen	
13008028	1	dieser	DET	PDAT					S		Nom	F
13008028	2	sein	AUX	VAFIN		Fin	Past	3	P	Ind		
13008028	3	Häupter	NOUN	NN					P		Nom	N
13008028	4	der	DET	ART					S		Nom	M
13008028	5	Vater	NOUN	NN					P		Nom	M
13008028	6	nach	ADP	APPR								
13008028	7	ihr	DET	PPOSAT					S		Acc	M
13008028	8	Geschlechter	NOUN	NN					P		Dat	M
13008028	9	Häupter	NOUN	NN					P		Nom	N
13008028	10	dieser	DET	PDAT					S		Nom	F
13008028	11	wohnen	VERB	VVFIN		Fin	Past	3	P	Ind		
13008028	12	zu	ADP	PTKVZ								
13008028	13	Jerusalem	PROPN	NE					S		Nom	N
13008029	1	und	CCONJ	KON								
13008029	2	in	ADP	APPR								
13008029	3	Gibeon	PROPN	NE								
13008029	4	wohnen	VERB	VVFIN		Fin	Past	3	S	Ind		
13008029	5	der	DET	ART					S		Nom	M
13008029	6	Vater	NOUN	NN					S		Nom	M
13008029	7	Gibeon	PROPN	NE					S		Gen	
13008029	8	und	CCONJ	KON								
13008029	9	der	DET	ART					S		Nom	M
13008029	10	Name	NOUN	NN					S		Nom	M
13008029	11	sein	DET	PPOSAT					S		Gen	M
13008029	12	Weibe	NOUN	NN					S		Gen	N
13008029	13	sein	AUX	VAFIN		Fin	Past	3	S	Ind		
13008029	14	Maaka	PROPN	NE					S		Nom	N
13008030	1	und	CCONJ	KON								
13008030	2	sein	AUX	VAINF		Inf						
13008030	3	erstgeboren	NOUN	NN					S		Nom	M
13008030	4	Sohn	NOUN	NN					S		Nom	M
13008030	5	sein	AUX	VAFIN		Fin	Past	3	S	Ind		
13008030	6	Abdon	PROPN	NE					S		Nom	
13008030	7	und	CCONJ	KON								
13008030	8	zu	ADP	APPRART					S		Dat	F
13008030	9	und	CCONJ	KON								
13008030	10	Kis	PROPN	NE					S		Nom	
13008030	11	und	CCONJ	KON								
13008030	12	Baal	PROPN	NE					S		Nom	M
13008030	13	und	CCONJ	KON								
13008030	14	Nadab	NOUN	NN					S		Nom	M
13008031	1	und	CCONJ	KON								
13008031	2	Gedor	ADV	ADJD	Pos							
13008031	3	und	CCONJ	KON								
13008031	4	achjo	NOUN	NN					S		Nom	N
13008031	5	und	CCONJ	KON								
13008031	6	Seker	NOUN	NN					P		Nom	M
13008032	1	und	CCONJ	KON								
13008032	2	Mikloth	PROPN	NE					S		Nom	M
13008032	3	zeugen	VERB	VVFIN		Fin	Past	3	S	Ind		
13008032	4	Schimea	PROPN	NE					S		Nom	
13008032	5	und	CCONJ	KON								
13008032	6	auch	ADV	ADV								
13008032	7	dieser	DET	PDAT					S		Nom	F
13008032	8	wohnen	VERB	VVFIN		Fin	Past	3	P	Ind		
13008032	9	ihr	DET	PPOSAT					S		Acc	M
13008032	10	Brüdern	NOUN	NN					P		Dat	M
13008032	11	gegenüber	ADP	APPO								
13008032	12	in	ADP	APPR								
13008032	13	Jerusalem	PROPN	NE					S		Nom	N
13008032	14	bei	ADP	APPR								
13008032	15	ihr	DET	PPOSAT					S		Acc	M
13008032	16	Brüdern	NOUN	NN					P		Dat	M
13008033	1	und	CCONJ	KON								
13008033	2	Ner	PROPN	NE					S		Nom	
13008033	3	zeugen	VERB	VVFIN		Fin	Past	3	S	Ind		
13008033	4	Kis	PROPN	NE					S		Nom	
13008033	5	und	CCONJ	KON								
13008033	6	Kis	PROPN	NE					S		Nom	
13008033	7	zeugen	VERB	VVFIN		Fin	Past	3	S	Ind		
13008033	8	Saul	PROPN	NE					S		Nom	M
13008033	9	und	CCONJ	KON								
13008033	10	Saul	PROPN	NE					S		Nom	M
13008033	11	zeugen	VERB	VVFIN		Fin	Past	3	S	Ind		
13008033	12	Jonathan	PROPN	NE					S		Nom	M
13008033	13	und	CCONJ	KON								
13008033	14	Malkischua	PROPN	NE					S		Nom	
13008033	15	und	CCONJ	KON								
13008033	16	Abinadab	NOUN	NN					S		Nom	F
13008033	17	und	CCONJ	KON								
13008033	18	Esch-Baal	NOUN	NE					S		Nom	M
13008034	1	und	CCONJ	KON								
13008034	2	der	DET	ART					S		Nom	M
13008034	3	Sohn	NOUN	NN					S		Nom	M
13008034	4	Jonathan	PROPN	NE					S		Gen	M
13008034	5	sein	AUX	VAFIN		Fin	Past	3	S	Ind		
13008034	6	Merib-Baal	NOUN	NN					S		Nom	M
13008034	7	und	CCONJ	KON								
13008034	8	Merib-Baal	NOUN	NN					S		Nom	M
13008034	9	zeugen	VERB	VVFIN		Fin	Past	3	S	Ind		
13008034	10	Micha	PROPN	NE					S		Nom	M
13008035	1	und	CCONJ	KON								
13008035	2	der	DET	ART					S		Nom	F
13008035	3	Sohn	NOUN	NN					P		Nom	M
13008035	4	Micha	PROPN	NE					S		Gen	M
13008035	5	sein	AUX	VAFIN		Fin	Past	3	P	Ind		
13008035	6	Pithon	PROPN	NE					S		Nom	
13008035	7	und	CCONJ	KON								
13008035	8	Melek	PROPN	NE					S		Nom	
13008035	9	und	CCONJ	KON								
13008035	10	Tharea	PROPN	NE					S		Nom	
13008035	11	und	CCONJ	KON								
13008035	12	Acha	PROPN	NE					S		Nom	
13008036	1	und	CCONJ	KON								
13008036	2	Acha	PROPN	NE					S		Nom	
13008036	3	zeugen	VERB	VVFIN		Fin	Past	3	S	Ind		
13008036	4	Jehoadda	PROPN	NE					S		Nom	
13008036	5	und	CCONJ	KON								
13008036	6	Jehoadda	PROPN	NE					S		Nom	
13008036	7	zeugen	VERB	VVFIN		Fin	Past	3	S	Ind		
13008036	8	Alemeth	PROPN	NE					S		Nom	N
13008036	9	und	CCONJ	KON								
13008036	10	Asmaweth	PROPN	NE					S		Nom	
13008036	11	und	CCONJ	KON								
13008036	12	Simri	PROPN	NE					S		Nom	
13008036	13	und	CCONJ	KON								
13008036	14	Simri	PROPN	NE					S		Nom	
13008036	15	zeugen	VERB	VVFIN		Fin	Past	3	S	Ind		
13008036	16	Moza	PROPN	NE					S		Nom	
13008037	1	und	CCONJ	KON								
13008037	2	Moza	PROPN	NE					S		Nom	
13008037	3	zeugen	VERB	VVFIN		Fin	Past	3	S	Ind		
13008037	4	Binea	PROPN	NE					S		Nom	N
13008037	5	der	PRON	PDS					S		Gen	
13008037	6	Sohn	NOUN	NN					S		Nom	M
13008037	7	Rapha	PROPN	NE					S		Nom	
13008037	8	der	PRON	PDS					S		Gen	
13008037	9	Sohn	NOUN	NN					S		Nom	M
13008037	10	Elasa	PROPN	NE					S		Nom	M
13008037	11	der	PRON	PDS					S		Gen	
13008037	12	Sohn	NOUN	NN					S		Nom	M
13008037	13	Azel	PROPN	NE					S		Nom	
13008038	1	und	CCONJ	KON								
13008038	2	Azel	PROPN	NE					S		Nom	
13008038	3	haben	AUX	VAFIN		Fin	Past	3	S	Ind		
13008038	4	sechs	NUM	CARD								
13008038	5	Sohn	NOUN	NN					P		Nom	M
13008038	6	und	CCONJ	KON								
13008038	7	dieser	PRON	PDS					S		Nom	N
13008038	8	sein	AUX	VAFIN		Fin	Pres	3	P	Ind		
13008038	9	ihr	DET	PPOSAT					S		Nom	F
13008038	10	Name	NOUN	NN					P		Nom	M
13008038	11	Asrikam	PROPN	NE					S		Nom	
13008038	12	Bokru	NOUN	NE					S		Nom	M
13008038	13	und	CCONJ	KON								
13008038	14	Ismael	PROPN	NE					S		Nom	M
13008038	15	und	CCONJ	KON								
13008038	16	Schearja	PROPN	NE					S		Nom	
13008038	17	und	CCONJ	KON								
13008038	18	Obadja	PROPN	NE					S		Nom	
13008038	19	und	CCONJ	KON								
13008038	20	Hanan	PROPN	NE					S		Nom	M
13008038	21	alle	PRON	PIS					P		Nom	
13008038	22	dieser	DET	PDAT					S		Nom	F
13008038	23	sein	AUX	VAFIN		Fin	Past	3	P	Ind		
13008038	24	Sohn	NOUN	NN					P		Nom	M
13008038	25	Azel	NOUN	NN					P		Nom	N
13008039	1	und	CCONJ	KON								
13008039	2	der	DET	ART					S		Nom	F
13008039	3	Sohn	NOUN	NN					P		Nom	M
13008039	4	Eschek	PROPN	NE					S		Nom	
13008039	5	sein	DET	PPOSAT					S		Gen	M
13008039	6	Bruder	NOUN	NN					S		Gen	M
13008039	7	Ulam	PROPN	NE					S		Nom	
13008039	8	sein	AUX	VAINF		Inf						
13008039	9	Erstgeborener	NOUN	NN					S		Nom	M
13008039	10	Jeghusch	PROPN	NE					S		Nom	M
13008039	11	der	DET	ART					S		Nom	M
13008039	12	zweiter	ADJ	ADJA	Pos				S		Nom	F
13008039	13	und	CCONJ	KON								
13008039	14	Eliphelet	PROPN	NE								
13008039	15	der	DET	ART					S		Nom	M
13008039	16	dritter	ADJ	ADJA	Pos				S		Nom	F
13008040	1	und	CCONJ	KON								
13008040	2	der	DET	ART					S		Nom	F
13008040	3	Sohn	NOUN	NN					P		Nom	M
13008040	4	Ulam	PROPN	NE					S		Gen	
13008040	5	sein	AUX	VAFIN		Fin	Past	3	P	Ind		
13008040	6	tapferen	VERB	VVFIN		Fin	Pres	3	S	Sub		
13008040	7	Kriegsmänner	NOUN	NN					P		Nom	M
13008040	8	der	DET	ART					S		Nom	F
13008040	9	der	DET	ART					S		Acc	M
13008040	10	Bogen	NOUN	NN					S		Nom	M
13008040	11	spannen	VERB	VVFIN		Fin	Past	3	P	Ind		
13008040	12	und	CCONJ	KON								
13008040	13	sie	PRON	PPER				3	P		Nom	
13008040	14	haben	AUX	VAFIN		Fin	Past	3	P	Ind		
13008040	15	vieler	PRON	PIS					P		Nom	
13008040	16	Sohn	NOUN	NN					P		Nom	M
13008040	17	und	CCONJ	KON								
13008040	18	Enkel	NOUN	NN					S		Nom	M
13008040	19	150	NUM	CARD								
13008040	20	alle	PRON	PIS					P		Nom	
13008040	21	dieser	DET	PDAT					S		Nom	F
13008040	22	sein	AUX	VAFIN		Fin	Pres	3	P	Ind		
13008040	23	von	ADP	APPR								
13008040	24	der	DET	ART					S		Acc	M
13008040	25	Söhn	NOUN	NN					P		Dat	M
13008040	26	Benjamin	PROPN	NE					S		Gen	
13009001	1	und	CCONJ	KON								
13009001	2	ganz	ADV	ADV								
13009001	3	Israel	PROPN	NE					S		Nom	N
13009001	4	werden	AUX	VAFIN		Fin	Past	3	S	Ind		
13009001	5	in	ADP	APPRART					S		Dat	N
13009001	6	Geschlechtsverzeichnis	PROPN	NE					S		Nom	
13009001	7	verzeichnen	VERB	VVFIN		Fin	Pres	3	S	Ind		
13009001	8	und	CCONJ	KON								
13009001	9	sehen	VERB	VVIMP				2	S	Imp		
13009001	10	sie	PRON	PPER				3	P		Nom	
13009001	11	sein	AUX	VAFIN		Fin	Pres	3	P	Ind		
13009001	12	aufgeschrieben	VERB	VVPP		Part						
13009001	13	in	ADP	APPR								
13009001	14	der	DET	ART					S		Dat	M
13009001	15	Buch	NOUN	NN					P		Nom	N
13009001	16	der	DET	ART					S		Nom	M
13009001	17	König	NOUN	NN					P		Nom	M
13009001	18	von	ADP	APPR								
13009001	19	Israel	PROPN	NE					S		Nom	N
13009001	20	und	CCONJ	KON								
13009001	21	Juda	PROPN	NE					S		Nom	M
13009001	22	werden	AUX	VAFIN		Fin	Past	3	S	Ind		
13009001	23	wegen	ADP	APPR								
13009001	24	sein	DET	PPOSAT					S		Dat	F
13009001	25	Untreue	NOUN	NN					S		Nom	F
13009001	26	nach	ADP	APPR								
13009001	27	Babel	NOUN	NN					S		Nom	N
13009001	28	wegführen	VERB	VVPP		Part						
13009002	1	und	CCONJ	KON								
13009002	2	der	DET	ART					S		Nom	F
13009002	3	erster	ADJ	ADJA	Pos				S		Dat	M
13009002	4	Bewohner	NOUN	NN					P		Nom	M
13009002	5	welcher	DET	PWAT					S		Nom	F
13009002	6	in	ADP	APPR								
13009002	7	ihr	DET	PPOSAT					S		Dat	N
13009002	8	Besitztum	NOUN	NN					S		Nom	N
13009002	9	in	ADP	APPR								
13009002	10	ihr	DET	PPOSAT					S		Acc	M
13009002	11	Stadt	NOUN	NN					P		Nom	F
13009002	12	wohnen	VERB	VVFIN		Fin	Past	3	P	Ind		
13009002	13	sein	AUX	VAFIN		Fin	Past	3	P	Ind		
13009002	14	Israel	PROPN	NE					S		Nom	N
13009002	15	der	DET	ART					S		Nom	F
13009002	16	Priester	NOUN	NN					P		Nom	M
13009002	17	der	DET	ART					S		Nom	F
13009002	18	Levit	NOUN	NN					P		Nom	M
13009002	19	und	CCONJ	KON								
13009002	20	der	DET	ART					S		Nom	F
13009002	21	Nethinim	NOUN	NE					S		Nom	M
13009003	1	und	CCONJ	KON								
13009003	2	in	ADP	APPR								
13009003	3	Jerusalem	PROPN	NE					S		Nom	N
13009003	4	wohnen	VERB	VVFIN		Fin	Past	3	P	Ind		
13009003	5	von	ADP	APPR								
13009003	6	der	DET	ART					S		Acc	M
13009003	7	Söhn	NOUN	NN					P		Dat	M
13009003	8	Judas	PROPN	NE					S		Nom	M
13009003	9	und	CCONJ	KON								
13009003	10	von	ADP	APPR								
13009003	11	der	DET	ART					S		Acc	M
13009003	12	Söhn	NOUN	NN					P		Dat	M
13009003	13	Benjamin	PROPN	NE					S		Gen	
13009003	14	und	CCONJ	KON								
13009003	15	von	ADP	APPR								
13009003	16	der	DET	ART					S		Acc	M
13009003	17	Söhn	NOUN	NN					P		Dat	M
13009003	18	Ephraim	PROPN	PDS					S		Nom	F
13009003	19	und	CCONJ	KON								
13009003	20	Manasse	PROPN	NE					S		Gen	M
13009004	1	Uthai	PROPN	NE					S		Nom	
13009004	2	der	DET	ART					S		Nom	M
13009004	3	Sohn	NOUN	NN					S		Nom	M
13009004	4	Ammihud	NOUN	NN					S		Nom	N
13009004	5	der	DET	ART					S		Gen	M
13009004	6	Sohn	PROPN	NE					S		Gen	M
13009004	7	Omri	PROPN	NE					S		Nom	
13009004	8	der	DET	ART					S		Gen	M
13009004	9	Sohn	PROPN	NE					S		Gen	M
13009004	10	Imris	PROPN	NE					S		Nom	
13009004	11	der	DET	ART					S		Gen	M
13009004	12	Sohn	PROPN	NE					S		Gen	M
13009004	13	Bani	NOUN	NN					S		Nom	F
13009004	14	von	ADP	APPR								
13009004	15	der	DET	ART					S		Acc	M
13009004	16	Söhn	NOUN	NN					P		Dat	M
13009004	17	Perez	PROPN	NE					S		Nom	
13009004	18	der	DET	ART					S		Gen	M
13009004	19	Sohn	PROPN	NE					S		Gen	M
13009004	20	Judas	PROPN	NE					S		Nom	M
13009005	1	und	CCONJ	KON								
13009005	2	von	ADP	APPR								
13009005	3	der	DET	ART					S		Acc	M
13009005	4	Schiloniter	NOUN	NN					P		Dat	M
13009005	5	Asaja	PROPN	NE					S		Nom	
13009005	6	der	DET	ART					S		Nom	M
13009005	7	Erstgeborene	NOUN	NN					S		Nom	F
13009005	8	und	CCONJ	KON								
13009005	9	sein	DET	PPOSAT					S		Nom	F
13009005	10	Sohn	NOUN	NN					P		Nom	M
13009006	1	und	CCONJ	KON								
13009006	2	von	ADP	APPR								
13009006	3	der	DET	ART					S		Acc	M
13009006	4	Söhn	NOUN	NN					P		Dat	M
13009006	5	Serach	PROPN	NE					S		Gen	
13009006	6	Jeghuel	PROPN	NE					S		Nom	N
13009006	7	und	CCONJ	KON								
13009006	8	sein	DET	PPOSAT					S		Nom	F
13009006	9	Bruder	NOUN	NN					P		Nom	M
13009006	10	690	NUM	CARD								
13009007	1	und	CCONJ	KON								
13009007	2	von	ADP	APPR								
13009007	3	der	DET	ART					S		Acc	M
13009007	4	Söhn	NOUN	NN					P		Dat	M
13009007	5	Benjamin	PROPN	NE					S		Gen	
13009007	6	Sallu	PROPN	NE					S		Nom	
13009007	7	der	DET	ART					S		Nom	M
13009007	8	Sohn	NOUN	NN					S		Nom	M
13009007	9	Meschullam	PROPN	NE					S		Gen	
13009007	10	der	DET	ART					S		Gen	M
13009007	11	Sohn	PROPN	NE					S		Gen	M
13009007	12	Hodawjas	PROPN	NE					S		Nom	
13009007	13	der	DET	ART					S		Gen	M
13009007	14	Sohn	PROPN	NE					S		Gen	M
13009007	15	Hassenua	PROPN	NE					S		Gen	N
13009008	1	und	CCONJ	KON								
13009008	2	Jibneja	PROPN	NE					S		Gen	M
13009008	3	der	DET	ART					S		Nom	M
13009008	4	Sohn	NOUN	NN					S		Nom	M
13009008	5	Jerocham	PROPN	NE					S		Gen	
13009008	6	und	CCONJ	KON								
13009008	7	Ela	PROPN	NE					S		Nom	
13009008	8	der	DET	ART					S		Nom	M
13009008	9	Sohn	NOUN	NN					S		Nom	M
13009008	10	Ussis	NOUN	NN					S		Nom	M
13009008	11	der	DET	ART					S		Gen	M
13009008	12	Sohn	PROPN	NE					S		Gen	M
13009008	13	Mikri	PROPN	NE					S		Nom	
13009008	14	und	CCONJ	KON								
13009008	15	Meschullam	PROPN	NE					S		Nom	
13009008	16	der	DET	ART					S		Nom	M
13009008	17	Sohn	NOUN	NN					S		Nom	M
13009008	18	Schephatjas	NOUN	NN					S		Nom	F
13009008	19	der	DET	ART					S		Gen	M
13009008	20	Sohn	PROPN	NE					S		Gen	M
13009008	21	Reghuel	NOUN	NE					P		Nom	M
13009008	22	der	DET	ART					S		Gen	M
13009008	23	Sohn	PROPN	NE					S		Gen	M
13009008	24	Jibnijas	NOUN	NN					S		Nom	N
13009009	1	und	CCONJ	KON								
13009009	2	ihr	DET	PPOSAT					S		Nom	F
13009009	3	Bruder	NOUN	NN					P		Nom	M
13009009	4	nach	ADP	APPR								
13009009	5	ihr	DET	PPOSAT					S		Acc	M
13009009	6	Geschlechter	NOUN	NN					P		Dat	M
13009009	7	956	NUM	CARD								
13009009	8	alle	PRON	PIS					P		Nom	
13009009	9	dieser	DET	PDAT					S		Nom	F
13009009	10	Mann	NOUN	NN					P		Nom	M
13009009	11	sein	AUX	VAFIN		Fin	Past	3	P	Ind		
13009009	12	Häupter	NOUN	NN					P		Nom	N
13009009	13	der	DET	ART					S		Nom	M
13009009	14	Vater	NOUN	NN					P		Nom	M
13009009	15	ihr	DET	PPOSAT					S		Dat	F
13009009	16	Vaterhaus	NOUN	NN					P		Nom	N
13009010	1	und	CCONJ	KON								
13009010	2	von	ADP	APPR								
13009010	3	der	DET	ART					S		Acc	M
13009010	4	Priester	NOUN	NN					P		Dat	M
13009010	5	Jedaja	PROPN	NE					S		Nom	
13009010	6	und	CCONJ	KON								
13009010	7	Jehojarib	NOUN	NN					S		Nom	N
13009010	8	und	CCONJ	KON								
13009010	9	Jakin	PROPN	NE					S		Nom	M
13009011	1	und	CCONJ	KON								
13009011	2	Asarja	PROPN	NE					S		Nom	
13009011	3	der	DET	ART					S		Nom	M
13009011	4	Sohn	NOUN	NN					S		Nom	M
13009011	5	Hilkijas	NOUN	NN					S		Nom	F
13009011	6	der	DET	ART					S		Gen	M
13009011	7	Sohn	PROPN	NE					S		Gen	M
13009011	8	Meschullam	PROPN	NE					S		Gen	
13009011	9	der	DET	ART					S		Gen	M
13009011	10	Sohn	PROPN	NE					S		Gen	M
13009011	11	Zadoks	PROPN	NE					S		Nom	
13009011	12	der	DET	ART					S		Gen	M
13009011	13	Sohn	PROPN	NE					S		Gen	M
13009011	14	Merajoth	PROPN	NE					S		Gen	
13009011	15	der	DET	ART					S		Gen	M
13009011	16	Sohn	PROPN	NE					S		Gen	M
13009011	17	Ahitub	PROPN	NE					S		Gen	
13009011	18	Oberaufseher	NOUN	NN					S		Nom	M
13009011	19	der	DET	ART					S		Gen	M
13009011	20	Haus	NOUN	NN					S		Gen	N
13009011	21	Gott	NOUN	NN					S		Gen	M
13009012	1	und	CCONJ	KON								
13009012	2	Adaja	PROPN	NE					S		Nom	
13009012	3	der	DET	ART					S		Nom	M
13009012	4	Sohn	NOUN	NN					S		Nom	M
13009012	5	Jerocham	PROPN	NE					S		Gen	
13009012	6	der	DET	ART					S		Gen	M
13009012	7	Sohn	PROPN	NE					S		Gen	M
13009012	8	Paschchurs	PROPN	NE					S		Nom	
13009012	9	der	DET	ART					S		Gen	M
13009012	10	Sohn	PROPN	NE					S		Gen	M
13009012	11	Malkijas	NOUN	NN					S		Nom	F
13009012	12	und	CCONJ	KON								
13009012	13	Masai	PROPN	NE					S		Nom	
13009012	14	der	DET	ART					S		Nom	M
13009012	15	Sohn	NOUN	NN					S		Nom	M
13009012	16	Adiel	PROPN	NE					S		Gen	
13009012	17	der	DET	ART					S		Gen	M
13009012	18	Sohn	PROPN	NE					S		Gen	M
13009012	19	Jachsera	PROPN	NE					S		Nom	
13009012	20	der	DET	ART					S		Gen	M
13009012	21	Sohn	PROPN	NE					S		Gen	M
13009012	22	Meschullam	PROPN	NE					S		Gen	
13009012	23	der	DET	ART					S		Gen	M
13009012	24	Sohn	PROPN	NE					S		Gen	M
13009012	25	Meschillemith	PROPN	NE					S		Gen	
13009012	26	der	DET	ART					S		Gen	M
13009012	27	Sohn	PROPN	NE					S		Gen	M
13009012	28	Immer	PROPN	NE					S		Gen	
13009013	1	und	CCONJ	KON								
13009013	2	ihr	DET	PPOSAT					S		Nom	F
13009013	3	Bruder	NOUN	NN					P		Nom	M
13009013	4	Häupter	NOUN	NN					P		Nom	N
13009013	5	ihr	DET	PPOSAT					S		Dat	F
13009013	6	Vaterhaus	NOUN	NN					P		Nom	N
13009013	7	1760	NUM	CARD								
13009013	8	tüchtig	ADJ	ADJA	Pos				S		Nom	N
13009013	9	Mann	NOUN	NN					P		Nom	M
13009013	10	in	ADP	APPRART					S		Dat	N
13009013	11	Werk	NOUN	NN					P		Nom	N
13009013	12	der	DET	ART					S		Gen	M
13009013	13	Dienst	NOUN	NN					S		Gen	M
13009013	14	der	DET	ART					S		Gen	M
13009013	15	Haus	NOUN	NN					S		Gen	N
13009013	16	Gott	NOUN	NN					S		Gen	M
13009014	1	und	CCONJ	KON								
13009014	2	von	ADP	APPR								
13009014	3	der	DET	ART					S		Acc	M
13009014	4	Levit	NOUN	NN					P		Nom	M
13009014	5	Schemaja	PROPN	NE					S		Nom	M
13009014	6	der	DET	ART					S		Nom	M
13009014	7	Sohn	NOUN	NN					S		Nom	M
13009014	8	Haschub	PROPN	NE					S		Gen	
13009014	9	der	DET	ART					S		Gen	M
13009014	10	Sohn	PROPN	NE					S		Gen	M
13009014	11	Asrikam	PROPN	NE					S		Gen	
13009014	12	der	DET	ART					S		Gen	M
13009014	13	Sohn	PROPN	NE					S		Gen	M
13009014	14	Haschabjas	NOUN	NN					S		Nom	F
13009014	15	von	ADP	APPR								
13009014	16	der	DET	ART					S		Acc	M
13009014	17	Söhn	NOUN	NN					P		Dat	M
13009014	18	Merari	PROPN	NE					S		Gen	
13009015	1	und	CCONJ	KON								
13009015	2	Bakbakkar	PROPN	NE					S		Nom	M
13009015	3	heresch	ADV	ADJD	Pos							
13009015	4	und	CCONJ	KON								
13009015	5	Galal	PROPN	NE					S		Nom	M
13009015	6	und	CCONJ	KON								
13009015	7	Mattanja	PROPN	NE					S		Nom	
13009015	8	der	DET	ART					S		Nom	M
13009015	9	Sohn	NOUN	NN					S		Nom	M
13009015	10	Micha	PROPN	NE					S		Gen	M
13009015	11	der	DET	ART					S		Gen	M
13009015	12	Sohn	PROPN	NE					S		Gen	M
13009015	13	Sichri	PROPN	NE					S		Nom	
13009015	14	der	DET	ART					S		Gen	M
13009015	15	Sohn	PROPN	NE					S		Gen	M
13009015	16	Asaphs	PROPN	NE					S		Nom	N
13009016	1	und	CCONJ	KON								
13009016	2	Obadja	PROPN	NE					S		Nom	
13009016	3	der	DET	ART					S		Nom	M
13009016	4	Sohn	NOUN	NN					S		Nom	M
13009016	5	Schemajas	PROPN	NE					S		Nom	
13009016	6	der	DET	ART					S		Gen	M
13009016	7	Sohn	PROPN	NE					S		Gen	M
13009016	8	Gallal	PROPN	NN					S		Gen	N
13009016	9	der	DET	ART					S		Gen	M
13009016	10	Sohn	PROPN	NE					S		Gen	M
13009016	11	Jeduthuns	PROPN	NE					S		Nom	
13009016	12	und	CCONJ	KON								
13009016	13	Berekja	PROPN	NE					S		Nom	
13009016	14	der	DET	ART					S		Nom	M
13009016	15	Sohn	NOUN	NN					S		Nom	M
13009016	16	Asa	PROPN	NE					S		Gen	
13009016	17	der	DET	ART					S		Gen	M
13009016	18	Sohn	PROPN	NE					S		Gen	M
13009016	19	Elkana	PROPN	NE					S		Gen	N
13009016	20	der	DET	ART					S		Nom	M
13009016	21	in	ADP	APPR								
13009016	22	der	DET	ART					S		Acc	M
13009016	23	Dorf	NOUN	NN					P		Dat	N
13009016	24	der	DET	ART					S		Nom	M
13009016	25	Netophathiter	NOUN	NN					P		Nom	F
13009016	26	wohnen	VERB	VVFIN		Fin	Past	3	S	Ind		
13009017	1	und	CCONJ	KON								
13009017	2	der	DET	ART					S		Nom	F
13009017	3	Torhüter	NOUN	NN					S		Nom	M
13009017	4	Schallum	PROPN	NE					S		Nom	
13009017	5	und	CCONJ	KON								
13009017	6	akkub	PROPN	NE					S		Nom	
13009017	7	und	CCONJ	KON								
13009017	8	Talmon	PROPN	NE					S		Nom	N
13009017	9	und	CCONJ	KON								
13009017	10	Achiman	PROPN	NE					S		Nom	
13009017	11	und	CCONJ	KON								
13009017	12	ihr	DET	PPOSAT					S		Nom	F
13009017	13	Bruder	NOUN	NN					P		Nom	M
13009017	14	Schallum	PROPN	NE					S		Nom	
13009017	15	sein	AUX	VAFIN		Fin	Past	3	S	Ind		
13009017	16	der	DET	ART					S		Nom	N
13009017	17	Haupt	NOUN	NN					S		Nom	N
13009018	1	und	CCONJ	KON								
13009018	2	bis	CCONJ	KON								
13009018	3	jetzt	ADV	ADV								
13009018	4	sein	AUX	VAFIN		Fin	Past	3	P	Ind		
13009018	5	sie	PRON	PPER				3	P		Nom	
13009018	6	in	ADP	APPRART					S		Dat	N
13009018	7	Königstor	NOUN	NN					S		Nom	M
13009018	8	gegen	ADP	APPR								
13009018	9	Sonnenaufgang	NOUN	NN					S		Nom	M
13009018	10	sie	PRON	PPER				3	P		Nom	
13009018	11	sein	AUX	VAFIN		Fin	Past	3	P	Ind		
13009018	12	der	DET	ART					S		Nom	F
13009018	13	Torhüter	NOUN	NN					S		Nom	M
13009018	14	der	DET	ART					S		Nom	M
13009018	15	Lager	NOUN	NN					S		Nom	N
13009018	16	der	DET	ART					S		Nom	M
13009018	17	Sohn	NOUN	NN					P		Nom	M
13009018	18	Levis	PROPN	NE								F
13009019	1	und	CCONJ	KON								
13009019	2	Schallum	PROPN	NE					S		Nom	
13009019	3	der	DET	ART					S		Nom	M
13009019	4	Sohn	NOUN	NN					S		Nom	M
13009019	5	Kores	PROPN	NE					S		Nom	M
13009019	6	der	DET	ART					S		Gen	M
13009019	7	Sohn	PROPN	NE					S		Gen	M
13009019	8	Ebjasaphs	NOUN	NE					S		Nom	F
13009019	9	der	DET	ART					S		Gen	M
13009019	10	Sohn	PROPN	NE					S		Gen	M
13009019	11	Korah	PROPN	NE					S		Gen	M
13009019	12	und	CCONJ	KON								
13009019	13	sein	DET	PPOSAT					S		Nom	F
13009019	14	Bruder	NOUN	NN					P		Nom	M
13009019	15	von	ADP	APPRART					S		Dat	N
13009019	16	Haus	NOUN	NN					P		Nom	N
13009019	17	sein	DET	PPOSAT					S		Gen	M
13009019	18	Vater	NOUN	NN					S		Gen	M
13009019	19	der	DET	ART					S		Nom	F
13009019	20	Korhiter	NOUN	NN					S		Nom	M
13009019	21	sein	AUX	VAFIN		Fin	Past	3	P	Ind		
13009019	22	über	ADP	APPR								
13009019	23	der	DET	ART					S		Nom	N
13009019	24	Werk	NOUN	NN					S		Nom	N
13009019	25	der	DET	ART					S		Gen	M
13009019	26	Dienst	NOUN	NN					S		Gen	M
13009019	27	als	ADP	KOKOM								
13009019	28	Hüter	NOUN	NN					P		Nom	M
13009019	29	der	DET	ART					S		Nom	M
13009019	30	Schwelle	NOUN	NN					P		Nom	F
13009019	31	der	DET	ART					S		Gen	M
13009019	32	Zelt	NOUN	NN					S		Nom	N
13009019	33	und	CCONJ	KON								
13009019	34	ihr	DET	PPOSAT					S		Nom	F
13009019	35	Vater	NOUN	NN					P		Nom	M
13009019	36	sein	AUX	VAFIN		Fin	Past	3	P	Ind		
13009019	37	über	ADP	APPR								
13009019	38	der	DET	ART					S		Nom	N
13009019	39	Lager	NOUN	NN					S		Nom	N
13009019	40	Jahwe	PROPN	NE					S		Gen	
13009019	41	als	ADP	KOKOM								
13009019	42	Hüter	NOUN	NN					P		Nom	M
13009019	43	der	DET	ART					S		Gen	M
13009019	44	Eingang	PROPN	NN					S		Gen	
13009019	45	sein	AUX	VAPP		Part						
13009020	1	und	CCONJ	KON								
13009020	2	Pineha	PROPN	NE					S		Gen	
13009020	3	der	DET	ART					S		Nom	M
13009020	4	Sohn	NOUN	NN					S		Nom	M
13009020	5	Eleasar	PROPN	FM					S		Gen	
13009020	6	sein	AUX	VAFIN		Fin	Past	3	S	Ind		
13009020	7	vordem	ADV	PROAV								
13009020	8	Fürst	NOUN	NN					S		Nom	M
13009020	9	über	ADP	APPR								
13009020	10	sie	PRON	PPER				3	P		Nom	
13009020	11	Jahwe	NOUN	NN					S		Nom	M
13009020	12	sein	AUX	VAFIN		Fin	Past	3	S	Ind		
13009020	13	mit	ADP	APPR								
13009020	14	ihm	PRON	PPER				3	S		Dat	M
13009021	1	Sekarja	PROPN	NN					S		Nom	
13009021	2	der	DET	ART					S		Nom	M
13009021	3	Sohn	NOUN	NN					S		Nom	M
13009021	4	Meschelemjas	NOUN	NN					S		Nom	F
13009021	5	sein	AUX	VAFIN		Fin	Past	3	S	Ind		
13009021	6	Torhüter	NOUN	NN					S		Nom	M
13009021	7	an	ADP	APPRART					S		Dat	M
13009021	8	Eingang	NOUN	NN					S		Nom	M
13009021	9	der	DET	ART					S		Gen	M
13009021	10	Zelt	NOUN	NN					S		Nom	N
13009021	11	der	DET	ART					S		Nom	M
13009021	12	Zusammenkunft	NOUN	NN					S		Nom	F
13009022	1	sie	PRON	PPER				3	P		Nom	
13009022	2	aller	PRON	PIS					P		Nom	
13009022	3	auserlesen	VERB	VVPP		Part						
13009022	4	zu	ADP	PTKVZ								
13009022	5	Torhüter	NOUN	NN					P		Dat	M
13009022	6	an	ADP	PTKVZ								
13009022	7	der	DET	ART					S		Acc	M
13009022	8	Schwelle	NOUN	NN					P		Nom	F
13009022	9	sein	AUX	VAFIN		Fin	Past	3	P	Ind		
13009022	10	212	NUM	CARD								
13009022	11	sie	PRON	PPER				3	P		Nom	
13009022	12	werden	AUX	VAFIN		Fin	Past	3	P	Ind		
13009022	13	in	ADP	APPR								
13009022	14	ihr	DET	PPOSAT					S		Acc	M
13009022	15	Dorf	NOUN	NN					P		Dat	N
13009022	16	verzeichnen	VERB	VVFIN		Fin	Pres	3	S	Ind		
13009022	17	David	PROPN	NE					S		Nom	M
13009022	18	und	CCONJ	KON								
13009022	19	Samuel	PROPN	NE					S		Nom	M
13009022	20	der	DET	ART					S		Nom	M
13009022	21	Seher	NOUN	NN					S		Nom	M
13009022	22	haben	AUX	VAFIN		Fin	Past	3	P	Ind		
13009022	23	derselbe	DET	PDAT					S		Nom	F
13009022	24	in	ADP	APPR								
13009022	25	ihr	PRON	PPOSAT				3	S		Dat	F
13009022	26	Amt	NOUN	NN					S		Nom	N
13009022	27	einsetzen	VERB	VVPP		Part						
13009023	1	und	CCONJ	KON								
13009023	2	sie	PRON	PPER				3	P		Nom	
13009023	3	und	CCONJ	KON								
13009023	4	ihr	DET	PPOSAT					S		Nom	F
13009023	5	Sohn	NOUN	NN					P		Nom	M
13009023	6	stehen	VERB	VVFIN		Fin	Past	3	P	Ind		
13009023	7	an	ADP	PTKVZ								
13009023	8	der	DET	ART					S		Acc	M
13009023	9	Tor	NOUN	NN					P		Dat	N
13009023	10	der	DET	ART					S		Gen	M
13009023	11	Haus	NOUN	NN					S		Gen	N
13009023	12	Jahwe	PROPN	NE					S		Gen	
13009023	13	der	DET	ART					S		Gen	M
13009023	14	Zelthause	PROPN	NE					S		Gen	
13009023	15	als	ADP	KOKOM								
13009023	16	wachen	NOUN	NN					P		Nom	F
13009024	1	der	DET	ART					S		Nom	F
13009024	2	Torhüter	NOUN	NN					S		Nom	M
13009024	3	stehen	VERB	VVFIN		Fin	Past	3	P	Ind		
13009024	4	nach	ADP	APPR								
13009024	5	der	DET	ART					S		Acc	M
13009024	6	vier	NUM	CARD								
13009024	7	Winde	NOUN	NN					P		Nom	F
13009024	8	gegen	ADP	APPR								
13009024	9	Osten	NOUN	NN					S		Nom	M
13009024	10	gegen	ADP	APPR								
13009024	11	Westen	NOUN	NN					S		Nom	M
13009024	12	gegen	ADP	APPR								
13009024	13	Norden	NOUN	NN					S		Nom	M
13009024	14	und	CCONJ	KON								
13009024	15	gegen	ADP	APPR								
13009024	16	Süden	NOUN	NN					S		Nom	M
13009025	1	und	CCONJ	KON								
13009025	2	ihr	DET	PPOSAT					S		Nom	F
13009025	3	Bruder	NOUN	NN					P		Nom	M
13009025	4	in	ADP	APPR								
13009025	5	ihr	DET	PPOSAT					S		Acc	M
13009025	6	Dorf	NOUN	NN					P		Dat	N
13009025	7	müssen	AUX	VMFIN		Fin	Past	3	P	Ind		
13009025	8	von	ADP	APPR								
13009025	9	sieben	NUM	CARD								
13009025	10	zu	ADP	PTKVZ								
13009025	11	sieben	NUM	CARD								
13009025	12	Tag	NOUN	NN					P		Dat	M
13009025	13	von	ADP	APPR								
13009025	14	ein	PRON	ART					S		Nom	M
13009025	15	Zeit	NOUN	NN					S		Nom	F
13009025	16	zu	ADP	APPRART					S		Dat	F
13009025	17	anderer	PRON	PIS					P		Dat	
13009025	18	mit	ADP	APPR								
13009025	19	jener	PRON	PDAT					P		Dat	
13009025	20	kommen	VERB	VVFIN		Fin	Pres	3	P	Ind		
13009026	1	denn	CCONJ	KON								
13009026	2	der	DET	ART					S		Nom	F
13009026	3	vier	NUM	CARD								
13009026	4	Vorsteher	NOUN	NN					S		Nom	M
13009026	5	der	DET	ART					S		Nom	M
13009026	6	Torhüter	NOUN	NN					S		Nom	M
13009026	7	sie	PRON	PPER				3	P		Nom	
13009026	8	der	DET	ART					S		Nom	F
13009026	9	Levit	NOUN	NN					P		Nom	M
13009026	10	sein	AUX	VAFIN		Fin	Past	3	P	Ind		
13009026	11	in	ADP	APPR								
13009026	12	Amtspflicht	NOUN	NN					S		Nom	F
13009026	13	und	CCONJ	KON								
13009026	14	sie	PRON	PPER				3	P		Nom	
13009026	15	sein	AUX	VAFIN		Fin	Past	3	P	Ind		
13009026	16	über	ADP	APPR								
13009026	17	der	DET	ART					S		Nom	F
13009026	18	Zelle	NOUN	NN					P		Nom	F
13009026	19	und	CCONJ	KON								
13009026	20	über	ADP	APPR								
13009026	21	der	DET	ART					S		Nom	F
13009026	22	Schatz	NOUN	NN					P		Nom	M
13009026	23	der	DET	ART					S		Gen	M
13009026	24	Haus	NOUN	NN					S		Gen	N
13009026	25	Gott	NOUN	NN					S		Gen	M
13009027	1	und	CCONJ	KON								
13009027	2	sie	PRON	PPER				3	P		Nom	
13009027	3	übernachten	VERB	VVFIN		Fin	Past	3	P	Ind		
13009027	4	rings	ADV	ADV								
13009027	5	um	ADP	APPR								
13009027	6	der	DET	ART					S		Nom	N
13009027	7	Haus	NOUN	NN					S		Nom	N
13009027	8	Gott	NOUN	NN					S		Gen	M
13009027	9	her	ADV	ADV								
13009027	10	denn	CCONJ	KON								
13009027	11	ihnen	PRON	PPER				3	P		Dat	
13009027	12	liegen	VERB	VVFIN		Fin	Past	3	S	Ind		
13009027	13	der	DET	ART					S		Nom	F
13009027	14	Wache	NOUN	NN					S		Nom	F
13009027	15	ob	SCONJ	KOUS								
13009027	16	und	CCONJ	KON								
13009027	17	sie	PRON	PPER				3	P		Nom	
13009027	18	sein	AUX	VAFIN		Fin	Past	3	P	Ind		
13009027	19	über	ADP	APPR								
13009027	20	der	DET	ART					S		Nom	N
13009027	21	Öffnen	NOUN	NN					S		Nom	N
13009027	22	bestellen	VERB	VVPP		Part						
13009027	23	und	CCONJ	KON								
13009027	24	zwar	ADV	ADV								
13009027	25	Morgen	ADV	NN								
13009027	26	für	ADP	APPR								
13009027	27	Morgen	ADV	NN								
13009028	1	und	CCONJ	KON								
13009028	2	einiger	PRON	PIS					P		Nom	
13009028	3	von	ADP	APPR								
13009028	4	ihnen	PRON	PPER				3	P		Dat	
13009028	5	sein	AUX	VAFIN		Fin	Past	3	P	Ind		
13009028	6	über	ADP	APPR								
13009028	7	der	DET	ART					S		Nom	F
13009028	8	Gerät	NOUN	NN					P		Nom	N
13009028	9	der	DET	ART					S		Gen	M
13009028	10	Dienst	NOUN	NN					S		Gen	M
13009028	11	denn	CCONJ	KON								
13009028	12	nach	ADP	APPR								
13009028	13	der	DET	ART					S		Nom	M
13009028	14	Zahl	NOUN	NN					S		Nom	F
13009028	15	bringen	VERB	VVFIN		Fin	Past	3	P	Ind		
13009028	16	sie	PRON	PPER				3	P		Nom	
13009028	17	sie	PRON	PPER				3	P		Nom	
13009028	18	hinein	ADV	PTKVZ								
13009028	19	und	CCONJ	KON								
13009028	20	nach	ADP	APPR								
13009028	21	der	DET	ART					S		Nom	M
13009028	22	Zahl	NOUN	NN					S		Nom	F
13009028	23	bringen	VERB	VVFIN		Fin	Past	3	P	Ind		
13009028	24	sie	PRON	PPER				3	P		Nom	
13009028	25	sie	PRON	PPER				3	P		Nom	
13009028	26	heraus	ADV	PTKVZ								
13009029	1	und	CCONJ	KON								
13009029	2	einiger	PRON	PIS					P		Nom	
13009029	3	von	ADP	APPR								
13009029	4	ihnen	PRON	PPER				3	P		Dat	
13009029	5	sein	AUX	VAFIN		Fin	Past	3	P	Ind		
13009029	6	bestellen	VERB	VVPP		Part						
13009029	7	über	ADP	APPR								
13009029	8	der	DET	ART					S		Nom	F
13009029	9	Gerät	NOUN	NN					P		Nom	N
13009029	10	und	CCONJ	KON								
13009029	11	über	ADP	APPR								
13009029	12	aller	PRON	PIS					P		Nom	
13009029	13	Gerät	NOUN	NN					P		Nom	N
13009029	14	der	DET	ART					S		Gen	M
13009029	15	Heiligtum	PROPN	NE					S		Gen	N
13009029	16	und	CCONJ	KON								
13009029	17	über	ADP	APPR								
13009029	18	der	DET	ART					S		Nom	N
13009029	19	Feinmehl	PROPN	NE					S		Nom	
13009029	20	und	CCONJ	KON								
13009029	21	der	DET	ART					S		Acc	M
13009029	22	Wein	NOUN	NN					S		Nom	M
13009029	23	und	CCONJ	KON								
13009029	24	der	DET	ART					S		Nom	N
13009029	25	Öl	NOUN	NN					S		Nom	N
13009029	26	und	CCONJ	KON								
13009029	27	der	DET	ART					S		Acc	M
13009029	28	Weihrauch	NOUN	NN					S		Nom	M
13009029	29	und	CCONJ	KON								
13009029	30	der	DET	ART					S		Nom	F
13009029	31	Gewürz	NOUN	NN					P		Nom	N
13009030	1	und	CCONJ	KON								
13009030	2	von	ADP	APPR								
13009030	3	der	DET	ART					S		Acc	M
13009030	4	Söhn	NOUN	NN					P		Dat	M
13009030	5	der	DET	ART					S		Nom	M
13009030	6	Priester	NOUN	NN					P		Nom	M
13009030	7	mischen	VERB	VVFIN		Fin	Past	3	P	Ind		
13009030	8	einiger	PRON	PIS					P		Nom	
13009030	9	der	DET	ART					S		Nom	F
13009030	10	Salbenmischung	NOUN	NN					S		Nom	F
13009030	11	der	DET	ART					S		Nom	M
13009030	12	Gewürz	NOUN	NN					P		Nom	N
13009031	1	und	CCONJ	KON								
13009031	2	Mattithja	PROPN	NE					S		Nom	
13009031	3	von	ADP	APPR								
13009031	4	der	DET	ART					S		Acc	M
13009031	5	Levit	NOUN	NN					P		Nom	M
13009031	6	er	PRON	PPER				3	S		Nom	M
13009031	7	sein	AUX	VAFIN		Fin	Past	3	S	Ind		
13009031	8	der	DET	ART					S		Nom	M
13009031	9	Erstgeborene	NOUN	NN					S		Nom	F
13009031	10	Schallum	NOUN	NN					S		Gen	N
13009031	11	der	DET	ART					S		Gen	M
13009031	12	Korhiter	NOUN	NN					P		Nom	M
13009031	13	sein	AUX	VAFIN		Fin	Past	3	S	Ind		
13009031	14	der	DET	ART					S		Nom	N
13009031	15	Pfannenbackwerk	PROPN	NE					S		Nom	
13009031	16	anvertrauen	VERB	VVPP		Part						
13009032	1	und	CCONJ	KON								
13009032	2	von	ADP	APPR								
13009032	3	der	DET	ART					S		Acc	M
13009032	4	Söhn	NOUN	NN					P		Dat	M
13009032	5	der	DET	ART					S		Nom	M
13009032	6	Kehathiter	NOUN	NN					P		Nom	M
13009032	7	von	ADP	APPR								
13009032	8	ihr	DET	PPOSAT					S		Acc	M
13009032	9	Brüdern	NOUN	NN					P		Dat	M
13009032	10	sein	AUX	VAFIN		Fin	Past	3	P	Ind		
13009032	11	einiger	PRON	PIS					P		Nom	
13009032	12	über	ADP	APPR								
13009032	13	der	DET	ART					S		Nom	N
13009032	14	Schichtbrot	PROPN	NE					S		Nom	
13009032	15	bestellen	VERB	VVPP		Part						
13009032	16	um	ADP	APPR								
13009032	17	es	PRON	PPER				3	S		Nom	N
13009032	18	Sabbath	PROPN	NE					S		Nom	M
13009032	19	für	ADP	APPR								
13009032	20	Sabbath	PROPN	NE					S		Nom	M
13009032	21	Zuzuricht	NOUN	NN					P		Dat	F
13009033	1	und	CCONJ	KON								
13009033	2	der	DET	ART					S		Nom	N
13009033	3	sein	AUX	VAFIN		Fin	Past	3	P	Ind		
13009033	4	der	DET	ART					S		Nom	F
13009033	5	Sänger	NOUN	NN					P		Nom	M
13009033	6	der	DET	ART					S		Nom	F
13009033	7	Häupter	NOUN	NN					P		Nom	N
13009033	8	der	DET	ART					S		Nom	M
13009033	9	Vater	NOUN	NN					P		Nom	M
13009033	10	der	DET	ART					S		Nom	M
13009033	11	Levit	NOUN	NN					P		Nom	M
13009033	12	welcher	DET	PWAT					S		Nom	F
13009033	13	von	ADP	APPR								
13009033	14	anderer	PRON	PIS					P		Dat	
13009033	15	Dienst	NOUN	NN					P		Dat	M
13009033	16	befreien	VERB	VVPP		Part						
13009033	17	in	ADP	APPR								
13009033	18	der	DET	ART					S		Acc	M
13009033	19	Zelt	NOUN	NN					P		Nom	N
13009033	20	wohnen	VERB	VVFIN		Fin	Past	3	P	Ind		
13009033	21	denn	CCONJ	KON								
13009033	22	Tag	NOUN	NN					S		Nom	M
13009033	23	und	CCONJ	KON								
13009033	24	Nacht	NOUN	NN					S		Nom	F
13009033	25	sein	AUX	VAFIN		Fin	Past	3	P	Ind		
13009033	26	sie	PRON	PPER				3	P		Nom	
13009033	27	beschäftigen	VERB	VVFIN		Fin	Pres	3	S	Ind		
13009034	1	der	DET	ART					S		Nom	N
13009034	2	sein	AUX	VAFIN		Fin	Past	3	P	Ind		
13009034	3	der	DET	ART					S		Nom	F
13009034	4	Häupter	NOUN	NN					P		Nom	N
13009034	5	der	DET	ART					S		Nom	M
13009034	6	Vater	NOUN	NN					P		Nom	M
13009034	7	der	DET	ART					S		Nom	M
13009034	8	Levit	NOUN	NN					P		Nom	M
13009034	9	nach	ADP	APPR								
13009034	10	ihr	DET	PPOSAT					S		Acc	M
13009034	11	Geschlechter	NOUN	NN					P		Dat	M
13009034	12	der	DET	ART					S		Nom	F
13009034	13	Häupter	NOUN	NN					P		Nom	N
13009034	14	dieser	DET	PDAT					S		Nom	F
13009034	15	wohnen	VERB	VVFIN		Fin	Past	3	P	Ind		
13009034	16	zu	ADP	PTKVZ								
13009034	17	Jerusalem	PROPN	NE					S		Nom	N
13009035	1	und	CCONJ	KON								
13009035	2	in	ADP	APPR								
13009035	3	Gibeon	PROPN	NE								
13009035	4	wohnen	VERB	VVFIN		Fin	Past	3	S	Ind		
13009035	5	der	DET	ART					S		Nom	M
13009035	6	Vater	NOUN	NN					S		Nom	M
13009035	7	Gibeon	PROPN	NE					S		Gen	
13009035	8	Jeghiel	PROPN	NN					S		Nom	N
13009035	9	und	CCONJ	KON								
13009035	10	der	DET	ART					S		Nom	M
13009035	11	Name	NOUN	NN					S		Nom	M
13009035	12	sein	DET	PPOSAT					S		Gen	M
13009035	13	Weibe	NOUN	NN					S		Gen	N
13009035	14	sein	AUX	VAFIN		Fin	Past	3	S	Ind		
13009035	15	Maaka	PROPN	NE					S		Nom	N
13009036	1	und	CCONJ	KON								
13009036	2	sein	AUX	VAINF		Inf						
13009036	3	erstgeboren	NOUN	NN					S		Nom	M
13009036	4	Sohn	NOUN	NN					S		Nom	M
13009036	5	sein	AUX	VAFIN		Fin	Past	3	S	Ind		
13009036	6	Abdon	PROPN	NE					S		Nom	
13009036	7	und	CCONJ	KON								
13009036	8	zu	ADP	APPRART					S		Dat	F
13009036	9	und	CCONJ	KON								
13009036	10	Kis	PROPN	NE					S		Nom	
13009036	11	und	CCONJ	KON								
13009036	12	Baal	PROPN	NE					S		Nom	M
13009036	13	und	CCONJ	KON								
13009036	14	Ner	PROPN	NE					S		Nom	
13009036	15	und	CCONJ	KON								
13009036	16	Nadab	NOUN	NN					S		Nom	M
13009037	1	und	CCONJ	KON								
13009037	2	Gedor	ADV	ADJD	Pos							
13009037	3	und	CCONJ	KON								
13009037	4	achjo	NOUN	NN					S		Nom	N
13009037	5	und	CCONJ	KON								
13009037	6	Sekarja	PROPN	NN					S		Nom	
13009037	7	und	CCONJ	KON								
13009037	8	Mikloth	PROPN	NE					S		Nom	M
13009038	1	und	CCONJ	KON								
13009038	2	Mikloth	PROPN	NE					S		Nom	M
13009038	3	zeugen	VERB	VVFIN		Fin	Past	3	S	Ind		
13009038	4	schimean	NOUN	NN					S		Nom	M
13009038	5	und	CCONJ	KON								
13009038	6	auch	ADV	ADV								
13009038	7	dieser	DET	PDAT					S		Nom	F
13009038	8	wohnen	VERB	VVFIN		Fin	Past	3	P	Ind		
13009038	9	ihr	DET	PPOSAT					S		Acc	M
13009038	10	Brüdern	NOUN	NN					P		Dat	M
13009038	11	gegenüber	ADP	APPO								
13009038	12	zu	ADP	PTKVZ								
13009038	13	Jerusalem	PROPN	NE					S		Nom	N
13009038	14	bei	ADP	APPR								
13009038	15	ihr	DET	PPOSAT					S		Acc	M
13009038	16	Brüdern	NOUN	NN					P		Dat	M
13009039	1	und	CCONJ	KON								
13009039	2	Ner	PROPN	NE					S		Nom	
13009039	3	zeugen	VERB	VVFIN		Fin	Past	3	S	Ind		
13009039	4	Kis	PROPN	NE					S		Nom	
13009039	5	und	CCONJ	KON								
13009039	6	Kis	PROPN	NE					S		Nom	
13009039	7	zeugen	VERB	VVFIN		Fin	Past	3	S	Ind		
13009039	8	Saul	PROPN	NE					S		Nom	M
13009039	9	und	CCONJ	KON								
13009039	10	Saul	PROPN	NE					S		Nom	M
13009039	11	zeugen	VERB	VVFIN		Fin	Past	3	S	Ind		
13009039	12	Jonathan	PROPN	NE					S		Nom	M
13009039	13	und	CCONJ	KON								
13009039	14	Malkischua	PROPN	NE					S		Nom	
13009039	15	und	CCONJ	KON								
13009039	16	Abinadab	NOUN	NN					S		Nom	F
13009039	17	und	CCONJ	KON								
13009039	18	Esch-Baal	NOUN	NE					S		Nom	M
13009040	1	und	CCONJ	KON								
13009040	2	der	DET	ART					S		Nom	M
13009040	3	Sohn	NOUN	NN					S		Nom	M
13009040	4	Jonathan	PROPN	NE					S		Gen	M
13009040	5	sein	AUX	VAFIN		Fin	Past	3	S	Ind		
13009040	6	Merib-Baal	NOUN	NN					S		Nom	M
13009040	7	und	CCONJ	KON								
13009040	8	Merib-Baal	NOUN	NN					S		Nom	M
13009040	9	zeugen	VERB	VVFIN		Fin	Past	3	S	Ind		
13009040	10	Micha	PROPN	NE					S		Nom	M
13009041	1	und	CCONJ	KON								
13009041	2	der	DET	ART					S		Nom	F
13009041	3	Sohn	NOUN	NN					P		Nom	M
13009041	4	Micha	PROPN	NE					S		Gen	M
13009041	5	sein	AUX	VAFIN		Fin	Past	3	P	Ind		
13009041	6	Pithon	PROPN	NE					S		Nom	
13009041	7	und	CCONJ	KON								
13009041	8	Melek	PROPN	NE					S		Nom	
13009041	9	und	CCONJ	KON								
13009041	10	Thachrea	PROPN	NE								
13009042	1	und	CCONJ	KON								
13009042	2	Acha	PROPN	NE					S		Nom	
13009042	3	zeugen	VERB	VVFIN		Fin	Past	3	S	Ind		
13009042	4	Jara	PROPN	NE					S		Nom	M
13009042	5	und	CCONJ	KON								
13009042	6	Jara	PROPN	NE					S		Nom	M
13009042	7	zeugen	VERB	VVFIN		Fin	Past	3	S	Ind		
13009042	8	Alemeth	PROPN	NE					S		Nom	N
13009042	9	und	CCONJ	KON								
13009042	10	Asmaweth	PROPN	NE					S		Nom	
13009042	11	und	CCONJ	KON								
13009042	12	Simri	PROPN	NE					S		Nom	
13009042	13	und	CCONJ	KON								
13009042	14	Simri	PROPN	NE					S		Nom	
13009042	15	zeugen	VERB	VVFIN		Fin	Past	3	S	Ind		
13009042	16	Moza	PROPN	NE					S		Nom	
13009043	1	und	CCONJ	KON								
13009043	2	Moza	PROPN	NE					S		Nom	
13009043	3	zeugen	VERB	VVFIN		Fin	Past	3	S	Ind		
13009043	4	Binea	PROPN	NE					S		Nom	N
13009043	5	und	CCONJ	KON								
13009043	6	der	PRON	PDS					S		Gen	
13009043	7	Sohn	NOUN	NN					S		Nom	M
13009043	8	Rephaja	PROPN	NE					S		Nom	
13009043	9	der	PRON	PDS					S		Gen	
13009043	10	Sohn	NOUN	NN					S		Nom	M
13009043	11	Elasa	PROPN	NE					S		Nom	M
13009043	12	der	PRON	PDS					S		Gen	
13009043	13	Sohn	NOUN	NN					S		Nom	M
13009043	14	Azel	PROPN	NE					S		Nom	
13009044	1	und	CCONJ	KON								
13009044	2	Azel	PROPN	NE					S		Nom	
13009044	3	haben	AUX	VAFIN		Fin	Past	3	S	Ind		
13009044	4	sechs	NUM	CARD								
13009044	5	Sohn	NOUN	NN					P		Nom	M
13009044	6	und	CCONJ	KON								
13009044	7	dieser	PRON	PDS					S		Nom	N
13009044	8	sein	AUX	VAFIN		Fin	Pres	3	P	Ind		
13009044	9	ihr	DET	PPOSAT					S		Nom	F
13009044	10	Name	NOUN	NN					P		Nom	M
13009044	11	Asrikam	PROPN	NE					S		Nom	
13009044	12	Bokru	NOUN	NE					S		Nom	M
13009044	13	und	CCONJ	KON								
13009044	14	Ismael	PROPN	NE					S		Nom	M
13009044	15	und	CCONJ	KON								
13009044	16	Schearja	PROPN	NE					S		Nom	
13009044	17	und	CCONJ	KON								
13009044	18	Obadja	PROPN	NE					S		Nom	
13009044	19	und	CCONJ	KON								
13009044	20	Hanan	PROPN	NE					S		Nom	M
13009044	21	der	DET	ART					S		Nom	N
13009044	22	sein	AUX	VAFIN		Fin	Past	3	P	Ind		
13009044	23	der	DET	ART					S		Nom	F
13009044	24	Sohn	NOUN	NN					P		Nom	M
13009044	25	Azel	NOUN	NN					P		Nom	N
13010001	1	und	CCONJ	KON								
13010001	2	der	DET	ART					S		Nom	F
13010001	3	Philister	NOUN	NN					S		Nom	M
13010001	4	streiten	VERB	VVFIN		Fin	Past	3	P	Ind		
13010001	5	wider	ADP	PTKVZ								
13010001	6	Israel	PROPN	NE					S		Nom	N
13010001	7	und	CCONJ	KON								
13010001	8	der	DET	ART					S		Nom	F
13010001	9	Mann	NOUN	NN					P		Nom	M
13010001	10	von	ADP	APPR								
13010001	11	Israel	PROPN	NE					S		Nom	N
13010001	12	fliehen	VERB	VVFIN		Fin	Past	3	P	Ind		
13010001	13	vor	ADP	APPR								
13010001	14	der	DET	ART					S		Acc	M
13010001	15	Philister	NOUN	NN					P		Dat	M
13010001	16	und	CCONJ	KON								
13010001	17	Erschlagene	NOUN	NN					S		Nom	F
13010001	18	fallen	VERB	VVFIN		Fin	Past	3	P	Ind		
13010001	19	auf	ADP	PTKVZ								
13010001	20	der	DET	ART					S		Dat	M
13010001	21	Gebirge	NOUN	NN					S		Nom	N
13010001	22	Gilboa	PROPN	NE					S		Nom	F
13010002	1	und	CCONJ	KON								
13010002	2	der	DET	ART					S		Nom	F
13010002	3	Philister	NOUN	NN					S		Nom	M
13010002	4	setzen	VERB	VVFIN		Fin	Past	3	P	Ind		
13010002	5	Saul	PROPN	NE					S		Nom	M
13010002	6	und	CCONJ	KON								
13010002	7	sein	DET	PPOSAT					S		Acc	M
13010002	8	Söhn	NOUN	NN					P		Dat	M
13010002	9	hart	ADV	ADJD	Pos							
13010002	10	nach	ADP	APPR								
13010002	11	und	CCONJ	KON								
13010002	12	der	DET	ART					S		Nom	F
13010002	13	Philister	NOUN	NN					S		Nom	M
13010002	14	erschlugen	VERB	VVFIN		Fin	Past	3	P	Ind		
13010002	15	Jonathan	PROPN	NE					S		Nom	M
13010002	16	und	CCONJ	KON								
13010002	17	Abinadab	NOUN	NN					S		Nom	F
13010002	18	und	CCONJ	KON								
13010002	19	Malkischua	PROPN	NE					S		Nom	
13010002	20	der	DET	ART					S		Nom	F
13010002	21	Sohn	NOUN	NN					P		Nom	M
13010002	22	Saul	PROPN	NE					S		Gen	M
13010003	1	und	CCONJ	KON								
13010003	2	der	DET	ART					S		Nom	M
13010003	3	Streit	NOUN	NN					S		Nom	M
13010003	4	werden	AUX	VAFIN		Fin	Past	3	S	Ind		
13010003	5	heftig	ADV	ADJD	Pos							
13010003	6	wider	ADP	PTKVZ								
13010003	7	Saul	PROPN	NE					S		Nom	M
13010003	8	und	CCONJ	KON								
13010003	9	es	PRON	PPER				3	S		Nom	N
13010003	10	erreichen	VERB	VVFIN		Fin	Past	3	P	Ind		
13010003	11	ihn	PRON	PPER				3	S		Acc	M
13010003	12	der	DET	ART					S		Nom	F
13010003	13	Bogenschütz	NOUN	NN					P		Nom	M
13010003	14	und	CCONJ	KON								
13010003	15	es	PRON	PPER				3	S		Nom	N
13010003	16	werden	AUX	VAFIN		Fin	Past	3	S	Ind		
13010003	17	ihm	PRON	PPER				3	S		Dat	M
13010003	18	Angst	NOUN	NN					S		Nom	F
13010003	19	vor	ADP	APPR								
13010003	20	der	DET	ART					S		Acc	M
13010003	21	Schütze	NOUN	NN					P		Nom	M
13010004	1	da	SCONJ	KOUS								
13010004	2	sprechen	VERB	VVFIN		Fin	Past	3	S	Ind		
13010004	3	Saul	PROPN	NE					S		Nom	M
13010004	4	zu	ADP	PTKVZ								
13010004	5	sein	DET	PPOSAT					S		Dat	M
13010004	6	Waffenträger	NOUN	NN					P		Nom	M
13010004	7	Ziehe	VERB	VVIMP				2	S	Imp		
13010004	8	dein	DET	PPER					S		Nom	N
13010004	9	Schwert	NOUN	NN					S		Nom	N
13010004	10	und	CCONJ	KON								
13010004	11	Durchbohre	ADV	ADV								
13010004	12	mich	PRON	PPER				1	S		Acc	
13010004	13	damit	ADV	PROAV								
13010004	14	daß	SCONJ	KOUS								
13010004	15	nicht	PART	PTKNEG								
13010004	16	dieser	DET	PDAT					S		Nom	F
13010004	17	Unbeschnittenen	NOUN	NN					P		Dat	
13010004	18	kommen	VERB	VVFIN		Fin	Pres	3	P	Ind		
13010004	19	und	CCONJ	KON								
13010004	20	mich	PRON	PPER				1	S		Acc	
13010004	21	mißhandeln	VERB	VVINF		Inf						
13010004	22	sein	DET	PPOSAT					S		Nom	N
13010004	23	Waffenträger	NOUN	NN					P		Nom	M
13010004	24	aber	CCONJ	KON								
13010004	25	wollen	AUX	VMFIN		Fin	Past	3	S	Ind		
13010004	26	nicht	PART	PTKNEG								
13010004	27	denn	CCONJ	KON								
13010004	28	er	PRON	PPER				3	S		Nom	M
13010004	29	fürchten	VERB	VVFIN		Fin	Past	3	S	Ind		
13010004	30	sich	PRON	PRF				3	S		Acc	
13010004	31	sehr	ADV	ADV								
13010004	32	da	SCONJ	KOUS								
13010004	33	nehmen	VERB	VVFIN		Fin	Past	3	S	Ind		
13010004	34	Saul	PROPN	NE					S		Nom	M
13010004	35	der	DET	ART					S		Nom	N
13010004	36	Schwert	NOUN	NN					S		Nom	N
13010004	37	und	CCONJ	KON								
13010004	38	stürzen	VERB	VVFIN		Fin	Past	3	S	Ind		
13010004	39	sich	PRON	PRF				3	S		Acc	
13010004	40	darein	ADV	PROAV								
13010005	1	und	CCONJ	KON								
13010005	2	als	ADP	KOKOM								
13010005	3	sein	AUX	VAINF		Inf						
13010005	4	Waffenträger	NOUN	NN					P		Nom	M
13010005	5	sehen	VERB	VVFIN		Fin	Past	3	S	Ind		
13010005	6	daß	SCONJ	KOUS								
13010005	7	Saul	PROPN	NE					S		Nom	M
13010005	8	tot	ADV	ADJD	Pos							
13010005	9	sein	AUX	VAFIN		Fin	Past	3	S	Ind		
13010005	10	da	ADV	ADV								
13010005	11	stürzen	VERB	VVFIN		Fin	Past	3	S	Ind		
13010005	12	auch	ADV	ADV								
13010005	13	er	PRON	PPER				3	S		Nom	M
13010005	14	sich	PRON	PRF				3	S		Acc	
13010005	15	in	ADP	APPR								
13010005	16	der	DET	ART					S		Nom	N
13010005	17	Schwert	NOUN	NN					S		Nom	N
13010005	18	und	CCONJ	KON								
13010005	19	sterben	VERB	VVFIN		Fin	Past	3	S	Ind		
13010006	1	so	ADV	ADV								
13010006	2	sterben	VERB	VVFIN		Fin	Past	3	P	Ind		
13010006	3	Saul	PROPN	NE					S		Nom	M
13010006	4	und	CCONJ	KON								
13010006	5	sein	DET	PPOSAT					S		Nom	F
13010006	6	drei	NUM	CARD								
13010006	7	Sohn	NOUN	NN					P		Nom	M
13010006	8	und	CCONJ	KON								
13010006	9	sein	AUX	VAINF		Inf						
13010006	10	ganz	ADJ	ADJA	Pos				S		Nom	N
13010006	11	Haus	NOUN	NN					S		Nom	N
13010006	12	sterben	VERB	VVFIN		Fin	Past	3	S	Ind		
13010006	13	zugleich	ADV	ADV								
13010007	1	und	CCONJ	KON								
13010007	2	als	ADP	KOKOM								
13010007	3	aller	PRON	PIS					P		Nom	
13010007	4	Mann	NOUN	NN					P		Nom	M
13010007	5	von	ADP	APPR								
13010007	6	Israel	PROPN	NE					S		Nom	N
13010007	7	der	DET	ART					S		Nom	F
13010007	8	in	ADP	APPRART					S		Dat	N
13010007	9	Tal	PROPN	NN					S		Nom	
13010007	10	sein	AUX	VAFIN		Fin	Past	3	P	Ind		
13010007	11	sehen	VERB	VVFIN		Fin	Past	3	P	Ind		
13010007	12	daß	SCONJ	KOUS								
13010007	13	sie	PRON	PPER				3	P		Nom	
13010007	14	fliehen	VERB	VVPP		Part						
13010007	15	und	CCONJ	KON								
13010007	16	daß	SCONJ	KOUS								
13010007	17	Saul	PROPN	NE					S		Nom	M
13010007	18	und	CCONJ	KON								
13010007	19	sein	DET	PPOSAT					S		Nom	F
13010007	20	Sohn	NOUN	NN					P		Nom	M
13010007	21	tot	ADV	ADJD	Pos							
13010007	22	sein	AUX	VAFIN		Fin	Past	3	P	Ind		
13010007	23	da	ADV	ADV								
13010007	24	verlassen	VERB	VVFIN		Fin	Past	3	P	Ind		
13010007	25	sie	PRON	PPER				3	P		Nom	
13010007	26	ihr	DET	PPOSAT					S		Nom	F
13010007	27	Stadt	NOUN	NN					P		Nom	F
13010007	28	und	CCONJ	KON								
13010007	29	fliehen	VERB	VVFIN		Fin	Past	3	P	Ind		
13010007	30	und	CCONJ	KON								
13010007	31	der	DET	ART					S		Nom	F
13010007	32	Philister	NOUN	NN					S		Nom	M
13010007	33	kommen	VERB	VVFIN		Fin	Past	3	P	Ind		
13010007	34	und	CCONJ	KON								
13010007	35	wohnen	VERB	VVFIN		Fin	Past	3	P	Ind		
13010007	36	darin	ADV	PROAV								
13010008	1	und	CCONJ	KON								
13010008	2	es	PRON	PPER				3	S		Nom	N
13010008	3	geschehen	VERB	VVFIN		Fin	Past	3	S	Ind		
13010008	4	an	ADP	APPRART					S		Dat	M
13010008	5	folgend	ADJ	ADJA	Pos				S		Acc	M
13010008	6	Tag	NOUN	NN					P		Nom	M
13010008	7	da	ADV	ADV								
13010008	8	kommen	VERB	VVFIN		Fin	Past	3	P	Ind		
13010008	9	der	DET	ART					S		Nom	F
13010008	10	Philister	NOUN	NN					S		Nom	M
13010008	11	um	ADP	APPR								
13010008	12	der	DET	ART					S		Nom	F
13010008	13	erschlagen	NOUN	NN					P		Nom	
13010008	14	ausziehen	VERB	VVIZU		Inf						
13010008	15	und	CCONJ	KON								
13010008	16	sie	PRON	PPER				3	P		Nom	
13010008	17	finden	VERB	VVFIN		Fin	Past	3	P	Ind		
13010008	18	Saul	PROPN	NE					S		Nom	M
13010008	19	und	CCONJ	KON								
13010008	20	sein	DET	PPOSAT					S		Nom	F
13010008	21	Sohn	NOUN	NN					P		Nom	M
13010008	22	auf	ADP	PTKVZ								
13010008	23	der	DET	ART					S		Dat	M
13010008	24	Gebirge	NOUN	NN					S		Nom	N
13010008	25	Gilboa	PROPN	NE					S		Nom	F
13010008	26	liegen	VERB	VVFIN		Fin	Pres	3	P	Ind		
13010009	1	und	CCONJ	KON								
13010009	2	sie	PRON	PPER				3	P		Nom	
13010009	3	ziehen	VERB	VVFIN		Fin	Past	3	P	Ind		
13010009	4	ihn	PRON	PPER				3	S		Acc	M
13010009	5	aus	ADP	PTKVZ								
13010009	6	und	CCONJ	KON								
13010009	7	nehmen	VERB	VVFIN		Fin	Past	3	P	Ind		
13010009	8	sein	DET	PPOSAT					S		Acc	M
13010009	9	Kopf	NOUN	NN					S		Nom	M
13010009	10	und	CCONJ	KON								
13010009	11	sein	DET	PPOSAT					S		Nom	F
13010009	12	Waffe	NOUN	NN					P		Nom	F
13010009	13	und	CCONJ	KON								
13010009	14	sie	PRON	PPER				3	P		Nom	
13010009	15	sandn	VERB	VVFIN		Fin	Past	3	P	Ind		
13010009	16	in	ADP	APPR								
13010009	17	der	DET	ART					S		Nom	N
13010009	18	Land	NOUN	NN					S		Nom	N
13010009	19	der	DET	ART					S		Nom	M
13010009	20	Philister	NOUN	NN					S		Nom	M
13010009	21	ringsumher	X	FM								
13010009	22	um	ADP	APPR								
13010009	23	der	DET	ART					S		Nom	F
13010009	24	froh	ADJ	ADJA	Pos				S		Nom	F
13010009	25	Botschaft	NOUN	NN					S		Nom	F
13010009	26	ihr	DET	PPOSAT					S		Acc	M
13010009	27	Götze	NOUN	NN					P		Nom	M
13010009	28	und	CCONJ	KON								
13010009	29	der	DET	ART					S		Dat	M
13010009	30	Volke	NOUN	NN					S		Nom	M
13010009	31	zu	ADP	PTKVZ								
13010009	32	verkünden	VERB	VVINF		Inf						
13010010	1	und	CCONJ	KON								
13010010	2	sie	PRON	PPER				3	P		Nom	
13010010	3	legen	VERB	VVFIN		Fin	Past	3	P	Ind		
13010010	4	sein	DET	PPOSAT					S		Nom	F
13010010	5	Waffe	NOUN	NN					P		Nom	F
13010010	6	in	ADP	APPR								
13010010	7	der	DET	ART					S		Nom	N
13010010	8	Haus	NOUN	NN					S		Nom	N
13010010	9	ihr	DET	PPOSAT					S		Gen	M
13010010	10	Gott	NOUN	NN					S		Gen	M
13010010	11	und	CCONJ	KON								
13010010	12	sein	DET	PPOSAT					S		Acc	M
13010010	13	Schädel	NOUN	NN					S		Nom	M
13010010	14	heften	VERB	VVFIN		Fin	Past	3	P	Ind		
13010010	15	sie	PRON	PPER				3	P		Nom	
13010010	16	an	ADP	PTKVZ								
13010010	17	der	DET	ART					S		Nom	N
13010010	18	Haus	NOUN	NN					S		Nom	N
13010010	19	Dagon	PROPN	NE					S		Gen	N
13010011	1	als	ADP	APPR								
13010011	2	aber	CCONJ	KON								
13010011	3	ganz	ADV	ADV								
13010011	4	Jabes-Gilead	PROPN	NE					S		Nom	
13010011	5	alle	PRON	PIS					S		Nom	N
13010011	6	hören	VERB	VVFIN		Fin	Past	3	S	Ind		
13010011	7	was	PRON	PWS					S		Nom	N
13010011	8	der	DET	ART					S		Nom	F
13010011	9	Philister	NOUN	NN					S		Nom	M
13010011	10	mit	ADP	APPR								
13010011	11	Saul	PROPN	NE					S		Nom	M
13010011	12	tun	VERB	VVPP		Part						
13010011	13	haben	AUX	VAFIN		Fin	Past	3	P	Ind		
13010012	1	da	ADV	ADV								
13010012	2	machen	VERB	VVFIN		Fin	Past	3	P	Ind		
13010012	3	sich	PRON	PRF				3	S		Acc	
13010012	4	aller	PRON	PIS					P		Nom	
13010012	5	tapfer	ADJ	ADJA	Pos				S		Acc	M
13010012	6	Mann	NOUN	NN					P		Nom	M
13010012	7	auf	ADP	PTKVZ								
13010012	8	und	CCONJ	KON								
13010012	9	nehmen	VERB	VVFIN		Fin	Past	3	P	Ind		
13010012	10	der	DET	ART					S		Acc	M
13010012	11	Leichnam	NOUN	NN					S		Nom	M
13010012	12	Saul	PROPN	NE					S		Gen	M
13010012	13	und	CCONJ	KON								
13010012	14	der	DET	ART					S		Nom	F
13010012	15	Leichname	PROPN	NE					S		Nom	
13010012	16	sein	DET	PPOSAT					S		Dat	F
13010012	17	Sohn	NOUN	NN					P		Nom	M
13010012	18	und	CCONJ	KON								
13010012	19	bringen	VERB	VVFIN		Fin	Past	3	P	Ind		
13010012	20	sie	PRON	PPER				3	P		Nom	
13010012	21	nach	ADP	APPR								
13010012	22	Jabe	PROPN	NE					S		Nom	M
13010012	23	und	CCONJ	KON								
13010012	24	sie	PRON	PPER				3	P		Nom	
13010012	25	begraben	VERB	VVFIN		Fin	Past	3	P	Ind		
13010012	26	ihr	DET	PPOSAT					S		Nom	F
13010012	27	Gebein	NOUN	NN					P		Nom	N
13010012	28	unter	ADP	APPR								
13010012	29	der	DET	ART					S		Nom	M
13010012	30	Terebinthe	PROPN	NE					S		Nom	N
13010012	31	zu	ADP	PTKVZ								
13010012	32	Jabe	PROPN	NE					S		Nom	M
13010012	33	und	CCONJ	KON								
13010012	34	fasten	VERB	VVFIN		Fin	Past	3	P	Ind		
13010012	35	sieben	NUM	CARD								
13010012	36	Tag	NOUN	NN					P		Nom	M
13010013	1	und	CCONJ	KON								
13010013	2	so	ADV	ADV								
13010013	3	sterben	VERB	VVFIN		Fin	Past	3	S	Ind		
13010013	4	Saul	PROPN	NE					S		Nom	M
13010013	5	wegen	ADP	APPR								
13010013	6	sein	DET	PPOSAT					S		Dat	F
13010013	7	Treulosigkeit	NOUN	NN					S		Nom	F
13010013	8	der	DET	ART					S		Nom	F
13010013	9	er	PRON	PPER				3	S		Nom	M
13010013	10	wider	ADP	PTKVZ								
13010013	11	Jahwe	NOUN	NN					S		Nom	M
13010013	12	begehen	VERB	VVPP		Part						
13010013	13	Betreff	VERB	VVFIN		Fin	Past	3	S	Sub		
13010013	14	der	DET	ART					S		Gen	M
13010013	15	Wort	NOUN	NN					S		Gen	N
13010013	16	Jahwe	PROPN	NE					S		Gen	
13010013	17	der	DET	ART					S		Nom	N
13010013	18	er	PRON	PPER				3	S		Nom	M
13010013	19	nicht	PART	PTKNEG								
13010013	20	beobachten	VERB	VVFIN		Fin	Pres	3	S	Ind		
13010013	21	haben	AUX	VAFIN		Fin	Past	3	S	Ind		
13010013	22	und	CCONJ	KON								
13010013	23	auch	ADV	ADV								
13010013	24	weil	SCONJ	KOUS								
13010013	25	er	PRON	PPER				3	S		Nom	M
13010013	26	ein	DET	ART					S		Nom	F
13010013	27	Totenbeschwörerin	NOUN	NN					S		Nom	F
13010013	28	aufsuchen	VERB	VVFIN		Fin	Past	3	S	Ind		
13010013	29	um	ADP	APPR								
13010013	30	sie	PRON	PPER				3	P		Nom	
13010013	31	zu	ADP	PTKVZ								
13010013	32	befragen	VERB	VVINF		Inf						
13010014	1	aber	CCONJ	KON								
13010014	2	Jahwe	NOUN	NN					S		Nom	M
13010014	3	befragen	VERB	VVFIN		Fin	Past	3	S	Ind		
13010014	4	er	PRON	PPER				3	S		Nom	M
13010014	5	nicht	PART	PTKNEG								
13010014	6	darum	ADV	PROAV								
13010014	7	töten	VERB	VVFIN		Fin	Past	3	S	Ind		
13010014	8	er	PRON	PPER				3	S		Nom	M
13010014	9	ihn	PRON	PPER				3	S		Acc	M
13010014	10	und	CCONJ	KON								
13010014	11	wenden	VERB	VVFIN		Fin	Past	3	S	Ind		
13010014	12	der	DET	ART					S		Nom	N
13010014	13	Königtum	NOUN	NN					S		Nom	N
13010014	14	David	PROPN	NE					S		Nom	M
13010014	15	der	DET	ART					S		Dat	M
13010014	16	Sohn	NOUN	NN					S		Acc	M
13010014	17	isais	NOUN	NN					S		Nom	N
13010014	18	zu	ADP	PTKVZ								
13011001	1	und	CCONJ	KON								
13011001	2	ganz	ADV	ADV								
13011001	3	Israel	PROPN	NE					S		Nom	N
13011001	4	versammeln	VERB	VVFIN		Fin	Past	3	S	Ind		
13011001	5	sich	PRON	PRF				3	S		Acc	
13011001	6	zu	ADP	PTKVZ								
13011001	7	David	PROPN	NE					S		Nom	M
13011001	8	nach	ADP	APPR								
13011001	9	Hebron	PROPN	NE					S		Nom	N
13011001	10	und	CCONJ	KON								
13011001	11	sie	PRON	PPER				3	P		Nom	
13011001	12	sprechen	VERB	VVFIN		Fin	Past	3	P	Ind		
13011001	13	sehen	VERB	VVIMP				2	S	Imp		
13011001	14	wir	PRON	PPER				1	P		Nom	
13011001	15	sein	AUX	VAFIN		Fin	Pres	3	P	Ind		
13011001	16	dein	DET	PPER					S		Nom	N
13011001	17	Gebein	NOUN	NN					S		Nom	N
13011001	18	und	CCONJ	KON								
13011001	19	dein	DET	PPER					S		Nom	N
13011001	20	Fleisch	NOUN	NN					S		Nom	N
13011002	1	schon	ADV	ADV								
13011002	2	früh	ADV	ADJD	Cmp							
13011002	3	schon	ADV	ADV								
13011002	4	als	ADP	KOKOM								
13011002	5	Saul	PROPN	NE					S		Nom	M
13011002	6	König	NOUN	NN					S		Nom	M
13011002	7	sein	AUX	VAFIN		Fin	Past	3	S	Ind		
13011002	8	sein	AUX	VAFIN		Fin	Pres	2	S	Ind		
13011002	9	du	PRON	PPER				2	S		Nom	
13011002	10	es	PRON	PPER				3	S		Nom	N
13011002	11	sein	AUX	VAPP		Part						
13011002	12	der	DET	ART					S		Nom	M
13011002	13	Israel	PROPN	NE					S		Nom	N
13011002	14	aus	ADP	PTKVZ								
13011002	15	und	CCONJ	KON								
13011002	16	einführen	VERB	VVFIN		Fin	Past	3	S	Ind		
13011002	17	und	CCONJ	KON								
13011002	18	Jahwe	NOUN	NN					S		Nom	M
13011002	19	dein	DET	PPER					S		Nom	N
13011002	20	Gott	NOUN	NN					S		Nom	M
13011002	21	haben	AUX	VAFIN		Fin	Pres	3	S	Ind		
13011002	22	zu	ADP	PTKVZ								
13011002	23	dir	PRON	PPER				2	S		Dat	
13011002	24	sagen	VERB	VVPP		Part						
13011002	25	du	PRON	PPER				2	S		Nom	
13011002	26	sollst	AUX	VMFIN		Fin	Pres	3	S	Ind		
13011002	27	mein	DET	PPOSAT					S		Nom	N
13011002	28	Volk	NOUN	NN					S		Nom	N
13011002	29	Israel	PROPN	NE					S		Nom	N
13011002	30	weiden	VERB	VVINF		Inf						
13011002	31	und	CCONJ	KON								
13011002	32	du	PRON	PPER				2	S		Nom	
13011002	33	sollst	AUX	VMFIN		Fin	Pres	3	S	Ind		
13011002	34	Fürst	NOUN	NN					S		Nom	M
13011002	35	sein	AUX	VAINF		Inf						
13011002	36	über	ADP	APPR								
13011002	37	mein	DET	PPOSAT					S		Nom	N
13011002	38	Volk	NOUN	NN					S		Nom	N
13011002	39	Israel	PROPN	NE					S		Nom	N
13011003	1	und	CCONJ	KON								
13011003	2	aller	PRON	PIS					P		Nom	
13011003	3	Ältesten	NOUN	NN					P		Nom	M
13011003	4	Israel	PROPN	NE					S		Gen	N
13011003	5	kommen	VERB	VVFIN		Fin	Past	3	P	Ind		
13011003	6	zu	ADP	PTKVZ								
13011003	7	der	DET	ART					S		Dat	M
13011003	8	König	NOUN	NN					S		Nom	M
13011003	9	nach	ADP	APPR								
13011003	10	Hebron	PROPN	NE					S		Nom	N
13011003	11	und	CCONJ	KON								
13011003	12	David	PROPN	NE					S		Nom	M
13011003	13	machen	VERB	VVFIN		Fin	Past	3	S	Ind		
13011003	14	ein	DET	ART					S		Acc	M
13011003	15	Bund	NOUN	NN					S		Nom	M
13011003	16	mit	ADP	APPR								
13011003	17	ihnen	PRON	PPER				3	P		Dat	
13011003	18	zu	ADP	PTKVZ								
13011003	19	Hebron	PROPN	NE					S		Nom	N
13011003	20	vor	ADP	APPR								
13011003	21	Jahwe	NOUN	NN					S		Nom	M
13011003	22	und	CCONJ	KON								
13011003	23	sie	PRON	PPER				3	P		Nom	
13011003	24	salbten	VERB	VVFIN		Fin	Pres	3	P	Ind		
13011003	25	David	PROPN	NE					S		Nom	M
13011003	26	zu	ADP	APPRART					S		Dat	N
13011003	27	König	NOUN	NN					S		Nom	M
13011003	28	über	ADP	APPR								
13011003	29	Israel	PROPN	NE					S		Nom	N
13011003	30	nach	ADP	APPR								
13011003	31	der	DET	ART					S		Dat	M
13011003	32	Wort	NOUN	NN					P		Nom	N
13011003	33	Jahwe	PROPN	NE					S		Gen	
13011003	34	durch	ADP	APPR								
13011003	35	Samuel	PROPN	NE					S		Nom	M
13011004	1	und	CCONJ	KON								
13011004	2	David	PROPN	NE					S		Nom	M
13011004	3	und	CCONJ	KON								
13011004	4	ganz	ADV	ADV								
13011004	5	Israel	PROPN	NE					S		Nom	N
13011004	6	ziehen	VERB	VVFIN		Fin	Past	3	P	Ind		
13011004	7	nach	ADP	APPR								
13011004	8	Jerusalem	PROPN	NE					S		Nom	N
13011004	9	der	DET	ART					S		Nom	N
13011004	10	sein	AUX	VAFIN		Fin	Pres	3	S	Ind		
13011004	11	Jebus	NOUN	NN					S		Nom	M
13011004	12	und	CCONJ	KON								
13011004	13	daselbst	ADV	PROAV								
13011004	14	sein	AUX	VAFIN		Fin	Past	3	P	Ind		
13011004	15	der	DET	ART					S		Nom	F
13011004	16	Jebusiter	NOUN	NN					S		Nom	M
13011004	17	der	DET	ART					S		Nom	F
13011004	18	Bewohner	NOUN	NN					P		Nom	M
13011004	19	der	DET	ART					S		Gen	M
13011004	20	Land	NOUN	NN					S		Gen	N
13011005	1	und	CCONJ	KON								
13011005	2	der	DET	ART					S		Nom	F
13011005	3	Bewohner	NOUN	NN					P		Nom	M
13011005	4	von	ADP	APPR								
13011005	5	Jebus	NOUN	NN					S		Nom	M
13011005	6	sprechen	VERB	VVFIN		Fin	Past	3	P	Ind		
13011005	7	zu	ADP	PTKVZ								
13011005	8	David	PROPN	NE					S		Nom	M
13011005	9	du	PRON	PPER				2	S		Nom	
13011005	10	wersten	AUX	VAFIN		Fin	Pres	2	S	Ind		
13011005	11	nicht	PART	PTKNEG								
13011005	12	hier	ADV	ADV								
13011005	13	Hereinkommen	PROPN	VVINF					S		Nom	N
13011005	14	aber	CCONJ	KON								
13011005	15	David	PROPN	NE					S		Nom	M
13011005	16	nehmen	VERB	VVFIN		Fin	Past	3	S	Ind		
13011005	17	der	DET	ART					S		Nom	F
13011005	18	Burg	NOUN	NN					S		Nom	F
13011005	19	Zion	PROPN	NE					S		Nom	F
13011005	20	ein	DET	ART					S		Nom	N
13011005	21	der	DET	ART					S		Nom	N
13011005	22	sein	AUX	VAFIN		Fin	Pres	3	S	Ind		
13011005	23	der	DET	ART					S		Nom	F
13011005	24	Stadt	NOUN	NN					S		Nom	F
13011005	25	David	PROPN	NE					S		Gen	M
13011006	1	und	CCONJ	KON								
13011006	2	David	PROPN	NE					S		Nom	M
13011006	3	sprechen	VERB	VVFIN		Fin	Past	3	S	Ind		
13011006	4	wer	PRON	PWS					S		Nom	M
13011006	5	der	DET	ART					S		Nom	F
13011006	6	Jebusiter	NOUN	NN					S		Nom	M
13011006	7	zuerst	ADV	ADV								
13011006	8	schlagen	VERB	VVFIN		Fin	Pres	3	S	Ind		
13011006	9	sollen	AUX	VMFIN		Fin	Pres	3	S	Ind		
13011006	10	Haupt	NOUN	NN					S		Nom	N
13011006	11	und	CCONJ	KON								
13011006	12	Oberster	NOUN	NN					S		Nom	M
13011006	13	werden	AUX	VAFIN		Fin	Pres	3	P	Ind		
13011006	14	da	SCONJ	KOUS								
13011006	15	steigen	VERB	VVFIN		Fin	Past	3	S	Ind		
13011006	16	Joab	PROPN	NE					S		Nom	M
13011006	17	der	DET	ART					S		Nom	M
13011006	18	Sohn	NOUN	NN					S		Nom	M
13011006	19	der	DET	ART					S		Nom	M
13011006	20	Zeruja	PROPN	NE					S		Nom	N
13011006	21	zuerst	ADV	ADV								
13011006	22	hinauf	ADV	PTKVZ								
13011006	23	und	CCONJ	KON								
13011006	24	er	PRON	PPER				3	S		Nom	M
13011006	25	werden	AUX	VAFIN		Fin	Past	3	S	Ind		
13011006	26	zu	ADP	APPRART					S		Dat	N
13011006	27	Haupt	NOUN	NN					P		Nom	N
13011007	1	und	CCONJ	KON								
13011007	2	David	PROPN	NE					S		Nom	M
13011007	3	wohnen	VERB	VVFIN		Fin	Past	3	S	Ind		
13011007	4	in	ADP	APPR								
13011007	5	der	DET	ART					S		Nom	M
13011007	6	Burg	NOUN	NN					S		Nom	F
13011007	7	darum	ADV	PROAV								
13011007	8	nennen	VERB	VVFIN		Fin	Past	3	S	Ind		
13011007	9	man	PRON	PIS					S		Nom	
13011007	10	sie	PRON	PPER				3	P		Nom	
13011007	11	Stadt	NOUN	NN					S		Nom	F
13011007	12	David	PROPN	NE					S		Gen	M
13011008	1	und	CCONJ	KON								
13011008	2	er	PRON	PPER				3	S		Nom	M
13011008	3	bauen	VERB	VVFIN		Fin	Past	3	S	Ind		
13011008	4	der	DET	ART					S		Nom	F
13011008	5	Stadt	NOUN	NN					S		Nom	F
13011008	6	ringsum	ADV	ADV								
13011008	7	von	ADP	APPR								
13011008	8	der	DET	ART					S		Dat	M
13011008	9	Millo	PROPN	NE					S		Nom	
13011008	10	an	ADP	PTKVZ								
13011008	11	rund	ADV	ADV								
13011008	12	umher	ADP	PTKVZ								
13011008	13	und	CCONJ	KON								
13011008	14	Joab	PROPN	NE					S		Nom	M
13011008	15	erneuern	VERB	VVFIN		Fin	Past	3	S	Ind		
13011008	16	der	DET	ART					S		Nom	N
13011008	17	übrige	ADJ	ADJA	Pos				P		Nom	
13011008	18	der	DET	ART					S		Nom	M
13011008	19	Stadt	NOUN	NN					S		Nom	F
13011009	1	und	CCONJ	KON								
13011009	2	David	PROPN	NE					S		Nom	M
13011009	3	werden	AUX	VAFIN		Fin	Past	3	S	Ind		
13011009	4	immerfort	ADV	ADV								
13011009	5	groß	ADV	ADJD	Cmp							
13011009	6	und	CCONJ	KON								
13011009	7	Jahwe	NOUN	NN					S		Nom	M
13011009	8	der	DET	ART					S		Nom	M
13011009	9	Heerschare	NOUN	NN					P		Nom	F
13011009	10	sein	AUX	VAFIN		Fin	Past	3	S	Ind		
13011009	11	mit	ADP	APPR								
13011009	12	ihm	PRON	PPER				3	S		Dat	M
13011010	1	und	CCONJ	KON								
13011010	2	dieser	PRON	PDS					S		Nom	N
13011010	3	sein	AUX	VAFIN		Fin	Pres	3	P	Ind		
13011010	4	der	DET	ART					S		Nom	F
13011010	5	Häupter	NOUN	NN					P		Nom	N
13011010	6	der	DET	ART					S		Nom	M
13011010	7	Held	NOUN	NN					P		Nom	M
13011010	8	welcher	DET	PWAT					S		Nom	F
13011010	9	David	PROPN	NE					S		Nom	M
13011010	10	haben	AUX	VAFIN		Fin	Past	3	S	Ind		
13011010	11	der	DET	ART					S		Nom	F
13011010	12	ihm	PRON	PPER				3	S		Dat	M
13011010	13	mit	ADP	APPR								
13011010	14	ganz	ADV	ADV								
13011010	15	Israel	PROPN	NE					S		Nom	N
13011010	16	mutig	ADV	ADJD	Pos							
13011010	17	beistanden	VERB	VVFIN		Fin	Past	3	P	Ind		
13011010	18	in	ADP	APPR								
13011010	19	sein	DET	PPOSAT					S		Dat	M
13011010	20	Königtum	NOUN	NN					S		Nom	N
13011010	21	um	ADP	APPR								
13011010	22	ihn	PRON	PPER				3	S		Acc	M
13011010	23	zu	ADP	APPRART					S		Dat	N
13011010	24	König	NOUN	NN					S		Nom	M
13011010	25	zu	ADP	PTKVZ								
13011010	26	machen	VERB	VVINF		Inf						
13011010	27	nach	ADP	APPR								
13011010	28	der	DET	ART					S		Dat	M
13011010	29	Wort	NOUN	NN					P		Nom	N
13011010	30	Jahwe	PROPN	NE					S		Gen	
13011010	31	über	ADP	APPR								
13011010	32	Israel	PROPN	NE					S		Nom	N
13011011	1	und	CCONJ	KON								
13011011	2	dieser	PRON	PDS					S		Nom	N
13011011	3	sein	AUX	VAFIN		Fin	Pres	3	S	Ind		
13011011	4	der	DET	ART					S		Nom	F
13011011	5	Zahl	NOUN	NN					S		Nom	F
13011011	6	der	DET	ART					S		Nom	M
13011011	7	Held	NOUN	NN					P		Nom	M
13011011	8	welcher	DET	PWAT					S		Nom	F
13011011	9	David	PROPN	NE					S		Nom	M
13011011	10	haben	AUX	VAFIN		Fin	Past	3	S	Ind		
13011011	11	Jaschobam	PROPN	NE					S		Nom	
13011011	12	der	DET	ART					S		Nom	M
13011011	13	Sohn	NOUN	NN					S		Nom	M
13011011	14	Hakmonis	PROPN	NE					S		Nom	
13011011	15	der	DET	ART					S		Nom	N
13011011	16	Haupt	NOUN	NN					S		Nom	N
13011011	17	der	DET	ART					S		Nom	M
13011011	18	Anführer	NOUN	NN					S		Nom	M
13011011	19	er	PRON	PPER				3	S		Nom	M
13011011	20	schwingen	VERB	VVFIN		Fin	Past	3	S	Ind		
13011011	21	sein	DET	PPOSAT					S		Acc	M
13011011	22	Speer	NOUN	NE					S		Nom	M
13011011	23	wider	ADP	PTKVZ								
13011011	24	dreihundert	NUM	CARD								
13011011	25	der	DET	ART					S		Nom	F
13011011	26	er	PRON	PPER				3	S		Nom	M
13011011	27	auf	ADP	PTKVZ								
13011011	28	einmal	ADV	ADV								
13011011	29	erschlagen	VERB	VVFIN		Fin	Past	3	S	Ind		
13011012	1	und	CCONJ	KON								
13011012	2	nach	ADP	APPR								
13011012	3	ihm	PRON	PPER				3	S		Dat	M
13011012	4	Eleasar	NOUN	NN					S		Nom	M
13011012	5	der	DET	ART					S		Nom	M
13011012	6	Sohn	NOUN	NN					S		Nom	M
13011012	7	Dodo	PROPN	NE					S		Gen	
13011012	8	der	DET	ART					S		Nom	M
13011012	9	Achochiter	NOUN	NN					P		Nom	N
13011012	10	er	PRON	PPER				3	S		Nom	M
13011012	11	sein	AUX	VAFIN		Fin	Past	3	S	Ind		
13011012	12	unter	ADP	APPR								
13011012	13	der	DET	ART					S		Acc	M
13011012	14	drei	NUM	CARD								
13011012	15	Held	NOUN	NN					P		Nom	M
13011013	1	er	PRON	PPER				3	S		Nom	M
13011013	2	sein	AUX	VAFIN		Fin	Past	3	S	Ind		
13011013	3	mit	ADP	APPR								
13011013	4	David	PROPN	NE					S		Nom	M
13011013	5	zu	ADP	PTKVZ								
13011013	6	Pas-Dammim	PROPN	NE					S		Nom	M
13011013	7	als	ADP	KOKOM								
13011013	8	der	DET	ART					S		Nom	F
13011013	9	Philister	NOUN	NN					S		Nom	M
13011013	10	daselbst	ADV	PROAV								
13011013	11	versammeln	VERB	VVPP		Part						
13011013	12	sein	AUX	VAFIN		Fin	Past	3	P	Ind		
13011013	13	zu	ADP	APPRART					S		Dat	N
13011013	14	Streit	NOUN	NN					S		Nom	M
13011013	15	und	CCONJ	KON								
13011013	16	dort	ADV	ADV								
13011013	17	sein	AUX	VAFIN		Fin	Past	3	S	Ind		
13011013	18	ein	DET	ART					S		Nom	N
13011013	19	Ackerstück	PROPN	NE					S		Nom	N
13011013	20	voll	ADV	ADJD	Pos							
13011013	21	Gerste	NOUN	ADV					S		Nom	F
13011013	22	und	CCONJ	KON								
13011013	23	der	DET	ART					S		Nom	N
13011013	24	Volk	NOUN	NN					S		Nom	N
13011013	25	fliehen	VERB	VVFIN		Fin	Past	3	S	Ind		
13011013	26	vor	ADP	APPR								
13011013	27	der	DET	ART					S		Acc	M
13011013	28	Philister	NOUN	NN					P		Dat	M
13011014	1	da	SCONJ	KOUS								
13011014	2	stellen	VERB	VVFIN		Fin	Past	3	P	Ind		
13011014	3	sie	PRON	PPER				3	P		Nom	
13011014	4	sich	PRON	PRF				3	S		Acc	
13011014	5	mitten	ADV	ADV								
13011014	6	auf	ADP	PTKVZ								
13011014	7	der	DET	ART					S		Nom	N
13011014	8	Stück	NOUN	NN					S		Nom	N
13011014	9	und	CCONJ	KON								
13011014	10	retteen	VERB	VVFIN		Fin	Past	3	P	Ind		
13011014	11	es	PRON	PPER				3	S		Nom	N
13011014	12	und	CCONJ	KON								
13011014	13	schlagen	VERB	VVFIN		Fin	Past	3	P	Ind		
13011014	14	der	DET	ART					S		Nom	F
13011014	15	Philister	NOUN	NN					S		Nom	M
13011014	16	und	CCONJ	KON								
13011014	17	Jahwe	NOUN	NN					S		Nom	M
13011014	18	schaffen	VERB	VVFIN		Fin	Past	3	S	Ind		
13011014	19	ein	DET	ART					S		Nom	F
13011014	20	groß	ADJ	ADJA	Pos				S		Nom	F
13011014	21	Rettung	NOUN	NN					S		Nom	F
13011015	1	und	CCONJ	KON								
13011015	2	drei	NUM	CARD								
13011015	3	von	ADP	APPR								
13011015	4	der	DET	ART					S		Acc	M
13011015	5	dreißig	NUM	CARD								
13011015	6	Häupter	NOUN	NN					P		Dat	M
13011015	7	gehen	VERB	VVFIN		Fin	Past	3	S	Ind		
13011015	8	zu	ADP	PTKVZ								
13011015	9	der	DET	ART					S		Dat	M
13011015	10	Fels	NOUN	NN					P		Nom	M
13011015	11	Hinab	ADV	PTKVZ								
13011015	12	zu	ADP	PTKVZ								
13011015	13	David	PROPN	NE					S		Nom	M
13011015	14	in	ADP	APPR								
13011015	15	der	DET	ART					S		Nom	F
13011015	16	Höhle	NOUN	NN					S		Nom	F
13011015	17	Adullam	PROPN	NE					S		Nom	
13011015	18	und	CCONJ	KON								
13011015	19	der	DET	ART					S		Nom	N
13011015	20	Heer	NOUN	NN					S		Nom	N
13011015	21	der	DET	ART					S		Nom	M
13011015	22	Philister	NOUN	NN					S		Nom	M
13011015	23	lageren	VERB	VVFIN		Fin	Past	3	S	Ind		
13011015	24	in	ADP	APPRART					S		Dat	N
13011015	25	Tal	PROPN	NN					S		Nom	
13011015	26	Rephaim	PROPN	NE					S		Nom	
13011016	1	David	PROPN	NE					S		Nom	M
13011016	2	aber	CCONJ	KON								
13011016	3	sein	AUX	VAFIN		Fin	Past	3	S	Ind		
13011016	4	damals	ADV	ADV								
13011016	5	auf	ADP	PTKVZ								
13011016	6	der	DET	ART					S		Nom	M
13011016	7	Bergfest	NOUN	NN					P		Nom	M
13011016	8	und	CCONJ	KON								
13011016	9	ein	DET	ART					S		Nom	F
13011016	10	Aufstellung	NOUN	NN					S		Nom	F
13011016	11	der	DET	ART					S		Nom	M
13011016	12	Philister	NOUN	NN					S		Nom	M
13011016	13	sein	AUX	VAFIN		Fin	Past	3	S	Ind		
13011016	14	damals	ADV	ADV								
13011016	15	zu	ADP	PTKVZ								
13011016	16	Bethlehem	PROPN	NE					S		Nom	N
13011017	1	und	CCONJ	KON								
13011017	2	David	PROPN	NE					S		Nom	M
13011017	3	haben	AUX	VAFIN		Fin	Past	3	S	Ind		
13011017	4	ein	DET	ART					S		Nom	N
13011017	5	Gelüst	NOUN	NN					P		Nom	N
13011017	6	und	CCONJ	KON								
13011017	7	sprechen	VERB	VVFIN		Fin	Past	3	S	Ind		
13011017	8	wer	PRON	PWS					S		Nom	M
13011017	9	werden	AUX	VAFIN		Fin	Pres	3	S	Ind		
13011017	10	mich	PRON	PPER				1	S		Acc	
13011017	11	mit	ADP	APPR								
13011017	12	Wasser	NOUN	NN					S		Nom	N
13011017	13	tränken	VERB	VVINF		Inf						
13011017	14	aus	ADP	PTKVZ								
13011017	15	der	DET	ART					S		Nom	M
13011017	16	Cistern	NOUN	NN					P		Nom	M
13011017	17	zu	ADP	PTKVZ								
13011017	18	Bethlehem	PROPN	NE					S		Nom	N
13011017	19	der	DET	ART					S		Nom	F
13011017	20	an	ADP	APPRART					S		Dat	M
13011017	21	Tor	NOUN	NN					P		Nom	N
13011017	22	sein	AUX	VAFIN		Fin	Pres	3	S	Ind		
13011018	1	da	SCONJ	KOUS								
13011018	2	brechen	VERB	VVFIN		Fin	Past	3	P	Ind		
13011018	3	der	DET	ART					S		Nom	F
13011018	4	drei	NUM	CARD								
13011018	5	durch	ADP	APPR								
13011018	6	der	DET	ART					S		Nom	N
13011018	7	Lager	NOUN	NN					S		Nom	N
13011018	8	der	DET	ART					S		Nom	M
13011018	9	Philister	NOUN	NN					S		Nom	M
13011018	10	und	CCONJ	KON								
13011018	11	schöpfn	VERB	VVFIN		Fin	Past	3	P	Ind		
13011018	12	Wasser	NOUN	NN					S		Nom	N
13011018	13	aus	ADP	PTKVZ								
13011018	14	der	DET	ART					S		Nom	M
13011018	15	Cistern	NOUN	NN					P		Nom	M
13011018	16	von	ADP	APPR								
13011018	17	Bethlehem	PROPN	NE					S		Nom	N
13011018	18	der	DET	ART					S		Nom	F
13011018	19	an	ADP	APPRART					S		Dat	M
13011018	20	Tor	NOUN	NN					P		Nom	N
13011018	21	sein	AUX	VAFIN		Fin	Pres	3	S	Ind		
13011018	22	und	CCONJ	KON								
13011018	23	tragen	VERB	VVFIN		Fin	Past	3	P	Ind		
13011018	24	und	CCONJ	KON								
13011018	25	bringen	VERB	VVFIN		Fin	Past	3	P	Ind		
13011018	26	es	PRON	PPER				3	S		Nom	N
13011018	27	zu	ADP	PTKVZ								
13011018	28	David	PROPN	NE					S		Nom	M
13011018	29	aber	CCONJ	KON								
13011018	30	David	PROPN	NE					S		Nom	M
13011018	31	wollen	AUX	VMFIN		Fin	Past	3	S	Ind		
13011018	32	es	PRON	PPER				3	S		Nom	N
13011018	33	nicht	PART	PTKNEG								
13011018	34	trinken	VERB	VVINF		Inf						
13011018	35	und	CCONJ	KON								
13011018	36	gießen	VERB	VVFIN		Fin	Past	3	S	Ind		
13011018	37	es	PRON	PPER				3	S		Nom	N
13011018	38	aus	ADP	PTKVZ								
13011018	39	als	ADP	KOKOM								
13011018	40	Trankopfer	NOUN	NN					P		Nom	N
13011018	41	der	DET	ART					S		Dat	M
13011018	42	Jahwe	NOUN	NN					S		Nom	M
13011019	1	und	CCONJ	KON								
13011019	2	er	PRON	PPER				3	S		Nom	M
13011019	3	sprechen	VERB	VVFIN		Fin	Past	3	S	Ind		
13011019	4	der	DET	ART					S		Nom	N
13011019	5	lassen	VERB	VVFIN		Fin	Pres	3	S	Sub		
13011019	6	mein	DET	PPOSAT					S		Nom	N
13011019	7	Gott	NOUN	NN					S		Nom	M
13011019	8	fern	ADV	ADJD	Pos							
13011019	9	von	ADP	APPR								
13011019	10	mir	PRON	PPER				1	S		Dat	
13011019	11	sein	AUX	VAINF		Inf						
13011019	12	daß	SCONJ	KOUS								
13011019	13	ich	PRON	PPER				1	S		Nom	
13011019	14	solcher	DET	PIAT					S		Nom	N
13011019	15	tun	VERB	VVFIN		Fin	Pres	3	S	Sub		
13011019	16	sollen	AUX	VMFIN		Fin	Past	3	S	Ind		
13011019	17	ich	PRON	PPER				1	S		Nom	
13011019	18	der	DET	ART					S		Nom	N
13011019	19	Blut	NOUN	NN					S		Nom	N
13011019	20	dieser	PRON	PDAT					S		Nom	M
13011019	21	Mann	NOUN	NN					P		Nom	M
13011019	22	trinken	VERB	VVINF		Inf						
13011019	23	der	DET	ART					S		Nom	F
13011019	24	mit	ADP	APPR								
13011019	25	Gefahr	NOUN	NN					S		Nom	F
13011019	26	ihr	DET	PPOSAT					S		Gen	M
13011019	27	Leben	NOUN	NN					S		Gen	N
13011019	28	hingegangen	VERB	VVPP		Part						
13011019	29	sein	AUX	VAFIN		Fin	Pres	3	P	Ind		
13011019	30	denn	CCONJ	KON								
13011019	31	mit	ADP	APPR								
13011019	32	Gefahr	NOUN	NN					S		Nom	F
13011019	33	ihr	DET	PPOSAT					S		Gen	M
13011019	34	Leben	NOUN	NN					S		Gen	N
13011019	35	haben	AUX	VAFIN		Fin	Pres	3	P	Ind		
13011019	36	sie	PRON	PPER				3	P		Nom	
13011019	37	es	PRON	PPER				3	S		Nom	N
13011019	38	bringen	VERB	VVPP		Part						
13011019	39	und	CCONJ	KON								
13011019	40	er	PRON	PPER				3	S		Nom	M
13011019	41	wollen	AUX	VMFIN		Fin	Past	3	S	Ind		
13011019	42	es	PRON	PPER				3	S		Nom	N
13011019	43	nicht	PART	PTKNEG								
13011019	44	trinken	VERB	VVINF		Inf						
13011019	45	der	DET	ART					S		Nom	N
13011019	46	tun	VERB	VVFIN		Fin	Past	3	P	Ind		
13011019	47	der	DET	ART					S		Nom	F
13011019	48	drei	NUM	CARD								
13011019	49	Held	NOUN	NN					P		Nom	M
13011020	1	und	CCONJ	KON								
13011020	2	Abisai	VERB	VVPP		Part						
13011020	3	der	DET	ART					S		Nom	M
13011020	4	Bruder	NOUN	NN					S		Nom	M
13011020	5	Joabs	X	FM								
13011020	6	dieser	PRON	PDAT					S		Nom	M
13011020	7	sein	AUX	VAFIN		Fin	Past	3	S	Ind		
13011020	8	ein	DET	ART					S		Nom	N
13011020	9	Haupt	NOUN	NN					S		Nom	N
13011020	10	der	DET	ART					S		Nom	M
13011020	11	drei	NUM	CARD								
13011020	12	und	CCONJ	KON								
13011020	13	er	PRON	PPER				3	S		Nom	M
13011020	14	schwingen	VERB	VVFIN		Fin	Past	3	S	Ind		
13011020	15	sein	DET	PPOSAT					S		Acc	M
13011020	16	Speer	NOUN	NE					S		Nom	M
13011020	17	wider	ADP	PTKVZ								
13011020	18	dreihundert	NUM	CARD								
13011020	19	der	DET	ART					S		Nom	F
13011020	20	er	PRON	PPER				3	S		Nom	M
13011020	21	erschlagen	VERB	VVFIN		Fin	Past	3	S	Ind		
13011020	22	und	CCONJ	KON								
13011020	23	er	PRON	PPER				3	S		Nom	M
13011020	24	haben	AUX	VAFIN		Fin	Past	3	S	Ind		
13011020	25	ein	DET	ART					S		Acc	M
13011020	26	Name	NOUN	NN					P		Nom	M
13011020	27	unter	ADP	APPR								
13011020	28	der	DET	ART					S		Acc	M
13011020	29	Dreie	NOUN	NN					P		Nom	F
13011021	1	vor	ADP	APPR								
13011021	2	der	DET	ART					S		Acc	M
13011021	3	Dreie	NOUN	NN					P		Nom	F
13011021	4	sein	AUX	VAFIN		Fin	Past	3	S	Ind		
13011021	5	er	PRON	PPER				3	S		Nom	M
13011021	6	ehren	VERB	VVPP		Part						
13011021	7	neben	ADP	APPR								
13011021	8	der	DET	ART					S		Acc	M
13011021	9	Zwei	NOUN	NN					P		Nom	
13011021	10	so	ADV	ADV								
13011021	11	daß	SCONJ	KOUS								
13011021	12	er	PRON	PPER				3	S		Nom	M
13011021	13	ihr	PRON	PPOSAT				3	S		Dat	F
13011021	14	Oberster	NOUN	NN					S		Nom	M
13011021	15	werden	AUX	VAFIN		Fin	Past	3	S	Ind		
13011021	16	aber	CCONJ	KON								
13011021	17	an	ADP	PTKVZ								
13011021	18	der	DET	ART					S		Nom	F
13011021	19	erster	ADJ	ADJA	Pos				S		Dat	M
13011021	20	drei	NUM	CARD								
13011021	21	reichen	VERB	VVFIN		Fin	Past	3	S	Ind		
13011021	22	er	PRON	PPER				3	S		Nom	M
13011021	23	nicht	PART	PTKNEG								
13011022	1	Benaja	PROPN	NE					S		Nom	
13011022	2	der	DET	ART					S		Nom	M
13011022	3	Sohn	NOUN	NN					S		Nom	M
13011022	4	Jojadas	PROPN	NE					S		Gen	
13011022	5	der	DET	ART					S		Nom	M
13011022	6	Sohn	NOUN	NN					S		Nom	M
13011022	7	ein	PRON	ART					S		Nom	N
13011022	8	tapfer	ADJ	ADJA	Pos				S		Acc	M
13011022	9	Mann	NOUN	NN					S		Gen	M
13011022	10	groß	ADV	ADJD	Pos							
13011022	11	an	ADP	PTKVZ								
13011022	12	Tat	NOUN	NN					P		Nom	F
13011022	13	von	ADP	APPR								
13011022	14	Kabzeel	PROPN	NE					S		Nom	M
13011022	15	selbig	PRON	ADJA					S		Nom	M
13011022	16	erschlagen	VERB	VVFIN		Fin	Past	3	S	Ind		
13011022	17	zwei	NUM	CARD								
13011022	18	Löwe	NOUN	NN					S		Nom	M
13011022	19	von	ADP	APPR								
13011022	20	Moab	PROPN	NE					S		Nom	
13011022	21	und	CCONJ	KON								
13011022	22	er	PRON	PPER				3	S		Nom	M
13011022	23	steigen	VERB	VVFIN		Fin	Past	3	S	Ind		
13011022	24	Hinab	ADV	PTKVZ								
13011022	25	und	CCONJ	KON								
13011022	26	erschlagen	VERB	VVFIN		Fin	Past	3	S	Ind		
13011022	27	der	DET	ART					S		Acc	M
13011022	28	Löwe	NOUN	NN					S		Nom	M
13011022	29	in	ADP	APPR								
13011022	30	der	DET	ART					S		Nom	M
13011022	31	Grube	NOUN	NN					S		Nom	F
13011022	32	an	ADP	PTKVZ								
13011022	33	ein	DET	ART					S		Dat	M
13011022	34	Schneetag	NOUN	NN					P		Nom	N
13011023	1	und	CCONJ	KON								
13011023	2	er	PRON	PPER				3	S		Nom	M
13011023	3	sein	AUX	VAFIN		Fin	Past	3	S	Ind		
13011023	4	es	PRON	PPER				3	S		Nom	N
13011023	5	der	DET	ART					S		Nom	M
13011023	6	der	DET	ART					S		Acc	M
13011023	7	ägyptisch	ADJ	ADJA	Pos				S		Nom	N
13011023	8	Mann	NOUN	NN					S		Nom	M
13011023	9	erschlagen	VERB	VVFIN		Fin	Past	3	S	Ind		
13011023	10	ein	DET	ART					S		Acc	M
13011023	11	Mann	NOUN	NN					S		Nom	M
13011023	12	von	ADP	APPR								
13011023	13	fünf	NUM	CARD								
13011023	14	Ellen	PROPN	NE					S		Nom	F
13011023	15	Länge	NOUN	NN					S		Nom	F
13011023	16	und	CCONJ	KON								
13011023	17	der	DET	ART					S		Nom	M
13011023	18	Ägypter	NOUN	NN					P		Nom	M
13011023	19	haben	AUX	VAFIN		Fin	Past	3	S	Ind		
13011023	20	ein	DET	ART					S		Acc	M
13011023	21	Speer	NOUN	NE					S		Nom	M
13011023	22	in	ADP	APPR								
13011023	23	der	DET	ART					S		Nom	M
13011023	24	Hand	NOUN	NN					S		Nom	F
13011023	25	wie	ADP	KOKOM								
13011023	26	ein	DET	ART					S		Acc	M
13011023	27	Weberbaum	NOUN	NN					S		Nom	M
13011023	28	er	PRON	PPER				3	S		Nom	M
13011023	29	aber	CCONJ	KON								
13011023	30	gehen	VERB	VVFIN		Fin	Past	3	S	Ind		
13011023	31	zu	ADP	PTKVZ								
13011023	32	ihm	PRON	PPER				3	S		Dat	M
13011023	33	Hinab	ADV	PTKVZ								
13011023	34	mit	ADP	APPR								
13011023	35	ein	DET	ART					S		Dat	M
13011023	36	Stabe	NOUN	NN					S		Nom	M
13011023	37	und	CCONJ	KON								
13011023	38	reißen	VERB	VVFIN		Fin	Past	3	S	Ind		
13011023	39	der	DET	ART					S		Dat	M
13011023	40	Ägypter	NOUN	NN					P		Nom	M
13011023	41	der	DET	ART					S		Acc	M
13011023	42	Speer	NOUN	NE					S		Nom	M
13011023	43	aus	ADP	PTKVZ								
13011023	44	der	DET	ART					S		Nom	M
13011023	45	Hand	NOUN	NN					S		Nom	F
13011023	46	und	CCONJ	KON								
13011023	47	töten	VERB	VVFIN		Fin	Past	3	S	Ind		
13011023	48	ihn	PRON	PPER				3	S		Acc	M
13011023	49	mit	ADP	APPR								
13011023	50	sein	DET	PPOSAT					S		Dat	M
13011023	51	eigen	ADJ	ADJA	Pos				S		Acc	M
13011023	52	Speer	NOUN	NN					P		Nom	N
13011024	1	der	DET	ART					S		Nom	N
13011024	2	tun	VERB	VVFIN		Fin	Past	3	S	Ind		
13011024	3	Benaja	PROPN	NE					S		Nom	
13011024	4	der	DET	ART					S		Nom	M
13011024	5	Sohn	NOUN	NN					S		Nom	M
13011024	6	Jojadas	PROPN	NE					S		Gen	
13011024	7	und	CCONJ	KON								
13011024	8	er	PRON	PPER				3	S		Nom	M
13011024	9	haben	AUX	VAFIN		Fin	Past	3	S	Ind		
13011024	10	ein	DET	ART					S		Acc	M
13011024	11	Name	NOUN	NN					P		Nom	M
13011024	12	unter	ADP	APPR								
13011024	13	der	DET	ART					S		Acc	M
13011024	14	drei	NUM	CARD								
13011024	15	Held	NOUN	NN					P		Nom	M
13011025	1	vor	ADP	APPR								
13011025	2	der	DET	ART					S		Acc	M
13011025	3	Dreißige	NOUN	NN					P		Nom	F
13011025	4	sehen	VERB	VVIMP				2	S	Imp		
13011025	5	sein	AUX	VAFIN		Fin	Past	3	S	Ind		
13011025	6	er	PRON	PPER				3	S		Nom	M
13011025	7	ehren	VERB	VVPP		Part						
13011025	8	aber	CCONJ	KON								
13011025	9	an	ADP	PTKVZ								
13011025	10	der	DET	ART					S		Nom	F
13011025	11	erster	ADJ	ADJA	Pos				S		Dat	M
13011025	12	drei	NUM	CARD								
13011025	13	reichen	VERB	VVFIN		Fin	Past	3	S	Ind		
13011025	14	er	PRON	PPER				3	S		Nom	M
13011025	15	nicht	PART	PTKNEG								
13011025	16	und	CCONJ	KON								
13011025	17	David	PROPN	NE					S		Nom	M
13011025	18	setzen	VERB	VVFIN		Fin	Past	3	S	Ind		
13011025	19	ihn	PRON	PPER				3	S		Acc	M
13011025	20	in	ADP	APPR								
13011025	21	sein	DET	PPOSAT					S		Acc	M
13011025	22	geheim	ADJ	ADJA	Pos				S		Acc	M
13011025	23	Rat	NOUN	NN					S		Nom	M
13011026	1	und	CCONJ	KON								
13011026	2	der	DET	ART					S		Nom	F
13011026	3	Held	NOUN	NN					P		Nom	M
13011026	4	der	DET	ART					S		Nom	M
13011026	5	Heer	NOUN	NN					P		Nom	M
13011026	6	sein	AUX	VAFIN		Fin	Past	3	P	Ind		
13011026	7	Asael	PROPN	NE					S		Nom	M
13011026	8	der	DET	ART					S		Nom	M
13011026	9	Bruder	NOUN	NN					S		Nom	M
13011026	10	Joabs	X	FM								
13011026	11	Elchanan	PROPN	NE					S		Nom	
13011026	12	der	DET	ART					S		Nom	M
13011026	13	Sohn	NOUN	NN					S		Nom	M
13011026	14	Dodo	PROPN	NE					S		Gen	
13011026	15	von	ADP	APPR								
13011026	16	Bethlehem	PROPN	NE					S		Nom	N
13011027	1	Schammoth	NOUN	NN					S		Nom	F
13011027	2	der	DET	ART					S		Nom	M
13011027	3	Haroriter	NOUN	NN					S		Nom	F
13011027	4	Helez	PROPN	NE					S		Nom	M
13011027	5	der	DET	ART					S		Nom	M
13011027	6	Peloniter	NOUN	NN					S		Nom	M
13011028	1	Ira	PROPN	NE					S		Nom	
13011028	2	der	DET	ART					S		Nom	M
13011028	3	Sohn	NOUN	NN					S		Nom	M
13011028	4	Ikkesch	NOUN	NN					S		Nom	M
13011028	5	der	DET	ART					S		Nom	M
13011028	6	Tekoiter	PROPN	NE					S		Nom	
13011028	7	Abieser	PROPN	NE					S		Nom	
13011028	8	der	DET	ART					S		Nom	M
13011028	9	Annethotiter	NOUN	NN					S		Nom	M
13011029	1	Sibbekai	NOUN	NN					P		Nom	M
13011029	2	der	DET	ART					S		Nom	M
13011029	3	huschathiter	NOUN	NN					S		Nom	M
13011029	4	Ilai	NOUN	NN					S		Nom	N
13011029	5	der	DET	ART					S		Nom	M
13011029	6	Achochiter	NOUN	NN					P		Nom	N
13011030	1	Maharai	PROPN	NE					S		Nom	
13011030	2	der	DET	ART					S		Nom	M
13011030	3	Netophathiter	NOUN	NN					P		Nom	F
13011030	4	Heled	NOUN	NN					S		Nom	N
13011030	5	der	DET	ART					S		Nom	M
13011030	6	Sohn	NOUN	NN					S		Nom	M
13011030	7	Baana	PROPN	NE					S		Gen	
13011030	8	der	DET	ART					S		Nom	M
13011030	9	Netophathiter	NOUN	NN					P		Nom	F
13011031	1	Ittai	PROPN	NE					S		Nom	
13011031	2	der	DET	ART					S		Nom	M
13011031	3	Sohn	NOUN	NN					S		Nom	M
13011031	4	Ribai	PROPN	NE					S		Gen	M
13011031	5	von	ADP	APPR								
13011031	6	Gibea	PROPN	NE					S		Nom	
13011031	7	der	DET	ART					S		Nom	M
13011031	8	Kind	NOUN	NN					P		Nom	N
13011031	9	Benjamin	PROPN	NE					S		Nom	M
13011031	10	Benaja	PROPN	NE					S		Nom	
13011031	11	der	DET	ART					S		Nom	M
13011031	12	Pirhathoniter	NOUN	NN					P		Nom	M
13011032	1	Hurai	PROPN	NE					S		Nom	
13011032	2	von	ADP	APPR								
13011032	3	der	DET	ART					S		Acc	M
13011032	4	Bach	NOUN	NN					P		Dat	M
13011032	5	Gaasch	NOUN	NN					S		Nom	M
13011032	6	Abiel	NOUN	NN					S		Nom	N
13011032	7	der	DET	ART					S		Nom	M
13011032	8	arbathiter	NOUN	NN					S		Nom	M
13011033	1	Asmaweth	PROPN	NE					S		Nom	
13011033	2	der	DET	ART					S		Nom	M
13011033	3	Bacharumiter	NOUN	NN					P		Nom	M
13011033	4	Eljachba	PROPN	NE					S		Nom	
13011033	5	der	DET	ART					S		Nom	M
13011033	6	Schaalbonit	NOUN	NN					S		Nom	M
13011034	1	Bne-Haschem	PROPN	NE					S		Nom	M
13011034	2	der	DET	ART					S		Nom	M
13011034	3	Gisoniter	NOUN	NN					S		Nom	M
13011034	4	Jonathan	PROPN	NE					S		Nom	M
13011034	5	der	DET	ART					S		Nom	M
13011034	6	Sohn	NOUN	NN					S		Nom	M
13011034	7	Schage	PROPN	NE					S		Gen	
13011034	8	der	DET	ART					S		Nom	M
13011034	9	Harariter	NOUN	NN					P		Nom	M
13011035	1	Achiam	NOUN	NN					S		Nom	M
13011035	2	der	DET	ART					S		Nom	M
13011035	3	Sohn	NOUN	NN					S		Nom	M
13011035	4	Sakar	PROPN	NE					S		Gen	
13011035	5	der	DET	ART					S		Nom	M
13011035	6	Harariter	NOUN	NN					P		Nom	M
13011035	7	Eliphal	PROPN	NE					S		Nom	
13011035	8	der	DET	ART					S		Nom	M
13011035	9	Sohn	NOUN	NN					S		Nom	M
13011035	10	Urs	PROPN	NE					S		Nom	M
13011036	1	Hepher	NOUN	NN					S		Nom	M
13011036	2	der	DET	ART					S		Nom	M
13011036	3	Mekerathite	NOUN	NN					S		Nom	M
13011036	4	Achija	NOUN	NN					S		Nom	F
13011036	5	der	DET	ART					S		Nom	M
13011036	6	Peloniter	NOUN	NN					S		Nom	M
13011037	1	Hezro	PROPN	NE					S		Nom	
13011037	2	der	DET	ART					S		Nom	M
13011037	3	Karmeliter	NOUN	NN					P		Nom	M
13011037	4	Naarai	X	FM								
13011037	5	der	DET	ART					S		Nom	M
13011037	6	Sohn	NOUN	NN					S		Nom	M
13011037	7	Esbai	PROPN	NE					S		Gen	
13011038	1	Joel	PROPN	NE					S		Nom	M
13011038	2	der	DET	ART					S		Nom	M
13011038	3	Bruder	NOUN	NN					S		Nom	M
13011038	4	Nathans	PROPN	NE					S		Nom	M
13011038	5	Mibchar	PROPN	NE					S		Nom	
13011038	6	der	DET	ART					S		Nom	M
13011038	7	Sohn	NOUN	NN					S		Nom	M
13011038	8	Hagris	PROPN	NE					S		Nom	
13011039	1	Zelek	NOUN	NN					S		Nom	M
13011039	2	der	DET	ART					S		Nom	M
13011039	3	Ammoniter	NOUN	NN					S		Nom	M
13011039	4	Nacharai	PROPN	NE					S		Nom	
13011039	5	der	DET	ART					S		Nom	M
13011039	6	Beerothiter	NOUN	NN					P		Nom	M
13011039	7	der	DET	ART					S		Nom	M
13011039	8	Waffenträger	NOUN	NN					P		Nom	M
13011039	9	Joabs	X	FM								
13011039	10	der	DET	ART					S		Gen	M
13011039	11	Sohn	PROPN	NE					S		Gen	M
13011039	12	der	DET	ART					S		Nom	M
13011039	13	Zeruja	PROPN	NE					S		Nom	N
13011040	1	Ira	PROPN	NE					S		Nom	
13011040	2	der	DET	ART					S		Nom	M
13011040	3	Jithriter	PROPN	NE					S		Nom	M
13011040	4	Gareb	PROPN	NE					S		Nom	M
13011040	5	der	DET	ART					S		Nom	M
13011040	6	Jithriter	PROPN	NE					S		Nom	M
13011041	1	Urija	PROPN	NE					S		Nom	
13011041	2	der	DET	ART					S		Nom	M
13011041	3	Hethiter	PROPN	NE					S		Nom	M
13011041	4	Sabad	PROPN	NE					S		Nom	N
13011041	5	der	DET	ART					S		Nom	M
13011041	6	Sohn	NOUN	NN					S		Nom	M
13011041	7	Achlais	NOUN	NN					S		Nom	M
13011042	1	Adina	PROPN	NE					S		Nom	F
13011042	2	der	DET	ART					S		Nom	M
13011042	3	Sohn	NOUN	NN					S		Nom	M
13011042	4	Schisa	PROPN	NE					S		Gen	
13011042	5	der	DET	ART					S		Nom	M
13011042	6	Rubeniter	PROPN	NE					S		Nom	M
13011042	7	ein	DET	ART					S		Nom	N
13011042	8	Haupt	NOUN	NN					S		Nom	N
13011042	9	der	DET	ART					S		Nom	M
13011042	10	Rubeniter	PROPN	NE					S		Nom	M
13011042	11	und	CCONJ	KON								
13011042	12	dreißig	NUM	CARD								
13011042	13	bei	ADP	APPR								
13011042	14	ihm	PRON	PPER				3	S		Dat	M
13011043	1	Hanan	PROPN	NE					S		Nom	M
13011043	2	der	DET	ART					S		Nom	M
13011043	3	Sohn	NOUN	NN					S		Nom	M
13011043	4	Maaka	PROPN	NE					S		Gen	N
13011043	5	und	CCONJ	KON								
13011043	6	Josaphat	PROPN	NE								
13011043	7	der	DET	ART					S		Nom	M
13011043	8	Mithniter	NOUN	NN					S		Nom	M
13011044	1	Ussija	PROPN	NE					S		Nom	F
13011044	2	der	DET	ART					S		Nom	M
13011044	3	Aschterothiter	NOUN	NN					S		Nom	M
13011044	4	Schama	PROPN	NE					S		Nom	
13011044	5	und	CCONJ	KON								
13011044	6	Jeghiel	PROPN	NN					S		Nom	N
13011044	7	der	DET	ART					S		Nom	F
13011044	8	Sohn	NOUN	NN					P		Nom	M
13011044	9	Hotham	PROPN	NE					S		Gen	N
13011044	10	der	DET	ART					S		Gen	M
13011044	11	Aroeriter	NOUN	NN					P		Nom	M
13011045	1	Jediael	PROPN	NE					S		Nom	N
13011045	2	der	DET	ART					S		Nom	M
13011045	3	Sohn	NOUN	NN					S		Nom	M
13011045	4	Schimris	PROPN	NE					S		Nom	
13011045	5	und	CCONJ	KON								
13011045	6	Jocha	PROPN	NE					S		Nom	N
13011045	7	sein	AUX	VAINF		Inf						
13011045	8	Bruder	NOUN	NN					S		Nom	M
13011045	9	der	DET	ART					S		Nom	M
13011045	10	Thiziter	NOUN	NN					S		Nom	M
13011046	1	eliel	NOUN	NN					S		Nom	N
13011046	2	der	DET	ART					S		Nom	M
13011046	3	Machawim	PROPN	NE					S		Nom	
13011046	4	und	CCONJ	KON								
13011046	5	Jeribai	NOUN	NN					S		Nom	F
13011046	6	und	CCONJ	KON								
13011046	7	Joschawja	PROPN	NE					S		Nom	M
13011046	8	der	DET	ART					S		Nom	F
13011046	9	Sohn	NOUN	NN					P		Nom	M
13011046	10	Elnaam	PROPN	NE					S		Gen	M
13011046	11	und	CCONJ	KON								
13011046	12	Jithma	PROPN	NE					S		Nom	
13011046	13	der	DET	ART					S		Nom	M
13011046	14	Moabiter	NOUN	NE					P		Nom	M
13011047	1	eliel	NOUN	NN					S		Nom	N
13011047	2	und	CCONJ	KON								
13011047	3	Obed	PROPN	NE					S		Nom	
13011047	4	und	CCONJ	KON								
13011047	5	Jaasiel	NOUN	NN					S		Nom	N
13011047	6	der	DET	ART					S		Nom	M
13011047	7	Mezobait	NOUN	NN					P		Nom	M
13012001	1	und	CCONJ	KON								
13012001	2	dieser	DET	PDAT					S		Nom	F
13012001	3	sein	AUX	VAFIN		Fin	Pres	3	P	Ind		
13012001	4	es	PRON	PPER				3	S		Nom	N
13012001	5	welcher	DET	PWAT					S		Nom	F
13012001	6	zu	ADP	PTKVZ								
13012001	7	David	PROPN	NE					S		Nom	M
13012001	8	nach	ADP	APPR								
13012001	9	Ziklag	NOUN	NN					S		Nom	M
13012001	10	kommen	VERB	VVFIN		Fin	Past	3	P	Ind		
13012001	11	als	ADP	KOKOM								
13012001	12	er	PRON	PPER				3	S		Nom	M
13012001	13	sich	PRON	PRF				3	S		Acc	
13012001	14	noch	CCONJ	KON								
13012001	15	vor	ADP	APPR								
13012001	16	Saul	PROPN	NE					S		Nom	M
13012001	17	der	DET	ART					S		Dat	M
13012001	18	Sohn	NOUN	NN					S		Acc	M
13012001	19	Kis	PROPN	NE					S		Nom	
13012001	20	verbergen	VERB	VVPP		Part						
13012001	21	halten	VERB	VVFIN		Fin	Past	3	S	Ind		
13012001	22	auch	ADV	ADV								
13012001	23	sie	PRON	PPER				3	P		Nom	
13012001	24	sein	AUX	VAFIN		Fin	Past	3	P	Ind		
13012001	25	unter	ADP	APPR								
13012001	26	der	DET	ART					S		Acc	M
13012001	27	Held	NOUN	NN					P		Nom	M
13012001	28	der	DET	ART					S		Nom	F
13012001	29	ihm	PRON	PPER				3	S		Dat	M
13012001	30	in	ADP	APPRART					S		Dat	N
13012001	31	Streite	NOUN	NN					S		Nom	F
13012001	32	helfen	VERB	VVFIN		Fin	Past	3	P	Ind		
13012002	1	ausrüsten	VERB	VVPP		Part						
13012002	2	mit	ADP	APPR								
13012002	3	der	DET	ART					S		Dat	M
13012002	4	Bogen	NOUN	NN					S		Nom	M
13012002	5	und	CCONJ	KON								
13012002	6	üben	VERB	VVPP		Part						
13012002	7	mit	ADP	APPR								
13012002	8	der	DET	ART					S		Nom	M
13012002	9	rechte	NOUN	NN					P		Nom	F
13012002	10	und	CCONJ	KON								
13012002	11	mit	ADP	APPR								
13012002	12	der	DET	ART					S		Nom	M
13012002	13	linke	NOUN	NN					P		Dat	
13012002	14	Stein	NOUN	NN					P		Nom	M
13012002	15	zu	ADP	PTKVZ								
13012002	16	schleudern	VERB	VVINF		Inf						
13012002	17	und	CCONJ	KON								
13012002	18	Pfeil	NOUN	NN					P		Nom	M
13012002	19	mit	ADP	APPR								
13012002	20	der	DET	ART					S		Dat	M
13012002	21	Bogen	NOUN	NN					S		Nom	M
13012002	22	abschießen	VERB	VVIZU		Inf						
13012002	23	von	ADP	APPR								
13012002	24	der	DET	ART					S		Acc	M
13012002	25	Brüdern	NOUN	NN					P		Dat	M
13012002	26	Saul	PROPN	NE					S		Gen	M
13012002	27	aus	ADP	PTKVZ								
13012002	28	Benjamin	PROPN	NE					S		Nom	M
13012003	1	der	DET	ART					S		Nom	N
13012003	2	Haupt	NOUN	NN					S		Nom	N
13012003	3	Achieser	NOUN	NN					S		Nom	N
13012003	4	und	CCONJ	KON								
13012003	5	Joas	PROPN	NE					S		Nom	
13012003	6	der	DET	ART					S		Nom	F
13012003	7	Sohn	NOUN	NN					P		Nom	M
13012003	8	Haschemaas	NOUN	NE					S		Nom	N
13012003	9	der	DET	ART					S		Gen	M
13012003	10	Gibeathiter	PROPN	NE					S		Gen	
13012003	11	und	CCONJ	KON								
13012003	12	Jesiel	NOUN	NN					S		Nom	N
13012003	13	und	CCONJ	KON								
13012003	14	Peleth	PROPN	NE					S		Nom	
13012003	15	der	DET	ART					S		Nom	F
13012003	16	Sohn	NOUN	NN					P		Nom	M
13012003	17	Asmaweth	PROPN	NE					S		Gen	
13012003	18	und	CCONJ	KON								
13012003	19	Beraka	PROPN	NE					S		Nom	N
13012003	20	und	CCONJ	KON								
13012003	21	Jehu	PROPN	NE					S		Nom	M
13012003	22	der	DET	ART					S		Nom	M
13012003	23	Annethotiter	NOUN	NN					S		Nom	M
13012004	1	und	CCONJ	KON								
13012004	2	Jischmaja	PROPN	NE					S		Nom	
13012004	3	der	DET	ART					S		Nom	M
13012004	4	Gibeoniter	NOUN	NN					P		Nom	M
13012004	5	ein	DET	ART					S		Nom	N
13012004	6	Held	NOUN	NN					S		Nom	M
13012004	7	unter	ADP	APPR								
13012004	8	der	DET	ART					S		Acc	M
13012004	9	dreißig	NUM	CARD								
13012004	10	und	CCONJ	KON								
13012004	11	über	ADP	APPR								
13012004	12	der	DET	ART					S		Nom	F
13012004	13	dreißig	NUM	CARD								
13012005	1	und	CCONJ	KON								
13012005	2	Jeremia	PROPN	NE					S		Nom	M
13012005	3	und	CCONJ	KON								
13012005	4	Jachasiel	NOUN	NN					S		Nom	N
13012005	5	und	CCONJ	KON								
13012005	6	Jochanan	PROPN	NE					S		Nom	M
13012005	7	und	CCONJ	KON								
13012005	8	Josabad	PROPN	NE					S		Nom	N
13012005	9	der	DET	ART					S		Nom	M
13012005	10	Gederathiter	NOUN	NN					P		Nom	M
13012006	1	Elusai	NOUN	NN					S		Nom	M
13012006	2	und	CCONJ	KON								
13012006	3	Jerimoth	PROPN	NE					S		Nom	
13012006	4	und	CCONJ	KON								
13012006	5	Bealja	NOUN	NN					S		Nom	N
13012006	6	und	CCONJ	KON								
13012006	7	Schemarja	PROPN	NE					S		Nom	
13012006	8	und	CCONJ	KON								
13012006	9	Schephatja	PROPN	NE					S		Nom	
13012006	10	der	DET	ART					S		Nom	M
13012006	11	Haruphiter	NOUN	NN					S		Nom	M
13012007	1	Elkana	PROPN	NE					S		Nom	F
13012007	2	und	CCONJ	KON								
13012007	3	Jischschija	NOUN	NN					S		Nom	F
13012007	4	und	CCONJ	KON								
13012007	5	Asarel	PROPN	NN					S		Nom	M
13012007	6	und	CCONJ	KON								
13012007	7	Joeser	NOUN	NN					S		Nom	F
13012007	8	und	CCONJ	KON								
13012007	9	Jaschobam	PROPN	NE					S		Nom	
13012007	10	der	DET	ART					S		Nom	F
13012007	11	Korhiter	NOUN	NN					S		Nom	M
13012008	1	und	CCONJ	KON								
13012008	2	Joela	PROPN	NE					S		Nom	F
13012008	3	und	CCONJ	KON								
13012008	4	Sebadja	PROPN	NE					S		Nom	F
13012008	5	der	DET	ART					S		Nom	F
13012008	6	Sohn	NOUN	NN					P		Nom	M
13012008	7	Jerocham	PROPN	NE					S		Gen	
13012008	8	von	ADP	APPR								
13012008	9	Gedor	ADV	ADJD	Pos							
13012009	1	und	CCONJ	KON								
13012009	2	von	ADP	APPR								
13012009	3	der	DET	ART					S		Acc	M
13012009	4	Gaditer	NOUN	NN					P		Nom	F
13012009	5	Sondert	VERB	VVFIN		Fin	Pres	3	P	Ind		
13012009	6	sich	PRON	PRF				3	S		Acc	
13012009	7	ab	ADP	PTKVZ								
13012009	8	zu	ADP	PTKVZ								
13012009	9	David	PROPN	NE					S		Nom	M
13012009	10	nach	ADP	APPR								
13012009	11	der	DET	ART					S		Nom	M
13012009	12	Bergfest	NOUN	NN					P		Nom	M
13012009	13	in	ADP	APPR								
13012009	14	der	DET	ART					S		Nom	F
13012009	15	Wüste	NOUN	NN					S		Nom	F
13012009	16	tapferen	VERB	VVFIN		Fin	Pres	3	S	Sub		
13012009	17	Held	NOUN	NN					P		Nom	M
13012009	18	Mann	NOUN	NN					P		Nom	M
13012009	19	der	DET	ART					S		Gen	M
13012009	20	Heer	NOUN	NN					S		Nom	N
13012009	21	zu	ADP	APPRART					S		Dat	N
13012009	22	Krieg	NOUN	NN					P		Nom	M
13012009	23	mit	ADP	APPR								
13012009	24	Schild	NOUN	NN					S		Nom	N
13012009	25	und	CCONJ	KON								
13012009	26	Lanze	NOUN	NN					S		Nom	F
13012009	27	rüsten	VERB	VVPP		Part						
13012009	28	der	PRON	PDS							Gen	
13012009	29	Angesichter	NOUN	NN					S		Nom	F
13012009	30	wie	ADP	KOKOM								
13012009	31	Löwenangesichter	NOUN	NN					S		Nom	M
13012009	32	und	CCONJ	KON								
13012009	33	der	DET	ART					S		Nom	F
13012009	34	der	DET	ART					S		Acc	M
13012009	35	Gazelle	NOUN	NN					P		Nom	F
13012009	36	auf	ADP	PTKVZ								
13012009	37	der	DET	ART					S		Acc	M
13012009	38	Berg	NOUN	NN					P		Nom	M
13012009	39	gleich	ADV	ADV	Pos							
13012009	40	sein	AUX	VAFIN		Fin	Past	3	P	Ind		
13012009	41	an	ADP	PTKVZ								
13012009	42	schnelle	NOUN	NN					S		Nom	F
13012010	1	Eser	PROPN	NE					S		Nom	
13012010	2	der	DET	ART					S		Nom	N
13012010	3	Haupt	NOUN	NN					S		Nom	N
13012010	4	Obadja	PROPN	NE					S		Nom	
13012010	5	der	DET	ART					S		Nom	M
13012010	6	zweiter	ADJ	ADJA	Pos				S		Nom	F
13012010	7	Eliab	NOUN	NN					S		Nom	F
13012010	8	der	DET	ART					S		Nom	M
13012010	9	dritter	ADJ	ADJA	Pos				S		Nom	F
13012011	1	Mischmanna	PROPN	NE					S		Nom	N
13012011	2	der	DET	ART					S		Nom	M
13012011	3	vierter	ADJ	ADJA	Pos				S		Nom	F
13012011	4	Jeremia	PROPN	NE					S		Nom	M
13012011	5	der	DET	ART					S		Nom	M
13012011	6	fünfter	ADJ	ADJA	Pos				S		Nom	F
13012012	1	Attai	NOUN	NN					S		Acc	F
13012012	2	der	DET	ART					S		Nom	M
13012012	3	sechster	ADJ	ADJA	Pos				S		Nom	F
13012012	4	eliel	NOUN	NN					S		Nom	N
13012012	5	der	DET	ART					S		Nom	M
13012012	6	siebte	ADJ	ADJA	Pos				S		Nom	F
13012013	1	Jochanan	PROPN	NE					S		Nom	M
13012013	2	der	DET	ART					S		Nom	M
13012013	3	achten	VERB	VVFIN		Fin	Pres	3	S	Sub		
13012013	4	Elsabad	NOUN	NN					S		Nom	N
13012013	5	der	DET	ART					S		Nom	M
13012013	6	neunter	ADJ	ADJA	Pos				S		Nom	F
13012014	1	Jeremia	PROPN	NE					S		Nom	M
13012014	2	der	DET	ART					S		Nom	M
13012014	3	zehnter	ADJ	ADJA	Pos				S		Nom	F
13012014	4	Makbannai	NOUN	NN					S		Nom	N
13012014	5	der	DET	ART					S		Nom	M
13012014	6	elfter	ADJ	ADJA	Pos				S		Nom	F
13012015	1	dieser	DET	PDAT					S		Nom	F
13012015	2	von	ADP	APPR								
13012015	3	der	DET	ART					S		Acc	M
13012015	4	Söhn	NOUN	NN					P		Dat	M
13012015	5	Gads	X	NE								
13012015	6	sein	AUX	VAFIN		Fin	Past	3	P	Ind		
13012015	7	Häupter	NOUN	NN					P		Nom	N
13012015	8	der	DET	ART					S		Gen	M
13012015	9	Heer	NOUN	NN					S		Nom	N
13012015	10	der	DET	ART					S		Nom	M
13012015	11	Kleinste	ADJ	ADJA	Sup				S		Nom	N
13012015	12	können	AUX	VMFIN		Fin	Past	3	S	Ind		
13012015	13	es	PRON	PPER				3	S		Nom	N
13012015	14	mit	ADP	APPR								
13012015	15	hundert	NUM	CARD								
13012015	16	und	CCONJ	KON								
13012015	17	der	DET	ART					S		Nom	M
13012015	18	groß	ADJ	ADJA	Sup				S		Nom	F
13012015	19	mit	ADP	APPR								
13012015	20	tausend	NUM	CARD								
13012015	21	aufnehmen	VERB	VVINF		Inf						
13012016	1	dieser	DET	PDAT					S		Nom	F
13012016	2	sein	AUX	VAFIN		Fin	Pres	3	P	Ind		
13012016	3	es	PRON	PPER				3	S		Nom	N
13012016	4	welcher	DET	PWAT					S		Nom	F
13012016	5	über	ADP	APPR								
13012016	6	der	DET	ART					S		Acc	M
13012016	7	Jordan	PROPN	NE					S		Nom	
13012016	8	gehen	VERB	VVFIN		Fin	Past	3	P	Ind		
13012016	9	in	ADP	APPRART					S		Dat	N
13012016	10	erster	ADJ	ADJA	Pos				S		Dat	M
13012016	11	Monat	NOUN	NN					S		Nom	M
13012016	12	wenn	SCONJ	KOUS								
13012016	13	er	PRON	PPER				3	S		Nom	M
13012016	14	aller	PRON	PIS					P		Nom	
13012016	15	sein	DET	PPOSAT					S		Nom	F
13012016	16	Ufer	NOUN	NN					S		Nom	N
13012016	17	überfluten	VERB	VVPP		Part						
13012016	18	und	CCONJ	KON								
13012016	19	aller	PRON	PIS					P		Nom	
13012016	20	Bewohner	NOUN	NN					P		Nom	M
13012016	21	der	DET	ART					S		Nom	M
13012016	22	Niederung	NOUN	NN					P		Nom	F
13012016	23	gegen	ADP	APPR								
13012016	24	Osten	NOUN	NN					S		Nom	M
13012016	25	und	CCONJ	KON								
13012016	26	gegen	ADP	APPR								
13012016	27	Westen	NOUN	NN					S		Nom	M
13012016	28	in	ADP	APPR								
13012016	29	der	DET	ART					S		Nom	F
13012016	30	Flucht	NOUN	NN					S		Nom	F
13012016	31	jagn	VERB	VVFIN		Fin	Past	3	P	Ind		
13012017	1	und	CCONJ	KON								
13012017	2	es	PRON	PPER				3	S		Nom	N
13012017	3	kommen	VERB	VVFIN		Fin	Past	3	P	Ind		
13012017	4	einiger	PRON	PIS					P		Nom	
13012017	5	von	ADP	APPR								
13012017	6	der	DET	ART					S		Acc	M
13012017	7	Kind	NOUN	NN					P		Dat	N
13012017	8	Benjamin	PROPN	NE					S		Nom	M
13012017	9	und	CCONJ	KON								
13012017	10	Juda	PROPN	NE					S		Nom	M
13012017	11	nach	ADP	APPR								
13012017	12	der	DET	ART					S		Nom	M
13012017	13	Bergfest	NOUN	NN					P		Nom	M
13012017	14	zu	ADP	PTKVZ								
13012017	15	David	PROPN	NE					S		Nom	M
13012018	1	und	CCONJ	KON								
13012018	2	David	PROPN	NE					S		Nom	M
13012018	3	gehen	VERB	VVFIN		Fin	Past	3	S	Ind		
13012018	4	hinaus	ADP	APZR								
13012018	5	ihnen	PRON	PPER				3	P		Dat	
13012018	6	entgegen	ADP	PTKVZ								
13012018	7	und	CCONJ	KON								
13012018	8	er	PRON	PPER				3	S		Nom	M
13012018	9	heben	VERB	VVFIN		Fin	Past	3	S	Ind		
13012018	10	an	ADP	PTKVZ								
13012018	11	und	CCONJ	KON								
13012018	12	sprechen	VERB	VVFIN		Fin	Past	3	S	Ind		
13012018	13	zu	ADP	PTKVZ								
13012018	14	ihnen	PRON	PPER				3	P		Dat	
13012018	15	wenn	SCONJ	KOUS								
13012018	16	ihr	PRON	PPOSAT				3	S		Dat	F
13012018	17	zu	ADP	APPRART					S		Dat	N
13012018	18	Frieden	NOUN	NN					S		Nom	M
13012018	19	zu	ADP	PTKVZ								
13012018	20	mir	PRON	PPER				1	S		Dat	
13012018	21	kommen	VERB	VVPP		Part						
13012018	22	sein	AUX	VAFIN		Fin	Pres	2	P	Ind		
13012018	23	um	ADP	APPR								
13012018	24	mir	PRON	PPER				1	S		Dat	
13012018	25	zu	ADP	PTKVZ								
13012018	26	helfen	VERB	VVINF		Inf						
13012018	27	so	ADV	ADV								
13012018	28	werden	AUX	VAFIN		Fin	Pres	3	S	Ind		
13012018	29	mein	DET	PPOSAT					S		Nom	N
13012018	30	Herz	NOUN	NN					S		Nom	N
13012018	31	sich	PRON	PRF				3	S		Acc	
13012018	32	mit	ADP	APPR								
13012018	33	euch	PRON	PPER				2	P		Dat	
13012018	34	vereinigen	VERB	VVINF		Inf						
13012018	35	wenn	SCONJ	KOUS								
13012018	36	aber	CCONJ	KON								
13012018	37	um	ADP	APPR								
13012018	38	mich	PRON	PPER				1	S		Acc	
13012018	39	an	ADP	PTKVZ								
13012018	40	mein	DET	PPOSAT					S		Nom	F
13012018	41	Feind	NOUN	NN					P		Nom	M
13012018	42	zu	ADP	PTKVZ								
13012018	43	verraten	VERB	VVFIN		Fin	Pres	3	P	Ind		
13012018	44	ohne	ADP	APPR								
13012018	45	daß	SCONJ	KOUS								
13012018	46	Unrecht	NOUN	NN					S		Nom	N
13012018	47	in	ADP	APPR								
13012018	48	mein	DET	PPOSAT					S		Dat	F
13012018	49	Hand	NOUN	NN					S		Nom	F
13012018	50	sein	AUX	VAFIN		Fin	Pres	3	S	Ind		
13012018	51	so	ADV	ADV								
13012018	52	mögen	AUX	VMFIN		Fin	Pres	3	S	Sub		
13012018	53	der	DET	ART					S		Nom	M
13012018	54	Gott	NOUN	NN					S		Nom	M
13012018	55	unser	DET	PPOSAT					S		Dat	F
13012018	56	Vater	NOUN	NN					P		Nom	M
13012018	57	es	PRON	PPER				3	S		Nom	N
13012018	58	sehen	VERB	VVINF		Fin	Pres	3	P	Ind		
13012018	59	und	CCONJ	KON								
13012018	60	strafen	VERB	VVINF		Inf						
13012019	1	da	SCONJ	KOUS								
13012019	2	kommen	VERB	VVFIN		Fin	Past	3	S	Ind		
13012019	3	der	DET	ART					S		Nom	M
13012019	4	Geist	NOUN	NN					S		Nom	M
13012019	5	über	ADP	APPR								
13012019	6	Amasai	NOUN	NN					S		Nom	M
13012019	7	der	DET	ART					S		Nom	N
13012019	8	Haupt	NOUN	NN					S		Nom	N
13012019	9	der	DET	ART					S		Nom	M
13012019	10	Anführer	NOUN	NN					S		Nom	M
13012019	11	dein	PRON	PPOSAT				2	P		Nom	
13012019	12	sein	AUX	VAFIN		Fin	Pres	3	P	Ind		
13012019	13	wir	PRON	PPER				1	P		Nom	
13012019	14	David	PROPN	NE					S		Nom	M
13012019	15	und	CCONJ	KON								
13012019	16	mit	ADP	APPR								
13012019	17	dir	PRON	PPER				2	S		Dat	
13012019	18	Sohn	NOUN	NN					S		Nom	M
13012019	19	isais	NOUN	NN					S		Nom	N
13012019	20	Friede	NOUN	NN					S		Nom	M
13012019	21	Friede	NOUN	NN					S		Nom	M
13012019	22	dir	PRON	PPER				2	S		Dat	
13012019	23	und	CCONJ	KON								
13012019	24	Friede	NOUN	NN					S		Nom	M
13012019	25	dein	DET	PPOSAT					S		Acc	M
13012019	26	Helfer	NOUN	NN					P		Dat	M
13012019	27	denn	CCONJ	KON								
13012019	28	dein	DET	PPER					S		Nom	N
13012019	29	Gott	NOUN	NN					S		Nom	M
13012019	30	helfen	VERB	VVFIN		Fin	Pres	3	S	Ind		
13012019	31	dir	PRON	PPER				2	S		Dat	
13012019	32	und	CCONJ	KON								
13012019	33	David	PROPN	NE					S		Nom	M
13012019	34	nehmen	VERB	VVFIN		Fin	Past	3	S	Ind		
13012019	35	sie	PRON	PPER				3	P		Nom	
13012019	36	auf	ADP	PTKVZ								
13012019	37	und	CCONJ	KON								
13012019	38	setzen	VERB	VVFIN		Fin	Past	3	S	Ind		
13012019	39	sie	PRON	PPER				3	P		Nom	
13012019	40	zu	ADP	PTKVZ								
13012019	41	Häupter	NOUN	NN					P		Dat	M
13012019	42	von	ADP	APPR								
13012019	43	Schar	NOUN	NN					P		Nom	F
13012020	1	und	CCONJ	KON								
13012020	2	von	ADP	APPR								
13012020	3	Manasse	PROPN	NE					S		Nom	
13012020	4	laufen	VERB	VVFIN		Fin	Past	3	P	Ind		
13012020	5	einiger	PRON	PIS					P		Nom	
13012020	6	zu	ADP	PTKVZ								
13012020	7	David	PROPN	NE					S		Nom	M
13012020	8	über	ADP	APPR								
13012020	9	als	ADP	KOKOM								
13012020	10	er	PRON	PPER				3	S		Nom	M
13012020	11	mit	ADP	APPR								
13012020	12	der	DET	ART					S		Acc	M
13012020	13	Philister	NOUN	NN					P		Dat	M
13012020	14	wider	ADP	PTKVZ								
13012020	15	Saul	PROPN	NE					S		Nom	M
13012020	16	in	ADP	APPR								
13012020	17	der	DET	ART					S		Acc	M
13012020	18	Streit	NOUN	NN					S		Nom	M
13012020	19	ziehen	VERB	VVFIN		Fin	Past	3	S	Ind		
13012020	20	aber	CCONJ	KON								
13012020	21	sie	PRON	PPER				3	P		Nom	
13012020	22	helfen	VERB	VVFIN		Fin	Past	3	P	Ind		
13012020	23	ihnen	PRON	PPER				3	P		Dat	
13012020	24	nicht	PART	PTKNEG								
13012020	25	denn	CCONJ	KON								
13012020	26	nachdem	SCONJ	KOUS								
13012020	27	sie	PRON	PPER				3	P		Nom	
13012020	28	Rat	NOUN	NN					S		Nom	M
13012020	29	halten	VERB	VVPP		Part						
13012020	30	haben	AUX	VAFIN		Fin	Past	3	P	Ind		
13012020	31	entließen	VERB	VVFIN		Fin	Past	3	P	Ind		
13012020	32	ihn	PRON	PPER				3	S		Acc	M
13012020	33	der	DET	ART					S		Nom	F
13012020	34	Fürst	NOUN	NN					P		Nom	M
13012020	35	der	DET	ART					S		Nom	M
13012020	36	Philister	NOUN	NN					S		Nom	M
13012020	37	indem	SCONJ	KOUS								
13012020	38	sie	PRON	PPER				3	P		Nom	
13012020	39	sprechen	VERB	VVFIN		Fin	Past	3	P	Ind		
13012020	40	auf	ADP	APPR								
13012020	41	Gefahr	NOUN	NN					S		Nom	F
13012020	42	unser	DET	PPOSAT					S		Dat	F
13012020	43	Kopf	NOUN	NN					P		Nom	M
13012020	44	können	AUX	VMFIN		Fin	Past	3	S	Sub		
13012020	45	er	PRON	PPER				3	S		Nom	M
13012020	46	zu	ADP	PTKVZ								
13012020	47	sein	DET	PPOSAT					S		Dat	M
13012020	48	Herr	NOUN	NN					S		Acc	M
13012020	49	Saul	PROPN	NE					S		Nom	M
13012020	50	überlaufen	ADV	ADJD	Pos							
13012021	1	als	ADP	APPR								
13012021	2	er	PRON	PPER				3	S		Nom	M
13012021	3	nach	ADP	APPR								
13012021	4	Ziklag	NOUN	NN					S		Nom	M
13012021	5	ziehen	VERB	VVFIN		Fin	Past	3	S	Ind		
13012021	6	laufen	VERB	VVFIN		Fin	Past	3	P	Ind		
13012021	7	von	ADP	APPR								
13012021	8	Manasse	PROPN	NE					S		Nom	
13012021	9	zu	ADP	PTKVZ								
13012021	10	ihm	PRON	PPER				3	S		Dat	M
13012021	11	über	ADP	APPR								
13012021	12	Adna	X	FM								
13012021	13	und	CCONJ	KON								
13012021	14	Josabad	PROPN	NE					S		Nom	N
13012021	15	und	CCONJ	KON								
13012021	16	Jediael	PROPN	NE					S		Nom	N
13012021	17	und	CCONJ	KON								
13012021	18	Michael	PROPN	NE					S		Nom	M
13012021	19	und	CCONJ	KON								
13012021	20	Josabad	PROPN	NE					S		Nom	N
13012021	21	und	CCONJ	KON								
13012021	22	Elihu	PROPN	NE					S		Nom	F
13012021	23	und	CCONJ	KON								
13012021	24	Zillethai	PROPN	NE					S		Nom	
13012021	25	Häupter	NOUN	NN					P		Nom	N
13012021	26	der	DET	ART					S		Nom	M
13012021	27	Tausend	NOUN	NN					P		Nom	N
13012021	28	von	ADP	APPR								
13012021	29	Manasse	PROPN	NE					S		Nom	
13012022	1	und	CCONJ	KON								
13012022	2	sie	PRON	PPER				3	P		Nom	
13012022	3	helfen	VERB	VVFIN		Fin	Past	3	P	Ind		
13012022	4	David	PROPN	NE					S		Nom	M
13012022	5	wider	ADP	PTKVZ								
13012022	6	der	DET	ART					S		Nom	F
13012022	7	Streifschar	PROPN	NE					S		Nom	N
13012022	8	denn	CCONJ	KON								
13012022	9	tapferen	VERB	VVFIN		Fin	Pres	3	S	Sub		
13012022	10	Held	NOUN	NN					P		Nom	M
13012022	11	sein	AUX	VAFIN		Fin	Past	3	P	Ind		
13012022	12	sie	PRON	PPER				3	P		Nom	
13012022	13	aller	PRON	PIS					P		Nom	
13012022	14	und	CCONJ	KON								
13012022	15	sie	PRON	PPER				3	P		Nom	
13012022	16	werden	AUX	VAFIN		Fin	Past	3	P	Ind		
13012022	17	oberer	ADJ	ADJA	Sup				S		Nom	F
13012022	18	in	ADP	APPRART					S		Dat	N
13012022	19	Heer	NOUN	NN					P		Nom	M
13012023	1	denn	CCONJ	KON								
13012023	2	es	PRON	PPER				3	S		Nom	N
13012023	3	kommen	VERB	VVFIN		Fin	Past	3	P	Ind		
13012023	4	von	ADP	APPR								
13012023	5	Tag	NOUN	NN					S		Nom	M
13012023	6	zu	ADP	PTKVZ								
13012023	7	Tag	NOUN	NN					P		Nom	M
13012023	8	zu	ADP	PTKVZ								
13012023	9	David	PROPN	NE					S		Nom	M
13012023	10	um	ADP	APPR								
13012023	11	ihm	PRON	PPER				3	S		Dat	M
13012023	12	zu	ADP	PTKVZ								
13012023	13	helfen	VERB	VVINF		Inf						
13012023	14	bis	CCONJ	KON								
13012023	15	es	PRON	PPER				3	S		Nom	N
13012023	16	ein	DET	ART					S		Nom	N
13012023	17	groß	ADJ	ADJA	Pos				S		Nom	N
13012023	18	Heerlager	NOUN	NN					S		Nom	N
13012023	19	werden	AUX	VAFIN		Fin	Past	3	S	Ind		
13012023	20	wie	ADP	KOKOM								
13012023	21	ein	DET	ART					S		Nom	N
13012023	22	Heerlager	NOUN	NN					S		Nom	N
13012023	23	Gott	NOUN	NN					S		Gen	M
13012024	1	und	CCONJ	KON								
13012024	2	dieser	PRON	PDS					S		Nom	N
13012024	3	sein	AUX	VAFIN		Fin	Pres	3	P	Ind		
13012024	4	der	DET	ART					S		Nom	F
13012024	5	Zahl	NOUN	NN					P		Nom	F
13012024	6	der	DET	ART					S		Nom	M
13012024	7	Kopf	NOUN	NN					P		Nom	M
13012024	8	der	DET	ART					S		Nom	M
13012024	9	zu	ADP	APPRART					S		Dat	N
13012024	10	Heer	NOUN	NN					P		Nom	M
13012024	11	Gerüstet	NOUN	NN					P		Nom	F
13012024	12	welcher	DET	PWAT					S		Nom	F
13012024	13	zu	ADP	PTKVZ								
13012024	14	David	PROPN	NE					S		Nom	M
13012024	15	nach	ADP	APPR								
13012024	16	Hebron	PROPN	NE					S		Nom	N
13012024	17	kommen	VERB	VVFIN		Fin	Past	3	P	Ind		
13012024	18	um	ADP	APPR								
13012024	19	ihm	PRON	PPER				3	S		Dat	M
13012024	20	der	DET	ART					S		Nom	N
13012024	21	Königreich	NOUN	NN					S		Nom	N
13012024	22	Saul	PROPN	NE					S		Gen	M
13012024	23	zuwenden	VERB	VVIZU		Inf						
13012024	24	nach	ADP	APPR								
13012024	25	der	DET	ART					S		Dat	M
13012024	26	Befehl	NOUN	NN					P		Nom	M
13012024	27	Jahwe	PROPN	NE					S		Gen	
13012025	1	der	DET	ART					S		Nom	F
13012025	2	Kind	NOUN	NN					P		Nom	N
13012025	3	Juda	PROPN	NE					S		Nom	M
13012025	4	welcher	DET	PWAT					S		Nom	F
13012025	5	Schild	NOUN	NN					S		Nom	N
13012025	6	und	CCONJ	KON								
13012025	7	Lanze	NOUN	NN					S		Nom	F
13012025	8	tragen	VERB	VVFIN		Fin	Past	3	P	Ind		
13012025	9	6800	NUM	CARD								
13012025	10	zu	ADP	APPRART					S		Dat	N
13012025	11	Heer	NOUN	NN					P		Nom	M
13012025	12	Gerüstete	NOUN	NN					S		Nom	F
13012026	1	von	ADP	APPR								
13012026	2	der	DET	ART					S		Acc	M
13012026	3	Kind	NOUN	NN					P		Dat	N
13012026	4	Simeon	PROPN	NE					S		Nom	M
13012026	5	streitbar	ADJ	ADJA	Pos				S		Nom	F
13012026	6	Mann	NOUN	NN					P		Nom	M
13012026	7	zu	ADP	APPRART					S		Dat	N
13012026	8	Heer	NOUN	NN					P		Nom	M
13012026	9	7100	NUM	CARD								
13012027	1	von	ADP	APPR								
13012027	2	der	DET	ART					S		Acc	M
13012027	3	Kind	NOUN	NN					P		Dat	N
13012027	4	Levi	PROPN	NE					S		Nom	
13012027	5	4600	NUM	CARD								
13012028	1	und	CCONJ	KON								
13012028	2	Jojada	PROPN	NE					S		Nom	
13012028	3	der	DET	ART					S		Nom	M
13012028	4	Fürst	NOUN	NN					S		Nom	M
13012028	5	von	ADP	APPR								
13012028	6	Aaron	PROPN	NE					S		Nom	M
13012028	7	und	CCONJ	KON								
13012028	8	mit	ADP	APPR								
13012028	9	ihm	PRON	PPER				3	S		Dat	M
13012028	10	3700	NUM	CARD								
13012029	1	und	CCONJ	KON								
13012029	2	Zadok	NOUN	NE					P		Nom	M
13012029	3	ein	DET	ART					S		Nom	N
13012029	4	Jüngling	NOUN	NN					S		Nom	M
13012029	5	ein	DET	ART					S		Nom	N
13012029	6	tapfer	NOUN	ADJA					S		Nom	M
13012029	7	Held	NOUN	NN					S		Nom	M
13012029	8	und	CCONJ	KON								
13012029	9	der	DET	ART					S		Nom	N
13012029	10	Haus	NOUN	NN					S		Nom	N
13012029	11	sein	DET	PPOSAT					S		Gen	M
13012029	12	Vater	NOUN	NN					S		Gen	M
13012029	13	22	NUM	CARD								
13012029	14	oberer	ADJ	ADJA	Sup				S		Nom	F
13012030	1	und	CCONJ	KON								
13012030	2	von	ADP	APPR								
13012030	3	der	DET	ART					S		Acc	M
13012030	4	Kind	NOUN	NN					P		Dat	N
13012030	5	Benjamin	PROPN	NE					S		Nom	M
13012030	6	der	DET	ART					S		Acc	M
13012030	7	Brüdern	NOUN	NN					P		Dat	M
13012030	8	Saul	PROPN	NE					S		Gen	M
13012030	9	3000	NUM	CARD								
13012030	10	aber	CCONJ	KON								
13012030	11	der	DET	ART					S		Nom	M
13012030	12	groß	ADJ	ADJA	Sup				S		Nom	F
13012030	13	Teil	NOUN	NN					S		Nom	M
13012030	14	von	ADP	APPR								
13012030	15	ihnen	PRON	PPER				3	P		Dat	
13012030	16	halten	VERB	VVFIN		Fin	Past	3	S	Ind		
13012030	17	bis	CCONJ	KON								
13012030	18	dahin	ADV	PROAV								
13012030	19	treu	ADV	ADJD	Pos							
13012030	20	zu	ADP	APPRART					S		Dat	N
13012030	21	Haus	NOUN	NN					P		Nom	N
13012030	22	Saul	PROPN	NE					S		Gen	M
13012031	1	und	CCONJ	KON								
13012031	2	von	ADP	APPR								
13012031	3	der	DET	ART					S		Acc	M
13012031	4	Kind	NOUN	NN					P		Dat	N
13012031	5	Ephraim	NOUN	NN					P		Nom	M
13012031	6	20800	NUM	CARD								
13012031	7	streitbar	ADJ	ADJA	Pos				S		Nom	F
13012031	8	Mann	NOUN	NN					P		Nom	M
13012031	9	Mann	NOUN	NN					P		Nom	M
13012031	10	von	ADP	APPR								
13012031	11	Name	NOUN	NN					P		Nom	M
13012031	12	nach	ADP	APPR								
13012031	13	ihr	DET	PPOSAT					S		Acc	M
13012031	14	Vaterhäuser	NOUN	NN					P		Dat	M
13012032	1	und	CCONJ	KON								
13012032	2	von	ADP	APPR								
13012032	3	der	DET	ART					S		Dat	M
13012032	4	halb	NUM	ADJA								
13012032	5	Stamm	NOUN	NN					P		Nom	M
13012032	6	Manasse	PROPN	NE					S		Nom	
13012032	7	18000	NUM	CARD								
13012032	8	der	DET	ART					S		Nom	F
13012032	9	mit	ADP	APPR								
13012032	10	Name	NOUN	NN					P		Nom	M
13012032	11	angeben	VERB	VVPP		Part						
13012032	12	werden	AUX	VAFIN		Fin	Past	3	P	Ind		
13012032	13	daß	SCONJ	KOUS								
13012032	14	sie	PRON	PPER				3	P		Nom	
13012032	15	hingingen	VERB	VVFIN		Fin	Past	3	P	Ind		
13012032	16	um	ADP	APPR								
13012032	17	David	PROPN	NE					S		Nom	M
13012032	18	zu	ADP	APPRART					S		Dat	N
13012032	19	König	NOUN	NN					S		Nom	M
13012032	20	zu	ADP	PTKVZ								
13012032	21	machen	VERB	VVINF		Inf						
13012033	1	und	CCONJ	KON								
13012033	2	von	ADP	APPR								
13012033	3	der	DET	ART					S		Acc	M
13012033	4	Kind	NOUN	NN					P		Dat	N
13012033	5	Issaschar	PROPN	NE					S		Nom	
13012033	6	Mann	NOUN	NN					P		Nom	M
13012033	7	welcher	DET	PWAT					S		Nom	F
13012033	8	Einsicht	NOUN	NN					S		Nom	F
13012033	9	haben	AUX	VAFIN		Fin	Past	3	P	Ind		
13012033	10	in	ADP	APPR								
13012033	11	der	DET	ART					S		Nom	F
13012033	12	Zeit	NOUN	NN					P		Nom	F
13012033	13	um	ADP	APPR								
13012033	14	zu	ADP	PTKVZ								
13012033	15	wissen	VERB	VVINF		Inf						
13012033	16	was	PRON	PWS					S		Nom	N
13012033	17	Israel	PROPN	NE					S		Nom	N
13012033	18	tun	VERB	VVINF		Inf						
13012033	19	müssen	AUX	VMFIN		Fin	Past	3	S	Ind		
13012033	20	ihr	DET	PPOSAT					S		Nom	F
13012033	21	Häupter	NOUN	NN					P		Nom	N
13012033	22	200	NUM	CARD								
13012033	23	und	CCONJ	KON								
13012033	24	aller	PRON	PIS					P		Nom	
13012033	25	ihr	DET	PPOSAT					S		Nom	F
13012033	26	Bruder	NOUN	NN					P		Nom	M
13012033	27	folgen	VERB	VVFIN		Fin	Past	3	P	Ind		
13012033	28	ihr	DET	PPOSAT					S		Dat	N
13012033	29	Befehl	NOUN	NN					S		Nom	M
13012034	1	von	ADP	APPR								
13012034	2	Sebulon	PROPN	NE					S		Nom	M
13012034	3	der	DET	ART					S		Nom	F
13012034	4	zu	ADP	APPRART					S		Dat	N
13012034	5	Heer	NOUN	NN					P		Nom	M
13012034	6	auszogen	VERB	VVPP		Fin	Past	3	P	Ind		
13012034	7	mit	ADP	APPR								
13012034	8	aller	DET	PIS					P		Dat	
13012034	9	Kriegswaffe	NOUN	NN					P		Nom	F
13012034	10	zu	ADP	APPRART					S		Dat	N
13012034	11	Kampfe	NOUN	PPER					S		Nom	M
13012034	12	bereit	ADV	ADJD	Pos							
13012034	13	50000	NUM	CARD								
13012034	14	und	CCONJ	KON								
13012034	15	zwar	ADV	ADV								
13012034	16	um	ADP	APPR								
13012034	17	sich	PRON	PRF				3	S		Acc	
13012034	18	in	ADP	APPR								
13012034	19	Schlachtreihe	PROPN	NE					S		Nom	
13012034	20	zu	ADP	PTKVZ								
13012034	21	ordnen	VERB	VVINF		Inf						
13012034	22	mit	ADP	APPR								
13012034	23	Ungeteiltem	NOUN	NN					S		Nom	N
13012034	24	Herz	NOUN	NN					S		Nom	N
13012035	1	und	CCONJ	KON								
13012035	2	von	ADP	APPR								
13012035	3	Naphtali	PROPN	NE					S		Nom	
13012035	4	1000	NUM	CARD								
13012035	5	oberer	ADJ	ADJA	Sup				S		Nom	F
13012035	6	und	CCONJ	KON								
13012035	7	mit	ADP	APPR								
13012035	8	ihnen	PRON	PPER				3	P		Dat	
13012035	9	37000	NUM	CARD								
13012035	10	mit	ADP	APPR								
13012035	11	Schild	NOUN	NN					S		Nom	N
13012035	12	und	CCONJ	KON								
13012035	13	Speer	NOUN	NE					S		Nom	M
13012036	1	und	CCONJ	KON								
13012036	2	von	ADP	APPR								
13012036	3	der	DET	ART					S		Acc	M
13012036	4	Danitern	PROPN	NE					S		Nom	
13012036	5	28600	NUM	CARD								
13012036	6	zu	ADP	APPRART					S		Dat	N
13012036	7	Kampfe	NOUN	PPER					S		Nom	M
13012036	8	bereit	ADV	ADJD	Pos							
13012037	1	und	CCONJ	KON								
13012037	2	von	ADP	APPR								
13012037	3	Aser	PROPN	NE					S		Nom	
13012037	4	der	DET	ART					S		Nom	F
13012037	5	zu	ADP	APPRART					S		Dat	N
13012037	6	Heer	NOUN	NN					P		Nom	M
13012037	7	auszogen	VERB	VVPP		Fin	Past	3	P	Ind		
13012037	8	zu	ADP	APPRART					S		Dat	N
13012037	9	Kampfe	NOUN	PPER					S		Nom	M
13012037	10	bereit	ADV	ADJD	Pos							
13012037	11	40000	NUM	CARD								
13012038	1	und	CCONJ	KON								
13012038	2	von	ADP	APPR								
13012038	3	jenseit	ADV	APPR								
13012038	4	der	DET	ART					S		Gen	M
13012038	5	Jordan	PROPN	NE					S		Nom	
13012038	6	von	ADP	APPR								
13012038	7	der	DET	ART					S		Acc	M
13012038	8	Rubeniter	NOUN	NN					P		Nom	M
13012038	9	und	CCONJ	KON								
13012038	10	der	DET	ART					S		Acc	M
13012038	11	Gaditer	NOUN	NN					P		Nom	F
13012038	12	und	CCONJ	KON								
13012038	13	der	DET	ART					S		Dat	M
13012038	14	halb	NUM	ADJA								
13012038	15	Stamm	NOUN	NN					P		Nom	M
13012038	16	Manasse	PROPN	NE					S		Nom	
13012038	17	mit	ADP	APPR								
13012038	18	aller	DET	PIS					P		Dat	
13012038	19	Waffe	NOUN	NN					P		Nom	F
13012038	20	ein	PRON	ART					S		Nom	N
13012038	21	Kriegsheere	NOUN	NE					P		Nom	N
13012038	22	120000	NUM	CARD								
13012039	1	alle	PRON	PIS					P		Nom	
13012039	2	dieser	DET	PDAT					S		Nom	F
13012039	3	Kriegsleut	NOUN	NN					P		Nom	M
13012039	4	der	DET	ART					S		Nom	F
13012039	5	sich	PRON	PRF				3	S		Acc	
13012039	6	in	ADP	APPR								
13012039	7	Schlachtreihe	PROPN	NE					S		Nom	
13012039	8	ordnen	VERB	VVFIN		Fin	Past	3	P	Ind		
13012039	9	kommen	VERB	VVFIN		Fin	Past	3	P	Ind		
13012039	10	mit	ADP	APPR								
13012039	11	Ungeteiltem	NOUN	NN					S		Nom	N
13012039	12	Herz	NOUN	NN					S		Nom	N
13012039	13	nach	ADP	APPR								
13012039	14	Hebron	PROPN	NE					S		Nom	N
13012039	15	um	ADP	APPR								
13012039	16	David	PROPN	NE					S		Nom	M
13012039	17	zu	ADP	APPRART					S		Dat	N
13012039	18	König	NOUN	NN					S		Nom	M
13012039	19	über	ADP	APPR								
13012039	20	ganz	ADV	ADV								
13012039	21	Israel	PROPN	NE					S		Nom	N
13012039	22	zu	ADP	PTKVZ								
13012039	23	machen	VERB	VVINF		Inf						
13012039	24	und	CCONJ	KON								
13012039	25	auch	ADV	ADV								
13012039	26	aller	PRON	PIS					P		Nom	
13012039	27	übrig	ADJ	ADJA	Pos				S		Dat	N
13012039	28	in	ADP	APPR								
13012039	29	Israel	PROPN	NE					S		Nom	N
13012039	30	sein	AUX	VAFIN		Fin	Past	3	P	Ind		
13012039	31	ein	PRON	ART					S		Nom	N
13012039	32	Herzens	NOUN	NN					P		Nom	N
13012039	33	David	PROPN	NE					S		Nom	M
13012039	34	zu	ADP	APPRART					S		Dat	N
13012039	35	König	NOUN	NN					S		Nom	M
13012039	36	zu	ADP	PTKVZ								
13012039	37	machen	VERB	VVINF		Inf						
13012040	1	und	CCONJ	KON								
13012040	2	sie	PRON	PPER				3	P		Nom	
13012040	3	sein	AUX	VAFIN		Fin	Past	3	P	Ind		
13012040	4	daselbst	ADV	PROAV								
13012040	5	bei	ADP	APPR								
13012040	6	David	PROPN	NE					S		Nom	M
13012040	7	drei	NUM	CARD								
13012040	8	Tag	NOUN	NN					P		Nom	M
13012040	9	und	CCONJ	KON								
13012040	10	aßen	VERB	VVFIN		Fin	Past	3	P	Ind		
13012040	11	und	CCONJ	KON								
13012040	12	Tranke	VERB	NN		Fin	Past	3	P	Ind		
13012040	13	denn	CCONJ	KON								
13012040	14	ihr	DET	PPOSAT					S		Nom	F
13012040	15	Bruder	NOUN	NN					P		Nom	M
13012040	16	haben	AUX	VAFIN		Fin	Past	3	P	Ind		
13012040	17	für	ADP	APPR								
13012040	18	sie	PRON	PPER				3	P		Nom	
13012040	19	zurichten	VERB	VVPP		Part						
13012041	1	und	CCONJ	KON								
13012041	2	auch	ADV	ADV								
13012041	3	der	DET	ART					S		Nom	F
13012041	4	ihnen	PRON	PPER				3	P		Dat	
13012041	5	nah	ADP	APPR								
13012041	6	wohnen	VERB	VVFIN		Fin	Past	3	P	Ind		
13012041	7	bis	CCONJ	KON								
13012041	8	nach	ADP	APPR								
13012041	9	Issaschar	PROPN	NE					S		Nom	
13012041	10	und	CCONJ	KON								
13012041	11	Sebulon	PROPN	NE					S		Nom	M
13012041	12	und	CCONJ	KON								
13012041	13	Naphtali	PROPN	NE					S		Nom	
13012041	14	hin	ADV	ADV								
13012041	15	bringen	VERB	VVFIN		Fin	Past	3	P	Ind		
13012041	16	Lebensmittel	NOUN	NN					P		Nom	N
13012041	17	auf	ADP	PTKVZ								
13012041	18	Esel	NOUN	NN					P		Dat	M
13012041	19	und	CCONJ	KON								
13012041	20	auf	ADP	PTKVZ								
13012041	21	Kamele	NOUN	NN					P		Dat	M
13012041	22	und	CCONJ	KON								
13012041	23	auf	ADP	PTKVZ								
13012041	24	Maultier	VERB	VVFIN		Fin	Pres	3	P	Ind		
13012041	25	und	CCONJ	KON								
13012041	26	auf	ADP	PTKVZ								
13012041	27	Rind	NOUN	NN					P		Dat	N
13012041	28	Mehlspeise	NOUN	NN					P		Nom	F
13012041	29	feigenkuche	NOUN	NN					P		Dat	N
13012041	30	und	CCONJ	KON								
13012041	31	rosinenkuchen	NOUN	NN					S		Nom	N
13012041	32	und	CCONJ	KON								
13012041	33	Wein	NOUN	NN					S		Nom	M
13012041	34	und	CCONJ	KON								
13012041	35	Öl	NOUN	NN					S		Nom	N
13012041	36	und	CCONJ	KON								
13012041	37	Rind	NOUN	NN					P		Nom	N
13012041	38	und	CCONJ	KON								
13012041	39	Kleinvieh	NOUN	NN					S		Nom	N
13012041	40	in	ADP	APPR								
13012041	41	Menge	NOUN	NN					S		Nom	F
13012041	42	denn	CCONJ	KON								
13012041	43	es	PRON	PPER				3	S		Nom	N
13012041	44	sein	AUX	VAFIN		Fin	Past	3	S	Ind		
13012041	45	Freude	NOUN	NN					S		Nom	F
13012041	46	in	ADP	APPR								
13012041	47	Israel	PROPN	NE					S		Nom	N
13013001	1	und	CCONJ	KON								
13013001	2	David	PROPN	NE					S		Nom	M
13013001	3	beraten	VERB	VVFIN		Fin	Past	3	S	Ind		
13013001	4	sich	PRON	PRF				3	S		Acc	
13013001	5	mit	ADP	APPR								
13013001	6	der	DET	ART					S		Acc	M
13013001	7	oberer	ADJ	ADJA	Sup				S		Dat	F
13013001	8	über	ADP	APPR								
13013001	9	tausend	NUM	CARD								
13013001	10	und	CCONJ	KON								
13013001	11	über	ADP	APPR								
13013001	12	hundert	NUM	CARD								
13013001	13	mit	ADP	APPR								
13013001	14	aller	DET	PIS					P		Dat	
13013001	15	Fürst	NOUN	NN					P		Nom	M
13013002	1	und	CCONJ	KON								
13013002	2	David	PROPN	NE					S		Nom	M
13013002	3	sprechen	VERB	VVFIN		Fin	Past	3	S	Ind		
13013002	4	zu	ADP	PTKVZ								
13013002	5	der	DET	ART					S		Nom	M
13013002	6	ganz	PRON	ADJA					S		Nom	M
13013002	7	Versammlung	NOUN	NN					S		Nom	F
13013002	8	Israel	PROPN	NE					S		Gen	N
13013002	9	wenn	SCONJ	KOUS								
13013002	10	es	PRON	PPER				3	S		Nom	N
13013002	11	euch	PRON	PPER				2	P		Dat	
13013002	12	gut	ADV	ADJD	Pos							
13013002	13	dünken	VERB	VVFIN		Fin	Pres	3	S	Ind		
13013002	14	und	CCONJ	KON								
13013002	15	wenn	SCONJ	KOUS								
13013002	16	es	PRON	PPER				3	S		Nom	N
13013002	17	von	ADP	APPR								
13013002	18	Jahwe	NOUN	NN					S		Nom	M
13013002	19	unser	DET	PPOSAT					S		Dat	N
13013002	20	Gott	NOUN	NN					S		Nom	M
13013002	21	sein	AUX	VAFIN		Fin	Pres	3	S	Ind		
13013002	22	so	ADV	ADV								
13013002	23	lassen	VERB	VVIMP				2	P	Imp		
13013002	24	uns	PRON	PPER				1	P		Acc	
13013002	25	allenthalben	ADV	ADV								
13013002	26	umhersend	VERB	VVFIN		Fin	Pres	3	P	Ind		
13013002	27	zu	ADP	PTKVZ								
13013002	28	unser	DET	PPOSAT					S		Acc	M
13013002	29	übrig	ADJ	ADJA	Pos				S		Dat	N
13013002	30	Brüdern	NOUN	NN					P		Dat	M
13013002	31	in	ADP	APPR								
13013002	32	aller	DET	PIS					P		Dat	
13013002	33	landen	VERB	NN		Inf						
13013002	34	Israel	PROPN	NE					S		Gen	N
13013002	35	und	CCONJ	KON								
13013002	36	mit	ADP	APPR								
13013002	37	ihnen	PRON	PPER				3	P		Dat	
13013002	38	zu	ADP	PTKVZ								
13013002	39	der	DET	ART					S		Acc	M
13013002	40	Priester	NOUN	NN					P		Dat	M
13013002	41	und	CCONJ	KON								
13013002	42	zu	ADP	PTKVZ								
13013002	43	der	DET	ART					S		Acc	M
13013002	44	Levit	NOUN	NN					P		Nom	M
13013002	45	in	ADP	APPR								
13013002	46	der	DET	ART					S		Acc	M
13013002	47	Stadt	NOUN	NN					P		Nom	F
13013002	48	ihr	DET	PPOSAT					S		Dat	F
13013002	49	Bezirk	NOUN	NN					P		Nom	M
13013002	50	daß	SCONJ	KOUS								
13013002	51	sie	PRON	PPER				3	P		Nom	
13013002	52	sich	PRON	PRF				3	S		Acc	
13013002	53	zu	ADP	PTKVZ								
13013002	54	uns	PRON	PPER				1	P		Acc	
13013002	55	versammeln	VERB	VVINF		Fin	Pres	3	P	Ind		
13013003	1	und	CCONJ	KON								
13013003	2	wir	PRON	PPER				1	P		Nom	
13013003	3	wollen	AUX	VMFIN		Fin	Pres	3	P	Ind		
13013003	4	der	DET	ART					S		Nom	F
13013003	5	lade	NOUN	NN					S		Nom	F
13013003	6	unser	DET	PPOSAT					S		Gen	M
13013003	7	Gott	NOUN	NN					S		Gen	M
13013003	8	zu	ADP	PTKVZ								
13013003	9	uns	PRON	PPER				1	P		Acc	
13013003	10	Herüberhole	NOUN	NN					P		Nom	M
13013003	11	denn	CCONJ	KON								
13013003	12	wir	PRON	PPER				1	P		Nom	
13013003	13	haben	AUX	VAFIN		Fin	Pres	3	P	Ind		
13013003	14	sie	PRON	PPER				3	P		Nom	
13013003	15	in	ADP	APPR								
13013003	16	der	DET	ART					S		Acc	M
13013003	17	Tag	NOUN	NN					P		Dat	M
13013003	18	Saul	PROPN	NE					S		Gen	M
13013003	19	nicht	PART	PTKNEG								
13013003	20	befragen	VERB	VVPP		Part						
13013004	1	und	CCONJ	KON								
13013004	2	der	DET	ART					S		Nom	F
13013004	3	ganz	ADJ	ADJA	Pos				S		Nom	F
13013004	4	Versammlung	NOUN	NN					S		Nom	F
13013004	5	sprechen	VERB	VVFIN		Fin	Past	3	S	Ind		
13013004	6	daß	SCONJ	KOUS								
13013004	7	man	PRON	PIS					S		Nom	
13013004	8	also	ADV	ADV								
13013004	9	tun	VERB	VVINF		Inf						
13013004	10	sollen	AUX	VMFIN		Fin	Past	3	S	Ind		
13013004	11	denn	CCONJ	KON								
13013004	12	der	DET	ART					S		Nom	F
13013004	13	Sache	NOUN	NN					S		Nom	F
13013004	14	sein	AUX	VAFIN		Fin	Past	3	S	Ind		
13013004	15	Recht	NOUN	NN					S		Acc	N
13013004	16	in	ADP	APPR								
13013004	17	der	DET	ART					S		Acc	M
13013004	18	Auge	NOUN	NN					P		Nom	N
13013004	19	der	DET	ART					S		Gen	M
13013004	20	ganz	PRON	ADJA					S		Nom	M
13013004	21	Volk	NOUN	NN					S		Gen	N
13013005	1	und	CCONJ	KON								
13013005	2	David	PROPN	NE					S		Nom	M
13013005	3	versammeln	VERB	VVFIN		Fin	Past	3	S	Ind		
13013005	4	ganz	ADV	ADV								
13013005	5	Israel	PROPN	NE					S		Nom	N
13013005	6	von	ADP	APPR								
13013005	7	der	DET	ART					S		Dat	M
13013005	8	Sihor	NOUN	NE					S		Nom	M
13013005	9	Ägypten	PROPN	NE					S		Gen	N
13013005	10	bis	CCONJ	KON								
13013005	11	nach	ADP	APPR								
13013005	12	Hamath	NOUN	NN					S		Nom	M
13013005	13	hin	ADV	ADV								
13013005	14	um	ADP	APPR								
13013005	15	der	DET	ART					S		Nom	F
13013005	16	lade	NOUN	NN					S		Nom	F
13013005	17	Gott	NOUN	NN					S		Gen	M
13013005	18	von	ADP	APPR								
13013005	19	Kirjath-Jearim	NOUN	NN					S		Nom	N
13013005	20	zu	ADP	PTKVZ								
13013005	21	bringen	VERB	VVINF		Inf						
13013006	1	und	CCONJ	KON								
13013006	2	David	PROPN	NE					S		Nom	M
13013006	3	und	CCONJ	KON								
13013006	4	ganz	ADV	ADV								
13013006	5	Israel	PROPN	NE					S		Nom	N
13013006	6	ziehen	VERB	VVFIN		Fin	Past	3	P	Ind		
13013006	7	hinauf	ADV	PTKVZ								
13013006	8	nach	ADP	APPR								
13013006	9	Baala	X	NE								
13013006	10	nach	ADP	APPR								
13013006	11	Kirjath-Jearim	NOUN	NN					S		Nom	N
13013006	12	der	DET	ART					S		Nom	N
13013006	13	zu	ADP	PTKVZ								
13013006	14	Juda	PROPN	NE					S		Nom	M
13013006	15	gehören	VERB	VVFIN		Fin	Pres	3	S	Ind		
13013006	16	um	ADP	APPR								
13013006	17	von	ADP	APPR								
13013006	18	dannen	ADV	ADV								
13013006	19	der	DET	ART					S		Nom	F
13013006	20	lade	NOUN	NN					S		Nom	F
13013006	21	Gott	NOUN	NN					S		Gen	M
13013006	22	Jahwe	PROPN	NE					S		Gen	
13013006	23	Heraufzuhole	VERB	VVINF		Inf						
13013006	24	der	DET	ART					S		Nom	M
13013006	25	zwischen	ADP	APPR								
13013006	26	der	DET	ART					S		Acc	M
13013006	27	Cherubim	PROPN	NE					S		Nom	
13013006	28	thronen	VERB	VVFIN		Fin	Pres	3	S	Ind		
13013006	29	der	PRON	PDS					S		Gen	
13013006	30	Name	NOUN	NN					S		Nom	M
13013006	31	dort	ADV	ADV								
13013006	32	anrufen	VERB	VVPP		Part						
13013006	33	werden	AUX	VAFIN		Fin	Pres	3	S	Ind		
13013007	1	und	CCONJ	KON								
13013007	2	sie	PRON	PPER				3	P		Nom	
13013007	3	fahren	VERB	VVFIN		Fin	Past	3	P	Ind		
13013007	4	der	DET	ART					S		Nom	F
13013007	5	lade	NOUN	NN					S		Nom	F
13013007	6	Gott	NOUN	NN					S		Gen	M
13013007	7	auf	ADP	PTKVZ								
13013007	8	ein	DET	ART					S		Dat	M
13013007	9	neu	ADJ	ADJA	Pos				S		Acc	M
13013007	10	Wagen	NOUN	NN					S		Nom	M
13013007	11	aus	ADP	PTKVZ								
13013007	12	der	DET	ART					S		Dat	M
13013007	13	Haus	NOUN	NN					P		Nom	N
13013007	14	Abinadabs	PROPN	NE					S		Nom	
13013007	15	Weg	ADV	PTKVZ								
13013007	16	und	CCONJ	KON								
13013007	17	ussa	NOUN	NN					S		Nom	F
13013007	18	und	CCONJ	KON								
13013007	19	achjo	NOUN	NN					S		Nom	N
13013007	20	führen	VERB	VVFIN		Fin	Past	3	P	Ind		
13013007	21	der	DET	ART					S		Acc	M
13013007	22	Wagen	NOUN	NN					S		Nom	M
13013008	1	und	CCONJ	KON								
13013008	2	David	PROPN	NE					S		Nom	M
13013008	3	und	CCONJ	KON								
13013008	4	ganz	ADV	ADV								
13013008	5	Israel	PROPN	NE					S		Nom	N
13013008	6	spielen	VERB	VVFIN		Fin	Past	3	P	Ind		
13013008	7	vor	ADP	APPR								
13013008	8	Gott	NOUN	NN					S		Nom	M
13013008	9	mit	ADP	APPR								
13013008	10	aller	DET	PIAT					P		Gen	
13013008	11	Kraft	NOUN	NN					S		Nom	F
13013008	12	mit	ADP	APPR								
13013008	13	Gesang	NOUN	NN					P		Dat	M
13013008	14	und	CCONJ	KON								
13013008	15	mit	ADP	APPR								
13013008	16	Laut	NOUN	NN					S		Nom	N
13013008	17	und	CCONJ	KON								
13013008	18	mit	ADP	APPR								
13013008	19	Harfe	NOUN	NN					P		Nom	F
13013008	20	und	CCONJ	KON								
13013008	21	mit	ADP	APPR								
13013008	22	Tamburin	NOUN	NN					P		Nom	F
13013008	23	und	CCONJ	KON								
13013008	24	mit	ADP	APPR								
13013008	25	Cymbel	NOUN	NN					P		Nom	F
13013008	26	und	CCONJ	KON								
13013008	27	mit	ADP	APPR								
13013008	28	Trompet	NOUN	NN					P		Nom	F
13013009	1	und	CCONJ	KON								
13013009	2	als	ADP	KOKOM								
13013009	3	sie	PRON	PPER				3	P		Nom	
13013009	4	zu	ADP	APPRART					S		Dat	F
13013009	5	Tenne	NOUN	NN					S		Nom	F
13013009	6	Kidon	PROPN	NN					S		Nom	M
13013009	7	kommen	VERB	VVFIN		Fin	Past	3	P	Ind		
13013009	8	da	ADV	ADV								
13013009	9	strecken	VERB	VVFIN		Fin	Past	3	S	Ind		
13013009	10	ussa	NOUN	NN					S		Nom	F
13013009	11	sein	DET	PPOSAT					S		Nom	F
13013009	12	Hand	NOUN	NN					S		Nom	F
13013009	13	aus	ADP	PTKVZ								
13013009	14	um	ADP	APPR								
13013009	15	der	DET	ART					S		Nom	F
13013009	16	lade	NOUN	NN					S		Nom	F
13013009	17	anzufassen	VERB	VVIZU		Inf						
13013009	18	denn	CCONJ	KON								
13013009	19	der	DET	ART					S		Nom	F
13013009	20	Rind	NOUN	NN					P		Nom	N
13013009	21	haben	AUX	VAFIN		Fin	Past	3	P	Ind		
13013009	22	sich	PRON	PRF				3	S		Acc	
13013009	23	losrissen	VERB	VVPP		Part						
13013010	1	da	SCONJ	KOUS								
13013010	2	entbrennen	VERB	VVFIN		Fin	Past	3	S	Ind		
13013010	3	der	DET	ART					S		Nom	M
13013010	4	Zorn	NOUN	NN					S		Nom	M
13013010	5	Jahwe	PROPN	NE					S		Gen	
13013010	6	wider	ADP	PTKVZ								
13013010	7	ussa	NOUN	NN					S		Nom	F
13013010	8	und	CCONJ	KON								
13013010	9	er	PRON	PPER				3	S		Nom	M
13013010	10	schlagen	VERB	VVFIN		Fin	Past	3	S	Ind		
13013010	11	ihn	PRON	PPER				3	S		Acc	M
13013010	12	darum	ADV	PROAV								
13013010	13	daß	SCONJ	KOUS								
13013010	14	er	PRON	PPER				3	S		Nom	M
13013010	15	sein	DET	PPOSAT					S		Nom	F
13013010	16	Hand	NOUN	NN					S		Nom	F
13013010	17	nach	ADP	APPR								
13013010	18	der	DET	ART					S		Nom	M
13013010	19	lade	NOUN	NN					S		Nom	F
13013010	20	ausstrecken	VERB	VVPP		Part						
13013010	21	haben	AUX	VAFIN		Fin	Past	3	S	Ind		
13013010	22	und	CCONJ	KON								
13013010	23	er	PRON	PPER				3	S		Nom	M
13013010	24	sterben	VERB	VVFIN		Fin	Past	3	S	Ind		
13013010	25	daselbst	ADV	PROAV								
13013010	26	vor	ADP	APPR								
13013010	27	Gott	NOUN	NN					S		Nom	M
13013011	1	und	CCONJ	KON								
13013011	2	David	PROPN	NE					S		Nom	M
13013011	3	entbrennen	VERB	VVFIN		Fin	Past	3	S	Ind		
13013011	4	weil	SCONJ	KOUS								
13013011	5	Jahwe	NOUN	NN					S		Nom	M
13013011	6	ein	DET	ART					S		Acc	M
13013011	7	Bruch	NOUN	NN					S		Nom	M
13013011	8	an	ADP	PTKVZ								
13013011	9	ussa	NOUN	NN					S		Nom	F
13013011	10	machen	VERB	VVPP		Part						
13013011	11	haben	AUX	VAFIN		Fin	Past	3	S	Ind		
13013011	12	und	CCONJ	KON								
13013011	13	er	PRON	PPER				3	S		Nom	M
13013011	14	nennen	VERB	VVFIN		Fin	Past	3	S	Ind		
13013011	15	jener	PRON	PDAT					P		Dat	
13013011	16	Ort	NOUN	NN					S		Nom	M
13013011	17	Perez-Ussa	PROPN	NN					S		Nom	
13013011	18	bis	CCONJ	KON								
13013011	19	auf	ADP	PTKVZ								
13013011	20	dieser	DET	PDAT					S		Acc	M
13013011	21	Tag	NOUN	NN					S		Nom	M
13013012	1	und	CCONJ	KON								
13013012	2	David	PROPN	NE					S		Nom	M
13013012	3	fürchten	VERB	VVFIN		Fin	Past	3	S	Ind		
13013012	4	sich	PRON	PRF				3	S		Acc	
13013012	5	vor	ADP	APPR								
13013012	6	Gott	NOUN	NN					S		Nom	M
13013012	7	an	ADP	PTKVZ								
13013012	8	selbig	ADJ	ADJD	Pos				S		Dat	N
13013012	9	Tag	NOUN	NN					P		Nom	M
13013012	10	und	CCONJ	KON								
13013012	11	sprechen	VERB	VVFIN		Fin	Past	3	S	Ind		
13013012	12	wie	ADV	PWAV								
13013012	13	sollen	AUX	VMFIN		Fin	Pres	3	S	Ind		
13013012	14	ich	PRON	PPER				1	S		Nom	
13013012	15	der	DET	ART					S		Nom	F
13013012	16	lade	NOUN	NN					S		Nom	F
13013012	17	Gott	NOUN	NN					S		Gen	M
13013012	18	zu	ADP	PTKVZ								
13013012	19	mir	PRON	PPER				1	S		Dat	
13013012	20	bringen	VERB	VVINF		Inf						
13013013	1	und	CCONJ	KON								
13013013	2	David	PROPN	NE					S		Nom	M
13013013	3	lassen	VERB	VVFIN		Fin	Past	3	S	Ind		
13013013	4	der	DET	ART					S		Nom	F
13013013	5	lade	NOUN	NN					S		Nom	F
13013013	6	nicht	PART	PTKNEG								
13013013	7	zu	ADP	PTKVZ								
13013013	8	sich	PRON	PRF				3	S		Acc	
13013013	9	einkehren	VERB	VVINF		Inf						
13013013	10	in	ADP	APPR								
13013013	11	der	DET	ART					S		Nom	F
13013013	12	Stadt	NOUN	NN					S		Nom	F
13013013	13	David	PROPN	NE					S		Gen	M
13013013	14	und	CCONJ	KON								
13013013	15	er	PRON	PPER				3	S		Nom	M
13013013	16	lassen	VERB	VVFIN		Fin	Past	3	S	Ind		
13013013	17	sie	PRON	PPER				3	P		Nom	
13013013	18	Beiseit	ADV	ADV								
13013013	19	bringen	VERB	VVINF		Inf						
13013013	20	in	ADP	APPR								
13013013	21	der	DET	ART					S		Nom	N
13013013	22	Haus	NOUN	NN					S		Nom	N
13013013	23	Obed-Edom	PROPN	NE					S		Nom	M
13013013	24	der	DET	ART					S		Gen	M
13013013	25	Gathiter	PROPN	NE					S		Gen	
13013014	1	und	CCONJ	KON								
13013014	2	der	DET	ART					S		Nom	F
13013014	3	lade	NOUN	NN					S		Nom	F
13013014	4	Gott	NOUN	NN					S		Gen	M
13013014	5	bleiben	VERB	VVFIN		Fin	Past	3	S	Ind		
13013014	6	bei	ADP	APPR								
13013014	7	der	DET	ART					S		Nom	M
13013014	8	Familie	NOUN	NN					S		Nom	F
13013014	9	Obed-Edom	PROPN	NE					S		Nom	M
13013014	10	in	ADP	APPR								
13013014	11	sein	DET	PPOSAT					S		Dat	M
13013014	12	Haus	NOUN	NN					P		Nom	N
13013014	13	drei	NUM	CARD								
13013014	14	Monat	NOUN	NN					P		Nom	M
13013014	15	und	CCONJ	KON								
13013014	16	Jahwe	NOUN	NN					S		Nom	M
13013014	17	segnen	VERB	VVFIN		Fin	Past	3	S	Ind		
13013014	18	der	DET	ART					S		Nom	N
13013014	19	Haus	NOUN	NN					S		Nom	N
13013014	20	Obed-Edom	PROPN	NE					S		Nom	M
13013014	21	und	CCONJ	KON								
13013014	22	alle	PRON	PIS					S		Nom	N
13013014	23	was	PRON	PWS					S		Nom	N
13013014	24	sein	AUX	VAINF		Inf						
13013014	25	sein	AUX	VAFIN		Fin	Past	3	S	Ind		
13014001	1	und	CCONJ	KON								
13014001	2	Hiram	PROPN	NE					S		Nom	M
13014001	3	der	DET	ART					S		Nom	M
13014001	4	König	NOUN	NN					S		Nom	M
13014001	5	von	ADP	APPR								
13014001	6	Tyrus	PROPN	NE					S		Nom	M
13014001	7	senden	VERB	VVFIN		Fin	Past	3	S	Ind		
13014001	8	Bote	NOUN	NN					P		Nom	M
13014001	9	zu	ADP	PTKVZ								
13014001	10	David	PROPN	NE					S		Nom	M
13014001	11	und	CCONJ	KON								
13014001	12	Cedernholz	NOUN	NN					S		Nom	M
13014001	13	und	CCONJ	KON								
13014001	14	Mauerleute	NOUN	NN					P		Nom	
13014001	15	und	CCONJ	KON								
13014001	16	Zimmerleute	NOUN	NE					P		Nom	
13014001	17	damit	ADV	PROAV								
13014001	18	sie	PRON	PPER				3	P		Nom	
13014001	19	ihm	PRON	PPER				3	S		Dat	M
13014001	20	ein	DET	ART					S		Nom	N
13014001	21	Haus	NOUN	NN					S		Nom	N
13014001	22	bauen	VERB	VVFIN		Fin	Past	3	P	Ind		
13014002	1	und	CCONJ	KON								
13014002	2	David	PROPN	NE					S		Nom	M
13014002	3	erkennen	VERB	VVFIN		Fin	Past	3	S	Ind		
13014002	4	daß	SCONJ	KOUS								
13014002	5	Jahwe	NOUN	NN					S		Nom	M
13014002	6	ihn	PRON	PPER				3	S		Acc	M
13014002	7	zu	ADP	APPRART					S		Dat	N
13014002	8	König	NOUN	NN					S		Nom	M
13014002	9	über	ADP	APPR								
13014002	10	Israel	PROPN	NE					S		Nom	N
13014002	11	bestätigen	VERB	VVFIN		Fin	Pres	3	S	Ind		
13014002	12	haben	AUX	VAFIN		Fin	Past	3	S	Ind		
13014002	13	denn	CCONJ	KON								
13014002	14	sein	AUX	VAINF		Inf						
13014002	15	Königreich	NOUN	NN					S		Nom	N
13014002	16	sein	AUX	VAFIN		Fin	Past	3	S	Ind		
13014002	17	hoch	ADV	ADJD	Pos							
13014002	18	erheben	VERB	VVPP		Fin	Past	3	P	Ind		
13014002	19	um	ADP	APPR								
13014002	20	sein	DET	PPOSAT					S		Gen	M
13014002	21	Volk	NOUN	NN					S		Gen	N
13014002	22	Israel	PROPN	NE					S		Nom	N
13014002	23	Wille	ADP	APZR								
13014003	1	und	CCONJ	KON								
13014003	2	David	PROPN	NE					S		Nom	M
13014003	3	nehmen	VERB	VVFIN		Fin	Past	3	S	Ind		
13014003	4	noch	CCONJ	KON								
13014003	5	Weiber	NOUN	NN					P		Nom	M
13014003	6	in	ADP	APPR								
13014003	7	Jerusalem	PROPN	NE					S		Nom	N
13014003	8	und	CCONJ	KON								
13014003	9	David	PROPN	NE					S		Nom	M
13014003	10	zeugen	VERB	VVFIN		Fin	Past	3	S	Ind		
13014003	11	noch	CCONJ	KON								
13014003	12	Sohn	NOUN	NN					P		Nom	M
13014003	13	und	CCONJ	KON								
13014003	14	Tochter	NOUN	NN					P		Nom	F
13014004	1	und	CCONJ	KON								
13014004	2	dieser	PRON	PDS					S		Nom	N
13014004	3	sein	AUX	VAFIN		Fin	Pres	3	P	Ind		
13014004	4	der	DET	ART					S		Nom	F
13014004	5	Name	NOUN	NN					P		Nom	M
13014004	6	der	PRON	PDS					P		Gen	
13014004	7	welcher	DET	PWAT					S		Nom	F
13014004	8	ihm	PRON	PPER				3	S		Dat	M
13014004	9	in	ADP	APPR								
13014004	10	Jerusalem	PROPN	NE					S		Nom	N
13014004	11	gebären	VERB	VVPP		Part						
13014004	12	werden	AUX	VAFIN		Fin	Past	3	P	Ind		
13014004	13	Schammua	PROPN	NE					S		Nom	M
13014004	14	und	CCONJ	KON								
13014004	15	Schobab	PROPN	NE					S		Nom	
13014004	16	Nathan	PROPN	NE					S		Nom	M
13014004	17	und	CCONJ	KON								
13014004	18	Salomo	PROPN	NE					S		Nom	M
13014005	1	und	CCONJ	KON								
13014005	2	Jibchar	PROPN	NE					S		Nom	
13014005	3	und	CCONJ	KON								
13014005	4	Elischua	PROPN	NE					S		Nom	
13014005	5	und	CCONJ	KON								
13014005	6	Elpelet	X	FM								
13014006	1	und	CCONJ	KON								
13014006	2	Nogah	PROPN	NE					S		Nom	
13014006	3	und	CCONJ	KON								
13014006	4	Nepheg	PROPN	NE					S		Nom	
13014006	5	und	CCONJ	KON								
13014006	6	Japhija	NOUN	NN					S		Nom	F
13014007	1	und	CCONJ	KON								
13014007	2	Elischama	PROPN	NE					S		Nom	
13014007	3	und	CCONJ	KON								
13014007	4	Beeljada	PROPN	NE					S		Nom	
13014007	5	und	CCONJ	KON								
13014007	6	Eliphelet	PROPN	NE								
13014008	1	und	CCONJ	KON								
13014008	2	als	ADP	KOKOM								
13014008	3	der	DET	ART					S		Nom	F
13014008	4	Philister	NOUN	NN					S		Nom	M
13014008	5	hören	VERB	VVFIN		Fin	Past	3	P	Ind		
13014008	6	daß	SCONJ	KOUS								
13014008	7	David	PROPN	NE					S		Nom	M
13014008	8	zu	ADP	APPRART					S		Dat	N
13014008	9	König	NOUN	NN					S		Nom	M
13014008	10	über	ADP	APPR								
13014008	11	ganz	ADV	ADV								
13014008	12	Israel	PROPN	NE					S		Nom	N
13014008	13	salben	VERB	VVPP		Part						
13014008	14	werden	AUX	VAPP		Part						
13014008	15	sein	AUX	VAFIN		Fin	Past	3	S	Ind		
13014008	16	da	ADV	ADV								
13014008	17	ziehen	VERB	VVFIN		Fin	Past	3	P	Ind		
13014008	18	aller	PRON	PIS					P		Nom	
13014008	19	Philister	NOUN	NN					S		Nom	M
13014008	20	herauf	ADV	PTKVZ								
13014008	21	um	ADP	APPR								
13014008	22	David	PROPN	NE					S		Nom	M
13014008	23	zu	ADP	PTKVZ								
13014008	24	suchen	VERB	VVINF		Inf						
13014008	25	und	CCONJ	KON								
13014008	26	David	PROPN	NE					S		Nom	M
13014008	27	hören	VERB	VVFIN		Fin	Past	3	S	Ind		
13014008	28	es	PRON	PPER				3	S		Nom	N
13014008	29	und	CCONJ	KON								
13014008	30	ziehen	VERB	VVFIN		Fin	Past	3	S	Ind		
13014008	31	ihnen	PRON	PPER				3	P		Dat	
13014008	32	entgegen	ADP	PTKVZ								
13014009	1	und	CCONJ	KON								
13014009	2	der	DET	ART					S		Nom	F
13014009	3	Philister	NOUN	NN					S		Nom	M
13014009	4	kommen	VERB	VVFIN		Fin	Past	3	P	Ind		
13014009	5	und	CCONJ	KON								
13014009	6	breiten	VERB	VVFIN		Fin	Past	3	P	Ind		
13014009	7	sich	PRON	PRF				3	S		Acc	
13014009	8	aus	ADP	PTKVZ								
13014009	9	in	ADP	APPRART					S		Dat	N
13014009	10	Tal	PROPN	NN					S		Nom	
13014009	11	Rephaim	PROPN	NE					S		Nom	
13014010	1	und	CCONJ	KON								
13014010	2	David	PROPN	NE					S		Nom	M
13014010	3	befragen	VERB	VVFIN		Fin	Past	3	S	Ind		
13014010	4	Gott	NOUN	NN					S		Nom	M
13014010	5	und	CCONJ	KON								
13014010	6	sprechen	VERB	VVFIN		Fin	Past	3	S	Ind		
13014010	7	Sollen	AUX	VMFIN		Fin	Pres	3	S	Ind		
13014010	8	ich	PRON	PPER				1	S		Nom	
13014010	9	wider	ADP	PTKVZ								
13014010	10	der	DET	ART					S		Nom	F
13014010	11	Philister	NOUN	NN					S		Nom	M
13014010	12	hinaufziehen	VERB	VVINF		Inf						
13014010	13	und	CCONJ	KON								
13014010	14	wersten	AUX	VAFIN		Fin	Pres	2	S	Ind		
13014010	15	du	PRON	PPER				2	S		Nom	
13014010	16	sie	PRON	PPER				3	P		Nom	
13014010	17	in	ADP	APPR								
13014010	18	mein	DET	PPOSAT					S		Nom	F
13014010	19	Hand	NOUN	NN					S		Nom	F
13014010	20	geben	VERB	VVINF		Inf						
13014010	21	und	CCONJ	KON								
13014010	22	Jahwe	NOUN	NN					S		Nom	M
13014010	23	sprechen	VERB	VVFIN		Fin	Past	3	S	Ind		
13014010	24	zu	ADP	PTKVZ								
13014010	25	ihm	PRON	PPER				3	S		Dat	M
13014010	26	Ziehe	VERB	VVIMP				2	S	Imp		
13014010	27	hinauf	ADV	PTKVZ								
13014010	28	und	CCONJ	KON								
13014010	29	ich	PRON	PPER				1	S		Nom	
13014010	30	werden	AUX	VAFIN		Fin	Pres	3	S	Sub		
13014010	31	sie	PRON	PPER				3	P		Nom	
13014010	32	in	ADP	APPR								
13014010	33	dein	DET	PPOSAT					S		Nom	F
13014010	34	Hand	NOUN	NN					S		Nom	F
13014010	35	geben	VERB	VVINF		Inf						
13014011	1	da	SCONJ	KOUS								
13014011	2	ziehen	VERB	VVFIN		Fin	Past	3	P	Ind		
13014011	3	sie	PRON	PPER				3	P		Nom	
13014011	4	hinauf	ADV	PTKVZ								
13014011	5	nach	ADP	APPR								
13014011	6	Baal-Perazim	NOUN	NN					P		Nom	M
13014011	7	und	CCONJ	KON								
13014011	8	David	PROPN	NE					S		Nom	M
13014011	9	schlagen	VERB	VVFIN		Fin	Past	3	S	Ind		
13014011	10	sie	PRON	PPER				3	P		Nom	
13014011	11	daselbst	ADV	PROAV								
13014011	12	und	CCONJ	KON								
13014011	13	David	PROPN	NE					S		Nom	M
13014011	14	sprechen	VERB	VVFIN		Fin	Past	3	S	Ind		
13014011	15	Gott	NOUN	NN					S		Nom	M
13014011	16	haben	AUX	VAFIN		Fin	Pres	3	S	Ind		
13014011	17	mein	DET	PPOSAT					S		Nom	F
13014011	18	Feind	NOUN	NN					P		Nom	M
13014011	19	durch	ADP	APPR								
13014011	20	mein	DET	PPOSAT					S		Nom	F
13014011	21	Hand	NOUN	NN					S		Nom	F
13014011	22	durchbrechen	VERB	VVPP		Part						
13014011	23	gleich	ADV	ADV	Pos							
13014011	24	ein	DET	ART					S		Dat	M
13014011	25	Wasserdurchbruch	NOUN	NN					S		Nom	M
13014011	26	daher	ADV	PROAV								
13014011	27	geben	VERB	VVFIN		Fin	Past	3	S	Ind		
13014011	28	man	PRON	PIS					S		Nom	
13014011	29	jener	DET	PDAT					S		Dat	N
13014011	30	Ort	NOUN	NN					P		Nom	M
13014011	31	der	DET	ART					S		Acc	M
13014011	32	Name	NOUN	NN					P		Nom	M
13014011	33	Baal-Perazim	NOUN	NN					P		Nom	M
13014012	1	und	CCONJ	KON								
13014012	2	sie	PRON	PPER				3	P		Nom	
13014012	3	lassen	VERB	VVFIN		Fin	Past	3	P	Ind		
13014012	4	daselbst	ADV	PROAV								
13014012	5	ihr	DET	PPOSAT					S		Nom	F
13014012	6	Götter	NOUN	NN					P		Nom	M
13014012	7	und	CCONJ	KON								
13014012	8	David	PROPN	NE					S		Nom	M
13014012	9	geben	VERB	VVFIN		Fin	Past	3	S	Ind		
13014012	10	Befehl	NOUN	NN					S		Nom	M
13014012	11	und	CCONJ	KON								
13014012	12	sie	PRON	PPER				3	P		Nom	
13014012	13	werden	AUX	VAFIN		Fin	Past	3	P	Ind		
13014012	14	mit	ADP	APPR								
13014012	15	Feuer	NOUN	NN					S		Nom	N
13014012	16	verbrennen	VERB	VVPP		Part						
13014013	1	und	CCONJ	KON								
13014013	2	der	DET	ART					S		Nom	F
13014013	3	Philister	NOUN	NN					S		Nom	M
13014013	4	ziehen	VERB	VVFIN		Fin	Past	3	P	Ind		
13014013	5	wiederum	ADV	ADV								
13014013	6	herauf	ADV	PTKVZ								
13014013	7	und	CCONJ	KON								
13014013	8	breiten	VERB	VVFIN		Fin	Past	3	P	Ind		
13014013	9	sich	PRON	PRF				3	S		Acc	
13014013	10	aus	ADP	PTKVZ								
13014013	11	in	ADP	APPRART					S		Dat	N
13014013	12	Tal	PROPN	NN					S		Nom	
13014014	1	und	CCONJ	KON								
13014014	2	David	PROPN	NE					S		Nom	M
13014014	3	befragen	VERB	VVFIN		Fin	Past	3	S	Ind		
13014014	4	Gott	NOUN	NN					S		Nom	M
13014014	5	abermals	ADV	ADV								
13014014	6	und	CCONJ	KON								
13014014	7	Gott	NOUN	NN					S		Nom	M
13014014	8	sprechen	VERB	VVFIN		Fin	Past	3	S	Ind		
13014014	9	zu	ADP	PTKVZ								
13014014	10	ihm	PRON	PPER				3	S		Dat	M
13014014	11	du	PRON	PPER				2	S		Nom	
13014014	12	sollst	AUX	VMFIN		Fin	Pres	3	S	Ind		
13014014	13	nicht	PART	PTKNEG								
13014014	14	hinaufziehen	VERB	VVINF		Inf						
13014014	15	ihnen	PRON	PPER				3	P		Dat	
13014014	16	nach	ADP	APPR								
13014014	17	wenden	VERB	VVFIN		Fin	Pres	3	S	Sub		
13014014	18	dich	PRON	PPER				2	S		Acc	
13014014	19	von	ADP	APPR								
13014014	20	ihnen	PRON	PPER				3	P		Dat	
13014014	21	ab	ADP	PTKVZ								
13014014	22	daß	SCONJ	KOUS								
13014014	23	du	PRON	PPER				2	S		Nom	
13014014	24	an	ADP	PTKVZ								
13014014	25	sie	PRON	PPER				3	P		Nom	
13014014	26	kommst	VERB	VVFIN		Fin	Pres	3	S	Ind		
13014014	27	der	DET	ART					S		Acc	M
13014014	28	Bakabäumen	PROPN	NE					S		Nom	M
13014014	29	gegenüber	ADP	APPO								
13014015	1	und	CCONJ	KON								
13014015	2	sobald	ADV	KOUS								
13014015	3	du	PRON	PPER				2	S		Nom	
13014015	4	der	DET	ART					S		Nom	N
13014015	5	Geräusch	NOUN	NN					S		Nom	N
13014015	6	ein	PRON	ART					S		Nom	N
13014015	7	Daherschreiten	PROPN	NE					S		Gen	
13014015	8	in	ADP	APPR								
13014015	9	der	DET	ART					S		Acc	M
13014015	10	Wipfel	NOUN	NN					P		Dat	M
13014015	11	der	DET	ART					S		Nom	M
13014015	12	Bakabaum	NOUN	NN					P		Nom	M
13014015	13	hörst	VERB	VVFIN		Fin	Pres	3	S	Ind		
13014015	14	alsdann	ADV	ADV								
13014015	15	sollst	AUX	VMFIN		Fin	Pres	3	S	Ind		
13014015	16	du	PRON	PPER				2	S		Nom	
13014015	17	zu	ADP	APPRART					S		Dat	N
13014015	18	Angriff	NOUN	NN					S		Nom	M
13014015	19	schreiten	VERB	VVFIN		Fin	Pres	3	P	Ind		
13014015	20	denn	CCONJ	KON								
13014015	21	Gott	NOUN	NN					S		Nom	M
13014015	22	sein	AUX	VAFIN		Fin	Pres	3	S	Ind		
13014015	23	vor	ADP	APPR								
13014015	24	dir	PRON	PPER				2	S		Dat	
13014015	25	ausziehen	VERB	VVPP		Part						
13014015	26	um	ADP	APPR								
13014015	27	der	DET	ART					S		Nom	N
13014015	28	Heerlager	NOUN	NN					S		Nom	N
13014015	29	der	DET	ART					S		Nom	M
13014015	30	Philister	NOUN	NN					S		Nom	M
13014015	31	zu	ADP	PTKVZ								
13014015	32	schlagen	VERB	VVFIN		Fin	Pres	3	P	Ind		
13014016	1	und	CCONJ	KON								
13014016	2	David	PROPN	NE					S		Nom	M
13014016	3	tun	VERB	VVFIN		Fin	Past	3	S	Ind		
13014016	4	so	ADV	ADV								
13014016	5	wie	ADP	KOKOM								
13014016	6	Gott	NOUN	NN					S		Nom	M
13014016	7	ihm	PRON	PPER				3	S		Dat	M
13014016	8	gebieten	VERB	VVPP		Part						
13014016	9	haben	AUX	VAFIN		Fin	Past	3	S	Ind		
13014016	10	und	CCONJ	KON								
13014016	11	sie	PRON	PPER				3	P		Nom	
13014016	12	schlagen	VERB	VVFIN		Fin	Past	3	P	Ind		
13014016	13	der	DET	ART					S		Nom	N
13014016	14	Heerlager	NOUN	NN					S		Nom	N
13014016	15	der	DET	ART					S		Nom	M
13014016	16	Philister	NOUN	NN					S		Nom	M
13014016	17	von	ADP	APPR								
13014016	18	Gibeon	PROPN	NE								
13014016	19	bis	CCONJ	KON								
13014016	20	nach	ADP	APPR								
13014016	21	Geser	PROPN	NE					S		Nom	
13014017	1	und	CCONJ	KON								
13014017	2	der	DET	ART					S		Nom	M
13014017	3	Name	NOUN	NN					S		Nom	M
13014017	4	David	PROPN	NE					S		Gen	M
13014017	5	gehen	VERB	VVFIN		Fin	Past	3	S	Ind		
13014017	6	aus	ADP	PTKVZ								
13014017	7	in	ADP	APPR								
13014017	8	aller	PRON	PIS					P		Nom	
13014017	9	Land	NOUN	NN					P		Nom	N
13014017	10	und	CCONJ	KON								
13014017	11	Jahwe	NOUN	NN					S		Nom	M
13014017	12	legen	VERB	VVFIN		Fin	Past	3	S	Ind		
13014017	13	der	DET	ART					S		Nom	F
13014017	14	Furcht	NOUN	NN					S		Nom	F
13014017	15	vor	ADP	APPR								
13014017	16	ihm	PRON	PPER				3	S		Dat	M
13014017	17	auf	ADP	PTKVZ								
13014017	18	aller	PRON	PIS					P		Nom	
13014017	19	Nation	NOUN	NN					P		Nom	F
13015001	1	und	CCONJ	KON								
13015001	2	er	PRON	PPER				3	S		Nom	M
13015001	3	machen	VERB	VVFIN		Fin	Past	3	S	Ind		
13015001	4	sich	PRON	PRF				3	S		Acc	
13015001	5	Haus	NOUN	NN					P		Nom	N
13015001	6	in	ADP	APPR								
13015001	7	der	DET	ART					S		Nom	M
13015001	8	Stadt	NOUN	NN					S		Nom	F
13015001	9	David	PROPN	NE					S		Gen	M
13015001	10	und	CCONJ	KON								
13015001	11	er	PRON	PPER				3	S		Nom	M
13015001	12	bereiten	VERB	VVFIN		Fin	Past	3	S	Ind		
13015001	13	ein	DET	ART					S		Acc	M
13015001	14	Ort	NOUN	NN					S		Nom	M
13015001	15	für	ADP	APPR								
13015001	16	der	DET	ART					S		Nom	F
13015001	17	lade	NOUN	NN					S		Nom	F
13015001	18	Gott	NOUN	NN					S		Gen	M
13015001	19	und	CCONJ	KON								
13015001	20	schlagen	VERB	VVFIN		Fin	Past	3	S	Ind		
13015001	21	ein	DET	ART					S		Nom	N
13015001	22	Zelt	NOUN	NN					S		Nom	N
13015001	23	für	ADP	APPR								
13015001	24	sie	PRON	PPER				3	P		Nom	
13015001	25	auf	ADP	PTKVZ								
13015002	1	damals	ADV	ADV								
13015002	2	sprechen	VERB	VVFIN		Fin	Past	3	S	Ind		
13015002	3	David	PROPN	NE					S		Nom	M
13015002	4	der	DET	ART					S		Nom	F
13015002	5	lade	NOUN	NN					S		Nom	F
13015002	6	Gott	NOUN	NN					S		Gen	M
13015002	7	sollen	AUX	VMFIN		Fin	Pres	3	S	Ind		
13015002	8	niemand	PRON	PIS					S		Nom	M
13015002	9	tragen	VERB	VVINF		Inf						
13015002	10	als	ADP	KOKOM								
13015002	11	nur	ADV	ADV								
13015002	12	der	DET	ART					S		Nom	F
13015002	13	Levit	NOUN	NN					P		Nom	M
13015002	14	denn	CCONJ	KON								
13015002	15	sie	PRON	PPER				3	P		Nom	
13015002	16	haben	AUX	VAFIN		Fin	Pres	3	S	Ind		
13015002	17	Jahwe	NOUN	NN					S		Nom	M
13015002	18	erwählen	VERB	VVPP		Part						
13015002	19	um	ADP	APPR								
13015002	20	der	DET	ART					S		Nom	F
13015002	21	lade	NOUN	NN					S		Nom	F
13015002	22	Gott	NOUN	NN					S		Gen	M
13015002	23	zu	ADP	PTKVZ								
13015002	24	tragen	VERB	VVINF		Inf						
13015002	25	und	CCONJ	KON								
13015002	26	sein	DET	PPOSAT					S		Acc	M
13015002	27	Dienst	NOUN	NN					S		Nom	M
13015002	28	zu	ADP	PTKVZ								
13015002	29	verrichten	VERB	VVINF		Inf						
13015002	30	ewiglich	ADV	ADJD	Pos							
13015003	1	und	CCONJ	KON								
13015003	2	David	PROPN	NE					S		Nom	M
13015003	3	versammeln	VERB	VVFIN		Fin	Past	3	S	Ind		
13015003	4	ganz	ADV	ADV								
13015003	5	Israel	PROPN	NE					S		Nom	N
13015003	6	nach	ADP	APPR								
13015003	7	Jerusalem	PROPN	NE					S		Nom	N
13015003	8	um	ADP	APPR								
13015003	9	der	DET	ART					S		Nom	F
13015003	10	lade	NOUN	NN					S		Nom	F
13015003	11	Jahwe	PROPN	NE					S		Gen	
13015003	12	an	ADP	PTKVZ								
13015003	13	ihr	DET	PPOSAT					S		Acc	M
13015003	14	Ort	NOUN	NN					S		Nom	M
13015003	15	Hinaufzubringen	PROPN	NE					S		Nom	N
13015003	16	der	DET	ART					S		Acc	M
13015003	17	er	PRON	PPER				3	S		Nom	M
13015003	18	für	ADP	APPR								
13015003	19	sie	PRON	PPER				3	P		Nom	
13015003	20	bereiten	VERB	VVFIN		Fin	Pres	3	S	Ind		
13015003	21	haben	AUX	VAFIN		Fin	Past	3	S	Ind		
13015004	1	und	CCONJ	KON								
13015004	2	David	PROPN	NE					S		Nom	M
13015004	3	versammeln	VERB	VVFIN		Fin	Past	3	S	Ind		
13015004	4	der	DET	ART					S		Nom	F
13015004	5	Sohn	NOUN	NN					P		Nom	M
13015004	6	Aaron	PROPN	NE					S		Gen	
13015004	7	und	CCONJ	KON								
13015004	8	der	DET	ART					S		Nom	F
13015004	9	Levit	NOUN	NN					P		Nom	M
13015005	1	von	ADP	APPR								
13015005	2	der	DET	ART					S		Acc	M
13015005	3	Söhn	NOUN	NN					P		Dat	M
13015005	4	Kehath	PROPN	NE					S		Gen	
13015005	5	Uriel	PROPN	NE					S		Nom	
13015005	6	der	DET	ART					S		Acc	M
13015005	7	oberer	ADJ	ADJA	Sup				S		Dat	F
13015005	8	und	CCONJ	KON								
13015005	9	sein	DET	PPOSAT					S		Nom	F
13015005	10	Bruder	NOUN	NN					P		Nom	M
13015005	11	120	NUM	CARD								
13015006	1	von	ADP	APPR								
13015006	2	der	DET	ART					S		Acc	M
13015006	3	Söhn	NOUN	NN					P		Dat	M
13015006	4	Merari	PROPN	NE					S		Gen	
13015006	5	Asaja	PROPN	NE					S		Nom	
13015006	6	der	DET	ART					S		Acc	M
13015006	7	oberer	ADJ	ADJA	Sup				S		Dat	F
13015006	8	und	CCONJ	KON								
13015006	9	sein	DET	PPOSAT					S		Nom	F
13015006	10	Bruder	NOUN	NN					P		Nom	M
13015006	11	220	NUM	CARD								
13015007	1	von	ADP	APPR								
13015007	2	der	DET	ART					S		Acc	M
13015007	3	Söhn	NOUN	NN					P		Dat	M
13015007	4	Gersom	PROPN	NE					S		Nom	
13015007	5	Joel	PROPN	NE					S		Nom	M
13015007	6	der	DET	ART					S		Acc	M
13015007	7	oberer	ADJ	ADJA	Sup				S		Dat	F
13015007	8	und	CCONJ	KON								
13015007	9	sein	DET	PPOSAT					S		Nom	F
13015007	10	Bruder	NOUN	NN					P		Nom	M
13015007	11	130	NUM	CARD								
13015008	1	von	ADP	APPR								
13015008	2	der	DET	ART					S		Acc	M
13015008	3	Söhn	NOUN	NN					P		Dat	M
13015008	4	Elizaphan	PROPN	NE					S		Gen	
13015008	5	Schemaja	PROPN	NE					S		Nom	M
13015008	6	der	DET	ART					S		Acc	M
13015008	7	oberer	ADJ	ADJA	Sup				S		Dat	F
13015008	8	und	CCONJ	KON								
13015008	9	sein	DET	PPOSAT					S		Nom	F
13015008	10	Bruder	NOUN	NN					P		Nom	M
13015008	11	200	NUM	CARD								
13015009	1	von	ADP	APPR								
13015009	2	der	DET	ART					S		Acc	M
13015009	3	Söhn	NOUN	NN					P		Dat	M
13015009	4	Hebron	PROPN	NE					S		Gen	
13015009	5	eliel	NOUN	NN					S		Nom	N
13015009	6	der	DET	ART					S		Acc	M
13015009	7	oberer	ADJ	ADJA	Sup				S		Dat	F
13015009	8	und	CCONJ	KON								
13015009	9	sein	DET	PPOSAT					S		Nom	F
13015009	10	Bruder	NOUN	NN					P		Nom	M
13015009	11	80	NUM	CARD								
13015010	1	von	ADP	APPR								
13015010	2	der	DET	ART					S		Acc	M
13015010	3	Söhn	NOUN	NN					P		Dat	M
13015010	4	Ussiel	NOUN	NN					P		Nom	N
13015010	5	Amminadab	PROPN	NE					S		Nom	
13015010	6	der	DET	ART					S		Acc	M
13015010	7	oberer	ADJ	ADJA	Sup				S		Dat	F
13015010	8	und	CCONJ	KON								
13015010	9	sein	DET	PPOSAT					S		Nom	F
13015010	10	Bruder	NOUN	NN					P		Nom	M
13015010	11	112	NUM	CARD								
13015011	1	und	CCONJ	KON								
13015011	2	David	PROPN	NE					S		Nom	M
13015011	3	berufen	VERB	VVFIN		Fin	Past	3	S	Ind		
13015011	4	Zadok	NOUN	NE					P		Nom	M
13015011	5	und	CCONJ	KON								
13015011	6	Abjathar	PROPN	NE					S		Nom	
13015011	7	der	DET	ART					S		Nom	F
13015011	8	Priester	NOUN	NN					P		Nom	M
13015011	9	und	CCONJ	KON								
13015011	10	der	DET	ART					S		Nom	F
13015011	11	Levit	NOUN	NN					P		Nom	M
13015011	12	Uriel	PROPN	NE					S		Nom	
13015011	13	Asaja	PROPN	NE					S		Nom	
13015011	14	und	CCONJ	KON								
13015011	15	Joel	PROPN	NE					S		Nom	M
13015011	16	Schemaja	PROPN	NE					S		Nom	M
13015011	17	und	CCONJ	KON								
13015011	18	eliel	NOUN	NN					S		Nom	N
13015011	19	und	CCONJ	KON								
13015011	20	Amminadab	PROPN	NE					S		Nom	
13015012	1	und	CCONJ	KON								
13015012	2	er	PRON	PPER				3	S		Nom	M
13015012	3	sprechen	VERB	VVFIN		Fin	Past	3	S	Ind		
13015012	4	zu	ADP	PTKVZ								
13015012	5	ihnen	PRON	PPER				3	P		Dat	
13015012	6	ihr	PRON	PPER				2	P		Nom	
13015012	7	sein	AUX	VAFIN		Fin	Pres	2	P	Ind		
13015012	8	der	DET	ART					S		Nom	F
13015012	9	Häupter	NOUN	NN					P		Nom	N
13015012	10	der	DET	ART					S		Nom	M
13015012	11	Vater	NOUN	NN					P		Nom	M
13015012	12	der	DET	ART					S		Nom	M
13015012	13	Levit	NOUN	NN					P		Nom	M
13015012	14	Heiliget	ADV	VVFIN	Pos							
13015012	15	euch	PRON	PPER				2	P		Dat	
13015012	16	ihr	PRON	PPOSAT				3	S		Dat	F
13015012	17	und	CCONJ	KON								
13015012	18	eure	DET	PPOSAT					S		Nom	F
13015012	19	Bruder	NOUN	NN					P		Nom	M
13015012	20	und	CCONJ	KON								
13015012	21	Bringet	NOUN	VVFIN					S		Nom	N
13015012	22	der	DET	ART					S		Nom	F
13015012	23	lade	NOUN	NN					S		Nom	F
13015012	24	Jahwe	PROPN	NE					S		Gen	
13015012	25	der	DET	ART					S		Gen	M
13015012	26	Gott	NOUN	NN					S		Gen	M
13015012	27	Israel	PROPN	NE					S		Gen	N
13015012	28	hinauf	ADV	PTKVZ								
13015012	29	an	ADP	PTKVZ								
13015012	30	der	DET	ART					S		Acc	M
13015012	31	Ort	NOUN	NN					S		Nom	M
13015012	32	welcher	DET	PWAT					S		Acc	M
13015012	33	ich	PRON	PPER				1	S		Nom	
13015012	34	für	ADP	APPR								
13015012	35	sie	PRON	PPER				3	P		Nom	
13015012	36	bereiten	VERB	VVFIN		Fin	Pres	3	S	Ind		
13015012	37	haben	AUX	VAFIN		Fin	Pres	3	S	Sub		
13015013	1	denn	CCONJ	KON								
13015013	2	weil	SCONJ	KOUS								
13015013	3	ihr	PRON	PPOSAT				3	S		Dat	F
13015013	4	der	DET	ART					S		Nom	N
13015013	5	vorig	ADJ	ADJA	Pos				S		Nom	F
13015013	6	mal	ADV	NN								
13015013	7	es	PRON	PPER				3	S		Nom	N
13015013	8	nicht	PART	PTKNEG								
13015013	9	taten	VERB	VVFIN		Fin	Pres	3	S	Ind		
13015013	10	so	ADV	ADV								
13015013	11	machen	VERB	VVFIN		Fin	Past	3	S	Ind		
13015013	12	Jahwe	NOUN	NN					S		Nom	M
13015013	13	unser	DET	PPOSAT					S		Nom	N
13015013	14	Gott	NOUN	NN					S		Nom	M
13015013	15	ein	DET	ART					S		Acc	M
13015013	16	Bruch	NOUN	NN					S		Nom	M
13015013	17	unter	ADP	APPR								
13015013	18	uns	PRON	PPER				1	P		Acc	
13015013	19	weil	SCONJ	KOUS								
13015013	20	wir	PRON	PPER				1	P		Nom	
13015013	21	ihn	PRON	PPER				3	S		Acc	M
13015013	22	nicht	PART	PTKNEG								
13015013	23	suchen	VERB	VVFIN		Fin	Past	3	P	Ind		
13015013	24	nach	ADP	APPR								
13015013	25	der	DET	ART					S		Nom	M
13015013	26	Vorschrift	NOUN	NN					S		Nom	F
13015014	1	da	SCONJ	KOUS								
13015014	2	heilign	VERB	VVFIN		Fin	Past	3	P	Ind		
13015014	3	sich	PRON	PRF				3	S		Acc	
13015014	4	der	DET	ART					S		Nom	F
13015014	5	Priester	NOUN	NN					P		Nom	M
13015014	6	und	CCONJ	KON								
13015014	7	der	DET	ART					S		Nom	F
13015014	8	Levit	NOUN	NN					P		Nom	M
13015014	9	um	ADP	APPR								
13015014	10	der	DET	ART					S		Nom	F
13015014	11	lade	NOUN	NN					S		Nom	F
13015014	12	Jahwe	PROPN	NE					S		Gen	
13015014	13	der	DET	ART					S		Gen	M
13015014	14	Gott	NOUN	NN					S		Gen	M
13015014	15	Israel	PROPN	NE					S		Gen	N
13015014	16	Hinaufzubringen	PROPN	NE					S		Nom	N
13015015	1	und	CCONJ	KON								
13015015	2	der	DET	ART					S		Nom	F
13015015	3	Sohn	NOUN	NN					P		Nom	M
13015015	4	der	DET	ART					S		Nom	M
13015015	5	Levit	NOUN	NN					P		Nom	M
13015015	6	tragen	VERB	VVFIN		Fin	Past	3	P	Ind		
13015015	7	der	DET	ART					S		Nom	F
13015015	8	lade	NOUN	NN					S		Nom	F
13015015	9	Gott	NOUN	NN					S		Gen	M
13015015	10	auf	ADP	PTKVZ								
13015015	11	ihr	DET	PPOSAT					S		Acc	M
13015015	12	Schulter	NOUN	NN					P		Nom	F
13015015	13	indem	SCONJ	KOUS								
13015015	14	sie	PRON	PPER				3	P		Nom	
13015015	15	der	DET	ART					S		Nom	F
13015015	16	Stange	NOUN	NN					P		Nom	F
13015015	17	auf	ADP	PTKVZ								
13015015	18	sich	PRON	PRF				3	S		Acc	
13015015	19	legen	VERB	VVFIN		Fin	Past	3	P	Ind		
13015015	20	so	ADV	ADV								
13015015	21	wie	ADP	KOKOM								
13015015	22	Mose	PROPN	NE					S		Nom	
13015015	23	gebieten	VERB	VVPP		Part						
13015015	24	haben	AUX	VAFIN		Fin	Past	3	S	Ind		
13015015	25	nach	ADP	APPR								
13015015	26	der	DET	ART					S		Dat	M
13015015	27	Wort	NOUN	NN					P		Nom	N
13015015	28	Jahwe	PROPN	NE					S		Gen	
13015016	1	und	CCONJ	KON								
13015016	2	David	PROPN	NE					S		Nom	M
13015016	3	befehlen	VERB	VVFIN		Fin	Past	3	S	Ind		
13015016	4	der	DET	ART					S		Acc	M
13015016	5	oberer	ADJ	ADJA	Sup				S		Dat	F
13015016	6	der	DET	ART					S		Nom	M
13015016	7	Levit	NOUN	NN					P		Nom	M
13015016	8	ihr	DET	PPOSAT					S		Nom	F
13015016	9	Bruder	NOUN	NN					P		Nom	M
13015016	10	der	DET	ART					S		Nom	F
13015016	11	Sänger	NOUN	NN					P		Nom	M
13015016	12	mit	ADP	APPR								
13015016	13	Musikinstrument	NOUN	NN					P		Nom	F
13015016	14	Harfe	NOUN	NN					P		Nom	F
13015016	15	und	CCONJ	KON								
13015016	16	Laut	NOUN	NN					S		Nom	N
13015016	17	und	CCONJ	KON								
13015016	18	Cymbel	NOUN	NN					P		Nom	F
13015016	19	zu	ADP	PTKVZ								
13015016	20	bestellen	VERB	VVINF		Inf						
13015016	21	damit	ADV	PROAV								
13015016	22	sie	PRON	PPER				3	P		Nom	
13015016	23	laut	ADP	APPR								
13015016	24	spielen	VERB	VVFIN		Fin	Past	3	P	Ind		
13015016	25	indem	SCONJ	KOUS								
13015016	26	sie	PRON	PPER				3	P		Nom	
13015016	27	der	DET	ART					S		Nom	F
13015016	28	Stimme	NOUN	NN					S		Nom	F
13015016	29	Erhöb	VERB	VVFIN		Fin	Past	3	P	Ind		
13015016	30	mit	ADP	APPR								
13015016	31	Freude	NOUN	NN					S		Nom	F
13015017	1	und	CCONJ	KON								
13015017	2	der	DET	ART					S		Nom	F
13015017	3	Levit	NOUN	NN					P		Nom	M
13015017	4	bestellen	VERB	ADJA		Fin	Past	3	P	Ind		
13015017	5	Heman	PROPN	NE					S		Nom	
13015017	6	der	DET	ART					S		Acc	M
13015017	7	Sohn	NOUN	NN					S		Nom	M
13015017	8	Joel	PROPN	NE					S		Gen	
13015017	9	und	CCONJ	KON								
13015017	10	von	ADP	APPR								
13015017	11	sein	DET	PPOSAT					S		Acc	M
13015017	12	Brüdern	NOUN	NN					P		Dat	M
13015017	13	Asaph	PROPN	NE					S		Nom	
13015017	14	der	DET	ART					S		Acc	M
13015017	15	Sohn	NOUN	NN					S		Nom	M
13015017	16	Berekjas	NOUN	NN					S		Nom	F
13015017	17	und	CCONJ	KON								
13015017	18	von	ADP	APPR								
13015017	19	der	DET	ART					S		Acc	M
13015017	20	Söhn	NOUN	NN					P		Dat	M
13015017	21	Merari	PROPN	NE					S		Gen	
13015017	22	ihr	DET	PPOSAT					S		Acc	M
13015017	23	Brüdern	NOUN	NN					P		Dat	M
13015017	24	Ethan	PROPN	NE					S		Nom	M
13015017	25	der	DET	ART					S		Acc	M
13015017	26	Sohn	NOUN	NN					S		Nom	M
13015017	27	Kuschajas	NOUN	NN					S		Nom	F
13015018	1	und	CCONJ	KON								
13015018	2	mit	ADP	APPR								
13015018	3	ihnen	PRON	PPER				3	P		Dat	
13015018	4	ihr	DET	PPOSAT					S		Nom	F
13015018	5	Bruder	NOUN	NN					P		Nom	M
13015018	6	zweiter	ADJ	ADJA	Pos				S		Dat	M
13015018	7	Ranges	PROPN	NE								
13015018	8	Sekarja	PROPN	NN					S		Nom	
13015018	9	Ben	PROPN	NE					S		Nom	M
13015018	10	und	CCONJ	KON								
13015018	11	Jaasiel	NOUN	NN					S		Nom	N
13015018	12	und	CCONJ	KON								
13015018	13	Schemiramoth	NOUN	NN					S		Nom	F
13015018	14	und	CCONJ	KON								
13015018	15	Jechiel	NOUN	NN					S		Nom	N
13015018	16	und	CCONJ	KON								
13015018	17	Unni	NOUN	NE					S		Nom	N
13015018	18	Eliab	NOUN	NN					S		Nom	F
13015018	19	und	CCONJ	KON								
13015018	20	Benaja	PROPN	NE					S		Nom	
13015018	21	und	CCONJ	KON								
13015018	22	Maaseja	PROPN	NE					S		Nom	
13015018	23	und	CCONJ	KON								
13015018	24	Mattithja	PROPN	NE					S		Nom	
13015018	25	und	CCONJ	KON								
13015018	26	Elipheleh	VERB	NN		Part						
13015018	27	und	CCONJ	KON								
13015018	28	Mikneja	PROPN	NE					S		Gen	N
13015018	29	und	CCONJ	KON								
13015018	30	Obed-Edom	NOUN	NN					S		Nom	M
13015018	31	und	CCONJ	KON								
13015018	32	Jeghiel	PROPN	NN					S		Nom	N
13015018	33	der	DET	ART					S		Nom	F
13015018	34	Torhüter	NOUN	NN					S		Nom	M
13015019	1	und	CCONJ	KON								
13015019	2	zwar	ADV	ADV								
13015019	3	der	DET	ART					S		Nom	F
13015019	4	Sänger	NOUN	NN					P		Nom	M
13015019	5	Heman	PROPN	NE					S		Nom	
13015019	6	Asaph	PROPN	NE					S		Nom	
13015019	7	und	CCONJ	KON								
13015019	8	Ethan	PROPN	NE					S		Nom	M
13015019	9	mit	ADP	APPR								
13015019	10	ehern	ADJ	ADJA	Pos				S		Acc	M
13015019	11	Cymbel	NOUN	NN					P		Nom	F
13015019	12	um	ADP	APPR								
13015019	13	laut	ADP	APPR								
13015019	14	zu	ADP	PTKVZ								
13015019	15	spielen	VERB	VVFIN		Fin	Pres	3	P	Ind		
13015020	1	und	CCONJ	KON								
13015020	2	Sekarja	PROPN	NN					S		Nom	
13015020	3	und	CCONJ	KON								
13015020	4	Asiel	NOUN	NN					S		Nom	N
13015020	5	und	CCONJ	KON								
13015020	6	Schemiramoth	NOUN	NN					S		Nom	F
13015020	7	und	CCONJ	KON								
13015020	8	Jechiel	NOUN	NN					S		Nom	N
13015020	9	und	CCONJ	KON								
13015020	10	Unni	NOUN	NE					S		Nom	N
13015020	11	und	CCONJ	KON								
13015020	12	Eliab	NOUN	NN					S		Nom	F
13015020	13	und	CCONJ	KON								
13015020	14	Maaseja	PROPN	NE					S		Nom	
13015020	15	und	CCONJ	KON								
13015020	16	Benaja	PROPN	NE					S		Nom	
13015020	17	mit	ADP	APPR								
13015020	18	Harfe	NOUN	NN					P		Nom	F
13015020	19	auf	ADP	PTKVZ								
13015020	20	Alamoth	PROPN	NE					S		Nom	
13015021	1	und	CCONJ	KON								
13015021	2	Mattithja	PROPN	NE					S		Nom	
13015021	3	und	CCONJ	KON								
13015021	4	Elipheleh	VERB	NN		Part						
13015021	5	und	CCONJ	KON								
13015021	6	Mikneja	PROPN	NE					S		Gen	N
13015021	7	und	CCONJ	KON								
13015021	8	Obed-Edom	NOUN	NN					S		Nom	M
13015021	9	und	CCONJ	KON								
13015021	10	Jeghiel	PROPN	NN					S		Nom	N
13015021	11	und	CCONJ	KON								
13015021	12	Asasja	PROPN	NE					S		Nom	M
13015021	13	mit	ADP	APPR								
13015021	14	Laut	NOUN	NN					S		Nom	N
13015021	15	auf	ADP	PTKVZ								
13015021	16	Scheminith	PROPN	NE					S		Nom	M
13015021	17	um	ADP	APPR								
13015021	18	der	DET	ART					S		Acc	M
13015021	19	Gesang	NOUN	NN					S		Nom	M
13015021	20	zu	ADP	PTKVZ								
13015021	21	leiten	VERB	VVINF		Fin	Pres	3	P	Ind		
13015022	1	und	CCONJ	KON								
13015022	2	Kenanja	PROPN	NE					S		Nom	
13015022	3	sein	AUX	VAFIN		Fin	Past	3	S	Ind		
13015022	4	der	DET	ART					S		Nom	M
13015022	5	Anführer	NOUN	NN					S		Nom	M
13015022	6	der	DET	ART					S		Nom	M
13015022	7	Levit	NOUN	NN					P		Nom	M
13015022	8	in	ADP	APPRART					S		Dat	N
13015022	9	Gesang	NOUN	NN					S		Nom	M
13015022	10	er	PRON	PPER				3	S		Nom	M
13015022	11	unterweisen	VERB	VVFIN		Fin	Past	3	S	Ind		
13015022	12	in	ADP	APPRART					S		Dat	N
13015022	13	Gesang	NOUN	NN					S		Nom	M
13015022	14	denn	CCONJ	KON								
13015022	15	er	PRON	PPER				3	S		Nom	M
13015022	16	sein	AUX	VAFIN		Fin	Past	3	S	Ind		
13015022	17	kundig	ADV	ADJD	Pos							
13015022	18	darin	ADV	PROAV								
13015023	1	und	CCONJ	KON								
13015023	2	Berekja	PROPN	NE					S		Nom	
13015023	3	und	CCONJ	KON								
13015023	4	Elkana	PROPN	NE					S		Nom	F
13015023	5	sein	AUX	VAFIN		Fin	Past	3	P	Ind		
13015023	6	Torhüter	NOUN	NN					S		Nom	M
13015023	7	der	DET	ART					S		Nom	M
13015023	8	lade	NOUN	NN					S		Nom	F
13015024	1	und	CCONJ	KON								
13015024	2	Schebanja	PROPN	NE					S		Nom	
13015024	3	und	CCONJ	KON								
13015024	4	Josaphat	PROPN	NE								
13015024	5	und	CCONJ	KON								
13015024	6	nethaneel	PROPN	NN					S		Nom	
13015024	7	und	CCONJ	KON								
13015024	8	Amasai	NOUN	NN					S		Nom	M
13015024	9	und	CCONJ	KON								
13015024	10	Sekarja	PROPN	NN					S		Nom	
13015024	11	und	CCONJ	KON								
13015024	12	Benaja	PROPN	NE					S		Nom	
13015024	13	und	CCONJ	KON								
13015024	14	Elieser	PROPN	NE					S		Nom	
13015024	15	der	DET	ART					S		Nom	F
13015024	16	Priester	NOUN	NN					P		Nom	M
13015024	17	schmettern	VERB	VVFIN		Fin	Past	3	P	Ind		
13015024	18	mit	ADP	APPR								
13015024	19	der	DET	ART					S		Acc	M
13015024	20	Trompet	NOUN	NN					P		Nom	F
13015024	21	vor	ADP	APPR								
13015024	22	der	DET	ART					S		Nom	M
13015024	23	lade	NOUN	NN					S		Nom	F
13015024	24	Gott	NOUN	NN					S		Gen	M
13015024	25	her	ADV	ADV								
13015024	26	und	CCONJ	KON								
13015024	27	Obed-Edom	NOUN	NN					S		Nom	M
13015024	28	und	CCONJ	KON								
13015024	29	Jechija	PROPN	NE					S		Nom	
13015024	30	sein	AUX	VAFIN		Fin	Past	3	P	Ind		
13015024	31	Torhüter	NOUN	NN					S		Nom	M
13015024	32	der	DET	ART					S		Nom	M
13015024	33	lade	NOUN	NN					S		Nom	F
13015025	1	und	CCONJ	KON								
13015025	2	so	ADV	ADV								
13015025	3	ziehen	VERB	VVFIN		Fin	Past	3	P	Ind		
13015025	4	David	PROPN	NE					S		Nom	M
13015025	5	und	CCONJ	KON								
13015025	6	der	DET	ART					S		Nom	F
13015025	7	Ältesten	NOUN	NN					P		Nom	M
13015025	8	von	ADP	APPR								
13015025	9	Israel	PROPN	NE					S		Nom	N
13015025	10	und	CCONJ	KON								
13015025	11	der	DET	ART					S		Nom	F
13015025	12	oberer	ADJ	ADJA	Sup				S		Dat	F
13015025	13	über	ADP	APPR								
13015025	14	tausend	NUM	CARD								
13015025	15	hin	ADV	ADV								
13015025	16	um	ADP	APPR								
13015025	17	der	DET	ART					S		Nom	F
13015025	18	lade	NOUN	NN					S		Nom	F
13015025	19	der	DET	ART					S		Gen	M
13015025	20	Bund	NOUN	NN					S		Gen	M
13015025	21	Jahwe	PROPN	NE					S		Gen	
13015025	22	aus	ADP	PTKVZ								
13015025	23	der	DET	ART					S		Dat	M
13015025	24	Haus	NOUN	NN					P		Nom	N
13015025	25	Obed-Edom	PROPN	NE					S		Nom	M
13015025	26	Heraufzuhole	VERB	VVINF		Inf						
13015025	27	mit	ADP	APPR								
13015025	28	Freude	NOUN	NN					P		Nom	F
13015026	1	und	CCONJ	KON								
13015026	2	es	PRON	PPER				3	S		Nom	N
13015026	3	geschehen	VERB	VVFIN		Fin	Past	3	S	Ind		
13015026	4	da	ADV	ADV								
13015026	5	Gott	NOUN	NN					S		Nom	M
13015026	6	der	DET	ART					S		Acc	M
13015026	7	Levit	NOUN	NN					P		Nom	M
13015026	8	helfen	VERB	VVFIN		Fin	Past	3	S	Ind		
13015026	9	welcher	DET	PWAT					S		Nom	F
13015026	10	der	DET	ART					S		Nom	F
13015026	11	lade	NOUN	NN					S		Nom	F
13015026	12	der	DET	ART					S		Gen	M
13015026	13	Bund	NOUN	NN					S		Gen	M
13015026	14	Jahwe	PROPN	NE					S		Gen	
13015026	15	tragen	VERB	VVFIN		Fin	Past	3	P	Ind		
13015026	16	so	ADV	ADV								
13015026	17	opfern	VERB	VVFIN		Fin	Past	3	P	Ind		
13015026	18	sie	PRON	PPER				3	P		Nom	
13015026	19	sieben	NUM	CARD								
13015026	20	Farr	NOUN	NN					P		Nom	M
13015026	21	und	CCONJ	KON								
13015026	22	sieben	NUM	CARD								
13015026	23	Widder	NOUN	NN					S		Nom	M
13015027	1	und	CCONJ	KON								
13015027	2	David	PROPN	NE					S		Nom	M
13015027	3	sein	AUX	VAFIN		Fin	Past	3	S	Ind		
13015027	4	antun	VERB	VVPP		Part						
13015027	5	mit	ADP	APPR								
13015027	6	ein	DET	ART					S		Dat	M
13015027	7	Oberkleide	NOUN	NN					P		Nom	N
13015027	8	von	ADP	APPR								
13015027	9	Byssus	PROPN	NE					S		Nom	
13015027	10	ebenso	ADV	ADV								
13015027	11	aller	PRON	PIS					P		Nom	
13015027	12	Levit	NOUN	NN					P		Nom	M
13015027	13	welcher	DET	PWAT					S		Nom	F
13015027	14	der	DET	ART					S		Nom	F
13015027	15	lade	NOUN	NN					S		Nom	F
13015027	16	tragen	VERB	VVFIN		Fin	Past	3	P	Ind		
13015027	17	und	CCONJ	KON								
13015027	18	der	DET	ART					S		Nom	F
13015027	19	Sänger	NOUN	NN					P		Nom	M
13015027	20	und	CCONJ	KON								
13015027	21	Kenanja	PROPN	NE					S		Nom	
13015027	22	der	DET	ART					S		Nom	M
13015027	23	Anführer	NOUN	NN					S		Nom	M
13015027	24	der	DET	ART					S		Gen	M
13015027	25	Gesange	NOUN	NN					S		Gen	M
13015027	26	der	DET	ART					S		Nom	M
13015027	27	Sänger	NOUN	NN					P		Nom	M
13015027	28	und	CCONJ	KON								
13015027	29	David	PROPN	NE					S		Nom	M
13015027	30	tragen	VERB	VVFIN		Fin	Past	3	S	Ind		
13015027	31	ein	DET	ART					S		Nom	N
13015027	32	Leinene	PROPN	VVFIN					S		Gen	N
13015027	33	Ephod	NOUN	NN					S		Nom	F
13015028	1	und	CCONJ	KON								
13015028	2	ganz	ADV	ADV								
13015028	3	Israel	PROPN	NE					S		Nom	N
13015028	4	bringen	VERB	VVFIN		Fin	Past	3	S	Ind		
13015028	5	der	DET	ART					S		Nom	F
13015028	6	lade	NOUN	NN					S		Nom	F
13015028	7	der	DET	ART					S		Gen	M
13015028	8	Bund	NOUN	NN					S		Gen	M
13015028	9	Jahwe	PROPN	NE					S		Gen	
13015028	10	hinauf	ADV	PTKVZ								
13015028	11	mit	ADP	APPR								
13015028	12	jauchzen	NOUN	NN					S		Nom	N
13015028	13	und	CCONJ	KON								
13015028	14	mit	ADP	APPR								
13015028	15	Posaunenschall	NOUN	NN					S		Nom	M
13015028	16	und	CCONJ	KON								
13015028	17	mit	ADP	APPR								
13015028	18	Trompet	NOUN	NN					P		Nom	F
13015028	19	und	CCONJ	KON								
13015028	20	mit	ADP	APPR								
13015028	21	Cymbel	NOUN	NN					P		Nom	F
13015028	22	laut	ADP	APPR								
13015028	23	spielend	ADV	ADJD	Pos							
13015028	24	mit	ADP	APPR								
13015028	25	Harfe	NOUN	NN					P		Nom	F
13015028	26	und	CCONJ	KON								
13015028	27	Laut	NOUN	NN					S		Nom	N
13015029	1	und	CCONJ	KON								
13015029	2	es	PRON	PPER				3	S		Nom	N
13015029	3	geschehen	VERB	VVFIN		Fin	Past	3	S	Ind		
13015029	4	als	ADP	KOKOM								
13015029	5	der	DET	ART					S		Nom	F
13015029	6	lade	NOUN	NN					S		Nom	F
13015029	7	der	DET	ART					S		Gen	M
13015029	8	Bund	NOUN	NN					S		Gen	M
13015029	9	Jahwe	PROPN	NE					S		Gen	
13015029	10	in	ADP	APPR								
13015029	11	der	DET	ART					S		Nom	F
13015029	12	Stadt	NOUN	NN					S		Nom	F
13015029	13	David	PROPN	NE					S		Gen	M
13015029	14	kommen	VERB	VVFIN		Fin	Past	3	S	Ind		
13015029	15	da	ADV	ADV								
13015029	16	schauen	VERB	VVFIN		Fin	Past	3	S	Ind		
13015029	17	Michal	PROPN	NE					S		Nom	M
13015029	18	der	DET	ART					S		Nom	F
13015029	19	Tochter	NOUN	NN					S		Nom	F
13015029	20	Saul	PROPN	NE					S		Gen	M
13015029	21	durch	ADP	APPRART					S		Acc	N
13015029	22	Fenster	NOUN	NN					S		Nom	N
13015029	23	und	CCONJ	KON								
13015029	24	sie	PRON	PPER				3	P		Nom	
13015029	25	sehen	VERB	VVFIN		Fin	Past	3	S	Ind		
13015029	26	der	DET	ART					S		Acc	M
13015029	27	König	NOUN	NN					S		Nom	M
13015029	28	David	PROPN	NE					S		Nom	M
13015029	29	hüpfen	VERB	VVINF		Inf						
13015029	30	und	CCONJ	KON								
13015029	31	spielen	VERB	VVFIN		Fin	Pres	3	P	Ind		
13015029	32	und	CCONJ	KON								
13015029	33	sie	PRON	PPER				3	P		Nom	
13015029	34	verachten	VERB	ADJA		Fin	Past	3	S	Ind		
13015029	35	ihn	PRON	PPER				3	S		Acc	M
13015029	36	in	ADP	APPR								
13015029	37	ihr	DET	PPOSAT					S		Dat	N
13015029	38	Herz	NOUN	NN					S		Nom	N
13016001	1	und	CCONJ	KON								
13016001	2	sie	PRON	PPER				3	P		Nom	
13016001	3	bringen	VERB	VVFIN		Fin	Past	3	P	Ind		
13016001	4	der	DET	ART					S		Nom	F
13016001	5	lade	NOUN	NN					S		Nom	F
13016001	6	Gott	NOUN	NN					S		Gen	M
13016001	7	hinein	ADV	PTKVZ								
13016001	8	und	CCONJ	KON								
13016001	9	stellen	VERB	VVFIN		Fin	Past	3	P	Ind		
13016001	10	sie	PRON	PPER				3	P		Nom	
13016001	11	innerhalb	ADP	APPR								
13016001	12	der	DET	ART					S		Gen	M
13016001	13	Zelt	NOUN	NN					S		Nom	N
13016001	14	der	DET	ART					S		Nom	N
13016001	15	David	PROPN	NE					S		Nom	M
13016001	16	für	ADP	APPR								
13016001	17	sie	PRON	PPER				3	P		Nom	
13016001	18	aufschlagen	VERB	VVPP		Part						
13016001	19	haben	AUX	VAFIN		Fin	Past	3	S	Ind		
13016001	20	und	CCONJ	KON								
13016001	21	sie	PRON	PPER				3	P		Nom	
13016001	22	bringen	VERB	VVFIN		Fin	Past	3	P	Ind		
13016001	23	Brandopfer	NOUN	NN					S		Nom	M
13016001	24	und	CCONJ	KON								
13016001	25	Friedensopfer	NOUN	NN					P		Nom	M
13016001	26	dar	ADV	PTKVZ								
13016001	27	vor	ADP	APPR								
13016001	28	Gott	NOUN	NN					S		Nom	M
13016002	1	und	CCONJ	KON								
13016002	2	als	ADP	KOKOM								
13016002	3	David	PROPN	NE					S		Nom	M
13016002	4	der	DET	ART					S		Nom	N
13016002	5	Opfer	NOUN	NN					P		Dat	N
13016002	6	der	DET	ART					S		Nom	M
13016002	7	Brandopfer	NOUN	NN					S		Nom	M
13016002	8	und	CCONJ	KON								
13016002	9	der	DET	ART					S		Nom	M
13016002	10	Friedensopfer	NOUN	NN					P		Nom	M
13016002	11	beendigen	VERB	VVPP		Part						
13016002	12	haben	AUX	VAFIN		Fin	Past	3	S	Ind		
13016002	13	segnen	VERB	VVFIN		Fin	Past	3	S	Ind		
13016002	14	er	PRON	PPER				3	S		Nom	M
13016002	15	der	DET	ART					S		Nom	N
13016002	16	Volk	NOUN	NN					S		Nom	N
13016002	17	in	ADP	APPRART					S		Dat	N
13016002	18	Name	NOUN	NN					P		Nom	M
13016002	19	Jahwe	PROPN	NE					S		Gen	
13016003	1	und	CCONJ	KON								
13016003	2	er	PRON	PPER				3	S		Nom	M
13016003	3	verteiln	VERB	VVFIN		Fin	Past	3	S	Ind		
13016003	4	an	ADP	PTKVZ								
13016003	5	ganz	ADV	ADV								
13016003	6	Israel	PROPN	NE					S		Nom	N
13016003	7	von	ADP	APPRART					S		Dat	N
13016003	8	Manne	NOUN	NN					S		Nom	M
13016003	9	bis	CCONJ	KON								
13016003	10	zu	ADP	APPRART					S		Dat	N
13016003	11	Weibe	NOUN	NN					S		Nom	F
13016003	12	an	ADP	PTKVZ								
13016003	13	jeder	DET	PIS					S		Acc	M
13016003	14	ein	DET	ART					S		Acc	M
13016003	15	Laib	NOUN	NN					S		Nom	M
13016003	16	Brot	NOUN	NN					S		Nom	N
13016003	17	und	CCONJ	KON								
13016003	18	ein	DET	ART					S		Acc	M
13016003	19	Trunk	NOUN	NN					S		Nom	M
13016003	20	Wein	NOUN	NN					S		Nom	M
13016003	21	und	CCONJ	KON								
13016003	22	ein	DET	ART					S		Acc	M
13016003	23	rosinenkuchen	NOUN	NN					S		Nom	N
13016004	1	und	CCONJ	KON								
13016004	2	er	PRON	PPER				3	S		Nom	M
13016004	3	bestellen	VERB	VVFIN		Fin	Past	3	S	Ind		
13016004	4	vor	ADP	APPR								
13016004	5	der	DET	ART					S		Nom	F
13016004	6	lade	NOUN	NN					S		Nom	F
13016004	7	Jahwe	PROPN	NE					S		Gen	
13016004	8	einiger	PRON	PIS					P		Nom	
13016004	9	von	ADP	APPR								
13016004	10	der	DET	ART					S		Acc	M
13016004	11	Levit	NOUN	NN					P		Nom	M
13016004	12	als	ADP	KOKOM								
13016004	13	Diener	NOUN	NN					P		Nom	M
13016004	14	daß	SCONJ	KOUS								
13016004	15	sie	PRON	PPER				3	P		Nom	
13016004	16	Jahwe	PROPN	NE					S		Gen	
13016004	17	der	DET	ART					S		Gen	M
13016004	18	Gott	NOUN	NN					S		Gen	M
13016004	19	Israel	PROPN	NE					S		Gen	N
13016004	20	gedächt	NOUN	NN					P		Nom	F
13016004	21	und	CCONJ	KON								
13016004	22	ihn	PRON	PPER				3	S		Acc	M
13016004	23	Priese	VERB	NN		Fin	Past	3	P	Ind		
13016004	24	und	CCONJ	KON								
13016004	25	rühmen	VERB	VVFIN		Fin	Past	3	P	Ind		
13016005	1	Asaph	PROPN	NE					S		Nom	
13016005	2	der	DET	ART					S		Nom	N
13016005	3	Haupt	NOUN	NN					S		Nom	N
13016005	4	und	CCONJ	KON								
13016005	5	Sekarja	PROPN	NN					S		Nom	
13016005	6	der	DET	ART					S		Acc	M
13016005	7	zweiter	ADJ	ADJA	Pos				S		Dat	M
13016005	8	nach	ADP	APPR								
13016005	9	ihm	PRON	PPER				3	S		Dat	M
13016005	10	Jeghiel	PROPN	NN					S		Nom	N
13016005	11	und	CCONJ	KON								
13016005	12	Schemiramoth	NOUN	NN					S		Nom	F
13016005	13	und	CCONJ	KON								
13016005	14	Jeghiel	PROPN	NN					S		Nom	N
13016005	15	und	CCONJ	KON								
13016005	16	Mattithja	PROPN	NE					S		Nom	
13016005	17	und	CCONJ	KON								
13016005	18	Eliab	NOUN	NN					S		Nom	F
13016005	19	und	CCONJ	KON								
13016005	20	Benaja	PROPN	NE					S		Nom	
13016005	21	und	CCONJ	KON								
13016005	22	Obed-Edom	NOUN	NN					S		Nom	M
13016005	23	und	CCONJ	KON								
13016005	24	Jeghiel	PROPN	NN					S		Nom	N
13016005	25	mit	ADP	APPR								
13016005	26	Harfinstrumenten	NOUN	NN					P		Nom	M
13016005	27	und	CCONJ	KON								
13016005	28	mit	ADP	APPR								
13016005	29	Laut	NOUN	NN					S		Nom	N
13016005	30	und	CCONJ	KON								
13016005	31	Asaph	PROPN	NE					S		Nom	
13016005	32	mit	ADP	APPR								
13016005	33	Cymbel	NOUN	NN					P		Nom	F
13016005	34	laut	ADP	APPR								
13016005	35	klingend	ADV	ADJD	Pos							
13016006	1	und	CCONJ	KON								
13016006	2	Benaja	PROPN	NE					S		Nom	
13016006	3	und	CCONJ	KON								
13016006	4	Jachasiel	NOUN	NN					S		Nom	N
13016006	5	der	DET	ART					S		Nom	F
13016006	6	Priester	NOUN	NN					P		Nom	M
13016006	7	mit	ADP	APPR								
13016006	8	Trompet	NOUN	NN					P		Nom	F
13016006	9	beständig	ADV	ADJD	Pos							
13016006	10	vor	ADP	APPR								
13016006	11	der	DET	ART					S		Nom	M
13016006	12	lade	NOUN	NN					S		Nom	F
13016006	13	der	DET	ART					S		Gen	M
13016006	14	Bund	NOUN	NN					S		Gen	M
13016006	15	Gott	NOUN	NN					S		Gen	M
13016007	1	damals	ADV	ADV								
13016007	2	an	ADP	PTKVZ								
13016007	3	jener	DET	PDAT					S		Dat	N
13016007	4	Tag	NOUN	NN					P		Nom	M
13016007	5	tragen	VERB	VVFIN		Fin	Past	3	S	Ind		
13016007	6	David	PROPN	NE					S		Nom	M
13016007	7	zu	ADP	APPRART					S		Dat	N
13016007	8	erster	ADJ	ADJA	Pos				S		Dat	M
13016007	9	Mal	NOUN	NN					P		Nom	N
13016007	10	Asaph	PROPN	NE					S		Nom	
13016007	11	und	CCONJ	KON								
13016007	12	sein	DET	PPOSAT					S		Acc	M
13016007	13	Brüdern	NOUN	NN					P		Dat	M
13016007	14	auf	ADP	PTKVZ								
13016007	15	Jahwe	NOUN	NN					S		Nom	M
13016007	16	zu	ADP	PTKVZ								
13016007	17	preisen	VERB	VVFIN		Fin	Pres	3	P	Ind		
13016008	1	Preiset	PROPN	NE					S		Nom	F
13016008	2	Jahwe	NOUN	NN					S		Nom	M
13016008	3	Rufet	NOUN	NN					S		Nom	N
13016008	4	sein	DET	PPOSAT					S		Acc	M
13016008	5	Name	NOUN	NN					P		Nom	M
13016008	6	an	ADP	PTKVZ								
13016008	7	Machet	VERB	VVFIN		Fin	Pres	3	S	Ind		
13016008	8	kund	ADV	PTKVZ								
13016008	9	unter	ADP	APPR								
13016008	10	der	DET	ART					S		Acc	M
13016008	11	Volk	NOUN	NN					P		Dat	N
13016008	12	sein	DET	PPOSAT					S		Nom	F
13016008	13	Tat	NOUN	NN					P		Nom	F
13016009	1	Singet	NOUN	NN					S		Nom	N
13016009	2	ihm	PRON	PPER				3	S		Dat	M
13016009	3	Singet	NOUN	NN					S		Nom	N
13016009	4	ihm	PRON	PPER				3	S		Dat	M
13016009	5	Psalme	NOUN	NN					P		Nom	F
13016009	6	sinnen	VERB	VVFIN		Fin	Pres	3	S	Ind		
13016009	7	über	ADP	APPR								
13016009	8	aller	PRON	PIS					P		Nom	
13016009	9	sein	DET	PPOSAT					S		Nom	F
13016009	10	Wunderwerk	NOUN	NN					P		Nom	N
13016010	1	Rühmet	NOUN	NN					S		Nom	N
13016010	2	euch	PRON	PPER				2	P		Dat	
13016010	3	sein	DET	PPOSAT					S		Gen	M
13016010	4	heilig	ADJ	ADJA	Pos				S		Acc	M
13016010	5	Name	NOUN	NN					S		Gen	M
13016010	6	es	PRON	PPER				3	S		Nom	N
13016010	7	freuen	VERB	VVFIN		Fin	Pres	3	S	Sub		
13016010	8	sich	PRON	PRF				3	S		Acc	
13016010	9	der	DET	ART					S		Nom	N
13016010	10	Herz	NOUN	NN					S		Nom	N
13016010	11	der	PRON	PDS					P		Gen	
13016010	12	der	DET	ART					S		Nom	F
13016010	13	Jahwe	NOUN	NN					S		Nom	M
13016010	14	suchen	VERB	VVINF		Inf						
13016011	1	Trachten	VERB	VVPP		Fin	Pres	3	S	Ind		
13016011	2	nach	ADP	APPR								
13016011	3	Jahwe	NOUN	NN					S		Nom	M
13016011	4	und	CCONJ	KON								
13016011	5	sein	DET	PPOSAT					S		Dat	F
13016011	6	Stärke	NOUN	NN					S		Nom	F
13016011	7	sucheen	VERB	VVFIN		Fin	Pres	3	S	Ind		
13016011	8	sein	AUX	VAINF		Inf						
13016011	9	Angesicht	NOUN	NN					S		Nom	F
13016011	10	beständig	ADV	ADJD	Pos							
13016012	1	Gedenket	PROPN	NN					S		Nom	
13016012	2	sein	DET	PPOSAT					S		Dat	F
13016012	3	Wunderwerk	NOUN	NN					P		Nom	N
13016012	4	der	DET	ART					S		Nom	F
13016012	5	er	PRON	PPER				3	S		Nom	M
13016012	6	tun	VERB	VVPP		Part						
13016012	7	haben	AUX	VAFIN		Fin	Pres	3	S	Ind		
13016012	8	sein	DET	PPOSAT					S		Dat	F
13016012	9	Wunderzeichen	NOUN	NN					P		Nom	N
13016012	10	und	CCONJ	KON								
13016012	11	der	DET	ART					S		Nom	M
13016012	12	Gericht	NOUN	NN					P		Nom	N
13016012	13	sein	DET	PPOSAT					S		Gen	M
13016012	14	Munde	PROPN	NE					S		Gen	
13016013	1	du	PRON	PPER				2	S		Nom	
13016013	2	Same	NOUN	NN					S		Nom	F
13016013	3	Israel	PROPN	NE					S		Gen	N
13016013	4	sein	AUX	VAINF		Inf						
13016013	5	Knecht	NOUN	NN					S		Nom	M
13016013	6	ihr	PRON	PPOSAT				3	S		Dat	F
13016013	7	Sohn	NOUN	NN					P		Nom	M
13016013	8	Jakobs	PROPN	NE					S		Nom	M
13016013	9	sein	DET	PPOSAT					S		Nom	F
13016013	10	auserwählter	NOUN	NN					P		Nom	
13016014	1	er	PRON	PPER				3	S		Nom	M
13016014	2	Jahwe	NOUN	NN					S		Nom	M
13016014	3	sein	AUX	VAFIN		Fin	Pres	3	S	Ind		
13016014	4	unser	DET	PPOSAT					S		Nom	N
13016014	5	Gott	NOUN	NN					S		Nom	M
13016014	6	sein	DET	PPOSAT					S		Nom	F
13016014	7	Gericht	NOUN	NN					P		Nom	N
13016014	8	sein	AUX	VAFIN		Fin	Pres	3	P	Ind		
13016014	9	auf	ADP	PTKVZ								
13016014	10	der	DET	ART					S		Nom	M
13016014	11	ganz	PRON	ADJA					S		Nom	M
13016014	12	Erde	NOUN	NN					S		Nom	F
13016015	1	Gedenket	PROPN	NN					S		Nom	
13016015	2	ewiglich	ADV	ADJD	Pos							
13016015	3	sein	DET	PPOSAT					S		Gen	M
13016015	4	Bund	NOUN	NN					S		Gen	M
13016015	5	der	DET	ART					S		Gen	M
13016015	6	Wort	NOUN	NN					S		Gen	N
13016015	7	der	DET	ART					S		Nom	N
13016015	8	er	PRON	PPER				3	S		Nom	M
13016015	9	gebieten	VERB	VVPP		Part						
13016015	10	haben	AUX	VAFIN		Fin	Pres	3	S	Ind		
13016015	11	auf	ADP	PTKVZ								
13016015	12	tausend	NUM	CARD								
13016015	13	Geschlecht	NOUN	NN					P		Nom	N
13016015	14	hin	ADV	ADV								
13016016	1	der	DET	ART					S		Acc	M
13016016	2	er	PRON	PPER				3	S		Nom	M
13016016	3	machen	VERB	VVPP		Part						
13016016	4	haben	AUX	VAFIN		Fin	Pres	3	S	Ind		
13016016	5	mit	ADP	APPR								
13016016	6	Abraham	PROPN	NE					S		Nom	M
13016016	7	und	CCONJ	KON								
13016016	8	sein	DET	PPOSAT					S		Gen	M
13016016	9	Eid	PROPN	NN					S		Gen	M
13016016	10	der	DET	ART					S		Acc	M
13016016	11	er	PRON	PPER				3	S		Nom	M
13016016	12	Isaak	PROPN	NE					S		Nom	M
13016016	13	geschworen	VERB	VVPP		Part						
13016016	14	haben	AUX	VAFIN		Fin	Pres	3	S	Ind		
13016017	1	und	CCONJ	KON								
13016017	2	er	PRON	PPER				3	S		Nom	M
13016017	3	stellen	VERB	VVFIN		Fin	Past	3	S	Ind		
13016017	4	ihn	PRON	PPER				3	S		Acc	M
13016017	5	Jakob	PROPN	NE					S		Nom	M
13016017	6	zu	ADP	APPRART					S		Dat	F
13016017	7	Satzung	NOUN	NN					S		Nom	F
13016017	8	Israel	PROPN	NE					S		Nom	N
13016017	9	zu	ADP	APPRART					S		Dat	N
13016017	10	ewig	ADJ	ADJA	Pos				S		Acc	M
13016017	11	Bund	NOUN	NN					S		Nom	M
13016018	1	indem	SCONJ	KOUS								
13016018	2	er	PRON	PPER				3	S		Nom	M
13016018	3	sprechen	VERB	VVFIN		Fin	Past	3	S	Ind		
13016018	4	dir	PRON	PPER				2	S		Dat	
13016018	5	wollen	AUX	VMFIN		Fin	Pres	3	S	Ind		
13016018	6	ich	PRON	PPER				1	S		Nom	
13016018	7	der	DET	ART					S		Nom	N
13016018	8	Land	NOUN	NN					S		Nom	N
13016018	9	Kanaan	PROPN	NE					S		Nom	M
13016018	10	geben	VERB	VVINF		Inf						
13016018	11	als	ADP	KOKOM								
13016018	12	Schnur	NOUN	NN					S		Nom	F
13016018	13	eures	DET	PPOSAT					S		Nom	N
13016018	14	Erbteil	NOUN	NN					S		Gen	M
13016019	1	als	ADP	KOKOM								
13016019	2	ihr	PRON	PPOSAT				3	S		Dat	F
13016019	3	ein	DET	ART					S		Nom	N
13016019	4	zählbar	ADJ	ADJA	Pos				S		Nom	N
13016019	5	Häuflein	NOUN	NN					S		Nom	N
13016019	6	Waret	VERB	VAFIN		Fin	Past	2	P	Ind		
13016019	7	gar	ADV	ADV								
13016019	8	weniger	PRON	PIS					P		Nom	
13016019	9	und	CCONJ	KON								
13016019	10	Fremdling	NOUN	NN					P		Nom	M
13016019	11	darin	ADV	PROAV								
13016020	1	und	CCONJ	KON								
13016020	2	sie	PRON	PPER				3	P		Nom	
13016020	3	wandern	VERB	VVFIN		Fin	Past	3	P	Ind		
13016020	4	von	ADP	APPR								
13016020	5	Nation	NOUN	NN					S		Nom	F
13016020	6	zu	ADP	PTKVZ								
13016020	7	Nation	NOUN	NN					S		Nom	F
13016020	8	und	CCONJ	KON								
13016020	9	von	ADP	APPR								
13016020	10	ein	DET	ART					S		Dat	M
13016020	11	Reiche	PROPN	NE					S		Nom	M
13016020	12	zu	ADP	PTKVZ								
13016020	13	ein	DET	ART					S		Dat	M
13016020	14	anderer	PRON	PIS					P		Dat	
13016020	15	Volke	NOUN	NN					S		Nom	M
13016021	1	er	PRON	PPER				3	S		Nom	M
13016021	2	lassen	VERB	VVFIN		Fin	Past	3	S	Ind		
13016021	3	niemand	PRON	PIS					S		Nom	M
13016021	4	zu	ADP	PTKVZ								
13016021	5	sie	PRON	PPER				3	P		Nom	
13016021	6	zu	ADP	PTKVZ								
13016021	7	bedrücken	VERB	VVFIN		Fin	Pres	3	P	Ind		
13016021	8	und	CCONJ	KON								
13016021	9	ihretwegen	ADV	PROAV								
13016021	10	strafen	VERB	VVFIN		Fin	Pres	3	S	Sub		
13016021	11	er	PRON	PPER				3	S		Nom	M
13016021	12	König	NOUN	NN					P		Nom	M
13016022	1	Tastet	NOUN	NN					P		Nom	F
13016022	2	mein	DET	PPOSAT					S		Nom	F
13016022	3	gesalbter	NOUN	NN					P		Nom	
13016022	4	nicht	PART	PTKNEG								
13016022	5	an	ADP	PTKVZ								
13016022	6	und	CCONJ	KON								
13016022	7	meinen	VERB	VVFIN		Fin	Pres	3	P	Ind		
13016022	8	Prophet	NOUN	NN					P		Nom	M
13016022	9	tun	VERB	VVFIN		Fin	Pres	3	S	Ind		
13016022	10	nichts	PRON	PIS								N
13016022	11	Übles	PROPN	NE					S		Nom	M
13016023	1	Singet	NOUN	NN					S		Nom	N
13016023	2	Jahwe	NOUN	NN					S		Nom	M
13016023	3	ganz	ADJ	ADJA	Pos				S		Nom	F
13016023	4	Erde	NOUN	NN					S		Nom	F
13016023	5	Verkündet	VERB	VVPP		Part						
13016023	6	von	ADP	APPR								
13016023	7	Tag	NOUN	NN					S		Nom	M
13016023	8	zu	ADP	PTKVZ								
13016023	9	Tag	NOUN	NN					S		Nom	M
13016023	10	sein	DET	PPOSAT					S		Nom	F
13016023	11	Rettung	NOUN	NN					S		Nom	F
13016024	1	Erzählet	PROPN	NE					S		Nom	
13016024	2	unter	ADP	APPR								
13016024	3	der	DET	ART					S		Acc	M
13016024	4	Nation	NOUN	NN					P		Nom	F
13016024	5	sein	DET	PPOSAT					S		Nom	F
13016024	6	Herrlichkeit	NOUN	NN					S		Nom	F
13016024	7	unter	ADP	APPR								
13016024	8	aller	DET	PIS					P		Dat	
13016024	9	Volk	NOUN	NN					P		Dat	N
13016024	10	sein	DET	PPOSAT					S		Nom	F
13016024	11	Wundertat	NOUN	NN					P		Nom	F
13016025	1	denn	CCONJ	KON								
13016025	2	groß	ADV	ADJD	Pos							
13016025	3	sein	AUX	VAFIN		Fin	Pres	3	S	Ind		
13016025	4	Jahwe	NOUN	NN					S		Nom	M
13016025	5	und	CCONJ	KON								
13016025	6	sehr	ADV	ADV								
13016025	7	zu	ADP	PTKVZ								
13016025	8	loben	VERB	VVINF		Inf						
13016025	9	und	CCONJ	KON								
13016025	10	furchtbar	ADV	ADJD	Pos							
13016025	11	sein	AUX	VAFIN		Fin	Pres	3	S	Ind		
13016025	12	er	PRON	PPER				3	S		Nom	M
13016025	13	über	ADP	APPR								
13016025	14	aller	PRON	PIS					P		Nom	
13016025	15	Götter	NOUN	NN					P		Nom	M
13016026	1	denn	CCONJ	KON								
13016026	2	aller	PRON	PIS					P		Nom	
13016026	3	Götter	NOUN	NN					P		Nom	M
13016026	4	der	DET	ART					S		Nom	M
13016026	5	Volk	NOUN	NN					P		Nom	N
13016026	6	sein	AUX	VAFIN		Fin	Pres	3	P	Ind		
13016026	7	Nichtigkeit	NOUN	NN					P		Nom	F
13016026	8	aber	CCONJ	KON								
13016026	9	Jahwe	NOUN	NN					S		Nom	M
13016026	10	haben	AUX	VAFIN		Fin	Pres	3	S	Ind		
13016026	11	der	DET	ART					S		Nom	F
13016026	12	Himmel	NOUN	NN					S		Nom	M
13016026	13	machen	VERB	VVPP		Part						
13016027	1	Majestät	NOUN	NN					S		Nom	F
13016027	2	und	CCONJ	KON								
13016027	3	Pracht	NOUN	NN					S		Nom	F
13016027	4	sein	AUX	VAFIN		Fin	Pres	3	P	Ind		
13016027	5	vor	ADP	APPR								
13016027	6	sein	DET	PPOSAT					S		Dat	M
13016027	7	Angesicht	NOUN	NN					S		Nom	F
13016027	8	Stärke	NOUN	NN					S		Nom	F
13016027	9	und	CCONJ	KON								
13016027	10	Freude	NOUN	NN					S		Nom	F
13016027	11	in	ADP	APPR								
13016027	12	sein	DET	PPOSAT					S		Dat	F
13016027	13	Wohnstätte	NOUN	NN					S		Nom	F
13016028	1	Gebet	NOUN	NN					S		Nom	N
13016028	2	Jahwe	NOUN	NN					S		Nom	M
13016028	3	ihr	PRON	PPOSAT				3	S		Dat	F
13016028	4	Völkerstämm	NOUN	NN					P		Nom	N
13016028	5	Gebet	VERB	VVPP		Part						
13016028	6	Jahwe	NOUN	NN					S		Nom	M
13016028	7	Herrlichkeit	NOUN	NN					S		Nom	F
13016028	8	und	CCONJ	KON								
13016028	9	Stärke	NOUN	NN					S		Nom	F
13016029	1	Gebet	NOUN	NN					S		Nom	N
13016029	2	Jahwe	NOUN	NN					S		Nom	M
13016029	3	der	DET	ART					S		Nom	F
13016029	4	Herrlichkeit	NOUN	NN					S		Nom	F
13016029	5	sein	DET	PPOSAT					S		Gen	M
13016029	6	Name	NOUN	NN					S		Gen	M
13016029	7	Bringet	NOUN	VVFIN					S		Nom	N
13016029	8	ein	DET	ART					S		Nom	F
13016029	9	Opfergabe	NOUN	NN					S		Nom	F
13016029	10	und	CCONJ	KON								
13016029	11	kommet	VERB	VVFIN		Fin	Pres	3	S	Sub		
13016029	12	vor	ADP	APPR								
13016029	13	sein	AUX	VAINF		Inf						
13016029	14	Angesicht	NOUN	NN					S		Nom	F
13016029	15	beten	VERB	VVFIN		Fin	Pres	3	S	Ind		
13016029	16	Jahwe	NOUN	NN					S		Nom	M
13016029	17	an	ADP	PTKVZ								
13016029	18	in	ADP	APPR								
13016029	19	heilig	ADV	ADJA	Cmp							
13016029	20	Pracht	NOUN	NN					S		Nom	F
13016030	1	Erzittert	NOUN	NN					S		Nom	F
13016030	2	vor	ADP	APPR								
13016030	3	ihm	PRON	PPER				3	S		Dat	M
13016030	4	ganz	ADJ	ADJA	Pos				S		Nom	F
13016030	5	Erde	NOUN	NN					S		Nom	F
13016030	6	auch	ADV	ADV								
13016030	7	stehen	VERB	VVFIN		Fin	Pres	3	S	Ind		
13016030	8	der	DET	ART					S		Nom	M
13016030	9	Erdkreis	NOUN	NN					S		Nom	M
13016030	10	fest	ADV	PTKVZ								
13016030	11	er	PRON	PPER				3	S		Nom	M
13016030	12	werden	AUX	VAFIN		Fin	Pres	3	S	Ind		
13016030	13	nicht	PART	PTKNEG								
13016030	14	wanken	VERB	VVINF		Inf						
13016031	1	es	PRON	PPER				3	S		Nom	N
13016031	2	freuen	VERB	VVFIN		Fin	Pres	3	S	Sub		
13016031	3	sich	PRON	PRF				3	S		Acc	
13016031	4	der	DET	ART					S		Nom	M
13016031	5	Himmel	NOUN	NN					S		Nom	M
13016031	6	und	CCONJ	KON								
13016031	7	es	PRON	PPER				3	S		Nom	N
13016031	8	Frohlocke	NOUN	NN					P		Nom	M
13016031	9	der	DET	ART					S		Nom	F
13016031	10	Erde	NOUN	NN					S		Nom	F
13016031	11	und	CCONJ	KON								
13016031	12	man	PRON	PIS					S		Nom	
13016031	13	sprechen	VERB	VVFIN		Fin	Pres	3	S	Sub		
13016031	14	unter	ADP	APPR								
13016031	15	der	DET	ART					S		Acc	M
13016031	16	Nation	NOUN	NN					P		Nom	F
13016031	17	Jahwe	NOUN	NN					S		Nom	M
13016031	18	regieren	VERB	VVFIN		Fin	Pres	3	S	Ind		
13016032	1	es	PRON	PPER				3	S		Nom	N
13016032	2	Brause	ADV	ADV								
13016032	3	der	DET	ART					S		Nom	N
13016032	4	Meer	NOUN	NN					S		Nom	N
13016032	5	und	CCONJ	KON								
13016032	6	sein	DET	PPOSAT					S		Nom	F
13016032	7	Fülle	NOUN	NN					S		Nom	F
13016032	8	es	PRON	PPER				3	S		Nom	N
13016032	9	Frohlocke	NOUN	NN					P		Nom	M
13016032	10	der	DET	ART					S		Nom	N
13016032	11	Gefilde	NOUN	NN					P		Nom	N
13016032	12	und	CCONJ	KON								
13016032	13	alle	PRON	PIS					S		Nom	N
13016032	14	was	PRON	PWS					S		Nom	N
13016032	15	darauf	ADV	PROAV								
13016032	16	sein	AUX	VAFIN		Fin	Pres	3	S	Ind		
13016033	1	dann	ADV	ADV								
13016033	2	werden	AUX	VAFIN		Fin	Pres	3	P	Ind		
13016033	3	jubeln	VERB	VVINF		Inf						
13016033	4	der	DET	ART					S		Nom	F
13016033	5	Baum	NOUN	NN					P		Nom	M
13016033	6	der	DET	ART					S		Gen	M
13016033	7	Wald	NOUN	NN					P		Nom	M
13016033	8	vor	ADP	APPR								
13016033	9	Jahwe	NOUN	NN					S		Nom	M
13016033	10	denn	CCONJ	KON								
13016033	11	er	PRON	PPER				3	S		Nom	M
13016033	12	kommen	VERB	VVFIN		Fin	Pres	3	S	Ind		
13016033	13	der	DET	ART					S		Nom	F
13016033	14	Erde	NOUN	NN					S		Nom	F
13016033	15	zu	ADP	PTKVZ								
13016033	16	richten	VERB	VVFIN		Fin	Pres	3	P	Ind		
13016034	1	Preiset	PROPN	NE					S		Nom	F
13016034	2	Jahwe	NOUN	NN					S		Nom	M
13016034	3	denn	CCONJ	KON								
13016034	4	er	PRON	PPER				3	S		Nom	M
13016034	5	sein	AUX	VAFIN		Fin	Pres	3	S	Ind		
13016034	6	gütig	ADV	ADJD	Pos							
13016034	7	denn	CCONJ	KON								
13016034	8	sein	DET	PPOSAT					S		Nom	F
13016034	9	Güte	NOUN	NN					S		Nom	F
13016034	10	währen	VERB	VVFIN		Fin	Pres	3	S	Ind		
13016034	11	ewiglich	ADV	ADJD	Pos							
13016035	1	und	CCONJ	KON								
13016035	2	Sprechet	PROPN	NE					S		Nom	
13016035	3	Rette	NOUN	NN					S		Nom	F
13016035	4	uns	PRON	PPER				1	P		Acc	
13016035	5	Gott	NOUN	NN					S		Nom	M
13016035	6	unser	DET	PPOSAT					S		Dat	F
13016035	7	Rettung	NOUN	NN					S		Nom	F
13016035	8	und	CCONJ	KON								
13016035	9	sammlen	VERB	VVFIN		Fin	Pres	3	S	Sub		
13016035	10	und	CCONJ	KON								
13016035	11	befrei	ADJ	ADJA	Pos				S		Nom	F
13016035	12	uns	PRON	PPER				1	P		Acc	
13016035	13	aus	ADP	PTKVZ								
13016035	14	der	DET	ART					S		Acc	M
13016035	15	Nation	NOUN	NN					P		Nom	F
13016035	16	daß	SCONJ	KOUS								
13016035	17	wir	PRON	PPER				1	P		Nom	
13016035	18	dein	DET	PPOSAT					S		Acc	M
13016035	19	heilig	ADJ	ADJA	Pos				S		Acc	M
13016035	20	Name	NOUN	NN					P		Nom	M
13016035	21	preisen	VERB	VVFIN		Fin	Pres	3	P	Ind		
13016035	22	daß	SCONJ	KOUS								
13016035	23	wir	PRON	PPER				1	P		Nom	
13016035	24	uns	PRON	PPER				1	P		Acc	
13016035	25	rühmen	VERB	VVFIN		Fin	Pres	3	P	Ind		
13016035	26	dein	DET	PPOSAT					S		Gen	N
13016035	27	lobe	NOUN	NN					S		Nom	N
13016036	1	Gepriesen	ADV	ADJD	Pos							
13016036	2	sein	AUX	VAFIN		Fin	Pres	3	S	Sub		
13016036	3	Jahwe	NOUN	NN					S		Nom	M
13016036	4	der	DET	ART					S		Nom	M
13016036	5	Gott	NOUN	NN					S		Nom	M
13016036	6	Israel	PROPN	NE					S		Gen	N
13016036	7	von	ADP	APPR								
13016036	8	Ewigkeit	NOUN	NN					S		Nom	F
13016036	9	zu	ADP	PTKVZ								
13016036	10	Ewigkeit	NOUN	NN					S		Nom	F
13016036	11	und	CCONJ	KON								
13016036	12	alle	PRON	PIS					S		Nom	N
13016036	13	Volk	NOUN	NN					S		Nom	N
13016036	14	sprechen	VERB	VVFIN		Fin	Past	3	S	Ind		
13016036	15	Amen	NOUN	NN					S		Nom	N
13016036	16	und	CCONJ	KON								
13016036	17	loben	VERB	VVFIN		Fin	Past	3	S	Ind		
13016036	18	Jahwe	NOUN	NN					S		Nom	M
13016037	1	und	CCONJ	KON								
13016037	2	David	PROPN	NE					S		Nom	M
13016037	3	lassen	VERB	VVFIN		Fin	Past	3	S	Ind		
13016037	4	daselbst	ADV	PROAV								
13016037	5	vor	ADP	APPR								
13016037	6	der	DET	ART					S		Nom	M
13016037	7	lade	NOUN	NN					S		Nom	F
13016037	8	der	DET	ART					S		Gen	M
13016037	9	Bund	NOUN	NN					S		Gen	M
13016037	10	Jahwe	PROPN	NE					S		Gen	
13016037	11	Asaph	PROPN	NE					S		Nom	
13016037	12	und	CCONJ	KON								
13016037	13	sein	DET	PPOSAT					S		Nom	F
13016037	14	Bruder	NOUN	NN					P		Nom	M
13016037	15	um	ADP	APPR								
13016037	16	beständig	ADV	ADJD	Pos							
13016037	17	vor	ADP	APPR								
13016037	18	der	DET	ART					S		Nom	M
13016037	19	lade	NOUN	NN					S		Nom	F
13016037	20	zu	ADP	PTKVZ								
13016037	21	dienen	VERB	VVINF		Inf						
13016037	22	nach	ADP	APPR								
13016037	23	der	DET	ART					S		Nom	M
13016037	24	täglich	ADJ	ADJA	Pos				S		Acc	M
13016037	25	Gebühr	NOUN	NN					S		Nom	F
13016038	1	und	CCONJ	KON								
13016038	2	Obed-Edom	NOUN	NN					S		Nom	M
13016038	3	und	CCONJ	KON								
13016038	4	sein	DET	PPOSAT					S		Nom	F
13016038	5	Bruder	NOUN	NN					P		Nom	M
13016038	6	68	NUM	CARD								
13016038	7	und	CCONJ	KON								
13016038	8	Obed-Edom	NOUN	NN					S		Nom	M
13016038	9	der	DET	ART					S		Acc	M
13016038	10	Sohn	NOUN	NN					S		Nom	M
13016038	11	Jeduthuns	PROPN	NE					S		Nom	
13016038	12	und	CCONJ	KON								
13016038	13	Hosa	PROPN	NE					S		Nom	
13016038	14	als	ADP	KOKOM								
13016038	15	Torhüter	NOUN	NN					S		Nom	M
13016039	1	Zadok	NOUN	NE					P		Nom	M
13016039	2	der	DET	ART					S		Acc	M
13016039	3	Priester	NOUN	NN					P		Nom	M
13016039	4	aber	CCONJ	KON								
13016039	5	und	CCONJ	KON								
13016039	6	sein	DET	PPOSAT					S		Nom	F
13016039	7	Bruder	NOUN	NN					P		Nom	M
13016039	8	der	DET	ART					S		Nom	F
13016039	9	Priester	NOUN	NN					P		Nom	M
13016039	10	lassen	VERB	VVFIN		Fin	Past	3	S	Ind		
13016039	11	er	PRON	PPER				3	S		Nom	M
13016039	12	vor	ADP	APPR								
13016039	13	der	DET	ART					S		Nom	M
13016039	14	Wohnung	NOUN	NN					S		Nom	F
13016039	15	Jahwe	PROPN	NE					S		Gen	
13016039	16	auf	ADP	PTKVZ								
13016039	17	der	DET	ART					S		Nom	M
13016039	18	Höhe	NOUN	NN					S		Nom	F
13016039	19	der	DET	ART					S		Nom	F
13016039	20	zu	ADP	PTKVZ								
13016039	21	Gibeon	PROPN	NE								
13016039	22	sein	AUX	VAFIN		Fin	Pres	3	S	Ind		
13016040	1	um	ADP	APPR								
13016040	2	Jahwe	NOUN	NN					S		Nom	M
13016040	3	Brandopfer	NOUN	NN					S		Nom	M
13016040	4	zu	ADP	PTKVZ								
13016040	5	opfern	VERB	VVINF		Inf						
13016040	6	auf	ADP	PTKVZ								
13016040	7	der	DET	ART					S		Dat	M
13016040	8	Brandopferaltar	PROPN	NE					S		Nom	
13016040	9	beständig	ADV	ADJD	Pos							
13016040	10	der	DET	ART					S		Gen	M
13016040	11	morgens	ADV	ADV								
13016040	12	und	CCONJ	KON								
13016040	13	der	DET	ART					S		Gen	M
13016040	14	abends	ADV	ADV								
13016040	15	und	CCONJ	KON								
13016040	16	zwar	ADV	ADV								
13016040	17	nach	ADP	APPR								
13016040	18	alle	PRON	PIS					S		Dat	N
13016040	19	was	PRON	PWS					S		Nom	N
13016040	20	in	ADP	APPR								
13016040	21	der	DET	ART					S		Dat	M
13016040	22	Gesetz	NOUN	NN					S		Nom	N
13016040	23	Jahwe	PROPN	NE					S		Gen	
13016040	24	schreiben	VERB	VVPP		Part						
13016040	25	stehen	VERB	VVFIN		Fin	Pres	3	S	Ind		
13016040	26	der	DET	ART					S		Nom	N
13016040	27	er	PRON	PPER				3	S		Nom	M
13016040	28	Israel	PROPN	NE					S		Nom	N
13016040	29	gebieten	VERB	VVPP		Part						
13016040	30	haben	AUX	VAFIN		Fin	Pres	3	S	Ind		
13016041	1	und	CCONJ	KON								
13016041	2	mit	ADP	APPR								
13016041	3	ihnen	PRON	PPER				3	P		Dat	
13016041	4	Heman	PROPN	NE					S		Nom	
13016041	5	und	CCONJ	KON								
13016041	6	Jeduthun	PROPN	NE					S		Nom	
13016041	7	und	CCONJ	KON								
13016041	8	der	DET	ART					S		Nom	F
13016041	9	übrig	ADJ	ADJA	Pos				S		Dat	N
13016041	10	Auserlesen	NOUN	NN					S		Nom	N
13016041	11	welcher	DET	PWAT					S		Nom	F
13016041	12	mit	ADP	APPR								
13016041	13	Name	NOUN	NN					P		Nom	M
13016041	14	angeben	VERB	VVPP		Part						
13016041	15	sein	AUX	VAFIN		Fin	Past	3	P	Ind		
13016041	16	um	ADP	APPR								
13016041	17	Jahwe	NOUN	NN					S		Nom	M
13016041	18	zu	ADP	PTKVZ								
13016041	19	preisen	VERB	VVFIN		Fin	Pres	3	P	Ind		
13016041	20	daß	SCONJ	KOUS								
13016041	21	sein	DET	PPOSAT					S		Nom	F
13016041	22	Güte	NOUN	NN					S		Nom	F
13016041	23	ewiglich	ADV	ADJD	Pos							
13016041	24	währen	VERB	VVFIN		Fin	Pres	3	S	Ind		
13016042	1	und	CCONJ	KON								
13016042	2	mit	ADP	APPR								
13016042	3	ihnen	PRON	PPER				3	P		Dat	
13016042	4	mit	ADP	APPR								
13016042	5	Heman	PROPN	NE					S		Nom	
13016042	6	und	CCONJ	KON								
13016042	7	Jeduthun	PROPN	NE					S		Nom	
13016042	8	sein	AUX	VAFIN		Fin	Past	3	P	Ind		
13016042	9	Trompet	NOUN	NN					P		Nom	F
13016042	10	und	CCONJ	KON								
13016042	11	Cymbel	NOUN	NN					P		Nom	F
13016042	12	für	ADP	APPR								
13016042	13	der	DET	ART					S		Nom	F
13016042	14	welcher	DET	PWAT					S		Nom	F
13016042	15	laut	ADP	APPR								
13016042	16	spielen	VERB	VVFIN		Fin	Past	3	P	Ind		
13016042	17	und	CCONJ	KON								
13016042	18	der	DET	ART					S		Nom	F
13016042	19	Musikinstrument	NOUN	NN					P		Nom	N
13016042	20	Gott	NOUN	NN					S		Gen	M
13016042	21	und	CCONJ	KON								
13016042	22	der	DET	ART					S		Nom	F
13016042	23	Sohn	NOUN	NN					P		Nom	M
13016042	24	Jeduthuns	PROPN	NE					S		Nom	
13016042	25	sein	AUX	VAFIN		Fin	Past	3	P	Ind		
13016042	26	für	ADP	APPR								
13016042	27	der	DET	ART					S		Nom	N
13016042	28	Tor	NOUN	NN					S		Nom	N
13016043	1	und	CCONJ	KON								
13016043	2	der	DET	ART					S		Nom	N
13016043	3	ganz	ADJ	ADJA	Pos				S		Nom	F
13016043	4	Volk	NOUN	NN					S		Nom	N
13016043	5	gehen	VERB	VVFIN		Fin	Past	3	S	Ind		
13016043	6	hin	ADV	ADV								
13016043	7	ein	DET	ART					S		Nom	N
13016043	8	jeder	PRON	PIS					S		Nom	M
13016043	9	nach	ADP	APPR								
13016043	10	sein	DET	PPOSAT					S		Dat	M
13016043	11	Haus	NOUN	NN					P		Nom	N
13016043	12	und	CCONJ	KON								
13016043	13	David	PROPN	NE					S		Nom	M
13016043	14	wenden	VERB	VVFIN		Fin	Past	3	S	Ind		
13016043	15	sich	PRON	PRF				3	S		Acc	
13016043	16	um	ADP	APPR								
13016043	17	sein	AUX	VAINF		Inf						
13016043	18	Haus	NOUN	NN					S		Nom	N
13016043	19	zu	ADP	PTKVZ								
13016043	20	segnen	VERB	VVFIN		Fin	Pres	3	P	Ind		
13017001	1	und	CCONJ	KON								
13017001	2	es	PRON	PPER				3	S		Nom	N
13017001	3	geschehen	VERB	VVFIN		Fin	Past	3	S	Ind		
13017001	4	als	ADP	KOKOM								
13017001	5	David	PROPN	NE					S		Nom	M
13017001	6	in	ADP	APPR								
13017001	7	sein	DET	PPOSAT					S		Dat	M
13017001	8	Haus	NOUN	NN					P		Nom	N
13017001	9	wohnen	VERB	VVFIN		Fin	Past	3	S	Ind		
13017001	10	da	ADV	ADV								
13017001	11	sprechen	VERB	VVFIN		Fin	Past	3	S	Ind		
13017001	12	David	PROPN	NE					S		Nom	M
13017001	13	zu	ADP	PTKVZ								
13017001	14	Nathan	PROPN	NE					S		Nom	M
13017001	15	der	DET	ART					S		Dat	M
13017001	16	Prophet	NOUN	NN					P		Nom	M
13017001	17	sehen	VERB	VVIMP				2	S	Imp		
13017001	18	ich	PRON	PPER				1	S		Nom	
13017001	19	wohnen	VERB	VVFIN		Fin	Pres	3	S	Sub		
13017001	20	in	ADP	APPR								
13017001	21	ein	DET	ART					S		Dat	M
13017001	22	Haus	NOUN	NN					P		Nom	N
13017001	23	von	ADP	APPR								
13017001	24	Cedern	NOUN	NN					S		Nom	N
13017001	25	und	CCONJ	KON								
13017001	26	der	DET	ART					S		Nom	F
13017001	27	lade	NOUN	NN					S		Nom	F
13017001	28	der	DET	ART					S		Gen	M
13017001	29	Bund	NOUN	NN					S		Gen	M
13017001	30	Jahwe	PROPN	NE					S		Gen	
13017001	31	wohnen	VERB	VVFIN		Fin	Pres	3	S	Ind		
13017001	32	unter	ADP	APPR								
13017001	33	Teppich	NOUN	NN					P		Dat	M
13017002	1	und	CCONJ	KON								
13017002	2	Nathan	PROPN	NE					S		Nom	M
13017002	3	sprechen	VERB	VVFIN		Fin	Past	3	S	Ind		
13017002	4	zu	ADP	PTKVZ								
13017002	5	David	PROPN	NE					S		Nom	M
13017002	6	Tue	ADV	FM								
13017002	7	alle	PRON	PIS					S		Nom	N
13017002	8	was	PRON	PWS					S		Nom	N
13017002	9	du	PRON	PPER				2	S		Nom	
13017002	10	in	ADP	APPRART					S		Dat	N
13017002	11	Herz	NOUN	NN					S		Nom	N
13017002	12	haben	AUX	VAFIN		Fin	Pres	2	S	Ind		
13017002	13	denn	CCONJ	KON								
13017002	14	Gott	NOUN	NN					S		Nom	M
13017002	15	sein	AUX	VAFIN		Fin	Pres	3	S	Ind		
13017002	16	mit	ADP	APPR								
13017002	17	dir	PRON	PPER				2	S		Dat	
13017003	1	und	CCONJ	KON								
13017003	2	es	PRON	PPER				3	S		Nom	N
13017003	3	geschehen	VERB	VVFIN		Fin	Past	3	S	Ind		
13017003	4	in	ADP	APPR								
13017003	5	selbig	PRON	ADJA					S		Nom	M
13017003	6	Nacht	NOUN	NN					S		Nom	F
13017003	7	da	ADV	ADV								
13017003	8	geschehen	VERB	VVFIN		Fin	Past	3	S	Ind		
13017003	9	der	DET	ART					S		Nom	N
13017003	10	Wort	NOUN	NN					S		Nom	N
13017003	11	Gott	NOUN	NN					S		Gen	M
13017003	12	zu	ADP	PTKVZ								
13017003	13	Nathan	PROPN	NE					S		Nom	M
13017003	14	also	ADV	ADV								
13017004	1	Gehe	VERB	VVIMP				2	S	Imp		
13017004	2	hin	ADV	ADV								
13017004	3	und	CCONJ	KON								
13017004	4	sprich	ADV	ADV								
13017004	5	zu	ADP	PTKVZ								
13017004	6	David	PROPN	NE					S		Nom	M
13017004	7	mein	DET	PPOSAT					S		Dat	M
13017004	8	Knecht	NOUN	NN					P		Nom	M
13017004	9	so	ADV	ADV								
13017004	10	sprechen	VERB	VVFIN		Fin	Pres	3	S	Ind		
13017004	11	Jahwe	NOUN	NN					S		Nom	M
13017004	12	nicht	PART	PTKNEG								
13017004	13	du	PRON	PPER				2	S		Nom	
13017004	14	sollst	AUX	VMFIN		Fin	Pres	3	S	Ind		
13017004	15	mir	PRON	PPER				1	S		Dat	
13017004	16	der	DET	ART					S		Nom	N
13017004	17	Haus	NOUN	NN					S		Nom	N
13017004	18	zu	ADP	APPRART					S		Dat	F
13017004	19	Wohnung	NOUN	NN					S		Nom	F
13017004	20	bauen	VERB	VVINF		Inf						
13017005	1	denn	CCONJ	KON								
13017005	2	ich	PRON	PPER				1	S		Nom	
13017005	3	haben	AUX	VAFIN		Fin	Pres	3	S	Sub		
13017005	4	nicht	PART	PTKNEG								
13017005	5	in	ADP	APPR								
13017005	6	ein	DET	ART					S		Dat	M
13017005	7	Haus	NOUN	NN					P		Nom	N
13017005	8	gewohnen	VERB	VVPP		Part						
13017005	9	von	ADP	APPR								
13017005	10	der	DET	ART					S		Dat	M
13017005	11	Tag	NOUN	NN					P		Nom	M
13017005	12	an	ADP	PTKVZ								
13017005	13	da	ADV	ADV								
13017005	14	ich	PRON	PPER				1	S		Nom	
13017005	15	Israel	PROPN	NE					S		Nom	N
13017005	16	Heraufgeführt	PROPN	NN					S		Nom	
13017005	17	haben	AUX	VAFIN		Fin	Pres	3	S	Sub		
13017005	18	bis	CCONJ	KON								
13017005	19	auf	ADP	PTKVZ								
13017005	20	dieser	DET	PDAT					S		Acc	M
13017005	21	Tag	NOUN	NN					S		Nom	M
13017005	22	sondern	CCONJ	KON								
13017005	23	ich	PRON	PPER				1	S		Nom	
13017005	24	wanderen	VERB	VVFIN		Fin	Past	3	S	Ind		
13017005	25	von	ADP	APPR								
13017005	26	Zelt	NOUN	NN					S		Nom	N
13017005	27	zu	ADP	PTKVZ								
13017005	28	Zelt	NOUN	NN					S		Nom	N
13017005	29	und	CCONJ	KON								
13017005	30	von	ADP	APPR								
13017005	31	Wohnung	NOUN	NN					S		Nom	F
13017005	32	zu	ADP	PTKVZ								
13017005	33	Wohnung	NOUN	NN					S		Nom	F
13017006	1	wo	SCONJ	PWAV								
13017006	2	immer	ADV	ADV								
13017006	3	ich	PRON	PPER				1	S		Nom	
13017006	4	wanderen	VERB	VVFIN		Fin	Past	3	S	Ind		
13017006	5	unter	ADP	APPR								
13017006	6	ganz	ADV	ADV								
13017006	7	Israel	PROPN	NE					S		Nom	N
13017006	8	haben	AUX	VAFIN		Fin	Pres	3	S	Sub		
13017006	9	ich	PRON	PPER				1	S		Nom	
13017006	10	zu	ADP	PTKVZ								
13017006	11	ein	DET	ART					S		Dat	M
13017006	12	der	DET	ART					S		Nom	M
13017006	13	Richter	NOUN	NN					S		Nom	M
13017006	14	Israel	PROPN	NE					S		Gen	N
13017006	15	der	DET	ART					S		Dat	M
13017006	16	ich	PRON	PPER				1	S		Nom	
13017006	17	Gebot	NOUN	NN					S		Nom	N
13017006	18	mein	DET	PPOSAT					S		Nom	N
13017006	19	Volk	NOUN	NN					S		Nom	N
13017006	20	zu	ADP	PTKVZ								
13017006	21	weiden	VERB	VVINF		Inf						
13017006	22	ein	DET	ART					S		Nom	N
13017006	23	Wort	NOUN	NN					S		Nom	N
13017006	24	reden	VERB	VVPP		Part						
13017006	25	und	CCONJ	KON								
13017006	26	sagen	VERB	VVPP		Part						
13017006	27	warum	ADV	PWAV								
13017006	28	habben	VERB	VAFIN				2	P	Imp		
13017006	29	ihr	PRON	PPOSAT				3	S		Dat	F
13017006	30	mir	PRON	PPER				1	S		Dat	
13017006	31	nicht	PART	PTKNEG								
13017006	32	ein	DET	ART					S		Nom	N
13017006	33	Haus	NOUN	NN					S		Nom	N
13017006	34	von	ADP	APPR								
13017006	35	Cedern	NOUN	NN					S		Nom	N
13017006	36	bauen	VERB	VVPP		Part						
13017007	1	und	CCONJ	KON								
13017007	2	nun	ADV	ADV								
13017007	3	sollst	AUX	VMFIN		Fin	Pres	3	S	Ind		
13017007	4	du	PRON	PPER				2	S		Nom	
13017007	5	also	ADV	ADV								
13017007	6	zu	ADP	PTKVZ								
13017007	7	mein	DET	PPOSAT					S		Dat	M
13017007	8	Knecht	NOUN	NN					P		Nom	M
13017007	9	David	PROPN	NE					S		Nom	M
13017007	10	sagen	VERB	VVINF		Inf						
13017007	11	so	ADV	ADV								
13017007	12	sprechen	VERB	VVFIN		Fin	Pres	3	S	Ind		
13017007	13	Jahwe	NOUN	NN					S		Nom	M
13017007	14	der	DET	ART					S		Nom	M
13017007	15	Heerschare	NOUN	NN					P		Nom	F
13017007	16	ich	PRON	PPER				1	S		Nom	
13017007	17	haben	AUX	VAFIN		Fin	Pres	3	S	Sub		
13017007	18	dich	PRON	PPER				2	S		Acc	
13017007	19	von	ADP	APPR								
13017007	20	der	DET	ART					S		Nom	M
13017007	21	Trift	NOUN	NN					S		Nom	F
13017007	22	nehmen	VERB	VVPP		Part						
13017007	23	hinter	ADP	APPR								
13017007	24	der	DET	ART					S		Dat	M
13017007	25	Kleinvieh	NOUN	NN					S		Nom	N
13017007	26	Weg	ADV	PTKVZ								
13017007	27	daß	SCONJ	KOUS								
13017007	28	du	PRON	PPER				2	S		Nom	
13017007	29	Fürst	NOUN	NN					S		Nom	M
13017007	30	sein	AUX	VAINF		Inf						
13017007	31	solltest	AUX	VVFIN		Fin	Pres	3	S	Ind		
13017007	32	über	ADP	APPR								
13017007	33	mein	DET	PPOSAT					S		Nom	N
13017007	34	Volk	NOUN	NN					S		Nom	N
13017007	35	Israel	PROPN	NE					S		Nom	N
13017008	1	und	CCONJ	KON								
13017008	2	ich	PRON	PPER				1	S		Nom	
13017008	3	sein	AUX	VAFIN		Fin	Pres	1	S	Ind		
13017008	4	mit	ADP	APPR								
13017008	5	dir	PRON	PPER				2	S		Dat	
13017008	6	sein	AUX	VAPP		Part						
13017008	7	überall	ADV	ADV								
13017008	8	wohin	ADV	PWAV								
13017008	9	du	PRON	PPER				2	S		Nom	
13017008	10	gehen	VERB	VVPP		Part						
13017008	11	sein	AUX	VAFIN		Fin	Pres	2	S	Ind		
13017008	12	und	CCONJ	KON								
13017008	13	haben	AUX	VAFIN		Fin	Pres	3	S	Sub		
13017008	14	aller	PRON	PIS					P		Nom	
13017008	15	dein	DET	PPOSAT					S		Nom	F
13017008	16	Feind	NOUN	NN					P		Nom	M
13017008	17	vor	ADP	APPR								
13017008	18	dir	PRON	PPER				2	S		Dat	
13017008	19	ausrotten	VERB	VVPP		Part						
13017008	20	und	CCONJ	KON								
13017008	21	ich	PRON	PPER				1	S		Nom	
13017008	22	haben	AUX	VAFIN		Fin	Pres	3	S	Sub		
13017008	23	dir	PRON	PPER				2	S		Dat	
13017008	24	ein	DET	ART					S		Acc	M
13017008	25	Name	NOUN	NN					P		Nom	M
13017008	26	machen	VERB	VVPP		Part						
13017008	27	gleich	ADV	ADV	Pos							
13017008	28	der	DET	ART					S		Dat	M
13017008	29	Name	NOUN	NN					P		Nom	M
13017008	30	der	DET	ART					S		Nom	M
13017008	31	große	NOUN	NN					P		Nom	
13017008	32	der	DET	ART					S		Nom	F
13017008	33	auf	ADP	PTKVZ								
13017008	34	Erde	NOUN	NN					P		Nom	F
13017008	35	sein	AUX	VAFIN		Fin	Pres	3	P	Ind		
13017009	1	und	CCONJ	KON								
13017009	2	ich	PRON	PPER				1	S		Nom	
13017009	3	werden	AUX	VAFIN		Fin	Pres	3	S	Sub		
13017009	4	ein	DET	ART					S		Acc	M
13017009	5	Ort	NOUN	NN					S		Nom	M
13017009	6	setzen	VERB	VVINF		Fin	Pres	3	P	Ind		
13017009	7	für	ADP	APPR								
13017009	8	mein	DET	PPOSAT					S		Nom	N
13017009	9	Volk	NOUN	NN					S		Nom	N
13017009	10	Israel	PROPN	NE					S		Nom	N
13017009	11	und	CCONJ	KON								
13017009	12	werden	AUX	VAFIN		Fin	Pres	3	S	Sub		
13017009	13	es	PRON	PPER				3	S		Nom	N
13017009	14	Pflanze	NOUN	VVFIN					P		Nom	F
13017009	15	daß	SCONJ	KOUS								
13017009	16	es	PRON	PPER				3	S		Nom	N
13017009	17	an	ADP	PTKVZ								
13017009	18	sein	DET	PPOSAT					S		Dat	F
13017009	19	Stätte	NOUN	NN					S		Nom	F
13017009	20	wohnen	VERB	VVFIN		Fin	Pres	3	S	Sub		
13017009	21	und	CCONJ	KON								
13017009	22	nicht	PART	PTKNEG								
13017009	23	mehr	ADV	ADV								
13017009	24	beunruhigen	ADV	ADJD	Pos							
13017009	25	werden	AUX	VAFIN		Fin	Pres	3	S	Sub		
13017009	26	und	CCONJ	KON								
13017009	27	der	DET	ART					S		Nom	F
13017009	28	Sohn	NOUN	NN					P		Nom	M
13017009	29	der	DET	ART					S		Nom	M
13017009	30	Ungerechtigkeit	NOUN	NN					S		Nom	F
13017009	31	sollen	AUX	VMFIN		Fin	Pres	3	P	Ind		
13017009	32	es	PRON	PPER				3	S		Nom	N
13017009	33	nicht	PART	PTKNEG								
13017009	34	mehr	ADV	ADV								
13017009	35	aufreiben	VERB	VVINF		Fin	Pres	3	P	Ind		
13017009	36	wie	ADP	KOKOM								
13017009	37	früh	ADV	ADJD	Cmp							
13017010	1	und	CCONJ	KON								
13017010	2	seit	ADP	APPR								
13017010	3	der	DET	ART					S		Acc	M
13017010	4	Tag	NOUN	NN					P		Dat	M
13017010	5	da	ADV	ADV								
13017010	6	ich	PRON	PPER				1	S		Nom	
13017010	7	Richter	NOUN	NN					S		Nom	M
13017010	8	über	ADP	APPR								
13017010	9	mein	DET	PPOSAT					S		Nom	N
13017010	10	Volk	NOUN	NN					S		Nom	N
13017010	11	Israel	PROPN	NE					S		Nom	N
13017010	12	bestellen	VERB	VVPP		Part						
13017010	13	haben	AUX	VAFIN		Fin	Pres	3	S	Sub		
13017010	14	und	CCONJ	KON								
13017010	15	ich	PRON	PPER				1	S		Nom	
13017010	16	werden	AUX	VAFIN		Fin	Pres	3	S	Sub		
13017010	17	aller	PRON	PIS					P		Nom	
13017010	18	dein	DET	PPOSAT					S		Nom	F
13017010	19	Feind	NOUN	NN					P		Nom	M
13017010	20	demütigen	VERB	VVINF		Inf						
13017010	21	und	CCONJ	KON								
13017010	22	ich	PRON	PPER				1	S		Nom	
13017010	23	tun	VERB	VVFIN		Fin	Pres	3	S	Sub		
13017010	24	dir	PRON	PPER				2	S		Dat	
13017010	25	kund	ADV	PTKVZ								
13017010	26	daß	SCONJ	KOUS								
13017010	27	Jahwe	NOUN	NN					S		Nom	M
13017010	28	dir	PRON	PPER				2	S		Dat	
13017010	29	ein	DET	ART					S		Nom	N
13017010	30	Haus	NOUN	NN					S		Nom	N
13017010	31	bauen	VERB	VVINF		Inf						
13017010	32	werden	AUX	VAFIN		Fin	Pres	3	S	Ind		
13017011	1	und	CCONJ	KON								
13017011	2	es	PRON	PPER				3	S		Nom	N
13017011	3	werden	AUX	VAFIN		Fin	Pres	3	S	Ind		
13017011	4	geschehen	VERB	VVPP		Part						
13017011	5	wenn	SCONJ	KOUS								
13017011	6	dein	DET	PPOSAT					S		Nom	F
13017011	7	Tag	NOUN	NN					P		Nom	M
13017011	8	voll	ADV	ADJD	Pos							
13017011	9	sein	AUX	VAFIN		Fin	Pres	3	P	Ind		
13017011	10	daß	SCONJ	KOUS								
13017011	11	du	PRON	PPER				2	S		Nom	
13017011	12	zu	ADP	PTKVZ								
13017011	13	dein	DET	PPOSAT					S		Acc	M
13017011	14	Vätern	NOUN	NN					P		Dat	M
13017011	15	hingehst	VERB	VVFIN		Fin	Past	3	S	Sub		
13017011	16	so	ADV	ADV								
13017011	17	werden	AUX	VAFIN		Fin	Pres	3	S	Sub		
13017011	18	ich	PRON	PPER				1	S		Nom	
13017011	19	dein	DET	PPOSAT					S		Acc	M
13017011	20	Same	NOUN	NN					P		Nom	M
13017011	21	nach	ADP	APPR								
13017011	22	dir	PRON	PPER				2	S		Dat	
13017011	23	erwecken	VERB	VVFIN		Fin	Pres	3	P	Ind		
13017011	24	der	DET	ART					S		Nom	M
13017011	25	von	ADP	APPR								
13017011	26	dein	DET	PPOSAT					S		Acc	M
13017011	27	Söhn	NOUN	NN					P		Dat	M
13017011	28	sein	AUX	VAINF		Inf						
13017011	29	werden	AUX	VAFIN		Fin	Pres	3	S	Ind		
13017011	30	und	CCONJ	KON								
13017011	31	werden	AUX	VAFIN		Fin	Pres	3	S	Sub		
13017011	32	sein	AUX	VAINF		Inf						
13017011	33	Königtum	NOUN	NN					S		Nom	N
13017011	34	befestigen	VERB	VVINF		Inf						
13017012	1	der	DET	ART					S		Nom	M
13017012	2	werden	AUX	VAFIN		Fin	Pres	3	S	Ind		
13017012	3	mir	PRON	PPER				1	S		Dat	
13017012	4	ein	DET	ART					S		Nom	N
13017012	5	Haus	NOUN	NN					S		Nom	N
13017012	6	bauen	VERB	VVINF		Inf						
13017012	7	und	CCONJ	KON								
13017012	8	ich	PRON	PPER				1	S		Nom	
13017012	9	werden	AUX	VAFIN		Fin	Pres	3	S	Sub		
13017012	10	sein	DET	PPOSAT					S		Acc	M
13017012	11	Thron	NOUN	NN					S		Nom	M
13017012	12	befestigen	VERB	VVINF		Inf						
13017012	13	auf	ADP	PTKVZ								
13017012	14	ewig	ADV	ADJD	Pos							
13017013	1	ich	PRON	PPER				1	S		Nom	
13017013	2	wollen	AUX	VMFIN		Fin	Pres	3	S	Ind		
13017013	3	ihm	PRON	PPER				3	S		Dat	M
13017013	4	Vater	NOUN	NN					S		Nom	M
13017013	5	sein	AUX	VAINF		Inf						
13017013	6	und	CCONJ	KON								
13017013	7	er	PRON	PPER				3	S		Nom	M
13017013	8	sollen	AUX	VMFIN		Fin	Pres	3	S	Ind		
13017013	9	mir	PRON	PPER				1	S		Dat	
13017013	10	Sohn	NOUN	NN					S		Nom	M
13017013	11	sein	AUX	VAINF		Inf						
13017013	12	und	CCONJ	KON								
13017013	13	ich	PRON	PPER				1	S		Nom	
13017013	14	wollen	AUX	VMFIN		Fin	Pres	3	S	Ind		
13017013	15	mein	DET	PPOSAT					S		Nom	F
13017013	16	Güte	NOUN	NN					S		Nom	F
13017013	17	nicht	PART	PTKNEG								
13017013	18	von	ADP	APPR								
13017013	19	ihm	PRON	PPER				3	S		Dat	M
13017013	20	weichen	VERB	VVINF		Inf						
13017013	21	lassen	VERB	VVINF		Fin	Pres	3	P	Ind		
13017013	22	wie	ADP	KOKOM								
13017013	23	ich	PRON	PPER				1	S		Nom	
13017013	24	sie	PRON	PPER				3	P		Nom	
13017013	25	von	ADP	APPR								
13017013	26	der	DET	ART					S		Dat	M
13017013	27	weichen	VERB	VVINF		Inf						
13017013	28	lassen	VERB	VVFIN		Fin	Past	3	S	Ind		
13017013	29	der	DET	ART					S		Nom	M
13017013	30	vor	ADP	APPR								
13017013	31	dir	PRON	PPER				2	S		Dat	
13017013	32	sein	AUX	VAFIN		Fin	Past	3	S	Ind		
13017014	1	und	CCONJ	KON								
13017014	2	ich	PRON	PPER				1	S		Nom	
13017014	3	wollen	AUX	VMFIN		Fin	Pres	3	S	Ind		
13017014	4	ihm	PRON	PPER				3	S		Dat	M
13017014	5	Bestand	NOUN	NN					S		Nom	M
13017014	6	geben	VERB	VVINF		Inf						
13017014	7	in	ADP	APPR								
13017014	8	mein	DET	PPOSAT					S		Dat	M
13017014	9	Haus	NOUN	NN					P		Nom	N
13017014	10	und	CCONJ	KON								
13017014	11	in	ADP	APPR								
13017014	12	mein	DET	PPOSAT					S		Dat	M
13017014	13	Königreich	NOUN	NN					S		Nom	N
13017014	14	auf	ADP	PTKVZ								
13017014	15	ewig	ADV	ADJD	Pos							
13017014	16	und	CCONJ	KON								
13017014	17	sein	AUX	VAINF		Inf						
13017014	18	Thron	NOUN	NN					S		Nom	M
13017014	19	sollen	AUX	VMFIN		Fin	Pres	3	S	Ind		
13017014	20	fest	ADV	PTKVZ								
13017014	21	sein	AUX	VAINF		Inf						
13017014	22	auf	ADP	PTKVZ								
13017014	23	ewig	ADV	ADJD	Pos							
13017015	1	nach	ADP	APPR								
13017015	2	aller	DET	PIS					P		Dat	
13017015	3	dieser	DET	PDAT					S		Acc	M
13017015	4	Wort	NOUN	NN					P		Dat	N
13017015	5	und	CCONJ	KON								
13017015	6	nach	ADP	APPR								
13017015	7	dieser	DET	PDAT					S		Dat	N
13017015	8	ganz	PRON	ADJA					S		Nom	M
13017015	9	Gesicht	NOUN	NN					S		Nom	N
13017015	10	also	ADV	ADV								
13017015	11	reden	VERB	VVFIN		Fin	Past	3	S	Ind		
13017015	12	Nathan	PROPN	NE					S		Nom	M
13017015	13	zu	ADP	PTKVZ								
13017015	14	David	PROPN	NE					S		Nom	M
13017016	1	da	SCONJ	KOUS								
13017016	2	gehen	VERB	VVFIN		Fin	Past	3	S	Ind		
13017016	3	der	DET	ART					S		Nom	M
13017016	4	König	NOUN	NN					S		Nom	M
13017016	5	David	PROPN	NE					S		Nom	M
13017016	6	hinein	ADV	PTKVZ								
13017016	7	und	CCONJ	KON								
13017016	8	setzen	VERB	VVFIN		Fin	Past	3	S	Ind		
13017016	9	sich	PRON	PRF				3	S		Acc	
13017016	10	vor	ADP	APPR								
13017016	11	Jahwe	NOUN	NN					S		Nom	M
13017016	12	nieder	ADV	PTKVZ								
13017016	13	und	CCONJ	KON								
13017016	14	sprechen	VERB	VVFIN		Fin	Past	3	S	Ind		
13017016	15	wer	PRON	PWS					S		Nom	M
13017016	16	sein	AUX	VAFIN		Fin	Pres	1	S	Ind		
13017016	17	ich	PRON	PPER				1	S		Nom	
13017016	18	Jahwe	NOUN	NN					S		Nom	M
13017016	19	Gott	NOUN	NN					S		Nom	M
13017016	20	und	CCONJ	KON								
13017016	21	was	PRON	PWS					S		Nom	N
13017016	22	sein	AUX	VAFIN		Fin	Pres	3	S	Ind		
13017016	23	mein	DET	PPOSAT					S		Nom	N
13017016	24	Haus	NOUN	NN					S		Nom	N
13017016	25	daß	SCONJ	KOUS								
13017016	26	du	PRON	PPER				2	S		Nom	
13017016	27	mich	PRON	PPER				1	S		Acc	
13017016	28	bis	CCONJ	KON								
13017016	29	hierher	ADV	PROAV								
13017016	30	bringen	VERB	VVPP		Part						
13017016	31	haben	AUX	VAFIN		Fin	Pres	2	S	Ind		
13017017	1	und	CCONJ	KON								
13017017	2	dieser	PRON	PDS					S		Nom	N
13017017	3	sein	AUX	VAFIN		Fin	Pres	3	S	Ind		
13017017	4	noch	CCONJ	KON								
13017017	5	ein	DET	ART					S		Nom	N
13017017	6	Geringes	NOUN	NN					S		Nom	N
13017017	7	sein	AUX	VAPP		Part						
13017017	8	in	ADP	APPR								
13017017	9	dein	DET	PPOSAT					S		Acc	M
13017017	10	Auge	NOUN	NN					P		Nom	N
13017017	11	o	PROPN	NE					S		Nom	
13017017	12	Gott	NOUN	NN					S		Nom	M
13017017	13	und	CCONJ	KON								
13017017	14	du	PRON	PPER				2	S		Nom	
13017017	15	haben	AUX	VAFIN		Fin	Pres	2	S	Ind		
13017017	16	auch	ADV	ADV								
13017017	17	von	ADP	APPR								
13017017	18	der	DET	ART					S		Dat	M
13017017	19	Haus	NOUN	NN					P		Nom	N
13017017	20	dein	DET	PPOSAT					S		Gen	N
13017017	21	Knecht	NOUN	NN					S		Gen	M
13017017	22	reden	VERB	VVPP		Part						
13017017	23	in	ADP	APPR								
13017017	24	der	DET	ART					S		Nom	F
13017017	25	Ferne	NOUN	NN					S		Nom	F
13017017	26	hin	ADV	ADV								
13017017	27	und	CCONJ	KON								
13017017	28	du	PRON	PPER				2	S		Nom	
13017017	29	haben	AUX	VAFIN		Fin	Pres	2	S	Ind		
13017017	30	mich	PRON	PPER				1	S		Acc	
13017017	31	ansehen	VERB	VVPP		Part						
13017017	32	nach	ADP	APPR								
13017017	33	der	DET	ART					S		Nom	M
13017017	34	Weise	NOUN	NN					S		Nom	F
13017017	35	ein	PRON	ART					S		Nom	N
13017017	36	hochgestellt	ADJ	ADJA	Pos				S		Dat	M
13017017	37	Mensch	NOUN	NN					P		Nom	M
13017017	38	Jahwe	NOUN	NN					S		Nom	M
13017017	39	Gott	NOUN	NN					S		Nom	M
13017018	1	was	PRON	PWS					S		Nom	N
13017018	2	sollen	AUX	VMFIN		Fin	Pres	3	S	Ind		
13017018	3	David	PROPN	NE					S		Nom	M
13017018	4	noch	CCONJ	KON								
13017018	5	weiter	ADV	ADV								
13017018	6	zu	ADP	PTKVZ								
13017018	7	dir	PRON	PPER				2	S		Dat	
13017018	8	reden	VERB	VVINF		Inf						
13017018	9	von	ADP	APPR								
13017018	10	der	DET	ART					S		Nom	M
13017018	11	Ehre	NOUN	NN					S		Nom	F
13017018	12	an	ADP	PTKVZ								
13017018	13	dein	DET	PPOSAT					S		Dat	M
13017018	14	Knecht	NOUN	NN					P		Nom	M
13017018	15	du	PRON	PPER				2	S		Nom	
13017018	16	kennen	VERB	VVFIN		Fin	Pres	2	S	Ind		
13017018	17	ja	ADV	ADV								
13017018	18	dein	DET	PPOSAT					S		Acc	M
13017018	19	Knecht	NOUN	NN					S		Nom	M
13017019	1	Jahwe	NOUN	NN					S		Nom	M
13017019	2	um	ADP	APPR								
13017019	3	dein	DET	PPOSAT					S		Gen	N
13017019	4	Knecht	NOUN	NN					S		Gen	M
13017019	5	Wille	ADP	APZR								
13017019	6	und	CCONJ	KON								
13017019	7	nach	ADP	APPR								
13017019	8	dein	DET	PPOSAT					S		Dat	M
13017019	9	Herz	NOUN	NN					S		Nom	N
13017019	10	haben	AUX	VAFIN		Fin	Pres	2	S	Ind		
13017019	11	du	PRON	PPER				2	S		Nom	
13017019	12	all	DET	PIAT								
13017019	13	dieser	DET	PDAT					S		Nom	N
13017019	14	groß	PROPN	NE					S		Nom	
13017019	15	tun	VERB	VVPP		Part						
13017019	16	um	ADP	APPR								
13017019	17	aller	PRON	PIS					P		Nom	
13017019	18	dieser	DET	PDAT					S		Nom	F
13017019	19	groß	ADJ	ADJA	Pos				S		Acc	M
13017019	20	Ding	NOUN	NN					P		Nom	N
13017019	21	kundzutun	VERB	VVIZU		Inf						
13017020	1	Jahwe	NOUN	NN					S		Nom	M
13017020	2	niemand	PRON	PIS					S		Nom	M
13017020	3	sein	AUX	VAFIN		Fin	Pres	3	S	Ind		
13017020	4	dir	PRON	PPER				2	S		Dat	
13017020	5	gleich	ADV	ADV	Pos							
13017020	6	und	CCONJ	KON								
13017020	7	kein	DET	PIAT					S		Nom	N
13017020	8	Gott	NOUN	NN					S		Nom	M
13017020	9	außer	ADP	APPR								
13017020	10	dir	PRON	PPER				2	S		Dat	
13017020	11	nach	ADP	APPR								
13017020	12	alle	PRON	PIS					S		Dat	N
13017020	13	was	PRON	PWS					S		Nom	N
13017020	14	wir	PRON	PPER				1	P		Nom	
13017020	15	mit	ADP	APPR								
13017020	16	unser	DET	PPOSAT					S		Acc	M
13017020	17	Ohr	NOUN	NN					P		Nom	N
13017020	18	gehören	VERB	VVFIN		Fin	Pres	3	S	Ind		
13017020	19	haben	AUX	VAFIN		Fin	Pres	3	P	Ind		
13017021	1	und	CCONJ	KON								
13017021	2	wer	PRON	PWS					S		Nom	M
13017021	3	sein	AUX	VAFIN		Fin	Pres	3	S	Ind		
13017021	4	wie	ADP	KOKOM								
13017021	5	dein	DET	PPER					S		Nom	N
13017021	6	Volk	NOUN	NN					S		Nom	N
13017021	7	Israel	PROPN	NE					S		Nom	N
13017021	8	der	DET	ART					S		Nom	F
13017021	9	einzig	ADJ	ADJA	Pos				S		Nom	F
13017021	10	Nation	NOUN	NN					S		Nom	F
13017021	11	auf	ADP	PTKVZ								
13017021	12	Erde	NOUN	NN					P		Nom	F
13017021	13	welcher	DET	PWAT					S		Nom	F
13017021	14	Gott	NOUN	NN					S		Nom	M
13017021	15	hingegangen	VERB	VVPP		Part						
13017021	16	sein	AUX	VAFIN		Fin	Pres	3	S	Ind		
13017021	17	sich	PRON	PRF				3	S		Acc	
13017021	18	zu	ADP	APPRART					S		Dat	N
13017021	19	Volke	NOUN	NN					S		Nom	M
13017021	20	zu	ADP	PTKVZ								
13017021	21	erlösen	VERB	VVINF		Inf						
13017021	22	um	ADP	APPR								
13017021	23	dir	PRON	PPER				2	S		Dat	
13017021	24	ein	DET	ART					S		Acc	M
13017021	25	Name	NOUN	NN					P		Nom	M
13017021	26	zu	ADP	PTKVZ								
13017021	27	machen	VERB	VVINF		Inf						
13017021	28	groß	ADJ	ADJA	Pos				S		Nom	F
13017021	29	und	CCONJ	KON								
13017021	30	furchtbar	ADJ	ADJA	Pos				S		Nom	F
13017021	31	Ding	NOUN	NN					P		Nom	N
13017021	32	zu	ADP	PTKVZ								
13017021	33	tun	VERB	VVINF		Inf						
13017021	34	indem	SCONJ	KOUS								
13017021	35	du	PRON	PPER				2	S		Nom	
13017021	36	vor	ADP	APPR								
13017021	37	dein	DET	PPOSAT					S		Dat	M
13017021	38	Volke	NOUN	NN					S		Nom	M
13017021	39	der	DET	ART					S		Nom	N
13017021	40	du	PRON	PPER				2	S		Nom	
13017021	41	aus	ADP	PTKVZ								
13017021	42	Ägypten	PROPN	NE					S		Nom	N
13017021	43	erlösen	VERB	VVPP		Part						
13017021	44	haben	AUX	VAFIN		Fin	Pres	2	S	Ind		
13017021	45	Nation	NOUN	NN					P		Nom	F
13017021	46	vertriebst	PROPN	NE					S		Nom	N
13017022	1	und	CCONJ	KON								
13017022	2	du	PRON	PPER				2	S		Nom	
13017022	3	haben	AUX	VAFIN		Fin	Pres	2	S	Ind		
13017022	4	dir	PRON	PPER				2	S		Dat	
13017022	5	dein	DET	PPER					S		Nom	N
13017022	6	Volk	NOUN	NN					S		Nom	N
13017022	7	Israel	PROPN	NE					S		Nom	N
13017022	8	zu	ADP	APPRART					S		Dat	N
13017022	9	Volke	NOUN	NN					S		Nom	M
13017022	10	bestimmen	VERB	VVPP		Part						
13017022	11	auf	ADP	PTKVZ								
13017022	12	ewig	ADV	ADJD	Pos							
13017022	13	und	CCONJ	KON								
13017022	14	du	PRON	PPER				2	S		Nom	
13017022	15	Jahwe	NOUN	NN					S		Nom	M
13017022	16	sein	AUX	VAFIN		Fin	Pres	2	S	Ind		
13017022	17	ihr	PRON	PPOSAT				3	S		Dat	F
13017022	18	Gott	NOUN	NN					S		Nom	M
13017022	19	werden	AUX	VAPP		Part						
13017023	1	und	CCONJ	KON								
13017023	2	nun	ADV	ADV								
13017023	3	Jahwe	NOUN	NN					S		Nom	M
13017023	4	der	DET	ART					S		Nom	N
13017023	5	Wort	NOUN	NN					S		Nom	N
13017023	6	der	DET	ART					S		Nom	N
13017023	7	du	PRON	PPER				2	S		Nom	
13017023	8	über	ADP	APPR								
13017023	9	dein	DET	PPOSAT					S		Acc	M
13017023	10	Knecht	NOUN	NN					S		Nom	M
13017023	11	und	CCONJ	KON								
13017023	12	über	ADP	APPR								
13017023	13	sein	AUX	VAINF		Inf						
13017023	14	Haus	NOUN	NN					S		Nom	N
13017023	15	reden	VERB	VVPP		Part						
13017023	16	haben	AUX	VAFIN		Fin	Pres	2	S	Ind		
13017023	17	mögen	AUX	VMFIN		Fin	Pres	3	S	Sub		
13017023	18	sich	PRON	PRF				3	S		Acc	
13017023	19	bewähren	VERB	VVFIN		Fin	Pres	3	P	Ind		
13017023	20	ewiglich	ADV	ADJD	Pos							
13017023	21	und	CCONJ	KON								
13017023	22	tun	VERB	VVFIN		Fin	Pres	3	S	Sub		
13017023	23	wie	ADP	KOKOM								
13017023	24	du	PRON	PPER				2	S		Nom	
13017023	25	reden	VERB	VVPP		Part						
13017023	26	haben	AUX	VAFIN		Fin	Pres	2	S	Ind		
13017024	1	ja	PART	PTKANT								
13017024	2	es	PRON	PPER				3	S		Nom	N
13017024	3	mögen	AUX	VMFIN		Fin	Pres	3	S	Sub		
13017024	4	sich	PRON	PRF				3	S		Acc	
13017024	5	bewähren	VERB	VVFIN		Fin	Pres	3	P	Ind		
13017024	6	und	CCONJ	KON								
13017024	7	dein	DET	PPER					S		Nom	N
13017024	8	Name	NOUN	NN					S		Nom	M
13017024	9	sein	AUX	VAFIN		Fin	Pres	3	S	Sub		
13017024	10	groß	ADV	ADJD	Pos							
13017024	11	auf	ADP	PTKVZ								
13017024	12	ewig	ADV	ADJD	Pos							
13017024	13	daß	SCONJ	KOUS								
13017024	14	man	PRON	PIS					S		Nom	
13017024	15	sprechen	VERB	VVFIN		Fin	Pres	3	S	Sub		
13017024	16	Jahwe	NOUN	NN					S		Nom	M
13017024	17	der	DET	ART					S		Nom	M
13017024	18	Heerschare	NOUN	NN					P		Nom	F
13017024	19	der	DET	ART					S		Nom	M
13017024	20	Gott	NOUN	NN					S		Nom	M
13017024	21	Israel	PROPN	NE					S		Gen	N
13017024	22	sein	AUX	VAFIN		Fin	Pres	3	S	Ind		
13017024	23	Gott	NOUN	NN					S		Nom	M
13017024	24	für	ADP	APPR								
13017024	25	Israel	PROPN	NE					S		Nom	N
13017024	26	und	CCONJ	KON								
13017024	27	der	DET	ART					S		Nom	N
13017024	28	Haus	NOUN	NN					S		Nom	N
13017024	29	dein	DET	PPOSAT					S		Gen	N
13017024	30	Knecht	NOUN	NN					S		Gen	M
13017024	31	David	PROPN	NE					S		Nom	M
13017024	32	sein	AUX	VAFIN		Fin	Pres	3	S	Sub		
13017024	33	fest	ADV	PTKVZ								
13017024	34	vor	ADP	APPR								
13017024	35	dir	PRON	PPER				2	S		Dat	
13017025	1	denn	CCONJ	KON								
13017025	2	du	PRON	PPER				2	S		Nom	
13017025	3	mein	DET	PPOSAT					S		Nom	N
13017025	4	Gott	NOUN	NN					S		Nom	M
13017025	5	haben	AUX	VAFIN		Fin	Pres	2	S	Ind		
13017025	6	der	DET	ART					S		Dat	M
13017025	7	Ohre	NOUN	NN					S		Nom	N
13017025	8	dein	DET	PPOSAT					S		Gen	N
13017025	9	Knecht	NOUN	NN					S		Gen	M
13017025	10	eröffnen	VERB	VVPP		Part						
13017025	11	daß	SCONJ	KOUS								
13017025	12	du	PRON	PPER				2	S		Nom	
13017025	13	ihm	PRON	PPER				3	S		Dat	M
13017025	14	ein	DET	ART					S		Nom	N
13017025	15	Haus	NOUN	NN					S		Nom	N
13017025	16	bauen	VERB	VVINF		Inf						
13017025	17	willst	PROPN	VMFIN					S		Nom	
13017025	18	darum	ADV	PROAV								
13017025	19	haben	AUX	VAFIN		Fin	Pres	3	S	Ind		
13017025	20	dein	DET	PPER					S		Nom	N
13017025	21	Knecht	NOUN	NN					S		Nom	M
13017025	22	sich	PRON	PRF				3	S		Acc	
13017025	23	ein	DET	ART					S		Nom	N
13017025	24	Herz	NOUN	NN					S		Nom	N
13017025	25	fassen	VERB	VVPP		Part						
13017025	26	vor	ADP	APPR								
13017025	27	dir	PRON	PPER				2	S		Dat	
13017025	28	zu	ADP	PTKVZ								
13017025	29	beten	VERB	VVFIN		Fin	Pres	3	P	Ind		
13017026	1	und	CCONJ	KON								
13017026	2	nun	ADV	ADV								
13017026	3	Jahwe	NOUN	NN					S		Nom	M
13017026	4	du	PRON	PPER				2	S		Nom	
13017026	5	sein	AUX	VAFIN		Fin	Pres	2	S	Ind		
13017026	6	es	PRON	PPER				3	S		Nom	N
13017026	7	der	DET	ART					S		Nom	M
13017026	8	da	ADV	ADV								
13017026	9	Gott	NOUN	NN					S		Nom	M
13017026	10	sein	AUX	VAFIN		Fin	Pres	3	S	Ind		
13017026	11	und	CCONJ	KON								
13017026	12	du	PRON	PPER				2	S		Nom	
13017026	13	haben	AUX	VAFIN		Fin	Pres	2	S	Ind		
13017026	14	dieser	DET	PDAT					S		Nom	N
13017026	15	gut	ADV	ADV								
13017026	16	zu	ADP	PTKVZ								
13017026	17	dein	DET	PPOSAT					S		Dat	M
13017026	18	Knecht	NOUN	NN					P		Nom	M
13017026	19	reden	VERB	VVPP		Part						
13017027	1	und	CCONJ	KON								
13017027	2	nun	ADV	ADV								
13017027	3	es	PRON	PPER				3	S		Nom	N
13017027	4	haben	AUX	VAFIN		Fin	Pres	3	S	Ind		
13017027	5	dir	PRON	PPER				2	S		Dat	
13017027	6	fallen	VERB	VVPP		Part						
13017027	7	der	DET	ART					S		Nom	N
13017027	8	Haus	NOUN	NN					S		Nom	N
13017027	9	dein	DET	PPOSAT					S		Gen	N
13017027	10	Knecht	NOUN	NN					S		Gen	M
13017027	11	zu	ADP	PTKVZ								
13017027	12	segnen	VERB	VVFIN		Fin	Pres	3	P	Ind		
13017027	13	daß	SCONJ	KOUS								
13017027	14	es	PRON	PPER				3	S		Nom	N
13017027	15	ewiglich	ADV	ADJD	Pos							
13017027	16	vor	ADP	APPR								
13017027	17	dir	PRON	PPER				2	S		Dat	
13017027	18	sein	AUX	VAFIN		Fin	Pres	3	S	Sub		
13017027	19	denn	CCONJ	KON								
13017027	20	du	PRON	PPER				2	S		Nom	
13017027	21	Jahwe	NOUN	NN					S		Nom	M
13017027	22	haben	AUX	VAFIN		Fin	Pres	2	S	Ind		
13017027	23	es	PRON	PPER				3	S		Nom	N
13017027	24	segnen	VERB	VVPP		Part						
13017027	25	und	CCONJ	KON								
13017027	26	es	PRON	PPER				3	S		Nom	N
13017027	27	werden	AUX	VAFIN		Fin	Pres	3	S	Ind		
13017027	28	segnen	VERB	VVPP		Part						
13017027	29	sein	AUX	VAINF		Inf						
13017027	30	ewiglich	ADV	ADJD	Pos							
13018001	1	und	CCONJ	KON								
13018001	2	es	PRON	PPER				3	S		Nom	N
13018001	3	geschehen	VERB	VVFIN		Fin	Past	3	S	Ind		
13018001	4	Hernach	ADV	PROAV								
13018001	5	da	ADV	ADV								
13018001	6	schlagen	VERB	VVFIN		Fin	Past	3	S	Ind		
13018001	7	David	PROPN	NE					S		Nom	M
13018001	8	der	DET	ART					S		Nom	F
13018001	9	Philister	NOUN	NN					S		Nom	M
13018001	10	und	CCONJ	KON								
13018001	11	demütigen	VERB	VVFIN		Fin	Past	3	S	Ind		
13018001	12	sie	PRON	PPER				3	P		Nom	
13018001	13	und	CCONJ	KON								
13018001	14	er	PRON	PPER				3	S		Nom	M
13018001	15	nehmen	VERB	VVFIN		Fin	Past	3	S	Ind		
13018001	16	Gath	PROPN	NE					S		Nom	
13018001	17	und	CCONJ	KON								
13018001	18	sein	DET	PPOSAT					S		Nom	F
13018001	19	Tochterstadt	NOUN	NN					P		Nom	
13018001	20	aus	ADP	PTKVZ								
13018001	21	der	DET	ART					S		Nom	M
13018001	22	Hand	NOUN	NN					S		Nom	F
13018001	23	der	DET	ART					S		Nom	M
13018001	24	Philister	NOUN	NN					S		Nom	M
13018002	1	und	CCONJ	KON								
13018002	2	er	PRON	PPER				3	S		Nom	M
13018002	3	schlagen	VERB	VVFIN		Fin	Past	3	S	Ind		
13018002	4	der	DET	ART					S		Nom	F
13018002	5	Moabiter	NOUN	NE					P		Nom	M
13018002	6	und	CCONJ	KON								
13018002	7	der	DET	ART					S		Nom	F
13018002	8	Moabiter	NOUN	NE					P		Nom	M
13018002	9	werden	AUX	VAFIN		Fin	Past	3	P	Ind		
13018002	10	David	PROPN	NE					S		Nom	M
13018002	11	zu	ADP	PTKVZ								
13018002	12	knechte	NOUN	NN					P		Nom	M
13018002	13	welcher	DET	PWAT					S		Nom	F
13018002	14	Geschenk	NOUN	NN					P		Nom	N
13018002	15	bringen	VERB	VVFIN		Fin	Past	3	P	Ind		
13018003	1	und	CCONJ	KON								
13018003	2	David	PROPN	NE					S		Nom	M
13018003	3	schlagen	VERB	VVFIN		Fin	Past	3	S	Ind		
13018003	4	Hadareser	NOUN	NN					S		Nom	M
13018003	5	der	DET	ART					S		Acc	M
13018003	6	König	NOUN	NN					S		Nom	M
13018003	7	von	ADP	APPR								
13018003	8	Zoba	PROPN	NE					S		Nom	
13018003	9	bei	ADP	APPR								
13018003	10	Hamath	NOUN	NN					S		Nom	M
13018003	11	als	ADP	KOKOM								
13018003	12	er	PRON	PPER				3	S		Nom	M
13018003	13	hinziehen	VERB	VVFIN		Fin	Past	3	S	Ind		
13018003	14	um	ADP	APPR								
13018003	15	sein	DET	PPOSAT					S		Nom	F
13018003	16	Macht	NOUN	NN					S		Nom	F
13018003	17	an	ADP	APPRART					S		Dat	M
13018003	18	Strom	NOUN	NN					P		Nom	M
13018003	19	Phrat	NOUN	NN					S		Nom	M
13018003	20	zu	ADP	PTKVZ								
13018003	21	befestigen	VERB	VVINF		Inf						
13018004	1	und	CCONJ	KON								
13018004	2	David	PROPN	NE					S		Nom	M
13018004	3	fehen	VERB	VVFIN		Fin	Past	3	S	Ind		
13018004	4	von	ADP	APPR								
13018004	5	ihm	PRON	PPER				3	S		Dat	M
13018004	6	1000	NUM	CARD								
13018004	7	Wagen	NOUN	NN					S		Nom	M
13018004	8	und	CCONJ	KON								
13018004	9	7000	NUM	CARD								
13018004	10	Reiter	NOUN	NN					S		Nom	M
13018004	11	und	CCONJ	KON								
13018004	12	20000	NUM	CARD								
13018004	13	Mann	NOUN	NN					S		Nom	M
13018004	14	Fußvolk	NOUN	NN					S		Nom	N
13018004	15	und	CCONJ	KON								
13018004	16	David	PROPN	NE					S		Nom	M
13018004	17	lähmen	VERB	VVFIN		Fin	Past	3	S	Ind		
13018004	18	aller	PRON	PIS					P		Nom	
13018004	19	Gespanne	NOUN	NN					S		Nom	F
13018004	20	und	CCONJ	KON								
13018004	21	lassen	VERB	VVFIN		Fin	Past	3	S	Ind		
13018004	22	100	NUM	CARD								
13018004	23	Gespanne	NOUN	NN					S		Nom	F
13018004	24	von	ADP	APPR								
13018004	25	ihm	PRON	PPER				3	S		Dat	M
13018004	26	übrig	ADP	PTKVZ								
13018005	1	und	CCONJ	KON								
13018005	2	der	DET	ART					S		Nom	F
13018005	3	Syrer	NOUN	NN					P		Nom	M
13018005	4	von	ADP	APPR								
13018005	5	Damaskus	PROPN	NE					S		Nom	N
13018005	6	kommen	VERB	VVFIN		Fin	Past	3	P	Ind		
13018005	7	um	ADP	APPR								
13018005	8	Hadareser	NOUN	NN					S		Nom	M
13018005	9	der	DET	ART					S		Dat	M
13018005	10	König	NOUN	NN					S		Nom	M
13018005	11	von	ADP	APPR								
13018005	12	Zoba	PROPN	NE					S		Nom	
13018005	13	zu	ADP	PTKVZ								
13018005	14	helfen	VERB	VVINF		Inf						
13018005	15	und	CCONJ	KON								
13018005	16	David	PROPN	NE					S		Nom	M
13018005	17	erschlagen	VERB	VVFIN		Fin	Past	3	S	Ind		
13018005	18	unter	ADP	APPR								
13018005	19	der	DET	ART					S		Acc	M
13018005	20	Syrer	NOUN	NN					P		Dat	M
13018005	21	22000	NUM	CARD								
13018005	22	Mann	NOUN	NN					S		Nom	M
13018006	1	und	CCONJ	KON								
13018006	2	David	PROPN	NE					S		Nom	M
13018006	3	legen	VERB	VVFIN		Fin	Past	3	S	Ind		
13018006	4	Besatzung	NOUN	NN					P		Nom	F
13018006	5	in	ADP	APPR								
13018006	6	der	DET	ART					S		Nom	N
13018006	7	damascenisch	ADJ	ADJA	Pos				S		Nom	F
13018006	8	Syrien	PROPN	NE					S		Nom	N
13018006	9	und	CCONJ	KON								
13018006	10	der	DET	ART					S		Nom	F
13018006	11	Syrer	NOUN	NN					P		Nom	M
13018006	12	werden	AUX	VAFIN		Fin	Past	3	P	Ind		
13018006	13	David	PROPN	NE					S		Nom	M
13018006	14	zu	ADP	PTKVZ								
13018006	15	knechte	NOUN	NN					P		Nom	M
13018006	16	welcher	DET	PWAT					S		Nom	F
13018006	17	Geschenk	NOUN	NN					P		Nom	N
13018006	18	bringen	VERB	VVFIN		Fin	Past	3	P	Ind		
13018006	19	und	CCONJ	KON								
13018006	20	Jahwe	NOUN	NN					S		Nom	M
13018006	21	helfen	VERB	VVFIN		Fin	Past	3	S	Ind		
13018006	22	David	PROPN	NE					S		Nom	M
13018006	23	überall	ADV	ADV								
13018006	24	wohin	ADV	PWAV								
13018006	25	er	PRON	PPER				3	S		Nom	M
13018006	26	ziehen	VERB	VVFIN		Fin	Past	3	S	Ind		
13018007	1	und	CCONJ	KON								
13018007	2	David	PROPN	NE					S		Nom	M
13018007	3	nehmen	VERB	VVFIN		Fin	Past	3	S	Ind		
13018007	4	der	DET	ART					S		Nom	F
13018007	5	golden	ADJ	ADJA	Pos				S		Acc	M
13018007	6	Schild	NOUN	NN					P		Nom	N
13018007	7	welcher	DET	PWAT					S		Nom	F
13018007	8	der	DET	ART					S		Acc	M
13018007	9	knechte	NOUN	NN					P		Nom	M
13018007	10	Hadareser	PROPN	NE					S		Gen	
13018007	11	gehören	VERB	VVFIN		Fin	Past	3	P	Ind		
13018007	12	und	CCONJ	KON								
13018007	13	bringen	VERB	VVFIN		Fin	Past	3	S	Ind		
13018007	14	sie	PRON	PPER				3	P		Nom	
13018007	15	nach	ADP	APPR								
13018007	16	Jerusalem	PROPN	NE					S		Nom	N
13018008	1	und	CCONJ	KON								
13018008	2	aus	ADP	PTKVZ								
13018008	3	Tibchad	NOUN	NN					S		Nom	F
13018008	4	und	CCONJ	KON								
13018008	5	aus	ADP	PTKVZ								
13018008	6	Kun	PROPN	NE					S		Nom	M
13018008	7	der	DET	ART					S		Acc	M
13018008	8	Stadt	NOUN	NN					P		Nom	F
13018008	9	Hadareser	PROPN	NE					S		Gen	
13018008	10	nehmen	VERB	VVFIN		Fin	Past	3	S	Ind		
13018008	11	David	PROPN	NE					S		Nom	M
13018008	12	Erz	NOUN	NN					S		Nom	N
13018008	13	in	ADP	APPR								
13018008	14	groß	ADJ	ADJA	Pos				S		Nom	M
13018008	15	Menge	NOUN	NN					S		Nom	F
13018008	16	davon	ADV	PROAV								
13018008	17	machen	VERB	VVFIN		Fin	Past	3	S	Ind		
13018008	18	Salomo	PROPN	NE					S		Nom	M
13018008	19	der	DET	ART					S		Nom	N
13018008	20	ehern	DET	ADJA					S		Nom	F
13018008	21	Meer	NOUN	NN					S		Nom	N
13018008	22	und	CCONJ	KON								
13018008	23	der	DET	ART					S		Nom	F
13018008	24	Säule	NOUN	NN					P		Nom	F
13018008	25	und	CCONJ	KON								
13018008	26	der	DET	ART					S		Nom	F
13018008	27	ehern	ADJ	ADJA	Pos				S		Acc	M
13018008	28	Gerät	NOUN	NN					P		Nom	N
13018009	1	und	CCONJ	KON								
13018009	2	als	ADP	KOKOM								
13018009	3	Tou	PROPN	NE					S		Nom	
13018009	4	der	DET	ART					S		Nom	M
13018009	5	König	NOUN	NN					S		Nom	M
13018009	6	von	ADP	APPR								
13018009	7	Hamath	NOUN	NN					S		Nom	M
13018009	8	hören	VERB	VVFIN		Fin	Past	3	S	Ind		
13018009	9	daß	SCONJ	KOUS								
13018009	10	David	PROPN	NE					S		Nom	M
13018009	11	der	DET	ART					S		Nom	F
13018009	12	ganz	ADJ	ADJA	Pos				S		Nom	F
13018009	13	Heeresmacht	NOUN	NN					S		Nom	F
13018009	14	Hadareser	PROPN	NE					S		Gen	
13018009	15	der	DET	ART					S		Gen	M
13018009	16	König	PROPN	NE					S		Nom	
13018009	17	von	ADP	APPR								
13018009	18	Zoba	PROPN	NE					S		Nom	
13018009	19	schlagen	VERB	VVPP		Part						
13018009	20	haben	AUX	VAFIN		Fin	Past	3	S	Ind		
13018010	1	da	ADV	ADV								
13018010	2	senden	VERB	VVFIN		Fin	Past	3	S	Ind		
13018010	3	er	PRON	PPER				3	S		Nom	M
13018010	4	Hadoram	PROPN	NE					S		Nom	
13018010	5	sein	DET	PPOSAT					S		Acc	M
13018010	6	Sohn	NOUN	NN					S		Nom	M
13018010	7	zu	ADP	PTKVZ								
13018010	8	der	DET	ART					S		Dat	M
13018010	9	König	NOUN	NN					S		Nom	M
13018010	10	David	PROPN	NE					S		Nom	M
13018010	11	um	ADP	APPR								
13018010	12	ihn	PRON	PPER				3	S		Acc	M
13018010	13	nach	ADP	APPR								
13018010	14	sein	DET	PPOSAT					S		Dat	M
13018010	15	Wohlergehen	NOUN	NN					S		Nom	N
13018010	16	zu	ADP	PTKVZ								
13018010	17	fragen	VERB	VVINF		Inf						
13018010	18	und	CCONJ	KON								
13018010	19	ihn	PRON	PPER				3	S		Acc	M
13018010	20	zu	ADP	PTKVZ								
13018010	21	beglückwünschen	VERB	VVINF		Fin	Pres	3	P	Ind		
13018010	22	darum	ADV	PROAV								
13018010	23	daß	SCONJ	KOUS								
13018010	24	er	PRON	PPER				3	S		Nom	M
13018010	25	wider	ADP	PTKVZ								
13018010	26	Hadareser	NOUN	NN					S		Nom	M
13018010	27	streiten	VERB	VVPP		Part						
13018010	28	und	CCONJ	KON								
13018010	29	ihn	PRON	PPER				3	S		Acc	M
13018010	30	schlagen	VERB	VVPP		Part						
13018010	31	haben	AUX	VAFIN		Fin	Past	3	S	Ind		
13018010	32	denn	CCONJ	KON								
13018010	33	Hadareser	NOUN	NN					S		Nom	M
13018010	34	sein	AUX	VAFIN		Fin	Past	3	S	Ind		
13018010	35	stets	ADV	ADV								
13018010	36	in	ADP	APPRART					S		Dat	N
13018010	37	Krieg	NOUN	NN					P		Nom	M
13018010	38	mit	ADP	APPR								
13018010	39	Tou	PROPN	NE					S		Nom	
13018010	40	und	CCONJ	KON								
13018010	41	er	PRON	PPER				3	S		Nom	M
13018010	42	senden	VERB	VVFIN		Fin	Past	3	S	Ind		
13018010	43	allerlei	DET	PIAT								
13018010	44	Gerät	NOUN	NN					P		Nom	N
13018010	45	von	ADP	APPR								
13018010	46	Gold	NOUN	NN					S		Nom	N
13018010	47	und	CCONJ	KON								
13018010	48	von	ADP	APPR								
13018010	49	Silber	NOUN	NN					S		Nom	N
13018010	50	und	CCONJ	KON								
13018010	51	von	ADP	APPR								
13018010	52	Erz	NOUN	NN					S		Nom	N
13018011	1	auch	ADV	ADV								
13018011	2	dieser	DET	PDAT					S		Nom	F
13018011	3	heiligen	VERB	VVFIN		Fin	Past	3	S	Ind		
13018011	4	der	DET	ART					S		Nom	M
13018011	5	König	NOUN	NN					S		Nom	M
13018011	6	David	PROPN	NE					S		Nom	M
13018011	7	der	DET	ART					S		Dat	M
13018011	8	Jahwe	NOUN	NN					S		Nom	M
13018011	9	samt	ADP	APPR								
13018011	10	der	DET	ART					S		Dat	M
13018011	11	Silber	NOUN	NN					S		Nom	N
13018011	12	und	CCONJ	KON								
13018011	13	der	DET	ART					S		Dat	M
13018011	14	Golde	NOUN	NN					S		Nom	N
13018011	15	der	DET	ART					S		Nom	N
13018011	16	er	PRON	PPER				3	S		Nom	M
13018011	17	von	ADP	APPR								
13018011	18	all	DET	PIAT								
13018011	19	der	DET	ART					S		Acc	M
13018011	20	Nation	NOUN	NN					P		Nom	F
13018011	21	nehmen	VERB	VVPP		Part						
13018011	22	haben	AUX	VAFIN		Fin	Past	3	S	Ind		
13018011	23	von	ADP	APPR								
13018011	24	der	DET	ART					S		Acc	M
13018011	25	Edomiter	NOUN	NN					S		Nom	M
13018011	26	und	CCONJ	KON								
13018011	27	von	ADP	APPR								
13018011	28	der	DET	ART					S		Acc	M
13018011	29	Moabiter	NOUN	NN							Nom	M
13018011	30	und	CCONJ	KON								
13018011	31	von	ADP	APPR								
13018011	32	der	DET	ART					S		Acc	M
13018011	33	Kind	NOUN	NN					P		Dat	N
13018011	34	Ammon	PROPN	NE					S		Nom	
13018011	35	und	CCONJ	KON								
13018011	36	von	ADP	APPR								
13018011	37	der	DET	ART					S		Acc	M
13018011	38	Philister	NOUN	NN					P		Dat	M
13018011	39	und	CCONJ	KON								
13018011	40	von	ADP	APPR								
13018011	41	der	DET	ART					S		Acc	M
13018011	42	Amalekit	NOUN	NN					S		Nom	N
13018012	1	und	CCONJ	KON								
13018012	2	Abisai	VERB	VVPP		Part						
13018012	3	der	DET	ART					S		Nom	M
13018012	4	Sohn	NOUN	NN					S		Nom	M
13018012	5	der	DET	ART					S		Nom	M
13018012	6	Zeruja	PROPN	NE					S		Nom	N
13018012	7	schlagen	VERB	VVFIN		Fin	Past	3	S	Ind		
13018012	8	der	DET	ART					S		Nom	F
13018012	9	Edomiter	NOUN	NN					S		Nom	M
13018012	10	in	ADP	APPRART					S		Dat	N
13018012	11	Salztal	PROPN	NE					S		Nom	
13018012	12	18000	NUM	CARD								
13018012	13	Mann	NOUN	NN					S		Nom	M
13018013	1	und	CCONJ	KON								
13018013	2	er	PRON	PPER				3	S		Nom	M
13018013	3	legen	VERB	VVFIN		Fin	Past	3	S	Ind		
13018013	4	Besatzung	NOUN	NN					P		Nom	F
13018013	5	in	ADP	APPR								
13018013	6	Edom	PROPN	NE					S		Nom	
13018013	7	und	CCONJ	KON								
13018013	8	aller	PRON	PIS					P		Nom	
13018013	9	Edomiter	NOUN	NN					S		Nom	M
13018013	10	werden	AUX	VAFIN		Fin	Past	3	P	Ind		
13018013	11	David	PROPN	NE					S		Nom	M
13018013	12	zu	ADP	PTKVZ								
13018013	13	knechte	NOUN	NN					P		Nom	M
13018013	14	und	CCONJ	KON								
13018013	15	Jahwe	NOUN	NN					S		Nom	M
13018013	16	helfen	VERB	VVFIN		Fin	Past	3	S	Ind		
13018013	17	David	PROPN	NE					S		Nom	M
13018013	18	überall	ADV	ADV								
13018013	19	wohin	ADV	PWAV								
13018013	20	er	PRON	PPER				3	S		Nom	M
13018013	21	ziehen	VERB	VVFIN		Fin	Past	3	S	Ind		
13018014	1	und	CCONJ	KON								
13018014	2	David	PROPN	NE					S		Nom	M
13018014	3	regieren	VERB	VVFIN		Fin	Past	3	S	Ind		
13018014	4	über	ADP	APPR								
13018014	5	ganz	ADV	ADV								
13018014	6	Israel	PROPN	NE					S		Nom	N
13018014	7	und	CCONJ	KON								
13018014	8	er	PRON	PPER				3	S		Nom	M
13018014	9	üben	VERB	VVFIN		Fin	Past	3	S	Ind		
13018014	10	Recht	NOUN	NN					S		Nom	N
13018014	11	und	CCONJ	KON								
13018014	12	Gerechtigkeit	NOUN	NN					S		Nom	F
13018014	13	an	ADP	PTKVZ								
13018014	14	sein	DET	PPOSAT					S		Dat	M
13018014	15	ganz	PRON	ADJA					S		Nom	M
13018014	16	Volke	NOUN	NN					S		Nom	M
13018015	1	und	CCONJ	KON								
13018015	2	Joab	PROPN	NE					S		Nom	M
13018015	3	der	DET	ART					S		Nom	M
13018015	4	Sohn	NOUN	NN					S		Nom	M
13018015	5	der	DET	ART					S		Nom	M
13018015	6	Zeruja	PROPN	NE					S		Nom	N
13018015	7	sein	AUX	VAFIN		Fin	Past	3	S	Ind		
13018015	8	über	ADP	APPR								
13018015	9	der	DET	ART					S		Nom	N
13018015	10	Heer	NOUN	NN					S		Nom	N
13018015	11	und	CCONJ	KON								
13018015	12	Josaphat	PROPN	NE								
13018015	13	der	DET	ART					S		Nom	M
13018015	14	Sohn	NOUN	NN					S		Nom	M
13018015	15	Ahilud	NOUN	NN					P		Nom	N
13018015	16	sein	AUX	VAFIN		Fin	Past	3	S	Ind		
13018015	17	Geschichtsschreiber	NOUN	NN					S		Nom	M
13018016	1	und	CCONJ	KON								
13018016	2	Zadok	NOUN	NE					P		Nom	M
13018016	3	der	DET	ART					S		Nom	M
13018016	4	Sohn	NOUN	NN					S		Nom	M
13018016	5	Ahitub	PROPN	NE					S		Gen	
13018016	6	und	CCONJ	KON								
13018016	7	Ahimelech	PROPN	NE					S		Nom	M
13018016	8	der	DET	ART					S		Nom	M
13018016	9	Sohn	NOUN	NN					S		Nom	M
13018016	10	Abjathar	PROPN	NE					S		Gen	
13018016	11	sein	AUX	VAFIN		Fin	Past	3	P	Ind		
13018016	12	Priester	NOUN	NN					P		Nom	M
13018016	13	und	CCONJ	KON								
13018016	14	Schawscha	NOUN	NE					S		Nom	F
13018016	15	sein	AUX	VAFIN		Fin	Past	3	S	Ind		
13018016	16	Schreiber	PROPN	NE					S		Nom	M
13018017	1	und	CCONJ	KON								
13018017	2	Benaja	PROPN	NE					S		Nom	
13018017	3	der	DET	ART					S		Nom	M
13018017	4	Sohn	NOUN	NN					S		Nom	M
13018017	5	Jojadas	PROPN	NE					S		Gen	
13018017	6	sein	AUX	VAFIN		Fin	Past	3	S	Ind		
13018017	7	über	ADP	APPR								
13018017	8	der	DET	ART					S		Nom	F
13018017	9	Kerethiter	NOUN	NN					S		Nom	M
13018017	10	und	CCONJ	KON								
13018017	11	der	DET	ART					S		Nom	F
13018017	12	Pelethiter	NOUN	NN					S		Nom	M
13018017	13	und	CCONJ	KON								
13018017	14	der	DET	ART					S		Nom	F
13018017	15	Sohn	NOUN	NN					P		Nom	M
13018017	16	David	PROPN	NE					S		Gen	M
13018017	17	sein	AUX	VAFIN		Fin	Past	3	P	Ind		
13018017	18	der	DET	ART					S		Nom	F
13018017	19	erster	ADJ	ADJA	Pos				S		Dat	M
13018017	20	zu	ADP	APPRART					S		Dat	F
13018017	21	Seite	NOUN	NN					S		Nom	F
13018017	22	der	DET	ART					S		Gen	M
13018017	23	König	PROPN	NE					S		Nom	
13019001	1	und	CCONJ	KON								
13019001	2	es	PRON	PPER				3	S		Nom	N
13019001	3	geschehen	VERB	VVFIN		Fin	Past	3	S	Ind		
13019001	4	Hernach	ADV	PROAV								
13019001	5	da	ADV	ADV								
13019001	6	sterben	VERB	VVFIN		Fin	Past	3	S	Ind		
13019001	7	Naha	PROPN	NE					S		Nom	M
13019001	8	der	DET	ART					S		Nom	M
13019001	9	König	NOUN	NN					S		Nom	M
13019001	10	der	DET	ART					S		Nom	M
13019001	11	Kind	NOUN	NN					P		Nom	N
13019001	12	Ammon	PROPN	NE					S		Nom	
13019001	13	und	CCONJ	KON								
13019001	14	sein	AUX	VAINF		Inf						
13019001	15	Sohn	NOUN	NN					S		Nom	M
13019001	16	werden	VERB	VAFIN		Fin	Past	3	S	Ind		
13019001	17	König	NOUN	NN					S		Nom	M
13019001	18	an	ADP	PTKVZ								
13019001	19	sein	DET	PPOSAT					S		Dat	F
13019001	20	statt	SCONJ	KOUI								
13019002	1	und	CCONJ	KON								
13019002	2	David	PROPN	NE					S		Nom	M
13019002	3	sprechen	VERB	VVFIN		Fin	Past	3	S	Ind		
13019002	4	ich	PRON	PPER				1	S		Nom	
13019002	5	wollen	AUX	VMFIN		Fin	Pres	3	S	Ind		
13019002	6	Güte	NOUN	NN					S		Nom	F
13019002	7	erweisen	VERB	VVINF		Inf						
13019002	8	an	ADP	PTKVZ								
13019002	9	Hanun	PROPN	NE					S		Nom	
13019002	10	der	DET	ART					S		Dat	M
13019002	11	Sohn	NOUN	NN					S		Acc	M
13019002	12	Naha	PROPN	NE					S		Nom	M
13019002	13	denn	CCONJ	KON								
13019002	14	sein	AUX	VAINF		Inf						
13019002	15	Vater	NOUN	NN					S		Nom	M
13019002	16	haben	AUX	VAFIN		Fin	Pres	3	S	Ind		
13019002	17	Güte	NOUN	NN					S		Nom	F
13019002	18	an	ADP	PTKVZ								
13019002	19	mir	PRON	PPER				1	S		Dat	
13019002	20	erweisen	VERB	VVPP		Part						
13019002	21	und	CCONJ	KON								
13019002	22	David	PROPN	NE					S		Nom	M
13019002	23	senden	VERB	VVFIN		Fin	Past	3	S	Ind		
13019002	24	Bote	NOUN	NN					P		Nom	M
13019002	25	um	ADP	APPR								
13019002	26	ihn	PRON	PPER				3	S		Acc	M
13019002	27	wegen	ADP	APPR								
13019002	28	sein	DET	PPOSAT					S		Gen	M
13019002	29	Vater	NOUN	NN					S		Gen	M
13019002	30	zu	ADP	PTKVZ								
13019002	31	trösten	VERB	VVINF		Inf						
13019002	32	und	CCONJ	KON								
13019002	33	der	DET	ART					S		Nom	F
13019002	34	Knecht	NOUN	NN					P		Nom	M
13019002	35	David	PROPN	NE					S		Gen	M
13019002	36	kommen	VERB	VVFIN		Fin	Past	3	P	Ind		
13019002	37	in	ADP	APPR								
13019002	38	der	DET	ART					S		Nom	N
13019002	39	Land	NOUN	NN					S		Nom	N
13019002	40	der	DET	ART					S		Nom	M
13019002	41	Kind	NOUN	NN					P		Nom	N
13019002	42	Ammon	PROPN	NE					S		Nom	
13019002	43	zu	ADP	PTKVZ								
13019002	44	Hanun	PROPN	NE					S		Nom	
13019002	45	um	ADP	APPR								
13019002	46	ihn	PRON	PPER				3	S		Acc	M
13019002	47	zu	ADP	PTKVZ								
13019002	48	trösten	VERB	VVINF		Inf						
13019003	1	da	SCONJ	KOUS								
13019003	2	sprechen	VERB	VVFIN		Fin	Past	3	P	Ind		
13019003	3	der	DET	ART					S		Nom	F
13019003	4	Fürst	NOUN	NN					P		Nom	M
13019003	5	der	DET	ART					S		Nom	M
13019003	6	Kind	NOUN	NN					P		Nom	N
13019003	7	Ammon	PROPN	NE					S		Nom	
13019003	8	zu	ADP	PTKVZ								
13019003	9	Hanun	PROPN	NE					S		Nom	
13019003	10	Ehrt	PROPN	NE					S		Nom	
13019003	11	wohl	ADV	ADV								
13019003	12	David	PROPN	NE					S		Nom	M
13019003	13	dein	DET	PPOSAT					S		Acc	M
13019003	14	Vater	NOUN	NN					S		Nom	M
13019003	15	in	ADP	APPR								
13019003	16	dein	DET	PPOSAT					S		Acc	M
13019003	17	Auge	NOUN	NN					P		Nom	N
13019003	18	daß	SCONJ	KOUS								
13019003	19	er	PRON	PPER				3	S		Nom	M
13019003	20	Tröster	NOUN	NN					S		Nom	M
13019003	21	zu	ADP	PTKVZ								
13019003	22	dir	PRON	PPER				2	S		Dat	
13019003	23	gesandt	VERB	VVPP		Part						
13019003	24	haben	AUX	VAFIN		Fin	Pres	3	S	Ind		
13019003	25	Sein	AUX	VAFIN		Fin	Pres	3	P	Ind		
13019003	26	nicht	PART	PTKNEG								
13019003	27	sein	DET	PPOSAT					S		Nom	F
13019003	28	Knecht	NOUN	NN					P		Nom	M
13019003	29	zu	ADP	PTKVZ								
13019003	30	dir	PRON	PPER				2	S		Dat	
13019003	31	kommen	VERB	VVPP		Part						
13019003	32	um	ADP	APPR								
13019003	33	der	DET	ART					S		Nom	N
13019003	34	Land	NOUN	NN					S		Nom	N
13019003	35	zu	ADP	PTKVZ								
13019003	36	erforschen	VERB	VVINF		Inf						
13019003	37	und	CCONJ	KON								
13019003	38	es	PRON	PPER				3	S		Nom	N
13019003	39	umkehren	VERB	VVIZU		Inf						
13019003	40	und	CCONJ	KON								
13019003	41	Auszukundschaft	NOUN	VVIZU					P		Nom	F
13019004	1	da	SCONJ	KOUS								
13019004	2	nehmen	VERB	VVFIN		Fin	Past	3	S	Ind		
13019004	3	Hanun	PROPN	NE					S		Nom	
13019004	4	der	DET	ART					S		Nom	F
13019004	5	Knecht	NOUN	NN					P		Nom	M
13019004	6	David	PROPN	NE					S		Gen	M
13019004	7	und	CCONJ	KON								
13019004	8	lassen	VERB	VVFIN		Fin	Past	3	S	Ind		
13019004	9	sie	PRON	PPER				3	P		Nom	
13019004	10	scheren	VERB	VVFIN		Fin	Pres	3	P	Ind		
13019004	11	und	CCONJ	KON								
13019004	12	ihr	DET	PPOSAT					S		Nom	F
13019004	13	Oberkleid	NOUN	NN					S		Nom	M
13019004	14	zu	ADP	APPRART					S		Dat	F
13019004	15	Hälfte	NOUN	NN					S		Nom	F
13019004	16	abschneiden	VERB	VVINF		Inf						
13019004	17	bis	CCONJ	KON								
13019004	18	an	ADP	APPRART					S		Acc	N
13019004	19	Gesäß	PROPN	NE					S		Nom	N
13019004	20	und	CCONJ	KON								
13019004	21	er	PRON	PPER				3	S		Nom	M
13019004	22	entlassen	VERB	VVFIN		Fin	Past	3	S	Ind		
13019004	23	sie	PRON	PPER				3	P		Nom	
13019005	1	und	CCONJ	KON								
13019005	2	man	PRON	PIS					S		Nom	
13019005	3	gehen	VERB	VVFIN		Fin	Past	3	S	Ind		
13019005	4	und	CCONJ	KON								
13019005	5	berichten	VERB	VVFIN		Fin	Past	3	S	Ind		
13019005	6	David	PROPN	NE					S		Nom	M
13019005	7	wegen	ADP	APPR								
13019005	8	der	DET	ART					S		Nom	M
13019005	9	Mann	NOUN	NN					P		Nom	M
13019005	10	da	SCONJ	KOUS								
13019005	11	senden	VERB	VVFIN		Fin	Past	3	S	Ind		
13019005	12	er	PRON	PPER				3	S		Nom	M
13019005	13	ihnen	PRON	PPER				3	P		Dat	
13019005	14	entgegen	ADP	PTKVZ								
13019005	15	denn	CCONJ	KON								
13019005	16	der	DET	ART					S		Nom	F
13019005	17	Mann	NOUN	NN					P		Nom	M
13019005	18	schämen	VERB	VVFIN		Fin	Past	3	P	Ind		
13019005	19	sich	PRON	PRF				3	S		Acc	
13019005	20	sehr	ADV	ADV								
13019005	21	und	CCONJ	KON								
13019005	22	der	DET	ART					S		Nom	M
13019005	23	König	NOUN	NN					S		Nom	M
13019005	24	lassen	VERB	VVFIN		Fin	Past	3	S	Ind		
13019005	25	ihnen	PRON	PPER				3	P		Dat	
13019005	26	sagen	VERB	VVINF		Inf						
13019005	27	Bleibet	X	FM								
13019005	28	in	ADP	APPR								
13019005	29	Jericho	PROPN	NE					S		Nom	N
13019005	30	bis	CCONJ	KON								
13019005	31	euer	DET	PPOSAT					S		Nom	M
13019005	32	Bart	NOUN	NN					S		Nom	M
13019005	33	wachsen	ADV	VVPP	Pos							
13019005	34	sein	AUX	VAFIN		Fin	Pres	3	S	Ind		
13019005	35	dann	ADV	ADV								
13019005	36	kommet	VERB	VVFIN		Fin	Pres	3	S	Sub		
13019005	37	zurück	ADV	PTKVZ								
13019006	1	als	ADP	APPR								
13019006	2	nun	ADV	ADV								
13019006	3	der	DET	ART					S		Nom	F
13019006	4	Kind	NOUN	NN					P		Nom	N
13019006	5	Ammon	PROPN	NE					S		Nom	
13019006	6	sehen	VERB	VVFIN		Fin	Past	3	P	Ind		
13019006	7	daß	SCONJ	KOUS								
13019006	8	sie	PRON	PPER				3	P		Nom	
13019006	9	sich	PRON	PRF				3	S		Acc	
13019006	10	bei	ADP	APPR								
13019006	11	David	PROPN	NE					S		Nom	M
13019006	12	stinkend	ADV	ADJD	Pos							
13019006	13	machen	VERB	VVPP		Part						
13019006	14	haben	AUX	VAFIN		Fin	Past	3	P	Ind		
13019006	15	da	ADV	ADV								
13019006	16	sandn	VERB	VVFIN		Fin	Past	3	P	Ind		
13019006	17	Hanun	PROPN	NE					S		Nom	
13019006	18	und	CCONJ	KON								
13019006	19	der	DET	ART					S		Nom	F
13019006	20	Kind	NOUN	NN					P		Nom	N
13019006	21	Ammon	PROPN	NE					S		Nom	
13019006	22	tausend	NUM	CARD								
13019006	23	Talent	NOUN	NN					P		Nom	N
13019006	24	Silber	NOUN	NN					S		Nom	N
13019006	25	um	ADP	APPR								
13019006	26	sich	PRON	PRF				3	S		Acc	
13019006	27	aus	ADP	PTKVZ								
13019006	28	Mesopotamien	PROPN	NE					S		Nom	N
13019006	29	und	CCONJ	KON								
13019006	30	aus	ADP	PTKVZ								
13019006	31	Aram-Maaka	PROPN	NE					S		Nom	
13019006	32	und	CCONJ	KON								
13019006	33	aus	ADP	PTKVZ								
13019006	34	Zoba	PROPN	NE					S		Nom	
13019006	35	Wagen	NOUN	NN					S		Nom	M
13019006	36	und	CCONJ	KON								
13019006	37	Reiter	NOUN	NN					S		Nom	M
13019006	38	zu	ADP	PTKVZ								
13019006	39	dingen	NOUN	NN					P		Dat	N
13019007	1	und	CCONJ	KON								
13019007	2	sie	PRON	PPER				3	P		Nom	
13019007	3	dingten	VERB	VVPP		Fin	Past	3	P	Ind		
13019007	4	sich	PRON	PRF				3	S		Acc	
13019007	5	32000	NUM	CARD								
13019007	6	Wagen	NOUN	NN					S		Nom	M
13019007	7	und	CCONJ	KON								
13019007	8	der	DET	ART					S		Acc	M
13019007	9	König	NOUN	NN					S		Nom	M
13019007	10	von	ADP	APPR								
13019007	11	Maaka	PROPN	NE					S		Nom	N
13019007	12	mit	ADP	APPR								
13019007	13	sein	DET	PPOSAT					S		Dat	M
13019007	14	Volke	NOUN	NN					S		Nom	M
13019007	15	und	CCONJ	KON								
13019007	16	sie	PRON	PPER				3	P		Nom	
13019007	17	kommen	VERB	VVFIN		Fin	Past	3	P	Ind		
13019007	18	und	CCONJ	KON								
13019007	19	lageren	VERB	VVFIN		Fin	Past	3	P	Ind		
13019007	20	sich	PRON	PRF				3	S		Acc	
13019007	21	vor	ADP	APPR								
13019007	22	Medeba	PROPN	NE					S		Nom	
13019007	23	und	CCONJ	KON								
13019007	24	der	DET	ART					S		Nom	F
13019007	25	Kind	NOUN	NN					P		Nom	N
13019007	26	Ammon	PROPN	NE					S		Nom	
13019007	27	versammeln	VERB	ADJA		Fin	Past	3	P	Ind		
13019007	28	sich	PRON	PRF				3	S		Acc	
13019007	29	aus	ADP	PTKVZ								
13019007	30	ihr	DET	PPOSAT					S		Acc	M
13019007	31	Stadt	NOUN	NN					P		Nom	F
13019007	32	und	CCONJ	KON								
13019007	33	kommen	VERB	VVFIN		Fin	Past	3	P	Ind		
13019007	34	zu	ADP	APPRART					S		Dat	N
13019007	35	Streit	NOUN	NN					S		Nom	M
13019008	1	und	CCONJ	KON								
13019008	2	als	ADP	KOKOM								
13019008	3	David	PROPN	NE					S		Nom	M
13019008	4	es	PRON	PPER				3	S		Nom	N
13019008	5	hören	VERB	VVFIN		Fin	Past	3	S	Ind		
13019008	6	senden	VERB	VVFIN		Fin	Past	3	S	Ind		
13019008	7	er	PRON	PPER				3	S		Nom	M
13019008	8	Joab	PROPN	NE					S		Nom	M
13019008	9	hin	ADV	ADV								
13019008	10	und	CCONJ	KON								
13019008	11	der	DET	ART					S		Nom	N
13019008	12	ganz	ADJ	ADJA	Pos				S		Nom	F
13019008	13	Heer	NOUN	NN					S		Nom	N
13019008	14	der	DET	ART					S		Nom	F
13019008	15	Held	NOUN	NN					P		Nom	M
13019009	1	und	CCONJ	KON								
13019009	2	der	DET	ART					S		Nom	F
13019009	3	Kind	NOUN	NN					P		Nom	N
13019009	4	Ammon	PROPN	NE					S		Nom	
13019009	5	ziehen	VERB	VVFIN		Fin	Past	3	P	Ind		
13019009	6	aus	ADP	PTKVZ								
13019009	7	und	CCONJ	KON								
13019009	8	stellen	VERB	VVFIN		Fin	Past	3	P	Ind		
13019009	9	sich	PRON	PRF				3	S		Acc	
13019009	10	an	ADP	APPRART					S		Dat	M
13019009	11	Eingang	NOUN	NN					S		Nom	M
13019009	12	der	DET	ART					S		Nom	M
13019009	13	Stadt	NOUN	NN					S		Nom	F
13019009	14	in	ADP	APPR								
13019009	15	Schlachtordnung	NOUN	NN					P		Nom	F
13019009	16	auf	ADP	PTKVZ								
13019009	17	und	CCONJ	KON								
13019009	18	der	DET	ART					S		Nom	F
13019009	19	König	NOUN	NN					P		Nom	M
13019009	20	der	DET	ART					S		Nom	F
13019009	21	kommen	VERB	VVPP		Part						
13019009	22	sein	AUX	VAFIN		Fin	Past	3	P	Ind		
13019009	23	sein	AUX	VAFIN		Fin	Past	3	P	Ind		
13019009	24	für	ADP	APPR								
13019009	25	sich	PRON	PRF				3	S		Acc	
13019009	26	auf	ADP	PTKVZ								
13019009	27	der	DET	ART					S		Dat	M
13019009	28	Feld	NOUN	NN					S		Nom	N
13019010	1	und	CCONJ	KON								
13019010	2	als	ADP	KOKOM								
13019010	3	Joab	PROPN	NE					S		Nom	M
13019010	4	sehen	VERB	VVFIN		Fin	Past	3	S	Ind		
13019010	5	daß	SCONJ	KOUS								
13019010	6	der	DET	ART					S		Nom	M
13019010	7	Streit	NOUN	NN					S		Nom	M
13019010	8	von	ADP	APPR								
13019010	9	vorn	ADV	ADV								
13019010	10	und	CCONJ	KON								
13019010	11	von	ADP	APPR								
13019010	12	hinten	ADV	ADV								
13019010	13	gegen	ADP	APPR								
13019010	14	ihn	PRON	PPER				3	S		Acc	M
13019010	15	richten	VERB	VVPP		Part						
13019010	16	sein	AUX	VAFIN		Fin	Past	3	S	Ind		
13019010	17	da	ADV	ADV								
13019010	18	erwählen	VERB	VVFIN		Fin	Past	3	S	Ind		
13019010	19	er	PRON	PPER				3	S		Nom	M
13019010	20	von	ADP	APPR								
13019010	21	aller	DET	PIS					P		Dat	
13019010	22	Auserlesen	NOUN	NN					S		Nom	N
13019010	23	Israel	PROPN	NE					S		Gen	N
13019010	24	und	CCONJ	KON								
13019010	25	stellen	VERB	VVFIN		Fin	Past	3	S	Ind		
13019010	26	sich	PRON	PRF				3	S		Acc	
13019010	27	auf	ADP	PTKVZ								
13019010	28	der	DET	ART					S		Acc	M
13019010	29	Syrer	NOUN	NN					P		Dat	M
13019010	30	gegenüber	ADP	APPO								
13019011	1	und	CCONJ	KON								
13019011	2	der	DET	ART					S		Nom	N
13019011	3	übrig	ADJ	ADJA	Pos				S		Nom	F
13019011	4	Volk	NOUN	NN					S		Nom	N
13019011	5	übergeben	VERB	VVFIN		Fin	Past	3	S	Ind		
13019011	6	er	PRON	PPER				3	S		Nom	M
13019011	7	der	DET	ART					S		Nom	M
13019011	8	Hand	NOUN	NN					S		Nom	F
13019011	9	sein	DET	PPOSAT					S		Gen	M
13019011	10	Bruder	NOUN	NN					S		Gen	M
13019011	11	Abisai	VERB	VVPP		Part						
13019011	12	und	CCONJ	KON								
13019011	13	sie	PRON	PPER				3	P		Nom	
13019011	14	stellen	VERB	VVFIN		Fin	Past	3	P	Ind		
13019011	15	sich	PRON	PRF				3	S		Acc	
13019011	16	auf	ADP	PTKVZ								
13019011	17	der	DET	ART					S		Acc	M
13019011	18	Kind	NOUN	NN					P		Dat	N
13019011	19	Ammon	PROPN	NE					S		Nom	
13019011	20	gegenüber	ADP	APPO								
13019012	1	und	CCONJ	KON								
13019012	2	er	PRON	PPER				3	S		Nom	M
13019012	3	sprechen	VERB	VVFIN		Fin	Past	3	S	Ind		
13019012	4	wenn	SCONJ	KOUS								
13019012	5	der	DET	ART					S		Nom	F
13019012	6	Syrer	NOUN	NN					P		Nom	M
13019012	7	mir	PRON	PPER				1	S		Dat	
13019012	8	zu	ADP	PTKVZ								
13019012	9	stark	ADV	ADJD	Pos							
13019012	10	sein	AUX	VAFIN		Fin	Pres	3	P	Ind		
13019012	11	so	ADV	ADV								
13019012	12	sollst	AUX	VMFIN		Fin	Pres	3	S	Ind		
13019012	13	du	PRON	PPER				2	S		Nom	
13019012	14	mir	PRON	PPER				1	S		Dat	
13019012	15	Hülfe	NOUN	NN					S		Nom	F
13019012	16	leisten	VERB	VVINF		Inf						
13019012	17	und	CCONJ	KON								
13019012	18	wenn	SCONJ	KOUS								
13019012	19	der	DET	ART					S		Nom	F
13019012	20	Kind	NOUN	NN					P		Nom	N
13019012	21	Ammon	PROPN	NE					S		Nom	
13019012	22	dir	PRON	PPER				2	S		Dat	
13019012	23	zu	ADP	PTKVZ								
13019012	24	stark	ADV	ADJD	Pos							
13019012	25	sein	AUX	VAFIN		Fin	Pres	3	P	Ind		
13019012	26	so	ADV	ADV								
13019012	27	wollen	AUX	VMFIN		Fin	Pres	3	S	Ind		
13019012	28	ich	PRON	PPER				1	S		Nom	
13019012	29	dir	PRON	PPER				2	S		Dat	
13019012	30	helfen	VERB	VVINF		Inf						
13019013	1	Sein	AUX	VAFIN		Fin	Pres	3	S	Sub		
13019013	2	stark	ADV	ADJD	Pos							
13019013	3	und	CCONJ	KON								
13019013	4	laß	VERB	VVIMP				2	S	Imp		
13019013	5	uns	PRON	PPER				1	P		Acc	
13019013	6	stark	ADV	ADJD	Pos							
13019013	7	sein	AUX	VAINF		Inf						
13019013	8	für	ADP	APPR								
13019013	9	unser	DET	PPOSAT					S		Nom	N
13019013	10	Volk	NOUN	NN					S		Nom	N
13019013	11	und	CCONJ	KON								
13019013	12	für	ADP	APPR								
13019013	13	der	DET	ART					S		Nom	F
13019013	14	Stadt	NOUN	NN					P		Nom	F
13019013	15	unser	DET	PPOSAT					S		Gen	M
13019013	16	Gott	NOUN	NN					S		Gen	M
13019013	17	und	CCONJ	KON								
13019013	18	Jahwe	NOUN	NN					S		Nom	M
13019013	19	werden	AUX	VAFIN		Fin	Pres	3	S	Ind		
13019013	20	tun	VERB	VVINF		Inf						
13019013	21	was	PRON	PWS					S		Nom	N
13019013	22	gut	ADV	ADJD	Pos							
13019013	23	sein	AUX	VAFIN		Fin	Pres	3	S	Ind		
13019013	24	in	ADP	APPR								
13019013	25	sein	DET	PPOSAT					S		Acc	M
13019013	26	Auge	NOUN	NN					P		Nom	N
13019014	1	da	SCONJ	KOUS								
13019014	2	rücken	VERB	VVFIN		Fin	Past	3	S	Ind		
13019014	3	Joab	PROPN	NE					S		Nom	M
13019014	4	und	CCONJ	KON								
13019014	5	der	DET	ART					S		Nom	N
13019014	6	Volk	NOUN	NN					S		Nom	N
13019014	7	der	DET	ART					S		Nom	N
13019014	8	bei	ADP	APPR								
13019014	9	ihm	PRON	PPER				3	S		Dat	M
13019014	10	sein	AUX	VAFIN		Fin	Past	3	S	Ind		
13019014	11	vor	ADP	APPR								
13019014	12	der	DET	ART					S		Acc	M
13019014	13	Syrer	NOUN	NN					P		Dat	M
13019014	14	entgegen	ADP	PTKVZ								
13019014	15	zu	ADP	APPRART					S		Dat	N
13019014	16	Streit	NOUN	NN					S		Nom	M
13019014	17	und	CCONJ	KON								
13019014	18	sie	PRON	PPER				3	P		Nom	
13019014	19	fliehen	VERB	VVFIN		Fin	Past	3	P	Ind		
13019014	20	vor	ADP	APPR								
13019014	21	ihm	PRON	PPER				3	S		Dat	M
13019015	1	und	CCONJ	KON								
13019015	2	als	ADP	KOKOM								
13019015	3	der	DET	ART					S		Nom	F
13019015	4	Kind	NOUN	NN					P		Nom	N
13019015	5	Ammon	PROPN	NE					S		Nom	
13019015	6	sehen	VERB	VVFIN		Fin	Past	3	P	Ind		
13019015	7	daß	SCONJ	KOUS								
13019015	8	der	DET	ART					S		Nom	F
13019015	9	Syrer	NOUN	NN					P		Nom	M
13019015	10	fliehen	VERB	VVPP		Part						
13019015	11	sein	AUX	VAFIN		Fin	Past	3	P	Ind		
13019015	12	da	ADV	ADV								
13019015	13	fliehen	VERB	VVFIN		Fin	Past	3	P	Ind		
13019015	14	auch	ADV	ADV								
13019015	15	sie	PRON	PPER				3	P		Nom	
13019015	16	vor	ADP	APPR								
13019015	17	sein	DET	PPOSAT					S		Dat	M
13019015	18	Bruder	NOUN	NN					S		Nom	M
13019015	19	Abisai	VERB	VVPP		Part						
13019015	20	und	CCONJ	KON								
13019015	21	ziehen	VERB	VVFIN		Fin	Past	3	P	Ind		
13019015	22	sich	PRON	PRF				3	S		Acc	
13019015	23	in	ADP	APPR								
13019015	24	der	DET	ART					S		Nom	F
13019015	25	Stadt	NOUN	NN					S		Nom	F
13019015	26	zurück	ADV	PTKVZ								
13019015	27	und	CCONJ	KON								
13019015	28	Joab	PROPN	NE					S		Nom	M
13019015	29	kommen	VERB	VVFIN		Fin	Past	3	S	Ind		
13019015	30	nach	ADP	APPR								
13019015	31	Jerusalem	PROPN	NE					S		Nom	N
13019016	1	und	CCONJ	KON								
13019016	2	als	ADP	KOKOM								
13019016	3	der	DET	ART					S		Nom	F
13019016	4	Syrer	NOUN	NN					P		Nom	M
13019016	5	sehen	VERB	VVFIN		Fin	Past	3	P	Ind		
13019016	6	daß	SCONJ	KOUS								
13019016	7	sie	PRON	PPER				3	P		Nom	
13019016	8	vor	ADP	APPR								
13019016	9	Israel	PROPN	NE					S		Nom	N
13019016	10	schlagen	VERB	VVPP		Part						
13019016	11	sein	AUX	VAFIN		Fin	Past	3	P	Ind		
13019016	12	da	ADV	ADV								
13019016	13	sandn	VERB	VVFIN		Fin	Past	3	P	Ind		
13019016	14	sie	PRON	PPER				3	P		Nom	
13019016	15	Bote	NOUN	NN					P		Nom	M
13019016	16	hin	ADV	ADV								
13019016	17	und	CCONJ	KON								
13019016	18	lassen	VERB	VVFIN		Fin	Past	3	P	Ind		
13019016	19	der	DET	ART					S		Nom	F
13019016	20	Syrer	NOUN	NN					P		Nom	M
13019016	21	ausziehen	VERB	VVINF		Inf						
13019016	22	der	DET	ART					S		Nom	F
13019016	23	jenseit	ADV	APPR								
13019016	24	der	DET	ART					S		Gen	M
13019016	25	Strome	NOUN	NN					P		Nom	M
13019016	26	sein	AUX	VAFIN		Fin	Past	3	P	Ind		
13019016	27	und	CCONJ	KON								
13019016	28	Schophak	PROPN	NE					S		Nom	
13019016	29	der	DET	ART					S		Nom	M
13019016	30	Heeroberst	NOUN	NN					P		Nom	M
13019016	31	Hadareser	PROPN	NE					S		Gen	
13019016	32	ziehen	VERB	VVFIN		Fin	Past	3	S	Ind		
13019016	33	vor	ADP	APPR								
13019016	34	ihnen	PRON	PPER				3	P		Dat	
13019016	35	her	ADV	ADV								
13019017	1	und	CCONJ	KON								
13019017	2	es	PRON	PPER				3	S		Nom	N
13019017	3	werden	AUX	VAFIN		Fin	Past	3	S	Ind		
13019017	4	David	PROPN	NE					S		Nom	M
13019017	5	berichten	VERB	VVFIN		Fin	Pres	3	S	Ind		
13019017	6	da	ADV	ADV								
13019017	7	versammeln	VERB	VVFIN		Fin	Past	3	S	Ind		
13019017	8	er	PRON	PPER				3	S		Nom	M
13019017	9	ganz	ADV	ADV								
13019017	10	Israel	PROPN	NE					S		Nom	N
13019017	11	und	CCONJ	KON								
13019017	12	gehen	VERB	VVFIN		Fin	Past	3	S	Ind		
13019017	13	über	ADP	APPR								
13019017	14	der	DET	ART					S		Acc	M
13019017	15	Jordan	PROPN	NE					S		Nom	
13019017	16	und	CCONJ	KON								
13019017	17	kommen	VERB	VVFIN		Fin	Past	3	S	Ind		
13019017	18	wider	ADP	PTKVZ								
13019017	19	sie	PRON	PPER				3	P		Nom	
13019017	20	und	CCONJ	KON								
13019017	21	er	PRON	PPER				3	S		Nom	M
13019017	22	stellen	VERB	VVFIN		Fin	Past	3	S	Ind		
13019017	23	sich	PRON	PRF				3	S		Acc	
13019017	24	wider	ADP	PTKVZ								
13019017	25	sie	PRON	PPER				3	P		Nom	
13019017	26	auf	ADP	PTKVZ								
13019017	27	und	CCONJ	KON								
13019017	28	David	PROPN	NE					S		Nom	M
13019017	29	stellen	VERB	VVFIN		Fin	Past	3	S	Ind		
13019017	30	sich	PRON	PRF				3	S		Acc	
13019017	31	in	ADP	APPR								
13019017	32	Schlachtordnung	NOUN	NN					S		Nom	F
13019017	33	auf	ADP	PTKVZ								
13019017	34	der	DET	ART					S		Acc	M
13019017	35	Syrer	NOUN	NN					P		Dat	M
13019017	36	gegenüber	ADP	APPO								
13019017	37	und	CCONJ	KON								
13019017	38	sie	PRON	PPER				3	P		Nom	
13019017	39	streiten	VERB	VVFIN		Fin	Past	3	P	Ind		
13019017	40	mit	ADP	APPR								
13019017	41	ihm	PRON	PPER				3	S		Dat	M
13019018	1	und	CCONJ	KON								
13019018	2	der	DET	ART					S		Nom	F
13019018	3	Syrer	NOUN	NN					P		Nom	M
13019018	4	fliehen	VERB	VVFIN		Fin	Past	3	P	Ind		
13019018	5	vor	ADP	APPR								
13019018	6	Israel	PROPN	NE					S		Nom	N
13019018	7	und	CCONJ	KON								
13019018	8	David	PROPN	NE					S		Nom	M
13019018	9	töten	VERB	VVFIN		Fin	Past	3	S	Ind		
13019018	10	von	ADP	APPR								
13019018	11	der	DET	ART					S		Acc	M
13019018	12	Syrer	NOUN	NN					P		Dat	M
13019018	13	7000	NUM	CARD								
13019018	14	Wagenkämpfer	NOUN	NN					P		Nom	N
13019018	15	und	CCONJ	KON								
13019018	16	40000	NUM	CARD								
13019018	17	Mann	NOUN	NN					S		Nom	M
13019018	18	Fußvolk	NOUN	NN					S		Nom	N
13019018	19	auch	ADV	ADV								
13019018	20	Schophak	PROPN	NE					S		Nom	
13019018	21	der	DET	ART					S		Acc	M
13019018	22	Heeroberst	NOUN	NN					P		Nom	F
13019018	23	töten	VERB	VVFIN		Fin	Past	3	S	Ind		
13019018	24	er	PRON	PPER				3	S		Nom	M
13019019	1	und	CCONJ	KON								
13019019	2	als	ADP	KOKOM								
13019019	3	der	DET	ART					S		Nom	F
13019019	4	Knecht	NOUN	NN					P		Nom	M
13019019	5	Hadareser	PROPN	NE					S		Gen	
13019019	6	sehen	VERB	VVFIN		Fin	Past	3	P	Ind		
13019019	7	daß	SCONJ	KOUS								
13019019	8	sie	PRON	PPER				3	P		Nom	
13019019	9	vor	ADP	APPR								
13019019	10	Israel	PROPN	NE					S		Nom	N
13019019	11	schlagen	VERB	VVPP		Part						
13019019	12	sein	AUX	VAFIN		Fin	Past	3	P	Ind		
13019019	13	da	ADV	ADV								
13019019	14	machen	VERB	VVFIN		Fin	Past	3	P	Ind		
13019019	15	sie	PRON	PPER				3	P		Nom	
13019019	16	Frieden	NOUN	NN					S		Nom	M
13019019	17	mit	ADP	APPR								
13019019	18	David	PROPN	NE					S		Nom	M
13019019	19	und	CCONJ	KON								
13019019	20	dienen	VERB	VVFIN		Fin	Past	3	P	Ind		
13019019	21	ihm	PRON	PPER				3	S		Dat	M
13019019	22	und	CCONJ	KON								
13019019	23	der	DET	ART					S		Nom	F
13019019	24	Syrer	NOUN	NN					P		Nom	M
13019019	25	wollen	AUX	VMFIN		Fin	Past	3	P	Ind		
13019019	26	der	DET	ART					S		Acc	M
13019019	27	Kind	NOUN	NN					P		Dat	N
13019019	28	Ammon	PROPN	NE					S		Nom	
13019019	29	nicht	PART	PTKNEG								
13019019	30	mehr	ADV	ADV								
13019019	31	helfen	VERB	VVINF		Inf						
13020001	1	und	CCONJ	KON								
13020001	2	es	PRON	PPER				3	S		Nom	N
13020001	3	geschehen	VERB	VVFIN		Fin	Past	3	S	Ind		
13020001	4	zu	ADP	APPRART					S		Dat	F
13020001	5	Zeit	NOUN	NN					S		Nom	F
13020001	6	der	DET	ART					S		Nom	M
13020001	7	Rückkehr	NOUN	NN					S		Nom	F
13020001	8	der	DET	ART					S		Gen	M
13020001	9	Jahr	NOUN	NN					S		Gen	N
13020001	10	zu	ADP	APPRART					S		Dat	F
13020001	11	Zeit	NOUN	NN					S		Nom	F
13020001	12	wann	SCONJ	PWAV								
13020001	13	der	DET	ART					S		Nom	F
13020001	14	König	NOUN	NN					P		Nom	M
13020001	15	ausziehen	VERB	VVINF		Inf						
13020001	16	da	ADV	ADV								
13020001	17	führen	VERB	VVFIN		Fin	Past	3	S	Ind		
13020001	18	Joab	PROPN	NE					S		Nom	M
13020001	19	der	DET	ART					S		Nom	F
13020001	20	Heeresmacht	NOUN	NN					S		Nom	F
13020001	21	in	ADP	APPRART					S		Acc	N
13020001	22	Feld	NOUN	NN					S		Nom	N
13020001	23	und	CCONJ	KON								
13020001	24	verheern	VERB	VVFIN		Fin	Past	3	S	Ind		
13020001	25	der	DET	ART					S		Nom	N
13020001	26	Land	NOUN	NN					S		Nom	N
13020001	27	der	DET	ART					S		Nom	M
13020001	28	Kind	NOUN	NN					P		Nom	N
13020001	29	Ammon	PROPN	NE					S		Nom	
13020001	30	und	CCONJ	KON								
13020001	31	er	PRON	PPER				3	S		Nom	M
13020001	32	kommen	VERB	VVFIN		Fin	Past	3	S	Ind		
13020001	33	und	CCONJ	KON								
13020001	34	belagern	VERB	VVFIN		Fin	Past	3	S	Ind		
13020001	35	Rabba	PROPN	NE					S		Nom	M
13020001	36	David	PROPN	NE					S		Nom	M
13020001	37	aber	CCONJ	KON								
13020001	38	bleiben	VERB	VVFIN		Fin	Past	3	S	Ind		
13020001	39	in	ADP	APPR								
13020001	40	Jerusalem	PROPN	NE					S		Nom	N
13020001	41	und	CCONJ	KON								
13020001	42	Joab	PROPN	NE					S		Nom	M
13020001	43	schlagen	VERB	VVFIN		Fin	Past	3	S	Ind		
13020001	44	Rabba	PROPN	NE					S		Nom	M
13020001	45	und	CCONJ	KON								
13020001	46	reißen	VERB	VVFIN		Fin	Past	3	S	Ind		
13020001	47	es	PRON	PPER				3	S		Nom	N
13020001	48	nieder	ADV	PTKVZ								
13020002	1	und	CCONJ	KON								
13020002	2	David	PROPN	NE					S		Nom	M
13020002	3	nehmen	VERB	VVFIN		Fin	Past	3	S	Ind		
13020002	4	der	DET	ART					S		Nom	F
13020002	5	Krone	NOUN	NN					S		Nom	F
13020002	6	ihr	DET	PPOSAT					S		Gen	M
13020002	7	König	PROPN	NE					S		Nom	
13020002	8	von	ADP	APPR								
13020002	9	sein	DET	PPOSAT					S		Dat	M
13020002	10	Haupt	NOUN	NN					P		Nom	N
13020002	11	und	CCONJ	KON								
13020002	12	er	PRON	PPER				3	S		Nom	M
13020002	13	finden	VERB	VVFIN		Fin	Past	3	S	Ind		
13020002	14	sie	PRON	PPER				3	P		Nom	
13020002	15	ein	DET	ART					S		Nom	N
13020002	16	Talent	NOUN	NN					S		Nom	N
13020002	17	Gold	NOUN	NN					S		Nom	N
13020002	18	an	ADP	PTKVZ								
13020002	19	Gewicht	NOUN	NN					S		Nom	N
13020002	20	und	CCONJ	KON								
13020002	21	Edelstein	NOUN	NN					P		Nom	M
13020002	22	sein	AUX	VAFIN		Fin	Past	3	P	Ind		
13020002	23	daran	ADV	PROAV								
13020002	24	und	CCONJ	KON								
13020002	25	sie	PRON	PPER				3	P		Nom	
13020002	26	kommen	VERB	VVFIN		Fin	Past	3	S	Ind		
13020002	27	auf	ADP	PTKVZ								
13020002	28	der	DET	ART					S		Nom	N
13020002	29	Haupt	NOUN	NN					S		Nom	N
13020002	30	David	PROPN	NE					S		Gen	M
13020002	31	und	CCONJ	KON								
13020002	32	der	DET	ART					S		Nom	F
13020002	33	Beute	NOUN	NN					S		Nom	F
13020002	34	der	DET	ART					S		Nom	M
13020002	35	Stadt	NOUN	NN					S		Nom	F
13020002	36	bringen	VERB	VVFIN		Fin	Past	3	S	Ind		
13020002	37	er	PRON	PPER				3	S		Nom	M
13020002	38	hinaus	ADP	APZR								
13020002	39	in	ADP	APPR								
13020002	40	groß	ADJ	ADJA	Pos				S		Nom	M
13020002	41	Menge	NOUN	NN					S		Nom	F
13020003	1	und	CCONJ	KON								
13020003	2	der	DET	ART					S		Nom	N
13020003	3	Volk	NOUN	NN					S		Nom	N
13020003	4	der	DET	ART					S		Nom	N
13020003	5	darin	ADV	PROAV								
13020003	6	sein	AUX	VAFIN		Fin	Past	3	S	Ind		
13020003	7	führen	VERB	VVFIN		Fin	Past	3	S	Ind		
13020003	8	er	PRON	PPER				3	S		Nom	M
13020003	9	hinaus	ADP	APZR								
13020003	10	und	CCONJ	KON								
13020003	11	zerschneiten	VERB	NN		Fin	Past	3	S	Ind		
13020003	12	sie	PRON	PPER				3	P		Nom	
13020003	13	mit	ADP	APPR								
13020003	14	der	DET	ART					S		Nom	M
13020003	15	Säge	NOUN	NN					S		Nom	F
13020003	16	und	CCONJ	KON								
13020003	17	mit	ADP	APPR								
13020003	18	eisern	ADJ	ADJA	Pos				S		Acc	M
13020003	19	Dreschwag	NOUN	NN					P		Nom	F
13020003	20	und	CCONJ	KON								
13020003	21	mit	ADP	APPR								
13020003	22	Säge	NOUN	NN					P		Nom	F
13020003	23	und	CCONJ	KON								
13020003	24	also	ADV	ADV								
13020003	25	tun	VERB	VVFIN		Fin	Past	3	S	Ind		
13020003	26	David	PROPN	NE					S		Nom	M
13020003	27	aller	DET	PIS					P		Dat	
13020003	28	Stadt	NOUN	NN					P		Nom	F
13020003	29	der	DET	ART					S		Nom	M
13020003	30	Kind	NOUN	NN					P		Nom	N
13020003	31	Ammon	PROPN	NE					S		Nom	
13020003	32	und	CCONJ	KON								
13020003	33	David	PROPN	NE					S		Nom	M
13020003	34	und	CCONJ	KON								
13020003	35	der	DET	ART					S		Nom	N
13020003	36	ganz	ADJ	ADJA	Pos				S		Nom	F
13020003	37	Volk	NOUN	NN					S		Nom	N
13020003	38	kehren	VERB	VVFIN		Fin	Past	3	P	Ind		
13020003	39	nach	ADP	APPR								
13020003	40	Jerusalem	PROPN	NE					S		Nom	N
13020003	41	zurück	ADV	PTKVZ								
13020004	1	und	CCONJ	KON								
13020004	2	es	PRON	PPER				3	S		Nom	N
13020004	3	geschehen	VERB	VVFIN		Fin	Past	3	S	Ind		
13020004	4	Hernach	ADV	PROAV								
13020004	5	da	ADV	ADV								
13020004	6	entstehen	VERB	VVFIN		Fin	Past	3	S	Ind		
13020004	7	ein	DET	ART					S		Nom	N
13020004	8	Streit	NOUN	NN					S		Nom	M
13020004	9	mit	ADP	APPR								
13020004	10	der	DET	ART					S		Acc	M
13020004	11	Philister	NOUN	NN					P		Dat	M
13020004	12	zu	ADP	PTKVZ								
13020004	13	Geser	PROPN	NE					S		Nom	
13020004	14	damals	ADV	ADV								
13020004	15	erschlagen	VERB	VVFIN		Fin	Past	3	S	Ind		
13020004	16	Sibbekai	NOUN	NN					P		Nom	M
13020004	17	der	DET	ART					S		Nom	M
13020004	18	huschathiter	NOUN	NN					S		Nom	M
13020004	19	der	DET	ART					S		Acc	M
13020004	20	Sippai	NOUN	NN					S		Nom	M
13020004	21	ein	DET	ART					S		Acc	M
13020004	22	von	ADP	APPR								
13020004	23	der	DET	ART					S		Acc	M
13020004	24	Söhn	NOUN	NN					P		Dat	M
13020004	25	der	DET	ART					S		Gen	M
13020004	26	Rapha	PROPN	NE					S		Nom	
13020004	27	und	CCONJ	KON								
13020004	28	sie	PRON	PPER				3	P		Nom	
13020004	29	werden	AUX	VAFIN		Fin	Past	3	P	Ind		
13020004	30	demütigen	VERB	VVPP		Part						
13020005	1	und	CCONJ	KON								
13020005	2	wiederum	ADV	ADV								
13020005	3	entstehen	VERB	VVFIN		Fin	Past	3	S	Ind		
13020005	4	ein	DET	ART					S		Nom	N
13020005	5	Streit	NOUN	NN					S		Nom	M
13020005	6	mit	ADP	APPR								
13020005	7	der	DET	ART					S		Acc	M
13020005	8	Philister	NOUN	NN					P		Dat	M
13020005	9	und	CCONJ	KON								
13020005	10	Elchanan	PROPN	NE					S		Nom	
13020005	11	der	DET	ART					S		Nom	M
13020005	12	Sohn	NOUN	NN					S		Nom	M
13020005	13	Jair	PROPN	NE					S		Gen	
13020005	14	erschlagen	VERB	VVFIN		Fin	Past	3	S	Ind		
13020005	15	Lachmi	PROPN	NE					S		Gen	
13020005	16	der	DET	ART					S		Acc	M
13020005	17	Bruder	NOUN	NN					S		Nom	M
13020005	18	Goliath	PROPN	NE					S		Nom	
13020005	19	der	DET	ART					S		Gen	M
13020005	20	Gathiter	PROPN	NE					S		Gen	
13020005	21	und	CCONJ	KON								
13020005	22	der	DET	ART					S		Nom	M
13020005	23	Schaft	NOUN	NN					S		Nom	F
13020005	24	sein	DET	PPOSAT					S		Gen	M
13020005	25	Speeres	NOUN	NE					S		Nom	N
13020005	26	sein	AUX	VAFIN		Fin	Past	3	S	Ind		
13020005	27	wie	ADP	KOKOM								
13020005	28	ein	DET	ART					S		Nom	N
13020005	29	Weberbaum	NOUN	NN					S		Nom	M
13020006	1	und	CCONJ	KON								
13020006	2	wiederum	ADV	ADV								
13020006	3	entstehen	VERB	VVFIN		Fin	Past	3	S	Ind		
13020006	4	ein	DET	ART					S		Nom	N
13020006	5	Streit	NOUN	NN					S		Nom	M
13020006	6	zu	ADP	PTKVZ								
13020006	7	Gath	PROPN	NE					S		Nom	
13020006	8	da	SCONJ	KOUS								
13020006	9	sein	AUX	VAFIN		Fin	Past	3	S	Ind		
13020006	10	ein	DET	ART					S		Nom	N
13020006	11	Mann	NOUN	NN					S		Nom	M
13020006	12	von	ADP	APPR								
13020006	13	groß	ADJ	ADJA	Pos				S		Nom	M
13020006	14	Länge	NOUN	NN					S		Nom	F
13020006	15	und	CCONJ	KON								
13020006	16	er	PRON	PPER				3	S		Nom	M
13020006	17	haben	AUX	VAFIN		Fin	Past	3	S	Ind		
13020006	18	je	ADV	ADV								
13020006	19	sechs	NUM	CARD								
13020006	20	Finger	NOUN	NN					S		Nom	M
13020006	21	und	CCONJ	KON								
13020006	22	Zehen	VERB	NN		Inf						
13020006	23	zusammen	ADV	PTKVZ								
13020006	24	24	NUM	CARD								
13020006	25	und	CCONJ	KON								
13020006	26	auch	ADV	ADV								
13020006	27	er	PRON	PPER				3	S		Nom	M
13020006	28	sein	AUX	VAFIN		Fin	Past	3	S	Ind		
13020006	29	der	DET	ART					S		Dat	M
13020006	30	Rapha	PROPN	NE					S		Nom	
13020006	31	gebären	VERB	VVPP		Part						
13020006	32	werden	AUX	VAPP		Part						
13020007	1	und	CCONJ	KON								
13020007	2	er	PRON	PPER				3	S		Nom	M
13020007	3	höhnen	VERB	VVFIN		Fin	Past	3	S	Ind		
13020007	4	Israel	PROPN	NE					S		Nom	N
13020007	5	und	CCONJ	KON								
13020007	6	Jonathan	PROPN	NE					S		Nom	M
13020007	7	der	DET	ART					S		Nom	M
13020007	8	Sohn	NOUN	NN					S		Nom	M
13020007	9	Schimea	PROPN	NE					S		Gen	
13020007	10	der	DET	ART					S		Gen	M
13020007	11	Bruder	NOUN	NN					S		Gen	M
13020007	12	David	PROPN	NE					S		Gen	M
13020007	13	erschlagen	VERB	VVFIN		Fin	Past	3	S	Ind		
13020007	14	ihn	PRON	PPER				3	S		Acc	M
13020008	1	dieser	DET	PDAT					S		Nom	F
13020008	2	werden	AUX	VAFIN		Fin	Past	3	P	Ind		
13020008	3	der	DET	ART					S		Dat	M
13020008	4	Rapha	PROPN	NE					S		Nom	
13020008	5	zu	ADP	PTKVZ								
13020008	6	Gath	PROPN	NE					S		Nom	
13020008	7	gebären	VERB	VVPP		Part						
13020008	8	und	CCONJ	KON								
13020008	9	sie	PRON	PPER				3	P		Nom	
13020008	10	fallen	VERB	VVFIN		Fin	Past	3	P	Ind		
13020008	11	durch	ADP	APPR								
13020008	12	der	DET	ART					S		Nom	F
13020008	13	Hand	NOUN	NN					S		Nom	F
13020008	14	David	PROPN	NE					S		Gen	M
13020008	15	und	CCONJ	KON								
13020008	16	durch	ADP	APPR								
13020008	17	der	DET	ART					S		Nom	F
13020008	18	Hand	NOUN	NN					S		Nom	F
13020008	19	sein	DET	PPOSAT					S		Dat	F
13020008	20	Knecht	NOUN	NN					P		Nom	M
13021001	1	und	CCONJ	KON								
13021001	2	Satan	PROPN	NE					S		Nom	M
13021001	3	stehen	VERB	VVFIN		Fin	Past	3	S	Ind		
13021001	4	auf	ADP	PTKVZ								
13021001	5	wider	ADP	PTKVZ								
13021001	6	Israel	PROPN	NE					S		Nom	N
13021001	7	und	CCONJ	KON								
13021001	8	reizen	VERB	VVFIN		Fin	Past	3	S	Ind		
13021001	9	David	PROPN	NE					S		Nom	M
13021001	10	an	ADP	PTKVZ								
13021001	11	Israel	PROPN	NE					S		Nom	N
13021001	12	zu	ADP	PTKVZ								
13021001	13	zählen	VERB	VVFIN		Fin	Pres	3	P	Ind		
13021002	1	da	SCONJ	KOUS								
13021002	2	sprechen	VERB	VVFIN		Fin	Past	3	S	Ind		
13021002	3	David	PROPN	NE					S		Nom	M
13021002	4	zu	ADP	PTKVZ								
13021002	5	Joab	PROPN	NE					S		Nom	M
13021002	6	und	CCONJ	KON								
13021002	7	zu	ADP	PTKVZ								
13021002	8	der	DET	ART					S		Acc	M
13021002	9	oberer	ADJ	ADJA	Sup				S		Dat	F
13021002	10	der	DET	ART					S		Gen	M
13021002	11	Volk	NOUN	NN					S		Gen	N
13021002	12	gehet	ADV	PROAV								
13021002	13	hin	ADV	ADV								
13021002	14	Zählet	NOUN	NN					S		Nom	F
13021002	15	Israel	PROPN	NE					S		Nom	N
13021002	16	von	ADP	APPR								
13021002	17	Beerseba	PROPN	NE					S		Nom	N
13021002	18	bis	CCONJ	KON								
13021002	19	Dan	PROPN	NE					S		Nom	M
13021002	20	und	CCONJ	KON								
13021002	21	berichten	VERB	VVFIN		Fin	Pres	3	S	Ind		
13021002	22	mir	PRON	PPER				1	S		Dat	
13021002	23	damit	ADV	PROAV								
13021002	24	ich	PRON	PPER				1	S		Nom	
13021002	25	ihr	DET	PPOSAT					S		Nom	F
13021002	26	Zahl	NOUN	NN					S		Nom	F
13021002	27	wissen	VERB	VVFIN		Fin	Pres	3	S	Sub		
13021003	1	und	CCONJ	KON								
13021003	2	Joab	PROPN	NE					S		Nom	M
13021003	3	sprechen	VERB	VVFIN		Fin	Past	3	S	Ind		
13021003	4	es	PRON	PPER				3	S		Nom	N
13021003	5	mögen	AUX	VMFIN		Fin	Pres	3	S	Sub		
13021003	6	Jahwe	NOUN	NN					S		Nom	M
13021003	7	zu	ADP	PTKVZ								
13021003	8	sein	DET	PPOSAT					S		Dat	M
13021003	9	Volke	NOUN	NN					S		Nom	M
13021003	10	so	ADV	ADV								
13021003	11	vieler	PRON	PIS					P		Nom	
13021003	12	ihr	DET	PPOSAT					S		Dat	F
13021003	13	sein	AUX	VAFIN		Fin	Pres	3	P	Ind		
13021003	14	hundertmal	ADV	ADV								
13021003	15	hinzufügen	VERB	VVINF		Inf						
13021003	16	Sein	AUX	VAFIN		Fin	Pres	3	P	Ind		
13021003	17	sie	PRON	PPER				3	P		Nom	
13021003	18	nicht	PART	PTKNEG								
13021003	19	aller	PRON	PIS					P		Nom	
13021003	20	mein	DET	PPOSAT					S		Nom	N
13021003	21	Herr	NOUN	NN					S		Nom	M
13021003	22	König	NOUN	NN					S		Nom	M
13021003	23	der	DET	ART					S		Nom	F
13021003	24	Knecht	NOUN	NN					P		Nom	M
13021003	25	meiner	DET	PPOSAT					S		Gen	N
13021003	26	Herr	NOUN	NN					S		Acc	M
13021003	27	warum	ADV	PWAV								
13021003	28	begehren	VERB	VVPP		Fin	Pres	3	S	Ind		
13021003	29	mein	DET	PPOSAT					S		Nom	N
13021003	30	Herr	NOUN	NN					S		Nom	M
13021003	31	solcher	DET	PIAT					S		Nom	N
13021003	32	warum	ADV	PWAV								
13021003	33	sollen	AUX	VMFIN		Fin	Pres	3	S	Ind		
13021003	34	es	PRON	PPER				3	S		Nom	N
13021003	35	Israel	PROPN	NE					S		Nom	N
13021003	36	zu	ADP	APPRART					S		Dat	F
13021003	37	Schuld	NOUN	NN					S		Nom	F
13021003	38	werden	AUX	VAFIN		Fin	Pres	3	P	Ind		
13021004	1	aber	CCONJ	KON								
13021004	2	der	DET	ART					S		Nom	N
13021004	3	Wort	NOUN	NN					S		Nom	N
13021004	4	der	DET	ART					S		Gen	M
13021004	5	König	PROPN	NE					S		Nom	
13021004	6	bleiben	VERB	VVFIN		Fin	Past	3	S	Ind		
13021004	7	fest	ADV	PTKVZ								
13021004	8	gegen	ADP	APPR								
13021004	9	Joab	PROPN	NE					S		Nom	M
13021004	10	und	CCONJ	KON								
13021004	11	Joab	PROPN	NE					S		Nom	M
13021004	12	ziehen	VERB	VVFIN		Fin	Past	3	S	Ind		
13021004	13	aus	ADP	PTKVZ								
13021004	14	und	CCONJ	KON								
13021004	15	durchwandern	VERB	VVFIN		Fin	Past	3	S	Ind		
13021004	16	ganz	ADV	ADV								
13021004	17	Israel	PROPN	NE					S		Nom	N
13021004	18	und	CCONJ	KON								
13021004	19	er	PRON	PPER				3	S		Nom	M
13021004	20	kommen	VERB	VVFIN		Fin	Past	3	S	Ind		
13021004	21	nach	ADP	APPR								
13021004	22	Jerusalem	PROPN	NE					S		Nom	N
13021004	23	zurück	ADV	PTKVZ								
13021005	1	und	CCONJ	KON								
13021005	2	Joab	PROPN	NE					S		Nom	M
13021005	3	geben	VERB	VVFIN		Fin	Past	3	S	Ind		
13021005	4	der	DET	ART					S		Nom	F
13021005	5	Zahl	NOUN	NN					S		Nom	F
13021005	6	der	DET	ART					S		Gen	M
13021005	7	gemustert	ADJ	ADJA	Pos				S		Acc	M
13021005	8	Volk	NOUN	NN					S		Gen	N
13021005	9	David	PROPN	NE					S		Nom	M
13021005	10	an	ADP	PTKVZ								
13021005	11	und	CCONJ	KON								
13021005	12	es	PRON	PPER				3	S		Nom	N
13021005	13	sein	AUX	VAFIN		Fin	Past	3	P	Ind		
13021005	14	in	ADP	APPR								
13021005	15	ganz	ADV	ADV								
13021005	16	Israel	PROPN	NE					S		Nom	N
13021005	17	1110000	NUM	CARD								
13021005	18	Mann	NOUN	NN					S		Nom	M
13021005	19	der	DET	ART					S		Nom	F
13021005	20	der	DET	ART					S		Nom	N
13021005	21	Schwert	NOUN	NN					S		Nom	N
13021005	22	ziehen	VERB	VVFIN		Fin	Past	3	P	Ind		
13021005	23	und	CCONJ	KON								
13021005	24	in	ADP	APPR								
13021005	25	Juda	PROPN	NE					S		Nom	M
13021005	26	470000	NUM	CARD								
13021005	27	Mann	NOUN	NN					S		Nom	M
13021005	28	der	DET	ART					S		Nom	F
13021005	29	der	DET	ART					S		Nom	N
13021005	30	Schwert	NOUN	NN					S		Nom	N
13021005	31	ziehen	VERB	VVFIN		Fin	Past	3	P	Ind		
13021006	1	Levi	PROPN	NE					S		Nom	
13021006	2	aber	CCONJ	KON								
13021006	3	und	CCONJ	KON								
13021006	4	Benjamin	PROPN	NE					S		Nom	M
13021006	5	musteren	VERB	VVFIN		Fin	Past	3	S	Ind		
13021006	6	er	PRON	PPER				3	S		Nom	M
13021006	7	nicht	PART	PTKNEG								
13021006	8	unter	ADP	APPR								
13021006	9	ihnen	PRON	PPER				3	P		Dat	
13021006	10	denn	CCONJ	KON								
13021006	11	der	DET	ART					S		Nom	N
13021006	12	Wort	NOUN	NN					S		Nom	N
13021006	13	der	DET	ART					S		Gen	M
13021006	14	König	PROPN	NE					S		Nom	
13021006	15	sein	AUX	VAFIN		Fin	Past	3	S	Ind		
13021006	16	Joab	PROPN	NE					S		Nom	M
13021006	17	ein	DET	ART					S		Nom	N
13021006	18	Greuel	NOUN	NN					S		Nom	M
13021007	1	und	CCONJ	KON								
13021007	2	dieser	DET	PDAT					S		Nom	F
13021007	3	Sache	NOUN	NN					S		Nom	F
13021007	4	sein	AUX	VAFIN		Fin	Past	3	S	Ind		
13021007	5	Übel	ADV	ADV								
13021007	6	in	ADP	APPR								
13021007	7	der	DET	ART					S		Acc	M
13021007	8	Auge	NOUN	NN					P		Nom	N
13021007	9	Gott	NOUN	NN					S		Gen	M
13021007	10	und	CCONJ	KON								
13021007	11	er	PRON	PPER				3	S		Nom	M
13021007	12	schlagen	VERB	VVFIN		Fin	Past	3	S	Ind		
13021007	13	Israel	PROPN	NE					S		Nom	N
13021008	1	und	CCONJ	KON								
13021008	2	David	PROPN	NE					S		Nom	M
13021008	3	sprechen	VERB	VVFIN		Fin	Past	3	S	Ind		
13021008	4	zu	ADP	PTKVZ								
13021008	5	Gott	NOUN	NN					S		Nom	M
13021008	6	ich	PRON	PPER				1	S		Nom	
13021008	7	haben	AUX	VAFIN		Fin	Pres	3	S	Sub		
13021008	8	sehr	ADV	ADV								
13021008	9	sündigen	VERB	VVPP		Part						
13021008	10	daß	SCONJ	KOUS								
13021008	11	ich	PRON	PPER				1	S		Nom	
13021008	12	dieser	DET	PDAT					S		Nom	F
13021008	13	Sache	NOUN	NN					S		Nom	F
13021008	14	tun	VERB	VVPP		Part						
13021008	15	haben	AUX	VAFIN		Fin	Pres	3	S	Sub		
13021008	16	und	CCONJ	KON								
13021008	17	nun	ADV	ADV								
13021008	18	laß	VERB	VVIMP				2	S	Imp		
13021008	19	doch	CCONJ	KON								
13021008	20	der	DET	ART					S		Nom	F
13021008	21	Ungerechtigkeit	NOUN	NN					S		Nom	F
13021008	22	dein	DET	PPOSAT					S		Gen	N
13021008	23	Knecht	NOUN	NN					S		Gen	M
13021008	24	vorübergehen	VERB	VVINF		Fin	Pres	3	P	Ind		
13021008	25	denn	CCONJ	KON								
13021008	26	ich	PRON	PPER				1	S		Nom	
13021008	27	haben	AUX	VAFIN		Fin	Pres	3	S	Sub		
13021008	28	sehr	ADV	ADV								
13021008	29	töricht	ADV	ADJD	Pos							
13021008	30	handeln	VERB	VVPP		Part						
13021009	1	und	CCONJ	KON								
13021009	2	Jahwe	NOUN	NN					S		Nom	M
13021009	3	reden	VERB	VVFIN		Fin	Past	3	S	Ind		
13021009	4	zu	ADP	PTKVZ								
13021009	5	Gad	PROPN	NE					S		Nom	M
13021009	6	der	DET	ART					S		Dat	M
13021009	7	Seher	NOUN	NN					S		Nom	M
13021009	8	David	PROPN	NE					S		Gen	M
13021009	9	und	CCONJ	KON								
13021009	10	sprechen	VERB	VVFIN		Fin	Past	3	S	Ind		
13021010	1	Gehe	VERB	VVIMP				2	S	Imp		
13021010	2	hin	ADV	ADV								
13021010	3	und	CCONJ	KON								
13021010	4	Rede	VERB	VVFIN		Fin	Pres	3	S	Sub		
13021010	5	zu	ADP	PTKVZ								
13021010	6	David	PROPN	NE					S		Nom	M
13021010	7	und	CCONJ	KON								
13021010	8	sprich	ADV	ADV								
13021010	9	so	ADV	ADV								
13021010	10	sprechen	VERB	VVFIN		Fin	Pres	3	S	Ind		
13021010	11	Jahwe	NOUN	NN					S		Nom	M
13021010	12	Dreierlei	NOUN	NE					S		Nom	N
13021010	13	legen	VERB	VVFIN		Fin	Pres	3	S	Sub		
13021010	14	ich	PRON	PPER				1	S		Nom	
13021010	15	dir	PRON	PPER				2	S		Dat	
13021010	16	vor	ADP	APPR								
13021010	17	wählen	VERB	VVFIN		Fin	Pres	3	S	Sub		
13021010	18	dir	PRON	PPER				2	S		Dat	
13021010	19	ein	PRON	ART					S		Nom	N
13021010	20	davon	ADV	PROAV								
13021010	21	daß	SCONJ	KOUS								
13021010	22	ich	PRON	PPER				1	S		Nom	
13021010	23	es	PRON	PPER				3	S		Nom	N
13021010	24	dir	PRON	PPER				2	S		Dat	
13021010	25	tun	VERB	VVFIN		Fin	Pres	3	S	Sub		
13021011	1	und	CCONJ	KON								
13021011	2	Gad	PROPN	NE					S		Nom	M
13021011	3	kommen	VERB	VVFIN		Fin	Past	3	S	Ind		
13021011	4	zu	ADP	PTKVZ								
13021011	5	David	PROPN	NE					S		Nom	M
13021011	6	und	CCONJ	KON								
13021011	7	sprechen	VERB	VVFIN		Fin	Past	3	S	Ind		
13021011	8	zu	ADP	PTKVZ								
13021011	9	ihm	PRON	PPER				3	S		Dat	M
13021012	1	so	ADV	ADV								
13021012	2	sprechen	VERB	VVFIN		Fin	Pres	3	S	Ind		
13021012	3	Jahwe	NOUN	NN					S		Nom	M
13021012	4	Wähle	VERB	VVIMP				2	S	Imp		
13021012	5	dir	PRON	PPER				2	S		Dat	
13021012	6	entweder	CCONJ	KON								
13021012	7	drei	NUM	CARD								
13021012	8	Jahr	NOUN	NN					P		Nom	N
13021012	9	Hungersnot	NOUN	NN					S		Nom	F
13021012	10	oder	CCONJ	KON								
13021012	11	drei	NUM	CARD								
13021012	12	Monat	NOUN	NN					P		Nom	M
13021012	13	dahinraffen	VERB	VVPP		Part						
13021012	14	zu	ADP	PTKVZ								
13021012	15	werden	AUX	VAFIN		Fin	Pres	3	P	Ind		
13021012	16	vor	ADP	APPR								
13021012	17	dein	DET	PPOSAT					S		Acc	M
13021012	18	Bedränger	NOUN	NN					S		Nom	N
13021012	19	und	CCONJ	KON								
13021012	20	daß	SCONJ	KOUS								
13021012	21	der	DET	ART					S		Nom	N
13021012	22	Schwert	NOUN	NN					S		Nom	N
13021012	23	dein	DET	PPOSAT					S		Dat	F
13021012	24	Feind	NOUN	NN					P		Nom	M
13021012	25	dich	PRON	PPER				2	S		Acc	
13021012	26	treffen	VERB	VVFIN		Fin	Pres	3	S	Sub		
13021012	27	oder	CCONJ	KON								
13021012	28	drei	NUM	CARD								
13021012	29	Tag	NOUN	NN					P		Nom	M
13021012	30	der	DET	ART					S		Nom	N
13021012	31	Schwert	NOUN	NN					S		Nom	N
13021012	32	Jahwe	PROPN	NE					S		Gen	
13021012	33	und	CCONJ	KON								
13021012	34	Pest	NOUN	NN					S		Nom	F
13021012	35	in	ADP	APPRART					S		Dat	N
13021012	36	Land	NOUN	NN					P		Nom	N
13021012	37	und	CCONJ	KON								
13021012	38	daß	SCONJ	KOUS								
13021012	39	der	DET	ART					S		Nom	M
13021012	40	Engel	NOUN	NN					S		Nom	M
13021012	41	Jahwe	PROPN	NE					S		Gen	
13021012	42	Verderbe	NOUN	NN					P		Nom	N
13021012	43	in	ADP	APPR								
13021012	44	aller	DET	PIS					P		Dat	
13021012	45	Grenze	NOUN	NN					P		Nom	F
13021012	46	Israel	PROPN	NE					S		Gen	N
13021012	47	und	CCONJ	KON								
13021012	48	nun	ADV	ADV								
13021012	49	sehen	VERB	VVIMP				2	S	Imp		
13021012	50	zu	ADP	PTKVZ								
13021012	51	was	PRON	PWS					S		Nom	N
13021012	52	für	ADP	APPR								
13021012	53	ein	DET	ART					S		Nom	F
13021012	54	Antwort	NOUN	NN					S		Nom	F
13021012	55	ich	PRON	PPER				1	S		Nom	
13021012	56	der	DET	ART					S		Dat	M
13021012	57	zurückbringen	VERB	VVINF		Inf						
13021012	58	sollen	AUX	VMFIN		Fin	Pres	3	S	Ind		
13021012	59	der	DET	ART					S		Nom	M
13021012	60	mich	PRON	PPER				1	S		Acc	
13021012	61	gesandt	VERB	VVPP		Part						
13021012	62	haben	AUX	VAFIN		Fin	Pres	3	S	Ind		
13021013	1	und	CCONJ	KON								
13021013	2	David	PROPN	NE					S		Nom	M
13021013	3	sprechen	VERB	VVFIN		Fin	Past	3	S	Ind		
13021013	4	zu	ADP	PTKVZ								
13021013	5	Gad	PROPN	NE					S		Nom	M
13021013	6	Mir	PRON	NE				1	S		Dat	
13021013	7	sein	AUX	VAFIN		Fin	Pres	3	S	Ind		
13021013	8	sehr	ADV	ADV								
13021013	9	Angst	NOUN	NN					S		Nom	F
13021013	10	Möge	VERB	VVFIN				2	S	Imp		
13021013	11	ich	PRON	PPER				1	S		Nom	
13021013	12	doch	CCONJ	KON								
13021013	13	in	ADP	APPR								
13021013	14	der	DET	ART					S		Nom	F
13021013	15	Hand	NOUN	NN					S		Nom	F
13021013	16	Jahwe	PROPN	NE					S		Gen	
13021013	17	fallen	VERB	VVFIN		Fin	Pres	3	P	Ind		
13021013	18	denn	CCONJ	KON								
13021013	19	sein	DET	PPOSAT					S		Nom	F
13021013	20	Erbarmunge	NOUN	NN					P		Nom	F
13021013	21	sein	AUX	VAFIN		Fin	Pres	3	P	Ind		
13021013	22	sehr	ADV	ADV								
13021013	23	groß	ADV	ADJD	Pos							
13021013	24	aber	CCONJ	KON								
13021013	25	in	ADP	APPR								
13021013	26	der	DET	ART					S		Nom	F
13021013	27	Hand	NOUN	NN					S		Nom	F
13021013	28	der	DET	ART					S		Nom	M
13021013	29	Mensch	NOUN	NN					P		Nom	M
13021013	30	laß	VERB	VVIMP				2	S	Imp		
13021013	31	mich	PRON	PPER				1	S		Acc	
13021013	32	nicht	PART	PTKNEG								
13021013	33	fallen	VERB	VVFIN		Fin	Pres	3	P	Ind		
13021014	1	und	CCONJ	KON								
13021014	2	Jahwe	NOUN	NN					S		Nom	M
13021014	3	senden	VERB	VVFIN		Fin	Past	3	S	Ind		
13021014	4	ein	DET	ART					S		Nom	F
13021014	5	Pest	NOUN	NN					S		Nom	F
13021014	6	unter	ADP	APPR								
13021014	7	Israel	PROPN	NE					S		Nom	N
13021014	8	und	CCONJ	KON								
13021014	9	es	PRON	PPER				3	S		Nom	N
13021014	10	fallen	VERB	VVFIN		Fin	Past	3	P	Ind		
13021014	11	von	ADP	APPR								
13021014	12	Israel	PROPN	NE					S		Nom	N
13021014	13	70000	NUM	CARD								
13021014	14	Mann	NOUN	NN					S		Nom	M
13021015	1	und	CCONJ	KON								
13021015	2	Jahwe	NOUN	NN					S		Nom	M
13021015	3	senden	VERB	VVFIN		Fin	Past	3	S	Ind		
13021015	4	der	DET	ART					S		Acc	M
13021015	5	Engel	NOUN	NN					S		Nom	M
13021015	6	nach	ADP	APPR								
13021015	7	Jerusalem	PROPN	NE					S		Nom	N
13021015	8	um	ADP	APPR								
13021015	9	es	PRON	PPER				3	S		Nom	N
13021015	10	zu	ADP	PTKVZ								
13021015	11	verderben	VERB	VVINF		Inf						
13021015	12	und	CCONJ	KON								
13021015	13	als	ADP	KOKOM								
13021015	14	er	PRON	PPER				3	S		Nom	M
13021015	15	verderben	VERB	VVFIN		Fin	Past	3	S	Ind		
13021015	16	sehen	VERB	VVFIN		Fin	Past	3	S	Ind		
13021015	17	es	PRON	PPER				3	S		Nom	N
13021015	18	Jahwe	NOUN	NN					S		Nom	M
13021015	19	und	CCONJ	KON								
13021015	20	es	PRON	PPER				3	S		Nom	N
13021015	21	reuten	VERB	VVFIN		Fin	Past	3	S	Ind		
13021015	22	ihn	PRON	PPER				3	S		Acc	M
13021015	23	der	DET	ART					S		Gen	M
13021015	24	Übel	NOUN	NE					S		Gen	N
13021015	25	und	CCONJ	KON								
13021015	26	er	PRON	PPER				3	S		Nom	M
13021015	27	sprechen	VERB	VVFIN		Fin	Past	3	S	Ind		
13021015	28	zu	ADP	PTKVZ								
13021015	29	der	DET	ART					S		Dat	M
13021015	30	Engel	NOUN	NN					S		Nom	M
13021015	31	welcher	PRON	PWAT					S		Nom	M
13021015	32	verderben	VERB	VVFIN		Fin	Past	3	S	Ind		
13021015	33	Genug	ADV	ADV								
13021015	34	zeihen	VERB	VVFIN		Fin	Pres	3	S	Sub		
13021015	35	jetzt	ADV	ADV								
13021015	36	dein	DET	PPOSAT					S		Nom	F
13021015	37	Hand	NOUN	NN					S		Nom	F
13021015	38	ab	ADP	PTKVZ								
13021015	39	der	DET	ART					S		Nom	M
13021015	40	Engel	NOUN	NN					S		Nom	M
13021015	41	Jahwe	PROPN	NE					S		Gen	
13021015	42	stehen	VERB	VVFIN		Fin	Past	3	S	Ind		
13021015	43	aber	CCONJ	KON								
13021015	44	bei	ADP	APPR								
13021015	45	der	DET	ART					S		Nom	M
13021015	46	Tenne	NOUN	NN					S		Nom	F
13021015	47	Ornan	PROPN	NE					S		Gen	N
13021015	48	der	DET	ART					S		Gen	M
13021015	49	Jebusiter	PROPN	NE					S		Gen	
13021016	1	und	CCONJ	KON								
13021016	2	als	ADP	KOKOM								
13021016	3	David	PROPN	NE					S		Nom	M
13021016	4	sein	DET	PPOSAT					S		Nom	F
13021016	5	Auge	NOUN	NN					P		Nom	N
13021016	6	erheben	VERB	VVFIN		Fin	Past	3	S	Ind		
13021016	7	sehen	VERB	VVFIN		Fin	Past	3	S	Ind		
13021016	8	er	PRON	PPER				3	S		Nom	M
13021016	9	der	DET	ART					S		Acc	M
13021016	10	Engel	NOUN	NN					S		Nom	M
13021016	11	Jahwe	PROPN	NE					S		Gen	
13021016	12	zwischen	ADP	APPR								
13021016	13	der	DET	ART					S		Nom	M
13021016	14	Erde	NOUN	NN					S		Nom	F
13021016	15	und	CCONJ	KON								
13021016	16	der	DET	ART					S		Dat	M
13021016	17	Himmel	NOUN	NN					S		Nom	M
13021016	18	stehen	VERB	VVFIN		Fin	Pres	3	P	Ind		
13021016	19	sein	AUX	VAINF		Inf						
13021016	20	Schwert	NOUN	NN					S		Nom	N
13021016	21	zücken	VERB	VVPP		Part						
13021016	22	in	ADP	APPR								
13021016	23	sein	DET	PPOSAT					S		Dat	F
13021016	24	Hand	NOUN	NN					S		Nom	F
13021016	25	ausstrecken	VERB	VVPP		Part						
13021016	26	über	ADP	APPR								
13021016	27	Jerusalem	PROPN	NE					S		Nom	N
13021016	28	da	SCONJ	KOUS								
13021016	29	fallen	VERB	VVFIN		Fin	Past	3	P	Ind		
13021016	30	David	PROPN	NE					S		Nom	M
13021016	31	und	CCONJ	KON								
13021016	32	der	DET	ART					S		Nom	F
13021016	33	Ältesten	NOUN	NN					P		Nom	M
13021016	34	in	ADP	APPR								
13021016	35	Sacktuch	NOUN	NE					S		Nom	N
13021016	36	hüllen	VERB	VVPP		Part						
13021016	37	auf	ADP	PTKVZ								
13021016	38	ihr	PRON	PPOSAT				3	S		Dat	F
13021016	39	Angesicht	NOUN	NN					S		Nom	F
13021017	1	und	CCONJ	KON								
13021017	2	David	PROPN	NE					S		Nom	M
13021017	3	sprechen	VERB	VVFIN		Fin	Past	3	S	Ind		
13021017	4	zu	ADP	PTKVZ								
13021017	5	Gott	NOUN	NN					S		Nom	M
13021017	6	Bin	AUX	VAFIN		Fin	Pres	1	S	Ind		
13021017	7	ich	PRON	PPER				1	S		Nom	
13021017	8	es	PRON	PPER				3	S		Nom	N
13021017	9	nicht	PART	PTKNEG								
13021017	10	der	DET	ART					S		Nom	M
13021017	11	sagen	VERB	VVPP		Part						
13021017	12	haben	AUX	VAFIN		Fin	Pres	3	S	Ind		
13021017	13	der	DET	ART					S		Nom	N
13021017	14	Volk	NOUN	NN					S		Nom	N
13021017	15	zu	ADP	PTKVZ								
13021017	16	zählen	VERB	VVFIN		Fin	Pres	3	P	Ind		
13021017	17	und	CCONJ	KON								
13021017	18	ich	PRON	PPER				1	S		Nom	
13021017	19	sein	AUX	VAFIN		Fin	Pres	1	S	Ind		
13021017	20	es	PRON	PPER				3	S		Nom	N
13021017	21	der	DET	ART					S		Nom	M
13021017	22	sündigen	VERB	VVPP		Part						
13021017	23	und	CCONJ	KON								
13021017	24	sehr	ADV	ADV								
13021017	25	Übel	ADV	ADV								
13021017	26	handeln	VERB	VVPP		Part						
13021017	27	haben	AUX	VAFIN		Fin	Pres	3	S	Ind		
13021017	28	aber	CCONJ	KON								
13021017	29	dieser	DET	PDAT					S		Nom	F
13021017	30	Schaf	NOUN	NN					P		Nom	N
13021017	31	was	PRON	PWS					S		Nom	N
13021017	32	haben	AUX	VAFIN		Fin	Pres	3	P	Ind		
13021017	33	sie	PRON	PPER				3	P		Nom	
13021017	34	tun	VERB	VVPP		Part						
13021017	35	Jahwe	NOUN	NN					S		Nom	M
13021017	36	mein	DET	PPOSAT					S		Nom	N
13021017	37	Gott	NOUN	NN					S		Nom	M
13021017	38	es	PRON	PPER				3	S		Nom	N
13021017	39	sein	AUX	VAFIN		Fin	Pres	3	S	Sub		
13021017	40	doch	CCONJ	KON								
13021017	41	dein	DET	PPOSAT					S		Nom	F
13021017	42	Hand	NOUN	NN					S		Nom	F
13021017	43	wider	ADP	PTKVZ								
13021017	44	mich	PRON	PPER				1	S		Acc	
13021017	45	und	CCONJ	KON								
13021017	46	wider	ADP	PTKVZ								
13021017	47	der	DET	ART					S		Nom	N
13021017	48	Haus	NOUN	NN					S		Nom	N
13021017	49	meiner	DET	PPOSAT					S		Gen	N
13021017	50	Vater	NOUN	NN					S		Gen	M
13021017	51	aber	CCONJ	KON								
13021017	52	nicht	PART	PTKNEG								
13021017	53	wider	ADP	PTKVZ								
13021017	54	dein	DET	PPER					S		Nom	N
13021017	55	Volk	NOUN	NN					S		Nom	N
13021017	56	zu	ADP	APPRART					S		Dat	F
13021017	57	Plage	NOUN	NN					S		Nom	F
13021018	1	und	CCONJ	KON								
13021018	2	der	DET	ART					S		Nom	M
13021018	3	Engel	NOUN	NN					S		Nom	M
13021018	4	Jahwe	PROPN	NE					S		Gen	
13021018	5	sprechen	VERB	VVFIN		Fin	Past	3	S	Ind		
13021018	6	zu	ADP	PTKVZ								
13021018	7	Gad	PROPN	NE					S		Nom	M
13021018	8	daß	SCONJ	KOUS								
13021018	9	er	PRON	PPER				3	S		Nom	M
13021018	10	zu	ADP	PTKVZ								
13021018	11	David	PROPN	NE					S		Nom	M
13021018	12	sagen	VERB	VVFIN		Fin	Pres	3	S	Sub		
13021018	13	David	PROPN	NE					S		Nom	M
13021018	14	sollen	AUX	VMFIN		Fin	Pres	3	S	Sub		
13021018	15	hinaufgehen	VERB	VVFIN		Fin	Pres	3	P	Ind		
13021018	16	um	ADP	APPR								
13021018	17	Jahwe	NOUN	NN					S		Nom	M
13021018	18	ein	DET	ART					S		Acc	M
13021018	19	Altar	NOUN	NN					S		Nom	M
13021018	20	zu	ADP	PTKVZ								
13021018	21	errichten	VERB	VVINF		Inf						
13021018	22	auf	ADP	PTKVZ								
13021018	23	der	DET	ART					S		Nom	M
13021018	24	Tenne	NOUN	NN					S		Nom	F
13021018	25	Ornan	PROPN	NE					S		Gen	N
13021018	26	der	DET	ART					S		Gen	M
13021018	27	Jebusiter	PROPN	NE					S		Gen	
13021019	1	und	CCONJ	KON								
13021019	2	David	PROPN	NE					S		Nom	M
13021019	3	gehen	VERB	VVFIN		Fin	Past	3	S	Ind		
13021019	4	hinauf	ADV	PTKVZ								
13021019	5	nach	ADP	APPR								
13021019	6	der	DET	ART					S		Dat	M
13021019	7	Wort	NOUN	NN					P		Nom	N
13021019	8	Gads	X	NE								
13021019	9	der	DET	ART					S		Nom	N
13021019	10	er	PRON	PPER				3	S		Nom	M
13021019	11	in	ADP	APPRART					S		Dat	N
13021019	12	Name	NOUN	NN					P		Nom	M
13021019	13	Jahwe	PROPN	NE					S		Gen	
13021019	14	reden	VERB	VVPP		Part						
13021019	15	haben	AUX	VAFIN		Fin	Past	3	S	Ind		
13021020	1	und	CCONJ	KON								
13021020	2	Ornan	PROPN	NE					S		Nom	N
13021020	3	wenden	VERB	VVFIN		Fin	Past	3	S	Ind		
13021020	4	sich	PRON	PRF				3	S		Acc	
13021020	5	um	ADP	APPR								
13021020	6	und	CCONJ	KON								
13021020	7	sehen	VERB	VVFIN		Fin	Past	3	S	Ind		
13021020	8	der	DET	ART					S		Acc	M
13021020	9	Engel	NOUN	NN					S		Nom	M
13021020	10	und	CCONJ	KON								
13021020	11	sein	DET	PPOSAT					S		Nom	F
13021020	12	vier	NUM	CARD								
13021020	13	Sohn	NOUN	NN					P		Nom	M
13021020	14	versteckt	VERB	ADJA		Fin	Past	3	P	Ind		
13021020	15	sich	PRON	PRF				3	S		Acc	
13021020	16	mit	ADP	APPR								
13021020	17	ihm	PRON	PPER				3	S		Dat	M
13021020	18	Ornan	PROPN	NE					S		Nom	N
13021020	19	aber	CCONJ	KON								
13021020	20	Drosch	ADV	ADJD	Pos							
13021020	21	weizen	NOUN	NN					S		Nom	M
13021021	1	und	CCONJ	KON								
13021021	2	David	PROPN	NE					S		Nom	M
13021021	3	kommen	VERB	VVFIN		Fin	Past	3	S	Ind		
13021021	4	zu	ADP	PTKVZ								
13021021	5	Ornan	PROPN	NE					S		Nom	N
13021021	6	und	CCONJ	KON								
13021021	7	Ornan	PROPN	NE					S		Nom	N
13021021	8	blicken	VERB	VVFIN		Fin	Past	3	S	Ind		
13021021	9	hin	ADV	ADV								
13021021	10	und	CCONJ	KON								
13021021	11	sehen	VERB	VVFIN		Fin	Past	3	S	Ind		
13021021	12	David	PROPN	NE					S		Nom	M
13021021	13	und	CCONJ	KON								
13021021	14	er	PRON	PPER				3	S		Nom	M
13021021	15	gehen	VERB	VVFIN		Fin	Past	3	S	Ind		
13021021	16	aus	ADP	PTKVZ								
13021021	17	der	DET	ART					S		Nom	M
13021021	18	Tenne	NOUN	NN					S		Nom	F
13021021	19	hinaus	ADP	APZR								
13021021	20	und	CCONJ	KON								
13021021	21	beugen	VERB	VVFIN		Fin	Past	3	S	Ind		
13021021	22	sich	PRON	PRF				3	S		Acc	
13021021	23	vor	ADP	APPR								
13021021	24	David	PROPN	NE					S		Nom	M
13021021	25	nieder	ADV	PTKVZ								
13021021	26	mit	ADP	APPR								
13021021	27	der	DET	ART					S		Dat	M
13021021	28	Antlitz	NOUN	NN					S		Nom	N
13021021	29	zu	ADP	APPRART					S		Dat	F
13021021	30	Erde	NOUN	NN					S		Nom	F
13021022	1	und	CCONJ	KON								
13021022	2	David	PROPN	NE					S		Nom	M
13021022	3	sprechen	VERB	VVFIN		Fin	Past	3	S	Ind		
13021022	4	zu	ADP	PTKVZ								
13021022	5	Ornan	PROPN	NE					S		Nom	N
13021022	6	Gib	ADV	ADJD	Pos							
13021022	7	mir	PRON	PPER				1	S		Dat	
13021022	8	der	DET	ART					S		Acc	M
13021022	9	Platz	NOUN	NN					S		Nom	M
13021022	10	der	DET	ART					S		Nom	M
13021022	11	Tenne	NOUN	NN					S		Nom	F
13021022	12	daß	SCONJ	KOUS								
13021022	13	ich	PRON	PPER				1	S		Nom	
13021022	14	Jahwe	NOUN	NN					S		Nom	M
13021022	15	ein	DET	ART					S		Acc	M
13021022	16	Altar	NOUN	NN					S		Nom	M
13021022	17	darauf	ADV	PROAV								
13021022	18	bauen	VERB	VVFIN		Fin	Pres	3	S	Sub		
13021022	19	um	ADP	APPR								
13021022	20	voll	ADJ	ADJA	Pos				S		Nom	N
13021022	21	Geld	NOUN	NN					S		Nom	N
13021022	22	gib	VERB	VVIMP				2	S	Imp		
13021022	23	ihn	PRON	PPER				3	S		Acc	M
13021022	24	mir	PRON	PPER				1	S		Dat	
13021022	25	daß	SCONJ	KOUS								
13021022	26	der	DET	ART					S		Nom	F
13021022	27	Plage	NOUN	NN					S		Nom	F
13021022	28	von	ADP	APPR								
13021022	29	der	DET	ART					S		Dat	M
13021022	30	Volke	NOUN	NN					S		Nom	M
13021022	31	abwehren	VERB	VVPP		Part						
13021022	32	werden	AUX	VAFIN		Fin	Pres	3	S	Sub		
13021023	1	da	SCONJ	KOUS								
13021023	2	sprechen	VERB	VVFIN		Fin	Past	3	S	Ind		
13021023	3	Ornan	PROPN	NE					S		Nom	N
13021023	4	zu	ADP	PTKVZ								
13021023	5	David	PROPN	NE					S		Nom	M
13021023	6	Nimm	ADV	FM	Pos							
13021023	7	ihn	PRON	PPER				3	S		Acc	M
13021023	8	dir	PRON	PPER				2	S		Dat	
13021023	9	und	CCONJ	KON								
13021023	10	mein	DET	PPOSAT					S		Nom	N
13021023	11	Herr	NOUN	NN					S		Nom	M
13021023	12	der	DET	ART					S		Nom	M
13021023	13	König	NOUN	NN					S		Nom	M
13021023	14	tun	VERB	VVFIN		Fin	Pres	3	S	Sub		
13021023	15	was	PRON	PWS					S		Nom	N
13021023	16	gut	ADV	ADJD	Pos							
13021023	17	sein	AUX	VAFIN		Fin	Pres	3	S	Ind		
13021023	18	in	ADP	APPR								
13021023	19	sein	DET	PPOSAT					S		Acc	M
13021023	20	Auge	NOUN	NN					P		Nom	N
13021023	21	sehen	VERB	VVIMP				2	S	Imp		
13021023	22	ich	PRON	PPER				1	S		Nom	
13021023	23	geben	VERB	VVFIN		Fin	Pres	3	S	Sub		
13021023	24	der	DET	ART					S		Nom	F
13021023	25	Rind	NOUN	NN					P		Nom	N
13021023	26	zu	ADP	PTKVZ								
13021023	27	der	DET	ART					S		Acc	M
13021023	28	Brandopfern	NOUN	NN					S		Nom	N
13021023	29	und	CCONJ	KON								
13021023	30	der	DET	ART					S		Nom	F
13021023	31	Dreschwag	NOUN	NN					P		Nom	F
13021023	32	zu	ADP	APPRART					S		Dat	N
13021023	33	Holz	NOUN	NN					S		Nom	N
13021023	34	und	CCONJ	KON								
13021023	35	der	DET	ART					S		Acc	M
13021023	36	weizen	NOUN	NN					S		Nom	M
13021023	37	zu	ADP	APPRART					S		Dat	N
13021023	38	Speisopfer	NOUN	NN					P		Nom	N
13021023	39	alle	PRON	PIS					S		Nom	N
13021023	40	der	DET	ART					S		Nom	N
13021023	41	geben	VERB	VVFIN		Fin	Pres	3	S	Sub		
13021023	42	ich	PRON	PPER				1	S		Nom	
13021024	1	aber	CCONJ	KON								
13021024	2	der	DET	ART					S		Nom	M
13021024	3	König	NOUN	NN					S		Nom	M
13021024	4	David	PROPN	NE					S		Nom	M
13021024	5	sprechen	VERB	VVFIN		Fin	Past	3	S	Ind		
13021024	6	zu	ADP	PTKVZ								
13021024	7	Ornan	PROPN	NE					S		Nom	N
13021024	8	nein	PART	PTKANT								
13021024	9	sondern	CCONJ	KON								
13021024	10	kaufen	VERB	VVINF		Fin	Pres	3	P	Ind		
13021024	11	wollen	AUX	VMFIN		Fin	Pres	3	S	Ind		
13021024	12	ich	PRON	PPER				1	S		Nom	
13021024	13	es	PRON	PPER				3	S		Nom	N
13021024	14	um	ADP	APPR								
13021024	15	voll	ADJ	ADJA	Pos				S		Nom	N
13021024	16	Geld	NOUN	NN					S		Nom	N
13021024	17	denn	CCONJ	KON								
13021024	18	ich	PRON	PPER				1	S		Nom	
13021024	19	wollen	AUX	VMFIN		Fin	Pres	3	S	Ind		
13021024	20	nicht	PART	PTKNEG								
13021024	21	was	PRON	PWS					S		Nom	N
13021024	22	dir	PRON	PPER				2	S		Dat	
13021024	23	gehören	VERB	VVFIN		Fin	Pres	3	S	Ind		
13021024	24	für	ADP	APPR								
13021024	25	Jahwe	NOUN	NN					S		Nom	M
13021024	26	nehmen	VERB	VVINF		Inf						
13021024	27	und	CCONJ	KON								
13021024	28	umsonst	ADV	ADV								
13021024	29	Brandopfer	NOUN	NN					S		Nom	M
13021024	30	opfern	VERB	VVINF		Inf						
13021025	1	und	CCONJ	KON								
13021025	2	David	PROPN	NE					S		Nom	M
13021025	3	geben	VERB	VVFIN		Fin	Past	3	S	Ind		
13021025	4	Ornan	PROPN	NE					S		Nom	N
13021025	5	für	ADP	APPR								
13021025	6	der	DET	ART					S		Acc	M
13021025	7	Platz	NOUN	NN					S		Nom	M
13021025	8	sechshundert	NUM	CARD								
13021025	9	sekel	NOUN	NN					S		Nom	M
13021025	10	Gold	NOUN	NN					S		Nom	N
13021025	11	an	ADP	PTKVZ								
13021025	12	Gewicht	NOUN	NN					S		Nom	N
13021026	1	und	CCONJ	KON								
13021026	2	David	PROPN	NE					S		Nom	M
13021026	3	bauen	VERB	VVFIN		Fin	Past	3	S	Ind		
13021026	4	daselbst	ADV	PROAV								
13021026	5	Jahwe	NOUN	NN					S		Nom	M
13021026	6	ein	DET	ART					S		Acc	M
13021026	7	Altar	NOUN	NN					S		Nom	M
13021026	8	und	CCONJ	KON								
13021026	9	opfern	VERB	VVFIN		Fin	Past	3	S	Ind		
13021026	10	Brandopfer	NOUN	NN					S		Nom	M
13021026	11	und	CCONJ	KON								
13021026	12	Friedensopfer	NOUN	NN					P		Nom	M
13021026	13	und	CCONJ	KON								
13021026	14	er	PRON	PPER				3	S		Nom	M
13021026	15	rufen	VERB	VVFIN		Fin	Past	3	S	Ind		
13021026	16	zu	ADP	PTKVZ								
13021026	17	Jahwe	NOUN	NN					S		Nom	M
13021026	18	und	CCONJ	KON								
13021026	19	er	PRON	PPER				3	S		Nom	M
13021026	20	antworten	VERB	VVFIN		Fin	Past	3	S	Ind		
13021026	21	ihm	PRON	PPER				3	S		Dat	M
13021026	22	mit	ADP	APPR								
13021026	23	Feuer	NOUN	NN					S		Nom	N
13021026	24	von	ADP	APPRART					S		Dat	N
13021026	25	Himmel	NOUN	NN					S		Nom	M
13021026	26	auf	ADP	PTKVZ								
13021026	27	der	DET	ART					S		Dat	M
13021026	28	Altar	NOUN	NN					S		Nom	M
13021026	29	der	DET	ART					S		Gen	M
13021026	30	Brandopfer	PROPN	NE					S		Gen	
13021027	1	und	CCONJ	KON								
13021027	2	Jahwe	NOUN	NN					S		Nom	M
13021027	3	sprechen	VERB	VVFIN		Fin	Past	3	S	Ind		
13021027	4	zu	ADP	PTKVZ								
13021027	5	der	DET	ART					S		Dat	M
13021027	6	Engel	NOUN	NN					S		Nom	M
13021027	7	und	CCONJ	KON								
13021027	8	er	PRON	PPER				3	S		Nom	M
13021027	9	stecken	VERB	VVFIN		Fin	Past	3	S	Ind		
13021027	10	sein	AUX	VAINF		Inf						
13021027	11	Schwert	NOUN	NN					S		Nom	N
13021027	12	wieder	ADV	ADV								
13021027	13	in	ADP	APPR								
13021027	14	sein	DET	PPOSAT					S		Nom	F
13021027	15	Scheide	PROPN	NE					S		Nom	F
13021028	1	zu	ADP	APPR								
13021028	2	jener	DET	PDAT					S		Nom	M
13021028	3	Zeit	NOUN	NN					S		Nom	F
13021028	4	als	ADP	KOKOM								
13021028	5	David	PROPN	NE					S		Nom	M
13021028	6	sehen	VERB	VVFIN		Fin	Past	3	S	Ind		
13021028	7	daß	SCONJ	KOUS								
13021028	8	Jahwe	NOUN	NN					S		Nom	M
13021028	9	ihm	PRON	PPER				3	S		Dat	M
13021028	10	auf	ADP	PTKVZ								
13021028	11	der	DET	ART					S		Nom	M
13021028	12	Tenne	NOUN	NN					S		Nom	F
13021028	13	Ornan	PROPN	NE					S		Gen	N
13021028	14	der	DET	ART					S		Gen	M
13021028	15	Jebusiter	PROPN	NE					S		Gen	
13021028	16	antworten	VERB	VVPP		Part						
13021028	17	haben	AUX	VAFIN		Fin	Past	3	S	Ind		
13021028	18	opfern	VERB	VVFIN		Fin	Past	3	S	Ind		
13021028	19	er	PRON	PPER				3	S		Nom	M
13021028	20	daselbst	ADV	PROAV								
13021029	1	der	DET	ART					S		Nom	F
13021029	2	Wohnung	NOUN	NN					S		Nom	F
13021029	3	Jahwe	PROPN	NE					S		Gen	
13021029	4	aber	CCONJ	KON								
13021029	5	der	DET	ART					S		Nom	F
13021029	6	Mose	PROPN	NE					S		Nom	
13021029	7	in	ADP	APPR								
13021029	8	der	DET	ART					S		Nom	M
13021029	9	Wüste	NOUN	NN					S		Nom	F
13021029	10	machen	VERB	VVPP		Part						
13021029	11	haben	AUX	VAFIN		Fin	Past	3	S	Ind		
13021029	12	und	CCONJ	KON								
13021029	13	der	DET	ART					S		Nom	M
13021029	14	Brandopferaltar	PROPN	NE					S		Nom	
13021029	15	sein	AUX	VAFIN		Fin	Past	3	P	Ind		
13021029	16	zu	ADP	PTKVZ								
13021029	17	jener	DET	PDAT					S		Nom	M
13021029	18	Zeit	NOUN	NN					S		Nom	F
13021029	19	auf	ADP	PTKVZ								
13021029	20	der	DET	ART					S		Nom	M
13021029	21	Höhe	NOUN	NN					S		Nom	F
13021029	22	zu	ADP	PTKVZ								
13021029	23	Gibeon	PROPN	NE								
13021030	1	aber	CCONJ	KON								
13021030	2	David	PROPN	NE					S		Nom	M
13021030	3	vermögen	VERB	VVFIN		Fin	Past	3	S	Ind		
13021030	4	nicht	PART	PTKNEG								
13021030	5	vor	ADP	APPR								
13021030	6	derselbe	PRON	PDS					P		Dat	
13021030	7	hinzugehen	VERB	VVIZU		Inf						
13021030	8	um	ADP	APPR								
13021030	9	Gott	NOUN	NN					S		Nom	M
13021030	10	zu	ADP	PTKVZ								
13021030	11	suchen	VERB	VVINF		Inf						
13021030	12	denn	CCONJ	KON								
13021030	13	er	PRON	PPER				3	S		Nom	M
13021030	14	sein	AUX	VAFIN		Fin	Past	3	S	Ind		
13021030	15	erschrocken	ADV	ADJD	Pos							
13021030	16	vor	ADP	APPR								
13021030	17	der	DET	ART					S		Dat	M
13021030	18	schwerte	NOUN	NN					P		Nom	
13021030	19	der	DET	ART					S		Gen	M
13021030	20	Engel	PROPN	NE					S		Nom	
13021030	21	Jahwe	PROPN	NE					S		Gen	
13022001	1	und	CCONJ	KON								
13022001	2	David	PROPN	NE					S		Nom	M
13022001	3	sprechen	VERB	VVFIN		Fin	Past	3	S	Ind		
13022001	4	dieser	PRON	PDS					S		Nom	N
13022001	5	hier	ADV	ADV								
13022001	6	sollen	AUX	VMFIN		Fin	Pres	3	S	Ind		
13022001	7	der	DET	ART					S		Nom	N
13022001	8	Haus	NOUN	NN					S		Nom	N
13022001	9	Jahwe	PROPN	NE					S		Gen	
13022001	10	Gott	NOUN	NN					S		Gen	M
13022001	11	sein	AUX	VAINF		Inf						
13022001	12	und	CCONJ	KON								
13022001	13	dieser	PRON	PDS					S		Nom	N
13022001	14	der	DET	ART					S		Nom	M
13022001	15	Altar	NOUN	NN					S		Nom	M
13022001	16	zu	ADP	APPRART					S		Dat	N
13022001	17	Brandopfer	NOUN	NN					S		Nom	M
13022001	18	für	ADP	APPR								
13022001	19	Israel	PROPN	NE					S		Nom	N
13022002	1	und	CCONJ	KON								
13022002	2	David	PROPN	NE					S		Nom	M
13022002	3	befehlen	VERB	VVFIN		Fin	Past	3	S	Ind		
13022002	4	daß	SCONJ	KOUS								
13022002	5	man	PRON	PIS					S		Nom	
13022002	6	der	DET	ART					S		Nom	F
13022002	7	Fremdling	NOUN	NN					P		Nom	M
13022002	8	versammeln	VERB	VVINF		Fin	Pres	3	P	Ind		
13022002	9	sollen	AUX	VMFIN		Fin	Pres	3	S	Sub		
13022002	10	der	DET	ART					S		Nom	F
13022002	11	in	ADP	APPRART					S		Dat	N
13022002	12	Land	NOUN	NN					P		Nom	N
13022002	13	Israel	PROPN	NE					S		Nom	N
13022002	14	sein	AUX	VAFIN		Fin	Past	3	P	Ind		
13022002	15	und	CCONJ	KON								
13022002	16	er	PRON	PPER				3	S		Nom	M
13022002	17	stellen	VERB	VVFIN		Fin	Past	3	S	Ind		
13022002	18	sie	PRON	PPER				3	P		Nom	
13022002	19	an	ADP	PTKVZ								
13022002	20	als	ADP	KOKOM								
13022002	21	Steinhauer	PROPN	NE					S		Nom	
13022002	22	um	ADP	APPR								
13022002	23	Quadersteine	NOUN	NN					S		Nom	F
13022002	24	für	ADP	APPR								
13022002	25	der	DET	ART					S		Acc	M
13022002	26	Bau	NOUN	NN					S		Nom	M
13022002	27	der	DET	ART					S		Gen	M
13022002	28	Haus	NOUN	NN					S		Gen	N
13022002	29	Gott	NOUN	NN					S		Gen	M
13022002	30	zu	ADP	PTKVZ								
13022002	31	hauen	VERB	VVINF		Inf						
13022003	1	und	CCONJ	KON								
13022003	2	David	PROPN	NE					S		Nom	M
13022003	3	bereiten	VERB	VVFIN		Fin	Past	3	S	Ind		
13022003	4	Eisen	NOUN	NN					S		Nom	N
13022003	5	in	ADP	APPR								
13022003	6	Menge	NOUN	NN					S		Nom	F
13022003	7	für	ADP	APPR								
13022003	8	der	DET	ART					S		Nom	F
13022003	9	Nägel	PROPN	NE					S		Nom	
13022003	10	zu	ADP	PTKVZ								
13022003	11	der	DET	ART					S		Acc	M
13022003	12	Torflügel	NOUN	NN					P		Nom	F
13022003	13	und	CCONJ	KON								
13022003	14	für	ADP	APPR								
13022003	15	der	DET	ART					S		Nom	F
13022003	16	klammern	NOUN	NN					S		Nom	N
13022003	17	und	CCONJ	KON								
13022003	18	Erz	NOUN	NN					S		Nom	N
13022003	19	in	ADP	APPR								
13022003	20	Menge	NOUN	NN					S		Nom	F
13022003	21	es	PRON	PPER				3	S		Nom	N
13022003	22	sein	AUX	VAFIN		Fin	Past	3	S	Ind		
13022003	23	nicht	PART	PTKNEG								
13022003	24	zu	ADP	PTKVZ								
13022003	25	wägen	VERB	VVINF		Inf						
13022004	1	und	CCONJ	KON								
13022004	2	Cedernholz	NOUN	NN					S		Nom	M
13022004	3	ohne	ADP	APPR								
13022004	4	Zahl	NOUN	NN					S		Nom	F
13022004	5	denn	CCONJ	KON								
13022004	6	der	DET	ART					S		Nom	F
13022004	7	Zidonier	NOUN	NN					S		Nom	M
13022004	8	und	CCONJ	KON								
13022004	9	der	DET	ART					S		Nom	F
13022004	10	Tyrer	NOUN	NN					S		Nom	M
13022004	11	bringen	VERB	VVFIN		Fin	Past	3	P	Ind		
13022004	12	Cedernholz	NOUN	NN					S		Nom	M
13022004	13	in	ADP	APPR								
13022004	14	Menge	NOUN	NN					S		Nom	F
13022004	15	zu	ADP	PTKVZ								
13022004	16	David	PROPN	NE					S		Nom	M
13022005	1	und	CCONJ	KON								
13022005	2	David	PROPN	NE					S		Nom	M
13022005	3	sprechen	VERB	VVFIN		Fin	Past	3	S	Ind		
13022005	4	Salomo	PROPN	NE					S		Nom	M
13022005	5	mein	DET	PPOSAT					S		Nom	N
13022005	6	Sohn	NOUN	NN					S		Nom	M
13022005	7	sein	AUX	VAFIN		Fin	Pres	3	S	Ind		
13022005	8	noch	CCONJ	KON								
13022005	9	jung	ADV	ADJD	Pos							
13022005	10	und	CCONJ	KON								
13022005	11	zart	ADV	ADJD	Pos							
13022005	12	und	CCONJ	KON								
13022005	13	der	DET	ART					S		Nom	N
13022005	14	Haus	NOUN	NN					S		Nom	N
13022005	15	der	DET	ART					S		Nom	N
13022005	16	der	DET	ART					S		Dat	M
13022005	17	Jahwe	NOUN	NN					S		Nom	M
13022005	18	zu	ADP	PTKVZ								
13022005	19	erbauen	VERB	VVINF		Inf						
13022005	20	sein	AUX	VAFIN		Fin	Pres	3	S	Ind		
13022005	21	sollen	AUX	VMFIN		Fin	Pres	3	S	Ind		
13022005	22	überaus	ADV	ADV								
13022005	23	groß	ADV	ADJD	Pos							
13022005	24	werden	AUX	VAFIN		Fin	Pres	3	P	Ind		
13022005	25	zu	ADP	APPRART					S		Dat	N
13022005	26	Name	NOUN	NN					P		Nom	M
13022005	27	und	CCONJ	KON								
13022005	28	zu	ADP	APPRART					S		Dat	N
13022005	29	Ruhm	NOUN	NN					S		Acc	M
13022005	30	in	ADP	APPR								
13022005	31	aller	DET	PIS					P		Dat	
13022005	32	Land	NOUN	NN					P		Dat	N
13022005	33	so	ADV	ADV								
13022005	34	wollen	AUX	VMFIN		Fin	Pres	3	S	Ind		
13022005	35	ich	PRON	PPER				1	S		Nom	
13022005	36	denn	CCONJ	KON								
13022005	37	der	DET	ART					S		Nom	N
13022005	38	nötige	NOUN	ADV					P		Nom	
13022005	39	für	ADP	APPR								
13022005	40	ihn	PRON	PPER				3	S		Acc	M
13022005	41	bereiten	VERB	VVFIN		Fin	Pres	3	P	Ind		
13022005	42	und	CCONJ	KON								
13022005	43	so	ADV	ADV								
13022005	44	bereiten	VERB	VVFIN		Fin	Past	3	S	Ind		
13022005	45	David	PROPN	NE					S		Nom	M
13022005	46	Vorrat	NOUN	NN					S		Nom	M
13022005	47	in	ADP	APPR								
13022005	48	Menge	NOUN	NN					S		Nom	F
13022005	49	vor	ADP	APPR								
13022005	50	sein	DET	PPOSAT					S		Dat	M
13022005	51	Tod	NOUN	NN					S		Nom	M
13022006	1	und	CCONJ	KON								
13022006	2	er	PRON	PPER				3	S		Nom	M
13022006	3	rufen	VERB	VVFIN		Fin	Past	3	S	Ind		
13022006	4	sein	DET	PPOSAT					S		Acc	M
13022006	5	Sohn	NOUN	NN					S		Nom	M
13022006	6	Salomo	PROPN	NE					S		Nom	M
13022006	7	und	CCONJ	KON								
13022006	8	Gebot	NOUN	NN					S		Nom	N
13022006	9	ihm	PRON	PPER				3	S		Dat	M
13022006	10	Jahwe	NOUN	NN					S		Nom	M
13022006	11	der	DET	ART					S		Dat	M
13022006	12	Gott	NOUN	NN					S		Nom	M
13022006	13	Israel	PROPN	NE					S		Gen	N
13022006	14	ein	DET	ART					S		Nom	N
13022006	15	Haus	NOUN	NN					S		Nom	N
13022006	16	zu	ADP	PTKVZ								
13022006	17	bauen	VERB	VVINF		Inf						
13022007	1	und	CCONJ	KON								
13022007	2	David	PROPN	NE					S		Nom	M
13022007	3	sprechen	VERB	VVFIN		Fin	Past	3	S	Ind		
13022007	4	zu	ADP	PTKVZ								
13022007	5	Salomo	PROPN	NE					S		Nom	M
13022007	6	mein	PRON	PPOSAT				2	P		Nom	
13022007	7	Sohn	NOUN	NN					S		Nom	M
13022007	8	ich	PRON	PPER				1	S		Nom	
13022007	9	selbst	ADV	ADV								
13022007	10	haben	AUX	VAFIN		Fin	Past	3	S	Ind		
13022007	11	in	ADP	APPR								
13022007	12	mein	DET	PPOSAT					S		Dat	M
13022007	13	Herz	NOUN	NN					S		Nom	N
13022007	14	der	DET	ART					S		Dat	M
13022007	15	Name	NOUN	NN					P		Nom	M
13022007	16	Jahwe	PROPN	NE					S		Gen	
13022007	17	meiner	DET	PPOSAT					S		Gen	N
13022007	18	Gott	NOUN	NN					S		Gen	M
13022007	19	ein	DET	ART					S		Nom	N
13022007	20	Haus	NOUN	NN					S		Nom	N
13022007	21	zu	ADP	PTKVZ								
13022007	22	bauen	VERB	VVINF		Inf						
13022008	1	aber	CCONJ	KON								
13022008	2	der	DET	ART					S		Nom	N
13022008	3	Wort	NOUN	NN					S		Nom	N
13022008	4	Jahwe	PROPN	NE					S		Gen	
13022008	5	geschehen	VERB	VVFIN		Fin	Past	3	S	Ind		
13022008	6	zu	ADP	PTKVZ								
13022008	7	mir	PRON	PPER				1	S		Dat	
13022008	8	indem	SCONJ	KOUS								
13022008	9	er	PRON	PPER				3	S		Nom	M
13022008	10	sprechen	VERB	VVFIN		Fin	Past	3	S	Ind		
13022008	11	du	PRON	PPER				2	S		Nom	
13022008	12	haben	AUX	VAFIN		Fin	Pres	2	S	Ind		
13022008	13	Blut	NOUN	NN					S		Nom	N
13022008	14	in	ADP	APPR								
13022008	15	Menge	NOUN	NN					S		Nom	F
13022008	16	vergießen	VERB	VVPP		Part						
13022008	17	und	CCONJ	KON								
13022008	18	groß	ADJ	ADJA	Pos				S		Nom	F
13022008	19	Krieg	NOUN	NN					P		Nom	M
13022008	20	führen	VERB	VVPP		Part						
13022008	21	du	PRON	PPER				2	S		Nom	
13022008	22	sollst	AUX	VMFIN		Fin	Pres	3	S	Ind		
13022008	23	mein	DET	PPOSAT					S		Dat	M
13022008	24	Name	NOUN	NN					P		Nom	M
13022008	25	kein	DET	PIAT					S		Nom	N
13022008	26	Haus	NOUN	NN					S		Nom	N
13022008	27	bauen	VERB	VVINF		Inf						
13022008	28	denn	CCONJ	KON								
13022008	29	viel	PRON	PIS								
13022008	30	Blut	NOUN	NN					S		Nom	N
13022008	31	haben	AUX	VAFIN		Fin	Pres	2	S	Ind		
13022008	32	du	PRON	PPER				2	S		Nom	
13022008	33	vor	ADP	APPR								
13022008	34	mir	PRON	PPER				1	S		Dat	
13022008	35	zu	ADP	APPRART					S		Dat	F
13022008	36	Erde	NOUN	NN					S		Nom	F
13022008	37	vergießen	VERB	VVPP		Part						
13022009	1	sehen	VERB	VVIMP				2	S	Imp		
13022009	2	ein	DET	ART					S		Nom	N
13022009	3	Sohn	NOUN	NN					S		Nom	M
13022009	4	werden	AUX	VAFIN		Fin	Pres	3	S	Ind		
13022009	5	dir	PRON	PPER				2	S		Dat	
13022009	6	gebären	VERB	VVPP		Part						
13022009	7	werden	AUX	VAFIN		Fin	Pres	3	P	Ind		
13022009	8	der	DET	ART					S		Nom	M
13022009	9	werden	AUX	VAFIN		Fin	Pres	3	S	Ind		
13022009	10	ein	DET	ART					S		Nom	N
13022009	11	Mann	NOUN	NN					S		Nom	M
13022009	12	der	DET	ART					S		Nom	M
13022009	13	Ruhe	NOUN	NN					S		Nom	F
13022009	14	sein	AUX	VAINF		Inf						
13022009	15	und	CCONJ	KON								
13022009	16	ich	PRON	PPER				1	S		Nom	
13022009	17	werden	AUX	VAFIN		Fin	Pres	3	S	Sub		
13022009	18	ihm	PRON	PPER				3	S		Dat	M
13022009	19	Ruhe	NOUN	NN					S		Nom	F
13022009	20	schaffen	VERB	VVINF		Inf						
13022009	21	vor	ADP	APPR								
13022009	22	aller	DET	PIS					P		Dat	
13022009	23	sein	DET	PPOSAT					S		Acc	M
13022009	24	Feind	NOUN	NN					P		Dat	M
13022009	25	ringsum	ADV	ADV								
13022009	26	denn	CCONJ	KON								
13022009	27	Salomo	PROPN	NE					S		Nom	M
13022009	28	werden	AUX	VAFIN		Fin	Pres	3	S	Ind		
13022009	29	sein	AUX	VAINF		Inf						
13022009	30	Name	NOUN	NN					S		Nom	M
13022009	31	sein	AUX	VAINF		Inf						
13022009	32	und	CCONJ	KON								
13022009	33	Frieden	NOUN	NN					S		Nom	M
13022009	34	und	CCONJ	KON								
13022009	35	Ruhe	NOUN	NN					S		Nom	F
13022009	36	werden	AUX	VAFIN		Fin	Pres	3	S	Sub		
13022009	37	ich	PRON	PPER				1	S		Nom	
13022009	38	Israel	PROPN	NE					S		Nom	N
13022009	39	geben	VERB	VVINF		Inf						
13022009	40	in	ADP	APPR								
13022009	41	sein	DET	PPOSAT					S		Acc	M
13022009	42	Tag	NOUN	NN					P		Dat	M
13022010	1	der	DET	ART					S		Nom	M
13022010	2	werden	AUX	VAFIN		Fin	Pres	3	S	Ind		
13022010	3	mein	DET	PPOSAT					S		Dat	M
13022010	4	Name	NOUN	NN					P		Nom	M
13022010	5	ein	DET	ART					S		Nom	N
13022010	6	Haus	NOUN	NN					S		Nom	N
13022010	7	bauen	VERB	VVINF		Inf						
13022010	8	und	CCONJ	KON								
13022010	9	er	PRON	PPER				3	S		Nom	M
13022010	10	sollen	AUX	VMFIN		Fin	Pres	3	S	Ind		
13022010	11	mir	PRON	PPER				1	S		Dat	
13022010	12	Sohn	NOUN	NN					S		Nom	M
13022010	13	und	CCONJ	KON								
13022010	14	ich	PRON	PPER				1	S		Nom	
13022010	15	wollen	AUX	VMFIN		Fin	Pres	3	S	Ind		
13022010	16	ihm	PRON	PPER				3	S		Dat	M
13022010	17	Vater	NOUN	NN					S		Nom	M
13022010	18	sein	AUX	VAINF		Inf						
13022010	19	und	CCONJ	KON								
13022010	20	ich	PRON	PPER				1	S		Nom	
13022010	21	werden	AUX	VAFIN		Fin	Pres	3	S	Sub		
13022010	22	der	DET	ART					S		Acc	M
13022010	23	Thron	NOUN	NN					S		Nom	M
13022010	24	sein	DET	PPOSAT					S		Gen	M
13022010	25	Königtum	PROPN	NN					S		Gen	N
13022010	26	über	ADP	APPR								
13022010	27	Israel	PROPN	NE					S		Nom	N
13022010	28	befestigen	VERB	VVINF		Inf						
13022010	29	auf	ADP	PTKVZ								
13022010	30	ewig	ADV	ADJD	Pos							
13022011	1	nun	ADV	ADV								
13022011	2	mein	DET	PPOSAT					S		Nom	N
13022011	3	Sohn	NOUN	NN					S		Nom	M
13022011	4	Jahwe	NOUN	NN					S		Nom	M
13022011	5	sein	AUX	VAFIN		Fin	Pres	3	S	Sub		
13022011	6	mit	ADP	APPR								
13022011	7	dir	PRON	PPER				2	S		Dat	
13022011	8	daß	SCONJ	KOUS								
13022011	9	es	PRON	PPER				3	S		Nom	N
13022011	10	dir	PRON	PPER				2	S		Dat	
13022011	11	gelingen	VERB	VVFIN		Fin	Pres	3	S	Sub		
13022011	12	und	CCONJ	KON								
13022011	13	der	DET	ART					S		Nom	N
13022011	14	Haus	NOUN	NN					S		Nom	N
13022011	15	Jahwe	PROPN	NE					S		Gen	
13022011	16	dein	DET	PPOSAT					S		Gen	N
13022011	17	Gott	NOUN	NN					S		Gen	M
13022011	18	Bauest	NOUN	NN					S		Nom	M
13022011	19	so	ADV	ADV								
13022011	20	wie	ADP	KOKOM								
13022011	21	er	PRON	PPER				3	S		Nom	M
13022011	22	von	ADP	APPR								
13022011	23	dir	PRON	PPER				2	S		Dat	
13022011	24	reden	VERB	VVPP		Part						
13022011	25	haben	AUX	VAFIN		Fin	Pres	3	S	Ind		
13022012	1	nur	ADV	ADV								
13022012	2	geben	VERB	VVFIN		Fin	Pres	3	S	Sub		
13022012	3	dir	PRON	PPER				2	S		Dat	
13022012	4	Jahwe	NOUN	NN					S		Nom	M
13022012	5	Einsicht	NOUN	NN					S		Nom	F
13022012	6	und	CCONJ	KON								
13022012	7	Verstand	NOUN	NN					S		Nom	M
13022012	8	und	CCONJ	KON								
13022012	9	er	PRON	PPER				3	S		Nom	M
13022012	10	bestellen	VERB	VVFIN		Fin	Pres	3	S	Sub		
13022012	11	dich	PRON	PPER				2	S		Acc	
13022012	12	über	ADP	APPR								
13022012	13	Israel	PROPN	NE					S		Nom	N
13022012	14	und	CCONJ	KON								
13022012	15	zwar	ADV	ADV								
13022012	16	um	ADP	APPR								
13022012	17	der	DET	ART					S		Nom	N
13022012	18	Gesetz	NOUN	NN					S		Nom	N
13022012	19	Jahwe	PROPN	NE					S		Gen	
13022012	20	dein	DET	PPOSAT					S		Gen	N
13022012	21	Gott	NOUN	NN					S		Gen	M
13022012	22	zu	ADP	PTKVZ								
13022012	23	beobachten	VERB	VVINF		Inf						
13022013	1	dann	ADV	ADV								
13022013	2	werden	AUX	VAFIN		Fin	Pres	3	S	Ind		
13022013	3	es	PRON	PPER				3	S		Nom	N
13022013	4	dir	PRON	PPER				2	S		Dat	
13022013	5	gelingen	VERB	VVINF		Inf						
13022013	6	wenn	SCONJ	KOUS								
13022013	7	du	PRON	PPER				2	S		Nom	
13022013	8	darauf	ADV	PROAV								
13022013	9	Achtest	PRON	ADV					S		Nom	M
13022013	10	der	DET	ART					S		Nom	F
13022013	11	Satzunge	NOUN	NN					P		Nom	F
13022013	12	und	CCONJ	KON								
13022013	13	der	DET	ART					S		Nom	F
13022013	14	Recht	NOUN	NN					P		Nom	N
13022013	15	zu	ADP	PTKVZ								
13022013	16	tun	VERB	VVINF		Inf						
13022013	17	welcher	DET	PWAT					S		Nom	F
13022013	18	Jahwe	NOUN	NN					S		Nom	M
13022013	19	der	DET	ART					S		Dat	M
13022013	20	Mose	PROPN	NE					S		Nom	
13022013	21	für	ADP	APPR								
13022013	22	Israel	PROPN	NE					S		Nom	N
13022013	23	gebieten	VERB	VVPP		Part						
13022013	24	haben	AUX	VAFIN		Fin	Pres	3	S	Ind		
13022013	25	Sein	AUX	VAFIN		Fin	Pres	3	S	Sub		
13022013	26	stark	ADV	ADJD	Pos							
13022013	27	und	CCONJ	KON								
13022013	28	mutig	ADV	ADJD	Pos							
13022013	29	fürchten	VERB	VVFIN		Fin	Pres	3	S	Sub		
13022013	30	dich	PRON	PPER				2	S		Acc	
13022013	31	nicht	PART	PTKNEG								
13022013	32	und	CCONJ	KON								
13022013	33	Erschrick	PROPN	NE					S		Nom	
13022013	34	nicht	PART	PTKNEG								
13022014	1	und	CCONJ	KON								
13022014	2	sehen	VERB	VVIMP				2	S	Imp		
13022014	3	in	ADP	APPR								
13022014	4	mein	DET	PPOSAT					S		Dat	F
13022014	5	Mühsal	NOUN	NN					S		Nom	F
13022014	6	haben	AUX	VAFIN		Fin	Pres	3	S	Sub		
13022014	7	ich	PRON	PPER				1	S		Nom	
13022014	8	für	ADP	APPR								
13022014	9	der	DET	ART					S		Nom	N
13022014	10	Haus	NOUN	NN					S		Nom	N
13022014	11	Jahwe	PROPN	NE					S		Gen	
13022014	12	100000	NUM	CARD								
13022014	13	Talent	NOUN	NN					P		Nom	N
13022014	14	Gold	NOUN	NN					S		Nom	N
13022014	15	und	CCONJ	KON								
13022014	16	1000000	NUM	CARD								
13022014	17	Talent	NOUN	NN					P		Nom	N
13022014	18	Silber	NOUN	NN					S		Nom	N
13022014	19	bereiten	VERB	VVFIN		Fin	Pres	3	S	Ind		
13022014	20	und	CCONJ	KON								
13022014	21	der	DET	ART					S		Nom	N
13022014	22	Erz	NOUN	NN					S		Nom	N
13022014	23	und	CCONJ	KON								
13022014	24	der	DET	ART					S		Nom	N
13022014	25	Eisen	NOUN	NN					S		Nom	N
13022014	26	sein	AUX	VAFIN		Fin	Pres	3	S	Ind		
13022014	27	nicht	PART	PTKNEG								
13022014	28	zu	ADP	PTKVZ								
13022014	29	wägen	VERB	VVINF		Inf						
13022014	30	denn	CCONJ	KON								
13022014	31	es	PRON	PPER				3	S		Nom	N
13022014	32	sein	AUX	VAFIN		Fin	Pres	3	S	Ind		
13022014	33	in	ADP	APPR								
13022014	34	Menge	NOUN	NN					S		Nom	F
13022014	35	vorhanden	ADV	ADJD	Pos							
13022014	36	auch	ADV	ADV								
13022014	37	Holz	NOUN	NN					S		Nom	N
13022014	38	und	CCONJ	KON								
13022014	39	Stein	NOUN	NN					P		Nom	M
13022014	40	haben	AUX	VAFIN		Fin	Pres	3	S	Sub		
13022014	41	ich	PRON	PPER				1	S		Nom	
13022014	42	bereiten	VERB	VVFIN		Fin	Pres	3	S	Ind		
13022014	43	und	CCONJ	KON								
13022014	44	du	PRON	PPER				2	S		Nom	
13022014	45	wersten	AUX	VAFIN		Fin	Pres	2	S	Ind		
13022014	46	noch	CCONJ	KON								
13022014	47	mehr	ADV	ADV								
13022014	48	hinzufügen	VERB	VVINF		Inf						
13022015	1	und	CCONJ	KON								
13022015	2	Werkleute	PROPN	NE					S		Nom	F
13022015	3	sein	AUX	VAFIN		Fin	Pres	3	P	Ind		
13022015	4	bei	ADP	APPR								
13022015	5	dir	PRON	PPER				2	S		Dat	
13022015	6	in	ADP	APPR								
13022015	7	Menge	NOUN	NN					S		Nom	F
13022015	8	Steinhauer	PROPN	NE					S		Nom	
13022015	9	und	CCONJ	KON								
13022015	10	Arbeiter	NOUN	NN					P		Nom	M
13022015	11	in	ADP	APPR								
13022015	12	Stein	NOUN	NN					S		Nom	M
13022015	13	und	CCONJ	KON								
13022015	14	Holz	NOUN	NN					S		Nom	N
13022015	15	und	CCONJ	KON								
13022015	16	allerlei	DET	PIAT								
13022015	17	Verständige	NOUN	NN					S		Nom	F
13022015	18	in	ADP	APPR								
13022015	19	allerlei	DET	PIAT								
13022015	20	Arbeit	NOUN	NN					S		Nom	F
13022016	1	der	DET	ART					S		Nom	N
13022016	2	Gold	NOUN	NN					S		Nom	N
13022016	3	der	DET	ART					S		Nom	N
13022016	4	Silber	NOUN	NN					S		Nom	N
13022016	5	und	CCONJ	KON								
13022016	6	der	DET	ART					S		Nom	N
13022016	7	Erz	NOUN	NN					S		Nom	N
13022016	8	und	CCONJ	KON								
13022016	9	der	DET	ART					S		Nom	N
13022016	10	Eisen	NOUN	NN					S		Nom	N
13022016	11	sein	AUX	VAFIN		Fin	Pres	3	S	Ind		
13022016	12	nicht	PART	PTKNEG								
13022016	13	zu	ADP	PTKVZ								
13022016	14	zählen	VERB	VVFIN		Fin	Pres	3	P	Ind		
13022016	15	Mache	VERB	VVIMP				2	S	Imp		
13022016	16	dich	PRON	PPER				2	S		Acc	
13022016	17	auf	ADP	PTKVZ								
13022016	18	und	CCONJ	KON								
13022016	19	handeln	VERB	VVFIN		Fin	Pres	3	S	Sub		
13022016	20	und	CCONJ	KON								
13022016	21	Jahwe	NOUN	NN					S		Nom	M
13022016	22	sein	AUX	VAFIN		Fin	Pres	3	S	Sub		
13022016	23	mit	ADP	APPR								
13022016	24	dir	PRON	PPER				2	S		Dat	
13022017	1	und	CCONJ	KON								
13022017	2	David	PROPN	NE					S		Nom	M
13022017	3	Gebot	NOUN	NN					S		Nom	N
13022017	4	aller	DET	PIS					P		Dat	
13022017	5	oberer	ADJ	ADJA	Sup				S		Dat	F
13022017	6	Israel	PROPN	NE					S		Gen	N
13022017	7	sein	DET	PPOSAT					S		Dat	M
13022017	8	Sohn	NOUN	NN					S		Acc	M
13022017	9	Salomo	PROPN	NE					S		Nom	M
13022017	10	beistehen	VERB	VVIZU		Inf						
13022018	1	sein	AUX	VAFIN		Fin	Pres	3	S	Ind		
13022018	2	nicht	PART	PTKNEG								
13022018	3	Jahwe	NOUN	NN					S		Nom	M
13022018	4	euer	DET	PPOSAT					S		Nom	M
13022018	5	Gott	NOUN	NN					S		Nom	M
13022018	6	mit	ADP	APPR								
13022018	7	euch	PRON	PPER				2	P		Dat	
13022018	8	und	CCONJ	KON								
13022018	9	haben	AUX	VAFIN		Fin	Pres	3	S	Ind		
13022018	10	er	PRON	PPER				3	S		Nom	M
13022018	11	euch	PRON	PPER				2	P		Dat	
13022018	12	nicht	PART	PTKNEG								
13022018	13	Ruhe	NOUN	NN					S		Nom	F
13022018	14	schaffen	VERB	VVPP		Part						
13022018	15	ringsumher	X	FM								
13022018	16	denn	CCONJ	KON								
13022018	17	er	PRON	PPER				3	S		Nom	M
13022018	18	haben	AUX	VAFIN		Fin	Pres	3	S	Ind		
13022018	19	der	DET	ART					S		Nom	F
13022018	20	Bewohner	NOUN	NN					P		Nom	M
13022018	21	der	DET	ART					S		Gen	M
13022018	22	Land	NOUN	NN					S		Gen	N
13022018	23	in	ADP	APPR								
13022018	24	mein	DET	PPOSAT					S		Nom	F
13022018	25	Hand	NOUN	NN					S		Nom	F
13022018	26	geben	VERB	VVPP		Part						
13022018	27	und	CCONJ	KON								
13022018	28	der	DET	ART					S		Nom	N
13022018	29	Land	NOUN	NN					S		Nom	N
13022018	30	sein	AUX	VAFIN		Fin	Pres	3	S	Ind		
13022018	31	Unterjocht	VERB	VVPP		Part						
13022018	32	vor	ADP	APPR								
13022018	33	Jahwe	NOUN	NN					S		Nom	M
13022018	34	und	CCONJ	KON								
13022018	35	vor	ADP	APPR								
13022018	36	sein	DET	PPOSAT					S		Dat	M
13022018	37	Volke	NOUN	NN					S		Nom	M
13022019	1	Richten	VERB	VVFIN		Fin	Pres	3	S	Ind		
13022019	2	nun	ADV	ADV								
13022019	3	euer	DET	PPOSAT					S		Nom	M
13022019	4	Herz	NOUN	NN					S		Nom	N
13022019	5	und	CCONJ	KON								
13022019	6	eure	DET	PPOSAT					S		Nom	F
13022019	7	Seele	NOUN	NN					S		Nom	F
13022019	8	darauf	ADV	PROAV								
13022019	9	Jahwe	NOUN	NN					S		Nom	M
13022019	10	euren	DET	PPOSAT					S		Acc	M
13022019	11	Gott	NOUN	NN					S		Nom	M
13022019	12	zu	ADP	PTKVZ								
13022019	13	suchen	VERB	VVINF		Inf						
13022019	14	und	CCONJ	KON								
13022019	15	Machet	VERB	VVFIN		Fin	Pres	3	S	Ind		
13022019	16	euch	PRON	PPER				2	P		Dat	
13022019	17	auf	ADP	PTKVZ								
13022019	18	und	CCONJ	KON								
13022019	19	Bauet	VERB	FM		Fin	Past	3	S	Sub		
13022019	20	der	DET	ART					S		Nom	N
13022019	21	Heiligtum	NOUN	NN					S		Nom	N
13022019	22	Jahwe	PROPN	NE					S		Gen	
13022019	23	Gott	NOUN	NN					S		Gen	M
13022019	24	daß	SCONJ	KOUS								
13022019	25	ihr	PRON	PPOSAT				3	S		Dat	F
13022019	26	der	DET	ART					S		Nom	F
13022019	27	lade	NOUN	NN					S		Nom	F
13022019	28	der	DET	ART					S		Gen	M
13022019	29	Bund	NOUN	NN					S		Gen	M
13022019	30	Jahwe	PROPN	NE					S		Gen	
13022019	31	und	CCONJ	KON								
13022019	32	der	DET	ART					S		Nom	F
13022019	33	Gerät	NOUN	NN					P		Nom	N
13022019	34	der	DET	ART					S		Gen	M
13022019	35	Heiligtum	PROPN	NE					S		Gen	N
13022019	36	Gott	NOUN	NN					S		Gen	M
13022019	37	in	ADP	APPR								
13022019	38	der	DET	ART					S		Nom	N
13022019	39	Haus	NOUN	NN					S		Nom	N
13022019	40	Bringet	NOUN	VVFIN					S		Nom	N
13022019	41	welcher	DET	PWAT					S		Acc	N
13022019	42	der	DET	ART					S		Dat	M
13022019	43	Name	NOUN	NN					P		Nom	M
13022019	44	Jahwe	PROPN	NE					S		Gen	
13022019	45	bauen	VERB	VVPP		Part						
13022019	46	werden	AUX	VAFIN		Fin	Pres	3	P	Ind		
13022019	47	sollen	AUX	VMFIN		Fin	Pres	3	S	Ind		
13023001	1	und	CCONJ	KON								
13023001	2	David	PROPN	NE					S		Nom	M
13023001	3	sein	AUX	VAFIN		Fin	Past	3	S	Ind		
13023001	4	alt	ADV	ADJD	Pos							
13023001	5	und	CCONJ	KON								
13023001	6	der	DET	ART					S		Nom	M
13023001	7	Tag	NOUN	NN					P		Nom	M
13023001	8	satt	ADV	ADJD	Pos							
13023001	9	und	CCONJ	KON								
13023001	10	er	PRON	PPER				3	S		Nom	M
13023001	11	machen	VERB	VVFIN		Fin	Past	3	S	Ind		
13023001	12	Salomo	PROPN	NE					S		Nom	M
13023001	13	sein	DET	PPOSAT					S		Acc	M
13023001	14	Sohn	NOUN	NN					S		Nom	M
13023001	15	zu	ADP	APPRART					S		Dat	N
13023001	16	König	NOUN	NN					S		Nom	M
13023001	17	über	ADP	APPR								
13023001	18	Israel	PROPN	NE					S		Nom	N
13023002	1	und	CCONJ	KON								
13023002	2	er	PRON	PPER				3	S		Nom	M
13023002	3	versammeln	VERB	VVFIN		Fin	Past	3	S	Ind		
13023002	4	aller	PRON	PIS					P		Nom	
13023002	5	oberer	ADJ	ADJA	Sup				S		Dat	F
13023002	6	Israel	PROPN	NE					S		Gen	N
13023002	7	und	CCONJ	KON								
13023002	8	der	DET	ART					S		Nom	F
13023002	9	Priester	NOUN	NN					P		Nom	M
13023002	10	und	CCONJ	KON								
13023002	11	der	DET	ART					S		Nom	F
13023002	12	Levit	NOUN	NN					P		Nom	M
13023003	1	und	CCONJ	KON								
13023003	2	der	DET	ART					S		Nom	F
13023003	3	Levit	NOUN	NN					P		Nom	M
13023003	4	werden	AUX	VAFIN		Fin	Past	3	P	Ind		
13023003	5	zählen	VERB	VVPP		Part						
13023003	6	von	ADP	APPR								
13023003	7	dreißig	NUM	CARD								
13023003	8	Jahr	NOUN	NN					P		Dat	N
13023003	9	an	ADP	PTKVZ								
13023003	10	und	CCONJ	KON								
13023003	11	darüber	ADV	PROAV								
13023003	12	und	CCONJ	KON								
13023003	13	ihr	DET	PPOSAT					S		Nom	F
13023003	14	Zahl	NOUN	NN					S		Nom	F
13023003	15	sein	AUX	VAFIN		Fin	Past	3	S	Ind		
13023003	16	Kopf	NOUN	NN					S		Nom	M
13023003	17	für	ADP	APPR								
13023003	18	Kopf	NOUN	NN					S		Nom	M
13023003	19	an	ADP	PTKVZ								
13023003	20	Mann	NOUN	NN					P		Dat	M
13023003	21	38000	NUM	CARD								
13023004	1	von	ADP	APPR								
13023004	2	dieser	DET	PDAT					S		Acc	M
13023004	3	sprechen	VERB	VVFIN		Fin	Past	3	S	Ind		
13023004	4	David	PROPN	NE					S		Nom	M
13023004	5	sollen	AUX	VMFIN		Fin	Pres	3	P	Ind		
13023004	6	24000	NUM	CARD								
13023004	7	der	DET	ART					S		Nom	F
13023004	8	Aufsicht	NOUN	NN					S		Nom	F
13023004	9	über	ADP	APPR								
13023004	10	der	DET	ART					S		Nom	N
13023004	11	Werk	NOUN	NN					S		Nom	N
13023004	12	der	DET	ART					S		Gen	M
13023004	13	Haus	NOUN	NN					S		Gen	N
13023004	14	Jahwe	PROPN	NE					S		Gen	
13023004	15	führen	VERB	VVINF		Inf						
13023004	16	und	CCONJ	KON								
13023004	17	6000	NUM	CARD								
13023004	18	sollen	AUX	VMFIN		Fin	Pres	3	P	Ind		
13023004	19	Vorsteher	NOUN	NN					S		Nom	M
13023004	20	und	CCONJ	KON								
13023004	21	Richter	NOUN	NN					S		Nom	M
13023004	22	sein	AUX	VAINF		Inf						
13023005	1	und	CCONJ	KON								
13023005	2	4000	NUM	CARD								
13023005	3	Torhüter	NOUN	NN					S		Nom	M
13023005	4	und	CCONJ	KON								
13023005	5	4000	NUM	CARD								
13023005	6	welcher	DET	PWAT					S		Nom	F
13023005	7	Jahwe	NOUN	NN					S		Nom	M
13023005	8	loben	VERB	VVINF		Inf						
13023005	9	mit	ADP	APPR								
13023005	10	der	DET	ART					S		Acc	M
13023005	11	Instrument	NOUN	NN					P		Dat	N
13023005	12	der	DET	ART					S		Nom	F
13023005	13	ich	PRON	PPER				1	S		Nom	
13023005	14	machen	VERB	VVPP		Part						
13023005	15	haben	AUX	VAFIN		Fin	Pres	3	S	Sub		
13023005	16	um	ADP	APPR								
13023005	17	zu	ADP	PTKVZ								
13023005	18	loben	VERB	VVINF		Inf						
13023006	1	und	CCONJ	KON								
13023006	2	David	PROPN	NE					S		Nom	M
13023006	3	teilen	VERB	VVFIN		Fin	Past	3	S	Ind		
13023006	4	sie	PRON	PPER				3	P		Nom	
13023006	5	in	ADP	APPR								
13023006	6	Abteilung	NOUN	NN					P		Nom	F
13023006	7	nach	ADP	APPR								
13023006	8	der	DET	ART					S		Acc	M
13023006	9	Söhn	NOUN	NN					P		Dat	M
13023006	10	Levis	PROPN	NE								F
13023006	11	nach	ADP	APPR								
13023006	12	Gerson	PROPN	NE					S		Nom	
13023006	13	Kehath	PROPN	NE					S		Nom	
13023006	14	und	CCONJ	KON								
13023006	15	Merari	PROPN	NE					S		Nom	
13023007	1	von	ADP	APPR								
13023007	2	der	DET	ART					S		Acc	M
13023007	3	Gersoniter	NOUN	NN					P		Dat	M
13023007	4	Ladan	PROPN	NE					S		Nom	
13023007	5	und	CCONJ	KON								
13023007	6	Simei	NOUN	NN					S		Nom	M
13023008	1	der	DET	ART					S		Nom	F
13023008	2	Sohn	NOUN	NN					P		Nom	M
13023008	3	Ladan	PROPN	NE					S		Gen	
13023008	4	der	DET	ART					S		Nom	N
13023008	5	Haupt	NOUN	NN					S		Nom	N
13023008	6	Jechiel	NOUN	NN					S		Nom	N
13023008	7	und	CCONJ	KON								
13023008	8	Setham	PROPN	NE					S		Nom	N
13023008	9	und	CCONJ	KON								
13023008	10	Joel	PROPN	NE					S		Nom	M
13023008	11	drei	NUM	CARD								
13023009	1	der	DET	ART					S		Nom	F
13023009	2	Sohn	NOUN	NN					P		Nom	M
13023009	3	Simeis	NOUN	NN					S		Nom	M
13023009	4	Schelomith	PROPN	NE					S		Nom	N
13023009	5	und	CCONJ	KON								
13023009	6	Hasiel	ADV	NN	Pos							
13023009	7	und	CCONJ	KON								
13023009	8	Haran	PROPN	NE					S		Nom	M
13023009	9	drei	NUM	CARD								
13023009	10	dieser	DET	PDAT					S		Nom	F
13023009	11	sein	AUX	VAFIN		Fin	Past	3	P	Ind		
13023009	12	der	DET	ART					S		Nom	F
13023009	13	Häupter	NOUN	NN					P		Nom	N
13023009	14	der	DET	ART					S		Nom	M
13023009	15	Vater	NOUN	NN					P		Nom	M
13023009	16	von	ADP	APPR								
13023009	17	Ladan	PROPN	NE					S		Nom	
13023010	1	und	CCONJ	KON								
13023010	2	der	DET	ART					S		Nom	F
13023010	3	Sohn	NOUN	NN					P		Nom	M
13023010	4	Simeis	NOUN	NN					S		Nom	M
13023010	5	Jachath	PROPN	NE					S		Nom	
13023010	6	Sina	PROPN	NE					S		Nom	F
13023010	7	und	CCONJ	KON								
13023010	8	Jeghusch	PROPN	NE					S		Nom	M
13023010	9	und	CCONJ	KON								
13023010	10	Beria	PROPN	NE					S		Nom	
13023010	11	der	DET	ART					S		Nom	N
13023010	12	sein	AUX	VAFIN		Fin	Past	3	P	Ind		
13023010	13	der	DET	ART					S		Nom	F
13023010	14	Sohn	NOUN	NN					P		Nom	M
13023010	15	Simeis	NOUN	NN					S		Nom	M
13023010	16	vier	NUM	CARD								
13023011	1	und	CCONJ	KON								
13023011	2	Jachath	PROPN	NE					S		Nom	
13023011	3	sein	AUX	VAFIN		Fin	Past	3	S	Ind		
13023011	4	der	DET	ART					S		Nom	N
13023011	5	Haupt	NOUN	NN					S		Nom	N
13023011	6	und	CCONJ	KON								
13023011	7	Sina	PROPN	NE					S		Nom	F
13023011	8	der	DET	ART					S		Nom	M
13023011	9	zweiter	ADJ	ADJA	Pos				S		Nom	F
13023011	10	und	CCONJ	KON								
13023011	11	Jeghusch	PROPN	NE					S		Nom	M
13023011	12	und	CCONJ	KON								
13023011	13	Beria	PROPN	NE					S		Nom	
13023011	14	haben	AUX	VAFIN		Fin	Past	3	P	Ind		
13023011	15	nicht	PART	PTKNEG								
13023011	16	vieler	PRON	PIS					P		Nom	
13023011	17	Sohn	NOUN	NN					P		Nom	M
13023011	18	und	CCONJ	KON								
13023011	19	so	ADV	ADV								
13023011	20	bilden	VERB	VVFIN		Fin	Past	3	P	Ind		
13023011	21	sie	PRON	PPER				3	P		Nom	
13023011	22	ein	DET	ART					S		Nom	N
13023011	23	Vaterhaus	NOUN	NN					S		Nom	N
13023011	24	ein	DET	ART					S		Nom	F
13023011	25	Zählung	NOUN	NN					S		Nom	F
13023012	1	der	DET	ART					S		Nom	F
13023012	2	Sohn	NOUN	NN					P		Nom	M
13023012	3	Kehath	PROPN	NE					S		Gen	
13023012	4	Amram	PROPN	NN					S		Nom	
13023012	5	Jizhar	PROPN	NE					S		Nom	F
13023012	6	Hebron	PROPN	NE					S		Nom	N
13023012	7	und	CCONJ	KON								
13023012	8	Ussiel	NOUN	NN					S		Nom	N
13023012	9	vier	NUM	CARD								
13023013	1	der	DET	ART					S		Nom	F
13023013	2	Sohn	NOUN	NN					P		Nom	M
13023013	3	Amram	PROPN	NE					S		Gen	
13023013	4	Aaron	PROPN	NE					S		Nom	M
13023013	5	und	CCONJ	KON								
13023013	6	Mose	PROPN	NE					S		Nom	
13023013	7	und	CCONJ	KON								
13023013	8	Aaron	PROPN	NE					S		Nom	M
13023013	9	werden	AUX	VAFIN		Fin	Past	3	S	Ind		
13023013	10	abgesondert	VERB	VVPP		Part						
13023013	11	daß	SCONJ	KOUS								
13023013	12	er	PRON	PPER				3	S		Nom	M
13023013	13	als	ADP	KOKOM								
13023013	14	Hochheilig	PROPN	NE					S		Nom	F
13023013	15	heiligen	VERB	VVPP		Part						
13023013	16	werden	AUX	VAFIN		Fin	Past	3	S	Sub		
13023013	17	er	PRON	PPER				3	S		Nom	M
13023013	18	und	CCONJ	KON								
13023013	19	sein	DET	PPOSAT					S		Nom	F
13023013	20	Sohn	NOUN	NN					P		Nom	M
13023013	21	auf	ADP	PTKVZ								
13023013	22	ewig	ADV	ADJD	Pos							
13023013	23	um	ADP	APPR								
13023013	24	vor	ADP	APPR								
13023013	25	Jahwe	NOUN	NN					S		Nom	M
13023013	26	zu	ADP	PTKVZ								
13023013	27	räuchern	VERB	VVINF		Inf						
13023013	28	ihm	PRON	PPER				3	S		Dat	M
13023013	29	zu	ADP	PTKVZ								
13023013	30	dienen	VERB	VVINF		Inf						
13023013	31	und	CCONJ	KON								
13023013	32	in	ADP	APPR								
13023013	33	sein	DET	PPOSAT					S		Dat	M
13023013	34	Name	NOUN	NN					P		Nom	M
13023013	35	zu	ADP	PTKVZ								
13023013	36	segnen	VERB	VVFIN		Fin	Pres	3	P	Ind		
13023013	37	ewiglich	ADV	ADJD	Pos							
13023014	1	und	CCONJ	KON								
13023014	2	was	PRON	PWS					S		Nom	N
13023014	3	Mose	PROPN	NE					S		Nom	
13023014	4	der	DET	ART					S		Acc	M
13023014	5	Mann	NOUN	NN					S		Nom	M
13023014	6	Gott	NOUN	NN					S		Gen	M
13023014	7	betreffen	VERB	VVFIN		Fin	Pres	3	S	Ind		
13023014	8	so	ADV	ADV								
13023014	9	werden	AUX	VAFIN		Fin	Past	3	P	Ind		
13023014	10	sein	DET	PPOSAT					S		Nom	F
13023014	11	Sohn	NOUN	NN					P		Nom	M
13023014	12	nach	ADP	APPR								
13023014	13	der	DET	ART					S		Dat	M
13023014	14	Stamm	NOUN	NN					P		Nom	M
13023014	15	Levi	PROPN	NE					S		Nom	
13023014	16	nennen	VERB	VVPP		Part						
13023015	1	der	DET	ART					S		Nom	F
13023015	2	Sohn	NOUN	NN					P		Nom	M
13023015	3	Moses	PROPN	NE					S		Nom	M
13023015	4	Gersom	NOUN	NN					S		Nom	M
13023015	5	und	CCONJ	KON								
13023015	6	Elieser	PROPN	NE					S		Nom	
13023016	1	der	DET	ART					S		Nom	F
13023016	2	Sohn	NOUN	NN					P		Nom	M
13023016	3	Gersom	PROPN	NE					S		Nom	
13023016	4	Schebuel	NOUN	NN					S		Nom	M
13023016	5	der	DET	ART					S		Nom	N
13023016	6	Haupt	NOUN	NN					S		Nom	N
13023017	1	und	CCONJ	KON								
13023017	2	der	DET	ART					S		Nom	F
13023017	3	Sohn	NOUN	NN					P		Nom	M
13023017	4	Elieser	NOUN	NN					S		Gen	M
13023017	5	sein	AUX	VAFIN		Fin	Past	3	P	Ind		
13023017	6	Rechabja	NOUN	NN					P		Nom	F
13023017	7	der	DET	ART					S		Nom	N
13023017	8	Haupt	NOUN	NN					S		Nom	N
13023017	9	und	CCONJ	KON								
13023017	10	Elieser	PROPN	NE					S		Nom	
13023017	11	haben	AUX	VAFIN		Fin	Past	3	S	Ind		
13023017	12	kein	DET	PIAT					S		Nom	F
13023017	13	anderer	PRON	PIS					P		Dat	
13023017	14	Sohn	NOUN	NN					P		Nom	M
13023017	15	aber	CCONJ	KON								
13023017	16	der	DET	ART					S		Nom	F
13023017	17	Sohn	NOUN	NN					P		Nom	M
13023017	18	Rechabjas	NOUN	NN					S		Nom	F
13023017	19	sein	AUX	VAFIN		Fin	Past	3	P	Ind		
13023017	20	überaus	ADV	ADV								
13023017	21	zahlreich	ADV	ADJD	Pos							
13023018	1	der	DET	ART					S		Nom	F
13023018	2	Sohn	NOUN	NN					P		Nom	M
13023018	3	Jizhar	PROPN	NE					S		Gen	
13023018	4	Schelomith	PROPN	NE					S		Nom	N
13023018	5	der	DET	ART					S		Nom	N
13023018	6	Haupt	NOUN	NN					S		Nom	N
13023019	1	der	DET	ART					S		Nom	F
13023019	2	Sohn	NOUN	NN					P		Nom	M
13023019	3	Hebron	PROPN	NE					S		Gen	
13023019	4	Jerija	PROPN	NE					S		Nom	
13023019	5	der	DET	ART					S		Nom	N
13023019	6	Haupt	NOUN	NN					S		Nom	N
13023019	7	Amarja	PROPN	NN					S		Nom	
13023019	8	der	DET	ART					S		Nom	M
13023019	9	zweiter	ADJ	ADJA	Pos				S		Nom	F
13023019	10	Jachasiel	NOUN	NN					S		Nom	N
13023019	11	der	DET	ART					S		Nom	M
13023019	12	dritter	ADJ	ADJA	Pos				S		Nom	F
13023019	13	und	CCONJ	KON								
13023019	14	Jekamam	PROPN	NN					S		Nom	M
13023019	15	der	DET	ART					S		Nom	M
13023019	16	vierter	ADJ	ADJA	Pos				S		Nom	F
13023020	1	der	DET	ART					S		Nom	F
13023020	2	Sohn	NOUN	NN					P		Nom	M
13023020	3	Ussiel	NOUN	NN					P		Nom	N
13023020	4	Micha	PROPN	NE					S		Nom	M
13023020	5	der	DET	ART					S		Nom	N
13023020	6	Haupt	NOUN	NN					S		Nom	N
13023020	7	und	CCONJ	KON								
13023020	8	Jischija	PROPN	NE					S		Nom	F
13023020	9	der	DET	ART					S		Nom	M
13023020	10	zweiter	ADJ	ADJA	Pos				S		Nom	F
13023021	1	der	DET	ART					S		Nom	F
13023021	2	Sohn	NOUN	NN					P		Nom	M
13023021	3	Merari	PROPN	NE					S		Gen	
13023021	4	Machli	NOUN	NN					P		Gen	N
13023021	5	und	CCONJ	KON								
13023021	6	Musi	PROPN	NE					S		Nom	
13023021	7	der	DET	ART					S		Nom	F
13023021	8	Sohn	NOUN	NN					P		Nom	M
13023021	9	Machli	PROPN	NE					S		Gen	
13023021	10	Eleasar	NOUN	NN					S		Nom	M
13023021	11	und	CCONJ	KON								
13023021	12	Kis	PROPN	NE					S		Nom	
13023022	1	und	CCONJ	KON								
13023022	2	Eleasar	NOUN	NN					S		Nom	M
13023022	3	sterben	VERB	VVFIN		Fin	Past	3	S	Ind		
13023022	4	und	CCONJ	KON								
13023022	5	er	PRON	PPER				3	S		Nom	M
13023022	6	haben	AUX	VAFIN		Fin	Past	3	S	Ind		
13023022	7	kein	DET	PIAT					S		Nom	F
13023022	8	Sohn	NOUN	NN					P		Nom	M
13023022	9	sondern	CCONJ	KON								
13023022	10	nur	ADV	ADV								
13023022	11	Tochter	NOUN	NN					P		Nom	F
13023022	12	und	CCONJ	KON								
13023022	13	der	DET	ART					S		Nom	F
13023022	14	Sohn	NOUN	NN					P		Nom	M
13023022	15	Kis	PROPN	NE					S		Nom	
13023022	16	ihr	DET	PPOSAT					S		Nom	F
13023022	17	Bruder	NOUN	NN					P		Nom	M
13023022	18	nehmen	VERB	VVFIN		Fin	Past	3	P	Ind		
13023022	19	sie	PRON	PPER				3	P		Nom	
13023022	20	zu	ADP	PTKVZ								
13023022	21	Weiber	NOUN	NN					P		Dat	M
13023023	1	der	DET	ART					S		Nom	F
13023023	2	Sohn	NOUN	NN					P		Nom	M
13023023	3	Musis	NOUN	NN					S		Nom	F
13023023	4	Machli	NOUN	NN					P		Gen	N
13023023	5	und	CCONJ	KON								
13023023	6	Eder	PROPN	NE					S		Nom	
13023023	7	und	CCONJ	KON								
13023023	8	Jeremoth	PROPN	NE					S		Nom	F
13023023	9	drei	NUM	CARD								
13023024	1	der	DET	ART					S		Nom	N
13023024	2	sein	AUX	VAFIN		Fin	Past	3	P	Ind		
13023024	3	der	DET	ART					S		Nom	F
13023024	4	Sohn	NOUN	NN					P		Nom	M
13023024	5	Levis	PROPN	NE								F
13023024	6	nach	ADP	APPR								
13023024	7	ihr	DET	PPOSAT					S		Acc	M
13023024	8	Vaterhäuser	NOUN	NN					P		Dat	M
13023024	9	Häupter	NOUN	NN					P		Nom	N
13023024	10	der	DET	ART					S		Nom	M
13023024	11	Vater	NOUN	NN					P		Nom	M
13023024	12	wie	ADP	KOKOM								
13023024	13	sie	PRON	PPER				3	P		Nom	
13023024	14	mustern	VERB	VVPP		Part						
13023024	15	werden	AUX	VAFIN		Fin	Past	3	P	Ind		
13023024	16	nach	ADP	APPR								
13023024	17	der	DET	ART					S		Nom	M
13023024	18	Zahl	NOUN	NN					S		Nom	F
13023024	19	der	DET	ART					S		Nom	M
13023024	20	Name	NOUN	NN					P		Nom	M
13023024	21	Kopf	NOUN	NN					S		Nom	M
13023024	22	für	ADP	APPR								
13023024	23	Kopf	NOUN	NN					S		Nom	M
13023024	24	welcher	DET	PWAT					S		Nom	F
13023024	25	der	DET	ART					S		Nom	N
13023024	26	Werk	NOUN	NN					S		Nom	N
13023024	27	tun	VERB	VVFIN		Fin	Past	3	P	Ind		
13023024	28	für	ADP	APPR								
13023024	29	der	DET	ART					S		Acc	M
13023024	30	Dienst	NOUN	NN					S		Nom	M
13023024	31	der	DET	ART					S		Gen	M
13023024	32	Haus	NOUN	NN					S		Gen	N
13023024	33	Jahwe	PROPN	NE					S		Gen	
13023024	34	von	ADP	APPR								
13023024	35	zwanzig	NUM	CARD								
13023024	36	Jahr	NOUN	NN					P		Dat	N
13023024	37	an	ADP	PTKVZ								
13023024	38	und	CCONJ	KON								
13023024	39	darüber	ADV	PROAV								
13023025	1	denn	CCONJ	KON								
13023025	2	David	PROPN	NE					S		Nom	M
13023025	3	sprechen	VERB	VVFIN		Fin	Past	3	S	Ind		
13023025	4	Jahwe	NOUN	NN					S		Nom	M
13023025	5	der	DET	ART					S		Nom	M
13023025	6	Gott	NOUN	NN					S		Nom	M
13023025	7	Israel	PROPN	NE					S		Gen	N
13023025	8	haben	AUX	VAFIN		Fin	Pres	3	S	Ind		
13023025	9	sein	DET	PPOSAT					S		Dat	M
13023025	10	Volke	NOUN	NN					S		Nom	M
13023025	11	Ruhe	NOUN	NN					S		Nom	F
13023025	12	schaffen	VERB	VVPP		Part						
13023025	13	und	CCONJ	KON								
13023025	14	er	PRON	PPER				3	S		Nom	M
13023025	15	wohnen	VERB	VVFIN		Fin	Pres	3	S	Ind		
13023025	16	in	ADP	APPR								
13023025	17	Jerusalem	PROPN	NE					S		Nom	N
13023025	18	auf	ADP	PTKVZ								
13023025	19	ewig	ADV	ADJD	Pos							
13023026	1	so	ADV	ADV								
13023026	2	haben	AUX	VAFIN		Fin	Pres	3	P	Ind		
13023026	3	auch	ADV	ADV								
13023026	4	der	DET	ART					S		Nom	F
13023026	5	Levit	NOUN	NN					P		Nom	M
13023026	6	der	DET	ART					S		Nom	F
13023026	7	Wohnung	NOUN	NN					S		Nom	F
13023026	8	und	CCONJ	KON								
13023026	9	aller	PRON	PIS					P		Nom	
13023026	10	ihr	DET	PPOSAT					S		Nom	F
13023026	11	Gerät	NOUN	NN					P		Nom	N
13023026	12	zu	ADP	PTKVZ								
13023026	13	ihr	DET	PPOSAT					S		Dat	N
13023026	14	Dienst	NOUN	NN					P		Nom	M
13023026	15	nicht	PART	PTKNEG								
13023026	16	mehr	ADV	ADV								
13023026	17	zu	ADP	PTKVZ								
13023026	18	tragen	VERB	VVINF		Inf						
13023027	1	denn	CCONJ	KON								
13023027	2	nach	ADP	APPR								
13023027	3	der	DET	ART					S		Acc	M
13023027	4	letzter	ADJ	ADJA	Pos				S		Acc	M
13023027	5	Wort	NOUN	NN					P		Dat	N
13023027	6	David	PROPN	NE					S		Gen	M
13023027	7	werden	AUX	VAFIN		Fin	Past	3	P	Ind		
13023027	8	von	ADP	APPR								
13023027	9	der	DET	ART					S		Acc	M
13023027	10	Söhn	NOUN	NN					P		Dat	M
13023027	11	Levis	PROPN	NE								F
13023027	12	derjenige	PRON	PDS					P		Nom	
13023027	13	von	ADP	APPR								
13023027	14	zwanzig	NUM	CARD								
13023027	15	Jahr	NOUN	NN					P		Dat	N
13023027	16	an	ADP	PTKVZ								
13023027	17	und	CCONJ	KON								
13023027	18	darüber	ADV	PROAV								
13023027	19	zählen	VERB	VVPP		Part						
13023028	1	denn	CCONJ	KON								
13023028	2	ihr	DET	PPOSAT					S		Nom	F
13023028	3	Stelle	NOUN	NN					S		Nom	F
13023028	4	sein	AUX	VAFIN		Fin	Past	3	S	Ind		
13023028	5	zu	ADP	APPRART					S		Dat	F
13023028	6	Seite	NOUN	NN					S		Nom	F
13023028	7	der	DET	ART					S		Nom	M
13023028	8	Sohn	NOUN	NN					P		Nom	M
13023028	9	Aaron	PROPN	NE					S		Gen	
13023028	10	für	ADP	APPR								
13023028	11	der	DET	ART					S		Acc	M
13023028	12	Dienst	NOUN	NN					S		Nom	M
13023028	13	der	DET	ART					S		Gen	M
13023028	14	Haus	NOUN	NN					S		Gen	N
13023028	15	Jahwe	PROPN	NE					S		Gen	
13023028	16	Betreff	VERB	VVFIN		Fin	Past	3	S	Sub		
13023028	17	der	DET	ART					S		Nom	M
13023028	18	Vorhof	NOUN	NN					P		Nom	M
13023028	19	und	CCONJ	KON								
13023028	20	der	DET	ART					S		Nom	M
13023028	21	Zelle	NOUN	NN					P		Nom	F
13023028	22	und	CCONJ	KON								
13023028	23	der	DET	ART					S		Nom	M
13023028	24	Reinigung	NOUN	NN					S		Nom	F
13023028	25	alle	PRON	PIS					S		Nom	N
13023028	26	heilig	NOUN	NN					P		Dat	
13023028	27	und	CCONJ	KON								
13023028	28	Betreff	VERB	VVFIN		Fin	Past	3	S	Sub		
13023028	29	der	DET	ART					S		Gen	M
13023028	30	Werk	NOUN	NN					S		Gen	N
13023028	31	der	DET	ART					S		Gen	M
13023028	32	Dienst	NOUN	NN					S		Gen	M
13023028	33	der	DET	ART					S		Gen	M
13023028	34	Haus	NOUN	NN					S		Gen	N
13023028	35	Gott	NOUN	NN					S		Gen	M
13023029	1	für	ADP	APPR								
13023029	2	der	DET	ART					S		Nom	N
13023029	3	Schichtbrot	PROPN	NE					S		Nom	
13023029	4	und	CCONJ	KON								
13023029	5	für	ADP	APPR								
13023029	6	der	DET	ART					S		Nom	N
13023029	7	Feinmehl	PROPN	NE					S		Nom	
13023029	8	zu	ADP	APPRART					S		Dat	N
13023029	9	Speisopfer	NOUN	NN					P		Nom	N
13023029	10	und	CCONJ	KON								
13023029	11	für	ADP	APPR								
13023029	12	der	DET	ART					S		Nom	F
13023029	13	ungesäuert	ADJ	ADJA	Pos				S		Acc	M
13023029	14	Fladen	NOUN	NN					S		Nom	M
13023029	15	und	CCONJ	KON								
13023029	16	für	ADP	APPR								
13023029	17	der	DET	ART					S		Nom	F
13023029	18	Pfanne	NOUN	NN					S		Nom	F
13023029	19	und	CCONJ	KON								
13023029	20	für	ADP	APPR								
13023029	21	der	DET	ART					S		Nom	N
13023029	22	Eingerührte	NOUN	NN					S		Nom	M
13023029	23	und	CCONJ	KON								
13023029	24	für	ADP	APPR								
13023029	25	alle	PRON	PIS					S		Nom	N
13023029	26	Hohl	PROPN	NE					S		Nom	
13023029	27	und	CCONJ	KON								
13023029	28	Längenmaß	NOUN	NN					S		Nom	N
13023030	1	und	CCONJ	KON								
13023030	2	damit	ADV	PROAV								
13023030	3	sie	PRON	PPER				3	P		Nom	
13023030	4	Morgen	ADV	NN								
13023030	5	für	ADP	APPR								
13023030	6	Morgen	ADV	NN								
13023030	7	Hinträten	NOUN	NN					P		Nom	F
13023030	8	um	ADP	APPR								
13023030	9	Jahwe	NOUN	NN					S		Nom	M
13023030	10	zu	ADP	PTKVZ								
13023030	11	preisen	VERB	VVFIN		Fin	Pres	3	P	Ind		
13023030	12	und	CCONJ	KON								
13023030	13	zu	ADP	PTKVZ								
13023030	14	loben	VERB	VVINF		Inf						
13023030	15	und	CCONJ	KON								
13023030	16	ebenso	ADV	ADV								
13023030	17	an	ADP	APPRART					S		Dat	M
13023030	18	Abend	NOUN	NN					S		Nom	M
13023031	1	und	CCONJ	KON								
13023031	2	um	ADP	APPR								
13023031	3	aller	PRON	PIS					P		Nom	
13023031	4	Brandopfer	NOUN	NN					S		Nom	M
13023031	5	der	DET	ART					S		Dat	M
13023031	6	Jahwe	NOUN	NN					S		Nom	M
13023031	7	zu	ADP	PTKVZ								
13023031	8	opfern	VERB	VVINF		Inf						
13023031	9	an	ADP	PTKVZ								
13023031	10	der	DET	ART					S		Acc	M
13023031	11	sabbathen	NOUN	NN					P		Nom	F
13023031	12	an	ADP	PTKVZ								
13023031	13	der	DET	ART					S		Acc	M
13023031	14	Neumond	NOUN	NN					P		Nom	M
13023031	15	und	CCONJ	KON								
13023031	16	an	ADP	PTKVZ								
13023031	17	der	DET	ART					S		Acc	M
13023031	18	Fest	NOUN	NN					P		Dat	N
13023031	19	nach	ADP	APPR								
13023031	20	der	DET	ART					S		Nom	M
13023031	21	Zahl	NOUN	NN					S		Nom	F
13023031	22	nach	ADP	APPR								
13023031	23	der	DET	ART					S		Nom	M
13023031	24	Vorschrift	NOUN	NN					S		Nom	F
13023031	25	darüber	ADV	PROAV								
13023031	26	beständig	ADV	ADJD	Pos							
13023031	27	vor	ADP	APPR								
13023031	28	Jahwe	NOUN	NN					S		Nom	M
13023032	1	und	CCONJ	KON								
13023032	2	sie	PRON	PPER				3	P		Nom	
13023032	3	warten	VERB	VVFIN		Fin	Past	3	P	Ind		
13023032	4	der	DET	ART					S		Nom	M
13023032	5	Hut	NOUN	NN					S		Nom	M
13023032	6	der	DET	ART					S		Gen	M
13023032	7	Zelt	NOUN	NN					S		Nom	N
13023032	8	der	DET	ART					S		Nom	M
13023032	9	Zusammenkunft	NOUN	NN					S		Nom	F
13023032	10	und	CCONJ	KON								
13023032	11	der	DET	ART					S		Nom	M
13023032	12	Hut	NOUN	NN					S		Nom	M
13023032	13	der	DET	ART					S		Gen	M
13023032	14	Heiligtum	PROPN	NE					S		Gen	N
13023032	15	und	CCONJ	KON								
13023032	16	der	DET	ART					S		Nom	M
13023032	17	Hut	NOUN	NN					S		Nom	M
13023032	18	der	DET	ART					S		Nom	M
13023032	19	Sohn	NOUN	NN					P		Nom	M
13023032	20	Aaron	PROPN	NE					S		Gen	
13023032	21	ihr	DET	PPOSAT					S		Dat	F
13023032	22	Bruder	NOUN	NN					P		Nom	M
13023032	23	für	ADP	APPR								
13023032	24	der	DET	ART					S		Acc	M
13023032	25	Dienst	NOUN	NN					S		Nom	M
13023032	26	der	DET	ART					S		Gen	M
13023032	27	Haus	NOUN	NN					S		Gen	N
13023032	28	Jahwe	PROPN	NE					S		Gen	
13024001	1	und	CCONJ	KON								
13024001	2	was	PRON	PWS					S		Nom	N
13024001	3	der	DET	ART					S		Nom	F
13024001	4	Sohn	NOUN	NN					P		Nom	M
13024001	5	Aaron	PROPN	NE					S		Gen	
13024001	6	betreffen	VERB	VVFIN		Fin	Pres	3	S	Ind		
13024001	7	so	ADV	ADV								
13024001	8	sein	AUX	VAFIN		Fin	Past	3	P	Ind		
13024001	9	ihr	DET	PPOSAT					S		Nom	F
13024001	10	Abteilung	NOUN	NN					P		Nom	F
13024001	11	der	DET	ART					S		Nom	F
13024001	12	Sohn	NOUN	NN					P		Nom	M
13024001	13	Aaron	PROPN	NE					S		Gen	
13024001	14	Nadab	NOUN	NN					S		Nom	M
13024001	15	und	CCONJ	KON								
13024001	16	Abihu	NOUN	NN					S		Nom	F
13024001	17	Eleasar	NOUN	NN					S		Nom	M
13024001	18	und	CCONJ	KON								
13024001	19	Ithamar	PROPN	NE					S		Nom	
13024002	1	und	CCONJ	KON								
13024002	2	Nadab	NOUN	NN					S		Nom	M
13024002	3	und	CCONJ	KON								
13024002	4	Abihu	NOUN	NN					S		Nom	F
13024002	5	sterben	VERB	VVFIN		Fin	Past	3	P	Ind		
13024002	6	vor	ADP	APPR								
13024002	7	ihr	DET	PPOSAT					S		Dat	N
13024002	8	Vater	NOUN	NN					S		Nom	M
13024002	9	und	CCONJ	KON								
13024002	10	sie	PRON	PPER				3	P		Nom	
13024002	11	haben	AUX	VAFIN		Fin	Past	3	P	Ind		
13024002	12	kein	DET	PIAT					S		Nom	F
13024002	13	Sohn	NOUN	NN					P		Nom	M
13024002	14	und	CCONJ	KON								
13024002	15	Eleasar	NOUN	NN					S		Nom	M
13024002	16	und	CCONJ	KON								
13024002	17	Ithamar	PROPN	NE					S		Nom	
13024002	18	üben	VERB	VVFIN		Fin	Past	3	P	Ind		
13024002	19	der	DET	ART					S		Acc	M
13024002	20	Priesterdienst	NOUN	NN					S		Nom	F
13024002	21	aus	ADP	PTKVZ								
13024003	1	und	CCONJ	KON								
13024003	2	David	PROPN	NE					S		Nom	M
13024003	3	und	CCONJ	KON								
13024003	4	Zadok	NOUN	NE					P		Nom	M
13024003	5	von	ADP	APPR								
13024003	6	der	DET	ART					S		Acc	M
13024003	7	Söhn	NOUN	NN					P		Dat	M
13024003	8	Eleasar	PROPN	FM					S		Gen	
13024003	9	und	CCONJ	KON								
13024003	10	Ahimelech	PROPN	NE					S		Nom	M
13024003	11	von	ADP	APPR								
13024003	12	der	DET	ART					S		Acc	M
13024003	13	Söhn	NOUN	NN					P		Dat	M
13024003	14	Ithamar	PROPN	NE					S		Nom	
13024003	15	teilen	VERB	VVFIN		Fin	Past	3	P	Ind		
13024003	16	sie	PRON	PPER				3	P		Nom	
13024003	17	ab	ADP	PTKVZ								
13024003	18	nach	ADP	APPR								
13024003	19	ihr	DET	PPOSAT					S		Dat	N
13024003	20	Amt	NOUN	NN					S		Nom	N
13024003	21	in	ADP	APPR								
13024003	22	ihr	DET	PPOSAT					S		Dat	N
13024003	23	Dienst	NOUN	NN					P		Nom	M
13024004	1	und	CCONJ	KON								
13024004	2	von	ADP	APPR								
13024004	3	der	DET	ART					S		Acc	M
13024004	4	Söhn	NOUN	NN					P		Dat	M
13024004	5	Eleasar	PROPN	FM					S		Gen	
13024004	6	werden	AUX	VAFIN		Fin	Past	3	P	Ind		
13024004	7	mehr	ADV	ADV								
13024004	8	Familienhäupter	NOUN	NN					S		Nom	N
13024004	9	finden	VERB	VVPP		Part						
13024004	10	als	ADP	KOKOM								
13024004	11	von	ADP	APPR								
13024004	12	der	DET	ART					S		Acc	M
13024004	13	Söhn	NOUN	NN					P		Dat	M
13024004	14	Ithamar	PROPN	NE					S		Nom	
13024004	15	und	CCONJ	KON								
13024004	16	so	ADV	ADV								
13024004	17	teilen	VERB	VVFIN		Fin	Past	3	P	Ind		
13024004	18	sie	PRON	PPER				3	P		Nom	
13024004	19	sie	PRON	PPER				3	P		Nom	
13024004	20	so	ADV	ADV								
13024004	21	ab	ADP	PTKVZ								
13024004	22	von	ADP	APPR								
13024004	23	der	DET	ART					S		Acc	M
13024004	24	Söhn	NOUN	NN					P		Dat	M
13024004	25	Eleasar	PROPN	FM					S		Gen	
13024004	26	sechzehn	NUM	CARD								
13024004	27	Häupter	NOUN	NN					P		Nom	N
13024004	28	von	ADP	APPR								
13024004	29	Vaterhäuser	NOUN	NN					P		Dat	M
13024004	30	und	CCONJ	KON								
13024004	31	von	ADP	APPR								
13024004	32	der	DET	ART					S		Acc	M
13024004	33	Söhn	NOUN	NN					P		Dat	M
13024004	34	Ithamar	PROPN	NE					S		Nom	
13024004	35	acht	NUM	CARD								
13024004	36	Häupter	NOUN	NN					P		Nom	N
13024004	37	von	ADP	APPR								
13024004	38	ihr	DET	PPOSAT					S		Acc	M
13024004	39	Vaterhäuser	NOUN	NN					P		Dat	M
13024005	1	und	CCONJ	KON								
13024005	2	zwar	ADV	ADV								
13024005	3	teilen	VERB	VVFIN		Fin	Past	3	P	Ind		
13024005	4	sie	PRON	PPER				3	P		Nom	
13024005	5	sie	PRON	PPER				3	P		Nom	
13024005	6	durch	ADP	APPR								
13024005	7	Lose	NOUN	NN					P		Nom	M
13024005	8	ab	ADP	PTKVZ								
13024005	9	dieser	DET	PDAT					S		Nom	F
13024005	10	wie	ADP	KOKOM								
13024005	11	jener	DET	PDAT					S		Nom	F
13024005	12	denn	CCONJ	KON								
13024005	13	der	DET	ART					S		Nom	F
13024005	14	oberer	ADJ	ADJA	Sup				S		Dat	F
13024005	15	der	DET	ART					S		Gen	M
13024005	16	Heiligtum	PROPN	NE					S		Gen	N
13024005	17	und	CCONJ	KON								
13024005	18	der	DET	ART					S		Nom	F
13024005	19	oberer	ADJ	ADJA	Sup				S		Dat	F
13024005	20	Gott	NOUN	NN					S		Gen	M
13024005	21	sein	AUX	VAFIN		Fin	Past	3	P	Ind		
13024005	22	aus	ADP	PTKVZ								
13024005	23	der	DET	ART					S		Acc	M
13024005	24	Söhn	NOUN	NN					P		Dat	M
13024005	25	Eleasar	PROPN	FM					S		Gen	
13024005	26	und	CCONJ	KON								
13024005	27	aus	ADP	PTKVZ								
13024005	28	der	DET	ART					S		Acc	M
13024005	29	Söhn	NOUN	NN					P		Dat	M
13024005	30	Ithamar	PROPN	NE					S		Nom	
13024006	1	und	CCONJ	KON								
13024006	2	Schemaja	PROPN	NE					S		Nom	M
13024006	3	der	DET	ART					S		Nom	M
13024006	4	Sohn	NOUN	NN					S		Nom	M
13024006	5	Nethaneel	PROPN	NE					S		Gen	
13024006	6	der	DET	ART					S		Nom	M
13024006	7	Schreiber	PROPN	NE					S		Nom	M
13024006	8	aus	ADP	PTKVZ								
13024006	9	Levi	PROPN	NE					S		Nom	
13024006	10	schreiben	VERB	VVFIN		Fin	Past	3	S	Ind		
13024006	11	sie	PRON	PPER				3	P		Nom	
13024006	12	auf	ADP	PTKVZ								
13024006	13	in	ADP	APPR								
13024006	14	Gegenwart	NOUN	NN					S		Nom	F
13024006	15	der	DET	ART					S		Gen	M
13024006	16	König	PROPN	NE					S		Nom	
13024006	17	und	CCONJ	KON								
13024006	18	der	DET	ART					S		Nom	M
13024006	19	oberer	ADJ	ADJA	Sup				S		Dat	F
13024006	20	und	CCONJ	KON								
13024006	21	Zadoks	PROPN	NE					S		Nom	
13024006	22	der	DET	ART					S		Gen	M
13024006	23	Priester	NOUN	NN					S		Gen	M
13024006	24	und	CCONJ	KON								
13024006	25	Ahimelech	PROPN	NE					S		Gen	
13024006	26	der	DET	ART					S		Gen	M
13024006	27	Sohn	PROPN	NE					S		Gen	M
13024006	28	Abjathar	PROPN	NE					S		Gen	
13024006	29	und	CCONJ	KON								
13024006	30	der	DET	ART					S		Nom	M
13024006	31	Häupter	NOUN	NN					P		Nom	N
13024006	32	der	DET	ART					S		Nom	M
13024006	33	Vater	NOUN	NN					P		Nom	M
13024006	34	der	DET	ART					S		Nom	M
13024006	35	Priester	NOUN	NN					P		Nom	M
13024006	36	und	CCONJ	KON								
13024006	37	der	DET	ART					S		Nom	M
13024006	38	Levit	NOUN	NN					P		Nom	M
13024006	39	je	ADV	ADV								
13024006	40	ein	DET	ART					S		Nom	N
13024006	41	Vaterhaus	NOUN	NN					S		Nom	N
13024006	42	werden	AUX	VAFIN		Fin	Past	3	S	Ind		
13024006	43	auslosen	VERB	VVPP		Part						
13024006	44	für	ADP	APPR								
13024006	45	Eleasar	NOUN	NN					S		Nom	M
13024006	46	und	CCONJ	KON								
13024006	47	je	ADV	ADV								
13024006	48	ein	PRON	ART					S		Nom	N
13024006	49	werden	AUX	VAFIN		Fin	Past	3	S	Ind		
13024006	50	auslosen	VERB	VVPP		Part						
13024006	51	für	ADP	APPR								
13024006	52	Ithamar	PROPN	NE					S		Nom	
13024007	1	und	CCONJ	KON								
13024007	2	der	DET	ART					S		Nom	N
13024007	3	erster	ADJ	ADJA	Pos				S		Nom	F
13024007	4	Los	NOUN	NE					S		Nom	N
13024007	5	kommen	VERB	VVFIN		Fin	Past	3	S	Ind		
13024007	6	heraus	ADV	PTKVZ								
13024007	7	für	ADP	APPR								
13024007	8	Jehojarib	NOUN	NN					S		Nom	N
13024007	9	für	ADP	APPR								
13024007	10	Jedaja	PROPN	NE					S		Nom	
13024007	11	der	DET	ART					S		Nom	N
13024007	12	zweiter	ADJ	ADJA	Pos				S		Nom	F
13024008	1	für	ADP	APPR								
13024008	2	Harim	NOUN	NE					S		Nom	N
13024008	3	der	DET	ART					S		Nom	N
13024008	4	dritter	ADJ	ADJA	Pos				S		Nom	F
13024008	5	für	ADP	APPR								
13024008	6	Seorim	PROPN	NE					S		Nom	N
13024008	7	der	DET	ART					S		Nom	N
13024008	8	vierter	ADJ	ADJA	Pos				S		Nom	F
13024009	1	für	ADP	APPR								
13024009	2	Malkija	NOUN	NN					P		Nom	N
13024009	3	der	DET	ART					S		Nom	N
13024009	4	fünfter	ADJ	ADJA	Pos				S		Nom	F
13024009	5	für	ADP	APPR								
13024009	6	Mijamin	NOUN	NN					S		Nom	F
13024009	7	der	DET	ART					S		Nom	N
13024009	8	sechster	ADJ	ADJA	Pos				S		Nom	F
13024010	1	für	ADP	APPR								
13024010	2	Hakkoz	PROPN	NE					S		Nom	N
13024010	3	der	DET	ART					S		Nom	N
13024010	4	siebte	ADJ	ADJA	Pos				S		Nom	F
13024010	5	für	ADP	APPR								
13024010	6	Abija	PROPN	NE					S		Nom	F
13024010	7	der	DET	ART					S		Nom	N
13024010	8	achten	VERB	VVFIN		Fin	Pres	3	S	Sub		
13024011	1	für	ADP	APPR								
13024011	2	Jeschua	PROPN	NE					S		Nom	
13024011	3	der	DET	ART					S		Nom	N
13024011	4	neunter	ADJ	ADJA	Pos				S		Nom	F
13024011	5	für	ADP	APPR								
13024011	6	Schekanja	NOUN	NN					S		Nom	M
13024011	7	der	DET	ART					S		Nom	N
13024011	8	zehnter	ADJ	ADJA	Pos				S		Nom	F
13024012	1	für	ADP	APPR								
13024012	2	Eljaschib	PROPN	NE					S		Gen	
13024012	3	der	DET	ART					S		Nom	N
13024012	4	elfter	ADJ	ADJA	Pos				S		Nom	F
13024012	5	für	ADP	APPR								
13024012	6	Jakim	NOUN	NE					S		Nom	
13024012	7	der	DET	ART					S		Nom	N
13024012	8	zwölfte	ADJ	ADJA	Pos				S		Nom	F
13024013	1	für	ADP	APPR								
13024013	2	Huppa	NOUN	NN					S		Nom	M
13024013	3	der	DET	ART					S		Nom	N
13024013	4	dreizehnter	ADJ	ADJA	Pos				S		Nom	F
13024013	5	für	ADP	APPR								
13024013	6	Jeschebab	PROPN	NE					S		Nom	N
13024013	7	der	DET	ART					S		Nom	N
13024013	8	vierzehnt	ADJ	ADJA	Pos				S		Nom	F
13024014	1	für	ADP	APPR								
13024014	2	Bilga	NOUN	NE					S		Nom	F
13024014	3	der	DET	ART					S		Nom	N
13024014	4	fünfzehnt	ADJ	ADJA	Sup				S		Nom	F
13024014	5	für	ADP	APPR								
13024014	6	immer	ADV	ADV								
13024014	7	der	DET	ART					S		Nom	N
13024014	8	sechzehnt	ADJ	ADJA	Pos				S		Nom	M
13024015	1	für	ADP	APPR								
13024015	2	Hesir	PROPN	NE					S		Gen	
13024015	3	der	DET	ART					S		Nom	N
13024015	4	siebzehnt	ADJ	ADJA	Pos				S		Nom	F
13024015	5	für	ADP	APPR								
13024015	6	Happizez	PROPN	NE					S		Nom	
13024015	7	der	DET	ART					S		Nom	N
13024015	8	achtzehnt	ADJ	ADJA	Pos				S		Nom	F
13024016	1	für	ADP	APPR								
13024016	2	Pethachja	PROPN	NE					S		Nom	
13024016	3	der	DET	ART					S		Nom	N
13024016	4	neunzehnen	ADJ	ADJA	Pos				S		Nom	F
13024016	5	für	ADP	APPR								
13024016	6	Jecheskel	PROPN	NE					S		Nom	
13024016	7	der	DET	ART					S		Nom	N
13024016	8	zwanzigster	ADJ	ADJA	Sup				S		Nom	F
13024017	1	für	ADP	APPR								
13024017	2	Jakin	PROPN	NE					S		Nom	M
13024017	3	der	DET	ART					S		Nom	N
13024017	4	einundzwanzigste	VERB	ADJA		Fin	Past	3	S	Sub		
13024017	5	für	ADP	APPR								
13024017	6	Gamul	PROPN	NE					S		Nom	
13024017	7	der	DET	ART					S		Nom	N
13024017	8	zweiundzwanzigste	VERB	FM		Fin	Past	3	S	Sub		
13024018	1	für	ADP	APPR								
13024018	2	Delaja	PROPN	NE					S		Nom	
13024018	3	der	DET	ART					S		Nom	N
13024018	4	dreiundzwanzigste	VERB	VVFIN		Fin	Past	3	S	Sub		
13024018	5	für	ADP	APPR								
13024018	6	Maasja	NOUN	NN					P		Nom	F
13024018	7	der	DET	ART					S		Nom	N
13024018	8	vierundzwanzig	ADJ	ADJA	Sup				S		Nom	F
13024019	1	der	DET	ART					S		Nom	N
13024019	2	sein	AUX	VAFIN		Fin	Past	3	S	Ind		
13024019	3	ihr	DET	PPOSAT					S		Nom	F
13024019	4	Einteilung	NOUN	NN					S		Nom	F
13024019	5	zu	ADP	PTKVZ								
13024019	6	ihr	DET	PPOSAT					S		Dat	N
13024019	7	Dienst	NOUN	NN					S		Nom	M
13024019	8	um	ADP	APPR								
13024019	9	in	ADP	APPR								
13024019	10	der	DET	ART					S		Nom	N
13024019	11	Haus	NOUN	NN					S		Nom	N
13024019	12	Jahwe	PROPN	NE					S		Gen	
13024019	13	zu	ADP	PTKVZ								
13024019	14	kommen	VERB	VVFIN		Fin	Pres	3	P	Ind		
13024019	15	nach	ADP	APPR								
13024019	16	ihr	DET	PPOSAT					S		Dat	F
13024019	17	Vorschrift	NOUN	NN					S		Nom	F
13024019	18	geben	VERB	VVPP		Part						
13024019	19	durch	ADP	APPR								
13024019	20	ihr	DET	PPOSAT					S		Acc	M
13024019	21	Vater	NOUN	NN					S		Nom	M
13024019	22	Aaron	PROPN	NE					S		Nom	M
13024019	23	so	ADV	ADV								
13024019	24	wie	ADP	KOKOM								
13024019	25	Jahwe	NOUN	NN					S		Nom	M
13024019	26	der	DET	ART					S		Nom	M
13024019	27	Gott	NOUN	NN					S		Nom	M
13024019	28	Israel	PROPN	NE					S		Gen	N
13024019	29	ihm	PRON	PPER				3	S		Dat	M
13024019	30	gebieten	VERB	VVPP		Part						
13024019	31	haben	AUX	VAFIN		Fin	Past	3	S	Ind		
13024020	1	und	CCONJ	KON								
13024020	2	was	PRON	PWS					S		Nom	N
13024020	3	der	DET	ART					S		Nom	F
13024020	4	übrig	ADJ	ADJA	Pos				S		Dat	N
13024020	5	Sohn	NOUN	NN					P		Nom	M
13024020	6	Levis	PROPN	NE								F
13024020	7	betreffen	VERB	VVFIN		Fin	Pres	3	S	Ind		
13024020	8	von	ADP	APPR								
13024020	9	der	DET	ART					S		Acc	M
13024020	10	Söhn	NOUN	NN					P		Dat	M
13024020	11	Amram	PROPN	NE					S		Gen	
13024020	12	Schubael	PROPN	NE					S		Nom	N
13024020	13	von	ADP	APPR								
13024020	14	der	DET	ART					S		Acc	M
13024020	15	Söhn	NOUN	NN					P		Dat	M
13024020	16	Schubael	NOUN	NN					P		Nom	M
13024020	17	Jechdeja	PROPN	NE					S		Nom	
13024021	1	von	ADP	APPR								
13024021	2	Rechabja	NOUN	NN					P		Nom	F
13024021	3	von	ADP	APPR								
13024021	4	der	DET	ART					S		Acc	M
13024021	5	Söhn	NOUN	NN					P		Dat	M
13024021	6	Rechabjas	NOUN	NN					S		Nom	F
13024021	7	der	DET	ART					S		Nom	N
13024021	8	Haupt	NOUN	NN					S		Nom	N
13024021	9	Jischija	PROPN	NE					S		Nom	F
13024022	1	von	ADP	APPR								
13024022	2	der	DET	ART					S		Acc	M
13024022	3	Jizhariter	NOUN	NN					S		Nom	M
13024022	4	Schelomoth	PROPN	NE					S		Nom	
13024022	5	von	ADP	APPR								
13024022	6	der	DET	ART					S		Acc	M
13024022	7	Söhn	NOUN	NN					P		Dat	M
13024022	8	Schelomoth	PROPN	NE					S		Gen	
13024022	9	Jachath	PROPN	NE					S		Nom	
13024023	1	und	CCONJ	KON								
13024023	2	der	DET	ART					S		Nom	F
13024023	3	Sohn	NOUN	NN					P		Nom	M
13024023	4	Hebron	PROPN	NE					S		Gen	
13024023	5	Jerija	PROPN	NE					S		Nom	
13024023	6	der	DET	ART					S		Nom	N
13024023	7	Haupt	NOUN	NN					S		Nom	N
13024023	8	Amarja	PROPN	NN					S		Nom	
13024023	9	der	DET	ART					S		Nom	M
13024023	10	zweiter	ADJ	ADJA	Pos				S		Nom	F
13024023	11	Jachasiel	NOUN	NN					S		Nom	N
13024023	12	der	DET	ART					S		Nom	M
13024023	13	dritter	ADJ	ADJA	Pos				S		Nom	F
13024023	14	Jekamam	PROPN	NN					S		Nom	M
13024023	15	der	DET	ART					S		Nom	M
13024023	16	vierter	ADJ	ADJA	Pos				S		Nom	F
13024024	1	der	DET	ART					S		Nom	F
13024024	2	Sohn	NOUN	NN					P		Nom	M
13024024	3	Ussiel	NOUN	NN					P		Nom	N
13024024	4	Micha	PROPN	NE					S		Nom	M
13024024	5	von	ADP	APPR								
13024024	6	der	DET	ART					S		Acc	M
13024024	7	Söhn	NOUN	NN					P		Dat	M
13024024	8	Micha	PROPN	NE					S		Gen	M
13024024	9	Schamir	PROPN	NE					S		Nom	
13024025	1	der	DET	ART					S		Nom	M
13024025	2	Bruder	NOUN	NN					S		Nom	M
13024025	3	Micha	PROPN	NE					S		Gen	M
13024025	4	sein	AUX	VAFIN		Fin	Past	3	S	Ind		
13024025	5	Jischija	PROPN	NE					S		Nom	F
13024025	6	von	ADP	APPR								
13024025	7	der	DET	ART					S		Acc	M
13024025	8	Söhn	NOUN	NN					P		Dat	M
13024025	9	Jischijas	NOUN	NN					S		Nom	F
13024025	10	Sekarja	PROPN	NN					S		Nom	
13024026	1	der	DET	ART					S		Nom	F
13024026	2	Sohn	NOUN	NN					P		Nom	M
13024026	3	Merari	PROPN	NE					S		Gen	
13024026	4	Machli	NOUN	NN					P		Gen	N
13024026	5	und	CCONJ	KON								
13024026	6	Musi	PROPN	NE					S		Nom	
13024026	7	der	DET	ART					S		Nom	F
13024026	8	Sohn	NOUN	NN					P		Nom	M
13024026	9	Jaasijas	NOUN	NN					S		Nom	F
13024026	10	sein	DET	PPOSAT					S		Gen	M
13024026	11	Sohn	PROPN	NE					S		Gen	M
13024027	1	der	DET	ART					S		Nom	F
13024027	2	Sohn	NOUN	NN					P		Nom	M
13024027	3	Merari	PROPN	NE					S		Gen	
13024027	4	von	ADP	APPR								
13024027	5	Jaasija	PROPN	NE					S		Nom	F
13024027	6	sein	DET	PPOSAT					S		Dat	M
13024027	7	Sohn	NOUN	NN					S		Acc	M
13024027	8	Schoham	PROPN	NE					S		Nom	
13024027	9	und	CCONJ	KON								
13024027	10	Sakkur	PROPN	NE					S		Nom	
13024027	11	und	CCONJ	KON								
13024027	12	ibri	PROPN	NE					S		Nom	M
13024028	1	von	ADP	APPR								
13024028	2	Machli	NOUN	NN					P		Gen	N
13024028	3	Eleasar	NOUN	NN					S		Nom	M
13024028	4	der	DET	ART					S		Nom	M
13024028	5	haben	AUX	VAFIN		Fin	Past	3	S	Ind		
13024028	6	aber	CCONJ	KON								
13024028	7	kein	DET	PIAT					S		Nom	F
13024028	8	Sohn	NOUN	NN					P		Nom	M
13024029	1	von	ADP	APPR								
13024029	2	Kis	PROPN	NE					S		Nom	
13024029	3	der	DET	ART					S		Nom	F
13024029	4	Sohn	NOUN	NN					P		Nom	M
13024029	5	Kis	PROPN	NE					S		Nom	
13024029	6	Jerachmeel	NOUN	NN					S		Nom	N
13024030	1	und	CCONJ	KON								
13024030	2	der	DET	ART					S		Nom	F
13024030	3	Sohn	NOUN	NN					P		Nom	M
13024030	4	Musis	NOUN	NN					S		Nom	F
13024030	5	Machil	PROPN	NE					S		Nom	M
13024030	6	und	CCONJ	KON								
13024030	7	Eder	PROPN	NE					S		Nom	
13024030	8	und	CCONJ	KON								
13024030	9	Jerimoth	PROPN	NE					S		Nom	
13024030	10	der	DET	ART					S		Nom	N
13024030	11	sein	AUX	VAFIN		Fin	Past	3	P	Ind		
13024030	12	der	DET	ART					S		Nom	F
13024030	13	Sohn	NOUN	NN					P		Nom	M
13024030	14	der	DET	ART					S		Nom	M
13024030	15	Levit	NOUN	NN					P		Nom	M
13024030	16	nach	ADP	APPR								
13024030	17	ihr	DET	PPOSAT					S		Acc	M
13024030	18	Vaterhäuser	NOUN	NN					P		Dat	M
13024031	1	und	CCONJ	KON								
13024031	2	auch	ADV	ADV								
13024031	3	sie	PRON	PPER				3	P		Nom	
13024031	4	werfen	VERB	VVFIN		Fin	Past	3	P	Ind		
13024031	5	Lose	NOUN	NN					P		Nom	M
13024031	6	wie	ADP	KOKOM								
13024031	7	ihr	DET	PPOSAT					S		Nom	F
13024031	8	Bruder	NOUN	NN					P		Nom	M
13024031	9	der	DET	ART					S		Nom	F
13024031	10	Sohn	NOUN	NN					P		Nom	M
13024031	11	Aaron	PROPN	NE					S		Gen	
13024031	12	in	ADP	APPR								
13024031	13	Gegenwart	NOUN	NN					S		Nom	F
13024031	14	der	DET	ART					S		Gen	M
13024031	15	König	PROPN	NE					S		Nom	
13024031	16	David	PROPN	NE					S		Nom	M
13024031	17	und	CCONJ	KON								
13024031	18	Zadoks	PROPN	NE					S		Nom	
13024031	19	und	CCONJ	KON								
13024031	20	Ahimelech	PROPN	NE					S		Gen	
13024031	21	und	CCONJ	KON								
13024031	22	der	DET	ART					S		Nom	M
13024031	23	Häupter	NOUN	NN					P		Nom	N
13024031	24	der	DET	ART					S		Nom	M
13024031	25	Vater	NOUN	NN					P		Nom	M
13024031	26	der	DET	ART					S		Nom	M
13024031	27	Priester	NOUN	NN					P		Nom	M
13024031	28	und	CCONJ	KON								
13024031	29	der	DET	ART					S		Nom	M
13024031	30	Levit	NOUN	NN					P		Nom	M
13024031	31	der	DET	ART					S		Nom	N
13024031	32	Haupt	NOUN	NN					S		Nom	N
13024031	33	der	DET	ART					S		Nom	M
13024031	34	Vater	NOUN	NN					P		Nom	M
13024031	35	wie	ADP	KOKOM								
13024031	36	sein	AUX	VAINF		Inf						
13024031	37	geringst	ADV	ADJA	Cmp							
13024031	38	Bruder	NOUN	NN					S		Nom	M
13025001	1	und	CCONJ	KON								
13025001	2	David	PROPN	NE					S		Nom	M
13025001	3	und	CCONJ	KON								
13025001	4	der	DET	ART					S		Nom	F
13025001	5	oberer	ADJ	ADJA	Sup				S		Dat	F
13025001	6	der	DET	ART					S		Gen	M
13025001	7	Heer	NOUN	NN					S		Nom	N
13025001	8	Sondert	VERB	VVFIN		Fin	Pres	3	P	Ind		
13025001	9	von	ADP	APPR								
13025001	10	der	DET	ART					S		Acc	M
13025001	11	Söhn	NOUN	NN					P		Dat	M
13025001	12	Asaphs	PROPN	NE					S		Nom	N
13025001	13	und	CCONJ	KON								
13025001	14	Heman	PROPN	NE					S		Gen	N
13025001	15	und	CCONJ	KON								
13025001	16	Jeduthuns	PROPN	NE					S		Nom	
13025001	17	solcher	DET	PIS					S		Nom	F
13025001	18	zu	ADP	APPRART					S		Dat	N
13025001	19	Dienst	NOUN	NN					P		Nom	M
13025001	20	ab	ADP	PTKVZ								
13025001	21	welcher	DET	PWAT					S		Nom	F
13025001	22	weissagen	VERB	VVFIN		Fin	Past	3	P	Ind		
13025001	23	mit	ADP	APPR								
13025001	24	Laut	NOUN	NN					S		Nom	N
13025001	25	und	CCONJ	KON								
13025001	26	Harfe	NOUN	NN					P		Nom	F
13025001	27	und	CCONJ	KON								
13025001	28	mit	ADP	APPR								
13025001	29	Cymbel	NOUN	NN					P		Nom	F
13025001	30	und	CCONJ	KON								
13025001	31	es	PRON	PPER				3	S		Nom	N
13025001	32	sein	AUX	VAFIN		Fin	Past	3	S	Ind		
13025001	33	ihr	DET	PPOSAT					S		Nom	F
13025001	34	Zahl	NOUN	NN					S		Nom	F
13025001	35	der	DET	ART					S		Nom	M
13025001	36	Mann	NOUN	NN					P		Nom	M
13025001	37	der	DET	ART					S		Nom	F
13025001	38	tätig	ADV	ADJD	Pos							
13025001	39	sein	AUX	VAFIN		Fin	Past	3	P	Ind		
13025001	40	für	ADP	APPR								
13025001	41	ihr	DET	PPOSAT					S		Acc	M
13025001	42	Dienst	NOUN	NN					S		Nom	M
13025002	1	von	ADP	APPR								
13025002	2	der	DET	ART					S		Acc	M
13025002	3	Söhn	NOUN	NN					P		Dat	M
13025002	4	Asaphs	PROPN	NE					S		Nom	N
13025002	5	Sakkur	PROPN	NE					S		Nom	
13025002	6	und	CCONJ	KON								
13025002	7	Joseph	PROPN	NE					S		Nom	M
13025002	8	und	CCONJ	KON								
13025002	9	Nethanja	PROPN	NE								
13025002	10	und	CCONJ	KON								
13025002	11	Ascharela	PROPN	NE					S		Nom	F
13025002	12	der	DET	ART					S		Nom	F
13025002	13	Sohn	NOUN	NN					P		Nom	M
13025002	14	Asaphs	PROPN	NE					S		Nom	N
13025002	15	unter	ADP	APPR								
13025002	16	der	DET	ART					S		Nom	M
13025002	17	Leitung	NOUN	NN					S		Nom	F
13025002	18	Asaphs	PROPN	NE					S		Nom	N
13025002	19	welcher	PRON	PWAT					S		Nom	M
13025002	20	nach	ADP	APPR								
13025002	21	der	DET	ART					S		Nom	M
13025002	22	Anweisung	NOUN	NN					S		Nom	F
13025002	23	der	DET	ART					S		Gen	M
13025002	24	König	PROPN	NE					S		Nom	
13025002	25	weissagen	VERB	VVFIN		Fin	Past	3	S	Ind		
13025003	1	von	ADP	APPR								
13025003	2	Jeduthun	PROPN	NE					S		Nom	
13025003	3	der	DET	ART					S		Nom	F
13025003	4	Sohn	NOUN	NN					P		Nom	M
13025003	5	Jeduthuns	PROPN	NE					S		Nom	
13025003	6	Gedalja	NOUN	NN					S		Nom	N
13025003	7	und	CCONJ	KON								
13025003	8	Zeri	PROPN	NE					S		Nom	M
13025003	9	und	CCONJ	KON								
13025003	10	Jesaja	PROPN	NE					S		Nom	M
13025003	11	Haschabja	NOUN	NN					P		Nom	M
13025003	12	und	CCONJ	KON								
13025003	13	Mattithja	PROPN	NE					S		Nom	
13025003	14	und	CCONJ	KON								
13025003	15	Simei	NOUN	NN					S		Nom	M
13025003	16	sechs	NUM	CARD								
13025003	17	unter	ADP	APPR								
13025003	18	der	DET	ART					S		Nom	M
13025003	19	Leitung	NOUN	NN					S		Nom	F
13025003	20	ihr	DET	PPOSAT					S		Gen	M
13025003	21	Vater	NOUN	NN					S		Gen	M
13025003	22	Jeduthun	PROPN	NE					S		Nom	
13025003	23	mit	ADP	APPR								
13025003	24	der	DET	ART					S		Nom	M
13025003	25	Laut	NOUN	NN					P		Nom	
13025003	26	welcher	PRON	PWAT					S		Nom	M
13025003	27	weissagen	VERB	VVFIN		Fin	Past	3	S	Ind		
13025003	28	um	ADP	APPR								
13025003	29	Jahwe	NOUN	NN					S		Nom	M
13025003	30	zu	ADP	PTKVZ								
13025003	31	preisen	VERB	VVFIN		Fin	Pres	3	P	Ind		
13025003	32	und	CCONJ	KON								
13025003	33	zu	ADP	PTKVZ								
13025003	34	loben	VERB	VVINF		Inf						
13025004	1	von	ADP	APPR								
13025004	2	Heman	PROPN	NE					S		Nom	
13025004	3	der	DET	ART					S		Nom	F
13025004	4	Sohn	NOUN	NN					P		Nom	M
13025004	5	Heman	PROPN	NE					S		Gen	N
13025004	6	Bukkija	NOUN	NN					S		Nom	F
13025004	7	und	CCONJ	KON								
13025004	8	Mattanja	PROPN	NE					S		Nom	
13025004	9	Ussiel	NOUN	NN					S		Nom	N
13025004	10	Schebuel	NOUN	NN					S		Nom	M
13025004	11	und	CCONJ	KON								
13025004	12	Jerimoth	PROPN	NE					S		Nom	
13025004	13	Hananja	PROPN	NE					S		Nom	N
13025004	14	Hanani	PROPN	NE					S		Nom	
13025004	15	Eliatha	NOUN	NN					S		Nom	F
13025004	16	Giddalti	PROPN	NE								
13025004	17	und	CCONJ	KON								
13025004	18	Romamti-Eser	NOUN	NN					P		Nom	M
13025004	19	Joschbekascha	PROPN	NE					S		Nom	
13025004	20	Mallothi	NOUN	NN					S		Nom	M
13025004	21	Hothir	NOUN	NN					S		Nom	F
13025004	22	Machasioth	PROPN	NE					S		Nom	F
13025005	1	alle	PRON	PIS					P		Nom	
13025005	2	dieser	DET	PDAT					S		Nom	F
13025005	3	sein	AUX	VAFIN		Fin	Past	3	P	Ind		
13025005	4	Sohn	NOUN	NN					P		Nom	M
13025005	5	Heman	PROPN	NE					S		Gen	N
13025005	6	der	DET	ART					S		Gen	M
13025005	7	Seher	PROPN	NE					S		Gen	
13025005	8	der	DET	ART					S		Gen	M
13025005	9	König	PROPN	NE					S		Nom	
13025005	10	in	ADP	APPR								
13025005	11	der	DET	ART					S		Acc	M
13025005	12	Wort	NOUN	NN					P		Dat	N
13025005	13	Gott	NOUN	NN					S		Gen	M
13025005	14	um	ADP	APPR								
13025005	15	sein	DET	PPOSAT					S		Nom	F
13025005	16	Macht	NOUN	NN					S		Nom	F
13025005	17	zu	ADP	PTKVZ								
13025005	18	erheben	VERB	VVINF		Fin	Pres	3	P	Ind		
13025005	19	und	CCONJ	KON								
13025005	20	Gott	NOUN	NN					S		Nom	M
13025005	21	haben	AUX	VAFIN		Fin	Past	3	S	Ind		
13025005	22	der	DET	ART					S		Dat	M
13025005	23	Heman	PROPN	NE					S		Nom	
13025005	24	vierzehn	NUM	CARD								
13025005	25	Sohn	NOUN	NN					P		Nom	M
13025005	26	und	CCONJ	KON								
13025005	27	drei	NUM	CARD								
13025005	28	Tochter	NOUN	NN					P		Nom	F
13025005	29	geben	VERB	VVPP		Part						
13025006	1	alle	PRON	PIS					P		Nom	
13025006	2	dieser	DET	PDAT					S		Nom	F
13025006	3	sein	AUX	VAFIN		Fin	Past	3	P	Ind		
13025006	4	unter	ADP	APPR								
13025006	5	der	DET	ART					S		Nom	M
13025006	6	Leitung	NOUN	NN					S		Nom	F
13025006	7	ihr	DET	PPOSAT					S		Dat	F
13025006	8	Vater	NOUN	NN					P		Nom	M
13025006	9	Asaph	PROPN	NE					S		Nom	
13025006	10	und	CCONJ	KON								
13025006	11	Jeduthun	PROPN	NE					S		Nom	
13025006	12	und	CCONJ	KON								
13025006	13	Heman	PROPN	NE					S		Nom	
13025006	14	bei	ADP	APPRART					S		Dat	M
13025006	15	Gesang	NOUN	NN					P		Nom	M
13025006	16	in	ADP	APPRART					S		Dat	N
13025006	17	Haus	NOUN	NN					P		Nom	N
13025006	18	Jahwe	PROPN	NE					S		Gen	
13025006	19	mit	ADP	APPR								
13025006	20	Cymbel	NOUN	NN					P		Nom	F
13025006	21	Harfe	NOUN	NN					P		Nom	F
13025006	22	und	CCONJ	KON								
13025006	23	Laut	NOUN	NN					S		Nom	N
13025006	24	zu	ADP	APPRART					S		Dat	N
13025006	25	Dienst	NOUN	NN					P		Nom	M
13025006	26	der	DET	ART					S		Gen	M
13025006	27	Haus	NOUN	NN					S		Gen	N
13025006	28	Gott	NOUN	NN					S		Gen	M
13025006	29	nach	ADP	APPR								
13025006	30	der	DET	ART					S		Nom	M
13025006	31	Anweisung	NOUN	NN					S		Nom	F
13025006	32	der	DET	ART					S		Gen	M
13025006	33	König	PROPN	NE					S		Nom	
13025007	1	und	CCONJ	KON								
13025007	2	es	PRON	PPER				3	S		Nom	N
13025007	3	sein	AUX	VAFIN		Fin	Past	3	S	Ind		
13025007	4	ihr	DET	PPOSAT					S		Nom	F
13025007	5	Zahl	NOUN	NN					S		Nom	F
13025007	6	mit	ADP	APPR								
13025007	7	ihr	DET	PPOSAT					S		Acc	M
13025007	8	Brüdern	NOUN	NN					P		Dat	M
13025007	9	der	DET	ART					S		Nom	F
13025007	10	in	ADP	APPRART					S		Dat	N
13025007	11	Gesang	NOUN	NN					P		Nom	M
13025007	12	Jahwe	PROPN	NE					S		Gen	
13025007	13	üben	VERB	VVPP		Part						
13025007	14	sein	AUX	VAFIN		Fin	Past	3	P	Ind		
13025007	15	aller	DET	PIAT					P		Gen	
13025007	16	Kundigen	NOUN	VVIZU					P		Dat	
13025007	17	288	NUM	CARD								
13025008	1	und	CCONJ	KON								
13025008	2	sie	PRON	PPER				3	P		Nom	
13025008	3	werfen	VERB	VVFIN		Fin	Past	3	P	Ind		
13025008	4	Lose	NOUN	NN					P		Nom	M
13025008	5	über	ADP	APPR								
13025008	6	ihr	PRON	PPOSAT				3	S		Dat	F
13025008	7	Amt	NOUN	NN					S		Nom	N
13025008	8	der	DET	ART					S		Nom	M
13025008	9	Kleine	PROPN	NE					S		Nom	
13025008	10	wie	ADP	KOKOM								
13025008	11	der	DET	ART					S		Nom	M
13025008	12	groß	PROPN	NE					S		Nom	
13025008	13	der	DET	ART					S		Nom	M
13025008	14	Kundige	NOUN	NN					P		Nom	
13025008	15	mit	ADP	APPR								
13025008	16	der	DET	ART					S		Dat	M
13025008	17	Lehrling	NOUN	NN					S		Nom	M
13025009	1	und	CCONJ	KON								
13025009	2	der	DET	ART					S		Nom	N
13025009	3	erster	ADJ	ADJA	Pos				S		Nom	F
13025009	4	Los	NOUN	NE					S		Nom	N
13025009	5	kommen	VERB	VVFIN		Fin	Past	3	S	Ind		
13025009	6	heraus	ADV	PTKVZ								
13025009	7	für	ADP	APPR								
13025009	8	Asaph	PROPN	NE					S		Nom	
13025009	9	für	ADP	APPR								
13025009	10	Joseph	PROPN	NE					S		Nom	M
13025009	11	für	ADP	APPR								
13025009	12	Gedalja	NOUN	NN					S		Nom	N
13025009	13	der	DET	ART					S		Nom	N
13025009	14	zweiter	ADJ	ADJA	Pos				S		Nom	F
13025009	15	er	PRON	PPER				3	S		Nom	M
13025009	16	und	CCONJ	KON								
13025009	17	sein	DET	PPOSAT					S		Nom	F
13025009	18	Bruder	NOUN	NN					P		Nom	M
13025009	19	und	CCONJ	KON								
13025009	20	sein	DET	PPOSAT					S		Nom	F
13025009	21	Sohn	NOUN	NN					P		Nom	M
13025009	22	sein	AUX	VAFIN		Fin	Past	3	P	Ind		
13025009	23	zwölf	NUM	CARD								
13025010	1	der	DET	ART					S		Nom	N
13025010	2	dritter	ADJ	ADJA	Pos				S		Nom	F
13025010	3	für	ADP	APPR								
13025010	4	Sakkur	PROPN	NE					S		Nom	
13025010	5	sein	DET	PPOSAT					S		Nom	F
13025010	6	Sohn	NOUN	NN					P		Nom	M
13025010	7	und	CCONJ	KON								
13025010	8	sein	DET	PPOSAT					S		Nom	F
13025010	9	Bruder	NOUN	NN					P		Nom	M
13025010	10	zwölf	NUM	CARD								
13025011	1	der	DET	ART					S		Nom	N
13025011	2	vierter	ADJ	ADJA	Pos				S		Nom	F
13025011	3	für	ADP	APPR								
13025011	4	Jizri	NOUN	NN					S		Nom	F
13025011	5	sein	DET	PPOSAT					S		Nom	F
13025011	6	Sohn	NOUN	NN					P		Nom	M
13025011	7	und	CCONJ	KON								
13025011	8	sein	DET	PPOSAT					S		Nom	F
13025011	9	Bruder	NOUN	NN					P		Nom	M
13025011	10	zwölf	NUM	CARD								
13025012	1	der	DET	ART					S		Nom	N
13025012	2	fünfter	ADJ	ADJA	Pos				S		Nom	F
13025012	3	für	ADP	APPR								
13025012	4	Nathanja	PROPN	NE					S		Nom	
13025012	5	sein	DET	PPOSAT					S		Nom	F
13025012	6	Sohn	NOUN	NN					P		Nom	M
13025012	7	und	CCONJ	KON								
13025012	8	sein	DET	PPOSAT					S		Nom	F
13025012	9	Bruder	NOUN	NN					P		Nom	M
13025012	10	zwölf	NUM	CARD								
13025013	1	der	DET	ART					S		Nom	N
13025013	2	sechster	ADJ	ADJA	Pos				S		Nom	F
13025013	3	für	ADP	APPR								
13025013	4	Bukkija	NOUN	NN					S		Nom	F
13025013	5	sein	DET	PPOSAT					S		Nom	F
13025013	6	Sohn	NOUN	NN					P		Nom	M
13025013	7	und	CCONJ	KON								
13025013	8	sein	DET	PPOSAT					S		Nom	F
13025013	9	Bruder	NOUN	NN					P		Nom	M
13025013	10	zwölf	NUM	CARD								
13025014	1	der	DET	ART					S		Nom	N
13025014	2	siebte	ADJ	ADJA	Pos				S		Nom	F
13025014	3	für	ADP	APPR								
13025014	4	Jescharela	PROPN	NE					S		Nom	F
13025014	5	sein	DET	PPOSAT					S		Nom	F
13025014	6	Sohn	NOUN	NN					P		Nom	M
13025014	7	und	CCONJ	KON								
13025014	8	sein	DET	PPOSAT					S		Nom	F
13025014	9	Bruder	NOUN	NN					P		Nom	M
13025014	10	zwölf	NUM	CARD								
13025015	1	der	DET	ART					S		Nom	N
13025015	2	achten	VERB	VVFIN		Fin	Pres	3	S	Sub		
13025015	3	für	ADP	APPR								
13025015	4	Jesaja	PROPN	NE					S		Nom	M
13025015	5	sein	DET	PPOSAT					S		Nom	F
13025015	6	Sohn	NOUN	NN					P		Nom	M
13025015	7	und	CCONJ	KON								
13025015	8	sein	DET	PPOSAT					S		Nom	F
13025015	9	Bruder	NOUN	NN					P		Nom	M
13025015	10	zwölf	NUM	CARD								
13025016	1	der	DET	ART					S		Nom	N
13025016	2	neunter	ADJ	ADJA	Pos				S		Nom	F
13025016	3	für	ADP	APPR								
13025016	4	Mattanja	PROPN	NE					S		Nom	
13025016	5	sein	DET	PPOSAT					S		Nom	F
13025016	6	Sohn	NOUN	NN					P		Nom	M
13025016	7	und	CCONJ	KON								
13025016	8	sein	DET	PPOSAT					S		Nom	F
13025016	9	Bruder	NOUN	NN					P		Nom	M
13025016	10	zwölf	NUM	CARD								
13025017	1	der	DET	ART					S		Nom	N
13025017	2	zehnter	ADJ	ADJA	Pos				S		Nom	F
13025017	3	für	ADP	APPR								
13025017	4	Simei	NOUN	NN					S		Nom	M
13025017	5	sein	DET	PPOSAT					S		Nom	F
13025017	6	Sohn	NOUN	NN					P		Nom	M
13025017	7	und	CCONJ	KON								
13025017	8	sein	DET	PPOSAT					S		Nom	F
13025017	9	Bruder	NOUN	NN					P		Nom	M
13025017	10	zwölf	NUM	CARD								
13025018	1	der	DET	ART					S		Nom	N
13025018	2	elfter	ADJ	ADJA	Pos				S		Nom	F
13025018	3	für	ADP	APPR								
13025018	4	Asarel	PROPN	NN					S		Nom	M
13025018	5	sein	DET	PPOSAT					S		Nom	F
13025018	6	Sohn	NOUN	NN					P		Nom	M
13025018	7	und	CCONJ	KON								
13025018	8	sein	DET	PPOSAT					S		Nom	F
13025018	9	Bruder	NOUN	NN					P		Nom	M
13025018	10	zwölf	NUM	CARD								
13025019	1	der	DET	ART					S		Nom	N
13025019	2	zwölfte	ADJ	ADJA	Pos				S		Nom	F
13025019	3	für	ADP	APPR								
13025019	4	Haschabja	NOUN	NN					P		Nom	M
13025019	5	sein	DET	PPOSAT					S		Nom	F
13025019	6	Sohn	NOUN	NN					P		Nom	M
13025019	7	und	CCONJ	KON								
13025019	8	sein	DET	PPOSAT					S		Nom	F
13025019	9	Bruder	NOUN	NN					P		Nom	M
13025019	10	zwölf	NUM	CARD								
13025020	1	der	DET	ART					S		Nom	N
13025020	2	dreizehnter	ADJ	ADJA	Pos				S		Nom	F
13025020	3	für	ADP	APPR								
13025020	4	Schubael	PROPN	NE					S		Nom	N
13025020	5	sein	DET	PPOSAT					S		Nom	F
13025020	6	Sohn	NOUN	NN					P		Nom	M
13025020	7	und	CCONJ	KON								
13025020	8	sein	DET	PPOSAT					S		Nom	F
13025020	9	Bruder	NOUN	NN					P		Nom	M
13025020	10	zwölf	NUM	CARD								
13025021	1	der	DET	ART					S		Nom	N
13025021	2	vierzehnt	ADJ	ADJA	Pos				S		Nom	F
13025021	3	für	ADP	APPR								
13025021	4	Mattithja	PROPN	NE					S		Nom	
13025021	5	sein	DET	PPOSAT					S		Nom	F
13025021	6	Sohn	NOUN	NN					P		Nom	M
13025021	7	und	CCONJ	KON								
13025021	8	sein	DET	PPOSAT					S		Nom	F
13025021	9	Bruder	NOUN	NN					P		Nom	M
13025021	10	zwölf	NUM	CARD								
13025022	1	der	DET	ART					S		Nom	N
13025022	2	fünfzehnt	ADJ	ADJA	Sup				S		Nom	F
13025022	3	für	ADP	APPR								
13025022	4	Jeremoth	PROPN	NE					S		Nom	F
13025022	5	sein	DET	PPOSAT					S		Nom	F
13025022	6	Sohn	NOUN	NN					P		Nom	M
13025022	7	und	CCONJ	KON								
13025022	8	sein	DET	PPOSAT					S		Nom	F
13025022	9	Bruder	NOUN	NN					P		Nom	M
13025022	10	zwölf	NUM	CARD								
13025023	1	der	DET	ART					S		Nom	N
13025023	2	sechzehnt	ADJ	ADJA	Pos				S		Nom	M
13025023	3	für	ADP	APPR								
13025023	4	Hananja	PROPN	NE					S		Nom	N
13025023	5	sein	DET	PPOSAT					S		Nom	F
13025023	6	Sohn	NOUN	NN					P		Nom	M
13025023	7	und	CCONJ	KON								
13025023	8	sein	DET	PPOSAT					S		Nom	F
13025023	9	Bruder	NOUN	NN					P		Nom	M
13025023	10	zwölf	NUM	CARD								
13025024	1	der	DET	ART					S		Nom	N
13025024	2	siebzehnt	ADJ	ADJA	Pos				S		Nom	F
13025024	3	für	ADP	APPR								
13025024	4	Joschbekascha	PROPN	NE					S		Nom	
13025024	5	sein	DET	PPOSAT					S		Nom	F
13025024	6	Sohn	NOUN	NN					P		Nom	M
13025024	7	und	CCONJ	KON								
13025024	8	sein	DET	PPOSAT					S		Nom	F
13025024	9	Bruder	NOUN	NN					P		Nom	M
13025024	10	zwölf	NUM	CARD								
13025025	1	der	DET	ART					S		Nom	N
13025025	2	achtzehnt	ADJ	ADJA	Pos				S		Nom	F
13025025	3	für	ADP	APPR								
13025025	4	Hanani	PROPN	NE					S		Nom	
13025025	5	sein	DET	PPOSAT					S		Nom	F
13025025	6	Sohn	NOUN	NN					P		Nom	M
13025025	7	und	CCONJ	KON								
13025025	8	sein	DET	PPOSAT					S		Nom	F
13025025	9	Bruder	NOUN	NN					P		Nom	M
13025025	10	zwölf	NUM	CARD								
13025026	1	der	DET	ART					S		Nom	N
13025026	2	neunzehnen	ADJ	ADJA	Pos				S		Nom	F
13025026	3	für	ADP	APPR								
13025026	4	Mallothi	NOUN	NN					S		Nom	M
13025026	5	sein	DET	PPOSAT					S		Nom	F
13025026	6	Sohn	NOUN	NN					P		Nom	M
13025026	7	und	CCONJ	KON								
13025026	8	sein	DET	PPOSAT					S		Nom	F
13025026	9	Bruder	NOUN	NN					P		Nom	M
13025026	10	zwölf	NUM	CARD								
13025027	1	der	DET	ART					S		Nom	N
13025027	2	zwanzigster	ADJ	ADJA	Sup				S		Nom	F
13025027	3	für	ADP	APPR								
13025027	4	Eliatha	NOUN	NN					S		Nom	F
13025027	5	sein	DET	PPOSAT					S		Nom	F
13025027	6	Sohn	NOUN	NN					P		Nom	M
13025027	7	und	CCONJ	KON								
13025027	8	sein	DET	PPOSAT					S		Nom	F
13025027	9	Bruder	NOUN	NN					P		Nom	M
13025027	10	zwölf	NUM	CARD								
13025028	1	der	DET	ART					S		Nom	N
13025028	2	einundzwanzigste	VERB	ADJA		Fin	Past	3	S	Sub		
13025028	3	für	ADP	APPR								
13025028	4	Hothir	NOUN	NN					S		Nom	F
13025028	5	sein	DET	PPOSAT					S		Nom	F
13025028	6	Sohn	NOUN	NN					P		Nom	M
13025028	7	und	CCONJ	KON								
13025028	8	sein	DET	PPOSAT					S		Nom	F
13025028	9	Bruder	NOUN	NN					P		Nom	M
13025028	10	zwölf	NUM	CARD								
13025029	1	der	DET	ART					S		Nom	N
13025029	2	zweiundzwanzigste	VERB	FM		Fin	Past	3	S	Sub		
13025029	3	für	ADP	APPR								
13025029	4	Giddalti	PROPN	NE								
13025029	5	sein	DET	PPOSAT					S		Nom	F
13025029	6	Sohn	NOUN	NN					P		Nom	M
13025029	7	und	CCONJ	KON								
13025029	8	sein	DET	PPOSAT					S		Nom	F
13025029	9	Bruder	NOUN	NN					P		Nom	M
13025029	10	zwölf	NUM	CARD								
13025030	1	der	DET	ART					S		Nom	N
13025030	2	dreiundzwanzigste	VERB	VVFIN		Fin	Past	3	S	Sub		
13025030	3	für	ADP	APPR								
13025030	4	Machasioth	PROPN	NE					S		Nom	F
13025030	5	sein	DET	PPOSAT					S		Nom	F
13025030	6	Sohn	NOUN	NN					P		Nom	M
13025030	7	und	CCONJ	KON								
13025030	8	sein	DET	PPOSAT					S		Nom	F
13025030	9	Bruder	NOUN	NN					P		Nom	M
13025030	10	zwölf	NUM	CARD								
13025031	1	der	DET	ART					S		Nom	N
13025031	2	vierundzwanzig	ADJ	ADJA	Sup				S		Nom	F
13025031	3	für	ADP	APPR								
13025031	4	Romamti-Eser	NOUN	NN					P		Nom	M
13025031	5	sein	DET	PPOSAT					S		Nom	F
13025031	6	Sohn	NOUN	NN					P		Nom	M
13025031	7	und	CCONJ	KON								
13025031	8	sein	DET	PPOSAT					S		Nom	F
13025031	9	Bruder	NOUN	NN					P		Nom	M
13025031	10	zwölf	NUM	CARD								
13026001	1	der	DET	ART					S		Nom	F
13026001	2	Abteilung	NOUN	NN					P		Nom	F
13026001	3	der	DET	ART					S		Nom	M
13026001	4	Torhüter	NOUN	NN					S		Nom	M
13026001	5	von	ADP	APPR								
13026001	6	der	DET	ART					S		Acc	M
13026001	7	Korhiter	NOUN	NN					P		Nom	M
13026001	8	Meschelemja	NOUN	NN					S		Nom	M
13026001	9	der	DET	ART					S		Nom	M
13026001	10	Sohn	NOUN	NN					S		Nom	M
13026001	11	Kores	PROPN	NE					S		Nom	M
13026001	12	von	ADP	APPR								
13026001	13	der	DET	ART					S		Acc	M
13026001	14	Söhn	NOUN	NN					P		Dat	M
13026001	15	Asaphs	PROPN	NE					S		Nom	N
13026002	1	und	CCONJ	KON								
13026002	2	Meschelemja	NOUN	NN					S		Nom	M
13026002	3	haben	AUX	VAFIN		Fin	Past	3	S	Ind		
13026002	4	Sohn	NOUN	NN					P		Nom	M
13026002	5	Sekarja	PROPN	NN					S		Nom	
13026002	6	der	DET	ART					S		Nom	M
13026002	7	Erstgeborene	NOUN	NN					S		Nom	F
13026002	8	Jediael	PROPN	NE					S		Nom	N
13026002	9	der	DET	ART					S		Nom	M
13026002	10	zweiter	ADJ	ADJA	Pos				S		Nom	F
13026002	11	Sebadja	PROPN	NE					S		Nom	F
13026002	12	der	DET	ART					S		Nom	M
13026002	13	dritter	ADJ	ADJA	Pos				S		Nom	F
13026002	14	Jathniel	NOUN	NN					S		Nom	M
13026002	15	der	DET	ART					S		Nom	M
13026002	16	vierter	ADJ	ADJA	Pos				S		Nom	F
13026003	1	Elam	PROPN	NE					S		Nom	
13026003	2	der	DET	ART					S		Nom	M
13026003	3	fünfter	ADJ	ADJA	Pos				S		Nom	F
13026003	4	Jochanan	PROPN	NE					S		Nom	M
13026003	5	der	DET	ART					S		Nom	M
13026003	6	sechster	ADJ	ADJA	Pos				S		Nom	F
13026003	7	Eljehoenai	PROPN	NN					S		Nom	M
13026003	8	der	DET	ART					S		Nom	M
13026003	9	siebte	ADJ	ADJA	Pos				S		Nom	F
13026004	1	und	CCONJ	KON								
13026004	2	Obed-Edom	NOUN	NN					S		Nom	M
13026004	3	haben	AUX	VAFIN		Fin	Past	3	S	Ind		
13026004	4	Sohn	NOUN	NN					P		Nom	M
13026004	5	Schemaja	PROPN	NE					S		Nom	M
13026004	6	der	DET	ART					S		Nom	M
13026004	7	Erstgeborene	NOUN	NN					S		Nom	F
13026004	8	Josabad	PROPN	NE					S		Nom	N
13026004	9	der	DET	ART					S		Nom	M
13026004	10	zweiter	ADJ	ADJA	Pos				S		Nom	F
13026004	11	Joach	PROPN	NE					S		Nom	
13026004	12	der	DET	ART					S		Nom	M
13026004	13	dritter	ADJ	ADJA	Pos				S		Nom	F
13026004	14	und	CCONJ	KON								
13026004	15	Sakar	PROPN	NE					S		Nom	
13026004	16	der	DET	ART					S		Nom	M
13026004	17	vierter	ADJ	ADJA	Pos				S		Nom	F
13026004	18	und	CCONJ	KON								
13026004	19	nethaneel	PROPN	NN					S		Nom	
13026004	20	der	DET	ART					S		Nom	M
13026004	21	fünfter	ADJ	ADJA	Pos				S		Nom	F
13026005	1	Ammiel	NOUN	NN					S		Nom	N
13026005	2	der	DET	ART					S		Nom	M
13026005	3	sechster	ADJ	ADJA	Pos				S		Nom	F
13026005	4	Issaschar	PROPN	NE					S		Nom	
13026005	5	der	DET	ART					S		Nom	M
13026005	6	siebte	ADJ	ADJA	Pos				S		Nom	F
13026005	7	Peullethai	PROPN	NN					S		Nom	
13026005	8	der	DET	ART					S		Nom	M
13026005	9	achten	VERB	VVFIN		Fin	Pres	3	S	Sub		
13026005	10	denn	CCONJ	KON								
13026005	11	Gott	NOUN	NN					S		Nom	M
13026005	12	haben	AUX	VAFIN		Fin	Past	3	S	Ind		
13026005	13	ihn	PRON	PPER				3	S		Acc	M
13026005	14	segnen	VERB	VVPP		Part						
13026006	1	und	CCONJ	KON								
13026006	2	Schemaja	PROPN	NE					S		Nom	M
13026006	3	sein	DET	PPOSAT					S		Dat	M
13026006	4	Sohn	NOUN	NN					S		Acc	M
13026006	5	werden	AUX	VAFIN		Fin	Past	3	P	Ind		
13026006	6	Sohn	NOUN	NN					P		Nom	M
13026006	7	gebären	VERB	VVPP		Part						
13026006	8	welcher	DET	PWAT					S		Nom	F
13026006	9	in	ADP	APPR								
13026006	10	der	DET	ART					S		Dat	M
13026006	11	Haus	NOUN	NN					P		Nom	N
13026006	12	ihr	DET	PPOSAT					S		Gen	M
13026006	13	Vater	NOUN	NN					S		Gen	M
13026006	14	herrschn	VERB	VVFIN		Fin	Past	3	P	Ind		
13026006	15	denn	CCONJ	KON								
13026006	16	sie	PRON	PPER				3	P		Nom	
13026006	17	sein	AUX	VAFIN		Fin	Past	3	P	Ind		
13026006	18	tapferen	VERB	VVFIN		Fin	Pres	3	S	Sub		
13026006	19	Mann	NOUN	NN					P		Nom	M
13026007	1	der	DET	ART					S		Nom	F
13026007	2	Sohn	NOUN	NN					P		Nom	M
13026007	3	Schemajas	PROPN	NE					S		Nom	
13026007	4	Othni	NOUN	NN					S		Nom	N
13026007	5	und	CCONJ	KON								
13026007	6	Rephael	PROPN	NE					S		Nom	N
13026007	7	und	CCONJ	KON								
13026007	8	Obed	PROPN	NE					S		Nom	
13026007	9	Elsabad	NOUN	NN					S		Nom	N
13026007	10	und	CCONJ	KON								
13026007	11	sein	DET	PPOSAT					S		Nom	F
13026007	12	Bruder	NOUN	NN					P		Nom	M
13026007	13	wack	VERB	ADJA		Fin	Past	3	S	Ind		
13026007	14	Mann	NOUN	NN					P		Nom	M
13026007	15	Elihu	PROPN	NE					S		Nom	F
13026007	16	und	CCONJ	KON								
13026007	17	Semakja	NOUN	NN					S		Nom	F
13026008	1	alle	PRON	PIS					P		Nom	
13026008	2	dieser	DET	PDAT					S		Nom	F
13026008	3	von	ADP	APPR								
13026008	4	der	DET	ART					S		Acc	M
13026008	5	Söhn	NOUN	NN					P		Dat	M
13026008	6	Obed-Edom	PROPN	NE					S		Nom	M
13026008	7	sie	PRON	PPER				3	P		Nom	
13026008	8	und	CCONJ	KON								
13026008	9	ihr	DET	PPOSAT					S		Nom	F
13026008	10	Sohn	NOUN	NN					P		Nom	M
13026008	11	und	CCONJ	KON								
13026008	12	ihr	DET	PPOSAT					S		Nom	F
13026008	13	Bruder	NOUN	NN					P		Nom	M
13026008	14	sein	AUX	VAFIN		Fin	Past	3	P	Ind		
13026008	15	wack	VERB	ADJA		Fin	Past	3	S	Ind		
13026008	16	Mann	NOUN	NN					P		Nom	M
13026008	17	fähig	ADV	ADJD	Pos							
13026008	18	zu	ADP	APPRART					S		Dat	N
13026008	19	Dienst	NOUN	NN					P		Nom	M
13026008	20	62	NUM	CARD								
13026008	21	von	ADP	APPR								
13026008	22	Obed-Edom	NOUN	NN					S		Nom	M
13026009	1	und	CCONJ	KON								
13026009	2	Meschelemja	NOUN	NN					S		Nom	M
13026009	3	haben	AUX	VAFIN		Fin	Past	3	S	Ind		
13026009	4	Sohn	NOUN	NN					P		Nom	M
13026009	5	und	CCONJ	KON								
13026009	6	Bruder	NOUN	NN					P		Nom	M
13026009	7	wack	VERB	ADJA		Fin	Past	3	S	Ind		
13026009	8	Mann	NOUN	NN					P		Nom	M
13026009	9	achtzehn	NUM	CARD								
13026010	1	und	CCONJ	KON								
13026010	2	Hosa	PROPN	NE					S		Nom	
13026010	3	von	ADP	APPR								
13026010	4	der	DET	ART					S		Acc	M
13026010	5	Söhn	NOUN	NN					P		Dat	M
13026010	6	Merari	PROPN	NE					S		Gen	
13026010	7	haben	AUX	VAFIN		Fin	Past	3	S	Ind		
13026010	8	Sohn	NOUN	NN					P		Nom	M
13026010	9	Schimri	PROPN	NE					S		Nom	N
13026010	10	der	DET	ART					S		Nom	N
13026010	11	Haupt	NOUN	NN					S		Nom	N
13026010	12	obwohl	SCONJ	KOUS								
13026010	13	er	PRON	PPER				3	S		Nom	M
13026010	14	nicht	PART	PTKNEG								
13026010	15	der	DET	ART					S		Nom	M
13026010	16	Erstgeborene	NOUN	NN					S		Nom	F
13026010	17	sein	AUX	VAFIN		Fin	Past	3	S	Ind		
13026010	18	setzen	VERB	VVFIN		Fin	Past	3	S	Ind		
13026010	19	sein	AUX	VAINF		Inf						
13026010	20	Vater	NOUN	NN					S		Nom	M
13026010	21	ihn	PRON	PPER				3	S		Acc	M
13026010	22	doch	CCONJ	KON								
13026010	23	zu	ADP	APPRART					S		Dat	N
13026010	24	Haupt	NOUN	NN					P		Nom	N
13026011	1	Hilkija	PROPN	NE					S		Nom	
13026011	2	der	DET	ART					S		Nom	M
13026011	3	zweiter	ADJ	ADJA	Pos				S		Nom	F
13026011	4	Tebalja	NOUN	NN					S		Nom	N
13026011	5	der	DET	ART					S		Nom	M
13026011	6	dritter	ADJ	ADJA	Pos				S		Nom	F
13026011	7	Sekarja	PROPN	NN					S		Nom	
13026011	8	der	DET	ART					S		Nom	M
13026011	9	vierter	ADJ	ADJA	Pos				S		Nom	F
13026011	10	aller	PRON	PIS					S		Nom	M
13026011	11	Sohn	NOUN	NN					P		Nom	M
13026011	12	und	CCONJ	KON								
13026011	13	Bruder	NOUN	NN					P		Nom	M
13026011	14	Hosa	NOUN	NN					S		Nom	M
13026011	15	sein	AUX	VAFIN		Fin	Past	3	P	Ind		
13026011	16	dreizehn	NUM	CARD								
13026012	1	dieser	DET	PDAT					S		Nom	F
13026012	2	Abteilung	NOUN	NN					P		Nom	F
13026012	3	der	DET	ART					S		Nom	M
13026012	4	Torhüter	NOUN	NN					S		Nom	M
13026012	5	nach	ADP	APPR								
13026012	6	der	DET	ART					S		Acc	M
13026012	7	Häupter	NOUN	NN					P		Dat	M
13026012	8	der	DET	ART					S		Nom	M
13026012	9	Mann	NOUN	NN					P		Nom	M
13026012	10	haben	AUX	VAFIN		Fin	Past	3	P	Ind		
13026012	11	der	DET	ART					S		Nom	F
13026012	12	wachen	NOUN	NN					P		Nom	F
13026012	13	gleich	ADV	ADV	Pos							
13026012	14	ihr	DET	PPOSAT					S		Acc	M
13026012	15	Brüdern	NOUN	NN					P		Dat	M
13026012	16	um	ADP	APPR								
13026012	17	in	ADP	APPR								
13026012	18	der	DET	ART					S		Dat	M
13026012	19	Haus	NOUN	NN					P		Nom	N
13026012	20	Jahwe	PROPN	NE					S		Gen	
13026012	21	zu	ADP	PTKVZ								
13026012	22	dienen	VERB	VVINF		Inf						
13026013	1	und	CCONJ	KON								
13026013	2	sie	PRON	PPER				3	P		Nom	
13026013	3	werfen	VERB	VVFIN		Fin	Past	3	P	Ind		
13026013	4	Lose	NOUN	NN					P		Nom	M
13026013	5	der	DET	ART					S		Nom	M
13026013	6	Kleine	PROPN	NE					S		Nom	
13026013	7	wie	ADP	KOKOM								
13026013	8	der	DET	ART					S		Nom	M
13026013	9	groß	PROPN	NE					S		Nom	
13026013	10	nach	ADP	APPR								
13026013	11	ihr	DET	PPOSAT					S		Acc	M
13026013	12	Vaterhäuser	NOUN	NN					P		Dat	M
13026013	13	für	ADP	APPR								
13026013	14	jeder	DET	PIAT					S		Nom	N
13026013	15	Tor	NOUN	NN					S		Nom	N
13026014	1	und	CCONJ	KON								
13026014	2	für	ADP	APPR								
13026014	3	Schelemja	NOUN	NN					S		Nom	M
13026014	4	fallen	VERB	VVFIN		Fin	Past	3	S	Ind		
13026014	5	der	DET	ART					S		Nom	N
13026014	6	Los	NOUN	NE					S		Nom	N
13026014	7	gegen	ADP	APPR								
13026014	8	Osten	NOUN	NN					S		Nom	M
13026014	9	und	CCONJ	KON								
13026014	10	sie	PRON	PPER				3	P		Nom	
13026014	11	werfen	VERB	VVFIN		Fin	Past	3	P	Ind		
13026014	12	Lose	NOUN	NN					P		Nom	M
13026014	13	für	ADP	APPR								
13026014	14	sein	DET	PPOSAT					S		Acc	M
13026014	15	Sohn	NOUN	NN					S		Nom	M
13026014	16	Sekarja	PROPN	NN					S		Nom	
13026014	17	der	DET	ART					S		Nom	M
13026014	18	ein	DET	ART					S		Nom	N
13026014	19	verständig	ADV	ADJD	Cmp							
13026014	20	Ratgeber	NOUN	NN					S		Nom	M
13026014	21	sein	AUX	VAFIN		Fin	Past	3	S	Ind		
13026014	22	und	CCONJ	KON								
13026014	23	sein	AUX	VAINF		Inf						
13026014	24	Los	NOUN	NE					S		Nom	N
13026014	25	kommen	VERB	VVFIN		Fin	Past	3	S	Ind		
13026014	26	heraus	ADV	PTKVZ								
13026014	27	gegen	ADP	APPR								
13026014	28	Norden	NOUN	NN					S		Nom	M
13026015	1	für	ADP	APPR								
13026015	2	Obed-Edom	NOUN	NN					S		Nom	M
13026015	3	gegen	ADP	APPR								
13026015	4	Süden	NOUN	NN					S		Nom	M
13026015	5	und	CCONJ	KON								
13026015	6	sein	DET	PPOSAT					S		Acc	M
13026015	7	Söhn	NOUN	NN					P		Dat	M
13026015	8	fallen	VERB	VVFIN		Fin	Past	3	S	Ind		
13026015	9	der	DET	ART					S		Nom	N
13026015	10	Vorratshau	PROPN	NE					S		Nom	
13026015	11	zu	ADP	PTKVZ								
13026016	1	für	ADP	APPR								
13026016	2	Schuppim	NOUN	NN					S		Nom	M
13026016	3	und	CCONJ	KON								
13026016	4	für	ADP	APPR								
13026016	5	Hosa	PROPN	NE					S		Nom	
13026016	6	gegen	ADP	APPR								
13026016	7	Westen	NOUN	NN					S		Nom	M
13026016	8	bei	ADP	APPR								
13026016	9	der	DET	ART					S		Dat	M
13026016	10	Tor	NOUN	NN					P		Nom	N
13026016	11	Schalleketh	PROPN	NE					S		Nom	
13026016	12	an	ADP	PTKVZ								
13026016	13	der	DET	ART					S		Nom	M
13026016	14	aufsteigend	ADJ	ADJA	Pos				S		Acc	M
13026016	15	Straße	NOUN	NN					S		Nom	F
13026016	16	Wache	NOUN	NN					S		Nom	F
13026016	17	gegen	ADP	APPR								
13026016	18	Wache	NOUN	NN					S		Nom	F
13026017	1	gegen	ADP	APPR								
13026017	2	Osten	NOUN	NN					S		Nom	M
13026017	3	sein	AUX	VAFIN		Fin	Past	3	P	Ind		
13026017	4	sechs	NUM	CARD								
13026017	5	Levit	NOUN	NN					P		Nom	M
13026017	6	gegen	ADP	APPR								
13026017	7	Norden	NOUN	NN					S		Nom	M
13026017	8	täglich	ADV	ADJD	Pos							
13026017	9	vier	NUM	CARD								
13026017	10	gegen	ADP	APPR								
13026017	11	Süden	NOUN	NN					S		Nom	M
13026017	12	täglich	ADV	ADJD	Pos							
13026017	13	vier	NUM	CARD								
13026017	14	und	CCONJ	KON								
13026017	15	an	ADP	PTKVZ								
13026017	16	der	DET	ART					S		Dat	M
13026017	17	Vorratshause	NOUN	NN					S		Nom	F
13026017	18	je	ADV	ADV								
13026017	19	zwei	NUM	CARD								
13026018	1	an	ADP	PTKVZ								
13026018	2	der	DET	ART					S		Dat	M
13026018	3	Parbar	ADV	ADJD	Pos							
13026018	4	gegen	ADP	APPR								
13026018	5	Westen	NOUN	NN					S		Nom	M
13026018	6	vier	NUM	CARD								
13026018	7	an	ADP	PTKVZ								
13026018	8	der	DET	ART					S		Nom	M
13026018	9	Straße	NOUN	NN					S		Nom	F
13026018	10	zwei	NUM	CARD								
13026018	11	an	ADP	PTKVZ								
13026018	12	der	DET	ART					S		Dat	M
13026018	13	Parbar	ADV	ADJD	Pos							
13026019	1	der	DET	ART					S		Nom	N
13026019	2	sein	AUX	VAFIN		Fin	Pres	3	P	Ind		
13026019	3	der	DET	ART					S		Nom	F
13026019	4	Abteilung	NOUN	NN					P		Nom	F
13026019	5	der	DET	ART					S		Nom	M
13026019	6	Torhüter	NOUN	NN					S		Nom	M
13026019	7	von	ADP	APPR								
13026019	8	der	DET	ART					S		Acc	M
13026019	9	Söhn	NOUN	NN					P		Dat	M
13026019	10	der	DET	ART					S		Nom	M
13026019	11	Korhiter	NOUN	NN					S		Nom	M
13026019	12	und	CCONJ	KON								
13026019	13	von	ADP	APPR								
13026019	14	der	DET	ART					S		Acc	M
13026019	15	Söhn	NOUN	NN					P		Dat	M
13026019	16	Merari	PROPN	NE					S		Gen	
13026020	1	und	CCONJ	KON								
13026020	2	der	DET	ART					S		Nom	F
13026020	3	Levit	NOUN	NN					P		Nom	M
13026020	4	Achija	NOUN	NN					S		Nom	F
13026020	5	sein	AUX	VAFIN		Fin	Past	3	S	Ind		
13026020	6	über	ADP	APPR								
13026020	7	der	DET	ART					S		Nom	F
13026020	8	Schatz	NOUN	NN					P		Nom	M
13026020	9	der	DET	ART					S		Gen	M
13026020	10	Haus	NOUN	NN					S		Gen	N
13026020	11	Gott	NOUN	NN					S		Gen	M
13026020	12	und	CCONJ	KON								
13026020	13	über	ADP	APPR								
13026020	14	der	DET	ART					S		Nom	F
13026020	15	Schatz	NOUN	NN					P		Nom	M
13026020	16	der	DET	ART					S		Nom	M
13026020	17	geheiligt	ADJ	ADJA	Pos				S		Acc	M
13026020	18	Ding	NOUN	NN					P		Nom	N
13026021	1	der	DET	ART					S		Nom	F
13026021	2	Sohn	NOUN	NN					P		Nom	M
13026021	3	Ladan	PROPN	NE					S		Gen	
13026021	4	der	DET	ART					S		Nom	F
13026021	5	Sohn	NOUN	NN					P		Nom	M
13026021	6	der	DET	ART					S		Nom	M
13026021	7	Gersoniter	NOUN	NN					S		Nom	F
13026021	8	von	ADP	APPR								
13026021	9	Ladan	PROPN	NE					S		Nom	
13026021	10	der	DET	ART					S		Nom	F
13026021	11	Häupter	NOUN	NN					P		Nom	N
13026021	12	der	DET	ART					S		Nom	M
13026021	13	Vater	NOUN	NN					P		Nom	M
13026021	14	von	ADP	APPR								
13026021	15	Ladan	PROPN	NE					S		Nom	
13026021	16	der	DET	ART					S		Dat	M
13026021	17	Gersoniter	NOUN	NN					S		Nom	F
13026021	18	der	DET	ART					S		Nom	F
13026021	19	Jechieliter	PROPN	NE					S		Nom	M
13026022	1	der	DET	ART					S		Nom	F
13026022	2	Sohn	NOUN	NN					P		Nom	M
13026022	3	der	DET	ART					S		Nom	M
13026022	4	Jechieliter	PROPN	NE					S		Nom	M
13026022	5	Setham	PROPN	NE					S		Nom	N
13026022	6	und	CCONJ	KON								
13026022	7	sein	AUX	VAINF		Inf						
13026022	8	Bruder	NOUN	NN					S		Nom	M
13026022	9	Joel	PROPN	NE					S		Nom	M
13026022	10	sein	AUX	VAFIN		Fin	Past	3	P	Ind		
13026022	11	über	ADP	APPR								
13026022	12	der	DET	ART					S		Nom	F
13026022	13	Schatz	NOUN	NN					P		Nom	M
13026022	14	der	DET	ART					S		Gen	M
13026022	15	Haus	NOUN	NN					S		Gen	N
13026022	16	Jahwe	PROPN	NE					S		Gen	
13026023	1	was	PRON	PWS					S		Nom	N
13026023	2	der	DET	ART					S		Nom	F
13026023	3	Amramiter	NOUN	NN					S		Nom	M
13026023	4	der	DET	ART					S		Nom	F
13026023	5	Jizhariter	PROPN	NE					S		Nom	M
13026023	6	der	DET	ART					S		Nom	F
13026023	7	hebroniter	NOUN	NN					S		Nom	M
13026023	8	der	DET	ART					S		Nom	F
13026023	9	Ussieliter	NOUN	NN					S		Nom	M
13026023	10	betreffen	VERB	VVFIN		Fin	Pres	3	S	Ind		
13026024	1	so	ADV	ADV								
13026024	2	sein	AUX	VAFIN		Fin	Past	3	S	Ind		
13026024	3	Schebuel	NOUN	NN					S		Nom	M
13026024	4	der	DET	ART					S		Nom	M
13026024	5	Sohn	NOUN	NN					S		Nom	M
13026024	6	Gersom	PROPN	NE					S		Nom	
13026024	7	der	DET	ART					S		Gen	M
13026024	8	Sohn	PROPN	NE					S		Gen	M
13026024	9	Moses	PROPN	NE					S		Nom	M
13026024	10	Oberaufseher	NOUN	NN					S		Nom	M
13026024	11	über	ADP	APPR								
13026024	12	der	DET	ART					S		Nom	F
13026024	13	Schatz	NOUN	NN					P		Nom	M
13026025	1	und	CCONJ	KON								
13026025	2	sein	DET	PPOSAT					S		Nom	F
13026025	3	Bruder	NOUN	NN					P		Nom	M
13026025	4	von	ADP	APPR								
13026025	5	Elieser	PROPN	NE					S		Nom	
13026025	6	der	PRON	PDS					S		Gen	
13026025	7	Sohn	NOUN	NN					S		Nom	M
13026025	8	Rechabja	NOUN	NN					P		Nom	F
13026025	9	und	CCONJ	KON								
13026025	10	der	PRON	PDS					S		Gen	
13026025	11	Sohn	NOUN	NN					S		Nom	M
13026025	12	Jesaja	PROPN	NE					S		Nom	M
13026025	13	und	CCONJ	KON								
13026025	14	der	PRON	PDS					S		Gen	
13026025	15	Sohn	NOUN	NN					S		Nom	M
13026025	16	Joram	PROPN	NE					S		Nom	M
13026025	17	und	CCONJ	KON								
13026025	18	der	PRON	PDS					S		Gen	
13026025	19	Sohn	NOUN	NN					S		Nom	M
13026025	20	Sikri	PROPN	NE					S		Nom	N
13026025	21	und	CCONJ	KON								
13026025	22	der	PRON	PDS					S		Gen	
13026025	23	Sohn	NOUN	NN					S		Nom	M
13026025	24	Schelomith	PROPN	NE					S		Nom	N
13026026	1	dieser	PRON	PDS					S		Nom	M
13026026	2	Schelomith	PROPN	NE					S		Nom	N
13026026	3	und	CCONJ	KON								
13026026	4	sein	DET	PPOSAT					S		Nom	F
13026026	5	Bruder	NOUN	NN					P		Nom	M
13026026	6	sein	AUX	VAFIN		Fin	Past	3	P	Ind		
13026026	7	über	ADP	APPR								
13026026	8	aller	PRON	PIS					P		Nom	
13026026	9	Schatz	NOUN	NN					P		Nom	M
13026026	10	der	DET	ART					S		Nom	M
13026026	11	geheiligt	ADJ	ADJA	Pos				S		Acc	M
13026026	12	Ding	NOUN	NN					P		Nom	N
13026026	13	welcher	DET	PWAT					S		Nom	F
13026026	14	der	DET	ART					S		Nom	M
13026026	15	König	NOUN	NN					S		Nom	M
13026026	16	David	PROPN	NE					S		Nom	M
13026026	17	und	CCONJ	KON								
13026026	18	der	DET	ART					S		Nom	F
13026026	19	Häupter	NOUN	NN					P		Nom	N
13026026	20	der	DET	ART					S		Nom	M
13026026	21	Vater	NOUN	NN					P		Nom	M
13026026	22	der	DET	ART					S		Nom	F
13026026	23	oberer	ADJ	ADJA	Sup				S		Dat	F
13026026	24	über	ADP	APPR								
13026026	25	tausend	NUM	CARD								
13026026	26	und	CCONJ	KON								
13026026	27	über	ADP	APPR								
13026026	28	hundert	NUM	CARD								
13026026	29	und	CCONJ	KON								
13026026	30	der	DET	ART					S		Nom	F
13026026	31	oberer	ADJ	ADJA	Sup				S		Dat	F
13026026	32	der	DET	ART					S		Gen	M
13026026	33	Heer	NOUN	NN					S		Nom	N
13026026	34	heiligen	VERB	VVPP		Part						
13026026	35	haben	AUX	VAFIN		Fin	Past	3	P	Ind		
13026027	1	von	ADP	APPR								
13026027	2	der	DET	ART					S		Acc	M
13026027	3	Krieg	NOUN	NN					P		Dat	M
13026027	4	und	CCONJ	KON								
13026027	5	von	ADP	APPR								
13026027	6	der	DET	ART					S		Nom	M
13026027	7	Beute	NOUN	NN					S		Nom	F
13026027	8	haben	AUX	VAFIN		Fin	Past	3	P	Ind		
13026027	9	sie	PRON	PPER				3	P		Nom	
13026027	10	sie	PRON	PPER				3	P		Nom	
13026027	11	heiligen	VERB	VVPP		Part						
13026027	12	zu	ADP	APPRART					S		Dat	F
13026027	13	Unterhaltung	NOUN	NN					S		Nom	F
13026027	14	der	DET	ART					S		Gen	M
13026027	15	Haus	NOUN	NN					S		Gen	N
13026027	16	Jahwe	PROPN	NE					S		Gen	
13026028	1	und	CCONJ	KON								
13026028	2	über	ADP	APPR								
13026028	3	alle	PRON	PIS					S		Nom	N
13026028	4	was	PRON	PWS					S		Nom	N
13026028	5	Samuel	PROPN	NE					S		Nom	M
13026028	6	der	DET	ART					S		Nom	M
13026028	7	Seher	NOUN	NN					S		Nom	M
13026028	8	und	CCONJ	KON								
13026028	9	Saul	PROPN	NE					S		Nom	M
13026028	10	der	DET	ART					S		Nom	M
13026028	11	Sohn	NOUN	NN					S		Nom	M
13026028	12	Kis	PROPN	NE					S		Nom	
13026028	13	und	CCONJ	KON								
13026028	14	Abner	PROPN	NE					S		Nom	
13026028	15	der	DET	ART					S		Nom	M
13026028	16	Sohn	NOUN	NN					S		Nom	M
13026028	17	Ner	PROPN	NE					S		Nom	
13026028	18	und	CCONJ	KON								
13026028	19	Joab	PROPN	NE					S		Nom	M
13026028	20	der	DET	ART					S		Nom	M
13026028	21	Sohn	NOUN	NN					S		Nom	M
13026028	22	der	DET	ART					S		Nom	M
13026028	23	Zeruja	PROPN	NE					S		Nom	N
13026028	24	heiligen	VERB	VVPP		Part						
13026028	25	haben	AUX	VAFIN		Fin	Past	3	P	Ind		
13026028	26	alle	PRON	PIS					S		Nom	N
13026028	27	Geheiligte	NOUN	NN					S		Nom	F
13026028	28	stehen	VERB	VVFIN		Fin	Past	3	S	Ind		
13026028	29	unter	ADP	APPR								
13026028	30	der	DET	ART					S		Nom	M
13026028	31	Aufsicht	NOUN	NN					S		Nom	F
13026028	32	Schelomith	PROPN	NE					S		Gen	
13026028	33	und	CCONJ	KON								
13026028	34	sein	DET	PPOSAT					S		Dat	F
13026028	35	Bruder	NOUN	NN					P		Nom	M
13026029	1	von	ADP	APPR								
13026029	2	der	DET	ART					S		Acc	M
13026029	3	Jizhariter	NOUN	NN					S		Nom	M
13026029	4	sein	AUX	VAFIN		Fin	Past	3	P	Ind		
13026029	5	Kenanja	PROPN	NE					S		Nom	
13026029	6	und	CCONJ	KON								
13026029	7	sein	DET	PPOSAT					S		Nom	F
13026029	8	Sohn	NOUN	NN					P		Nom	M
13026029	9	für	ADP	APPR								
13026029	10	der	DET	ART					S		Nom	F
13026029	11	äußerer	INTJ	ADJA								
13026029	12	Geschäft	NOUN	NN					P		Nom	N
13026029	13	über	ADP	APPR								
13026029	14	Israel	PROPN	NE					S		Nom	N
13026029	15	als	ADP	KOKOM								
13026029	16	Vorsteher	NOUN	NN					S		Nom	M
13026029	17	und	CCONJ	KON								
13026029	18	Richter	NOUN	NN					S		Nom	M
13026030	1	von	ADP	APPR								
13026030	2	der	DET	ART					S		Acc	M
13026030	3	Hebroniter	NOUN	NN					P		Nom	M
13026030	4	sein	AUX	VAFIN		Fin	Past	3	P	Ind		
13026030	5	Haschabja	NOUN	NN					P		Nom	M
13026030	6	und	CCONJ	KON								
13026030	7	sein	DET	PPOSAT					S		Nom	F
13026030	8	Bruder	NOUN	NN					P		Nom	M
13026030	9	wack	VERB	ADJA		Fin	Past	3	S	Ind		
13026030	10	Mann	NOUN	NN					P		Nom	M
13026030	11	1700	NUM	CARD								
13026030	12	zu	ADP	APPRART					S		Dat	F
13026030	13	Aufsicht	NOUN	NN					S		Nom	F
13026030	14	über	ADP	APPR								
13026030	15	Israel	PROPN	NE					S		Nom	N
13026030	16	Diesseit	NOUN	NN					S		Nom	F
13026030	17	der	DET	ART					S		Gen	M
13026030	18	Jordan	PROPN	NE					S		Nom	
13026030	19	gegen	ADP	APPR								
13026030	20	Abend	NOUN	NN					S		Nom	M
13026030	21	für	ADP	APPR								
13026030	22	aller	PRON	PIS					P		Nom	
13026030	23	Angelegenheit	NOUN	NN					P		Nom	F
13026030	24	Jahwe	PROPN	NE					S		Gen	
13026030	25	und	CCONJ	KON								
13026030	26	für	ADP	APPR								
13026030	27	der	DET	ART					S		Acc	M
13026030	28	Dienst	NOUN	NN					S		Nom	M
13026030	29	der	DET	ART					S		Gen	M
13026030	30	König	PROPN	NE					S		Nom	
13026031	1	von	ADP	APPR								
13026031	2	der	DET	ART					S		Acc	M
13026031	3	Hebroniter	NOUN	NN					P		Nom	M
13026031	4	sein	AUX	VAFIN		Fin	Past	3	S	Ind		
13026031	5	Jerija	PROPN	NE					S		Nom	
13026031	6	der	DET	ART					S		Nom	N
13026031	7	Haupt	NOUN	NN					S		Nom	N
13026031	8	von	ADP	APPR								
13026031	9	der	DET	ART					S		Acc	M
13026031	10	Hebroniter	NOUN	NN					P		Nom	M
13026031	11	nach	ADP	APPR								
13026031	12	ihr	DET	PPOSAT					S		Acc	M
13026031	13	Geschlechter	NOUN	NN					P		Dat	M
13026031	14	nach	ADP	APPR								
13026031	15	der	DET	ART					S		Acc	M
13026031	16	Vätern	NOUN	NN					P		Dat	M
13026031	17	in	ADP	APPRART					S		Dat	N
13026031	18	vierzigste	PRON	PIS					P		Dat	N
13026031	19	Jahr	NOUN	NN					P		Nom	N
13026031	20	der	DET	ART					S		Nom	M
13026031	21	Regierung	NOUN	NN					S		Nom	F
13026031	22	David	PROPN	NE					S		Gen	M
13026031	23	forschen	VERB	VVFIN		Fin	Past	3	S	Ind		
13026031	24	man	PRON	PIS					S		Nom	
13026031	25	nach	ADP	APPR								
13026031	26	ihnen	PRON	PPER				3	P		Dat	
13026031	27	und	CCONJ	KON								
13026031	28	es	PRON	PPER				3	S		Nom	N
13026031	29	finden	VERB	VVFIN		Fin	Past	3	P	Ind		
13026031	30	sich	PRON	PRF				3	S		Acc	
13026031	31	unter	ADP	APPR								
13026031	32	ihnen	PRON	PPER				3	P		Dat	
13026031	33	tüchtig	ADJ	ADJA	Pos				S		Nom	N
13026031	34	Mann	NOUN	NN					P		Nom	M
13026031	35	zu	ADP	PTKVZ								
13026031	36	Jaser-Gilead	PROPN	NE					S		Nom	
13026032	1	und	CCONJ	KON								
13026032	2	sein	DET	PPOSAT					S		Nom	F
13026032	3	Bruder	NOUN	NN					P		Nom	M
13026032	4	wack	VERB	ADJA		Fin	Past	3	S	Ind		
13026032	5	Mann	NOUN	NN					P		Nom	M
13026032	6	sein	AUX	VAFIN		Fin	Past	3	P	Ind		
13026032	7	2700	NUM	CARD								
13026032	8	Häupter	NOUN	NN					P		Nom	N
13026032	9	der	DET	ART					S		Nom	M
13026032	10	Vater	NOUN	NN					P		Nom	M
13026032	11	und	CCONJ	KON								
13026032	12	der	DET	ART					S		Nom	M
13026032	13	König	NOUN	NN					S		Nom	M
13026032	14	David	PROPN	NE					S		Nom	M
13026032	15	bestellen	VERB	VVFIN		Fin	Past	3	S	Ind		
13026032	16	sie	PRON	PPER				3	P		Nom	
13026032	17	über	ADP	APPR								
13026032	18	der	DET	ART					S		Nom	F
13026032	19	Rubeniter	PROPN	NE					S		Nom	M
13026032	20	und	CCONJ	KON								
13026032	21	der	DET	ART					S		Nom	F
13026032	22	Gaditer	NOUN	NN					S		Nom	N
13026032	23	und	CCONJ	KON								
13026032	24	der	DET	ART					S		Acc	M
13026032	25	halb	NUM	ADJA								
13026032	26	Stamm	NOUN	NN					S		Nom	M
13026032	27	Manasse	PROPN	NE					S		Nom	
13026032	28	für	ADP	APPR								
13026032	29	aller	PRON	PIS					P		Nom	
13026032	30	Angelegenheit	NOUN	NN					P		Nom	F
13026032	31	Gott	NOUN	NN					S		Gen	M
13026032	32	und	CCONJ	KON								
13026032	33	für	ADP	APPR								
13026032	34	der	DET	ART					S		Nom	F
13026032	35	Angelegenheit	NOUN	NN					P		Nom	F
13026032	36	der	DET	ART					S		Gen	M
13026032	37	König	PROPN	NE					S		Nom	
13027001	1	und	CCONJ	KON								
13027001	2	der	DET	ART					S		Nom	F
13027001	3	Kind	NOUN	NN					P		Nom	N
13027001	4	Israel	PROPN	NE					S		Nom	N
13027001	5	nach	ADP	APPR								
13027001	6	ihr	DET	PPOSAT					S		Dat	F
13027001	7	Zahl	NOUN	NN					S		Nom	F
13027001	8	der	DET	ART					S		Nom	F
13027001	9	Häupter	NOUN	NN					P		Nom	N
13027001	10	der	DET	ART					S		Nom	M
13027001	11	Vater	NOUN	NN					P		Nom	M
13027001	12	und	CCONJ	KON								
13027001	13	der	DET	ART					S		Nom	F
13027001	14	oberer	ADJ	ADJA	Sup				S		Dat	F
13027001	15	über	ADP	APPR								
13027001	16	tausend	NUM	CARD								
13027001	17	und	CCONJ	KON								
13027001	18	über	ADP	APPR								
13027001	19	hundert	NUM	CARD								
13027001	20	und	CCONJ	KON								
13027001	21	ihr	DET	PPOSAT					S		Nom	F
13027001	22	Vorsteher	NOUN	NN					S		Nom	M
13027001	23	der	DET	ART					S		Nom	F
13027001	24	der	DET	ART					S		Dat	M
13027001	25	König	NOUN	NN					S		Nom	M
13027001	26	dienen	VERB	VVFIN		Fin	Past	3	P	Ind		
13027001	27	in	ADP	APPR								
13027001	28	aller	DET	PIS					P		Dat	
13027001	29	Angelegenheit	NOUN	NN					P		Nom	F
13027001	30	der	DET	ART					S		Nom	M
13027001	31	Abteilung	NOUN	NN					P		Nom	F
13027001	32	der	DET	ART					S		Nom	M
13027001	33	antretend	VERB	VVINF		Inf						
13027001	34	und	CCONJ	KON								
13027001	35	der	DET	ART					S		Nom	M
13027001	36	abtretend	ADJ	ADJA	Pos				S		Dat	M
13027001	37	Monat	NOUN	NN					S		Nom	M
13027001	38	für	ADP	APPR								
13027001	39	Monat	NOUN	NN					S		Nom	M
13027001	40	für	ADP	APPR								
13027001	41	aller	PRON	PIS					P		Nom	
13027001	42	Monat	NOUN	NN					P		Nom	M
13027001	43	der	DET	ART					S		Gen	M
13027001	44	Jahr	NOUN	NN					S		Gen	N
13027001	45	ein	DET	ART					S		Nom	F
13027001	46	jeder	DET	PIAT					S		Nom	F
13027001	47	Abteilung	NOUN	NN					S		Nom	F
13027001	48	zählen	VERB	VVFIN		Fin	Past	3	S	Ind		
13027001	49	24000	NUM	CARD								
13027001	50	Mann	NOUN	NN					S		Nom	M
13027002	1	über	ADP	APPR								
13027002	2	der	DET	ART					S		Nom	F
13027002	3	erster	ADJ	ADJA	Pos				S		Nom	F
13027002	4	Abteilung	NOUN	NN					S		Nom	F
13027002	5	für	ADP	APPR								
13027002	6	der	DET	ART					S		Acc	M
13027002	7	erster	ADJ	ADJA	Pos				S		Dat	M
13027002	8	Monat	NOUN	NN					S		Nom	M
13027002	9	sein	AUX	VAFIN		Fin	Past	3	S	Ind		
13027002	10	Jaschobam	PROPN	NE					S		Nom	
13027002	11	der	DET	ART					S		Nom	M
13027002	12	Sohn	NOUN	NN					S		Nom	M
13027002	13	Sabdiel	PROPN	NE					S		Gen	
13027002	14	und	CCONJ	KON								
13027002	15	in	ADP	APPR								
13027002	16	sein	DET	PPOSAT					S		Dat	F
13027002	17	Abteilung	NOUN	NN					S		Nom	F
13027002	18	sein	AUX	VAFIN		Fin	Past	3	P	Ind		
13027002	19	24000	NUM	CARD								
13027003	1	er	PRON	PPER				3	S		Nom	M
13027003	2	sein	AUX	VAFIN		Fin	Past	3	S	Ind		
13027003	3	von	ADP	APPR								
13027003	4	der	DET	ART					S		Acc	M
13027003	5	Söhn	NOUN	NN					P		Dat	M
13027003	6	der	DET	ART					S		Gen	M
13027003	7	Perez	PROPN	NE					S		Nom	
13027003	8	der	DET	ART					S		Nom	N
13027003	9	Haupt	NOUN	NN					S		Nom	N
13027003	10	aller	DET	PIAT					P		Gen	
13027003	11	Heeroberst	NOUN	NN					P		Nom	F
13027003	12	für	ADP	APPR								
13027003	13	der	DET	ART					S		Acc	M
13027003	14	erster	ADJ	ADJA	Pos				S		Dat	M
13027003	15	Monat	NOUN	NN					S		Nom	M
13027004	1	und	CCONJ	KON								
13027004	2	über	ADP	APPR								
13027004	3	der	DET	ART					S		Nom	F
13027004	4	Abteilung	NOUN	NN					S		Nom	F
13027004	5	der	DET	ART					S		Gen	M
13027004	6	zweiter	ADJ	ADJA	Pos				S		Dat	M
13027004	7	Monat	NOUN	NN					S		Nom	M
13027004	8	sein	AUX	VAFIN		Fin	Past	3	S	Ind		
13027004	9	Dodai	NOUN	NE					S		Nom	F
13027004	10	der	DET	ART					S		Nom	M
13027004	11	Achochiter	NOUN	NN					P		Nom	N
13027004	12	und	CCONJ	KON								
13027004	13	von	ADP	APPR								
13027004	14	sein	DET	PPOSAT					S		Dat	F
13027004	15	Abteilung	NOUN	NN					S		Nom	F
13027004	16	sein	AUX	VAFIN		Fin	Past	3	S	Ind		
13027004	17	Mikloth	PROPN	NE					S		Nom	M
13027004	18	Oberaufseher	NOUN	NN					S		Nom	M
13027004	19	und	CCONJ	KON								
13027004	20	in	ADP	APPR								
13027004	21	sein	DET	PPOSAT					S		Dat	F
13027004	22	Abteilung	NOUN	NN					S		Nom	F
13027004	23	sein	AUX	VAFIN		Fin	Past	3	P	Ind		
13027004	24	24000	NUM	CARD								
13027005	1	der	DET	ART					S		Nom	M
13027005	2	oberer	ADJ	ADJA	Sup				S		Nom	F
13027005	3	der	DET	ART					S		Gen	M
13027005	4	dritter	ADJ	ADJA	Pos				S		Acc	M
13027005	5	Heer	NOUN	NN					S		Nom	N
13027005	6	für	ADP	APPR								
13027005	7	der	DET	ART					S		Acc	M
13027005	8	dritter	ADJ	ADJA	Pos				S		Acc	M
13027005	9	Monat	NOUN	NN					S		Nom	M
13027005	10	sein	AUX	VAFIN		Fin	Past	3	S	Ind		
13027005	11	Benaja	PROPN	NE					S		Nom	
13027005	12	der	DET	ART					S		Nom	M
13027005	13	Sohn	NOUN	NN					S		Nom	M
13027005	14	Jojadas	PROPN	NE					S		Gen	
13027005	15	der	DET	ART					S		Gen	M
13027005	16	Krondiener	PROPN	NE					S		Gen	
13027005	17	als	ADP	KOKOM								
13027005	18	Haupt	NOUN	NN					S		Nom	N
13027005	19	und	CCONJ	KON								
13027005	20	in	ADP	APPR								
13027005	21	sein	DET	PPOSAT					S		Dat	F
13027005	22	Abteilung	NOUN	NN					S		Nom	F
13027005	23	sein	AUX	VAFIN		Fin	Past	3	P	Ind		
13027005	24	24000	NUM	CARD								
13027006	1	dieser	PRON	PDS					S		Nom	M
13027006	2	Benaja	PROPN	NE					S		Nom	
13027006	3	sein	AUX	VAFIN		Fin	Past	3	S	Ind		
13027006	4	ein	DET	ART					S		Nom	N
13027006	5	Held	NOUN	NN					S		Nom	M
13027006	6	unter	ADP	APPR								
13027006	7	der	DET	ART					S		Acc	M
13027006	8	dreißig	NUM	CARD								
13027006	9	und	CCONJ	KON								
13027006	10	über	ADP	APPR								
13027006	11	der	DET	ART					S		Nom	F
13027006	12	dreißig	NUM	CARD								
13027006	13	und	CCONJ	KON								
13027006	14	von	ADP	APPR								
13027006	15	sein	DET	PPOSAT					S		Dat	F
13027006	16	Abteilung	NOUN	NN					S		Nom	F
13027006	17	sein	AUX	VAFIN		Fin	Past	3	S	Ind		
13027006	18	Ammisabad	X	FM								
13027006	19	sein	AUX	VAINF		Inf						
13027006	20	Sohn	NOUN	NN					S		Nom	M
13027006	21	Oberaufseher	NOUN	NN					S		Nom	M
13027007	1	der	DET	ART					S		Nom	M
13027007	2	vierter	ADJ	ADJA	Pos				S		Nom	F
13027007	3	für	ADP	APPR								
13027007	4	der	DET	ART					S		Acc	M
13027007	5	vierter	ADJ	ADJA	Pos				S		Acc	M
13027007	6	Monat	NOUN	NN					S		Nom	M
13027007	7	sein	AUX	VAFIN		Fin	Past	3	S	Ind		
13027007	8	Asael	PROPN	NE					S		Nom	M
13027007	9	der	DET	ART					S		Nom	M
13027007	10	Bruder	NOUN	NN					S		Nom	M
13027007	11	Joabs	X	FM								
13027007	12	und	CCONJ	KON								
13027007	13	Sebadja	PROPN	NE					S		Nom	F
13027007	14	sein	AUX	VAINF		Inf						
13027007	15	Sohn	NOUN	NN					S		Nom	M
13027007	16	nach	ADP	APPR								
13027007	17	ihm	PRON	PPER				3	S		Dat	M
13027007	18	und	CCONJ	KON								
13027007	19	in	ADP	APPR								
13027007	20	sein	DET	PPOSAT					S		Dat	F
13027007	21	Abteilung	NOUN	NN					S		Nom	F
13027007	22	sein	AUX	VAFIN		Fin	Past	3	P	Ind		
13027007	23	24000	NUM	CARD								
13027008	1	der	DET	ART					S		Nom	M
13027008	2	fünfter	ADJ	ADJA	Pos				S		Nom	F
13027008	3	für	ADP	APPR								
13027008	4	der	DET	ART					S		Acc	M
13027008	5	fünfter	ADJ	ADJA	Pos				S		Acc	M
13027008	6	Monat	NOUN	NN					S		Nom	M
13027008	7	sein	AUX	VAFIN		Fin	Past	3	S	Ind		
13027008	8	der	DET	ART					S		Nom	M
13027008	9	oberer	ADJ	ADJA	Sup				S		Nom	F
13027008	10	Schamhuth	NOUN	NN					S		Nom	M
13027008	11	der	DET	ART					S		Nom	M
13027008	12	Jisrachiter	PROPN	NE					S		Nom	M
13027008	13	und	CCONJ	KON								
13027008	14	in	ADP	APPR								
13027008	15	sein	DET	PPOSAT					S		Dat	F
13027008	16	Abteilung	NOUN	NN					S		Nom	F
13027008	17	sein	AUX	VAFIN		Fin	Past	3	P	Ind		
13027008	18	24000	NUM	CARD								
13027009	1	der	DET	ART					S		Nom	M
13027009	2	sechster	ADJ	ADJA	Pos				S		Nom	F
13027009	3	für	ADP	APPR								
13027009	4	der	DET	ART					S		Acc	M
13027009	5	sechster	ADJ	ADJA	Pos				S		Acc	M
13027009	6	Monat	NOUN	NN					S		Nom	M
13027009	7	sein	AUX	VAFIN		Fin	Past	3	S	Ind		
13027009	8	Ira	PROPN	NE					S		Nom	
13027009	9	der	DET	ART					S		Nom	M
13027009	10	Sohn	NOUN	NN					S		Nom	M
13027009	11	Ikkesch	NOUN	NN					S		Nom	M
13027009	12	der	DET	ART					S		Nom	M
13027009	13	Tekoiter	PROPN	NE					S		Nom	
13027009	14	und	CCONJ	KON								
13027009	15	in	ADP	APPR								
13027009	16	sein	DET	PPOSAT					S		Dat	F
13027009	17	Abteilung	NOUN	NN					S		Nom	F
13027009	18	sein	AUX	VAFIN		Fin	Past	3	P	Ind		
13027009	19	24000	NUM	CARD								
13027010	1	der	DET	ART					S		Nom	M
13027010	2	siebte	ADJ	ADJA	Pos				S		Nom	F
13027010	3	für	ADP	APPR								
13027010	4	der	DET	ART					S		Acc	M
13027010	5	siebter	ADJ	ADJA	Pos				S		Acc	M
13027010	6	Monat	NOUN	NN					S		Nom	M
13027010	7	sein	AUX	VAFIN		Fin	Past	3	S	Ind		
13027010	8	Helez	PROPN	NE					S		Nom	M
13027010	9	der	DET	ART					S		Nom	M
13027010	10	Peloniter	NOUN	NN					S		Nom	M
13027010	11	von	ADP	APPR								
13027010	12	der	DET	ART					S		Acc	M
13027010	13	Kind	NOUN	NN					P		Dat	N
13027010	14	Ephraim	NOUN	NN					P		Nom	M
13027010	15	und	CCONJ	KON								
13027010	16	in	ADP	APPR								
13027010	17	sein	DET	PPOSAT					S		Dat	F
13027010	18	Abteilung	NOUN	NN					S		Nom	F
13027010	19	sein	AUX	VAFIN		Fin	Past	3	P	Ind		
13027010	20	24000	NUM	CARD								
13027011	1	der	DET	ART					S		Nom	M
13027011	2	achten	VERB	VVFIN		Fin	Pres	3	S	Sub		
13027011	3	für	ADP	APPR								
13027011	4	der	DET	ART					S		Acc	M
13027011	5	achten	VERB	VVINF		Inf						
13027011	6	Monat	NOUN	NN					S		Nom	M
13027011	7	sein	AUX	VAFIN		Fin	Past	3	S	Ind		
13027011	8	Sibbekai	NOUN	NN					P		Nom	M
13027011	9	der	DET	ART					S		Nom	M
13027011	10	huschathiter	NOUN	NN					S		Nom	M
13027011	11	von	ADP	APPR								
13027011	12	der	DET	ART					S		Acc	M
13027011	13	Sarchiter	NOUN	NN					P		Nom	M
13027011	14	und	CCONJ	KON								
13027011	15	in	ADP	APPR								
13027011	16	sein	DET	PPOSAT					S		Dat	F
13027011	17	Abteilung	NOUN	NN					S		Nom	F
13027011	18	sein	AUX	VAFIN		Fin	Past	3	P	Ind		
13027011	19	24000	NUM	CARD								
13027012	1	der	DET	ART					S		Nom	M
13027012	2	neunter	ADJ	ADJA	Pos				S		Nom	F
13027012	3	für	ADP	APPR								
13027012	4	der	DET	ART					S		Acc	M
13027012	5	neunter	ADV	ADJA								
13027012	6	Monat	NOUN	NN					S		Nom	M
13027012	7	sein	AUX	VAFIN		Fin	Past	3	S	Ind		
13027012	8	Abieser	PROPN	NE					S		Nom	
13027012	9	der	DET	ART					S		Nom	M
13027012	10	Annethotiter	NOUN	NN					S		Nom	M
13027012	11	von	ADP	APPR								
13027012	12	der	DET	ART					S		Acc	M
13027012	13	Benjaminiter	NOUN	NN					P		Dat	M
13027012	14	und	CCONJ	KON								
13027012	15	in	ADP	APPR								
13027012	16	sein	DET	PPOSAT					S		Dat	F
13027012	17	Abteilung	NOUN	NN					S		Nom	F
13027012	18	sein	AUX	VAFIN		Fin	Past	3	P	Ind		
13027012	19	24000	NUM	CARD								
13027013	1	der	DET	ART					S		Nom	M
13027013	2	zehnter	ADJ	ADJA	Pos				S		Nom	F
13027013	3	für	ADP	APPR								
13027013	4	der	DET	ART					S		Acc	M
13027013	5	zehnter	ADJ	ADJA	Pos				S		Acc	M
13027013	6	Monat	NOUN	NN					S		Nom	M
13027013	7	sein	AUX	VAFIN		Fin	Past	3	S	Ind		
13027013	8	Maharai	PROPN	NE					S		Nom	
13027013	9	der	DET	ART					S		Nom	M
13027013	10	Netophathiter	NOUN	NN					P		Nom	F
13027013	11	von	ADP	APPR								
13027013	12	der	DET	ART					S		Acc	M
13027013	13	Sarchiter	NOUN	NN					P		Nom	M
13027013	14	und	CCONJ	KON								
13027013	15	in	ADP	APPR								
13027013	16	sein	DET	PPOSAT					S		Dat	F
13027013	17	Abteilung	NOUN	NN					S		Nom	F
13027013	18	sein	AUX	VAFIN		Fin	Past	3	P	Ind		
13027013	19	24000	NUM	CARD								
13027014	1	der	DET	ART					S		Nom	M
13027014	2	elfter	ADJ	ADJA	Pos				S		Nom	F
13027014	3	für	ADP	APPR								
13027014	4	der	DET	ART					S		Acc	M
13027014	5	elfter	ADJ	ADJA	Pos				S		Acc	M
13027014	6	Monat	NOUN	NN					S		Nom	M
13027014	7	sein	AUX	VAFIN		Fin	Past	3	S	Ind		
13027014	8	Benaja	PROPN	NE					S		Nom	
13027014	9	der	DET	ART					S		Nom	M
13027014	10	Pirhathoniter	NOUN	NN					P		Nom	M
13027014	11	von	ADP	APPR								
13027014	12	der	DET	ART					S		Acc	M
13027014	13	Kind	NOUN	NN					P		Dat	N
13027014	14	Ephraim	NOUN	NN					P		Nom	M
13027014	15	und	CCONJ	KON								
13027014	16	in	ADP	APPR								
13027014	17	sein	DET	PPOSAT					S		Dat	F
13027014	18	Abteilung	NOUN	NN					S		Nom	F
13027014	19	sein	AUX	VAFIN		Fin	Past	3	P	Ind		
13027014	20	24000	NUM	CARD								
13027015	1	der	DET	ART					S		Nom	M
13027015	2	zwölfte	ADJ	ADJA	Pos				S		Nom	F
13027015	3	für	ADP	APPR								
13027015	4	der	DET	ART					S		Acc	M
13027015	5	zwölfter	ADJ	ADJA	Pos				S		Acc	M
13027015	6	Monat	NOUN	NN					S		Nom	M
13027015	7	sein	AUX	VAFIN		Fin	Past	3	S	Ind		
13027015	8	Heldai	X	FM								
13027015	9	der	DET	ART					S		Nom	M
13027015	10	Netophathiter	NOUN	NN					P		Nom	F
13027015	11	von	ADP	APPR								
13027015	12	Othniel	NOUN	NN					S		Acc	N
13027015	13	und	CCONJ	KON								
13027015	14	in	ADP	APPR								
13027015	15	sein	DET	PPOSAT					S		Dat	F
13027015	16	Abteilung	NOUN	NN					S		Nom	F
13027015	17	sein	AUX	VAFIN		Fin	Past	3	P	Ind		
13027015	18	24000	NUM	CARD								
13027016	1	und	CCONJ	KON								
13027016	2	über	ADP	APPR								
13027016	3	der	DET	ART					S		Nom	F
13027016	4	Stamm	NOUN	NN					P		Nom	M
13027016	5	Israel	PROPN	NE					S		Gen	N
13027016	6	der	DET	ART					S		Nom	M
13027016	7	Fürst	NOUN	NN					S		Nom	M
13027016	8	der	DET	ART					S		Nom	M
13027016	9	Rubeniter	PROPN	NE					S		Nom	M
13027016	10	sein	AUX	VAFIN		Fin	Past	3	S	Ind		
13027016	11	Elieser	PROPN	NE					S		Nom	
13027016	12	der	DET	ART					S		Nom	M
13027016	13	Sohn	NOUN	NN					S		Nom	M
13027016	14	Sikris	PROPN	NE					S		Nom	
13027016	15	der	DET	ART					S		Nom	M
13027016	16	Simeoniter	NOUN	NN					S		Nom	M
13027016	17	Schephatja	PROPN	NE					S		Nom	
13027016	18	der	DET	ART					S		Nom	M
13027016	19	Sohn	NOUN	NN					S		Nom	M
13027016	20	Maaka	PROPN	NE					S		Gen	N
13027017	1	von	ADP	APPR								
13027017	2	Levi	PROPN	NE					S		Nom	
13027017	3	Haschabja	NOUN	NN					P		Nom	M
13027017	4	der	DET	ART					S		Nom	M
13027017	5	Sohn	NOUN	NN					S		Nom	M
13027017	6	Kemuel	NOUN	NE					P		Nom	M
13027017	7	von	ADP	APPR								
13027017	8	Aaron	PROPN	NE					S		Nom	M
13027017	9	Zadok	NOUN	NE					P		Nom	M
13027018	1	von	ADP	APPR								
13027018	2	Juda	PROPN	NE					S		Nom	M
13027018	3	Elihu	PROPN	NE					S		Nom	F
13027018	4	von	ADP	APPR								
13027018	5	der	DET	ART					S		Acc	M
13027018	6	Brüdern	NOUN	NN					P		Dat	M
13027018	7	David	PROPN	NE					S		Gen	M
13027018	8	von	ADP	APPR								
13027018	9	Issaschar	PROPN	NE					S		Nom	
13027018	10	Omri	PROPN	NE					S		Nom	
13027018	11	der	DET	ART					S		Nom	M
13027018	12	Sohn	NOUN	NN					S		Nom	M
13027018	13	Michaels	PROPN	NE					S		Nom	
13027019	1	von	ADP	APPR								
13027019	2	Sebulon	PROPN	NE					S		Nom	M
13027019	3	Jischmaja	PROPN	NE					S		Nom	
13027019	4	der	DET	ART					S		Nom	M
13027019	5	Sohn	NOUN	NN					S		Nom	M
13027019	6	Obadjas	NOUN	NN					S		Nom	F
13027019	7	von	ADP	APPR								
13027019	8	Naphtali	PROPN	NE					S		Nom	
13027019	9	Jerimoth	PROPN	NE					S		Nom	
13027019	10	der	DET	ART					S		Nom	M
13027019	11	Sohn	NOUN	NN					S		Nom	M
13027019	12	Asriel	PROPN	NN					S		Gen	
13027020	1	von	ADP	APPR								
13027020	2	der	DET	ART					S		Acc	M
13027020	3	Kind	NOUN	NN					P		Dat	N
13027020	4	Ephraim	NOUN	NN					P		Nom	M
13027020	5	Hosea	PROPN	NE					S		Nom	
13027020	6	der	DET	ART					S		Nom	M
13027020	7	Sohn	NOUN	NN					S		Nom	M
13027020	8	Asasjas	NOUN	NN					S		Nom	F
13027020	9	von	ADP	APPR								
13027020	10	der	DET	ART					S		Dat	M
13027020	11	halb	NUM	ADJA								
13027020	12	Stamm	NOUN	NN					P		Nom	M
13027020	13	Manasse	PROPN	NE					S		Nom	
13027020	14	Joel	PROPN	NE					S		Nom	M
13027020	15	der	DET	ART					S		Nom	M
13027020	16	Sohn	NOUN	NN					S		Nom	M
13027020	17	Pedajas	NOUN	NN					S		Nom	F
13027021	1	von	ADP	APPR								
13027021	2	der	DET	ART					S		Nom	M
13027021	3	Hälfte	NOUN	NN					S		Nom	F
13027021	4	der	DET	ART					S		Gen	M
13027021	5	Manasse	PROPN	NE					S		Nom	
13027021	6	in	ADP	APPR								
13027021	7	Gilead	PROPN	NE					S		Nom	
13027021	8	Iddo	NOUN	NN					S		Nom	N
13027021	9	der	DET	ART					S		Nom	M
13027021	10	Sohn	NOUN	NN					S		Nom	M
13027021	11	Sekarjas	NOUN	NN					S		Nom	F
13027021	12	von	ADP	APPR								
13027021	13	Benjamin	PROPN	NE					S		Nom	M
13027021	14	Jaasiel	NOUN	NN					S		Nom	N
13027021	15	der	DET	ART					S		Nom	M
13027021	16	Sohn	NOUN	NN					S		Nom	M
13027021	17	Abner	NOUN	NN					P		Nom	N
13027022	1	von	ADP	APPR								
13027022	2	Dan	PROPN	NE					S		Nom	M
13027022	3	Asarel	PROPN	NN					S		Nom	M
13027022	4	der	DET	ART					S		Nom	M
13027022	5	Sohn	NOUN	NN					S		Nom	M
13027022	6	Jerocham	PROPN	NE					S		Gen	
13027022	7	der	DET	ART					S		Nom	N
13027022	8	sein	AUX	VAFIN		Fin	Pres	3	P	Ind		
13027022	9	der	DET	ART					S		Nom	F
13027022	10	oberer	ADJ	ADJA	Sup				S		Dat	F
13027022	11	der	DET	ART					S		Nom	M
13027022	12	Stamm	NOUN	NN					P		Nom	M
13027022	13	Israel	PROPN	NE					S		Gen	N
13027023	1	und	CCONJ	KON								
13027023	2	David	PROPN	NE					S		Nom	M
13027023	3	nehmen	VERB	VVFIN		Fin	Past	3	S	Ind		
13027023	4	ihr	DET	PPOSAT					S		Nom	F
13027023	5	Zahl	NOUN	NN					S		Nom	F
13027023	6	von	ADP	APPR								
13027023	7	zwanzig	NUM	CARD								
13027023	8	Jahr	NOUN	NN					P		Dat	N
13027023	9	an	ADP	PTKVZ								
13027023	10	und	CCONJ	KON								
13027023	11	darunter	ADV	PROAV								
13027023	12	nicht	PART	PTKNEG								
13027023	13	auf	ADP	PTKVZ								
13027023	14	denn	CCONJ	KON								
13027023	15	Jahwe	NOUN	NN					S		Nom	M
13027023	16	haben	AUX	VAFIN		Fin	Past	3	S	Ind		
13027023	17	sagen	VERB	VVPP		Part						
13027023	18	daß	SCONJ	KOUS								
13027023	19	er	PRON	PPER				3	S		Nom	M
13027023	20	Israel	PROPN	NE					S		Nom	N
13027023	21	mehren	VERB	VVFIN		Fin	Pres	3	P	Ind		
13027023	22	werden	AUX	VAFIN		Fin	Past	3	S	Sub		
13027023	23	wie	ADP	KOKOM								
13027023	24	der	DET	ART					S		Nom	F
13027023	25	Stern	NOUN	NN					P		Nom	M
13027023	26	der	DET	ART					S		Gen	M
13027023	27	Himmel	NOUN	NN					S		Gen	M
13027024	1	Joab	PROPN	NE					S		Nom	M
13027024	2	der	DET	ART					S		Nom	M
13027024	3	Sohn	NOUN	NN					S		Nom	M
13027024	4	der	DET	ART					S		Nom	M
13027024	5	Zeruja	PROPN	NE					S		Nom	N
13027024	6	haben	AUX	VAFIN		Fin	Past	3	S	Ind		
13027024	7	zu	ADP	PTKVZ								
13027024	8	zählen	VERB	VVFIN		Fin	Pres	3	P	Ind		
13027024	9	beginnen	VERB	VVPP		Part						
13027024	10	aber	CCONJ	KON								
13027024	11	nicht	PART	PTKNEG								
13027024	12	vollenden	VERB	VVPP		Part						
13027024	13	und	CCONJ	KON								
13027024	14	es	PRON	PPER				3	S		Nom	N
13027024	15	kommen	VERB	VVFIN		Fin	Past	3	S	Ind		
13027024	16	deshalb	ADV	PROAV								
13027024	17	ein	DET	ART					S		Nom	N
13027024	18	Zorn	NOUN	NN					S		Nom	M
13027024	19	über	ADP	APPR								
13027024	20	Israel	PROPN	NE					S		Nom	N
13027024	21	und	CCONJ	KON								
13027024	22	so	ADV	ADV								
13027024	23	werden	AUX	VAFIN		Fin	Past	3	S	Ind		
13027024	24	der	DET	ART					S		Nom	F
13027024	25	Zahl	NOUN	NN					S		Nom	F
13027024	26	in	ADP	APPR								
13027024	27	der	DET	ART					S		Nom	F
13027024	28	Aufzählung	NOUN	NN					S		Nom	F
13027024	29	der	DET	ART					S		Nom	M
13027024	30	Jahrbücher	NOUN	NN					P		Nom	N
13027024	31	der	DET	ART					S		Gen	M
13027024	32	König	PROPN	NE					S		Nom	
13027024	33	David	PROPN	NE					S		Nom	M
13027024	34	nicht	PART	PTKNEG								
13027024	35	aufnehmen	VERB	VVPP		Part						
13027025	1	und	CCONJ	KON								
13027025	2	über	ADP	APPR								
13027025	3	der	DET	ART					S		Nom	F
13027025	4	Schatz	NOUN	NN					P		Nom	M
13027025	5	der	DET	ART					S		Gen	M
13027025	6	König	PROPN	NE					S		Nom	
13027025	7	sein	AUX	VAFIN		Fin	Past	3	S	Ind		
13027025	8	Asmaweth	PROPN	NE					S		Nom	
13027025	9	der	DET	ART					S		Nom	M
13027025	10	Sohn	NOUN	NN					S		Nom	M
13027025	11	Adiel	PROPN	NE					S		Gen	
13027025	12	und	CCONJ	KON								
13027025	13	über	ADP	APPR								
13027025	14	der	DET	ART					S		Nom	F
13027025	15	Vorrat	NOUN	NN					P		Nom	M
13027025	16	auf	ADP	PTKVZ								
13027025	17	der	DET	ART					S		Dat	M
13027025	18	Feld	NOUN	NN					S		Nom	N
13027025	19	in	ADP	APPR								
13027025	20	der	DET	ART					S		Acc	M
13027025	21	Stadt	NOUN	NN					P		Nom	F
13027025	22	und	CCONJ	KON								
13027025	23	in	ADP	APPR								
13027025	24	der	DET	ART					S		Acc	M
13027025	25	Dorf	NOUN	NN					P		Dat	N
13027025	26	und	CCONJ	KON								
13027025	27	in	ADP	APPR								
13027025	28	der	DET	ART					S		Acc	M
13027025	29	Türmen	NOUN	NN					P		Dat	N
13027025	30	sein	AUX	VAFIN		Fin	Past	3	S	Ind		
13027025	31	Jonathan	PROPN	NE					S		Nom	M
13027025	32	der	DET	ART					S		Nom	M
13027025	33	Sohn	NOUN	NN					S		Nom	M
13027025	34	Ussijas	PROPN	NE					S		Nom	
13027026	1	und	CCONJ	KON								
13027026	2	über	ADP	APPR								
13027026	3	der	DET	ART					S		Nom	F
13027026	4	Feldarbeiter	NOUN	NN					P		Nom	M
13027026	5	bei	ADP	APPRART					S		Dat	M
13027026	6	Landbau	NOUN	NN					S		Nom	M
13027026	7	Esri	PROPN	NE					S		Nom	
13027026	8	der	DET	ART					S		Nom	M
13027026	9	Sohn	NOUN	NN					S		Nom	M
13027026	10	Kelub	NOUN	NE					P		Nom	M
13027027	1	und	CCONJ	KON								
13027027	2	über	ADP	APPR								
13027027	3	der	DET	ART					S		Nom	F
13027027	4	Weinberg	NOUN	NN					P		Nom	M
13027027	5	Simei	NOUN	NN					S		Nom	M
13027027	6	der	DET	ART					S		Nom	M
13027027	7	Ramathiter	NOUN	NN					S		Nom	M
13027027	8	und	CCONJ	KON								
13027027	9	über	ADP	APPR								
13027027	10	der	DET	ART					S		Acc	M
13027027	11	Ertrag	NOUN	NN					S		Nom	M
13027027	12	der	DET	ART					S		Nom	M
13027027	13	Weinberg	NOUN	NN					P		Nom	M
13027027	14	über	ADP	APPR								
13027027	15	der	DET	ART					S		Nom	F
13027027	16	Weinvorrät	NOUN	NN					P		Nom	N
13027027	17	Sabdi	PROPN	NE					S		Gen	M
13027027	18	der	DET	ART					S		Nom	M
13027027	19	Schiphmiter	NOUN	NN					S		Nom	M
13027028	1	und	CCONJ	KON								
13027028	2	über	ADP	APPR								
13027028	3	der	DET	ART					S		Nom	F
13027028	4	Olivenbaum	NOUN	NN					P		Nom	M
13027028	5	und	CCONJ	KON								
13027028	6	der	DET	ART					S		Nom	F
13027028	7	Sykomoren	NOUN	NN					S		Nom	N
13027028	8	welcher	DET	PWAT					S		Nom	F
13027028	9	in	ADP	APPR								
13027028	10	der	DET	ART					S		Nom	M
13027028	11	Niederung	NOUN	NN					S		Nom	F
13027028	12	sein	AUX	VAFIN		Fin	Past	3	P	Ind		
13027028	13	Baal-Hanan	PROPN	NE					S		Nom	M
13027028	14	der	DET	ART					S		Nom	M
13027028	15	Gederiter	NOUN	NN					P		Nom	N
13027028	16	und	CCONJ	KON								
13027028	17	über	ADP	APPR								
13027028	18	der	DET	ART					S		Nom	F
13027028	19	Ölvorrät	NOUN	NN					P		Nom	N
13027028	20	Joas	PROPN	NE					S		Nom	
13027029	1	und	CCONJ	KON								
13027029	2	über	ADP	APPR								
13027029	3	der	DET	ART					S		Nom	F
13027029	4	Rind	NOUN	NN					P		Nom	N
13027029	5	der	DET	ART					S		Nom	F
13027029	6	in	ADP	APPR								
13027029	7	Saron	PROPN	NE					S		Nom	M
13027029	8	weiden	VERB	VVFIN		Fin	Past	3	P	Ind		
13027029	9	schitrai	PROPN	NN					S		Nom	M
13027029	10	der	DET	ART					S		Nom	M
13027029	11	Saroniter	NOUN	FM					S		Nom	M
13027029	12	und	CCONJ	KON								
13027029	13	über	ADP	APPR								
13027029	14	der	DET	ART					S		Nom	F
13027029	15	Rind	NOUN	NN					P		Nom	N
13027029	16	in	ADP	APPR								
13027029	17	der	DET	ART					S		Acc	M
13027029	18	Niederung	NOUN	NN					P		Nom	F
13027029	19	Schaphath	PROPN	NE					S		Nom	
13027029	20	der	DET	ART					S		Nom	M
13027029	21	Sohn	NOUN	NN					S		Nom	M
13027029	22	Adlais	PROPN	NE					S		Nom	
13027030	1	und	CCONJ	KON								
13027030	2	über	ADP	APPR								
13027030	3	der	DET	ART					S		Nom	F
13027030	4	Kamel	NOUN	NN					P		Nom	N
13027030	5	Obil	PROPN	NE					S		Nom	
13027030	6	der	DET	ART					S		Nom	M
13027030	7	Ismaeliter	NOUN	NN					S		Nom	M
13027030	8	und	CCONJ	KON								
13027030	9	über	ADP	APPR								
13027030	10	der	DET	ART					S		Nom	F
13027030	11	Eselinn	NOUN	NN					P		Nom	F
13027030	12	Jechdeja	PROPN	NE					S		Nom	
13027030	13	der	DET	ART					S		Nom	M
13027030	14	Meronothiter	NOUN	NN					S		Nom	F
13027031	1	und	CCONJ	KON								
13027031	2	über	ADP	APPR								
13027031	3	der	DET	ART					S		Nom	N
13027031	4	Kleinvieh	NOUN	NN					S		Nom	N
13027031	5	Jasi	PROPN	NE					S		Nom	
13027031	6	der	DET	ART					S		Nom	M
13027031	7	Hageriter	NOUN	NN					P		Nom	M
13027031	8	alle	PRON	PIS					P		Nom	
13027031	9	dieser	DET	PDAT					S		Nom	F
13027031	10	sein	AUX	VAFIN		Fin	Past	3	P	Ind		
13027031	11	Aufseher	NOUN	NN					P		Nom	M
13027031	12	über	ADP	APPR								
13027031	13	der	DET	ART					S		Nom	F
13027031	14	Habe	AUX	VAFIN		Fin	Pres	3	S	Sub		
13027031	15	der	DET	ART					S		Gen	M
13027031	16	König	PROPN	NE					S		Nom	
13027031	17	David	PROPN	NE					S		Nom	M
13027032	1	und	CCONJ	KON								
13027032	2	Jonathan	PROPN	NE					S		Nom	M
13027032	3	der	DET	ART					S		Nom	M
13027032	4	Oheim	PROPN	NE					S		Nom	
13027032	5	David	PROPN	NE					S		Gen	M
13027032	6	sein	AUX	VAFIN		Fin	Past	3	S	Ind		
13027032	7	Rat	NOUN	NN					S		Nom	M
13027032	8	er	PRON	PPER				3	S		Nom	M
13027032	9	sein	AUX	VAFIN		Fin	Past	3	S	Ind		
13027032	10	ein	DET	ART					S		Nom	N
13027032	11	einsichtig	ADV	ADJD	Cmp							
13027032	12	Mann	NOUN	NN					S		Nom	M
13027032	13	und	CCONJ	KON								
13027032	14	ein	DET	ART					S		Nom	N
13027032	15	Schriftgelehrter	NOUN	NN					S		Nom	M
13027032	16	und	CCONJ	KON								
13027032	17	Jechiel	NOUN	NN					S		Nom	N
13027032	18	der	DET	ART					S		Nom	M
13027032	19	Sohn	NOUN	NN					S		Nom	M
13027032	20	Hakmonis	PROPN	NE					S		Nom	
13027032	21	sein	AUX	VAFIN		Fin	Past	3	S	Ind		
13027032	22	bei	ADP	APPR								
13027032	23	der	DET	ART					S		Acc	M
13027032	24	Söhn	NOUN	NN					P		Dat	M
13027032	25	der	DET	ART					S		Gen	M
13027032	26	König	PROPN	NE					S		Nom	
13027033	1	und	CCONJ	KON								
13027033	2	Ahitophel	NOUN	NE					S		Nom	N
13027033	3	sein	AUX	VAFIN		Fin	Past	3	S	Ind		
13027033	4	Rat	NOUN	NN					S		Nom	M
13027033	5	der	DET	ART					S		Gen	M
13027033	6	König	PROPN	NE					S		Nom	
13027033	7	und	CCONJ	KON								
13027033	8	Husai	NOUN	NN					S		Nom	M
13027033	9	der	DET	ART					S		Nom	M
13027033	10	Arkiter	NOUN	NN					S		Nom	M
13027033	11	sein	AUX	VAFIN		Fin	Past	3	S	Ind		
13027033	12	Freund	NOUN	NN					S		Nom	M
13027033	13	der	DET	ART					S		Gen	M
13027033	14	König	PROPN	NE					S		Nom	
13027034	1	und	CCONJ	KON								
13027034	2	nach	ADP	APPR								
13027034	3	Ahitophel	NOUN	NE					S		Nom	N
13027034	4	sein	AUX	VAFIN		Fin	Past	3	S	Ind		
13027034	5	Jojada	PROPN	NE					S		Nom	
13027034	6	der	DET	ART					S		Nom	M
13027034	7	Sohn	NOUN	NN					S		Nom	M
13027034	8	Benajas	NOUN	NN					S		Nom	F
13027034	9	und	CCONJ	KON								
13027034	10	Abjathar	PROPN	NE					S		Nom	
13027034	11	und	CCONJ	KON								
13027034	12	Joab	PROPN	NE					S		Nom	M
13027034	13	sein	AUX	VAFIN		Fin	Past	3	S	Ind		
13027034	14	Heeroberster	NOUN	NN					S		Nom	M
13027034	15	der	DET	ART					S		Gen	M
13027034	16	König	PROPN	NE					S		Nom	
13028001	1	und	CCONJ	KON								
13028001	2	David	PROPN	NE					S		Nom	M
13028001	3	versammeln	VERB	VVFIN		Fin	Past	3	S	Ind		
13028001	4	aller	PRON	PIS					P		Nom	
13028001	5	oberer	ADJ	ADJA	Sup				S		Dat	F
13028001	6	Israel	PROPN	NE					S		Gen	N
13028001	7	der	DET	ART					S		Nom	F
13028001	8	oberer	ADJ	ADJA	Sup				S		Dat	F
13028001	9	der	DET	ART					S		Nom	M
13028001	10	Stamm	NOUN	NN					P		Nom	M
13028001	11	und	CCONJ	KON								
13028001	12	der	DET	ART					S		Nom	F
13028001	13	oberer	ADJ	ADJA	Sup				S		Dat	F
13028001	14	der	DET	ART					S		Nom	M
13028001	15	Abteilung	NOUN	NN					P		Nom	F
13028001	16	welcher	DET	PWAT					S		Nom	F
13028001	17	der	DET	ART					S		Dat	M
13028001	18	König	NOUN	NN					S		Nom	M
13028001	19	dienen	VERB	VVFIN		Fin	Past	3	P	Ind		
13028001	20	und	CCONJ	KON								
13028001	21	der	DET	ART					S		Nom	F
13028001	22	oberer	ADJ	ADJA	Sup				S		Dat	F
13028001	23	über	ADP	APPR								
13028001	24	tausend	NUM	CARD								
13028001	25	und	CCONJ	KON								
13028001	26	der	DET	ART					S		Nom	F
13028001	27	oberer	ADJ	ADJA	Sup				S		Dat	F
13028001	28	über	ADP	APPR								
13028001	29	hundert	NUM	CARD								
13028001	30	und	CCONJ	KON								
13028001	31	der	DET	ART					S		Nom	F
13028001	32	Aufseher	NOUN	NN					P		Nom	M
13028001	33	über	ADP	APPR								
13028001	34	aller	PRON	PIS					P		Nom	
13028001	35	Habe	AUX	VAFIN		Fin	Pres	3	S	Sub		
13028001	36	und	CCONJ	KON								
13028001	37	alle	PRON	PIS					S		Nom	N
13028001	38	Besitztum	NOUN	NN					S		Nom	N
13028001	39	der	DET	ART					S		Gen	M
13028001	40	König	PROPN	NE					S		Nom	
13028001	41	und	CCONJ	KON								
13028001	42	sein	DET	PPOSAT					S		Dat	F
13028001	43	Sohn	NOUN	NN					P		Nom	M
13028001	44	samt	ADP	APPR								
13028001	45	der	DET	ART					S		Acc	M
13028001	46	Kämmerer	NOUN	NN					P		Dat	M
13028001	47	und	CCONJ	KON								
13028001	48	der	DET	ART					S		Acc	M
13028001	49	Held	NOUN	NN					P		Nom	M
13028001	50	und	CCONJ	KON								
13028001	51	aller	DET	PIS					P		Dat	
13028001	52	tapfer	ADJ	ADJA	Pos				S		Acc	M
13028001	53	Mann	NOUN	NN					P		Dat	M
13028001	54	nach	ADP	APPR								
13028001	55	Jerusalem	PROPN	NE					S		Nom	N
13028002	1	und	CCONJ	KON								
13028002	2	der	DET	ART					S		Nom	M
13028002	3	König	NOUN	NN					S		Nom	M
13028002	4	David	PROPN	NE					S		Nom	M
13028002	5	erheben	VERB	VVFIN		Fin	Past	3	S	Ind		
13028002	6	sich	PRON	PRF				3	S		Acc	
13028002	7	auf	ADP	PTKVZ								
13028002	8	sein	DET	PPOSAT					S		Nom	F
13028002	9	Fuß	PROPN	NN					S		Nom	
13028002	10	und	CCONJ	KON								
13028002	11	sprechen	VERB	VVFIN		Fin	Past	3	S	Ind		
13028002	12	höret	NOUN	NN					S		Nom	N
13028002	13	mich	PRON	PPER				1	S		Acc	
13028002	14	mein	DET	PPOSAT					S		Nom	F
13028002	15	Bruder	NOUN	NN					P		Nom	M
13028002	16	und	CCONJ	KON								
13028002	17	mein	DET	PPOSAT					S		Nom	N
13028002	18	Volk	NOUN	NN					S		Nom	N
13028002	19	ich	PRON	PPER				1	S		Nom	
13028002	20	haben	AUX	VAFIN		Fin	Past	3	S	Ind		
13028002	21	in	ADP	APPR								
13028002	22	mein	DET	PPOSAT					S		Dat	M
13028002	23	Herz	NOUN	NN					S		Nom	N
13028002	24	ein	DET	ART					S		Nom	N
13028002	25	Haus	NOUN	NN					S		Nom	N
13028002	26	der	DET	ART					S		Nom	M
13028002	27	Ruhe	NOUN	NN					S		Nom	F
13028002	28	zu	ADP	PTKVZ								
13028002	29	bauen	VERB	VVINF		Inf						
13028002	30	für	ADP	APPR								
13028002	31	der	DET	ART					S		Nom	F
13028002	32	lade	NOUN	NN					S		Nom	F
13028002	33	der	DET	ART					S		Gen	M
13028002	34	Bund	NOUN	NN					S		Gen	M
13028002	35	Jahwe	PROPN	NE					S		Gen	
13028002	36	und	CCONJ	KON								
13028002	37	für	ADP	APPR								
13028002	38	der	DET	ART					S		Acc	M
13028002	39	Schemel	PROPN	NE					S		Nom	
13028002	40	der	DET	ART					S		Nom	M
13028002	41	Fuß	PROPN	NN					S		Nom	
13028002	42	unser	DET	PPOSAT					S		Gen	M
13028002	43	Gott	NOUN	NN					S		Gen	M
13028002	44	und	CCONJ	KON								
13028002	45	ich	PRON	PPER				1	S		Nom	
13028002	46	schicken	VERB	VVFIN		Fin	Past	3	S	Ind		
13028002	47	mich	PRON	PPER				1	S		Acc	
13028002	48	an	ADP	PTKVZ								
13028002	49	zu	ADP	PTKVZ								
13028002	50	bauen	VERB	VVINF		Inf						
13028003	1	aber	CCONJ	KON								
13028003	2	Gott	NOUN	NN					S		Nom	M
13028003	3	sprechen	VERB	VVFIN		Fin	Past	3	S	Ind		
13028003	4	zu	ADP	PTKVZ								
13028003	5	mir	PRON	PPER				1	S		Dat	
13028003	6	du	PRON	PPER				2	S		Nom	
13028003	7	sollst	AUX	VMFIN		Fin	Pres	3	S	Ind		
13028003	8	mein	DET	PPOSAT					S		Dat	M
13028003	9	Name	NOUN	NN					P		Nom	M
13028003	10	kein	DET	PIAT					S		Nom	N
13028003	11	Haus	NOUN	NN					S		Nom	N
13028003	12	bauen	VERB	VVINF		Inf						
13028003	13	denn	CCONJ	KON								
13028003	14	du	PRON	PPER				2	S		Nom	
13028003	15	sein	AUX	VAFIN		Fin	Pres	2	S	Ind		
13028003	16	ein	DET	ART					S		Nom	N
13028003	17	Kriegsmann	NOUN	NN					S		Nom	M
13028003	18	und	CCONJ	KON								
13028003	19	haben	AUX	VAFIN		Fin	Pres	2	S	Ind		
13028003	20	Blut	NOUN	NN					S		Nom	N
13028003	21	vergießen	VERB	VVPP		Part						
13028004	1	und	CCONJ	KON								
13028004	2	Jahwe	NOUN	NN					S		Nom	M
13028004	3	der	DET	ART					S		Nom	M
13028004	4	Gott	NOUN	NN					S		Nom	M
13028004	5	Israel	PROPN	NE					S		Gen	N
13028004	6	haben	AUX	VAFIN		Fin	Pres	3	S	Ind		
13028004	7	mich	PRON	PPER				1	S		Acc	
13028004	8	aus	ADP	PTKVZ								
13028004	9	der	DET	ART					S		Dat	M
13028004	10	ganz	PRON	ADJA					S		Nom	M
13028004	11	Haus	NOUN	NN					P		Nom	N
13028004	12	meiner	DET	PPOSAT					S		Gen	N
13028004	13	Vater	NOUN	NN					S		Gen	M
13028004	14	erwählen	VERB	VVPP		Part						
13028004	15	um	ADP	APPR								
13028004	16	König	NOUN	NN					S		Nom	M
13028004	17	zu	ADP	PTKVZ								
13028004	18	sein	AUX	VAINF		Inf						
13028004	19	über	ADP	APPR								
13028004	20	Israel	PROPN	NE					S		Nom	N
13028004	21	ewiglich	ADV	ADJD	Pos							
13028004	22	denn	CCONJ	KON								
13028004	23	Juda	PROPN	NE					S		Nom	M
13028004	24	haben	AUX	VAFIN		Fin	Pres	3	S	Ind		
13028004	25	er	PRON	PPER				3	S		Nom	M
13028004	26	zu	ADP	APPRART					S		Dat	N
13028004	27	Fürst	NOUN	NN					P		Nom	M
13028004	28	erwählen	VERB	VVPP		Part						
13028004	29	und	CCONJ	KON								
13028004	30	in	ADP	APPRART					S		Dat	N
13028004	31	Haus	NOUN	NN					P		Nom	N
13028004	32	Juda	PROPN	NE					S		Nom	M
13028004	33	der	DET	ART					S		Nom	N
13028004	34	Haus	NOUN	NN					S		Nom	N
13028004	35	meiner	DET	PPOSAT					S		Gen	N
13028004	36	Vater	NOUN	NN					S		Gen	M
13028004	37	und	CCONJ	KON								
13028004	38	unter	ADP	APPR								
13028004	39	der	DET	ART					S		Acc	M
13028004	40	Söhn	NOUN	NN					P		Dat	M
13028004	41	meiner	DET	PPOSAT					S		Gen	N
13028004	42	Vater	NOUN	NN					S		Gen	M
13028004	43	haben	AUX	VAFIN		Fin	Pres	3	S	Ind		
13028004	44	er	PRON	PPER				3	S		Nom	M
13028004	45	an	ADP	PTKVZ								
13028004	46	mir	PRON	PPER				1	S		Dat	
13028004	47	Wohlgefallen	NOUN	NN					S		Nom	N
13028004	48	haben	VERB	VAPP		Part						
13028004	49	mich	PRON	PPER				1	S		Acc	
13028004	50	zu	ADP	APPRART					S		Dat	N
13028004	51	König	NOUN	NN					S		Nom	M
13028004	52	zu	ADP	PTKVZ								
13028004	53	machen	VERB	VVINF		Inf						
13028004	54	über	ADP	APPR								
13028004	55	ganz	ADV	ADV								
13028004	56	Israel	PROPN	NE					S		Nom	N
13028005	1	und	CCONJ	KON								
13028005	2	von	ADP	APPR								
13028005	3	aller	DET	PIS					P		Dat	
13028005	4	meinen	VERB	VVFIN		Fin	Pres	3	P	Ind		
13028005	5	Söhn	NOUN	NN					P		Dat	M
13028005	6	denn	CCONJ	KON								
13028005	7	Jahwe	NOUN	NN					S		Nom	M
13028005	8	haben	AUX	VAFIN		Fin	Pres	3	S	Ind		
13028005	9	mir	PRON	PPER				1	S		Dat	
13028005	10	vieler	PRON	PIS					P		Nom	
13028005	11	Sohn	NOUN	NN					P		Nom	M
13028005	12	geben	VERB	VVPP		Part						
13028005	13	haben	AUX	VAFIN		Fin	Pres	3	S	Ind		
13028005	14	er	PRON	PPER				3	S		Nom	M
13028005	15	meinen	VERB	VVFIN		Fin	Pres	3	P	Ind		
13028005	16	Sohn	NOUN	NN					S		Nom	M
13028005	17	Salomo	PROPN	NE					S		Nom	M
13028005	18	erwählen	VERB	VVPP		Part						
13028005	19	um	ADP	APPR								
13028005	20	auf	ADP	PTKVZ								
13028005	21	der	DET	ART					S		Dat	M
13028005	22	Throne	NOUN	NN					S		Nom	F
13028005	23	der	DET	ART					S		Gen	M
13028005	24	Königtum	PROPN	NN					S		Gen	N
13028005	25	Jahwe	PROPN	NE					S		Gen	
13028005	26	über	ADP	APPR								
13028005	27	Israel	PROPN	NE					S		Nom	N
13028005	28	zu	ADP	PTKVZ								
13028005	29	sitzen	VERB	VVFIN		Fin	Pres	3	P	Ind		
13028006	1	und	CCONJ	KON								
13028006	2	er	PRON	PPER				3	S		Nom	M
13028006	3	sprechen	VERB	VVFIN		Fin	Past	3	S	Ind		
13028006	4	zu	ADP	PTKVZ								
13028006	5	mir	PRON	PPER				1	S		Dat	
13028006	6	Salomo	PROPN	NE					S		Nom	M
13028006	7	dein	DET	PPER					S		Nom	N
13028006	8	Sohn	NOUN	NN					S		Nom	M
13028006	9	er	PRON	PPER				3	S		Nom	M
13028006	10	sollen	AUX	VMFIN		Fin	Pres	3	S	Ind		
13028006	11	mein	DET	PPOSAT					S		Nom	N
13028006	12	Haus	NOUN	NN					S		Nom	N
13028006	13	und	CCONJ	KON								
13028006	14	mein	DET	PPOSAT					S		Nom	F
13028006	15	Hof	NOUN	NN					P		Nom	M
13028006	16	bauen	VERB	VVINF		Inf						
13028006	17	denn	CCONJ	KON								
13028006	18	ich	PRON	PPER				1	S		Nom	
13028006	19	haben	AUX	VAFIN		Fin	Pres	3	S	Sub		
13028006	20	ihn	PRON	PPER				3	S		Acc	M
13028006	21	mir	PRON	PPER				1	S		Dat	
13028006	22	zu	ADP	APPRART					S		Dat	N
13028006	23	Sohn	NOUN	NN					S		Acc	M
13028006	24	erwählen	VERB	VVPP		Part						
13028006	25	und	CCONJ	KON								
13028006	26	ich	PRON	PPER				1	S		Nom	
13028006	27	wollen	AUX	VMFIN		Fin	Pres	3	S	Ind		
13028006	28	ihm	PRON	PPER				3	S		Dat	M
13028006	29	Vater	NOUN	NN					S		Nom	M
13028006	30	sein	AUX	VAINF		Inf						
13028007	1	und	CCONJ	KON								
13028007	2	ich	PRON	PPER				1	S		Nom	
13028007	3	werden	AUX	VAFIN		Fin	Pres	3	S	Sub		
13028007	4	sein	AUX	VAINF		Inf						
13028007	5	Königreich	NOUN	NN					S		Nom	N
13028007	6	befestigen	VERB	VVINF		Inf						
13028007	7	auf	ADP	PTKVZ								
13028007	8	ewig	ADV	ADJD	Pos							
13028007	9	wenn	SCONJ	KOUS								
13028007	10	er	PRON	PPER				3	S		Nom	M
13028007	11	fest	ADV	PTKVZ								
13028007	12	daran	ADV	PROAV								
13028007	13	halten	VERB	VVINF		Fin	Pres	3	P	Ind		
13028007	14	werden	AUX	VAFIN		Fin	Pres	3	S	Ind		
13028007	15	mein	DET	PPOSAT					S		Nom	F
13028007	16	Gebot	NOUN	NN					P		Nom	N
13028007	17	und	CCONJ	KON								
13028007	18	mein	DET	PPOSAT					S		Nom	F
13028007	19	Recht	NOUN	NN					P		Nom	N
13028007	20	zu	ADP	PTKVZ								
13028007	21	tun	VERB	VVINF		Inf						
13028007	22	wie	ADP	KOKOM								
13028007	23	es	PRON	PPER				3	S		Nom	N
13028007	24	an	ADP	PTKVZ								
13028007	25	dieser	DET	PDAT					S		Dat	N
13028007	26	Tag	NOUN	NN					P		Nom	M
13028007	27	sein	AUX	VAFIN		Fin	Pres	3	S	Ind		
13028008	1	und	CCONJ	KON								
13028008	2	nun	ADV	ADV								
13028008	3	vor	ADP	APPR								
13028008	4	der	DET	ART					S		Acc	M
13028008	5	Auge	NOUN	NN					P		Nom	N
13028008	6	von	ADP	APPR								
13028008	7	ganz	ADV	ADV								
13028008	8	Israel	PROPN	NE					S		Nom	N
13028008	9	der	DET	ART					S		Nom	M
13028008	10	Versammlung	NOUN	NN					S		Nom	F
13028008	11	Jahwe	PROPN	NE					S		Gen	
13028008	12	und	CCONJ	KON								
13028008	13	vor	ADP	APPR								
13028008	14	der	DET	ART					S		Acc	M
13028008	15	Ohr	NOUN	NN					P		Nom	N
13028008	16	unser	DET	PPOSAT					S		Gen	M
13028008	17	Gott	NOUN	NN					S		Gen	M
13028008	18	beobachten	VERB	VVPP		Part						
13028008	19	und	CCONJ	KON								
13028008	20	sucheen	VERB	VVFIN		Fin	Pres	3	S	Ind		
13028008	21	aller	PRON	PIS					P		Nom	
13028008	22	Gebot	NOUN	NN					P		Nom	N
13028008	23	Jahwe	PROPN	NE					S		Gen	
13028008	24	eures	DET	PPOSAT					S		Nom	N
13028008	25	Gott	NOUN	NN					S		Gen	M
13028008	26	auf	ADP	PTKVZ								
13028008	27	daß	SCONJ	KOUS								
13028008	28	ihr	PRON	PPOSAT				3	S		Dat	F
13028008	29	dieser	DET	PDAT					S		Nom	N
13028008	30	gut	ADJ	ADJA	Pos				S		Nom	F
13028008	31	Land	NOUN	NN					S		Nom	N
13028008	32	Besitzet	NOUN	NN					S		Nom	F
13028008	33	und	CCONJ	KON								
13028008	34	es	PRON	PPER				3	S		Nom	N
13028008	35	euren	DET	PPOSAT					S		Acc	M
13028008	36	Söhn	NOUN	NN					P		Dat	M
13028008	37	nach	ADP	APPR								
13028008	38	euch	PRON	PPER				2	P		Dat	
13028008	39	Vererbet	PROPN	NE					S		Nom	M
13028008	40	auf	ADP	PTKVZ								
13028008	41	ewig	ADV	ADJD	Pos							
13028009	1	und	CCONJ	KON								
13028009	2	du	PRON	PPER				2	S		Nom	
13028009	3	mein	DET	PPOSAT					S		Nom	N
13028009	4	Sohn	NOUN	NN					S		Nom	M
13028009	5	Salomo	PROPN	NE					S		Nom	M
13028009	6	erkennen	VERB	VVFIN		Fin	Pres	3	S	Sub		
13028009	7	der	DET	ART					S		Acc	M
13028009	8	Gott	NOUN	NN					S		Nom	M
13028009	9	dein	DET	PPOSAT					S		Gen	N
13028009	10	Vater	NOUN	NN					S		Gen	M
13028009	11	und	CCONJ	KON								
13028009	12	dienen	VERB	VVFIN		Fin	Pres	3	S	Sub		
13028009	13	ihm	PRON	PPER				3	S		Dat	M
13028009	14	mit	ADP	APPR								
13028009	15	Ungeteiltem	NOUN	NN					S		Nom	N
13028009	16	Herz	NOUN	NN					S		Nom	N
13028009	17	und	CCONJ	KON								
13028009	18	mit	ADP	APPR								
13028009	19	willig	ADV	ADJD	Cmp							
13028009	20	Seele	NOUN	NN					S		Nom	F
13028009	21	denn	CCONJ	KON								
13028009	22	Jahwe	NOUN	NN					S		Nom	M
13028009	23	erforschen	VERB	VVPP		Part						
13028009	24	aller	PRON	PIS					P		Nom	
13028009	25	Herz	NOUN	NN					S		Nom	N
13028009	26	und	CCONJ	KON								
13028009	27	alle	PRON	PIS					S		Nom	N
13028009	28	Gebilde	NOUN	NN					S		Nom	N
13028009	29	der	DET	ART					S		Nom	M
13028009	30	Gedanke	NOUN	NN					P		Nom	M
13028009	31	kennen	VERB	VVFIN		Fin	Pres	3	S	Ind		
13028009	32	er	PRON	PPER				3	S		Nom	M
13028009	33	wenn	SCONJ	KOUS								
13028009	34	du	PRON	PPER				2	S		Nom	
13028009	35	ihn	PRON	PPER				3	S		Acc	M
13028009	36	suchst	VERB	VVFIN		Fin	Pres	2	S	Ind		
13028009	37	werden	AUX	VAFIN		Fin	Pres	3	S	Ind		
13028009	38	er	PRON	PPER				3	S		Nom	M
13028009	39	sich	PRON	PRF				3	S		Acc	
13028009	40	von	ADP	APPR								
13028009	41	dir	PRON	PPER				2	S		Dat	
13028009	42	finden	VERB	VVINF		Fin	Pres	3	P	Ind		
13028009	43	lassen	VERB	VVINF		Fin	Pres	3	P	Ind		
13028009	44	wenn	SCONJ	KOUS								
13028009	45	du	PRON	PPER				2	S		Nom	
13028009	46	ihn	PRON	PPER				3	S		Acc	M
13028009	47	aber	CCONJ	KON								
13028009	48	Verlässest	NOUN	NN					S		Nom	M
13028009	49	werden	AUX	VAFIN		Fin	Pres	3	S	Ind		
13028009	50	er	PRON	PPER				3	S		Nom	M
13028009	51	dich	PRON	PPER				2	S		Acc	
13028009	52	verwerfen	VERB	VVINF		Inf						
13028009	53	auf	ADP	PTKVZ								
13028009	54	ewig	ADV	ADJD	Pos							
13028010	1	Sieh	VERB	FM				2	S	Imp		
13028010	2	nun	ADV	ADV								
13028010	3	daß	SCONJ	KOUS								
13028010	4	Jahwe	NOUN	NN					S		Nom	M
13028010	5	dich	PRON	PPER				2	S		Acc	
13028010	6	erwählen	VERB	VVPP		Part						
13028010	7	haben	AUX	VAFIN		Fin	Pres	3	S	Ind		
13028010	8	ihm	PRON	PPER				3	S		Dat	M
13028010	9	ein	DET	ART					S		Nom	N
13028010	10	Haus	NOUN	NN					S		Nom	N
13028010	11	zu	ADP	PTKVZ								
13028010	12	bauen	VERB	VVINF		Inf						
13028010	13	zu	ADP	APPRART					S		Dat	N
13028010	14	Heiligtum	NOUN	NN					S		Nom	N
13028010	15	sein	AUX	VAFIN		Fin	Pres	3	S	Sub		
13028010	16	stark	ADV	ADJD	Pos							
13028010	17	und	CCONJ	KON								
13028010	18	handeln	VERB	VVFIN		Fin	Pres	3	S	Sub		
13028011	1	und	CCONJ	KON								
13028011	2	David	PROPN	NE					S		Nom	M
13028011	3	geben	VERB	VVFIN		Fin	Past	3	S	Ind		
13028011	4	sein	DET	PPOSAT					S		Dat	M
13028011	5	Sohn	NOUN	NN					S		Acc	M
13028011	6	Salomo	PROPN	NE					S		Nom	M
13028011	7	der	DET	ART					S		Nom	N
13028011	8	Muster	NOUN	NN					S		Nom	N
13028011	9	der	DET	ART					S		Nom	M
13028011	10	Halle	NOUN	NE					S		Nom	F
13028011	11	der	DET	ART					S		Gen	M
13028011	12	Tempel	NOUN	NN					P		Nom	M
13028011	13	und	CCONJ	KON								
13028011	14	sein	DET	PPOSAT					S		Dat	F
13028011	15	Haus	NOUN	NN					P		Nom	N
13028011	16	und	CCONJ	KON								
13028011	17	sein	DET	PPOSAT					S		Dat	F
13028011	18	Schatzkammer	NOUN	NN					P		Nom	M
13028011	19	und	CCONJ	KON								
13028011	20	sein	DET	PPOSAT					S		Dat	F
13028011	21	Obergemächer	PROPN	NE					S		Nom	
13028011	22	und	CCONJ	KON								
13028011	23	sein	DET	PPOSAT					S		Dat	F
13028011	24	innerer	ADJ	ADJA	Pos				P		Dat	N
13028011	25	Gemächer	NOUN	NN					P		Nom	N
13028011	26	und	CCONJ	KON								
13028011	27	der	DET	ART					S		Gen	M
13028011	28	Haus	NOUN	NN					S		Gen	N
13028011	29	der	DET	ART					S		Gen	M
13028011	30	Sühndeckel	NOUN	NN					S		Gen	M
13028012	1	und	CCONJ	KON								
13028012	2	der	DET	ART					S		Nom	N
13028012	3	Muster	NOUN	NN					S		Nom	N
13028012	4	von	ADP	APPR								
13028012	5	alle	PRON	PIS					S		Dat	N
13028012	6	was	PRON	PWS					S		Nom	N
13028012	7	durch	ADP	APPR								
13028012	8	der	DET	ART					S		Acc	M
13028012	9	Geist	NOUN	NN					S		Nom	M
13028012	10	in	ADP	APPR								
13028012	11	ihm	PRON	PPER				3	S		Dat	M
13028012	12	sein	AUX	VAFIN		Fin	Past	3	S	Ind		
13028012	13	Betreff	VERB	VVFIN		Fin	Past	3	S	Sub		
13028012	14	der	DET	ART					S		Nom	M
13028012	15	Hof	NOUN	NN					P		Nom	M
13028012	16	der	DET	ART					S		Gen	M
13028012	17	Haus	NOUN	NN					S		Gen	N
13028012	18	Jahwe	PROPN	NE					S		Gen	
13028012	19	und	CCONJ	KON								
13028012	20	aller	DET	PIAT					P		Gen	
13028012	21	Zelle	NOUN	NN					P		Nom	F
13028012	22	ringsum	ADV	ADV								
13028012	23	Betreff	VERB	VVFIN		Fin	Past	3	S	Sub		
13028012	24	der	DET	ART					S		Nom	M
13028012	25	Schatzkammer	NOUN	NN					P		Nom	M
13028012	26	der	DET	ART					S		Gen	M
13028012	27	Haus	NOUN	NN					S		Gen	N
13028012	28	Gott	NOUN	NN					S		Gen	M
13028012	29	und	CCONJ	KON								
13028012	30	der	DET	ART					S		Nom	M
13028012	31	Schatzkammer	NOUN	NN					P		Nom	M
13028012	32	der	DET	ART					S		Nom	M
13028012	33	geheiligt	ADJ	ADJA	Pos				S		Acc	M
13028012	34	Ding	NOUN	NN					P		Nom	N
13028013	1	und	CCONJ	KON								
13028013	2	Betreff	VERB	VVFIN		Fin	Past	3	S	Sub		
13028013	3	der	DET	ART					S		Nom	M
13028013	4	Abteilung	NOUN	NN					P		Nom	F
13028013	5	der	DET	ART					S		Nom	M
13028013	6	Priester	NOUN	NN					P		Nom	M
13028013	7	und	CCONJ	KON								
13028013	8	der	DET	ART					S		Nom	M
13028013	9	Levit	NOUN	NN					P		Nom	M
13028013	10	und	CCONJ	KON								
13028013	11	aller	DET	PIAT					P		Gen	
13028013	12	Dienstverrichtunge	NOUN	NN					P		Nom	F
13028013	13	in	ADP	APPRART					S		Dat	N
13028013	14	Haus	NOUN	NN					P		Nom	N
13028013	15	Jahwe	PROPN	NE					S		Gen	
13028013	16	und	CCONJ	KON								
13028013	17	Betreff	VERB	VVFIN		Fin	Past	3	S	Sub		
13028013	18	aller	DET	PIAT					P		Gen	
13028013	19	Gerät	NOUN	NN					P		Nom	N
13028013	20	der	DET	ART					S		Gen	M
13028013	21	Dienst	NOUN	NN					S		Gen	M
13028013	22	in	ADP	APPRART					S		Dat	N
13028013	23	Haus	NOUN	NN					P		Nom	N
13028013	24	Jahwe	PROPN	NE					S		Gen	
13028014	1	Betreff	VERB	VVFIN		Fin	Past	3	S	Sub		
13028014	2	der	DET	ART					S		Gen	M
13028014	3	Gold	NOUN	NN					S		Nom	N
13028014	4	nach	ADP	APPR								
13028014	5	der	DET	ART					S		Dat	M
13028014	6	Goldgewicht	NOUN	NN					S		Nom	N
13028014	7	für	ADP	APPR								
13028014	8	aller	PRON	PIS					P		Nom	
13028014	9	Gerät	NOUN	NN					P		Nom	N
13028014	10	ein	PRON	ART					S		Nom	N
13028014	11	jeder	DET	PIS					S		Acc	M
13028014	12	Dienst	NOUN	NN					S		Gen	M
13028014	13	und	CCONJ	KON								
13028014	14	Betreff	VERB	VVFIN		Fin	Past	3	S	Sub		
13028014	15	aller	DET	PIAT					P		Gen	
13028014	16	silbern	ADJ	ADJA	Pos				S		Acc	M
13028014	17	Gerät	NOUN	NN					P		Nom	N
13028014	18	nach	ADP	APPR								
13028014	19	der	DET	ART					S		Dat	M
13028014	20	Gewicht	NOUN	NN					S		Nom	N
13028014	21	für	ADP	APPR								
13028014	22	aller	PRON	PIS					P		Nom	
13028014	23	Gerät	NOUN	NN					P		Nom	N
13028014	24	ein	PRON	ART					S		Nom	N
13028014	25	jeder	DET	PIS					S		Acc	M
13028014	26	Dienst	NOUN	NN					S		Gen	M
13028015	1	und	CCONJ	KON								
13028015	2	er	PRON	PPER				3	S		Nom	M
13028015	3	geben	VERB	VVFIN		Fin	Past	3	S	Ind		
13028015	4	der	DET	ART					S		Nom	N
13028015	5	Gewicht	NOUN	NN					S		Nom	N
13028015	6	an	ADP	PTKVZ								
13028015	7	für	ADP	APPR								
13028015	8	der	DET	ART					S		Nom	F
13028015	9	golden	ADJ	ADJA	Pos				S		Acc	M
13028015	10	Leuchter	NOUN	NN					S		Nom	M
13028015	11	und	CCONJ	KON								
13028015	12	für	ADP	APPR								
13028015	13	ihr	DET	PPOSAT					S		Nom	F
13028015	14	golden	ADJ	ADJA	Pos				S		Acc	M
13028015	15	Lampe	NOUN	NN					P		Nom	F
13028015	16	nach	ADP	APPR								
13028015	17	der	DET	ART					S		Dat	M
13028015	18	Gewicht	NOUN	NN					S		Nom	N
13028015	19	ein	PRON	ART					S		Nom	N
13028015	20	jeder	DET	PIS					S		Acc	M
13028015	21	Leuchter	PROPN	NE					S		Gen	
13028015	22	und	CCONJ	KON								
13028015	23	sein	DET	PPOSAT					S		Dat	F
13028015	24	Lampe	NOUN	NN					P		Nom	F
13028015	25	und	CCONJ	KON								
13028015	26	für	ADP	APPR								
13028015	27	der	DET	ART					S		Nom	F
13028015	28	silbern	ADJ	ADJA	Pos				S		Acc	M
13028015	29	Leuchter	NOUN	NN					S		Nom	M
13028015	30	nach	ADP	APPR								
13028015	31	der	DET	ART					S		Dat	M
13028015	32	Gewicht	NOUN	NN					S		Nom	N
13028015	33	ein	PRON	ART					S		Nom	N
13028015	34	Leuchter	PROPN	NE					S		Gen	
13028015	35	und	CCONJ	KON								
13028015	36	sein	DET	PPOSAT					S		Dat	F
13028015	37	Lampe	NOUN	NN					P		Nom	F
13028015	38	je	ADV	ADV								
13028015	39	nach	ADP	APPR								
13028015	40	der	DET	ART					S		Dat	M
13028015	41	Dienst	NOUN	NN					S		Nom	M
13028015	42	ein	PRON	ART					S		Nom	N
13028015	43	jeder	DET	PIS					S		Acc	M
13028015	44	Leuchter	PROPN	NE					S		Gen	
13028016	1	und	CCONJ	KON								
13028016	2	der	DET	ART					S		Nom	N
13028016	3	Gold-Gewicht	PROPN	NE					S		Nom	
13028016	4	für	ADP	APPR								
13028016	5	der	DET	ART					S		Nom	F
13028016	6	Tisch	NOUN	NN					P		Nom	M
13028016	7	der	DET	ART					S		Nom	M
13028016	8	Schichtbrot	NOUN	NN					P		Nom	N
13028016	9	für	ADP	APPR								
13028016	10	jeder	DET	PIS					S		Acc	M
13028016	11	Tisch	NOUN	NN					S		Nom	M
13028016	12	und	CCONJ	KON								
13028016	13	der	DET	ART					S		Nom	N
13028016	14	Silber	NOUN	NN					S		Nom	N
13028016	15	für	ADP	APPR								
13028016	16	der	DET	ART					S		Nom	F
13028016	17	silbern	ADJ	ADJA	Pos				S		Acc	M
13028016	18	Tisch	NOUN	NN					P		Nom	M
13028017	1	und	CCONJ	KON								
13028017	2	der	DET	ART					S		Nom	F
13028017	3	Gabel	NOUN	NN					P		Nom	F
13028017	4	und	CCONJ	KON								
13028017	5	der	DET	ART					S		Nom	F
13028017	6	sprengschalen	NOUN	NN					P		Nom	
13028017	7	und	CCONJ	KON								
13028017	8	der	DET	ART					S		Nom	F
13028017	9	Kanne	NOUN	NN					P		Nom	F
13028017	10	von	ADP	APPR								
13028017	11	rein	PRON	VVPP					S		Dat	M
13028017	12	Golde	NOUN	NN					S		Nom	N
13028017	13	und	CCONJ	KON								
13028017	14	der	DET	ART					S		Nom	N
13028017	15	Gewicht	NOUN	NN					S		Nom	N
13028017	16	für	ADP	APPR								
13028017	17	der	DET	ART					S		Nom	F
13028017	18	golden	ADJ	ADJA	Pos				S		Acc	M
13028017	19	Becher	NOUN	NN					S		Nom	M
13028017	20	nach	ADP	APPR								
13028017	21	der	DET	ART					S		Dat	M
13028017	22	Gewicht	NOUN	NN					S		Nom	N
13028017	23	ein	PRON	ART					S		Nom	N
13028017	24	jeder	DET	PIS					S		Acc	M
13028017	25	Becher	PROPN	NE					S		Gen	
13028017	26	und	CCONJ	KON								
13028017	27	für	ADP	APPR								
13028017	28	der	DET	ART					S		Nom	F
13028017	29	silbern	ADJ	ADJA	Pos				S		Acc	M
13028017	30	Becher	NOUN	NN					S		Nom	M
13028017	31	nach	ADP	APPR								
13028017	32	der	DET	ART					S		Dat	M
13028017	33	Gewicht	NOUN	NN					S		Nom	N
13028017	34	ein	PRON	ART					S		Nom	N
13028017	35	jeder	DET	PIS					S		Acc	M
13028017	36	Becher	PROPN	NE					S		Gen	
13028018	1	und	CCONJ	KON								
13028018	2	für	ADP	APPR								
13028018	3	der	DET	ART					S		Acc	M
13028018	4	Räucheraltar	NOUN	NE					S		Nom	M
13028018	5	von	ADP	APPR								
13028018	6	Geläutertem	ADJ	ADJA	Pos				S		Nom	N
13028018	7	Golde	NOUN	NN					S		Nom	N
13028018	8	nach	ADP	APPR								
13028018	9	der	DET	ART					S		Dat	M
13028018	10	Gewicht	NOUN	NN					S		Nom	N
13028018	11	und	CCONJ	KON								
13028018	12	der	DET	ART					S		Nom	N
13028018	13	Muster	NOUN	NN					S		Nom	N
13028018	14	der	DET	ART					S		Gen	M
13028018	15	Wagen	PROPN	NE					S		Gen	
13028018	16	der	DET	ART					S		Nom	M
13028018	17	Cherubim	PROPN	NE					S		Nom	
13028018	18	von	ADP	APPR								
13028018	19	Gold	NOUN	NN					S		Nom	N
13028018	20	welcher	DET	PWAT					S		Nom	F
13028018	21	der	DET	ART					S		Nom	F
13028018	22	Flügel	NOUN	NN					P		Nom	M
13028018	23	ausbreiten	VERB	VVFIN		Fin	Pres	3	P	Ind		
13028018	24	und	CCONJ	KON								
13028018	25	der	DET	ART					S		Nom	F
13028018	26	lade	NOUN	NN					S		Nom	F
13028018	27	der	DET	ART					S		Gen	M
13028018	28	Bund	NOUN	NN					S		Gen	M
13028018	29	Jahwe	PROPN	NE					S		Gen	
13028018	30	überdecken	VERB	VVINF		Inf						
13028019	1	über	ADP	APPR								
13028019	2	dieser	PRON	PDS					S		Nom	N
13028019	3	alle	PRON	PIS					S		Nom	N
13028019	4	über	ADP	APPR								
13028019	5	aller	PRON	PIS					P		Nom	
13028019	6	Werk	NOUN	NN					P		Nom	N
13028019	7	der	DET	ART					S		Gen	M
13028019	8	Muster	NOUN	NN					S		Gen	N
13028019	9	sprechen	VERB	VVFIN		Fin	Past	3	S	Ind		
13028019	10	David	PROPN	NE					S		Nom	M
13028019	11	haben	AUX	VAFIN		Fin	Pres	3	S	Ind		
13028019	12	er	PRON	PPER				3	S		Nom	M
13028019	13	mich	PRON	PPER				1	S		Acc	
13028019	14	durch	ADP	APPR								
13028019	15	Schrift	NOUN	NN					S		Nom	F
13028019	16	unterwiesen	VERB	VVPP		Part						
13028019	17	dadurch	ADV	PROAV								
13028019	18	daß	SCONJ	KOUS								
13028019	19	der	DET	ART					S		Nom	F
13028019	20	Hand	NOUN	NN					S		Nom	F
13028019	21	Jahwe	PROPN	NE					S		Gen	
13028019	22	auf	ADP	PTKVZ								
13028019	23	mir	PRON	PPER				1	S		Dat	
13028019	24	sein	AUX	VAFIN		Fin	Past	3	S	Ind		
13028020	1	und	CCONJ	KON								
13028020	2	David	PROPN	NE					S		Nom	M
13028020	3	sprechen	VERB	VVFIN		Fin	Past	3	S	Ind		
13028020	4	zu	ADP	PTKVZ								
13028020	5	sein	DET	PPOSAT					S		Dat	M
13028020	6	Sohn	NOUN	NN					S		Acc	M
13028020	7	Salomo	PROPN	NE					S		Nom	M
13028020	8	Sein	AUX	VAFIN		Fin	Pres	3	S	Sub		
13028020	9	stark	ADV	ADJD	Pos							
13028020	10	und	CCONJ	KON								
13028020	11	mutig	ADV	ADJD	Pos							
13028020	12	und	CCONJ	KON								
13028020	13	handeln	VERB	VVFIN		Fin	Pres	3	S	Sub		
13028020	14	fürchten	VERB	VVFIN		Fin	Pres	3	S	Sub		
13028020	15	dich	PRON	PPER				2	S		Acc	
13028020	16	nicht	PART	PTKNEG								
13028020	17	und	CCONJ	KON								
13028020	18	Erschrick	PROPN	NE					S		Nom	
13028020	19	nicht	PART	PTKNEG								
13028020	20	denn	CCONJ	KON								
13028020	21	Jahwe	NOUN	NN					S		Nom	M
13028020	22	Gott	NOUN	NN					S		Nom	M
13028020	23	mein	DET	PPOSAT					S		Nom	N
13028020	24	Gott	NOUN	NN					S		Nom	M
13028020	25	werden	AUX	VAFIN		Fin	Pres	3	S	Ind		
13028020	26	mit	ADP	APPR								
13028020	27	dir	PRON	PPER				2	S		Dat	
13028020	28	sein	AUX	VAINF		Inf						
13028020	29	er	PRON	PPER				3	S		Nom	M
13028020	30	werden	AUX	VAFIN		Fin	Pres	3	S	Ind		
13028020	31	dich	PRON	PPER				2	S		Acc	
13028020	32	nicht	PART	PTKNEG								
13028020	33	versäumen	VERB	VVINF		Inf						
13028020	34	und	CCONJ	KON								
13028020	35	dich	PRON	PPER				2	S		Acc	
13028020	36	nicht	PART	PTKNEG								
13028020	37	verlassen	VERB	VVINF		Inf						
13028020	38	bis	CCONJ	KON								
13028020	39	alle	PRON	PIS					S		Nom	N
13028020	40	Werk	NOUN	NN					S		Nom	N
13028020	41	zu	ADP	APPRART					S		Dat	N
13028020	42	Dienst	NOUN	NN					P		Nom	M
13028020	43	der	DET	ART					S		Gen	M
13028020	44	Haus	NOUN	NN					S		Gen	N
13028020	45	Jahwe	PROPN	NE					S		Gen	
13028020	46	vollenden	VERB	VVPP		Part						
13028020	47	sein	AUX	VAFIN		Fin	Pres	3	S	Ind		
13028021	1	und	CCONJ	KON								
13028021	2	sehen	VERB	VVIMP				2	S	Imp		
13028021	3	da	ADV	ADV								
13028021	4	sein	AUX	VAFIN		Fin	Pres	3	P	Ind		
13028021	5	der	DET	ART					S		Nom	F
13028021	6	Abteilung	NOUN	NN					P		Nom	F
13028021	7	der	DET	ART					S		Nom	M
13028021	8	Priester	NOUN	NN					P		Nom	M
13028021	9	und	CCONJ	KON								
13028021	10	der	DET	ART					S		Nom	M
13028021	11	Levit	NOUN	NN					P		Nom	M
13028021	12	für	ADP	APPR								
13028021	13	der	DET	ART					S		Acc	M
13028021	14	ganz	PRON	ADJA					S		Nom	M
13028021	15	Dienst	NOUN	NN					S		Nom	M
13028021	16	der	DET	ART					S		Gen	M
13028021	17	Haus	NOUN	NN					S		Gen	N
13028021	18	Gott	NOUN	NN					S		Gen	M
13028021	19	und	CCONJ	KON								
13028021	20	bei	ADP	APPR								
13028021	21	dir	PRON	PPER				2	S		Dat	
13028021	22	sein	AUX	VAFIN		Fin	Pres	3	P	Ind		
13028021	23	in	ADP	APPR								
13028021	24	alle	PRON	PIS					S		Dat	N
13028021	25	Werk	NOUN	NN					P		Nom	N
13028021	26	solcher	DET	PIS					S		Nom	F
13028021	27	der	DET	ART					S		Nom	F
13028021	28	bereitwillig	ADV	ADJD	Pos							
13028021	29	und	CCONJ	KON								
13028021	30	schicken	ADV	ADJD	Pos							
13028021	31	sein	AUX	VAFIN		Fin	Pres	3	P	Ind		
13028021	32	zu	ADP	PTKVZ								
13028021	33	jeder	DET	PIAT					S		Dat	M
13028021	34	Dienst	NOUN	NN					P		Nom	M
13028021	35	und	CCONJ	KON								
13028021	36	der	DET	ART					S		Nom	F
13028021	37	oberer	ADJ	ADJA	Sup				S		Dat	F
13028021	38	und	CCONJ	KON								
13028021	39	der	DET	ART					S		Nom	N
13028021	40	ganz	ADJ	ADJA	Pos				S		Nom	F
13028021	41	Volk	NOUN	NN					S		Nom	N
13028021	42	zu	ADP	PTKVZ								
13028021	43	aller	DET	PIS					P		Dat	
13028021	44	dein	DET	PPOSAT					S		Acc	M
13028021	45	Anordnung	NOUN	NN					P		Nom	F
13029001	1	und	CCONJ	KON								
13029001	2	der	DET	ART					S		Nom	M
13029001	3	König	NOUN	NN					S		Nom	M
13029001	4	David	PROPN	NE					S		Nom	M
13029001	5	sprechen	VERB	VVFIN		Fin	Past	3	S	Ind		
13029001	6	zu	ADP	PTKVZ								
13029001	7	der	DET	ART					S		Nom	M
13029001	8	ganz	PRON	ADJA					S		Nom	M
13029001	9	Versammlung	NOUN	NN					S		Nom	F
13029001	10	Salomo	PROPN	NE					S		Nom	M
13029001	11	mein	DET	PPOSAT					S		Nom	N
13029001	12	Sohn	NOUN	NN					S		Nom	M
13029001	13	der	DET	ART					S		Nom	M
13029001	14	einzig	ADJ	ADJA	Pos				S		Nom	F
13029001	15	der	DET	ART					S		Acc	M
13029001	16	Gott	NOUN	NN					S		Nom	M
13029001	17	erwählen	VERB	VVPP		Part						
13029001	18	haben	AUX	VAFIN		Fin	Pres	3	S	Ind		
13029001	19	sein	AUX	VAFIN		Fin	Pres	3	S	Ind		
13029001	20	noch	CCONJ	KON								
13029001	21	jung	ADV	ADJD	Pos							
13029001	22	und	CCONJ	KON								
13029001	23	zart	ADV	ADJD	Pos							
13029001	24	der	DET	ART					S		Nom	N
13029001	25	Werk	NOUN	NN					S		Nom	N
13029001	26	aber	CCONJ	KON								
13029001	27	sein	AUX	VAFIN		Fin	Pres	3	S	Ind		
13029001	28	groß	ADV	ADJD	Pos							
13029001	29	denn	CCONJ	KON								
13029001	30	nicht	PART	PTKNEG								
13029001	31	für	ADP	APPR								
13029001	32	ein	DET	ART					S		Acc	M
13029001	33	Mensch	NOUN	NN					P		Nom	M
13029001	34	sein	AUX	VAFIN		Fin	Pres	3	S	Ind		
13029001	35	dieser	PRON	PDAT					S		Nom	M
13029001	36	Palast	NOUN	NN					S		Nom	M
13029001	37	sondern	CCONJ	KON								
13029001	38	für	ADP	APPR								
13029001	39	Jahwe	NOUN	NN					S		Nom	M
13029001	40	Gott	NOUN	NN					S		Nom	M
13029002	1	und	CCONJ	KON								
13029002	2	mit	ADP	APPR								
13029002	3	all	DET	PIAT								
13029002	4	mein	DET	PPOSAT					S		Dat	F
13029002	5	Kraft	NOUN	NN					S		Nom	F
13029002	6	haben	AUX	VAFIN		Fin	Pres	3	S	Sub		
13029002	7	ich	PRON	PPER				1	S		Nom	
13029002	8	für	ADP	APPR								
13029002	9	der	DET	ART					S		Nom	N
13029002	10	Haus	NOUN	NN					S		Nom	N
13029002	11	meiner	DET	PPOSAT					S		Gen	N
13029002	12	Gott	NOUN	NN					S		Gen	M
13029002	13	bereiten	VERB	VVFIN		Fin	Pres	3	S	Ind		
13029002	14	der	DET	ART					S		Nom	N
13029002	15	Gold	NOUN	NN					S		Nom	N
13029002	16	zu	ADP	PTKVZ								
13029002	17	der	DET	ART					S		Dat	M
13029002	18	golden	ADJ	ADJA	Pos				S		Acc	M
13029002	19	und	CCONJ	KON								
13029002	20	der	DET	ART					S		Nom	N
13029002	21	Silber	NOUN	NN					S		Nom	N
13029002	22	zu	ADP	PTKVZ								
13029002	23	der	DET	ART					S		Dat	M
13029002	24	silbern	ADJ	ADJA	Pos				S		Acc	M
13029002	25	und	CCONJ	KON								
13029002	26	der	DET	ART					S		Nom	N
13029002	27	Erz	NOUN	NN					S		Nom	N
13029002	28	zu	ADP	PTKVZ								
13029002	29	der	DET	ART					S		Dat	M
13029002	30	ehern	ADJ	ADJA	Pos				S		Acc	M
13029002	31	der	DET	ART					S		Nom	N
13029002	32	Eisen	NOUN	NN					S		Nom	N
13029002	33	zu	ADP	PTKVZ								
13029002	34	der	DET	ART					S		Dat	M
13029002	35	eisern	ADJ	ADJA	Pos				S		Acc	M
13029002	36	und	CCONJ	KON								
13029002	37	der	DET	ART					S		Nom	N
13029002	38	Holz	NOUN	NN					S		Nom	N
13029002	39	zu	ADP	PTKVZ								
13029002	40	der	DET	ART					S		Dat	M
13029002	41	hölzern	ADJ	ADJA	Pos				S		Acc	M
13029002	42	Gerät	NOUN	NN					P		Nom	N
13029002	43	Onyxsteine	NOUN	NN					P		Nom	N
13029002	44	und	CCONJ	KON								
13029002	45	Stein	NOUN	NN					P		Nom	M
13029002	46	zu	ADP	APPRART					S		Dat	N
13029002	47	einsetzen	NOUN	NN					S		Nom	N
13029002	48	Stein	NOUN	NN					P		Nom	M
13029002	49	zu	ADP	APPRART					S		Dat	F
13029002	50	Verzierung	NOUN	NN					S		Nom	F
13029002	51	und	CCONJ	KON								
13029002	52	Buntfarbig	PROPN	NE								
13029002	53	und	CCONJ	KON								
13029002	54	allerlei	DET	PIAT								
13029002	55	kostbar	ADJ	ADJA	Pos				S		Nom	F
13029002	56	Stein	NOUN	NN					P		Nom	M
13029002	57	und	CCONJ	KON								
13029002	58	weiß	ADJ	ADJA	Pos				S		Nom	F
13029002	59	Marmorsteine	NOUN	NN					S		Nom	F
13029002	60	in	ADP	APPR								
13029002	61	Menge	NOUN	NN					S		Nom	F
13029003	1	und	CCONJ	KON								
13029003	2	überdies	ADV	ADV								
13029003	3	weil	SCONJ	KOUS								
13029003	4	ich	PRON	PPER				1	S		Nom	
13029003	5	Wohlgefallen	NOUN	NN					S		Nom	N
13029003	6	haben	AUX	VAFIN		Fin	Pres	3	S	Sub		
13029003	7	an	ADP	PTKVZ								
13029003	8	der	DET	ART					S		Dat	M
13029003	9	Haus	NOUN	NN					P		Nom	N
13029003	10	meiner	DET	PPOSAT					S		Gen	N
13029003	11	Gott	NOUN	NN					S		Gen	M
13029003	12	haben	AUX	VAFIN		Fin	Pres	3	S	Sub		
13029003	13	ich	PRON	PPER				1	S		Nom	
13029003	14	was	PRON	PWS					S		Nom	N
13029003	15	ich	PRON	PPER				1	S		Nom	
13029003	16	als	ADP	KOKOM								
13029003	17	eigen	ADJ	ADJA	Pos				S		Nom	N
13029003	18	gut	ADV	ADJD	Pos							
13029003	19	an	ADP	PTKVZ								
13029003	20	Gold	NOUN	NN					S		Nom	N
13029003	21	und	CCONJ	KON								
13029003	22	Silber	NOUN	NN					S		Nom	N
13029003	23	besitzen	VERB	VVFIN		Fin	Pres	3	S	Sub		
13029003	24	für	ADP	APPR								
13029003	25	der	DET	ART					S		Nom	N
13029003	26	Haus	NOUN	NN					S		Nom	N
13029003	27	meiner	DET	PPOSAT					S		Gen	N
13029003	28	Gott	NOUN	NN					S		Gen	M
13029003	29	geben	VERB	VVPP		Part						
13029003	30	zu	ADP	PTKVZ								
13029003	31	alledem	PRON	PIS								
13029003	32	hinzu	ADV	PTKVZ								
13029003	33	was	PRON	PWS					S		Nom	N
13029003	34	ich	PRON	PPER				1	S		Nom	
13029003	35	für	ADP	APPR								
13029003	36	der	DET	ART					S		Nom	N
13029003	37	Haus	NOUN	NN					S		Nom	N
13029003	38	der	DET	ART					S		Gen	M
13029003	39	Heiligtum	PROPN	NE					S		Gen	N
13029003	40	bereiten	VERB	VVFIN		Fin	Pres	3	S	Ind		
13029003	41	haben	AUX	VAFIN		Fin	Pres	3	S	Sub		
13029004	1	Talent	NOUN	NN					P		Nom	N
13029004	2	Gold	NOUN	NN					S		Nom	N
13029004	3	von	ADP	APPR								
13029004	4	Gold	NOUN	NN					S		Nom	N
13029004	5	aus	ADP	PTKVZ								
13029004	6	Ophir	PROPN	NE					S		Nom	
13029004	7	und	CCONJ	KON								
13029004	8	7000	NUM	CARD								
13029004	9	Talent	NOUN	NN					P		Nom	N
13029004	10	geläutert	ADJ	ADJA	Pos				S		Nom	N
13029004	11	Silber	NOUN	NN					S		Nom	N
13029004	12	zu	ADP	APPRART					S		Dat	N
13029004	13	überziehen	NOUN	NN					S		Nom	N
13029004	14	der	DET	ART					S		Nom	M
13029004	15	Wand	NOUN	NN					P		Nom	F
13029004	16	der	DET	ART					S		Nom	M
13029004	17	Haus	NOUN	NN					P		Nom	N
13029005	1	Gold	NOUN	NN					S		Nom	N
13029005	2	zu	ADP	PTKVZ								
13029005	3	der	DET	ART					S		Dat	M
13029005	4	golden	ADJ	ADJA	Pos				S		Acc	M
13029005	5	und	CCONJ	KON								
13029005	6	Silber	NOUN	NN					S		Nom	N
13029005	7	zu	ADP	PTKVZ								
13029005	8	der	DET	ART					S		Dat	M
13029005	9	silbern	ADJ	ADJA	Pos				S		Acc	M
13029005	10	Gerät	NOUN	NN					P		Nom	N
13029005	11	und	CCONJ	KON								
13029005	12	zu	ADP	PTKVZ								
13029005	13	alle	PRON	PIS					S		Dat	N
13029005	14	Werk	NOUN	NN					P		Nom	N
13029005	15	von	ADP	APPR								
13029005	16	Künstlerhand	NOUN	NN					S		Nom	F
13029005	17	wer	PRON	PWS					S		Nom	M
13029005	18	sein	AUX	VAFIN		Fin	Pres	3	S	Ind		
13029005	19	nun	ADV	ADV								
13029005	20	bereitwillig	ADV	ADJD	Pos							
13029005	21	heute	ADV	ADV								
13029005	22	sein	DET	PPOSAT					S		Nom	F
13029005	23	Hand	NOUN	NN					S		Nom	F
13029005	24	für	ADP	APPR								
13029005	25	Jahwe	NOUN	NN					S		Nom	M
13029005	26	zu	ADP	PTKVZ								
13029005	27	füllen	VERB	VVINF		Inf						
13029006	1	und	CCONJ	KON								
13029006	2	der	DET	ART					S		Nom	F
13029006	3	oberer	ADJ	ADJA	Sup				S		Dat	F
13029006	4	der	DET	ART					S		Nom	M
13029006	5	Vater	NOUN	NN					P		Nom	M
13029006	6	und	CCONJ	KON								
13029006	7	der	DET	ART					S		Nom	F
13029006	8	oberer	ADJ	ADJA	Sup				S		Dat	F
13029006	9	der	DET	ART					S		Nom	M
13029006	10	Stamm	NOUN	NN					P		Nom	M
13029006	11	Israel	PROPN	NE					S		Gen	N
13029006	12	und	CCONJ	KON								
13029006	13	der	DET	ART					S		Nom	F
13029006	14	oberer	ADJ	ADJA	Sup				S		Dat	F
13029006	15	über	ADP	APPR								
13029006	16	tausend	NUM	CARD								
13029006	17	und	CCONJ	KON								
13029006	18	über	ADP	APPR								
13029006	19	hundert	NUM	CARD								
13029006	20	und	CCONJ	KON								
13029006	21	der	DET	ART					S		Nom	F
13029006	22	oberer	ADJ	ADJA	Sup				S		Dat	F
13029006	23	über	ADP	APPR								
13029006	24	der	DET	ART					S		Nom	F
13029006	25	Geschäft	NOUN	NN					P		Nom	N
13029006	26	der	DET	ART					S		Gen	M
13029006	27	König	PROPN	NE					S		Nom	
13029006	28	zeigen	VERB	VVFIN		Fin	Past	3	P	Ind		
13029006	29	sich	PRON	PRF				3	S		Acc	
13029006	30	bereitwillig	ADV	ADJD	Pos							
13029007	1	und	CCONJ	KON								
13029007	2	sie	PRON	PPER				3	P		Nom	
13029007	3	geben	VERB	VVFIN		Fin	Past	3	P	Ind		
13029007	4	für	ADP	APPR								
13029007	5	der	DET	ART					S		Nom	F
13029007	6	Arbeit	NOUN	NN					S		Nom	F
13029007	7	der	DET	ART					S		Gen	M
13029007	8	Haus	NOUN	NN					S		Gen	N
13029007	9	Gott	NOUN	NN					S		Gen	M
13029007	10	5000	NUM	CARD								
13029007	11	Talent	NOUN	NN					P		Nom	N
13029007	12	Gold	NOUN	NN					S		Nom	N
13029007	13	und	CCONJ	KON								
13029007	14	10000	NUM	CARD								
13029007	15	Darike	NOUN	NN					P		Nom	M
13029007	16	und	CCONJ	KON								
13029007	17	10000	NUM	CARD								
13029007	18	Talent	NOUN	NN					P		Nom	N
13029007	19	Silber	NOUN	NN					S		Nom	N
13029007	20	und	CCONJ	KON								
13029007	21	18000	NUM	CARD								
13029007	22	Talent	NOUN	NN					P		Nom	N
13029007	23	Erz	NOUN	NN					S		Nom	N
13029007	24	und	CCONJ	KON								
13029007	25	100000	NUM	CARD								
13029007	26	Talent	NOUN	NN					P		Nom	N
13029007	27	Eisen	NOUN	NN					S		Nom	N
13029008	1	und	CCONJ	KON								
13029008	2	bei	ADP	APPR								
13029008	3	welcher	DET	PWAT					S		Dat	N
13029008	4	sich	PRON	PRF				3	S		Acc	
13029008	5	Edelstein	NOUN	NN					P		Nom	M
13029008	6	vorfinden	VERB	VVFIN		Fin	Past	3	P	Ind		
13029008	7	der	DET	ART					S		Nom	F
13029008	8	geben	VERB	VVFIN		Fin	Past	3	P	Ind		
13029008	9	sie	PRON	PPER				3	P		Nom	
13029008	10	zu	ADP	APPRART					S		Dat	N
13029008	11	Schatze	NOUN	NN					S		Nom	F
13029008	12	der	DET	ART					S		Gen	M
13029008	13	Haus	NOUN	NN					S		Gen	N
13029008	14	Jahwe	PROPN	NE					S		Gen	
13029008	15	in	ADP	APPR								
13029008	16	der	DET	ART					S		Nom	F
13029008	17	Hand	NOUN	NN					S		Nom	F
13029008	18	Jechiel	PROPN	NE					S		Gen	
13029008	19	der	DET	ART					S		Gen	M
13029008	20	Gersoniter	NOUN	NE					P		Nom	M
13029009	1	und	CCONJ	KON								
13029009	2	der	DET	ART					S		Nom	N
13029009	3	Volk	NOUN	NN					S		Nom	N
13029009	4	freuen	VERB	VVFIN		Fin	Past	3	S	Ind		
13029009	5	sich	PRON	PRF				3	S		Acc	
13029009	6	über	ADP	APPR								
13029009	7	ihr	DET	PPOSAT					S		Nom	F
13029009	8	Bereitwilligkeit	NOUN	NN					S		Nom	F
13029009	9	denn	CCONJ	KON								
13029009	10	mit	ADP	APPR								
13029009	11	Ungeteiltem	NOUN	NN					S		Nom	N
13029009	12	Herz	NOUN	NN					S		Nom	N
13029009	13	zeigen	VERB	VVFIN		Fin	Past	3	P	Ind		
13029009	14	sie	PRON	PPER				3	P		Nom	
13029009	15	sich	PRON	PRF				3	S		Acc	
13029009	16	bereitwillig	ADV	ADJD	Pos							
13029009	17	für	ADP	APPR								
13029009	18	Jahwe	NOUN	NN					S		Nom	M
13029009	19	und	CCONJ	KON								
13029009	20	auch	ADV	ADV								
13029009	21	der	DET	ART					S		Nom	M
13029009	22	König	NOUN	NN					S		Nom	M
13029009	23	David	PROPN	NE					S		Nom	M
13029009	24	freuen	VERB	VVFIN		Fin	Past	3	S	Ind		
13029009	25	sich	PRON	PRF				3	S		Acc	
13029009	26	mit	ADP	APPR								
13029009	27	groß	ADJ	ADJA	Pos				S		Nom	M
13029009	28	Freude	NOUN	NN					S		Nom	F
13029010	1	und	CCONJ	KON								
13029010	2	David	PROPN	NE					S		Nom	M
13029010	3	pries	VERB	VVFIN		Fin	Past	3	S	Ind		
13029010	4	Jahwe	NOUN	NN					S		Nom	M
13029010	5	vor	ADP	APPR								
13029010	6	der	DET	ART					S		Acc	M
13029010	7	Auge	NOUN	NN					P		Nom	N
13029010	8	der	DET	ART					S		Nom	M
13029010	9	ganz	PRON	ADJA					S		Nom	M
13029010	10	Versammlung	NOUN	NN					S		Nom	F
13029010	11	und	CCONJ	KON								
13029010	12	David	PROPN	NE					S		Nom	M
13029010	13	sprechen	VERB	VVFIN		Fin	Past	3	S	Ind		
13029010	14	Gepriesen	ADV	ADJD	Pos							
13029010	15	Seiest	AUX	VVIMP		Fin	Pres	3	S	Sub		
13029010	16	du	PRON	PPER				2	S		Nom	
13029010	17	Jahwe	NOUN	NN					S		Nom	M
13029010	18	Gott	NOUN	NN					S		Nom	M
13029010	19	unser	DET	PPOSAT					S		Gen	M
13029010	20	Vater	NOUN	NN					S		Gen	M
13029010	21	Israel	PROPN	NE					S		Nom	N
13029010	22	von	ADP	APPR								
13029010	23	Ewigkeit	NOUN	NN					S		Nom	F
13029010	24	zu	ADP	PTKVZ								
13029010	25	Ewigkeit	NOUN	NN					S		Nom	F
13029011	1	dein	PRON	PPOSAT				2	P		Nom	
13029011	2	Jahwe	NOUN	NN					S		Nom	M
13029011	3	sein	AUX	VAFIN		Fin	Pres	3	S	Ind		
13029011	4	der	DET	ART					S		Nom	F
13029011	5	Größe	NOUN	NN					S		Nom	F
13029011	6	und	CCONJ	KON								
13029011	7	der	DET	ART					S		Nom	F
13029011	8	Stärke	NOUN	NN					S		Nom	F
13029011	9	und	CCONJ	KON								
13029011	10	der	DET	ART					S		Nom	M
13029011	11	Ruhm	NOUN	NN					S		Acc	M
13029011	12	und	CCONJ	KON								
13029011	13	der	DET	ART					S		Nom	M
13029011	14	Glanz	NOUN	NN					S		Acc	M
13029011	15	und	CCONJ	KON								
13029011	16	der	DET	ART					S		Nom	F
13029011	17	Pracht	NOUN	NN					S		Nom	F
13029011	18	denn	CCONJ	KON								
13029011	19	alle	PRON	PIS					S		Nom	N
13029011	20	in	ADP	APPRART					S		Dat	N
13029011	21	Himmel	NOUN	NN					S		Nom	M
13029011	22	und	CCONJ	KON								
13029011	23	auf	ADP	PTKVZ								
13029011	24	Erde	NOUN	NN					P		Nom	F
13029011	25	sein	AUX	VAFIN		Fin	Pres	3	S	Ind		
13029011	26	dein	DET	PPER					S		Nom	N
13029011	27	dein	PRON	PPOSAT				2	P		Nom	
13029011	28	Jahwe	NOUN	NN					S		Nom	M
13029011	29	sein	AUX	VAFIN		Fin	Pres	3	S	Ind		
13029011	30	der	DET	ART					S		Nom	N
13029011	31	Königreich	NOUN	NN					S		Nom	N
13029011	32	und	CCONJ	KON								
13029011	33	du	PRON	PPER				2	S		Nom	
13029011	34	sein	AUX	VAFIN		Fin	Pres	2	S	Ind		
13029011	35	über	ADP	APPR								
13029011	36	alle	PRON	PIS					S		Nom	N
13029011	37	erhaben	ADV	ADJD	Pos							
13029011	38	als	ADP	KOKOM								
13029011	39	Haupt	NOUN	NN					S		Nom	N
13029012	1	und	CCONJ	KON								
13029012	2	Reichtum	NOUN	NN					S		Nom	M
13029012	3	und	CCONJ	KON								
13029012	4	Ehre	NOUN	NN					S		Nom	F
13029012	5	kommen	VERB	VVFIN		Fin	Pres	3	P	Ind		
13029012	6	von	ADP	APPR								
13029012	7	dir	PRON	PPER				2	S		Dat	
13029012	8	und	CCONJ	KON								
13029012	9	du	PRON	PPER				2	S		Nom	
13029012	10	sein	AUX	VAFIN		Fin	Pres	2	S	Ind		
13029012	11	Herrscher	NOUN	NN					S		Nom	M
13029012	12	über	ADP	APPR								
13029012	13	alle	PRON	PIS					S		Nom	N
13029012	14	und	CCONJ	KON								
13029012	15	in	ADP	APPR								
13029012	16	dein	DET	PPOSAT					S		Dat	F
13029012	17	Hand	NOUN	NN					S		Nom	F
13029012	18	sein	AUX	VAFIN		Fin	Pres	3	P	Ind		
13029012	19	Macht	NOUN	NN					S		Nom	F
13029012	20	und	CCONJ	KON								
13029012	21	Stärke	NOUN	NN					S		Nom	F
13029012	22	und	CCONJ	KON								
13029012	23	in	ADP	APPR								
13029012	24	dein	DET	PPOSAT					S		Dat	F
13029012	25	Hand	NOUN	NN					S		Nom	F
13029012	26	sein	AUX	VAFIN		Fin	Pres	3	S	Ind		
13029012	27	es	PRON	PPER				3	S		Nom	N
13029012	28	alle	PRON	PIS					S		Nom	N
13029012	29	groß	ADV	ADJD	Pos							
13029012	30	und	CCONJ	KON								
13029012	31	stark	ADV	ADJD	Pos							
13029012	32	zu	ADP	PTKVZ								
13029012	33	machen	VERB	VVINF		Inf						
13029013	1	und	CCONJ	KON								
13029013	2	nun	ADV	ADV								
13029013	3	unser	DET	PPOSAT					S		Nom	N
13029013	4	Gott	NOUN	NN					S		Nom	M
13029013	5	wir	PRON	PPER				1	P		Nom	
13029013	6	preisen	VERB	VVFIN		Fin	Pres	3	P	Ind		
13029013	7	dich	PRON	PPER				2	S		Acc	
13029013	8	und	CCONJ	KON								
13029013	9	wir	PRON	PPER				1	P		Nom	
13029013	10	rühmen	VERB	VVFIN		Fin	Pres	3	P	Ind		
13029013	11	dein	DET	PPOSAT					S		Acc	M
13029013	12	herrlich	ADJ	ADJA	Pos				S		Acc	M
13029013	13	Name	NOUN	NN					P		Nom	M
13029014	1	denn	CCONJ	KON								
13029014	2	wer	PRON	PWS					S		Nom	M
13029014	3	sein	AUX	VAFIN		Fin	Pres	1	S	Ind		
13029014	4	ich	PRON	PPER				1	S		Nom	
13029014	5	und	CCONJ	KON								
13029014	6	was	PRON	PWS					S		Nom	N
13029014	7	sein	AUX	VAFIN		Fin	Pres	3	S	Ind		
13029014	8	mein	DET	PPOSAT					S		Nom	N
13029014	9	Volk	NOUN	NN					S		Nom	N
13029014	10	daß	SCONJ	KOUS								
13029014	11	wir	PRON	PPER				1	P		Nom	
13029014	12	vermöchten	VERB	VVFIN		Fin	Past	3	P	Sub		
13029014	13	auf	ADP	PTKVZ								
13029014	14	solcher	DET	PIS					S		Nom	F
13029014	15	Weise	NOUN	NN					S		Nom	F
13029014	16	freigebig	ADV	ADJD	Pos							
13029014	17	zu	ADP	PTKVZ								
13029014	18	sein	AUX	VAINF		Inf						
13029014	19	denn	CCONJ	KON								
13029014	20	von	ADP	APPR								
13029014	21	dir	PRON	PPER				2	S		Dat	
13029014	22	kommen	VERB	VVFIN		Fin	Pres	3	S	Ind		
13029014	23	alle	PRON	PIS					S		Nom	N
13029014	24	und	CCONJ	KON								
13029014	25	aus	ADP	PTKVZ								
13029014	26	dein	DET	PPOSAT					S		Dat	F
13029014	27	Hand	NOUN	NN					S		Nom	F
13029014	28	haben	AUX	VAFIN		Fin	Pres	3	P	Ind		
13029014	29	wir	PRON	PPER				1	P		Nom	
13029014	30	dir	PRON	PPER				2	S		Dat	
13029014	31	geben	VERB	VVPP		Part						
13029015	1	denn	CCONJ	KON								
13029015	2	wir	PRON	PPER				1	P		Nom	
13029015	3	sein	AUX	VAFIN		Fin	Pres	3	P	Ind		
13029015	4	Fremdling	NOUN	NN					P		Nom	M
13029015	5	vor	ADP	APPR								
13029015	6	dir	PRON	PPER				2	S		Dat	
13029015	7	und	CCONJ	KON								
13029015	8	Beisasse	NOUN	NN					P		Nom	F
13029015	9	wie	ADP	KOKOM								
13029015	10	aller	PRON	PIS					P		Nom	
13029015	11	unser	DET	PPOSAT					S		Nom	F
13029015	12	Vater	NOUN	NN					P		Nom	M
13029015	13	wie	ADP	KOKOM								
13029015	14	ein	DET	ART					S		Nom	N
13029015	15	Schatten	NOUN	NN					S		Nom	M
13029015	16	sein	AUX	VAFIN		Fin	Pres	3	P	Ind		
13029015	17	unser	DET	PPOSAT					S		Nom	F
13029015	18	Tag	NOUN	NN					P		Nom	M
13029015	19	auf	ADP	PTKVZ								
13029015	20	Erde	NOUN	NN					P		Nom	F
13029015	21	und	CCONJ	KON								
13029015	22	kein	DET	PIAT					S		Nom	F
13029015	23	Hoffnung	NOUN	NN					S		Nom	F
13029015	24	sein	AUX	VAFIN		Fin	Pres	3	S	Ind		
13029015	25	da	ADV	ADV								
13029015	26	hienieden	VERB	VVPP		Part						
13029015	27	zu	ADP	PTKVZ								
13029015	28	bleiben	VERB	VVINF		Inf						
13029016	1	Jahwe	NOUN	NN					S		Nom	M
13029016	2	unser	DET	PPOSAT					S		Nom	N
13029016	3	Gott	NOUN	NN					S		Nom	M
13029016	4	aller	PRON	PIS					P		Nom	
13029016	5	dieser	DET	PDAT					S		Nom	F
13029016	6	Menge	NOUN	NN					S		Nom	F
13029016	7	der	DET	ART					S		Nom	F
13029016	8	wir	PRON	PPER				1	P		Nom	
13029016	9	bereiten	VERB	VVFIN		Fin	Pres	3	S	Ind		
13029016	10	haben	AUX	VAFIN		Fin	Pres	3	P	Ind		
13029016	11	um	ADP	APPR								
13029016	12	dir	PRON	PPER				2	S		Dat	
13029016	13	ein	DET	ART					S		Nom	N
13029016	14	Haus	NOUN	NN					S		Nom	N
13029016	15	zu	ADP	PTKVZ								
13029016	16	bauen	VERB	VVINF		Inf						
13029016	17	für	ADP	APPR								
13029016	18	dein	DET	PPOSAT					S		Acc	M
13029016	19	heilig	ADJ	ADJA	Pos				S		Acc	M
13029016	20	Name	NOUN	NN					P		Nom	M
13029016	21	von	ADP	APPR								
13029016	22	dein	DET	PPOSAT					S		Dat	F
13029016	23	Hand	NOUN	NN					S		Nom	F
13029016	24	sein	AUX	VAFIN		Fin	Pres	3	S	Ind		
13029016	25	sie	PRON	PPER				3	P		Nom	
13029016	26	und	CCONJ	KON								
13029016	27	der	DET	ART					S		Nom	N
13029016	28	alle	PRON	PIS					S		Nom	N
13029016	29	sein	AUX	VAFIN		Fin	Pres	3	S	Ind		
13029016	30	dein	DET	PPER					S		Nom	N
13029017	1	und	CCONJ	KON								
13029017	2	ich	PRON	PPER				1	S		Nom	
13029017	3	wissen	VERB	VVFIN		Fin	Pres	3	S	Ind		
13029017	4	mein	DET	PPOSAT					S		Nom	N
13029017	5	Gott	NOUN	NN					S		Nom	M
13029017	6	daß	SCONJ	KOUS								
13029017	7	du	PRON	PPER				2	S		Nom	
13029017	8	der	DET	ART					S		Nom	N
13029017	9	Herz	NOUN	NN					S		Nom	N
13029017	10	prüfst	VERB	VVFIN		Fin	Pres	3	S	Ind		
13029017	11	und	CCONJ	KON								
13029017	12	Wohlgefallen	NOUN	NN					S		Nom	N
13029017	13	haben	AUX	VAFIN		Fin	Pres	2	S	Ind		
13029017	14	an	ADP	PTKVZ								
13029017	15	Aufrichtigkeit	NOUN	NN					S		Nom	F
13029017	16	ich	PRON	PPER				1	S		Nom	
13029017	17	nun	ADV	ADV								
13029017	18	in	ADP	APPR								
13029017	19	Aufrichtigkeit	NOUN	NN					S		Nom	F
13029017	20	meiner	DET	PPOSAT					S		Gen	N
13029017	21	Herzens	NOUN	NN					P		Nom	N
13029017	22	haben	AUX	VAFIN		Fin	Pres	3	S	Sub		
13029017	23	ich	PRON	PPER				1	S		Nom	
13029017	24	alle	PRON	PIS					S		Nom	N
13029017	25	dieser	DET	PDAT					S		Nom	N
13029017	26	bereitwillig	ADV	ADJD	Pos							
13029017	27	geben	VERB	VVPP		Part						
13029017	28	und	CCONJ	KON								
13029017	29	ich	PRON	PPER				1	S		Nom	
13029017	30	haben	AUX	VAFIN		Fin	Pres	3	S	Sub		
13029017	31	jetzt	ADV	ADV								
13029017	32	mit	ADP	APPR								
13029017	33	Freude	NOUN	NN					P		Nom	F
13029017	34	sehen	VERB	VVPP		Part						
13029017	35	daß	SCONJ	KOUS								
13029017	36	dein	DET	PPER					S		Nom	N
13029017	37	Volk	NOUN	NN					S		Nom	N
13029017	38	welcher	DET	PWAT					S		Acc	N
13029017	39	sich	PRON	PRF				3	S		Acc	
13029017	40	hier	ADV	ADV								
13029017	41	befinden	VERB	VVFIN		Fin	Pres	3	S	Ind		
13029017	42	dir	PRON	PPER				2	S		Dat	
13029017	43	bereitwillig	ADV	ADJD	Pos							
13029017	44	geben	VERB	VVPP		Part						
13029017	45	haben	AUX	VAFIN		Fin	Pres	3	S	Ind		
13029018	1	Jahwe	NOUN	NN					S		Nom	M
13029018	2	Gott	NOUN	NN					S		Nom	M
13029018	3	unser	DET	PPOSAT					S		Dat	F
13029018	4	Vater	NOUN	NN					P		Nom	M
13029018	5	Abraham	PROPN	NE					S		Nom	M
13029018	6	Isaak	PROPN	NE					S		Nom	M
13029018	7	und	CCONJ	KON								
13029018	8	Israel	PROPN	NE					S		Nom	N
13029018	9	bewahren	VERB	VVFIN		Fin	Pres	3	S	Sub		
13029018	10	dieser	DET	PDAT					S		Nom	N
13029018	11	ewiglich	ADV	ADJD	Pos							
13029018	12	als	ADP	KOKOM								
13029018	13	Gebilde	NOUN	NN					S		Nom	N
13029018	14	der	DET	ART					S		Nom	M
13029018	15	Gedanke	NOUN	NN					P		Nom	M
13029018	16	der	DET	ART					S		Gen	M
13029018	17	Herzens	NOUN	NN					P		Nom	N
13029018	18	dein	DET	PPOSAT					S		Gen	N
13029018	19	Volk	NOUN	NN					S		Gen	N
13029018	20	und	CCONJ	KON								
13029018	21	richten	VERB	VVFIN		Fin	Pres	3	S	Sub		
13029018	22	ihr	PRON	PPOSAT				3	S		Dat	F
13029018	23	Herz	NOUN	NN					S		Nom	N
13029018	24	zu	ADP	PTKVZ								
13029018	25	dir	PRON	PPER				2	S		Dat	
13029019	1	und	CCONJ	KON								
13029019	2	mein	DET	PPOSAT					S		Dat	M
13029019	3	Sohn	NOUN	NN					S		Acc	M
13029019	4	Salomo	PROPN	NE					S		Nom	M
13029019	5	gib	VERB	VVIMP				2	S	Imp		
13029019	6	ein	DET	ART					S		Nom	N
13029019	7	ungeteilt	PROPN	NE					S		Nom	
13029019	8	Herz	NOUN	NN					S		Nom	N
13029019	9	dein	DET	PPOSAT					S		Nom	F
13029019	10	Gebot	NOUN	NN					P		Nom	N
13029019	11	dein	DET	PPOSAT					S		Nom	F
13029019	12	Zeugnis	NOUN	NN					P		Nom	N
13029019	13	und	CCONJ	KON								
13029019	14	dein	DET	PPOSAT					S		Nom	F
13029019	15	Satzunge	NOUN	NN					P		Nom	F
13029019	16	zu	ADP	PTKVZ								
13029019	17	beobachten	VERB	VVINF		Inf						
13029019	18	und	CCONJ	KON								
13029019	19	alle	PRON	PIS					S		Nom	N
13029019	20	zu	ADP	PTKVZ								
13029019	21	tun	VERB	VVINF		Inf						
13029019	22	und	CCONJ	KON								
13029019	23	der	DET	ART					S		Acc	M
13029019	24	Palast	NOUN	NN					S		Nom	M
13029019	25	zu	ADP	PTKVZ								
13029019	26	bauen	VERB	VVINF		Inf						
13029019	27	der	DET	ART					S		Acc	M
13029019	28	ich	PRON	PPER				1	S		Nom	
13029019	29	vorbereiten	VERB	VVPP		Part						
13029019	30	haben	AUX	VAFIN		Fin	Pres	3	S	Sub		
13029020	1	und	CCONJ	KON								
13029020	2	David	PROPN	NE					S		Nom	M
13029020	3	sprechen	VERB	VVFIN		Fin	Past	3	S	Ind		
13029020	4	zu	ADP	PTKVZ								
13029020	5	der	DET	ART					S		Nom	M
13029020	6	ganz	PRON	ADJA					S		Nom	M
13029020	7	Versammlung	NOUN	NN					S		Nom	F
13029020	8	Preiset	PROPN	NE					S		Nom	F
13029020	9	doch	CCONJ	KON								
13029020	10	Jahwe	NOUN	NN					S		Nom	M
13029020	11	euren	DET	PPOSAT					S		Acc	M
13029020	12	Gott	NOUN	NN					S		Nom	M
13029020	13	und	CCONJ	KON								
13029020	14	der	DET	ART					S		Nom	F
13029020	15	ganz	ADJ	ADJA	Pos				S		Nom	F
13029020	16	Versammlung	NOUN	NN					S		Nom	F
13029020	17	pries	VERB	VVFIN		Fin	Past	3	S	Ind		
13029020	18	Jahwe	NOUN	NN					S		Nom	M
13029020	19	der	DET	ART					S		Acc	M
13029020	20	Gott	NOUN	NN					S		Nom	M
13029020	21	ihr	DET	PPOSAT					S		Dat	F
13029020	22	Vater	NOUN	NN					P		Nom	M
13029020	23	und	CCONJ	KON								
13029020	24	sie	PRON	PPER				3	P		Nom	
13029020	25	neigen	VERB	VVFIN		Fin	Past	3	P	Ind		
13029020	26	sich	PRON	PRF				3	S		Acc	
13029020	27	und	CCONJ	KON								
13029020	28	beugn	VERB	VVFIN		Fin	Past	3	P	Ind		
13029020	29	sich	PRON	PRF				3	S		Acc	
13029020	30	nieder	ADV	PTKVZ								
13029020	31	vor	ADP	APPR								
13029020	32	Jahwe	NOUN	NN					S		Nom	M
13029020	33	und	CCONJ	KON								
13029020	34	vor	ADP	APPR								
13029020	35	der	DET	ART					S		Dat	M
13029020	36	König	NOUN	NN					S		Nom	M
13029021	1	und	CCONJ	KON								
13029021	2	an	ADP	APPRART					S		Dat	M
13029021	3	nächstfolgend	ADJ	ADJA	Pos				S		Acc	M
13029021	4	Tag	NOUN	NN					P		Nom	M
13029021	5	opfern	VERB	VVFIN		Fin	Past	3	P	Ind		
13029021	6	sie	PRON	PPER				3	P		Nom	
13029021	7	Schlachtopfer	NOUN	NN					S		Nom	M
13029021	8	der	DET	ART					S		Dat	M
13029021	9	Jahwe	NOUN	NN					S		Nom	M
13029021	10	und	CCONJ	KON								
13029021	11	opfern	VERB	VVFIN		Fin	Past	3	P	Ind		
13029021	12	Brandopfer	NOUN	NN					S		Nom	M
13029021	13	der	DET	ART					S		Dat	M
13029021	14	Jahwe	NOUN	NN					S		Nom	M
13029021	15	tausend	NUM	CARD								
13029021	16	Farr	NOUN	NN					P		Nom	M
13029021	17	tausend	NUM	CARD								
13029021	18	Widder	NOUN	NN					S		Nom	M
13029021	19	tausend	NUM	CARD								
13029021	20	Schaf	NOUN	NN					P		Nom	N
13029021	21	und	CCONJ	KON								
13029021	22	ihr	DET	PPOSAT					S		Nom	F
13029021	23	Trankopfer	NOUN	NN					P		Nom	N
13029021	24	und	CCONJ	KON								
13029021	25	Schlachtopfer	NOUN	NN					S		Nom	M
13029021	26	in	ADP	APPR								
13029021	27	Menge	NOUN	NN					S		Nom	F
13029021	28	für	ADP	APPR								
13029021	29	ganz	ADV	ADV								
13029021	30	Israel	PROPN	NE					S		Nom	N
13029022	1	und	CCONJ	KON								
13029022	2	sie	PRON	PPER				3	P		Nom	
13029022	3	aßen	VERB	VVFIN		Fin	Past	3	P	Ind		
13029022	4	und	CCONJ	KON								
13029022	5	Tranke	VERB	NN		Fin	Past	3	P	Ind		
13029022	6	vor	ADP	APPR								
13029022	7	Jahwe	NOUN	NN					S		Nom	M
13029022	8	an	ADP	PTKVZ								
13029022	9	selbig	ADJ	ADJD	Pos				S		Dat	N
13029022	10	Tag	NOUN	NN					P		Nom	M
13029022	11	mit	ADP	APPR								
13029022	12	groß	ADJ	ADJA	Pos				S		Nom	M
13029022	13	Freude	NOUN	NN					S		Nom	F
13029022	14	und	CCONJ	KON								
13029022	15	sie	PRON	PPER				3	P		Nom	
13029022	16	machen	VERB	VVFIN		Fin	Past	3	P	Ind		
13029022	17	Salomo	PROPN	NE					S		Nom	M
13029022	18	der	DET	ART					S		Acc	M
13029022	19	Sohn	NOUN	NN					S		Nom	M
13029022	20	David	PROPN	NE					S		Gen	M
13029022	21	zu	ADP	APPRART					S		Dat	N
13029022	22	zweiter	ADJ	ADJA	Pos				S		Dat	M
13029022	23	Mal	NOUN	NN					P		Nom	N
13029022	24	zu	ADP	APPRART					S		Dat	N
13029022	25	König	NOUN	NN					S		Nom	M
13029022	26	und	CCONJ	KON								
13029022	27	salbten	VERB	VVFIN		Fin	Pres	3	P	Ind		
13029022	28	ihn	PRON	PPER				3	S		Acc	M
13029022	29	Jahwe	NOUN	NN					S		Nom	M
13029022	30	zu	ADP	APPRART					S		Dat	N
13029022	31	Fürst	NOUN	NN					P		Nom	M
13029022	32	und	CCONJ	KON								
13029022	33	salbten	VERB	VVFIN		Fin	Pres	3	P	Ind		
13029022	34	Zadok	NOUN	NE					P		Nom	M
13029022	35	zu	ADP	APPRART					S		Dat	N
13029022	36	Priester	NOUN	NN					P		Nom	M
13029023	1	und	CCONJ	KON								
13029023	2	so	ADV	ADV								
13029023	3	setzen	VERB	VVFIN		Fin	Past	3	S	Ind		
13029023	4	sich	PRON	PRF				3	S		Acc	
13029023	5	Salomo	PROPN	NE					S		Nom	M
13029023	6	auf	ADP	PTKVZ								
13029023	7	der	DET	ART					S		Acc	M
13029023	8	Thron	NOUN	NN					S		Nom	M
13029023	9	Jahwe	PROPN	NE					S		Gen	
13029023	10	als	ADP	KOKOM								
13029023	11	König	NOUN	NN					S		Nom	M
13029023	12	an	ADP	PTKVZ								
13029023	13	sein	DET	PPOSAT					S		Gen	M
13029023	14	Vater	NOUN	NN					S		Gen	M
13029023	15	David	PROPN	NE					S		Nom	M
13029023	16	statt	SCONJ	KOUI								
13029023	17	und	CCONJ	KON								
13029023	18	er	PRON	PPER				3	S		Nom	M
13029023	19	haben	AUX	VAFIN		Fin	Past	3	S	Ind		
13029023	20	gedeihen	NOUN	VVFIN					S		Nom	N
13029023	21	und	CCONJ	KON								
13029023	22	ganz	ADV	ADV								
13029023	23	Israel	PROPN	NE					S		Nom	N
13029023	24	gehorchen	VERB	VVFIN		Fin	Past	3	S	Ind		
13029023	25	ihm	PRON	PPER				3	S		Dat	M
13029024	1	und	CCONJ	KON								
13029024	2	aller	PRON	PIS					P		Nom	
13029024	3	Fürst	NOUN	NN					P		Nom	M
13029024	4	und	CCONJ	KON								
13029024	5	der	DET	ART					S		Nom	F
13029024	6	Held	NOUN	NN					P		Nom	M
13029024	7	und	CCONJ	KON								
13029024	8	auch	ADV	ADV								
13029024	9	aller	PRON	PIS					P		Nom	
13029024	10	Sohn	NOUN	NN					P		Nom	M
13029024	11	der	DET	ART					S		Gen	M
13029024	12	König	PROPN	NE					S		Nom	
13029024	13	David	PROPN	NE					S		Nom	M
13029024	14	unterwarfen	VERB	VVFIN		Fin	Past	3	P	Ind		
13029024	15	dich	PRON	PPER				2	S		Acc	
13029024	16	der	DET	ART					S		Dat	M
13029024	17	König	NOUN	NN					S		Nom	M
13029024	18	Salomo	PROPN	NE					S		Nom	M
13029025	1	und	CCONJ	KON								
13029025	2	Jahwe	NOUN	NN					S		Nom	M
13029025	3	machen	VERB	VVFIN		Fin	Past	3	S	Ind		
13029025	4	Salomo	PROPN	NE					S		Nom	M
13029025	5	überaus	ADV	ADV								
13029025	6	groß	ADV	ADJD	Pos							
13029025	7	vor	ADP	APPR								
13029025	8	der	DET	ART					S		Acc	M
13029025	9	Auge	NOUN	NN					P		Nom	N
13029025	10	von	ADP	APPR								
13029025	11	ganz	ADV	ADV								
13029025	12	Israel	PROPN	NE					S		Nom	N
13029025	13	und	CCONJ	KON								
13029025	14	er	PRON	PPER				3	S		Nom	M
13029025	15	geben	VERB	VVFIN		Fin	Past	3	S	Ind		
13029025	16	ihm	PRON	PPER				3	S		Dat	M
13029025	17	ein	DET	ART					S		Nom	F
13029025	18	königlich	ADJ	ADJA	Pos				S		Nom	F
13029025	19	Pracht	NOUN	NN					S		Nom	F
13029025	20	wie	ADP	KOKOM								
13029025	21	sie	PRON	PPER				3	P		Nom	
13029025	22	vor	ADP	APPR								
13029025	23	ihm	PRON	PPER				3	S		Dat	M
13029025	24	auf	ADP	PTKVZ								
13029025	25	kein	DET	PIS					S		Dat	M
13029025	26	König	NOUN	NN					S		Nom	M
13029025	27	über	ADP	APPR								
13029025	28	Israel	PROPN	NE					S		Nom	N
13029025	29	sein	AUX	VAPP		Part						
13029025	30	sein	AUX	VAFIN		Fin	Past	3	S	Ind		
13029026	1	so	ADV	ADV								
13029026	2	regieren	VERB	VVFIN		Fin	Past	3	S	Ind		
13029026	3	David	PROPN	NE					S		Nom	M
13029026	4	der	DET	ART					S		Nom	M
13029026	5	Sohn	NOUN	NN					S		Nom	M
13029026	6	isais	NOUN	NN					S		Nom	N
13029026	7	über	ADP	APPR								
13029026	8	ganz	ADV	ADV								
13029026	9	Israel	PROPN	NE					S		Nom	N
13029027	1	und	CCONJ	KON								
13029027	2	der	DET	ART					S		Nom	F
13029027	3	Tag	NOUN	NN					P		Nom	M
13029027	4	der	DET	ART					S		Nom	F
13029027	5	er	PRON	PPER				3	S		Nom	M
13029027	6	über	ADP	APPR								
13029027	7	ganz	ADV	ADV								
13029027	8	Israel	PROPN	NE					S		Nom	N
13029027	9	regieren	VERB	VVFIN		Fin	Past	3	S	Ind		
13029027	10	sein	AUX	VAFIN		Fin	Past	3	P	Ind		
13029027	11	vierzig	NUM	CARD								
13029027	12	Jahr	NOUN	NN					P		Nom	N
13029027	13	zu	ADP	PTKVZ								
13029027	14	Hebron	PROPN	NE					S		Nom	N
13029027	15	regieren	VERB	VVFIN		Fin	Past	3	S	Ind		
13029027	16	er	PRON	PPER				3	S		Nom	M
13029027	17	sieben	NUM	CARD								
13029027	18	Jahr	NOUN	NN					P		Nom	N
13029027	19	und	CCONJ	KON								
13029027	20	zu	ADP	PTKVZ								
13029027	21	Jerusalem	PROPN	NE					S		Nom	N
13029027	22	regieren	VERB	VVFIN		Fin	Past	3	S	Ind		
13029027	23	er	PRON	PPER				3	S		Nom	M
13029027	24	33	NUM	CARD								
13029027	25	Jahr	NOUN	NN					P		Nom	N
13029028	1	und	CCONJ	KON								
13029028	2	er	PRON	PPER				3	S		Nom	M
13029028	3	sterben	VERB	VVFIN		Fin	Past	3	S	Ind		
13029028	4	in	ADP	APPR								
13029028	5	gut	ADJ	ADJA	Pos				S		Dat	N
13029028	6	Alter	NOUN	NN					S		Nom	N
13029028	7	satt	ADV	ADJD	Pos							
13029028	8	an	ADP	PTKVZ								
13029028	9	Tag	NOUN	NN					P		Dat	M
13029028	10	Reichtum	NOUN	NN					S		Nom	M
13029028	11	und	CCONJ	KON								
13029028	12	Ehre	NOUN	NN					S		Nom	F
13029028	13	und	CCONJ	KON								
13029028	14	Salomo	PROPN	NE					S		Nom	M
13029028	15	sein	AUX	VAINF		Inf						
13029028	16	Sohn	NOUN	NN					S		Nom	M
13029028	17	werden	VERB	VAFIN		Fin	Past	3	S	Ind		
13029028	18	König	NOUN	NN					S		Nom	M
13029028	19	an	ADP	PTKVZ								
13029028	20	sein	DET	PPOSAT					S		Dat	F
13029028	21	statt	SCONJ	KOUI								
13029029	1	und	CCONJ	KON								
13029029	2	der	DET	ART					S		Nom	F
13029029	3	Geschichte	NOUN	NN					S		Nom	F
13029029	4	der	DET	ART					S		Gen	M
13029029	5	König	PROPN	NE					S		Nom	
13029029	6	David	PROPN	NE					S		Nom	M
13029029	7	der	DET	ART					S		Nom	F
13029029	8	erster	ADJ	ADJA	Pos				S		Nom	F
13029029	9	und	CCONJ	KON								
13029029	10	der	DET	ART					S		Nom	F
13029029	11	letzter	ADJ	ADJA	Pos				S		Nom	F
13029029	12	sehen	VERB	VVIMP				2	S	Imp		
13029029	13	sie	PRON	PPER				3	P		Nom	
13029029	14	sein	AUX	VAFIN		Fin	Pres	3	S	Ind		
13029029	15	schreiben	VERB	VVPP		Part						
13029029	16	in	ADP	APPR								
13029029	17	der	DET	ART					S		Nom	M
13029029	18	Geschichte	NOUN	NN					S		Nom	F
13029029	19	Samuel	PROPN	NE					S		Nom	
13029029	20	der	DET	ART					S		Gen	M
13029029	21	Seher	PROPN	NE					S		Gen	
13029029	22	und	CCONJ	KON								
13029029	23	in	ADP	APPR								
13029029	24	der	DET	ART					S		Nom	M
13029029	25	Geschichte	NOUN	NN					S		Nom	F
13029029	26	Nathans	PROPN	NE					S		Nom	M
13029029	27	der	DET	ART					S		Gen	M
13029029	28	Prophet	NOUN	NN					P		Nom	M
13029029	29	und	CCONJ	KON								
13029029	30	in	ADP	APPR								
13029029	31	der	DET	ART					S		Nom	M
13029029	32	Geschichte	NOUN	NN					S		Nom	F
13029029	33	Gads	X	NE								
13029029	34	der	DET	ART					S		Gen	M
13029029	35	Schauer	NOUN	NN					P		Nom	M
13029030	1	nebst	ADP	APPR								
13029030	2	sein	DET	PPOSAT					S		Dat	F
13029030	3	ganz	PRON	ADJA					S		Nom	M
13029030	4	Regierung	NOUN	NN					S		Nom	F
13029030	5	und	CCONJ	KON								
13029030	6	sein	DET	PPOSAT					S		Dat	F
13029030	7	Macht	NOUN	NN					S		Nom	F
13029030	8	und	CCONJ	KON								
13029030	9	der	DET	ART					S		Acc	M
13029030	10	Zeit	NOUN	NN					P		Nom	F
13029030	11	der	DET	ART					S		Nom	F
13029030	12	über	ADP	APPR								
13029030	13	ihn	PRON	PPER				3	S		Acc	M
13029030	14	und	CCONJ	KON								
13029030	15	über	ADP	APPR								
13029030	16	Israel	PROPN	NE					S		Nom	N
13029030	17	und	CCONJ	KON								
13029030	18	über	ADP	APPR								
13029030	19	aller	PRON	PIS					P		Nom	
13029030	20	Königreich	NOUN	NN					P		Nom	N
13029030	21	der	DET	ART					S		Nom	M
13029030	22	Land	NOUN	NN					P		Nom	N
13029030	23	ergehen	VERB	VVPP		Part						
13029030	24	sein	AUX	VAFIN		Fin	Pres	3	P	Ind		
