HebRefId	PositionInVerse	Lemma	PartOfSpeech	Stts	Degree	VerbForm	Tense	Person	Number	Mood	Case	Gender
14001001	1	und	CCONJ	KON								
14001001	2	Salomo	PROPN	NE					S		Nom	M
14001001	3	der	DET	ART					S		Nom	M
14001001	4	Sohn	NOUN	NN					S		Nom	M
14001001	5	David	PROPN	NE					S		Gen	M
14001001	6	erstarken	VERB	VVFIN		Fin	Past	3	S	Ind		
14001001	7	in	ADP	APPR								
14001001	8	sein	DET	PPOSAT					S		Dat	M
14001001	9	Königreich	NOUN	NN					S		Nom	N
14001001	10	und	CCONJ	KON								
14001001	11	Jahwe	NOUN	NN					S		Nom	M
14001001	12	sein	AUX	VAINF		Inf						
14001001	13	Gott	NOUN	NN					S		Nom	M
14001001	14	sein	AUX	VAFIN		Fin	Past	3	S	Ind		
14001001	15	mit	ADP	APPR								
14001001	16	ihm	PRON	PPER				3	S		Dat	M
14001001	17	und	CCONJ	KON								
14001001	18	machen	VERB	VVFIN		Fin	Past	3	S	Ind		
14001001	19	ihn	PRON	PPER				3	S		Acc	M
14001001	20	überaus	ADV	ADV								
14001001	21	groß	ADV	ADJD	Pos							
14001002	1	und	CCONJ	KON								
14001002	2	Salomo	PROPN	NE					S		Nom	M
14001002	3	reden	VERB	VVFIN		Fin	Past	3	S	Ind		
14001002	4	zu	ADP	PTKVZ								
14001002	5	ganz	ADV	ADV								
14001002	6	Israel	PROPN	NE					S		Nom	N
14001002	7	zu	ADP	PTKVZ								
14001002	8	der	DET	ART					S		Acc	M
14001002	9	oberer	ADJ	ADJA	Sup				S		Dat	F
14001002	10	über	ADP	APPR								
14001002	11	tausend	NUM	CARD								
14001002	12	und	CCONJ	KON								
14001002	13	über	ADP	APPR								
14001002	14	hundert	NUM	CARD								
14001002	15	und	CCONJ	KON								
14001002	16	zu	ADP	PTKVZ								
14001002	17	der	DET	ART					S		Acc	M
14001002	18	Richter	NOUN	NN					P		Dat	M
14001002	19	und	CCONJ	KON								
14001002	20	zu	ADP	PTKVZ								
14001002	21	aller	DET	PIS					P		Dat	
14001002	22	Fürst	NOUN	NN					P		Nom	M
14001002	23	von	ADP	APPR								
14001002	24	ganz	ADV	ADV								
14001002	25	Israel	PROPN	NE					S		Nom	N
14001002	26	der	DET	ART					S		Acc	M
14001002	27	Häupter	NOUN	NN					P		Dat	M
14001002	28	der	DET	ART					S		Nom	M
14001002	29	Vater	NOUN	NN					P		Nom	M
14001003	1	und	CCONJ	KON								
14001003	2	sie	PRON	PPER				3	P		Nom	
14001003	3	gehen	VERB	VVFIN		Fin	Past	3	P	Ind		
14001003	4	Salomo	PROPN	NE					S		Nom	M
14001003	5	und	CCONJ	KON								
14001003	6	der	DET	ART					S		Nom	F
14001003	7	ganz	ADJ	ADJA	Pos				S		Nom	F
14001003	8	Versammlung	NOUN	NN					S		Nom	F
14001003	9	mit	ADP	APPR								
14001003	10	ihm	PRON	PPER				3	S		Dat	M
14001003	11	nach	ADP	APPR								
14001003	12	der	DET	ART					S		Nom	M
14001003	13	Höhe	NOUN	NN					S		Nom	F
14001003	14	der	DET	ART					S		Nom	F
14001003	15	zu	ADP	PTKVZ								
14001003	16	Gibeon	PROPN	NE								
14001003	17	sein	AUX	VAFIN		Fin	Past	3	S	Ind		
14001003	18	denn	CCONJ	KON								
14001003	19	dort	ADV	ADV								
14001003	20	sein	AUX	VAFIN		Fin	Past	3	S	Ind		
14001003	21	der	DET	ART					S		Nom	N
14001003	22	Zelt	NOUN	NN					S		Nom	N
14001003	23	der	DET	ART					S		Nom	M
14001003	24	Zusammenkunft	NOUN	NN					S		Nom	F
14001003	25	Gott	NOUN	NN					S		Gen	M
14001003	26	welcher	DET	PWAT					S		Acc	N
14001003	27	Mose	PROPN	NE					S		Nom	
14001003	28	der	DET	ART					S		Nom	M
14001003	29	Knecht	NOUN	NN					S		Nom	M
14001003	30	Jahwe	PROPN	NE					S		Gen	
14001003	31	in	ADP	APPR								
14001003	32	der	DET	ART					S		Nom	M
14001003	33	Wüste	NOUN	NN					S		Nom	F
14001003	34	machen	VERB	VVPP		Part						
14001003	35	haben	AUX	VAFIN		Fin	Past	3	S	Ind		
14001004	1	jedoch	ADV	ADV								
14001004	2	der	DET	ART					S		Nom	F
14001004	3	lade	NOUN	NN					S		Nom	F
14001004	4	Gott	NOUN	NN					S		Gen	M
14001004	5	haben	AUX	VAFIN		Fin	Past	3	S	Ind		
14001004	6	David	PROPN	NE					S		Nom	M
14001004	7	von	ADP	APPR								
14001004	8	Kirjath-Jearim	NOUN	NN					S		Nom	N
14001004	9	heraufbringen	VERB	VVPP		Part						
14001004	10	an	ADP	PTKVZ								
14001004	11	der	DET	ART					S		Acc	M
14001004	12	Ort	NOUN	NN					S		Nom	M
14001004	13	welcher	DET	PWAT					S		Acc	M
14001004	14	David	PROPN	NE					S		Nom	M
14001004	15	für	ADP	APPR								
14001004	16	sie	PRON	PPER				3	P		Nom	
14001004	17	bereiten	VERB	VVFIN		Fin	Pres	3	S	Ind		
14001004	18	haben	AUX	VAFIN		Fin	Past	3	S	Ind		
14001004	19	denn	CCONJ	KON								
14001004	20	er	PRON	PPER				3	S		Nom	M
14001004	21	haben	AUX	VAFIN		Fin	Past	3	S	Ind		
14001004	22	ihr	PRON	PPOSAT				3	S		Dat	F
14001004	23	zu	ADP	PTKVZ								
14001004	24	Jerusalem	PROPN	NE					S		Nom	N
14001004	25	ein	DET	ART					S		Nom	N
14001004	26	Zelt	NOUN	NN					S		Nom	N
14001004	27	aufschlagen	VERB	VVPP		Part						
14001005	1	und	CCONJ	KON								
14001005	2	der	DET	ART					S		Nom	M
14001005	3	ehern	DET	ADJA					S		Nom	F
14001005	4	Altar	NOUN	NN					S		Nom	M
14001005	5	der	DET	ART					S		Acc	M
14001005	6	Bezaleel	PROPN	NE					S		Nom	
14001005	7	der	DET	ART					S		Nom	M
14001005	8	Sohn	NOUN	NN					S		Nom	M
14001005	9	Uris	PROPN	NE					S		Nom	
14001005	10	der	DET	ART					S		Gen	M
14001005	11	Sohn	PROPN	NE					S		Gen	M
14001005	12	Hur	PROPN	NE					S		Nom	
14001005	13	machen	VERB	VVPP		Part						
14001005	14	haben	AUX	VAFIN		Fin	Past	3	S	Ind		
14001005	15	sein	AUX	VAFIN		Fin	Past	3	S	Ind		
14001005	16	daselbst	ADV	PROAV								
14001005	17	vor	ADP	APPR								
14001005	18	der	DET	ART					S		Nom	M
14001005	19	Wohnung	NOUN	NN					S		Nom	F
14001005	20	Jahwe	PROPN	NE					S		Gen	
14001005	21	und	CCONJ	KON								
14001005	22	Salomo	PROPN	NE					S		Nom	M
14001005	23	und	CCONJ	KON								
14001005	24	der	DET	ART					S		Nom	F
14001005	25	Versammlung	NOUN	NN					S		Nom	F
14001005	26	besuchen	VERB	VVFIN		Fin	Past	3	P	Ind		
14001005	27	ihn	PRON	PPER				3	S		Acc	M
14001006	1	und	CCONJ	KON								
14001006	2	Salomo	PROPN	NE					S		Nom	M
14001006	3	opfern	VERB	VVFIN		Fin	Past	3	S	Ind		
14001006	4	daselbst	ADV	PROAV								
14001006	5	vor	ADP	APPR								
14001006	6	Jahwe	NOUN	NN					S		Nom	M
14001006	7	auf	ADP	PTKVZ								
14001006	8	der	DET	ART					S		Dat	M
14001006	9	ehern	ADJ	ADJA	Pos				S		Acc	M
14001006	10	Altar	NOUN	NN					S		Nom	M
14001006	11	der	DET	ART					S		Nom	M
14001006	12	bei	ADP	APPR								
14001006	13	der	DET	ART					S		Dat	M
14001006	14	Zelt	NOUN	NN					P		Nom	N
14001006	15	der	DET	ART					S		Nom	M
14001006	16	Zusammenkunft	NOUN	NN					S		Nom	F
14001006	17	sein	AUX	VAFIN		Fin	Past	3	S	Ind		
14001006	18	und	CCONJ	KON								
14001006	19	er	PRON	PPER				3	S		Nom	M
14001006	20	opfern	VERB	VVFIN		Fin	Past	3	S	Ind		
14001006	21	auf	ADP	PTKVZ								
14001006	22	derselbe	DET	PDAT					S		Dat	N
14001006	23	tausend	NUM	CARD								
14001006	24	Brandopfer	NOUN	NN					S		Nom	M
14001007	1	in	ADP	APPR								
14001007	2	selbig	PRON	ADJA					S		Nom	M
14001007	3	Nacht	NOUN	NN					S		Nom	F
14001007	4	erscheinen	VERB	VVFIN		Fin	Past	3	S	Ind		
14001007	5	Gott	NOUN	NN					S		Nom	M
14001007	6	der	DET	ART					S		Dat	M
14001007	7	Salomo	PROPN	NE					S		Nom	M
14001007	8	und	CCONJ	KON								
14001007	9	sprechen	VERB	VVFIN		Fin	Past	3	S	Ind		
14001007	10	zu	ADP	PTKVZ								
14001007	11	ihm	PRON	PPER				3	S		Dat	M
14001007	12	bitte	ADV	PTKANT								
14001007	13	was	PRON	PWS					S		Nom	N
14001007	14	ich	PRON	PPER				1	S		Nom	
14001007	15	dir	PRON	PPER				2	S		Dat	
14001007	16	geben	VERB	VVINF		Inf						
14001007	17	sollen	AUX	VMFIN		Fin	Pres	3	S	Ind		
14001008	1	und	CCONJ	KON								
14001008	2	Salomo	PROPN	NE					S		Nom	M
14001008	3	sprechen	VERB	VVFIN		Fin	Past	3	S	Ind		
14001008	4	zu	ADP	PTKVZ								
14001008	5	Gott	NOUN	NN					S		Nom	M
14001008	6	du	PRON	PPER				2	S		Nom	
14001008	7	haben	AUX	VAFIN		Fin	Pres	2	S	Ind		
14001008	8	ja	ADV	ADV								
14001008	9	an	ADP	PTKVZ								
14001008	10	David	PROPN	NE					S		Nom	M
14001008	11	mein	DET	PPOSAT					S		Dat	M
14001008	12	Vater	NOUN	NN					S		Nom	M
14001008	13	groß	ADJ	ADJA	Pos				S		Nom	F
14001008	14	Güte	NOUN	NN					S		Nom	F
14001008	15	erweisen	VERB	VVPP		Part						
14001008	16	und	CCONJ	KON								
14001008	17	du	PRON	PPER				2	S		Nom	
14001008	18	haben	AUX	VAFIN		Fin	Pres	2	S	Ind		
14001008	19	mich	PRON	PPER				1	S		Acc	
14001008	20	zu	ADP	APPRART					S		Dat	N
14001008	21	König	NOUN	NN					S		Nom	M
14001008	22	machen	VERB	VVPP		Part						
14001008	23	an	ADP	PTKVZ								
14001008	24	sein	DET	PPOSAT					S		Dat	F
14001008	25	statt	SCONJ	KOUI								
14001009	1	nun	ADV	ADV								
14001009	2	mögen	AUX	VMFIN		Fin	Pres	3	S	Sub		
14001009	3	sich	PRON	PRF				3	S		Acc	
14001009	4	Jahwe	NOUN	NN					S		Nom	M
14001009	5	Gott	NOUN	NN					S		Nom	M
14001009	6	dein	DET	PPER					S		Nom	N
14001009	7	Wort	NOUN	NN					S		Nom	N
14001009	8	bewähren	VERB	VVFIN		Fin	Pres	3	P	Ind		
14001009	9	der	DET	ART					S		Nom	N
14001009	10	du	PRON	PPER				2	S		Nom	
14001009	11	zu	ADP	PTKVZ								
14001009	12	mein	DET	PPOSAT					S		Dat	M
14001009	13	Vater	NOUN	NN					S		Nom	M
14001009	14	David	PROPN	NE					S		Nom	M
14001009	15	reden	VERB	VVPP		Part						
14001009	16	haben	AUX	VAFIN		Fin	Pres	2	S	Ind		
14001009	17	denn	CCONJ	KON								
14001009	18	du	PRON	PPER				2	S		Nom	
14001009	19	haben	AUX	VAFIN		Fin	Pres	2	S	Ind		
14001009	20	mich	PRON	PPER				1	S		Acc	
14001009	21	zu	ADP	APPRART					S		Dat	N
14001009	22	König	NOUN	NN					S		Nom	M
14001009	23	machen	VERB	VVPP		Part						
14001009	24	über	ADP	APPR								
14001009	25	ein	DET	ART					S		Nom	N
14001009	26	Volk	NOUN	NN					S		Nom	N
14001009	27	der	DET	ART					S		Nom	N
14001009	28	zahlreich	ADV	ADJD	Pos							
14001009	29	sein	AUX	VAFIN		Fin	Pres	3	S	Ind		
14001009	30	wie	ADP	KOKOM								
14001009	31	der	DET	ART					S		Nom	M
14001009	32	Staub	NOUN	NN					S		Nom	M
14001009	33	der	DET	ART					S		Nom	M
14001009	34	Erde	NOUN	NN					S		Nom	F
14001010	1	Gib	ADV	ADJD	Pos							
14001010	2	mir	PRON	PPER				1	S		Dat	
14001010	3	nun	ADV	ADV								
14001010	4	Weisheit	NOUN	NN					S		Nom	F
14001010	5	und	CCONJ	KON								
14001010	6	Erkenntnis	NOUN	NN					S		Nom	F
14001010	7	daß	SCONJ	KOUS								
14001010	8	ich	PRON	PPER				1	S		Nom	
14001010	9	vor	ADP	APPR								
14001010	10	dieser	DET	PDAT					S		Dat	N
14001010	11	Volke	NOUN	NN					S		Nom	M
14001010	12	aus	ADP	PTKVZ								
14001010	13	und	CCONJ	KON								
14001010	14	eingehen	VERB	VVINF		Inf						
14001010	15	mögen	AUX	VMFIN		Fin	Pres	3	S	Sub		
14001010	16	denn	CCONJ	KON								
14001010	17	wer	PRON	PWS					S		Nom	M
14001010	18	können	AUX	VMFIN		Fin	Past	3	S	Sub		
14001010	19	dieser	DET	PDAT					S		Nom	N
14001010	20	dein	DET	PPER					S		Nom	N
14001010	21	groß	ADJ	ADJA	Pos				S		Nom	N
14001010	22	Volk	NOUN	NN					S		Nom	N
14001010	23	richten	VERB	VVFIN		Fin	Pres	3	P	Ind		
14001011	1	und	CCONJ	KON								
14001011	2	Gott	NOUN	NN					S		Nom	M
14001011	3	sprechen	VERB	VVFIN		Fin	Past	3	S	Ind		
14001011	4	zu	ADP	PTKVZ								
14001011	5	Salomo	PROPN	NE					S		Nom	M
14001011	6	weil	SCONJ	KOUS								
14001011	7	dieser	DET	PDAT					S		Nom	N
14001011	8	in	ADP	APPR								
14001011	9	dein	DET	PPOSAT					S		Dat	M
14001011	10	Herz	NOUN	NN					S		Nom	N
14001011	11	sein	AUX	VAPP		Part						
14001011	12	sein	AUX	VAFIN		Fin	Pres	3	S	Ind		
14001011	13	und	CCONJ	KON								
14001011	14	du	PRON	PPER				2	S		Nom	
14001011	15	nicht	PART	PTKNEG								
14001011	16	bitten	VERB	VVPP		Part						
14001011	17	haben	AUX	VAFIN		Fin	Pres	2	S	Ind		
14001011	18	um	ADP	APPR								
14001011	19	Reichtum	NOUN	NN					S		Nom	M
14001011	20	Gut	NOUN	NN					P		Nom	N
14001011	21	und	CCONJ	KON								
14001011	22	Ehre	NOUN	NN					S		Nom	F
14001011	23	und	CCONJ	KON								
14001011	24	um	ADP	APPR								
14001011	25	der	DET	ART					S		Nom	N
14001011	26	Leben	NOUN	NN					S		Nom	N
14001011	27	der	PRON	PDS					P		Gen	
14001011	28	der	DET	ART					S		Nom	F
14001011	29	dich	PRON	PPER				2	S		Acc	
14001011	30	hassen	VERB	VVINF		Inf						
14001011	31	und	CCONJ	KON								
14001011	32	auch	ADV	ADV								
14001011	33	nicht	PART	PTKNEG								
14001011	34	um	ADP	APPR								
14001011	35	vieler	PRON	PIS					P		Nom	
14001011	36	Tag	NOUN	NN					P		Nom	M
14001011	37	bitten	VERB	VVPP		Part						
14001011	38	sondern	CCONJ	KON								
14001011	39	dir	PRON	PPER				2	S		Dat	
14001011	40	Weisheit	NOUN	NN					S		Nom	F
14001011	41	und	CCONJ	KON								
14001011	42	Erkenntnis	NOUN	NN					S		Nom	F
14001011	43	erbet	VERB	VVPP		Part						
14001011	44	haben	AUX	VAFIN		Fin	Pres	2	S	Ind		
14001011	45	damit	ADV	PROAV								
14001011	46	du	PRON	PPER				2	S		Nom	
14001011	47	mein	DET	PPOSAT					S		Nom	N
14001011	48	Volk	NOUN	NN					S		Nom	N
14001011	49	richten	VERB	VVFIN		Fin	Pres	3	P	Ind		
14001011	50	mögest	X	FM								
14001011	51	über	ADP	APPR								
14001011	52	welcher	DET	PWAT					S		Acc	N
14001011	53	ich	PRON	PPER				1	S		Nom	
14001011	54	dich	PRON	PPER				2	S		Acc	
14001011	55	zu	ADP	APPRART					S		Dat	N
14001011	56	König	NOUN	NN					S		Nom	M
14001011	57	machen	VERB	VVPP		Part						
14001011	58	haben	AUX	VAFIN		Fin	Pres	3	S	Sub		
14001012	1	so	ADV	ADV								
14001012	2	sein	AUX	VAFIN		Fin	Pres	3	P	Ind		
14001012	3	dir	PRON	PPER				2	S		Dat	
14001012	4	Weisheit	NOUN	NN					S		Nom	F
14001012	5	und	CCONJ	KON								
14001012	6	Erkenntnis	NOUN	NN					S		Nom	F
14001012	7	geben	VERB	VVPP		Part						
14001012	8	und	CCONJ	KON								
14001012	9	Reichtum	NOUN	NN					S		Nom	M
14001012	10	und	CCONJ	KON								
14001012	11	Gut	NOUN	NN					P		Nom	N
14001012	12	und	CCONJ	KON								
14001012	13	Ehre	NOUN	NN					S		Nom	F
14001012	14	wollen	AUX	VMFIN		Fin	Pres	3	S	Ind		
14001012	15	ich	PRON	PPER				1	S		Nom	
14001012	16	dir	PRON	PPER				2	S		Dat	
14001012	17	geben	VERB	VVINF		Inf						
14001012	18	dergleichen	PRON	PIS					S		Nom	M
14001012	19	der	DET	ART					S		Nom	F
14001012	20	König	NOUN	NN					P		Nom	M
14001012	21	der	DET	ART					S		Nom	F
14001012	22	vor	ADP	APPR								
14001012	23	dir	PRON	PPER				2	S		Dat	
14001012	24	sein	AUX	VAPP		Part						
14001012	25	sein	AUX	VAFIN		Fin	Pres	3	P	Ind		
14001012	26	nicht	PART	PTKNEG								
14001012	27	haben	VERB	VAPP		Part						
14001012	28	haben	AUX	VAFIN		Fin	Pres	3	P	Ind		
14001012	29	und	CCONJ	KON								
14001012	30	dergleichen	PRON	PIS					S		Nom	M
14001012	31	keiner	PRON	PIS					S		Nom	M
14001012	32	nach	ADP	APPR								
14001012	33	dir	PRON	PPER				2	S		Dat	
14001012	34	haben	AUX	VAFIN		Fin	Pres	3	P	Ind		
14001012	35	werden	AUX	VAFIN		Fin	Pres	3	S	Ind		
14001013	1	und	CCONJ	KON								
14001013	2	Salomo	PROPN	NE					S		Nom	M
14001013	3	kommen	VERB	VVFIN		Fin	Past	3	S	Ind		
14001013	4	von	ADP	APPR								
14001013	5	der	DET	ART					S		Nom	M
14001013	6	Höhe	NOUN	NN					S		Nom	F
14001013	7	der	DET	ART					S		Nom	F
14001013	8	zu	ADP	PTKVZ								
14001013	9	Gibeon	PROPN	NE								
14001013	10	sein	AUX	VAFIN		Fin	Past	3	S	Ind		
14001013	11	von	ADP	APPR								
14001013	12	der	DET	ART					S		Dat	M
14001013	13	Zelt	NOUN	NN					P		Nom	N
14001013	14	der	DET	ART					S		Nom	M
14001013	15	Zusammenkunft	NOUN	NN					S		Nom	F
14001013	16	nach	ADP	APPR								
14001013	17	Jerusalem	PROPN	NE					S		Nom	N
14001013	18	und	CCONJ	KON								
14001013	19	er	PRON	PPER				3	S		Nom	M
14001013	20	regieren	VERB	VVFIN		Fin	Past	3	S	Ind		
14001013	21	über	ADP	APPR								
14001013	22	Israel	PROPN	NE					S		Nom	N
14001014	1	und	CCONJ	KON								
14001014	2	Salomo	PROPN	NE					S		Nom	M
14001014	3	bringen	VERB	VVFIN		Fin	Past	3	S	Ind		
14001014	4	Wagen	NOUN	NN					S		Nom	M
14001014	5	und	CCONJ	KON								
14001014	6	Reiter	NOUN	NN					S		Nom	M
14001014	7	zusammen	ADV	PTKVZ								
14001014	8	und	CCONJ	KON								
14001014	9	er	PRON	PPER				3	S		Nom	M
14001014	10	haben	AUX	VAFIN		Fin	Past	3	S	Ind		
14001014	11	1400	NUM	CARD								
14001014	12	Wagen	NOUN	NN					S		Nom	M
14001014	13	und	CCONJ	KON								
14001014	14	12000	NUM	CARD								
14001014	15	Reiter	NOUN	NN					S		Nom	M
14001014	16	und	CCONJ	KON								
14001014	17	er	PRON	PPER				3	S		Nom	M
14001014	18	verlegen	VERB	VVFIN		Fin	Past	3	S	Ind		
14001014	19	sie	PRON	PPER				3	P		Nom	
14001014	20	in	ADP	APPR								
14001014	21	der	DET	ART					S		Nom	F
14001014	22	Wagenstädte	NOUN	NN					S		Nom	F
14001014	23	und	CCONJ	KON								
14001014	24	zu	ADP	PTKVZ								
14001014	25	der	DET	ART					S		Dat	M
14001014	26	König	NOUN	NN					S		Nom	M
14001014	27	nach	ADP	APPR								
14001014	28	Jerusalem	PROPN	NE					S		Nom	N
14001015	1	und	CCONJ	KON								
14001015	2	der	DET	ART					S		Nom	M
14001015	3	König	NOUN	NN					S		Nom	M
14001015	4	machen	VERB	VVFIN		Fin	Past	3	S	Ind		
14001015	5	der	DET	ART					S		Nom	N
14001015	6	Silber	NOUN	NN					S		Nom	N
14001015	7	und	CCONJ	KON								
14001015	8	der	DET	ART					S		Nom	N
14001015	9	Gold	NOUN	NN					S		Nom	N
14001015	10	in	ADP	APPR								
14001015	11	Jerusalem	PROPN	NE					S		Nom	N
14001015	12	der	DET	ART					S		Acc	M
14001015	13	Stein	NOUN	NN					P		Dat	M
14001015	14	gleich	ADV	ADV	Pos							
14001015	15	und	CCONJ	KON								
14001015	16	der	DET	ART					S		Nom	F
14001015	17	Cedern	NOUN	NN					S		Nom	N
14001015	18	machen	VERB	VVFIN		Fin	Past	3	S	Ind		
14001015	19	er	PRON	PPER				3	S		Nom	M
14001015	20	der	DET	ART					S		Acc	M
14001015	21	Sykomoren	NOUN	NN					S		Nom	N
14001015	22	gleich	ADV	ADV	Pos							
14001015	23	der	DET	ART					S		Nom	F
14001015	24	in	ADP	APPR								
14001015	25	der	DET	ART					S		Nom	M
14001015	26	Niederung	NOUN	NN					S		Nom	F
14001015	27	sein	AUX	VAFIN		Fin	Pres	3	P	Ind		
14001015	28	an	ADP	PTKVZ								
14001015	29	Menge	NOUN	NN					S		Nom	F
14001016	1	und	CCONJ	KON								
14001016	2	der	DET	ART					S		Nom	F
14001016	3	Ausfuhr	NOUN	NN					S		Nom	F
14001016	4	der	DET	ART					S		Nom	M
14001016	5	Roß	NOUN	NN					P		Nom	M
14001016	6	für	ADP	APPR								
14001016	7	Salomo	PROPN	NE					S		Nom	M
14001016	8	geschehen	VERB	VVFIN		Fin	Past	3	S	Ind		
14001016	9	aus	ADP	PTKVZ								
14001016	10	Ägypten	PROPN	NE					S		Nom	N
14001016	11	und	CCONJ	KON								
14001016	12	ein	DET	ART					S		Nom	N
14001016	13	Zug	NOUN	NN					S		Nom	M
14001016	14	Handelsleute	NOUN	NN					P		Nom	
14001016	15	der	DET	ART					S		Gen	M
14001016	16	König	PROPN	NE					S		Nom	
14001016	17	holen	VERB	VVFIN		Fin	Past	3	S	Ind		
14001016	18	ein	DET	ART					S		Acc	M
14001016	19	Zug	NOUN	NN					S		Nom	M
14001016	20	um	ADP	APPR								
14001016	21	Geld	NOUN	NN					S		Nom	N
14001017	1	und	CCONJ	KON								
14001017	2	sie	PRON	PPER				3	P		Nom	
14001017	3	bringen	VERB	VVFIN		Fin	Past	3	P	Ind		
14001017	4	herauf	ADV	PTKVZ								
14001017	5	und	CCONJ	KON								
14001017	6	führen	VERB	VVFIN		Fin	Past	3	P	Ind		
14001017	7	aus	ADP	PTKVZ								
14001017	8	Ägypten	PROPN	NE					S		Nom	N
14001017	9	ein	DET	ART					S		Acc	M
14001017	10	Wagen	NOUN	NN					S		Nom	M
14001017	11	aus	ADP	PTKVZ								
14001017	12	um	ADP	APPR								
14001017	13	600	NUM	CARD								
14001017	14	sekel	NOUN	NN					S		Nom	M
14001017	15	Silber	NOUN	NN					S		Nom	N
14001017	16	und	CCONJ	KON								
14001017	17	ein	DET	ART					S		Nom	N
14001017	18	Roß	NOUN	NN					S		Nom	N
14001017	19	um	ADP	APPR								
14001017	20	150	NUM	CARD								
14001017	21	und	CCONJ	KON								
14001017	22	also	ADV	ADV								
14001017	23	führen	VERB	VVFIN		Fin	Past	3	S	Ind		
14001017	24	man	PRON	PIS					S		Nom	
14001017	25	für	ADP	APPR								
14001017	26	aller	PRON	PIS					P		Nom	
14001017	27	König	NOUN	NN					P		Nom	M
14001017	28	der	DET	ART					S		Nom	M
14001017	29	Hethiter	PROPN	NE					S		Nom	M
14001017	30	und	CCONJ	KON								
14001017	31	für	ADP	APPR								
14001017	32	der	DET	ART					S		Nom	F
14001017	33	König	NOUN	NN					P		Nom	M
14001017	34	von	ADP	APPR								
14001017	35	Syrien	PROPN	NE					S		Nom	N
14001017	36	durch	ADP	APPR								
14001017	37	ihr	DET	PPOSAT					S		Nom	F
14001017	38	Hand	NOUN	NN					S		Nom	F
14001017	39	aus	ADP	PTKVZ								
14001018	1	und	CCONJ	KON								
14001018	2	Salomo	PROPN	NE					S		Nom	M
14001018	3	gedachen	VERB	VVFIN		Fin	Past	3	S	Ind		
14001018	4	der	DET	ART					S		Dat	M
14001018	5	Name	NOUN	NN					P		Nom	M
14001018	6	Jahwe	PROPN	NE					S		Gen	
14001018	7	ein	DET	ART					S		Nom	N
14001018	8	Haus	NOUN	NN					S		Nom	N
14001018	9	zu	ADP	PTKVZ								
14001018	10	bauen	VERB	VVINF		Inf						
14001018	11	und	CCONJ	KON								
14001018	12	ein	DET	ART					S		Nom	N
14001018	13	Haus	NOUN	NN					S		Nom	N
14001018	14	für	ADP	APPR								
14001018	15	sein	AUX	VAINF		Inf						
14001018	16	Königtum	NOUN	NN					S		Nom	N
14002001	1	und	CCONJ	KON								
14002001	2	Salomo	PROPN	NE					S		Nom	M
14002001	3	zählen	VERB	VVFIN		Fin	Past	3	S	Ind		
14002001	4	70000	NUM	CARD								
14002001	5	Lastträger	NOUN	NN					S		Nom	M
14002001	6	ab	ADP	PTKVZ								
14002001	7	und	CCONJ	KON								
14002001	8	80000	NUM	CARD								
14002001	9	Steinhauer	PROPN	NE					S		Nom	
14002001	10	in	ADP	APPRART					S		Dat	N
14002001	11	Gebirge	NOUN	NN					S		Nom	N
14002001	12	und	CCONJ	KON								
14002001	13	3600	NUM	CARD								
14002001	14	Aufseher	NOUN	NN					P		Nom	M
14002001	15	über	ADP	APPR								
14002001	16	derselbe	DET	PDAT					S		Nom	F
14002002	1	und	CCONJ	KON								
14002002	2	Salomo	PROPN	NE					S		Nom	M
14002002	3	senden	VERB	VVFIN		Fin	Past	3	S	Ind		
14002002	4	zu	ADP	PTKVZ								
14002002	5	Huram	PROPN	NE					S		Nom	N
14002002	6	der	DET	ART					S		Dat	M
14002002	7	König	NOUN	NN					S		Nom	M
14002002	8	von	ADP	APPR								
14002002	9	Tyrus	PROPN	NE					S		Nom	M
14002002	10	und	CCONJ	KON								
14002002	11	lassen	VERB	VVFIN		Fin	Past	3	S	Ind		
14002002	12	ihm	PRON	PPER				3	S		Dat	M
14002002	13	sagen	VERB	VVINF		Inf						
14002002	14	so	ADV	ADV								
14002002	15	wie	ADP	KOKOM								
14002002	16	du	PRON	PPER				2	S		Nom	
14002002	17	mein	DET	PPOSAT					S		Dat	M
14002002	18	Vater	NOUN	NN					S		Nom	M
14002002	19	David	PROPN	NE					S		Nom	M
14002002	20	tun	VERB	VVPP		Part						
14002002	21	und	CCONJ	KON								
14002002	22	ihm	PRON	PPER				3	S		Dat	M
14002002	23	Cedern	NOUN	NN					S		Nom	N
14002002	24	gesandt	VERB	VVPP		Part						
14002002	25	haben	AUX	VAFIN		Fin	Pres	2	S	Ind		
14002002	26	daß	SCONJ	KOUS								
14002002	27	er	PRON	PPER				3	S		Nom	M
14002002	28	sich	PRON	PRF				3	S		Acc	
14002002	29	ein	DET	ART					S		Nom	N
14002002	30	Haus	NOUN	NN					S		Nom	N
14002002	31	bauen	VERB	VVFIN		Fin	Pres	3	S	Sub		
14002002	32	um	ADP	APPR								
14002002	33	darin	ADV	PROAV								
14002002	34	zu	ADP	PTKVZ								
14002002	35	wohnen	VERB	VVINF		Inf						
14002002	36	so	ADV	ADV								
14002002	37	tun	VERB	VVFIN		Fin	Pres	3	S	Sub		
14002002	38	auch	ADV	ADV								
14002002	39	mir	PRON	PPER				1	S		Dat	
14002003	1	sehen	VERB	VVIMP				2	S	Imp		
14002003	2	ich	PRON	PPER				1	S		Nom	
14002003	3	wollen	AUX	VMFIN		Fin	Pres	3	S	Ind		
14002003	4	der	DET	ART					S		Dat	M
14002003	5	Name	NOUN	NN					P		Nom	M
14002003	6	Jahwe	PROPN	NE					S		Gen	
14002003	7	meiner	DET	PPOSAT					S		Gen	N
14002003	8	Gott	NOUN	NN					S		Gen	M
14002003	9	ein	DET	ART					S		Nom	N
14002003	10	Haus	NOUN	NN					S		Nom	N
14002003	11	bauen	VERB	VVINF		Inf						
14002003	12	um	ADP	APPR								
14002003	13	es	PRON	PPER				3	S		Nom	N
14002003	14	ihm	PRON	PPER				3	S		Dat	M
14002003	15	zu	ADP	PTKVZ								
14002003	16	heilig	ADJ	ADJA	Pos				S		Acc	M
14002003	17	wohlriechend	ADJ	ADJA	Pos				S		Nom	N
14002003	18	Räucherwerk	NOUN	NN					S		Nom	N
14002003	19	vor	ADP	APPR								
14002003	20	ihm	PRON	PPER				3	S		Dat	M
14002003	21	zu	ADP	PTKVZ								
14002003	22	räuchern	VERB	VVINF		Inf						
14002003	23	und	CCONJ	KON								
14002003	24	um	ADP	APPR								
14002003	25	der	DET	ART					S		Nom	N
14002003	26	beständig	ADJ	ADJA	Pos				S		Nom	F
14002003	27	Schichtbrot	PROPN	NE					S		Nom	
14002003	28	Zuzuricht	NOUN	NN					P		Dat	F
14002003	29	und	CCONJ	KON								
14002003	30	Brandopfer	NOUN	NN					S		Nom	M
14002003	31	morgens	ADV	ADV								
14002003	32	und	CCONJ	KON								
14002003	33	abends	ADV	ADV								
14002003	34	zu	ADP	PTKVZ								
14002003	35	opfern	VERB	VVINF		Inf						
14002003	36	an	ADP	PTKVZ								
14002003	37	der	DET	ART					S		Acc	M
14002003	38	sabbathen	NOUN	NN					P		Nom	F
14002003	39	und	CCONJ	KON								
14002003	40	an	ADP	PTKVZ								
14002003	41	der	DET	ART					S		Acc	M
14002003	42	Neumond	NOUN	NN					P		Nom	M
14002003	43	und	CCONJ	KON								
14002003	44	an	ADP	PTKVZ								
14002003	45	der	DET	ART					S		Acc	M
14002003	46	Fest	NOUN	NN					P		Dat	N
14002003	47	Jahwe	PROPN	NE					S		Gen	
14002003	48	unser	DET	PPOSAT					S		Gen	M
14002003	49	Gott	NOUN	NN					S		Gen	M
14002003	50	ewiglich	ADV	ADJD	Pos							
14002003	51	liegen	VERB	VVFIN		Fin	Pres	3	S	Ind		
14002003	52	dieser	PRON	PDS					S		Nom	N
14002003	53	Israel	PROPN	NE					S		Nom	N
14002003	54	ob	SCONJ	KOUS								
14002004	1	und	CCONJ	KON								
14002004	2	der	DET	ART					S		Nom	N
14002004	3	Haus	NOUN	NN					S		Nom	N
14002004	4	der	DET	ART					S		Nom	N
14002004	5	ich	PRON	PPER				1	S		Nom	
14002004	6	bauen	VERB	VVINF		Inf						
14002004	7	wollen	AUX	VMFIN		Fin	Pres	3	S	Ind		
14002004	8	sollen	AUX	VMFIN		Fin	Pres	3	S	Ind		
14002004	9	groß	ADV	ADJD	Pos							
14002004	10	sein	AUX	VAINF		Inf						
14002004	11	denn	CCONJ	KON								
14002004	12	unser	DET	PPOSAT					S		Nom	N
14002004	13	Gott	NOUN	NN					S		Nom	M
14002004	14	sein	AUX	VAFIN		Fin	Pres	3	S	Ind		
14002004	15	groß	ADV	ADJD	Cmp							
14002004	16	als	ADP	KOKOM								
14002004	17	aller	PRON	PIS					P		Nom	
14002004	18	Götter	NOUN	NN					P		Nom	M
14002005	1	aber	CCONJ	KON								
14002005	2	wer	PRON	PWS					S		Nom	M
14002005	3	vermöchte	VERB	VVFIN		Fin	Past	3	S	Sub		
14002005	4	ihm	PRON	PPER				3	S		Dat	M
14002005	5	ein	DET	ART					S		Nom	N
14002005	6	Haus	NOUN	NN					S		Nom	N
14002005	7	zu	ADP	PTKVZ								
14002005	8	bauen	VERB	VVINF		Inf						
14002005	9	denn	CCONJ	KON								
14002005	10	der	DET	ART					S		Nom	F
14002005	11	Himmel	NOUN	NN					S		Nom	M
14002005	12	und	CCONJ	KON								
14002005	13	der	DET	ART					S		Nom	M
14002005	14	Himmel	NOUN	NN					S		Nom	M
14002005	15	Himmel	NOUN	NN					S		Nom	M
14002005	16	können	AUX	VMFIN		Fin	Pres	3	P	Ind		
14002005	17	ihn	PRON	PPER				3	S		Acc	M
14002005	18	nicht	PART	PTKNEG								
14002005	19	fassen	VERB	VVINF		Inf						
14002005	20	und	CCONJ	KON								
14002005	21	wer	PRON	PWS					S		Nom	M
14002005	22	sein	AUX	VAFIN		Fin	Pres	1	S	Ind		
14002005	23	ich	PRON	PPER				1	S		Nom	
14002005	24	daß	SCONJ	KOUS								
14002005	25	ich	PRON	PPER				1	S		Nom	
14002005	26	ihm	PRON	PPER				3	S		Dat	M
14002005	27	ein	DET	ART					S		Nom	N
14002005	28	Haus	NOUN	NN					S		Nom	N
14002005	29	bauen	VERB	VVINF		Inf						
14002005	30	sollen	AUX	VMFIN		Fin	Past	3	S	Ind		
14002005	31	es	PRON	PPER				3	S		Nom	N
14002005	32	sein	AUX	VAFIN		Fin	Pres	3	S	Sub		
14002005	33	denn	CCONJ	KON								
14002005	34	um	ADP	APPR								
14002005	35	vor	ADP	APPR								
14002005	36	ihm	PRON	PPER				3	S		Dat	M
14002005	37	zu	ADP	PTKVZ								
14002005	38	räuchern	VERB	VVINF		Inf						
14002006	1	und	CCONJ	KON								
14002006	2	nun	ADV	ADV								
14002006	3	senden	VERB	VVFIN		Fin	Pres	3	S	Sub		
14002006	4	mir	PRON	PPER				1	S		Dat	
14002006	5	ein	DET	ART					S		Acc	M
14002006	6	Mann	NOUN	NN					S		Nom	M
14002006	7	der	DET	ART					S		Nom	M
14002006	8	zu	ADP	PTKVZ								
14002006	9	arbeiten	VERB	VVFIN		Fin	Pres	3	P	Ind		
14002006	10	verstehen	VERB	VVFIN		Fin	Pres	3	S	Ind		
14002006	11	in	ADP	APPR								
14002006	12	Gold	NOUN	NN					S		Nom	N
14002006	13	und	CCONJ	KON								
14002006	14	in	ADP	APPR								
14002006	15	Silber	NOUN	NN					S		Nom	N
14002006	16	und	CCONJ	KON								
14002006	17	in	ADP	APPR								
14002006	18	Erz	NOUN	NN					S		Nom	N
14002006	19	und	CCONJ	KON								
14002006	20	in	ADP	APPR								
14002006	21	Eisen	NOUN	NN					S		Nom	N
14002006	22	und	CCONJ	KON								
14002006	23	in	ADP	APPR								
14002006	24	rot	ADJ	ADJA	Pos				S		Dat	M
14002006	25	Purpur	NOUN	NN					S		Nom	N
14002006	26	und	CCONJ	KON								
14002006	27	Karmesin	NOUN	NN					S		Nom	F
14002006	28	und	CCONJ	KON								
14002006	29	blau	ADJ	ADJA	Pos				S		Dat	
14002006	30	Purpur	NOUN	NN					S		Nom	N
14002006	31	und	CCONJ	KON								
14002006	32	kundig	ADV	ADJD	Pos							
14002006	33	sein	AUX	VAFIN		Fin	Pres	3	S	Ind		
14002006	34	Schnitzarbeit	NOUN	NN					S		Nom	F
14002006	35	zu	ADP	PTKVZ								
14002006	36	machen	VERB	VVINF		Inf						
14002006	37	nebst	ADP	APPR								
14002006	38	der	DET	ART					S		Acc	M
14002006	39	Kunstverständigen	NOUN	PIS					P		Nom	F
14002006	40	der	DET	ART					S		Nom	F
14002006	41	bei	ADP	APPR								
14002006	42	mir	PRON	PPER				1	S		Dat	
14002006	43	in	ADP	APPR								
14002006	44	Juda	PROPN	NE					S		Nom	M
14002006	45	und	CCONJ	KON								
14002006	46	in	ADP	APPR								
14002006	47	Jerusalem	PROPN	NE					S		Nom	N
14002006	48	sein	AUX	VAFIN		Fin	Pres	3	P	Ind		
14002006	49	der	DET	ART					S		Nom	F
14002006	50	mein	DET	PPOSAT					S		Nom	N
14002006	51	Vater	NOUN	NN					S		Nom	M
14002006	52	David	PROPN	NE					S		Nom	M
14002006	53	bestellen	VERB	VVPP		Part						
14002006	54	haben	AUX	VAFIN		Fin	Pres	3	S	Ind		
14002007	1	und	CCONJ	KON								
14002007	2	senden	VERB	VVFIN		Fin	Pres	3	S	Sub		
14002007	3	mir	PRON	PPER				1	S		Dat	
14002007	4	Cedern	NOUN	NN					S		Nom	N
14002007	5	Cypresse	PROPN	NE					S		Nom	
14002007	6	und	CCONJ	KON								
14002007	7	Sandelholz	NOUN	NN					S		Nom	N
14002007	8	von	ADP	APPRART					S		Dat	N
14002007	9	Libanon	PROPN	NE					S		Nom	M
14002007	10	denn	CCONJ	KON								
14002007	11	ich	PRON	PPER				1	S		Nom	
14002007	12	wissen	VERB	VVFIN		Fin	Pres	3	S	Ind		
14002007	13	daß	SCONJ	KOUS								
14002007	14	dein	DET	PPOSAT					S		Nom	F
14002007	15	Knecht	NOUN	NN					P		Nom	M
14002007	16	der	DET	ART					S		Nom	N
14002007	17	Holz	NOUN	NN					S		Nom	N
14002007	18	der	DET	ART					S		Gen	M
14002007	19	Libanon	PROPN	NE					S		Nom	M
14002007	20	zu	ADP	PTKVZ								
14002007	21	hauen	VERB	VVINF		Inf						
14002007	22	verstehen	VERB	VVINF		Inf						
14002007	23	und	CCONJ	KON								
14002007	24	sehen	VERB	VVIMP				2	S	Imp		
14002007	25	mein	DET	PPOSAT					S		Nom	F
14002007	26	Knecht	NOUN	NN					P		Nom	M
14002007	27	sollen	AUX	VMFIN		Fin	Pres	3	P	Ind		
14002007	28	mit	ADP	APPR								
14002007	29	dein	DET	PPOSAT					S		Acc	M
14002007	30	knechte	NOUN	NN					P		Nom	M
14002007	31	sein	AUX	VAINF		Inf						
14002008	1	und	CCONJ	KON								
14002008	2	man	PRON	PIS					S		Nom	
14002008	3	mögen	AUX	VMFIN		Fin	Pres	3	S	Sub		
14002008	4	mir	PRON	PPER				1	S		Dat	
14002008	5	Holz	NOUN	NN					S		Nom	N
14002008	6	bereiten	VERB	VVFIN		Fin	Pres	3	P	Ind		
14002008	7	in	ADP	APPR								
14002008	8	Menge	NOUN	NN					S		Nom	F
14002008	9	denn	CCONJ	KON								
14002008	10	der	DET	ART					S		Nom	N
14002008	11	Haus	NOUN	NN					S		Nom	N
14002008	12	der	DET	ART					S		Nom	N
14002008	13	ich	PRON	PPER				1	S		Nom	
14002008	14	bauen	VERB	VVINF		Inf						
14002008	15	wollen	AUX	VMFIN		Fin	Pres	3	S	Ind		
14002008	16	sollen	AUX	VMFIN		Fin	Pres	3	S	Ind		
14002008	17	groß	ADV	ADJD	Pos							
14002008	18	und	CCONJ	KON								
14002008	19	außerordentlich	ADV	ADJD	Pos							
14002008	20	sein	AUX	VAINF		Inf						
14002009	1	und	CCONJ	KON								
14002009	2	sehen	VERB	VVIMP				2	S	Imp		
14002009	3	ich	PRON	PPER				1	S		Nom	
14002009	4	werden	AUX	VAFIN		Fin	Pres	3	S	Sub		
14002009	5	dein	DET	PPOSAT					S		Acc	M
14002009	6	knechte	NOUN	NN					P		Nom	M
14002009	7	der	DET	ART					S		Acc	M
14002009	8	Holzhauer	NOUN	NN					P		Dat	M
14002009	9	der	DET	ART					S		Nom	F
14002009	10	der	DET	ART					S		Nom	N
14002009	11	Holz	NOUN	NN					S		Nom	N
14002009	12	Fall	VERB	VVINF		Inf						
14002009	13	ausgeschlagen	ADJ	ADJA	Pos				S		Dat	M
14002009	14	weizen	NOUN	NN					S		Nom	M
14002009	15	geben	VERB	VVINF		Inf						
14002009	16	20000	NUM	CARD								
14002009	17	Kor	PROPN	NE					S		Nom	
14002009	18	und	CCONJ	KON								
14002009	19	20000	NUM	CARD								
14002009	20	Kor	PROPN	NE					S		Nom	
14002009	21	Gerste	NOUN	ADV					S		Nom	F
14002009	22	und	CCONJ	KON								
14002009	23	20000	NUM	CARD								
14002009	24	Bath	PROPN	NE					S		Nom	
14002009	25	Wein	NOUN	NN					S		Nom	M
14002009	26	und	CCONJ	KON								
14002009	27	20000	NUM	CARD								
14002009	28	Bath	PROPN	NE					S		Nom	
14002009	29	Öl	NOUN	NN					S		Nom	N
14002010	1	und	CCONJ	KON								
14002010	2	Huram	PROPN	NE					S		Nom	N
14002010	3	der	DET	ART					S		Nom	M
14002010	4	König	NOUN	NN					S		Nom	M
14002010	5	von	ADP	APPR								
14002010	6	Tyrus	PROPN	NE					S		Nom	M
14002010	7	antworten	VERB	VVFIN		Fin	Past	3	S	Ind		
14002010	8	schriftlich	ADV	ADJD	Pos							
14002010	9	und	CCONJ	KON								
14002010	10	senden	VERB	VVFIN		Fin	Past	3	S	Ind		
14002010	11	an	ADP	PTKVZ								
14002010	12	Salomo	PROPN	NE					S		Nom	M
14002010	13	folgend	ADJ	ADJA	Pos				S		Nom	F
14002010	14	Botschaft	NOUN	NN					S		Nom	F
14002010	15	weil	SCONJ	KOUS								
14002010	16	Jahwe	NOUN	NN					S		Nom	M
14002010	17	sein	AUX	VAINF		Inf						
14002010	18	Volk	NOUN	NN					S		Nom	N
14002010	19	lieben	VERB	VVFIN		Fin	Pres	3	S	Ind		
14002010	20	haben	AUX	VAFIN		Fin	Pres	3	S	Ind		
14002010	21	er	PRON	PPER				3	S		Nom	M
14002010	22	dich	PRON	PPER				2	S		Acc	
14002010	23	zu	ADP	APPRART					S		Dat	N
14002010	24	König	NOUN	NN					S		Nom	M
14002010	25	über	ADP	APPR								
14002010	26	sie	PRON	PPER				3	P		Nom	
14002010	27	setzen	VERB	VVPP		Part						
14002011	1	und	CCONJ	KON								
14002011	2	Huram	PROPN	NE					S		Nom	N
14002011	3	sprechen	VERB	VVFIN		Fin	Past	3	S	Ind		
14002011	4	Gepriesen	ADV	ADJD	Pos							
14002011	5	sein	AUX	VAFIN		Fin	Pres	3	S	Sub		
14002011	6	Jahwe	NOUN	NN					S		Nom	M
14002011	7	der	DET	ART					S		Nom	M
14002011	8	Gott	NOUN	NN					S		Nom	M
14002011	9	Israel	PROPN	NE					S		Gen	N
14002011	10	der	DET	ART					S		Nom	M
14002011	11	Himmel	NOUN	NN					S		Nom	M
14002011	12	und	CCONJ	KON								
14002011	13	Erde	NOUN	NN					S		Nom	F
14002011	14	machen	VERB	VVPP		Part						
14002011	15	haben	AUX	VAFIN		Fin	Pres	3	S	Ind		
14002011	16	daß	SCONJ	KOUS								
14002011	17	er	PRON	PPER				3	S		Nom	M
14002011	18	der	DET	ART					S		Dat	M
14002011	19	König	NOUN	NN					S		Nom	M
14002011	20	David	PROPN	NE					S		Nom	M
14002011	21	ein	DET	ART					S		Acc	M
14002011	22	weisen	VERB	VVINF		Inf						
14002011	23	Sohn	NOUN	NN					S		Nom	M
14002011	24	geben	VERB	VVPP		Part						
14002011	25	voll	ADV	ADJD	Pos							
14002011	26	Einsicht	NOUN	NN					S		Nom	F
14002011	27	und	CCONJ	KON								
14002011	28	Verstand	NOUN	NN					S		Nom	M
14002011	29	der	DET	ART					S		Nom	M
14002011	30	Jahwe	NOUN	NN					S		Nom	M
14002011	31	ein	DET	ART					S		Nom	N
14002011	32	Haus	NOUN	NN					S		Nom	N
14002011	33	bauen	VERB	VVINF		Inf						
14002011	34	wollen	AUX	VMFIN		Fin	Pres	3	S	Ind		
14002011	35	und	CCONJ	KON								
14002011	36	ein	DET	ART					S		Nom	N
14002011	37	Haus	NOUN	NN					S		Nom	N
14002011	38	für	ADP	APPR								
14002011	39	sein	AUX	VAINF		Inf						
14002011	40	Königtum	NOUN	NN					S		Nom	N
14002012	1	und	CCONJ	KON								
14002012	2	nun	ADV	ADV								
14002012	3	senden	VERB	VVFIN		Fin	Pres	3	S	Sub		
14002012	4	ich	PRON	PPER				1	S		Nom	
14002012	5	ein	DET	ART					S		Acc	M
14002012	6	Kunstverständigen	VERB	ADJA		Fin	Pres	3	P	Ind		
14002012	7	Einsichtsvolle	NOUN	NN					P		Nom	F
14002012	8	Mann	NOUN	NN					S		Nom	M
14002012	9	Huram-Abi	PROPN	NE					S		Nom	
14002013	1	der	DET	ART					S		Acc	M
14002013	2	Sohn	NOUN	NN					S		Nom	M
14002013	3	ein	PRON	ART					S		Nom	N
14002013	4	Weibe	NOUN	NN					S		Gen	N
14002013	5	von	ADP	APPR								
14002013	6	der	DET	ART					S		Acc	M
14002013	7	Töchter	NOUN	NN					P		Nom	F
14002013	8	Dans	PROPN	NE					S		Nom	M
14002013	9	und	CCONJ	KON								
14002013	10	der	PRON	PDS					S		Gen	
14002013	11	Vater	NOUN	NN					S		Nom	M
14002013	12	ein	DET	ART					S		Nom	N
14002013	13	Tyrer	NOUN	NN					S		Nom	M
14002013	14	sein	AUX	VAFIN		Fin	Past	3	S	Ind		
14002013	15	der	DET	ART					S		Nom	M
14002013	16	zu	ADP	PTKVZ								
14002013	17	arbeiten	VERB	VVFIN		Fin	Pres	3	P	Ind		
14002013	18	wissen	VERB	VVFIN		Fin	Pres	3	S	Ind		
14002013	19	in	ADP	APPR								
14002013	20	Gold	NOUN	NN					S		Nom	N
14002013	21	und	CCONJ	KON								
14002013	22	Silber	NOUN	NN					S		Nom	N
14002013	23	in	ADP	APPR								
14002013	24	Erz	NOUN	NN					S		Nom	N
14002013	25	in	ADP	APPR								
14002013	26	Eisen	NOUN	NN					S		Nom	N
14002013	27	in	ADP	APPR								
14002013	28	Stein	NOUN	NN					P		Dat	M
14002013	29	und	CCONJ	KON								
14002013	30	in	ADP	APPR								
14002013	31	Holz	NOUN	NN					S		Nom	N
14002013	32	in	ADP	APPR								
14002013	33	rot	ADJ	ADJA	Pos				S		Dat	M
14002013	34	Purpur	NOUN	NN					S		Nom	N
14002013	35	in	ADP	APPR								
14002013	36	blau	ADJ	ADJA	Pos				S		Dat	
14002013	37	Purpur	NOUN	NN					S		Nom	N
14002013	38	und	CCONJ	KON								
14002013	39	in	ADP	APPR								
14002013	40	Byssus	PROPN	NE					S		Nom	
14002013	41	und	CCONJ	KON								
14002013	42	in	ADP	APPR								
14002013	43	Karmesin	NOUN	NN					S		Nom	F
14002013	44	und	CCONJ	KON								
14002013	45	allerlei	DET	PIAT								
14002013	46	Schnitzarbeit	NOUN	NN					S		Nom	F
14002013	47	zu	ADP	PTKVZ								
14002013	48	machen	VERB	VVINF		Inf						
14002013	49	und	CCONJ	KON								
14002013	50	allerlei	DET	PIAT								
14002013	51	Kunstwerk	NOUN	NN					S		Nom	N
14002013	52	zu	ADP	PTKVZ								
14002013	53	Ersinnen	VERB	VVFIN		Fin	Pres	3	P	Ind		
14002013	54	der	DET	ART					S		Nom	N
14002013	55	ihm	PRON	PPER				3	S		Dat	M
14002013	56	aufgeben	VERB	VVPP		Part						
14002013	57	werden	AUX	VAFIN		Fin	Pres	3	S	Ind		
14002013	58	nebst	ADP	APPR								
14002013	59	dein	DET	PPOSAT					S		Acc	M
14002013	60	Kunstverständigen	NOUN	PIS					P		Nom	F
14002013	61	und	CCONJ	KON								
14002013	62	der	DET	ART					S		Acc	M
14002013	63	Kunstverständigen	NOUN	PIS					P		Nom	F
14002013	64	meiner	DET	PPOSAT					S		Gen	N
14002013	65	Herr	NOUN	NN					S		Acc	M
14002013	66	David	PROPN	NE					S		Nom	M
14002013	67	dein	DET	PPOSAT					S		Gen	N
14002013	68	Vater	NOUN	NN					S		Gen	M
14002014	1	und	CCONJ	KON								
14002014	2	nun	ADV	ADV								
14002014	3	der	DET	ART					S		Acc	M
14002014	4	weizen	NOUN	NN					S		Nom	M
14002014	5	und	CCONJ	KON								
14002014	6	der	DET	ART					S		Nom	F
14002014	7	Gerste	NOUN	ADV					S		Nom	F
14002014	8	der	DET	ART					S		Nom	N
14002014	9	Öl	NOUN	NN					S		Nom	N
14002014	10	und	CCONJ	KON								
14002014	11	der	DET	ART					S		Acc	M
14002014	12	Wein	NOUN	NN					S		Nom	M
14002014	13	wovon	ADV	PWAV								
14002014	14	mein	DET	PPOSAT					S		Nom	N
14002014	15	Herr	NOUN	NN					S		Nom	M
14002014	16	sprechen	VERB	VVPP		Part						
14002014	17	haben	AUX	VAFIN		Fin	Pres	3	S	Ind		
14002014	18	mögen	AUX	VMFIN		Fin	Pres	3	S	Sub		
14002014	19	er	PRON	PPER				3	S		Nom	M
14002014	20	sein	DET	PPOSAT					S		Acc	M
14002014	21	knechte	NOUN	NN					P		Nom	M
14002014	22	senden	VERB	VVFIN		Fin	Pres	3	P	Ind		
14002015	1	wir	PRON	PPER				1	P		Nom	
14002015	2	aber	CCONJ	KON								
14002015	3	werden	AUX	VAFIN		Fin	Pres	3	P	Ind		
14002015	4	Holz	NOUN	NN					S		Nom	N
14002015	5	hauen	VERB	VVINF		Inf						
14002015	6	von	ADP	APPRART					S		Dat	N
14002015	7	Libanon	PROPN	NE					S		Nom	M
14002015	8	nach	ADP	APPR								
14002015	9	all	DET	PIAT								
14002015	10	dein	DET	PPOSAT					S		Dat	M
14002015	11	Bedarf	NOUN	NN					S		Nom	M
14002015	12	und	CCONJ	KON								
14002015	13	werden	AUX	VAFIN		Fin	Pres	3	P	Ind		
14002015	14	es	PRON	PPER				3	S		Nom	N
14002015	15	dir	PRON	PPER				2	S		Dat	
14002015	16	als	ADP	KOKOM								
14002015	17	Floß	NOUN	NN					P		Nom	M
14002015	18	auf	ADP	PTKVZ								
14002015	19	der	DET	ART					S		Dat	M
14002015	20	Meer	NOUN	NN					P		Nom	N
14002015	21	nach	ADP	APPR								
14002015	22	Japho	PROPN	NE					S		Gen	
14002015	23	bringen	VERB	VVINF		Inf						
14002015	24	und	CCONJ	KON								
14002015	25	du	PRON	PPER				2	S		Nom	
14002015	26	magst	X	ADV								
14002015	27	es	PRON	PPER				3	S		Nom	N
14002015	28	nach	ADP	APPR								
14002015	29	Jerusalem	PROPN	NE					S		Nom	N
14002015	30	Hinaufschaffe	VERB	VVFIN		Fin	Past	3	P	Sub		
14002016	1	und	CCONJ	KON								
14002016	2	Salomo	PROPN	NE					S		Nom	M
14002016	3	zählen	VERB	VVFIN		Fin	Past	3	S	Ind		
14002016	4	aller	PRON	PIS					P		Nom	
14002016	5	Fremdling	NOUN	NN					P		Nom	M
14002016	6	der	DET	ART					S		Nom	F
14002016	7	in	ADP	APPRART					S		Dat	N
14002016	8	Land	NOUN	NN					P		Nom	N
14002016	9	Israel	PROPN	NE					S		Nom	N
14002016	10	sein	AUX	VAFIN		Fin	Past	3	P	Ind		
14002016	11	nach	ADP	APPR								
14002016	12	der	DET	ART					S		Nom	M
14002016	13	Zählung	NOUN	NN					S		Nom	F
14002016	14	welcher	DET	PWAT					S		Nom	F
14002016	15	sein	AUX	VAINF		Inf						
14002016	16	Vater	NOUN	NN					S		Nom	M
14002016	17	David	PROPN	NE					S		Nom	M
14002016	18	von	ADP	APPR								
14002016	19	ihnen	PRON	PPER				3	P		Dat	
14002016	20	machen	VERB	VVPP		Part						
14002016	21	haben	AUX	VAFIN		Fin	Past	3	S	Ind		
14002016	22	und	CCONJ	KON								
14002016	23	es	PRON	PPER				3	S		Nom	N
14002016	24	finden	VERB	VVFIN		Fin	Past	3	P	Ind		
14002016	25	sich	PRON	PRF				3	S		Acc	
14002016	26	153600	NUM	CARD								
14002017	1	und	CCONJ	KON								
14002017	2	er	PRON	PPER				3	S		Nom	M
14002017	3	machen	VERB	VVFIN		Fin	Past	3	S	Ind		
14002017	4	aus	ADP	PTKVZ								
14002017	5	ihnen	PRON	PPER				3	P		Dat	
14002017	6	70000	NUM	CARD								
14002017	7	zu	ADP	PTKVZ								
14002017	8	Lastträger	NOUN	NN					P		Nom	M
14002017	9	und	CCONJ	KON								
14002017	10	80000	NUM	CARD								
14002017	11	zu	ADP	PTKVZ								
14002017	12	steinhauern	NOUN	NN					P		Dat	M
14002017	13	in	ADP	APPRART					S		Dat	N
14002017	14	Gebirge	NOUN	NN					S		Nom	N
14002017	15	und	CCONJ	KON								
14002017	16	3600	NUM	CARD								
14002017	17	zu	ADP	PTKVZ								
14002017	18	Aufseher	NOUN	NN					P		Dat	M
14002017	19	um	ADP	APPR								
14002017	20	der	DET	ART					S		Nom	N
14002017	21	Volk	NOUN	NN					S		Nom	N
14002017	22	zu	ADP	APPRART					S		Dat	F
14002017	23	Arbeit	NOUN	NN					S		Nom	F
14002017	24	anhalten	VERB	VVIZU		Inf						
14003001	1	und	CCONJ	KON								
14003001	2	Salomo	PROPN	NE					S		Nom	M
14003001	3	fehen	VERB	VVFIN		Fin	Past	3	S	Ind		
14003001	4	an	ADP	PTKVZ								
14003001	5	der	DET	ART					S		Nom	N
14003001	6	Haus	NOUN	NN					S		Nom	N
14003001	7	Jahwe	PROPN	NE					S		Gen	
14003001	8	zu	ADP	PTKVZ								
14003001	9	bauen	VERB	VVINF		Inf						
14003001	10	in	ADP	APPR								
14003001	11	Jerusalem	PROPN	NE					S		Nom	N
14003001	12	auf	ADP	PTKVZ								
14003001	13	der	DET	ART					S		Dat	M
14003001	14	Berg	NOUN	NN					P		Nom	M
14003001	15	Morija	X	NN								
14003001	16	wo	SCONJ	PWAV								
14003001	17	er	PRON	PPER				3	S		Nom	M
14003001	18	sein	DET	PPOSAT					S		Dat	M
14003001	19	Vater	NOUN	NN					S		Nom	M
14003001	20	David	PROPN	NE					S		Nom	M
14003001	21	erscheinen	VERB	VVPP		Part						
14003001	22	sein	AUX	VAFIN		Fin	Past	3	S	Ind		
14003001	23	an	ADP	PTKVZ								
14003001	24	der	DET	ART					S		Dat	M
14003001	25	Ort	NOUN	NN					P		Nom	M
14003001	26	der	DET	ART					S		Acc	M
14003001	27	David	PROPN	NE					S		Nom	M
14003001	28	bereiten	VERB	VVFIN		Fin	Pres	3	S	Ind		
14003001	29	haben	AUX	VAFIN		Fin	Past	3	S	Ind		
14003001	30	auf	ADP	PTKVZ								
14003001	31	der	DET	ART					S		Nom	M
14003001	32	Tenne	NOUN	NN					S		Nom	F
14003001	33	Ornan	PROPN	NE					S		Gen	N
14003001	34	der	DET	ART					S		Gen	M
14003001	35	Jebusiter	PROPN	NE					S		Gen	
14003002	1	und	CCONJ	KON								
14003002	2	er	PRON	PPER				3	S		Nom	M
14003002	3	fehen	VERB	VVFIN		Fin	Past	3	S	Ind		
14003002	4	an	ADP	PTKVZ								
14003002	5	zu	ADP	PTKVZ								
14003002	6	bauen	VERB	VVINF		Inf						
14003002	7	in	ADP	APPRART					S		Dat	N
14003002	8	zweiter	ADJ	ADJA	Pos				S		Dat	M
14003002	9	Monat	NOUN	NN					S		Nom	M
14003002	10	an	ADP	APPRART					S		Dat	M
14003002	11	zweiter	ADJ	ADJA	Pos				S		Dat	M
14003002	12	Tag	NOUN	NN					P		Nom	M
14003002	13	in	ADP	APPRART					S		Dat	N
14003002	14	vierter	ADJ	ADJA	Pos				S		Acc	M
14003002	15	Jahr	NOUN	NN					P		Nom	N
14003002	16	sein	DET	PPOSAT					S		Dat	F
14003002	17	Regierung	NOUN	NN					S		Nom	F
14003003	1	und	CCONJ	KON								
14003003	2	dieser	PRON	PDS					S		Nom	N
14003003	3	sein	AUX	VAFIN		Fin	Past	3	S	Ind		
14003003	4	der	DET	ART					S		Nom	F
14003003	5	Grundlage	NOUN	NN					S		Nom	F
14003003	6	welcher	DET	PWAT					S		Nom	F
14003003	7	Salomo	PROPN	NE					S		Nom	M
14003003	8	zu	ADP	APPRART					S		Dat	N
14003003	9	Bau	NOUN	NN					S		Nom	M
14003003	10	der	DET	ART					S		Gen	M
14003003	11	Haus	NOUN	NN					S		Gen	N
14003003	12	Gott	NOUN	NN					S		Gen	M
14003003	13	legen	VERB	VVFIN		Fin	Past	3	S	Ind		
14003003	14	der	DET	ART					S		Nom	F
14003003	15	Länge	NOUN	NN					S		Nom	F
14003003	16	nach	ADP	APPR								
14003003	17	der	DET	ART					S		Dat	M
14003003	18	früh	ADJ	ADJA	Cmp				S		Gen	N
14003003	19	Ellenmaß	NOUN	NN					S		Acc	M
14003003	20	sechzig	NUM	CARD								
14003003	21	Ellen	PROPN	NE					S		Nom	F
14003003	22	und	CCONJ	KON								
14003003	23	der	DET	ART					S		Nom	F
14003003	24	Breite	NOUN	NN					S		Nom	F
14003003	25	zwanzig	NUM	CARD								
14003003	26	Ellen	PROPN	NE					S		Nom	F
14003004	1	und	CCONJ	KON								
14003004	2	der	DET	ART					S		Nom	F
14003004	3	Halle	NOUN	NE					S		Nom	F
14003004	4	welcher	DET	PWAT					S		Nom	F
14003004	5	der	DET	ART					S		Nom	M
14003004	6	Länge	NOUN	NN					S		Nom	F
14003004	7	nach	ADP	APPR								
14003004	8	vor	ADP	APPR								
14003004	9	der	DET	ART					S		Nom	M
14003004	10	Breite	NOUN	NN					S		Nom	F
14003004	11	der	DET	ART					S		Gen	M
14003004	12	Haus	NOUN	NN					S		Gen	N
14003004	13	sein	AUX	VAFIN		Fin	Past	3	S	Ind		
14003004	14	zwanzig	NUM	CARD								
14003004	15	Ellen	PROPN	NE					S		Nom	F
14003004	16	und	CCONJ	KON								
14003004	17	der	DET	ART					S		Nom	F
14003004	18	Höhe120	ADV	APPR								
14003004	19	und	CCONJ	KON								
14003004	20	er	PRON	PPER				3	S		Nom	M
14003004	21	überziehen	VERB	VVFIN		Fin	Past	3	S	Ind		
14003004	22	sie	PRON	PPER				3	P		Nom	
14003004	23	inwendig	ADV	ADJD	Pos							
14003004	24	mit	ADP	APPR								
14003004	25	rein	PRON	VVPP					S		Dat	M
14003004	26	Golde	NOUN	NN					S		Nom	N
14003005	1	und	CCONJ	KON								
14003005	2	der	DET	ART					S		Nom	N
14003005	3	groß	ADJ	ADJA	Pos				S		Nom	F
14003005	4	Haus	NOUN	NN					S		Nom	N
14003005	5	bekleiden	VERB	VVFIN		Fin	Past	3	S	Ind		
14003005	6	er	PRON	PPER				3	S		Nom	M
14003005	7	mit	ADP	APPR								
14003005	8	Cypressenholz	NOUN	NN					S		Nom	M
14003005	9	und	CCONJ	KON								
14003005	10	bekleiden	VERB	VVFIN		Fin	Past	3	S	Ind		
14003005	11	es	PRON	PPER				3	S		Nom	N
14003005	12	mit	ADP	APPR								
14003005	13	gut	ADJ	ADJA	Pos				S		Dat	N
14003005	14	Golde	NOUN	NN					S		Nom	N
14003005	15	und	CCONJ	KON								
14003005	16	er	PRON	PPER				3	S		Nom	M
14003005	17	bringen	VERB	VVFIN		Fin	Past	3	S	Ind		
14003005	18	Palme	NOUN	NN					P		Nom	F
14003005	19	und	CCONJ	KON								
14003005	20	Kette	NOUN	NN					P		Nom	F
14003005	21	darauf	ADV	PROAV								
14003005	22	an	ADP	PTKVZ								
14003006	1	und	CCONJ	KON								
14003006	2	er	PRON	PPER				3	S		Nom	M
14003006	3	überziehen	VERB	VVFIN		Fin	Past	3	S	Ind		
14003006	4	der	DET	ART					S		Nom	N
14003006	5	Haus	NOUN	NN					S		Nom	N
14003006	6	mit	ADP	APPR								
14003006	7	kostbar	ADJ	ADJA	Pos				S		Acc	M
14003006	8	Stein	NOUN	NN					P		Dat	M
14003006	9	zu	ADP	APPRART					S		Dat	N
14003006	10	Schmuck	NOUN	NN					S		Nom	M
14003006	11	der	DET	ART					S		Nom	N
14003006	12	Gold	NOUN	NN					S		Nom	N
14003006	13	aber	CCONJ	KON								
14003006	14	sein	AUX	VAFIN		Fin	Past	3	S	Ind		
14003006	15	Gold	NOUN	NN					S		Nom	N
14003006	16	von	ADP	APPR								
14003006	17	Parwaim	NOUN	NN					P		Nom	M
14003007	1	und	CCONJ	KON								
14003007	2	er	PRON	PPER				3	S		Nom	M
14003007	3	bekleiden	VERB	VVFIN		Fin	Past	3	S	Ind		
14003007	4	der	DET	ART					S		Nom	N
14003007	5	Haus	NOUN	NN					S		Nom	N
14003007	6	der	DET	ART					S		Nom	F
14003007	7	Balke	NOUN	NN					P		Nom	M
14003007	8	der	DET	ART					S		Nom	M
14003007	9	Decke	NOUN	NN					S		Nom	F
14003007	10	der	DET	ART					S		Nom	F
14003007	11	Schwelle	NOUN	NN					P		Nom	F
14003007	12	und	CCONJ	KON								
14003007	13	sein	DET	PPOSAT					S		Nom	F
14003007	14	Wand	NOUN	NN					P		Nom	F
14003007	15	und	CCONJ	KON								
14003007	16	sein	DET	PPOSAT					S		Nom	F
14003007	17	Türflügel	NOUN	NN					S		Nom	M
14003007	18	mit	ADP	APPR								
14003007	19	Gold	NOUN	NN					S		Nom	N
14003007	20	und	CCONJ	KON								
14003007	21	er	PRON	PPER				3	S		Nom	M
14003007	22	schnitzen	VERB	VVFIN		Fin	Past	3	S	Ind		
14003007	23	Cherubim	PROPN	NE					S		Nom	
14003007	24	ein	DET	ART					S		Nom	N
14003007	25	an	ADP	PTKVZ								
14003007	26	der	DET	ART					S		Acc	M
14003007	27	Wand	NOUN	NN					P		Nom	F
14003008	1	und	CCONJ	KON								
14003008	2	er	PRON	PPER				3	S		Nom	M
14003008	3	machen	VERB	VVFIN		Fin	Past	3	S	Ind		
14003008	4	der	DET	ART					S		Nom	N
14003008	5	Haus	NOUN	NN					S		Nom	N
14003008	6	der	DET	ART					S		Gen	M
14003008	7	Allerheiligsten	NOUN	NN					S		Nom	N
14003008	8	sein	DET	PPOSAT					S		Nom	F
14003008	9	Länge	NOUN	NN					S		Nom	F
14003008	10	vor	ADP	APPR								
14003008	11	der	DET	ART					S		Nom	M
14003008	12	Breite	NOUN	NN					S		Nom	F
14003008	13	der	DET	ART					S		Gen	M
14003008	14	Haus	NOUN	NN					S		Gen	N
14003008	15	her	ADV	ADV								
14003008	16	sein	AUX	VAFIN		Fin	Past	3	S	Ind		
14003008	17	zwanzig	NUM	CARD								
14003008	18	Ellen	PROPN	NE					S		Nom	F
14003008	19	und	CCONJ	KON								
14003008	20	sein	DET	PPOSAT					S		Nom	F
14003008	21	Breite	NOUN	NN					S		Nom	F
14003008	22	zwanzig	NUM	CARD								
14003008	23	Ellen	PROPN	NE					S		Nom	F
14003008	24	und	CCONJ	KON								
14003008	25	er	PRON	PPER				3	S		Nom	M
14003008	26	bekleiden	VERB	VVFIN		Fin	Past	3	S	Ind		
14003008	27	es	PRON	PPER				3	S		Nom	N
14003008	28	mit	ADP	APPR								
14003008	29	gut	ADJ	ADJA	Pos				S		Dat	N
14003008	30	Golde	NOUN	NN					S		Nom	N
14003008	31	an	ADP	PTKVZ								
14003008	32	sechshundert	NUM	CARD								
14003008	33	Talent	NOUN	NN					P		Nom	N
14003009	1	und	CCONJ	KON								
14003009	2	der	DET	ART					S		Nom	N
14003009	3	Gewicht	NOUN	NN					S		Nom	N
14003009	4	der	DET	ART					S		Nom	M
14003009	5	Nägel	PROPN	NE					S		Nom	
14003009	6	sein	AUX	VAFIN		Fin	Past	3	S	Ind		
14003009	7	an	ADP	PTKVZ								
14003009	8	fünfzig	NUM	CARD								
14003009	9	sekel	NOUN	NN					S		Nom	M
14003009	10	Gold	NOUN	NN					S		Nom	N
14003009	11	auch	ADV	ADV								
14003009	12	der	DET	ART					S		Nom	F
14003009	13	Obergemächer	PROPN	NE					S		Nom	
14003009	14	bekleiden	VERB	VVFIN		Fin	Past	3	S	Ind		
14003009	15	er	PRON	PPER				3	S		Nom	M
14003009	16	mit	ADP	APPR								
14003009	17	Gold	NOUN	NN					S		Nom	N
14003010	1	und	CCONJ	KON								
14003010	2	er	PRON	PPER				3	S		Nom	M
14003010	3	machen	VERB	VVFIN		Fin	Past	3	S	Ind		
14003010	4	in	ADP	APPRART					S		Dat	N
14003010	5	Haus	NOUN	NN					P		Nom	N
14003010	6	der	DET	ART					S		Gen	M
14003010	7	Allerheiligsten	NOUN	NN					S		Nom	N
14003010	8	zwei	NUM	CARD								
14003010	9	Cherubim	PROPN	NE					S		Nom	
14003010	10	ein	DET	ART					S		Nom	N
14003010	11	Werk	NOUN	NN					S		Nom	N
14003010	12	von	ADP	APPR								
14003010	13	Bildhauerarbeit	NOUN	NN					S		Nom	F
14003010	14	und	CCONJ	KON								
14003010	15	man	PRON	PIS					S		Nom	
14003010	16	überziehen	VERB	VVFIN		Fin	Past	3	S	Ind		
14003010	17	sie	PRON	PPER				3	P		Nom	
14003010	18	mit	ADP	APPR								
14003010	19	Gold	NOUN	NN					S		Nom	N
14003011	1	und	CCONJ	KON								
14003011	2	der	DET	ART					S		Nom	F
14003011	3	Flügel	NOUN	NN					P		Nom	M
14003011	4	der	DET	ART					S		Nom	M
14003011	5	Cherubim	PROPN	NE					S		Nom	
14003011	6	ihr	DET	PPOSAT					S		Nom	F
14003011	7	Länge	NOUN	NN					S		Nom	F
14003011	8	sein	AUX	VAFIN		Fin	Past	3	S	Ind		
14003011	9	zwanzig	NUM	CARD								
14003011	10	Ellen	PROPN	NE					S		Nom	F
14003011	11	der	DET	ART					S		Nom	M
14003011	12	Flügel	NOUN	NN					P		Nom	M
14003011	13	der	DET	ART					S		Gen	M
14003011	14	ein	DET	ART					S		Acc	M
14003011	15	von	ADP	APPR								
14003011	16	fünf	NUM	CARD								
14003011	17	Ellen	PROPN	NE					S		Nom	F
14003011	18	rühren	VERB	VVFIN		Fin	Past	3	S	Ind		
14003011	19	an	ADP	PTKVZ								
14003011	20	der	DET	ART					S		Nom	F
14003011	21	Wand	NOUN	NN					S		Nom	F
14003011	22	der	DET	ART					S		Gen	M
14003011	23	Haus	NOUN	NN					S		Gen	N
14003011	24	und	CCONJ	KON								
14003011	25	der	DET	ART					S		Nom	M
14003011	26	anderer	PRON	PIS					P		Nom	
14003011	27	Flügel	NOUN	NN					P		Nom	M
14003011	28	von	ADP	APPR								
14003011	29	fünf	NUM	CARD								
14003011	30	Ellen	PROPN	NE					S		Nom	F
14003011	31	rühren	VERB	VVFIN		Fin	Past	3	S	Ind		
14003011	32	an	ADP	PTKVZ								
14003011	33	der	DET	ART					S		Acc	M
14003011	34	Flügel	NOUN	NN					P		Nom	M
14003011	35	der	DET	ART					S		Gen	M
14003011	36	anderer	PRON	PIS					P		Dat	
14003011	37	Cherub	PROPN	NE					S		Nom	
14003012	1	und	CCONJ	KON								
14003012	2	der	DET	ART					S		Nom	M
14003012	3	Flügel	NOUN	NN					P		Nom	M
14003012	4	der	DET	ART					S		Gen	M
14003012	5	anderer	PRON	PIS					P		Dat	
14003012	6	Cherub	PROPN	NE					S		Nom	
14003012	7	von	ADP	APPR								
14003012	8	fünf	NUM	CARD								
14003012	9	Ellen	PROPN	NE					S		Nom	F
14003012	10	rühren	VERB	VVFIN		Fin	Past	3	S	Ind		
14003012	11	an	ADP	PTKVZ								
14003012	12	der	DET	ART					S		Nom	F
14003012	13	Wand	NOUN	NN					S		Nom	F
14003012	14	der	DET	ART					S		Gen	M
14003012	15	Haus	NOUN	NN					S		Gen	N
14003012	16	und	CCONJ	KON								
14003012	17	der	DET	ART					S		Nom	M
14003012	18	anderer	PRON	PIS					P		Nom	
14003012	19	Flügel	NOUN	NN					P		Nom	M
14003012	20	von	ADP	APPR								
14003012	21	fünf	NUM	CARD								
14003012	22	Ellen	PROPN	NE					S		Nom	F
14003012	23	stoßen	VERB	VVFIN		Fin	Past	3	S	Ind		
14003012	24	an	ADP	PTKVZ								
14003012	25	der	DET	ART					S		Acc	M
14003012	26	Flügel	NOUN	NN					P		Nom	M
14003012	27	der	DET	ART					S		Gen	M
14003012	28	ein	DET	ART					S		Acc	M
14003012	29	Cherub	PROPN	NE					S		Nom	
14003013	1	der	DET	ART					S		Nom	F
14003013	2	Flügel	NOUN	NN					P		Nom	M
14003013	3	dieser	PRON	PDAT					S		Nom	M
14003013	4	Cherubim	PROPN	NE					S		Nom	
14003013	5	Maße	VERB	VVFIN		Fin	Pres	3	P	Ind		
14003013	6	ausbreiten	VERB	VVPP		Part						
14003013	7	zwanzig	NUM	CARD								
14003013	8	Ellen	PROPN	NE					S		Nom	F
14003013	9	und	CCONJ	KON								
14003013	10	sie	PRON	PPER				3	P		Nom	
14003013	11	selbst	ADV	ADV								
14003013	12	stehen	VERB	VVFIN		Fin	Past	3	P	Ind		
14003013	13	auf	ADP	PTKVZ								
14003013	14	ihr	DET	PPOSAT					S		Acc	M
14003013	15	Fuß	NOUN	NN					P		Dat	M
14003013	16	und	CCONJ	KON								
14003013	17	ihr	DET	PPOSAT					S		Nom	F
14003013	18	Angesichter	NOUN	NN					S		Nom	F
14003013	19	sein	AUX	VAFIN		Fin	Past	3	P	Ind		
14003013	20	der	DET	ART					S		Dat	M
14003013	21	Haus	NOUN	NN					P		Nom	N
14003013	22	zuwenden	VERB	VVPP		Part						
14003014	1	und	CCONJ	KON								
14003014	2	er	PRON	PPER				3	S		Nom	M
14003014	3	machen	VERB	VVFIN		Fin	Past	3	S	Ind		
14003014	4	der	DET	ART					S		Acc	M
14003014	5	Vorhang	NOUN	NN					S		Nom	M
14003014	6	von	ADP	APPR								
14003014	7	blau	ADJ	ADJA	Pos				S		Dat	
14003014	8	und	CCONJ	KON								
14003014	9	rot	ADJ	ADJA	Pos				S		Dat	M
14003014	10	Purpur	NOUN	NN					S		Nom	N
14003014	11	und	CCONJ	KON								
14003014	12	Karmesin	NOUN	NN					S		Nom	F
14003014	13	und	CCONJ	KON								
14003014	14	Byssus	PROPN	NE					S		Nom	
14003014	15	und	CCONJ	KON								
14003014	16	bringen	VERB	VVFIN		Fin	Past	3	S	Ind		
14003014	17	Cherubim	PROPN	NE					S		Nom	
14003014	18	darauf	ADV	PROAV								
14003014	19	an	ADP	PTKVZ								
14003015	1	und	CCONJ	KON								
14003015	2	er	PRON	PPER				3	S		Nom	M
14003015	3	machen	VERB	VVFIN		Fin	Past	3	S	Ind		
14003015	4	vor	ADP	APPR								
14003015	5	der	DET	ART					S		Dat	M
14003015	6	Haus	NOUN	NN					P		Nom	N
14003015	7	zwei	NUM	CARD								
14003015	8	Säule	NOUN	NN					P		Nom	F
14003015	9	35	NUM	CARD								
14003015	10	Ellen	PROPN	NE					S		Nom	F
14003015	11	der	DET	ART					S		Nom	F
14003015	12	Länge	NOUN	NN					S		Nom	F
14003015	13	und	CCONJ	KON								
14003015	14	der	DET	ART					S		Nom	N
14003015	15	Kapitäl	PROPN	NE					S		Nom	
14003015	16	der	DET	ART					S		Nom	N
14003015	17	auf	ADP	PTKVZ								
14003015	18	ihr	DET	PPOSAT					S		Dat	F
14003015	19	Spitze	NOUN	NN					S		Nom	F
14003015	20	sein	AUX	VAFIN		Fin	Past	3	S	Ind		
14003015	21	Maß	NOUN	NN					S		Nom	N
14003015	22	fünf	NUM	CARD								
14003015	23	Ellen	PROPN	NE					S		Nom	F
14003016	1	und	CCONJ	KON								
14003016	2	er	PRON	PPER				3	S		Nom	M
14003016	3	machen	VERB	VVFIN		Fin	Past	3	S	Ind		
14003016	4	Kette	NOUN	NN					P		Nom	F
14003016	5	in	ADP	APPRART					S		Dat	N
14003016	6	Sprachorte	NOUN	NN					P		Nom	
14003016	7	und	CCONJ	KON								
14003016	8	tun	VERB	VVFIN		Fin	Past	3	S	Ind		
14003016	9	sie	PRON	PPER				3	P		Nom	
14003016	10	an	ADP	PTKVZ								
14003016	11	der	DET	ART					S		Nom	F
14003016	12	Spitze	NOUN	NN					S		Nom	F
14003016	13	der	DET	ART					S		Nom	M
14003016	14	Säule	NOUN	NN					P		Nom	F
14003016	15	und	CCONJ	KON								
14003016	16	er	PRON	PPER				3	S		Nom	M
14003016	17	machen	VERB	VVFIN		Fin	Past	3	S	Ind		
14003016	18	hundert	NUM	CARD								
14003016	19	Granatäpfel	NOUN	NN					S		Nom	M
14003016	20	und	CCONJ	KON								
14003016	21	tun	VERB	VVFIN		Fin	Past	3	S	Ind		
14003016	22	sie	PRON	PPER				3	P		Nom	
14003016	23	an	ADP	PTKVZ								
14003016	24	der	DET	ART					S		Nom	F
14003016	25	Kette	NOUN	NN					P		Nom	F
14003017	1	und	CCONJ	KON								
14003017	2	er	PRON	PPER				3	S		Nom	M
14003017	3	richten	VERB	VVFIN		Fin	Past	3	S	Ind		
14003017	4	der	DET	ART					S		Nom	F
14003017	5	Säule	NOUN	NN					P		Nom	F
14003017	6	vor	ADP	APPR								
14003017	7	der	DET	ART					S		Dat	M
14003017	8	Tempel	NOUN	NN					S		Nom	M
14003017	9	auf	ADP	PTKVZ								
14003017	10	ein	DET	ART					S		Nom	F
14003017	11	zu	ADP	APPRART					S		Dat	F
14003017	12	rechte	NOUN	NN					P		Nom	F
14003017	13	und	CCONJ	KON								
14003017	14	ein	DET	ART					S		Nom	F
14003017	15	zu	ADP	APPRART					S		Dat	F
14003017	16	linke	NOUN	NN					P		Dat	
14003017	17	und	CCONJ	KON								
14003017	18	er	PRON	PPER				3	S		Nom	M
14003017	19	geben	VERB	VVFIN		Fin	Past	3	S	Ind		
14003017	20	der	DET	ART					S		Nom	M
14003017	21	rechter	ADJ	ADJA	Pos				S		Dat	N
14003017	22	der	DET	ART					S		Acc	M
14003017	23	Name	NOUN	NN					P		Nom	M
14003017	24	Jakin	PROPN	NE					S		Nom	M
14003017	25	und	CCONJ	KON								
14003017	26	der	DET	ART					S		Nom	M
14003017	27	linker	PRON	ADJA					P		Dat	
14003017	28	der	DET	ART					S		Acc	M
14003017	29	Name	NOUN	NN					P		Nom	M
14003017	30	Boas	PROPN	NE					S		Nom	
14004001	1	und	CCONJ	KON								
14004001	2	er	PRON	PPER				3	S		Nom	M
14004001	3	machen	VERB	VVFIN		Fin	Past	3	S	Ind		
14004001	4	ein	DET	ART					S		Acc	M
14004001	5	ehern	ADJ	ADJA	Pos				S		Acc	M
14004001	6	Altar	NOUN	NN					S		Nom	M
14004001	7	zwanzig	NUM	CARD								
14004001	8	Ellen	PROPN	NE					S		Nom	F
14004001	9	sein	DET	PPOSAT					S		Nom	F
14004001	10	Länge	NOUN	NN					S		Nom	F
14004001	11	und	CCONJ	KON								
14004001	12	zwanzig	NUM	CARD								
14004001	13	Ellen	PROPN	NE					S		Nom	F
14004001	14	sein	DET	PPOSAT					S		Nom	F
14004001	15	Breite	NOUN	NN					S		Nom	F
14004001	16	und	CCONJ	KON								
14004001	17	zehn	NUM	CARD								
14004001	18	Ellen	PROPN	NE					S		Nom	F
14004001	19	sein	DET	PPOSAT					S		Nom	F
14004001	20	Höhe	NOUN	NN					S		Nom	F
14004002	1	und	CCONJ	KON								
14004002	2	er	PRON	PPER				3	S		Nom	M
14004002	3	machen	VERB	VVFIN		Fin	Past	3	S	Ind		
14004002	4	der	DET	ART					S		Nom	N
14004002	5	Meer	NOUN	NN					S		Nom	N
14004002	6	gegossen	VERB	VVPP		Part						
14004002	7	zehn	NUM	CARD								
14004002	8	Ellen	PROPN	NE					S		Nom	F
14004002	9	von	ADP	APPR								
14004002	10	sein	DET	PPOSAT					S		Dat	M
14004002	11	ein	DET	ART					S		Acc	M
14004002	12	Rand	NOUN	NN					S		Nom	M
14004002	13	bis	CCONJ	KON								
14004002	14	zu	ADP	PTKVZ								
14004002	15	sein	DET	PPOSAT					S		Dat	M
14004002	16	anderer	PRON	PIS					P		Dat	
14004002	17	Rand	NOUN	NN					S		Nom	M
14004002	18	runden	VERB	VVPP		Part						
14004002	19	ringsum	ADV	ADV								
14004002	20	und	CCONJ	KON								
14004002	21	fünf	NUM	CARD								
14004002	22	Ellen	PROPN	NE					S		Nom	F
14004002	23	sein	DET	PPOSAT					S		Nom	F
14004002	24	Höhe	NOUN	NN					S		Nom	F
14004002	25	und	CCONJ	KON								
14004002	26	ein	DET	ART					S		Nom	F
14004002	27	Schnur	NOUN	NN					S		Nom	F
14004002	28	von	ADP	APPR								
14004002	29	dreißig	NUM	CARD								
14004002	30	Ellen	PROPN	NE					S		Nom	F
14004002	31	umfaßen	VERB	VVFIN		Fin	Past	3	S	Ind		
14004002	32	es	PRON	PPER				3	S		Nom	N
14004002	33	ringsum	ADV	ADV								
14004003	1	und	CCONJ	KON								
14004003	2	unter	ADP	APPR								
14004003	3	derselbe	DET	PDAT					S		Dat	N
14004003	4	sein	AUX	VAFIN		Fin	Past	3	P	Ind		
14004003	5	Gleichnis	NOUN	NN					P		Nom	M
14004003	6	von	ADP	APPR								
14004003	7	Rind	NOUN	NN					P		Dat	N
14004003	8	der	DET	ART					S		Nom	F
14004003	9	es	PRON	PPER				3	S		Nom	N
14004003	10	Ringsherum	ADV	ADV								
14004003	11	umgaben	VERB	VVFIN		Fin	Past	3	P	Ind		
14004003	12	zehn	NUM	CARD								
14004003	13	auf	ADP	PTKVZ								
14004003	14	der	DET	ART					S		Nom	F
14004003	15	Elle	NOUN	FM					S		Nom	F
14004003	16	der	DET	ART					S		Nom	N
14004003	17	Meer	NOUN	NN					S		Nom	N
14004003	18	ringsum	ADV	ADV								
14004003	19	einschließend	ADV	ADJD	Pos							
14004003	20	der	DET	ART					S		Nom	M
14004003	21	Rind	NOUN	NN					P		Nom	N
14004003	22	sein	AUX	VAFIN		Fin	Past	3	P	Ind		
14004003	23	zwei	NUM	CARD								
14004003	24	Reihe	NOUN	NN					P		Nom	F
14004003	25	gegossen	VERB	VVPP		Part						
14004003	26	aus	ADP	PTKVZ								
14004003	27	ein	DET	ART					S		Dat	M
14004003	28	Gusse	NOUN	NN					S		Nom	M
14004003	29	mit	ADP	APPR								
14004003	30	derselbe	DET	PDAT					S		Dat	N
14004004	1	es	PRON	PPER				3	S		Nom	N
14004004	2	stehen	VERB	VVFIN		Fin	Past	3	S	Ind		
14004004	3	auf	ADP	PTKVZ								
14004004	4	zwölf	NUM	CARD								
14004004	5	Rind	NOUN	NN					P		Dat	N
14004004	6	drei	NUM	CARD								
14004004	7	wenden	VERB	VVFIN		Fin	Past	3	P	Ind		
14004004	8	sich	PRON	PRF				3	S		Acc	
14004004	9	gegen	ADP	APPR								
14004004	10	Norden	NOUN	NN					S		Nom	M
14004004	11	und	CCONJ	KON								
14004004	12	drei	NUM	CARD								
14004004	13	wenden	VERB	VVFIN		Fin	Past	3	P	Ind		
14004004	14	sich	PRON	PRF				3	S		Acc	
14004004	15	gegen	ADP	APPR								
14004004	16	Westen	NOUN	NN					S		Nom	M
14004004	17	und	CCONJ	KON								
14004004	18	drei	NUM	CARD								
14004004	19	wenden	VERB	VVFIN		Fin	Past	3	P	Ind		
14004004	20	sich	PRON	PRF				3	S		Acc	
14004004	21	gegen	ADP	APPR								
14004004	22	Süden	NOUN	NN					S		Nom	M
14004004	23	und	CCONJ	KON								
14004004	24	drei	NUM	CARD								
14004004	25	wenden	VERB	VVFIN		Fin	Past	3	P	Ind		
14004004	26	sich	PRON	PRF				3	S		Acc	
14004004	27	gegen	ADP	APPR								
14004004	28	Osten	NOUN	NN					S		Nom	M
14004004	29	und	CCONJ	KON								
14004004	30	der	DET	ART					S		Nom	N
14004004	31	Meer	NOUN	NN					S		Nom	N
14004004	32	sein	AUX	VAFIN		Fin	Past	3	S	Ind		
14004004	33	auf	ADP	PTKVZ								
14004004	34	derselbe	PRON	PDS					P		Dat	
14004004	35	oben	ADV	ADV								
14004004	36	darüber	ADV	PROAV								
14004004	37	und	CCONJ	KON								
14004004	38	aller	PRON	PIS					P		Nom	
14004004	39	ihr	DET	PPOSAT					S		Nom	F
14004004	40	Hinterteil	NOUN	NN					P		Nom	N
14004004	41	sein	AUX	VAFIN		Fin	Past	3	P	Ind		
14004004	42	nach	ADP	APPR								
14004004	43	innen	ADV	ADV								
14004004	44	kehren	VERB	VVPP		Part						
14004005	1	und	CCONJ	KON								
14004005	2	sein	DET	PPOSAT					S		Nom	F
14004005	3	dick	NOUN	NN					S		Nom	F
14004005	4	sein	AUX	VAFIN		Fin	Past	3	S	Ind		
14004005	5	ein	DET	ART					S		Nom	F
14004005	6	Handbreit	NOUN	NN					S		Nom	F
14004005	7	und	CCONJ	KON								
14004005	8	sein	AUX	VAINF		Inf						
14004005	9	Rand	NOUN	NN					S		Nom	M
14004005	10	wie	ADP	KOKOM								
14004005	11	der	DET	ART					S		Nom	F
14004005	12	Arbeit	NOUN	NN					S		Nom	F
14004005	13	ein	PRON	ART					S		Nom	N
14004005	14	Becherrand	PROPN	NE					S		Gen	
14004005	15	wie	ADP	KOKOM								
14004005	16	ein	DET	ART					S		Nom	F
14004005	17	Lilienblüte	PROPN	NN					S		Dat	M
14004005	18	an	ADP	PTKVZ								
14004005	19	Inhalt	NOUN	NN					S		Nom	M
14004005	20	fassen	VERB	VVFIN		Fin	Past	3	S	Ind		
14004005	21	es	PRON	PPER				3	S		Nom	N
14004005	22	dreitausend	NUM	CARD								
14004005	23	Bath	PROPN	NE					S		Nom	
14004006	1	und	CCONJ	KON								
14004006	2	er	PRON	PPER				3	S		Nom	M
14004006	3	machen	VERB	VVFIN		Fin	Past	3	S	Ind		
14004006	4	zehn	NUM	CARD								
14004006	5	Becken	NOUN	NN					S		Nom	N
14004006	6	und	CCONJ	KON								
14004006	7	er	PRON	PPER				3	S		Nom	M
14004006	8	setzen	VERB	VVFIN		Fin	Past	3	S	Ind		
14004006	9	fünf	NUM	CARD								
14004006	10	zu	ADP	APPRART					S		Dat	F
14004006	11	rechte	NOUN	NN					P		Nom	F
14004006	12	und	CCONJ	KON								
14004006	13	fünf	NUM	CARD								
14004006	14	zu	ADP	APPRART					S		Dat	F
14004006	15	linke	NOUN	NN					P		Dat	
14004006	16	um	ADP	APPR								
14004006	17	darin	ADV	PROAV								
14004006	18	zu	ADP	PTKVZ								
14004006	19	waschen	VERB	VVINF		Inf						
14004006	20	was	PRON	PWS					S		Nom	N
14004006	21	zu	ADP	APPRART					S		Dat	N
14004006	22	Brandopfer	NOUN	NN					S		Nom	M
14004006	23	gehören	VERB	VVFIN		Fin	Pres	3	S	Ind		
14004006	24	spülen	VERB	VVFIN		Fin	Past	3	S	Ind		
14004006	25	man	PRON	PIS					S		Nom	
14004006	26	darin	ADV	PROAV								
14004006	27	ab	ADP	PTKVZ								
14004006	28	und	CCONJ	KON								
14004006	29	der	DET	ART					S		Nom	N
14004006	30	Meer	NOUN	NN					S		Nom	N
14004006	31	sein	AUX	VAFIN		Fin	Past	3	S	Ind		
14004006	32	für	ADP	APPR								
14004006	33	der	DET	ART					S		Nom	F
14004006	34	Priester	NOUN	NN					P		Nom	M
14004006	35	um	ADP	APPR								
14004006	36	sich	PRON	PRF				3	S		Acc	
14004006	37	darin	ADV	PROAV								
14004006	38	zu	ADP	PTKVZ								
14004006	39	waschen	VERB	VVINF		Inf						
14004007	1	und	CCONJ	KON								
14004007	2	er	PRON	PPER				3	S		Nom	M
14004007	3	machen	VERB	VVFIN		Fin	Past	3	S	Ind		
14004007	4	der	DET	ART					S		Nom	F
14004007	5	zehn	NUM	CARD								
14004007	6	golden	ADJ	ADJA	Pos				S		Acc	M
14004007	7	Leuchter	NOUN	NN					S		Nom	M
14004007	8	nach	ADP	APPR								
14004007	9	ihr	DET	PPOSAT					S		Dat	F
14004007	10	Vorschrift	NOUN	NN					S		Nom	F
14004007	11	und	CCONJ	KON								
14004007	12	er	PRON	PPER				3	S		Nom	M
14004007	13	setzen	VERB	VVFIN		Fin	Past	3	S	Ind		
14004007	14	sie	PRON	PPER				3	P		Nom	
14004007	15	in	ADP	APPR								
14004007	16	der	DET	ART					S		Acc	M
14004007	17	Tempel	NOUN	NN					S		Nom	M
14004007	18	fünf	NUM	CARD								
14004007	19	zu	ADP	APPRART					S		Dat	F
14004007	20	rechte	NOUN	NN					P		Nom	F
14004007	21	und	CCONJ	KON								
14004007	22	fünf	NUM	CARD								
14004007	23	zu	ADP	APPRART					S		Dat	F
14004007	24	linke	NOUN	NN					P		Dat	
14004008	1	und	CCONJ	KON								
14004008	2	er	PRON	PPER				3	S		Nom	M
14004008	3	machen	VERB	VVFIN		Fin	Past	3	S	Ind		
14004008	4	zehn	NUM	CARD								
14004008	5	Tisch	NOUN	NN					P		Nom	M
14004008	6	und	CCONJ	KON								
14004008	7	stellen	VERB	VVFIN		Fin	Past	3	S	Ind		
14004008	8	sie	PRON	PPER				3	P		Nom	
14004008	9	in	ADP	APPR								
14004008	10	der	DET	ART					S		Acc	M
14004008	11	Tempel	NOUN	NN					S		Nom	M
14004008	12	fünf	NUM	CARD								
14004008	13	zu	ADP	APPRART					S		Dat	F
14004008	14	rechte	NOUN	NN					P		Nom	F
14004008	15	und	CCONJ	KON								
14004008	16	fünf	NUM	CARD								
14004008	17	zu	ADP	APPRART					S		Dat	F
14004008	18	linke	NOUN	NN					P		Dat	
14004008	19	und	CCONJ	KON								
14004008	20	er	PRON	PPER				3	S		Nom	M
14004008	21	machen	VERB	VVFIN		Fin	Past	3	S	Ind		
14004008	22	hundert	NUM	CARD								
14004008	23	golden	ADJ	ADJA	Pos				S		Nom	F
14004008	24	sprengschalen	NOUN	NN					P		Nom	
14004009	1	und	CCONJ	KON								
14004009	2	er	PRON	PPER				3	S		Nom	M
14004009	3	machen	VERB	VVFIN		Fin	Past	3	S	Ind		
14004009	4	der	DET	ART					S		Acc	M
14004009	5	Hof	PROPN	NE					S		Nom	N
14004009	6	der	DET	ART					S		Nom	M
14004009	7	Priester	NOUN	NN					P		Nom	M
14004009	8	und	CCONJ	KON								
14004009	9	der	DET	ART					S		Acc	M
14004009	10	groß	ADJ	ADJA	Pos				S		Acc	M
14004009	11	Vorhof	NOUN	NN					S		Nom	M
14004009	12	und	CCONJ	KON								
14004009	13	der	DET	ART					S		Nom	F
14004009	14	Tür	NOUN	NN					P		Nom	F
14004009	15	zu	ADP	PTKVZ								
14004009	16	der	DET	ART					S		Dat	M
14004009	17	Vorhof	NOUN	NN					S		Nom	M
14004009	18	und	CCONJ	KON								
14004009	19	ihr	DET	PPOSAT					S		Nom	F
14004009	20	Flügel	NOUN	NN					P		Nom	M
14004009	21	überziehen	VERB	VVFIN		Fin	Past	3	S	Ind		
14004009	22	er	PRON	PPER				3	S		Nom	M
14004009	23	mit	ADP	APPR								
14004009	24	Erz	NOUN	NN					S		Nom	N
14004010	1	und	CCONJ	KON								
14004010	2	der	DET	ART					S		Nom	N
14004010	3	Meer	NOUN	NN					S		Nom	N
14004010	4	setzen	VERB	VVFIN		Fin	Past	3	S	Ind		
14004010	5	er	PRON	PPER				3	S		Nom	M
14004010	6	auf	ADP	PTKVZ								
14004010	7	der	DET	ART					S		Nom	F
14004010	8	rechter	ADJ	ADJA	Pos				S		Nom	F
14004010	9	Seite	NOUN	NN					S		Nom	F
14004010	10	Ostwärt	ADV	ADV								
14004010	11	gegen	ADP	APPR								
14004010	12	Süden	NOUN	NN					S		Nom	M
14004011	1	und	CCONJ	KON								
14004011	2	Huram	PROPN	NE					S		Nom	N
14004011	3	machen	VERB	VVFIN		Fin	Past	3	S	Ind		
14004011	4	der	DET	ART					S		Nom	F
14004011	5	Topf	NOUN	NN					P		Nom	M
14004011	6	und	CCONJ	KON								
14004011	7	der	DET	ART					S		Nom	F
14004011	8	Schaufel	NOUN	NN					P		Nom	F
14004011	9	und	CCONJ	KON								
14004011	10	der	DET	ART					S		Nom	F
14004011	11	sprengschalen	NOUN	NN					P		Nom	
14004011	12	und	CCONJ	KON								
14004011	13	so	ADV	ADV								
14004011	14	vollendet	VERB	ADJA		Fin	Past	3	S	Ind		
14004011	15	Huram	PROPN	NE					S		Nom	N
14004011	16	der	DET	ART					S		Nom	N
14004011	17	Werk	NOUN	NN					S		Nom	N
14004011	18	welcher	DET	PWAT					S		Acc	N
14004011	19	er	PRON	PPER				3	S		Nom	M
14004011	20	für	ADP	APPR								
14004011	21	der	DET	ART					S		Acc	M
14004011	22	König	NOUN	NN					S		Nom	M
14004011	23	Salomo	PROPN	NE					S		Nom	M
14004011	24	in	ADP	APPRART					S		Dat	N
14004011	25	Haus	NOUN	NN					P		Nom	N
14004011	26	Gott	NOUN	NN					S		Gen	M
14004011	27	machen	VERB	VVFIN		Fin	Past	3	S	Ind		
14004012	1	zwei	NUM	CARD								
14004012	2	Säule	NOUN	NN					P		Nom	F
14004012	3	und	CCONJ	KON								
14004012	4	der	DET	ART					S		Nom	F
14004012	5	Krugförmige	NOUN	ADJD					P		Nom	F
14004012	6	Kapital	NOUN	NN					P		Nom	M
14004012	7	auf	ADP	PTKVZ								
14004012	8	der	DET	ART					S		Nom	M
14004012	9	Spitze	NOUN	NN					S		Nom	F
14004012	10	der	DET	ART					S		Nom	M
14004012	11	beide	PRON	PIAT					P		Nom	
14004012	12	Säule	NOUN	NN					P		Nom	F
14004012	13	und	CCONJ	KON								
14004012	14	der	DET	ART					S		Nom	F
14004012	15	zwei	NUM	CARD								
14004012	16	Netzwerk	NOUN	NN					P		Nom	N
14004012	17	zu	ADP	APPRART					S		Dat	F
14004012	18	Bedeckung	NOUN	NN					S		Nom	F
14004012	19	der	DET	ART					S		Nom	M
14004012	20	beide	PRON	PIAT					P		Nom	
14004012	21	Krugförmige	NOUN	ADJD					P		Nom	F
14004012	22	Kapital	NOUN	NN					P		Nom	M
14004012	23	der	DET	ART					S		Nom	F
14004012	24	auf	ADP	PTKVZ								
14004012	25	der	DET	ART					S		Nom	M
14004012	26	Spitze	NOUN	NN					S		Nom	F
14004012	27	der	DET	ART					S		Nom	M
14004012	28	Säule	NOUN	NN					P		Nom	F
14004012	29	sein	AUX	VAFIN		Fin	Past	3	P	Ind		
14004013	1	und	CCONJ	KON								
14004013	2	der	DET	ART					S		Nom	F
14004013	3	vierhundert	VERB	VVPP		Part						
14004013	4	Granatäpfel	NOUN	NN					S		Nom	M
14004013	5	zu	ADP	PTKVZ								
14004013	6	der	DET	ART					S		Acc	M
14004013	7	beide	PRON	PIAT					P		Nom	
14004013	8	Netzwerken	NOUN	NN					P		Dat	N
14004013	9	zwei	NUM	CARD								
14004013	10	Reihe	NOUN	NN					P		Nom	F
14004013	11	Granatäpfel	NOUN	NN					S		Nom	M
14004013	12	zu	ADP	PTKVZ								
14004013	13	jeder	DET	PIAT					S		Dat	M
14004013	14	Netzwerk	NOUN	NN					S		Nom	N
14004013	15	zu	ADP	APPRART					S		Dat	F
14004013	16	Bedeckung	NOUN	NN					S		Nom	F
14004013	17	der	DET	ART					S		Nom	M
14004013	18	beide	PRON	PIAT					P		Nom	
14004013	19	Krugförmige	NOUN	ADJD					P		Nom	F
14004013	20	Kapital	NOUN	NN					P		Nom	M
14004013	21	der	DET	ART					S		Nom	F
14004013	22	oben	ADV	ADV								
14004013	23	auf	ADP	PTKVZ								
14004013	24	der	DET	ART					S		Acc	M
14004013	25	Säule	NOUN	NN					P		Nom	F
14004013	26	sein	AUX	VAFIN		Fin	Past	3	P	Ind		
14004014	1	und	CCONJ	KON								
14004014	2	er	PRON	PPER				3	S		Nom	M
14004014	3	machen	VERB	VVFIN		Fin	Past	3	S	Ind		
14004014	4	der	DET	ART					S		Nom	F
14004014	5	Gestelle	NOUN	NN					S		Nom	F
14004014	6	und	CCONJ	KON								
14004014	7	machen	VERB	VVFIN		Fin	Past	3	S	Ind		
14004014	8	der	DET	ART					S		Nom	F
14004014	9	Becken	NOUN	NN					S		Nom	N
14004014	10	auf	ADP	PTKVZ								
14004014	11	der	DET	ART					S		Acc	M
14004014	12	Gestelle	NOUN	NN					P		Nom	F
14004015	1	der	DET	ART					S		Nom	N
14004015	2	ein	DET	ART					S		Nom	F
14004015	3	Meer	NOUN	NN					S		Nom	N
14004015	4	und	CCONJ	KON								
14004015	5	der	DET	ART					S		Nom	F
14004015	6	zwölf	NUM	CARD								
14004015	7	Rind	NOUN	NN					P		Nom	N
14004015	8	unter	ADP	APPR								
14004015	9	derselbe	DET	PDAT					S		Dat	N
14004016	1	und	CCONJ	KON								
14004016	2	der	DET	ART					S		Nom	F
14004016	3	Topf	NOUN	NN					P		Nom	M
14004016	4	und	CCONJ	KON								
14004016	5	der	DET	ART					S		Nom	F
14004016	6	Schaufel	NOUN	NN					P		Nom	F
14004016	7	und	CCONJ	KON								
14004016	8	der	DET	ART					S		Nom	F
14004016	9	Gabel	NOUN	NN					P		Nom	F
14004016	10	und	CCONJ	KON								
14004016	11	aller	PRON	PIS					P		Nom	
14004016	12	ihr	DET	PPOSAT					S		Nom	F
14004016	13	Gerät	NOUN	NN					P		Nom	N
14004016	14	machen	VERB	VVFIN		Fin	Past	3	S	Ind		
14004016	15	Huram-Abiw	NOUN	NN					S		Nom	M
14004016	16	der	DET	ART					S		Dat	M
14004016	17	König	NOUN	NN					S		Nom	M
14004016	18	Salomo	PROPN	NE					S		Nom	M
14004016	19	für	ADP	APPR								
14004016	20	der	DET	ART					S		Nom	N
14004016	21	Haus	NOUN	NN					S		Nom	N
14004016	22	Jahwe	PROPN	NE					S		Gen	
14004016	23	von	ADP	APPR								
14004016	24	geglättet	NOUN	ADJA					S		Nom	N
14004016	25	Erz	NOUN	NN					S		Nom	N
14004017	1	in	ADP	APPRART					S		Dat	M
14004017	2	Jordankreise	PROPN	NE					S		Nom	
14004017	3	lassen	VERB	VVFIN		Fin	Past	3	S	Ind		
14004017	4	der	DET	ART					S		Nom	M
14004017	5	König	NOUN	NN					S		Nom	M
14004017	6	sie	PRON	PPER				3	P		Nom	
14004017	7	gießen	VERB	VVINF		Inf						
14004017	8	in	ADP	APPR								
14004017	9	Dichter	ADV	ADJD	Cmp							
14004017	10	Erde	NOUN	NN					S		Nom	F
14004017	11	zwischen	ADP	APPR								
14004017	12	Sukkoth	PROPN	NE					S		Nom	
14004017	13	und	CCONJ	KON								
14004017	14	Zeredatha	NOUN	NN					S		Nom	F
14004018	1	und	CCONJ	KON								
14004018	2	Salomo	PROPN	NE					S		Nom	M
14004018	3	machen	VERB	VVFIN		Fin	Past	3	S	Ind		
14004018	4	aller	PRON	PIS					P		Nom	
14004018	5	dieser	DET	PDAT					S		Nom	F
14004018	6	Gerät	NOUN	NN					P		Nom	N
14004018	7	in	ADP	APPR								
14004018	8	sehr	ADV	ADV								
14004018	9	groß	ADJ	ADJA	Pos				S		Nom	M
14004018	10	Menge	NOUN	NN					S		Nom	F
14004018	11	denn	CCONJ	KON								
14004018	12	der	DET	ART					S		Nom	N
14004018	13	Gewicht	NOUN	NN					S		Nom	N
14004018	14	der	DET	ART					S		Gen	M
14004018	15	Erz	NOUN	NN					S		Nom	N
14004018	16	werden	AUX	VAFIN		Fin	Past	3	S	Ind		
14004018	17	nicht	PART	PTKNEG								
14004018	18	untersuchen	VERB	VVFIN		Fin	Pres	3	S	Ind		
14004019	1	und	CCONJ	KON								
14004019	2	Salomo	PROPN	NE					S		Nom	M
14004019	3	machen	VERB	VVFIN		Fin	Past	3	S	Ind		
14004019	4	aller	PRON	PIS					P		Nom	
14004019	5	der	DET	ART					S		Nom	F
14004019	6	Gerät	NOUN	NN					P		Nom	N
14004019	7	welcher	DET	PWAT					S		Nom	F
14004019	8	in	ADP	APPRART					S		Dat	N
14004019	9	Haus	NOUN	NN					P		Nom	N
14004019	10	Gott	NOUN	NN					S		Gen	M
14004019	11	sein	AUX	VAFIN		Fin	Past	3	P	Ind		
14004019	12	und	CCONJ	KON								
14004019	13	zwar	ADV	ADV								
14004019	14	der	DET	ART					S		Acc	M
14004019	15	golden	ADJ	ADJA	Pos				S		Acc	M
14004019	16	Altar	NOUN	NN					S		Nom	M
14004019	17	und	CCONJ	KON								
14004019	18	der	DET	ART					S		Nom	F
14004019	19	Tisch	NOUN	NN					P		Nom	M
14004019	20	auf	ADP	PTKVZ								
14004019	21	welcher	DET	PWAT					S		Acc	M
14004019	22	der	DET	ART					S		Nom	F
14004019	23	Schaubrot	NOUN	NN					S		Nom	F
14004019	24	sein	AUX	VAFIN		Fin	Past	3	P	Ind		
14004020	1	und	CCONJ	KON								
14004020	2	der	DET	ART					S		Nom	F
14004020	3	Leuchter	NOUN	NN					S		Nom	M
14004020	4	und	CCONJ	KON								
14004020	5	ihr	DET	PPOSAT					S		Nom	F
14004020	6	Lampe	NOUN	NN					P		Nom	F
14004020	7	um	ADP	APPR								
14004020	8	sie	PRON	PPER				3	P		Nom	
14004020	9	nach	ADP	APPR								
14004020	10	der	DET	ART					S		Nom	M
14004020	11	Vorschrift	NOUN	NN					S		Nom	F
14004020	12	vor	ADP	APPR								
14004020	13	der	DET	ART					S		Dat	M
14004020	14	Sprachorte	NOUN	NN					P		Nom	
14004020	15	anzünden	VERB	VVIZU		Inf						
14004020	16	von	ADP	APPR								
14004020	17	Geläutertem	ADJ	ADJA	Pos				S		Nom	N
14004020	18	Golde	NOUN	NN					S		Nom	N
14004021	1	und	CCONJ	KON								
14004021	2	der	DET	ART					S		Nom	F
14004021	3	Blume	NOUN	NN					P		Nom	F
14004021	4	und	CCONJ	KON								
14004021	5	der	DET	ART					S		Nom	F
14004021	6	Lampe	NOUN	NN					P		Nom	F
14004021	7	und	CCONJ	KON								
14004021	8	der	DET	ART					S		Nom	F
14004021	9	Lichtschneuz	NOUN	NN					P		Dat	M
14004021	10	von	ADP	APPR								
14004021	11	Gold	NOUN	NN					S		Nom	N
14004021	12	es	PRON	PPER				3	S		Nom	N
14004021	13	sein	AUX	VAFIN		Fin	Past	3	S	Ind		
14004021	14	laut	ADV	PIAT	Cmp							
14004021	15	Gold	NOUN	NN					S		Nom	N
14004022	1	und	CCONJ	KON								
14004022	2	der	DET	ART					S		Nom	F
14004022	3	Lichtmesser	NOUN	NN					S		Nom	F
14004022	4	und	CCONJ	KON								
14004022	5	der	DET	ART					S		Nom	F
14004022	6	sprengschalen	NOUN	NN					P		Nom	
14004022	7	und	CCONJ	KON								
14004022	8	der	DET	ART					S		Nom	F
14004022	9	Schale	NOUN	NN					P		Nom	F
14004022	10	und	CCONJ	KON								
14004022	11	der	DET	ART					S		Nom	F
14004022	12	Räucherpfanne	NOUN	NN					P		Nom	F
14004022	13	von	ADP	APPR								
14004022	14	Geläutertem	ADJ	ADJA	Pos				S		Nom	N
14004022	15	Golde	NOUN	NN					S		Nom	N
14004022	16	und	CCONJ	KON								
14004022	17	der	DET	ART					S		Acc	M
14004022	18	Eingang	NOUN	NN					S		Nom	M
14004022	19	der	DET	ART					S		Gen	M
14004022	20	Haus	NOUN	NN					S		Gen	N
14004022	21	sein	DET	PPOSAT					S		Nom	F
14004022	22	innerer	ADJ	ADJA	Pos				P		Dat	N
14004022	23	Türflügel	NOUN	NN					S		Nom	M
14004022	24	der	DET	ART					S		Nom	F
14004022	25	der	DET	ART					S		Gen	M
14004022	26	Allerheiligsten	NOUN	NN					S		Nom	N
14004022	27	und	CCONJ	KON								
14004022	28	der	DET	ART					S		Nom	F
14004022	29	Flügeltür	NOUN	NN					P		Nom	F
14004022	30	der	DET	ART					S		Gen	M
14004022	31	Haus	NOUN	NN					S		Gen	N
14004022	32	der	DET	ART					S		Gen	M
14004022	33	Tempel	NOUN	NN					P		Nom	M
14004022	34	von	ADP	APPR								
14004022	35	Gold	NOUN	NN					S		Nom	N
14005001	1	und	CCONJ	KON								
14005001	2	so	ADV	ADV								
14005001	3	sein	AUX	VAFIN		Fin	Past	3	S	Ind		
14005001	4	der	DET	ART					S		Nom	N
14005001	5	ganz	ADJ	ADJA	Pos				S		Nom	F
14005001	6	Werk	NOUN	NN					S		Nom	N
14005001	7	vollenden	VERB	VVPP		Part						
14005001	8	welcher	DET	PWAT					S		Acc	N
14005001	9	Salomo	PROPN	NE					S		Nom	M
14005001	10	für	ADP	APPR								
14005001	11	der	DET	ART					S		Nom	N
14005001	12	Haus	NOUN	NN					S		Nom	N
14005001	13	Jahwe	PROPN	NE					S		Gen	
14005001	14	machen	VERB	VVFIN		Fin	Past	3	S	Ind		
14005001	15	und	CCONJ	KON								
14005001	16	Salomo	PROPN	NE					S		Nom	M
14005001	17	bringen	VERB	VVFIN		Fin	Past	3	S	Ind		
14005001	18	der	DET	ART					S		Nom	F
14005001	19	geheiligt	ADJ	ADJA	Pos				S		Acc	M
14005001	20	Ding	NOUN	NN					P		Nom	N
14005001	21	sein	DET	PPOSAT					S		Gen	M
14005001	22	Vater	NOUN	NN					S		Gen	M
14005001	23	David	PROPN	NE					S		Nom	M
14005001	24	hinein	ADV	PTKVZ								
14005001	25	nämlich	ADV	ADV								
14005001	26	der	DET	ART					S		Nom	N
14005001	27	Silber	NOUN	NN					S		Nom	N
14005001	28	und	CCONJ	KON								
14005001	29	der	DET	ART					S		Nom	N
14005001	30	Gold	NOUN	NN					S		Nom	N
14005001	31	und	CCONJ	KON								
14005001	32	aller	PRON	PIS					P		Nom	
14005001	33	Gerät	NOUN	NN					P		Nom	N
14005001	34	er	PRON	PPER				3	S		Nom	M
14005001	35	legen	VERB	VVFIN		Fin	Past	3	S	Ind		
14005001	36	sie	PRON	PPER				3	P		Nom	
14005001	37	in	ADP	APPR								
14005001	38	der	DET	ART					S		Nom	F
14005001	39	Schatzkammer	NOUN	NN					P		Nom	M
14005001	40	der	DET	ART					S		Gen	M
14005001	41	Haus	NOUN	NN					S		Gen	N
14005001	42	Gott	NOUN	NN					S		Gen	M
14005002	1	damals	ADV	ADV								
14005002	2	versammeln	VERB	VVFIN		Fin	Past	3	S	Ind		
14005002	3	Salomo	PROPN	NE					S		Nom	M
14005002	4	der	DET	ART					S		Nom	F
14005002	5	Ältesten	NOUN	NN					P		Nom	M
14005002	6	von	ADP	APPR								
14005002	7	Israel	PROPN	NE					S		Nom	N
14005002	8	und	CCONJ	KON								
14005002	9	aller	PRON	PIS					P		Nom	
14005002	10	Häupter	NOUN	NN					P		Nom	N
14005002	11	der	DET	ART					S		Nom	M
14005002	12	Stamm	NOUN	NN					P		Nom	M
14005002	13	der	DET	ART					S		Nom	F
14005002	14	Fürst	NOUN	NN					P		Nom	M
14005002	15	der	DET	ART					S		Nom	M
14005002	16	Vater	NOUN	NN					P		Nom	M
14005002	17	der	DET	ART					S		Nom	M
14005002	18	Kind	NOUN	NN					P		Nom	N
14005002	19	Israel	PROPN	NE					S		Nom	N
14005002	20	nach	ADP	APPR								
14005002	21	Jerusalem	PROPN	NE					S		Nom	N
14005002	22	um	ADP	APPR								
14005002	23	der	DET	ART					S		Nom	F
14005002	24	lade	NOUN	NN					S		Nom	F
14005002	25	der	DET	ART					S		Gen	M
14005002	26	Bund	NOUN	NN					S		Gen	M
14005002	27	Jahwe	PROPN	NE					S		Gen	
14005002	28	Heraufzubring	NOUN	VVIZU					P		Nom	F
14005002	29	aus	ADP	PTKVZ								
14005002	30	der	DET	ART					S		Nom	M
14005002	31	Stadt	NOUN	NN					S		Nom	F
14005002	32	David	PROPN	NE					S		Gen	M
14005002	33	der	DET	ART					S		Nom	N
14005002	34	sein	AUX	VAFIN		Fin	Pres	3	S	Ind		
14005002	35	Zion	PROPN	NE					S		Nom	F
14005003	1	und	CCONJ	KON								
14005003	2	aller	PRON	PIS					P		Nom	
14005003	3	Mann	NOUN	NN					P		Nom	M
14005003	4	von	ADP	APPR								
14005003	5	Israel	PROPN	NE					S		Nom	N
14005003	6	versammeln	VERB	ADJA		Fin	Past	3	P	Ind		
14005003	7	sich	PRON	PRF				3	S		Acc	
14005003	8	zu	ADP	PTKVZ								
14005003	9	der	DET	ART					S		Dat	M
14005003	10	König	NOUN	NN					S		Nom	M
14005003	11	an	ADP	APPRART					S		Dat	M
14005003	12	Fest	NOUN	NN					P		Nom	N
14005003	13	der	DET	ART					S		Nom	N
14005003	14	sein	AUX	VAFIN		Fin	Pres	3	S	Ind		
14005003	15	der	DET	ART					S		Nom	M
14005003	16	siebte	ADJ	ADJA	Pos				S		Nom	F
14005003	17	Monat	NOUN	NN					S		Nom	M
14005004	1	und	CCONJ	KON								
14005004	2	es	PRON	PPER				3	S		Nom	N
14005004	3	kommen	VERB	VVFIN		Fin	Past	3	P	Ind		
14005004	4	aller	PRON	PIS					P		Nom	
14005004	5	Ältesten	NOUN	NN					P		Nom	M
14005004	6	von	ADP	APPR								
14005004	7	Israel	PROPN	NE					S		Nom	N
14005004	8	und	CCONJ	KON								
14005004	9	der	DET	ART					S		Nom	F
14005004	10	Levit	NOUN	NN					P		Nom	M
14005004	11	nehmen	VERB	VVFIN		Fin	Past	3	P	Ind		
14005004	12	der	DET	ART					S		Nom	F
14005004	13	lade	NOUN	NN					S		Nom	F
14005004	14	auf	ADP	PTKVZ								
14005005	1	und	CCONJ	KON								
14005005	2	sie	PRON	PPER				3	P		Nom	
14005005	3	bringen	VERB	VVFIN		Fin	Past	3	P	Ind		
14005005	4	der	DET	ART					S		Nom	F
14005005	5	lade	NOUN	NN					S		Nom	F
14005005	6	hinauf	ADV	PTKVZ								
14005005	7	sowie	CCONJ	KON								
14005005	8	der	DET	ART					S		Nom	N
14005005	9	Zelt	NOUN	NN					S		Nom	N
14005005	10	der	DET	ART					S		Nom	M
14005005	11	Zusammenkunft	NOUN	NN					S		Nom	F
14005005	12	und	CCONJ	KON								
14005005	13	aller	PRON	PIS					P		Nom	
14005005	14	heilig	ADJ	ADJA	Pos				S		Acc	M
14005005	15	Gerät	NOUN	NN					P		Nom	N
14005005	16	der	DET	ART					S		Nom	F
14005005	17	in	ADP	APPRART					S		Dat	N
14005005	18	Zelt	NOUN	NN					P		Nom	N
14005005	19	sein	AUX	VAFIN		Fin	Past	3	P	Ind		
14005005	20	der	DET	ART					S		Nom	F
14005005	21	Priester	NOUN	NN					P		Nom	M
14005005	22	der	DET	ART					S		Nom	F
14005005	23	Levit	NOUN	NN					P		Nom	M
14005005	24	bringen	VERB	VVFIN		Fin	Past	3	P	Ind		
14005005	25	sie	PRON	PPER				3	P		Nom	
14005005	26	hinauf	ADV	PTKVZ								
14005006	1	und	CCONJ	KON								
14005006	2	der	DET	ART					S		Nom	M
14005006	3	König	NOUN	NN					S		Nom	M
14005006	4	Salomo	PROPN	NE					S		Nom	M
14005006	5	und	CCONJ	KON								
14005006	6	der	DET	ART					S		Nom	F
14005006	7	ganz	ADJ	ADJA	Pos				S		Nom	F
14005006	8	Gemeinde	NOUN	NN					S		Nom	F
14005006	9	Israel	PROPN	NE					S		Nom	N
14005006	10	der	DET	ART					S		Nom	F
14005006	11	sich	PRON	PRF				3	S		Acc	
14005006	12	zu	ADP	PTKVZ								
14005006	13	ihm	PRON	PPER				3	S		Dat	M
14005006	14	versammeln	VERB	VVPP		Part						
14005006	15	haben	AUX	VAFIN		Fin	Past	3	S	Ind		
14005006	16	und	CCONJ	KON								
14005006	17	vor	ADP	APPR								
14005006	18	der	DET	ART					S		Nom	M
14005006	19	lade	NOUN	NN					S		Nom	F
14005006	20	stehen	VERB	VVFIN		Fin	Past	3	S	Ind		
14005006	21	opfern	VERB	VVFIN		Fin	Past	3	P	Ind		
14005006	22	Klein	PROPN	NE					S		Nom	
14005006	23	und	CCONJ	KON								
14005006	24	Rindvieh	NOUN	NN					S		Nom	N
14005006	25	der	DET	ART					S		Nom	N
14005006	26	nicht	PART	PTKNEG								
14005006	27	rechnen	VERB	VVPP		Part						
14005006	28	und	CCONJ	KON								
14005006	29	nicht	PART	PTKNEG								
14005006	30	zählen	VERB	VVPP		Part						
14005006	31	werden	AUX	VAFIN		Fin	Pres	3	P	Ind		
14005006	32	können	AUX	VMFIN		Fin	Past	3	S	Ind		
14005006	33	vor	ADP	APPR								
14005006	34	Menge	NOUN	NN					S		Nom	F
14005007	1	und	CCONJ	KON								
14005007	2	der	DET	ART					S		Nom	F
14005007	3	Priester	NOUN	NN					P		Nom	M
14005007	4	bringen	VERB	VVFIN		Fin	Past	3	P	Ind		
14005007	5	der	DET	ART					S		Nom	F
14005007	6	lade	NOUN	NN					S		Nom	F
14005007	7	der	DET	ART					S		Gen	M
14005007	8	Bund	NOUN	NN					S		Gen	M
14005007	9	Jahwe	PROPN	NE					S		Gen	
14005007	10	an	ADP	PTKVZ								
14005007	11	ihr	DET	PPOSAT					S		Acc	M
14005007	12	Ort	NOUN	NN					S		Nom	M
14005007	13	in	ADP	APPR								
14005007	14	der	DET	ART					S		Acc	M
14005007	15	Sprachort	PROPN	NN					S		Nom	
14005007	16	der	DET	ART					S		Gen	M
14005007	17	Haus	NOUN	NN					S		Gen	N
14005007	18	in	ADP	APPR								
14005007	19	der	DET	ART					S		Nom	N
14005007	20	allerheiligst	NOUN	NN					S		Nom	F
14005007	21	unter	ADP	APPR								
14005007	22	der	DET	ART					S		Nom	F
14005007	23	Flügel	NOUN	NN					P		Nom	M
14005007	24	der	DET	ART					S		Nom	M
14005007	25	Cherubim	PROPN	NE					S		Nom	
14005008	1	denn	CCONJ	KON								
14005008	2	der	DET	ART					S		Nom	F
14005008	3	Cherubim	PROPN	NE					S		Nom	
14005008	4	breiten	VERB	VVFIN		Fin	Past	3	P	Ind		
14005008	5	der	DET	ART					S		Nom	F
14005008	6	Flügel	NOUN	NN					P		Nom	M
14005008	7	aus	ADP	PTKVZ								
14005008	8	über	ADP	APPR								
14005008	9	der	DET	ART					S		Acc	M
14005008	10	Ort	NOUN	NN					S		Nom	M
14005008	11	der	DET	ART					S		Nom	M
14005008	12	lade	NOUN	NN					S		Nom	F
14005008	13	und	CCONJ	KON								
14005008	14	der	DET	ART					S		Nom	F
14005008	15	Cherubim	PROPN	NE					S		Nom	
14005008	16	bedeckn	VERB	VVFIN		Fin	Past	3	P	Ind		
14005008	17	der	DET	ART					S		Nom	F
14005008	18	lade	NOUN	NN					S		Nom	F
14005008	19	und	CCONJ	KON								
14005008	20	ihr	DET	PPOSAT					S		Nom	F
14005008	21	Stange	NOUN	NN					P		Nom	F
14005008	22	von	ADP	APPR								
14005008	23	oben	ADV	ADV								
14005008	24	her	ADV	ADV								
14005009	1	und	CCONJ	KON								
14005009	2	der	DET	ART					S		Nom	F
14005009	3	Stange	NOUN	NN					P		Nom	F
14005009	4	sein	AUX	VAFIN		Fin	Past	3	P	Ind		
14005009	5	so	ADV	ADV								
14005009	6	lang	ADV	ADJD	Pos							
14005009	7	daß	SCONJ	KOUS								
14005009	8	der	DET	ART					S		Nom	F
14005009	9	Spitze	NOUN	NN					P		Nom	F
14005009	10	der	DET	ART					S		Nom	M
14005009	11	Stange	NOUN	NN					P		Nom	F
14005009	12	von	ADP	APPR								
14005009	13	der	DET	ART					S		Nom	M
14005009	14	lade	NOUN	NN					S		Nom	F
14005009	15	her	ADV	ADV								
14005009	16	an	ADP	PTKVZ								
14005009	17	der	DET	ART					S		Nom	M
14005009	18	Vorderseite	NOUN	NN					S		Nom	F
14005009	19	der	DET	ART					S		Gen	M
14005009	20	Sprachortes	PROPN	NE					S		Gen	M
14005009	21	sehen	VERB	VVPP		Part						
14005009	22	werden	AUX	VAFIN		Fin	Past	3	P	Ind		
14005009	23	aber	CCONJ	KON								
14005009	24	auswärts	ADV	ADV								
14005009	25	werden	AUX	VAFIN		Fin	Past	3	P	Ind		
14005009	26	sie	PRON	PPER				3	P		Nom	
14005009	27	nicht	PART	PTKNEG								
14005009	28	sehen	VERB	VVPP		Part						
14005009	29	und	CCONJ	KON								
14005009	30	sie	PRON	PPER				3	P		Nom	
14005009	31	sein	AUX	VAFIN		Fin	Pres	3	P	Ind		
14005009	32	daselbst	ADV	PROAV								
14005009	33	bis	CCONJ	KON								
14005009	34	auf	ADP	PTKVZ								
14005009	35	dieser	DET	PDAT					S		Acc	M
14005009	36	Tag	NOUN	NN					S		Nom	M
14005010	1	nichts	PRON	PIS								N
14005010	2	sein	AUX	VAFIN		Fin	Past	3	S	Ind		
14005010	3	in	ADP	APPR								
14005010	4	der	DET	ART					S		Nom	M
14005010	5	lade	NOUN	NN					S		Nom	F
14005010	6	als	ADP	KOKOM								
14005010	7	nur	ADV	ADV								
14005010	8	der	DET	ART					S		Nom	F
14005010	9	beide	PRON	PIAT					P		Nom	
14005010	10	Tafel	NOUN	NN					P		Nom	F
14005010	11	welcher	DET	PWAT					S		Nom	F
14005010	12	Mose	PROPN	NE					S		Nom	
14005010	13	an	ADP	APPRART					S		Dat	M
14005010	14	Horeb	PROPN	NE					S		Nom	N
14005010	15	hineinlegen	VERB	ADJA		Fin	Past	3	S	Ind		
14005010	16	als	ADP	KOKOM								
14005010	17	Jahwe	NOUN	NN					S		Nom	M
14005010	18	ein	DET	ART					S		Acc	M
14005010	19	Bund	NOUN	NN					S		Nom	M
14005010	20	machen	VERB	VVFIN		Fin	Past	3	S	Ind		
14005010	21	mit	ADP	APPR								
14005010	22	der	DET	ART					S		Acc	M
14005010	23	Kind	NOUN	NN					P		Dat	N
14005010	24	Israel	PROPN	NE					S		Nom	N
14005010	25	als	ADP	KOKOM								
14005010	26	sie	PRON	PPER				3	P		Nom	
14005010	27	aus	ADP	PTKVZ								
14005010	28	Ägypten	PROPN	NE					S		Nom	N
14005010	29	ziehen	VERB	VVFIN		Fin	Past	3	P	Ind		
14005011	1	und	CCONJ	KON								
14005011	2	es	PRON	PPER				3	S		Nom	N
14005011	3	geschehen	VERB	VVFIN		Fin	Past	3	S	Ind		
14005011	4	als	ADP	KOKOM								
14005011	5	der	DET	ART					S		Nom	F
14005011	6	Priester	NOUN	NN					P		Nom	M
14005011	7	aus	ADP	PTKVZ								
14005011	8	der	DET	ART					S		Dat	M
14005011	9	heilig	NOUN	NN					P		Dat	
14005011	10	Herausginge	VERB	VVIZU		Inf						
14005011	11	denn	CCONJ	KON								
14005011	12	aller	PRON	PIS					P		Nom	
14005011	13	Priester	NOUN	NN					P		Nom	M
14005011	14	der	DET	ART					S		Nom	F
14005011	15	sich	PRON	PRF				3	S		Acc	
14005011	16	vorfinden	VERB	VVFIN		Fin	Past	3	P	Ind		
14005011	17	haben	AUX	VAFIN		Fin	Past	3	P	Ind		
14005011	18	sich	PRON	PRF				3	S		Acc	
14005011	19	heiligen	VERB	VVPP		Part						
14005011	20	ohne	ADP	APPR								
14005011	21	der	DET	ART					S		Nom	F
14005011	22	Abteilung	NOUN	NN					P		Nom	F
14005011	23	zu	ADP	PTKVZ								
14005011	24	beobachten	VERB	VVINF		Inf						
14005012	1	und	CCONJ	KON								
14005012	2	als	ADP	KOKOM								
14005012	3	der	DET	ART					S		Nom	F
14005012	4	Levit	NOUN	NN					P		Nom	M
14005012	5	der	DET	ART					S		Nom	F
14005012	6	Sänger	NOUN	NN					P		Nom	M
14005012	7	sie	PRON	PPER				3	P		Nom	
14005012	8	aller	PRON	PIS					P		Nom	
14005012	9	nämlich	ADV	ADV								
14005012	10	Asaph	PROPN	NE					S		Nom	
14005012	11	Heman	PROPN	NE					S		Nom	
14005012	12	Jeduthun	PROPN	NE					S		Nom	
14005012	13	und	CCONJ	KON								
14005012	14	ihr	DET	PPOSAT					S		Nom	F
14005012	15	Sohn	NOUN	NN					P		Nom	M
14005012	16	und	CCONJ	KON								
14005012	17	ihr	DET	PPOSAT					S		Nom	F
14005012	18	Bruder	NOUN	NN					P		Nom	M
14005012	19	in	ADP	APPR								
14005012	20	Byssus	PROPN	NE					S		Nom	
14005012	21	kleiden	VERB	VVPP		Part						
14005012	22	mit	ADP	APPR								
14005012	23	Cymbel	NOUN	NN					P		Nom	F
14005012	24	und	CCONJ	KON								
14005012	25	mit	ADP	APPR								
14005012	26	Harfe	NOUN	NN					P		Nom	F
14005012	27	und	CCONJ	KON								
14005012	28	Laut	NOUN	NN					S		Nom	N
14005012	29	auf	ADP	PTKVZ								
14005012	30	der	DET	ART					S		Nom	M
14005012	31	Ostseite	NOUN	NN					S		Nom	F
14005012	32	der	DET	ART					S		Gen	M
14005012	33	Altar	NOUN	NN					P		Nom	N
14005012	34	stehen	VERB	VVFIN		Fin	Past	3	P	Ind		
14005012	35	und	CCONJ	KON								
14005012	36	mit	ADP	APPR								
14005012	37	ihnen	PRON	PPER				3	P		Dat	
14005012	38	an	ADP	PTKVZ								
14005012	39	120	NUM	CARD								
14005012	40	Priester	NOUN	NN					P		Nom	M
14005012	41	der	DET	ART					S		Nom	F
14005012	42	mit	ADP	APPR								
14005012	43	Trompet	NOUN	NN					P		Nom	F
14005012	44	schmettern	VERB	VVFIN		Fin	Past	3	P	Ind		
14005013	1	es	PRON	PPER				3	S		Nom	N
14005013	2	geschehen	VERB	VVFIN		Fin	Past	3	S	Ind		
14005013	3	als	ADP	KOKOM								
14005013	4	der	DET	ART					S		Nom	F
14005013	5	Trompeter	NOUN	NN					S		Nom	M
14005013	6	und	CCONJ	KON								
14005013	7	der	DET	ART					S		Nom	F
14005013	8	Sänger	NOUN	NN					P		Nom	M
14005013	9	wie	ADP	KOKOM								
14005013	10	ein	DET	ART					S		Nom	N
14005013	11	Mann	NOUN	NN					S		Nom	M
14005013	12	sein	AUX	VAFIN		Fin	Past	3	P	Ind		
14005013	13	um	ADP	APPR								
14005013	14	ein	DET	ART					S		Nom	F
14005013	15	Stimme	NOUN	NN					S		Nom	F
14005013	16	ertönen	VERB	VVFIN		Fin	Pres	3	P	Ind		
14005013	17	zu	ADP	PTKVZ								
14005013	18	lassen	VERB	VVINF		Fin	Pres	3	P	Ind		
14005013	19	Jahwe	NOUN	NN					S		Nom	M
14005013	20	zu	ADP	PTKVZ								
14005013	21	loben	VERB	VVINF		Inf						
14005013	22	und	CCONJ	KON								
14005013	23	zu	ADP	PTKVZ								
14005013	24	preisen	VERB	VVFIN		Fin	Pres	3	P	Ind		
14005013	25	und	CCONJ	KON								
14005013	26	als	ADP	KOKOM								
14005013	27	sie	PRON	PPER				3	P		Nom	
14005013	28	der	DET	ART					S		Nom	F
14005013	29	Stimme	NOUN	NN					S		Nom	F
14005013	30	erheben	VERB	VVPP		Fin	Past	3	P	Ind		
14005013	31	mit	ADP	APPR								
14005013	32	Trompet	NOUN	NN					P		Nom	F
14005013	33	und	CCONJ	KON								
14005013	34	mit	ADP	APPR								
14005013	35	Cymbel	NOUN	NN					P		Nom	F
14005013	36	und	CCONJ	KON								
14005013	37	mit	ADP	APPR								
14005013	38	Musikinstrument	NOUN	NN					P		Nom	F
14005013	39	und	CCONJ	KON								
14005013	40	mit	ADP	APPR								
14005013	41	der	DET	ART					S		Dat	M
14005013	42	Lobe	PROPN	NN					S		Nom	
14005013	43	Jahwe	PROPN	NE					S		Gen	
14005013	44	weil	SCONJ	KOUS								
14005013	45	er	PRON	PPER				3	S		Nom	M
14005013	46	gütig	ADV	ADJD	Pos							
14005013	47	sein	AUX	VAFIN		Fin	Pres	3	S	Ind		
14005013	48	weil	SCONJ	KOUS								
14005013	49	sein	DET	PPOSAT					S		Nom	F
14005013	50	Güte	NOUN	NN					S		Nom	F
14005013	51	ewiglich	ADV	ADJD	Pos							
14005013	52	währen	VERB	VVFIN		Fin	Pres	3	S	Ind		
14005013	53	da	ADV	ADV								
14005013	54	werden	AUX	VAFIN		Fin	Past	3	S	Ind		
14005013	55	der	DET	ART					S		Nom	N
14005013	56	Haus	NOUN	NN					S		Nom	N
14005013	57	der	DET	ART					S		Nom	N
14005013	58	Haus	NOUN	NN					S		Nom	N
14005013	59	Jahwe	PROPN	NE					S		Gen	
14005013	60	mit	ADP	APPR								
14005013	61	ein	PRON	ART					S		Nom	M
14005013	62	Wolke	NOUN	NN					S		Nom	F
14005013	63	erfüllen	VERB	VVPP		Part						
14005014	1	und	CCONJ	KON								
14005014	2	der	DET	ART					S		Nom	F
14005014	3	Priester	NOUN	NN					P		Nom	M
14005014	4	vermochten	VERB	VVFIN		Fin	Past	3	P	Ind		
14005014	5	wegen	ADP	APPR								
14005014	6	der	DET	ART					S		Nom	M
14005014	7	Wolke	NOUN	NN					S		Nom	F
14005014	8	nicht	PART	PTKNEG								
14005014	9	dazustehen	VERB	VVINF		Inf						
14005014	10	um	ADP	APPR								
14005014	11	der	DET	ART					S		Acc	M
14005014	12	Dienst	NOUN	NN					S		Nom	M
14005014	13	zu	ADP	PTKVZ								
14005014	14	verrichten	VERB	VVINF		Inf						
14005014	15	denn	CCONJ	KON								
14005014	16	der	DET	ART					S		Nom	F
14005014	17	Herrlichkeit	NOUN	NN					S		Nom	F
14005014	18	Jahwe	PROPN	NE					S		Gen	
14005014	19	erfüllen	VERB	VVFIN		Fin	Past	3	S	Ind		
14005014	20	der	DET	ART					S		Nom	N
14005014	21	Haus	NOUN	NN					S		Nom	N
14005014	22	Gott	NOUN	NN					S		Gen	M
14006001	1	damals	ADV	ADV								
14006001	2	sprechen	VERB	VVFIN		Fin	Past	3	S	Ind		
14006001	3	Salomo	PROPN	NE					S		Nom	M
14006001	4	Jahwe	NOUN	NN					S		Nom	M
14006001	5	haben	AUX	VAFIN		Fin	Pres	3	S	Ind		
14006001	6	sagen	VERB	VVPP		Part						
14006001	7	daß	SCONJ	KOUS								
14006001	8	er	PRON	PPER				3	S		Nom	M
14006001	9	in	ADP	APPRART					S		Dat	N
14006001	10	Dunkel	NOUN	NN					S		Nom	N
14006001	11	wohnen	VERB	VVINF		Inf						
14006001	12	wollen	AUX	VMFIN		Fin	Pres	3	S	Sub		
14006002	1	ich	PRON	PPER				1	S		Nom	
14006002	2	aber	CCONJ	KON								
14006002	3	haben	AUX	VAFIN		Fin	Pres	3	S	Sub		
14006002	4	dir	PRON	PPER				2	S		Dat	
14006002	5	ein	DET	ART					S		Nom	N
14006002	6	Haus	NOUN	NN					S		Nom	N
14006002	7	bauen	VERB	VVPP		Part						
14006002	8	zu	ADP	APPRART					S		Dat	F
14006002	9	Wohnung	NOUN	NN					S		Nom	F
14006002	10	und	CCONJ	KON								
14006002	11	ein	DET	ART					S		Nom	F
14006002	12	Stätte	NOUN	NN					S		Nom	F
14006002	13	zu	ADP	PTKVZ								
14006002	14	dein	DET	PPOSAT					S		Dat	M
14006002	15	Sitz	NOUN	NN					P		Nom	M
14006002	16	für	ADP	APPR								
14006002	17	Ewigkeit	NOUN	NN					P		Nom	F
14006003	1	und	CCONJ	KON								
14006003	2	der	DET	ART					S		Nom	M
14006003	3	König	NOUN	NN					S		Nom	M
14006003	4	wenden	VERB	VVFIN		Fin	Past	3	S	Ind		
14006003	5	sein	AUX	VAINF		Inf						
14006003	6	Angesicht	NOUN	NN					S		Nom	F
14006003	7	und	CCONJ	KON								
14006003	8	segnen	VERB	VVFIN		Fin	Past	3	S	Ind		
14006003	9	der	DET	ART					S		Nom	F
14006003	10	ganz	ADJ	ADJA	Pos				S		Nom	F
14006003	11	Versammlung	NOUN	NN					S		Nom	F
14006003	12	Israel	PROPN	NE					S		Gen	N
14006003	13	und	CCONJ	KON								
14006003	14	der	DET	ART					S		Nom	F
14006003	15	ganz	ADJ	ADJA	Pos				S		Nom	F
14006003	16	Versammlung	NOUN	NN					S		Nom	F
14006003	17	Israel	PROPN	NE					S		Gen	N
14006003	18	stehen	VERB	VVFIN		Fin	Past	3	S	Ind		
14006004	1	und	CCONJ	KON								
14006004	2	er	PRON	PPER				3	S		Nom	M
14006004	3	sprechen	VERB	VVFIN		Fin	Past	3	S	Ind		
14006004	4	Gepriesen	ADV	ADJD	Pos							
14006004	5	sein	AUX	VAFIN		Fin	Pres	3	S	Sub		
14006004	6	Jahwe	NOUN	NN					S		Nom	M
14006004	7	der	DET	ART					S		Nom	M
14006004	8	Gott	NOUN	NN					S		Nom	M
14006004	9	Israel	PROPN	NE					S		Gen	N
14006004	10	der	DET	ART					S		Nom	M
14006004	11	mit	ADP	APPR								
14006004	12	sein	DET	PPOSAT					S		Dat	M
14006004	13	Mund	NOUN	NN					S		Acc	M
14006004	14	zu	ADP	PTKVZ								
14006004	15	mein	DET	PPOSAT					S		Dat	M
14006004	16	Vater	NOUN	NN					S		Nom	M
14006004	17	David	PROPN	NE					S		Nom	M
14006004	18	reden	VERB	VVPP		Part						
14006004	19	und	CCONJ	KON								
14006004	20	mit	ADP	APPR								
14006004	21	sein	DET	PPOSAT					S		Dat	F
14006004	22	Hand	NOUN	NN					S		Nom	F
14006004	23	es	PRON	PPER				3	S		Nom	N
14006004	24	erfüllen	VERB	VVPP		Part						
14006004	25	haben	AUX	VAFIN		Fin	Pres	3	S	Ind		
14006004	26	indem	SCONJ	KOUS								
14006004	27	er	PRON	PPER				3	S		Nom	M
14006004	28	sprechen	VERB	VVFIN		Fin	Past	3	S	Ind		
14006005	1	von	ADP	APPR								
14006005	2	der	DET	ART					S		Dat	M
14006005	3	Tag	NOUN	NN					P		Nom	M
14006005	4	an	ADP	PTKVZ								
14006005	5	da	ADV	ADV								
14006005	6	ich	PRON	PPER				1	S		Nom	
14006005	7	mein	DET	PPOSAT					S		Nom	N
14006005	8	Volk	NOUN	NN					S		Nom	N
14006005	9	aus	ADP	PTKVZ								
14006005	10	der	DET	ART					S		Dat	M
14006005	11	Land	NOUN	NN					P		Nom	N
14006005	12	Ägypten	PROPN	NE					S		Nom	N
14006005	13	herausführen	VERB	VVFIN		Fin	Past	3	S	Ind		
14006005	14	haben	AUX	VAFIN		Fin	Pres	3	S	Sub		
14006005	15	ich	PRON	PPER				1	S		Nom	
14006005	16	kein	DET	PIAT					S		Nom	F
14006005	17	Stadt	NOUN	NN					S		Nom	F
14006005	18	aus	ADP	PTKVZ								
14006005	19	aller	DET	PIS					P		Dat	
14006005	20	Stämme	NOUN	NN					P		Dat	M
14006005	21	Israel	PROPN	NE					S		Gen	N
14006005	22	erwählen	VERB	VVPP		Part						
14006005	23	um	ADP	APPR								
14006005	24	ein	DET	ART					S		Nom	N
14006005	25	Haus	NOUN	NN					S		Nom	N
14006005	26	zu	ADP	PTKVZ								
14006005	27	bauen	VERB	VVINF		Inf						
14006005	28	damit	ADV	PROAV								
14006005	29	mein	DET	PPOSAT					S		Nom	N
14006005	30	Name	NOUN	NN					S		Nom	M
14006005	31	daselbst	ADV	PROAV								
14006005	32	sein	AUX	VAFIN		Fin	Past	3	S	Sub		
14006005	33	und	CCONJ	KON								
14006005	34	ich	PRON	PPER				1	S		Nom	
14006005	35	haben	AUX	VAFIN		Fin	Pres	3	S	Sub		
14006005	36	kein	PRON	PIS					S		Acc	M
14006005	37	Mann	NOUN	NN					S		Nom	M
14006005	38	erwählen	VERB	VVPP		Part						
14006005	39	um	ADP	APPR								
14006005	40	Fürst	NOUN	NN					S		Nom	M
14006005	41	zu	ADP	PTKVZ								
14006005	42	sein	AUX	VAINF		Inf						
14006005	43	über	ADP	APPR								
14006005	44	mein	DET	PPOSAT					S		Nom	N
14006005	45	Volk	NOUN	NN					S		Nom	N
14006005	46	Israel	PROPN	NE					S		Nom	N
14006006	1	aber	CCONJ	KON								
14006006	2	ich	PRON	PPER				1	S		Nom	
14006006	3	haben	AUX	VAFIN		Fin	Pres	3	S	Sub		
14006006	4	Jerusalem	PROPN	NE					S		Nom	N
14006006	5	erwählen	VERB	VVPP		Part						
14006006	6	daß	SCONJ	KOUS								
14006006	7	mein	DET	PPOSAT					S		Nom	N
14006006	8	Name	NOUN	NN					S		Nom	M
14006006	9	daselbst	ADV	PROAV								
14006006	10	sein	AUX	VAFIN		Fin	Past	3	S	Sub		
14006006	11	und	CCONJ	KON								
14006006	12	ich	PRON	PPER				1	S		Nom	
14006006	13	haben	AUX	VAFIN		Fin	Pres	3	S	Sub		
14006006	14	David	PROPN	NE					S		Nom	M
14006006	15	erwählen	VERB	VVPP		Part						
14006006	16	daß	SCONJ	KOUS								
14006006	17	er	PRON	PPER				3	S		Nom	M
14006006	18	über	ADP	APPR								
14006006	19	mein	DET	PPOSAT					S		Nom	N
14006006	20	Volk	NOUN	NN					S		Nom	N
14006006	21	Israel	PROPN	NE					S		Nom	N
14006006	22	sein	AUX	VAFIN		Fin	Past	3	S	Sub		
14006007	1	und	CCONJ	KON								
14006007	2	es	PRON	PPER				3	S		Nom	N
14006007	3	sein	AUX	VAFIN		Fin	Past	3	S	Ind		
14006007	4	in	ADP	APPR								
14006007	5	der	DET	ART					S		Dat	M
14006007	6	Herz	NOUN	NN					S		Nom	N
14006007	7	meiner	DET	PPOSAT					S		Gen	N
14006007	8	Vater	NOUN	NN					S		Gen	M
14006007	9	David	PROPN	NE					S		Nom	M
14006007	10	der	DET	ART					S		Dat	M
14006007	11	Name	NOUN	NN					P		Nom	M
14006007	12	Jahwe	PROPN	NE					S		Gen	
14006007	13	der	DET	ART					S		Gen	M
14006007	14	Gott	NOUN	NN					S		Gen	M
14006007	15	Israel	PROPN	NE					S		Gen	N
14006007	16	ein	DET	ART					S		Nom	N
14006007	17	Haus	NOUN	NN					S		Nom	N
14006007	18	zu	ADP	PTKVZ								
14006007	19	bauen	VERB	VVINF		Inf						
14006008	1	und	CCONJ	KON								
14006008	2	Jahwe	NOUN	NN					S		Nom	M
14006008	3	sprechen	VERB	VVFIN		Fin	Past	3	S	Ind		
14006008	4	zu	ADP	PTKVZ								
14006008	5	mein	DET	PPOSAT					S		Dat	M
14006008	6	Vater	NOUN	NN					S		Nom	M
14006008	7	David	PROPN	NE					S		Nom	M
14006008	8	weil	SCONJ	KOUS								
14006008	9	es	PRON	PPER				3	S		Nom	N
14006008	10	in	ADP	APPR								
14006008	11	dein	DET	PPOSAT					S		Dat	M
14006008	12	Herz	NOUN	NN					S		Nom	N
14006008	13	sein	AUX	VAPP		Part						
14006008	14	sein	AUX	VAFIN		Fin	Pres	3	S	Ind		
14006008	15	mein	DET	PPOSAT					S		Dat	M
14006008	16	Name	NOUN	NN					P		Nom	M
14006008	17	ein	DET	ART					S		Nom	N
14006008	18	Haus	NOUN	NN					S		Nom	N
14006008	19	zu	ADP	PTKVZ								
14006008	20	bauen	VERB	VVINF		Inf						
14006008	21	so	ADV	ADV								
14006008	22	haben	AUX	VAFIN		Fin	Pres	2	S	Ind		
14006008	23	du	PRON	PPER				2	S		Nom	
14006008	24	wohlgetan	ADV	ADJD	Pos							
14006008	25	daß	SCONJ	KOUS								
14006008	26	es	PRON	PPER				3	S		Nom	N
14006008	27	in	ADP	APPR								
14006008	28	dein	DET	PPOSAT					S		Dat	M
14006008	29	Herz	NOUN	NN					S		Nom	N
14006008	30	sein	AUX	VAPP		Part						
14006008	31	sein	AUX	VAFIN		Fin	Pres	3	S	Ind		
14006009	1	nur	ADV	ADV								
14006009	2	sollst	AUX	VMFIN		Fin	Pres	3	S	Ind		
14006009	3	du	PRON	PPER				2	S		Nom	
14006009	4	nicht	PART	PTKNEG								
14006009	5	der	DET	ART					S		Nom	N
14006009	6	Haus	NOUN	NN					S		Nom	N
14006009	7	bauen	VERB	VVINF		Inf						
14006009	8	sondern	CCONJ	KON								
14006009	9	dein	DET	PPER					S		Nom	N
14006009	10	Sohn	NOUN	NN					S		Nom	M
14006009	11	der	DET	ART					S		Nom	M
14006009	12	aus	ADP	PTKVZ								
14006009	13	dein	DET	PPOSAT					S		Acc	M
14006009	14	Lenden	NOUN	NN					P		Dat	
14006009	15	hervorkommen	VERB	VVINF		Inf						
14006009	16	werden	AUX	VAFIN		Fin	Pres	3	S	Ind		
14006009	17	er	PRON	PPER				3	S		Nom	M
14006009	18	sollen	AUX	VMFIN		Fin	Pres	3	S	Ind		
14006009	19	mein	DET	PPOSAT					S		Dat	M
14006009	20	Name	NOUN	NN					P		Nom	M
14006009	21	der	DET	ART					S		Nom	N
14006009	22	Haus	NOUN	NN					S		Nom	N
14006009	23	bauen	VERB	VVINF		Inf						
14006010	1	und	CCONJ	KON								
14006010	2	Jahwe	NOUN	NN					S		Nom	M
14006010	3	haben	AUX	VAFIN		Fin	Pres	3	S	Ind		
14006010	4	sein	AUX	VAINF		Inf						
14006010	5	Wort	NOUN	NN					S		Nom	N
14006010	6	aufrecht	ADV	ADJD	Pos							
14006010	7	halten	VERB	VVPP		Part						
14006010	8	der	DET	ART					S		Nom	N
14006010	9	er	PRON	PPER				3	S		Nom	M
14006010	10	reden	VERB	VVPP		Part						
14006010	11	haben	AUX	VAFIN		Fin	Pres	3	S	Ind		
14006010	12	und	CCONJ	KON								
14006010	13	ich	PRON	PPER				1	S		Nom	
14006010	14	sein	AUX	VAFIN		Fin	Pres	1	S	Ind		
14006010	15	aufstehen	VERB	VVPP		Part						
14006010	16	an	ADP	PTKVZ								
14006010	17	meiner	DET	PPOSAT					S		Gen	N
14006010	18	Vater	NOUN	NN					S		Gen	M
14006010	19	David	PROPN	NE					S		Nom	M
14006010	20	statt	SCONJ	KOUI								
14006010	21	und	CCONJ	KON								
14006010	22	haben	AUX	VAFIN		Fin	Pres	3	S	Sub		
14006010	23	mich	PRON	PPER				1	S		Acc	
14006010	24	auf	ADP	PTKVZ								
14006010	25	der	DET	ART					S		Acc	M
14006010	26	Thron	NOUN	NN					S		Nom	M
14006010	27	Israel	PROPN	NE					S		Gen	N
14006010	28	setzen	VERB	VVPP		Part						
14006010	29	so	ADV	ADV								
14006010	30	wie	ADP	KOKOM								
14006010	31	Jahwe	NOUN	NN					S		Nom	M
14006010	32	reden	VERB	VVPP		Part						
14006010	33	haben	AUX	VAFIN		Fin	Pres	3	S	Ind		
14006010	34	und	CCONJ	KON								
14006010	35	haben	AUX	VAFIN		Fin	Pres	3	S	Sub		
14006010	36	der	DET	ART					S		Dat	M
14006010	37	Name	NOUN	NN					P		Nom	M
14006010	38	Jahwe	PROPN	NE					S		Gen	
14006010	39	der	DET	ART					S		Gen	M
14006010	40	Gott	NOUN	NN					S		Gen	M
14006010	41	Israel	PROPN	NE					S		Gen	N
14006010	42	der	DET	ART					S		Nom	N
14006010	43	Haus	NOUN	NN					S		Nom	N
14006010	44	bauen	VERB	VVPP		Part						
14006011	1	und	CCONJ	KON								
14006011	2	ich	PRON	PPER				1	S		Nom	
14006011	3	haben	AUX	VAFIN		Fin	Pres	3	S	Sub		
14006011	4	daselbst	ADV	PROAV								
14006011	5	der	DET	ART					S		Nom	F
14006011	6	lade	NOUN	NN					S		Nom	F
14006011	7	hinstellen	VERB	VVPP		Part						
14006011	8	in	ADP	APPR								
14006011	9	welcher	PRON	PWAT					S		Nom	M
14006011	10	der	DET	ART					S		Nom	M
14006011	11	Bund	NOUN	NN					S		Nom	M
14006011	12	Jahwe	PROPN	NE					S		Gen	
14006011	13	sein	AUX	VAFIN		Fin	Pres	3	S	Ind		
14006011	14	der	DET	ART					S		Acc	M
14006011	15	er	PRON	PPER				3	S		Nom	M
14006011	16	mit	ADP	APPR								
14006011	17	der	DET	ART					S		Acc	M
14006011	18	Kind	NOUN	NN					P		Dat	N
14006011	19	Israel	PROPN	NE					S		Nom	N
14006011	20	machen	VERB	VVPP		Part						
14006011	21	haben	AUX	VAFIN		Fin	Pres	3	S	Ind		
14006012	1	und	CCONJ	KON								
14006012	2	er	PRON	PPER				3	S		Nom	M
14006012	3	treten	VERB	VVFIN		Fin	Past	3	S	Ind		
14006012	4	vor	ADP	APPR								
14006012	5	der	DET	ART					S		Acc	M
14006012	6	Altar	NOUN	NN					S		Nom	M
14006012	7	Jahwe	PROPN	NE					S		Gen	
14006012	8	angesichts	ADP	APPR								
14006012	9	der	DET	ART					S		Nom	M
14006012	10	ganz	PRON	ADJA					S		Nom	M
14006012	11	Versammlung	NOUN	NN					S		Nom	F
14006012	12	Israel	PROPN	NE					S		Gen	N
14006012	13	und	CCONJ	KON								
14006012	14	er	PRON	PPER				3	S		Nom	M
14006012	15	breiten	VERB	VVFIN		Fin	Past	3	S	Ind		
14006012	16	sein	DET	PPOSAT					S		Nom	F
14006012	17	Hand	NOUN	NN					P		Nom	F
14006012	18	aus	ADP	PTKVZ								
14006013	1	denn	CCONJ	KON								
14006013	2	Salomo	PROPN	NE					S		Nom	M
14006013	3	haben	AUX	VAFIN		Fin	Past	3	S	Ind		
14006013	4	ein	DET	ART					S		Nom	N
14006013	5	Gestell	NOUN	NN					S		Nom	N
14006013	6	von	ADP	APPR								
14006013	7	Erz	NOUN	NN					S		Nom	N
14006013	8	machen	VERB	VVPP		Part						
14006013	9	und	CCONJ	KON								
14006013	10	es	PRON	PPER				3	S		Nom	N
14006013	11	mitten	ADV	ADV								
14006013	12	in	ADP	APPR								
14006013	13	der	DET	ART					S		Acc	M
14006013	14	Vorhof	NOUN	NN					S		Nom	M
14006013	15	stellen	VERB	VVPP		Part						
14006013	16	fünf	NUM	CARD								
14006013	17	Ellen	PROPN	NE					S		Nom	F
14006013	18	sein	DET	PPOSAT					S		Nom	F
14006013	19	Länge	NOUN	NN					S		Nom	F
14006013	20	und	CCONJ	KON								
14006013	21	fünf	NUM	CARD								
14006013	22	Ellen	PROPN	NE					S		Nom	F
14006013	23	sein	DET	PPOSAT					S		Nom	F
14006013	24	Breite	NOUN	NN					S		Nom	F
14006013	25	und	CCONJ	KON								
14006013	26	drei	NUM	CARD								
14006013	27	Ellen	PROPN	NE					S		Nom	F
14006013	28	sein	DET	PPOSAT					S		Nom	F
14006013	29	Höhe	NOUN	NN					S		Nom	F
14006013	30	und	CCONJ	KON								
14006013	31	er	PRON	PPER				3	S		Nom	M
14006013	32	treten	VERB	VVFIN		Fin	Past	3	S	Ind		
14006013	33	darauf	ADV	PROAV								
14006013	34	und	CCONJ	KON								
14006013	35	knien	VERB	VVFIN		Fin	Past	3	S	Ind		
14006013	36	angesichts	ADP	APPR								
14006013	37	der	DET	ART					S		Nom	M
14006013	38	ganz	PRON	ADJA					S		Nom	M
14006013	39	Versammlung	NOUN	NN					S		Nom	F
14006013	40	Israel	PROPN	NE					S		Gen	N
14006013	41	auf	ADP	PTKVZ								
14006013	42	sein	DET	PPOSAT					S		Nom	F
14006013	43	Knie	NOUN	NN					S		Nom	N
14006013	44	nieder	ADV	PTKVZ								
14006013	45	und	CCONJ	KON								
14006013	46	breiten	VERB	VVFIN		Fin	Past	3	S	Ind		
14006013	47	sein	DET	PPOSAT					S		Nom	F
14006013	48	Hand	NOUN	NN					P		Nom	F
14006013	49	aus	ADP	PTKVZ								
14006013	50	gen	ADP	APPR								
14006013	51	Himmel	NOUN	NN					S		Nom	M
14006014	1	und	CCONJ	KON								
14006014	2	sprechen	VERB	VVFIN		Fin	Past	3	S	Ind		
14006014	3	Jahwe	NOUN	NN					S		Nom	M
14006014	4	Gott	NOUN	NN					S		Nom	M
14006014	5	Israel	PROPN	NE					S		Gen	N
14006014	6	kein	DET	PIAT					S		Nom	N
14006014	7	Gott	NOUN	NN					S		Nom	M
14006014	8	sein	AUX	VAFIN		Fin	Pres	3	S	Ind		
14006014	9	dir	PRON	PPER				2	S		Dat	
14006014	10	gleich	ADV	ADV	Pos							
14006014	11	in	ADP	APPRART					S		Dat	N
14006014	12	Himmel	NOUN	NN					S		Nom	M
14006014	13	und	CCONJ	KON								
14006014	14	auf	ADP	PTKVZ								
14006014	15	der	DET	ART					S		Nom	M
14006014	16	Erde	NOUN	NN					S		Nom	F
14006014	17	der	DET	ART					S		Nom	M
14006014	18	du	PRON	PPER				2	S		Nom	
14006014	19	der	DET	ART					S		Acc	M
14006014	20	Bund	NOUN	NN					S		Nom	M
14006014	21	und	CCONJ	KON								
14006014	22	der	DET	ART					S		Nom	F
14006014	23	Güte	NOUN	NN					S		Nom	F
14006014	24	dein	DET	PPOSAT					S		Acc	M
14006014	25	knechte	NOUN	NN					P		Nom	M
14006014	26	bewahrst	VERB	VVFIN		Fin	Pres	3	S	Ind		
14006014	27	der	DET	ART					S		Nom	F
14006014	28	vor	ADP	APPR								
14006014	29	dir	PRON	PPER				2	S		Dat	
14006014	30	wandeln	VERB	VVINF		Inf						
14006014	31	mit	ADP	APPR								
14006014	32	ihr	DET	PPOSAT					S		Dat	N
14006014	33	ganz	PRON	ADJA					S		Nom	M
14006014	34	Herz	NOUN	NN					S		Nom	N
14006015	1	der	DET	ART					S		Nom	M
14006015	2	du	PRON	PPER				2	S		Nom	
14006015	3	dein	DET	PPOSAT					S		Dat	M
14006015	4	Knecht	NOUN	NN					P		Nom	M
14006015	5	David	PROPN	NE					S		Nom	M
14006015	6	mein	DET	PPOSAT					S		Dat	M
14006015	7	Vater	NOUN	NN					S		Nom	M
14006015	8	halten	VERB	VVPP		Part						
14006015	9	was	PRON	PWS					S		Nom	N
14006015	10	du	PRON	PPER				2	S		Nom	
14006015	11	zu	ADP	PTKVZ								
14006015	12	ihm	PRON	PPER				3	S		Dat	M
14006015	13	reden	VERB	VVPP		Part						
14006015	14	haben	AUX	VAFIN		Fin	Pres	2	S	Ind		
14006015	15	du	PRON	PPER				2	S		Nom	
14006015	16	haben	AUX	VAFIN		Fin	Pres	2	S	Ind		
14006015	17	es	PRON	PPER				3	S		Nom	N
14006015	18	mit	ADP	APPR								
14006015	19	dein	DET	PPOSAT					S		Dat	M
14006015	20	Mund	NOUN	NN					S		Acc	M
14006015	21	reden	VERB	VVPP		Part						
14006015	22	und	CCONJ	KON								
14006015	23	mit	ADP	APPR								
14006015	24	dein	DET	PPOSAT					S		Dat	F
14006015	25	Hand	NOUN	NN					S		Nom	F
14006015	26	haben	AUX	VAFIN		Fin	Pres	2	S	Ind		
14006015	27	du	PRON	PPER				2	S		Nom	
14006015	28	es	PRON	PPER				3	S		Nom	N
14006015	29	erfüllen	VERB	VVPP		Part						
14006015	30	wie	ADP	KOKOM								
14006015	31	es	PRON	PPER				3	S		Nom	N
14006015	32	an	ADP	PTKVZ								
14006015	33	dieser	DET	PDAT					S		Dat	N
14006015	34	Tag	NOUN	NN					P		Nom	M
14006015	35	sein	AUX	VAFIN		Fin	Pres	3	S	Ind		
14006016	1	und	CCONJ	KON								
14006016	2	nun	ADV	ADV								
14006016	3	Jahwe	NOUN	NN					S		Nom	M
14006016	4	Gott	NOUN	NN					S		Nom	M
14006016	5	Israel	PROPN	NE					S		Gen	N
14006016	6	halten	VERB	VVFIN		Fin	Pres	3	S	Sub		
14006016	7	dein	DET	PPOSAT					S		Dat	M
14006016	8	Knecht	NOUN	NN					P		Nom	M
14006016	9	David	PROPN	NE					S		Nom	M
14006016	10	mein	DET	PPOSAT					S		Dat	M
14006016	11	Vater	NOUN	NN					S		Nom	M
14006016	12	was	PRON	PWS					S		Nom	N
14006016	13	du	PRON	PPER				2	S		Nom	
14006016	14	zu	ADP	PTKVZ								
14006016	15	ihm	PRON	PPER				3	S		Dat	M
14006016	16	reden	VERB	VVPP		Part						
14006016	17	haben	AUX	VAFIN		Fin	Pres	2	S	Ind		
14006016	18	indem	SCONJ	KOUS								
14006016	19	du	PRON	PPER				2	S		Nom	
14006016	20	sprachen	VERB	VVFIN		Fin	Pres	3	S	Ind		
14006016	21	es	PRON	PPER				3	S		Nom	N
14006016	22	sollen	AUX	VMFIN		Fin	Pres	3	S	Ind		
14006016	23	dir	PRON	PPER				2	S		Dat	
14006016	24	nicht	PART	PTKNEG								
14006016	25	fehlen	VERB	VVFIN		Fin	Pres	3	P	Ind		
14006016	26	an	ADP	PTKVZ								
14006016	27	ein	DET	ART					S		Dat	M
14006016	28	Manne	NOUN	NN					S		Nom	M
14006016	29	vor	ADP	APPR								
14006016	30	mein	DET	PPOSAT					S		Dat	M
14006016	31	Angesicht	NOUN	NN					S		Nom	F
14006016	32	der	DET	ART					S		Nom	M
14006016	33	da	ADV	ADV								
14006016	34	sitzen	VERB	VVFIN		Fin	Pres	3	S	Sub		
14006016	35	auf	ADP	PTKVZ								
14006016	36	der	DET	ART					S		Dat	M
14006016	37	Throne	NOUN	NN					S		Nom	F
14006016	38	Israel	PROPN	NE					S		Gen	N
14006016	39	wenn	SCONJ	KOUS								
14006016	40	nur	ADV	ADV								
14006016	41	dein	DET	PPOSAT					S		Nom	F
14006016	42	Sohn	NOUN	NN					P		Nom	M
14006016	43	auf	ADP	PTKVZ								
14006016	44	ihr	DET	PPOSAT					S		Acc	M
14006016	45	Weg	NOUN	NN					S		Nom	M
14006016	46	Achthab	NOUN	NN					P		Nom	F
14006016	47	daß	SCONJ	KOUS								
14006016	48	sie	PRON	PPER				3	P		Nom	
14006016	49	in	ADP	APPR								
14006016	50	mein	DET	PPOSAT					S		Dat	M
14006016	51	Gesetz	NOUN	NN					P		Nom	N
14006016	52	wandeln	VERB	VVINF		Inf						
14006016	53	so	ADV	ADV								
14006016	54	wie	ADP	KOKOM								
14006016	55	du	PRON	PPER				2	S		Nom	
14006016	56	vor	ADP	APPR								
14006016	57	mir	PRON	PPER				1	S		Dat	
14006016	58	wandeln	VERB	VVPP		Part						
14006016	59	haben	AUX	VAFIN		Fin	Pres	2	S	Ind		
14006017	1	und	CCONJ	KON								
14006017	2	nun	ADV	ADV								
14006017	3	Jahwe	NOUN	NN					S		Nom	M
14006017	4	Gott	NOUN	NN					S		Nom	M
14006017	5	Israel	PROPN	NE					S		Gen	N
14006017	6	mögen	AUX	VMFIN		Fin	Pres	3	S	Sub		
14006017	7	sich	PRON	PRF				3	S		Acc	
14006017	8	dein	DET	PPER					S		Nom	N
14006017	9	Wort	NOUN	NN					S		Nom	N
14006017	10	bewähren	VERB	VVFIN		Fin	Pres	3	P	Ind		
14006017	11	der	DET	ART					S		Nom	N
14006017	12	du	PRON	PPER				2	S		Nom	
14006017	13	zu	ADP	PTKVZ								
14006017	14	dein	DET	PPOSAT					S		Dat	M
14006017	15	Knecht	NOUN	NN					P		Nom	M
14006017	16	David	PROPN	NE					S		Nom	M
14006017	17	reden	VERB	VVPP		Part						
14006017	18	haben	AUX	VAFIN		Fin	Pres	2	S	Ind		
14006018	1	aber	CCONJ	KON								
14006018	2	sollen	AUX	VMFIN		Fin	Past	3	S	Ind		
14006018	3	Gott	NOUN	NN					S		Nom	M
14006018	4	wirklich	ADV	ADJD	Pos							
14006018	5	bei	ADP	APPR								
14006018	6	der	DET	ART					S		Dat	M
14006018	7	Mensch	NOUN	NN					P		Nom	M
14006018	8	auf	ADP	PTKVZ								
14006018	9	der	DET	ART					S		Nom	M
14006018	10	Erde	NOUN	NN					S		Nom	F
14006018	11	wohnen	VERB	VVINF		Inf						
14006018	12	sehen	VERB	VVIMP				2	S	Imp		
14006018	13	der	DET	ART					S		Nom	F
14006018	14	Himmel	NOUN	NN					S		Nom	M
14006018	15	und	CCONJ	KON								
14006018	16	der	DET	ART					S		Nom	M
14006018	17	Himmel	NOUN	NN					S		Nom	M
14006018	18	Himmel	NOUN	NN					S		Nom	M
14006018	19	können	AUX	VMFIN		Fin	Pres	3	P	Ind		
14006018	20	dich	PRON	PPER				2	S		Acc	
14006018	21	nicht	PART	PTKNEG								
14006018	22	fassen	VERB	VVINF		Inf						
14006018	23	wieviel	ADV	PWS								
14006018	24	weniger	PRON	ADV								
14006018	25	dieser	DET	PDAT					S		Nom	N
14006018	26	Haus	NOUN	NN					S		Nom	N
14006018	27	der	DET	ART					S		Nom	N
14006018	28	ich	PRON	PPER				1	S		Nom	
14006018	29	bauen	VERB	VVPP		Part						
14006018	30	haben	AUX	VAFIN		Fin	Pres	3	S	Sub		
14006019	1	doch	CCONJ	KON								
14006019	2	wenden	VERB	VVFIN		Fin	Pres	3	S	Sub		
14006019	3	dich	PRON	PPER				2	S		Acc	
14006019	4	zu	ADP	PTKVZ								
14006019	5	der	DET	ART					S		Dat	M
14006019	6	Gebet	NOUN	NN					S		Nom	N
14006019	7	dein	DET	PPOSAT					S		Gen	N
14006019	8	Knecht	NOUN	NN					S		Gen	M
14006019	9	und	CCONJ	KON								
14006019	10	zu	ADP	PTKVZ								
14006019	11	sein	DET	PPOSAT					S		Dat	M
14006019	12	Flehen	NOUN	NN					S		Nom	N
14006019	13	Jahwe	NOUN	NN					S		Nom	M
14006019	14	mein	DET	PPOSAT					S		Nom	N
14006019	15	Gott	NOUN	NN					S		Nom	M
14006019	16	daß	SCONJ	KOUS								
14006019	17	du	PRON	PPER				2	S		Nom	
14006019	18	Hörest	PROPN	NE					S		Nom	
14006019	19	auf	ADP	PTKVZ								
14006019	20	der	DET	ART					S		Nom	N
14006019	21	Rufen	NOUN	ADJD					S		Nom	N
14006019	22	und	CCONJ	KON								
14006019	23	auf	ADP	PTKVZ								
14006019	24	der	DET	ART					S		Nom	N
14006019	25	Gebet	NOUN	NN					S		Nom	N
14006019	26	welcher	DET	PWAT					S		Acc	N
14006019	27	dein	DET	PPER					S		Nom	N
14006019	28	Knecht	NOUN	NN					S		Nom	M
14006019	29	vor	ADP	APPR								
14006019	30	dir	PRON	PPER				2	S		Dat	
14006019	31	beten	VERB	VVFIN		Fin	Pres	3	S	Ind		
14006020	1	daß	SCONJ	KOUS								
14006020	2	dein	DET	PPOSAT					S		Nom	F
14006020	3	Auge	NOUN	NN					P		Nom	N
14006020	4	Tag	NOUN	NN					S		Nom	M
14006020	5	und	CCONJ	KON								
14006020	6	Nacht	NOUN	NN					S		Nom	F
14006020	7	offen	ADV	ADJD	Pos							
14006020	8	sein	AUX	VAFIN		Fin	Pres	3	P	Sub		
14006020	9	über	ADP	APPR								
14006020	10	dieser	DET	PDAT					S		Nom	N
14006020	11	Haus	NOUN	NN					S		Nom	N
14006020	12	über	ADP	APPR								
14006020	13	der	DET	ART					S		Acc	M
14006020	14	Ort	NOUN	NN					S		Nom	M
14006020	15	von	ADP	APPR								
14006020	16	der	DET	ART					S		Dat	M
14006020	17	du	PRON	PPER				2	S		Nom	
14006020	18	sagen	VERB	VVPP		Part						
14006020	19	haben	AUX	VAFIN		Fin	Pres	2	S	Ind		
14006020	20	daß	SCONJ	KOUS								
14006020	21	du	PRON	PPER				2	S		Nom	
14006020	22	dein	DET	PPOSAT					S		Acc	M
14006020	23	Name	NOUN	NN					P		Nom	M
14006020	24	dahin	ADV	PROAV								
14006020	25	setzen	VERB	VVINF		Fin	Pres	3	P	Ind		
14006020	26	wollest	VERB	VVPP		Part						
14006020	27	daß	SCONJ	KOUS								
14006020	28	du	PRON	PPER				2	S		Nom	
14006020	29	Hörest	PROPN	NE					S		Nom	
14006020	30	auf	ADP	PTKVZ								
14006020	31	der	DET	ART					S		Nom	N
14006020	32	Gebet	NOUN	NN					S		Nom	N
14006020	33	welcher	DET	PWAT					S		Acc	N
14006020	34	dein	DET	PPER					S		Nom	N
14006020	35	Knecht	NOUN	NN					S		Nom	M
14006020	36	gegen	ADP	APPR								
14006020	37	dieser	DET	PDAT					S		Acc	M
14006020	38	Ort	NOUN	NN					S		Nom	M
14006020	39	hin	ADV	ADV								
14006020	40	beten	VERB	VVFIN		Fin	Pres	3	P	Ind		
14006020	41	werden	AUX	VAFIN		Fin	Pres	3	S	Ind		
14006021	1	und	CCONJ	KON								
14006021	2	hören	VERB	VVFIN		Fin	Pres	3	S	Sub		
14006021	3	auf	ADP	PTKVZ								
14006021	4	der	DET	ART					S		Nom	N
14006021	5	Flehen	NOUN	NN					S		Nom	N
14006021	6	dein	DET	PPOSAT					S		Gen	N
14006021	7	Knecht	NOUN	NN					S		Gen	M
14006021	8	und	CCONJ	KON								
14006021	9	dein	DET	PPOSAT					S		Gen	N
14006021	10	Volk	NOUN	NN					S		Gen	N
14006021	11	Israel	PROPN	NE					S		Nom	N
14006021	12	der	DET	ART					S		Nom	N
14006021	13	sie	PRON	PPER				3	P		Nom	
14006021	14	gegen	ADP	APPR								
14006021	15	dieser	DET	PDAT					S		Acc	M
14006021	16	Ort	NOUN	NN					S		Nom	M
14006021	17	hin	ADV	ADV								
14006021	18	richten	VERB	VVFIN		Fin	Pres	3	P	Ind		
14006021	19	werden	AUX	VAFIN		Fin	Pres	3	P	Ind		
14006021	20	und	CCONJ	KON								
14006021	21	hören	VERB	VVFIN		Fin	Pres	3	S	Sub		
14006021	22	du	PRON	PPER				2	S		Nom	
14006021	23	von	ADP	APPR								
14006021	24	der	DET	ART					S		Nom	M
14006021	25	Stätte	NOUN	NN					S		Nom	F
14006021	26	dein	DET	PPOSAT					S		Dat	F
14006021	27	Wohnung	NOUN	NN					S		Nom	F
14006021	28	von	ADP	APPRART					S		Dat	N
14006021	29	Himmel	NOUN	NN					S		Nom	M
14006021	30	her	ADV	ADV								
14006021	31	ja	ADV	ADV								
14006021	32	hören	VERB	VVFIN		Fin	Pres	3	S	Sub		
14006021	33	und	CCONJ	KON								
14006021	34	vergib	VERB	VVFIN		Fin	Pres	3	S	Ind		
14006022	1	wenn	SCONJ	KOUS								
14006022	2	jemand	PRON	PIS					S		Nom	M
14006022	3	wider	ADP	PTKVZ								
14006022	4	sein	DET	PPOSAT					S		Acc	M
14006022	5	Nächsten	NOUN	ADJA					S		Nom	
14006022	6	sündigen	VERB	VVFIN		Fin	Pres	3	S	Ind		
14006022	7	und	CCONJ	KON								
14006022	8	man	PRON	PIS					S		Nom	
14006022	9	ihm	PRON	PPER				3	S		Dat	M
14006022	10	ein	DET	ART					S		Acc	M
14006022	11	Eid	NOUN	NE					S		Nom	M
14006022	12	auflegen	VERB	VVFIN		Fin	Pres	3	S	Ind		
14006022	13	um	ADP	APPR								
14006022	14	ihn	PRON	PPER				3	S		Acc	M
14006022	15	schwören	VERB	VVFIN		Fin	Pres	3	P	Ind		
14006022	16	zu	ADP	PTKVZ								
14006022	17	lassen	VERB	VVINF		Fin	Pres	3	P	Ind		
14006022	18	und	CCONJ	KON								
14006022	19	er	PRON	PPER				3	S		Nom	M
14006022	20	kommen	VERB	VVFIN		Fin	Pres	3	S	Ind		
14006022	21	und	CCONJ	KON								
14006022	22	schwören	VERB	VVFIN		Fin	Pres	3	S	Ind		
14006022	23	vor	ADP	APPR								
14006022	24	dein	DET	PPOSAT					S		Dat	M
14006022	25	Altar	NOUN	NN					S		Nom	M
14006022	26	in	ADP	APPR								
14006022	27	dieser	DET	PDAT					S		Dat	N
14006022	28	Haus	NOUN	NN					P		Nom	N
14006023	1	so	ADV	ADV								
14006023	2	hören	VERB	VVFIN		Fin	Pres	3	S	Sub		
14006023	3	du	PRON	PPER				2	S		Nom	
14006023	4	von	ADP	APPRART					S		Dat	N
14006023	5	Himmel	NOUN	NN					S		Nom	M
14006023	6	und	CCONJ	KON								
14006023	7	handeln	VERB	VVFIN		Fin	Pres	3	S	Sub		
14006023	8	und	CCONJ	KON								
14006023	9	richten	VERB	VVFIN		Fin	Pres	3	S	Sub		
14006023	10	dein	DET	PPOSAT					S		Nom	F
14006023	11	Knecht	NOUN	NN					P		Nom	M
14006023	12	indem	SCONJ	KOUS								
14006023	13	du	PRON	PPER				2	S		Nom	
14006023	14	der	DET	ART					S		Dat	M
14006023	15	schuldige	NOUN	NN					P		Nom	
14006023	16	Vergiltst	PROPN	NE					S		Nom	M
14006023	17	daß	SCONJ	KOUS								
14006023	18	du	PRON	PPER				2	S		Nom	
14006023	19	sein	DET	PPOSAT					S		Acc	M
14006023	20	Weg	NOUN	NN					S		Nom	M
14006023	21	auf	ADP	PTKVZ								
14006023	22	sein	DET	PPOSAT					S		Acc	M
14006023	23	Kopf	NOUN	NN					S		Nom	M
14006023	24	bringsen	VERB	VVFIN		Fin	Pres	2	S	Ind		
14006023	25	und	CCONJ	KON								
14006023	26	indem	SCONJ	KOUS								
14006023	27	du	PRON	PPER				2	S		Nom	
14006023	28	der	DET	ART					S		Acc	M
14006023	29	Gerechten	NOUN	NN					P		Dat	
14006023	30	gerecht	ADV	ADJD	Pos							
14006023	31	sprichst	VERB	VVFIN		Fin	Pres	3	S	Ind		
14006023	32	daß	SCONJ	KOUS								
14006023	33	du	PRON	PPER				2	S		Nom	
14006023	34	ihm	PRON	PPER				3	S		Dat	M
14006023	35	gibst	VERB	VVFIN		Fin	Pres	3	S	Ind		
14006023	36	nach	ADP	APPR								
14006023	37	sein	DET	PPOSAT					S		Dat	F
14006023	38	Gerechtigkeit	NOUN	NN					S		Nom	F
14006024	1	und	CCONJ	KON								
14006024	2	wenn	SCONJ	KOUS								
14006024	3	dein	DET	PPER					S		Nom	N
14006024	4	Volk	NOUN	NN					S		Nom	N
14006024	5	Israel	PROPN	NE					S		Nom	N
14006024	6	vor	ADP	APPR								
14006024	7	der	DET	ART					S		Dat	M
14006024	8	Feind	NOUN	NN					P		Nom	M
14006024	9	schlagen	VERB	VVPP		Part						
14006024	10	werden	AUX	VAFIN		Fin	Pres	3	S	Ind		
14006024	11	weil	SCONJ	KOUS								
14006024	12	sie	PRON	PPER				3	P		Nom	
14006024	13	wider	ADP	PTKVZ								
14006024	14	dich	PRON	PPER				2	S		Acc	
14006024	15	sündigen	VERB	VVPP		Part						
14006024	16	haben	AUX	VAFIN		Fin	Pres	3	P	Ind		
14006024	17	und	CCONJ	KON								
14006024	18	sie	PRON	PPER				3	P		Nom	
14006024	19	kehren	VERB	VVINF		Inf						
14006024	20	um	ADP	APPR								
14006024	21	und	CCONJ	KON								
14006024	22	bekennen	VERB	VVINF		Inf						
14006024	23	dein	DET	PPOSAT					S		Acc	M
14006024	24	Name	NOUN	NN					P		Nom	M
14006024	25	und	CCONJ	KON								
14006024	26	beten	VERB	VVFIN		Fin	Pres	3	P	Ind		
14006024	27	und	CCONJ	KON								
14006024	28	flehen	VERB	VVFIN		Fin	Pres	3	P	Ind		
14006024	29	zu	ADP	PTKVZ								
14006024	30	dir	PRON	PPER				2	S		Dat	
14006024	31	in	ADP	APPR								
14006024	32	dieser	DET	PDAT					S		Dat	N
14006024	33	Haus	NOUN	NN					P		Nom	N
14006025	1	so	ADV	ADV								
14006025	2	hören	VERB	VVFIN		Fin	Pres	3	S	Sub		
14006025	3	du	PRON	PPER				2	S		Nom	
14006025	4	von	ADP	APPRART					S		Dat	N
14006025	5	Himmel	NOUN	NN					S		Nom	M
14006025	6	her	ADV	ADV								
14006025	7	und	CCONJ	KON								
14006025	8	vergib	VERB	VVFIN		Fin	Pres	3	S	Ind		
14006025	9	der	DET	ART					S		Nom	F
14006025	10	Sünde	NOUN	NN					S		Nom	F
14006025	11	dein	DET	PPOSAT					S		Gen	N
14006025	12	Volk	NOUN	NN					S		Gen	N
14006025	13	Israel	PROPN	NE					S		Nom	N
14006025	14	und	CCONJ	KON								
14006025	15	bringen	VERB	VVFIN		Fin	Pres	3	S	Sub		
14006025	16	sie	PRON	PPER				3	P		Nom	
14006025	17	in	ADP	APPR								
14006025	18	der	DET	ART					S		Nom	N
14006025	19	Land	NOUN	NN					S		Nom	N
14006025	20	zurück	ADV	PTKVZ								
14006025	21	der	DET	ART					S		Nom	N
14006025	22	du	PRON	PPER				2	S		Nom	
14006025	23	ihnen	PRON	PPER				3	P		Dat	
14006025	24	und	CCONJ	KON								
14006025	25	ihr	DET	PPOSAT					S		Acc	M
14006025	26	Vätern	NOUN	NN					P		Dat	M
14006025	27	geben	VERB	VVPP		Part						
14006025	28	haben	AUX	VAFIN		Fin	Pres	2	S	Ind		
14006026	1	wenn	SCONJ	KOUS								
14006026	2	der	DET	ART					S		Nom	M
14006026	3	Himmel	NOUN	NN					S		Nom	M
14006026	4	verschließen	VERB	VVPP		Part						
14006026	5	und	CCONJ	KON								
14006026	6	kein	DET	PIAT					S		Nom	N
14006026	7	Regen	NOUN	NN					S		Nom	M
14006026	8	sein	AUX	VAINF		Inf						
14006026	9	werden	AUX	VAFIN		Fin	Pres	3	S	Ind		
14006026	10	weil	SCONJ	KOUS								
14006026	11	sie	PRON	PPER				3	P		Nom	
14006026	12	wider	ADP	PTKVZ								
14006026	13	dich	PRON	PPER				2	S		Acc	
14006026	14	sündigen	VERB	VVPP		Part						
14006026	15	haben	AUX	VAFIN		Fin	Pres	3	P	Ind		
14006026	16	und	CCONJ	KON								
14006026	17	sie	PRON	PPER				3	P		Nom	
14006026	18	beten	VERB	VVFIN		Fin	Pres	3	P	Ind		
14006026	19	gegen	ADP	APPR								
14006026	20	dieser	DET	PDAT					S		Acc	M
14006026	21	Ort	NOUN	NN					S		Nom	M
14006026	22	hin	ADV	ADV								
14006026	23	und	CCONJ	KON								
14006026	24	bekennen	VERB	VVINF		Inf						
14006026	25	dein	DET	PPOSAT					S		Acc	M
14006026	26	Name	NOUN	NN					P		Nom	M
14006026	27	und	CCONJ	KON								
14006026	28	kehren	VERB	VVINF		Inf						
14006026	29	um	ADP	APPR								
14006026	30	von	ADP	APPR								
14006026	31	ihr	DET	PPOSAT					S		Dat	F
14006026	32	Sünde	NOUN	NN					S		Nom	F
14006026	33	weil	SCONJ	KOUS								
14006026	34	du	PRON	PPER				2	S		Nom	
14006026	35	sie	PRON	PPER				3	P		Nom	
14006026	36	Demütigst	ADV	ADV								
14006027	1	so	ADV	ADV								
14006027	2	hören	VERB	VVFIN		Fin	Pres	3	S	Sub		
14006027	3	du	PRON	PPER				2	S		Nom	
14006027	4	in	ADP	APPRART					S		Dat	N
14006027	5	Himmel	NOUN	NN					S		Nom	M
14006027	6	und	CCONJ	KON								
14006027	7	vergib	VERB	VVFIN		Fin	Pres	3	S	Ind		
14006027	8	der	DET	ART					S		Nom	F
14006027	9	Sünde	NOUN	NN					S		Nom	F
14006027	10	dein	DET	PPOSAT					S		Dat	F
14006027	11	Knecht	NOUN	NN					P		Nom	M
14006027	12	und	CCONJ	KON								
14006027	13	dein	DET	PPOSAT					S		Gen	N
14006027	14	Volk	NOUN	NN					S		Gen	N
14006027	15	Israel	PROPN	NE					S		Nom	N
14006027	16	daß	SCONJ	KOUS								
14006027	17	du	PRON	PPER				2	S		Nom	
14006027	18	ihnen	PRON	PPER				3	P		Dat	
14006027	19	der	DET	ART					S		Acc	M
14006027	20	gut	ADJ	ADJA	Pos				S		Acc	M
14006027	21	Weg	NOUN	NN					S		Nom	M
14006027	22	Zeigest	NOUN	NN					S		Nom	M
14006027	23	auf	ADP	PTKVZ								
14006027	24	welcher	DET	PWAT					S		Dat	N
14006027	25	sie	PRON	PPER				3	P		Nom	
14006027	26	wandeln	VERB	VVINF		Inf						
14006027	27	sollen	AUX	VMFIN		Fin	Pres	3	P	Ind		
14006027	28	und	CCONJ	KON								
14006027	29	gib	VERB	VVIMP				2	S	Imp		
14006027	30	Regen	NOUN	NN					S		Nom	M
14006027	31	auf	ADP	PTKVZ								
14006027	32	dein	DET	PPER					S		Nom	N
14006027	33	Land	NOUN	NN					S		Nom	N
14006027	34	der	DET	ART					S		Nom	N
14006027	35	du	PRON	PPER				2	S		Nom	
14006027	36	dein	DET	PPOSAT					S		Dat	M
14006027	37	Volke	NOUN	NN					S		Nom	M
14006027	38	zu	ADP	APPRART					S		Dat	N
14006027	39	Erbteil	NOUN	NN					S		Nom	M
14006027	40	geben	VERB	VVPP		Part						
14006027	41	haben	AUX	VAFIN		Fin	Pres	2	S	Ind		
14006028	1	wenn	SCONJ	KOUS								
14006028	2	ein	DET	ART					S		Nom	F
14006028	3	Hungersnot	NOUN	NN					S		Nom	F
14006028	4	in	ADP	APPRART					S		Dat	N
14006028	5	Land	NOUN	NN					P		Nom	N
14006028	6	sein	AUX	VAINF		Inf						
14006028	7	werden	AUX	VAFIN		Fin	Pres	3	S	Ind		
14006028	8	wenn	SCONJ	KOUS								
14006028	9	Pest	NOUN	NN					S		Nom	F
14006028	10	sein	AUX	VAINF		Inf						
14006028	11	werden	AUX	VAFIN		Fin	Pres	3	S	Ind		
14006028	12	wenn	SCONJ	KOUS								
14006028	13	Kornbrand	PROPN	NE					S		Nom	N
14006028	14	und	CCONJ	KON								
14006028	15	Vergilben	NOUN	NN					P		Nom	F
14006028	16	der	DET	ART					S		Gen	M
14006028	17	Getreid	PROPN	NE					S		Gen	M
14006028	18	Heuschrecke	NOUN	NN					P		Nom	F
14006028	19	oder	CCONJ	KON								
14006028	20	grillen	NOUN	NN					S		Nom	N
14006028	21	sein	AUX	VAINF		Inf						
14006028	22	werden	AUX	VAFIN		Fin	Pres	3	P	Ind		
14006028	23	wenn	SCONJ	KOUS								
14006028	24	sein	DET	PPOSAT					S		Nom	F
14006028	25	Feind	NOUN	NN					P		Nom	M
14006028	26	es	PRON	PPER				3	S		Nom	N
14006028	27	belagern	VERB	VVINF		Inf						
14006028	28	in	ADP	APPRART					S		Dat	N
14006028	29	Land	NOUN	NN					P		Nom	N
14006028	30	sein	DET	PPOSAT					S		Dat	F
14006028	31	Tor	NOUN	NN					P		Nom	N
14006028	32	wenn	SCONJ	KOUS								
14006028	33	irgend	ADV	ADV								
14006028	34	ein	DET	ART					S		Nom	F
14006028	35	Plage	NOUN	NN					S		Nom	F
14006028	36	und	CCONJ	KON								
14006028	37	irgend	ADV	ADV								
14006028	38	ein	DET	ART					S		Nom	F
14006028	39	Krankheit	NOUN	NN					S		Nom	F
14006028	40	sein	AUX	VAINF		Inf						
14006028	41	werden	AUX	VAFIN		Fin	Pres	3	S	Ind		
14006029	1	welcher	DET	PWAT					S		Acc	N
14006029	2	Gebet	NOUN	NN					S		Nom	N
14006029	3	welcher	DET	PWAT					S		Acc	N
14006029	4	Flehen	NOUN	NN					S		Nom	N
14006029	5	irgend	ADV	ADV								
14006029	6	geschehen	VERB	VVPP		Part						
14006029	7	werden	AUX	VAFIN		Fin	Pres	3	S	Ind		
14006029	8	von	ADP	APPR								
14006029	9	irgend	ADV	ADV								
14006029	10	ein	DET	ART					S		Dat	M
14006029	11	Mensch	NOUN	NN					P		Nom	M
14006029	12	und	CCONJ	KON								
14006029	13	von	ADP	APPR								
14006029	14	dein	DET	PPOSAT					S		Dat	M
14006029	15	ganz	PRON	ADJA					S		Nom	M
14006029	16	Volke	NOUN	NN					S		Nom	M
14006029	17	Israel	PROPN	NE					S		Nom	N
14006029	18	wenn	SCONJ	KOUS								
14006029	19	sie	PRON	PPER				3	P		Nom	
14006029	20	erkennen	VERB	VVINF		Inf						
14006029	21	werden	AUX	VAFIN		Fin	Pres	3	P	Ind		
14006029	22	ein	DET	ART					S		Nom	N
14006029	23	jeder	PRON	PIS					S		Nom	M
14006029	24	sein	DET	PPOSAT					S		Nom	F
14006029	25	Plage	NOUN	NN					S		Nom	F
14006029	26	und	CCONJ	KON								
14006029	27	sein	DET	PPOSAT					S		Acc	M
14006029	28	Schmerz	NOUN	NN					S		Nom	M
14006029	29	und	CCONJ	KON								
14006029	30	er	PRON	PPER				3	S		Nom	M
14006029	31	sein	DET	PPOSAT					S		Nom	F
14006029	32	Hand	NOUN	NN					P		Nom	F
14006029	33	ausbreiten	VERB	VVFIN		Fin	Pres	3	S	Ind		
14006029	34	gegen	ADP	APPR								
14006029	35	dieser	DET	PDAT					S		Nom	N
14006029	36	Haus	NOUN	NN					S		Nom	N
14006029	37	hin	ADV	ADV								
14006030	1	so	ADV	ADV								
14006030	2	hören	VERB	VVFIN		Fin	Pres	3	S	Sub		
14006030	3	du	PRON	PPER				2	S		Nom	
14006030	4	von	ADP	APPRART					S		Dat	N
14006030	5	Himmel	NOUN	NN					S		Nom	M
14006030	6	her	ADV	ADV								
14006030	7	der	DET	ART					S		Nom	M
14006030	8	Stätte	NOUN	NN					S		Nom	F
14006030	9	dein	DET	PPOSAT					S		Dat	F
14006030	10	Wohnung	NOUN	NN					S		Nom	F
14006030	11	und	CCONJ	KON								
14006030	12	vergib	VERB	VVFIN		Fin	Pres	3	S	Ind		
14006030	13	und	CCONJ	KON								
14006030	14	gib	VERB	VVIMP				2	S	Imp		
14006030	15	ein	DET	ART					S		Dat	M
14006030	16	jeder	DET	PIS					S		Acc	M
14006030	17	nach	ADP	APPR								
14006030	18	aller	DET	PIS					P		Dat	
14006030	19	sein	DET	PPOSAT					S		Acc	M
14006030	20	wegen	ADP	APPR								
14006030	21	wie	ADP	KOKOM								
14006030	22	du	PRON	PPER				2	S		Nom	
14006030	23	sein	AUX	VAINF		Inf						
14006030	24	Herz	NOUN	NN					S		Nom	N
14006030	25	kennen	VERB	VVFIN		Fin	Pres	2	S	Ind		
14006030	26	denn	CCONJ	KON								
14006030	27	du	PRON	PPER				2	S		Nom	
14006030	28	du	PRON	PPER				2	S		Nom	
14006030	29	allein	ADV	ADV								
14006030	30	kennen	VERB	VVFIN		Fin	Pres	2	S	Ind		
14006030	31	der	DET	ART					S		Nom	N
14006030	32	Herz	NOUN	NN					S		Nom	N
14006030	33	der	DET	ART					S		Nom	M
14006030	34	Menschenkind	NOUN	NN					P		Nom	N
14006031	1	auf	ADP	PTKVZ								
14006031	2	daß	SCONJ	KOUS								
14006031	3	sie	PRON	PPER				3	P		Nom	
14006031	4	dich	PRON	PPER				2	S		Acc	
14006031	5	fürchten	VERB	VVFIN		Fin	Pres	3	P	Ind		
14006031	6	um	ADP	APPR								
14006031	7	auf	ADP	PTKVZ								
14006031	8	dein	DET	PPOSAT					S		Acc	M
14006031	9	wegen	ADP	APPR								
14006031	10	zu	ADP	PTKVZ								
14006031	11	wandeln	VERB	VVINF		Inf						
14006031	12	aller	PRON	PIS					P		Nom	
14006031	13	der	DET	ART					S		Nom	F
14006031	14	Tag	NOUN	NN					P		Nom	M
14006031	15	der	DET	ART					S		Nom	F
14006031	16	sie	PRON	PPER				3	P		Nom	
14006031	17	in	ADP	APPR								
14006031	18	der	DET	ART					S		Dat	M
14006031	19	Land	NOUN	NN					P		Nom	N
14006031	20	leben	VERB	VVFIN		Fin	Pres	3	P	Ind		
14006031	21	werden	AUX	VAFIN		Fin	Pres	3	P	Ind		
14006031	22	der	DET	ART					S		Nom	N
14006031	23	du	PRON	PPER				2	S		Nom	
14006031	24	unser	DET	PPOSAT					S		Acc	M
14006031	25	Vätern	NOUN	NN					P		Dat	M
14006031	26	geben	VERB	VVPP		Part						
14006031	27	haben	AUX	VAFIN		Fin	Pres	2	S	Ind		
14006032	1	und	CCONJ	KON								
14006032	2	auch	ADV	ADV								
14006032	3	auf	ADP	PTKVZ								
14006032	4	der	DET	ART					S		Acc	M
14006032	5	fremde	NOUN	NN					P		Dat	
14006032	6	der	DET	ART					S		Nom	M
14006032	7	nicht	PART	PTKNEG								
14006032	8	von	ADP	APPR								
14006032	9	dein	DET	PPOSAT					S		Dat	M
14006032	10	Volke	NOUN	NN					S		Nom	M
14006032	11	Israel	PROPN	NE					S		Nom	N
14006032	12	sein	AUX	VAFIN		Fin	Pres	3	S	Ind		
14006032	13	kommen	VERB	VVFIN		Fin	Pres	3	S	Ind		
14006032	14	er	PRON	PPER				3	S		Nom	M
14006032	15	aus	ADP	PTKVZ								
14006032	16	fernem	NOUN	ADJA					S		Nom	N
14006032	17	Land	NOUN	NN					P		Nom	N
14006032	18	um	ADP	APPR								
14006032	19	dein	DET	PPOSAT					S		Gen	N
14006032	20	groß	ADJ	ADJA	Pos				S		Acc	M
14006032	21	Name	NOUN	NN					S		Gen	M
14006032	22	und	CCONJ	KON								
14006032	23	dein	DET	PPOSAT					S		Dat	F
14006032	24	stark	ADJ	ADJA	Pos				S		Acc	M
14006032	25	Hand	NOUN	NN					S		Nom	F
14006032	26	und	CCONJ	KON								
14006032	27	dein	DET	PPOSAT					S		Gen	N
14006032	28	ausgestrecken	VERB	VVFIN		Fin	Past	3	P	Ind		
14006032	29	arme	NOUN	NN					S		Nom	N
14006032	30	Wille	ADP	APZR								
14006032	31	kommen	VERB	VVFIN		Fin	Pres	3	P	Ind		
14006032	32	sie	PRON	PPER				3	P		Nom	
14006032	33	und	CCONJ	KON								
14006032	34	beten	VERB	VVFIN		Fin	Pres	3	P	Ind		
14006032	35	gegen	ADP	APPR								
14006032	36	dieser	DET	PDAT					S		Nom	N
14006032	37	Haus	NOUN	NN					S		Nom	N
14006032	38	hin	ADV	ADV								
14006033	1	so	ADV	ADV								
14006033	2	hören	VERB	VVFIN		Fin	Pres	3	S	Sub		
14006033	3	du	PRON	PPER				2	S		Nom	
14006033	4	von	ADP	APPRART					S		Dat	N
14006033	5	Himmel	NOUN	NN					S		Nom	M
14006033	6	her	ADV	ADV								
14006033	7	der	DET	ART					S		Nom	M
14006033	8	Stätte	NOUN	NN					S		Nom	F
14006033	9	dein	DET	PPOSAT					S		Dat	F
14006033	10	Wohnung	NOUN	NN					S		Nom	F
14006033	11	und	CCONJ	KON								
14006033	12	tun	VERB	VVFIN		Fin	Pres	3	S	Sub		
14006033	13	nach	ADP	APPR								
14006033	14	alle	PRON	PIS					S		Dat	N
14006033	15	um	ADP	APPR								
14006033	16	was	PRON	PWS					S		Nom	N
14006033	17	der	DET	ART					S		Nom	M
14006033	18	Fremde	NOUN	NN					P		Nom	
14006033	19	zu	ADP	PTKVZ								
14006033	20	dir	PRON	PPER				2	S		Dat	
14006033	21	rufen	VERB	VVINF		Inf						
14006033	22	werden	AUX	VAFIN		Fin	Pres	3	S	Ind		
14006033	23	auf	ADP	PTKVZ								
14006033	24	daß	SCONJ	KOUS								
14006033	25	aller	PRON	PIS					P		Nom	
14006033	26	Volk	NOUN	NN					P		Nom	N
14006033	27	der	DET	ART					S		Nom	M
14006033	28	Erde	NOUN	NN					S		Nom	F
14006033	29	dein	DET	PPOSAT					S		Acc	M
14006033	30	Name	NOUN	NN					P		Nom	M
14006033	31	erkennen	VERB	VVINF		Inf						
14006033	32	und	CCONJ	KON								
14006033	33	damit	ADV	PROAV								
14006033	34	sie	PRON	PPER				3	P		Nom	
14006033	35	dich	PRON	PPER				2	S		Acc	
14006033	36	fürchten	VERB	VVFIN		Fin	Pres	3	P	Ind		
14006033	37	wie	ADP	KOKOM								
14006033	38	dein	DET	PPER					S		Nom	N
14006033	39	Volk	NOUN	NN					S		Nom	N
14006033	40	Israel	PROPN	NE					S		Nom	N
14006033	41	und	CCONJ	KON								
14006033	42	damit	ADV	PROAV								
14006033	43	sie	PRON	PPER				3	P		Nom	
14006033	44	erkennen	VERB	VVINF		Inf						
14006033	45	daß	SCONJ	KOUS								
14006033	46	dieser	DET	PDAT					S		Nom	N
14006033	47	Haus	NOUN	NN					S		Nom	N
14006033	48	welcher	DET	PWAT					S		Acc	N
14006033	49	ich	PRON	PPER				1	S		Nom	
14006033	50	bauen	VERB	VVPP		Part						
14006033	51	haben	AUX	VAFIN		Fin	Pres	3	S	Sub		
14006033	52	nach	ADP	APPR								
14006033	53	dein	DET	PPOSAT					S		Dat	M
14006033	54	Name	NOUN	NN					P		Nom	M
14006033	55	nennen	VERB	VVPP		Part						
14006033	56	werden	AUX	VAFIN		Fin	Pres	3	S	Ind		
14006034	1	wenn	SCONJ	KOUS								
14006034	2	dein	DET	PPER					S		Nom	N
14006034	3	Volk	NOUN	NN					S		Nom	N
14006034	4	ausziehen	VERB	VVINF		Inf						
14006034	5	werden	AUX	VAFIN		Fin	Pres	3	S	Ind		
14006034	6	zu	ADP	APPRART					S		Dat	N
14006034	7	Streit	NOUN	NN					S		Nom	M
14006034	8	wider	ADP	PTKVZ								
14006034	9	sein	DET	PPOSAT					S		Nom	F
14006034	10	Feind	NOUN	NN					P		Nom	M
14006034	11	auf	ADP	PTKVZ								
14006034	12	der	DET	ART					S		Dat	M
14006034	13	Weg	NOUN	NN					P		Acc	M
14006034	14	der	DET	ART					S		Acc	M
14006034	15	du	PRON	PPER				2	S		Nom	
14006034	16	sie	PRON	PPER				3	P		Nom	
14006034	17	senden	VERB	VVFIN		Fin	Pres	3	P	Ind		
14006034	18	wersten	AUX	VAFIN		Fin	Pres	2	S	Ind		
14006034	19	und	CCONJ	KON								
14006034	20	sie	PRON	PPER				3	P		Nom	
14006034	21	zu	ADP	PTKVZ								
14006034	22	dir	PRON	PPER				2	S		Dat	
14006034	23	beten	VERB	VVFIN		Fin	Pres	3	P	Ind		
14006034	24	nach	ADP	APPR								
14006034	25	dieser	PRON	PDAT					S		Nom	M
14006034	26	Stadt	NOUN	NN					S		Nom	F
14006034	27	hin	ADV	ADV								
14006034	28	der	DET	ART					S		Nom	F
14006034	29	du	PRON	PPER				2	S		Nom	
14006034	30	erwählen	VERB	VVPP		Part						
14006034	31	haben	AUX	VAFIN		Fin	Pres	2	S	Ind		
14006034	32	und	CCONJ	KON								
14006034	33	der	DET	ART					S		Dat	M
14006034	34	Haus	NOUN	NN					P		Nom	N
14006034	35	der	DET	ART					S		Nom	N
14006034	36	ich	PRON	PPER				1	S		Nom	
14006034	37	dein	DET	PPOSAT					S		Dat	M
14006034	38	Name	NOUN	NN					P		Nom	M
14006034	39	bauen	VERB	VVPP		Part						
14006034	40	haben	AUX	VAFIN		Fin	Pres	3	S	Sub		
14006035	1	so	ADV	ADV								
14006035	2	hören	VERB	VVFIN		Fin	Pres	3	S	Sub		
14006035	3	von	ADP	APPRART					S		Dat	N
14006035	4	Himmel	NOUN	NN					S		Nom	M
14006035	5	her	ADV	ADV								
14006035	6	ihr	PRON	PPOSAT				3	S		Dat	F
14006035	7	Gebet	NOUN	NN					S		Nom	N
14006035	8	und	CCONJ	KON								
14006035	9	ihr	PRON	PPOSAT				3	S		Dat	F
14006035	10	Flehen	NOUN	NN					S		Nom	N
14006035	11	und	CCONJ	KON								
14006035	12	führen	VERB	VVFIN		Fin	Pres	3	S	Sub		
14006035	13	ihr	PRON	PPOSAT				3	S		Dat	F
14006035	14	Recht	NOUN	NN					S		Nom	N
14006035	15	aus	ADP	PTKVZ								
14006036	1	wenn	SCONJ	KOUS								
14006036	2	sie	PRON	PPER				3	P		Nom	
14006036	3	wider	ADP	PTKVZ								
14006036	4	dich	PRON	PPER				2	S		Acc	
14006036	5	sündig	VERB	VVINF		Fin	Pres	3	P	Ind		
14006036	6	denn	CCONJ	KON								
14006036	7	da	ADV	ADV								
14006036	8	sein	AUX	VAFIN		Fin	Pres	3	S	Ind		
14006036	9	kein	DET	PIAT					S		Nom	N
14006036	10	Mensch	NOUN	NN					S		Nom	M
14006036	11	der	DET	ART					S		Nom	M
14006036	12	nicht	PART	PTKNEG								
14006036	13	sündigen	VERB	VVFIN		Fin	Past	3	S	Ind		
14006036	14	und	CCONJ	KON								
14006036	15	du	PRON	PPER				2	S		Nom	
14006036	16	über	ADP	APPR								
14006036	17	sie	PRON	PPER				3	P		Nom	
14006036	18	Erzürnst	NOUN	NN					S		Nom	M
14006036	19	und	CCONJ	KON								
14006036	20	sie	PRON	PPER				3	P		Nom	
14006036	21	vor	ADP	APPR								
14006036	22	der	DET	ART					S		Dat	M
14006036	23	Feind	NOUN	NN					P		Nom	M
14006036	24	Dahingibst	PROPN	NE					S		Nom	N
14006036	25	und	CCONJ	KON								
14006036	26	ihr	DET	PPOSAT					S		Nom	F
14006036	27	Besieger	NOUN	NN					P		Nom	M
14006036	28	sie	PRON	PPER				3	P		Nom	
14006036	29	gefangen	VERB	VVPP		Part						
14006036	30	wegführen	VERB	VVINF		Inf						
14006036	31	in	ADP	APPR								
14006036	32	ein	DET	ART					S		Nom	N
14006036	33	fern	ADJ	ADJA	Pos				S		Nom	N
14006036	34	oder	CCONJ	KON								
14006036	35	in	ADP	APPR								
14006036	36	ein	DET	ART					S		Nom	N
14006036	37	nah	ADJ	ADJA	Pos				S		Nom	N
14006036	38	Land	NOUN	NN					S		Nom	N
14006037	1	und	CCONJ	KON								
14006037	2	sie	PRON	PPER				3	P		Nom	
14006037	3	nehmen	VERB	VVINF		Inf						
14006037	4	es	PRON	PPER				3	S		Nom	N
14006037	5	zu	ADP	PTKVZ								
14006037	6	Herz	NOUN	NN					S		Nom	N
14006037	7	in	ADP	APPR								
14006037	8	der	DET	ART					S		Dat	M
14006037	9	Land	NOUN	NN					P		Nom	N
14006037	10	wohin	ADV	PWAV								
14006037	11	sie	PRON	PPER				3	P		Nom	
14006037	12	gefangen	VERB	VVPP		Part						
14006037	13	wegführen	VERB	VVPP		Part						
14006037	14	sein	AUX	VAFIN		Fin	Pres	3	P	Ind		
14006037	15	und	CCONJ	KON								
14006037	16	kehren	VERB	VVINF		Inf						
14006037	17	um	ADP	APPR								
14006037	18	und	CCONJ	KON								
14006037	19	flehen	VERB	VVFIN		Fin	Pres	3	P	Ind		
14006037	20	zu	ADP	PTKVZ								
14006037	21	dir	PRON	PPER				2	S		Dat	
14006037	22	in	ADP	APPR								
14006037	23	der	DET	ART					S		Dat	M
14006037	24	Land	NOUN	NN					P		Nom	N
14006037	25	ihr	DET	PPOSAT					S		Dat	F
14006037	26	Gefangenschaft	NOUN	NN					S		Nom	F
14006037	27	und	CCONJ	KON								
14006037	28	sprechen	VERB	VVINF		Fin	Pres	3	P	Ind		
14006037	29	wir	PRON	PPER				1	P		Nom	
14006037	30	haben	AUX	VAFIN		Fin	Pres	3	P	Ind		
14006037	31	sündigen	VERB	VVPP		Part						
14006037	32	wir	PRON	PPER				1	P		Nom	
14006037	33	haben	AUX	VAFIN		Fin	Pres	3	P	Ind		
14006037	34	verkehren	ADV	ADJD	Pos							
14006037	35	handeln	VERB	VVPP		Part						
14006037	36	und	CCONJ	KON								
14006037	37	haben	AUX	VAFIN		Fin	Pres	3	P	Ind		
14006037	38	gesetzlos	ADV	ADJD	Pos							
14006037	39	handeln	VERB	VVPP		Part						
14006038	1	und	CCONJ	KON								
14006038	2	sie	PRON	PPER				3	P		Nom	
14006038	3	kehren	VERB	VVINF		Inf						
14006038	4	zu	ADP	PTKVZ								
14006038	5	dir	PRON	PPER				2	S		Dat	
14006038	6	um	ADP	APPR								
14006038	7	mit	ADP	APPR								
14006038	8	ihr	DET	PPOSAT					S		Dat	N
14006038	9	ganz	PRON	ADJA					S		Nom	M
14006038	10	Herz	NOUN	NN					S		Nom	N
14006038	11	und	CCONJ	KON								
14006038	12	mit	ADP	APPR								
14006038	13	ihr	DET	PPOSAT					S		Dat	F
14006038	14	ganz	PRON	ADJA					S		Nom	M
14006038	15	Seele	NOUN	NN					S		Nom	F
14006038	16	in	ADP	APPR								
14006038	17	der	DET	ART					S		Dat	M
14006038	18	Land	NOUN	NN					P		Nom	N
14006038	19	ihr	DET	PPOSAT					S		Dat	F
14006038	20	Gefangenschaft	NOUN	NN					S		Nom	F
14006038	21	wohin	ADV	PWAV								
14006038	22	man	PRON	PIS					S		Nom	
14006038	23	sie	PRON	PPER				3	P		Nom	
14006038	24	gefangen	VERB	VVPP		Part						
14006038	25	wegführen	VERB	VVPP		Part						
14006038	26	haben	AUX	VAFIN		Fin	Pres	3	S	Ind		
14006038	27	und	CCONJ	KON								
14006038	28	sie	PRON	PPER				3	P		Nom	
14006038	29	beten	VERB	VVFIN		Fin	Pres	3	P	Ind		
14006038	30	nach	ADP	APPR								
14006038	31	ihr	DET	PPOSAT					S		Dat	N
14006038	32	Land	NOUN	NN					P		Nom	N
14006038	33	hin	ADV	ADV								
14006038	34	der	DET	ART					S		Nom	N
14006038	35	du	PRON	PPER				2	S		Nom	
14006038	36	ihr	DET	PPOSAT					S		Acc	M
14006038	37	Vätern	NOUN	NN					P		Dat	M
14006038	38	geben	VERB	VVPP		Part						
14006038	39	und	CCONJ	KON								
14006038	40	der	DET	ART					S		Nom	M
14006038	41	Stadt	NOUN	NN					S		Nom	F
14006038	42	der	DET	ART					S		Nom	F
14006038	43	du	PRON	PPER				2	S		Nom	
14006038	44	erwählen	VERB	VVPP		Part						
14006038	45	haben	AUX	VAFIN		Fin	Pres	2	S	Ind		
14006038	46	und	CCONJ	KON								
14006038	47	nach	ADP	APPR								
14006038	48	der	DET	ART					S		Dat	M
14006038	49	Haus	NOUN	NN					P		Nom	N
14006038	50	hin	ADV	ADV								
14006038	51	der	DET	ART					S		Nom	N
14006038	52	ich	PRON	PPER				1	S		Nom	
14006038	53	dein	DET	PPOSAT					S		Dat	M
14006038	54	Name	NOUN	NN					P		Nom	M
14006038	55	bauen	VERB	VVPP		Part						
14006038	56	haben	AUX	VAFIN		Fin	Pres	3	S	Sub		
14006039	1	so	ADV	ADV								
14006039	2	hören	VERB	VVFIN		Fin	Pres	3	S	Sub		
14006039	3	von	ADP	APPRART					S		Dat	N
14006039	4	Himmel	NOUN	NN					S		Nom	M
14006039	5	her	ADV	ADV								
14006039	6	der	DET	ART					S		Nom	M
14006039	7	Stätte	NOUN	NN					S		Nom	F
14006039	8	dein	DET	PPOSAT					S		Dat	F
14006039	9	Wohnung	NOUN	NN					S		Nom	F
14006039	10	ihr	PRON	PPOSAT				3	S		Dat	F
14006039	11	Gebet	NOUN	NN					S		Nom	N
14006039	12	und	CCONJ	KON								
14006039	13	ihr	PRON	PPOSAT				3	S		Dat	F
14006039	14	Flehen	NOUN	NN					S		Nom	N
14006039	15	und	CCONJ	KON								
14006039	16	führen	VERB	VVFIN		Fin	Pres	3	S	Sub		
14006039	17	ihr	PRON	PPOSAT				3	S		Dat	F
14006039	18	Recht	NOUN	NN					S		Nom	N
14006039	19	aus	ADP	PTKVZ								
14006039	20	und	CCONJ	KON								
14006039	21	vergib	VERB	VVFIN		Fin	Pres	3	S	Ind		
14006039	22	dein	DET	PPOSAT					S		Dat	M
14006039	23	Volke	NOUN	NN					S		Nom	M
14006039	24	was	PRON	PWS					S		Nom	N
14006039	25	sie	PRON	PPER				3	P		Nom	
14006039	26	gegen	ADP	APPR								
14006039	27	dich	PRON	PPER				2	S		Acc	
14006039	28	sündigen	VERB	VVPP		Part						
14006039	29	haben	AUX	VAFIN		Fin	Pres	3	P	Ind		
14006040	1	nun	ADV	ADV								
14006040	2	mein	DET	PPOSAT					S		Nom	N
14006040	3	Gott	NOUN	NN					S		Nom	M
14006040	4	laß	VERB	VVIMP				2	S	Imp		
14006040	5	doch	CCONJ	KON								
14006040	6	dein	DET	PPOSAT					S		Nom	F
14006040	7	Auge	NOUN	NN					P		Nom	N
14006040	8	offen	ADV	ADJD	Pos							
14006040	9	und	CCONJ	KON								
14006040	10	dein	DET	PPOSAT					S		Nom	F
14006040	11	Ohr	NOUN	NN					P		Nom	N
14006040	12	aufmerksam	ADV	ADJD	Pos							
14006040	13	sein	AUX	VAINF		Inf						
14006040	14	auf	ADP	PTKVZ								
14006040	15	der	DET	ART					S		Nom	N
14006040	16	Gebet	NOUN	NN					S		Nom	N
14006040	17	an	ADP	PTKVZ								
14006040	18	dieser	DET	PDAT					S		Dat	N
14006040	19	Ort	NOUN	NN					P		Nom	M
14006041	1	und	CCONJ	KON								
14006041	2	nun	ADV	ADV								
14006041	3	stehen	VERB	VVFIN		Fin	Pres	3	S	Sub		
14006041	4	auf	ADP	PTKVZ								
14006041	5	Jahwe	NOUN	NN					S		Nom	M
14006041	6	Gott	NOUN	NN					S		Nom	M
14006041	7	zu	ADP	PTKVZ								
14006041	8	dein	DET	PPOSAT					S		Dat	F
14006041	9	Ruhe	NOUN	NN					S		Nom	F
14006041	10	du	PRON	PPER				2	S		Nom	
14006041	11	und	CCONJ	KON								
14006041	12	der	DET	ART					S		Nom	F
14006041	13	lade	NOUN	NN					S		Nom	F
14006041	14	dein	DET	PPOSAT					S		Dat	F
14006041	15	Stärke	NOUN	NN					S		Nom	F
14006041	16	Laß	VERB	NE				2	S	Imp		
14006041	17	dein	DET	PPOSAT					S		Nom	F
14006041	18	Priester	NOUN	NN					P		Nom	M
14006041	19	Jahwe	NOUN	NN					S		Nom	M
14006041	20	Gott	NOUN	NN					S		Nom	M
14006041	21	bekleiden	VERB	VVFIN		Fin	Pres	3	S	Ind		
14006041	22	sein	AUX	VAINF		Inf						
14006041	23	mit	ADP	APPR								
14006041	24	Rettung	NOUN	NN					S		Nom	F
14006041	25	und	CCONJ	KON								
14006041	26	dein	DET	PPOSAT					S		Nom	F
14006041	27	Fromme	NOUN	NN					P		Nom	M
14006041	28	sich	PRON	PRF				3	S		Acc	
14006041	29	freuen	VERB	VVINF		Inf						
14006041	30	der	DET	ART					S		Gen	M
14006041	31	gute	NOUN	NN					P		Nom	
14006042	1	Jahwe	NOUN	NN					S		Nom	M
14006042	2	Gott	NOUN	NN					S		Nom	M
14006042	3	Weise	NOUN	NN					S		Nom	F
14006042	4	nicht	PART	PTKNEG								
14006042	5	ab	ADP	PTKVZ								
14006042	6	der	DET	ART					S		Nom	N
14006042	7	Angesicht	NOUN	NN					S		Nom	F
14006042	8	dein	DET	PPOSAT					S		Gen	N
14006042	9	gesalbter	NOUN	NN					P		Nom	
14006042	10	gedenken	VERB	VVFIN		Fin	Pres	3	S	Sub		
14006042	11	der	DET	ART					S		Nom	M
14006042	12	Gütigkeiten	NOUN	NN					S		Nom	N
14006042	13	gegen	ADP	APPR								
14006042	14	David	PROPN	NE					S		Nom	M
14006042	15	dein	DET	PPOSAT					S		Acc	M
14006042	16	Knecht	NOUN	NN					S		Nom	M
14007001	1	und	CCONJ	KON								
14007001	2	als	ADP	KOKOM								
14007001	3	Salomo	PROPN	NE					S		Nom	M
14007001	4	endigen	VERB	VVPP		Part						
14007001	5	haben	AUX	VAFIN		Fin	Past	3	S	Ind		
14007001	6	zu	ADP	PTKVZ								
14007001	7	beten	VERB	VVFIN		Fin	Pres	3	P	Ind		
14007001	8	da	ADV	ADV								
14007001	9	fahren	VERB	VVFIN		Fin	Past	3	S	Ind		
14007001	10	der	DET	ART					S		Nom	N
14007001	11	Feuer	NOUN	NN					S		Nom	N
14007001	12	von	ADP	APPRART					S		Dat	N
14007001	13	Himmel	NOUN	NN					S		Nom	M
14007001	14	herab	ADV	ADV								
14007001	15	und	CCONJ	KON								
14007001	16	verzehren	VERB	VVFIN		Fin	Past	3	S	Ind		
14007001	17	der	DET	ART					S		Nom	N
14007001	18	Brandopfer	NOUN	NN					S		Nom	M
14007001	19	und	CCONJ	KON								
14007001	20	der	DET	ART					S		Nom	F
14007001	21	Schlachtopfer	NOUN	NN					S		Nom	M
14007001	22	und	CCONJ	KON								
14007001	23	der	DET	ART					S		Nom	F
14007001	24	Herrlichkeit	NOUN	NN					S		Nom	F
14007001	25	Jahwe	PROPN	NE					S		Gen	
14007001	26	erfüllen	VERB	VVFIN		Fin	Past	3	S	Ind		
14007001	27	der	DET	ART					S		Nom	N
14007001	28	Haus	NOUN	NN					S		Nom	N
14007002	1	und	CCONJ	KON								
14007002	2	der	DET	ART					S		Nom	F
14007002	3	Priester	NOUN	NN					P		Nom	M
14007002	4	können	AUX	VMFIN		Fin	Past	3	P	Ind		
14007002	5	nicht	PART	PTKNEG								
14007002	6	in	ADP	APPR								
14007002	7	der	DET	ART					S		Nom	N
14007002	8	Haus	NOUN	NN					S		Nom	N
14007002	9	Jahwe	PROPN	NE					S		Gen	
14007002	10	hineingehen	VERB	VVINF		Inf						
14007002	11	denn	CCONJ	KON								
14007002	12	der	DET	ART					S		Nom	F
14007002	13	Herrlichkeit	NOUN	NN					S		Nom	F
14007002	14	Jahwe	PROPN	NE					S		Gen	
14007002	15	erfüllen	VERB	VVFIN		Fin	Past	3	S	Ind		
14007002	16	der	DET	ART					S		Nom	N
14007002	17	Haus	NOUN	NN					S		Nom	N
14007002	18	Jahwe	PROPN	NE					S		Gen	
14007003	1	und	CCONJ	KON								
14007003	2	als	ADP	KOKOM								
14007003	3	aller	PRON	PIS					P		Nom	
14007003	4	Kind	NOUN	NN					P		Nom	N
14007003	5	Israel	PROPN	NE					S		Nom	N
14007003	6	der	DET	ART					S		Nom	N
14007003	7	Feuer	NOUN	NN					S		Nom	N
14007003	8	Herabfahr	VERB	VVIZU		Fin	Past	3	P	Ind		
14007003	9	sehen	VERB	VVFIN		Fin	Past	3	P	Ind		
14007003	10	und	CCONJ	KON								
14007003	11	der	DET	ART					S		Nom	F
14007003	12	Herrlichkeit	NOUN	NN					S		Nom	F
14007003	13	Jahwe	PROPN	NE					S		Gen	
14007003	14	über	ADP	APPR								
14007003	15	der	DET	ART					S		Dat	M
14007003	16	Haus	NOUN	NN					P		Nom	N
14007003	17	da	ADV	ADV								
14007003	18	beugn	VERB	VVFIN		Fin	Past	3	P	Ind		
14007003	19	sie	PRON	PPER				3	P		Nom	
14007003	20	sich	PRON	PRF				3	S		Acc	
14007003	21	mit	ADP	APPR								
14007003	22	der	DET	ART					S		Dat	M
14007003	23	Antlitz	NOUN	NN					S		Nom	N
14007003	24	zu	ADP	APPRART					S		Dat	F
14007003	25	Erde	NOUN	NN					S		Nom	F
14007003	26	auf	ADP	PTKVZ								
14007003	27	der	DET	ART					S		Nom	N
14007003	28	Pflaster	NOUN	NN					S		Nom	N
14007003	29	und	CCONJ	KON								
14007003	30	beten	VERB	VVFIN		Fin	Past	3	P	Ind		
14007003	31	an	ADP	PTKVZ								
14007003	32	und	CCONJ	KON								
14007003	33	sie	PRON	PPER				3	P		Nom	
14007003	34	Priese	VERB	NN		Fin	Past	3	P	Ind		
14007003	35	Jahwe	NOUN	NN					S		Nom	M
14007003	36	weil	SCONJ	KOUS								
14007003	37	er	PRON	PPER				3	S		Nom	M
14007003	38	gütig	ADV	ADJD	Pos							
14007003	39	sein	AUX	VAFIN		Fin	Pres	3	S	Ind		
14007003	40	weil	SCONJ	KOUS								
14007003	41	sein	DET	PPOSAT					S		Nom	F
14007003	42	Güte	NOUN	NN					S		Nom	F
14007003	43	ewiglich	ADV	ADJD	Pos							
14007003	44	währen	VERB	VVFIN		Fin	Pres	3	S	Ind		
14007004	1	und	CCONJ	KON								
14007004	2	der	DET	ART					S		Nom	M
14007004	3	König	NOUN	NN					S		Nom	M
14007004	4	und	CCONJ	KON								
14007004	5	der	DET	ART					S		Nom	N
14007004	6	ganz	ADJ	ADJA	Pos				S		Nom	F
14007004	7	Volk	NOUN	NN					S		Nom	N
14007004	8	opfern	VERB	VVFIN		Fin	Past	3	P	Ind		
14007004	9	Schlachtopfer	NOUN	NN					S		Nom	M
14007004	10	vor	ADP	APPR								
14007004	11	Jahwe	NOUN	NN					S		Nom	M
14007005	1	und	CCONJ	KON								
14007005	2	der	DET	ART					S		Nom	M
14007005	3	König	NOUN	NN					S		Nom	M
14007005	4	Salomo	PROPN	NE					S		Nom	M
14007005	5	opfern	VERB	VVFIN		Fin	Past	3	S	Ind		
14007005	6	als	ADP	KOKOM								
14007005	7	Schlachtopfer	NOUN	NN					S		Nom	M
14007005	8	22000	NUM	CARD								
14007005	9	Rind	NOUN	NN					P		Nom	N
14007005	10	und	CCONJ	KON								
14007005	11	120000	NUM	CARD								
14007005	12	Schaf	NOUN	NN					P		Nom	N
14007005	13	und	CCONJ	KON								
14007005	14	der	DET	ART					S		Nom	M
14007005	15	König	NOUN	NN					S		Nom	M
14007005	16	und	CCONJ	KON								
14007005	17	der	DET	ART					S		Nom	N
14007005	18	ganz	ADJ	ADJA	Pos				S		Nom	F
14007005	19	Volk	NOUN	NN					S		Nom	N
14007005	20	weihn	VERB	VVFIN		Fin	Past	3	P	Ind		
14007005	21	der	DET	ART					S		Nom	N
14007005	22	Haus	NOUN	NN					S		Nom	N
14007005	23	Gott	NOUN	NN					S		Gen	M
14007005	24	ein	DET	ART					S		Nom	N
14007006	1	und	CCONJ	KON								
14007006	2	der	DET	ART					S		Nom	F
14007006	3	Priester	NOUN	NN					P		Nom	M
14007006	4	stehen	VERB	VVFIN		Fin	Past	3	P	Ind		
14007006	5	auf	ADP	PTKVZ								
14007006	6	ihr	DET	PPOSAT					S		Acc	M
14007006	7	Posten	NOUN	NN					S		Nom	M
14007006	8	und	CCONJ	KON								
14007006	9	der	DET	ART					S		Nom	F
14007006	10	Levit	NOUN	NN					P		Nom	M
14007006	11	mit	ADP	APPR								
14007006	12	der	DET	ART					S		Acc	M
14007006	13	Musikinstrument	NOUN	NN					P		Nom	F
14007006	14	Jahwe	PROPN	NE					S		Gen	
14007006	15	der	DET	ART					S		Nom	F
14007006	16	der	DET	ART					S		Nom	M
14007006	17	König	NOUN	NN					S		Nom	M
14007006	18	David	PROPN	NE					S		Nom	M
14007006	19	machen	VERB	VVPP		Part						
14007006	20	haben	AUX	VAFIN		Fin	Past	3	S	Ind		
14007006	21	um	ADP	APPR								
14007006	22	Jahwe	NOUN	NN					S		Nom	M
14007006	23	zu	ADP	PTKVZ								
14007006	24	preisen	VERB	VVFIN		Fin	Pres	3	P	Ind		
14007006	25	denn	CCONJ	KON								
14007006	26	sein	DET	PPOSAT					S		Nom	F
14007006	27	Güte	NOUN	NN					S		Nom	F
14007006	28	währen	VERB	VVFIN		Fin	Pres	3	S	Ind		
14007006	29	ewiglich	ADV	ADJD	Pos							
14007006	31	wenn	SCONJ	KOUS								
14007006	32	David	PROPN	NE					S		Nom	M
14007006	33	durch	ADP	APPR								
14007006	34	sie	PRON	PPER				3	P		Nom	
14007006	35	Lobprie	PROPN	FM					S		Gen	
14007006	36	und	CCONJ	KON								
14007006	37	der	DET	ART					S		Nom	F
14007006	38	Priester	NOUN	NN					P		Nom	M
14007006	39	Trompetet	VERB	NN		Fin	Past	3	P	Ind		
14007006	40	ihnen	PRON	PPER				3	P		Dat	
14007006	41	gegenüber	ADP	APPO								
14007006	42	und	CCONJ	KON								
14007006	43	ganz	ADV	ADV								
14007006	44	Israel	PROPN	NE					S		Nom	N
14007006	45	stehen	VERB	VVFIN		Fin	Past	3	S	Ind		
14007007	1	und	CCONJ	KON								
14007007	2	Salomo	PROPN	NE					S		Nom	M
14007007	3	heiligen	VERB	VVFIN		Fin	Past	3	S	Ind		
14007007	4	der	DET	ART					S		Nom	F
14007007	5	Mitte	NOUN	NN					S		Nom	F
14007007	6	der	DET	ART					S		Gen	M
14007007	7	Hof	NOUN	NN					S		Gen	M
14007007	8	der	DET	ART					S		Nom	M
14007007	9	vor	ADP	APPR								
14007007	10	der	DET	ART					S		Dat	M
14007007	11	Haus	NOUN	NN					P		Nom	N
14007007	12	Jahwe	PROPN	NE					S		Gen	
14007007	13	liegen	VERB	VVFIN		Fin	Past	3	S	Ind		
14007007	14	denn	CCONJ	KON								
14007007	15	er	PRON	PPER				3	S		Nom	M
14007007	16	opfern	VERB	VVFIN		Fin	Past	3	S	Ind		
14007007	17	daselbst	ADV	PROAV								
14007007	18	der	DET	ART					S		Nom	F
14007007	19	Brandopfer	NOUN	NN					S		Nom	M
14007007	20	und	CCONJ	KON								
14007007	21	der	DET	ART					S		Nom	F
14007007	22	Fettstücke	PROPN	NE					S		Nom	
14007007	23	der	DET	ART					S		Nom	M
14007007	24	Friedensopfer	NOUN	NN					P		Nom	M
14007007	25	denn	CCONJ	KON								
14007007	26	der	DET	ART					S		Nom	M
14007007	27	ehern	DET	ADJA					S		Nom	F
14007007	28	Altar	NOUN	NN					S		Nom	M
14007007	29	der	DET	ART					S		Acc	M
14007007	30	Salomo	PROPN	NE					S		Nom	M
14007007	31	machen	VERB	VVPP		Part						
14007007	32	haben	AUX	VAFIN		Fin	Past	3	S	Ind		
14007007	33	können	AUX	VMFIN		Fin	Past	3	S	Ind		
14007007	34	der	DET	ART					S		Nom	N
14007007	35	Brandopfer	NOUN	NN					S		Nom	M
14007007	36	und	CCONJ	KON								
14007007	37	der	DET	ART					S		Nom	N
14007007	38	Speisopfer	NOUN	NN					P		Nom	N
14007007	39	und	CCONJ	KON								
14007007	40	der	DET	ART					S		Nom	F
14007007	41	Fettstücke	PROPN	NE					S		Nom	
14007007	42	nicht	PART	PTKNEG								
14007007	43	fassen	VERB	VVINF		Inf						
14007008	1	und	CCONJ	KON								
14007008	2	so	ADV	ADV								
14007008	3	feiern	VERB	VVFIN		Fin	Past	3	P	Ind		
14007008	4	Salomo	PROPN	NE					S		Nom	M
14007008	5	und	CCONJ	KON								
14007008	6	ganz	ADV	ADV								
14007008	7	Israel	PROPN	NE					S		Nom	N
14007008	8	mit	ADP	APPR								
14007008	9	ihm	PRON	PPER				3	S		Dat	M
14007008	10	ein	DET	ART					S		Nom	F
14007008	11	sehr	ADV	ADV								
14007008	12	groß	ADJ	ADJA	Pos				S		Nom	F
14007008	13	Versammlung	NOUN	NN					S		Nom	F
14007008	14	von	ADP	APPR								
14007008	15	der	DET	ART					S		Dat	M
14007008	16	Eingang	NOUN	NN					S		Nom	M
14007008	17	Hamath	PROPN	NE					S		Gen	
14007008	18	bis	CCONJ	KON								
14007008	19	an	ADP	PTKVZ								
14007008	20	der	DET	ART					S		Acc	M
14007008	21	Fluß	NOUN	NN					S		Nom	M
14007008	22	Ägypten	PROPN	NE					S		Gen	N
14007008	23	zu	ADP	PTKVZ								
14007008	24	selbig	PRON	ADJA					S		Nom	M
14007008	25	Zeit	NOUN	NN					S		Nom	F
14007008	26	der	DET	ART					S		Nom	N
14007008	27	Fest	NOUN	NN					S		Nom	N
14007008	28	sieben	NUM	CARD								
14007008	29	Tag	NOUN	NN					P		Nom	M
14007009	1	und	CCONJ	KON								
14007009	2	an	ADP	APPRART					S		Dat	M
14007009	3	achten	VERB	VVINF		Inf						
14007009	4	Tag	NOUN	NN					P		Nom	M
14007009	5	halten	VERB	VVFIN		Fin	Past	3	P	Ind		
14007009	6	sie	PRON	PPER				3	P		Nom	
14007009	7	ein	DET	ART					S		Nom	F
14007009	8	Festversammlung	NOUN	NN					S		Nom	F
14007009	9	denn	CCONJ	KON								
14007009	10	sie	PRON	PPER				3	P		Nom	
14007009	11	feiern	VERB	VVFIN		Fin	Past	3	P	Ind		
14007009	12	der	DET	ART					S		Nom	F
14007009	13	Einweihung	NOUN	NN					S		Nom	F
14007009	14	der	DET	ART					S		Gen	M
14007009	15	Altar	NOUN	NN					P		Nom	N
14007009	16	sieben	NUM	CARD								
14007009	17	Tag	NOUN	NN					P		Nom	M
14007009	18	und	CCONJ	KON								
14007009	19	der	DET	ART					S		Nom	N
14007009	20	Fest	NOUN	NN					S		Nom	N
14007009	21	sieben	NUM	CARD								
14007009	22	Tag	NOUN	NN					P		Nom	M
14007010	1	und	CCONJ	KON								
14007010	2	an	ADP	APPRART					S		Dat	M
14007010	3	23	NUM	CARD								
14007010	4	Tag	NOUN	NN					P		Nom	M
14007010	5	der	DET	ART					S		Gen	M
14007010	6	siebter	ADJ	ADJA	Pos				S		Acc	M
14007010	7	Monat	NOUN	NN					S		Nom	M
14007010	8	entlassen	VERB	VVFIN		Fin	Past	3	S	Ind		
14007010	9	er	PRON	PPER				3	S		Nom	M
14007010	10	der	DET	ART					S		Nom	N
14007010	11	Volk	NOUN	NN					S		Nom	N
14007010	12	nach	ADP	APPR								
14007010	13	ihr	DET	PPOSAT					S		Acc	M
14007010	14	Zelt	NOUN	NN					P		Nom	N
14007010	15	fröhlich	ADV	ADJD	Pos							
14007010	16	und	CCONJ	KON								
14007010	17	gut	ADJ	ADJA	Pos				S		Nom	N
14007010	18	Mut	ADJ	NN	Pos				S		Nom	N
14007010	19	wegen	ADP	APPR								
14007010	20	der	DET	ART					S		Gen	M
14007010	21	gute	NOUN	NN					P		Nom	
14007010	22	der	DET	ART					S		Nom	N
14007010	23	Jahwe	NOUN	NN					S		Nom	M
14007010	24	der	DET	ART					S		Dat	M
14007010	25	David	PROPN	NE					S		Nom	M
14007010	26	und	CCONJ	KON								
14007010	27	der	DET	ART					S		Dat	M
14007010	28	Salomo	PROPN	NE					S		Nom	M
14007010	29	und	CCONJ	KON								
14007010	30	sein	DET	PPOSAT					S		Dat	M
14007010	31	Volke	NOUN	NN					S		Nom	M
14007010	32	Israel	PROPN	NE					S		Nom	N
14007010	33	erweisen	VERB	VVPP		Part						
14007010	34	haben	AUX	VAFIN		Fin	Past	3	S	Ind		
14007011	1	und	CCONJ	KON								
14007011	2	so	ADV	ADV								
14007011	3	vollendet	VERB	ADJA		Fin	Past	3	S	Ind		
14007011	4	Salomo	PROPN	NE					S		Nom	M
14007011	5	der	DET	ART					S		Nom	N
14007011	6	Haus	NOUN	NN					S		Nom	N
14007011	7	Jahwe	PROPN	NE					S		Gen	
14007011	8	und	CCONJ	KON								
14007011	9	der	DET	ART					S		Nom	N
14007011	10	Haus	NOUN	NN					S		Nom	N
14007011	11	der	DET	ART					S		Gen	M
14007011	12	König	PROPN	NE					S		Nom	
14007011	13	und	CCONJ	KON								
14007011	14	alle	PRON	PIS					S		Nom	N
14007011	15	was	PRON	PWS					S		Nom	N
14007011	16	Salomo	PROPN	NE					S		Nom	M
14007011	17	in	ADP	APPRART					S		Acc	N
14007011	18	Herz	NOUN	NN					S		Nom	N
14007011	19	kommen	VERB	VVPP		Part						
14007011	20	sein	AUX	VAFIN		Fin	Past	3	S	Ind		
14007011	21	in	ADP	APPRART					S		Dat	N
14007011	22	Haus	NOUN	NN					P		Nom	N
14007011	23	Jahwe	PROPN	NE					S		Gen	
14007011	24	und	CCONJ	KON								
14007011	25	in	ADP	APPR								
14007011	26	sein	DET	PPOSAT					S		Dat	M
14007011	27	Haus	NOUN	NN					P		Nom	N
14007011	28	zu	ADP	PTKVZ								
14007011	29	machen	VERB	VVINF		Inf						
14007011	30	sein	AUX	VAFIN		Fin	Past	3	S	Ind		
14007011	31	ihm	PRON	PPER				3	S		Dat	M
14007011	32	gelingen	VERB	VVPP		Part						
14007012	1	da	SCONJ	KOUS								
14007012	2	erscheinen	VERB	VVFIN		Fin	Past	3	S	Ind		
14007012	3	Jahwe	NOUN	NN					S		Nom	M
14007012	4	der	DET	ART					S		Dat	M
14007012	5	Salomo	PROPN	NE					S		Nom	M
14007012	6	in	ADP	APPR								
14007012	7	der	DET	ART					S		Nom	M
14007012	8	Nacht	NOUN	NN					S		Nom	F
14007012	9	und	CCONJ	KON								
14007012	10	sprechen	VERB	VVFIN		Fin	Past	3	S	Ind		
14007012	11	zu	ADP	PTKVZ								
14007012	12	ihm	PRON	PPER				3	S		Dat	M
14007012	13	ich	PRON	PPER				1	S		Nom	
14007012	14	haben	AUX	VAFIN		Fin	Pres	3	S	Sub		
14007012	15	dein	DET	PPER					S		Nom	N
14007012	16	Gebet	NOUN	NN					S		Nom	N
14007012	17	gehören	VERB	VVFIN		Fin	Pres	3	S	Ind		
14007012	18	und	CCONJ	KON								
14007012	19	mir	PRON	PPER				1	S		Dat	
14007012	20	dieser	DET	PDAT					S		Acc	M
14007012	21	Ort	NOUN	NN					S		Nom	M
14007012	22	zu	ADP	APPRART					S		Dat	N
14007012	23	opferhause	NOUN	NN					P		Nom	F
14007012	24	erwählen	VERB	VVPP		Part						
14007013	1	wenn	SCONJ	KOUS								
14007013	2	ich	PRON	PPER				1	S		Nom	
14007013	3	der	DET	ART					S		Acc	M
14007013	4	Himmel	NOUN	NN					S		Nom	M
14007013	5	verschließen	VERB	VVFIN		Fin	Past	3	S	Sub		
14007013	6	und	CCONJ	KON								
14007013	7	kein	DET	PIAT					S		Nom	N
14007013	8	Regen	NOUN	NN					S		Nom	M
14007013	9	sein	AUX	VAINF		Inf						
14007013	10	werden	AUX	VAFIN		Fin	Pres	3	S	Ind		
14007013	11	und	CCONJ	KON								
14007013	12	wenn	SCONJ	KOUS								
14007013	13	ich	PRON	PPER				1	S		Nom	
14007013	14	der	DET	ART					S		Nom	M
14007013	15	Heuschrecke	NOUN	NN					S		Nom	F
14007013	16	Gebiet	NOUN	NN					P		Nom	N
14007013	17	der	DET	ART					S		Nom	N
14007013	18	Land	NOUN	NN					S		Nom	N
14007013	19	abzufressen	VERB	VVPP		Fin	Past	3	P	Ind		
14007013	20	und	CCONJ	KON								
14007013	21	wenn	SCONJ	KOUS								
14007013	22	ich	PRON	PPER				1	S		Nom	
14007013	23	ein	DET	ART					S		Nom	F
14007013	24	Pest	NOUN	NN					S		Nom	F
14007013	25	unter	ADP	APPR								
14007013	26	mein	DET	PPOSAT					S		Nom	N
14007013	27	Volk	NOUN	NN					S		Nom	N
14007013	28	senden	VERB	VVFIN		Fin	Pres	3	S	Sub		
14007014	1	und	CCONJ	KON								
14007014	2	mein	DET	PPOSAT					S		Nom	N
14007014	3	Volk	NOUN	NN					S		Nom	N
14007014	4	welcher	DET	PWAT					S		Acc	N
14007014	5	nach	ADP	APPR								
14007014	6	mein	DET	PPOSAT					S		Dat	M
14007014	7	Name	NOUN	NN					P		Nom	M
14007014	8	nennen	VERB	VVPP		Part						
14007014	9	werden	AUX	VAFIN		Fin	Pres	3	S	Ind		
14007014	10	demütigen	VERB	VVFIN		Fin	Pres	3	S	Ind		
14007014	11	sich	PRON	PRF				3	S		Acc	
14007014	12	und	CCONJ	KON								
14007014	13	sie	PRON	PPER				3	P		Nom	
14007014	14	beten	VERB	VVFIN		Fin	Pres	3	P	Ind		
14007014	15	und	CCONJ	KON								
14007014	16	suchen	VERB	VVINF		Inf						
14007014	17	mein	DET	PPOSAT					S		Nom	N
14007014	18	Angesicht	NOUN	NN					S		Nom	F
14007014	19	und	CCONJ	KON								
14007014	20	kehren	VERB	VVINF		Inf						
14007014	21	um	ADP	APPR								
14007014	22	von	ADP	APPR								
14007014	23	ihr	DET	PPOSAT					S		Acc	M
14007014	24	böse	ADJ	PIS	Pos				S		Acc	M
14007014	25	wegen	ADP	APPR								
14007014	26	so	ADV	ADV								
14007014	27	werden	AUX	VAFIN		Fin	Pres	3	S	Sub		
14007014	28	ich	PRON	PPER				1	S		Nom	
14007014	29	von	ADP	APPRART					S		Dat	N
14007014	30	Himmel	NOUN	NN					S		Nom	M
14007014	31	her	ADV	ADV								
14007014	32	hören	VERB	VVINF		Inf						
14007014	33	und	CCONJ	KON								
14007014	34	ihr	DET	PPOSAT					S		Nom	F
14007014	35	Sünde	NOUN	NN					P		Nom	F
14007014	36	vergeben	VERB	VVPP		Part						
14007014	37	und	CCONJ	KON								
14007014	38	ihr	PRON	PPOSAT				3	S		Dat	F
14007014	39	Land	NOUN	NN					S		Nom	N
14007014	40	heilen	VERB	VVINF		Inf						
14007015	1	nun	ADV	ADV								
14007015	2	werden	AUX	VAFIN		Fin	Pres	3	P	Ind		
14007015	3	meinen	VERB	VVFIN		Fin	Pres	3	P	Ind		
14007015	4	Auge	NOUN	NN					P		Nom	N
14007015	5	offen	ADV	ADJD	Pos							
14007015	6	und	CCONJ	KON								
14007015	7	mein	DET	PPOSAT					S		Nom	F
14007015	8	Ohr	NOUN	NN					P		Nom	N
14007015	9	aufmerksam	ADV	ADJD	Pos							
14007015	10	sein	AUX	VAINF		Inf						
14007015	11	auf	ADP	PTKVZ								
14007015	12	der	DET	ART					S		Nom	N
14007015	13	Gebet	NOUN	NN					S		Nom	N
14007015	14	an	ADP	PTKVZ								
14007015	15	dieser	DET	PDAT					S		Dat	N
14007015	16	Ort	NOUN	NN					P		Nom	M
14007016	1	und	CCONJ	KON								
14007016	2	nun	ADV	ADV								
14007016	3	haben	AUX	VAFIN		Fin	Pres	3	S	Sub		
14007016	4	ich	PRON	PPER				1	S		Nom	
14007016	5	dieser	DET	PDAT					S		Nom	N
14007016	6	Haus	NOUN	NN					S		Nom	N
14007016	7	erwählen	VERB	VVPP		Part						
14007016	8	und	CCONJ	KON								
14007016	9	heiligen	VERB	VVPP		Part						
14007016	10	daß	SCONJ	KOUS								
14007016	11	mein	DET	PPOSAT					S		Nom	N
14007016	12	Name	NOUN	NN					S		Nom	M
14007016	13	daselbst	ADV	PROAV								
14007016	14	sein	AUX	VAFIN		Fin	Pres	3	S	Sub		
14007016	15	ewiglich	ADV	ADJD	Pos							
14007016	16	und	CCONJ	KON								
14007016	17	mein	DET	PPOSAT					S		Nom	F
14007016	18	Auge	NOUN	NN					P		Nom	N
14007016	19	und	CCONJ	KON								
14007016	20	mein	DET	PPOSAT					S		Nom	N
14007016	21	Herz	NOUN	NN					S		Nom	N
14007016	22	sollen	AUX	VMFIN		Fin	Pres	3	P	Ind		
14007016	23	daselbst	ADV	PROAV								
14007016	24	sein	AUX	VAINF		Inf						
14007016	25	aller	PRON	PIS					P		Nom	
14007016	26	Tag	NOUN	NN					P		Nom	M
14007017	1	und	CCONJ	KON								
14007017	2	du	PRON	PPER				2	S		Nom	
14007017	3	wenn	SCONJ	KOUS								
14007017	4	du	PRON	PPER				2	S		Nom	
14007017	5	vor	ADP	APPR								
14007017	6	mir	PRON	PPER				1	S		Dat	
14007017	7	wandeln	VERB	VVINF		Inf						
14007017	8	wersten	AUX	VAFIN		Fin	Pres	2	S	Ind		
14007017	9	so	ADV	ADV								
14007017	10	wie	ADP	KOKOM								
14007017	11	dein	DET	PPER					S		Nom	N
14007017	12	Vater	NOUN	NN					S		Nom	M
14007017	13	David	PROPN	NE					S		Nom	M
14007017	14	wandeln	VERB	VVPP		Part						
14007017	15	haben	AUX	VAFIN		Fin	Pres	3	S	Ind		
14007017	16	daß	SCONJ	KOUS								
14007017	17	du	PRON	PPER				2	S		Nom	
14007017	18	tust	VERB	VVFIN		Fin	Pres	3	S	Ind		
14007017	19	nach	ADP	APPR								
14007017	20	alle	PRON	PIS					S		Dat	N
14007017	21	was	PRON	PWS					S		Nom	N
14007017	22	ich	PRON	PPER				1	S		Nom	
14007017	23	dir	PRON	PPER				2	S		Dat	
14007017	24	gebieten	VERB	VVPP		Part						
14007017	25	haben	AUX	VAFIN		Fin	Pres	3	S	Sub		
14007017	26	und	CCONJ	KON								
14007017	27	wenn	SCONJ	KOUS								
14007017	28	du	PRON	PPER				2	S		Nom	
14007017	29	mein	DET	PPOSAT					S		Nom	F
14007017	30	Satzunge	NOUN	NN					P		Nom	F
14007017	31	und	CCONJ	KON								
14007017	32	mein	DET	PPOSAT					S		Nom	F
14007017	33	Recht	NOUN	NN					P		Nom	N
14007017	34	beobachten	VERB	VVINF		Inf						
14007017	35	wersten	AUX	VAFIN		Fin	Pres	2	S	Ind		
14007018	1	so	ADV	ADV								
14007018	2	werden	AUX	VAFIN		Fin	Pres	3	S	Sub		
14007018	3	ich	PRON	PPER				1	S		Nom	
14007018	4	der	DET	ART					S		Acc	M
14007018	5	Thron	NOUN	NN					S		Nom	M
14007018	6	dein	DET	PPOSAT					S		Gen	N
14007018	7	Königtum	PROPN	NN					S		Gen	N
14007018	8	befestigen	VERB	VVINF		Inf						
14007018	9	so	ADV	ADV								
14007018	10	wie	ADP	KOKOM								
14007018	11	ich	PRON	PPER				1	S		Nom	
14007018	12	mit	ADP	APPR								
14007018	13	dein	DET	PPOSAT					S		Dat	M
14007018	14	Vater	NOUN	NN					S		Nom	M
14007018	15	David	PROPN	NE					S		Nom	M
14007018	16	ein	DET	ART					S		Acc	M
14007018	17	Bund	NOUN	NN					S		Nom	M
14007018	18	machen	VERB	VVPP		Part						
14007018	19	und	CCONJ	KON								
14007018	20	sagen	VERB	VVPP		Part						
14007018	21	haben	AUX	VAFIN		Fin	Pres	3	S	Sub		
14007018	22	es	PRON	PPER				3	S		Nom	N
14007018	23	sollen	AUX	VMFIN		Fin	Pres	3	S	Ind		
14007018	24	dir	PRON	PPER				2	S		Dat	
14007018	25	nicht	PART	PTKNEG								
14007018	26	an	ADP	PTKVZ								
14007018	27	ein	DET	ART					S		Dat	M
14007018	28	Manne	NOUN	NN					S		Nom	M
14007018	29	fehlen	VERB	VVFIN		Fin	Pres	3	P	Ind		
14007018	30	der	DET	ART					S		Nom	M
14007018	31	über	ADP	APPR								
14007018	32	Israel	PROPN	NE					S		Nom	N
14007018	33	herrschen	VERB	VVFIN		Fin	Pres	3	S	Sub		
14007019	1	wenn	SCONJ	KOUS								
14007019	2	ihr	PRON	PPOSAT				3	S		Dat	F
14007019	3	euch	PRON	PPER				2	P		Dat	
14007019	4	aber	CCONJ	KON								
14007019	5	abwenden	VERB	VVINF		Inf						
14007019	6	und	CCONJ	KON								
14007019	7	mein	DET	PPOSAT					S		Nom	F
14007019	8	Satzunge	NOUN	NN					P		Nom	F
14007019	9	und	CCONJ	KON								
14007019	10	mein	DET	PPOSAT					S		Nom	F
14007019	11	Gebot	NOUN	NN					P		Nom	N
14007019	12	der	DET	ART					S		Nom	F
14007019	13	ich	PRON	PPER				1	S		Nom	
14007019	14	euch	PRON	PPER				2	P		Dat	
14007019	15	vorlegen	VERB	VVPP		Part						
14007019	16	haben	AUX	VAFIN		Fin	Pres	3	S	Sub		
14007019	17	verlassen	VERB	VVINF		Inf						
14007019	18	werden	AUX	VAFIN		Fin	Pres	3	S	Ind		
14007019	19	und	CCONJ	KON								
14007019	20	werden	AUX	VAFIN		Fin	Pres	3	S	Ind		
14007019	21	hingehen	VERB	VVINF		Inf						
14007019	22	und	CCONJ	KON								
14007019	23	anderer	PRON	PIS					P		Dat	
14007019	24	Götter	NOUN	NN					P		Dat	M
14007019	25	dienen	VERB	VVINF		Inf						
14007019	26	und	CCONJ	KON								
14007019	27	euch	PRON	PPER				2	P		Dat	
14007019	28	vor	ADP	APPR								
14007019	29	ihnen	PRON	PPER				3	P		Dat	
14007019	30	niederbeugen	VERB	VVIZU		Fin	Past	3	P	Ind		
14007020	1	so	ADV	ADV								
14007020	2	werden	AUX	VAFIN		Fin	Pres	3	S	Sub		
14007020	3	ich	PRON	PPER				1	S		Nom	
14007020	4	sie	PRON	PPER				3	P		Nom	
14007020	5	herausreißen	VERB	VVINF		Inf						
14007020	6	aus	ADP	PTKVZ								
14007020	7	mein	DET	PPOSAT					S		Dat	M
14007020	8	Land	NOUN	NN					P		Nom	N
14007020	9	der	DET	ART					S		Nom	N
14007020	10	ich	PRON	PPER				1	S		Nom	
14007020	11	ihnen	PRON	PPER				3	P		Dat	
14007020	12	geben	VERB	VVPP		Part						
14007020	13	haben	AUX	VAFIN		Fin	Pres	3	S	Sub		
14007020	14	und	CCONJ	KON								
14007020	15	dieser	DET	PDAT					S		Nom	N
14007020	16	Haus	NOUN	NN					S		Nom	N
14007020	17	welcher	DET	PWAT					S		Acc	N
14007020	18	ich	PRON	PPER				1	S		Nom	
14007020	19	mein	DET	PPOSAT					S		Dat	M
14007020	20	Name	NOUN	NN					P		Nom	M
14007020	21	heiligen	VERB	VVPP		Part						
14007020	22	haben	AUX	VAFIN		Fin	Pres	3	S	Sub		
14007020	23	werden	AUX	VAFIN		Fin	Pres	3	S	Sub		
14007020	24	ich	PRON	PPER				1	S		Nom	
14007020	25	von	ADP	APPR								
14007020	26	mein	DET	PPOSAT					S		Dat	M
14007020	27	Angesicht	NOUN	NN					S		Nom	F
14007020	28	wegwerfen	VERB	VVINF		Inf						
14007020	29	und	CCONJ	KON								
14007020	30	werden	AUX	VAFIN		Fin	Pres	3	S	Sub		
14007020	31	es	PRON	PPER				3	S		Nom	N
14007020	32	zu	ADP	APPRART					S		Dat	N
14007020	33	Sprichwort	NOUN	NN					S		Nom	N
14007020	34	und	CCONJ	KON								
14007020	35	zu	ADP	APPRART					S		Dat	F
14007020	36	Spottrede	NOUN	NN					S		Nom	F
14007020	37	machen	VERB	VVINF		Inf						
14007020	38	unter	ADP	APPR								
14007020	39	aller	DET	PIS					P		Dat	
14007020	40	Volk	NOUN	NN					P		Dat	N
14007021	1	und	CCONJ	KON								
14007021	2	dieser	DET	PDAT					S		Nom	N
14007021	3	Haus	NOUN	NN					S		Nom	N
14007021	4	der	DET	ART					S		Nom	N
14007021	5	erhaben	ADV	ADJD	Pos							
14007021	6	sein	AUX	VAFIN		Fin	Past	3	S	Ind		
14007021	7	jeder	PRON	PIS					S		Nom	M
14007021	8	der	DET	ART					S		Nom	M
14007021	9	an	ADP	PTKVZ								
14007021	10	derselbe	DET	PDAT					S		Dat	N
14007021	11	vorbeigehen	VERB	VVFIN		Fin	Pres	3	S	Ind		
14007021	12	werden	AUX	VAFIN		Fin	Pres	3	S	Ind		
14007021	13	sich	PRON	PRF				3	S		Acc	
14007021	14	Entsetzen	NOUN	NN					S		Nom	N
14007021	15	und	CCONJ	KON								
14007021	16	sagen	VERB	VVINF		Inf						
14007021	17	warum	ADV	PWAV								
14007021	18	haben	AUX	VAFIN		Fin	Pres	3	S	Ind		
14007021	19	Jahwe	NOUN	NN					S		Nom	M
14007021	20	dieser	DET	PDAT					S		Dat	N
14007021	21	Land	NOUN	NN					P		Nom	N
14007021	22	und	CCONJ	KON								
14007021	23	dieser	DET	PDAT					S		Dat	N
14007021	24	Haus	NOUN	NN					P		Nom	N
14007021	25	also	ADV	ADV								
14007021	26	tun	VERB	VVPP		Part						
14007022	1	und	CCONJ	KON								
14007022	2	man	PRON	PIS					S		Nom	
14007022	3	werden	AUX	VAFIN		Fin	Pres	3	S	Ind		
14007022	4	sagen	VERB	VVINF		Inf						
14007022	5	darum	ADV	PROAV								
14007022	6	daß	SCONJ	KOUS								
14007022	7	sie	PRON	PPER				3	P		Nom	
14007022	8	Jahwe	NOUN	NN					S		Nom	M
14007022	9	der	DET	ART					S		Acc	M
14007022	10	Gott	NOUN	NN					S		Nom	M
14007022	11	ihr	DET	PPOSAT					S		Dat	F
14007022	12	Vater	NOUN	NN					P		Nom	M
14007022	13	der	DET	ART					S		Nom	M
14007022	14	sie	PRON	PPER				3	P		Nom	
14007022	15	aus	ADP	PTKVZ								
14007022	16	der	DET	ART					S		Dat	M
14007022	17	Land	NOUN	NN					P		Nom	N
14007022	18	Ägypten	PROPN	NE					S		Nom	N
14007022	19	herausgeführt	VERB	VVPP		Part						
14007022	20	haben	AUX	VAFIN		Fin	Pres	3	S	Ind		
14007022	21	verlassen	VERB	VVINF		Inf						
14007022	22	und	CCONJ	KON								
14007022	23	anderer	PRON	PIS					P		Nom	
14007022	24	Götter	NOUN	NN					P		Nom	M
14007022	25	annehmen	VERB	VVPP		Part						
14007022	26	und	CCONJ	KON								
14007022	27	sich	PRON	PRF				3	S		Acc	
14007022	28	vor	ADP	APPR								
14007022	29	ihnen	PRON	PPER				3	P		Dat	
14007022	30	Niedergebeugt	PROPN	NE					S		Nom	M
14007022	31	und	CCONJ	KON								
14007022	32	ihnen	PRON	PPER				3	P		Dat	
14007022	33	dienen	VERB	VVPP		Part						
14007022	34	haben	AUX	VAFIN		Fin	Pres	3	P	Ind		
14007022	35	darum	ADV	PROAV								
14007022	36	haben	AUX	VAFIN		Fin	Pres	3	S	Ind		
14007022	37	er	PRON	PPER				3	S		Nom	M
14007022	38	all	DET	PIAT								
14007022	39	dieser	DET	PDAT					S		Nom	N
14007022	40	Unglück	NOUN	NN					S		Nom	N
14007022	41	über	ADP	APPR								
14007022	42	sie	PRON	PPER				3	P		Nom	
14007022	43	bringen	VERB	VVPP		Part						
14008001	1	und	CCONJ	KON								
14008001	2	es	PRON	PPER				3	S		Nom	N
14008001	3	geschehen	VERB	VVFIN		Fin	Past	3	S	Ind		
14008001	4	an	ADP	APPRART					S		Dat	M
14008001	5	Ende	NOUN	NN					S		Nom	N
14008001	6	von	ADP	APPR								
14008001	7	zwanzig	NUM	CARD								
14008001	8	Jahr	NOUN	NN					P		Dat	N
14008001	9	während	SCONJ	KOUS								
14008001	10	welcher	PRON	PWAT					S		Nom	M
14008001	11	Salomo	PROPN	NE					S		Nom	M
14008001	12	der	DET	ART					S		Nom	N
14008001	13	Haus	NOUN	NN					S		Nom	N
14008001	14	Jahwe	PROPN	NE					S		Gen	
14008001	15	und	CCONJ	KON								
14008001	16	sein	AUX	VAINF		Inf						
14008001	17	Haus	NOUN	NN					S		Nom	N
14008001	18	bauen	VERB	VVPP		Part						
14008001	19	haben	AUX	VAFIN		Fin	Past	3	S	Ind		
14008002	1	da	ADV	ADV								
14008002	2	bauen	VERB	VVFIN		Fin	Past	3	S	Ind		
14008002	3	Salomo	PROPN	NE					S		Nom	M
14008002	4	der	DET	ART					S		Nom	F
14008002	5	Stadt	NOUN	NN					P		Nom	F
14008002	6	aus	ADP	PTKVZ								
14008002	7	welcher	DET	PWAT					S		Nom	F
14008002	8	Huram	PROPN	NE					S		Nom	N
14008002	9	der	DET	ART					S		Dat	M
14008002	10	Salomo	PROPN	NE					S		Nom	M
14008002	11	geben	VERB	VVPP		Part						
14008002	12	haben	AUX	VAFIN		Fin	Past	3	S	Ind		
14008002	13	und	CCONJ	KON								
14008002	14	er	PRON	PPER				3	S		Nom	M
14008002	15	lassen	VERB	VVFIN		Fin	Past	3	S	Ind		
14008002	16	der	DET	ART					S		Nom	F
14008002	17	Kind	NOUN	NN					P		Nom	N
14008002	18	Israel	PROPN	NE					S		Nom	N
14008002	19	daselbst	ADV	PROAV								
14008002	20	wohnen	VERB	VVINF		Inf						
14008003	1	und	CCONJ	KON								
14008003	2	Salomo	PROPN	NE					S		Nom	M
14008003	3	ziehen	VERB	VVFIN		Fin	Past	3	S	Ind		
14008003	4	nach	ADP	APPR								
14008003	5	Hamath-Zoba	PROPN	NE					S		Nom	
14008003	6	und	CCONJ	KON								
14008003	7	überwältigen	VERB	VVFIN		Fin	Past	3	S	Ind		
14008003	8	es	PRON	PPER				3	S		Nom	N
14008004	1	und	CCONJ	KON								
14008004	2	er	PRON	PPER				3	S		Nom	M
14008004	3	bauen	VERB	VVFIN		Fin	Past	3	S	Ind		
14008004	4	Tadmor	NOUN	NE					S		Nom	M
14008004	5	in	ADP	APPR								
14008004	6	der	DET	ART					S		Nom	M
14008004	7	Wüste	NOUN	NN					S		Nom	F
14008004	8	und	CCONJ	KON								
14008004	9	aller	PRON	PIS					P		Nom	
14008004	10	vorratsstädte	NOUN	NN					P		Nom	F
14008004	11	der	DET	ART					S		Nom	F
14008004	12	er	PRON	PPER				3	S		Nom	M
14008004	13	in	ADP	APPR								
14008004	14	Hamath	NOUN	NN					S		Nom	M
14008004	15	bauen	VERB	VVFIN		Fin	Past	3	S	Ind		
14008005	1	und	CCONJ	KON								
14008005	2	er	PRON	PPER				3	S		Nom	M
14008005	3	bauen	VERB	VVFIN		Fin	Past	3	S	Ind		
14008005	4	Ober-Beth-Horon	NOUN	NE					S		Nom	M
14008005	5	und	CCONJ	KON								
14008005	6	Unter-Beth-Horon	PROPN	NE					S		Nom	M
14008005	7	fest	ADJ	ADJA	Pos				S		Nom	F
14008005	8	Stadt	NOUN	NN					P		Nom	F
14008005	9	mit	ADP	APPR								
14008005	10	Mauer	NOUN	NN					P		Nom	F
14008005	11	Tor	NOUN	NN					P		Dat	N
14008005	12	und	CCONJ	KON								
14008005	13	Riegel	NOUN	NN					P		Nom	N
14008006	1	und	CCONJ	KON								
14008006	2	Baalath	PROPN	NE					S		Nom	
14008006	3	und	CCONJ	KON								
14008006	4	aller	PRON	PIS					P		Nom	
14008006	5	vorratsstädte	NOUN	NN					P		Nom	F
14008006	6	der	DET	ART					S		Nom	F
14008006	7	Salomo	PROPN	NE					S		Nom	M
14008006	8	haben	AUX	VAFIN		Fin	Past	3	S	Ind		
14008006	9	und	CCONJ	KON								
14008006	10	aller	PRON	PIS					P		Nom	
14008006	11	Wagenstädte	NOUN	NN					S		Nom	F
14008006	12	und	CCONJ	KON								
14008006	13	der	DET	ART					S		Nom	F
14008006	14	Reiterstadt	NOUN	NN					P		Nom	F
14008006	15	und	CCONJ	KON								
14008006	16	alle	PRON	PIS					S		Nom	N
14008006	17	was	PRON	PWS					S		Nom	N
14008006	18	Salomo	PROPN	NE					S		Nom	M
14008006	19	Lust	NOUN	NN					S		Nom	F
14008006	20	haben	AUX	VAFIN		Fin	Past	3	S	Ind		
14008006	21	zu	ADP	PTKVZ								
14008006	22	bauen	VERB	VVINF		Inf						
14008006	23	in	ADP	APPR								
14008006	24	Jerusalem	PROPN	NE					S		Nom	N
14008006	25	und	CCONJ	KON								
14008006	26	auf	ADP	PTKVZ								
14008006	27	der	DET	ART					S		Dat	M
14008006	28	Libanon	PROPN	NE					S		Nom	M
14008006	29	und	CCONJ	KON								
14008006	30	in	ADP	APPRART					S		Dat	N
14008006	31	ganz	PRON	ADJA					S		Nom	M
14008006	32	Land	NOUN	NN					P		Nom	N
14008006	33	sein	DET	PPOSAT					S		Dat	F
14008006	34	Herrschaft	NOUN	NN					S		Nom	F
14008007	1	alle	PRON	PIS					S		Nom	N
14008007	2	Volk	NOUN	NN					S		Nom	N
14008007	3	der	DET	ART					S		Nom	N
14008007	4	übrigbleiben	VERB	VVPP		Part						
14008007	5	sein	AUX	VAFIN		Fin	Past	3	S	Ind		
14008007	6	von	ADP	APPR								
14008007	7	der	DET	ART					S		Acc	M
14008007	8	Hethitern	NOUN	NN					P		Dat	M
14008007	9	und	CCONJ	KON								
14008007	10	der	DET	ART					S		Acc	M
14008007	11	Amoriter	NOUN	NN					S		Nom	N
14008007	12	und	CCONJ	KON								
14008007	13	der	DET	ART					S		Acc	M
14008007	14	Perisiter	NOUN	NN					P		Dat	M
14008007	15	und	CCONJ	KON								
14008007	16	der	DET	ART					S		Acc	M
14008007	17	Hewiter	NOUN	NN					P		Dat	M
14008007	18	und	CCONJ	KON								
14008007	19	der	DET	ART					S		Acc	M
14008007	20	Jebusiter	NOUN	NN					P		Nom	N
14008007	21	der	DET	ART					S		Nom	F
14008007	22	nicht	PART	PTKNEG								
14008007	23	von	ADP	APPR								
14008007	24	Israel	PROPN	NE					S		Nom	N
14008007	25	sein	AUX	VAFIN		Fin	Past	3	P	Ind		
14008008	1	ihr	DET	PPOSAT					S		Nom	F
14008008	2	Sohn	NOUN	NN					P		Nom	M
14008008	3	der	DET	ART					S		Nom	F
14008008	4	nach	ADP	APPR								
14008008	5	ihnen	PRON	PPER				3	P		Dat	
14008008	6	in	ADP	APPRART					S		Dat	N
14008008	7	Land	NOUN	NN					P		Nom	N
14008008	8	übrigbleiben	VERB	VVPP		Part						
14008008	9	sein	AUX	VAFIN		Fin	Past	3	P	Ind		
14008008	10	welcher	DET	PWAT					S		Nom	F
14008008	11	der	DET	ART					S		Nom	F
14008008	12	Kind	NOUN	NN					P		Nom	N
14008008	13	Israel	PROPN	NE					S		Nom	N
14008008	14	nicht	PART	PTKNEG								
14008008	15	vertilgen	VERB	VVPP		Part						
14008008	16	haben	AUX	VAFIN		Fin	Past	3	P	Ind		
14008008	17	der	DET	ART					S		Nom	F
14008008	18	heben	VERB	VVFIN		Fin	Past	3	S	Ind		
14008008	19	Salomo	PROPN	NE					S		Nom	M
14008008	20	zu	ADP	PTKVZ								
14008008	21	Fronarbeiter	NOUN	NN					P		Dat	M
14008008	22	aus	ADP	PTKVZ								
14008008	23	bis	CCONJ	KON								
14008008	24	auf	ADP	PTKVZ								
14008008	25	dieser	DET	PDAT					S		Acc	M
14008008	26	Tag	NOUN	NN					S		Nom	M
14008009	1	aber	CCONJ	KON								
14008009	2	aus	ADP	PTKVZ								
14008009	3	der	DET	ART					S		Acc	M
14008009	4	Kind	NOUN	NN					P		Dat	N
14008009	5	Israel	PROPN	NE					S		Nom	N
14008009	6	machen	VERB	VVFIN		Fin	Past	3	S	Ind		
14008009	7	Salomo	PROPN	NE					S		Nom	M
14008009	8	kein	DET	PIAT					S		Nom	F
14008009	9	Sklave	NOUN	NN					P		Nom	M
14008009	10	für	ADP	APPR								
14008009	11	sein	DET	PPOSAT					S		Nom	F
14008009	12	Arbeit	NOUN	NN					S		Nom	F
14008009	13	sondern	CCONJ	KON								
14008009	14	sie	PRON	PPER				3	P		Nom	
14008009	15	sein	AUX	VAFIN		Fin	Past	3	P	Ind		
14008009	16	Kriegsleut	NOUN	NN					P		Nom	M
14008009	17	und	CCONJ	KON								
14008009	18	oberer	ADJ	ADJA	Sup				S		Nom	F
14008009	19	sein	DET	PPOSAT					S		Dat	F
14008009	20	Anführer	NOUN	NN					S		Nom	M
14008009	21	und	CCONJ	KON								
14008009	22	oberer	ADJ	ADJA	Sup				S		Nom	F
14008009	23	sein	DET	PPOSAT					S		Dat	F
14008009	24	Wagen	NOUN	NN					S		Nom	M
14008009	25	und	CCONJ	KON								
14008009	26	sein	DET	PPOSAT					S		Dat	F
14008009	27	Reiter	NOUN	NN					S		Nom	M
14008010	1	und	CCONJ	KON								
14008010	2	dieser	PRON	PDS					S		Nom	N
14008010	3	sein	AUX	VAFIN		Fin	Pres	3	P	Ind		
14008010	4	der	DET	ART					S		Nom	F
14008010	5	Oberaufseher	NOUN	NN					S		Nom	M
14008010	6	welcher	DET	PWAT					S		Nom	F
14008010	7	der	DET	ART					S		Nom	M
14008010	8	König	NOUN	NN					S		Nom	M
14008010	9	Salomo	PROPN	NE					S		Nom	M
14008010	10	haben	AUX	VAFIN		Fin	Past	3	S	Ind		
14008010	11	250	NUM	CARD								
14008010	12	der	DET	ART					S		Nom	F
14008010	13	über	ADP	APPR								
14008010	14	der	DET	ART					S		Nom	N
14008010	15	Volk	NOUN	NN					S		Nom	N
14008010	16	walteten	NOUN	NN					P		Dat	M
14008011	1	und	CCONJ	KON								
14008011	2	Salomo	PROPN	NE					S		Nom	M
14008011	3	führen	VERB	VVFIN		Fin	Past	3	S	Ind		
14008011	4	der	DET	ART					S		Nom	F
14008011	5	Tochter	NOUN	NN					S		Nom	F
14008011	6	der	DET	ART					S		Gen	M
14008011	7	Pharao	NOUN	NN					S		Nom	M
14008011	8	aus	ADP	PTKVZ								
14008011	9	der	DET	ART					S		Nom	M
14008011	10	Stadt	NOUN	NN					S		Nom	F
14008011	11	David	PROPN	NE					S		Gen	M
14008011	12	herauf	ADV	PTKVZ								
14008011	13	in	ADP	APPR								
14008011	14	der	DET	ART					S		Nom	N
14008011	15	Haus	NOUN	NN					S		Nom	N
14008011	16	der	DET	ART					S		Nom	N
14008011	17	er	PRON	PPER				3	S		Nom	M
14008011	18	ihr	PRON	PPOSAT				3	S		Dat	F
14008011	19	bauen	VERB	VVPP		Part						
14008011	20	haben	AUX	VAFIN		Fin	Past	3	S	Ind		
14008011	21	denn	CCONJ	KON								
14008011	22	er	PRON	PPER				3	S		Nom	M
14008011	23	sprechen	VERB	VVFIN		Fin	Past	3	S	Ind		
14008011	24	mein	PRON	PPOSAT				2	P		Nom	
14008011	25	Weib	NOUN	NN					S		Nom	N
14008011	26	sollen	AUX	VMFIN		Fin	Pres	3	S	Ind		
14008011	27	nicht	PART	PTKNEG								
14008011	28	in	ADP	APPR								
14008011	29	der	DET	ART					S		Dat	M
14008011	30	Haus	NOUN	NN					P		Nom	N
14008011	31	David	PROPN	NE					S		Gen	M
14008011	32	der	DET	ART					S		Gen	M
14008011	33	König	PROPN	NE					S		Nom	
14008011	34	von	ADP	APPR								
14008011	35	Israel	PROPN	NE					S		Nom	N
14008011	36	wohnen	VERB	VVINF		Inf						
14008011	37	denn	CCONJ	KON								
14008011	38	der	DET	ART					S		Nom	F
14008011	39	Ort	NOUN	NN					P		Nom	M
14008011	40	sein	AUX	VAFIN		Fin	Pres	3	P	Ind		
14008011	41	heilig	ADV	ADJD	Pos							
14008011	42	in	ADP	APPR								
14008011	43	welcher	DET	PWAT					S		Nom	F
14008011	44	der	DET	ART					S		Nom	F
14008011	45	lade	NOUN	NN					S		Nom	F
14008011	46	Jahwe	PROPN	NE					S		Gen	
14008011	47	kommen	VERB	VVPP		Part						
14008011	48	sein	AUX	VAFIN		Fin	Pres	3	S	Ind		
14008012	1	damals	ADV	ADV								
14008012	2	opfern	VERB	VVFIN		Fin	Past	3	S	Ind		
14008012	3	Salomo	PROPN	NE					S		Nom	M
14008012	4	der	DET	ART					S		Dat	M
14008012	5	Jahwe	NOUN	NN					S		Nom	M
14008012	6	Brandopfer	NOUN	NN					S		Nom	M
14008012	7	auf	ADP	PTKVZ								
14008012	8	der	DET	ART					S		Dat	M
14008012	9	Altar	NOUN	NN					S		Nom	M
14008012	10	Jahwe	PROPN	NE					S		Gen	
14008012	11	der	DET	ART					S		Acc	M
14008012	12	er	PRON	PPER				3	S		Nom	M
14008012	13	vor	ADP	APPR								
14008012	14	der	DET	ART					S		Nom	M
14008012	15	Halle	NOUN	NE					S		Nom	F
14008012	16	bauen	VERB	VVPP		Part						
14008012	17	haben	AUX	VAFIN		Fin	Past	3	S	Ind		
14008013	1	und	CCONJ	KON								
14008013	2	zwar	ADV	ADV								
14008013	3	nach	ADP	APPR								
14008013	4	der	DET	ART					S		Nom	M
14008013	5	täglich	ADJ	ADJA	Pos				S		Acc	M
14008013	6	Gebühr	NOUN	NN					S		Nom	F
14008013	7	indem	SCONJ	KOUS								
14008013	8	er	PRON	PPER				3	S		Nom	M
14008013	9	nach	ADP	APPR								
14008013	10	der	DET	ART					S		Dat	M
14008013	11	Gebot	NOUN	NN					S		Nom	N
14008013	12	Moses	PROPN	NE					S		Nom	M
14008013	13	opfern	VERB	VVFIN		Fin	Past	3	S	Ind		
14008013	14	an	ADP	PTKVZ								
14008013	15	der	DET	ART					S		Acc	M
14008013	16	sabbathen	NOUN	NN					P		Nom	F
14008013	17	und	CCONJ	KON								
14008013	18	an	ADP	PTKVZ								
14008013	19	der	DET	ART					S		Acc	M
14008013	20	Neumond	NOUN	NN					P		Nom	M
14008013	21	und	CCONJ	KON								
14008013	22	an	ADP	PTKVZ								
14008013	23	der	DET	ART					S		Acc	M
14008013	24	Fest	NOUN	NN					P		Dat	N
14008013	25	dreimal	ADV	ADV								
14008013	26	in	ADP	APPRART					S		Dat	N
14008013	27	Jahr	NOUN	NN					P		Nom	N
14008013	28	an	ADP	APPRART					S		Dat	M
14008013	29	Fest	NOUN	NN					P		Nom	N
14008013	30	der	DET	ART					S		Nom	M
14008013	31	ungesäuert	ADJ	ADJA	Pos				S		Acc	M
14008013	32	Brot	NOUN	NN					P		Nom	N
14008013	33	und	CCONJ	KON								
14008013	34	an	ADP	APPRART					S		Dat	M
14008013	35	Fest	NOUN	NN					P		Nom	N
14008013	36	der	DET	ART					S		Nom	M
14008013	37	Woche	NOUN	NN					P		Nom	F
14008013	38	und	CCONJ	KON								
14008013	39	an	ADP	APPRART					S		Dat	M
14008013	40	Fest	NOUN	NN					P		Nom	N
14008013	41	der	DET	ART					S		Nom	M
14008013	42	Laubhütt	NOUN	NN					P		Nom	F
14008014	1	und	CCONJ	KON								
14008014	2	er	PRON	PPER				3	S		Nom	M
14008014	3	bestellen	VERB	VVFIN		Fin	Past	3	S	Ind		
14008014	4	nach	ADP	APPR								
14008014	5	der	DET	ART					S		Nom	M
14008014	6	Vorschrift	NOUN	NN					S		Nom	F
14008014	7	sein	DET	PPOSAT					S		Gen	M
14008014	8	Vater	NOUN	NN					S		Gen	M
14008014	9	David	PROPN	NE					S		Nom	M
14008014	10	der	DET	ART					S		Nom	F
14008014	11	Abteilung	NOUN	NN					P		Nom	F
14008014	12	der	DET	ART					S		Nom	M
14008014	13	Priester	NOUN	NN					P		Nom	M
14008014	14	zu	ADP	PTKVZ								
14008014	15	ihr	DET	PPOSAT					S		Dat	N
14008014	16	Dienst	NOUN	NN					P		Nom	M
14008014	17	und	CCONJ	KON								
14008014	18	der	DET	ART					S		Nom	F
14008014	19	Levit	NOUN	NN					P		Nom	M
14008014	20	zu	ADP	PTKVZ								
14008014	21	ihr	DET	PPOSAT					S		Acc	M
14008014	22	Amt	NOUN	NN					P		Dat	N
14008014	23	um	ADP	APPR								
14008014	24	zu	ADP	PTKVZ								
14008014	25	loben	VERB	VVINF		Inf						
14008014	26	und	CCONJ	KON								
14008014	27	zu	ADP	PTKVZ								
14008014	28	dienen	VERB	VVINF		Inf						
14008014	29	vor	ADP	APPR								
14008014	30	der	DET	ART					S		Acc	M
14008014	31	Priester	NOUN	NN					P		Dat	M
14008014	32	nach	ADP	APPR								
14008014	33	der	DET	ART					S		Nom	M
14008014	34	täglich	ADJ	ADJA	Pos				S		Acc	M
14008014	35	Gebühr	NOUN	NN					S		Nom	F
14008014	36	und	CCONJ	KON								
14008014	37	der	DET	ART					S		Nom	F
14008014	38	Torhüter	NOUN	NN					S		Nom	M
14008014	39	in	ADP	APPR								
14008014	40	ihr	DET	PPOSAT					S		Acc	M
14008014	41	Abteilung	NOUN	NN					P		Nom	F
14008014	42	für	ADP	APPR								
14008014	43	jeder	DET	PIAT					S		Nom	N
14008014	44	Tor	NOUN	NN					S		Nom	N
14008014	45	denn	CCONJ	KON								
14008014	46	also	ADV	ADV								
14008014	47	sein	AUX	VAFIN		Fin	Past	3	S	Ind		
14008014	48	der	DET	ART					S		Nom	N
14008014	49	Gebot	NOUN	NN					S		Nom	N
14008014	50	David	PROPN	NE					S		Gen	M
14008014	51	der	DET	ART					S		Gen	M
14008014	52	Mann	NOUN	NN					S		Gen	M
14008014	53	Gott	NOUN	NN					S		Gen	M
14008015	1	und	CCONJ	KON								
14008015	2	man	PRON	PIS					S		Nom	
14008015	3	wich	VERB	VVFIN		Fin	Past	3	S	Ind		
14008015	4	nicht	PART	PTKNEG								
14008015	5	von	ADP	APPR								
14008015	6	der	DET	ART					S		Dat	M
14008015	7	Gebot	NOUN	NN					S		Nom	N
14008015	8	der	DET	ART					S		Gen	M
14008015	9	König	PROPN	NE					S		Nom	
14008015	10	an	ADP	PTKVZ								
14008015	11	der	DET	ART					S		Nom	F
14008015	12	Priester	NOUN	NN					P		Nom	M
14008015	13	und	CCONJ	KON								
14008015	14	der	DET	ART					S		Nom	F
14008015	15	Levit	NOUN	NN					P		Nom	M
14008015	16	ab	ADP	PTKVZ								
14008015	17	Betreff	VERB	VVFIN		Fin	Past	3	S	Sub		
14008015	18	jeder	PRON	PIS					S		Nom	M
14008015	19	Sache	NOUN	NN					S		Nom	F
14008015	20	und	CCONJ	KON								
14008015	21	Betreff	VERB	VVFIN		Fin	Past	3	S	Sub		
14008015	22	der	DET	ART					S		Nom	M
14008015	23	Schatz	NOUN	NN					P		Nom	M
14008016	1	und	CCONJ	KON								
14008016	2	so	ADV	ADV								
14008016	3	werden	AUX	VAFIN		Fin	Past	3	S	Ind		
14008016	4	der	DET	ART					S		Nom	N
14008016	5	ganz	ADJ	ADJA	Pos				S		Nom	F
14008016	6	Werk	NOUN	NN					S		Nom	N
14008016	7	Salomos	PROPN	NE					S		Nom	
14008016	8	zustande	ADV	PTKVZ								
14008016	9	bringen	VERB	VVPP		Part						
14008016	10	bis	CCONJ	KON								
14008016	11	zu	ADP	APPRART					S		Dat	N
14008016	12	Tag	NOUN	NN					P		Nom	M
14008016	13	der	DET	ART					S		Nom	M
14008016	14	Gründung	NOUN	NN					S		Nom	F
14008016	15	der	DET	ART					S		Gen	M
14008016	16	Haus	NOUN	NN					S		Gen	N
14008016	17	Jahwe	PROPN	NE					S		Gen	
14008016	18	und	CCONJ	KON								
14008016	19	bis	CCONJ	KON								
14008016	20	zu	ADP	APPRART					S		Dat	F
14008016	21	Vollendung	NOUN	NN					S		Nom	F
14008016	22	derselbe	PRON	PDS					S		Gen	
14008016	23	der	DET	ART					S		Nom	N
14008016	24	Haus	NOUN	NN					S		Nom	N
14008016	25	Jahwe	PROPN	NE					S		Gen	
14008016	26	sein	AUX	VAFIN		Fin	Past	3	S	Ind		
14008016	27	fertig	ADV	ADJD	Pos							
14008017	1	damals	ADV	ADV								
14008017	2	gehen	VERB	VVFIN		Fin	Past	3	S	Ind		
14008017	3	Salomo	PROPN	NE					S		Nom	M
14008017	4	nach	ADP	APPR								
14008017	5	Ezjon-Geber	NOUN	NN					S		Nom	N
14008017	6	und	CCONJ	KON								
14008017	7	nach	ADP	APPR								
14008017	8	Eloth	NOUN	NN					S		Nom	F
14008017	9	an	ADP	APPRART					S		Dat	M
14008017	10	Ufer	NOUN	NN					S		Nom	N
14008017	11	der	DET	ART					S		Gen	M
14008017	12	Meer	NOUN	NN					S		Nom	N
14008017	13	in	ADP	APPRART					S		Dat	N
14008017	14	Land	NOUN	NN					P		Nom	N
14008017	15	Edom	PROPN	NE					S		Nom	
14008018	1	und	CCONJ	KON								
14008018	2	Huram	PROPN	NE					S		Nom	N
14008018	3	senden	VERB	VVFIN		Fin	Past	3	S	Ind		
14008018	4	ihm	PRON	PPER				3	S		Dat	M
14008018	5	durch	ADP	APPR								
14008018	6	sein	DET	PPOSAT					S		Nom	F
14008018	7	Knecht	NOUN	NN					P		Nom	M
14008018	8	Schiff	NOUN	NN					P		Nom	N
14008018	9	und	CCONJ	KON								
14008018	10	Knecht	NOUN	NN					P		Nom	M
14008018	11	der	DET	ART					S		Nom	F
14008018	12	der	DET	ART					S		Gen	M
14008018	13	Meer	NOUN	NN					S		Nom	N
14008018	14	kundig	ADV	ADJD	Pos							
14008018	15	sein	AUX	VAFIN		Fin	Past	3	P	Ind		
14008018	16	und	CCONJ	KON								
14008018	17	sie	PRON	PPER				3	P		Nom	
14008018	18	kommen	VERB	VVFIN		Fin	Past	3	P	Ind		
14008018	19	mit	ADP	APPR								
14008018	20	der	DET	ART					S		Acc	M
14008018	21	knechte	NOUN	NN					P		Nom	M
14008018	22	Salomos	PROPN	NE					S		Nom	
14008018	23	nach	ADP	APPR								
14008018	24	Ophir	PROPN	NE					S		Nom	
14008018	25	und	CCONJ	KON								
14008018	26	holen	VERB	VVFIN		Fin	Past	3	P	Ind		
14008018	27	von	ADP	APPR								
14008018	28	dort	ADV	ADV								
14008018	29	450	NUM	CARD								
14008018	30	Talent	NOUN	NN					P		Nom	N
14008018	31	Gold	NOUN	NN					S		Nom	N
14008018	32	und	CCONJ	KON								
14008018	33	bringen	VERB	VVFIN		Fin	Past	3	P	Ind		
14008018	34	es	PRON	PPER				3	S		Nom	N
14008018	35	zu	ADP	PTKVZ								
14008018	36	der	DET	ART					S		Dat	M
14008018	37	König	NOUN	NN					S		Nom	M
14008018	38	Salomo	PROPN	NE					S		Nom	M
14009001	1	und	CCONJ	KON								
14009001	2	der	DET	ART					S		Nom	F
14009001	3	Königin	NOUN	NN					S		Nom	F
14009001	4	von	ADP	APPR								
14009001	5	Scheba	PROPN	NE					S		Nom	N
14009001	6	hören	VERB	VVFIN		Fin	Past	3	S	Ind		
14009001	7	der	DET	ART					S		Acc	M
14009001	8	Ruf	NOUN	NN					S		Nom	M
14009001	9	Salomos	PROPN	NE					S		Nom	
14009001	10	und	CCONJ	KON								
14009001	11	sie	PRON	PPER				3	P		Nom	
14009001	12	kommen	VERB	VVFIN		Fin	Past	3	S	Ind		
14009001	13	nach	ADP	APPR								
14009001	14	Jerusalem	PROPN	NE					S		Nom	N
14009001	15	um	ADP	APPR								
14009001	16	Salomo	PROPN	NE					S		Nom	M
14009001	17	mit	ADP	APPR								
14009001	18	Rätseln	NOUN	NN					S		Nom	N
14009001	19	zu	ADP	PTKVZ								
14009001	20	versuchen	VERB	VVINF		Inf						
14009001	21	mit	ADP	APPR								
14009001	22	ein	DET	ART					S		Dat	M
14009001	23	sehr	ADV	ADV								
14009001	24	groß	ADJ	ADJA	Pos				S		Acc	M
14009001	25	Zug	NOUN	NN					S		Nom	M
14009001	26	und	CCONJ	KON								
14009001	27	mit	ADP	APPR								
14009001	28	Kamele	NOUN	NN					P		Dat	M
14009001	29	der	DET	ART					S		Nom	F
14009001	30	Gewürz	NOUN	NN					P		Nom	N
14009001	31	und	CCONJ	KON								
14009001	32	Gold	NOUN	NN					S		Nom	N
14009001	33	tragen	VERB	VVFIN		Fin	Past	3	P	Ind		
14009001	34	in	ADP	APPR								
14009001	35	Menge	NOUN	NN					S		Nom	F
14009001	36	und	CCONJ	KON								
14009001	37	Edelstein	NOUN	NN					P		Nom	M
14009001	38	und	CCONJ	KON								
14009001	39	sie	PRON	PPER				3	P		Nom	
14009001	40	kommen	VERB	VVFIN		Fin	Past	3	S	Ind		
14009001	41	zu	ADP	PTKVZ								
14009001	42	Salomo	PROPN	NE					S		Nom	M
14009001	43	und	CCONJ	KON								
14009001	44	reden	VERB	VVFIN		Fin	Past	3	S	Ind		
14009001	45	mit	ADP	APPR								
14009001	46	ihm	PRON	PPER				3	S		Dat	M
14009001	47	alle	PRON	PIS					S		Nom	N
14009001	48	was	PRON	PWS					S		Nom	N
14009001	49	in	ADP	APPR								
14009001	50	ihr	DET	PPOSAT					S		Dat	N
14009001	51	Herz	NOUN	NN					S		Nom	N
14009001	52	sein	AUX	VAFIN		Fin	Past	3	S	Ind		
14009002	1	und	CCONJ	KON								
14009002	2	Salomo	PROPN	NE					S		Nom	M
14009002	3	erklären	VERB	VVFIN		Fin	Past	3	S	Ind		
14009002	4	ihr	PRON	PPOSAT				3	S		Dat	F
14009002	5	alle	PRON	PIS					S		Nom	N
14009002	6	um	ADP	APPR								
14009002	7	was	PRON	PWS					S		Nom	N
14009002	8	sie	PRON	PPER				3	P		Nom	
14009002	9	fragen	VERB	VVFIN		Fin	Past	3	S	Ind		
14009002	10	und	CCONJ	KON								
14009002	11	kein	DET	PIAT					S		Nom	F
14009002	12	Sache	NOUN	NN					S		Nom	F
14009002	13	sein	AUX	VAFIN		Fin	Past	3	S	Ind		
14009002	14	vor	ADP	APPR								
14009002	15	Salomo	PROPN	NE					S		Nom	M
14009002	16	verbergen	VERB	VVPP		Part						
14009002	17	der	DET	ART					S		Nom	F
14009002	18	er	PRON	PPER				3	S		Nom	M
14009002	19	ihr	PRON	PPOSAT				3	S		Dat	F
14009002	20	nicht	PART	PTKNEG								
14009002	21	erklären	VERB	VVFIN		Fin	Pres	3	S	Ind		
14009002	22	haben	AUX	VAFIN		Fin	Past	3	S	Sub		
14009003	1	und	CCONJ	KON								
14009003	2	als	ADP	KOKOM								
14009003	3	der	DET	ART					S		Nom	F
14009003	4	Königin	NOUN	NN					S		Nom	F
14009003	5	von	ADP	APPR								
14009003	6	Scheba	PROPN	NE					S		Nom	N
14009003	7	der	DET	ART					S		Nom	F
14009003	8	Weisheit	NOUN	NN					S		Nom	F
14009003	9	Salomos	PROPN	NE					S		Nom	
14009003	10	sehen	VERB	VVFIN		Fin	Past	3	S	Ind		
14009003	11	und	CCONJ	KON								
14009003	12	der	DET	ART					S		Nom	N
14009003	13	Haus	NOUN	NN					S		Nom	N
14009003	14	der	DET	ART					S		Nom	N
14009003	15	er	PRON	PPER				3	S		Nom	M
14009003	16	bauen	VERB	VVPP		Part						
14009003	17	haben	AUX	VAFIN		Fin	Past	3	S	Ind		
14009004	1	und	CCONJ	KON								
14009004	2	der	DET	ART					S		Nom	F
14009004	3	Speise	NOUN	NN					S		Nom	F
14009004	4	sein	DET	PPOSAT					S		Gen	M
14009004	5	Tisches	NOUN	NN					S		Nom	N
14009004	6	und	CCONJ	KON								
14009004	7	der	DET	ART					S		Nom	N
14009004	8	Sitz	NOUN	NN					P		Dat	M
14009004	9	sein	DET	PPOSAT					S		Dat	F
14009004	10	Knecht	NOUN	NN					P		Nom	M
14009004	11	und	CCONJ	KON								
14009004	12	der	DET	ART					S		Nom	N
14009004	13	Aufwart	NOUN	NN					P		Nom	F
14009004	14	sein	DET	PPOSAT					S		Dat	F
14009004	15	Diener	NOUN	NN					P		Nom	M
14009004	16	und	CCONJ	KON								
14009004	17	ihr	DET	PPOSAT					S		Nom	F
14009004	18	Kleidung	NOUN	NN					S		Nom	F
14009004	19	und	CCONJ	KON								
14009004	20	sein	DET	PPOSAT					S		Nom	F
14009004	21	Mundschenke	NOUN	NN					P		Nom	F
14009004	22	und	CCONJ	KON								
14009004	23	ihr	DET	PPOSAT					S		Nom	F
14009004	24	Kleidung	NOUN	NN					S		Nom	F
14009004	25	und	CCONJ	KON								
14009004	26	sein	DET	PPOSAT					S		Acc	M
14009004	27	Aufgang	NOUN	NN					S		Nom	M
14009004	28	auf	ADP	PTKVZ								
14009004	29	welcher	DET	PWAT					S		Dat	N
14009004	30	er	PRON	PPER				3	S		Nom	M
14009004	31	in	ADP	APPR								
14009004	32	der	DET	ART					S		Nom	N
14009004	33	Haus	NOUN	NN					S		Nom	N
14009004	34	Jahwe	PROPN	NE					S		Gen	
14009004	35	Hinaufging	PROPN	NE					S		Nom	N
14009004	36	da	ADV	ADV								
14009004	37	geraten	VERB	VVFIN		Fin	Past	3	S	Ind		
14009004	38	sie	PRON	PPER				3	P		Nom	
14009004	39	außer	ADP	APPR								
14009004	40	sich	PRON	PRF				3	S		Acc	
14009005	1	und	CCONJ	KON								
14009005	2	sprechen	VERB	VVFIN		Fin	Past	3	S	Ind		
14009005	3	zu	ADP	PTKVZ								
14009005	4	der	DET	ART					S		Dat	M
14009005	5	König	NOUN	NN					S		Nom	M
14009005	6	der	DET	ART					S		Nom	N
14009005	7	Wort	NOUN	NN					S		Nom	N
14009005	8	sein	AUX	VAFIN		Fin	Pres	3	S	Ind		
14009005	9	Wahrheit	NOUN	NN					S		Nom	F
14009005	10	sein	AUX	VAPP		Part						
14009005	11	der	DET	ART					S		Nom	N
14009005	12	ich	PRON	PPER				1	S		Nom	
14009005	13	in	ADP	APPR								
14009005	14	mein	DET	PPOSAT					S		Dat	M
14009005	15	Land	NOUN	NN					P		Nom	N
14009005	16	über	ADP	APPR								
14009005	17	dein	DET	PPOSAT					S		Nom	F
14009005	18	Sache	NOUN	NN					P		Nom	F
14009005	19	und	CCONJ	KON								
14009005	20	über	ADP	APPR								
14009005	21	dein	DET	PPOSAT					S		Nom	F
14009005	22	Weisheit	NOUN	NN					S		Nom	F
14009005	23	gehören	VERB	VVFIN		Fin	Pres	3	S	Ind		
14009005	24	haben	AUX	VAFIN		Fin	Pres	3	S	Sub		
14009006	1	und	CCONJ	KON								
14009006	2	ich	PRON	PPER				1	S		Nom	
14009006	3	haben	AUX	VAFIN		Fin	Pres	3	S	Sub		
14009006	4	ihr	DET	PPOSAT					S		Acc	M
14009006	5	Wort	NOUN	NN					P		Dat	N
14009006	6	nicht	PART	PTKNEG								
14009006	7	glauben	VERB	VVPP		Part						
14009006	8	bis	CCONJ	KON								
14009006	9	ich	PRON	PPER				1	S		Nom	
14009006	10	kommen	VERB	VVPP		Part						
14009006	11	sein	AUX	VAFIN		Fin	Pres	1	S	Ind		
14009006	12	und	CCONJ	KON								
14009006	13	mein	DET	PPOSAT					S		Nom	F
14009006	14	Auge	NOUN	NN					P		Nom	N
14009006	15	es	PRON	PPER				3	S		Nom	N
14009006	16	sehen	VERB	VVPP		Part						
14009006	17	haben	AUX	VAFIN		Fin	Pres	3	P	Ind		
14009006	18	und	CCONJ	KON								
14009006	19	sehen	VERB	VVIMP				2	S	Imp		
14009006	20	nicht	PART	PTKNEG								
14009006	21	der	DET	ART					S		Nom	F
14009006	22	Hälfte	NOUN	NN					S		Nom	F
14009006	23	sein	AUX	VAFIN		Fin	Pres	3	S	Ind		
14009006	24	mir	PRON	PPER				1	S		Dat	
14009006	25	berichten	VERB	VVFIN		Fin	Pres	3	S	Ind		
14009006	26	werden	AUX	VAPP		Part						
14009006	27	von	ADP	APPR								
14009006	28	der	DET	ART					S		Nom	M
14009006	29	Größe	NOUN	NN					S		Nom	F
14009006	30	dein	DET	PPOSAT					S		Dat	F
14009006	31	Weisheit	NOUN	NN					S		Nom	F
14009006	32	du	PRON	PPER				2	S		Nom	
14009006	33	übertriffst	ADV	ADJD	Pos							
14009006	34	der	DET	ART					S		Nom	N
14009006	35	Gerücht	NOUN	NN					S		Nom	N
14009006	36	der	DET	ART					S		Nom	N
14009006	37	ich	PRON	PPER				1	S		Nom	
14009006	38	gehören	VERB	VVFIN		Fin	Pres	3	S	Ind		
14009006	39	haben	AUX	VAFIN		Fin	Pres	3	S	Sub		
14009007	1	glückselig	ADV	ADJD	Pos							
14009007	2	sein	AUX	VAFIN		Fin	Pres	3	P	Ind		
14009007	3	dein	DET	PPOSAT					S		Nom	F
14009007	4	Leute	NOUN	NN					P		Nom	
14009007	5	und	CCONJ	KON								
14009007	6	glückselig	ADV	ADJD	Pos							
14009007	7	dieser	DET	PDAT					S		Nom	F
14009007	8	dein	DET	PPOSAT					S		Nom	F
14009007	9	Knecht	NOUN	NN					P		Nom	M
14009007	10	der	DET	ART					S		Nom	F
14009007	11	beständig	ADV	ADJD	Pos							
14009007	12	vor	ADP	APPR								
14009007	13	dir	PRON	PPER				2	S		Dat	
14009007	14	stehen	VERB	VVFIN		Fin	Pres	3	P	Ind		
14009007	15	und	CCONJ	KON								
14009007	16	dein	DET	PPOSAT					S		Nom	F
14009007	17	Weisheit	NOUN	NN					S		Nom	F
14009007	18	hören	VERB	VVINF		Inf						
14009008	1	Gepriesen	ADV	ADJD	Pos							
14009008	2	sein	AUX	VAFIN		Fin	Pres	3	S	Sub		
14009008	3	Jahwe	NOUN	NN					S		Nom	M
14009008	4	dein	DET	PPER					S		Nom	N
14009008	5	Gott	NOUN	NN					S		Nom	M
14009008	6	der	DET	ART					S		Nom	M
14009008	7	Gefallen	NOUN	NN					S		Acc	M
14009008	8	an	ADP	PTKVZ								
14009008	9	dir	PRON	PPER				2	S		Dat	
14009008	10	haben	VERB	VAPP		Part						
14009008	11	haben	AUX	VAFIN		Fin	Pres	3	S	Ind		
14009008	12	dich	PRON	PPER				2	S		Acc	
14009008	13	auf	ADP	PTKVZ								
14009008	14	sein	DET	PPOSAT					S		Acc	M
14009008	15	Thron	NOUN	NN					S		Nom	M
14009008	16	zu	ADP	PTKVZ								
14009008	17	setzen	VERB	VVINF		Fin	Pres	3	P	Ind		
14009008	18	als	ADP	KOKOM								
14009008	19	König	NOUN	NN					S		Nom	M
14009008	20	für	ADP	APPR								
14009008	21	Jahwe	NOUN	NN					S		Nom	M
14009008	22	dein	DET	PPOSAT					S		Acc	M
14009008	23	Gott	NOUN	NN					S		Nom	M
14009008	24	weil	SCONJ	KOUS								
14009008	25	dein	DET	PPER					S		Nom	N
14009008	26	Gott	NOUN	NN					S		Nom	M
14009008	27	Israel	PROPN	NE					S		Nom	N
14009008	28	lieben	VERB	VVFIN		Fin	Pres	3	S	Ind		
14009008	29	um	ADP	APPR								
14009008	30	es	PRON	PPER				3	S		Nom	N
14009008	31	ewiglich	ADV	ADJD	Pos							
14009008	32	bestehen	VERB	VVFIN		Fin	Pres	3	P	Ind		
14009008	33	zu	ADP	PTKVZ								
14009008	34	lassen	VERB	VVINF		Fin	Pres	3	P	Ind		
14009008	35	so	ADV	ADV								
14009008	36	haben	AUX	VAFIN		Fin	Pres	3	S	Ind		
14009008	37	er	PRON	PPER				3	S		Nom	M
14009008	38	dich	PRON	PPER				2	S		Acc	
14009008	39	zu	ADP	APPRART					S		Dat	N
14009008	40	König	NOUN	NN					S		Nom	M
14009008	41	über	ADP	APPR								
14009008	42	sie	PRON	PPER				3	P		Nom	
14009008	43	setzen	VERB	VVPP		Part						
14009008	44	um	ADP	APPR								
14009008	45	Recht	NOUN	NN					S		Nom	N
14009008	46	und	CCONJ	KON								
14009008	47	Gerechtigkeit	NOUN	NN					S		Nom	F
14009008	48	zu	ADP	PTKVZ								
14009008	49	üben	VERB	VVINF		Inf						
14009009	1	und	CCONJ	KON								
14009009	2	sie	PRON	PPER				3	P		Nom	
14009009	3	geben	VERB	VVFIN		Fin	Past	3	S	Ind		
14009009	4	der	DET	ART					S		Dat	M
14009009	5	König	NOUN	NN					S		Nom	M
14009009	6	120	NUM	CARD								
14009009	7	Talent	NOUN	NN					P		Nom	N
14009009	8	Gold	NOUN	NN					S		Nom	N
14009009	9	und	CCONJ	KON								
14009009	10	Gewürz	NOUN	NN					P		Nom	N
14009009	11	in	ADP	APPR								
14009009	12	groß	ADJ	ADJA	Pos				S		Nom	M
14009009	13	Menge	NOUN	NN					S		Nom	F
14009009	14	und	CCONJ	KON								
14009009	15	Edelstein	NOUN	NN					P		Nom	M
14009009	16	und	CCONJ	KON								
14009009	17	nie	ADV	ADV								
14009009	18	sein	AUX	VAFIN		Fin	Pres	3	S	Ind		
14009009	19	dergleichen	PRON	PIS					S		Nom	M
14009009	20	Gewürz	NOUN	NN					S		Nom	N
14009009	21	sein	AUX	VAPP		Part						
14009009	22	wie	ADP	KOKOM								
14009009	23	dieser	DET	PDAT					S		Nom	N
14009009	24	welcher	DET	PWAT					S		Acc	N
14009009	25	der	DET	ART					S		Nom	F
14009009	26	Königin	NOUN	NN					S		Nom	F
14009009	27	von	ADP	APPR								
14009009	28	Scheba	PROPN	NE					S		Nom	N
14009009	29	der	DET	ART					S		Dat	M
14009009	30	König	NOUN	NN					S		Nom	M
14009009	31	Salomo	PROPN	NE					S		Nom	M
14009009	32	geben	VERB	VVFIN		Fin	Past	3	S	Ind		
14009010	1	und	CCONJ	KON								
14009010	2	auch	ADV	ADV								
14009010	3	der	DET	ART					S		Nom	F
14009010	4	Knecht	NOUN	NN					P		Nom	M
14009010	5	Huram	PROPN	NE					S		Gen	
14009010	6	und	CCONJ	KON								
14009010	7	der	DET	ART					S		Nom	F
14009010	8	Knecht	NOUN	NN					P		Nom	M
14009010	9	Salomos	PROPN	NE					S		Nom	
14009010	10	welcher	DET	PWAT					S		Nom	F
14009010	11	Gold	NOUN	NN					S		Nom	N
14009010	12	aus	ADP	PTKVZ								
14009010	13	Ophir	PROPN	NE					S		Nom	
14009010	14	holen	VERB	VVFIN		Fin	Past	3	P	Ind		
14009010	15	bringen	VERB	VVFIN		Fin	Past	3	P	Ind		
14009010	16	Sandelholz	NOUN	NN					S		Nom	N
14009010	17	und	CCONJ	KON								
14009010	18	Edelstein	NOUN	NN					P		Nom	M
14009011	1	und	CCONJ	KON								
14009011	2	der	DET	ART					S		Nom	M
14009011	3	König	NOUN	NN					S		Nom	M
14009011	4	machen	VERB	VVFIN		Fin	Past	3	S	Ind		
14009011	5	von	ADP	APPR								
14009011	6	der	DET	ART					S		Dat	M
14009011	7	Sandelholz	NOUN	NN					S		Nom	N
14009011	8	Stiege	NOUN	NN					P		Nom	F
14009011	9	für	ADP	APPR								
14009011	10	der	DET	ART					S		Nom	N
14009011	11	Haus	NOUN	NN					S		Nom	N
14009011	12	Jahwe	PROPN	NE					S		Gen	
14009011	13	und	CCONJ	KON								
14009011	14	für	ADP	APPR								
14009011	15	der	DET	ART					S		Nom	N
14009011	16	Haus	NOUN	NN					S		Nom	N
14009011	17	der	DET	ART					S		Gen	M
14009011	18	König	PROPN	NE					S		Nom	
14009011	19	und	CCONJ	KON								
14009011	20	Laut	NOUN	NN					S		Nom	N
14009011	21	und	CCONJ	KON								
14009011	22	Harfe	NOUN	NN					P		Nom	F
14009011	23	für	ADP	APPR								
14009011	24	der	DET	ART					S		Nom	F
14009011	25	Sänger	NOUN	NN					P		Nom	M
14009011	26	und	CCONJ	KON								
14009011	27	desgleichen	ADV	PROAV								
14009011	28	sein	AUX	VAFIN		Fin	Pres	3	S	Ind		
14009011	29	vordem	ADV	PROAV								
14009011	30	nicht	PART	PTKNEG								
14009011	31	sehen	VERB	VVPP		Part						
14009011	32	werden	AUX	VAPP		Part						
14009011	33	in	ADP	APPRART					S		Dat	N
14009011	34	Land	NOUN	NN					P		Nom	N
14009011	35	Juda	PROPN	NE					S		Nom	M
14009012	1	und	CCONJ	KON								
14009012	2	der	DET	ART					S		Nom	M
14009012	3	König	NOUN	NN					S		Nom	M
14009012	4	Salomo	PROPN	NE					S		Nom	M
14009012	5	geben	VERB	VVFIN		Fin	Past	3	S	Ind		
14009012	6	der	DET	ART					S		Nom	M
14009012	7	Königin	NOUN	NN					S		Nom	F
14009012	8	von	ADP	APPR								
14009012	9	Scheba	PROPN	NE					S		Nom	N
14009012	10	all	DET	PIAT								
14009012	11	ihr	PRON	PPOSAT				3	S		Dat	F
14009012	12	Begehr	NOUN	NN					S		Nom	N
14009012	13	der	DET	ART					S		Nom	N
14009012	14	sie	PRON	PPER				3	P		Nom	
14009012	15	verlangen	VERB	VVFIN		Fin	Past	3	S	Ind		
14009012	16	außer	ADP	APPR								
14009012	17	der	DET	ART					S		Dat	M
14009012	18	Gegengeschenk	NOUN	NN					S		Nom	N
14009012	19	für	ADP	APPR								
14009012	20	der	DET	ART					S		Nom	N
14009012	21	was	PRON	PWS					S		Nom	N
14009012	22	sie	PRON	PPER				3	P		Nom	
14009012	23	der	DET	ART					S		Dat	M
14009012	24	König	NOUN	NN					S		Nom	M
14009012	25	bringen	VERB	VVPP		Part						
14009012	26	haben	AUX	VAFIN		Fin	Past	3	S	Ind		
14009012	27	und	CCONJ	KON								
14009012	28	sie	PRON	PPER				3	P		Nom	
14009012	29	wenden	VERB	VVFIN		Fin	Past	3	S	Ind		
14009012	30	sich	PRON	PRF				3	S		Acc	
14009012	31	und	CCONJ	KON								
14009012	32	ziehen	VERB	VVFIN		Fin	Past	3	S	Ind		
14009012	33	in	ADP	APPR								
14009012	34	ihr	PRON	PPOSAT				3	S		Dat	F
14009012	35	Land	NOUN	NN					S		Nom	N
14009012	36	sie	PRON	PPER				3	P		Nom	
14009012	37	und	CCONJ	KON								
14009012	38	ihr	DET	PPOSAT					S		Nom	F
14009012	39	Knecht	NOUN	NN					P		Nom	M
14009013	1	und	CCONJ	KON								
14009013	2	der	DET	ART					S		Nom	N
14009013	3	Gewicht	NOUN	NN					S		Nom	N
14009013	4	der	DET	ART					S		Gen	M
14009013	5	Gold	NOUN	NN					S		Nom	N
14009013	6	welcher	DET	PWAT					S		Acc	N
14009013	7	der	DET	ART					S		Dat	M
14009013	8	Salomo	PROPN	NE					S		Nom	M
14009013	9	in	ADP	APPR								
14009013	10	ein	DET	ART					S		Dat	M
14009013	11	Jahr	NOUN	NN					P		Nom	N
14009013	12	einkam	VERB	VVFIN		Fin	Past	3	S	Ind		
14009013	13	sein	AUX	VAFIN		Fin	Past	3	S	Ind		
14009013	14	666	NUM	CARD								
14009013	15	Talent	NOUN	NN					P		Nom	N
14009013	16	Gold	NOUN	NN					S		Nom	N
14009014	1	außer	ADP	APPR								
14009014	2	der	DET	ART					S		Dat	M
14009014	3	was	PRON	PWS					S		Nom	N
14009014	4	der	DET	ART					S		Nom	F
14009014	5	Krämer	PROPN	NE					S		Nom	
14009014	6	und	CCONJ	KON								
14009014	7	der	DET	ART					S		Nom	F
14009014	8	Handelsleute	NOUN	NN					P		Nom	
14009014	9	bringen	VERB	VVFIN		Fin	Past	3	P	Ind		
14009014	10	und	CCONJ	KON								
14009014	11	aller	PRON	PIS					P		Nom	
14009014	12	König	NOUN	NN					P		Nom	M
14009014	13	von	ADP	APPR								
14009014	14	Arabien	PROPN	NE					S		Nom	N
14009014	15	und	CCONJ	KON								
14009014	16	der	DET	ART					S		Nom	F
14009014	17	Statthalter	NOUN	NN					S		Nom	M
14009014	18	der	DET	ART					S		Gen	M
14009014	19	Land	NOUN	NN					S		Gen	N
14009014	20	bringen	VERB	VVFIN		Fin	Past	3	P	Ind		
14009014	21	der	DET	ART					S		Dat	M
14009014	22	Salomo	PROPN	NE					S		Nom	M
14009014	23	Gold	NOUN	NN					S		Nom	N
14009014	24	und	CCONJ	KON								
14009014	25	Silber	NOUN	NN					S		Nom	N
14009015	1	und	CCONJ	KON								
14009015	2	der	DET	ART					S		Nom	M
14009015	3	König	NOUN	NN					S		Nom	M
14009015	4	Salomo	PROPN	NE					S		Nom	M
14009015	5	machen	VERB	VVFIN		Fin	Past	3	S	Ind		
14009015	6	zweihundert	NUM	CARD								
14009015	7	Schild	NOUN	NN					P		Nom	N
14009015	8	von	ADP	APPR								
14009015	9	getriebenem	PROPN	NE					S		Nom	N
14009015	10	Golde	NOUN	NN					S		Nom	N
14009015	11	sechshundert	NUM	CARD								
14009015	12	sekel	NOUN	NN					S		Nom	M
14009015	13	getrieben	ADJ	ADJA	Pos				S		Nom	N
14009015	14	Gold	NOUN	NN					S		Nom	N
14009015	15	ziehen	VERB	VVFIN		Fin	Past	3	S	Ind		
14009015	16	er	PRON	PPER				3	S		Nom	M
14009015	17	über	ADP	APPR								
14009015	18	jeder	DET	PIS					S		Acc	M
14009015	19	Schild	NOUN	NN					S		Nom	N
14009016	1	und	CCONJ	KON								
14009016	2	dreihundert	NUM	CARD								
14009016	3	Tartschen	NOUN	NN					S		Nom	N
14009016	4	von	ADP	APPR								
14009016	5	getriebenem	PROPN	NE					S		Nom	N
14009016	6	Golde	NOUN	NN					S		Nom	N
14009016	7	dreihundert	NUM	CARD								
14009016	8	sekel	NOUN	NN					S		Nom	M
14009016	9	Gold	NOUN	NN					S		Nom	N
14009016	10	ziehen	VERB	VVFIN		Fin	Past	3	S	Ind		
14009016	11	er	PRON	PPER				3	S		Nom	M
14009016	12	über	ADP	APPR								
14009016	13	jeder	DET	PIAT					S		Nom	F
14009016	14	Tartsch	NOUN	NN					P		Nom	N
14009016	15	und	CCONJ	KON								
14009016	16	der	DET	ART					S		Nom	M
14009016	17	König	NOUN	NN					S		Nom	M
14009016	18	tun	VERB	VVFIN		Fin	Past	3	S	Ind		
14009016	19	sie	PRON	PPER				3	P		Nom	
14009016	20	in	ADP	APPR								
14009016	21	der	DET	ART					S		Nom	N
14009016	22	Haus	NOUN	NN					S		Nom	N
14009016	23	der	DET	ART					S		Gen	M
14009016	24	Wald	NOUN	NN					P		Nom	M
14009016	25	Libanon	PROPN	NE					S		Nom	M
14009017	1	und	CCONJ	KON								
14009017	2	der	DET	ART					S		Nom	M
14009017	3	König	NOUN	NN					S		Nom	M
14009017	4	machen	VERB	VVFIN		Fin	Past	3	S	Ind		
14009017	5	ein	DET	ART					S		Acc	M
14009017	6	groß	ADJ	ADJA	Pos				S		Acc	M
14009017	7	Thron	NOUN	NN					S		Nom	M
14009017	8	von	ADP	APPR								
14009017	9	Elfenbein	NOUN	NE					S		Nom	N
14009017	10	und	CCONJ	KON								
14009017	11	überziehen	VERB	VVFIN		Fin	Past	3	S	Ind		
14009017	12	ihn	PRON	PPER				3	S		Acc	M
14009017	13	mit	ADP	APPR								
14009017	14	rein	PRON	VVPP					S		Dat	M
14009017	15	Golde	NOUN	NN					S		Nom	N
14009018	1	und	CCONJ	KON								
14009018	2	sechs	NUM	CARD								
14009018	3	Stufe	NOUN	NN					P		Nom	F
14009018	4	sein	AUX	VAFIN		Fin	Past	3	P	Ind		
14009018	5	an	ADP	PTKVZ								
14009018	6	der	DET	ART					S		Dat	M
14009018	7	Throne	NOUN	NN					S		Nom	F
14009018	8	und	CCONJ	KON								
14009018	9	ein	DET	ART					S		Nom	N
14009018	10	golden	ADJ	ADJA	Pos				S		Nom	M
14009018	11	Fußschemel	NOUN	NN					S		Nom	M
14009018	12	der	DET	ART					S		Nom	F
14009018	13	an	ADP	PTKVZ								
14009018	14	der	DET	ART					S		Dat	M
14009018	15	Throne	NOUN	NN					S		Nom	F
14009018	16	befestigen	VERB	VVPP		Part						
14009018	17	sein	AUX	VAFIN		Fin	Past	3	P	Ind		
14009018	18	und	CCONJ	KON								
14009018	19	Armlehnen	NOUN	NN					P		Nom	F
14009018	20	sein	AUX	VAFIN		Fin	Past	3	P	Ind		
14009018	21	auf	ADP	PTKVZ								
14009018	22	dieser	PRON	PDAT					S		Nom	M
14009018	23	und	CCONJ	KON								
14009018	24	auf	ADP	PTKVZ								
14009018	25	jener	DET	PDAT					S		Nom	M
14009018	26	Seite	NOUN	NN					S		Nom	F
14009018	27	an	ADP	PTKVZ								
14009018	28	der	DET	ART					S		Nom	M
14009018	29	Stelle	NOUN	NN					S		Nom	F
14009018	30	der	DET	ART					S		Gen	M
14009018	31	Sitze	NOUN	NN					S		Gen	M
14009018	32	und	CCONJ	KON								
14009018	33	zwei	NUM	CARD								
14009018	34	Löwe	NOUN	NN					S		Nom	M
14009018	35	stehen	VERB	VVFIN		Fin	Past	3	P	Ind		
14009018	36	neben	ADP	APPR								
14009018	37	der	DET	ART					S		Acc	M
14009018	38	Armlehnen	NOUN	NN					P		Nom	F
14009019	1	und	CCONJ	KON								
14009019	2	zwölf	NUM	CARD								
14009019	3	Löwe	NOUN	NN					S		Nom	M
14009019	4	stehen	VERB	VVFIN		Fin	Past	3	P	Ind		
14009019	5	da	ADV	ADV								
14009019	6	auf	ADP	PTKVZ								
14009019	7	der	DET	ART					S		Acc	M
14009019	8	sechs	NUM	CARD								
14009019	9	Stufe	NOUN	NN					P		Nom	F
14009019	10	auf	ADP	PTKVZ								
14009019	11	dieser	PRON	PDAT					S		Nom	M
14009019	12	und	CCONJ	KON								
14009019	13	auf	ADP	PTKVZ								
14009019	14	jener	DET	PDAT					S		Nom	M
14009019	15	Seite	NOUN	NN					S		Nom	F
14009019	16	desgleichen	NOUN	NN					P		Nom	
14009019	17	sein	AUX	VAFIN		Fin	Pres	3	S	Ind		
14009019	18	nicht	PART	PTKNEG								
14009019	19	machen	VERB	VVPP		Part						
14009019	20	werden	AUX	VAPP		Part						
14009019	21	in	ADP	APPR								
14009019	22	irgend	ADV	ADV								
14009019	23	ein	DET	ART					S		Dat	M
14009019	24	Königreich	NOUN	NN					P		Nom	N
14009020	1	und	CCONJ	KON								
14009020	2	aller	PRON	PIS					P		Nom	
14009020	3	Trinkgefäß	NOUN	NN					P		Nom	N
14009020	4	der	DET	ART					S		Gen	M
14009020	5	König	PROPN	NE					S		Nom	
14009020	6	Salomo	PROPN	NE					S		Nom	M
14009020	7	sein	AUX	VAFIN		Fin	Past	3	P	Ind		
14009020	8	von	ADP	APPR								
14009020	9	Gold	NOUN	NN					S		Nom	N
14009020	10	und	CCONJ	KON								
14009020	11	aller	PRON	PIS					P		Nom	
14009020	12	Gerät	NOUN	NN					P		Nom	N
14009020	13	der	DET	ART					S		Gen	M
14009020	14	Haus	NOUN	NN					S		Gen	N
14009020	15	der	DET	ART					S		Gen	M
14009020	16	Wald	NOUN	NN					P		Nom	M
14009020	17	Libanon	PROPN	NE					S		Nom	M
14009020	18	sein	AUX	VAFIN		Fin	Past	3	P	Ind		
14009020	19	von	ADP	APPR								
14009020	20	Geläutertem	ADJ	ADJA	Pos				S		Nom	N
14009020	21	Golde	NOUN	NN					S		Nom	N
14009020	22	der	DET	ART					S		Nom	N
14009020	23	Silber	NOUN	NN					S		Nom	N
14009020	24	werden	AUX	VAFIN		Fin	Past	3	S	Ind		
14009020	25	für	ADP	APPR								
14009020	26	nichts	PRON	PIS								N
14009020	27	achten	VERB	VVPP		Part						
14009020	28	in	ADP	APPR								
14009020	29	der	DET	ART					S		Acc	M
14009020	30	Tag	NOUN	NN					P		Dat	M
14009020	31	Salomos	PROPN	NE					S		Nom	
14009021	1	denn	CCONJ	KON								
14009021	2	der	DET	ART					S		Nom	F
14009021	3	Schiff	NOUN	NN					P		Nom	N
14009021	4	der	DET	ART					S		Gen	M
14009021	5	König	PROPN	NE					S		Nom	
14009021	6	fahren	VERB	VVFIN		Fin	Past	3	P	Ind		
14009021	7	nach	ADP	APPR								
14009021	8	Tarsis	NOUN	NN					S		Nom	F
14009021	9	mit	ADP	APPR								
14009021	10	der	DET	ART					S		Acc	M
14009021	11	knechte	NOUN	NN					P		Nom	M
14009021	12	Huram	PROPN	NE					S		Gen	
14009021	13	einmal	ADV	ADV								
14009021	14	in	ADP	APPR								
14009021	15	drei	NUM	CARD								
14009021	16	Jahr	NOUN	NN					P		Dat	N
14009021	17	kommen	VERB	VVFIN		Fin	Past	3	P	Ind		
14009021	18	Tarsisschiffe	NOUN	NN					S		Nom	N
14009021	19	beladen	VERB	VVPP		Part						
14009021	20	mit	ADP	APPR								
14009021	21	Gold	NOUN	NN					S		Nom	N
14009021	22	und	CCONJ	KON								
14009021	23	Silber	NOUN	NN					S		Nom	N
14009021	24	Elfenbein	NOUN	NE					S		Nom	N
14009021	25	und	CCONJ	KON								
14009021	26	Affen	NOUN	NN					P		Nom	M
14009021	27	und	CCONJ	KON								
14009021	28	Pfauen	NOUN	NN					S		Nom	N
14009022	1	und	CCONJ	KON								
14009022	2	der	DET	ART					S		Nom	M
14009022	3	König	NOUN	NN					S		Nom	M
14009022	4	Salomo	PROPN	NE					S		Nom	M
14009022	5	sein	AUX	VAFIN		Fin	Past	3	S	Ind		
14009022	6	groß	ADV	ADJD	Cmp							
14009022	7	als	ADP	KOKOM								
14009022	8	aller	PRON	PIS					P		Nom	
14009022	9	König	NOUN	NN					P		Nom	M
14009022	10	der	DET	ART					S		Nom	M
14009022	11	Erde	NOUN	NN					S		Nom	F
14009022	12	an	ADP	PTKVZ								
14009022	13	Reichtum	NOUN	NN					S		Nom	M
14009022	14	und	CCONJ	KON								
14009022	15	Weisheit	NOUN	NN					S		Nom	F
14009023	1	und	CCONJ	KON								
14009023	2	aller	PRON	PIS					P		Nom	
14009023	3	König	NOUN	NN					P		Nom	M
14009023	4	der	DET	ART					S		Nom	M
14009023	5	Erde	NOUN	NN					S		Nom	F
14009023	6	suchen	VERB	VVFIN		Fin	Past	3	P	Ind		
14009023	7	der	DET	ART					S		Nom	N
14009023	8	Angesicht	NOUN	NN					S		Nom	F
14009023	9	Salomos	PROPN	NE					S		Nom	
14009023	10	um	ADP	APPR								
14009023	11	sein	DET	PPOSAT					S		Nom	F
14009023	12	Weisheit	NOUN	NN					S		Nom	F
14009023	13	zu	ADP	PTKVZ								
14009023	14	hören	VERB	VVINF		Inf						
14009023	15	der	DET	ART					S		Nom	F
14009023	16	Gott	NOUN	NN					S		Nom	M
14009023	17	in	ADP	APPR								
14009023	18	sein	AUX	VAINF		Inf						
14009023	19	Herz	NOUN	NN					S		Nom	N
14009023	20	geben	VERB	VVPP		Part						
14009023	21	haben	AUX	VAFIN		Fin	Past	3	S	Ind		
14009024	1	und	CCONJ	KON								
14009024	2	sie	PRON	PPER				3	P		Nom	
14009024	3	bringen	VERB	VVFIN		Fin	Past	3	P	Ind		
14009024	4	ein	DET	ART					S		Nom	N
14009024	5	jeder	PRON	PIS					S		Nom	M
14009024	6	sein	AUX	VAINF		Inf						
14009024	7	Geschenk	NOUN	NN					S		Nom	N
14009024	8	Gerät	NOUN	NN					P		Nom	N
14009024	9	von	ADP	APPR								
14009024	10	Silber	NOUN	NN					S		Nom	N
14009024	11	und	CCONJ	KON								
14009024	12	Gerät	NOUN	NN					P		Nom	N
14009024	13	von	ADP	APPR								
14009024	14	Gold	NOUN	NN					S		Nom	N
14009024	15	und	CCONJ	KON								
14009024	16	Gewänd	NOUN	NN					P		Nom	N
14009024	17	Waffe	NOUN	NN					P		Nom	F
14009024	18	und	CCONJ	KON								
14009024	19	Gewürz	NOUN	NN					P		Nom	N
14009024	20	Roß	NOUN	NN					P		Nom	M
14009024	21	und	CCONJ	KON								
14009024	22	Maultier	NOUN	NN					P		Acc	M
14009024	23	jährlich	ADV	ADJD	Pos							
14009024	24	der	DET	ART					S		Nom	F
14009024	25	Gebühr	NOUN	NN					S		Nom	F
14009024	26	der	DET	ART					S		Gen	M
14009024	27	Jahr	NOUN	NN					S		Gen	N
14009025	1	und	CCONJ	KON								
14009025	2	Salomo	PROPN	NE					S		Nom	M
14009025	3	haben	AUX	VAFIN		Fin	Past	3	S	Ind		
14009025	4	viertausend	NUM	CARD								
14009025	5	Stand	NOUN	NN					P		Nom	M
14009025	6	für	ADP	APPR								
14009025	7	Roß	NOUN	NN					P		Nom	M
14009025	8	und	CCONJ	KON								
14009025	9	Wagen	NOUN	NN					S		Nom	M
14009025	10	und	CCONJ	KON								
14009025	11	12000	NUM	CARD								
14009025	12	Reiter	NOUN	NN					S		Nom	M
14009025	13	und	CCONJ	KON								
14009025	14	er	PRON	PPER				3	S		Nom	M
14009025	15	verlegen	VERB	VVFIN		Fin	Past	3	S	Ind		
14009025	16	sie	PRON	PPER				3	P		Nom	
14009025	17	in	ADP	APPR								
14009025	18	der	DET	ART					S		Nom	F
14009025	19	Wagenstädte	NOUN	NN					S		Nom	F
14009025	20	und	CCONJ	KON								
14009025	21	zu	ADP	PTKVZ								
14009025	22	der	DET	ART					S		Dat	M
14009025	23	König	NOUN	NN					S		Nom	M
14009025	24	nach	ADP	APPR								
14009025	25	Jerusalem	PROPN	NE					S		Nom	N
14009026	1	und	CCONJ	KON								
14009026	2	er	PRON	PPER				3	S		Nom	M
14009026	3	sein	AUX	VAFIN		Fin	Past	3	S	Ind		
14009026	4	Herrscher	NOUN	NN					S		Nom	M
14009026	5	über	ADP	APPR								
14009026	6	aller	PRON	PIS					P		Nom	
14009026	7	König	NOUN	NN					P		Nom	M
14009026	8	von	ADP	APPR								
14009026	9	der	DET	ART					S		Dat	M
14009026	10	Strom	NOUN	NN					P		Nom	M
14009026	11	an	ADP	PTKVZ								
14009026	12	bis	CCONJ	KON								
14009026	13	zu	ADP	PTKVZ								
14009026	14	der	DET	ART					S		Dat	M
14009026	15	Land	NOUN	NN					P		Nom	N
14009026	16	der	DET	ART					S		Nom	M
14009026	17	Philister	NOUN	NN					S		Nom	M
14009026	18	und	CCONJ	KON								
14009026	19	bis	CCONJ	KON								
14009026	20	zu	ADP	PTKVZ								
14009026	21	der	DET	ART					S		Nom	M
14009026	22	Grenze	NOUN	NN					S		Nom	F
14009026	23	Ägypten	PROPN	NE					S		Gen	N
14009027	1	und	CCONJ	KON								
14009027	2	der	DET	ART					S		Nom	M
14009027	3	König	NOUN	NN					S		Nom	M
14009027	4	machen	VERB	VVFIN		Fin	Past	3	S	Ind		
14009027	5	der	DET	ART					S		Nom	N
14009027	6	Silber	NOUN	NN					S		Nom	N
14009027	7	in	ADP	APPR								
14009027	8	Jerusalem	PROPN	NE					S		Nom	N
14009027	9	der	DET	ART					S		Acc	M
14009027	10	Stein	NOUN	NN					P		Dat	M
14009027	11	gleich	ADV	ADV	Pos							
14009027	12	und	CCONJ	KON								
14009027	13	der	DET	ART					S		Nom	F
14009027	14	Cedern	NOUN	NN					S		Nom	N
14009027	15	machen	VERB	VVFIN		Fin	Past	3	S	Ind		
14009027	16	er	PRON	PPER				3	S		Nom	M
14009027	17	der	DET	ART					S		Acc	M
14009027	18	Sykomoren	NOUN	NN					S		Nom	N
14009027	19	gleich	ADV	ADV	Pos							
14009027	20	der	DET	ART					S		Nom	F
14009027	21	in	ADP	APPR								
14009027	22	der	DET	ART					S		Nom	M
14009027	23	Niederung	NOUN	NN					S		Nom	F
14009027	24	sein	AUX	VAFIN		Fin	Pres	3	P	Ind		
14009027	25	an	ADP	PTKVZ								
14009027	26	Menge	NOUN	NN					S		Nom	F
14009028	1	und	CCONJ	KON								
14009028	2	man	PRON	PIS					S		Nom	
14009028	3	führen	VERB	VVFIN		Fin	Past	3	S	Ind		
14009028	4	Roß	NOUN	NN					P		Nom	M
14009028	5	aus	ADP	PTKVZ								
14009028	6	für	ADP	APPR								
14009028	7	Salomo	PROPN	NE					S		Nom	M
14009028	8	aus	ADP	PTKVZ								
14009028	9	Ägypten	PROPN	NE					S		Nom	N
14009028	10	und	CCONJ	KON								
14009028	11	aus	ADP	PTKVZ								
14009028	12	aller	DET	PIS					P		Dat	
14009028	13	Land	NOUN	NN					P		Dat	N
14009029	1	und	CCONJ	KON								
14009029	2	der	DET	ART					S		Nom	N
14009029	3	übrige	ADJ	ADJA	Pos				P		Nom	
14009029	4	der	DET	ART					S		Nom	M
14009029	5	Geschichte	NOUN	NN					S		Nom	F
14009029	6	Salomos	PROPN	NE					S		Nom	
14009029	7	der	DET	ART					S		Nom	F
14009029	8	erster	ADJ	ADJA	Pos				S		Nom	F
14009029	9	und	CCONJ	KON								
14009029	10	der	DET	ART					S		Nom	F
14009029	11	letzter	ADJ	ADJA	Pos				S		Nom	F
14009029	12	sein	AUX	VAFIN		Fin	Pres	3	S	Ind		
14009029	13	der	DET	ART					S		Nom	N
14009029	14	nicht	PART	PTKNEG								
14009029	15	schreiben	VERB	VVPP		Part						
14009029	16	in	ADP	APPR								
14009029	17	der	DET	ART					S		Nom	M
14009029	18	Geschichte	NOUN	NN					S		Nom	F
14009029	19	Nathans	PROPN	NE					S		Nom	M
14009029	20	der	DET	ART					S		Gen	M
14009029	21	Prophet	NOUN	NN					P		Nom	M
14009029	22	und	CCONJ	KON								
14009029	23	in	ADP	APPR								
14009029	24	der	DET	ART					S		Nom	M
14009029	25	Weissagung	NOUN	NN					S		Nom	F
14009029	26	Achijas	PROPN	NE					S		Nom	
14009029	27	der	DET	ART					S		Gen	M
14009029	28	Siloniter	PROPN	NE					S		Gen	
14009029	29	und	CCONJ	KON								
14009029	30	in	ADP	APPR								
14009029	31	der	DET	ART					S		Acc	M
14009029	32	Gesichte	NOUN	NN					P		Nom	
14009029	33	Iddo	PROPN	NN					S		Gen	
14009029	34	der	DET	ART					S		Gen	M
14009029	35	Seher	PROPN	NE					S		Gen	
14009029	36	über	ADP	APPR								
14009029	37	Jerobeam	NOUN	NN					S		Nom	M
14009029	38	der	DET	ART					S		Acc	M
14009029	39	Sohn	NOUN	NN					S		Nom	M
14009029	40	Nebat	PROPN	NE					S		Gen	
14009030	1	und	CCONJ	KON								
14009030	2	Salomo	PROPN	NE					S		Nom	M
14009030	3	regieren	VERB	VVFIN		Fin	Past	3	S	Ind		
14009030	4	zu	ADP	PTKVZ								
14009030	5	Jerusalem	PROPN	NE					S		Nom	N
14009030	6	vierzig	NUM	CARD								
14009030	7	Jahr	NOUN	NN					P		Nom	N
14009030	8	über	ADP	APPR								
14009030	9	ganz	ADV	ADV								
14009030	10	Israel	PROPN	NE					S		Nom	N
14009031	1	und	CCONJ	KON								
14009031	2	Salomo	PROPN	NE					S		Nom	M
14009031	3	legen	VERB	VVFIN		Fin	Past	3	S	Ind		
14009031	4	sich	PRON	PRF				3	S		Acc	
14009031	5	zu	ADP	PTKVZ								
14009031	6	sein	DET	PPOSAT					S		Acc	M
14009031	7	Vätern	NOUN	NN					P		Dat	M
14009031	8	und	CCONJ	KON								
14009031	9	man	PRON	PIS					S		Nom	
14009031	10	begrub	VERB	VVFIN		Fin	Pres	3	S	Ind		
14009031	11	ihn	PRON	PPER				3	S		Acc	M
14009031	12	in	ADP	APPR								
14009031	13	der	DET	ART					S		Nom	M
14009031	14	Stadt	NOUN	NN					S		Nom	F
14009031	15	sein	DET	PPOSAT					S		Gen	M
14009031	16	Vater	NOUN	NN					S		Gen	M
14009031	17	David	PROPN	NE					S		Nom	M
14009031	18	und	CCONJ	KON								
14009031	19	Rehabeam	NOUN	NN					S		Nom	N
14009031	20	sein	AUX	VAINF		Inf						
14009031	21	Sohn	NOUN	NN					S		Nom	M
14009031	22	werden	VERB	VAFIN		Fin	Past	3	S	Ind		
14009031	23	König	NOUN	NN					S		Nom	M
14009031	24	an	ADP	PTKVZ								
14009031	25	sein	DET	PPOSAT					S		Dat	F
14009031	26	statt	SCONJ	KOUI								
14010001	1	und	CCONJ	KON								
14010001	2	Rehabeam	NOUN	NN					S		Nom	N
14010001	3	gehen	VERB	VVFIN		Fin	Past	3	S	Ind		
14010001	4	nach	ADP	APPR								
14010001	5	Sichem	PROPN	NE					S		Nom	M
14010001	6	denn	CCONJ	KON								
14010001	7	ganz	ADV	ADV								
14010001	8	Israel	PROPN	NE					S		Nom	N
14010001	9	sein	AUX	VAFIN		Fin	Past	3	S	Ind		
14010001	10	nach	ADP	APPR								
14010001	11	Sichem	PROPN	NE					S		Nom	M
14010001	12	kommen	VERB	VVPP		Part						
14010001	13	um	ADP	APPR								
14010001	14	ihn	PRON	PPER				3	S		Acc	M
14010001	15	zu	ADP	APPRART					S		Dat	N
14010001	16	König	NOUN	NN					S		Nom	M
14010001	17	zu	ADP	PTKVZ								
14010001	18	machen	VERB	VVINF		Inf						
14010002	1	und	CCONJ	KON								
14010002	2	es	PRON	PPER				3	S		Nom	N
14010002	3	geschehen	VERB	VVFIN		Fin	Past	3	S	Ind		
14010002	4	als	ADP	KOKOM								
14010002	5	Jerobeam	NOUN	NN					S		Nom	M
14010002	6	der	DET	ART					S		Nom	M
14010002	7	Sohn	NOUN	NN					S		Nom	M
14010002	8	Nebat	PROPN	NE					S		Gen	
14010002	9	es	PRON	PPER				3	S		Nom	N
14010002	10	hören	VERB	VVFIN		Fin	Past	3	S	Ind		
14010002	11	er	PRON	PPER				3	S		Nom	M
14010002	12	sein	AUX	VAFIN		Fin	Past	3	S	Ind		
14010002	13	aber	CCONJ	KON								
14010002	14	in	ADP	APPR								
14010002	15	Ägypten	PROPN	NE					S		Nom	N
14010002	16	wohin	ADV	PWAV								
14010002	17	er	PRON	PPER				3	S		Nom	M
14010002	18	vor	ADP	APPR								
14010002	19	der	DET	ART					S		Dat	M
14010002	20	König	NOUN	NN					S		Nom	M
14010002	21	Salomo	PROPN	NE					S		Nom	M
14010002	22	fliehen	VERB	VVPP		Part						
14010002	23	sein	AUX	VAFIN		Fin	Past	3	S	Ind		
14010002	24	da	ADV	ADV								
14010002	25	kehren	VERB	VVFIN		Fin	Past	3	S	Ind		
14010002	26	Jerobeam	NOUN	NN					S		Nom	M
14010002	27	aus	ADP	PTKVZ								
14010002	28	Ägypten	PROPN	NE					S		Nom	N
14010002	29	zurück	ADV	PTKVZ								
14010003	1	und	CCONJ	KON								
14010003	2	sie	PRON	PPER				3	P		Nom	
14010003	3	sandn	VERB	VVFIN		Fin	Past	3	P	Ind		
14010003	4	hin	ADV	ADV								
14010003	5	und	CCONJ	KON								
14010003	6	rufen	VERB	VVFIN		Fin	Past	3	P	Ind		
14010003	7	ihn	PRON	PPER				3	S		Acc	M
14010003	8	und	CCONJ	KON								
14010003	9	Jerobeam	NOUN	NN					S		Nom	M
14010003	10	und	CCONJ	KON								
14010003	11	ganz	ADV	ADV								
14010003	12	Israel	PROPN	NE					S		Nom	N
14010003	13	kommen	VERB	VVFIN		Fin	Past	3	P	Ind		
14010003	14	und	CCONJ	KON								
14010003	15	reden	VERB	VVFIN		Fin	Past	3	P	Ind		
14010003	16	zu	ADP	PTKVZ								
14010003	17	Rehabeam	NOUN	NN					S		Nom	N
14010003	18	und	CCONJ	KON								
14010003	19	sprechen	VERB	VVFIN		Fin	Past	3	P	Ind		
14010004	1	dein	PRON	PPOSAT				2	P		Nom	
14010004	2	Vater	NOUN	NN					S		Nom	M
14010004	3	haben	AUX	VAFIN		Fin	Pres	3	S	Ind		
14010004	4	unser	DET	PPOSAT					S		Nom	N
14010004	5	Joch	NOUN	NN					S		Nom	N
14010004	6	hart	ADV	ADJD	Pos							
14010004	7	machen	VERB	VVPP		Part						
14010004	8	und	CCONJ	KON								
14010004	9	nun	ADV	ADV								
14010004	10	erleichtern	VERB	VVFIN		Fin	Pres	3	S	Sub		
14010004	11	der	DET	ART					S		Acc	M
14010004	12	hart	ADJ	ADJA	Pos				S		Gen	M
14010004	13	Dienst	NOUN	NN					S		Nom	M
14010004	14	dein	DET	PPOSAT					S		Gen	N
14010004	15	Vater	NOUN	NN					S		Gen	M
14010004	16	und	CCONJ	KON								
14010004	17	sein	AUX	VAINF		Inf						
14010004	18	schwer	ADJ	ADJA	Pos				S		Nom	N
14010004	19	Joch	NOUN	NN					S		Nom	N
14010004	20	der	DET	ART					S		Nom	N
14010004	21	er	PRON	PPER				3	S		Nom	M
14010004	22	auf	ADP	PTKVZ								
14010004	23	uns	PRON	PPER				1	P		Acc	
14010004	24	legen	VERB	VVPP		Part						
14010004	25	haben	AUX	VAFIN		Fin	Pres	3	S	Ind		
14010004	26	so	ADV	ADV								
14010004	27	wollen	AUX	VMFIN		Fin	Pres	3	P	Ind		
14010004	28	wir	PRON	PPER				1	P		Nom	
14010004	29	dir	PRON	PPER				2	S		Dat	
14010004	30	dienen	VERB	VVINF		Inf						
14010005	1	und	CCONJ	KON								
14010005	2	er	PRON	PPER				3	S		Nom	M
14010005	3	sprechen	VERB	VVFIN		Fin	Past	3	S	Ind		
14010005	4	zu	ADP	PTKVZ								
14010005	5	ihnen	PRON	PPER				3	P		Dat	
14010005	6	noch	ADV	ADV								
14010005	7	drei	NUM	CARD								
14010005	8	Tag	NOUN	NN					P		Nom	M
14010005	9	dann	ADV	ADV								
14010005	10	kommet	VERB	VVFIN		Fin	Pres	3	S	Sub		
14010005	11	wieder	ADV	ADV								
14010005	12	zu	ADP	PTKVZ								
14010005	13	mir	PRON	PPER				1	S		Dat	
14010005	14	und	CCONJ	KON								
14010005	15	der	DET	ART					S		Nom	N
14010005	16	Volk	NOUN	NN					S		Nom	N
14010005	17	gehen	VERB	VVFIN		Fin	Past	3	S	Ind		
14010005	18	hin	ADV	ADV								
14010006	1	und	CCONJ	KON								
14010006	2	der	DET	ART					S		Nom	M
14010006	3	König	NOUN	NN					S		Nom	M
14010006	4	Rehabeam	NOUN	NN					S		Nom	N
14010006	5	beraten	VERB	VVFIN		Fin	Past	3	S	Ind		
14010006	6	sich	PRON	PRF				3	S		Acc	
14010006	7	mit	ADP	APPR								
14010006	8	der	DET	ART					S		Acc	M
14010006	9	alte	NOUN	ADJA					P		Nom	
14010006	10	der	DET	ART					S		Nom	F
14010006	11	vor	ADP	APPR								
14010006	12	sein	DET	PPOSAT					S		Dat	M
14010006	13	Vater	NOUN	NN					S		Nom	M
14010006	14	Salomo	PROPN	NE					S		Nom	M
14010006	15	gestehen	VERB	VVPP		Part						
14010006	16	haben	AUX	VAFIN		Fin	Past	3	P	Ind		
14010006	17	als	ADP	KOKOM								
14010006	18	er	PRON	PPER				3	S		Nom	M
14010006	19	noch	CCONJ	KON								
14010006	20	an	ADP	APPRART					S		Dat	M
14010006	21	Leben	NOUN	NN					S		Nom	N
14010006	22	sein	AUX	VAFIN		Fin	Past	3	S	Ind		
14010006	23	und	CCONJ	KON								
14010006	24	sprechen	VERB	VVFIN		Fin	Past	3	S	Ind		
14010006	25	wie	ADV	PWAV								
14010006	26	raten	VERB	VVFIN		Fin	Pres	3	S	Ind		
14010006	27	ihr	PRON	PPOSAT				3	S		Dat	F
14010006	28	dieser	DET	PDAT					S		Dat	N
14010006	29	Volke	NOUN	NN					S		Nom	M
14010006	30	Antwort	NOUN	NN					S		Nom	F
14010006	31	zu	ADP	PTKVZ								
14010006	32	geben	VERB	VVINF		Inf						
14010007	1	und	CCONJ	KON								
14010007	2	sie	PRON	PPER				3	P		Nom	
14010007	3	reden	VERB	VVFIN		Fin	Past	3	P	Ind		
14010007	4	zu	ADP	PTKVZ								
14010007	5	ihm	PRON	PPER				3	S		Dat	M
14010007	6	und	CCONJ	KON								
14010007	7	sprechen	VERB	VVFIN		Fin	Past	3	P	Ind		
14010007	8	wenn	SCONJ	KOUS								
14010007	9	du	PRON	PPER				2	S		Nom	
14010007	10	gegen	ADP	APPR								
14010007	11	dieser	DET	PDAT					S		Nom	N
14010007	12	Volk	NOUN	NN					S		Nom	N
14010007	13	gütig	ADV	ADJD	Pos							
14010007	14	und	CCONJ	KON								
14010007	15	ihnen	PRON	PPER				3	P		Dat	
14010007	16	gefällig	ADV	ADJD	Pos							
14010007	17	sein	AUX	VAFIN		Fin	Pres	2	S	Ind		
14010007	18	und	CCONJ	KON								
14010007	19	gütig	ADJ	ADJA	Pos				S		Nom	F
14010007	20	Wort	NOUN	NN					P		Nom	N
14010007	21	zu	ADP	PTKVZ								
14010007	22	ihnen	PRON	PPER				3	P		Dat	
14010007	23	Redest	PROPN	FM					S		Nom	
14010007	24	so	ADV	ADV								
14010007	25	werden	AUX	VAFIN		Fin	Pres	3	P	Ind		
14010007	26	sie	PRON	PPER				3	P		Nom	
14010007	27	dein	DET	PPOSAT					S		Nom	F
14010007	28	Knecht	NOUN	NN					P		Nom	M
14010007	29	sein	AUX	VAINF		Inf						
14010007	30	aller	PRON	PIS					P		Nom	
14010007	31	Tag	NOUN	NN					P		Nom	M
14010008	1	aber	CCONJ	KON								
14010008	2	er	PRON	PPER				3	S		Nom	M
14010008	3	verlassen	VERB	VVFIN		Fin	Past	3	S	Ind		
14010008	4	der	DET	ART					S		Acc	M
14010008	5	Rat	NOUN	NN					S		Nom	M
14010008	6	der	DET	ART					S		Nom	M
14010008	7	alte	NOUN	ADJA					P		Nom	
14010008	8	der	DET	ART					S		Acc	M
14010008	9	sie	PRON	PPER				3	P		Nom	
14010008	10	ihm	PRON	PPER				3	S		Dat	M
14010008	11	geben	VERB	VVPP		Part						
14010008	12	haben	AUX	VAFIN		Fin	Past	3	P	Ind		
14010008	13	und	CCONJ	KON								
14010008	14	er	PRON	PPER				3	S		Nom	M
14010008	15	beraten	VERB	VVFIN		Fin	Past	3	S	Ind		
14010008	16	sich	PRON	PRF				3	S		Acc	
14010008	17	mit	ADP	APPR								
14010008	18	der	DET	ART					S		Acc	M
14010008	19	Junge	NOUN	NN					P		Nom	M
14010008	20	der	DET	ART					S		Nom	F
14010008	21	mit	ADP	APPR								
14010008	22	ihm	PRON	PPER				3	S		Dat	M
14010008	23	aufwachsen	VERB	VVPP		Part						
14010008	24	sein	AUX	VAFIN		Fin	Past	3	P	Ind		
14010008	25	der	DET	ART					S		Nom	F
14010008	26	vor	ADP	APPR								
14010008	27	ihm	PRON	PPER				3	S		Dat	M
14010008	28	stehen	VERB	VVFIN		Fin	Past	3	P	Ind		
14010009	1	und	CCONJ	KON								
14010009	2	er	PRON	PPER				3	S		Nom	M
14010009	3	sprechen	VERB	VVFIN		Fin	Past	3	S	Ind		
14010009	4	zu	ADP	PTKVZ								
14010009	5	ihnen	PRON	PPER				3	P		Dat	
14010009	6	was	PRON	PWS					S		Nom	N
14010009	7	raten	VERB	VVFIN		Fin	Pres	3	S	Ind		
14010009	8	ihr	PRON	PPOSAT				3	S		Dat	F
14010009	9	daß	SCONJ	KOUS								
14010009	10	wir	PRON	PPER				1	P		Nom	
14010009	11	dieser	DET	PDAT					S		Dat	N
14010009	12	Volke	NOUN	NN					S		Nom	M
14010009	13	zu	ADP	APPRART					S		Dat	F
14010009	14	Antwort	NOUN	NN					S		Nom	F
14010009	15	geben	VERB	VVINF		Inf						
14010009	16	welcher	DET	PWAT					S		Acc	N
14010009	17	zu	ADP	PTKVZ								
14010009	18	mir	PRON	PPER				1	S		Dat	
14010009	19	reden	VERB	VVPP		Part						
14010009	20	und	CCONJ	KON								
14010009	21	sagen	VERB	VVPP		Part						
14010009	22	haben	AUX	VAFIN		Fin	Pres	3	S	Ind		
14010009	23	Erleichtere	X	FM								
14010009	24	der	DET	ART					S		Nom	N
14010009	25	Joch	NOUN	NN					S		Nom	N
14010009	26	der	DET	ART					S		Nom	N
14010009	27	dein	DET	PPER					S		Nom	N
14010009	28	Vater	NOUN	NN					S		Nom	M
14010009	29	auf	ADP	PTKVZ								
14010009	30	uns	PRON	PPER				1	P		Acc	
14010009	31	legen	VERB	VVPP		Part						
14010009	32	haben	AUX	VAFIN		Fin	Pres	3	S	Ind		
14010010	1	und	CCONJ	KON								
14010010	2	der	DET	ART					S		Nom	F
14010010	3	Junge	NOUN	NN					P		Nom	M
14010010	4	der	DET	ART					S		Nom	F
14010010	5	mit	ADP	APPR								
14010010	6	ihm	PRON	PPER				3	S		Dat	M
14010010	7	aufwachsen	VERB	VVPP		Part						
14010010	8	sein	AUX	VAFIN		Fin	Past	3	P	Ind		
14010010	9	reden	VERB	VVFIN		Fin	Past	3	P	Ind		
14010010	10	zu	ADP	PTKVZ								
14010010	11	ihm	PRON	PPER				3	S		Dat	M
14010010	12	und	CCONJ	KON								
14010010	13	sprechen	VERB	VVFIN		Fin	Past	3	P	Ind		
14010010	14	so	ADV	ADV								
14010010	15	sollst	AUX	VMFIN		Fin	Pres	3	S	Ind		
14010010	16	du	PRON	PPER				2	S		Nom	
14010010	17	zu	ADP	PTKVZ								
14010010	18	der	DET	ART					S		Dat	M
14010010	19	Volke	NOUN	NN					S		Nom	M
14010010	20	sprechen	VERB	VVINF		Fin	Pres	3	P	Ind		
14010010	21	der	DET	ART					S		Nom	N
14010010	22	zu	ADP	PTKVZ								
14010010	23	dir	PRON	PPER				2	S		Dat	
14010010	24	reden	VERB	VVPP		Part						
14010010	25	und	CCONJ	KON								
14010010	26	sagen	VERB	VVPP		Part						
14010010	27	haben	AUX	VAFIN		Fin	Pres	3	S	Ind		
14010010	28	dein	PRON	PPOSAT				2	P		Nom	
14010010	29	Vater	NOUN	NN					S		Nom	M
14010010	30	haben	AUX	VAFIN		Fin	Pres	3	S	Ind		
14010010	31	unser	DET	PPOSAT					S		Nom	N
14010010	32	Joch	NOUN	NN					S		Nom	N
14010010	33	schwer	ADV	ADJD	Pos							
14010010	34	machen	VERB	VVPP		Part						
14010010	35	du	PRON	PPER				2	S		Nom	
14010010	36	aber	CCONJ	KON								
14010010	37	erleichtern	VERB	VVFIN		Fin	Pres	3	S	Sub		
14010010	38	es	PRON	PPER				3	S		Nom	N
14010010	39	uns	PRON	PPER				1	P		Acc	
14010010	40	so	ADV	ADV								
14010010	41	sollst	AUX	VMFIN		Fin	Pres	3	S	Ind		
14010010	42	du	PRON	PPER				2	S		Nom	
14010010	43	zu	ADP	PTKVZ								
14010010	44	ihnen	PRON	PPER				3	P		Dat	
14010010	45	reden	VERB	VVINF		Inf						
14010010	46	mein	PRON	PPOSAT				2	P		Nom	
14010010	47	klein	ADV	ADJD	Cmp							
14010010	48	Finger	NOUN	NN					S		Nom	M
14010010	49	sein	AUX	VAFIN		Fin	Pres	3	S	Ind		
14010010	50	dick	ADV	ADJA	Cmp							
14010010	51	als	ADP	KOKOM								
14010010	52	der	DET	ART					S		Nom	F
14010010	53	Lenden	NOUN	NN					P		Dat	
14010010	54	meiner	DET	PPOSAT					S		Gen	N
14010010	55	Vater	NOUN	NN					S		Gen	M
14010011	1	nun	ADV	ADV								
14010011	2	denn	CCONJ	KON								
14010011	3	mein	DET	PPOSAT					S		Nom	N
14010011	4	Vater	NOUN	NN					S		Nom	M
14010011	5	haben	AUX	VAFIN		Fin	Pres	3	S	Ind		
14010011	6	euch	PRON	PPER				2	P		Dat	
14010011	7	ein	DET	ART					S		Nom	N
14010011	8	schwer	ADJ	ADJA	Pos				S		Nom	N
14010011	9	Joch	NOUN	NN					S		Nom	N
14010011	10	aufgeladen	VERB	VVPP		Part						
14010011	11	ich	PRON	PPER				1	S		Nom	
14010011	12	aber	CCONJ	KON								
14010011	13	wollen	AUX	VMFIN		Fin	Pres	3	S	Ind		
14010011	14	zu	ADP	PTKVZ								
14010011	15	eurer	DET	PPOSAT					S		Dat	M
14010011	16	Joche	NOUN	NE					S		Nom	F
14010011	17	Hinzutun	VERB	NE		Inf						
14010011	18	mein	DET	PPOSAT					S		Nom	N
14010011	19	Vater	NOUN	NN					S		Nom	M
14010011	20	haben	AUX	VAFIN		Fin	Pres	3	S	Ind		
14010011	21	euch	PRON	PPER				2	P		Dat	
14010011	22	mit	ADP	APPR								
14010011	23	Geißel	NOUN	NN					P		Nom	F
14010011	24	züchtigen	VERB	VVPP		Part						
14010011	25	ich	PRON	PPER				1	S		Nom	
14010011	26	aber	CCONJ	KON								
14010011	27	wollen	AUX	VMFIN		Fin	Pres	3	S	Ind		
14010011	28	euch	PRON	PPER				2	P		Dat	
14010011	29	mit	ADP	APPR								
14010011	30	Skorpione	NOUN	NN					P		Nom	F
14010011	31	züchtig	VERB	VVFIN		Inf						
14010012	1	und	CCONJ	KON								
14010012	2	Jerobeam	NOUN	NN					S		Nom	M
14010012	3	und	CCONJ	KON								
14010012	4	alle	PRON	PIS					S		Nom	N
14010012	5	Volk	NOUN	NN					S		Nom	N
14010012	6	kommen	VERB	VVFIN		Fin	Past	3	P	Ind		
14010012	7	zu	ADP	PTKVZ								
14010012	8	Rehabeam	NOUN	NN					S		Nom	N
14010012	9	an	ADP	APPRART					S		Dat	M
14010012	10	dritter	ADJ	ADJA	Pos				S		Acc	M
14010012	11	Tag	NOUN	NN					P		Nom	M
14010012	12	so	ADV	ADV								
14010012	13	wie	ADP	KOKOM								
14010012	14	der	DET	ART					S		Nom	M
14010012	15	König	NOUN	NN					S		Nom	M
14010012	16	reden	VERB	VVPP		Part						
14010012	17	und	CCONJ	KON								
14010012	18	sagen	VERB	VVPP		Part						
14010012	19	haben	AUX	VAFIN		Fin	Past	3	S	Ind		
14010012	20	Kommet	NOUN	NN					S		Nom	F
14010012	21	an	ADP	APPRART					S		Dat	M
14010012	22	dritter	ADJ	ADJA	Pos				S		Acc	M
14010012	23	Tag	NOUN	NN					P		Nom	M
14010012	24	wieder	ADV	ADV								
14010012	25	zu	ADP	PTKVZ								
14010012	26	mir	PRON	PPER				1	S		Dat	
14010013	1	und	CCONJ	KON								
14010013	2	der	DET	ART					S		Nom	M
14010013	3	König	NOUN	NN					S		Nom	M
14010013	4	antworten	VERB	VVFIN		Fin	Past	3	S	Ind		
14010013	5	ihnen	PRON	PPER				3	P		Dat	
14010013	6	hart	ADV	ADJD	Pos							
14010013	7	und	CCONJ	KON								
14010013	8	der	DET	ART					S		Nom	M
14010013	9	König	NOUN	NN					S		Nom	M
14010013	10	Rehabeam	NOUN	NN					S		Nom	N
14010013	11	verlassen	VERB	VVFIN		Fin	Past	3	S	Ind		
14010013	12	der	DET	ART					S		Acc	M
14010013	13	Rat	NOUN	NN					S		Nom	M
14010013	14	der	DET	ART					S		Nom	M
14010013	15	alte	NOUN	ADJA					P		Nom	
14010014	1	und	CCONJ	KON								
14010014	2	reden	VERB	VVFIN		Fin	Past	3	S	Ind		
14010014	3	zu	ADP	PTKVZ								
14010014	4	ihnen	PRON	PPER				3	P		Dat	
14010014	5	nach	ADP	APPR								
14010014	6	der	DET	ART					S		Dat	M
14010014	7	Rate	NOUN	NN					S		Nom	F
14010014	8	der	DET	ART					S		Nom	M
14010014	9	Junge	NOUN	NN					P		Nom	M
14010014	10	und	CCONJ	KON								
14010014	11	sprechen	VERB	VVFIN		Fin	Past	3	S	Ind		
14010014	12	mein	PRON	PPOSAT				2	P		Nom	
14010014	13	Vater	NOUN	NN					S		Nom	M
14010014	14	haben	AUX	VAFIN		Fin	Pres	3	S	Ind		
14010014	15	euer	DET	PPOSAT					S		Nom	M
14010014	16	Joch	NOUN	NN					S		Nom	N
14010014	17	schwer	ADV	ADJD	Pos							
14010014	18	machen	VERB	VVPP		Part						
14010014	19	ich	PRON	PPER				1	S		Nom	
14010014	20	aber	CCONJ	KON								
14010014	21	wollen	AUX	VMFIN		Fin	Pres	3	S	Ind		
14010014	22	zu	ADP	PTKVZ								
14010014	23	derselbe	DET	PDAT					S		Dat	N
14010014	24	Hinzutun	VERB	NE		Inf						
14010014	25	mein	DET	PPOSAT					S		Nom	N
14010014	26	Vater	NOUN	NN					S		Nom	M
14010014	27	haben	AUX	VAFIN		Fin	Pres	3	S	Ind		
14010014	28	euch	PRON	PPER				2	P		Dat	
14010014	29	mit	ADP	APPR								
14010014	30	Geißel	NOUN	NN					P		Nom	F
14010014	31	züchtigen	VERB	VVPP		Part						
14010014	32	ich	PRON	PPER				1	S		Nom	
14010014	33	aber	CCONJ	KON								
14010014	34	wollen	AUX	VMFIN		Fin	Pres	3	S	Ind		
14010014	35	euch	PRON	PPER				2	P		Dat	
14010014	36	mit	ADP	APPR								
14010014	37	Skorpione	NOUN	NN					P		Nom	F
14010014	38	züchtig	VERB	VVFIN		Inf						
14010015	1	so	ADV	ADV								
14010015	2	hören	VERB	VVFIN		Fin	Past	3	S	Ind		
14010015	3	der	DET	ART					S		Nom	M
14010015	4	König	NOUN	NN					S		Nom	M
14010015	5	nicht	PART	PTKNEG								
14010015	6	auf	ADP	PTKVZ								
14010015	7	der	DET	ART					S		Nom	N
14010015	8	Volk	NOUN	NN					S		Nom	N
14010015	9	denn	CCONJ	KON								
14010015	10	es	PRON	PPER				3	S		Nom	N
14010015	11	sein	AUX	VAFIN		Fin	Past	3	S	Ind		
14010015	12	ein	DET	ART					S		Nom	F
14010015	13	Wendung	NOUN	NN					S		Nom	F
14010015	14	von	ADP	APPR								
14010015	15	Seite	NOUN	NN					P		Nom	F
14010015	16	Gott	NOUN	NN					S		Gen	M
14010015	17	auf	ADP	PTKVZ								
14010015	18	daß	SCONJ	KOUS								
14010015	19	Jahwe	NOUN	NN					S		Nom	M
14010015	20	sein	AUX	VAINF		Inf						
14010015	21	Wort	NOUN	NN					S		Nom	N
14010015	22	aufrecht	ADV	ADJD	Pos							
14010015	23	halten	VERB	VVFIN		Fin	Past	3	S	Ind		
14010015	24	welcher	DET	PWAT					S		Acc	N
14010015	25	er	PRON	PPER				3	S		Nom	M
14010015	26	durch	ADP	APPR								
14010015	27	Achija	NOUN	NN					S		Nom	F
14010015	28	der	DET	ART					S		Acc	M
14010015	29	siloniter	ADV	NN	Cmp							
14010015	30	zu	ADP	PTKVZ								
14010015	31	Jerobeam	NOUN	NN					S		Nom	M
14010015	32	der	DET	ART					S		Dat	M
14010015	33	Sohn	NOUN	NN					S		Acc	M
14010015	34	Nebat	PROPN	NE					S		Gen	
14010015	35	reden	VERB	VVPP		Part						
14010015	36	haben	AUX	VAFIN		Fin	Past	3	S	Ind		
14010016	1	und	CCONJ	KON								
14010016	2	als	ADP	KOKOM								
14010016	3	ganz	ADV	ADV								
14010016	4	Israel	PROPN	NE					S		Nom	N
14010016	5	sehen	VERB	VVFIN		Fin	Past	3	S	Ind		
14010016	6	daß	SCONJ	KOUS								
14010016	7	der	DET	ART					S		Nom	M
14010016	8	König	NOUN	NN					S		Nom	M
14010016	9	nicht	PART	PTKNEG								
14010016	10	auf	ADP	PTKVZ								
14010016	11	sie	PRON	PPER				3	P		Nom	
14010016	12	hören	VERB	VVFIN		Fin	Past	3	S	Ind		
14010016	13	da	ADV	ADV								
14010016	14	antworten	VERB	VVFIN		Fin	Past	3	S	Ind		
14010016	15	der	DET	ART					S		Nom	N
14010016	16	Volk	NOUN	NN					S		Nom	N
14010016	17	der	DET	ART					S		Dat	M
14010016	18	König	NOUN	NN					S		Nom	M
14010016	19	und	CCONJ	KON								
14010016	20	sprechen	VERB	VVFIN		Fin	Past	3	S	Ind		
14010016	21	was	PRON	PWS					S		Nom	N
14010016	22	haben	AUX	VAFIN		Fin	Pres	3	P	Ind		
14010016	23	wir	PRON	PPER				1	P		Nom	
14010016	24	für	ADP	APPR								
14010016	25	Teil	NOUN	NN					S		Nom	M
14010016	26	an	ADP	PTKVZ								
14010016	27	David	PROPN	NE					S		Nom	M
14010016	28	und	CCONJ	KON								
14010016	29	wir	PRON	PPER				1	P		Nom	
14010016	30	haben	AUX	VAFIN		Fin	Pres	3	P	Ind		
14010016	31	kein	DET	PIAT					S		Nom	N
14010016	32	Erbteil	NOUN	NN					S		Nom	M
14010016	33	an	ADP	APPRART					S		Dat	M
14010016	34	Sohn	NOUN	NN					S		Acc	M
14010016	35	isais	NOUN	NN					S		Nom	N
14010016	36	ein	DET	ART					S		Nom	M
14010016	37	jeder	PRON	PIS					S		Nom	M
14010016	38	zu	ADP	PTKVZ								
14010016	39	sein	DET	PPOSAT					S		Acc	M
14010016	40	Zelt	NOUN	NN					P		Nom	N
14010016	41	Israel	PROPN	NE					S		Nom	N
14010016	42	nun	ADV	ADV								
14010016	43	sieh	VERB	VVFIN		Fin	Pres	3	S	Sub		
14010016	44	nach	ADP	APPR								
14010016	45	dein	DET	PPOSAT					S		Dat	M
14010016	46	Haus	NOUN	NN					P		Nom	N
14010016	47	David	PROPN	NE					S		Nom	M
14010016	48	und	CCONJ	KON								
14010016	49	ganz	ADV	ADV								
14010016	50	Israel	PROPN	NE					S		Nom	N
14010016	51	gehen	VERB	VVFIN		Fin	Past	3	S	Ind		
14010016	52	nach	ADP	APPR								
14010016	53	sein	DET	PPOSAT					S		Acc	M
14010016	54	Zelt	NOUN	NN					P		Nom	N
14010017	1	der	DET	ART					S		Nom	F
14010017	2	Kind	NOUN	NN					P		Nom	N
14010017	3	Israel	PROPN	NE					S		Nom	N
14010017	4	aber	CCONJ	KON								
14010017	5	der	DET	ART					S		Nom	F
14010017	6	in	ADP	APPR								
14010017	7	der	DET	ART					S		Acc	M
14010017	8	Stadt	NOUN	NN					P		Nom	F
14010017	9	Judas	PROPN	NE					S		Nom	M
14010017	10	wohnen	VERB	VVFIN		Fin	Past	3	P	Ind		
14010017	11	über	ADP	APPR								
14010017	12	sie	PRON	PPER				3	P		Nom	
14010017	13	werden	AUX	VAFIN		Fin	Past	3	S	Ind		
14010017	14	Rehabeam	NOUN	NN					S		Nom	N
14010017	15	König	NOUN	NN					S		Nom	M
14010018	1	und	CCONJ	KON								
14010018	2	der	DET	ART					S		Nom	M
14010018	3	König	NOUN	NN					S		Nom	M
14010018	4	Rehabeam	NOUN	NN					S		Nom	N
14010018	5	senden	VERB	VVFIN		Fin	Past	3	S	Ind		
14010018	6	Hadoram	PROPN	NE					S		Nom	
14010018	7	der	DET	ART					S		Nom	M
14010018	8	über	ADP	APPR								
14010018	9	der	DET	ART					S		Nom	F
14010018	10	Fron	PROPN	NE					S		Nom	
14010018	11	sein	AUX	VAFIN		Fin	Past	3	S	Ind		
14010018	12	aber	CCONJ	KON								
14010018	13	der	DET	ART					S		Nom	F
14010018	14	Kind	NOUN	NN					P		Nom	N
14010018	15	Israel	PROPN	NE					S		Nom	N
14010018	16	Steinigt	NOUN	NN					S		Nom	N
14010018	17	ihn	PRON	PPER				3	S		Acc	M
14010018	18	und	CCONJ	KON								
14010018	19	er	PRON	PPER				3	S		Nom	M
14010018	20	sterben	VERB	VVFIN		Fin	Past	3	S	Ind		
14010018	21	da	SCONJ	KOUS								
14010018	22	eilen	VERB	VVFIN		Fin	Past	3	S	Ind		
14010018	23	der	DET	ART					S		Nom	M
14010018	24	König	NOUN	NN					S		Nom	M
14010018	25	Rehabeam	NOUN	NN					S		Nom	N
14010018	26	der	DET	ART					S		Acc	M
14010018	27	Wagen	NOUN	NN					S		Nom	M
14010018	28	zu	ADP	PTKVZ								
14010018	29	besteigen	VERB	VVINF		Inf						
14010018	30	um	ADP	APPR								
14010018	31	nach	ADP	APPR								
14010018	32	Jerusalem	PROPN	NE					S		Nom	N
14010018	33	zu	ADP	PTKVZ								
14010018	34	fliehen	VERB	VVINF		Inf						
14010019	1	so	ADV	ADV								
14010019	2	fallen	VERB	VVFIN		Fin	Past	3	S	Ind		
14010019	3	Israel	PROPN	NE					S		Nom	N
14010019	4	von	ADP	APPRART					S		Dat	N
14010019	5	Haus	NOUN	NN					P		Nom	N
14010019	6	David	PROPN	NE					S		Gen	M
14010019	7	ab	ADP	PTKVZ								
14010019	8	bis	CCONJ	KON								
14010019	9	auf	ADP	PTKVZ								
14010019	10	dieser	DET	PDAT					S		Acc	M
14010019	11	Tag	NOUN	NN					S		Nom	M
14011001	1	und	CCONJ	KON								
14011001	2	Rehabeam	NOUN	NN					S		Nom	N
14011001	3	kommen	VERB	VVFIN		Fin	Past	3	S	Ind		
14011001	4	nach	ADP	APPR								
14011001	5	Jerusalem	PROPN	NE					S		Nom	N
14011001	6	und	CCONJ	KON								
14011001	7	er	PRON	PPER				3	S		Nom	M
14011001	8	versammeln	VERB	VVFIN		Fin	Past	3	S	Ind		
14011001	9	der	DET	ART					S		Nom	N
14011001	10	Haus	NOUN	NN					S		Nom	N
14011001	11	Juda	PROPN	NE					S		Nom	M
14011001	12	und	CCONJ	KON								
14011001	13	Benjamin	PROPN	NE					S		Nom	M
14011001	14	180000	NUM	CARD								
14011001	15	auserlesen	ADJ	ADJA	Pos				S		Nom	F
14011001	16	Krieger	NOUN	NN					S		Nom	M
14011001	17	um	ADP	APPR								
14011001	18	mit	ADP	APPR								
14011001	19	Israel	PROPN	NE					S		Nom	N
14011001	20	zu	ADP	PTKVZ								
14011001	21	streiten	VERB	VVINF		Inf						
14011001	22	damit	ADV	PROAV								
14011001	23	er	PRON	PPER				3	S		Nom	M
14011001	24	der	DET	ART					S		Nom	N
14011001	25	Königreich	NOUN	NN					S		Nom	N
14011001	26	an	ADP	PTKVZ								
14011001	27	Rehabeam	NOUN	NN					S		Nom	N
14011001	28	zurückbrächen	VERB	VVFIN		Fin	Past	3	S	Ind		
14011002	1	da	SCONJ	KOUS								
14011002	2	geschehen	VERB	VVFIN		Fin	Past	3	S	Ind		
14011002	3	der	DET	ART					S		Nom	N
14011002	4	Wort	NOUN	NN					S		Nom	N
14011002	5	Jahwe	PROPN	NE					S		Gen	
14011002	6	zu	ADP	PTKVZ								
14011002	7	Schemaja	PROPN	NE					S		Nom	M
14011002	8	der	DET	ART					S		Dat	M
14011002	9	Manne	NOUN	NN					S		Nom	M
14011002	10	Gott	NOUN	NN					S		Gen	M
14011002	11	also	ADV	ADV								
14011003	1	Sage	NOUN	NN					S		Nom	F
14011003	2	zu	ADP	PTKVZ								
14011003	3	Rehabeam	NOUN	NN					S		Nom	N
14011003	4	der	DET	ART					S		Dat	M
14011003	5	Sohn	NOUN	NN					S		Acc	M
14011003	6	Salomos	PROPN	NE					S		Nom	
14011003	7	der	DET	ART					S		Dat	M
14011003	8	König	NOUN	NN					S		Nom	M
14011003	9	von	ADP	APPR								
14011003	10	Juda	PROPN	NE					S		Nom	M
14011003	11	und	CCONJ	KON								
14011003	12	zu	ADP	PTKVZ								
14011003	13	ganz	ADV	ADV								
14011003	14	Israel	PROPN	NE					S		Nom	N
14011003	15	in	ADP	APPR								
14011003	16	Juda	PROPN	NE					S		Nom	M
14011003	17	und	CCONJ	KON								
14011003	18	Benjamin	PROPN	NE					S		Nom	M
14011003	19	und	CCONJ	KON								
14011003	20	sprich	ADV	ADV								
14011004	1	so	ADV	ADV								
14011004	2	sprechen	VERB	VVFIN		Fin	Pres	3	S	Ind		
14011004	3	Jahwe	NOUN	NN					S		Nom	M
14011004	4	ihr	PRON	PPER				2	P		Nom	
14011004	5	sollten	AUX	VMFIN		Fin	Pres	3	S	Ind		
14011004	6	nicht	PART	PTKNEG								
14011004	7	hinaufziehen	VERB	VVINF		Inf						
14011004	8	und	CCONJ	KON								
14011004	9	nicht	PART	PTKNEG								
14011004	10	mit	ADP	APPR								
14011004	11	euren	DET	PPOSAT					S		Acc	M
14011004	12	Brüdern	NOUN	NN					P		Dat	M
14011004	13	streiten	VERB	VVINF		Inf						
14011004	14	Kehret	PROPN	NE					S		Nom	M
14011004	15	um	ADP	APPR								
14011004	16	ein	DET	ART					S		Nom	N
14011004	17	jeder	PRON	PIS					S		Nom	M
14011004	18	nach	ADP	APPR								
14011004	19	sein	DET	PPOSAT					S		Dat	M
14011004	20	Haus	NOUN	NN					P		Nom	N
14011004	21	denn	CCONJ	KON								
14011004	22	von	ADP	APPR								
14011004	23	mir	PRON	PPER				1	S		Dat	
14011004	24	aus	ADP	PTKVZ								
14011004	25	sein	AUX	VAFIN		Fin	Pres	3	S	Ind		
14011004	26	dieser	DET	PDAT					S		Nom	F
14011004	27	Sache	NOUN	NN					S		Nom	F
14011004	28	geschehen	VERB	VVPP		Part						
14011004	29	und	CCONJ	KON								
14011004	30	sie	PRON	PPER				3	P		Nom	
14011004	31	hören	VERB	VVFIN		Fin	Past	3	P	Ind		
14011004	32	auf	ADP	PTKVZ								
14011004	33	der	DET	ART					S		Nom	F
14011004	34	Wort	NOUN	NN					P		Nom	N
14011004	35	Jahwe	PROPN	NE					S		Gen	
14011004	36	und	CCONJ	KON								
14011004	37	kehren	VERB	VVFIN		Fin	Past	3	P	Ind		
14011004	38	um	ADP	APPR								
14011004	39	von	ADP	APPR								
14011004	40	der	DET	ART					S		Dat	M
14011004	41	Zug	NOUN	NN					S		Nom	M
14011004	42	wider	ADP	PTKVZ								
14011004	43	Jerobeam	NOUN	NN					S		Nom	M
14011005	1	und	CCONJ	KON								
14011005	2	Rehabeam	NOUN	NN					S		Nom	N
14011005	3	wohnen	VERB	VVFIN		Fin	Past	3	S	Ind		
14011005	4	in	ADP	APPR								
14011005	5	Jerusalem	PROPN	NE					S		Nom	N
14011005	6	und	CCONJ	KON								
14011005	7	er	PRON	PPER				3	S		Nom	M
14011005	8	bauen	VERB	VVFIN		Fin	Past	3	S	Ind		
14011005	9	Stadt	NOUN	NN					P		Nom	F
14011005	10	zu	ADP	PTKVZ								
14011005	11	Festung	NOUN	NN					P		Nom	F
14011005	12	in	ADP	APPR								
14011005	13	Juda	PROPN	NE					S		Nom	M
14011006	1	und	CCONJ	KON								
14011006	2	er	PRON	PPER				3	S		Nom	M
14011006	3	bauen	VERB	VVFIN		Fin	Past	3	S	Ind		
14011006	4	Bethlehem	PROPN	NE					S		Nom	N
14011006	5	und	CCONJ	KON								
14011006	6	Etam	PROPN	NE					S		Nom	
14011006	7	und	CCONJ	KON								
14011006	8	Tekoa	PROPN	NE					S		Nom	F
14011007	1	und	CCONJ	KON								
14011007	2	Beth-Zur	PROPN	NE					S		Nom	
14011007	3	und	CCONJ	KON								
14011007	4	Soko	PROPN	NE					S		Nom	F
14011007	5	und	CCONJ	KON								
14011007	6	Adullam	PROPN	NE					S		Nom	
14011008	1	und	CCONJ	KON								
14011008	2	Gath	PROPN	NE					S		Nom	
14011008	3	und	CCONJ	KON								
14011008	4	Marescha	PROPN	NE					S		Nom	
14011008	5	und	CCONJ	KON								
14011008	6	Siph	PROPN	NE					S		Nom	
14011009	1	und	CCONJ	KON								
14011009	2	Adoraim	PROPN	NE					S		Nom	
14011009	3	und	CCONJ	KON								
14011009	4	Lachis	PROPN	NE					S		Gen	
14011009	5	und	CCONJ	KON								
14011009	6	Aseka	PROPN	NE					S		Nom	
14011010	1	und	CCONJ	KON								
14011010	2	Zora	PROPN	NE					S		Nom	
14011010	3	und	CCONJ	KON								
14011010	4	Ajalon	NOUN	NN					S		Nom	N
14011010	5	und	CCONJ	KON								
14011010	6	Hebron	PROPN	NE					S		Nom	N
14011010	7	der	DET	ART					S		Nom	F
14011010	8	in	ADP	APPR								
14011010	9	Juda	PROPN	NE					S		Nom	M
14011010	10	und	CCONJ	KON								
14011010	11	Benjamin	PROPN	NE					S		Nom	M
14011010	12	liegen	VERB	VVFIN		Fin	Pres	3	P	Ind		
14011010	13	fest	ADJ	ADJA	Pos				S		Nom	F
14011010	14	Stadt	NOUN	NN					P		Nom	F
14011011	1	und	CCONJ	KON								
14011011	2	er	PRON	PPER				3	S		Nom	M
14011011	3	machen	VERB	VVFIN		Fin	Past	3	S	Ind		
14011011	4	der	DET	ART					S		Nom	F
14011011	5	Festung	NOUN	NN					P		Nom	F
14011011	6	stark	ADV	ADJD	Pos							
14011011	7	und	CCONJ	KON								
14011011	8	legen	VERB	VVFIN		Fin	Past	3	S	Ind		
14011011	9	Befehlshaber	NOUN	NN					S		Nom	M
14011011	10	darein	ADV	PROAV								
14011011	11	und	CCONJ	KON								
14011011	12	Vorrat	NOUN	NN					P		Nom	M
14011011	13	von	ADP	APPR								
14011011	14	Speise	NOUN	NN					S		Nom	F
14011011	15	und	CCONJ	KON								
14011011	16	Öl	NOUN	NN					S		Nom	N
14011011	17	und	CCONJ	KON								
14011011	18	Wein	NOUN	NN					S		Nom	M
14011012	1	und	CCONJ	KON								
14011012	2	in	ADP	APPR								
14011012	3	jeder	DET	PIAT					S		Nom	F
14011012	4	Stadt	NOUN	NN					S		Nom	F
14011012	5	Schild	NOUN	NN					P		Nom	N
14011012	6	und	CCONJ	KON								
14011012	7	Lanze	NOUN	NN					P		Nom	F
14011012	8	und	CCONJ	KON								
14011012	9	er	PRON	PPER				3	S		Nom	M
14011012	10	machen	VERB	VVFIN		Fin	Past	3	S	Ind		
14011012	11	sie	PRON	PPER				3	P		Nom	
14011012	12	überaus	ADV	ADV								
14011012	13	stark	ADV	ADJD	Pos							
14011012	14	und	CCONJ	KON								
14011012	15	Juda	PROPN	NE					S		Nom	M
14011012	16	und	CCONJ	KON								
14011012	17	Benjamin	PROPN	NE					S		Nom	M
14011012	18	gehören	VERB	VVFIN		Fin	Past	3	P	Ind		
14011012	19	ihm	PRON	PPER				3	S		Dat	M
14011013	1	und	CCONJ	KON								
14011013	2	der	DET	ART					S		Nom	F
14011013	3	Priester	NOUN	NN					P		Nom	M
14011013	4	und	CCONJ	KON								
14011013	5	der	DET	ART					S		Nom	F
14011013	6	Levit	NOUN	NN					P		Nom	M
14011013	7	der	DET	ART					S		Nom	F
14011013	8	in	ADP	APPR								
14011013	9	ganz	ADV	ADV								
14011013	10	Israel	PROPN	NE					S		Nom	N
14011013	11	sein	AUX	VAFIN		Fin	Past	3	P	Ind		
14011013	12	stellen	VERB	VVFIN		Fin	Past	3	P	Ind		
14011013	13	sich	PRON	PRF				3	S		Acc	
14011013	14	bei	ADP	APPR								
14011013	15	ihm	PRON	PPER				3	S		Dat	M
14011013	16	ein	DET	ART					S		Nom	N
14011013	17	aus	ADP	PTKVZ								
14011013	18	aller	DET	PIS					P		Dat	
14011013	19	ihr	DET	PPOSAT					S		Acc	M
14011013	20	Grenze	NOUN	NN					P		Nom	F
14011014	1	denn	CCONJ	KON								
14011014	2	der	DET	ART					S		Nom	F
14011014	3	Levit	NOUN	NN					P		Nom	M
14011014	4	verlassen	VERB	VVFIN		Fin	Past	3	P	Ind		
14011014	5	ihr	DET	PPOSAT					S		Nom	F
14011014	6	Bezirk	NOUN	NN					P		Nom	M
14011014	7	und	CCONJ	KON								
14011014	8	ihr	PRON	PPOSAT				3	S		Dat	F
14011014	9	Besitztum	NOUN	NN					S		Nom	N
14011014	10	und	CCONJ	KON								
14011014	11	ziehen	VERB	VVFIN		Fin	Past	3	P	Ind		
14011014	12	nach	ADP	APPR								
14011014	13	Juda	PROPN	NE					S		Nom	M
14011014	14	und	CCONJ	KON								
14011014	15	nach	ADP	APPR								
14011014	16	Jerusalem	PROPN	NE					S		Nom	N
14011014	17	denn	CCONJ	KON								
14011014	18	Jerobeam	NOUN	NN					S		Nom	M
14011014	19	und	CCONJ	KON								
14011014	20	sein	DET	PPOSAT					S		Nom	F
14011014	21	Sohn	NOUN	NN					P		Nom	M
14011014	22	haben	AUX	VAFIN		Fin	Past	3	P	Ind		
14011014	23	sie	PRON	PPER				3	P		Nom	
14011014	24	aus	ADP	PTKVZ								
14011014	25	der	DET	ART					S		Dat	M
14011014	26	Priesterdienst	NOUN	NN					S		Nom	F
14011014	27	Jahwe	PROPN	NE					S		Gen	
14011014	28	verstoßen	VERB	VVPP		Part						
14011015	1	und	CCONJ	KON								
14011015	2	er	PRON	PPER				3	S		Nom	M
14011015	3	haben	AUX	VAFIN		Fin	Past	3	S	Ind		
14011015	4	sich	PRON	PRF				3	S		Acc	
14011015	5	Priester	NOUN	NN					P		Nom	M
14011015	6	bestellen	VERB	VVPP		Part						
14011015	7	zu	ADP	PTKVZ								
14011015	8	der	DET	ART					S		Acc	M
14011015	9	Höhe	NOUN	NN					P		Nom	F
14011015	10	und	CCONJ	KON								
14011015	11	zu	ADP	PTKVZ								
14011015	12	der	DET	ART					S		Acc	M
14011015	13	Böck	NOUN	NN					S		Nom	N
14011015	14	und	CCONJ	KON								
14011015	15	zu	ADP	PTKVZ								
14011015	16	der	DET	ART					S		Acc	M
14011015	17	Kälb	NOUN	NN					P		Dat	N
14011015	18	der	DET	ART					S		Nom	F
14011015	19	er	PRON	PPER				3	S		Nom	M
14011015	20	machen	VERB	VVPP		Part						
14011015	21	haben	AUX	VAFIN		Fin	Past	3	S	Ind		
14011016	1	und	CCONJ	KON								
14011016	2	ihnen	PRON	PPER				3	P		Dat	
14011016	3	folgen	VERB	VVFIN		Fin	Past	3	P	Ind		
14011016	4	aus	ADP	PTKVZ								
14011016	5	aller	DET	PIS					P		Dat	
14011016	6	Stämme	NOUN	NN					P		Dat	M
14011016	7	Israel	PROPN	NE					S		Gen	N
14011016	8	der	DET	ART					S		Nom	F
14011016	9	welcher	DET	PWAT					S		Nom	F
14011016	10	ihr	PRON	PPOSAT				3	S		Dat	F
14011016	11	Herz	NOUN	NN					S		Nom	N
14011016	12	darauf	ADV	PROAV								
14011016	13	richten	VERB	VVFIN		Fin	Past	3	P	Ind		
14011016	14	Jahwe	NOUN	NN					S		Nom	M
14011016	15	der	DET	ART					S		Acc	M
14011016	16	Gott	NOUN	NN					S		Nom	M
14011016	17	Israel	PROPN	NE					S		Gen	N
14011016	18	zu	ADP	PTKVZ								
14011016	19	suchen	VERB	VVINF		Inf						
14011016	20	sie	PRON	PPER				3	P		Nom	
14011016	21	kommen	VERB	VVFIN		Fin	Past	3	P	Ind		
14011016	22	nach	ADP	APPR								
14011016	23	Jerusalem	PROPN	NE					S		Nom	N
14011016	24	um	ADP	APPR								
14011016	25	Jahwe	NOUN	NN					S		Nom	M
14011016	26	der	DET	ART					S		Dat	M
14011016	27	Gott	NOUN	NN					S		Nom	M
14011016	28	ihr	DET	PPOSAT					S		Dat	F
14011016	29	Vater	NOUN	NN					P		Nom	M
14011016	30	zu	ADP	PTKVZ								
14011016	31	opfern	VERB	VVINF		Inf						
14011017	1	und	CCONJ	KON								
14011017	2	sie	PRON	PPER				3	P		Nom	
14011017	3	stärken	VERB	VVFIN		Fin	Past	3	P	Ind		
14011017	4	der	DET	ART					S		Nom	N
14011017	5	Königreich	NOUN	NN					S		Nom	N
14011017	6	Juda	PROPN	NE					S		Nom	M
14011017	7	und	CCONJ	KON								
14011017	8	befestign	VERB	ADJA		Fin	Past	3	P	Ind		
14011017	9	Rehabeam	NOUN	NN					S		Nom	N
14011017	10	der	DET	ART					S		Acc	M
14011017	11	Sohn	NOUN	NN					S		Nom	M
14011017	12	Salomos	PROPN	NE					S		Nom	
14011017	13	drei	NUM	CARD								
14011017	14	Jahr	NOUN	NN					P		Nom	N
14011017	15	lang	ADV	ADJD	Pos							
14011017	16	denn	CCONJ	KON								
14011017	17	drei	NUM	CARD								
14011017	18	Jahr	NOUN	NN					P		Nom	N
14011017	19	lang	ADV	ADJD	Pos							
14011017	20	wandeln	VERB	VVFIN		Fin	Past	3	P	Ind		
14011017	21	sie	PRON	PPER				3	P		Nom	
14011017	22	auf	ADP	PTKVZ								
14011017	23	der	DET	ART					S		Dat	M
14011017	24	Weg	NOUN	NN					P		Acc	M
14011017	25	David	PROPN	NE					S		Gen	M
14011017	26	und	CCONJ	KON								
14011017	27	Salomos	PROPN	NE					S		Nom	
14011018	1	und	CCONJ	KON								
14011018	2	Rehabeam	NOUN	NN					S		Nom	N
14011018	3	nehmen	VERB	VVFIN		Fin	Past	3	S	Ind		
14011018	4	sich	PRON	PRF				3	S		Acc	
14011018	5	zu	ADP	APPRART					S		Dat	N
14011018	6	Weibe	NOUN	NN					S		Nom	F
14011018	7	Machalath	PROPN	NE					S		Nom	
14011018	8	der	DET	ART					S		Nom	F
14011018	9	Tochter	NOUN	NN					S		Nom	F
14011018	10	Jerimoth	PROPN	NE					S		Gen	
14011018	11	der	DET	ART					S		Gen	M
14011018	12	Sohn	PROPN	NE					S		Gen	M
14011018	13	David	PROPN	NE					S		Gen	M
14011018	14	und	CCONJ	KON								
14011018	15	Abichail	PROPN	NE					S		Gen	
14011018	16	der	DET	ART					S		Nom	M
14011018	17	Tochter	NOUN	NN					S		Nom	F
14011018	18	Eliabs	PROPN	NE					S		Nom	
14011018	19	der	DET	ART					S		Gen	M
14011018	20	Sohn	PROPN	NE					S		Gen	M
14011018	21	isais	NOUN	NN					S		Nom	N
14011019	1	und	CCONJ	KON								
14011019	2	sie	PRON	PPER				3	P		Nom	
14011019	3	gebar	VERB	ADJD		Fin	Past	3	S	Ind		
14011019	4	ihm	PRON	PPER				3	S		Dat	M
14011019	5	Sohn	NOUN	NN					P		Nom	M
14011019	6	Jeusch	PROPN	NE					S		Nom	M
14011019	7	und	CCONJ	KON								
14011019	8	Schemarja	PROPN	NE					S		Nom	
14011019	9	und	CCONJ	KON								
14011019	10	Saham	PROPN	NE					S		Nom	
14011020	1	und	CCONJ	KON								
14011020	2	nach	ADP	APPR								
14011020	3	ihr	PRON	PPOSAT				3	S		Dat	F
14011020	4	nehmen	VERB	VVFIN		Fin	Past	3	S	Ind		
14011020	5	er	PRON	PPER				3	S		Nom	M
14011020	6	Maaka	PROPN	NE					S		Nom	N
14011020	7	der	DET	ART					S		Nom	F
14011020	8	Tochter	NOUN	NN					S		Nom	F
14011020	9	Absalom	PROPN	NE					S		Gen	
14011020	10	und	CCONJ	KON								
14011020	11	sie	PRON	PPER				3	P		Nom	
14011020	12	gabar	ADV	ADJD	Pos							
14011020	13	ihm	PRON	PPER				3	S		Dat	M
14011020	14	Abija	PROPN	NE					S		Nom	F
14011020	15	und	CCONJ	KON								
14011020	16	Attai	NOUN	NN					S		Acc	F
14011020	17	und	CCONJ	KON								
14011020	18	Sisa	PROPN	NE					S		Nom	M
14011020	19	und	CCONJ	KON								
14011020	20	Schelomith	PROPN	NE					S		Nom	N
14011021	1	und	CCONJ	KON								
14011021	2	Rehabeam	NOUN	NN					S		Nom	N
14011021	3	lieben	VERB	VVFIN		Fin	Past	3	S	Ind		
14011021	4	Maaka	PROPN	NE					S		Nom	N
14011021	5	der	DET	ART					S		Nom	F
14011021	6	Tochter	NOUN	NN					S		Nom	F
14011021	7	Absalom	PROPN	NE					S		Gen	
14011021	8	mehr	ADV	ADV								
14011021	9	als	ADP	KOKOM								
14011021	10	aller	PRON	PIS					P		Nom	
14011021	11	sein	DET	PPOSAT					S		Nom	F
14011021	12	Weiber	NOUN	NN					P		Nom	M
14011021	13	und	CCONJ	KON								
14011021	14	sein	DET	PPOSAT					S		Nom	F
14011021	15	Kebsweiber	NOUN	NN					S		Nom	M
14011021	16	denn	CCONJ	KON								
14011021	17	er	PRON	PPER				3	S		Nom	M
14011021	18	haben	AUX	VAFIN		Fin	Past	3	S	Ind		
14011021	19	achtzehn	NUM	CARD								
14011021	20	Weiber	NOUN	NN					P		Nom	M
14011021	21	nehmen	VERB	VVPP		Part						
14011021	22	und	CCONJ	KON								
14011021	23	sechzig	NUM	CARD								
14011021	24	Kebsweiber	NOUN	NN					S		Nom	M
14011021	25	und	CCONJ	KON								
14011021	26	er	PRON	PPER				3	S		Nom	M
14011021	27	zeugen	VERB	VVFIN		Fin	Past	3	S	Ind		
14011021	28	achtundzwanzig	NUM	CARD								
14011021	29	Sohn	NOUN	NN					P		Nom	M
14011021	30	und	CCONJ	KON								
14011021	31	sechzig	NUM	CARD								
14011021	32	Tochter	NOUN	NN					P		Nom	F
14011022	1	und	CCONJ	KON								
14011022	2	Rehabeam	NOUN	NN					S		Nom	N
14011022	3	bestellen	VERB	VVFIN		Fin	Past	3	S	Ind		
14011022	4	Abija	PROPN	NE					S		Nom	F
14011022	5	der	DET	ART					S		Acc	M
14011022	6	Sohn	NOUN	NN					S		Nom	M
14011022	7	der	DET	ART					S		Nom	M
14011022	8	Maaka	PROPN	NE					S		Nom	N
14011022	9	zu	ADP	APPRART					S		Dat	N
14011022	10	Haupt	NOUN	NN					P		Nom	N
14011022	11	zu	ADP	APPRART					S		Dat	N
14011022	12	Fürst	NOUN	NN					P		Nom	M
14011022	13	unter	ADP	APPR								
14011022	14	sein	DET	PPOSAT					S		Acc	M
14011022	15	Brüdern	NOUN	NN					P		Dat	M
14011022	16	denn	CCONJ	KON								
14011022	17	er	PRON	PPER				3	S		Nom	M
14011022	18	gedachen	VERB	VVFIN		Fin	Past	3	S	Ind		
14011022	19	ihn	PRON	PPER				3	S		Acc	M
14011022	20	zu	ADP	APPRART					S		Dat	N
14011022	21	König	NOUN	NN					S		Nom	M
14011022	22	zu	ADP	PTKVZ								
14011022	23	machen	VERB	VVINF		Inf						
14011023	1	und	CCONJ	KON								
14011023	2	er	PRON	PPER				3	S		Nom	M
14011023	3	handeln	VERB	VVFIN		Fin	Past	3	S	Ind		
14011023	4	verständig	ADV	ADJD	Pos							
14011023	5	und	CCONJ	KON								
14011023	6	verteiln	VERB	VVFIN		Fin	Past	3	S	Ind		
14011023	7	aller	PRON	PIS					P		Nom	
14011023	8	sein	DET	PPOSAT					S		Nom	F
14011023	9	Sohn	NOUN	NN					P		Nom	M
14011023	10	in	ADP	APPR								
14011023	11	aller	PRON	PIS					P		Nom	
14011023	12	Land	NOUN	NN					P		Nom	N
14011023	13	Judas	PROPN	NE					S		Nom	M
14011023	14	und	CCONJ	KON								
14011023	15	Benjamin	PROPN	NE					S		Gen	
14011023	16	in	ADP	APPR								
14011023	17	aller	PRON	PIS					P		Nom	
14011023	18	fest	ADJ	ADJA	Pos				S		Acc	M
14011023	19	Stadt	NOUN	NN					P		Nom	F
14011023	20	und	CCONJ	KON								
14011023	21	geben	VERB	VVFIN		Fin	Past	3	S	Ind		
14011023	22	ihnen	PRON	PPER				3	P		Dat	
14011023	23	Lebensunterhalt	NOUN	NN					S		Nom	M
14011023	24	in	ADP	APPR								
14011023	25	Fülle	NOUN	NN					S		Nom	F
14011023	26	und	CCONJ	KON								
14011023	27	begehrt	VERB	ADJA		Fin	Past	3	S	Ind		
14011023	28	für	ADP	APPR								
14011023	29	sie	PRON	PPER				3	P		Nom	
14011023	30	ein	DET	ART					S		Nom	F
14011023	31	Menge	NOUN	NN					S		Nom	F
14011023	32	Weiber	NOUN	NN					P		Nom	M
14012001	1	und	CCONJ	KON								
14012001	2	es	PRON	PPER				3	S		Nom	N
14012001	3	geschehen	VERB	VVFIN		Fin	Past	3	S	Ind		
14012001	4	als	ADP	KOKOM								
14012001	5	der	DET	ART					S		Nom	N
14012001	6	Königtum	NOUN	NN					S		Nom	N
14012001	7	Rehabeam	PROPN	NE					S		Gen	
14012001	8	befestigen	VERB	VVPP		Part						
14012001	9	und	CCONJ	KON								
14012001	10	er	PRON	PPER				3	S		Nom	M
14012001	11	stark	ADV	ADJD	Pos							
14012001	12	werden	AUX	VAPP		Part						
14012001	13	sein	AUX	VAFIN		Fin	Past	3	S	Ind		
14012001	14	verlassen	VERB	VVFIN		Fin	Past	3	S	Ind		
14012001	15	er	PRON	PPER				3	S		Nom	M
14012001	16	der	DET	ART					S		Nom	N
14012001	17	Gesetz	NOUN	NN					S		Nom	N
14012001	18	Jahwe	PROPN	NE					S		Gen	
14012001	19	und	CCONJ	KON								
14012001	20	ganz	ADV	ADV								
14012001	21	Israel	PROPN	NE					S		Nom	N
14012001	22	mit	ADP	APPR								
14012001	23	ihm	PRON	PPER				3	S		Dat	M
14012002	1	und	CCONJ	KON								
14012002	2	es	PRON	PPER				3	S		Nom	N
14012002	3	geschehen	VERB	VVFIN		Fin	Past	3	S	Ind		
14012002	4	in	ADP	APPRART					S		Dat	N
14012002	5	fünfter	ADJ	ADJA	Pos				S		Acc	M
14012002	6	Jahr	NOUN	NN					P		Nom	N
14012002	7	der	DET	ART					S		Gen	M
14012002	8	König	PROPN	NE					S		Nom	
14012002	9	Rehabeam	NOUN	NN					S		Nom	N
14012002	10	da	ADV	ADV								
14012002	11	ziehen	VERB	VVFIN		Fin	Past	3	S	Ind		
14012002	12	Sisak	PROPN	NE					S		Nom	N
14012002	13	der	DET	ART					S		Nom	M
14012002	14	König	NOUN	NN					S		Nom	M
14012002	15	von	ADP	APPR								
14012002	16	Ägypten	PROPN	NE					S		Nom	N
14012002	17	mit	ADP	APPR								
14012002	18	1200	NUM	CARD								
14012002	19	Wagen	NOUN	NN					S		Nom	M
14012002	20	und	CCONJ	KON								
14012002	21	mit	ADP	APPR								
14012002	22	6000	NUM	CARD								
14012002	23	Reiter	NOUN	NN					P		Dat	M
14012002	24	wider	ADP	PTKVZ								
14012002	25	Jerusalem	PROPN	NE					S		Nom	N
14012002	26	herauf	ADV	PTKVZ								
14012002	27	weil	SCONJ	KOUS								
14012002	28	sie	PRON	PPER				3	P		Nom	
14012002	29	treulos	ADV	ADJD	Pos							
14012002	30	gegen	ADP	APPR								
14012002	31	Jahwe	NOUN	NN					S		Nom	M
14012002	32	handeln	VERB	VVPP		Part						
14012002	33	haben	AUX	VAFIN		Fin	Past	3	P	Ind		
14012003	1	und	CCONJ	KON								
14012003	2	ohne	ADP	APPR								
14012003	3	Zahl	NOUN	NN					S		Nom	F
14012003	4	sein	AUX	VAFIN		Fin	Past	3	S	Ind		
14012003	5	der	DET	ART					S		Nom	N
14012003	6	Volk	NOUN	NN					S		Nom	N
14012003	7	welcher	DET	PWAT					S		Acc	N
14012003	8	mit	ADP	APPR								
14012003	9	ihm	PRON	PPER				3	S		Dat	M
14012003	10	aus	ADP	PTKVZ								
14012003	11	Ägypten	PROPN	NE					S		Nom	N
14012003	12	kommen	VERB	VVFIN		Fin	Past	3	S	Ind		
14012003	13	Libyer	NOUN	NN					S		Nom	M
14012003	14	Sukkiter	NOUN	NN					P		Nom	M
14012003	15	und	CCONJ	KON								
14012003	16	Äthiopier	NOUN	NN					S		Nom	M
14012004	1	und	CCONJ	KON								
14012004	2	er	PRON	PPER				3	S		Nom	M
14012004	3	nehmen	VERB	VVFIN		Fin	Past	3	S	Ind		
14012004	4	der	DET	ART					S		Nom	F
14012004	5	fest	ADJ	ADJA	Pos				S		Acc	M
14012004	6	Stadt	NOUN	NN					P		Nom	F
14012004	7	ein	DET	ART					S		Nom	N
14012004	8	der	DET	ART					S		Nom	F
14012004	9	Juda	PROPN	NE					S		Nom	M
14012004	10	gehören	VERB	VVFIN		Fin	Past	3	P	Ind		
14012004	11	und	CCONJ	KON								
14012004	12	kommen	VERB	VVFIN		Fin	Past	3	S	Ind		
14012004	13	bis	CCONJ	KON								
14012004	14	nach	ADP	APPR								
14012004	15	Jerusalem	PROPN	NE					S		Nom	N
14012005	1	da	SCONJ	KOUS								
14012005	2	kommen	VERB	VVFIN		Fin	Past	3	S	Ind		
14012005	3	Schemaja	PROPN	NE					S		Nom	M
14012005	4	der	DET	ART					S		Nom	M
14012005	5	Prophet	NOUN	NN					S		Nom	M
14012005	6	zu	ADP	PTKVZ								
14012005	7	Rehabeam	NOUN	NN					S		Nom	N
14012005	8	und	CCONJ	KON								
14012005	9	zu	ADP	PTKVZ								
14012005	10	der	DET	ART					S		Acc	M
14012005	11	oberer	ADJ	ADJA	Sup				S		Dat	F
14012005	12	von	ADP	APPR								
14012005	13	Juda	PROPN	NE					S		Nom	M
14012005	14	der	DET	ART					S		Nom	F
14012005	15	sich	PRON	PRF				3	S		Acc	
14012005	16	vor	ADP	APPR								
14012005	17	Sisak	PROPN	NE					S		Nom	N
14012005	18	nach	ADP	APPR								
14012005	19	Jerusalem	PROPN	NE					S		Nom	N
14012005	20	zurückziehen	VERB	VVPP		Part						
14012005	21	haben	AUX	VAFIN		Fin	Past	3	P	Ind		
14012005	22	und	CCONJ	KON								
14012005	23	sprechen	VERB	VVFIN		Fin	Past	3	S	Ind		
14012005	24	zu	ADP	PTKVZ								
14012005	25	ihnen	PRON	PPER				3	P		Dat	
14012005	26	so	ADV	ADV								
14012005	27	sprechen	VERB	VVFIN		Fin	Pres	3	S	Ind		
14012005	28	Jahwe	NOUN	NN					S		Nom	M
14012005	29	ihr	PRON	PPER				2	P		Nom	
14012005	30	habben	VERB	VAFIN				2	P	Imp		
14012005	31	mich	PRON	PPER				1	S		Acc	
14012005	32	verlassen	VERB	VVINF		Inf						
14012005	33	so	ADV	ADV								
14012005	34	haben	AUX	VAFIN		Fin	Pres	3	S	Sub		
14012005	35	auch	ADV	ADV								
14012005	36	ich	PRON	PPER				1	S		Nom	
14012005	37	euch	PRON	PPER				2	P		Dat	
14012005	38	der	DET	ART					S		Nom	M
14012005	39	Hand	NOUN	NN					S		Nom	F
14012005	40	Sisak	PROPN	NE					S		Gen	
14012005	41	überlassen	VERB	VVPP		Part						
14012006	1	und	CCONJ	KON								
14012006	2	der	DET	ART					S		Nom	F
14012006	3	oberer	ADJ	ADJA	Sup				S		Dat	F
14012006	4	von	ADP	APPR								
14012006	5	Israel	PROPN	NE					S		Nom	N
14012006	6	und	CCONJ	KON								
14012006	7	der	DET	ART					S		Nom	M
14012006	8	König	NOUN	NN					S		Nom	M
14012006	9	Demütigt	VERB	VVFIN		Fin	Past	3	P	Ind		
14012006	10	sich	PRON	PRF				3	S		Acc	
14012006	11	und	CCONJ	KON								
14012006	12	sprechen	VERB	VVFIN		Fin	Past	3	P	Ind		
14012006	13	Jahwe	NOUN	NN					S		Nom	M
14012006	14	sein	AUX	VAFIN		Fin	Pres	3	S	Ind		
14012006	15	gerecht	ADV	ADJD	Pos							
14012007	1	und	CCONJ	KON								
14012007	2	als	ADP	KOKOM								
14012007	3	Jahwe	NOUN	NN					S		Nom	M
14012007	4	sehen	VERB	VVFIN		Fin	Past	3	S	Ind		
14012007	5	daß	SCONJ	KOUS								
14012007	6	sie	PRON	PPER				3	P		Nom	
14012007	7	sich	PRON	PRF				3	S		Acc	
14012007	8	demütigen	VERB	VVPP		Part						
14012007	9	haben	AUX	VAFIN		Fin	Past	3	P	Ind		
14012007	10	geschehen	VERB	VVFIN		Fin	Past	3	S	Ind		
14012007	11	der	DET	ART					S		Nom	N
14012007	12	Wort	NOUN	NN					S		Nom	N
14012007	13	Jahwe	PROPN	NE					S		Gen	
14012007	14	zu	ADP	PTKVZ								
14012007	15	Schemaja	PROPN	NE					S		Nom	M
14012007	16	also	ADV	ADV								
14012007	17	sie	PRON	PPER				3	P		Nom	
14012007	18	haben	AUX	VAFIN		Fin	Pres	3	P	Ind		
14012007	19	sich	PRON	PRF				3	S		Acc	
14012007	20	demütigen	VERB	VVPP		Part						
14012007	21	ich	PRON	PPER				1	S		Nom	
14012007	22	wollen	AUX	VMFIN		Fin	Pres	3	S	Ind		
14012007	23	sie	PRON	PPER				3	P		Nom	
14012007	24	nicht	PART	PTKNEG								
14012007	25	verderben	VERB	VVINF		Inf						
14012007	26	und	CCONJ	KON								
14012007	27	wollen	AUX	VMFIN		Fin	Pres	3	S	Ind		
14012007	28	ihnen	PRON	PPER				3	P		Dat	
14012007	29	ein	DET	ART					S		Nom	N
14012007	30	wenig	PRON	PIS								
14012007	31	Errettung	NOUN	NN					S		Nom	F
14012007	32	geben	VERB	VVINF		Inf						
14012007	33	und	CCONJ	KON								
14012007	34	mein	DET	PPOSAT					S		Nom	N
14012007	35	Grimm	PROPN	NE					S		Nom	M
14012007	36	sollen	AUX	VMFIN		Fin	Pres	3	S	Ind		
14012007	37	sich	PRON	PRF				3	S		Acc	
14012007	38	nicht	PART	PTKNEG								
14012007	39	durch	ADP	APPR								
14012007	40	Sisak	PROPN	NE					S		Nom	N
14012007	41	über	ADP	APPR								
14012007	42	Jerusalem	PROPN	NE					S		Nom	N
14012007	43	ergießen	VERB	VVINF		Inf						
14012008	1	doch	CCONJ	KON								
14012008	2	sollen	AUX	VMFIN		Fin	Pres	3	P	Ind		
14012008	3	sie	PRON	PPER				3	P		Nom	
14012008	4	ihm	PRON	PPER				3	S		Dat	M
14012008	5	zu	ADP	PTKVZ								
14012008	6	knechte	NOUN	NN					P		Nom	M
14012008	7	sein	AUX	VAINF		Inf						
14012008	8	damit	ADV	PROAV								
14012008	9	sie	PRON	PPER				3	P		Nom	
14012008	10	meinen	VERB	VVFIN		Fin	Pres	3	P	Ind		
14012008	11	Dienst	NOUN	NN					S		Nom	M
14012008	12	kennen	VERB	VVINF		Fin	Pres	3	P	Ind		
14012008	13	lernen	VERB	VVINF		Inf						
14012008	14	und	CCONJ	KON								
14012008	15	der	DET	ART					S		Acc	M
14012008	16	Dienst	NOUN	NN					S		Nom	M
14012008	17	der	DET	ART					S		Nom	M
14012008	18	Königreich	NOUN	NN					P		Nom	N
14012008	19	der	DET	ART					S		Nom	M
14012008	20	Land	NOUN	NN					P		Nom	N
14012009	1	und	CCONJ	KON								
14012009	2	Sisak	PROPN	NE					S		Nom	N
14012009	3	der	DET	ART					S		Nom	M
14012009	4	König	NOUN	NN					S		Nom	M
14012009	5	von	ADP	APPR								
14012009	6	Ägypten	PROPN	NE					S		Nom	N
14012009	7	ziehen	VERB	VVFIN		Fin	Past	3	S	Ind		
14012009	8	wider	ADP	PTKVZ								
14012009	9	Jerusalem	PROPN	NE					S		Nom	N
14012009	10	herauf	ADV	PTKVZ								
14012009	11	und	CCONJ	KON								
14012009	12	er	PRON	PPER				3	S		Nom	M
14012009	13	nehmen	VERB	VVFIN		Fin	Past	3	S	Ind		
14012009	14	der	DET	ART					S		Nom	F
14012009	15	Schatz	NOUN	NN					P		Nom	M
14012009	16	der	DET	ART					S		Gen	M
14012009	17	Haus	NOUN	NN					S		Gen	N
14012009	18	Jahwe	PROPN	NE					S		Gen	
14012009	19	Weg	ADV	PTKVZ								
14012009	20	und	CCONJ	KON								
14012009	21	der	DET	ART					S		Nom	F
14012009	22	Schatz	NOUN	NN					P		Nom	M
14012009	23	der	DET	ART					S		Gen	M
14012009	24	Haus	NOUN	NN					S		Gen	N
14012009	25	der	DET	ART					S		Gen	M
14012009	26	König	PROPN	NE					S		Nom	
14012009	27	alle	PRON	PIS					S		Nom	N
14012009	28	nehmen	VERB	VVFIN		Fin	Past	3	S	Ind		
14012009	29	er	PRON	PPER				3	S		Nom	M
14012009	30	Weg	ADV	PTKVZ								
14012009	31	und	CCONJ	KON								
14012009	32	er	PRON	PPER				3	S		Nom	M
14012009	33	nehmen	VERB	VVFIN		Fin	Past	3	S	Ind		
14012009	34	der	DET	ART					S		Nom	F
14012009	35	golden	ADJ	ADJA	Pos				S		Acc	M
14012009	36	Schild	NOUN	NN					P		Nom	N
14012009	37	Weg	ADV	PTKVZ								
14012009	38	der	DET	ART					S		Nom	F
14012009	39	Salomo	PROPN	NE					S		Nom	M
14012009	40	machen	VERB	VVPP		Part						
14012009	41	haben	AUX	VAFIN		Fin	Past	3	S	Ind		
14012010	1	und	CCONJ	KON								
14012010	2	der	DET	ART					S		Nom	M
14012010	3	König	NOUN	NN					S		Nom	M
14012010	4	Rehabeam	NOUN	NN					S		Nom	N
14012010	5	machen	VERB	VVFIN		Fin	Past	3	S	Ind		
14012010	6	an	ADP	PTKVZ								
14012010	7	ihr	DET	PPOSAT					S		Dat	F
14012010	8	statt	SCONJ	KOUI								
14012010	9	ehern	DET	ADJA					S		Nom	F
14012010	10	Schild	NOUN	NN					P		Nom	N
14012010	11	und	CCONJ	KON								
14012010	12	er	PRON	PPER				3	S		Nom	M
14012010	13	befehlen	VERB	VVFIN		Fin	Past	3	S	Ind		
14012010	14	sie	PRON	PPER				3	P		Nom	
14012010	15	unter	ADP	APPR								
14012010	16	der	DET	ART					S		Nom	F
14012010	17	Hand	NOUN	NN					S		Nom	F
14012010	18	der	DET	ART					S		Nom	M
14012010	19	oberer	ADJ	ADJA	Sup				S		Dat	F
14012010	20	der	DET	ART					S		Nom	M
14012010	21	Läufer	NOUN	NN					P		Nom	M
14012010	22	der	DET	ART					S		Nom	F
14012010	23	der	DET	ART					S		Acc	M
14012010	24	Eingang	NOUN	NN					S		Nom	M
14012010	25	der	DET	ART					S		Gen	M
14012010	26	Haus	NOUN	NN					S		Gen	N
14012010	27	der	DET	ART					S		Gen	M
14012010	28	König	PROPN	NE					S		Nom	
14012010	29	bewachn	VERB	VVFIN		Fin	Past	3	P	Ind		
14012011	1	und	CCONJ	KON								
14012011	2	es	PRON	PPER				3	S		Nom	N
14012011	3	geschehen	VERB	VVFIN		Fin	Past	3	S	Ind		
14012011	4	so	ADV	ADV								
14012011	5	oft	ADV	ADV								
14012011	6	der	DET	ART					S		Nom	M
14012011	7	König	NOUN	NN					S		Nom	M
14012011	8	in	ADP	APPR								
14012011	9	der	DET	ART					S		Nom	N
14012011	10	Haus	NOUN	NN					S		Nom	N
14012011	11	Jahwe	PROPN	NE					S		Gen	
14012011	12	gehen	VERB	VVFIN		Fin	Past	3	S	Ind		
14012011	13	kommen	VERB	VVFIN		Fin	Past	3	P	Ind		
14012011	14	der	DET	ART					S		Nom	F
14012011	15	Läufer	NOUN	NN					P		Nom	M
14012011	16	und	CCONJ	KON								
14012011	17	tragen	VERB	VVFIN		Fin	Past	3	P	Ind		
14012011	18	derselbe	DET	PDAT					S		Nom	F
14012011	19	und	CCONJ	KON								
14012011	20	bringen	VERB	VVFIN		Fin	Past	3	P	Ind		
14012011	21	sie	PRON	PPER				3	P		Nom	
14012011	22	dann	ADV	ADV								
14012011	23	wieder	ADV	ADV								
14012011	24	in	ADP	APPR								
14012011	25	der	DET	ART					S		Nom	N
14012011	26	Gemach	NOUN	NN					S		Nom	N
14012011	27	der	DET	ART					S		Nom	M
14012011	28	Läufer	NOUN	NN					P		Nom	M
14012011	29	zurück	ADV	PTKVZ								
14012012	1	und	CCONJ	KON								
14012012	2	als	ADP	KOKOM								
14012012	3	er	PRON	PPER				3	S		Nom	M
14012012	4	sich	PRON	PRF				3	S		Acc	
14012012	5	demütigen	VERB	VVFIN		Fin	Past	3	S	Ind		
14012012	6	wenden	VERB	VVFIN		Fin	Past	3	S	Ind		
14012012	7	sich	PRON	PRF				3	S		Acc	
14012012	8	der	DET	ART					S		Nom	M
14012012	9	Zorn	NOUN	NN					S		Nom	M
14012012	10	Jahwe	PROPN	NE					S		Gen	
14012012	11	von	ADP	APPR								
14012012	12	ihm	PRON	PPER				3	S		Dat	M
14012012	13	ab	ADP	PTKVZ								
14012012	14	so	ADV	ADV								
14012012	15	daß	SCONJ	KOUS								
14012012	16	er	PRON	PPER				3	S		Nom	M
14012012	17	ihn	PRON	PPER				3	S		Acc	M
14012012	18	nicht	PART	PTKNEG								
14012012	19	völlig	ADV	ADJD	Pos							
14012012	20	verderben	VERB	VVFIN		Fin	Past	3	S	Ind		
14012012	21	und	CCONJ	KON								
14012012	22	auch	ADV	ADV								
14012012	23	sein	AUX	VAFIN		Fin	Past	3	S	Ind		
14012012	24	in	ADP	APPR								
14012012	25	Juda	PROPN	NE					S		Nom	M
14012012	26	noch	CCONJ	KON								
14012012	27	etwas	PRON	PIS								N
14012012	28	gute	NOUN	NN					S		Nom	N
14012013	1	und	CCONJ	KON								
14012013	2	der	DET	ART					S		Nom	M
14012013	3	König	NOUN	NN					S		Nom	M
14012013	4	Rehabeam	NOUN	NN					S		Nom	N
14012013	5	erstarken	VERB	VVFIN		Fin	Past	3	S	Ind		
14012013	6	zu	ADP	PTKVZ								
14012013	7	Jerusalem	PROPN	NE					S		Nom	N
14012013	8	und	CCONJ	KON								
14012013	9	regieren	VERB	VVFIN		Fin	Past	3	S	Ind		
14012013	10	denn	CCONJ	KON								
14012013	11	Rehabeam	NOUN	NN					S		Nom	N
14012013	12	sein	AUX	VAFIN		Fin	Past	3	S	Ind		
14012013	13	41	NUM	CARD								
14012013	14	Jahr	NOUN	NN					P		Nom	N
14012013	15	alt	ADV	ADJD	Pos							
14012013	16	als	ADP	KOKOM								
14012013	17	er	PRON	PPER				3	S		Nom	M
14012013	18	König	NOUN	NN					S		Nom	M
14012013	19	werden	AUX	VAFIN		Fin	Past	3	S	Ind		
14012013	20	und	CCONJ	KON								
14012013	21	er	PRON	PPER				3	S		Nom	M
14012013	22	regieren	VERB	VVFIN		Fin	Past	3	S	Ind		
14012013	23	Siebzehn	NUM	CARD								
14012013	24	Jahr	NOUN	NN					P		Nom	N
14012013	25	zu	ADP	PTKVZ								
14012013	26	Jerusalem	PROPN	NE					S		Nom	N
14012013	27	der	DET	ART					S		Nom	M
14012013	28	Stadt	NOUN	NN					S		Nom	F
14012013	29	der	DET	ART					S		Nom	F
14012013	30	Jahwe	NOUN	NN					S		Nom	M
14012013	31	aus	ADP	PTKVZ								
14012013	32	aller	DET	PIS					P		Dat	
14012013	33	Stämme	NOUN	NN					P		Dat	M
14012013	34	Israel	PROPN	NE					S		Gen	N
14012013	35	erwählen	VERB	VVPP		Part						
14012013	36	haben	AUX	VAFIN		Fin	Past	3	S	Ind		
14012013	37	um	ADP	APPR								
14012013	38	sein	DET	PPOSAT					S		Acc	M
14012013	39	Name	NOUN	NN					P		Nom	M
14012013	40	dahin	ADV	PROAV								
14012013	41	zu	ADP	PTKVZ								
14012013	42	setzen	VERB	VVINF		Fin	Pres	3	P	Ind		
14012013	43	und	CCONJ	KON								
14012013	44	der	DET	ART					S		Nom	M
14012013	45	Name	NOUN	NN					S		Nom	M
14012013	46	sein	DET	PPOSAT					S		Dat	F
14012013	47	Mutter	NOUN	NN					S		Nom	F
14012013	48	sein	AUX	VAFIN		Fin	Past	3	S	Ind		
14012013	49	Naama	PROPN	NE					S		Nom	M
14012013	50	der	DET	ART					S		Nom	F
14012013	51	Ammonitin	NOUN	NN					S		Nom	F
14012014	1	und	CCONJ	KON								
14012014	2	er	PRON	PPER				3	S		Nom	M
14012014	3	tun	VERB	VVFIN		Fin	Past	3	S	Ind		
14012014	4	was	PRON	PWS					S		Nom	N
14012014	5	böse	ADV	ADJD	Pos							
14012014	6	sein	AUX	VAFIN		Fin	Past	3	S	Ind		
14012014	7	denn	CCONJ	KON								
14012014	8	er	PRON	PPER				3	S		Nom	M
14012014	9	richten	VERB	VVFIN		Fin	Past	3	S	Ind		
14012014	10	sein	AUX	VAINF		Inf						
14012014	11	Herz	NOUN	NN					S		Nom	N
14012014	12	nicht	PART	PTKNEG								
14012014	13	darauf	ADV	PROAV								
14012014	14	Jahwe	NOUN	NN					S		Nom	M
14012014	15	zu	ADP	PTKVZ								
14012014	16	suchen	VERB	VVINF		Inf						
14012015	1	und	CCONJ	KON								
14012015	2	der	DET	ART					S		Nom	F
14012015	3	Geschichte	NOUN	NN					S		Nom	F
14012015	4	Rehabeam	PROPN	NE					S		Gen	
14012015	5	der	DET	ART					S		Nom	F
14012015	6	erster	ADJ	ADJA	Pos				S		Nom	F
14012015	7	und	CCONJ	KON								
14012015	8	der	DET	ART					S		Nom	F
14012015	9	letzter	ADJ	ADJA	Pos				S		Nom	F
14012015	10	sein	AUX	VAFIN		Fin	Pres	3	S	Ind		
14012015	11	sie	PRON	PPER				3	P		Nom	
14012015	12	nicht	PART	PTKNEG								
14012015	13	schreiben	VERB	VVPP		Part						
14012015	14	in	ADP	APPR								
14012015	15	der	DET	ART					S		Nom	M
14012015	16	Geschichte	NOUN	NN					S		Nom	F
14012015	17	Schemajas	PROPN	NE					S		Nom	
14012015	18	der	DET	ART					S		Gen	M
14012015	19	Prophet	NOUN	NN					P		Nom	M
14012015	20	und	CCONJ	KON								
14012015	21	Iddo	PROPN	NN					S		Gen	
14012015	22	der	DET	ART					S		Gen	M
14012015	23	Seher	PROPN	NE					S		Gen	
14012015	24	in	ADP	APPR								
14012015	25	der	DET	ART					S		Acc	M
14012015	26	Geschlechtsverzeichnisse	NOUN	NN					P		Dat	M
14012015	27	und	CCONJ	KON								
14012015	28	der	DET	ART					S		Nom	F
14012015	29	Krieg	NOUN	NN					P		Nom	M
14012015	30	Rehabeam	PROPN	NE					S		Gen	
14012015	31	und	CCONJ	KON								
14012015	32	Jerobeam	PROPN	NE					S		Gen	
14012015	33	währen	VERB	VVFIN		Fin	Past	3	P	Ind		
14012015	34	immerfort	ADV	ADV								
14012016	1	und	CCONJ	KON								
14012016	2	Rehabeam	NOUN	NN					S		Nom	N
14012016	3	legen	VERB	VVFIN		Fin	Past	3	S	Ind		
14012016	4	sich	PRON	PRF				3	S		Acc	
14012016	5	zu	ADP	PTKVZ								
14012016	6	sein	DET	PPOSAT					S		Acc	M
14012016	7	Vätern	NOUN	NN					P		Dat	M
14012016	8	und	CCONJ	KON								
14012016	9	er	PRON	PPER				3	S		Nom	M
14012016	10	werden	AUX	VAFIN		Fin	Past	3	S	Ind		
14012016	11	begraben	VERB	VVPP		Part						
14012016	12	in	ADP	APPR								
14012016	13	der	DET	ART					S		Nom	M
14012016	14	Stadt	NOUN	NN					S		Nom	F
14012016	15	David	PROPN	NE					S		Gen	M
14012016	16	und	CCONJ	KON								
14012016	17	Abija	PROPN	NE					S		Nom	F
14012016	18	sein	AUX	VAINF		Inf						
14012016	19	Sohn	NOUN	NN					S		Nom	M
14012016	20	werden	VERB	VAFIN		Fin	Past	3	S	Ind		
14012016	21	König	NOUN	NN					S		Nom	M
14012016	22	an	ADP	PTKVZ								
14012016	23	sein	DET	PPOSAT					S		Dat	F
14012016	24	statt	SCONJ	KOUI								
14013001	1	in	ADP	APPRART					S		Dat	M
14013001	2	achtzehnter	ADJ	ADJA	Pos				S		Gen	M
14013001	3	Jahr	NOUN	NN					P		Nom	N
14013001	4	der	DET	ART					S		Gen	M
14013001	5	König	PROPN	NE					S		Nom	
14013001	6	Jerobeam	NOUN	NN					S		Nom	M
14013001	7	da	ADV	ADV								
14013001	8	werden	AUX	VAFIN		Fin	Past	3	S	Ind		
14013001	9	Abija	PROPN	NE					S		Nom	F
14013001	10	König	NOUN	NN					S		Nom	M
14013001	11	über	ADP	APPR								
14013001	12	Juda	PROPN	NE					S		Nom	M
14013002	1	er	PRON	PPER				3	S		Nom	M
14013002	2	regieren	VERB	VVFIN		Fin	Past	3	S	Ind		
14013002	3	drei	NUM	CARD								
14013002	4	Jahr	NOUN	NN					P		Nom	N
14013002	5	zu	ADP	PTKVZ								
14013002	6	Jerusalem	PROPN	NE					S		Nom	N
14013002	7	und	CCONJ	KON								
14013002	8	der	DET	ART					S		Nom	M
14013002	9	Name	NOUN	NN					S		Nom	M
14013002	10	sein	DET	PPOSAT					S		Dat	F
14013002	11	Mutter	NOUN	NN					S		Nom	F
14013002	12	sein	AUX	VAFIN		Fin	Past	3	S	Ind		
14013002	13	Mikaja	PROPN	NE					S		Nom	N
14013002	14	der	DET	ART					S		Nom	F
14013002	15	Tochter	NOUN	NN					S		Nom	F
14013002	16	Uriel	PROPN	NE					S		Gen	N
14013002	17	von	ADP	APPR								
14013002	18	Gibea	PROPN	NE					S		Nom	
14013002	19	und	CCONJ	KON								
14013002	20	es	PRON	PPER				3	S		Nom	N
14013002	21	sein	AUX	VAFIN		Fin	Past	3	S	Ind		
14013002	22	Krieg	NOUN	NN					S		Nom	M
14013002	23	zwischen	ADP	APPR								
14013002	24	Abija	PROPN	NE					S		Nom	F
14013002	25	und	CCONJ	KON								
14013002	26	Jerobeam	NOUN	NN					S		Nom	M
14013003	1	und	CCONJ	KON								
14013003	2	Abija	PROPN	NE					S		Nom	F
14013003	3	eröffnen	VERB	VVFIN		Fin	Past	3	S	Ind		
14013003	4	der	DET	ART					S		Acc	M
14013003	5	Krieg	NOUN	NN					S		Nom	M
14013003	6	mit	ADP	APPR								
14013003	7	ein	DET	ART					S		Dat	M
14013003	8	Heer	NOUN	NN					P		Nom	M
14013003	9	von	ADP	APPR								
14013003	10	tapfer	ADJ	ADJA	Pos				S		Acc	M
14013003	11	Krieger	NOUN	NN					P		Dat	M
14013003	12	400000	NUM	CARD								
14013003	13	auserlesen	ADJ	ADJA	Pos				S		Acc	M
14013003	14	Mann	NOUN	NN					P		Dat	M
14013003	15	und	CCONJ	KON								
14013003	16	Jerobeam	NOUN	NN					S		Nom	M
14013003	17	stellen	VERB	VVFIN		Fin	Past	3	S	Ind		
14013003	18	sich	PRON	PRF				3	S		Acc	
14013003	19	gegen	ADP	APPR								
14013003	20	ihn	PRON	PPER				3	S		Acc	M
14013003	21	in	ADP	APPR								
14013003	22	Schlachtordnung	NOUN	NN					S		Nom	F
14013003	23	auf	ADP	PTKVZ								
14013003	24	mit	ADP	APPR								
14013003	25	800000	NUM	CARD								
14013003	26	auserlesen	ADJ	ADJA	Pos				S		Acc	M
14013003	27	Mann	NOUN	NN					P		Dat	M
14013003	28	tapfer	ADJ	ADJA	Pos				S		Acc	M
14013003	29	Held	NOUN	NN					P		Nom	M
14013004	1	da	SCONJ	KOUS								
14013004	2	stellen	VERB	VVFIN		Fin	Past	3	S	Ind		
14013004	3	sich	PRON	PRF				3	S		Acc	
14013004	4	Abija	PROPN	NE					S		Nom	F
14013004	5	oben	ADV	ADV								
14013004	6	auf	ADP	PTKVZ								
14013004	7	der	DET	ART					S		Acc	M
14013004	8	Berg	NOUN	NE					S		Nom	M
14013004	9	Zemaraim	PROPN	NE					S		Nom	
14013004	10	der	DET	ART					S		Nom	M
14013004	11	in	ADP	APPRART					S		Dat	N
14013004	12	Gebirge	NOUN	NN					S		Nom	N
14013004	13	Ephraim	NOUN	NN					P		Nom	M
14013004	14	liegen	VERB	VVFIN		Fin	Pres	3	S	Ind		
14013004	15	und	CCONJ	KON								
14013004	16	sprechen	VERB	VVFIN		Fin	Past	3	S	Ind		
14013004	17	höret	NOUN	NN					S		Nom	N
14013004	18	mich	PRON	PPER				1	S		Acc	
14013004	19	Jerobeam	NOUN	NN					S		Nom	M
14013004	20	und	CCONJ	KON								
14013004	21	ganz	ADV	ADV								
14013004	22	Israel	PROPN	NE					S		Nom	N
14013005	1	Sollten	VERB	VMFIN		Fin	Pres	3	S	Ind		
14013005	2	ihr	PRON	PPOSAT				3	S		Dat	F
14013005	3	nicht	PART	PTKNEG								
14013005	4	wissen	VERB	VVINF		Inf						
14013005	5	daß	SCONJ	KOUS								
14013005	6	Jahwe	NOUN	NN					S		Nom	M
14013005	7	der	DET	ART					S		Nom	M
14013005	8	Gott	NOUN	NN					S		Nom	M
14013005	9	Israel	PROPN	NE					S		Gen	N
14013005	10	der	DET	ART					S		Nom	N
14013005	11	Königtum	NOUN	NN					S		Nom	N
14013005	12	über	ADP	APPR								
14013005	13	Israel	PROPN	NE					S		Nom	N
14013005	14	der	DET	ART					S		Dat	M
14013005	15	David	PROPN	NE					S		Nom	M
14013005	16	geben	VERB	VVPP		Part						
14013005	17	haben	AUX	VAFIN		Fin	Pres	3	S	Ind		
14013005	18	ewiglich	ADV	ADJD	Pos							
14013005	19	ihm	PRON	PPER				3	S		Dat	M
14013005	20	und	CCONJ	KON								
14013005	21	sein	DET	PPOSAT					S		Acc	M
14013005	22	Söhn	NOUN	NN					P		Dat	M
14013005	23	durch	ADP	APPR								
14013005	24	ein	DET	ART					S		Acc	M
14013005	25	Salzbund	PROPN	NE					S		Nom	
14013006	1	aber	CCONJ	KON								
14013006	2	Jerobeam	NOUN	NN					S		Nom	M
14013006	3	der	DET	ART					S		Nom	M
14013006	4	Sohn	NOUN	NN					S		Nom	M
14013006	5	Nebat	PROPN	NE					S		Gen	
14013006	6	der	DET	ART					S		Nom	M
14013006	7	Knecht	NOUN	NN					S		Nom	M
14013006	8	Salomos	PROPN	NE					S		Nom	
14013006	9	der	DET	ART					S		Gen	M
14013006	10	Sohn	PROPN	NE					S		Gen	M
14013006	11	David	PROPN	NE					S		Gen	M
14013006	12	erheben	VERB	VVFIN		Fin	Past	3	S	Ind		
14013006	13	sich	PRON	PRF				3	S		Acc	
14013006	14	und	CCONJ	KON								
14013006	15	empören	VERB	VVFIN		Fin	Past	3	S	Ind		
14013006	16	sich	PRON	PRF				3	S		Acc	
14013006	17	wider	ADP	PTKVZ								
14013006	18	sein	DET	PPOSAT					S		Acc	M
14013006	19	Herr	NOUN	NN					S		Acc	M
14013007	1	und	CCONJ	KON								
14013007	2	es	PRON	PPER				3	S		Nom	N
14013007	3	versammeln	VERB	ADJA		Fin	Past	3	P	Ind		
14013007	4	sich	PRON	PRF				3	S		Acc	
14013007	5	zu	ADP	PTKVZ								
14013007	6	ihm	PRON	PPER				3	S		Dat	M
14013007	7	lose	ADJ	ADJA	Pos				S		Nom	F
14013007	8	Mann	NOUN	NN					P		Nom	M
14013007	9	Sohn	NOUN	NN					P		Nom	M
14013007	10	Belial	PROPN	NE					S		Nom	
14013007	11	und	CCONJ	KON								
14013007	12	widersetzn	VERB	VVFIN		Fin	Past	3	P	Ind		
14013007	13	sich	PRON	PRF				3	S		Acc	
14013007	14	Rehabeam	NOUN	NN					S		Nom	N
14013007	15	der	DET	ART					S		Dat	M
14013007	16	Sohn	NOUN	NN					S		Acc	M
14013007	17	Salomos	PROPN	NE					S		Nom	
14013007	18	Rehabeam	NOUN	NN					S		Nom	N
14013007	19	aber	CCONJ	KON								
14013007	20	sein	AUX	VAFIN		Fin	Past	3	S	Ind		
14013007	21	ein	DET	ART					S		Nom	N
14013007	22	Jüngling	NOUN	NN					S		Nom	M
14013007	23	und	CCONJ	KON								
14013007	24	schwach	ADJ	ADJA	Pos				S		Acc	M
14013007	25	Herzens	NOUN	NN					P		Nom	N
14013007	26	und	CCONJ	KON								
14013007	27	er	PRON	PPER				3	S		Nom	M
14013007	28	halten	VERB	VVFIN		Fin	Past	3	S	Ind		
14013007	29	nicht	PART	PTKNEG								
14013007	30	stehen	VERB	VVFIN		Fin	Past	3	S	Ind		
14013007	31	vor	ADP	APPR								
14013007	32	ihnen	PRON	PPER				3	P		Dat	
14013008	1	und	CCONJ	KON								
14013008	2	nun	ADV	ADV								
14013008	3	Gedenket	NOUN	NN					S		Nom	N
14013008	4	ihr	PRON	PPOSAT				3	S		Dat	F
14013008	5	stehen	VERB	VVFIN		Fin	Past	3	S	Ind		
14013008	6	zu	ADP	PTKVZ								
14013008	7	halten	VERB	VVINF		Fin	Pres	3	P	Ind		
14013008	8	vor	ADP	APPR								
14013008	9	der	DET	ART					S		Dat	M
14013008	10	Königtum	NOUN	NN					S		Nom	N
14013008	11	Jahwe	PROPN	NE					S		Gen	
14013008	12	in	ADP	APPR								
14013008	13	der	DET	ART					S		Nom	M
14013008	14	Hand	NOUN	NN					S		Nom	F
14013008	15	der	DET	ART					S		Nom	M
14013008	16	Sohn	NOUN	NN					P		Nom	M
14013008	17	David	PROPN	NE					S		Gen	M
14013008	18	weil	SCONJ	KOUS								
14013008	19	ihr	PRON	PPOSAT				3	S		Dat	F
14013008	20	ein	DET	ART					S		Nom	F
14013008	21	groß	ADJ	ADJA	Pos				S		Nom	F
14013008	22	Menge	NOUN	NN					S		Nom	F
14013008	23	sein	AUX	VAFIN		Fin	Pres	2	P	Ind		
14013008	24	und	CCONJ	KON								
14013008	25	der	DET	ART					S		Nom	F
14013008	26	golden	ADJ	ADJA	Pos				S		Acc	M
14013008	27	Kälber	NOUN	NN					P		Nom	N
14013008	28	bei	ADP	APPR								
14013008	29	euch	PRON	PPER				2	P		Dat	
14013008	30	sein	AUX	VAFIN		Fin	Pres	3	P	Ind		
14013008	31	der	DET	ART					S		Nom	F
14013008	32	Jerobeam	NOUN	NN					S		Nom	M
14013008	33	euch	PRON	PPER				2	P		Dat	
14013008	34	zu	ADP	PTKVZ								
14013008	35	Götter	NOUN	NN					P		Dat	M
14013008	36	machen	VERB	VVPP		Part						
14013008	37	haben	AUX	VAFIN		Fin	Pres	3	S	Ind		
14013009	1	habben	VERB	VAFIN		Fin	Pres	3	S	Ind		
14013009	2	ihr	PRON	PPOSAT				3	S		Dat	F
14013009	3	nicht	PART	PTKNEG								
14013009	4	der	DET	ART					S		Nom	F
14013009	5	Priester	NOUN	NN					P		Nom	M
14013009	6	Jahwe	PROPN	NE					S		Gen	
14013009	7	der	DET	ART					S		Nom	F
14013009	8	Sohn	NOUN	NN					P		Nom	M
14013009	9	Aaron	PROPN	NE					S		Gen	
14013009	10	und	CCONJ	KON								
14013009	11	der	DET	ART					S		Nom	F
14013009	12	Levit	NOUN	NN					P		Nom	M
14013009	13	verstoßen	VERB	VVPP		Part						
14013009	14	und	CCONJ	KON								
14013009	15	euch	PRON	PPER				2	P		Dat	
14013009	16	Priester	NOUN	NN					P		Nom	M
14013009	17	machen	VERB	VVPP		Part						
14013009	18	wie	ADP	KOKOM								
14013009	19	der	DET	ART					S		Nom	F
14013009	20	Volk	NOUN	NN					P		Nom	N
14013009	21	der	DET	ART					S		Nom	M
14013009	22	Land	NOUN	NN					P		Nom	N
14013009	23	wer	PRON	PWS					S		Nom	M
14013009	24	irgend	ADV	ADV								
14013009	25	mit	ADP	APPR								
14013009	26	ein	DET	ART					S		Dat	M
14013009	27	jung	ADJ	ADJA	Pos				P		Dat	M
14013009	28	Farr	NOUN	NN					P		Nom	M
14013009	29	und	CCONJ	KON								
14013009	30	sieben	NUM	CARD								
14013009	31	Widder	NOUN	NN					S		Nom	N
14013009	32	kommen	VERB	VVFIN		Fin	Past	3	S	Ind		
14013009	33	um	ADP	APPR								
14013009	34	sich	PRON	PRF				3	S		Acc	
14013009	35	weihen	VERB	VVINF		Inf						
14013009	36	zu	ADP	PTKVZ								
14013009	37	lassen	VERB	VVINF		Fin	Pres	3	P	Ind		
14013009	38	der	DET	ART					S		Nom	M
14013009	39	werden	AUX	VAFIN		Fin	Past	3	S	Ind		
14013009	40	ein	DET	ART					S		Nom	N
14013009	41	Priester	NOUN	NN					P		Nom	M
14013009	42	der	DET	ART					S		Nom	M
14013009	43	Nicht-Götter	PROPN	NE					S		Nom	
14013010	1	wir	PRON	PPER				1	P		Nom	
14013010	2	aber	CCONJ	KON								
14013010	4	Jahwe	NOUN	NN					S		Nom	M
14013010	5	sein	AUX	VAFIN		Fin	Pres	3	S	Ind		
14013010	6	unser	DET	PPOSAT					S		Nom	N
14013010	7	Gott	NOUN	NN					S		Nom	M
14013010	8	und	CCONJ	KON								
14013010	9	wir	PRON	PPER				1	P		Nom	
14013010	10	haben	AUX	VAFIN		Fin	Pres	3	P	Ind		
14013010	11	ihn	PRON	PPER				3	S		Acc	M
14013010	12	nicht	PART	PTKNEG								
14013010	13	verlassen	VERB	VVINF		Inf						
14013010	14	und	CCONJ	KON								
14013010	15	Priester	NOUN	NN					P		Nom	M
14013010	16	Sohn	NOUN	NN					P		Nom	M
14013010	17	Aaron	PROPN	NE					S		Gen	
14013010	18	dienen	VERB	VVINF		Inf						
14013010	19	Jahwe	NOUN	NN					S		Nom	M
14013010	20	und	CCONJ	KON								
14013010	21	der	DET	ART					S		Nom	F
14013010	22	Levit	NOUN	NN					P		Nom	M
14013010	23	sein	AUX	VAFIN		Fin	Pres	3	P	Ind		
14013010	24	in	ADP	APPR								
14013010	25	ihr	DET	PPOSAT					S		Dat	N
14013010	26	Geschäft	NOUN	NN					S		Nom	N
14013011	1	und	CCONJ	KON								
14013011	2	sie	PRON	PPER				3	P		Nom	
14013011	3	räuchern	VERB	VVINF		Inf						
14013011	4	der	DET	ART					S		Dat	M
14013011	5	Jahwe	NOUN	NN					S		Nom	M
14013011	6	Brandopfer	NOUN	NN					S		Nom	M
14013011	7	Morgen	ADV	NN								
14013011	8	für	ADP	APPR								
14013011	9	Morgen	ADV	NN								
14013011	10	und	CCONJ	KON								
14013011	11	Abend	NOUN	NN					S		Nom	M
14013011	12	für	ADP	APPR								
14013011	13	Abend	NOUN	NN					S		Nom	M
14013011	14	und	CCONJ	KON								
14013011	15	wohlriechend	ADJ	ADJA	Pos				S		Nom	N
14013011	16	Räucherwerk	NOUN	NN					S		Nom	N
14013011	17	und	CCONJ	KON								
14013011	18	wir	PRON	PPER				1	P		Nom	
14013011	19	haben	AUX	VAFIN		Fin	Pres	3	P	Ind		
14013011	20	der	DET	ART					S		Nom	N
14013011	21	Schichtbrot	PROPN	NE					S		Nom	
14013011	22	auf	ADP	PTKVZ								
14013011	23	der	DET	ART					S		Dat	M
14013011	24	rein	ADJ	ADJA	Pos				S		Acc	M
14013011	25	Tisch	NOUN	NN					P		Nom	M
14013011	26	und	CCONJ	KON								
14013011	27	der	DET	ART					S		Acc	M
14013011	28	golden	ADJ	ADJA	Pos				S		Acc	M
14013011	29	Leuchter	NOUN	NN					S		Nom	M
14013011	30	und	CCONJ	KON								
14013011	31	sein	DET	PPOSAT					S		Nom	F
14013011	32	Lampe	NOUN	NN					P		Nom	F
14013011	33	zu	ADP	APPRART					S		Dat	N
14013011	34	anzünden	NOUN	NN					S		Nom	N
14013011	35	Abend	NOUN	NN					S		Nom	M
14013011	36	für	ADP	APPR								
14013011	37	Abend	NOUN	NN					S		Nom	M
14013011	38	denn	CCONJ	KON								
14013011	39	wir	PRON	PPER				1	P		Nom	
14013011	40	warten	VERB	VVINF		Inf						
14013011	41	der	DET	ART					S		Nom	M
14013011	42	Hut	NOUN	NN					S		Nom	M
14013011	43	Jahwe	PROPN	NE					S		Gen	
14013011	44	unser	DET	PPOSAT					S		Gen	M
14013011	45	Gott	NOUN	NN					S		Gen	M
14013011	46	ihr	PRON	PPOSAT				3	S		Dat	F
14013011	47	aber	CCONJ	KON								
14013011	48	habben	VERB	VAFIN				2	P	Imp		
14013011	49	ihn	PRON	PPER				3	S		Acc	M
14013011	50	verlassen	VERB	VVINF		Inf						
14013012	1	und	CCONJ	KON								
14013012	2	sehen	VERB	VVIMP				2	S	Imp		
14013012	3	Gott	NOUN	NN					S		Nom	M
14013012	4	sein	AUX	VAFIN		Fin	Pres	3	S	Ind		
14013012	5	mit	ADP	APPR								
14013012	6	uns	PRON	PPER				1	P		Acc	
14013012	7	an	ADP	PTKVZ								
14013012	8	unser	DET	PPOSAT					S		Dat	F
14013012	9	Spitze	NOUN	NN					S		Nom	F
14013012	10	und	CCONJ	KON								
14013012	11	sein	DET	PPOSAT					S		Nom	F
14013012	12	Priester	NOUN	NN					P		Nom	M
14013012	13	und	CCONJ	KON								
14013012	14	der	DET	ART					S		Nom	F
14013012	15	Lärmtrompete	NOUN	NN					P		Nom	F
14013012	16	um	ADP	APPR								
14013012	17	Lärm	NOUN	NN					S		Nom	M
14013012	18	zu	ADP	PTKVZ								
14013012	19	blasen	VERB	VVINF		Inf						
14013012	20	wider	ADP	PTKVZ								
14013012	21	euch	PRON	PPER				2	P		Dat	
14013012	22	Kind	NOUN	NN					P		Nom	N
14013012	23	Israel	PROPN	NE					S		Nom	N
14013012	24	streiten	VERB	VVFIN		Fin	Pres	3	S	Ind		
14013012	25	nicht	PART	PTKNEG								
14013012	26	wider	ADP	PTKVZ								
14013012	27	Jahwe	NOUN	NN					S		Nom	M
14013012	28	der	DET	ART					S		Acc	M
14013012	29	Gott	NOUN	NN					S		Nom	M
14013012	30	eurer	PRON	PPOSAT							Gen	
14013012	31	Vater	NOUN	NN					P		Nom	M
14013012	32	denn	CCONJ	KON								
14013012	33	es	PRON	PPER				3	S		Nom	N
14013012	34	werden	AUX	VAFIN		Fin	Pres	3	S	Ind		
14013012	35	euch	PRON	PPER				2	P		Dat	
14013012	36	nicht	PART	PTKNEG								
14013012	37	gelingen	VERB	VVINF		Inf						
14013013	1	aber	CCONJ	KON								
14013013	2	Jerobeam	NOUN	NN					S		Nom	M
14013013	3	lassen	VERB	VVFIN		Fin	Past	3	S	Ind		
14013013	4	der	DET	ART					S		Acc	M
14013013	5	Hinterhalt	NOUN	NN					S		Nom	M
14013013	6	ein	DET	ART					S		Nom	F
14013013	7	Umgehung	NOUN	NN					S		Nom	F
14013013	8	machen	VERB	VVINF		Inf						
14013013	9	daß	SCONJ	KOUS								
14013013	10	er	PRON	PPER				3	S		Nom	M
14013013	11	ihnen	PRON	PPER				3	P		Dat	
14013013	12	in	ADP	APPR								
14013013	13	der	DET	ART					S		Acc	M
14013013	14	rücken	NOUN	NN					S		Nom	M
14013013	15	kommen	VERB	VVFIN		Fin	Past	3	S	Sub		
14013013	16	und	CCONJ	KON								
14013013	17	so	ADV	ADV								
14013013	18	stehen	VERB	VVFIN		Fin	Past	3	P	Ind		
14013013	19	sie	PRON	PPER				3	P		Nom	
14013013	20	in	ADP	APPRART					S		Dat	N
14013013	21	Angesicht	NOUN	NN					S		Nom	F
14013013	22	Judas	PROPN	NE					S		Nom	M
14013013	23	und	CCONJ	KON								
14013013	24	der	DET	ART					S		Nom	M
14013013	25	Hinterhalt	NOUN	NN					S		Nom	M
14013013	26	in	ADP	APPR								
14013013	27	ihr	DET	PPOSAT					S		Dat	N
14013013	28	rücken	NOUN	NN					S		Nom	M
14013014	1	und	CCONJ	KON								
14013014	2	als	ADP	KOKOM								
14013014	3	Juda	PROPN	NE					S		Nom	M
14013014	4	sich	PRON	PRF				3	S		Acc	
14013014	5	umsehen	VERB	VVFIN		Fin	Past	3	S	Ind		
14013014	6	sehen	VERB	VVIMP				2	S	Imp		
14013014	7	da	ADV	ADV								
14013014	8	haben	AUX	VAFIN		Fin	Past	3	P	Ind		
14013014	9	sie	PRON	PPER				3	P		Nom	
14013014	10	der	DET	ART					S		Acc	M
14013014	11	Streit	NOUN	NN					S		Nom	M
14013014	12	vorn	ADV	ADV								
14013014	13	und	CCONJ	KON								
14013014	14	hinten	ADV	ADV								
14013014	15	da	SCONJ	KOUS								
14013014	16	schrieen	VERB	VVFIN		Fin	Past	3	P	Ind		
14013014	17	sie	PRON	PPER				3	P		Nom	
14013014	18	zu	ADP	PTKVZ								
14013014	19	Jahwe	NOUN	NN					S		Nom	M
14013014	20	und	CCONJ	KON								
14013014	21	der	DET	ART					S		Nom	F
14013014	22	Priester	NOUN	NN					P		Nom	M
14013014	23	bliesen	VERB	VVFIN		Fin	Past	3	P	Ind		
14013014	24	mit	ADP	APPR								
14013014	25	der	DET	ART					S		Acc	M
14013014	26	Trompet	NOUN	NN					P		Nom	F
14013015	1	und	CCONJ	KON								
14013015	2	der	DET	ART					S		Nom	F
14013015	3	Mann	NOUN	NN					P		Nom	M
14013015	4	von	ADP	APPR								
14013015	5	Juda	PROPN	NE					S		Nom	M
14013015	6	erheben	VERB	VVPP		Fin	Past	3	P	Ind		
14013015	7	ein	DET	ART					S		Nom	N
14013015	8	Kriegsgeschrei	NOUN	NN					S		Nom	N
14013015	9	und	CCONJ	KON								
14013015	10	es	PRON	PPER				3	S		Nom	N
14013015	11	geschehen	VERB	VVFIN		Fin	Past	3	S	Ind		
14013015	12	als	ADP	KOKOM								
14013015	13	der	DET	ART					S		Nom	F
14013015	14	Mann	NOUN	NN					P		Nom	M
14013015	15	von	ADP	APPR								
14013015	16	Juda	PROPN	NE					S		Nom	M
14013015	17	der	DET	ART					S		Nom	N
14013015	18	Kriegsgeschrei	NOUN	NN					S		Nom	N
14013015	19	erheben	VERB	VVPP		Fin	Past	3	P	Ind		
14013015	20	da	ADV	ADV								
14013015	21	schlagen	VERB	VVFIN		Fin	Past	3	S	Ind		
14013015	22	Gott	NOUN	NN					S		Nom	M
14013015	23	Jerobeam	NOUN	NN					S		Nom	M
14013015	24	und	CCONJ	KON								
14013015	25	ganz	ADV	ADV								
14013015	26	Israel	PROPN	NE					S		Nom	N
14013015	27	vor	ADP	APPR								
14013015	28	Abija	PROPN	NE					S		Nom	F
14013015	29	und	CCONJ	KON								
14013015	30	Juda	PROPN	NE					S		Nom	M
14013016	1	und	CCONJ	KON								
14013016	2	der	DET	ART					S		Nom	F
14013016	3	Kind	NOUN	NN					P		Nom	N
14013016	4	Israel	PROPN	NE					S		Nom	N
14013016	5	fliehen	VERB	VVFIN		Fin	Past	3	P	Ind		
14013016	6	vor	ADP	APPR								
14013016	7	Juda	PROPN	NE					S		Nom	M
14013016	8	und	CCONJ	KON								
14013016	9	Gott	NOUN	NN					S		Nom	M
14013016	10	geben	VERB	VVFIN		Fin	Past	3	S	Ind		
14013016	11	sie	PRON	PPER				3	P		Nom	
14013016	12	in	ADP	APPR								
14013016	13	ihr	DET	PPOSAT					S		Nom	F
14013016	14	Hand	NOUN	NN					S		Nom	F
14013017	1	und	CCONJ	KON								
14013017	2	Abija	PROPN	NE					S		Nom	F
14013017	3	und	CCONJ	KON								
14013017	4	sein	AUX	VAINF		Inf						
14013017	5	Volk	NOUN	NN					S		Nom	N
14013017	6	richten	VERB	VVFIN		Fin	Past	3	P	Ind		
14013017	7	ein	DET	ART					S		Nom	F
14013017	8	groß	ADJ	ADJA	Pos				S		Nom	F
14013017	9	Niederlage	NOUN	NN					S		Nom	F
14013017	10	unter	ADP	APPR								
14013017	11	ihnen	PRON	PPER				3	P		Dat	
14013017	12	an	ADP	PTKVZ								
14013017	13	und	CCONJ	KON								
14013017	14	es	PRON	PPER				3	S		Nom	N
14013017	15	fallen	VERB	VVFIN		Fin	Past	3	P	Ind		
14013017	16	von	ADP	APPR								
14013017	17	Israel	PROPN	NE					S		Nom	N
14013017	18	Erschlagene	NOUN	NN					S		Nom	F
14013017	19	500000	NUM	CARD								
14013017	20	auserlesen	ADJ	ADJA	Pos				S		Nom	F
14013017	21	Mann	NOUN	NN					P		Nom	M
14013018	1	und	CCONJ	KON								
14013018	2	der	DET	ART					S		Nom	F
14013018	3	Kind	NOUN	NN					P		Nom	N
14013018	4	Israel	PROPN	NE					S		Nom	N
14013018	5	werden	AUX	VAFIN		Fin	Past	3	P	Ind		
14013018	6	demütigen	VERB	VVPP		Part						
14013018	7	zu	ADP	PTKVZ								
14013018	8	selbig	PRON	ADJA					S		Nom	M
14013018	9	Zeit	NOUN	NN					S		Nom	F
14013018	10	aber	CCONJ	KON								
14013018	11	der	DET	ART					S		Nom	F
14013018	12	Kind	NOUN	NN					P		Nom	N
14013018	13	Juda	PROPN	NE					S		Nom	M
14013018	14	werden	AUX	VAFIN		Fin	Past	3	P	Ind		
14013018	15	stark	ADV	ADJD	Pos							
14013018	16	weil	SCONJ	KOUS								
14013018	17	sie	PRON	PPER				3	P		Nom	
14013018	18	sich	PRON	PRF				3	S		Acc	
14013018	19	auf	ADP	PTKVZ								
14013018	20	Jahwe	NOUN	NN					S		Nom	M
14013018	21	der	DET	ART					S		Acc	M
14013018	22	Gott	NOUN	NN					S		Nom	M
14013018	23	ihr	DET	PPOSAT					S		Dat	F
14013018	24	Vater	NOUN	NN					P		Nom	M
14013018	25	stützen	VERB	VVPP		Part						
14013018	26	haben	AUX	VAFIN		Fin	Past	3	P	Ind		
14013019	1	und	CCONJ	KON								
14013019	2	Abija	PROPN	NE					S		Nom	F
14013019	3	jagn	VERB	VVFIN		Fin	Past	3	S	Ind		
14013019	4	Jerobeam	NOUN	NN					S		Nom	M
14013019	5	nach	ADP	APPR								
14013019	6	und	CCONJ	KON								
14013019	7	er	PRON	PPER				3	S		Nom	M
14013019	8	nehmen	VERB	VVFIN		Fin	Past	3	S	Ind		
14013019	9	ihm	PRON	PPER				3	S		Dat	M
14013019	10	Stadt	NOUN	NN					P		Nom	F
14013019	11	Weg	ADV	PTKVZ								
14013019	12	Bethel	PROPN	NE					S		Nom	N
14013019	13	und	CCONJ	KON								
14013019	14	sein	DET	PPOSAT					S		Nom	F
14013019	15	Tochterstadt	NOUN	NN					P		Nom	
14013019	16	und	CCONJ	KON								
14013019	17	Jeschana	PROPN	NE					S		Nom	F
14013019	18	und	CCONJ	KON								
14013019	19	sein	DET	PPOSAT					S		Nom	F
14013019	20	Tochterstadt	NOUN	NN					P		Nom	
14013019	21	und	CCONJ	KON								
14013019	22	Ephron	NOUN	NN					S		Nom	M
14013019	23	und	CCONJ	KON								
14013019	24	sein	DET	PPOSAT					S		Nom	F
14013019	25	Tochterstadt	NOUN	NN					P		Nom	
14013020	1	und	CCONJ	KON								
14013020	2	Jerobeam	NOUN	NN					S		Nom	M
14013020	3	behalten	VERB	VVFIN		Fin	Past	3	S	Ind		
14013020	4	kein	DET	PIAT					S		Nom	F
14013020	5	Kraft	NOUN	NN					S		Nom	F
14013020	6	mehr	ADV	ADV								
14013020	7	in	ADP	APPR								
14013020	8	der	DET	ART					S		Acc	M
14013020	9	Tag	NOUN	NN					P		Dat	M
14013020	10	Abijas	NOUN	NN					S		Nom	F
14013020	11	und	CCONJ	KON								
14013020	12	Jahwe	NOUN	NN					S		Nom	M
14013020	13	schlagen	VERB	VVFIN		Fin	Past	3	S	Ind		
14013020	14	ihn	PRON	PPER				3	S		Acc	M
14013020	15	und	CCONJ	KON								
14013020	16	er	PRON	PPER				3	S		Nom	M
14013020	17	sterben	VERB	VVFIN		Fin	Past	3	S	Ind		
14013021	1	Abija	PROPN	NE					S		Nom	F
14013021	2	aber	CCONJ	KON								
14013021	3	erstarken	VERB	VVFIN		Fin	Past	3	S	Ind		
14013021	4	und	CCONJ	KON								
14013021	5	er	PRON	PPER				3	S		Nom	M
14013021	6	nehmen	VERB	VVFIN		Fin	Past	3	S	Ind		
14013021	7	vierzehn	NUM	CARD								
14013021	8	Weiber	NOUN	NN					P		Nom	M
14013021	9	und	CCONJ	KON								
14013021	10	zeugen	VERB	VVFIN		Fin	Past	3	S	Ind		
14013021	11	zweiundzwanzig	NUM	CARD								
14013021	12	Sohn	NOUN	NN					P		Nom	M
14013021	13	und	CCONJ	KON								
14013021	14	sechzehn	NUM	CARD								
14013021	15	Tochter	NOUN	NN					P		Nom	F
14013022	1	und	CCONJ	KON								
14013022	2	der	DET	ART					S		Nom	N
14013022	3	übrige	ADJ	ADJA	Pos				P		Nom	
14013022	4	der	DET	ART					S		Nom	M
14013022	5	Geschichte	NOUN	NN					S		Nom	F
14013022	6	Abijas	NOUN	NN					S		Nom	F
14013022	7	und	CCONJ	KON								
14013022	8	sein	DET	PPOSAT					S		Nom	F
14013022	9	Weg	NOUN	NN					P		Acc	M
14013022	10	und	CCONJ	KON								
14013022	11	sein	DET	PPOSAT					S		Nom	F
14013022	12	Rede	NOUN	NN					P		Nom	F
14013022	13	sein	AUX	VAFIN		Fin	Pres	3	P	Ind		
14013022	14	schreiben	VERB	VVPP		Part						
14013022	15	in	ADP	APPR								
14013022	16	der	DET	ART					S		Nom	M
14013022	17	Beschreibung	NOUN	NN					S		Nom	F
14013022	18	der	DET	ART					S		Gen	M
14013022	19	Prophet	NOUN	NN					P		Nom	M
14013022	20	Iddo	NOUN	NN					S		Nom	N
14013023	1	und	CCONJ	KON								
14013023	2	Abija	PROPN	NE					S		Nom	F
14013023	3	legen	VERB	VVFIN		Fin	Past	3	S	Ind		
14013023	4	sich	PRON	PRF				3	S		Acc	
14013023	5	zu	ADP	PTKVZ								
14013023	6	sein	DET	PPOSAT					S		Acc	M
14013023	7	Vätern	NOUN	NN					P		Dat	M
14013023	8	und	CCONJ	KON								
14013023	9	man	PRON	PIS					S		Nom	
14013023	10	begrub	VERB	VVFIN		Fin	Pres	3	S	Ind		
14013023	11	ihn	PRON	PPER				3	S		Acc	M
14013023	12	in	ADP	APPR								
14013023	13	der	DET	ART					S		Nom	M
14013023	14	Stadt	NOUN	NN					S		Nom	F
14013023	15	David	PROPN	NE					S		Gen	M
14013023	16	und	CCONJ	KON								
14013023	17	Asa	PROPN	NE					S		Nom	
14013023	18	sein	AUX	VAINF		Inf						
14013023	19	Sohn	NOUN	NN					S		Nom	M
14013023	20	werden	VERB	VAFIN		Fin	Past	3	S	Ind		
14013023	21	König	NOUN	NN					S		Nom	M
14013023	22	an	ADP	PTKVZ								
14013023	23	sein	DET	PPOSAT					S		Dat	F
14013023	24	statt	SCONJ	KOUI								
14013023	25	in	ADP	APPR								
14013023	26	sein	DET	PPOSAT					S		Acc	M
14013023	27	Tag	NOUN	NN					P		Dat	M
14013023	28	haben	AUX	VAFIN		Fin	Past	3	S	Ind		
14013023	29	der	DET	ART					S		Nom	N
14013023	30	Land	NOUN	NN					S		Nom	N
14013023	31	Ruhe	NOUN	NN					S		Nom	F
14013023	32	zehn	NUM	CARD								
14013023	33	Jahr	NOUN	NN					P		Nom	N
14014001	1	und	CCONJ	KON								
14014001	2	Asa	PROPN	NE					S		Nom	
14014001	3	tun	VERB	VVFIN		Fin	Past	3	S	Ind		
14014001	4	was	PRON	PWS					S		Nom	N
14014001	5	gut	ADV	ADJD	Pos							
14014001	6	und	CCONJ	KON								
14014001	7	Recht	NOUN	NN					S		Acc	N
14014001	8	sein	AUX	VAFIN		Fin	Past	3	S	Ind		
14014001	9	in	ADP	APPR								
14014001	10	der	DET	ART					S		Acc	M
14014001	11	Auge	NOUN	NN					P		Nom	N
14014001	12	Jahwe	PROPN	NE					S		Gen	
14014001	13	sein	DET	PPOSAT					S		Gen	M
14014001	14	Gott	NOUN	NN					S		Gen	M
14014002	1	und	CCONJ	KON								
14014002	2	er	PRON	PPER				3	S		Nom	M
14014002	3	tun	VERB	VVFIN		Fin	Past	3	S	Ind		
14014002	4	der	DET	ART					S		Nom	F
14014002	5	fremd	ADJ	ADJA	Pos				S		Acc	M
14014002	6	Altär	NOUN	NN					P		Nom	M
14014002	7	und	CCONJ	KON								
14014002	8	der	DET	ART					S		Nom	F
14014002	9	Höhe	NOUN	NN					P		Nom	F
14014002	10	hinweg	ADP	APZR								
14014002	11	und	CCONJ	KON								
14014002	12	zerschlagen	VERB	VVFIN		Fin	Past	3	S	Ind		
14014002	13	der	DET	ART					S		Nom	F
14014002	14	Bildsäule	NOUN	NN					P		Acc	F
14014002	15	und	CCONJ	KON								
14014002	16	heiben	VERB	VVFIN		Fin	Past	3	S	Ind		
14014002	17	der	DET	ART					S		Nom	F
14014002	18	ascherim	PROPN	NE					S		Nom	M
14014002	19	um	ADP	APPR								
14014003	1	und	CCONJ	KON								
14014003	2	er	PRON	PPER				3	S		Nom	M
14014003	3	sprechen	VERB	VVFIN		Fin	Past	3	S	Ind		
14014003	4	zu	ADP	PTKVZ								
14014003	5	Juda	PROPN	NE					S		Nom	M
14014003	6	daß	SCONJ	KOUS								
14014003	7	sie	PRON	PPER				3	P		Nom	
14014003	8	Jahwe	NOUN	NN					S		Nom	M
14014003	9	der	DET	ART					S		Acc	M
14014003	10	Gott	NOUN	NN					S		Nom	M
14014003	11	ihr	DET	PPOSAT					S		Dat	F
14014003	12	Vater	NOUN	NN					P		Nom	M
14014003	13	suchen	VERB	VVINF		Inf						
14014003	14	und	CCONJ	KON								
14014003	15	der	DET	ART					S		Nom	N
14014003	16	Gesetz	NOUN	NN					S		Nom	N
14014003	17	und	CCONJ	KON								
14014003	18	der	DET	ART					S		Nom	N
14014003	19	Gebot	NOUN	NN					S		Nom	N
14014003	20	tun	VERB	VVINF		Inf						
14014003	21	sollen	AUX	VMFIN		Fin	Past	3	P	Ind		
14014004	1	und	CCONJ	KON								
14014004	2	er	PRON	PPER				3	S		Nom	M
14014004	3	tun	VERB	VVFIN		Fin	Past	3	S	Ind		
14014004	4	aus	ADP	PTKVZ								
14014004	5	aller	DET	PIS					P		Dat	
14014004	6	Stadt	NOUN	NN					P		Nom	F
14014004	7	Judas	PROPN	NE					S		Nom	M
14014004	8	der	DET	ART					S		Nom	F
14014004	9	Höhe	NOUN	NN					P		Nom	F
14014004	10	und	CCONJ	KON								
14014004	11	der	DET	ART					S		Nom	F
14014004	12	Sonnensäule	NOUN	NN					P		Nom	F
14014004	13	hinweg	ADP	APZR								
14014004	14	und	CCONJ	KON								
14014004	15	der	DET	ART					S		Nom	N
14014004	16	Königreich	NOUN	NN					S		Nom	N
14014004	17	haben	AUX	VAFIN		Fin	Past	3	S	Ind		
14014004	18	Ruhe	NOUN	NN					S		Nom	F
14014004	19	unter	ADP	APPR								
14014004	20	ihm	PRON	PPER				3	S		Dat	M
14014005	1	und	CCONJ	KON								
14014005	2	er	PRON	PPER				3	S		Nom	M
14014005	3	bauen	VERB	VVFIN		Fin	Past	3	S	Ind		
14014005	4	fest	ADJ	ADJA	Pos				S		Nom	F
14014005	5	Stadt	NOUN	NN					P		Nom	F
14014005	6	in	ADP	APPR								
14014005	7	Juda	PROPN	NE					S		Nom	M
14014005	8	denn	CCONJ	KON								
14014005	9	der	DET	ART					S		Nom	N
14014005	10	Land	NOUN	NN					S		Nom	N
14014005	11	haben	AUX	VAFIN		Fin	Past	3	S	Ind		
14014005	12	Ruhe	NOUN	NN					S		Nom	F
14014005	13	und	CCONJ	KON								
14014005	14	es	PRON	PPER				3	S		Nom	N
14014005	15	sein	AUX	VAFIN		Fin	Past	3	S	Ind		
14014005	16	kein	DET	PIAT					S		Nom	N
14014005	17	Krieg	NOUN	NN					S		Nom	M
14014005	18	wider	ADP	PTKVZ								
14014005	19	ihn	PRON	PPER				3	S		Acc	M
14014005	20	in	ADP	APPR								
14014005	21	jener	PRON	PDAT					P		Dat	
14014005	22	Jahr	NOUN	NN					P		Dat	N
14014005	23	denn	CCONJ	KON								
14014005	24	Jahwe	NOUN	NN					S		Nom	M
14014005	25	haben	AUX	VAFIN		Fin	Past	3	S	Ind		
14014005	26	ihm	PRON	PPER				3	S		Dat	M
14014005	27	Ruhe	NOUN	NN					S		Nom	F
14014005	28	schaffen	VERB	VVPP		Part						
14014006	1	und	CCONJ	KON								
14014006	2	er	PRON	PPER				3	S		Nom	M
14014006	3	sprechen	VERB	VVFIN		Fin	Past	3	S	Ind		
14014006	4	zu	ADP	PTKVZ								
14014006	5	Juda	PROPN	NE					S		Nom	M
14014006	6	lassen	VERB	VVIMP				2	P	Imp		
14014006	7	uns	PRON	PPER				1	P		Acc	
14014006	8	dieser	DET	PDAT					S		Nom	F
14014006	9	Stadt	NOUN	NN					P		Nom	F
14014006	10	bauen	VERB	VVINF		Inf						
14014006	11	und	CCONJ	KON								
14014006	12	Mauer	NOUN	NN					P		Nom	F
14014006	13	ringsum	ADV	ADV								
14014006	14	machen	VERB	VVINF		Inf						
14014006	15	und	CCONJ	KON								
14014006	16	Türme	NOUN	NN					P		Nom	M
14014006	17	Tor	NOUN	NN					P		Nom	N
14014006	18	und	CCONJ	KON								
14014006	19	Riegel	NOUN	NN					S		Nom	M
14014006	20	noch	CCONJ	KON								
14014006	21	sein	AUX	VAFIN		Fin	Pres	3	S	Ind		
14014006	22	der	DET	ART					S		Nom	N
14014006	23	Land	NOUN	NN					S		Nom	N
14014006	24	vor	ADP	APPR								
14014006	25	uns	PRON	PPER				1	P		Acc	
14014006	26	denn	CCONJ	KON								
14014006	27	wir	PRON	PPER				1	P		Nom	
14014006	28	haben	AUX	VAFIN		Fin	Pres	3	P	Ind		
14014006	29	Jahwe	NOUN	NN					S		Nom	M
14014006	30	unser	DET	PPOSAT					S		Acc	M
14014006	31	Gott	NOUN	NN					S		Nom	M
14014006	32	suchen	VERB	VVPP		Part						
14014006	33	wir	PRON	PPER				1	P		Nom	
14014006	34	haben	AUX	VAFIN		Fin	Pres	3	P	Ind		
14014006	35	ihn	PRON	PPER				3	S		Acc	M
14014006	36	suchen	VERB	VVPP		Part						
14014006	37	und	CCONJ	KON								
14014006	38	er	PRON	PPER				3	S		Nom	M
14014006	39	haben	AUX	VAFIN		Fin	Pres	3	S	Ind		
14014006	40	uns	PRON	PPER				1	P		Acc	
14014006	41	Ruhe	NOUN	NN					S		Nom	F
14014006	42	schaffen	VERB	VVPP		Part						
14014006	43	ringsumher	X	FM								
14014006	44	und	CCONJ	KON								
14014006	45	so	ADV	ADV								
14014006	46	bauen	VERB	VVFIN		Fin	Past	3	P	Ind		
14014006	47	sie	PRON	PPER				3	P		Nom	
14014006	48	und	CCONJ	KON								
14014006	49	es	PRON	PPER				3	S		Nom	N
14014006	50	gelingen	VERB	VVFIN		Fin	Past	3	S	Ind		
14014006	51	ihnen	PRON	PPER				3	P		Dat	
14014007	1	und	CCONJ	KON								
14014007	2	Asa	PROPN	NE					S		Nom	
14014007	3	haben	AUX	VAFIN		Fin	Past	3	S	Ind		
14014007	4	ein	DET	ART					S		Nom	N
14014007	5	Heer	NOUN	NN					S		Nom	N
14014007	6	der	DET	ART					S		Nom	N
14014007	7	Schild	NOUN	NN					S		Nom	N
14014007	8	und	CCONJ	KON								
14014007	9	Lanze	NOUN	NN					S		Nom	F
14014007	10	tragen	VERB	VVFIN		Fin	Past	3	S	Ind		
14014007	11	aus	ADP	PTKVZ								
14014007	12	Juda	PROPN	NE					S		Nom	M
14014007	13	300000	NUM	CARD								
14014007	14	und	CCONJ	KON								
14014007	15	aus	ADP	PTKVZ								
14014007	16	Benjamin	PROPN	NE					S		Nom	M
14014007	17	280000	NUM	CARD								
14014007	18	Mann	NOUN	NN					S		Nom	M
14014007	19	der	DET	ART					S		Nom	F
14014007	20	Tartschen	NOUN	NN					S		Nom	N
14014007	21	tragen	VERB	VVFIN		Fin	Past	3	P	Ind		
14014007	22	und	CCONJ	KON								
14014007	23	der	DET	ART					S		Acc	M
14014007	24	Bogen	NOUN	NN					S		Nom	M
14014007	25	spannen	VERB	VVFIN		Fin	Past	3	P	Ind		
14014007	26	sämtlich	ADV	ADJD	Pos							
14014007	27	tapferen	VERB	VVFIN		Fin	Pres	3	S	Sub		
14014007	28	Held	NOUN	NN					P		Nom	M
14014008	1	und	CCONJ	KON								
14014008	2	Serach	NOUN	NE					S		Nom	N
14014008	3	der	DET	ART					S		Nom	M
14014008	4	Kuschiter	NOUN	NN					S		Nom	M
14014008	5	ziehen	VERB	VVFIN		Fin	Past	3	S	Ind		
14014008	6	wider	ADP	PTKVZ								
14014008	7	sie	PRON	PPER				3	P		Nom	
14014008	8	aus	ADP	PTKVZ								
14014008	9	mit	ADP	APPR								
14014008	10	ein	DET	ART					S		Dat	M
14014008	11	Heer	NOUN	NN					P		Nom	M
14014008	12	von	ADP	APPR								
14014008	13	Tausendmal	ADV	ADV								
14014008	14	tausend	NUM	CARD								
14014008	15	Mann	NOUN	NN					S		Nom	M
14014008	16	und	CCONJ	KON								
14014008	17	dreihundert	NUM	CARD								
14014008	18	Wagen	NOUN	NN					S		Nom	M
14014008	19	und	CCONJ	KON								
14014008	20	er	PRON	PPER				3	S		Nom	M
14014008	21	kommen	VERB	VVFIN		Fin	Past	3	S	Ind		
14014008	22	bis	CCONJ	KON								
14014008	23	Marescha	PROPN	NE					S		Nom	
14014009	1	und	CCONJ	KON								
14014009	2	Asa	PROPN	NE					S		Nom	
14014009	3	ziehen	VERB	VVFIN		Fin	Past	3	S	Ind		
14014009	4	ihm	PRON	PPER				3	S		Dat	M
14014009	5	entgegen	ADP	PTKVZ								
14014009	6	und	CCONJ	KON								
14014009	7	sie	PRON	PPER				3	P		Nom	
14014009	8	stellen	VERB	VVFIN		Fin	Past	3	P	Ind		
14014009	9	sich	PRON	PRF				3	S		Acc	
14014009	10	in	ADP	APPR								
14014009	11	Schlachtordnung	NOUN	NN					S		Nom	F
14014009	12	auf	ADP	PTKVZ								
14014009	13	in	ADP	APPRART					S		Dat	N
14014009	14	Tal	PROPN	NN					S		Nom	
14014009	15	Zephata	NOUN	NN					S		Nom	N
14014009	16	bei	ADP	APPR								
14014009	17	Marescha	PROPN	NE					S		Nom	
14014010	1	und	CCONJ	KON								
14014010	2	Asa	PROPN	NE					S		Nom	
14014010	3	rufen	VERB	VVFIN		Fin	Past	3	S	Ind		
14014010	4	zu	ADP	PTKVZ								
14014010	5	Jahwe	NOUN	NN					S		Nom	M
14014010	6	sein	DET	PPOSAT					S		Dat	M
14014010	7	Gott	NOUN	NN					S		Nom	M
14014010	8	und	CCONJ	KON								
14014010	9	sprechen	VERB	VVFIN		Fin	Past	3	S	Ind		
14014010	10	Jahwe	NOUN	NN					S		Nom	M
14014010	11	um	ADP	APPR								
14014010	12	zu	ADP	PTKVZ								
14014010	13	helfen	VERB	VVINF		Inf						
14014010	14	sein	AUX	VAFIN		Fin	Pres	3	S	Ind		
14014010	15	bei	ADP	APPR								
14014010	16	dir	PRON	PPER				2	S		Dat	
14014010	17	kein	DET	PIAT					S		Nom	N
14014010	18	Unterschied	NOUN	NN					S		Nom	M
14014010	19	zwischen	ADP	APPR								
14014010	20	der	DET	ART					S		Dat	M
14014010	21	mächtige	NOUN	NN					P		Dat	
14014010	22	und	CCONJ	KON								
14014010	23	der	DET	ART					S		Dat	M
14014010	24	kraftlosen	NOUN	NN					P		Nom	F
14014010	25	Hilf	X	FM								
14014010	26	uns	PRON	PPER				1	P		Acc	
14014010	27	Jahwe	NOUN	NN					S		Nom	M
14014010	28	unser	DET	PPOSAT					S		Nom	N
14014010	29	Gott	NOUN	NN					S		Nom	M
14014010	30	denn	CCONJ	KON								
14014010	31	wir	PRON	PPER				1	P		Nom	
14014010	32	stützen	VERB	VVINF		Inf						
14014010	33	uns	PRON	PPER				1	P		Acc	
14014010	34	auf	ADP	PTKVZ								
14014010	35	dich	PRON	PPER				2	S		Acc	
14014010	36	und	CCONJ	KON								
14014010	37	in	ADP	APPR								
14014010	38	dein	DET	PPOSAT					S		Dat	M
14014010	39	Name	NOUN	NN					P		Nom	M
14014010	40	sein	AUX	VAFIN		Fin	Pres	3	P	Ind		
14014010	41	wir	PRON	PPER				1	P		Nom	
14014010	42	wider	ADP	PTKVZ								
14014010	43	dieser	DET	PDAT					S		Nom	F
14014010	44	Menge	NOUN	NN					S		Nom	F
14014010	45	ziehen	VERB	VVPP		Part						
14014010	46	du	PRON	PPER				2	S		Nom	
14014010	47	sein	AUX	VAFIN		Fin	Pres	2	S	Ind		
14014010	48	Jahwe	NOUN	NN					S		Nom	M
14014010	49	unser	DET	PPOSAT					S		Nom	N
14014010	50	Gott	NOUN	NN					S		Nom	M
14014010	51	laß	VERB	VVIMP				2	S	Imp		
14014010	52	der	DET	ART					S		Acc	M
14014010	53	Mensch	NOUN	NN					P		Nom	M
14014010	54	nichts	PRON	PIS								N
14014010	55	wider	ADP	PTKVZ								
14014010	56	dich	PRON	PPER				2	S		Acc	
14014010	57	Vermögen	VERB	VVFIN		Fin	Pres	3	P	Ind		
14014011	1	und	CCONJ	KON								
14014011	2	Jahwe	NOUN	NN					S		Nom	M
14014011	3	schlagen	VERB	VVFIN		Fin	Past	3	S	Ind		
14014011	4	der	DET	ART					S		Nom	F
14014011	5	Kuschiter	NOUN	NN					S		Nom	M
14014011	6	vor	ADP	APPR								
14014011	7	Asa	PROPN	NE					S		Nom	
14014011	8	und	CCONJ	KON								
14014011	9	vor	ADP	APPR								
14014011	10	Juda	PROPN	NE					S		Nom	M
14014011	11	und	CCONJ	KON								
14014011	12	der	DET	ART					S		Nom	F
14014011	13	Kuschiter	NOUN	NN					S		Nom	M
14014011	14	fliehen	VERB	VVFIN		Fin	Past	3	P	Ind		
14014012	1	und	CCONJ	KON								
14014012	2	Asa	PROPN	NE					S		Nom	
14014012	3	und	CCONJ	KON								
14014012	4	der	DET	ART					S		Nom	N
14014012	5	Volk	NOUN	NN					S		Nom	N
14014012	6	der	DET	ART					S		Nom	N
14014012	7	bei	ADP	APPR								
14014012	8	ihm	PRON	PPER				3	S		Dat	M
14014012	9	sein	AUX	VAFIN		Fin	Past	3	S	Ind		
14014012	10	jagn	VERB	VVFIN		Fin	Past	3	P	Ind		
14014012	11	ihnen	PRON	PPER				3	P		Dat	
14014012	12	nach	ADP	APPR								
14014012	13	bis	CCONJ	KON								
14014012	14	Gerar	PROPN	NE					S		Nom	
14014012	15	und	CCONJ	KON								
14014012	16	es	PRON	PPER				3	S		Nom	N
14014012	17	fallen	VERB	VVFIN		Fin	Past	3	P	Ind		
14014012	18	von	ADP	APPR								
14014012	19	der	DET	ART					S		Acc	M
14014012	20	Kuschiter	NOUN	NN					S		Nom	N
14014012	21	so	ADV	ADV								
14014012	22	vieler	PRON	PIS					P		Nom	
14014012	23	daß	SCONJ	KOUS								
14014012	24	sie	PRON	PPER				3	P		Nom	
14014012	25	sich	PRON	PRF				3	S		Acc	
14014012	26	nicht	PART	PTKNEG								
14014012	27	wieder	ADV	ADV								
14014012	28	erholen	VERB	VVINF		Inf						
14014012	29	können	AUX	VMFIN		Fin	Past	3	P	Ind		
14014012	30	denn	CCONJ	KON								
14014012	31	sie	PRON	PPER				3	P		Nom	
14014012	32	werden	AUX	VAFIN		Fin	Past	3	P	Ind		
14014012	33	zerschmetteren	VERB	VVPP		Part						
14014012	34	vor	ADP	APPR								
14014012	35	Jahwe	NOUN	NN					S		Nom	M
14014012	36	und	CCONJ	KON								
14014012	37	vor	ADP	APPR								
14014012	38	sein	DET	PPOSAT					S		Dat	M
14014012	39	Heer	NOUN	NN					P		Nom	M
14014012	40	und	CCONJ	KON								
14014012	41	sie	PRON	PPER				3	P		Nom	
14014012	42	tragen	VERB	VVFIN		Fin	Past	3	P	Ind		
14014012	43	sehr	ADV	ADV								
14014012	44	viel	PRON	PIS								
14014012	45	Beute	NOUN	NN					S		Nom	F
14014012	46	davon	ADV	PROAV								
14014013	1	auch	ADV	ADV								
14014013	2	schlagen	VERB	VVFIN		Fin	Past	3	P	Ind		
14014013	3	sie	PRON	PPER				3	P		Nom	
14014013	4	aller	PRON	PIS					P		Nom	
14014013	5	Stadt	NOUN	NN					P		Nom	F
14014013	6	rings	ADV	ADV								
14014013	7	um	ADP	APPR								
14014013	8	Gerar	PROPN	NE					S		Nom	
14014013	9	denn	CCONJ	KON								
14014013	10	der	DET	ART					S		Nom	M
14014013	11	Schrecken	NOUN	NN					S		Nom	M
14014013	12	Jahwe	PROPN	NE					S		Gen	
14014013	13	sein	AUX	VAFIN		Fin	Past	3	S	Ind		
14014013	14	auf	ADP	PTKVZ								
14014013	15	ihnen	PRON	PPER				3	P		Dat	
14014013	16	und	CCONJ	KON								
14014013	17	sie	PRON	PPER				3	P		Nom	
14014013	18	berauben	VERB	VVFIN		Fin	Past	3	P	Ind		
14014013	19	aller	PRON	PIS					P		Nom	
14014013	20	der	DET	ART					S		Nom	F
14014013	21	Stadt	NOUN	NN					P		Nom	F
14014013	22	denn	CCONJ	KON								
14014013	23	es	PRON	PPER				3	S		Nom	N
14014013	24	sein	AUX	VAFIN		Fin	Past	3	S	Ind		
14014013	25	viel	PRON	PIS								
14014013	26	Raub	PROPN	NE					S		Gen	M
14014013	27	darin	ADV	PROAV								
14014014	1	und	CCONJ	KON								
14014014	2	auch	ADV	ADV								
14014014	3	der	DET	ART					S		Nom	F
14014014	4	Herdenzelt	NOUN	NN					S		Nom	F
14014014	5	schlagen	VERB	VVFIN		Fin	Past	3	P	Ind		
14014014	6	sie	PRON	PPER				3	P		Nom	
14014014	7	und	CCONJ	KON								
14014014	8	führen	VERB	VVFIN		Fin	Past	3	P	Ind		
14014014	9	Kleinvieh	NOUN	NN					S		Nom	N
14014014	10	in	ADP	APPR								
14014014	11	Menge	NOUN	NN					S		Nom	F
14014014	12	Weg	ADV	PTKVZ								
14014014	13	und	CCONJ	KON								
14014014	14	Kamel	NOUN	NN					P		Nom	N
14014014	15	und	CCONJ	KON								
14014014	16	sie	PRON	PPER				3	P		Nom	
14014014	17	kehren	VERB	VVFIN		Fin	Past	3	P	Ind		
14014014	18	nach	ADP	APPR								
14014014	19	Jerusalem	PROPN	NE					S		Nom	N
14014014	20	zurück	ADV	PTKVZ								
14015001	1	und	CCONJ	KON								
14015001	2	auf	ADP	PTKVZ								
14015001	3	Asarja	PROPN	NE					S		Nom	
14015001	4	der	DET	ART					S		Acc	M
14015001	5	Sohn	NOUN	NN					S		Nom	M
14015001	6	Oded	PROPN	NE					S		Nom	
14015001	7	kommen	VERB	VVFIN		Fin	Past	3	S	Ind		
14015001	8	der	DET	ART					S		Nom	M
14015001	9	Geist	NOUN	NN					S		Nom	M
14015001	10	Gott	NOUN	NN					S		Gen	M
14015002	1	und	CCONJ	KON								
14015002	2	er	PRON	PPER				3	S		Nom	M
14015002	3	gehen	VERB	VVFIN		Fin	Past	3	S	Ind		
14015002	4	hinaus	ADP	APZR								
14015002	5	Asa	PROPN	NE					S		Nom	
14015002	6	entgegen	ADP	PTKVZ								
14015002	7	und	CCONJ	KON								
14015002	8	sprechen	VERB	VVFIN		Fin	Past	3	S	Ind		
14015002	9	zu	ADP	PTKVZ								
14015002	10	ihm	PRON	PPER				3	S		Dat	M
14015002	11	höret	NOUN	NN					S		Nom	N
14015002	12	mich	PRON	PPER				1	S		Acc	
14015002	13	Asa	PROPN	NE					S		Nom	
14015002	14	und	CCONJ	KON								
14015002	15	ganz	ADV	ADV								
14015002	16	Juda	PROPN	NE					S		Nom	M
14015002	17	und	CCONJ	KON								
14015002	18	Benjamin	PROPN	NE					S		Nom	M
14015002	19	Jahwe	NOUN	NN					S		Nom	M
14015002	20	sein	AUX	VAFIN		Fin	Pres	3	S	Ind		
14015002	21	mit	ADP	APPR								
14015002	22	euch	PRON	PPER				2	P		Dat	
14015002	23	wenn	SCONJ	KOUS								
14015002	24	ihr	PRON	PPOSAT				3	S		Dat	F
14015002	25	mit	ADP	APPR								
14015002	26	ihm	PRON	PPER				3	S		Dat	M
14015002	27	sein	AUX	VAFIN		Fin	Pres	2	P	Ind		
14015002	28	und	CCONJ	KON								
14015002	29	wenn	SCONJ	KOUS								
14015002	30	ihr	PRON	PPOSAT				3	S		Dat	F
14015002	31	ihn	PRON	PPER				3	S		Acc	M
14015002	32	sucheen	VERB	VVFIN		Fin	Pres	3	S	Ind		
14015002	33	werden	AUX	VAFIN		Fin	Pres	3	S	Ind		
14015002	34	er	PRON	PPER				3	S		Nom	M
14015002	35	sich	PRON	PRF				3	S		Acc	
14015002	36	von	ADP	APPR								
14015002	37	euch	PRON	PPER				2	P		Dat	
14015002	38	finden	VERB	VVINF		Fin	Pres	3	P	Ind		
14015002	39	lassen	VERB	VVINF		Fin	Pres	3	P	Ind		
14015002	40	wenn	SCONJ	KOUS								
14015002	41	ihr	PRON	PPOSAT				3	S		Dat	F
14015002	42	ihn	PRON	PPER				3	S		Acc	M
14015002	43	aber	CCONJ	KON								
14015002	44	Verlasset	PROPN	NE					S		Nom	M
14015002	45	werden	AUX	VAFIN		Fin	Pres	3	S	Ind		
14015002	46	er	PRON	PPER				3	S		Nom	M
14015002	47	euch	PRON	PPER				2	P		Dat	
14015002	48	verlassen	VERB	VVINF		Inf						
14015003	1	und	CCONJ	KON								
14015003	2	Israel	PROPN	NE					S		Nom	N
14015003	3	sein	AUX	VAFIN		Fin	Past	3	S	Ind		
14015003	4	vieler	PRON	PIS					P		Nom	
14015003	5	Tag	NOUN	NN					P		Nom	M
14015003	6	ohne	ADP	APPR								
14015003	7	wahr	VERB	VVFIN		Fin	Pres	3	P	Ind		
14015003	8	Gott	NOUN	NN					S		Nom	M
14015003	9	und	CCONJ	KON								
14015003	10	ohne	ADP	APPR								
14015003	11	lehrend	ADJ	ADJA	Pos				S		Acc	M
14015003	12	Priester	NOUN	NN					P		Nom	M
14015003	13	und	CCONJ	KON								
14015003	14	ohne	ADP	APPR								
14015003	15	Gesetz	NOUN	NN					S		Nom	N
14015004	1	aber	CCONJ	KON								
14015004	2	in	ADP	APPR								
14015004	3	ihr	DET	PPOSAT					S		Dat	F
14015004	4	Bedrängnis	NOUN	NN					S		Nom	F
14015004	5	kehren	VERB	VVFIN		Fin	Past	3	P	Ind		
14015004	6	sie	PRON	PPER				3	P		Nom	
14015004	7	um	ADP	APPR								
14015004	8	zu	ADP	PTKVZ								
14015004	9	Jahwe	NOUN	NN					S		Nom	M
14015004	10	der	DET	ART					S		Dat	M
14015004	11	Gott	NOUN	NN					S		Nom	M
14015004	12	Israel	PROPN	NE					S		Gen	N
14015004	13	und	CCONJ	KON								
14015004	14	sie	PRON	PPER				3	P		Nom	
14015004	15	suchen	VERB	VVFIN		Fin	Past	3	P	Ind		
14015004	16	ihn	PRON	PPER				3	S		Acc	M
14015004	17	und	CCONJ	KON								
14015004	18	er	PRON	PPER				3	S		Nom	M
14015004	19	lassen	VERB	VVFIN		Fin	Past	3	S	Ind		
14015004	20	sich	PRON	PRF				3	S		Acc	
14015004	21	von	ADP	APPR								
14015004	22	ihnen	PRON	PPER				3	P		Dat	
14015004	23	finden	VERB	VVINF		Fin	Pres	3	P	Ind		
14015005	1	und	CCONJ	KON								
14015005	2	in	ADP	APPR								
14015005	3	jener	PRON	PDAT					P		Dat	
14015005	4	Zeit	NOUN	NN					P		Nom	F
14015005	5	sein	AUX	VAFIN		Fin	Past	3	S	Ind		
14015005	6	kein	DET	PIAT					S		Nom	N
14015005	7	Friede	NOUN	NN					S		Nom	M
14015005	8	für	ADP	APPR								
14015005	9	der	DET	ART					S		Acc	M
14015005	10	Ausgehende	NOUN	NN					P		Nom	F
14015005	11	und	CCONJ	KON								
14015005	12	für	ADP	APPR								
14015005	13	der	DET	ART					S		Acc	M
14015005	14	Eingehende	NOUN	NN					P		Nom	F
14015005	15	sondern	CCONJ	KON								
14015005	16	vieler	PRON	PIS					P		Nom	
14015005	17	Unruhe	NOUN	NN					P		Nom	F
14015005	18	kommen	VERB	VVFIN		Fin	Past	3	P	Ind		
14015005	19	über	ADP	APPR								
14015005	20	aller	PRON	PIS					P		Nom	
14015005	21	Bewohner	NOUN	NN					P		Nom	M
14015005	22	der	DET	ART					S		Nom	M
14015005	23	Land	NOUN	NN					P		Nom	N
14015006	1	und	CCONJ	KON								
14015006	2	es	PRON	PPER				3	S		Nom	N
14015006	3	stoßen	VERB	VVFIN		Fin	Past	3	S	Ind		
14015006	4	sich	PRON	PRF				3	S		Acc	
14015006	5	Nation	NOUN	NN					S		Nom	F
14015006	6	an	ADP	PTKVZ								
14015006	7	Nation	NOUN	NN					S		Nom	F
14015006	8	und	CCONJ	KON								
14015006	9	Stadt	NOUN	NN					S		Nom	F
14015006	10	an	ADP	PTKVZ								
14015006	11	Stadt	NOUN	NN					S		Nom	F
14015006	12	denn	CCONJ	KON								
14015006	13	Gott	NOUN	NN					S		Nom	M
14015006	14	beunruhigen	VERB	VVFIN		Fin	Past	3	S	Ind		
14015006	15	sie	PRON	PPER				3	P		Nom	
14015006	16	durch	ADP	APPR								
14015006	17	allerlei	DET	PIAT								
14015006	18	Bedrängnis	NOUN	NN					S		Nom	F
14015007	1	ihr	PRON	PPER				2	P		Nom	
14015007	2	aber	CCONJ	KON								
14015007	3	sein	AUX	VAFIN		Fin	Pres	2	P	Ind		
14015007	4	stark	ADV	ADJD	Pos							
14015007	5	und	CCONJ	KON								
14015007	6	lasseen	VERB	VVFIN		Fin	Pres	3	S	Ind		
14015007	7	eure	DET	PPOSAT					S		Nom	F
14015007	8	Hand	NOUN	NN					P		Nom	F
14015007	9	nicht	PART	PTKNEG								
14015007	10	erschlaffen	VERB	VVINF		Inf						
14015007	11	denn	CCONJ	KON								
14015007	12	es	PRON	PPER				3	S		Nom	N
14015007	13	geben	VERB	VVFIN		Fin	Pres	3	S	Ind		
14015007	14	Lohn	NOUN	NN					S		Nom	M
14015007	15	für	ADP	APPR								
14015007	16	euer	DET	PPOSAT					S		Nom	M
14015007	17	tun	NOUN	NN					S		Nom	N
14015008	1	und	CCONJ	KON								
14015008	2	als	ADP	KOKOM								
14015008	3	Asa	PROPN	NE					S		Nom	
14015008	4	dieser	DET	PDAT					S		Nom	F
14015008	5	Wort	NOUN	NN					P		Nom	N
14015008	6	und	CCONJ	KON								
14015008	7	der	DET	ART					S		Nom	F
14015008	8	Weissagung	NOUN	NN					S		Nom	F
14015008	9	Oded	PROPN	NE					S		Nom	
14015008	10	der	DET	ART					S		Gen	M
14015008	11	Prophet	NOUN	NN					P		Nom	M
14015008	12	hören	VERB	VVFIN		Fin	Past	3	S	Ind		
14015008	13	fassen	VERB	VVFIN		Fin	Past	3	S	Ind		
14015008	14	er	PRON	PPER				3	S		Nom	M
14015008	15	Mut	NOUN	NN					S		Nom	M
14015008	16	und	CCONJ	KON								
14015008	17	er	PRON	PPER				3	S		Nom	M
14015008	18	schaffen	VERB	VVFIN		Fin	Past	3	S	Ind		
14015008	19	der	DET	ART					S		Nom	F
14015008	20	Greuel	NOUN	NN					S		Nom	M
14015008	21	Weg	ADV	PTKVZ								
14015008	22	aus	ADP	PTKVZ								
14015008	23	der	DET	ART					S		Dat	M
14015008	24	ganz	PRON	ADJA					S		Nom	M
14015008	25	Land	NOUN	NN					P		Nom	N
14015008	26	Juda	PROPN	NE					S		Nom	M
14015008	27	und	CCONJ	KON								
14015008	28	Benjamin	PROPN	NE					S		Nom	M
14015008	29	und	CCONJ	KON								
14015008	30	aus	ADP	PTKVZ								
14015008	31	der	DET	ART					S		Acc	M
14015008	32	Stadt	NOUN	NN					P		Nom	F
14015008	33	der	DET	ART					S		Nom	F
14015008	34	er	PRON	PPER				3	S		Nom	M
14015008	35	von	ADP	APPRART					S		Dat	N
14015008	36	Gebirge	NOUN	NN					S		Nom	N
14015008	37	Ephraim	NOUN	NN					P		Nom	M
14015008	38	einnehmen	VERB	VVPP		Part						
14015008	39	haben	AUX	VAFIN		Fin	Past	3	S	Ind		
14015008	40	und	CCONJ	KON								
14015008	41	er	PRON	PPER				3	S		Nom	M
14015008	42	erneuern	VERB	VVFIN		Fin	Past	3	S	Ind		
14015008	43	der	DET	ART					S		Acc	M
14015008	44	Altar	NOUN	NN					S		Nom	M
14015008	45	Jahwe	PROPN	NE					S		Gen	
14015008	46	der	DET	ART					S		Nom	M
14015008	47	vor	ADP	APPR								
14015008	48	der	DET	ART					S		Nom	M
14015008	49	Halle	NOUN	NE					S		Nom	F
14015008	50	Jahwe	PROPN	NE					S		Gen	
14015008	51	stehen	VERB	VVFIN		Fin	Past	3	S	Ind		
14015009	1	und	CCONJ	KON								
14015009	2	er	PRON	PPER				3	S		Nom	M
14015009	3	versammeln	VERB	VVFIN		Fin	Past	3	S	Ind		
14015009	4	ganz	ADV	ADV								
14015009	5	Juda	PROPN	NE					S		Nom	M
14015009	6	und	CCONJ	KON								
14015009	7	Benjamin	PROPN	NE					S		Nom	M
14015009	8	und	CCONJ	KON								
14015009	9	der	DET	ART					S		Nom	F
14015009	10	Fremdling	NOUN	NN					P		Nom	M
14015009	11	der	DET	ART					S		Nom	F
14015009	12	aus	ADP	PTKVZ								
14015009	13	Ephraim	NOUN	NN					P		Nom	M
14015009	14	und	CCONJ	KON								
14015009	15	Manasse	PROPN	NE					S		Nom	
14015009	16	und	CCONJ	KON								
14015009	17	aus	ADP	PTKVZ								
14015009	18	Simeon	PROPN	NE					S		Nom	M
14015009	19	bei	ADP	APPR								
14015009	20	ihnen	PRON	PPER				3	P		Dat	
14015009	21	leben	VERB	VVFIN		Fin	Past	3	P	Ind		
14015009	22	denn	CCONJ	KON								
14015009	23	in	ADP	APPR								
14015009	24	Menge	NOUN	NN					S		Nom	F
14015009	25	laufen	VERB	VVFIN		Fin	Past	3	P	Ind		
14015009	26	sie	PRON	PPER				3	P		Nom	
14015009	27	aus	ADP	PTKVZ								
14015009	28	Israel	PROPN	NE					S		Nom	N
14015009	29	zu	ADP	PTKVZ								
14015009	30	ihm	PRON	PPER				3	S		Dat	M
14015009	31	über	ADP	APPR								
14015009	32	als	ADP	KOKOM								
14015009	33	sie	PRON	PPER				3	P		Nom	
14015009	34	sehen	VERB	VVFIN		Fin	Past	3	P	Ind		
14015009	35	daß	SCONJ	KOUS								
14015009	36	Jahwe	NOUN	NN					S		Nom	M
14015009	37	sein	AUX	VAINF		Inf						
14015009	38	Gott	NOUN	NN					S		Nom	M
14015009	39	mit	ADP	APPR								
14015009	40	ihm	PRON	PPER				3	S		Dat	M
14015009	41	sein	AUX	VAFIN		Fin	Past	3	S	Ind		
14015010	1	und	CCONJ	KON								
14015010	2	sie	PRON	PPER				3	P		Nom	
14015010	3	versammeln	VERB	ADJA		Fin	Past	3	P	Ind		
14015010	4	sich	PRON	PRF				3	S		Acc	
14015010	5	zu	ADP	PTKVZ								
14015010	6	Jerusalem	PROPN	NE					S		Nom	N
14015010	7	in	ADP	APPRART					S		Dat	N
14015010	8	dritter	ADJ	ADJA	Pos				S		Acc	M
14015010	9	Monat	NOUN	NN					S		Nom	M
14015010	10	in	ADP	APPRART					S		Dat	N
14015010	11	fünfzehnt	ADJ	ADJA	Pos				P		Dat	M
14015010	12	Jahr	NOUN	NN					P		Nom	N
14015010	13	der	DET	ART					S		Nom	M
14015010	14	Regierung	NOUN	NN					S		Nom	F
14015010	15	Asa	PROPN	NE					S		Gen	
14015011	1	und	CCONJ	KON								
14015011	2	sie	PRON	PPER				3	P		Nom	
14015011	3	opfern	VERB	VVFIN		Fin	Past	3	P	Ind		
14015011	4	Jahwe	NOUN	NN					S		Nom	M
14015011	5	an	ADP	PTKVZ								
14015011	6	selbig	ADJ	ADJD	Pos				S		Dat	N
14015011	7	Tag	NOUN	NN					P		Nom	M
14015011	8	von	ADP	APPR								
14015011	9	der	DET	ART					S		Nom	M
14015011	10	Beute	NOUN	NN					S		Nom	F
14015011	11	der	DET	ART					S		Nom	F
14015011	12	sie	PRON	PPER				3	P		Nom	
14015011	13	einbringen	VERB	VVPP		Part						
14015011	14	haben	AUX	VAFIN		Fin	Past	3	P	Ind		
14015011	15	700	NUM	CARD								
14015011	16	Rind	NOUN	NN					P		Nom	N
14015011	17	und	CCONJ	KON								
14015011	18	7000	NUM	CARD								
14015011	19	Schaf	NOUN	NN					P		Nom	N
14015012	1	und	CCONJ	KON								
14015012	2	sie	PRON	PPER				3	P		Nom	
14015012	3	gehen	VERB	VVFIN		Fin	Past	3	P	Ind		
14015012	4	der	DET	ART					S		Acc	M
14015012	5	Bund	NOUN	NN					S		Nom	M
14015012	6	ein	DET	ART					S		Nom	N
14015012	7	Jahwe	NOUN	NN					S		Nom	M
14015012	8	der	DET	ART					S		Acc	M
14015012	9	Gott	NOUN	NN					S		Nom	M
14015012	10	ihr	DET	PPOSAT					S		Dat	F
14015012	11	Vater	NOUN	NN					P		Nom	M
14015012	12	zu	ADP	PTKVZ								
14015012	13	suchen	VERB	VVINF		Inf						
14015012	14	mit	ADP	APPR								
14015012	15	ihr	DET	PPOSAT					S		Dat	N
14015012	16	ganz	PRON	ADJA					S		Nom	M
14015012	17	Herz	NOUN	NN					S		Nom	N
14015012	18	und	CCONJ	KON								
14015012	19	mit	ADP	APPR								
14015012	20	ihr	DET	PPOSAT					S		Dat	F
14015012	21	ganz	PRON	ADJA					S		Nom	M
14015012	22	Seele	NOUN	NN					S		Nom	F
14015013	1	jeder	PRON	PIS					S		Nom	M
14015013	2	aber	CCONJ	KON								
14015013	3	der	DET	ART					S		Nom	M
14015013	4	Jahwe	NOUN	NN					S		Nom	M
14015013	5	der	DET	ART					S		Acc	M
14015013	6	Gott	NOUN	NN					S		Nom	M
14015013	7	Israel	PROPN	NE					S		Gen	N
14015013	8	nicht	PART	PTKNEG								
14015013	9	suchen	VERB	VVINF		Inf						
14015013	10	werden	AUX	VAFIN		Fin	Past	3	S	Sub		
14015013	11	sollen	AUX	VMFIN		Fin	Past	3	S	Ind		
14015013	12	töten	VERB	VVPP		Part						
14015013	13	werden	AUX	VAFIN		Fin	Pres	3	P	Ind		
14015013	14	von	ADP	APPRART					S		Dat	N
14015013	15	Kleinstum	NOUN	NN					S		Nom	
14015013	16	bis	CCONJ	KON								
14015013	17	zu	ADP	APPRART					S		Dat	N
14015013	18	Größten	ADJ	ADJA	Sup				P		Dat	
14015013	19	von	ADP	APPRART					S		Dat	N
14015013	20	Manne	NOUN	NN					S		Nom	M
14015013	21	bis	CCONJ	KON								
14015013	22	zu	ADP	APPRART					S		Dat	N
14015013	23	Weibe	NOUN	NN					S		Nom	F
14015014	1	und	CCONJ	KON								
14015014	2	sie	PRON	PPER				3	P		Nom	
14015014	3	schwuren	VERB	VVFIN		Fin	Pres	1	S	Ind		
14015014	4	Jahwe	NOUN	NN					S		Nom	M
14015014	5	mit	ADP	APPR								
14015014	6	laut	ADV	PIAT	Cmp							
14015014	7	Stimme	NOUN	NN					S		Nom	F
14015014	8	und	CCONJ	KON								
14015014	9	mit	ADP	APPR								
14015014	10	jauchzen	NOUN	NN					S		Nom	N
14015014	11	und	CCONJ	KON								
14015014	12	unter	ADP	APPR								
14015014	13	Trompet	NOUN	NN					P		Nom	F
14015014	14	und	CCONJ	KON								
14015014	15	Posaunenschall	NOUN	NN					S		Nom	M
14015015	1	und	CCONJ	KON								
14015015	2	ganz	ADV	ADV								
14015015	3	Juda	PROPN	NE					S		Nom	M
14015015	4	freuen	VERB	VVFIN		Fin	Past	3	S	Ind		
14015015	5	sich	PRON	PRF				3	S		Acc	
14015015	6	der	DET	ART					S		Gen	M
14015015	7	Eid	PROPN	NN					S		Gen	M
14015015	8	denn	CCONJ	KON								
14015015	9	sie	PRON	PPER				3	P		Nom	
14015015	10	schwuren	VERB	VVFIN		Fin	Pres	1	S	Ind		
14015015	11	mit	ADP	APPR								
14015015	12	ihr	DET	PPOSAT					S		Dat	N
14015015	13	ganz	PRON	ADJA					S		Nom	M
14015015	14	Herz	NOUN	NN					S		Nom	N
14015015	15	und	CCONJ	KON								
14015015	16	suchen	VERB	VVFIN		Fin	Past	3	P	Ind		
14015015	17	Jahwe	NOUN	NN					S		Nom	M
14015015	18	mit	ADP	APPR								
14015015	19	ihr	DET	PPOSAT					S		Dat	N
14015015	20	ganz	PRON	ADJA					S		Nom	M
14015015	21	Wille	NOUN	NN					S		Acc	M
14015015	22	und	CCONJ	KON								
14015015	23	er	PRON	PPER				3	S		Nom	M
14015015	24	lassen	VERB	VVFIN		Fin	Past	3	S	Ind		
14015015	25	sich	PRON	PRF				3	S		Acc	
14015015	26	von	ADP	APPR								
14015015	27	ihnen	PRON	PPER				3	P		Dat	
14015015	28	finden	VERB	VVINF		Fin	Pres	3	P	Ind		
14015015	29	und	CCONJ	KON								
14015015	30	Jahwe	NOUN	NN					S		Nom	M
14015015	31	schaffen	VERB	VVFIN		Fin	Past	3	S	Ind		
14015015	32	ihnen	PRON	PPER				3	P		Dat	
14015015	33	Ruhe	NOUN	NN					S		Nom	F
14015015	34	ringsumher	X	FM								
14015016	1	und	CCONJ	KON								
14015016	2	auch	ADV	ADV								
14015016	3	Maaka	PROPN	NE					S		Nom	N
14015016	4	der	DET	ART					S		Nom	F
14015016	5	Mutter	NOUN	NN					S		Nom	F
14015016	6	der	DET	ART					S		Gen	M
14015016	7	König	PROPN	NE					S		Nom	
14015016	8	Asa	PROPN	NE					S		Nom	
14015016	9	setzen	VERB	VVFIN		Fin	Past	3	S	Ind		
14015016	10	er	PRON	PPER				3	S		Nom	M
14015016	11	ab	ADP	PTKVZ								
14015016	12	daß	SCONJ	KOUS								
14015016	13	sie	PRON	PPER				3	P		Nom	
14015016	14	nicht	PART	PTKNEG								
14015016	15	mehr	ADV	ADV								
14015016	16	Königin	NOUN	NN					S		Nom	F
14015016	17	sein	AUX	VAFIN		Fin	Past	3	S	Sub		
14015016	18	weil	SCONJ	KOUS								
14015016	19	sie	PRON	PPER				3	P		Nom	
14015016	20	der	DET	ART					S		Nom	M
14015016	21	Aschera	PROPN	NE					S		Nom	
14015016	22	ein	DET	ART					S		Nom	N
14015016	23	Götzenbild	NOUN	NN					S		Nom	N
14015016	24	machen	VERB	VVPP		Part						
14015016	25	haben	AUX	VAFIN		Fin	Past	3	S	Ind		
14015016	26	und	CCONJ	KON								
14015016	27	Asa	PROPN	NE					S		Nom	
14015016	28	rottet	ADJ	ADJA	Pos				S		Nom	F
14015016	29	ihr	PRON	PPOSAT				3	S		Dat	F
14015016	30	Götzenbild	NOUN	NN					S		Nom	N
14015016	31	aus	ADP	PTKVZ								
14015016	32	und	CCONJ	KON								
14015016	33	zermalmen	VERB	VVFIN		Fin	Past	3	S	Ind		
14015016	34	und	CCONJ	KON								
14015016	35	verbrennen	VERB	VVFIN		Fin	Past	3	S	Ind		
14015016	36	es	PRON	PPER				3	S		Nom	N
14015016	37	in	ADP	APPRART					S		Dat	N
14015016	38	Tal	PROPN	NN					S		Nom	
14015016	39	Kidron	PROPN	NE					S		Nom	
14015017	1	der	DET	ART					S		Nom	F
14015017	2	Höhe	NOUN	NN					P		Nom	F
14015017	3	aber	CCONJ	KON								
14015017	4	wichen	VERB	VVFIN		Fin	Past	3	P	Ind		
14015017	5	nicht	PART	PTKNEG								
14015017	6	aus	ADP	PTKVZ								
14015017	7	Israel	PROPN	NE					S		Nom	N
14015017	8	doch	CCONJ	KON								
14015017	9	der	DET	ART					S		Nom	N
14015017	10	Herz	NOUN	NN					S		Nom	N
14015017	11	Asa	PROPN	NE					S		Gen	
14015017	12	sein	AUX	VAFIN		Fin	Past	3	S	Ind		
14015017	13	ungeteilen	ADV	ADJD	Pos							
14015017	14	aller	PRON	PIS					P		Nom	
14015017	15	sein	DET	PPOSAT					S		Nom	F
14015017	16	Tag	NOUN	NN					P		Nom	M
14015018	1	und	CCONJ	KON								
14015018	2	er	PRON	PPER				3	S		Nom	M
14015018	3	bringen	VERB	VVFIN		Fin	Past	3	S	Ind		
14015018	4	der	DET	ART					S		Nom	F
14015018	5	geheiligt	ADJ	ADJA	Pos				S		Acc	M
14015018	6	Ding	NOUN	NN					P		Nom	N
14015018	7	sein	DET	PPOSAT					S		Gen	M
14015018	8	Vater	NOUN	NN					S		Gen	M
14015018	9	und	CCONJ	KON								
14015018	10	sein	DET	PPOSAT					S		Nom	F
14015018	11	geheiligt	ADJ	ADJA	Pos				S		Acc	M
14015018	12	Ding	NOUN	NN					P		Nom	N
14015018	13	in	ADP	APPR								
14015018	14	der	DET	ART					S		Nom	N
14015018	15	Haus	NOUN	NN					S		Nom	N
14015018	16	Gott	NOUN	NN					S		Gen	M
14015018	17	Silber	NOUN	NN					S		Nom	N
14015018	18	und	CCONJ	KON								
14015018	19	Gold	NOUN	NN					S		Nom	N
14015018	20	und	CCONJ	KON								
14015018	21	Gerät	NOUN	NN					P		Nom	N
14015019	1	und	CCONJ	KON								
14015019	2	es	PRON	PPER				3	S		Nom	N
14015019	3	sein	AUX	VAFIN		Fin	Past	3	S	Ind		
14015019	4	kein	DET	PIAT					S		Nom	N
14015019	5	Krieg	NOUN	NN					S		Nom	M
14015019	6	bis	CCONJ	KON								
14015019	7	zu	ADP	APPRART					S		Dat	N
14015019	8	35	NUM	CARD								
14015019	9	Jahr	NOUN	NN					P		Nom	N
14015019	10	der	DET	ART					S		Nom	M
14015019	11	Regierung	NOUN	NN					S		Nom	F
14015019	12	Asa	PROPN	NE					S		Gen	
14016001	1	in	ADP	APPRART					S		Dat	M
14016001	2	36	NUM	CARD								
14016001	3	Jahr	NOUN	NN					P		Nom	N
14016001	4	der	DET	ART					S		Nom	M
14016001	5	Regierung	NOUN	NN					S		Nom	F
14016001	6	Asa	PROPN	NE					S		Gen	
14016001	7	ziehen	VERB	VVFIN		Fin	Past	3	S	Ind		
14016001	8	Baesa	PROPN	NE					S		Nom	
14016001	9	der	DET	ART					S		Nom	M
14016001	10	König	NOUN	NN					S		Nom	M
14016001	11	von	ADP	APPR								
14016001	12	Israel	PROPN	NE					S		Nom	N
14016001	13	wider	ADP	PTKVZ								
14016001	14	Juda	PROPN	NE					S		Nom	M
14016001	15	herauf	ADV	PTKVZ								
14016001	16	und	CCONJ	KON								
14016001	17	er	PRON	PPER				3	S		Nom	M
14016001	18	bauen	VERB	VVFIN		Fin	Past	3	S	Ind		
14016001	19	Rama	PROPN	NE					S		Nom	
14016001	20	um	ADP	APPR								
14016001	21	Asa	PROPN	NE					S		Nom	
14016001	22	der	DET	ART					S		Dat	M
14016001	23	König	NOUN	NN					S		Nom	M
14016001	24	von	ADP	APPR								
14016001	25	Juda	PROPN	NE					S		Nom	M
14016001	26	niemand	PRON	PIS					S		Nom	M
14016001	27	aus	ADP	PTKVZ								
14016001	28	und	CCONJ	KON								
14016001	29	eingehen	VERB	VVINF		Inf						
14016001	30	zu	ADP	PTKVZ								
14016001	31	lassen	VERB	VVINF		Fin	Pres	3	P	Ind		
14016002	1	da	SCONJ	KOUS								
14016002	2	bringen	VERB	VVFIN		Fin	Past	3	S	Ind		
14016002	3	Asa	PROPN	NE					S		Nom	
14016002	4	Silber	NOUN	NN					S		Nom	N
14016002	5	und	CCONJ	KON								
14016002	6	Gold	NOUN	NN					S		Nom	N
14016002	7	heraus	ADV	PTKVZ								
14016002	8	aus	ADP	PTKVZ								
14016002	9	der	DET	ART					S		Acc	M
14016002	10	schätzen	NOUN	NN					P		Dat	N
14016002	11	der	DET	ART					S		Gen	M
14016002	12	Haus	NOUN	NN					S		Gen	N
14016002	13	Jahwe	PROPN	NE					S		Gen	
14016002	14	und	CCONJ	KON								
14016002	15	der	DET	ART					S		Gen	M
14016002	16	Haus	NOUN	NN					S		Gen	N
14016002	17	der	DET	ART					S		Gen	M
14016002	18	König	PROPN	NE					S		Nom	
14016002	19	und	CCONJ	KON								
14016002	20	er	PRON	PPER				3	S		Nom	M
14016002	21	senden	VERB	VVFIN		Fin	Past	3	S	Ind		
14016002	22	zu	ADP	PTKVZ								
14016002	23	Ben-Hadad	PROPN	NE					S		Nom	N
14016002	24	der	DET	ART					S		Dat	M
14016002	25	König	NOUN	NN					S		Nom	M
14016002	26	von	ADP	APPR								
14016002	27	Syrien	PROPN	NE					S		Nom	N
14016002	28	der	DET	ART					S		Nom	M
14016002	29	zu	ADP	PTKVZ								
14016002	30	Damaskus	PROPN	NE					S		Nom	N
14016002	31	wohnen	VERB	VVFIN		Fin	Past	3	S	Ind		
14016002	32	und	CCONJ	KON								
14016002	33	lassen	VERB	VVFIN		Fin	Past	3	S	Ind		
14016002	34	ihm	PRON	PPER				3	S		Dat	M
14016002	35	sagen	VERB	VVINF		Inf						
14016003	1	ein	DET	ART					S		Nom	M
14016003	2	Bund	NOUN	NN					S		Nom	M
14016003	3	sein	AUX	VAFIN		Fin	Pres	3	S	Ind		
14016003	4	zwischen	ADP	APPR								
14016003	5	mir	PRON	PPER				1	S		Dat	
14016003	6	und	CCONJ	KON								
14016003	7	dir	PRON	PPER				2	S		Dat	
14016003	8	und	CCONJ	KON								
14016003	9	zwischen	ADP	APPR								
14016003	10	mein	DET	PPOSAT					S		Dat	M
14016003	11	Vater	NOUN	NN					S		Nom	M
14016003	12	und	CCONJ	KON								
14016003	13	dein	DET	PPOSAT					S		Dat	M
14016003	14	Vater	NOUN	NN					S		Nom	M
14016003	15	sehen	VERB	VVIMP				2	S	Imp		
14016003	16	ich	PRON	PPER				1	S		Nom	
14016003	17	senden	VERB	VVFIN		Fin	Pres	3	S	Sub		
14016003	18	dir	PRON	PPER				2	S		Dat	
14016003	19	Silber	NOUN	NN					S		Nom	N
14016003	20	und	CCONJ	KON								
14016003	21	Gold	NOUN	NN					S		Nom	N
14016003	22	wohlan	ADV	ADV								
14016003	23	Brich	VERB	VVFIN		Fin	Pres	3	S	Ind		
14016003	24	dein	DET	PPOSAT					S		Acc	M
14016003	25	Bund	NOUN	NN					S		Nom	M
14016003	26	mit	ADP	APPR								
14016003	27	Baesa	PROPN	NE					S		Nom	
14016003	28	der	DET	ART					S		Dat	M
14016003	29	König	NOUN	NN					S		Nom	M
14016003	30	von	ADP	APPR								
14016003	31	Israel	PROPN	NE					S		Nom	N
14016003	32	daß	SCONJ	KOUS								
14016003	33	er	PRON	PPER				3	S		Nom	M
14016003	34	von	ADP	APPR								
14016003	35	mir	PRON	PPER				1	S		Dat	
14016003	36	abziehen	VERB	VVFIN		Fin	Pres	3	S	Sub		
14016004	1	und	CCONJ	KON								
14016004	2	Ben-Hadad	PROPN	NE					S		Nom	N
14016004	3	hören	VERB	VVFIN		Fin	Past	3	S	Ind		
14016004	4	auf	ADP	PTKVZ								
14016004	5	der	DET	ART					S		Acc	M
14016004	6	König	NOUN	NN					S		Nom	M
14016004	7	Asa	PROPN	NE					S		Nom	
14016004	8	und	CCONJ	KON								
14016004	9	er	PRON	PPER				3	S		Nom	M
14016004	10	senden	VERB	VVFIN		Fin	Past	3	S	Ind		
14016004	11	sein	DET	PPOSAT					S		Nom	F
14016004	12	Heeroberst	NOUN	NN					P		Nom	F
14016004	13	wider	ADP	PTKVZ								
14016004	14	der	DET	ART					S		Nom	F
14016004	15	Stadt	NOUN	NN					P		Nom	F
14016004	16	Israel	PROPN	NE					S		Gen	N
14016004	17	und	CCONJ	KON								
14016004	18	sie	PRON	PPER				3	P		Nom	
14016004	19	schlagen	VERB	VVFIN		Fin	Past	3	P	Ind		
14016004	20	Ijon	PROPN	NE					S		Nom	
14016004	21	und	CCONJ	KON								
14016004	22	Dan	PROPN	NE					S		Nom	M
14016004	23	und	CCONJ	KON								
14016004	24	abel-Majim	NOUN	NN					P		Nom	M
14016004	25	und	CCONJ	KON								
14016004	26	aller	PRON	PIS					P		Nom	
14016004	27	Vorratsplatz	NOUN	NN					S		Nom	F
14016004	28	der	DET	ART					S		Nom	M
14016004	29	Stadt	NOUN	NN					P		Nom	F
14016004	30	Naphtali	PROPN	NE					S		Gen	
14016005	1	und	CCONJ	KON								
14016005	2	es	PRON	PPER				3	S		Nom	N
14016005	3	geschehen	VERB	VVFIN		Fin	Past	3	S	Ind		
14016005	4	als	ADP	KOKOM								
14016005	5	Baesa	PROPN	NE					S		Nom	
14016005	6	es	PRON	PPER				3	S		Nom	N
14016005	7	hören	VERB	VVFIN		Fin	Past	3	S	Ind		
14016005	8	da	ADV	ADV								
14016005	9	lassen	VERB	VVFIN		Fin	Past	3	S	Ind		
14016005	10	er	PRON	PPER				3	S		Nom	M
14016005	11	von	ADP	APPR								
14016005	12	der	DET	ART					S		Dat	M
14016005	13	Bau	NOUN	NN					S		Nom	M
14016005	14	Rama	PROPN	NE					S		Gen	
14016005	15	ab	ADP	PTKVZ								
14016005	16	und	CCONJ	KON								
14016005	17	stellen	VERB	VVFIN		Fin	Past	3	S	Ind		
14016005	18	sein	DET	PPOSAT					S		Nom	F
14016005	19	Arbeit	NOUN	NN					S		Nom	F
14016005	20	ein	DET	ART					S		Nom	N
14016006	1	der	DET	ART					S		Nom	M
14016006	2	König	NOUN	NN					S		Nom	M
14016006	3	Asa	PROPN	NE					S		Nom	
14016006	4	aber	CCONJ	KON								
14016006	5	nehmen	VERB	VVFIN		Fin	Past	3	S	Ind		
14016006	6	ganz	ADV	ADV								
14016006	7	Juda	PROPN	NE					S		Nom	M
14016006	8	und	CCONJ	KON								
14016006	9	sie	PRON	PPER				3	P		Nom	
14016006	10	schaffen	VERB	VVFIN		Fin	Past	3	P	Ind		
14016006	11	der	DET	ART					S		Nom	F
14016006	12	Stein	NOUN	NN					P		Nom	M
14016006	13	Rama	PROPN	NE					S		Gen	
14016006	14	und	CCONJ	KON								
14016006	15	der	PRON	PDS					S		Gen	
14016006	16	Holz	NOUN	NN					S		Nom	N
14016006	17	Weg	ADV	PTKVZ								
14016006	18	womit	SCONJ	PWAV								
14016006	19	Baesa	PROPN	NE					S		Nom	
14016006	20	bauen	VERB	VVPP		Part						
14016006	21	haben	AUX	VAFIN		Fin	Past	3	S	Ind		
14016006	22	und	CCONJ	KON								
14016006	23	er	PRON	PPER				3	S		Nom	M
14016006	24	bauen	VERB	VVFIN		Fin	Past	3	S	Ind		
14016006	25	damit	ADV	PROAV								
14016006	26	Geba	PROPN	NE					S		Nom	
14016006	27	und	CCONJ	KON								
14016006	28	Mizpa	PROPN	XY					S		Nom	M
14016007	1	und	CCONJ	KON								
14016007	2	zu	ADP	PTKVZ								
14016007	3	selbig	PRON	ADJA					S		Nom	M
14016007	4	Zeit	NOUN	NN					S		Nom	F
14016007	5	kommen	VERB	VVFIN		Fin	Past	3	S	Ind		
14016007	6	Hanani	PROPN	NE					S		Nom	
14016007	7	der	DET	ART					S		Nom	M
14016007	8	Seher	NOUN	NN					S		Nom	M
14016007	9	zu	ADP	PTKVZ								
14016007	10	Asa	PROPN	NE					S		Nom	
14016007	11	der	DET	ART					S		Dat	M
14016007	12	König	NOUN	NN					S		Nom	M
14016007	13	von	ADP	APPR								
14016007	14	Juda	PROPN	NE					S		Nom	M
14016007	15	und	CCONJ	KON								
14016007	16	sprechen	VERB	VVFIN		Fin	Past	3	S	Ind		
14016007	17	zu	ADP	PTKVZ								
14016007	18	ihm	PRON	PPER				3	S		Dat	M
14016007	19	weil	SCONJ	KOUS								
14016007	20	du	PRON	PPER				2	S		Nom	
14016007	21	dich	PRON	PPER				2	S		Acc	
14016007	22	auf	ADP	PTKVZ								
14016007	23	der	DET	ART					S		Acc	M
14016007	24	König	NOUN	NN					S		Nom	M
14016007	25	von	ADP	APPR								
14016007	26	Syrien	PROPN	NE					S		Nom	N
14016007	27	stützen	VERB	VVPP		Part						
14016007	28	haben	AUX	VAFIN		Fin	Pres	2	S	Ind		
14016007	29	und	CCONJ	KON								
14016007	30	haben	AUX	VAFIN		Fin	Pres	2	S	Ind		
14016007	31	dich	PRON	PPER				2	S		Acc	
14016007	32	nicht	PART	PTKNEG								
14016007	33	auf	ADP	PTKVZ								
14016007	34	Jahwe	NOUN	NN					S		Nom	M
14016007	35	dein	DET	PPOSAT					S		Acc	M
14016007	36	Gott	NOUN	NN					S		Nom	M
14016007	37	stützen	VERB	VVPP		Part						
14016007	38	darum	ADV	PROAV								
14016007	39	sein	AUX	VAFIN		Fin	Pres	3	S	Ind		
14016007	40	der	DET	ART					S		Nom	N
14016007	41	Heer	NOUN	NN					S		Nom	N
14016007	42	der	DET	ART					S		Gen	M
14016007	43	König	PROPN	NE					S		Nom	
14016007	44	von	ADP	APPR								
14016007	45	Syrien	PROPN	NE					S		Nom	N
14016007	46	dein	DET	PPOSAT					S		Dat	F
14016007	47	Hand	NOUN	NN					S		Nom	F
14016007	48	entronnen	VERB	VVPP		Part						
14016008	1	Ware	AUX	VAFIN		Fin	Past	3	P	Ind		
14016008	2	nicht	PART	PTKNEG								
14016008	3	der	DET	ART					S		Nom	F
14016008	4	Kuschiter	NOUN	NN					S		Nom	M
14016008	5	und	CCONJ	KON								
14016008	6	der	DET	ART					S		Nom	F
14016008	7	Libyer	NOUN	NN					S		Nom	M
14016008	8	ein	DET	ART					S		Nom	F
14016008	9	zahlreich	ADJ	ADJA	Pos				P		Nom	
14016008	10	Heeresmacht	NOUN	NN					S		Nom	F
14016008	11	mit	ADP	APPR								
14016008	12	Wagen	NOUN	NN					S		Nom	M
14016008	13	und	CCONJ	KON								
14016008	14	Reiter	NOUN	NN					P		Dat	M
14016008	15	in	ADP	APPR								
14016008	16	groß	ADJ	ADJA	Pos				S		Nom	M
14016008	17	Menge	NOUN	NN					S		Nom	F
14016008	18	aber	CCONJ	KON								
14016008	19	weil	SCONJ	KOUS								
14016008	20	du	PRON	PPER				2	S		Nom	
14016008	21	dich	PRON	PPER				2	S		Acc	
14016008	22	auf	ADP	PTKVZ								
14016008	23	Jahwe	NOUN	NN					S		Nom	M
14016008	24	Stütztest	NOUN	NN					S		Nom	M
14016008	25	geben	VERB	VVFIN		Fin	Past	3	S	Ind		
14016008	26	er	PRON	PPER				3	S		Nom	M
14016008	27	sie	PRON	PPER				3	P		Nom	
14016008	28	in	ADP	APPR								
14016008	29	dein	DET	PPOSAT					S		Nom	F
14016008	30	Hand	NOUN	NN					S		Nom	F
14016009	1	denn	CCONJ	KON								
14016009	2	Jahwe	PROPN	NE					S		Gen	
14016009	3	Auge	NOUN	NN					P		Nom	N
14016009	4	durchlaufen	VERB	VVPP		Part						
14016009	5	der	DET	ART					S		Nom	F
14016009	6	ganz	ADJ	ADJA	Pos				S		Nom	F
14016009	7	Erde	NOUN	NN					S		Nom	F
14016009	8	um	ADP	APPR								
14016009	9	sich	PRON	PRF				3	S		Acc	
14016009	10	mächtig	ADV	ADJD	Pos							
14016009	11	zu	ADP	PTKVZ								
14016009	12	erweisen	VERB	VVINF		Inf						
14016009	13	an	ADP	PTKVZ								
14016009	14	der	PRON	PDS					P		Dat	
14016009	15	der	PRON	PDS							Gen	
14016009	16	Herz	NOUN	NN					S		Nom	N
14016009	17	ungeteilen	ADV	ADJD	Pos							
14016009	18	auf	ADP	PTKVZ								
14016009	19	ihn	PRON	PPER				3	S		Acc	M
14016009	20	richten	VERB	VVPP		Part						
14016009	21	sein	AUX	VAFIN		Fin	Pres	3	S	Ind		
14016009	22	Hierin	NOUN	PROAV					S		Nom	F
14016009	23	haben	AUX	VAFIN		Fin	Pres	2	S	Ind		
14016009	24	du	PRON	PPER				2	S		Nom	
14016009	25	töricht	ADV	ADJD	Pos							
14016009	26	handeln	VERB	VVPP		Part						
14016009	27	denn	CCONJ	KON								
14016009	28	von	ADP	APPR								
14016009	29	nun	ADV	ADV								
14016009	30	an	ADP	PTKVZ								
14016009	31	wersten	AUX	VAFIN		Fin	Pres	2	S	Ind		
14016009	32	du	PRON	PPER				2	S		Nom	
14016009	33	Krieg	NOUN	NN					P		Nom	M
14016009	34	haben	AUX	VAFIN		Fin	Pres	3	P	Ind		
14016010	1	und	CCONJ	KON								
14016010	2	Asa	PROPN	NE					S		Nom	
14016010	3	werden	AUX	VAFIN		Fin	Past	3	S	Ind		
14016010	4	ärgerlich	ADV	ADJD	Pos							
14016010	5	über	ADP	APPR								
14016010	6	der	DET	ART					S		Acc	M
14016010	7	Seher	NOUN	NN					S		Nom	M
14016010	8	und	CCONJ	KON								
14016010	9	legen	VERB	VVFIN		Fin	Past	3	S	Ind		
14016010	10	ihn	PRON	PPER				3	S		Acc	M
14016010	11	in	ADP	APPR								
14016010	12	der	DET	ART					S		Nom	N
14016010	13	Stockhaus	PROPN	NE					S		Nom	
14016010	14	denn	CCONJ	KON								
14016010	15	er	PRON	PPER				3	S		Nom	M
14016010	16	sein	AUX	VAFIN		Fin	Past	3	S	Ind		
14016010	17	dieserhalb	ADV	PROAV								
14016010	18	gegen	ADP	APPR								
14016010	19	ihn	PRON	PPER				3	S		Acc	M
14016010	20	erzürnt	ADV	ADJD	Pos							
14016010	21	auch	ADV	ADV								
14016010	22	tun	VERB	VVFIN		Fin	Past	3	S	Ind		
14016010	23	Asa	PROPN	NE					S		Nom	
14016010	24	zu	ADP	PTKVZ								
14016010	25	selbig	PRON	ADJA					S		Nom	M
14016010	26	Zeit	NOUN	NN					S		Nom	F
14016010	27	etlicher	PRON	PIS					P		Dat	
14016010	28	von	ADP	APPR								
14016010	29	der	DET	ART					S		Dat	M
14016010	30	Volke	NOUN	NN					S		Nom	M
14016010	31	Gewalt	NOUN	NN					S		Nom	F
14016010	32	an	ADP	PTKVZ								
14016011	1	und	CCONJ	KON								
14016011	2	sehen	VERB	VVIMP				2	S	Imp		
14016011	3	der	DET	ART					S		Nom	F
14016011	4	Geschichte	NOUN	NN					S		Nom	F
14016011	5	Asa	PROPN	NE					S		Gen	
14016011	6	der	DET	ART					S		Nom	F
14016011	7	erster	ADJ	ADJA	Pos				S		Nom	F
14016011	8	und	CCONJ	KON								
14016011	9	der	DET	ART					S		Nom	F
14016011	10	letzter	ADJ	ADJA	Pos				S		Nom	F
14016011	11	sehen	VERB	VVIMP				2	S	Imp		
14016011	12	sie	PRON	PPER				3	P		Nom	
14016011	13	sein	AUX	VAFIN		Fin	Pres	3	S	Ind		
14016011	14	schreiben	VERB	VVPP		Part						
14016011	15	in	ADP	APPR								
14016011	16	der	DET	ART					S		Dat	M
14016011	17	Buch	NOUN	NN					P		Nom	N
14016011	18	der	DET	ART					S		Nom	M
14016011	19	König	NOUN	NN					P		Nom	M
14016011	20	von	ADP	APPR								
14016011	21	Juda	PROPN	NE					S		Nom	M
14016011	22	und	CCONJ	KON								
14016011	23	Israel	PROPN	NE					S		Nom	N
14016012	1	und	CCONJ	KON								
14016012	2	in	ADP	APPRART					S		Dat	N
14016012	3	39	NUM	CARD								
14016012	4	Jahr	NOUN	NN					P		Nom	N
14016012	5	sein	DET	PPOSAT					S		Dat	F
14016012	6	Regierung	NOUN	NN					S		Nom	F
14016012	7	erkranken	VERB	VVFIN		Fin	Past	3	S	Ind		
14016012	8	Asa	PROPN	NE					S		Nom	
14016012	9	an	ADP	PTKVZ								
14016012	10	sein	DET	PPOSAT					S		Acc	M
14016012	11	Fuß	NOUN	NN					P		Dat	M
14016012	12	so	ADV	ADV								
14016012	13	daß	SCONJ	KOUS								
14016012	14	er	PRON	PPER				3	S		Nom	M
14016012	15	überaus	ADV	ADV								
14016012	16	krank	ADV	ADJD	Pos							
14016012	17	sein	AUX	VAFIN		Fin	Past	3	S	Ind		
14016012	18	aber	CCONJ	KON								
14016012	19	auch	ADV	ADV								
14016012	20	in	ADP	APPR								
14016012	21	sein	DET	PPOSAT					S		Dat	F
14016012	22	Krankheit	NOUN	NN					S		Nom	F
14016012	23	suchen	VERB	VVFIN		Fin	Past	3	S	Ind		
14016012	24	er	PRON	PPER				3	S		Nom	M
14016012	25	nicht	PART	PTKNEG								
14016012	26	Jahwe	NOUN	NN					S		Nom	M
14016012	27	sondern	CCONJ	KON								
14016012	28	der	DET	ART					S		Nom	F
14016012	29	Arzt	NOUN	NN					P		Nom	M
14016013	1	und	CCONJ	KON								
14016013	2	Asa	PROPN	NE					S		Nom	
14016013	3	legen	VERB	VVFIN		Fin	Past	3	S	Ind		
14016013	4	sich	PRON	PRF				3	S		Acc	
14016013	5	zu	ADP	PTKVZ								
14016013	6	sein	DET	PPOSAT					S		Acc	M
14016013	7	Vätern	NOUN	NN					P		Dat	M
14016013	8	und	CCONJ	KON								
14016013	9	er	PRON	PPER				3	S		Nom	M
14016013	10	sterben	VERB	VVFIN		Fin	Past	3	S	Ind		
14016013	11	in	ADP	APPRART					S		Dat	N
14016013	12	41	NUM	CARD								
14016013	13	Jahr	NOUN	NN					P		Nom	N
14016013	14	sein	DET	PPOSAT					S		Dat	F
14016013	15	Regierung	NOUN	NN					S		Nom	F
14016014	1	und	CCONJ	KON								
14016014	2	man	PRON	PIS					S		Nom	
14016014	3	begrub	VERB	VVFIN		Fin	Pres	3	S	Ind		
14016014	4	ihn	PRON	PPER				3	S		Acc	M
14016014	5	in	ADP	APPR								
14016014	6	sein	DET	PPOSAT					S		Dat	M
14016014	7	Begräbnis	NOUN	NN					S		Nom	N
14016014	8	der	DET	ART					S		Nom	N
14016014	9	er	PRON	PPER				3	S		Nom	M
14016014	10	sich	PRON	PRF				3	S		Acc	
14016014	11	in	ADP	APPR								
14016014	12	der	DET	ART					S		Nom	M
14016014	13	Stadt	NOUN	NN					S		Nom	F
14016014	14	David	PROPN	NE					S		Gen	M
14016014	15	graben	VERB	VVPP		Part						
14016014	16	haben	AUX	VAFIN		Fin	Past	3	S	Ind		
14016014	17	und	CCONJ	KON								
14016014	18	man	PRON	PIS					S		Nom	
14016014	19	legen	VERB	VVFIN		Fin	Past	3	S	Ind		
14016014	20	ihn	PRON	PPER				3	S		Acc	M
14016014	21	auf	ADP	PTKVZ								
14016014	22	ein	DET	ART					S		Nom	N
14016014	23	Lager	NOUN	NN					S		Nom	N
14016014	24	der	DET	ART					S		Nom	N
14016014	25	man	PRON	PIS					S		Nom	
14016014	26	füllen	VERB	VVPP		Part						
14016014	27	haben	AUX	VAFIN		Fin	Past	3	S	Ind		
14016014	28	mit	ADP	APPR								
14016014	29	Gewürz	NOUN	NN					S		Nom	N
14016014	30	und	CCONJ	KON								
14016014	31	Spezereie	NOUN	NN					P		Nom	F
14016014	32	mischen	VERB	VVPP		Part						
14016014	33	nach	ADP	APPR								
14016014	34	der	DET	ART					S		Nom	M
14016014	35	Kunst	NOUN	NN					S		Nom	F
14016014	36	der	DET	ART					S		Nom	M
14016014	37	Salbenmischung	NOUN	NN					S		Nom	F
14016014	38	und	CCONJ	KON								
14016014	39	man	PRON	PIS					S		Nom	
14016014	40	veranstalten	VERB	VVFIN		Fin	Past	3	S	Ind		
14016014	41	für	ADP	APPR								
14016014	42	ihn	PRON	PPER				3	S		Acc	M
14016014	43	ein	DET	ART					S		Acc	M
14016014	44	sehr	ADV	ADV								
14016014	45	groß	ADJ	ADJA	Pos				S		Acc	M
14016014	46	Brand	NOUN	NN					S		Nom	M
14017001	1	und	CCONJ	KON								
14017001	2	Josaphat	PROPN	NE								
14017001	3	sein	AUX	VAINF		Inf						
14017001	4	Sohn	NOUN	NN					S		Nom	M
14017001	5	werden	VERB	VAFIN		Fin	Past	3	S	Ind		
14017001	6	König	NOUN	NN					S		Nom	M
14017001	7	an	ADP	PTKVZ								
14017001	8	sein	DET	PPOSAT					S		Dat	F
14017001	9	statt	SCONJ	KOUI								
14017001	10	und	CCONJ	KON								
14017001	11	er	PRON	PPER				3	S		Nom	M
14017001	12	stärken	VERB	VVFIN		Fin	Past	3	S	Ind		
14017001	13	sich	PRON	PRF				3	S		Acc	
14017001	14	wider	ADP	PTKVZ								
14017001	15	Israel	PROPN	NE					S		Nom	N
14017002	1	und	CCONJ	KON								
14017002	2	er	PRON	PPER				3	S		Nom	M
14017002	3	legen	VERB	VVFIN		Fin	Past	3	S	Ind		
14017002	4	Kriegsvolk	NOUN	NN					S		Nom	N
14017002	5	in	ADP	APPR								
14017002	6	aller	PRON	PIS					P		Nom	
14017002	7	fest	ADJ	ADJA	Pos				S		Acc	M
14017002	8	Stadt	NOUN	NN					P		Nom	F
14017002	9	Judas	PROPN	NE					S		Nom	M
14017002	10	und	CCONJ	KON								
14017002	11	legen	VERB	VVFIN		Fin	Past	3	S	Ind		
14017002	12	Besatzung	NOUN	NN					P		Nom	F
14017002	13	in	ADP	APPR								
14017002	14	der	DET	ART					S		Nom	N
14017002	15	Land	NOUN	NN					S		Nom	N
14017002	16	Juda	PROPN	NE					S		Nom	M
14017002	17	und	CCONJ	KON								
14017002	18	in	ADP	APPR								
14017002	19	der	DET	ART					S		Nom	F
14017002	20	Stadt	NOUN	NN					P		Nom	F
14017002	21	Ephraim	PROPN	PDS					S		Nom	F
14017002	22	der	DET	ART					S		Nom	F
14017002	23	sein	AUX	VAINF		Inf						
14017002	24	Vater	NOUN	NN					S		Nom	M
14017002	25	Asa	PROPN	NE					S		Nom	
14017002	26	einnehmen	VERB	VVPP		Part						
14017002	27	haben	AUX	VAFIN		Fin	Past	3	S	Ind		
14017003	1	und	CCONJ	KON								
14017003	2	Jahwe	NOUN	NN					S		Nom	M
14017003	3	sein	AUX	VAFIN		Fin	Past	3	S	Ind		
14017003	4	mit	ADP	APPR								
14017003	5	Josaphat	PROPN	NE								
14017003	6	denn	CCONJ	KON								
14017003	7	er	PRON	PPER				3	S		Nom	M
14017003	8	wandeln	VERB	VVFIN		Fin	Past	3	S	Ind		
14017003	9	auf	ADP	PTKVZ								
14017003	10	der	DET	ART					S		Acc	M
14017003	11	früh	ADJ	ADJA	Cmp				S		Gen	N
14017003	12	wegen	ADP	APPR								
14017003	13	sein	DET	PPOSAT					S		Gen	M
14017003	14	Vater	NOUN	NN					S		Gen	M
14017003	15	David	PROPN	NE					S		Nom	M
14017003	16	und	CCONJ	KON								
14017003	17	suchen	VERB	VVFIN		Fin	Past	3	S	Ind		
14017003	18	nicht	PART	PTKNEG								
14017003	19	der	DET	ART					S		Nom	F
14017003	20	Baalim	PROPN	NE					S		Nom	N
14017004	1	sondern	CCONJ	KON								
14017004	2	er	PRON	PPER				3	S		Nom	M
14017004	3	suchen	VERB	VVFIN		Fin	Past	3	S	Ind		
14017004	4	der	DET	ART					S		Acc	M
14017004	5	Gott	NOUN	NN					S		Nom	M
14017004	6	sein	DET	PPOSAT					S		Gen	M
14017004	7	Vater	NOUN	NN					S		Gen	M
14017004	8	und	CCONJ	KON								
14017004	9	er	PRON	PPER				3	S		Nom	M
14017004	10	wandeln	VERB	VVFIN		Fin	Past	3	S	Ind		
14017004	11	in	ADP	APPR								
14017004	12	sein	DET	PPOSAT					S		Acc	M
14017004	13	Gebot	NOUN	NN					P		Dat	M
14017004	14	und	CCONJ	KON								
14017004	15	nicht	PART	PTKNEG								
14017004	16	nach	ADP	APPR								
14017004	17	der	DET	ART					S		Dat	M
14017004	18	tun	NOUN	NN					S		Nom	N
14017004	19	Israel	PROPN	NE					S		Gen	N
14017005	1	und	CCONJ	KON								
14017005	2	Jahwe	NOUN	NN					S		Nom	M
14017005	3	befestigen	VERB	VVFIN		Fin	Past	3	S	Ind		
14017005	4	der	DET	ART					S		Nom	N
14017005	5	Königtum	NOUN	NN					S		Nom	N
14017005	6	in	ADP	APPR								
14017005	7	sein	DET	PPOSAT					S		Dat	F
14017005	8	Hand	NOUN	NN					S		Nom	F
14017005	9	und	CCONJ	KON								
14017005	10	ganz	ADV	ADV								
14017005	11	Juda	PROPN	NE					S		Nom	M
14017005	12	geben	VERB	VVFIN		Fin	Past	3	S	Ind		
14017005	13	Josaphat	PROPN	NE								
14017005	14	Geschenk	NOUN	NN					P		Nom	N
14017005	15	und	CCONJ	KON								
14017005	16	er	PRON	PPER				3	S		Nom	M
14017005	17	haben	AUX	VAFIN		Fin	Past	3	S	Ind		
14017005	18	Reichtum	NOUN	NN					S		Nom	M
14017005	19	und	CCONJ	KON								
14017005	20	Ehre	NOUN	NN					S		Nom	F
14017005	21	in	ADP	APPR								
14017005	22	Fülle	NOUN	NN					S		Nom	F
14017006	1	und	CCONJ	KON								
14017006	2	sein	AUX	VAINF		Inf						
14017006	3	Herz	NOUN	NN					S		Nom	N
14017006	4	gewinnen	VERB	VVFIN		Fin	Past	3	S	Ind		
14017006	5	Mut	NOUN	NN					S		Nom	M
14017006	6	auf	ADP	PTKVZ								
14017006	7	der	DET	ART					S		Acc	M
14017006	8	wegen	ADP	APPR								
14017006	9	Jahwe	PROPN	NE					S		Gen	
14017006	10	und	CCONJ	KON								
14017006	11	er	PRON	PPER				3	S		Nom	M
14017006	12	tun	VERB	VVFIN		Fin	Past	3	S	Ind		
14017006	13	noch	CCONJ	KON								
14017006	14	der	DET	ART					S		Nom	F
14017006	15	Höhe	NOUN	NN					P		Nom	F
14017006	16	und	CCONJ	KON								
14017006	17	der	DET	ART					S		Nom	F
14017006	18	ascherim	PROPN	NE					S		Nom	M
14017006	19	aus	ADP	PTKVZ								
14017006	20	Juda	PROPN	NE					S		Nom	M
14017006	21	hinweg	ADP	APZR								
14017007	1	und	CCONJ	KON								
14017007	2	in	ADP	APPRART					S		Dat	N
14017007	3	dritter	ADJ	ADJA	Pos				S		Acc	M
14017007	4	Jahr	NOUN	NN					P		Nom	N
14017007	5	sein	DET	PPOSAT					S		Dat	F
14017007	6	Regierung	NOUN	NN					S		Nom	F
14017007	7	senden	VERB	VVFIN		Fin	Past	3	S	Ind		
14017007	8	er	PRON	PPER				3	S		Nom	M
14017007	9	sein	DET	PPOSAT					S		Nom	F
14017007	10	oberer	ADJ	ADJA	Sup				S		Dat	F
14017007	11	Ben-Hail	PROPN	NE					S		Nom	
14017007	12	und	CCONJ	KON								
14017007	13	Obadja	PROPN	NE					S		Nom	
14017007	14	und	CCONJ	KON								
14017007	15	Sekarja	PROPN	NN					S		Nom	
14017007	16	und	CCONJ	KON								
14017007	17	nethaneel	PROPN	NN					S		Nom	
14017007	18	und	CCONJ	KON								
14017007	19	Mikaja	PROPN	NE					S		Nom	N
14017007	20	daß	SCONJ	KOUS								
14017007	21	sie	PRON	PPER				3	P		Nom	
14017007	22	in	ADP	APPR								
14017007	23	der	DET	ART					S		Acc	M
14017007	24	Stadt	NOUN	NN					P		Nom	F
14017007	25	Judas	PROPN	NE					S		Nom	M
14017007	26	lehren	VERB	VVINF		Inf						
14017007	27	sollen	AUX	VMFIN		Fin	Past	3	P	Ind		
14017008	1	und	CCONJ	KON								
14017008	2	mit	ADP	APPR								
14017008	3	ihnen	PRON	PPER				3	P		Dat	
14017008	4	der	DET	ART					S		Nom	F
14017008	5	Levit	NOUN	NN					P		Nom	M
14017008	6	Schemaja	PROPN	NE					S		Nom	M
14017008	7	und	CCONJ	KON								
14017008	8	Nethanja	PROPN	NE								
14017008	9	und	CCONJ	KON								
14017008	10	Sebadja	PROPN	NE					S		Nom	F
14017008	11	und	CCONJ	KON								
14017008	12	Asael	PROPN	NE					S		Nom	M
14017008	13	und	CCONJ	KON								
14017008	14	Schemiramoth	NOUN	NN					S		Nom	F
14017008	15	und	CCONJ	KON								
14017008	16	Jonathan	PROPN	NE					S		Nom	M
14017008	17	und	CCONJ	KON								
14017008	18	Adonija	PROPN	NE					S		Nom	F
14017008	19	und	CCONJ	KON								
14017008	20	Tobija	NOUN	NN					S		Nom	F
14017008	21	und	CCONJ	KON								
14017008	22	Tob-Adonija	NOUN	NN					S		Nom	F
14017008	23	der	DET	ART					S		Nom	F
14017008	24	Levit	NOUN	NN					P		Nom	M
14017008	25	und	CCONJ	KON								
14017008	26	mit	ADP	APPR								
14017008	27	ihnen	PRON	PPER				3	P		Dat	
14017008	28	Elischama	PROPN	NE					S		Nom	
14017008	29	und	CCONJ	KON								
14017008	30	Joram	PROPN	NE					S		Nom	M
14017008	31	der	DET	ART					S		Nom	F
14017008	32	Priester	NOUN	NN					P		Nom	M
14017009	1	und	CCONJ	KON								
14017009	2	sie	PRON	PPER				3	P		Nom	
14017009	3	lehren	VERB	VVFIN		Fin	Past	3	P	Ind		
14017009	4	in	ADP	APPR								
14017009	5	Juda	PROPN	NE					S		Nom	M
14017009	6	indem	SCONJ	KOUS								
14017009	7	sie	PRON	PPER				3	P		Nom	
14017009	8	der	DET	ART					S		Nom	N
14017009	9	Buch	NOUN	NN					S		Nom	N
14017009	10	der	DET	ART					S		Gen	M
14017009	11	Gesetz	NOUN	NN					S		Gen	N
14017009	12	Jahwe	PROPN	NE					S		Gen	
14017009	13	bei	ADP	APPR								
14017009	14	sich	PRON	PRF				3	S		Acc	
14017009	15	haben	AUX	VAFIN		Fin	Past	3	P	Ind		
14017009	16	und	CCONJ	KON								
14017009	17	ziehen	VERB	VVFIN		Fin	Past	3	P	Ind		
14017009	18	umher	ADP	PTKVZ								
14017009	19	durch	ADP	APPR								
14017009	20	aller	PRON	PIS					P		Nom	
14017009	21	Stadt	NOUN	NN					P		Nom	F
14017009	22	Judas	PROPN	NE					S		Nom	M
14017009	23	und	CCONJ	KON								
14017009	24	lehren	VERB	VVFIN		Fin	Past	3	P	Ind		
14017009	25	unter	ADP	APPR								
14017009	26	der	DET	ART					S		Dat	M
14017009	27	Volke	NOUN	NN					S		Nom	M
14017010	1	und	CCONJ	KON								
14017010	2	der	DET	ART					S		Nom	M
14017010	3	Schrecken	NOUN	NN					S		Nom	M
14017010	4	Jahwe	PROPN	NE					S		Gen	
14017010	5	kommen	VERB	VVFIN		Fin	Past	3	S	Ind		
14017010	6	auf	ADP	PTKVZ								
14017010	7	aller	PRON	PIS					P		Nom	
14017010	8	Königreich	NOUN	NN					P		Nom	N
14017010	9	der	DET	ART					S		Nom	M
14017010	10	Land	NOUN	NN					P		Nom	N
14017010	11	der	DET	ART					S		Nom	F
14017010	12	rings	ADV	ADV								
14017010	13	um	ADP	APPR								
14017010	14	Juda	PROPN	NE					S		Nom	M
14017010	15	sein	AUX	VAFIN		Fin	Past	3	P	Ind		
14017010	16	so	ADV	ADV								
14017010	17	daß	SCONJ	KOUS								
14017010	18	sie	PRON	PPER				3	P		Nom	
14017010	19	nicht	PART	PTKNEG								
14017010	20	wider	ADP	PTKVZ								
14017010	21	Josaphat	PROPN	NE								
14017010	22	streiten	VERB	VVFIN		Fin	Past	3	P	Ind		
14017011	1	und	CCONJ	KON								
14017011	2	der	DET	ART					S		Nom	F
14017011	3	Philister	NOUN	NN					S		Nom	M
14017011	4	bringen	VERB	VVFIN		Fin	Past	3	P	Ind		
14017011	5	Josaphat	PROPN	NE								
14017011	6	Geschenk	NOUN	NN					P		Nom	N
14017011	7	und	CCONJ	KON								
14017011	8	Silber	NOUN	NN					S		Nom	N
14017011	9	als	ADP	KOKOM								
14017011	10	Tribut	NOUN	NN					S		Nom	M
14017011	11	auch	ADV	ADV								
14017011	12	der	DET	ART					S		Nom	F
14017011	13	Araber	NOUN	NN					P		Nom	M
14017011	14	bringen	VERB	VVFIN		Fin	Past	3	P	Ind		
14017011	15	ihm	PRON	PPER				3	S		Dat	M
14017011	16	Kleinvieh	NOUN	NN					S		Nom	N
14017011	17	7700	NUM	CARD								
14017011	18	Widder	NOUN	NN					S		Nom	M
14017011	19	und	CCONJ	KON								
14017011	20	7700	NUM	CARD								
14017011	21	Böck	NOUN	NN					P		Nom	M
14017012	1	und	CCONJ	KON								
14017012	2	Josaphat	PROPN	NE								
14017012	3	werden	AUX	VAFIN		Fin	Past	3	S	Ind		
14017012	4	immerfort	ADV	ADV								
14017012	5	groß	ADV	ADJD	Cmp							
14017012	6	bis	CCONJ	KON								
14017012	7	er	PRON	PPER				3	S		Nom	M
14017012	8	überaus	ADV	ADV								
14017012	9	groß	ADV	ADJD	Pos							
14017012	10	sein	AUX	VAFIN		Fin	Past	3	S	Ind		
14017012	11	und	CCONJ	KON								
14017012	12	er	PRON	PPER				3	S		Nom	M
14017012	13	bauen	VERB	VVFIN		Fin	Past	3	S	Ind		
14017012	14	in	ADP	APPR								
14017012	15	Juda	PROPN	NE					S		Nom	M
14017012	16	Burge	NOUN	NN					P		Nom	F
14017012	17	und	CCONJ	KON								
14017012	18	vorratsstädte	NOUN	NN					P		Nom	F
14017013	1	und	CCONJ	KON								
14017013	2	er	PRON	PPER				3	S		Nom	M
14017013	3	haben	AUX	VAFIN		Fin	Past	3	S	Ind		
14017013	4	groß	ADJ	ADJA	Pos				S		Nom	F
14017013	5	Vorrat	NOUN	NN					P		Nom	M
14017013	6	in	ADP	APPR								
14017013	7	der	DET	ART					S		Acc	M
14017013	8	Stadt	NOUN	NN					P		Nom	F
14017013	9	Judas	PROPN	NE					S		Nom	M
14017013	10	und	CCONJ	KON								
14017013	11	Kriegsmänner	NOUN	NN					P		Nom	M
14017013	12	tapferen	VERB	VVFIN		Fin	Pres	3	S	Sub		
14017013	13	Held	NOUN	NN					P		Nom	M
14017013	14	in	ADP	APPR								
14017013	15	Jerusalem	PROPN	NE					S		Nom	N
14017014	1	und	CCONJ	KON								
14017014	2	dieser	PRON	PDS					S		Nom	N
14017014	3	sein	AUX	VAFIN		Fin	Past	3	S	Ind		
14017014	4	ihr	DET	PPOSAT					S		Nom	F
14017014	5	Einteilung	NOUN	NN					S		Nom	F
14017014	6	nach	ADP	APPR								
14017014	7	ihr	DET	PPOSAT					S		Acc	M
14017014	8	Vaterhäuser	NOUN	NN					P		Dat	M
14017014	9	von	ADP	APPR								
14017014	10	Juda	PROPN	NE					S		Nom	M
14017014	11	sein	AUX	VAFIN		Fin	Past	3	P	Ind		
14017014	12	oberer	ADJ	ADJA	Sup				S		Nom	F
14017014	13	über	ADP	APPR								
14017014	14	Tausend	NOUN	NN					P		Nom	N
14017014	15	Adna	X	FM								
14017014	16	der	DET	ART					S		Nom	M
14017014	17	oberer	ADJ	ADJA	Sup				S		Nom	F
14017014	18	und	CCONJ	KON								
14017014	19	mit	ADP	APPR								
14017014	20	ihm	PRON	PPER				3	S		Dat	M
14017014	21	300000	NUM	CARD								
14017014	22	tapferen	VERB	VVFIN		Fin	Pres	3	S	Sub		
14017014	23	Held	NOUN	NN					P		Nom	M
14017015	1	und	CCONJ	KON								
14017015	2	neben	ADP	APPR								
14017015	3	ihm	PRON	PPER				3	S		Dat	M
14017015	4	Jochanan	PROPN	NE					S		Nom	M
14017015	5	der	DET	ART					S		Nom	M
14017015	6	oberer	ADJ	ADJA	Sup				S		Nom	F
14017015	7	und	CCONJ	KON								
14017015	8	mit	ADP	APPR								
14017015	9	ihm	PRON	PPER				3	S		Dat	M
14017015	10	280000	NUM	CARD								
14017016	1	und	CCONJ	KON								
14017016	2	neben	ADP	APPR								
14017016	3	ihm	PRON	PPER				3	S		Dat	M
14017016	4	Amasja	PROPN	NE					S		Nom	N
14017016	5	der	DET	ART					S		Nom	M
14017016	6	Sohn	NOUN	NN					S		Nom	M
14017016	7	Sikris	PROPN	NE					S		Nom	
14017016	8	der	DET	ART					S		Nom	M
14017016	9	sich	PRON	PRF				3	S		Acc	
14017016	10	Jahwe	NOUN	NN					S		Nom	M
14017016	11	freiwillig	ADV	ADJD	Pos							
14017016	12	stellen	VERB	VVPP		Part						
14017016	13	haben	AUX	VAFIN		Fin	Past	3	S	Ind		
14017016	14	und	CCONJ	KON								
14017016	15	mit	ADP	APPR								
14017016	16	ihm	PRON	PPER				3	S		Dat	M
14017016	17	200000	NUM	CARD								
14017016	18	tapferen	VERB	VVFIN		Fin	Pres	3	S	Sub		
14017016	19	Held	NOUN	NN					P		Nom	M
14017017	1	und	CCONJ	KON								
14017017	2	von	ADP	APPR								
14017017	3	Benjamin	PROPN	NE					S		Nom	M
14017017	4	der	DET	ART					S		Nom	M
14017017	5	tapferen	VERB	VVFIN		Fin	Pres	3	S	Sub		
14017017	6	Held	NOUN	NN					S		Nom	M
14017017	7	Eljada	PROPN	NE					S		Nom	
14017017	8	und	CCONJ	KON								
14017017	9	mit	ADP	APPR								
14017017	10	ihm	PRON	PPER				3	S		Dat	M
14017017	11	200000	NUM	CARD								
14017017	12	mit	ADP	APPR								
14017017	13	Bogen	NOUN	NN					S		Nom	M
14017017	14	und	CCONJ	KON								
14017017	15	Schild	NOUN	NN					S		Nom	N
14017017	16	bewaffnete	NOUN	NN					P		Nom	
14017018	1	und	CCONJ	KON								
14017018	2	neben	ADP	APPR								
14017018	3	ihm	PRON	PPER				3	S		Dat	M
14017018	4	Josabad	PROPN	NE					S		Nom	N
14017018	5	und	CCONJ	KON								
14017018	6	mit	ADP	APPR								
14017018	7	ihm	PRON	PPER				3	S		Dat	M
14017018	8	180000	NUM	CARD								
14017018	9	zu	ADP	APPRART					S		Dat	N
14017018	10	Heer	NOUN	NN					P		Nom	M
14017018	11	Gerüstete	NOUN	NN					S		Nom	F
14017019	1	dieser	DET	PDAT					S		Nom	F
14017019	2	sein	AUX	VAFIN		Fin	Past	3	P	Ind		
14017019	3	es	PRON	PPER				3	S		Nom	N
14017019	4	der	DET	ART					S		Nom	F
14017019	5	der	DET	ART					S		Dat	M
14017019	6	König	NOUN	NN					S		Nom	M
14017019	7	dienen	VERB	VVFIN		Fin	Past	3	P	Ind		
14017019	8	außer	ADP	APPR								
14017019	9	der	PRON	PDS					P		Dat	
14017019	10	welcher	DET	PWAT					S		Nom	F
14017019	11	der	DET	ART					S		Nom	M
14017019	12	König	NOUN	NN					S		Nom	M
14017019	13	in	ADP	APPR								
14017019	14	der	DET	ART					S		Nom	F
14017019	15	fest	ADJ	ADJA	Pos				S		Acc	M
14017019	16	Stadt	NOUN	NN					P		Nom	F
14017019	17	von	ADP	APPR								
14017019	18	ganz	ADV	ADV								
14017019	19	Juda	PROPN	NE					S		Nom	M
14017019	20	legen	VERB	VVPP		Part						
14017019	21	haben	AUX	VAFIN		Fin	Past	3	S	Ind		
14018001	1	so	ADV	ADV								
14018001	2	haben	AUX	VAFIN		Fin	Past	3	S	Ind		
14018001	3	Josaphat	PROPN	NE								
14018001	4	Reichtum	NOUN	NN					S		Nom	M
14018001	5	und	CCONJ	KON								
14018001	6	Ehre	NOUN	NN					S		Nom	F
14018001	7	in	ADP	APPR								
14018001	8	Fülle	NOUN	NN					S		Nom	F
14018001	9	und	CCONJ	KON								
14018001	10	er	PRON	PPER				3	S		Nom	M
14018001	11	verschwägeren	VERB	VVFIN		Fin	Past	3	S	Sub		
14018001	12	sich	PRON	PRF				3	S		Acc	
14018001	13	mit	ADP	APPR								
14018001	14	Ahab	PROPN	NE					S		Nom	M
14018002	1	und	CCONJ	KON								
14018002	2	nach	ADP	APPR								
14018002	3	Verlauf	NOUN	NN					S		Nom	M
14018002	4	von	ADP	APPR								
14018002	5	einiger	PRON	PIS					P		Dat	N
14018002	6	Jahr	NOUN	NN					P		Dat	N
14018002	7	ziehen	VERB	VVFIN		Fin	Past	3	S	Ind		
14018002	8	er	PRON	PPER				3	S		Nom	M
14018002	9	zu	ADP	PTKVZ								
14018002	10	Ahab	PROPN	NE					S		Nom	M
14018002	11	nach	ADP	APPR								
14018002	12	Samaria	PROPN	NE					S		Nom	N
14018002	13	Hinab	ADV	PTKVZ								
14018002	14	und	CCONJ	KON								
14018002	15	Ahab	PROPN	NE					S		Nom	M
14018002	16	schlachten	VERB	VVFIN		Fin	Past	3	S	Ind		
14018002	17	für	ADP	APPR								
14018002	18	ihn	PRON	PPER				3	S		Acc	M
14018002	19	und	CCONJ	KON								
14018002	20	für	ADP	APPR								
14018002	21	der	DET	ART					S		Nom	N
14018002	22	Volk	NOUN	NN					S		Nom	N
14018002	23	der	DET	ART					S		Nom	N
14018002	24	bei	ADP	APPR								
14018002	25	ihm	PRON	PPER				3	S		Dat	M
14018002	26	sein	AUX	VAFIN		Fin	Past	3	S	Ind		
14018002	27	Klein	PROPN	NE					S		Nom	
14018002	28	und	CCONJ	KON								
14018002	29	Rindvieh	NOUN	NN					S		Nom	N
14018002	30	in	ADP	APPR								
14018002	31	Menge	NOUN	NN					S		Nom	F
14018002	32	und	CCONJ	KON								
14018002	33	er	PRON	PPER				3	S		Nom	M
14018002	34	verleiten	VERB	VVFIN		Fin	Past	3	S	Ind		
14018002	35	ihn	PRON	PPER				3	S		Acc	M
14018002	36	wider	ADP	PTKVZ								
14018002	37	Ramoth-Gilead	NOUN	NN					S		Nom	N
14018002	38	hinaufzuziehen	VERB	VVFIN		Fin	Pres	3	S	Ind		
14018003	1	und	CCONJ	KON								
14018003	2	Ahab	PROPN	NE					S		Nom	M
14018003	3	der	DET	ART					S		Nom	M
14018003	4	König	NOUN	NN					S		Nom	M
14018003	5	von	ADP	APPR								
14018003	6	Israel	PROPN	NE					S		Nom	N
14018003	7	sprechen	VERB	VVFIN		Fin	Past	3	S	Ind		
14018003	8	zu	ADP	PTKVZ								
14018003	9	Josaphat	PROPN	NE								
14018003	10	der	DET	ART					S		Dat	M
14018003	11	König	NOUN	NN					S		Nom	M
14018003	12	von	ADP	APPR								
14018003	13	Juda	PROPN	NE					S		Nom	M
14018003	14	Willst	X	FM								
14018003	15	du	PRON	PPER				2	S		Nom	
14018003	16	mit	ADP	APPR								
14018003	17	mir	PRON	PPER				1	S		Dat	
14018003	18	nach	ADP	APPR								
14018003	19	Ramoth-Gilead	NOUN	NN					S		Nom	N
14018003	20	ziehen	VERB	VVINF		Inf						
14018003	21	und	CCONJ	KON								
14018003	22	er	PRON	PPER				3	S		Nom	M
14018003	23	sprechen	VERB	VVFIN		Fin	Past	3	S	Ind		
14018003	24	zu	ADP	PTKVZ								
14018003	25	ihm	PRON	PPER				3	S		Dat	M
14018003	26	ich	PRON	PPER				1	S		Nom	
14018003	27	wollen	AUX	VMFIN		Fin	Pres	3	S	Ind		
14018003	28	sein	AUX	VAINF		Inf						
14018003	29	wie	ADP	KOKOM								
14018003	30	du	PRON	PPER				2	S		Nom	
14018003	31	und	CCONJ	KON								
14018003	32	mein	DET	PPOSAT					S		Nom	N
14018003	33	Volk	NOUN	NN					S		Nom	N
14018003	34	wie	ADP	KOKOM								
14018003	35	dein	DET	PPER					S		Nom	N
14018003	36	Volk	NOUN	NN					S		Nom	N
14018003	37	und	CCONJ	KON								
14018003	38	wollen	AUX	VMFIN		Fin	Pres	3	S	Ind		
14018003	39	mit	ADP	APPR								
14018003	40	dir	PRON	PPER				2	S		Dat	
14018003	41	in	ADP	APPR								
14018003	42	der	DET	ART					S		Acc	M
14018003	43	Streit	NOUN	NN					S		Nom	M
14018003	44	ziehen	VERB	VVINF		Inf						
14018004	1	und	CCONJ	KON								
14018004	2	Josaphat	PROPN	NE								
14018004	3	sprechen	VERB	VVFIN		Fin	Past	3	S	Ind		
14018004	4	zu	ADP	PTKVZ								
14018004	5	der	DET	ART					S		Dat	M
14018004	6	König	NOUN	NN					S		Nom	M
14018004	7	von	ADP	APPR								
14018004	8	Israel	PROPN	NE					S		Nom	N
14018004	9	Befrage	NOUN	NN					S		Nom	F
14018004	10	doch	CCONJ	KON								
14018004	11	heute	ADV	ADV								
14018004	12	der	DET	ART					S		Nom	N
14018004	13	Wort	NOUN	NN					S		Nom	N
14018004	14	Jahwe	PROPN	NE					S		Gen	
14018005	1	da	SCONJ	KOUS								
14018005	2	versammeln	VERB	VVFIN		Fin	Past	3	S	Ind		
14018005	3	der	DET	ART					S		Nom	M
14018005	4	König	NOUN	NN					S		Nom	M
14018005	5	von	ADP	APPR								
14018005	6	Israel	PROPN	NE					S		Nom	N
14018005	7	der	DET	ART					S		Nom	F
14018005	8	Prophet	NOUN	NN					P		Nom	M
14018005	9	vierhundert	VERB	VVPP		Part						
14018005	10	Mann	NOUN	NN					S		Nom	M
14018005	11	und	CCONJ	KON								
14018005	12	er	PRON	PPER				3	S		Nom	M
14018005	13	sprechen	VERB	VVFIN		Fin	Past	3	S	Ind		
14018005	14	zu	ADP	PTKVZ								
14018005	15	ihnen	PRON	PPER				3	P		Dat	
14018005	16	Sollen	AUX	VMFIN		Fin	Pres	3	P	Ind		
14018005	17	wir	PRON	PPER				1	P		Nom	
14018005	18	wider	ADP	PTKVZ								
14018005	19	Ramoth-Gilead	NOUN	NN					S		Nom	N
14018005	20	in	ADP	APPR								
14018005	21	der	DET	ART					S		Acc	M
14018005	22	Streit	NOUN	NN					S		Nom	M
14018005	23	ziehen	VERB	VVINF		Inf						
14018005	24	oder	CCONJ	KON								
14018005	25	sollen	AUX	VMFIN		Fin	Pres	3	S	Ind		
14018005	26	ich	PRON	PPER				1	S		Nom	
14018005	27	davon	ADV	PROAV								
14018005	28	abstehen	VERB	VVINF		Inf						
14018005	29	und	CCONJ	KON								
14018005	30	sie	PRON	PPER				3	P		Nom	
14018005	31	sprechen	VERB	VVFIN		Fin	Past	3	P	Ind		
14018005	32	Ziehe	VERB	VVIMP				2	S	Imp		
14018005	33	hinauf	ADV	PTKVZ								
14018005	34	und	CCONJ	KON								
14018005	35	Gott	NOUN	NN					S		Nom	M
14018005	36	werden	AUX	VAFIN		Fin	Pres	3	S	Ind		
14018005	37	es	PRON	PPER				3	S		Nom	N
14018005	38	in	ADP	APPR								
14018005	39	der	DET	ART					S		Nom	F
14018005	40	Hand	NOUN	NN					S		Nom	F
14018005	41	der	DET	ART					S		Gen	M
14018005	42	König	PROPN	NE					S		Nom	
14018005	43	geben	VERB	VVINF		Inf						
14018006	1	aber	CCONJ	KON								
14018006	2	Josaphat	PROPN	NE								
14018006	3	sprechen	VERB	VVFIN		Fin	Past	3	S	Ind		
14018006	4	sein	AUX	VAFIN		Fin	Pres	3	S	Ind		
14018006	5	hier	ADV	ADV								
14018006	6	kein	DET	PIAT					S		Nom	N
14018006	7	Prophet	NOUN	NN					S		Nom	M
14018006	8	Jahwe	PROPN	NE					S		Gen	
14018006	9	mehr	ADV	ADV								
14018006	10	daß	SCONJ	KOUS								
14018006	11	wir	PRON	PPER				1	P		Nom	
14018006	12	durch	ADP	APPR								
14018006	13	ihn	PRON	PPER				3	S		Acc	M
14018006	14	fragen	VERB	VVINF		Inf						
14018007	1	und	CCONJ	KON								
14018007	2	der	DET	ART					S		Nom	M
14018007	3	König	NOUN	NN					S		Nom	M
14018007	4	von	ADP	APPR								
14018007	5	Israel	PROPN	NE					S		Nom	N
14018007	6	sprechen	VERB	VVFIN		Fin	Past	3	S	Ind		
14018007	7	zu	ADP	PTKVZ								
14018007	8	Josaphat	PROPN	NE								
14018007	9	es	PRON	PPER				3	S		Nom	N
14018007	10	sein	AUX	VAFIN		Fin	Pres	3	S	Ind		
14018007	11	noch	CCONJ	KON								
14018007	12	ein	DET	ART					S		Nom	N
14018007	13	Mann	NOUN	NN					S		Nom	M
14018007	14	da	ADV	ADV								
14018007	15	um	ADP	APPR								
14018007	16	durch	ADP	APPR								
14018007	17	ihn	PRON	PPER				3	S		Acc	M
14018007	18	Jahwe	NOUN	NN					S		Nom	M
14018007	19	zu	ADP	PTKVZ								
14018007	20	befragen	VERB	VVINF		Inf						
14018007	21	aber	CCONJ	KON								
14018007	22	ich	PRON	PPER				1	S		Nom	
14018007	23	hassen	VERB	VVFIN		Fin	Pres	3	S	Sub		
14018007	24	ihn	PRON	PPER				3	S		Acc	M
14018007	25	denn	CCONJ	KON								
14018007	26	er	PRON	PPER				3	S		Nom	M
14018007	27	weissagen	VERB	VVFIN		Fin	Pres	3	S	Ind		
14018007	28	nichts	PRON	PIS								N
14018007	29	gute	NOUN	NN					S		Nom	N
14018007	30	über	ADP	APPR								
14018007	31	mich	PRON	PPER				1	S		Acc	
14018007	32	sondern	CCONJ	KON								
14018007	33	immer	ADV	ADV								
14018007	34	nur	ADV	ADV								
14018007	35	böse	NOUN	PIAT					S		Nom	N
14018007	36	es	PRON	PPER				3	S		Nom	N
14018007	37	sein	AUX	VAFIN		Fin	Pres	3	S	Ind		
14018007	38	Micha	PROPN	NE					S		Nom	M
14018007	39	der	DET	ART					S		Nom	M
14018007	40	Sohn	NOUN	NN					S		Nom	M
14018007	41	Jimla	PROPN	NE					S		Gen	
14018007	42	und	CCONJ	KON								
14018007	43	Josaphat	PROPN	NE								
14018007	44	sprechen	VERB	VVFIN		Fin	Past	3	S	Ind		
14018007	45	der	DET	ART					S		Nom	M
14018007	46	König	NOUN	NN					S		Nom	M
14018007	47	sprechen	VERB	VVFIN		Fin	Pres	3	S	Sub		
14018007	48	nicht	PART	PTKNEG								
14018007	49	also	ADV	ADV								
14018008	1	da	SCONJ	KOUS								
14018008	2	rufen	VERB	VVFIN		Fin	Past	3	S	Ind		
14018008	3	der	DET	ART					S		Nom	M
14018008	4	König	NOUN	NN					S		Nom	M
14018008	5	von	ADP	APPR								
14018008	6	Israel	PROPN	NE					S		Nom	N
14018008	7	ein	DET	ART					S		Acc	M
14018008	8	Kämmerer	NOUN	NN					S		Nom	M
14018008	9	und	CCONJ	KON								
14018008	10	sprechen	VERB	VVFIN		Fin	Past	3	S	Ind		
14018008	11	Bringen	VERB	VVFIN		Fin	Pres	3	S	Sub		
14018008	12	Micha	PROPN	NE					S		Nom	M
14018008	13	der	DET	ART					S		Acc	M
14018008	14	Sohn	NOUN	NN					S		Nom	M
14018008	15	Jimla	PROPN	NE					S		Gen	
14018008	16	eilends	ADV	ADV								
14018008	17	her	ADV	ADV								
14018009	1	und	CCONJ	KON								
14018009	2	der	DET	ART					S		Nom	M
14018009	3	König	NOUN	NN					S		Nom	M
14018009	4	von	ADP	APPR								
14018009	5	Israel	PROPN	NE					S		Nom	N
14018009	6	und	CCONJ	KON								
14018009	7	Josaphat	PROPN	NE								
14018009	8	der	DET	ART					S		Nom	M
14018009	9	König	NOUN	NN					S		Nom	M
14018009	10	von	ADP	APPR								
14018009	11	Juda	PROPN	NE					S		Nom	M
14018009	12	sitzen	VERB	VVFIN		Fin	Past	3	P	Ind		
14018009	13	ein	DET	ART					S		Nom	N
14018009	14	jeder	PRON	PIS					S		Nom	M
14018009	15	auf	ADP	PTKVZ								
14018009	16	sein	DET	PPOSAT					S		Dat	M
14018009	17	Throne	NOUN	NN					S		Nom	F
14018009	18	antun	VERB	VVPP		Part						
14018009	19	mit	ADP	APPR								
14018009	20	königlich	ADJ	ADJA	Pos				S		Acc	M
14018009	21	Kleid	NOUN	NN					P		Dat	N
14018009	22	und	CCONJ	KON								
14018009	23	sie	PRON	PPER				3	P		Nom	
14018009	24	sitzen	VERB	VVFIN		Fin	Past	3	P	Ind		
14018009	25	auf	ADP	PTKVZ								
14018009	26	ein	DET	ART					S		Dat	M
14018009	27	frei	ADJ	ADJA	Pos				S		Acc	M
14018009	28	Platz	NOUN	NN					P		Acc	M
14018009	29	an	ADP	APPRART					S		Dat	M
14018009	30	Eingang	NOUN	NN					S		Nom	M
14018009	31	der	DET	ART					S		Gen	M
14018009	32	Tore	NOUN	NN					S		Nom	N
14018009	33	von	ADP	APPR								
14018009	34	Samaria	PROPN	NE					S		Nom	N
14018009	35	und	CCONJ	KON								
14018009	36	aller	PRON	PIS					P		Nom	
14018009	37	Prophet	NOUN	NN					P		Nom	M
14018009	38	weissagen	VERB	VVFIN		Fin	Past	3	P	Ind		
14018009	39	vor	ADP	APPR								
14018009	40	ihnen	PRON	PPER				3	P		Dat	
14018010	1	und	CCONJ	KON								
14018010	2	Zedekia	NOUN	NE					S		Nom	F
14018010	3	der	DET	ART					S		Nom	M
14018010	4	Sohn	NOUN	NN					S		Nom	M
14018010	5	Kenaana	PROPN	NE					S		Gen	
14018010	6	machen	VERB	VVFIN		Fin	Past	3	S	Ind		
14018010	7	sich	PRON	PRF				3	S		Acc	
14018010	8	eisern	ADJ	ADJA	Pos				S		Nom	F
14018010	9	Horn	NOUN	NN					P		Nom	N
14018010	10	und	CCONJ	KON								
14018010	11	sprechen	VERB	VVFIN		Fin	Past	3	S	Ind		
14018010	12	so	ADV	ADV								
14018010	13	sprechen	VERB	VVFIN		Fin	Pres	3	S	Ind		
14018010	14	Jahwe	NOUN	NN					S		Nom	M
14018010	15	mit	ADP	APPR								
14018010	16	dieser	DET	PDAT					S		Acc	M
14018010	17	wersten	AUX	VAFIN		Fin	Pres	2	S	Ind		
14018010	18	du	PRON	PPER				2	S		Nom	
14018010	19	der	DET	ART					S		Nom	F
14018010	20	Syrer	NOUN	NN					P		Nom	M
14018010	21	stoßen	VERB	VVFIN		Fin	Pres	3	P	Ind		
14018010	22	bis	CCONJ	KON								
14018010	23	du	PRON	PPER				2	S		Nom	
14018010	24	sie	PRON	PPER				3	P		Nom	
14018010	25	vernichten	VERB	VVPP		Part						
14018010	26	haben	AUX	VAFIN		Fin	Pres	2	S	Ind		
14018011	1	und	CCONJ	KON								
14018011	2	aller	PRON	PIS					P		Nom	
14018011	3	Prophet	NOUN	NN					P		Nom	M
14018011	4	weissagen	VERB	VVFIN		Fin	Past	3	P	Ind		
14018011	5	ebenso	ADV	ADV								
14018011	6	und	CCONJ	KON								
14018011	7	sprechen	VERB	VVFIN		Fin	Past	3	P	Ind		
14018011	8	Ziehe	VERB	VVIMP				2	S	Imp		
14018011	9	hinauf	ADV	PTKVZ								
14018011	10	nach	ADP	APPR								
14018011	11	Ramoth-Gilead	NOUN	NN					S		Nom	N
14018011	12	und	CCONJ	KON								
14018011	13	es	PRON	PPER				3	S		Nom	N
14018011	14	werden	AUX	VAFIN		Fin	Pres	3	S	Ind		
14018011	15	dir	PRON	PPER				2	S		Dat	
14018011	16	gelingen	VERB	VVINF		Inf						
14018011	17	denn	CCONJ	KON								
14018011	18	Jahwe	NOUN	NN					S		Nom	M
14018011	19	werden	AUX	VAFIN		Fin	Pres	3	S	Ind		
14018011	20	es	PRON	PPER				3	S		Nom	N
14018011	21	in	ADP	APPR								
14018011	22	der	DET	ART					S		Nom	F
14018011	23	Hand	NOUN	NN					S		Nom	F
14018011	24	der	DET	ART					S		Gen	M
14018011	25	König	PROPN	NE					S		Nom	
14018011	26	geben	VERB	VVINF		Inf						
14018012	1	und	CCONJ	KON								
14018012	2	der	DET	ART					S		Nom	M
14018012	3	Bote	NOUN	NN					S		Nom	M
14018012	4	der	DET	ART					S		Nom	M
14018012	5	hingegangen	VERB	VVPP		Part						
14018012	6	sein	AUX	VAFIN		Fin	Past	3	S	Ind		
14018012	7	Micha	PROPN	NE					S		Nom	M
14018012	8	zu	ADP	PTKVZ								
14018012	9	rufen	VERB	VVINF		Inf						
14018012	10	reden	VERB	VVFIN		Fin	Past	3	S	Ind		
14018012	11	zu	ADP	PTKVZ								
14018012	12	ihm	PRON	PPER				3	S		Dat	M
14018012	13	und	CCONJ	KON								
14018012	14	sprechen	VERB	VVFIN		Fin	Past	3	S	Ind		
14018012	15	sehen	VERB	VVIMP				2	S	Imp		
14018012	16	der	DET	ART					S		Nom	F
14018012	17	Wort	NOUN	NN					P		Nom	N
14018012	18	der	DET	ART					S		Nom	M
14018012	19	Prophet	NOUN	NN					P		Nom	M
14018012	20	verkündigen	VERB	VVINF		Inf						
14018012	21	einstimmig	ADV	ADJD	Pos							
14018012	22	der	DET	ART					S		Dat	M
14018012	23	König	NOUN	NN					S		Nom	M
14018012	24	gute	NOUN	NN					S		Nom	N
14018012	25	so	ADV	ADV								
14018012	26	laß	VERB	VVIMP				2	S	Imp		
14018012	27	doch	CCONJ	KON								
14018012	28	dein	DET	PPER					S		Nom	N
14018012	29	Wort	NOUN	NN					S		Nom	N
14018012	30	sein	AUX	VAINF		Inf						
14018012	31	wie	ADP	KOKOM								
14018012	32	der	DET	ART					S		Nom	N
14018012	33	Wort	NOUN	NN					S		Nom	N
14018012	34	ein	PRON	ART					S		Nom	N
14018012	35	von	ADP	APPR								
14018012	36	ihnen	PRON	PPER				3	P		Dat	
14018012	37	und	CCONJ	KON								
14018012	38	Rede	VERB	VVFIN		Fin	Pres	3	S	Sub		
14018012	39	gute	NOUN	NN					S		Nom	N
14018013	1	aber	CCONJ	KON								
14018013	2	Micha	PROPN	NE					S		Nom	M
14018013	3	sprechen	VERB	VVFIN		Fin	Past	3	S	Ind		
14018013	4	so	ADV	ADV								
14018013	5	wahr	ADV	ADJD	Pos							
14018013	6	Jahwe	NOUN	NN					S		Nom	M
14018013	7	leben	VERB	VVFIN		Fin	Pres	3	S	Ind		
14018013	8	was	PRON	PWS					S		Nom	N
14018013	9	mein	DET	PPOSAT					S		Nom	N
14018013	10	Gott	NOUN	NN					S		Nom	M
14018013	11	mir	PRON	PPER				1	S		Dat	
14018013	12	sagen	VERB	VVINF		Inf						
14018013	13	werden	AUX	VAFIN		Fin	Pres	3	S	Ind		
14018013	14	der	DET	ART					S		Nom	N
14018013	15	werden	AUX	VAFIN		Fin	Pres	3	S	Sub		
14018013	16	ich	PRON	PPER				1	S		Nom	
14018013	17	reden	VERB	VVINF		Inf						
14018014	1	und	CCONJ	KON								
14018014	2	als	ADP	KOKOM								
14018014	3	er	PRON	PPER				3	S		Nom	M
14018014	4	zu	ADP	PTKVZ								
14018014	5	der	DET	ART					S		Dat	M
14018014	6	König	NOUN	NN					S		Nom	M
14018014	7	kommen	VERB	VVFIN		Fin	Past	3	S	Ind		
14018014	8	sprechen	VERB	VVFIN		Fin	Past	3	S	Ind		
14018014	9	der	DET	ART					S		Nom	M
14018014	10	König	NOUN	NN					S		Nom	M
14018014	11	zu	ADP	PTKVZ								
14018014	12	ihm	PRON	PPER				3	S		Dat	M
14018014	13	Micha	PROPN	NE					S		Nom	M
14018014	14	sollen	AUX	VMFIN		Fin	Pres	3	P	Ind		
14018014	15	wir	PRON	PPER				1	P		Nom	
14018014	16	nach	ADP	APPR								
14018014	17	Ramoth-Gilead	NOUN	NN					S		Nom	N
14018014	18	in	ADP	APPR								
14018014	19	der	DET	ART					S		Acc	M
14018014	20	Streit	NOUN	NN					S		Nom	M
14018014	21	ziehen	VERB	VVINF		Inf						
14018014	22	oder	CCONJ	KON								
14018014	23	sollen	AUX	VMFIN		Fin	Pres	3	S	Ind		
14018014	24	ich	PRON	PPER				1	S		Nom	
14018014	25	davon	ADV	PROAV								
14018014	26	abstehen	VERB	VVINF		Inf						
14018014	27	und	CCONJ	KON								
14018014	28	er	PRON	PPER				3	S		Nom	M
14018014	29	sprechen	VERB	VVFIN		Fin	Past	3	S	Ind		
14018014	30	Ziehet	PROPN	NE					S		Nom	
14018014	31	hinauf	ADV	PTKVZ								
14018014	32	und	CCONJ	KON								
14018014	33	es	PRON	PPER				3	S		Nom	N
14018014	34	werden	AUX	VAFIN		Fin	Pres	3	S	Ind		
14018014	35	euch	PRON	PPER				2	P		Dat	
14018014	36	gelingen	VERB	VVINF		Inf						
14018014	37	denn	CCONJ	KON								
14018014	38	sie	PRON	PPER				3	P		Nom	
14018014	39	werden	AUX	VAFIN		Fin	Pres	3	P	Ind		
14018014	40	in	ADP	APPR								
14018014	41	eure	DET	PPOSAT					S		Nom	F
14018014	42	Hand	NOUN	NN					S		Nom	F
14018014	43	geben	VERB	VVPP		Part						
14018014	44	werden	AUX	VAFIN		Fin	Pres	3	P	Ind		
14018015	1	und	CCONJ	KON								
14018015	2	der	DET	ART					S		Nom	M
14018015	3	König	NOUN	NN					S		Nom	M
14018015	4	sprechen	VERB	VVFIN		Fin	Past	3	S	Ind		
14018015	5	zu	ADP	PTKVZ								
14018015	6	ihm	PRON	PPER				3	S		Dat	M
14018015	7	wieviel	PRON	PWS					P		Nom	
14018015	8	Mal	NOUN	NN					P		Nom	N
14018015	9	müssen	AUX	VMFIN		Fin	Pres	3	S	Ind		
14018015	10	ich	PRON	PPER				1	S		Nom	
14018015	11	dich	PRON	PPER				2	S		Acc	
14018015	12	beschwören	VERB	VVFIN		Fin	Pres	3	P	Ind		
14018015	13	daß	SCONJ	KOUS								
14018015	14	du	PRON	PPER				2	S		Nom	
14018015	15	nichts	PRON	PIS								N
14018015	16	zu	ADP	PTKVZ								
14018015	17	mir	PRON	PPER				1	S		Dat	
14018015	18	reden	VERB	VVINF		Inf						
14018015	19	sollst	AUX	VMFIN		Fin	Pres	3	S	Ind		
14018015	20	als	ADP	KOKOM								
14018015	21	nur	ADV	ADV								
14018015	22	Wahrheit	NOUN	NN					S		Nom	F
14018015	23	in	ADP	APPRART					S		Dat	N
14018015	24	Name	NOUN	NN					P		Nom	M
14018015	25	Jahwe	PROPN	NE					S		Gen	
14018016	1	da	SCONJ	KOUS								
14018016	2	sprechen	VERB	VVFIN		Fin	Past	3	S	Ind		
14018016	3	er	PRON	PPER				3	S		Nom	M
14018016	4	ich	PRON	PPER				1	S		Nom	
14018016	5	sehen	VERB	VVFIN		Fin	Past	3	S	Ind		
14018016	6	ganz	ADV	ADV								
14018016	7	Israel	PROPN	NE					S		Nom	N
14018016	8	auf	ADP	PTKVZ								
14018016	9	der	DET	ART					S		Acc	M
14018016	10	Berg	NOUN	NN					P		Nom	M
14018016	11	zerstreuen	VERB	VVPP		Part						
14018016	12	wie	ADP	KOKOM								
14018016	13	Schaf	NOUN	NN					P		Nom	N
14018016	14	der	DET	ART					S		Nom	F
14018016	15	kein	PRON	PIS					S		Acc	M
14018016	16	Hirt	NOUN	NN					P		Nom	M
14018016	17	haben	AUX	VAFIN		Fin	Pres	3	P	Ind		
14018016	18	und	CCONJ	KON								
14018016	19	Jahwe	NOUN	NN					S		Nom	M
14018016	20	sprechen	VERB	VVFIN		Fin	Past	3	S	Ind		
14018016	21	dieser	DET	PDAT					S		Nom	F
14018016	22	haben	AUX	VAFIN		Fin	Pres	3	P	Ind		
14018016	23	kein	PRON	PIS					S		Acc	M
14018016	24	Herr	NOUN	NN					S		Acc	M
14018016	25	sie	PRON	PPER				3	P		Nom	
14018016	26	sollen	AUX	VMFIN		Fin	Pres	3	P	Ind		
14018016	27	ein	DET	ART					S		Nom	N
14018016	28	jeder	PRON	PIS					S		Nom	M
14018016	29	nach	ADP	APPR								
14018016	30	sein	DET	PPOSAT					S		Dat	M
14018016	31	Haus	NOUN	NN					P		Nom	N
14018016	32	zurückkehren	VERB	VVINF		Inf						
14018016	33	in	ADP	APPR								
14018016	34	Frieden	NOUN	NN					S		Nom	M
14018017	1	und	CCONJ	KON								
14018017	2	der	DET	ART					S		Nom	M
14018017	3	König	NOUN	NN					S		Nom	M
14018017	4	von	ADP	APPR								
14018017	5	Israel	PROPN	NE					S		Nom	N
14018017	6	sprechen	VERB	VVFIN		Fin	Past	3	S	Ind		
14018017	7	zu	ADP	PTKVZ								
14018017	8	Josaphat	PROPN	NE								
14018017	9	Habe	AUX	VAFIN		Fin	Pres	3	S	Sub		
14018017	10	ich	PRON	PPER				1	S		Nom	
14018017	11	dir	PRON	PPER				2	S		Dat	
14018017	12	nicht	PART	PTKNEG								
14018017	13	sagen	VERB	VVPP		Part						
14018017	14	er	PRON	PPER				3	S		Nom	M
14018017	15	weissagen	VERB	VVFIN		Fin	Pres	3	S	Ind		
14018017	16	nichts	PRON	PIS								N
14018017	17	gute	NOUN	NN					S		Nom	N
14018017	18	über	ADP	APPR								
14018017	19	mich	PRON	PPER				1	S		Acc	
14018017	20	sondern	CCONJ	KON								
14018017	21	nur	ADV	ADV								
14018017	22	böse	NOUN	PIAT					S		Nom	N
14018018	1	und	CCONJ	KON								
14018018	2	er	PRON	PPER				3	S		Nom	M
14018018	3	sprechen	VERB	VVFIN		Fin	Past	3	S	Ind		
14018018	4	darum	ADV	PROAV								
14018018	5	hören	VERB	VVFIN		Fin	Pres	3	S	Ind		
14018018	6	der	DET	ART					S		Nom	N
14018018	7	Wort	NOUN	NN					S		Nom	N
14018018	8	Jahwe	PROPN	NE					S		Gen	
14018018	9	ich	PRON	PPER				1	S		Nom	
14018018	10	sehen	VERB	VVFIN		Fin	Past	3	S	Ind		
14018018	11	Jahwe	NOUN	NN					S		Nom	M
14018018	12	auf	ADP	PTKVZ								
14018018	13	sein	DET	PPOSAT					S		Dat	M
14018018	14	Throne	NOUN	NN					S		Nom	F
14018018	15	sitzen	VERB	VVFIN		Fin	Pres	3	P	Ind		
14018018	16	und	CCONJ	KON								
14018018	17	alle	PRON	PIS					S		Nom	N
14018018	18	Heer	NOUN	NN					S		Nom	N
14018018	19	der	DET	ART					S		Gen	M
14018018	20	Himmel	NOUN	NN					S		Gen	M
14018018	21	zu	ADP	PTKVZ								
14018018	22	sein	DET	PPOSAT					S		Dat	F
14018018	23	rechte	NOUN	NN					P		Nom	F
14018018	24	und	CCONJ	KON								
14018018	25	zu	ADP	PTKVZ								
14018018	26	sein	DET	PPOSAT					S		Dat	F
14018018	27	linke	NOUN	NN					P		Dat	
14018018	28	stehen	VERB	VVFIN		Fin	Pres	3	P	Ind		
14018019	1	und	CCONJ	KON								
14018019	2	Jahwe	NOUN	NN					S		Nom	M
14018019	3	sprechen	VERB	VVFIN		Fin	Past	3	S	Ind		
14018019	4	wer	PRON	PWS					S		Nom	M
14018019	5	wollen	AUX	VMFIN		Fin	Pres	3	S	Ind		
14018019	6	Ahab	PROPN	NE					S		Nom	M
14018019	7	der	DET	ART					S		Acc	M
14018019	8	König	NOUN	NN					S		Nom	M
14018019	9	von	ADP	APPR								
14018019	10	Israel	PROPN	NE					S		Nom	N
14018019	11	bereden	VERB	VVINF		Inf						
14018019	12	daß	SCONJ	KOUS								
14018019	13	er	PRON	PPER				3	S		Nom	M
14018019	14	hinaufziehe	VERB	VVFIN		Fin	Pres	3	S	Sub		
14018019	15	und	CCONJ	KON								
14018019	16	zu	ADP	PTKVZ								
14018019	17	Ramoth-Gilead	NOUN	NN					S		Nom	N
14018019	18	fallen	VERB	VVFIN		Fin	Pres	3	S	Sub		
14018019	19	und	CCONJ	KON								
14018019	20	der	DET	ART					S		Nom	M
14018019	21	ein	DET	ART					S		Nom	F
14018019	22	sprechen	VERB	VVFIN		Fin	Past	3	S	Ind		
14018019	23	so	ADV	ADV								
14018019	24	und	CCONJ	KON								
14018019	25	der	DET	ART					S		Nom	M
14018019	26	anderer	PRON	PIS					P		Nom	
14018019	27	sprechen	VERB	VVFIN		Fin	Past	3	S	Ind		
14018019	28	so	ADV	ADV								
14018020	1	da	SCONJ	KOUS								
14018020	2	treten	VERB	VVFIN		Fin	Past	3	S	Ind		
14018020	3	ein	DET	ART					S		Nom	N
14018020	4	Geist	NOUN	NN					S		Nom	M
14018020	5	hervor	ADV	PTKVZ								
14018020	6	und	CCONJ	KON								
14018020	7	stellen	VERB	VVFIN		Fin	Past	3	S	Ind		
14018020	8	sich	PRON	PRF				3	S		Acc	
14018020	9	vor	ADP	APPR								
14018020	10	Jahwe	NOUN	NN					S		Nom	M
14018020	11	und	CCONJ	KON								
14018020	12	sprechen	VERB	VVFIN		Fin	Past	3	S	Ind		
14018020	13	ich	PRON	PPER				1	S		Nom	
14018020	14	wollen	AUX	VMFIN		Fin	Pres	3	S	Ind		
14018020	15	ihn	PRON	PPER				3	S		Acc	M
14018020	16	bereden	VERB	VVINF		Inf						
14018020	17	und	CCONJ	KON								
14018020	18	Jahwe	NOUN	NN					S		Nom	M
14018020	19	sprechen	VERB	VVFIN		Fin	Past	3	S	Ind		
14018020	20	zu	ADP	PTKVZ								
14018020	21	ihm	PRON	PPER				3	S		Dat	M
14018020	22	Wodurch	SCONJ	PWAV								
14018021	1	und	CCONJ	KON								
14018021	2	er	PRON	PPER				3	S		Nom	M
14018021	3	sprechen	VERB	VVFIN		Fin	Past	3	S	Ind		
14018021	4	ich	PRON	PPER				1	S		Nom	
14018021	5	wollen	AUX	VMFIN		Fin	Pres	3	S	Ind		
14018021	6	ausgehen	VERB	VVFIN		Fin	Pres	3	P	Ind		
14018021	7	und	CCONJ	KON								
14018021	8	wollen	AUX	VMFIN		Fin	Pres	3	S	Ind		
14018021	9	ein	DET	ART					S		Nom	N
14018021	10	Lügengeist	NOUN	NN					S		Nom	M
14018021	11	sein	AUX	VAINF		Inf						
14018021	12	in	ADP	APPR								
14018021	13	der	DET	ART					S		Dat	M
14018021	14	Mund	NOUN	NN					S		Acc	M
14018021	15	aller	DET	PIAT					P		Gen	
14018021	16	sein	DET	PPOSAT					S		Dat	F
14018021	17	Prophet	NOUN	NN					P		Nom	M
14018021	18	und	CCONJ	KON								
14018021	19	er	PRON	PPER				3	S		Nom	M
14018021	20	sprechen	VERB	VVFIN		Fin	Past	3	S	Ind		
14018021	21	du	PRON	PPER				2	S		Nom	
14018021	22	wersten	AUX	VAFIN		Fin	Pres	2	S	Ind		
14018021	23	ihn	PRON	PPER				3	S		Acc	M
14018021	24	bereden	VERB	VVINF		Inf						
14018021	25	und	CCONJ	KON								
14018021	26	wersten	AUX	VAFIN		Fin	Pres	2	S	Ind		
14018021	27	es	PRON	PPER				3	S		Nom	N
14018021	28	auch	ADV	ADV								
14018021	29	ausrichten	VERB	VVINF		Fin	Pres	3	P	Ind		
14018021	30	gehen	VERB	VVFIN		Fin	Pres	3	S	Sub		
14018021	31	aus	ADP	PTKVZ								
14018021	32	und	CCONJ	KON								
14018021	33	tun	VERB	VVFIN		Fin	Pres	3	S	Sub		
14018021	34	also	ADV	ADV								
14018022	1	und	CCONJ	KON								
14018022	2	nun	ADV	ADV								
14018022	3	sehen	VERB	VVIMP				2	S	Imp		
14018022	4	Jahwe	NOUN	NN					S		Nom	M
14018022	5	haben	AUX	VAFIN		Fin	Pres	3	S	Ind		
14018022	6	ein	DET	ART					S		Acc	M
14018022	7	Lügengeist	NOUN	NN					S		Nom	M
14018022	8	in	ADP	APPR								
14018022	9	der	DET	ART					S		Acc	M
14018022	10	Mund	NOUN	NN					S		Nom	M
14018022	11	dieser	PRON	PDAT					S		Nom	M
14018022	12	dein	DET	PPOSAT					S		Dat	F
14018022	13	Prophet	NOUN	NN					P		Nom	M
14018022	14	legen	VERB	VVPP		Part						
14018022	15	und	CCONJ	KON								
14018022	16	Jahwe	NOUN	NN					S		Nom	M
14018022	17	haben	AUX	VAFIN		Fin	Pres	3	S	Ind		
14018022	18	böse	NOUN	PIAT					S		Nom	N
14018022	19	über	ADP	APPR								
14018022	20	dich	PRON	PPER				2	S		Acc	
14018022	21	reden	VERB	VVPP		Part						
14018023	1	da	SCONJ	KOUS								
14018023	2	treten	VERB	VVFIN		Fin	Past	3	S	Ind		
14018023	3	Zedekia	NOUN	NE					S		Nom	F
14018023	4	der	DET	ART					S		Nom	M
14018023	5	Sohn	NOUN	NN					S		Nom	M
14018023	6	Kenaana	PROPN	NE					S		Gen	
14018023	7	herzu	ADV	PTKVZ								
14018023	8	und	CCONJ	KON								
14018023	9	schlagen	VERB	VVFIN		Fin	Past	3	S	Ind		
14018023	10	Micha	PROPN	NE					S		Nom	M
14018023	11	auf	ADP	PTKVZ								
14018023	12	der	DET	ART					S		Acc	M
14018023	13	backen	NOUN	NN					S		Nom	N
14018023	14	und	CCONJ	KON								
14018023	15	sprechen	VERB	VVFIN		Fin	Past	3	S	Ind		
14018023	16	auf	ADP	APPR								
14018023	17	welcher	DET	PWAT					S		Dat	N
14018023	18	Weg	NOUN	NN					P		Acc	M
14018023	19	sein	AUX	VAFIN		Fin	Past	3	S	Sub		
14018023	20	der	DET	ART					S		Nom	M
14018023	21	Geist	NOUN	NN					S		Nom	M
14018023	22	Jahwe	PROPN	NE					S		Gen	
14018023	23	von	ADP	APPR								
14018023	24	mir	PRON	PPER				1	S		Dat	
14018023	25	gewichen	VERB	VVPP		Part						
14018023	26	um	ADP	APPR								
14018023	27	mit	ADP	APPR								
14018023	28	dir	PRON	PPER				2	S		Dat	
14018023	29	zu	ADP	PTKVZ								
14018023	30	reden	VERB	VVINF		Inf						
14018024	1	und	CCONJ	KON								
14018024	2	Micha	PROPN	NE					S		Nom	M
14018024	3	sprechen	VERB	VVFIN		Fin	Past	3	S	Ind		
14018024	4	sehen	VERB	VVIMP				2	S	Imp		
14018024	5	du	PRON	PPER				2	S		Nom	
14018024	6	wersten	AUX	VAFIN		Fin	Pres	2	S	Ind		
14018024	7	es	PRON	PPER				3	S		Nom	N
14018024	8	sehen	VERB	VVINF		Fin	Pres	3	P	Ind		
14018024	9	an	ADP	PTKVZ								
14018024	10	jener	DET	PDAT					S		Dat	N
14018024	11	Tag	NOUN	NN					P		Nom	M
14018024	12	wenn	SCONJ	KOUS								
14018024	13	du	PRON	PPER				2	S		Nom	
14018024	14	in	ADP	APPRART					S		Acc	N
14018024	15	inner	ADJ	ADJA	Sup				S		Nom	F
14018024	16	Gemach	NOUN	NN					S		Nom	N
14018024	17	gehen	VERB	VVINF		Inf						
14018024	18	wersten	AUX	VAFIN		Fin	Pres	2	S	Ind		
14018024	19	um	ADP	APPR								
14018024	20	dich	PRON	PPER				2	S		Acc	
14018024	21	zu	ADP	PTKVZ								
14018024	22	verstecken	VERB	VVINF		Inf						
14018025	1	und	CCONJ	KON								
14018025	2	der	DET	ART					S		Nom	M
14018025	3	König	NOUN	NN					S		Nom	M
14018025	4	von	ADP	APPR								
14018025	5	Israel	PROPN	NE					S		Nom	N
14018025	6	sprechen	VERB	VVFIN		Fin	Past	3	S	Ind		
14018025	7	nehmet	NOUN	NE					S		Nom	N
14018025	8	Micha	PROPN	NE					S		Nom	M
14018025	9	und	CCONJ	KON								
14018025	10	führeen	VERB	VVFIN		Fin	Pres	3	S	Ind		
14018025	11	ihn	PRON	PPER				3	S		Acc	M
14018025	12	zurück	ADV	PTKVZ								
14018025	13	zu	ADP	PTKVZ								
14018025	14	Amon	PROPN	NE					S		Nom	
14018025	15	der	DET	ART					S		Dat	M
14018025	16	oberer	ADJ	ADJA	Sup				S		Dat	F
14018025	17	der	DET	ART					S		Nom	M
14018025	18	Stadt	NOUN	NN					S		Nom	F
14018025	19	und	CCONJ	KON								
14018025	20	zu	ADP	PTKVZ								
14018025	21	Joas	PROPN	NE					S		Nom	
14018025	22	der	DET	ART					S		Dat	M
14018025	23	Sohn	NOUN	NN					S		Acc	M
14018025	24	der	DET	ART					S		Gen	M
14018025	25	König	PROPN	NE					S		Nom	
14018026	1	und	CCONJ	KON								
14018026	2	sageen	VERB	VVFIN		Fin	Pres	3	S	Ind		
14018026	3	so	ADV	ADV								
14018026	4	sprechen	VERB	VVFIN		Fin	Pres	3	S	Ind		
14018026	5	der	DET	ART					S		Nom	M
14018026	6	König	NOUN	NN					S		Nom	M
14018026	7	Setzet	NOUN	NN					S		Nom	M
14018026	8	dieser	DET	PDAT					S		Acc	M
14018026	9	in	ADP	APPRART					S		Acc	N
14018026	10	Gefängnis	NOUN	NN					S		Nom	N
14018026	11	und	CCONJ	KON								
14018026	12	speiset	VERB	VVFIN		Fin	Past	3	S	Ind		
14018026	13	ihn	PRON	PPER				3	S		Acc	M
14018026	14	mit	ADP	APPR								
14018026	15	Brot	NOUN	NN					S		Nom	N
14018026	16	der	DET	ART					S		Nom	M
14018026	17	Trübsal	NOUN	NN					S		Nom	M
14018026	18	und	CCONJ	KON								
14018026	19	mit	ADP	APPR								
14018026	20	Wasser	NOUN	NN					S		Nom	N
14018026	21	der	DET	ART					S		Nom	M
14018026	22	Trübsal	NOUN	NN					S		Nom	M
14018026	23	bis	CCONJ	KON								
14018026	24	ich	PRON	PPER				1	S		Nom	
14018026	25	in	ADP	APPR								
14018026	26	Frieden	NOUN	NN					S		Nom	M
14018026	27	wiederkommen	VERB	VVFIN		Fin	Pres	3	S	Sub		
14018027	1	und	CCONJ	KON								
14018027	2	Micha	PROPN	NE					S		Nom	M
14018027	3	sprechen	VERB	VVFIN		Fin	Past	3	S	Ind		
14018027	4	wenn	SCONJ	KOUS								
14018027	5	du	PRON	PPER				2	S		Nom	
14018027	6	je	ADV	ADV								
14018027	7	in	ADP	APPR								
14018027	8	Frieden	NOUN	NN					S		Nom	M
14018027	9	zurückkehrst	PROPN	NE					S		Nom	F
14018027	10	so	ADV	ADV								
14018027	11	haben	AUX	VAFIN		Fin	Pres	3	S	Ind		
14018027	12	Jahwe	NOUN	NN					S		Nom	M
14018027	13	nicht	PART	PTKNEG								
14018027	14	durch	ADP	APPR								
14018027	15	mich	PRON	PPER				1	S		Acc	
14018027	16	reden	VERB	VVPP		Part						
14018027	17	und	CCONJ	KON								
14018027	18	er	PRON	PPER				3	S		Nom	M
14018027	19	sprechen	VERB	VVFIN		Fin	Past	3	S	Ind		
14018027	20	höret	NOUN	NN					S		Nom	N
14018027	21	es	PRON	PPER				3	S		Nom	N
14018027	22	ihr	PRON	PPOSAT				3	S		Dat	F
14018027	23	Volk	NOUN	NN					P		Nom	N
14018027	24	aller	PRON	PIS					P		Nom	
14018028	1	und	CCONJ	KON								
14018028	2	der	DET	ART					S		Nom	M
14018028	3	König	NOUN	NN					S		Nom	M
14018028	4	von	ADP	APPR								
14018028	5	Israel	PROPN	NE					S		Nom	N
14018028	6	und	CCONJ	KON								
14018028	7	Josaphat	PROPN	NE								
14018028	8	der	DET	ART					S		Nom	M
14018028	9	König	NOUN	NN					S		Nom	M
14018028	10	von	ADP	APPR								
14018028	11	Juda	PROPN	NE					S		Nom	M
14018028	12	ziehen	VERB	VVFIN		Fin	Past	3	P	Ind		
14018028	13	hinauf	ADV	PTKVZ								
14018028	14	nach	ADP	APPR								
14018028	15	Ramoth-Gilead	NOUN	NN					S		Nom	N
14018029	1	und	CCONJ	KON								
14018029	2	der	DET	ART					S		Nom	M
14018029	3	König	NOUN	NN					S		Nom	M
14018029	4	von	ADP	APPR								
14018029	5	Israel	PROPN	NE					S		Nom	N
14018029	6	sprechen	VERB	VVFIN		Fin	Past	3	S	Ind		
14018029	7	zu	ADP	PTKVZ								
14018029	8	Josaphat	PROPN	NE								
14018029	9	ich	PRON	PPER				1	S		Nom	
14018029	10	wollen	AUX	VMFIN		Fin	Pres	3	S	Ind		
14018029	11	mich	PRON	PPER				1	S		Acc	
14018029	12	verkleiden	VERB	VVINF		Inf						
14018029	13	und	CCONJ	KON								
14018029	14	in	ADP	APPR								
14018029	15	der	DET	ART					S		Acc	M
14018029	16	Streit	NOUN	NN					S		Nom	M
14018029	17	ziehen	VERB	VVINF		Inf						
14018029	18	du	PRON	PPER				2	S		Nom	
14018029	19	aber	CCONJ	KON								
14018029	20	legen	VERB	VVFIN		Fin	Pres	3	S	Sub		
14018029	21	dein	DET	PPOSAT					S		Nom	F
14018029	22	Kleid	NOUN	NN					P		Nom	N
14018029	23	an	ADP	PTKVZ								
14018029	24	und	CCONJ	KON								
14018029	25	der	DET	ART					S		Nom	M
14018029	26	König	NOUN	NN					S		Nom	M
14018029	27	von	ADP	APPR								
14018029	28	Israel	PROPN	NE					S		Nom	N
14018029	29	verkleiden	VERB	NN		Fin	Past	3	S	Ind		
14018029	30	sich	PRON	PRF				3	S		Acc	
14018029	31	und	CCONJ	KON								
14018029	32	sie	PRON	PPER				3	P		Nom	
14018029	33	ziehen	VERB	VVFIN		Fin	Past	3	P	Ind		
14018029	34	in	ADP	APPR								
14018029	35	der	DET	ART					S		Acc	M
14018029	36	Streit	NOUN	NN					S		Nom	M
14018030	1	der	DET	ART					S		Nom	M
14018030	2	König	NOUN	NN					S		Nom	M
14018030	3	von	ADP	APPR								
14018030	4	Syrien	PROPN	NE					S		Nom	N
14018030	5	haben	AUX	VAFIN		Fin	Past	3	S	Ind		
14018030	6	aber	CCONJ	KON								
14018030	7	sein	DET	PPOSAT					S		Acc	M
14018030	8	oberer	ADJ	ADJA	Sup				S		Dat	F
14018030	9	der	DET	ART					S		Nom	M
14018030	10	Wagen	NOUN	NN					S		Nom	M
14018030	11	gebieten	VERB	VVPP		Part						
14018030	12	und	CCONJ	KON								
14018030	13	sagen	VERB	VVPP		Part						
14018030	14	ihr	PRON	PPER				2	P		Nom	
14018030	15	sollten	AUX	VMFIN		Fin	Pres	3	S	Ind		
14018030	16	weder	CCONJ	KON								
14018030	17	wider	ADP	PTKVZ								
14018030	18	ein	DET	ART					S		Acc	M
14018030	19	Geringe	NOUN	NN					P		Nom	F
14018030	20	streiten	VERB	VVINF		Inf						
14018030	21	noch	CCONJ	KON								
14018030	22	wider	ADP	PTKVZ								
14018030	23	ein	DET	ART					S		Acc	M
14018030	24	große	NOUN	NN					P		Nom	
14018030	25	sondern	CCONJ	KON								
14018030	26	wider	ADP	PTKVZ								
14018030	27	der	DET	ART					S		Acc	M
14018030	28	König	NOUN	NN					S		Nom	M
14018030	29	von	ADP	APPR								
14018030	30	Israel	PROPN	NE					S		Nom	N
14018030	31	allein	ADV	ADV								
14018031	1	und	CCONJ	KON								
14018031	2	es	PRON	PPER				3	S		Nom	N
14018031	3	geschehen	VERB	VVFIN		Fin	Past	3	S	Ind		
14018031	4	als	ADP	KOKOM								
14018031	5	der	DET	ART					S		Nom	F
14018031	6	oberer	ADJ	ADJA	Sup				S		Dat	F
14018031	7	der	DET	ART					S		Nom	M
14018031	8	Wagen	NOUN	NN					S		Nom	M
14018031	9	Josaphat	PROPN	NE								
14018031	10	sehen	VERB	VVFIN		Fin	Past	3	P	Ind		
14018031	11	denn	CCONJ	KON								
14018031	12	sie	PRON	PPER				3	P		Nom	
14018031	13	sprechen	VERB	VVFIN		Fin	Past	3	P	Ind		
14018031	14	der	DET	ART					S		Nom	N
14018031	15	sein	AUX	VAFIN		Fin	Pres	3	S	Ind		
14018031	16	der	DET	ART					S		Nom	M
14018031	17	König	NOUN	NN					S		Nom	M
14018031	18	von	ADP	APPR								
14018031	19	Israel	PROPN	NE					S		Nom	N
14018031	20	da	ADV	ADV								
14018031	21	umringn	VERB	ADJA		Fin	Past	3	P	Ind		
14018031	22	sie	PRON	PPER				3	P		Nom	
14018031	23	ihn	PRON	PPER				3	S		Acc	M
14018031	24	um	ADP	APPR								
14018031	25	zu	ADP	PTKVZ								
14018031	26	streiten	VERB	VVINF		Inf						
14018031	27	und	CCONJ	KON								
14018031	28	Josaphat	PROPN	NE								
14018031	29	schreien	VERB	VVFIN		Fin	Past	3	S	Ind		
14018031	30	und	CCONJ	KON								
14018031	31	Jahwe	NOUN	NN					S		Nom	M
14018031	32	helfen	VERB	VVFIN		Fin	Past	3	S	Ind		
14018031	33	ihm	PRON	PPER				3	S		Dat	M
14018031	34	und	CCONJ	KON								
14018031	35	Gott	NOUN	NN					S		Nom	M
14018031	36	lenken	VERB	VVFIN		Fin	Past	3	S	Ind		
14018031	37	sie	PRON	PPER				3	P		Nom	
14018031	38	von	ADP	APPR								
14018031	39	ihm	PRON	PPER				3	S		Dat	M
14018031	40	ab	ADP	PTKVZ								
14018032	1	und	CCONJ	KON								
14018032	2	es	PRON	PPER				3	S		Nom	N
14018032	3	geschehen	VERB	VVFIN		Fin	Past	3	S	Ind		
14018032	4	als	ADP	KOKOM								
14018032	5	der	DET	ART					S		Nom	F
14018032	6	oberer	ADJ	ADJA	Sup				S		Dat	F
14018032	7	der	DET	ART					S		Nom	M
14018032	8	Wagen	NOUN	NN					S		Nom	M
14018032	9	sehen	VERB	VVFIN		Fin	Past	3	P	Ind		
14018032	10	daß	SCONJ	KOUS								
14018032	11	er	PRON	PPER				3	S		Nom	M
14018032	12	nicht	PART	PTKNEG								
14018032	13	der	DET	ART					S		Nom	M
14018032	14	König	NOUN	NN					S		Nom	M
14018032	15	von	ADP	APPR								
14018032	16	Israel	PROPN	NE					S		Nom	N
14018032	17	sein	AUX	VAFIN		Fin	Past	3	S	Ind		
14018032	18	da	ADV	ADV								
14018032	19	wenden	VERB	VVFIN		Fin	Past	3	P	Ind		
14018032	20	sie	PRON	PPER				3	P		Nom	
14018032	21	sich	PRON	PRF				3	S		Acc	
14018032	22	von	ADP	APPR								
14018032	23	ihm	PRON	PPER				3	S		Dat	M
14018032	24	ab	ADP	PTKVZ								
14018033	1	und	CCONJ	KON								
14018033	2	ein	DET	ART					S		Nom	N
14018033	3	Mann	NOUN	NN					S		Nom	M
14018033	4	spannen	VERB	VVFIN		Fin	Past	3	S	Ind		
14018033	5	der	DET	ART					S		Acc	M
14018033	6	Bogen	NOUN	NN					S		Nom	M
14018033	7	auf	ADP	APPRART					S		Acc	N
14018033	8	geratewohl	ADV	ADJD	Pos							
14018033	9	und	CCONJ	KON								
14018033	10	treffen	VERB	VVFIN		Fin	Past	3	S	Ind		
14018033	11	der	DET	ART					S		Acc	M
14018033	12	König	NOUN	NN					S		Nom	M
14018033	13	von	ADP	APPR								
14018033	14	Israel	PROPN	NE					S		Nom	N
14018033	15	zwischen	ADP	APPR								
14018033	16	der	DET	ART					S		Acc	M
14018033	17	Panzeranhang	NOUN	NN					S		Nom	M
14018033	18	und	CCONJ	KON								
14018033	19	der	DET	ART					S		Acc	M
14018033	20	Panzer	NOUN	NN					P		Nom	M
14018033	21	da	SCONJ	KOUS								
14018033	22	sprechen	VERB	VVFIN		Fin	Past	3	S	Ind		
14018033	23	er	PRON	PPER				3	S		Nom	M
14018033	24	zu	ADP	PTKVZ								
14018033	25	sein	DET	PPOSAT					S		Dat	M
14018033	26	Wagenlenker	NOUN	NN					S		Nom	M
14018033	27	Wende	NOUN	NN					S		Nom	F
14018033	28	um	ADP	APPR								
14018033	29	und	CCONJ	KON								
14018033	30	führen	VERB	VVFIN		Fin	Pres	3	S	Sub		
14018033	31	mich	PRON	PPER				1	S		Acc	
14018033	32	aus	ADP	PTKVZ								
14018033	33	der	DET	ART					S		Dat	M
14018033	34	Lager	NOUN	NN					S		Nom	N
14018033	35	hinaus	ADP	APZR								
14018033	36	denn	CCONJ	KON								
14018033	37	ich	PRON	PPER				1	S		Nom	
14018033	38	sein	AUX	VAFIN		Fin	Pres	1	S	Ind		
14018033	39	verwunden	VERB	VVPP		Part						
14018034	1	und	CCONJ	KON								
14018034	2	der	DET	ART					S		Nom	M
14018034	3	Streit	NOUN	NN					S		Nom	M
14018034	4	nehmen	VERB	VVFIN		Fin	Past	3	S	Ind		
14018034	5	überhand	ADV	ADV								
14018034	6	an	ADP	PTKVZ								
14018034	7	selbig	ADJ	ADJD	Pos				S		Dat	N
14018034	8	Tag	NOUN	NN					P		Nom	M
14018034	9	und	CCONJ	KON								
14018034	10	der	DET	ART					S		Nom	M
14018034	11	König	NOUN	NN					S		Nom	M
14018034	12	von	ADP	APPR								
14018034	13	Israel	PROPN	NE					S		Nom	N
14018034	14	bleiben	VERB	VVFIN		Fin	Past	3	S	Ind		
14018034	15	aufrecht	ADV	ADJD	Pos							
14018034	16	stehen	VERB	VVFIN		Fin	Pres	3	P	Ind		
14018034	17	in	ADP	APPR								
14018034	18	der	DET	ART					S		Dat	M
14018034	19	Wagen	NOUN	NN					S		Nom	M
14018034	20	der	DET	ART					S		Acc	M
14018034	21	Syrer	NOUN	NN					P		Dat	M
14018034	22	gegenüber	ADP	APPO								
14018034	23	bis	CCONJ	KON								
14018034	24	zu	ADP	APPRART					S		Dat	N
14018034	25	Abend	NOUN	NN					S		Nom	M
14018034	26	und	CCONJ	KON								
14018034	27	er	PRON	PPER				3	S		Nom	M
14018034	28	sterben	VERB	VVFIN		Fin	Past	3	S	Ind		
14018034	29	zu	ADP	APPRART					S		Dat	F
14018034	30	Zeit	NOUN	NN					S		Nom	F
14018034	31	der	DET	ART					S		Gen	M
14018034	32	Sonnenuntergang	PROPN	NE					S		Gen	
14019001	1	und	CCONJ	KON								
14019001	2	Josaphat	PROPN	NE								
14019001	3	der	DET	ART					S		Nom	M
14019001	4	König	NOUN	NN					S		Nom	M
14019001	5	von	ADP	APPR								
14019001	6	Juda	PROPN	NE					S		Nom	M
14019001	7	kehren	VERB	VVFIN		Fin	Past	3	S	Ind		
14019001	8	in	ADP	APPR								
14019001	9	Frieden	NOUN	NN					S		Nom	M
14019001	10	zurück	ADV	PTKVZ								
14019001	11	nach	ADP	APPR								
14019001	12	sein	DET	PPOSAT					S		Dat	M
14019001	13	Haus	NOUN	NN					P		Nom	N
14019001	14	nach	ADP	APPR								
14019001	15	Jerusalem	PROPN	NE					S		Nom	N
14019002	1	da	SCONJ	KOUS								
14019002	2	gehen	VERB	VVFIN		Fin	Past	3	S	Ind		
14019002	3	ihm	PRON	PPER				3	S		Dat	M
14019002	4	Jehu	PROPN	NE					S		Nom	M
14019002	5	der	DET	ART					S		Nom	M
14019002	6	Sohn	NOUN	NN					S		Nom	M
14019002	7	Hanani	PROPN	NE					S		Nom	
14019002	8	der	DET	ART					S		Nom	M
14019002	9	Seher	NOUN	NN					S		Nom	M
14019002	10	entgegen	ADP	PTKVZ								
14019002	11	und	CCONJ	KON								
14019002	12	er	PRON	PPER				3	S		Nom	M
14019002	13	sprechen	VERB	VVFIN		Fin	Past	3	S	Ind		
14019002	14	zu	ADP	PTKVZ								
14019002	15	der	DET	ART					S		Dat	M
14019002	16	König	NOUN	NN					S		Nom	M
14019002	17	Josaphat	PROPN	NE								
14019002	18	Hilfst	ADV	ADV								
14019002	19	du	PRON	PPER				2	S		Nom	
14019002	20	der	DET	ART					S		Dat	M
14019002	21	Gesetzlose	NOUN	NN					P		Dat	
14019002	22	und	CCONJ	KON								
14019002	23	Liebst	PROPN	NE					S		Nom	N
14019002	24	du	PRON	PPER				2	S		Nom	
14019002	25	der	DET	ART					S		Nom	F
14019002	26	Jahwe	NOUN	NN					S		Nom	M
14019002	27	hassen	VERB	VVINF		Inf						
14019002	28	und	CCONJ	KON								
14019002	29	um	ADP	APPR								
14019002	30	Deswille	NOUN	NN					P		Nom	M
14019002	31	sein	AUX	VAFIN		Fin	Pres	3	S	Ind		
14019002	32	Zorn	NOUN	NN					S		Nom	M
14019002	33	über	ADP	APPR								
14019002	34	dir	PRON	PPER				2	S		Dat	
14019002	35	von	ADP	APPR								
14019002	36	Seite	NOUN	NN					P		Nom	F
14019002	37	Jahwe	PROPN	NE					S		Gen	
14019003	1	jedoch	ADV	ADV								
14019003	2	sein	AUX	VAFIN		Fin	Pres	3	S	Ind		
14019003	3	gute	NOUN	NN					S		Nom	N
14019003	4	an	ADP	PTKVZ								
14019003	5	dir	PRON	PPER				2	S		Dat	
14019003	6	finden	VERB	VVPP		Part						
14019003	7	werden	AUX	VAPP		Part						
14019003	8	weil	SCONJ	KOUS								
14019003	9	du	PRON	PPER				2	S		Nom	
14019003	10	der	DET	ART					S		Nom	F
14019003	11	Ascheroth	NOUN	NN					S		Nom	F
14019003	12	aus	ADP	PTKVZ								
14019003	13	der	DET	ART					S		Dat	M
14019003	14	Land	NOUN	NN					P		Nom	N
14019003	15	hinweggeschaffen	VERB	VVFIN		Fin	Pres	3	S	Ind		
14019003	16	und	CCONJ	KON								
14019003	17	dein	DET	PPER					S		Nom	N
14019003	18	Herz	NOUN	NN					S		Nom	N
14019003	19	darauf	ADV	PROAV								
14019003	20	richten	VERB	VVPP		Part						
14019003	21	haben	AUX	VAFIN		Fin	Pres	2	S	Ind		
14019003	22	Gott	NOUN	NN					S		Nom	M
14019003	23	zu	ADP	PTKVZ								
14019003	24	suchen	VERB	VVINF		Inf						
14019004	1	und	CCONJ	KON								
14019004	2	Josaphat	PROPN	NE								
14019004	3	bleiben	VERB	VVFIN		Fin	Past	3	S	Ind		
14019004	4	zu	ADP	PTKVZ								
14019004	5	Jerusalem	PROPN	NE					S		Nom	N
14019004	6	und	CCONJ	KON								
14019004	7	er	PRON	PPER				3	S		Nom	M
14019004	8	ziehen	VERB	VVFIN		Fin	Past	3	S	Ind		
14019004	9	wiederum	ADV	ADV								
14019004	10	aus	ADP	PTKVZ								
14019004	11	unter	ADP	APPR								
14019004	12	der	DET	ART					S		Nom	N
14019004	13	Volk	NOUN	NN					S		Nom	N
14019004	14	von	ADP	APPR								
14019004	15	Beerseba	PROPN	NE					S		Nom	N
14019004	16	bis	CCONJ	KON								
14019004	17	zu	ADP	APPRART					S		Dat	N
14019004	18	Gebirge	NOUN	NN					S		Nom	N
14019004	19	Ephraim	NOUN	NN					P		Nom	M
14019004	20	und	CCONJ	KON								
14019004	21	führen	VERB	VVFIN		Fin	Past	3	S	Ind		
14019004	22	sie	PRON	PPER				3	P		Nom	
14019004	23	zurück	ADV	PTKVZ								
14019004	24	zu	ADP	PTKVZ								
14019004	25	Jahwe	NOUN	NN					S		Nom	M
14019004	26	der	DET	ART					S		Dat	M
14019004	27	Gott	NOUN	NN					S		Nom	M
14019004	28	ihr	DET	PPOSAT					S		Dat	F
14019004	29	Vater	NOUN	NN					P		Nom	M
14019005	1	und	CCONJ	KON								
14019005	2	er	PRON	PPER				3	S		Nom	M
14019005	3	bestellen	VERB	VVFIN		Fin	Past	3	S	Ind		
14019005	4	Richter	NOUN	NN					S		Nom	M
14019005	5	in	ADP	APPRART					S		Dat	N
14019005	6	Land	NOUN	NN					P		Nom	N
14019005	7	in	ADP	APPR								
14019005	8	aller	DET	PIS					P		Dat	
14019005	9	fest	ADJ	ADJA	Pos				S		Acc	M
14019005	10	Stadt	NOUN	NN					P		Nom	F
14019005	11	Judas	PROPN	NE					S		Nom	M
14019005	12	Stadt	NOUN	NN					S		Nom	F
14019005	13	für	ADP	APPR								
14019005	14	Stadt	NOUN	NN					S		Nom	F
14019006	1	und	CCONJ	KON								
14019006	2	er	PRON	PPER				3	S		Nom	M
14019006	3	sprechen	VERB	VVFIN		Fin	Past	3	S	Ind		
14019006	4	zu	ADP	PTKVZ								
14019006	5	der	DET	ART					S		Acc	M
14019006	6	Richter	NOUN	NN					P		Dat	M
14019006	7	sehet	VERB	VVIMP		Fin	Pres	3	S	Ind		
14019006	8	zu	ADP	PTKVZ								
14019006	9	was	PRON	PWS					S		Nom	N
14019006	10	ihr	PRON	PPOSAT				3	S		Dat	F
14019006	11	tun	VERB	VVFIN		Fin	Pres	3	S	Ind		
14019006	12	denn	CCONJ	KON								
14019006	13	nicht	PART	PTKNEG								
14019006	14	für	ADP	APPR								
14019006	15	der	DET	ART					S		Nom	F
14019006	16	Mensch	NOUN	NN					P		Nom	M
14019006	17	richten	VERB	VVFIN		Fin	Pres	3	S	Ind		
14019006	18	ihr	PRON	PPOSAT				3	S		Dat	F
14019006	19	sondern	CCONJ	KON								
14019006	20	für	ADP	APPR								
14019006	21	Jahwe	NOUN	NN					S		Nom	M
14019006	22	und	CCONJ	KON								
14019006	23	er	PRON	PPER				3	S		Nom	M
14019006	24	sein	AUX	VAFIN		Fin	Pres	3	S	Ind		
14019006	25	mit	ADP	APPR								
14019006	26	euch	PRON	PPER				2	P		Dat	
14019006	27	in	ADP	APPRART					S		Dat	N
14019006	28	Rechtsspruch	NOUN	NN					S		Nom	M
14019007	1	so	ADV	ADV								
14019007	2	sein	AUX	VAFIN		Fin	Pres	3	S	Sub		
14019007	3	denn	CCONJ	KON								
14019007	4	der	DET	ART					S		Nom	M
14019007	5	Schrecken	NOUN	NN					S		Nom	M
14019007	6	Jahwe	PROPN	NE					S		Gen	
14019007	7	auf	ADP	PTKVZ								
14019007	8	euch	PRON	PPER				2	P		Dat	
14019007	9	habet	VERB	VVPP				2	P	Imp		
14019007	10	acht	NUM	CARD								
14019007	11	wie	ADP	KOKOM								
14019007	12	ihr	PRON	PPOSAT				3	S		Dat	F
14019007	13	handeln	VERB	VVFIN		Fin	Pres	3	S	Ind		
14019007	14	denn	CCONJ	KON								
14019007	15	bei	ADP	APPR								
14019007	16	Jahwe	NOUN	NN					S		Nom	M
14019007	17	unser	DET	PPOSAT					S		Dat	N
14019007	18	Gott	NOUN	NN					S		Nom	M
14019007	19	sein	AUX	VAFIN		Fin	Pres	3	S	Ind		
14019007	20	kein	DET	PIAT					S		Nom	N
14019007	21	Unrecht	NOUN	NN					S		Nom	N
14019007	22	noch	CCONJ	KON								
14019007	23	ansehen	NOUN	NN					S		Nom	N
14019007	24	der	DET	ART					S		Nom	M
14019007	25	Person	NOUN	NN					S		Nom	F
14019007	26	oder	CCONJ	KON								
14019007	27	annehmen	NOUN	NN					S		Nom	N
14019007	28	von	ADP	APPR								
14019007	29	Geschenk	NOUN	NN					S		Nom	N
14019008	1	und	CCONJ	KON								
14019008	2	auch	ADV	ADV								
14019008	3	in	ADP	APPR								
14019008	4	Jerusalem	PROPN	NE					S		Nom	N
14019008	5	bestellen	VERB	VVFIN		Fin	Past	3	S	Ind		
14019008	6	Josaphat	PROPN	NE								
14019008	7	Levit	NOUN	NN					P		Nom	M
14019008	8	und	CCONJ	KON								
14019008	9	Priester	NOUN	NN					P		Nom	M
14019008	10	und	CCONJ	KON								
14019008	11	Häupter	NOUN	NN					P		Nom	N
14019008	12	der	DET	ART					S		Nom	M
14019008	13	Vater	NOUN	NN					P		Nom	M
14019008	14	Israel	PROPN	NE					S		Gen	N
14019008	15	für	ADP	APPR								
14019008	16	der	DET	ART					S		Nom	N
14019008	17	Gericht	NOUN	NN					S		Nom	N
14019008	18	Jahwe	PROPN	NE					S		Gen	
14019008	19	und	CCONJ	KON								
14019008	20	für	ADP	APPR								
14019008	21	der	DET	ART					S		Acc	M
14019008	22	Rechtsstreit	NOUN	NN					S		Nom	M
14019008	23	und	CCONJ	KON								
14019008	24	sie	PRON	PPER				3	P		Nom	
14019008	25	sein	AUX	VAFIN		Fin	Past	3	P	Ind		
14019008	26	nach	ADP	APPR								
14019008	27	Jerusalem	PROPN	NE					S		Nom	N
14019008	28	zurückkehren	VERB	VVPP		Part						
14019009	1	und	CCONJ	KON								
14019009	2	er	PRON	PPER				3	S		Nom	M
14019009	3	Gebot	NOUN	NN					S		Nom	N
14019009	4	ihnen	PRON	PPER				3	P		Dat	
14019009	5	und	CCONJ	KON								
14019009	6	sprechen	VERB	VVFIN		Fin	Past	3	S	Ind		
14019009	7	also	ADV	ADV								
14019009	8	sollten	AUX	VMFIN		Fin	Pres	3	S	Ind		
14019009	9	ihr	PRON	PPOSAT				3	S		Dat	F
14019009	10	tun	VERB	VVINF		Inf						
14019009	11	in	ADP	APPR								
14019009	12	der	DET	ART					S		Nom	M
14019009	13	Furcht	NOUN	NN					S		Nom	F
14019009	14	Jahwe	PROPN	NE					S		Gen	
14019009	15	mit	ADP	APPR								
14019009	16	Treue	NOUN	NN					S		Nom	F
14019009	17	und	CCONJ	KON								
14019009	18	mit	ADP	APPR								
14019009	19	Ungeteiltem	NOUN	NN					S		Nom	N
14019009	20	Herz	NOUN	NN					S		Nom	N
14019010	1	und	CCONJ	KON								
14019010	2	was	PRON	PWS					S		Nom	N
14019010	3	irgend	ADV	ADV								
14019010	4	für	ADP	APPR								
14019010	5	ein	DET	ART					S		Nom	N
14019010	6	Rechtsstreit	NOUN	NN					S		Nom	M
14019010	7	vor	ADP	APPR								
14019010	8	euch	PRON	PPER				2	P		Dat	
14019010	9	kommen	VERB	VVFIN		Fin	Pres	3	S	Ind		
14019010	10	von	ADP	APPR								
14019010	11	Seite	NOUN	NN					P		Nom	F
14019010	12	eurer	PRON	PPOSAT							Gen	
14019010	13	Bruder	NOUN	NN					P		Nom	M
14019010	14	der	DET	ART					S		Nom	F
14019010	15	in	ADP	APPR								
14019010	16	ihr	DET	PPOSAT					S		Acc	M
14019010	17	Stadt	NOUN	NN					P		Nom	F
14019010	18	wohnen	VERB	VVINF		Inf						
14019010	19	zwischen	ADP	APPR								
14019010	20	Blut	NOUN	NN					S		Nom	N
14019010	21	und	CCONJ	KON								
14019010	22	Blut	NOUN	NN					S		Nom	N
14019010	23	zwischen	ADP	APPR								
14019010	24	Gesetz	NOUN	NN					S		Nom	N
14019010	25	und	CCONJ	KON								
14019010	26	Gebot	NOUN	NN					S		Nom	N
14019010	27	Satzunge	NOUN	NN					P		Nom	F
14019010	28	und	CCONJ	KON								
14019010	29	rechte	NOUN	NN					P		Nom	F
14019010	30	so	ADV	ADV								
14019010	31	sollten	AUX	VMFIN		Fin	Pres	3	S	Ind		
14019010	32	ihr	PRON	PPOSAT				3	S		Dat	F
14019010	33	sie	PRON	PPER				3	P		Nom	
14019010	34	verwarnen	VERB	VVFIN		Inf						
14019010	35	daß	SCONJ	KOUS								
14019010	36	sie	PRON	PPER				3	P		Nom	
14019010	37	sich	PRON	PRF				3	S		Acc	
14019010	38	nicht	PART	PTKNEG								
14019010	39	an	ADP	PTKVZ								
14019010	40	Jahwe	NOUN	NN					S		Nom	M
14019010	41	verschulden	VERB	VVPP		Part						
14019010	42	und	CCONJ	KON								
14019010	43	daß	SCONJ	KOUS								
14019010	44	nicht	PART	PTKNEG								
14019010	45	ein	DET	ART					S		Nom	N
14019010	46	Zorn	NOUN	NN					S		Nom	M
14019010	47	über	ADP	APPR								
14019010	48	euch	PRON	PPER				2	P		Dat	
14019010	49	und	CCONJ	KON								
14019010	50	über	ADP	APPR								
14019010	51	eure	DET	PPOSAT					S		Nom	F
14019010	52	Bruder	NOUN	NN					P		Nom	M
14019010	53	kommen	VERB	VVFIN		Fin	Pres	3	S	Sub		
14019010	54	also	ADV	ADV								
14019010	55	sollten	AUX	VMFIN		Fin	Pres	3	S	Ind		
14019010	56	ihr	PRON	PPOSAT				3	S		Dat	F
14019010	57	tun	VERB	VVINF		Inf						
14019010	58	damit	ADV	PROAV								
14019010	59	ihr	PRON	PPOSAT				3	S		Dat	F
14019010	60	euch	PRON	PPER				2	P		Dat	
14019010	61	nicht	PART	PTKNEG								
14019010	62	verschulden	VERB	VVPP		Part						
14019011	1	und	CCONJ	KON								
14019011	2	sehen	VERB	VVIMP				2	S	Imp		
14019011	3	Amarja	PROPN	NN					S		Nom	
14019011	4	der	DET	ART					S		Nom	M
14019011	5	Hauptpriester	NOUN	NN					S		Acc	M
14019011	6	sein	AUX	VAFIN		Fin	Pres	3	S	Ind		
14019011	7	über	ADP	APPR								
14019011	8	euch	PRON	PPER				2	P		Dat	
14019011	9	in	ADP	APPR								
14019011	10	aller	DET	PIS					P		Dat	
14019011	11	Sache	NOUN	NN					P		Nom	F
14019011	12	Jahwe	PROPN	NE					S		Gen	
14019011	13	und	CCONJ	KON								
14019011	14	Sebadja	PROPN	NE					S		Nom	F
14019011	15	der	DET	ART					S		Nom	M
14019011	16	Sohn	NOUN	NN					S		Nom	M
14019011	17	Ismael	PROPN	NE					S		Gen	
14019011	18	der	DET	ART					S		Nom	M
14019011	19	Fürst	NOUN	NN					S		Nom	M
14019011	20	der	DET	ART					S		Gen	M
14019011	21	Haus	NOUN	NN					S		Gen	N
14019011	22	Juda	PROPN	NE					S		Nom	M
14019011	23	in	ADP	APPR								
14019011	24	aller	DET	PIS					P		Dat	
14019011	25	Sache	NOUN	NN					P		Nom	F
14019011	26	der	DET	ART					S		Gen	M
14019011	27	König	PROPN	NE					S		Nom	
14019011	28	und	CCONJ	KON								
14019011	29	als	ADP	KOKOM								
14019011	30	Vorsteher	NOUN	NN					S		Nom	M
14019011	31	sein	AUX	VAFIN		Fin	Pres	3	P	Ind		
14019011	32	der	DET	ART					S		Nom	F
14019011	33	Levit	NOUN	NN					P		Nom	M
14019011	34	vor	ADP	APPR								
14019011	35	euch	PRON	PPER				2	P		Dat	
14019011	36	Seid	NOUN	VAFIN					S		Acc	N
14019011	37	stark	ADV	ADJD	Pos							
14019011	38	und	CCONJ	KON								
14019011	39	handeln	VERB	VVFIN		Fin	Pres	3	S	Ind		
14019011	40	und	CCONJ	KON								
14019011	41	Jahwe	NOUN	NN					S		Nom	M
14019011	42	werden	AUX	VAFIN		Fin	Pres	3	S	Ind		
14019011	43	mit	ADP	APPR								
14019011	44	der	DET	ART					S		Dat	M
14019011	45	gute	NOUN	NN					P		Nom	
14019011	46	sein	AUX	VAINF		Inf						
14020001	1	und	CCONJ	KON								
14020001	2	es	PRON	PPER				3	S		Nom	N
14020001	3	geschehen	VERB	VVFIN		Fin	Past	3	S	Ind		
14020001	4	Hernach	ADV	PROAV								
14020001	5	da	ADV	ADV								
14020001	6	kommen	VERB	VVFIN		Fin	Past	3	P	Ind		
14020001	7	der	DET	ART					S		Nom	F
14020001	8	Kind	NOUN	NN					P		Nom	N
14020001	9	Moab	PROPN	NE					S		Nom	
14020001	10	und	CCONJ	KON								
14020001	11	der	DET	ART					S		Nom	F
14020001	12	Kind	NOUN	NN					P		Nom	N
14020001	13	Ammon	PROPN	NE					S		Nom	
14020001	14	und	CCONJ	KON								
14020001	15	mit	ADP	APPR								
14020001	16	ihnen	PRON	PPER				3	P		Dat	
14020001	17	von	ADP	APPR								
14020001	18	der	DET	ART					S		Acc	M
14020001	19	Meuniter	NOUN	NN					P		Dat	M
14020001	20	wider	ADP	PTKVZ								
14020001	21	Josaphat	PROPN	NE								
14020001	22	zu	ADP	APPRART					S		Dat	N
14020001	23	Streit	NOUN	NN					S		Nom	M
14020002	1	und	CCONJ	KON								
14020002	2	man	PRON	PIS					S		Nom	
14020002	3	kommen	VERB	VVFIN		Fin	Past	3	S	Ind		
14020002	4	und	CCONJ	KON								
14020002	5	berichten	VERB	VVFIN		Fin	Past	3	S	Ind		
14020002	6	Josaphat	PROPN	NE								
14020002	7	und	CCONJ	KON								
14020002	8	sprechen	VERB	VVFIN		Fin	Past	3	S	Ind		
14020002	9	ein	DET	ART					S		Nom	F
14020002	10	groß	ADJ	ADJA	Pos				S		Nom	F
14020002	11	Menge	NOUN	NN					S		Nom	F
14020002	12	sein	AUX	VAFIN		Fin	Pres	3	S	Ind		
14020002	13	wider	ADP	PTKVZ								
14020002	14	dich	PRON	PPER				2	S		Acc	
14020002	15	kommen	VERB	VVPP		Part						
14020002	16	von	ADP	APPR								
14020002	17	jenseit	ADV	APPR								
14020002	18	der	DET	ART					S		Gen	M
14020002	19	Meer	NOUN	NN					S		Nom	N
14020002	20	von	ADP	APPR								
14020002	21	Syrien	PROPN	NE					S		Nom	N
14020002	22	und	CCONJ	KON								
14020002	23	sehen	VERB	VVIMP				2	S	Imp		
14020002	24	sie	PRON	PPER				3	P		Nom	
14020002	25	sein	AUX	VAFIN		Fin	Pres	3	P	Ind		
14020002	26	zu	ADP	PTKVZ								
14020002	27	Hazezon-Tamar	PROPN	NE					S		Nom	
14020002	28	der	DET	ART					S		Nom	N
14020002	29	sein	AUX	VAFIN		Fin	Pres	3	S	Ind		
14020002	30	Engedi	NOUN	NN					S		Nom	F
14020003	1	da	SCONJ	KOUS								
14020003	2	fürchten	VERB	VVFIN		Fin	Past	3	S	Ind		
14020003	3	sich	PRON	PRF				3	S		Acc	
14020003	4	Josaphat	PROPN	NE								
14020003	5	und	CCONJ	KON								
14020003	6	er	PRON	PPER				3	S		Nom	M
14020003	7	richten	VERB	VVFIN		Fin	Past	3	S	Ind		
14020003	8	sein	AUX	VAINF		Inf						
14020003	9	Angesicht	NOUN	NN					S		Nom	F
14020003	10	darauf	ADV	PROAV								
14020003	11	Jahwe	NOUN	NN					S		Nom	M
14020003	12	zu	ADP	PTKVZ								
14020003	13	suchen	VERB	VVINF		Inf						
14020003	14	und	CCONJ	KON								
14020003	15	er	PRON	PPER				3	S		Nom	M
14020003	16	rufen	VERB	VVFIN		Fin	Past	3	S	Ind		
14020003	17	ein	DET	ART					S		Nom	N
14020003	18	Fasten	NOUN	NN					S		Nom	N
14020003	19	aus	ADP	PTKVZ								
14020003	20	über	ADP	APPR								
14020003	21	ganz	ADV	ADV								
14020003	22	Juda	PROPN	NE					S		Nom	M
14020004	1	und	CCONJ	KON								
14020004	2	Juda	PROPN	NE					S		Nom	M
14020004	3	versammeln	VERB	VVFIN		Fin	Past	3	S	Ind		
14020004	4	sich	PRON	PRF				3	S		Acc	
14020004	5	um	ADP	APPR								
14020004	6	von	ADP	APPR								
14020004	7	Jahwe	NOUN	NN					S		Nom	M
14020004	8	Hülfe	NOUN	NN					S		Nom	F
14020004	9	zu	ADP	PTKVZ								
14020004	10	suchen	VERB	VVINF		Inf						
14020004	11	sogar	ADV	ADV								
14020004	12	aus	ADP	PTKVZ								
14020004	13	aller	DET	PIS					P		Dat	
14020004	14	Stadt	NOUN	NN					P		Nom	F
14020004	15	Judas	PROPN	NE					S		Nom	M
14020004	16	kommen	VERB	VVFIN		Fin	Past	3	P	Ind		
14020004	17	sie	PRON	PPER				3	P		Nom	
14020004	18	um	ADP	APPR								
14020004	19	Jahwe	NOUN	NN					S		Nom	M
14020004	20	zu	ADP	PTKVZ								
14020004	21	suchen	VERB	VVINF		Inf						
14020005	1	und	CCONJ	KON								
14020005	2	Josaphat	PROPN	NE								
14020005	3	stehen	VERB	VVFIN		Fin	Past	3	S	Ind		
14020005	4	in	ADP	APPR								
14020005	5	der	DET	ART					S		Nom	M
14020005	6	Versammlung	NOUN	NN					S		Nom	F
14020005	7	Judas	PROPN	NE					S		Nom	M
14020005	8	und	CCONJ	KON								
14020005	9	Jerusalem	PROPN	NE					S		Gen	N
14020005	10	in	ADP	APPRART					S		Dat	N
14020005	11	Haus	NOUN	NN					P		Nom	N
14020005	12	Jahwe	PROPN	NE					S		Gen	
14020005	13	vor	ADP	APPR								
14020005	14	der	DET	ART					S		Dat	M
14020005	15	neu	ADJ	ADJA	Pos				S		Acc	M
14020005	16	Vorhof	NOUN	NN					S		Nom	M
14020006	1	und	CCONJ	KON								
14020006	2	er	PRON	PPER				3	S		Nom	M
14020006	3	sprechen	VERB	VVFIN		Fin	Past	3	S	Ind		
14020006	4	Jahwe	NOUN	NN					S		Nom	M
14020006	5	Gott	NOUN	NN					S		Nom	M
14020006	6	unser	DET	PPOSAT					S		Dat	F
14020006	7	Vater	NOUN	NN					P		Nom	M
14020006	8	sein	AUX	VAFIN		Fin	Pres	2	S	Ind		
14020006	9	du	PRON	PPER				2	S		Nom	
14020006	10	es	PRON	PPER				3	S		Nom	N
14020006	11	nicht	PART	PTKNEG								
14020006	12	der	DET	ART					S		Nom	M
14020006	13	da	ADV	ADV								
14020006	14	Gott	NOUN	NN					S		Nom	M
14020006	15	in	ADP	APPRART					S		Dat	N
14020006	16	Himmel	NOUN	NN					S		Nom	M
14020006	17	sein	AUX	VAFIN		Fin	Pres	3	S	Ind		
14020006	18	und	CCONJ	KON								
14020006	19	sein	AUX	VAFIN		Fin	Pres	2	S	Ind		
14020006	20	du	PRON	PPER				2	S		Nom	
14020006	21	nicht	PART	PTKNEG								
14020006	22	der	DET	ART					S		Nom	M
14020006	23	Herrscher	NOUN	NN					S		Nom	M
14020006	24	über	ADP	APPR								
14020006	25	aller	PRON	PIS					P		Nom	
14020006	26	Königreich	NOUN	NN					P		Nom	N
14020006	27	der	DET	ART					S		Nom	M
14020006	28	Nation	NOUN	NN					P		Nom	F
14020006	29	und	CCONJ	KON								
14020006	30	in	ADP	APPR								
14020006	31	dein	DET	PPOSAT					S		Dat	F
14020006	32	Hand	NOUN	NN					S		Nom	F
14020006	33	sein	AUX	VAFIN		Fin	Pres	3	S	Ind		
14020006	34	Kraft	NOUN	NN					S		Nom	F
14020006	35	und	CCONJ	KON								
14020006	36	Macht	NOUN	NN					S		Nom	F
14020006	37	und	CCONJ	KON								
14020006	38	niemand	PRON	PIS					S		Nom	M
14020006	39	vermögen	VERB	VVFIN		Fin	Pres	3	S	Ind		
14020006	40	gegen	ADP	APPR								
14020006	41	dich	PRON	PPER				2	S		Acc	
14020006	42	zu	ADP	PTKVZ								
14020006	43	bestehen	VERB	VVFIN		Fin	Pres	3	P	Ind		
14020007	1	Hast	VERB	VAFIN				2	S	Imp		
14020007	2	du	PRON	PPER				2	S		Nom	
14020007	3	nicht	PART	PTKNEG								
14020007	4	unser	DET	PPOSAT					S		Nom	N
14020007	5	Gott	NOUN	NN					S		Nom	M
14020007	6	der	DET	ART					S		Nom	F
14020007	7	Bewohner	NOUN	NN					P		Nom	M
14020007	8	dieser	DET	PDAT					S		Nom	N
14020007	9	Land	NOUN	NN					S		Gen	N
14020007	10	vor	ADP	APPR								
14020007	11	dein	DET	PPOSAT					S		Dat	M
14020007	12	Volke	NOUN	NN					S		Nom	M
14020007	13	Israel	PROPN	NE					S		Nom	N
14020007	14	austreiben	VERB	VVPP		Part						
14020007	15	und	CCONJ	KON								
14020007	16	es	PRON	PPER				3	S		Nom	N
14020007	17	der	DET	ART					S		Dat	M
14020007	18	Same	NOUN	NN					P		Nom	M
14020007	19	Abraham	PROPN	NE					S		Gen	M
14020007	20	dein	DET	PPOSAT					S		Gen	N
14020007	21	Freunde	NOUN	NN					S		Gen	M
14020007	22	geben	VERB	VVPP		Part						
14020007	23	ewiglich	ADV	ADJD	Pos							
14020008	1	und	CCONJ	KON								
14020008	2	sie	PRON	PPER				3	P		Nom	
14020008	3	haben	AUX	VAFIN		Fin	Pres	3	P	Ind		
14020008	4	darin	ADV	PROAV								
14020008	5	gewohnen	VERB	VVPP		Part						
14020008	6	und	CCONJ	KON								
14020008	7	haben	AUX	VAFIN		Fin	Pres	3	P	Ind		
14020008	8	dir	PRON	PPER				2	S		Dat	
14020008	9	ein	DET	ART					S		Nom	N
14020008	10	Heiligtum	NOUN	NN					S		Nom	N
14020008	11	darin	ADV	PROAV								
14020008	12	bauen	VERB	VVPP		Part						
14020008	13	für	ADP	APPR								
14020008	14	dein	DET	PPOSAT					S		Acc	M
14020008	15	Name	NOUN	NN					P		Nom	M
14020008	16	und	CCONJ	KON								
14020008	17	sagen	VERB	VVPP		Part						
14020009	1	wenn	SCONJ	KOUS								
14020009	2	Unglück	NOUN	NN					S		Nom	N
14020009	3	über	ADP	APPR								
14020009	4	uns	PRON	PPER				1	P		Acc	
14020009	5	kommen	VERB	VVFIN		Fin	Pres	3	S	Ind		
14020009	6	Schwert	NOUN	NN					S		Nom	N
14020009	7	Strafgericht	NOUN	NN					S		Nom	N
14020009	8	oder	CCONJ	KON								
14020009	9	Pest	NOUN	NN					S		Nom	F
14020009	10	oder	CCONJ	KON								
14020009	11	Hungersnot	NOUN	NN					S		Nom	F
14020009	12	und	CCONJ	KON								
14020009	13	wir	PRON	PPER				1	P		Nom	
14020009	14	treten	VERB	VVINF		Fin	Pres	3	P	Ind		
14020009	15	vor	ADP	APPR								
14020009	16	dieser	DET	PDAT					S		Nom	N
14020009	17	Haus	NOUN	NN					S		Nom	N
14020009	18	und	CCONJ	KON								
14020009	19	vor	ADP	APPR								
14020009	20	dich	PRON	PPER				2	S		Acc	
14020009	21	denn	CCONJ	KON								
14020009	22	dein	DET	PPER					S		Nom	N
14020009	23	Name	NOUN	NN					S		Nom	M
14020009	24	sein	AUX	VAFIN		Fin	Pres	3	S	Ind		
14020009	25	in	ADP	APPR								
14020009	26	dieser	DET	PDAT					S		Dat	N
14020009	27	Haus	NOUN	NN					P		Nom	N
14020009	29	und	CCONJ	KON								
14020009	30	schrieen	VERB	VVFIN		Fin	Past	3	P	Ind		
14020009	31	zu	ADP	PTKVZ								
14020009	32	dir	PRON	PPER				2	S		Dat	
14020009	33	aus	ADP	PTKVZ								
14020009	34	unser	DET	PPOSAT					S		Dat	F
14020009	35	Bedrängnis	NOUN	NN					S		Nom	F
14020009	36	so	ADV	ADV								
14020009	37	wersten	AUX	VAFIN		Fin	Pres	2	S	Ind		
14020009	38	du	PRON	PPER				2	S		Nom	
14020009	39	hören	VERB	VVINF		Inf						
14020009	40	und	CCONJ	KON								
14020009	41	retten	VERB	VVINF		Inf						
14020010	1	und	CCONJ	KON								
14020010	2	nun	ADV	ADV								
14020010	3	sehen	VERB	VVIMP				2	S	Imp		
14020010	4	der	DET	ART					S		Nom	F
14020010	5	Kind	NOUN	NN					P		Nom	N
14020010	6	Ammon	PROPN	NE					S		Nom	
14020010	7	und	CCONJ	KON								
14020010	8	Moab	PROPN	NE					S		Nom	
14020010	9	und	CCONJ	KON								
14020010	10	der	DET	ART					S		Nom	F
14020010	11	von	ADP	APPRART					S		Dat	N
14020010	12	Gebirge	NOUN	NN					S		Nom	N
14020010	13	Seir	PROPN	NE					S		Nom	
14020010	14	unter	ADP	APPR								
14020010	15	welcher	DET	PWAT					S		Nom	F
14020010	16	zu	ADP	PTKVZ								
14020010	17	kommen	VERB	VVFIN		Fin	Pres	3	P	Ind		
14020010	18	du	PRON	PPER				2	S		Nom	
14020010	19	Israel	PROPN	NE					S		Nom	N
14020010	20	nicht	PART	PTKNEG								
14020010	21	gestatten	VERB	VVPP		Part						
14020010	22	haben	AUX	VAFIN		Fin	Pres	2	S	Ind		
14020010	23	als	ADP	KOKOM								
14020010	24	sie	PRON	PPER				3	P		Nom	
14020010	25	aus	ADP	PTKVZ								
14020010	26	der	DET	ART					S		Dat	M
14020010	27	Land	NOUN	NN					P		Nom	N
14020010	28	Ägypten	PROPN	NE					S		Nom	N
14020010	29	kommen	VERB	VVFIN		Fin	Past	3	P	Ind		
14020010	30	sondern	CCONJ	KON								
14020010	31	sie	PRON	PPER				3	P		Nom	
14020010	32	sein	AUX	VAFIN		Fin	Pres	3	P	Ind		
14020010	33	ihnen	PRON	PPER				3	P		Dat	
14020010	34	ausgewichen	VERB	VVPP		Part						
14020010	35	und	CCONJ	KON								
14020010	36	haben	AUX	VAFIN		Fin	Pres	3	P	Ind		
14020010	37	sie	PRON	PPER				3	P		Nom	
14020010	38	nicht	PART	PTKNEG								
14020010	39	vertilgen	VERB	VVPP		Part						
14020011	1	sehen	VERB	VVIMP				2	S	Imp		
14020011	2	da	ADV	ADV								
14020011	3	sie	PRON	PPER				3	P		Nom	
14020011	4	vergelten	VERB	VVFIN		Fin	Past	3	P	Ind		
14020011	5	es	PRON	PPER				3	S		Nom	N
14020011	6	uns	PRON	PPER				1	P		Acc	
14020011	7	indem	SCONJ	KOUS								
14020011	8	sie	PRON	PPER				3	P		Nom	
14020011	9	kommen	VERB	VVFIN		Fin	Pres	3	P	Ind		
14020011	10	um	ADP	APPR								
14020011	11	uns	PRON	PPER				1	P		Acc	
14020011	12	aus	ADP	PTKVZ								
14020011	13	dein	DET	PPOSAT					S		Dat	M
14020011	14	Besitztum	NOUN	NN					S		Nom	N
14020011	15	zu	ADP	PTKVZ								
14020011	16	vertreiben	VERB	VVINF		Inf						
14020011	17	der	DET	ART					S		Nom	N
14020011	18	du	PRON	PPER				2	S		Nom	
14020011	19	uns	PRON	PPER				1	P		Acc	
14020011	20	zu	ADP	APPRART					S		Dat	N
14020011	21	Besitz	NOUN	NN					S		Nom	M
14020011	22	geben	VERB	VVPP		Part						
14020011	23	haben	AUX	VAFIN		Fin	Pres	2	S	Ind		
14020012	1	Unser	DET	PPOSAT					S		Nom	N
14020012	2	Gott	NOUN	NN					S		Nom	M
14020012	3	willst	PROPN	VMFIN					S		Nom	
14020012	4	du	PRON	PPER				2	S		Nom	
14020012	5	sie	PRON	PPER				3	P		Nom	
14020012	6	nicht	PART	PTKNEG								
14020012	7	richten	VERB	VVFIN		Fin	Pres	3	P	Ind		
14020012	8	denn	CCONJ	KON								
14020012	9	in	ADP	APPR								
14020012	10	uns	PRON	PPER				1	P		Acc	
14020012	11	sein	AUX	VAFIN		Fin	Pres	3	S	Ind		
14020012	12	kein	DET	PIAT					S		Nom	F
14020012	13	Kraft	NOUN	NN					S		Nom	F
14020012	14	vor	ADP	APPR								
14020012	15	dieser	PRON	PDAT					S		Nom	M
14020012	16	groß	ADJ	ADJA	Pos				S		Acc	M
14020012	17	Menge	NOUN	NN					S		Nom	F
14020012	18	der	DET	ART					S		Nom	F
14020012	19	wider	ADP	PTKVZ								
14020012	20	uns	PRON	PPER				1	P		Acc	
14020012	21	kommen	VERB	VVFIN		Fin	Pres	3	S	Ind		
14020012	22	und	CCONJ	KON								
14020012	23	wir	PRON	PPER				1	P		Nom	
14020012	24	wissen	VERB	VVINF		Inf						
14020012	25	nicht	PART	PTKNEG								
14020012	26	was	PRON	PWS					S		Nom	N
14020012	27	wir	PRON	PPER				1	P		Nom	
14020012	28	tun	VERB	VVINF		Inf						
14020012	29	sollen	AUX	VMFIN		Fin	Pres	3	P	Ind		
14020012	30	sondern	CCONJ	KON								
14020012	31	auf	ADP	PTKVZ								
14020012	32	dich	PRON	PPER				2	S		Acc	
14020012	33	sein	AUX	VAFIN		Fin	Pres	3	P	Ind		
14020012	34	unser	DET	PPOSAT					S		Nom	F
14020012	35	Auge	NOUN	NN					P		Nom	N
14020012	36	richten	VERB	VVPP		Part						
14020013	1	und	CCONJ	KON								
14020013	2	ganz	ADV	ADV								
14020013	3	Juda	PROPN	NE					S		Nom	M
14020013	4	stehen	VERB	VVFIN		Fin	Past	3	S	Ind		
14020013	5	vor	ADP	APPR								
14020013	6	Jahwe	NOUN	NN					S		Nom	M
14020013	7	samt	ADP	APPR								
14020013	8	ihr	DET	PPOSAT					S		Acc	M
14020013	9	Kindlein	NOUN	NN					S		Nom	N
14020013	10	ihr	DET	PPOSAT					S		Acc	M
14020013	11	Weiber	NOUN	NN					P		Dat	M
14020013	12	und	CCONJ	KON								
14020013	13	ihr	DET	PPOSAT					S		Acc	M
14020013	14	Söhn	NOUN	NN					P		Dat	M
14020014	1	und	CCONJ	KON								
14020014	2	Jachasiel	NOUN	NN					S		Nom	N
14020014	3	der	DET	ART					S		Nom	M
14020014	4	Sohn	NOUN	NN					S		Nom	M
14020014	5	Sekarjas	NOUN	NN					S		Nom	F
14020014	6	der	DET	ART					S		Gen	M
14020014	7	Sohn	PROPN	NE					S		Gen	M
14020014	8	Benajas	NOUN	NN					S		Nom	F
14020014	9	der	DET	ART					S		Gen	M
14020014	10	Sohn	PROPN	NE					S		Gen	M
14020014	11	Jechiel	PROPN	NE					S		Gen	
14020014	12	der	DET	ART					S		Gen	M
14020014	13	Sohn	PROPN	NE					S		Gen	M
14020014	14	Mattanjas	NOUN	NN					S		Nom	F
14020014	15	der	DET	ART					S		Nom	M
14020014	16	Levit	PROPN	NE					S		Nom	
14020014	17	von	ADP	APPR								
14020014	18	der	DET	ART					S		Acc	M
14020014	19	Söhn	NOUN	NN					P		Dat	M
14020014	20	Asaphs	PROPN	NE					S		Nom	N
14020014	22	auf	ADP	PTKVZ								
14020014	23	ihn	PRON	PPER				3	S		Acc	M
14020014	24	kommen	VERB	VVFIN		Fin	Past	3	S	Ind		
14020014	25	der	DET	ART					S		Nom	M
14020014	26	Geist	NOUN	NN					S		Nom	M
14020014	27	Jahwe	PROPN	NE					S		Gen	
14020014	28	mitten	ADV	ADV								
14020014	29	in	ADP	APPR								
14020014	30	der	DET	ART					S		Nom	M
14020014	31	Versammlung	NOUN	NN					S		Nom	F
14020015	1	und	CCONJ	KON								
14020015	2	er	PRON	PPER				3	S		Nom	M
14020015	3	sprechen	VERB	VVFIN		Fin	Past	3	S	Ind		
14020015	4	merket	PROPN	NE					S		Nom	
14020015	5	auf	ADP	PTKVZ								
14020015	6	ganz	ADV	ADV								
14020015	7	Juda	PROPN	NE					S		Nom	M
14020015	8	und	CCONJ	KON								
14020015	9	ihr	PRON	PPOSAT				3	S		Dat	F
14020015	10	Bewohner	NOUN	NN					P		Nom	M
14020015	11	von	ADP	APPR								
14020015	12	Jerusalem	PROPN	NE					S		Nom	N
14020015	13	und	CCONJ	KON								
14020015	14	du	PRON	PPER				2	S		Nom	
14020015	15	König	NOUN	NN					S		Nom	M
14020015	16	Josaphat	PROPN	NE								
14020015	17	so	ADV	ADV								
14020015	18	sprechen	VERB	VVFIN		Fin	Pres	3	S	Ind		
14020015	19	Jahwe	NOUN	NN					S		Nom	M
14020015	20	zu	ADP	PTKVZ								
14020015	21	euch	PRON	PPER				2	P		Dat	
14020015	22	Fürchten	VERB	VVPP		Part						
14020015	23	euch	PRON	PPER				2	P		Dat	
14020015	24	nicht	PART	PTKNEG								
14020015	25	und	CCONJ	KON								
14020015	26	Erschrecket	NOUN	NN					S		Nom	N
14020015	27	nicht	PART	PTKNEG								
14020015	28	vor	ADP	APPR								
14020015	29	dieser	PRON	PDAT					S		Nom	M
14020015	30	groß	ADJ	ADJA	Pos				S		Acc	M
14020015	31	Menge	NOUN	NN					S		Nom	F
14020015	32	denn	CCONJ	KON								
14020015	33	nicht	PART	PTKNEG								
14020015	34	euer	DET	PPOSAT					S		Nom	M
14020015	35	sein	AUX	VAFIN		Fin	Pres	3	S	Ind		
14020015	36	der	DET	ART					S		Nom	M
14020015	37	Streit	NOUN	NN					S		Nom	M
14020015	38	sondern	CCONJ	KON								
14020015	39	Gott	NOUN	NN					S		Gen	M
14020016	1	Morgen	ADV	NN								
14020016	2	ziehet	VERB	VVFIN		Fin	Pres	3	S	Ind		
14020016	3	wider	ADP	PTKVZ								
14020016	4	sie	PRON	PPER				3	P		Nom	
14020016	5	Hinab	ADV	PTKVZ								
14020016	6	sehen	VERB	VVIMP				2	S	Imp		
14020016	7	sie	PRON	PPER				3	P		Nom	
14020016	8	kommen	VERB	VVFIN		Fin	Pres	3	P	Ind		
14020016	9	der	DET	ART					S		Nom	F
14020016	10	Anhöhe	NOUN	NN					S		Nom	F
14020016	11	Ziz	PROPN	NE					S		Nom	
14020016	12	herauf	ADV	PTKVZ								
14020016	13	und	CCONJ	KON								
14020016	14	ihr	PRON	PPOSAT				3	S		Dat	F
14020016	15	werden	AUX	VAFIN		Fin	Pres	3	S	Ind		
14020016	16	sie	PRON	PPER				3	P		Nom	
14020016	17	an	ADP	APPRART					S		Dat	M
14020016	18	Ende	NOUN	NN					S		Nom	N
14020016	19	der	DET	ART					S		Gen	M
14020016	20	Tal	PROPN	NE					S		Gen	N
14020016	21	finden	VERB	VVINF		Fin	Pres	3	P	Ind		
14020016	22	vor	ADP	APPR								
14020016	23	der	DET	ART					S		Nom	M
14020016	24	Wüste	NOUN	NN					S		Nom	F
14020016	25	Jeruel	PROPN	NE					S		Nom	
14020017	1	ihr	PRON	PPER				2	P		Nom	
14020017	2	werden	AUX	VAFIN		Fin	Pres	3	S	Ind		
14020017	3	hierbei	ADV	PROAV								
14020017	4	nicht	PART	PTKNEG								
14020017	5	zu	ADP	PTKVZ								
14020017	6	streiten	VERB	VVINF		Inf						
14020017	7	haben	AUX	VAFIN		Fin	Pres	3	P	Ind		
14020017	8	treten	VERB	VVFIN		Fin	Pres	3	S	Ind		
14020017	9	hin	ADV	ADV								
14020017	10	steheen	VERB	VVFIN		Fin	Pres	3	S	Ind		
14020017	11	und	CCONJ	KON								
14020017	12	seheen	VERB	VVFIN		Fin	Pres	3	S	Ind		
14020017	13	der	DET	ART					S		Nom	F
14020017	14	Rettung	NOUN	NN					S		Nom	F
14020017	15	Jahwe	PROPN	NE					S		Gen	
14020017	16	an	ADP	PTKVZ								
14020017	17	euch	PRON	PPER				2	P		Dat	
14020017	18	Juda	PROPN	NE					S		Nom	M
14020017	19	und	CCONJ	KON								
14020017	20	Jerusalem	PROPN	NE					S		Nom	N
14020017	21	Fürchten	VERB	VVPP		Part						
14020017	22	euch	PRON	PPER				2	P		Dat	
14020017	23	nicht	PART	PTKNEG								
14020017	24	und	CCONJ	KON								
14020017	25	Erschrecket	NOUN	NN					S		Nom	N
14020017	26	nicht	PART	PTKNEG								
14020017	27	morgen	ADV	ADV								
14020017	28	ziehet	VERB	VVFIN		Fin	Pres	3	S	Ind		
14020017	29	ihnen	PRON	PPER				3	P		Dat	
14020017	30	entgegen	ADP	PTKVZ								
14020017	31	und	CCONJ	KON								
14020017	32	Jahwe	NOUN	NN					S		Nom	M
14020017	33	werden	AUX	VAFIN		Fin	Pres	3	S	Ind		
14020017	34	mit	ADP	APPR								
14020017	35	euch	PRON	PPER				2	P		Dat	
14020017	36	sein	AUX	VAINF		Inf						
14020018	1	da	SCONJ	KOUS								
14020018	2	neigen	VERB	VVFIN		Fin	Past	3	S	Ind		
14020018	3	sich	PRON	PRF				3	S		Acc	
14020018	4	Josaphat	PROPN	NE								
14020018	5	mit	ADP	APPR								
14020018	6	der	DET	ART					S		Dat	M
14020018	7	Antlitz	NOUN	NN					S		Nom	N
14020018	8	zu	ADP	APPRART					S		Dat	F
14020018	9	Erde	NOUN	NN					S		Nom	F
14020018	10	und	CCONJ	KON								
14020018	11	ganz	ADV	ADV								
14020018	12	Juda	PROPN	NE					S		Nom	M
14020018	13	und	CCONJ	KON								
14020018	14	der	DET	ART					S		Nom	F
14020018	15	Bewohner	NOUN	NN					P		Nom	M
14020018	16	von	ADP	APPR								
14020018	17	Jerusalem	PROPN	NE					S		Nom	N
14020018	18	fallen	VERB	VVFIN		Fin	Past	3	P	Ind		
14020018	19	nieder	ADV	PTKVZ								
14020018	20	vor	ADP	APPR								
14020018	21	Jahwe	NOUN	NN					S		Nom	M
14020018	22	um	ADP	APPR								
14020018	23	Jahwe	NOUN	NN					S		Nom	M
14020018	24	anzubeten	VERB	VVIZU		Inf						
14020019	1	und	CCONJ	KON								
14020019	2	der	DET	ART					S		Nom	F
14020019	3	Levit	NOUN	NN					P		Nom	M
14020019	4	von	ADP	APPR								
14020019	5	der	DET	ART					S		Acc	M
14020019	6	Söhn	NOUN	NN					P		Dat	M
14020019	7	der	DET	ART					S		Nom	M
14020019	8	Kehathiter	NOUN	NN					P		Nom	M
14020019	9	und	CCONJ	KON								
14020019	10	von	ADP	APPR								
14020019	11	der	DET	ART					S		Acc	M
14020019	12	Söhn	NOUN	NN					P		Dat	M
14020019	13	der	DET	ART					S		Nom	M
14020019	14	Korhiter	NOUN	NN					S		Nom	M
14020019	15	stehen	VERB	VVFIN		Fin	Past	3	P	Ind		
14020019	16	auf	ADP	PTKVZ								
14020019	17	um	ADP	APPR								
14020019	18	Jahwe	NOUN	NN					S		Nom	M
14020019	19	der	DET	ART					S		Acc	M
14020019	20	Gott	NOUN	NN					S		Nom	M
14020019	21	Israel	PROPN	NE					S		Gen	N
14020019	22	zu	ADP	PTKVZ								
14020019	23	loben	VERB	VVINF		Inf						
14020019	24	mit	ADP	APPR								
14020019	25	überaus	ADV	ADV								
14020019	26	laut	ADV	PIAT	Cmp							
14020019	27	Stimme	NOUN	NN					S		Nom	F
14020020	1	und	CCONJ	KON								
14020020	2	sie	PRON	PPER				3	P		Nom	
14020020	3	machen	VERB	VVFIN		Fin	Past	3	P	Ind		
14020020	4	sich	PRON	PRF				3	S		Acc	
14020020	5	der	DET	ART					S		Gen	M
14020020	6	morgens	ADV	ADV								
14020020	7	früh	ADV	ADJD	Pos							
14020020	8	auf	ADP	PTKVZ								
14020020	9	und	CCONJ	KON								
14020020	10	ziehen	VERB	VVFIN		Fin	Past	3	P	Ind		
14020020	11	aus	ADP	PTKVZ								
14020020	12	nach	ADP	APPR								
14020020	13	der	DET	ART					S		Nom	M
14020020	14	Wüste	NOUN	NN					S		Nom	F
14020020	15	Tekoa	PROPN	NE					S		Nom	F
14020020	16	und	CCONJ	KON								
14020020	17	bei	ADP	APPR								
14020020	18	ihr	DET	PPOSAT					S		Dat	N
14020020	19	Auszug	NOUN	NN					P		Nom	M
14020020	20	treten	VERB	VVFIN		Fin	Past	3	S	Ind		
14020020	21	Josaphat	PROPN	NE								
14020020	22	hin	ADV	ADV								
14020020	23	und	CCONJ	KON								
14020020	24	sprechen	VERB	VVFIN		Fin	Past	3	S	Ind		
14020020	25	höret	NOUN	NN					S		Nom	N
14020020	26	mich	PRON	PPER				1	S		Acc	
14020020	27	Juda	PROPN	NE					S		Nom	M
14020020	28	und	CCONJ	KON								
14020020	29	ihr	PRON	PPOSAT				3	S		Dat	F
14020020	30	Bewohner	NOUN	NN					P		Nom	M
14020020	31	von	ADP	APPR								
14020020	32	Jerusalem	PROPN	NE					S		Nom	N
14020020	33	Glaubet	PROPN	NE					S		Nom	
14020020	34	an	ADP	PTKVZ								
14020020	35	Jahwe	NOUN	NN					S		Nom	M
14020020	36	euren	DET	PPOSAT					S		Acc	M
14020020	37	Gott	NOUN	NN					S		Nom	M
14020020	38	und	CCONJ	KON								
14020020	39	ihr	PRON	PPOSAT				3	S		Dat	F
14020020	40	werden	AUX	VAFIN		Fin	Pres	3	S	Ind		
14020020	41	befestigen	VERB	VVPP		Part						
14020020	42	werden	AUX	VAFIN		Fin	Pres	3	P	Ind		
14020020	43	Glaubet	VERB	VVIMP				2	P	Imp		
14020020	44	sein	DET	PPOSAT					S		Acc	M
14020020	45	Prophet	NOUN	NN					P		Nom	M
14020020	46	und	CCONJ	KON								
14020020	47	es	PRON	PPER				3	S		Nom	N
14020020	48	werden	AUX	VAFIN		Fin	Pres	3	S	Ind		
14020020	49	euch	PRON	PPER				2	P		Dat	
14020020	50	gelingen	VERB	VVINF		Inf						
14020021	1	und	CCONJ	KON								
14020021	2	er	PRON	PPER				3	S		Nom	M
14020021	3	beraten	VERB	VVFIN		Fin	Past	3	S	Ind		
14020021	4	sich	PRON	PRF				3	S		Acc	
14020021	5	mit	ADP	APPR								
14020021	6	der	DET	ART					S		Dat	M
14020021	7	Volke	NOUN	NN					S		Nom	M
14020021	8	und	CCONJ	KON								
14020021	9	bestellen	VERB	VVFIN		Fin	Past	3	S	Ind		
14020021	10	Sänger	NOUN	NN					P		Nom	M
14020021	11	für	ADP	APPR								
14020021	12	Jahwe	NOUN	NN					S		Nom	M
14020021	13	welcher	DET	PWAT					S		Nom	F
14020021	14	Lobsang	NOUN	NN					P		Nom	F
14020021	15	in	ADP	APPR								
14020021	16	heilig	ADJ	ADJA	Pos				S		Dat	M
14020021	17	Schmuck	NOUN	NN					S		Nom	M
14020021	18	indem	SCONJ	KOUS								
14020021	19	sie	PRON	PPER				3	P		Nom	
14020021	20	vor	ADP	APPR								
14020021	21	der	DET	ART					S		Acc	M
14020021	22	Gerüstet	NOUN	NN					P		Nom	F
14020021	23	her	ADV	ADV								
14020021	24	auszogen	VERB	VVPP		Fin	Past	3	P	Ind		
14020021	25	und	CCONJ	KON								
14020021	26	sprechen	VERB	VVFIN		Fin	Past	3	P	Ind		
14020021	27	Preiset	PROPN	NE					S		Nom	F
14020021	28	Jahwe	NOUN	NN					S		Nom	M
14020021	29	denn	CCONJ	KON								
14020021	30	sein	DET	PPOSAT					S		Nom	F
14020021	31	Güte	NOUN	NN					S		Nom	F
14020021	32	währen	VERB	VVFIN		Fin	Pres	3	S	Ind		
14020021	33	ewiglich	ADV	ADJD	Pos							
14020022	1	und	CCONJ	KON								
14020022	2	zu	ADP	APPRART					S		Dat	F
14020022	3	Zeit	NOUN	NN					S		Nom	F
14020022	4	als	ADP	KOKOM								
14020022	5	sie	PRON	PPER				3	P		Nom	
14020022	6	beginnen	VERB	VVFIN		Fin	Past	3	P	Ind		
14020022	7	mit	ADP	APPR								
14020022	8	Jubel	NOUN	NN					S		Nom	M
14020022	9	und	CCONJ	KON								
14020022	10	Lobgesang	NOUN	NN					S		Nom	M
14020022	11	stellen	VERB	VVFIN		Fin	Past	3	S	Ind		
14020022	12	Jahwe	NOUN	NN					S		Nom	M
14020022	13	ein	DET	ART					S		Acc	M
14020022	14	Hinterhalt	NOUN	NN					S		Nom	M
14020022	15	wider	ADP	PTKVZ								
14020022	16	der	DET	ART					S		Nom	F
14020022	17	Kind	NOUN	NN					P		Nom	N
14020022	18	Ammon	PROPN	NE					S		Nom	
14020022	19	Moab	PROPN	NE					S		Nom	
14020022	20	und	CCONJ	KON								
14020022	21	der	DET	ART					S		Nom	F
14020022	22	von	ADP	APPRART					S		Dat	N
14020022	23	Gebirge	NOUN	NN					S		Nom	N
14020022	24	Seir	PROPN	NE					S		Nom	
14020022	25	welcher	DET	PWAT					S		Nom	F
14020022	26	wider	ADP	PTKVZ								
14020022	27	Juda	PROPN	NE					S		Nom	M
14020022	28	kommen	VERB	VVPP		Part						
14020022	29	sein	AUX	VAFIN		Fin	Past	3	P	Ind		
14020022	30	und	CCONJ	KON								
14020022	31	sie	PRON	PPER				3	P		Nom	
14020022	32	werden	AUX	VAFIN		Fin	Past	3	P	Ind		
14020022	33	schlagen	VERB	VVPP		Part						
14020023	1	und	CCONJ	KON								
14020023	2	der	DET	ART					S		Nom	F
14020023	3	Kind	NOUN	NN					P		Nom	N
14020023	4	Ammon	PROPN	NE					S		Nom	
14020023	5	und	CCONJ	KON								
14020023	6	Moab	PROPN	NE					S		Nom	
14020023	7	stehen	VERB	VVFIN		Fin	Past	3	P	Ind		
14020023	8	auf	ADP	PTKVZ								
14020023	9	wider	ADP	PTKVZ								
14020023	10	der	DET	ART					S		Nom	F
14020023	11	Bewohner	NOUN	NN					P		Nom	M
14020023	12	der	DET	ART					S		Gen	M
14020023	13	Gebirge	PROPN	NE					S		Gen	M
14020023	14	Seir	PROPN	NE					S		Nom	
14020023	15	um	ADP	APPR								
14020023	16	sie	PRON	PPER				3	P		Nom	
14020023	17	zu	ADP	PTKVZ								
14020023	18	vernichten	VERB	VVINF		Inf						
14020023	19	und	CCONJ	KON								
14020023	20	zu	ADP	PTKVZ								
14020023	21	vertilgen	VERB	VVINF		Inf						
14020023	22	und	CCONJ	KON								
14020023	23	als	ADP	KOKOM								
14020023	24	sie	PRON	PPER				3	P		Nom	
14020023	25	mit	ADP	APPR								
14020023	26	der	DET	ART					S		Acc	M
14020023	27	Bewohner	NOUN	NN					P		Dat	M
14020023	28	von	ADP	APPR								
14020023	29	Seir	PROPN	NE					S		Nom	
14020023	30	fertig	ADV	ADJD	Pos							
14020023	31	sein	AUX	VAFIN		Fin	Past	3	P	Ind		
14020023	32	helfen	VERB	VVFIN		Fin	Past	3	S	Ind		
14020023	33	ein	PRON	ART					S		Nom	M
14020023	34	der	DET	ART					S		Acc	M
14020023	35	anderer	PRON	PIS					P		Dat	
14020023	36	verderben	VERB	VVINF		Inf						
14020024	1	und	CCONJ	KON								
14020024	2	Juda	PROPN	NE					S		Nom	M
14020024	3	kommen	VERB	VVFIN		Fin	Past	3	S	Ind		
14020024	4	auf	ADP	PTKVZ								
14020024	5	der	DET	ART					S		Nom	F
14020024	6	Bergwart	NOUN	NN					P		Nom	M
14020024	7	gegen	ADP	APPR								
14020024	8	der	DET	ART					S		Nom	F
14020024	9	Wüste	NOUN	NN					S		Nom	F
14020024	10	hin	ADV	ADV								
14020024	11	und	CCONJ	KON								
14020024	12	sie	PRON	PPER				3	P		Nom	
14020024	13	sehen	VERB	VVFIN		Fin	Past	3	P	Ind		
14020024	14	sich	PRON	PRF				3	S		Acc	
14020024	15	um	ADP	APPR								
14020024	16	nach	ADP	APPR								
14020024	17	der	DET	ART					S		Nom	M
14020024	18	Menge	NOUN	NN					S		Nom	F
14020024	19	und	CCONJ	KON								
14020024	20	sehen	VERB	VVIMP				2	S	Imp		
14020024	21	da	ADV	ADV								
14020024	22	sein	AUX	VAFIN		Fin	Past	3	P	Ind		
14020024	23	es	PRON	PPER				3	S		Nom	N
14020024	24	Leichname	PROPN	NE					S		Nom	
14020024	25	der	DET	ART					S		Nom	F
14020024	26	auf	ADP	PTKVZ								
14020024	27	der	DET	ART					S		Nom	M
14020024	28	Erde	NOUN	NN					S		Nom	F
14020024	29	liegen	VERB	VVFIN		Fin	Past	3	P	Ind		
14020024	30	und	CCONJ	KON								
14020024	31	niemand	PRON	PIS					S		Nom	M
14020024	32	sein	AUX	VAFIN		Fin	Past	3	S	Ind		
14020024	33	entronnen	VERB	VVPP		Part						
14020025	1	da	SCONJ	KOUS								
14020025	2	kommen	VERB	VVFIN		Fin	Past	3	S	Ind		
14020025	3	Josaphat	PROPN	NE								
14020025	4	und	CCONJ	KON								
14020025	5	sein	AUX	VAINF		Inf						
14020025	6	Volk	NOUN	NN					S		Nom	N
14020025	7	um	ADP	APPR								
14020025	8	ihr	DET	PPOSAT					S		Nom	F
14020025	9	Beute	NOUN	NN					S		Nom	F
14020025	10	zu	ADP	PTKVZ								
14020025	11	rauben	VERB	VVINF		Fin	Pres	3	P	Ind		
14020025	12	und	CCONJ	KON								
14020025	13	sie	PRON	PPER				3	P		Nom	
14020025	14	finden	VERB	VVFIN		Fin	Past	3	P	Ind		
14020025	15	unter	ADP	APPR								
14020025	16	ihnen	PRON	PPER				3	P		Dat	
14020025	17	sowohl	CCONJ	KON								
14020025	18	Habe	AUX	VAFIN		Fin	Pres	3	S	Sub		
14020025	19	als	ADP	KOKOM								
14020025	20	Leichname	PROPN	NE					S		Nom	
14020025	21	und	CCONJ	KON								
14020025	22	kostbar	ADJ	ADJA	Pos				S		Nom	F
14020025	23	Gerät	NOUN	NN					P		Nom	N
14020025	24	in	ADP	APPR								
14020025	25	Menge	NOUN	NN					S		Nom	F
14020025	26	und	CCONJ	KON								
14020025	27	sie	PRON	PPER				3	P		Nom	
14020025	28	plündern	VERB	VVFIN		Fin	Past	3	P	Ind		
14020025	29	für	ADP	APPR								
14020025	30	sich	PRON	PRF				3	S		Acc	
14020025	31	bis	CCONJ	KON								
14020025	32	es	PRON	PPER				3	S		Nom	N
14020025	33	nicht	PART	PTKNEG								
14020025	34	mehr	ADV	ADV								
14020025	35	zu	ADP	PTKVZ								
14020025	36	tragen	VERB	VVINF		Inf						
14020025	37	sein	AUX	VAFIN		Fin	Past	3	S	Ind		
14020025	38	und	CCONJ	KON								
14020025	39	drei	NUM	CARD								
14020025	40	Tag	NOUN	NN					P		Nom	M
14020025	41	lang	ADV	ADJD	Pos							
14020025	42	raubn	VERB	VVFIN		Fin	Past	3	P	Ind		
14020025	43	sie	PRON	PPER				3	P		Nom	
14020025	44	der	DET	ART					S		Nom	F
14020025	45	Beute	NOUN	NN					S		Nom	F
14020025	46	denn	CCONJ	KON								
14020025	47	sie	PRON	PPER				3	P		Nom	
14020025	48	sein	AUX	VAFIN		Fin	Past	3	S	Ind		
14020025	49	groß	ADV	ADJD	Pos							
14020026	1	und	CCONJ	KON								
14020026	2	an	ADP	APPRART					S		Dat	M
14020026	3	vierter	ADJ	ADJA	Pos				S		Acc	M
14020026	4	Tag	NOUN	NN					P		Nom	M
14020026	5	versammeln	VERB	ADJA		Fin	Past	3	P	Ind		
14020026	6	sie	PRON	PPER				3	P		Nom	
14020026	7	sich	PRON	PRF				3	S		Acc	
14020026	8	in	ADP	APPRART					S		Dat	N
14020026	9	Tal	PROPN	NN					S		Nom	
14020026	10	Beraka	PROPN	NE					S		Nom	N
14020026	11	denn	CCONJ	KON								
14020026	12	daselbst	ADV	PROAV								
14020026	13	Priese	VERB	NN		Fin	Past	3	P	Ind		
14020026	14	sie	PRON	PPER				3	P		Nom	
14020026	15	Jahwe	NOUN	NN					S		Nom	M
14020026	16	daher	ADV	PROAV								
14020026	17	geben	VERB	VVFIN		Fin	Past	3	S	Ind		
14020026	18	man	PRON	PIS					S		Nom	
14020026	19	jener	DET	PDAT					S		Dat	N
14020026	20	Ort	NOUN	NN					P		Nom	M
14020026	21	der	DET	ART					S		Acc	M
14020026	22	Name	NOUN	NN					P		Nom	M
14020026	23	Tal	NOUN	NN					S		Nom	N
14020026	24	Beraka	PROPN	NE					S		Nom	N
14020026	25	bis	CCONJ	KON								
14020026	26	auf	ADP	PTKVZ								
14020026	27	dieser	DET	PDAT					S		Acc	M
14020026	28	Tag	NOUN	NN					S		Nom	M
14020027	1	und	CCONJ	KON								
14020027	2	aller	PRON	PIS					P		Nom	
14020027	3	Mann	NOUN	NN					P		Nom	M
14020027	4	von	ADP	APPR								
14020027	5	Juda	PROPN	NE					S		Nom	M
14020027	6	und	CCONJ	KON								
14020027	7	Jerusalem	PROPN	NE					S		Nom	N
14020027	8	kehren	VERB	VVFIN		Fin	Past	3	P	Ind		
14020027	9	um	ADP	APPR								
14020027	10	mit	ADP	APPR								
14020027	11	Josaphat	PROPN	NE								
14020027	12	an	ADP	PTKVZ								
14020027	13	ihr	DET	PPOSAT					S		Dat	F
14020027	14	Spitze	NOUN	NN					S		Nom	F
14020027	15	um	ADP	APPR								
14020027	16	nach	ADP	APPR								
14020027	17	Jerusalem	PROPN	NE					S		Nom	N
14020027	18	zurückkehren	VERB	VVIZU		Inf						
14020027	19	mit	ADP	APPR								
14020027	20	Freude	NOUN	NN					S		Nom	F
14020027	21	denn	CCONJ	KON								
14020027	22	Jahwe	NOUN	NN					S		Nom	M
14020027	23	haben	AUX	VAFIN		Fin	Past	3	S	Ind		
14020027	24	ihnen	PRON	PPER				3	P		Dat	
14020027	25	Freude	NOUN	NN					S		Nom	F
14020027	26	an	ADP	PTKVZ								
14020027	27	ihr	DET	PPOSAT					S		Acc	M
14020027	28	Feind	NOUN	NN					P		Dat	M
14020027	29	geben	VERB	VVPP		Part						
14020028	1	und	CCONJ	KON								
14020028	2	sie	PRON	PPER				3	P		Nom	
14020028	3	kommen	VERB	VVFIN		Fin	Past	3	P	Ind		
14020028	4	nach	ADP	APPR								
14020028	5	Jerusalem	PROPN	NE					S		Nom	N
14020028	6	zu	ADP	APPRART					S		Dat	N
14020028	7	Haus	NOUN	NN					P		Nom	N
14020028	8	Jahwe	PROPN	NE					S		Gen	
14020028	9	mit	ADP	APPR								
14020028	10	Harfe	NOUN	NN					P		Nom	F
14020028	11	und	CCONJ	KON								
14020028	12	mit	ADP	APPR								
14020028	13	Laut	NOUN	NN					S		Nom	N
14020028	14	und	CCONJ	KON								
14020028	15	mit	ADP	APPR								
14020028	16	Trompet	NOUN	NN					P		Nom	F
14020029	1	und	CCONJ	KON								
14020029	2	der	DET	ART					S		Nom	M
14020029	3	Schrecken	NOUN	NN					S		Nom	M
14020029	4	Gott	NOUN	NN					S		Gen	M
14020029	5	fallen	VERB	VVFIN		Fin	Past	3	S	Ind		
14020029	6	auf	ADP	PTKVZ								
14020029	7	aller	PRON	PIS					P		Nom	
14020029	8	Königreich	NOUN	NN					P		Nom	N
14020029	9	der	DET	ART					S		Nom	M
14020029	10	Land	NOUN	NN					P		Nom	N
14020029	11	als	ADP	KOKOM								
14020029	12	sie	PRON	PPER				3	P		Nom	
14020029	13	hören	VERB	VVFIN		Fin	Past	3	P	Ind		
14020029	14	daß	SCONJ	KOUS								
14020029	15	Jahwe	NOUN	NN					S		Nom	M
14020029	16	mit	ADP	APPR								
14020029	17	der	DET	ART					S		Acc	M
14020029	18	Feind	NOUN	NN					P		Dat	M
14020029	19	Israel	PROPN	NE					S		Gen	N
14020029	20	streiten	VERB	VVPP		Part						
14020029	21	haben	AUX	VAFIN		Fin	Past	3	S	Ind		
14020030	1	und	CCONJ	KON								
14020030	2	der	DET	ART					S		Nom	N
14020030	3	Königreich	NOUN	NN					S		Nom	N
14020030	4	Josaphat	PROPN	NE					S		Gen	M
14020030	5	haben	AUX	VAFIN		Fin	Past	3	S	Ind		
14020030	6	Ruhe	NOUN	NN					S		Nom	F
14020030	7	und	CCONJ	KON								
14020030	8	sein	AUX	VAINF		Inf						
14020030	9	Gott	NOUN	NN					S		Nom	M
14020030	10	schaffen	VERB	VVFIN		Fin	Past	3	S	Ind		
14020030	11	ihm	PRON	PPER				3	S		Dat	M
14020030	12	Ruhe	NOUN	NN					S		Nom	F
14020030	13	ringsumher	X	FM								
14020031	1	und	CCONJ	KON								
14020031	2	so	ADV	ADV								
14020031	3	regieren	VERB	VVFIN		Fin	Past	3	S	Ind		
14020031	4	Josaphat	PROPN	NE								
14020031	5	über	ADP	APPR								
14020031	6	Juda	PROPN	NE					S		Nom	M
14020031	7	er	PRON	PPER				3	S		Nom	M
14020031	8	sein	AUX	VAFIN		Fin	Past	3	S	Ind		
14020031	9	35	NUM	CARD								
14020031	10	Jahr	NOUN	NN					P		Nom	N
14020031	11	alt	ADV	ADJD	Pos							
14020031	12	als	ADP	KOKOM								
14020031	13	er	PRON	PPER				3	S		Nom	M
14020031	14	König	NOUN	NN					S		Nom	M
14020031	15	werden	AUX	VAFIN		Fin	Past	3	S	Ind		
14020031	16	und	CCONJ	KON								
14020031	17	er	PRON	PPER				3	S		Nom	M
14020031	18	regieren	VERB	VVFIN		Fin	Past	3	S	Ind		
14020031	19	25	NUM	CARD								
14020031	20	Jahr	NOUN	NN					P		Nom	N
14020031	21	zu	ADP	PTKVZ								
14020031	22	Jerusalem	PROPN	NE					S		Nom	N
14020031	23	und	CCONJ	KON								
14020031	24	der	DET	ART					S		Nom	M
14020031	25	Name	NOUN	NN					S		Nom	M
14020031	26	sein	DET	PPOSAT					S		Dat	F
14020031	27	Mutter	NOUN	NN					S		Nom	F
14020031	28	sein	AUX	VAFIN		Fin	Past	3	S	Ind		
14020031	29	Asuba	PROPN	NE					S		Nom	N
14020031	30	der	DET	ART					S		Nom	F
14020031	31	Tochter	NOUN	NN					S		Nom	F
14020031	32	Schilchi	PROPN	NE					S		Nom	
14020032	1	und	CCONJ	KON								
14020032	2	er	PRON	PPER				3	S		Nom	M
14020032	3	wandeln	VERB	VVFIN		Fin	Past	3	S	Ind		
14020032	4	auf	ADP	PTKVZ								
14020032	5	der	DET	ART					S		Dat	M
14020032	6	Weg	NOUN	NN					P		Acc	M
14020032	7	sein	DET	PPOSAT					S		Gen	M
14020032	8	Vater	NOUN	NN					S		Gen	M
14020032	9	Asa	PROPN	NE					S		Nom	
14020032	10	und	CCONJ	KON								
14020032	11	wich	VERB	VVFIN		Fin	Past	3	S	Ind		
14020032	12	nicht	PART	PTKNEG								
14020032	13	davon	ADV	PROAV								
14020032	14	indem	SCONJ	KOUS								
14020032	15	er	PRON	PPER				3	S		Nom	M
14020032	16	tun	VERB	VVFIN		Fin	Past	3	S	Ind		
14020032	17	was	PRON	PWS					S		Nom	N
14020032	18	Recht	NOUN	NN					S		Acc	N
14020032	19	sein	AUX	VAFIN		Fin	Past	3	S	Ind		
14020032	20	in	ADP	APPR								
14020032	21	der	DET	ART					S		Acc	M
14020032	22	Auge	NOUN	NN					P		Nom	N
14020032	23	Jahwe	PROPN	NE					S		Gen	
14020033	1	nur	ADV	ADV								
14020033	2	der	DET	ART					S		Nom	F
14020033	3	Höhe	NOUN	NN					P		Nom	F
14020033	4	wichen	VERB	VVFIN		Fin	Past	3	P	Ind		
14020033	5	nicht	PART	PTKNEG								
14020033	6	und	CCONJ	KON								
14020033	7	der	DET	ART					S		Nom	N
14020033	8	Volk	NOUN	NN					S		Nom	N
14020033	9	haben	AUX	VAFIN		Fin	Past	3	S	Ind		
14020033	10	sein	AUX	VAINF		Inf						
14020033	11	Herz	NOUN	NN					S		Nom	N
14020033	12	noch	CCONJ	KON								
14020033	13	nicht	PART	PTKNEG								
14020033	14	auf	ADP	PTKVZ								
14020033	15	der	DET	ART					S		Acc	M
14020033	16	Gott	NOUN	NN					S		Nom	M
14020033	17	ihr	DET	PPOSAT					S		Dat	F
14020033	18	Vater	NOUN	NN					P		Nom	M
14020033	19	richten	VERB	VVPP		Part						
14020034	1	und	CCONJ	KON								
14020034	2	der	DET	ART					S		Nom	N
14020034	3	übrige	ADJ	ADJA	Pos				P		Nom	
14020034	4	der	DET	ART					S		Nom	M
14020034	5	Geschichte	NOUN	NN					S		Nom	F
14020034	6	Josaphat	PROPN	NE					S		Gen	M
14020034	7	der	DET	ART					S		Nom	F
14020034	8	erster	ADJ	ADJA	Pos				S		Nom	F
14020034	9	und	CCONJ	KON								
14020034	10	der	DET	ART					S		Nom	F
14020034	11	letzter	ADJ	ADJA	Pos				S		Nom	F
14020034	12	sehen	VERB	VVIMP				2	S	Imp		
14020034	13	sie	PRON	PPER				3	P		Nom	
14020034	14	sein	AUX	VAFIN		Fin	Pres	3	S	Ind		
14020034	15	schreiben	VERB	VVPP		Part						
14020034	16	in	ADP	APPR								
14020034	17	der	DET	ART					S		Nom	M
14020034	18	Geschichte	NOUN	NN					S		Nom	F
14020034	19	Jehu	PROPN	NE					S		Gen	M
14020034	20	der	DET	ART					S		Gen	M
14020034	21	Sohn	PROPN	NE					S		Gen	M
14020034	22	Hanani	PROPN	NE					S		Nom	
14020034	23	welcher	DET	PWAT					S		Nom	F
14020034	24	in	ADP	APPR								
14020034	25	der	DET	ART					S		Nom	N
14020034	26	Buch	NOUN	NN					S		Nom	N
14020034	27	der	DET	ART					S		Nom	M
14020034	28	König	NOUN	NN					P		Nom	M
14020034	29	von	ADP	APPR								
14020034	30	Israel	PROPN	NE					S		Nom	N
14020034	31	aufnehmen	VERB	VVPP		Part						
14020034	32	sein	AUX	VAFIN		Fin	Pres	3	S	Ind		
14020035	1	und	CCONJ	KON								
14020035	2	Hernach	ADV	PROAV								
14020035	3	verbinden	VERB	VVFIN		Fin	Past	3	S	Ind		
14020035	4	sich	PRON	PRF				3	S		Acc	
14020035	5	Josaphat	PROPN	NE								
14020035	6	der	DET	ART					S		Nom	M
14020035	7	König	NOUN	NN					S		Nom	M
14020035	8	von	ADP	APPR								
14020035	9	Juda	PROPN	NE					S		Nom	M
14020035	10	mit	ADP	APPR								
14020035	11	Ahasja	PROPN	NE					S		Nom	
14020035	12	der	DET	ART					S		Dat	M
14020035	13	König	NOUN	NN					S		Nom	M
14020035	14	von	ADP	APPR								
14020035	15	Israel	PROPN	NE					S		Nom	N
14020035	16	dieser	PRON	PDAT					S		Nom	M
14020035	17	handeln	VERB	VVFIN		Fin	Past	3	S	Ind		
14020035	18	gesetzlos	ADV	ADJD	Pos							
14020036	1	und	CCONJ	KON								
14020036	2	er	PRON	PPER				3	S		Nom	M
14020036	3	verbinden	VERB	VVFIN		Fin	Past	3	S	Ind		
14020036	4	sich	PRON	PRF				3	S		Acc	
14020036	5	mit	ADP	APPR								
14020036	6	ihm	PRON	PPER				3	S		Dat	M
14020036	7	Schiff	NOUN	NN					P		Nom	N
14020036	8	zu	ADP	PTKVZ								
14020036	9	bauen	VERB	VVINF		Inf						
14020036	10	um	ADP	APPR								
14020036	11	nach	ADP	APPR								
14020036	12	Tarsis	NOUN	NN					S		Nom	F
14020036	13	zu	ADP	PTKVZ								
14020036	14	fahren	VERB	VVINF		Fin	Pres	3	P	Ind		
14020036	15	und	CCONJ	KON								
14020036	16	sie	PRON	PPER				3	P		Nom	
14020036	17	bauen	VERB	VVFIN		Fin	Past	3	P	Ind		
14020036	18	Schiff	NOUN	NN					P		Nom	N
14020036	19	zu	ADP	PTKVZ								
14020036	20	Ezjon-Geber	NOUN	NN					S		Nom	N
14020037	1	und	CCONJ	KON								
14020037	2	Elieser	PROPN	NE					S		Nom	
14020037	3	der	DET	ART					S		Nom	M
14020037	4	Sohn	NOUN	NN					S		Nom	M
14020037	5	Dodawa	PROPN	NE					S		Gen	
14020037	6	von	ADP	APPR								
14020037	7	Marescha	PROPN	NE					S		Nom	
14020037	8	weissagen	VERB	VVFIN		Fin	Past	3	S	Ind		
14020037	9	wider	ADP	PTKVZ								
14020037	10	Josaphat	PROPN	NE								
14020037	11	und	CCONJ	KON								
14020037	12	sprechen	VERB	VVFIN		Fin	Past	3	S	Ind		
14020037	13	weil	SCONJ	KOUS								
14020037	14	du	PRON	PPER				2	S		Nom	
14020037	15	dich	PRON	PPER				2	S		Acc	
14020037	16	mit	ADP	APPR								
14020037	17	Ahasja	PROPN	NE					S		Nom	
14020037	18	verbinden	VERB	VVPP		Part						
14020037	19	haben	AUX	VAFIN		Fin	Pres	2	S	Ind		
14020037	20	haben	AUX	VAFIN		Fin	Pres	3	S	Ind		
14020037	21	Jahwe	NOUN	NN					S		Nom	M
14020037	22	dein	DET	PPER					S		Nom	N
14020037	23	Werk	NOUN	NN					S		Nom	N
14020037	24	zerstören	VERB	VVPP		Part						
14020037	25	und	CCONJ	KON								
14020037	26	der	DET	ART					S		Nom	F
14020037	27	Schiff	NOUN	NN					P		Nom	N
14020037	28	werden	AUX	VAFIN		Fin	Past	3	P	Ind		
14020037	29	zertrümmeren	VERB	VVPP		Part						
14020037	30	und	CCONJ	KON								
14020037	31	vermochten	VERB	VVFIN		Fin	Past	3	P	Ind		
14020037	32	nicht	PART	PTKNEG								
14020037	33	nach	ADP	APPR								
14020037	34	Tarsis	NOUN	NN					S		Nom	F
14020037	35	zu	ADP	PTKVZ								
14020037	36	fahren	VERB	VVINF		Fin	Pres	3	P	Ind		
14021001	1	und	CCONJ	KON								
14021001	2	Josaphat	PROPN	NE								
14021001	3	legen	VERB	VVFIN		Fin	Past	3	S	Ind		
14021001	4	sich	PRON	PRF				3	S		Acc	
14021001	5	zu	ADP	PTKVZ								
14021001	6	sein	DET	PPOSAT					S		Acc	M
14021001	7	Vätern	NOUN	NN					P		Dat	M
14021001	8	und	CCONJ	KON								
14021001	9	er	PRON	PPER				3	S		Nom	M
14021001	10	werden	AUX	VAFIN		Fin	Past	3	S	Ind		
14021001	11	bei	ADP	APPR								
14021001	12	sein	DET	PPOSAT					S		Acc	M
14021001	13	Vätern	NOUN	NN					P		Dat	M
14021001	14	begraben	VERB	VVPP		Part						
14021001	15	in	ADP	APPR								
14021001	16	der	DET	ART					S		Nom	M
14021001	17	Stadt	NOUN	NN					S		Nom	F
14021001	18	David	PROPN	NE					S		Gen	M
14021001	19	und	CCONJ	KON								
14021001	20	Joram	PROPN	NE					S		Nom	M
14021001	21	sein	AUX	VAINF		Inf						
14021001	22	Sohn	NOUN	NN					S		Nom	M
14021001	23	werden	VERB	VAFIN		Fin	Past	3	S	Ind		
14021001	24	König	NOUN	NN					S		Nom	M
14021001	25	an	ADP	PTKVZ								
14021001	26	sein	DET	PPOSAT					S		Dat	F
14021001	27	statt	SCONJ	KOUI								
14021002	1	und	CCONJ	KON								
14021002	2	er	PRON	PPER				3	S		Nom	M
14021002	3	haben	AUX	VAFIN		Fin	Past	3	S	Ind		
14021002	4	Bruder	NOUN	NN					P		Nom	M
14021002	5	Sohn	NOUN	NN					P		Nom	M
14021002	6	Josaphat	PROPN	NE					S		Gen	M
14021002	7	Asarja	PROPN	NE					S		Nom	
14021002	8	und	CCONJ	KON								
14021002	9	Jechiel	NOUN	NN					S		Nom	N
14021002	10	und	CCONJ	KON								
14021002	11	Sekarja	PROPN	NN					S		Nom	
14021002	12	und	CCONJ	KON								
14021002	13	Asarja	PROPN	NE					S		Nom	
14021002	14	und	CCONJ	KON								
14021002	15	Michael	PROPN	NE					S		Nom	M
14021002	16	und	CCONJ	KON								
14021002	17	Schephatja	PROPN	NE					S		Nom	
14021002	18	aller	PRON	PIS					P		Nom	
14021002	19	dieser	DET	PDAT					S		Nom	F
14021002	20	sein	AUX	VAFIN		Fin	Past	3	P	Ind		
14021002	21	Sohn	NOUN	NN					P		Nom	M
14021002	22	Josaphat	PROPN	NE					S		Gen	M
14021002	23	der	DET	ART					S		Gen	M
14021002	24	König	PROPN	NE					S		Nom	
14021002	25	von	ADP	APPR								
14021002	26	Israel	PROPN	NE					S		Nom	N
14021003	1	und	CCONJ	KON								
14021003	2	ihr	PRON	PPOSAT				3	S		Dat	F
14021003	3	Vater	NOUN	NN					S		Nom	M
14021003	4	geben	VERB	VVFIN		Fin	Past	3	S	Ind		
14021003	5	ihnen	PRON	PPER				3	P		Dat	
14021003	6	vieler	PRON	PIS					P		Nom	
14021003	7	Geschenk	NOUN	NN					P		Nom	N
14021003	8	an	ADP	PTKVZ								
14021003	9	Silber	NOUN	NN					S		Nom	N
14021003	10	und	CCONJ	KON								
14021003	11	an	ADP	PTKVZ								
14021003	12	Gold	NOUN	NN					S		Nom	N
14021003	13	und	CCONJ	KON								
14021003	14	an	ADP	PTKVZ								
14021003	15	Kostbarkeit	NOUN	NN					P		Nom	F
14021003	16	nebst	ADP	APPR								
14021003	17	fest	ADJ	ADJA	Pos				S		Acc	M
14021003	18	Stadt	NOUN	NN					P		Nom	F
14021003	19	in	ADP	APPR								
14021003	20	Juda	PROPN	NE					S		Nom	M
14021003	21	aber	CCONJ	KON								
14021003	22	der	DET	ART					S		Nom	N
14021003	23	Königreich	NOUN	NN					S		Nom	N
14021003	24	geben	VERB	VVFIN		Fin	Past	3	S	Ind		
14021003	25	er	PRON	PPER				3	S		Nom	M
14021003	26	Joram	PROPN	NE					S		Nom	M
14021003	27	denn	CCONJ	KON								
14021003	28	er	PRON	PPER				3	S		Nom	M
14021003	29	sein	AUX	VAFIN		Fin	Past	3	S	Ind		
14021003	30	der	DET	ART					S		Nom	M
14021003	31	Erstgeborene	NOUN	NN					S		Nom	F
14021004	1	und	CCONJ	KON								
14021004	2	als	ADP	KOKOM								
14021004	3	Joram	PROPN	NE					S		Nom	M
14021004	4	über	ADP	APPR								
14021004	5	der	DET	ART					S		Nom	N
14021004	6	Königreich	NOUN	NN					S		Nom	N
14021004	7	sein	DET	PPOSAT					S		Gen	M
14021004	8	Vater	NOUN	NN					S		Gen	M
14021004	9	aufstehen	VERB	VVPP		Part						
14021004	10	und	CCONJ	KON								
14021004	11	erstarkt	ADV	ADJD	Pos							
14021004	12	sein	AUX	VAFIN		Fin	Past	3	S	Ind		
14021004	13	da	ADV	ADV								
14021004	14	töten	VERB	VVFIN		Fin	Past	3	S	Ind		
14021004	15	er	PRON	PPER				3	S		Nom	M
14021004	16	aller	PRON	PIS					P		Nom	
14021004	17	sein	DET	PPOSAT					S		Nom	F
14021004	18	Bruder	NOUN	NN					P		Nom	M
14021004	19	und	CCONJ	KON								
14021004	20	auch	ADV	ADV								
14021004	21	einiger	PRON	PIS					P		Nom	
14021004	22	oberer	ADJ	ADJA	Sup				S		Nom	F
14021004	23	von	ADP	APPR								
14021004	24	Israel	PROPN	NE					S		Nom	N
14021004	25	mit	ADP	APPR								
14021004	26	der	DET	ART					S		Dat	M
14021004	27	schwerte	NOUN	NN					P		Nom	
14021005	1	Zweiunddreißig	PROPN	NE					S		Nom	M
14021005	2	Jahr	NOUN	NN					P		Nom	N
14021005	3	sein	AUX	VAFIN		Fin	Past	3	S	Ind		
14021005	4	Joram	PROPN	NE					S		Nom	M
14021005	5	alt	ADV	ADJD	Pos							
14021005	6	als	ADP	KOKOM								
14021005	7	er	PRON	PPER				3	S		Nom	M
14021005	8	König	NOUN	NN					S		Nom	M
14021005	9	werden	AUX	VAFIN		Fin	Past	3	S	Ind		
14021005	10	und	CCONJ	KON								
14021005	11	er	PRON	PPER				3	S		Nom	M
14021005	12	regieren	VERB	VVFIN		Fin	Past	3	S	Ind		
14021005	13	acht	NUM	CARD								
14021005	14	Jahr	NOUN	NN					P		Nom	N
14021005	15	zu	ADP	PTKVZ								
14021005	16	Jerusalem	PROPN	NE					S		Nom	N
14021006	1	und	CCONJ	KON								
14021006	2	er	PRON	PPER				3	S		Nom	M
14021006	3	wandeln	VERB	VVFIN		Fin	Past	3	S	Ind		
14021006	4	auf	ADP	PTKVZ								
14021006	5	der	DET	ART					S		Dat	M
14021006	6	Weg	NOUN	NN					P		Acc	M
14021006	7	der	DET	ART					S		Nom	M
14021006	8	König	NOUN	NN					P		Nom	M
14021006	9	von	ADP	APPR								
14021006	10	Israel	PROPN	NE					S		Nom	N
14021006	11	wie	ADP	KOKOM								
14021006	12	der	DET	ART					S		Nom	N
14021006	13	Haus	NOUN	NN					S		Nom	N
14021006	14	Ahab	PROPN	NE					S		Gen	M
14021006	15	tun	VERB	VVPP		Part						
14021006	16	haben	AUX	VAFIN		Fin	Past	3	S	Ind		
14021006	17	denn	CCONJ	KON								
14021006	18	er	PRON	PPER				3	S		Nom	M
14021006	19	haben	AUX	VAFIN		Fin	Past	3	S	Ind		
14021006	20	ein	DET	ART					S		Nom	F
14021006	21	Tochter	NOUN	NN					S		Nom	F
14021006	22	Ahab	PROPN	NE					S		Gen	M
14021006	23	zu	ADP	APPRART					S		Dat	N
14021006	24	Weibe	NOUN	NN					S		Nom	F
14021006	25	und	CCONJ	KON								
14021006	26	er	PRON	PPER				3	S		Nom	M
14021006	27	tun	VERB	VVFIN		Fin	Past	3	S	Ind		
14021006	28	was	PRON	PWS					S		Nom	N
14021006	29	böse	ADV	ADJD	Pos							
14021006	30	sein	AUX	VAFIN		Fin	Past	3	S	Ind		
14021006	31	in	ADP	APPR								
14021006	32	der	DET	ART					S		Acc	M
14021006	33	Auge	NOUN	NN					P		Nom	N
14021006	34	Jahwe	PROPN	NE					S		Gen	
14021007	1	aber	CCONJ	KON								
14021007	2	Jahwe	NOUN	NN					S		Nom	M
14021007	3	wollen	AUX	VMFIN		Fin	Past	3	S	Ind		
14021007	4	der	DET	ART					S		Nom	N
14021007	5	Haus	NOUN	NN					S		Nom	N
14021007	6	David	PROPN	NE					S		Gen	M
14021007	7	nicht	PART	PTKNEG								
14021007	8	verderben	VERB	VVINF		Inf						
14021007	9	um	ADP	APPR								
14021007	10	der	DET	ART					S		Gen	M
14021007	11	Bund	NOUN	NN					S		Gen	M
14021007	12	Wille	ADP	APZR								
14021007	13	der	DET	ART					S		Acc	M
14021007	14	er	PRON	PPER				3	S		Nom	M
14021007	15	mit	ADP	APPR								
14021007	16	David	PROPN	NE					S		Nom	M
14021007	17	machen	VERB	VVPP		Part						
14021007	18	und	CCONJ	KON								
14021007	19	so	ADV	ADV								
14021007	20	wie	ADP	KOKOM								
14021007	21	er	PRON	PPER				3	S		Nom	M
14021007	22	sagen	VERB	VVPP		Part						
14021007	23	haben	AUX	VAFIN		Fin	Past	3	S	Ind		
14021007	24	daß	SCONJ	KOUS								
14021007	25	er	PRON	PPER				3	S		Nom	M
14021007	26	ihm	PRON	PPER				3	S		Dat	M
14021007	27	und	CCONJ	KON								
14021007	28	sein	DET	PPOSAT					S		Acc	M
14021007	29	Söhn	NOUN	NN					P		Dat	M
14021007	30	ein	DET	ART					S		Nom	F
14021007	31	Leuchte	NOUN	NN					S		Nom	F
14021007	32	geben	VERB	VVINF		Inf						
14021007	33	wollen	AUX	VMFIN		Fin	Pres	3	S	Sub		
14021007	34	aller	PRON	PIS					P		Nom	
14021007	35	Tag	NOUN	NN					P		Nom	M
14021008	1	in	ADP	APPR								
14021008	2	sein	DET	PPOSAT					S		Acc	M
14021008	3	Tag	NOUN	NN					P		Dat	M
14021008	4	fallen	VERB	VVFIN		Fin	Past	3	P	Ind		
14021008	5	der	DET	ART					S		Nom	F
14021008	6	Edomiter	NOUN	NN					S		Nom	M
14021008	7	von	ADP	APPR								
14021008	8	der	DET	ART					S		Nom	M
14021008	9	Botmäßigkeit	NOUN	NN					S		Nom	F
14021008	10	Judas	PROPN	NE					S		Nom	M
14021008	11	ab	ADP	PTKVZ								
14021008	12	und	CCONJ	KON								
14021008	13	setzen	VERB	VVFIN		Fin	Past	3	P	Ind		
14021008	14	ein	DET	ART					S		Acc	M
14021008	15	König	NOUN	NN					S		Nom	M
14021008	16	über	ADP	APPR								
14021008	17	sich	PRON	PRF				3	S		Acc	
14021009	1	da	SCONJ	KOUS								
14021009	2	ziehen	VERB	VVFIN		Fin	Past	3	S	Ind		
14021009	3	Joram	PROPN	NE					S		Nom	M
14021009	4	Hinüber	ADV	PROAV								
14021009	5	mit	ADP	APPR								
14021009	6	sein	DET	PPOSAT					S		Acc	M
14021009	7	oberer	ADJ	ADJA	Sup				S		Dat	F
14021009	8	und	CCONJ	KON								
14021009	9	aller	PRON	PIS					P		Nom	
14021009	10	Wagen	NOUN	NN					S		Nom	M
14021009	11	mit	ADP	APPR								
14021009	12	ihm	PRON	PPER				3	S		Dat	M
14021009	13	und	CCONJ	KON								
14021009	14	es	PRON	PPER				3	S		Nom	N
14021009	15	geschehen	VERB	VVFIN		Fin	Past	3	S	Ind		
14021009	16	als	ADP	KOKOM								
14021009	17	er	PRON	PPER				3	S		Nom	M
14021009	18	sich	PRON	PRF				3	S		Acc	
14021009	19	der	DET	ART					S		Gen	M
14021009	20	Nacht	ADV	ADV								
14021009	21	aufmachen	VERB	VVFIN		Fin	Past	3	S	Ind		
14021009	22	da	ADV	ADV								
14021009	23	schlagen	VERB	VVFIN		Fin	Past	3	S	Ind		
14021009	24	er	PRON	PPER				3	S		Nom	M
14021009	25	der	DET	ART					S		Nom	F
14021009	26	Edomiter	NOUN	NN					S		Nom	M
14021009	27	welcher	DET	PWAT					S		Nom	F
14021009	28	ihn	PRON	PPER				3	S		Acc	M
14021009	29	und	CCONJ	KON								
14021009	30	der	DET	ART					S		Nom	F
14021009	31	oberer	ADJ	ADJA	Sup				S		Dat	F
14021009	32	der	DET	ART					S		Nom	M
14021009	33	Wagen	NOUN	NN					S		Nom	M
14021009	34	umringen	VERB	VVPP		Part						
14021009	35	haben	AUX	VAFIN		Fin	Past	3	P	Ind		
14021010	1	so	ADV	ADV								
14021010	2	fallen	VERB	VVFIN		Fin	Past	3	P	Ind		
14021010	3	der	DET	ART					S		Nom	F
14021010	4	Edomiter	NOUN	NN					S		Nom	M
14021010	5	von	ADP	APPR								
14021010	6	der	DET	ART					S		Nom	M
14021010	7	Botmäßigkeit	NOUN	NN					S		Nom	F
14021010	8	Judas	PROPN	NE					S		Nom	M
14021010	9	ab	ADP	PTKVZ								
14021010	10	bis	CCONJ	KON								
14021010	11	auf	ADP	PTKVZ								
14021010	12	dieser	DET	PDAT					S		Acc	M
14021010	13	Tag	NOUN	NN					S		Nom	M
14021010	14	damals	ADV	ADV								
14021010	15	zu	ADP	PTKVZ								
14021010	16	derselbe	PRON	PDS					P		Dat	
14021010	17	Zeit	NOUN	NN					S		Nom	F
14021010	18	fallen	VERB	VVFIN		Fin	Past	3	S	Ind		
14021010	19	auch	ADV	ADV								
14021010	20	Libna	NOUN	NN					S		Nom	F
14021010	21	von	ADP	APPR								
14021010	22	sein	DET	PPOSAT					S		Dat	F
14021010	23	Botmäßigkeit	NOUN	NN					S		Nom	F
14021010	24	ab	ADP	PTKVZ								
14021010	25	denn	CCONJ	KON								
14021010	26	er	PRON	PPER				3	S		Nom	M
14021010	27	haben	AUX	VAFIN		Fin	Past	3	S	Ind		
14021010	28	Jahwe	NOUN	NN					S		Nom	M
14021010	29	der	DET	ART					S		Acc	M
14021010	30	Gott	NOUN	NN					S		Nom	M
14021010	31	sein	DET	PPOSAT					S		Dat	F
14021010	32	Vater	NOUN	NN					P		Nom	M
14021010	33	verlassen	VERB	VVINF		Inf						
14021011	1	auch	ADV	ADV								
14021011	2	er	PRON	PPER				3	S		Nom	M
14021011	3	machen	VERB	VVFIN		Fin	Past	3	S	Ind		
14021011	4	Höhe	NOUN	NN					P		Nom	F
14021011	5	auf	ADP	PTKVZ								
14021011	6	der	DET	ART					S		Acc	M
14021011	7	Berg	NOUN	NN					P		Nom	M
14021011	8	Judas	PROPN	NE					S		Nom	M
14021011	9	und	CCONJ	KON								
14021011	10	er	PRON	PPER				3	S		Nom	M
14021011	11	verleiten	VERB	VVFIN		Fin	Past	3	S	Ind		
14021011	12	der	DET	ART					S		Nom	F
14021011	13	Bewohner	NOUN	NN					P		Nom	M
14021011	14	von	ADP	APPR								
14021011	15	Jerusalem	PROPN	NE					S		Nom	N
14021011	16	Hurerei	NOUN	NN					S		Nom	F
14021011	17	zu	ADP	PTKVZ								
14021011	18	treiben	VERB	VVINF		Inf						
14021011	19	und	CCONJ	KON								
14021011	20	verführn	VERB	VVFIN		Fin	Past	3	S	Ind		
14021011	21	Juda	PROPN	NE					S		Nom	M
14021011	22	dazu	ADV	PROAV								
14021012	1	da	SCONJ	KOUS								
14021012	2	gelangen	VERB	VVFIN		Fin	Past	3	S	Ind		
14021012	3	ein	DET	ART					S		Nom	F
14021012	4	Schrift	NOUN	NN					S		Nom	F
14021012	5	von	ADP	APPR								
14021012	6	Elia	PROPN	NE					S		Nom	M
14021012	7	der	DET	ART					S		Dat	M
14021012	8	Prophet	NOUN	NN					P		Nom	M
14021012	9	an	ADP	PTKVZ								
14021012	10	ihn	PRON	PPER				3	S		Acc	M
14021012	11	welcher	DET	PWAT					S		Nom	F
14021012	12	lauten	VERB	VVFIN		Fin	Past	3	S	Ind		
14021012	13	so	ADV	ADV								
14021012	14	sprechen	VERB	VVFIN		Fin	Pres	3	S	Ind		
14021012	15	Jahwe	NOUN	NN					S		Nom	M
14021012	16	der	DET	ART					S		Nom	M
14021012	17	Gott	NOUN	NN					S		Nom	M
14021012	18	dein	DET	PPOSAT					S		Gen	N
14021012	19	Vater	NOUN	NN					S		Gen	M
14021012	20	David	PROPN	NE					S		Nom	M
14021012	21	darum	ADV	PROAV								
14021012	22	daß	SCONJ	KOUS								
14021012	23	du	PRON	PPER				2	S		Nom	
14021012	24	nicht	PART	PTKNEG								
14021012	25	auf	ADP	PTKVZ								
14021012	26	der	DET	ART					S		Acc	M
14021012	27	wegen	ADP	APPR								
14021012	28	dein	DET	PPOSAT					S		Gen	N
14021012	29	Vater	NOUN	NN					S		Gen	M
14021012	30	Josaphat	PROPN	NE								
14021012	31	und	CCONJ	KON								
14021012	32	auf	ADP	PTKVZ								
14021012	33	der	DET	ART					S		Acc	M
14021012	34	wegen	ADP	APPR								
14021012	35	Asa	PROPN	NE					S		Gen	
14021012	36	der	DET	ART					S		Gen	M
14021012	37	König	PROPN	NE					S		Nom	
14021012	38	von	ADP	APPR								
14021012	39	Juda	PROPN	NE					S		Nom	M
14021012	40	wandeln	VERB	VVPP		Part						
14021012	41	haben	AUX	VAFIN		Fin	Pres	2	S	Ind		
14021013	1	sondern	CCONJ	KON								
14021013	2	auf	ADP	PTKVZ								
14021013	3	der	DET	ART					S		Dat	M
14021013	4	Weg	NOUN	NN					P		Acc	M
14021013	5	der	DET	ART					S		Nom	M
14021013	6	König	NOUN	NN					P		Nom	M
14021013	7	von	ADP	APPR								
14021013	8	Israel	PROPN	NE					S		Nom	N
14021013	9	wandeln	VERB	VVPP		Part						
14021013	10	und	CCONJ	KON								
14021013	11	Juda	PROPN	NE					S		Nom	M
14021013	12	und	CCONJ	KON								
14021013	13	der	DET	ART					S		Nom	F
14021013	14	Bewohner	NOUN	NN					P		Nom	M
14021013	15	von	ADP	APPR								
14021013	16	Jerusalem	PROPN	NE					S		Nom	N
14021013	17	verleiten	VERB	VVPP		Part						
14021013	18	haben	AUX	VAFIN		Fin	Pres	2	S	Ind		
14021013	19	Hurerei	NOUN	NN					S		Nom	F
14021013	20	zu	ADP	PTKVZ								
14021013	21	treiben	VERB	VVINF		Inf						
14021013	22	nach	ADP	APPR								
14021013	23	der	DET	ART					S		Acc	M
14021013	24	Hurereium	NOUN	NN					P		Nom	M
14021013	25	der	DET	ART					S		Gen	M
14021013	26	Haus	NOUN	NN					S		Gen	N
14021013	27	Ahab	PROPN	NE					S		Gen	M
14021013	28	und	CCONJ	KON								
14021013	29	auch	ADV	ADV								
14021013	30	dein	DET	PPOSAT					S		Nom	F
14021013	31	Bruder	NOUN	NN					P		Nom	M
14021013	32	der	DET	ART					S		Nom	N
14021013	33	Haus	NOUN	NN					S		Nom	N
14021013	34	dein	DET	PPOSAT					S		Gen	N
14021013	35	Vater	NOUN	NN					S		Gen	M
14021013	36	ermorden	VERB	VVPP		Part						
14021013	37	haben	AUX	VAFIN		Fin	Pres	2	S	Ind		
14021013	38	der	DET	ART					S		Nom	F
14021013	39	gut	ADV	ADJD	Cmp							
14021013	40	sein	AUX	VAFIN		Fin	Past	3	P	Ind		
14021013	41	als	ADP	KOKOM								
14021013	42	du	PRON	PPER				2	S		Nom	
14021014	1	sehen	VERB	VVIMP				2	S	Imp		
14021014	2	so	ADV	ADV								
14021014	3	werden	AUX	VAFIN		Fin	Pres	3	S	Ind		
14021014	4	Jahwe	NOUN	NN					S		Nom	M
14021014	5	dein	DET	PPER					S		Nom	N
14021014	6	Volk	NOUN	NN					S		Nom	N
14021014	7	und	CCONJ	KON								
14021014	8	dein	DET	PPOSAT					S		Nom	F
14021014	9	Sohn	NOUN	NN					P		Nom	M
14021014	10	und	CCONJ	KON								
14021014	11	dein	DET	PPOSAT					S		Nom	F
14021014	12	Weiber	NOUN	NN					P		Nom	M
14021014	13	und	CCONJ	KON								
14021014	14	aller	PRON	PIS					P		Nom	
14021014	15	dein	DET	PPOSAT					S		Nom	F
14021014	16	Habe	AUX	VAFIN		Fin	Pres	3	S	Sub		
14021014	17	plagen	VERB	VVFIN		Fin	Pres	3	P	Ind		
14021014	18	mit	ADP	APPR								
14021014	19	ein	PRON	ART					S		Nom	M
14021014	20	groß	ADJ	ADJA	Pos				S		Acc	M
14021014	21	Plage	NOUN	NN					S		Nom	F
14021015	1	du	PRON	PPER				2	S		Nom	
14021015	2	aber	CCONJ	KON								
14021015	3	wersten	AUX	VAFIN		Fin	Pres	2	S	Ind		
14021015	4	schwer	ADV	ADJD	Pos							
14021015	5	erkranken	VERB	VVINF		Inf						
14021015	6	an	ADP	PTKVZ								
14021015	7	ein	PRON	ART					S		Nom	M
14021015	8	Krankheit	NOUN	NN					S		Nom	F
14021015	9	dein	DET	PPOSAT					S		Dat	F
14021015	10	eingeweide	NOUN	NN					P		Nom	M
14021015	11	bis	CCONJ	KON								
14021015	12	dein	DET	PPOSAT					S		Nom	F
14021015	13	eingeweide	NOUN	NN					P		Nom	M
14021015	14	infolge	ADP	APPR								
14021015	15	der	DET	ART					S		Nom	M
14021015	16	Krankheit	NOUN	NN					S		Nom	F
14021015	17	heraustreten	VERB	VVINF		Inf						
14021015	18	werden	AUX	VAFIN		Fin	Pres	3	P	Ind		
14021015	19	Tag	NOUN	NN					S		Nom	M
14021015	20	für	ADP	APPR								
14021015	21	Tag	NOUN	NN					S		Nom	M
14021016	1	und	CCONJ	KON								
14021016	2	Jahwe	NOUN	NN					S		Nom	M
14021016	3	erwecken	VERB	VVFIN		Fin	Past	3	S	Ind		
14021016	4	wider	ADP	PTKVZ								
14021016	5	Joram	PROPN	NE					S		Nom	M
14021016	6	der	DET	ART					S		Acc	M
14021016	7	Geist	NOUN	NN					S		Nom	M
14021016	8	der	DET	ART					S		Nom	M
14021016	9	Philister	NOUN	NN					S		Nom	M
14021016	10	und	CCONJ	KON								
14021016	11	der	DET	ART					S		Nom	M
14021016	12	Araber	NOUN	NN					P		Nom	M
14021016	13	der	DET	ART					S		Nom	F
14021016	14	zu	ADP	APPRART					S		Dat	F
14021016	15	Seite	NOUN	NN					S		Nom	F
14021016	16	der	DET	ART					S		Nom	M
14021016	17	Kuschiter	NOUN	NN					S		Nom	M
14021016	18	wohnen	VERB	VVINF		Inf						
14021017	1	und	CCONJ	KON								
14021017	2	sie	PRON	PPER				3	P		Nom	
14021017	3	ziehen	VERB	VVFIN		Fin	Past	3	P	Ind		
14021017	4	wider	ADP	PTKVZ								
14021017	5	Juda	PROPN	NE					S		Nom	M
14021017	6	herauf	ADV	PTKVZ								
14021017	7	und	CCONJ	KON								
14021017	8	brechen	VERB	VVFIN		Fin	Past	3	P	Ind		
14021017	9	ein	DET	ART					S		Nom	N
14021017	10	und	CCONJ	KON								
14021017	11	führen	VERB	VVFIN		Fin	Past	3	P	Ind		
14021017	12	aller	PRON	PIS					P		Nom	
14021017	13	Habe	AUX	VAFIN		Fin	Pres	3	S	Sub		
14021017	14	Weg	ADV	PTKVZ								
14021017	15	der	DET	ART					S		Nom	F
14021017	16	sich	PRON	PRF				3	S		Acc	
14021017	17	in	ADP	APPRART					S		Dat	N
14021017	18	Haus	NOUN	NN					P		Nom	N
14021017	19	der	DET	ART					S		Gen	M
14021017	20	König	PROPN	NE					S		Nom	
14021017	21	vorfinden	VERB	VVFIN		Fin	Past	3	S	Ind		
14021017	22	und	CCONJ	KON								
14021017	23	auch	ADV	ADV								
14021017	24	sein	DET	PPOSAT					S		Nom	F
14021017	25	Sohn	NOUN	NN					P		Nom	M
14021017	26	und	CCONJ	KON								
14021017	27	sein	DET	PPOSAT					S		Nom	F
14021017	28	Weiber	NOUN	NN					P		Nom	M
14021017	29	und	CCONJ	KON								
14021017	30	es	PRON	PPER				3	S		Nom	N
14021017	31	bleiben	VERB	VVFIN		Fin	Past	3	S	Ind		
14021017	32	ihm	PRON	PPER				3	S		Dat	M
14021017	33	kein	DET	PIAT					S		Nom	N
14021017	34	Sohn	NOUN	NN					S		Nom	M
14021017	35	übrig	ADP	PTKVZ								
14021017	36	als	ADP	KOKOM								
14021017	37	nur	ADV	ADV								
14021017	38	Joaha	PROPN	NE					S		Gen	M
14021017	39	der	DET	ART					S		Nom	M
14021017	40	jung	ADJ	ADJA	Sup				S		Nom	F
14021017	41	sein	DET	PPOSAT					S		Dat	F
14021017	42	Sohn	NOUN	NN					P		Nom	M
14021018	1	und	CCONJ	KON								
14021018	2	nach	ADP	APPR								
14021018	3	alle	PRON	PIS					S		Dat	N
14021018	4	dieser	DET	PDAT					S		Dat	N
14021018	5	plagen	VERB	VVFIN		Fin	Past	3	S	Ind		
14021018	6	ihn	PRON	PPER				3	S		Acc	M
14021018	7	Jahwe	NOUN	NN					S		Nom	M
14021018	8	mit	ADP	APPR								
14021018	9	ein	PRON	ART					S		Nom	M
14021018	10	unheilbar	ADJ	ADJA	Pos				S		Acc	M
14021018	11	Krankheit	NOUN	NN					S		Nom	F
14021018	12	in	ADP	APPR								
14021018	13	sein	DET	PPOSAT					S		Acc	M
14021018	14	eingeweiden	NOUN	NN					P		Dat	M
14021019	1	und	CCONJ	KON								
14021019	2	es	PRON	PPER				3	S		Nom	N
14021019	3	geschehen	VERB	VVFIN		Fin	Past	3	S	Ind		
14021019	4	von	ADP	APPR								
14021019	5	Tag	NOUN	NN					S		Nom	M
14021019	6	zu	ADP	PTKVZ								
14021019	7	Tag	NOUN	NN					S		Nom	M
14021019	8	und	CCONJ	KON								
14021019	9	zu	ADP	APPRART					S		Dat	F
14021019	10	Zeit	NOUN	NN					S		Nom	F
14021019	11	als	ADP	KOKOM								
14021019	12	der	DET	ART					S		Nom	N
14021019	13	Ende	NOUN	NN					S		Nom	N
14021019	14	von	ADP	APPR								
14021019	15	zwei	NUM	CARD								
14021019	16	Jahr	NOUN	NN					P		Dat	N
14021019	17	eintreten	VERB	VVFIN		Fin	Past	3	S	Ind		
14021019	18	daß	SCONJ	KOUS								
14021019	19	sein	DET	PPOSAT					S		Nom	F
14021019	20	eingeweide	NOUN	NN					P		Nom	M
14021019	21	bei	ADP	APPR								
14021019	22	sein	DET	PPOSAT					S		Dat	F
14021019	23	Krankheit	NOUN	NN					S		Nom	F
14021019	24	heraustrat	ADJ	ADJA	Pos				S		Acc	M
14021019	25	und	CCONJ	KON								
14021019	26	er	PRON	PPER				3	S		Nom	M
14021019	27	sterben	VERB	VVFIN		Fin	Past	3	S	Ind		
14021019	28	unter	ADP	APPR								
14021019	29	heftig	ADJ	ADJA	Pos				S		Acc	M
14021019	30	Schmerz	NOUN	NN					P		Acc	M
14021019	31	und	CCONJ	KON								
14021019	32	sein	AUX	VAINF		Inf						
14021019	33	Volk	NOUN	NN					S		Nom	N
14021019	34	machen	VERB	VVFIN		Fin	Past	3	S	Ind		
14021019	35	ihm	PRON	PPER				3	S		Dat	M
14021019	36	kein	PRON	PIS					S		Acc	M
14021019	37	Brand	NOUN	NN					S		Nom	M
14021019	38	gleich	ADV	ADV	Pos							
14021019	39	der	DET	ART					S		Dat	M
14021019	40	Brande	NOUN	NN					P		Nom	M
14021019	41	sein	DET	PPOSAT					S		Dat	F
14021019	42	Vater	NOUN	NN					P		Nom	M
14021020	1	Jahr	NOUN	NN					P		Nom	N
14021020	2	sein	AUX	VAFIN		Fin	Past	3	S	Ind		
14021020	3	er	PRON	PPER				3	S		Nom	M
14021020	4	alt	ADV	ADJD	Pos							
14021020	5	als	ADP	KOKOM								
14021020	6	er	PRON	PPER				3	S		Nom	M
14021020	7	König	NOUN	NN					S		Nom	M
14021020	8	werden	AUX	VAFIN		Fin	Past	3	S	Ind		
14021020	9	und	CCONJ	KON								
14021020	10	er	PRON	PPER				3	S		Nom	M
14021020	11	regieren	VERB	VVFIN		Fin	Past	3	S	Ind		
14021020	12	acht	NUM	CARD								
14021020	13	Jahr	NOUN	NN					P		Nom	N
14021020	14	zu	ADP	PTKVZ								
14021020	15	Jerusalem	PROPN	NE					S		Nom	N
14021020	16	und	CCONJ	KON								
14021020	17	er	PRON	PPER				3	S		Nom	M
14021020	18	gehen	VERB	VVFIN		Fin	Past	3	S	Ind		
14021020	19	hin	ADV	ADV								
14021020	20	ohne	ADP	APPR								
14021020	21	vermissen	VERB	VVPP		Part						
14021020	22	zu	ADP	PTKVZ								
14021020	23	werden	AUX	VAFIN		Fin	Pres	3	P	Ind		
14021020	24	und	CCONJ	KON								
14021020	25	man	PRON	PIS					S		Nom	
14021020	26	begrub	VERB	VVFIN		Fin	Pres	3	S	Ind		
14021020	27	ihn	PRON	PPER				3	S		Acc	M
14021020	28	in	ADP	APPR								
14021020	29	der	DET	ART					S		Nom	M
14021020	30	Stadt	NOUN	NN					S		Nom	F
14021020	31	David	PROPN	NE					S		Gen	M
14021020	32	aber	CCONJ	KON								
14021020	33	nicht	PART	PTKNEG								
14021020	34	in	ADP	APPR								
14021020	35	der	DET	ART					S		Acc	M
14021020	36	Gräber	NOUN	NN					P		Dat	M
14021020	37	der	DET	ART					S		Nom	M
14021020	38	König	NOUN	NN					P		Nom	M
14022001	1	und	CCONJ	KON								
14022001	2	der	DET	ART					S		Nom	F
14022001	3	Bewohner	NOUN	NN					P		Nom	M
14022001	4	von	ADP	APPR								
14022001	5	Jerusalem	PROPN	NE					S		Nom	N
14022001	6	machen	VERB	VVFIN		Fin	Past	3	P	Ind		
14022001	7	Ahasja	PROPN	NE					S		Nom	
14022001	8	sein	DET	PPOSAT					S		Acc	M
14022001	9	jung	ADJ	ADJA	Sup				S		Acc	M
14022001	10	Sohn	NOUN	NN					S		Nom	M
14022001	11	zu	ADP	APPRART					S		Dat	N
14022001	12	König	NOUN	NN					S		Nom	M
14022001	13	an	ADP	PTKVZ								
14022001	14	sein	DET	PPOSAT					S		Dat	F
14022001	15	statt	SCONJ	KOUI								
14022001	16	denn	CCONJ	KON								
14022001	17	aller	PRON	PIS					P		Nom	
14022001	18	der	DET	ART					S		Nom	F
14022001	19	alt	ADJ	PDS	Cmp				P		Dat	M
14022001	20	haben	AUX	VAFIN		Fin	Past	3	S	Ind		
14022001	21	der	DET	ART					S		Nom	F
14022001	22	Schar	NOUN	NN					S		Nom	F
14022001	23	ermorden	VERB	VVPP		Part						
14022001	24	welcher	DET	PWAT					S		Nom	F
14022001	25	mit	ADP	APPR								
14022001	26	der	DET	ART					S		Acc	M
14022001	27	Araber	NOUN	NN					P		Dat	M
14022001	28	in	ADP	APPRART					S		Acc	N
14022001	29	Lager	NOUN	NN					S		Nom	N
14022001	30	kommen	VERB	VVPP		Part						
14022001	31	sein	AUX	VAFIN		Fin	Past	3	S	Ind		
14022001	32	und	CCONJ	KON								
14022001	33	Ahasja	PROPN	NE					S		Nom	
14022001	34	der	DET	ART					S		Nom	M
14022001	35	Sohn	NOUN	NN					S		Nom	M
14022001	36	Joram	PROPN	NE					S		Nom	
14022001	37	der	DET	ART					S		Gen	M
14022001	38	König	PROPN	NE					S		Nom	
14022001	39	von	ADP	APPR								
14022001	40	Juda	PROPN	NE					S		Nom	M
14022001	41	werden	VERB	VAFIN		Fin	Past	3	S	Ind		
14022001	42	König	NOUN	NN					S		Nom	M
14022002	1	Jahr	NOUN	NN					P		Nom	N
14022002	2	sein	AUX	VAFIN		Fin	Past	3	S	Ind		
14022002	3	Ahasja	PROPN	NE					S		Nom	
14022002	4	alt	ADV	ADJD	Pos							
14022002	5	als	ADP	KOKOM								
14022002	6	er	PRON	PPER				3	S		Nom	M
14022002	7	König	NOUN	NN					S		Nom	M
14022002	8	werden	AUX	VAFIN		Fin	Past	3	S	Ind		
14022002	9	und	CCONJ	KON								
14022002	10	er	PRON	PPER				3	S		Nom	M
14022002	11	regieren	VERB	VVFIN		Fin	Past	3	S	Ind		
14022002	12	ein	DET	ART					S		Nom	N
14022002	13	Jahr	NOUN	NN					S		Nom	N
14022002	14	zu	ADP	PTKVZ								
14022002	15	Jerusalem	PROPN	NE					S		Nom	N
14022002	16	und	CCONJ	KON								
14022002	17	der	DET	ART					S		Nom	M
14022002	18	Name	NOUN	NN					S		Nom	M
14022002	19	sein	DET	PPOSAT					S		Dat	F
14022002	20	Mutter	NOUN	NN					S		Nom	F
14022002	21	sein	AUX	VAFIN		Fin	Past	3	S	Ind		
14022002	22	athalja	PROPN	NE					S		Nom	
14022002	23	der	DET	ART					S		Nom	F
14022002	24	Tochter	NOUN	NN					S		Nom	F
14022002	25	Omri	PROPN	NE					S		Nom	
14022003	1	auch	ADV	ADV								
14022003	2	er	PRON	PPER				3	S		Nom	M
14022003	3	wandeln	VERB	VVFIN		Fin	Past	3	S	Ind		
14022003	4	auf	ADP	PTKVZ								
14022003	5	der	DET	ART					S		Acc	M
14022003	6	wegen	ADP	APPR								
14022003	7	der	DET	ART					S		Gen	M
14022003	8	Haus	NOUN	NN					S		Gen	N
14022003	9	Ahab	PROPN	NE					S		Gen	M
14022003	10	denn	CCONJ	KON								
14022003	11	sein	DET	PPOSAT					S		Nom	F
14022003	12	Mutter	NOUN	NN					S		Nom	F
14022003	13	sein	AUX	VAFIN		Fin	Past	3	S	Ind		
14022003	14	sein	DET	PPOSAT					S		Nom	F
14022003	15	Ratgeberin	NOUN	NN					S		Nom	F
14022003	16	zu	ADP	APPRART					S		Dat	N
14022003	17	gesetzlosen	NOUN	NN					P		Dat	M
14022003	18	handeln	NOUN	NN					S		Nom	N
14022004	1	und	CCONJ	KON								
14022004	2	er	PRON	PPER				3	S		Nom	M
14022004	3	tun	VERB	VVFIN		Fin	Past	3	S	Ind		
14022004	4	was	PRON	PWS					S		Nom	N
14022004	5	böse	ADV	ADJD	Pos							
14022004	6	sein	AUX	VAFIN		Fin	Past	3	S	Ind		
14022004	7	in	ADP	APPR								
14022004	8	der	DET	ART					S		Acc	M
14022004	9	Auge	NOUN	NN					P		Nom	N
14022004	10	Jahwe	PROPN	NE					S		Gen	
14022004	11	wie	ADP	KOKOM								
14022004	12	der	DET	ART					S		Nom	N
14022004	13	Haus	NOUN	NN					S		Nom	N
14022004	14	Ahab	PROPN	NE					S		Gen	M
14022004	15	denn	CCONJ	KON								
14022004	16	dieser	DET	PDAT					S		Nom	F
14022004	17	sein	AUX	VAFIN		Fin	Past	3	P	Ind		
14022004	18	nach	ADP	APPR								
14022004	19	der	DET	ART					S		Dat	M
14022004	20	Tod	NOUN	NN					S		Nom	M
14022004	21	sein	DET	PPOSAT					S		Gen	M
14022004	22	Vater	NOUN	NN					S		Gen	M
14022004	23	sein	DET	PPOSAT					S		Nom	F
14022004	24	Ratgeber	NOUN	NN					S		Nom	M
14022004	25	zu	ADP	PTKVZ								
14022004	26	sein	DET	PPOSAT					S		Dat	M
14022004	27	verderben	NOUN	NN					S		Nom	N
14022005	1	auch	ADV	ADV								
14022005	2	gehen	VERB	VVFIN		Fin	Past	3	S	Ind		
14022005	3	er	PRON	PPER				3	S		Nom	M
14022005	4	auf	ADP	PTKVZ								
14022005	5	ihr	DET	PPOSAT					S		Acc	M
14022005	6	Rat	NOUN	NN					S		Nom	M
14022005	7	und	CCONJ	KON								
14022005	8	ziehen	VERB	VVFIN		Fin	Past	3	S	Ind		
14022005	9	hin	ADV	ADV								
14022005	10	mit	ADP	APPR								
14022005	11	Joram	PROPN	NE					S		Nom	M
14022005	12	der	DET	ART					S		Dat	M
14022005	13	Sohn	NOUN	NN					S		Acc	M
14022005	14	Ahab	PROPN	NE					S		Gen	M
14022005	15	der	DET	ART					S		Dat	M
14022005	16	König	NOUN	NN					S		Nom	M
14022005	17	von	ADP	APPR								
14022005	18	Israel	PROPN	NE					S		Nom	N
14022005	19	in	ADP	APPR								
14022005	20	der	DET	ART					S		Acc	M
14022005	21	Streit	NOUN	NN					S		Nom	M
14022005	22	wider	ADP	PTKVZ								
14022005	23	Hasael	PROPN	NE					S		Nom	M
14022005	24	der	DET	ART					S		Acc	M
14022005	25	König	NOUN	NN					S		Nom	M
14022005	26	von	ADP	APPR								
14022005	27	Syrien	PROPN	NE					S		Nom	N
14022005	28	nach	ADP	APPR								
14022005	29	Ramoth-Gilead	NOUN	NN					S		Nom	N
14022005	30	und	CCONJ	KON								
14022005	31	der	DET	ART					S		Nom	F
14022005	32	Syrer	NOUN	NN					P		Nom	M
14022005	33	verwundeen	VERB	VVFIN		Fin	Past	3	P	Ind		
14022005	34	Joram	PROPN	NE					S		Nom	M
14022006	1	da	SCONJ	KOUS								
14022006	2	kehren	VERB	VVFIN		Fin	Past	3	S	Ind		
14022006	3	er	PRON	PPER				3	S		Nom	M
14022006	4	zurück	ADV	PTKVZ								
14022006	5	um	ADP	APPR								
14022006	6	sich	PRON	PRF				3	S		Acc	
14022006	7	in	ADP	APPR								
14022006	8	Jisreel	NOUN	NN					S		Nom	N
14022006	9	von	ADP	APPR								
14022006	10	der	DET	ART					S		Acc	M
14022006	11	Wunde	NOUN	NN					P		Acc	F
14022006	12	heilen	VERB	VVINF		Inf						
14022006	13	zu	ADP	PTKVZ								
14022006	14	lassen	VERB	VVINF		Fin	Pres	3	P	Ind		
14022006	15	der	DET	ART					S		Nom	F
14022006	16	sie	PRON	PPER				3	P		Nom	
14022006	17	ihm	PRON	PPER				3	S		Dat	M
14022006	18	zu	ADP	PTKVZ								
14022006	19	Rama	PROPN	NE					S		Nom	
14022006	20	schlagen	VERB	VVPP		Part						
14022006	21	haben	AUX	VAFIN		Fin	Past	3	P	Ind		
14022006	22	als	ADP	KOKOM								
14022006	23	er	PRON	PPER				3	S		Nom	M
14022006	24	wider	ADP	PTKVZ								
14022006	25	Hasael	PROPN	NE					S		Nom	M
14022006	26	der	DET	ART					S		Acc	M
14022006	27	König	NOUN	NN					S		Nom	M
14022006	28	von	ADP	APPR								
14022006	29	Syrien	PROPN	NE					S		Nom	N
14022006	30	streiten	VERB	VVFIN		Fin	Past	3	S	Ind		
14022006	31	und	CCONJ	KON								
14022006	32	Asarja	PROPN	NE					S		Nom	
14022006	33	der	DET	ART					S		Nom	M
14022006	34	Sohn	NOUN	NN					S		Nom	M
14022006	35	Joram	PROPN	NE					S		Nom	
14022006	36	der	DET	ART					S		Nom	M
14022006	37	König	NOUN	NN					S		Nom	M
14022006	38	von	ADP	APPR								
14022006	39	Juda	PROPN	NE					S		Nom	M
14022006	40	ziehen	VERB	VVFIN		Fin	Past	3	S	Ind		
14022006	41	Hinab	ADV	PTKVZ								
14022006	42	um	ADP	APPR								
14022006	43	Joram	PROPN	NE					S		Nom	M
14022006	44	der	DET	ART					S		Acc	M
14022006	45	Sohn	NOUN	NN					S		Nom	M
14022006	46	Ahab	PROPN	NE					S		Gen	M
14022006	47	in	ADP	APPR								
14022006	48	Jisreel	NOUN	NN					S		Nom	N
14022006	49	zu	ADP	PTKVZ								
14022006	50	besuchen	VERB	VVINF		Inf						
14022006	51	weil	SCONJ	KOUS								
14022006	52	er	PRON	PPER				3	S		Nom	M
14022006	53	krank	ADV	ADJD	Pos							
14022006	54	sein	AUX	VAFIN		Fin	Past	3	S	Ind		
14022007	1	aber	CCONJ	KON								
14022007	2	von	ADP	APPR								
14022007	3	Gott	NOUN	NN					S		Nom	M
14022007	4	sein	AUX	VAFIN		Fin	Past	3	S	Ind		
14022007	5	es	PRON	PPER				3	S		Nom	N
14022007	6	der	DET	ART					S		Nom	M
14022007	7	Untergang	NOUN	NN					S		Nom	M
14022007	8	Ahasjas	NOUN	NN					S		Nom	F
14022007	9	daß	SCONJ	KOUS								
14022007	10	er	PRON	PPER				3	S		Nom	M
14022007	11	zu	ADP	PTKVZ								
14022007	12	Joram	PROPN	NE					S		Nom	M
14022007	13	kommen	VERB	VVFIN		Fin	Past	3	S	Ind		
14022007	14	denn	CCONJ	KON								
14022007	15	als	ADP	KOKOM								
14022007	16	er	PRON	PPER				3	S		Nom	M
14022007	17	ankommen	VERB	VVPP		Part						
14022007	18	sein	AUX	VAFIN		Fin	Past	3	S	Ind		
14022007	19	ziehen	VERB	VVFIN		Fin	Past	3	S	Ind		
14022007	20	er	PRON	PPER				3	S		Nom	M
14022007	21	mit	ADP	APPR								
14022007	22	Joram	PROPN	NE					S		Nom	M
14022007	23	aus	ADP	PTKVZ								
14022007	24	wider	ADP	PTKVZ								
14022007	25	Jehu	PROPN	NE					S		Nom	M
14022007	26	der	DET	ART					S		Acc	M
14022007	27	Sohn	NOUN	NN					S		Nom	M
14022007	28	Nimsis	NOUN	NN					S		Nom	F
14022007	29	welcher	DET	PWAT					S		Acc	M
14022007	30	Jahwe	NOUN	NN					S		Nom	M
14022007	31	salben	VERB	VVPP		Part						
14022007	32	haben	AUX	VAFIN		Fin	Past	3	S	Ind		
14022007	33	um	ADP	APPR								
14022007	34	der	DET	ART					S		Nom	N
14022007	35	Haus	NOUN	NN					S		Nom	N
14022007	36	Ahab	PROPN	NE					S		Gen	M
14022007	37	ausrotten	VERB	VVIZU		Inf						
14022008	1	und	CCONJ	KON								
14022008	2	es	PRON	PPER				3	S		Nom	N
14022008	3	geschehen	VERB	VVFIN		Fin	Past	3	S	Ind		
14022008	4	als	ADP	KOKOM								
14022008	5	Jehu	PROPN	NE					S		Nom	M
14022008	6	an	ADP	PTKVZ								
14022008	7	der	DET	ART					S		Dat	M
14022008	8	Haus	NOUN	NN					P		Nom	N
14022008	9	Ahab	PROPN	NE					S		Gen	M
14022008	10	Gericht	NOUN	NN					S		Nom	N
14022008	11	üben	VERB	VVFIN		Fin	Past	3	S	Ind		
14022008	12	da	ADV	ADV								
14022008	13	treffen	VERB	VVFIN		Fin	Past	3	S	Ind		
14022008	14	er	PRON	PPER				3	S		Nom	M
14022008	15	der	DET	ART					S		Nom	F
14022008	16	oberer	ADJ	ADJA	Sup				S		Dat	F
14022008	17	von	ADP	APPR								
14022008	18	Juda	PROPN	NE					S		Nom	M
14022008	19	und	CCONJ	KON								
14022008	20	der	DET	ART					S		Nom	F
14022008	21	Sohn	NOUN	NN					P		Nom	M
14022008	22	der	DET	ART					S		Nom	M
14022008	23	Bruder	NOUN	NN					P		Nom	M
14022008	24	Ahasjas	NOUN	NN					S		Nom	F
14022008	25	welcher	DET	PWAT					S		Nom	F
14022008	26	Ahasja	PROPN	NE					S		Nom	
14022008	27	dienen	VERB	VVFIN		Fin	Past	3	P	Ind		
14022008	28	und	CCONJ	KON								
14022008	29	er	PRON	PPER				3	S		Nom	M
14022008	30	ermorden	VERB	VVFIN		Fin	Past	3	S	Ind		
14022008	31	sie	PRON	PPER				3	P		Nom	
14022009	1	und	CCONJ	KON								
14022009	2	er	PRON	PPER				3	S		Nom	M
14022009	3	suchen	VERB	VVFIN		Fin	Past	3	S	Ind		
14022009	4	Ahasja	PROPN	NE					S		Nom	
14022009	5	und	CCONJ	KON								
14022009	6	sie	PRON	PPER				3	P		Nom	
14022009	7	greifen	VERB	VVFIN		Fin	Past	3	P	Ind		
14022009	8	ihn	PRON	PPER				3	S		Acc	M
14022009	9	als	ADP	KOKOM								
14022009	10	er	PRON	PPER				3	S		Nom	M
14022009	11	sich	PRON	PRF				3	S		Acc	
14022009	12	in	ADP	APPR								
14022009	13	Samaria	PROPN	NE					S		Nom	N
14022009	14	verstecken	VERB	VVPP		Part						
14022009	15	halten	VERB	VVFIN		Fin	Past	3	S	Ind		
14022009	16	und	CCONJ	KON								
14022009	17	sie	PRON	PPER				3	P		Nom	
14022009	18	bringen	VERB	VVFIN		Fin	Past	3	P	Ind		
14022009	19	ihn	PRON	PPER				3	S		Acc	M
14022009	20	zu	ADP	PTKVZ								
14022009	21	Jehu	PROPN	NE					S		Nom	M
14022009	22	und	CCONJ	KON								
14022009	23	töten	VERB	VVFIN		Fin	Past	3	P	Ind		
14022009	24	ihn	PRON	PPER				3	S		Acc	M
14022009	25	und	CCONJ	KON								
14022009	26	sie	PRON	PPER				3	P		Nom	
14022009	27	begraben	VERB	VVFIN		Fin	Past	3	P	Ind		
14022009	28	ihn	PRON	PPER				3	S		Acc	M
14022009	29	denn	CCONJ	KON								
14022009	30	sie	PRON	PPER				3	P		Nom	
14022009	31	sprechen	VERB	VVFIN		Fin	Past	3	P	Ind		
14022009	32	er	PRON	PPER				3	S		Nom	M
14022009	33	sein	AUX	VAFIN		Fin	Pres	3	S	Ind		
14022009	34	ein	DET	ART					S		Nom	N
14022009	35	Sohn	NOUN	NN					S		Nom	M
14022009	36	Josaphat	PROPN	NE					S		Gen	M
14022009	37	der	DET	ART					S		Nom	M
14022009	38	Jahwe	NOUN	NN					S		Nom	M
14022009	39	suchen	VERB	VVPP		Part						
14022009	40	haben	AUX	VAFIN		Fin	Pres	3	S	Ind		
14022009	41	mit	ADP	APPR								
14022009	42	sein	DET	PPOSAT					S		Dat	M
14022009	43	ganz	PRON	ADJA					S		Nom	M
14022009	44	Herz	NOUN	NN					S		Nom	N
14022009	45	und	CCONJ	KON								
14022009	46	der	DET	ART					S		Nom	N
14022009	47	Haus	NOUN	NN					S		Nom	N
14022009	48	Ahasjas	NOUN	NN					S		Nom	F
14022009	49	haben	AUX	VAFIN		Fin	Past	3	S	Ind		
14022009	50	niemand	PRON	PIS					S		Nom	M
14022009	51	mehr	ADV	ADV								
14022009	52	der	DET	ART					S		Nom	M
14022009	53	zu	ADP	APPRART					S		Dat	N
14022009	54	Königtum	NOUN	NN					S		Nom	N
14022009	55	tüchtig	ADV	ADJD	Pos							
14022009	56	sein	AUX	VAPP		Part						
14022009	57	sein	AUX	VAFIN		Fin	Past	3	S	Sub		
14022010	1	und	CCONJ	KON								
14022010	2	als	ADP	KOKOM								
14022010	3	athalja	PROPN	NE					S		Nom	
14022010	4	der	DET	ART					S		Nom	F
14022010	5	Mutter	NOUN	NN					S		Nom	F
14022010	6	Ahasjas	NOUN	NN					S		Nom	F
14022010	7	sehen	VERB	VVFIN		Fin	Past	3	S	Ind		
14022010	8	daß	SCONJ	KOUS								
14022010	9	ihr	PRON	PPOSAT				3	S		Dat	F
14022010	10	Sohn	NOUN	NN					S		Nom	M
14022010	11	tot	ADV	ADJD	Pos							
14022010	12	sein	AUX	VAFIN		Fin	Past	3	S	Ind		
14022010	13	da	ADV	ADV								
14022010	14	machen	VERB	VVFIN		Fin	Past	3	S	Ind		
14022010	15	sie	PRON	PPER				3	P		Nom	
14022010	16	sich	PRON	PRF				3	S		Acc	
14022010	17	auf	ADP	PTKVZ								
14022010	18	und	CCONJ	KON								
14022010	19	bringen	VERB	VVFIN		Fin	Past	3	S	Ind		
14022010	20	aller	DET	PIS					P		Dat	
14022010	21	königlich	ADJ	ADJA	Pos				S		Acc	M
14022010	22	Same	NOUN	NN					P		Nom	M
14022010	23	von	ADP	APPRART					S		Dat	N
14022010	24	Haus	NOUN	NN					P		Nom	N
14022010	25	Juda	PROPN	NE					S		Nom	M
14022010	26	um	ADP	APPR								
14022011	1	aber	CCONJ	KON								
14022011	2	Josabath	PROPN	NE					S		Nom	
14022011	3	der	DET	ART					S		Nom	F
14022011	4	Tochter	NOUN	NN					S		Nom	F
14022011	5	der	DET	ART					S		Gen	M
14022011	6	König	PROPN	NE					S		Nom	
14022011	7	nehmen	VERB	VVFIN		Fin	Past	3	S	Ind		
14022011	8	Joas	PROPN	NE					S		Nom	
14022011	9	der	DET	ART					S		Acc	M
14022011	10	Sohn	NOUN	NN					S		Nom	M
14022011	11	Ahasjas	NOUN	NN					S		Nom	F
14022011	12	und	CCONJ	KON								
14022011	13	Stahl	VERB	NN		Fin	Past	3	S	Ind		
14022011	14	ihn	PRON	PPER				3	S		Acc	M
14022011	15	Weg	ADV	PTKVZ								
14022011	16	aus	ADP	PTKVZ								
14022011	17	der	DET	ART					S		Nom	M
14022011	18	Mitte	NOUN	NN					S		Nom	F
14022011	19	der	DET	ART					S		Nom	M
14022011	20	Königssöhne	NOUN	NN					S		Nom	F
14022011	21	der	DET	ART					S		Nom	F
14022011	22	töten	VERB	VVPP		Part						
14022011	23	werden	AUX	VAFIN		Fin	Past	3	P	Ind		
14022011	24	und	CCONJ	KON								
14022011	25	sie	PRON	PPER				3	P		Nom	
14022011	26	tun	VERB	VVFIN		Fin	Past	3	S	Ind		
14022011	27	ihn	PRON	PPER				3	S		Acc	M
14022011	28	und	CCONJ	KON								
14022011	29	sein	DET	PPOSAT					S		Nom	F
14022011	30	Amme	NOUN	NN					S		Nom	F
14022011	31	in	ADP	APPR								
14022011	32	der	DET	ART					S		Nom	N
14022011	33	Schlafgemach	NOUN	NN					S		Nom	N
14022011	34	und	CCONJ	KON								
14022011	35	so	ADV	ADV								
14022011	36	verbergen	VERB	VVFIN		Fin	Past	3	S	Ind		
14022011	37	ihn	PRON	PPER				3	S		Acc	M
14022011	38	Josabath	PROPN	NE					S		Nom	
14022011	39	der	DET	ART					S		Nom	F
14022011	40	Tochter	NOUN	NN					S		Nom	F
14022011	41	der	DET	ART					S		Gen	M
14022011	42	König	PROPN	NE					S		Nom	
14022011	43	Joram	PROPN	NE					S		Nom	M
14022011	44	der	DET	ART					S		Nom	N
14022011	45	Weib	NOUN	NN					S		Nom	N
14022011	46	Jojadas	PROPN	NE					S		Gen	
14022011	47	der	DET	ART					S		Gen	M
14022011	48	Priester	NOUN	NN					S		Gen	M
14022011	49	denn	CCONJ	KON								
14022011	50	sie	PRON	PPER				3	P		Nom	
14022011	51	sein	AUX	VAFIN		Fin	Past	3	S	Ind		
14022011	52	der	DET	ART					S		Nom	F
14022011	53	Schwester	NOUN	NN					S		Nom	F
14022011	54	Ahasjas	NOUN	NN					S		Nom	F
14022011	55	vor	ADP	APPR								
14022011	56	athalja	PROPN	NE					S		Nom	
14022011	57	so	ADV	ADV								
14022011	58	daß	SCONJ	KOUS								
14022011	59	sie	PRON	PPER				3	P		Nom	
14022011	60	ihn	PRON	PPER				3	S		Acc	M
14022011	61	nicht	PART	PTKNEG								
14022011	62	töten	VERB	VVFIN		Fin	Past	3	S	Ind		
14022012	1	und	CCONJ	KON								
14022012	2	er	PRON	PPER				3	S		Nom	M
14022012	3	sein	AUX	VAFIN		Fin	Past	3	S	Ind		
14022012	4	sechs	NUM	CARD								
14022012	5	Jahr	NOUN	NN					P		Nom	N
14022012	6	bei	ADP	APPR								
14022012	7	ihnen	PRON	PPER				3	P		Dat	
14022012	8	in	ADP	APPRART					S		Dat	N
14022012	9	Haus	NOUN	NN					P		Nom	N
14022012	10	Gott	NOUN	NN					S		Gen	M
14022012	11	verstecken	VERB	VVPP		Part						
14022012	12	athalja	PROPN	NE					S		Nom	
14022012	13	aber	CCONJ	KON								
14022012	14	regieren	VERB	VVFIN		Fin	Past	3	S	Ind		
14022012	15	über	ADP	APPR								
14022012	16	der	DET	ART					S		Nom	N
14022012	17	Land	NOUN	NN					S		Nom	N
14023001	1	und	CCONJ	KON								
14023001	2	in	ADP	APPRART					S		Dat	N
14023001	3	siebter	ADJ	ADJA	Pos				S		Acc	M
14023001	4	Jahr	NOUN	NN					P		Nom	N
14023001	5	stärken	VERB	VVFIN		Fin	Past	3	S	Ind		
14023001	6	sich	PRON	PRF				3	S		Acc	
14023001	7	Jojada	PROPN	NE					S		Nom	
14023001	8	und	CCONJ	KON								
14023001	9	verbinden	VERB	VVFIN		Fin	Past	3	S	Ind		
14023001	10	der	DET	ART					S		Nom	F
14023001	11	oberer	ADJ	ADJA	Sup				S		Dat	F
14023001	12	über	ADP	APPR								
14023001	13	hundert	NUM	CARD								
14023001	14	Asarja	PROPN	NE					S		Nom	
14023001	15	der	DET	ART					S		Acc	M
14023001	16	Sohn	NOUN	NN					S		Nom	M
14023001	17	Jerocham	PROPN	NE					S		Gen	
14023001	18	und	CCONJ	KON								
14023001	19	Ismael	PROPN	NE					S		Nom	M
14023001	20	der	DET	ART					S		Acc	M
14023001	21	Sohn	NOUN	NN					S		Nom	M
14023001	22	Jochanan	PROPN	NE					S		Gen	M
14023001	23	und	CCONJ	KON								
14023001	24	Asarja	PROPN	NE					S		Nom	
14023001	25	der	DET	ART					S		Acc	M
14023001	26	Sohn	NOUN	NN					S		Nom	M
14023001	27	Obeds	PROPN	NE					S		Nom	M
14023001	28	und	CCONJ	KON								
14023001	29	Maaseja	PROPN	NE					S		Nom	
14023001	30	der	DET	ART					S		Acc	M
14023001	31	Sohn	NOUN	NN					S		Nom	M
14023001	32	Adajas	PROPN	NE					S		Nom	
14023001	33	und	CCONJ	KON								
14023001	34	Elisaphat	NOUN	NE					S		Gen	N
14023001	35	der	DET	ART					S		Acc	M
14023001	36	Sohn	NOUN	NN					S		Nom	M
14023001	37	Sikris	PROPN	NE					S		Nom	
14023001	38	mit	ADP	APPR								
14023001	39	sich	PRON	PRF				3	S		Acc	
14023001	40	in	ADP	APPR								
14023001	41	ein	DET	ART					S		Dat	M
14023001	42	Bund	NOUN	NN					S		Nom	M
14023002	1	und	CCONJ	KON								
14023002	2	sie	PRON	PPER				3	P		Nom	
14023002	3	ziehen	VERB	VVFIN		Fin	Past	3	P	Ind		
14023002	4	umher	ADP	PTKVZ								
14023002	5	in	ADP	APPR								
14023002	6	Juda	PROPN	NE					S		Nom	M
14023002	7	und	CCONJ	KON								
14023002	8	versammeln	VERB	ADJA		Fin	Past	3	P	Ind		
14023002	9	der	DET	ART					S		Nom	F
14023002	10	Levit	NOUN	NN					P		Nom	M
14023002	11	aus	ADP	PTKVZ								
14023002	12	aller	DET	PIS					P		Dat	
14023002	13	Stadt	NOUN	NN					P		Nom	F
14023002	14	Judas	PROPN	NE					S		Nom	M
14023002	15	und	CCONJ	KON								
14023002	16	der	DET	ART					S		Nom	F
14023002	17	Häupter	NOUN	NN					P		Nom	N
14023002	18	der	DET	ART					S		Nom	M
14023002	19	Vater	NOUN	NN					P		Nom	M
14023002	20	von	ADP	APPR								
14023002	21	Israel	PROPN	NE					S		Nom	N
14023002	22	und	CCONJ	KON								
14023002	23	sie	PRON	PPER				3	P		Nom	
14023002	24	kommen	VERB	VVFIN		Fin	Past	3	P	Ind		
14023002	25	nach	ADP	APPR								
14023002	26	Jerusalem	PROPN	NE					S		Nom	N
14023003	1	und	CCONJ	KON								
14023003	2	der	DET	ART					S		Nom	F
14023003	3	ganz	ADJ	ADJA	Pos				S		Nom	F
14023003	4	Versammlung	NOUN	NN					S		Nom	F
14023003	5	machen	VERB	VVFIN		Fin	Past	3	S	Ind		
14023003	6	in	ADP	APPRART					S		Dat	N
14023003	7	Haus	NOUN	NN					P		Nom	N
14023003	8	Gott	NOUN	NN					S		Gen	M
14023003	9	ein	DET	ART					S		Acc	M
14023003	10	Bund	NOUN	NN					S		Nom	M
14023003	11	mit	ADP	APPR								
14023003	12	der	DET	ART					S		Dat	M
14023003	13	König	NOUN	NN					S		Nom	M
14023003	14	und	CCONJ	KON								
14023003	15	Jojada	PROPN	NE					S		Nom	
14023003	16	sprechen	VERB	VVFIN		Fin	Past	3	S	Ind		
14023003	17	zu	ADP	PTKVZ								
14023003	18	ihnen	PRON	PPER				3	P		Dat	
14023003	19	sehen	VERB	VVIMP				2	S	Imp		
14023003	20	der	DET	ART					S		Nom	M
14023003	21	Sohn	NOUN	NN					S		Nom	M
14023003	22	der	DET	ART					S		Gen	M
14023003	23	König	PROPN	NE					S		Nom	
14023003	24	sollen	AUX	VMFIN		Fin	Pres	3	S	Ind		
14023003	25	König	NOUN	NN					S		Nom	M
14023003	26	sein	AUX	VAINF		Inf						
14023003	27	so	ADV	ADV								
14023003	28	wie	ADP	KOKOM								
14023003	29	Jahwe	NOUN	NN					S		Nom	M
14023003	30	von	ADP	APPR								
14023003	31	der	DET	ART					S		Acc	M
14023003	32	Söhn	NOUN	NN					P		Dat	M
14023003	33	David	PROPN	NE					S		Gen	M
14023003	34	reden	VERB	VVPP		Part						
14023003	35	haben	AUX	VAFIN		Fin	Pres	3	S	Ind		
14023004	1	dieser	PRON	PDS					S		Nom	N
14023004	2	sein	AUX	VAFIN		Fin	Pres	3	S	Ind		
14023004	3	es	PRON	PPER				3	S		Nom	N
14023004	4	was	PRON	PWS					S		Nom	N
14023004	5	ihr	PRON	PPOSAT				3	S		Dat	F
14023004	6	tun	VERB	VVINF		Inf						
14023004	7	sollten	AUX	VMFIN		Fin	Pres	3	S	Ind		
14023004	8	ein	DET	ART					S		Nom	M
14023004	9	Drittel	NOUN	NN					P		Nom	N
14023004	10	von	ADP	APPR								
14023004	11	euch	PRON	PPER				2	P		Dat	
14023004	12	der	DET	ART					S		Nom	F
14023004	13	ihr	PRON	PPOSAT				3	S		Dat	F
14023004	14	an	ADP	APPRART					S		Dat	M
14023004	15	Sabbath	PROPN	NE					S		Nom	M
14023004	16	antreten	VERB	VVFIN		Fin	Pres	3	S	Ind		
14023004	17	von	ADP	APPR								
14023004	18	der	DET	ART					S		Acc	M
14023004	19	Priester	NOUN	NN					P		Dat	M
14023004	20	und	CCONJ	KON								
14023004	21	von	ADP	APPR								
14023004	22	der	DET	ART					S		Acc	M
14023004	23	Levit	NOUN	NN					P		Nom	M
14023004	24	sollen	AUX	VMFIN		Fin	Pres	3	S	Ind		
14023004	25	Türhüter	NOUN	NN					S		Nom	M
14023004	26	der	DET	ART					S		Nom	M
14023004	27	Schwelle	NOUN	NN					P		Nom	F
14023004	28	sein	AUX	VAINF		Inf						
14023005	1	und	CCONJ	KON								
14023005	2	ein	DET	ART					S		Nom	N
14023005	3	Drittel	NOUN	NN					P		Nom	N
14023005	4	sollen	AUX	VMFIN		Fin	Pres	3	S	Ind		
14023005	5	in	ADP	APPRART					S		Dat	N
14023005	6	Haus	NOUN	NN					P		Nom	N
14023005	7	der	DET	ART					S		Gen	M
14023005	8	König	PROPN	NE					S		Nom	
14023005	9	sein	AUX	VAINF		Inf						
14023005	10	und	CCONJ	KON								
14023005	11	ein	DET	ART					S		Nom	N
14023005	12	Drittel	NOUN	NN					P		Nom	N
14023005	13	an	ADP	APPRART					S		Dat	M
14023005	14	Tor	NOUN	NN					P		Nom	N
14023005	15	Jesod	PROPN	NE					S		Nom	
14023005	16	und	CCONJ	KON								
14023005	17	alle	PRON	PIS					S		Nom	N
14023005	18	Volk	NOUN	NN					S		Nom	N
14023005	19	in	ADP	APPR								
14023005	20	der	DET	ART					S		Acc	M
14023005	21	Hof	NOUN	NN					P		Dat	M
14023005	22	der	DET	ART					S		Gen	M
14023005	23	Haus	NOUN	NN					S		Gen	N
14023005	24	Jahwe	PROPN	NE					S		Gen	
14023006	1	und	CCONJ	KON								
14023006	2	es	PRON	PPER				3	S		Nom	N
14023006	3	sollen	AUX	VMFIN		Fin	Pres	3	S	Ind		
14023006	4	niemand	PRON	PIS					S		Nom	M
14023006	5	in	ADP	APPR								
14023006	6	der	DET	ART					S		Nom	N
14023006	7	Haus	NOUN	NN					S		Nom	N
14023006	8	Jahwe	PROPN	NE					S		Gen	
14023006	9	hineingehen	VERB	VVINF		Inf						
14023006	10	als	ADP	KOKOM								
14023006	11	nur	ADV	ADV								
14023006	12	der	DET	ART					S		Nom	F
14023006	13	Priester	NOUN	NN					P		Nom	M
14023006	14	und	CCONJ	KON								
14023006	15	der	DET	ART					S		Nom	F
14023006	16	Diensttuende	NOUN	NN					P		Nom	F
14023006	17	Levit	NOUN	NN					P		Nom	M
14023006	18	sie	PRON	PPER				3	P		Nom	
14023006	19	sollen	AUX	VMFIN		Fin	Pres	3	P	Ind		
14023006	20	hineingehen	VERB	VVINF		Inf						
14023006	21	denn	CCONJ	KON								
14023006	22	sie	PRON	PPER				3	P		Nom	
14023006	23	sein	AUX	VAFIN		Fin	Pres	3	P	Ind		
14023006	24	heilig	ADV	ADJD	Pos							
14023006	25	und	CCONJ	KON								
14023006	26	alle	PRON	PIS					S		Nom	N
14023006	27	Volk	NOUN	NN					S		Nom	N
14023006	28	sollen	AUX	VMFIN		Fin	Pres	3	S	Ind		
14023006	29	der	DET	ART					S		Nom	F
14023006	30	Vorschrift	NOUN	NN					P		Nom	F
14023006	31	Jahwe	PROPN	NE					S		Gen	
14023006	32	beobachten	VERB	VVINF		Inf						
14023007	1	und	CCONJ	KON								
14023007	2	der	DET	ART					S		Nom	F
14023007	3	Levit	NOUN	NN					P		Nom	M
14023007	4	sollen	AUX	VMFIN		Fin	Pres	3	P	Ind		
14023007	5	der	DET	ART					S		Acc	M
14023007	6	König	NOUN	NN					S		Nom	M
14023007	7	rings	ADV	ADV								
14023007	8	umgeben	VERB	VVPP		Part						
14023007	9	ein	DET	ART					S		Nom	N
14023007	10	jeder	PRON	PIS					S		Nom	M
14023007	11	mit	ADP	APPR								
14023007	12	sein	DET	PPOSAT					S		Acc	M
14023007	13	Waffe	NOUN	NN					P		Nom	F
14023007	14	in	ADP	APPR								
14023007	15	sein	DET	PPOSAT					S		Dat	F
14023007	16	Hand	NOUN	NN					S		Nom	F
14023007	17	und	CCONJ	KON								
14023007	18	wer	PRON	PWS					S		Nom	M
14023007	19	in	ADP	APPR								
14023007	20	der	DET	ART					S		Nom	N
14023007	21	Haus	NOUN	NN					S		Nom	N
14023007	22	hineingehen	VERB	VVFIN		Fin	Pres	3	S	Ind		
14023007	23	sollen	AUX	VMFIN		Fin	Pres	3	S	Ind		
14023007	24	töten	VERB	VVPP		Part						
14023007	25	werden	AUX	VAFIN		Fin	Pres	3	P	Ind		
14023007	26	und	CCONJ	KON								
14023007	27	ihr	PRON	PPOSAT				3	S		Dat	F
14023007	28	sollten	AUX	VMFIN		Fin	Pres	3	S	Ind		
14023007	29	bei	ADP	APPR								
14023007	30	der	DET	ART					S		Dat	M
14023007	31	König	NOUN	NN					S		Nom	M
14023007	32	sein	AUX	VAINF		Inf						
14023007	33	wenn	SCONJ	KOUS								
14023007	34	er	PRON	PPER				3	S		Nom	M
14023007	35	eingehen	VERB	VVFIN		Fin	Pres	3	S	Ind		
14023007	36	und	CCONJ	KON								
14023007	37	wenn	SCONJ	KOUS								
14023007	38	er	PRON	PPER				3	S		Nom	M
14023007	39	ausgehen	VERB	VVFIN		Fin	Pres	3	S	Ind		
14023008	1	und	CCONJ	KON								
14023008	2	der	DET	ART					S		Nom	F
14023008	3	Levit	NOUN	NN					P		Nom	M
14023008	4	und	CCONJ	KON								
14023008	5	ganz	ADV	ADV								
14023008	6	Juda	PROPN	NE					S		Nom	M
14023008	7	tun	VERB	VVFIN		Fin	Past	3	P	Ind		
14023008	8	nach	ADP	APPR								
14023008	9	alle	PRON	PIS					S		Dat	N
14023008	10	was	PRON	PWS					S		Nom	N
14023008	11	der	DET	ART					S		Nom	M
14023008	12	Priester	NOUN	NN					P		Nom	M
14023008	13	Jojada	PROPN	NE					S		Nom	
14023008	14	gebieten	VERB	VVPP		Part						
14023008	15	haben	AUX	VAFIN		Fin	Past	3	S	Ind		
14023008	16	und	CCONJ	KON								
14023008	17	sie	PRON	PPER				3	P		Nom	
14023008	18	nehmen	VERB	VVFIN		Fin	Past	3	P	Ind		
14023008	19	ein	DET	ART					S		Nom	N
14023008	20	jeder	PRON	PIS					S		Nom	M
14023008	21	sein	DET	PPOSAT					S		Nom	F
14023008	22	Mann	NOUN	NN					P		Nom	M
14023008	23	der	DET	ART					S		Nom	F
14023008	24	an	ADP	APPRART					S		Dat	M
14023008	25	Sabbath	PROPN	NE					S		Nom	M
14023008	26	antretend	VERB	VVINF		Inf						
14023008	27	samt	ADP	APPR								
14023008	28	der	DET	ART					S		Acc	M
14023008	29	an	ADP	APPRART					S		Dat	M
14023008	30	Sabbath	PROPN	NE					S		Nom	M
14023008	31	abtretend	ADJ	ADJA	Pos				S		Dat	M
14023008	32	denn	CCONJ	KON								
14023008	33	der	DET	ART					S		Nom	M
14023008	34	Priester	NOUN	NN					P		Nom	M
14023008	35	Jojada	PROPN	NE					S		Nom	
14023008	36	haben	AUX	VAFIN		Fin	Past	3	S	Ind		
14023008	37	der	DET	ART					S		Nom	F
14023008	38	Abteilung	NOUN	NN					P		Nom	F
14023008	39	nicht	PART	PTKNEG								
14023008	40	entlassen	VERB	VVPP		Part						
14023009	1	und	CCONJ	KON								
14023009	2	der	DET	ART					S		Nom	M
14023009	3	Priester	NOUN	NN					P		Nom	M
14023009	4	Jojada	PROPN	NE					S		Nom	
14023009	5	geben	VERB	VVFIN		Fin	Past	3	S	Ind		
14023009	6	der	DET	ART					S		Acc	M
14023009	7	oberer	ADJ	ADJA	Sup				S		Dat	F
14023009	8	über	ADP	APPR								
14023009	9	hundert	NUM	CARD								
14023009	10	der	DET	ART					S		Nom	F
14023009	11	Speer	NOUN	NN					P		Nom	N
14023009	12	und	CCONJ	KON								
14023009	13	der	DET	ART					S		Nom	F
14023009	14	Tartschen	NOUN	NN					S		Nom	N
14023009	15	und	CCONJ	KON								
14023009	16	der	DET	ART					S		Nom	F
14023009	17	Schild	NOUN	NN					P		Nom	N
14023009	18	welcher	DET	PWAT					S		Nom	F
14023009	19	der	DET	ART					S		Dat	M
14023009	20	König	NOUN	NN					S		Nom	M
14023009	21	David	PROPN	NE					S		Nom	M
14023009	22	gehören	VERB	VVFIN		Fin	Pres	3	S	Ind		
14023009	23	haben	AUX	VAFIN		Fin	Past	3	P	Ind		
14023009	24	der	DET	ART					S		Nom	F
14023009	25	in	ADP	APPRART					S		Dat	N
14023009	26	Haus	NOUN	NN					P		Nom	N
14023009	27	Gott	NOUN	NN					S		Gen	M
14023009	28	sein	AUX	VAFIN		Fin	Past	3	P	Ind		
14023010	1	und	CCONJ	KON								
14023010	2	er	PRON	PPER				3	S		Nom	M
14023010	3	stellen	VERB	VVFIN		Fin	Past	3	S	Ind		
14023010	4	alle	PRON	PIS					S		Nom	N
14023010	5	Volk	NOUN	NN					S		Nom	N
14023010	6	auf	ADP	PTKVZ								
14023010	7	und	CCONJ	KON								
14023010	8	zwar	ADV	ADV								
14023010	9	ein	DET	ART					S		Acc	M
14023010	10	jeder	DET	PIS					S		Acc	M
14023010	11	mit	ADP	APPR								
14023010	12	sein	DET	PPOSAT					S		Dat	F
14023010	13	Waffe	NOUN	NN					S		Nom	F
14023010	14	in	ADP	APPR								
14023010	15	sein	DET	PPOSAT					S		Dat	F
14023010	16	Hand	NOUN	NN					S		Nom	F
14023010	17	von	ADP	APPR								
14023010	18	der	DET	ART					S		Nom	M
14023010	19	rechter	ADJ	ADJA	Pos				S		Dat	N
14023010	20	Seite	NOUN	NN					S		Nom	F
14023010	21	der	DET	ART					S		Gen	M
14023010	22	Haus	NOUN	NN					S		Gen	N
14023010	23	bis	CCONJ	KON								
14023010	24	zu	ADP	APPRART					S		Dat	F
14023010	25	linker	PRON	ADJA					P		Dat	
14023010	26	Seite	NOUN	NN					S		Nom	F
14023010	27	der	DET	ART					S		Gen	M
14023010	28	Haus	NOUN	NN					S		Gen	N
14023010	29	gegen	ADP	APPR								
14023010	30	der	DET	ART					S		Acc	M
14023010	31	Altar	NOUN	NN					S		Nom	M
14023010	32	und	CCONJ	KON								
14023010	33	gegen	ADP	APPR								
14023010	34	der	DET	ART					S		Nom	N
14023010	35	Haus	NOUN	NN					S		Nom	N
14023010	36	hin	ADV	ADV								
14023010	37	rings	ADV	ADV								
14023010	38	um	ADP	APPR								
14023010	39	der	DET	ART					S		Acc	M
14023010	40	König	NOUN	NN					S		Nom	M
14023011	1	und	CCONJ	KON								
14023011	2	sie	PRON	PPER				3	P		Nom	
14023011	3	führen	VERB	VVFIN		Fin	Past	3	P	Ind		
14023011	4	der	DET	ART					S		Acc	M
14023011	5	Sohn	NOUN	NN					S		Nom	M
14023011	6	der	DET	ART					S		Gen	M
14023011	7	König	PROPN	NE					S		Nom	
14023011	8	heraus	ADV	PTKVZ								
14023011	9	und	CCONJ	KON								
14023011	10	setzen	VERB	VVFIN		Fin	Past	3	P	Ind		
14023011	11	ihm	PRON	PPER				3	S		Dat	M
14023011	12	der	DET	ART					S		Nom	F
14023011	13	Krone	NOUN	NN					S		Nom	F
14023011	14	auf	ADP	PTKVZ								
14023011	15	und	CCONJ	KON								
14023011	16	geben	VERB	VVFIN		Fin	Past	3	P	Ind		
14023011	17	ihm	PRON	PPER				3	S		Dat	M
14023011	18	der	DET	ART					S		Nom	N
14023011	19	Zeugnis	NOUN	NN					S		Nom	N
14023011	20	und	CCONJ	KON								
14023011	21	sie	PRON	PPER				3	P		Nom	
14023011	22	machen	VERB	VVFIN		Fin	Past	3	P	Ind		
14023011	23	ihn	PRON	PPER				3	S		Acc	M
14023011	24	zu	ADP	APPRART					S		Dat	N
14023011	25	König	NOUN	NN					S		Nom	M
14023011	26	und	CCONJ	KON								
14023011	27	Jojada	PROPN	NE					S		Nom	
14023011	28	und	CCONJ	KON								
14023011	29	sein	DET	PPOSAT					S		Nom	F
14023011	30	Sohn	NOUN	NN					P		Nom	M
14023011	31	salbten	VERB	VVFIN		Fin	Pres	3	P	Ind		
14023011	32	ihn	PRON	PPER				3	S		Acc	M
14023011	33	und	CCONJ	KON								
14023011	34	rufen	VERB	VVFIN		Fin	Past	3	P	Ind		
14023011	35	es	PRON	PPER				3	S		Nom	N
14023011	36	leben	VERB	VVFIN		Fin	Pres	3	S	Sub		
14023011	37	der	DET	ART					S		Nom	M
14023011	38	König	NOUN	NN					S		Nom	M
14023012	1	und	CCONJ	KON								
14023012	2	als	ADP	KOKOM								
14023012	3	athalja	PROPN	NE					S		Nom	
14023012	4	der	DET	ART					S		Nom	N
14023012	5	Geschrei	NOUN	NN					S		Nom	N
14023012	6	der	DET	ART					S		Gen	M
14023012	7	Volk	NOUN	NN					S		Gen	N
14023012	8	hören	VERB	VVFIN		Fin	Past	3	S	Ind		
14023012	9	der	DET	ART					S		Nom	N
14023012	10	Herzulief	PROPN	NE					S		Nom	N
14023012	11	und	CCONJ	KON								
14023012	12	der	DET	ART					S		Acc	M
14023012	13	König	NOUN	NN					S		Nom	M
14023012	14	pries	VERB	VVFIN		Fin	Past	3	S	Ind		
14023012	15	kommen	VERB	VVFIN		Fin	Past	3	S	Ind		
14023012	16	sie	PRON	PPER				3	P		Nom	
14023012	17	zu	ADP	PTKVZ								
14023012	18	der	DET	ART					S		Dat	M
14023012	19	Volke	NOUN	NN					S		Nom	M
14023012	20	in	ADP	APPR								
14023012	21	der	DET	ART					S		Nom	N
14023012	22	Haus	NOUN	NN					S		Nom	N
14023012	23	Jahwe	PROPN	NE					S		Gen	
14023013	1	und	CCONJ	KON								
14023013	2	sie	PRON	PPER				3	P		Nom	
14023013	3	sehen	VERB	VVFIN		Fin	Past	3	S	Ind		
14023013	4	und	CCONJ	KON								
14023013	5	sehen	VERB	VVIMP				2	S	Imp		
14023013	6	der	DET	ART					S		Nom	M
14023013	7	König	NOUN	NN					S		Nom	M
14023013	8	stehen	VERB	VVFIN		Fin	Past	3	S	Ind		
14023013	9	auf	ADP	PTKVZ								
14023013	10	sein	DET	PPOSAT					S		Dat	M
14023013	11	Standort	NOUN	NN					P		Nom	M
14023013	12	an	ADP	APPRART					S		Dat	M
14023013	13	Eingang	NOUN	NN					S		Nom	M
14023013	14	und	CCONJ	KON								
14023013	15	der	DET	ART					S		Nom	F
14023013	16	oberer	ADJ	ADJA	Sup				S		Dat	F
14023013	17	und	CCONJ	KON								
14023013	18	der	DET	ART					S		Nom	F
14023013	19	Trompeter	NOUN	NN					S		Nom	M
14023013	20	bei	ADP	APPR								
14023013	21	der	DET	ART					S		Dat	M
14023013	22	König	NOUN	NN					S		Nom	M
14023013	23	und	CCONJ	KON								
14023013	24	alle	PRON	PIS					S		Nom	N
14023013	25	Volk	NOUN	NN					S		Nom	N
14023013	26	der	DET	ART					S		Gen	M
14023013	27	Land	NOUN	NN					S		Gen	N
14023013	28	sein	AUX	VAFIN		Fin	Past	3	S	Ind		
14023013	29	fröhlich	ADV	ADJD	Pos							
14023013	30	und	CCONJ	KON								
14023013	31	stoßen	VERB	VVFIN		Fin	Past	3	S	Ind		
14023013	32	in	ADP	APPR								
14023013	33	der	DET	ART					S		Nom	F
14023013	34	Trompet	NOUN	NN					P		Nom	F
14023013	35	und	CCONJ	KON								
14023013	36	der	DET	ART					S		Nom	F
14023013	37	Sänger	NOUN	NN					P		Nom	M
14023013	38	sein	AUX	VAFIN		Fin	Past	3	P	Ind		
14023013	39	da	ADV	ADV								
14023013	40	mit	ADP	APPR								
14023013	41	Musikinstrument	NOUN	NN					P		Nom	F
14023013	42	und	CCONJ	KON								
14023013	43	leiten	VERB	VVFIN		Fin	Past	3	P	Ind		
14023013	44	der	DET	ART					S		Acc	M
14023013	45	Lobgesang	NOUN	NN					S		Nom	M
14023013	46	da	SCONJ	KOUS								
14023013	47	zerriß	VERB	VVFIN		Fin	Past	3	S	Ind		
14023013	48	athalja	PROPN	NE					S		Nom	
14023013	49	ihr	DET	PPOSAT					S		Nom	F
14023013	50	Kleid	NOUN	NN					P		Nom	N
14023013	51	und	CCONJ	KON								
14023013	52	rufen	VERB	VVFIN		Fin	Past	3	S	Ind		
14023013	53	Verschwörung	NOUN	NN					S		Nom	F
14023013	54	Verschwörung	NOUN	NN					S		Nom	F
14023014	1	und	CCONJ	KON								
14023014	2	der	DET	ART					S		Nom	M
14023014	3	Priester	NOUN	NN					P		Nom	M
14023014	4	Jojada	PROPN	NE					S		Nom	
14023014	5	lassen	VERB	VVFIN		Fin	Past	3	S	Ind		
14023014	6	der	DET	ART					S		Nom	F
14023014	7	oberer	ADJ	ADJA	Sup				S		Dat	F
14023014	8	über	ADP	APPR								
14023014	9	hundert	NUM	CARD								
14023014	10	der	DET	ART					S		Nom	F
14023014	11	über	ADP	APPR								
14023014	12	der	DET	ART					S		Nom	N
14023014	13	Heer	NOUN	NN					S		Nom	N
14023014	14	bestellen	VERB	VVPP		Part						
14023014	15	sein	AUX	VAFIN		Fin	Past	3	P	Ind		
14023014	16	heraustreten	VERB	VVINF		Inf						
14023014	17	und	CCONJ	KON								
14023014	18	sprechen	VERB	VVFIN		Fin	Past	3	S	Ind		
14023014	19	zu	ADP	PTKVZ								
14023014	20	ihnen	PRON	PPER				3	P		Dat	
14023014	21	Führet	NOUN	NN					S		Nom	N
14023014	22	sie	PRON	PPER				3	P		Nom	
14023014	23	hinaus	ADP	APZR								
14023014	24	außerhalb	ADP	APPR								
14023014	25	der	DET	ART					S		Nom	M
14023014	26	Reihe	NOUN	NN					P		Nom	F
14023014	27	und	CCONJ	KON								
14023014	28	wer	PRON	PWS					S		Nom	M
14023014	29	ihr	PRON	PPOSAT				3	S		Dat	F
14023014	30	folgen	VERB	VVFIN		Fin	Pres	3	S	Ind		
14023014	31	sollen	AUX	VMFIN		Fin	Pres	3	S	Ind		
14023014	32	mit	ADP	APPR								
14023014	33	der	DET	ART					S		Dat	M
14023014	34	schwerte	NOUN	NN					P		Nom	
14023014	35	töten	VERB	VVPP		Part						
14023014	36	werden	AUX	VAFIN		Fin	Pres	3	P	Ind		
14023014	37	denn	CCONJ	KON								
14023014	38	der	DET	ART					S		Nom	M
14023014	39	Priester	NOUN	NN					P		Nom	M
14023014	40	sprechen	VERB	VVFIN		Fin	Past	3	S	Ind		
14023014	41	ihr	PRON	PPER				2	P		Nom	
14023014	42	sollten	AUX	VMFIN		Fin	Pres	3	S	Ind		
14023014	43	sie	PRON	PPER				3	P		Nom	
14023014	44	nicht	PART	PTKNEG								
14023014	45	in	ADP	APPR								
14023014	46	der	DET	ART					S		Dat	M
14023014	47	Haus	NOUN	NN					P		Nom	N
14023014	48	Jahwe	PROPN	NE					S		Gen	
14023014	49	töten	VERB	VVINF		Inf						
14023015	1	und	CCONJ	KON								
14023015	2	sie	PRON	PPER				3	P		Nom	
14023015	3	machen	VERB	VVFIN		Fin	Past	3	P	Ind		
14023015	4	ihr	PRON	PPOSAT				3	S		Dat	F
14023015	5	Platz	NOUN	NN					S		Nom	M
14023015	6	und	CCONJ	KON								
14023015	7	sie	PRON	PPER				3	P		Nom	
14023015	8	gehen	VERB	VVFIN		Fin	Past	3	S	Ind		
14023015	9	durch	ADP	APPR								
14023015	10	der	DET	ART					S		Acc	M
14023015	11	Eingang	NOUN	NN					S		Nom	M
14023015	12	der	DET	ART					S		Gen	M
14023015	13	Roßtore	PROPN	NE					S		Nom	M
14023015	14	in	ADP	APPR								
14023015	15	der	DET	ART					S		Nom	N
14023015	16	Haus	NOUN	NN					S		Nom	N
14023015	17	der	DET	ART					S		Gen	M
14023015	18	König	PROPN	NE					S		Nom	
14023015	19	und	CCONJ	KON								
14023015	20	sie	PRON	PPER				3	P		Nom	
14023015	21	töten	VERB	VVFIN		Fin	Past	3	P	Ind		
14023015	22	sie	PRON	PPER				3	P		Nom	
14023015	23	daselbst	ADV	PROAV								
14023016	1	und	CCONJ	KON								
14023016	2	Jojada	PROPN	NE					S		Nom	
14023016	3	machen	VERB	VVFIN		Fin	Past	3	S	Ind		
14023016	4	ein	DET	ART					S		Acc	M
14023016	5	Bund	NOUN	NN					S		Nom	M
14023016	6	zwischen	ADP	APPR								
14023016	7	sich	PRON	PRF				3	S		Acc	
14023016	8	und	CCONJ	KON								
14023016	9	der	DET	ART					S		Dat	M
14023016	10	ganz	PRON	ADJA					S		Nom	M
14023016	11	Volke	NOUN	NN					S		Nom	M
14023016	12	und	CCONJ	KON								
14023016	13	der	DET	ART					S		Dat	M
14023016	14	König	NOUN	NN					S		Nom	M
14023016	15	daß	SCONJ	KOUS								
14023016	16	sie	PRON	PPER				3	P		Nom	
14023016	17	der	DET	ART					S		Nom	N
14023016	18	Volk	NOUN	NN					S		Nom	N
14023016	19	Jahwe	PROPN	NE					S		Gen	
14023016	20	sein	AUX	VAINF		Inf						
14023016	21	sollen	AUX	VMFIN		Fin	Past	3	P	Ind		
14023017	1	da	SCONJ	KOUS								
14023017	2	gehen	VERB	VVFIN		Fin	Past	3	S	Ind		
14023017	3	alle	PRON	PIS					S		Nom	N
14023017	4	Volk	NOUN	NN					S		Nom	N
14023017	5	in	ADP	APPR								
14023017	6	der	DET	ART					S		Nom	N
14023017	7	Haus	NOUN	NN					S		Nom	N
14023017	8	der	DET	ART					S		Gen	M
14023017	9	Baal	PROPN	NE					S		Nom	M
14023017	10	und	CCONJ	KON								
14023017	11	reißen	VERB	VVFIN		Fin	Past	3	S	Ind		
14023017	12	es	PRON	PPER				3	S		Nom	N
14023017	13	nieder	ADV	PTKVZ								
14023017	14	und	CCONJ	KON								
14023017	15	sie	PRON	PPER				3	P		Nom	
14023017	16	zerschlugen	VERB	VVFIN		Fin	Past	3	P	Ind		
14023017	17	sein	DET	PPOSAT					S		Nom	F
14023017	18	Altär	NOUN	NN					P		Nom	M
14023017	19	und	CCONJ	KON								
14023017	20	sein	DET	PPOSAT					S		Nom	F
14023017	21	Bild	NOUN	NN					P		Nom	N
14023017	22	und	CCONJ	KON								
14023017	23	Mattan	PROPN	NE					S		Nom	
14023017	24	der	DET	ART					S		Acc	M
14023017	25	Priester	NOUN	NN					P		Nom	M
14023017	26	der	DET	ART					S		Gen	M
14023017	27	Baal	PROPN	NE					S		Nom	M
14023017	28	töten	VERB	VVFIN		Fin	Past	3	P	Ind		
14023017	29	sie	PRON	PPER				3	P		Nom	
14023017	30	vor	ADP	APPR								
14023017	31	der	DET	ART					S		Acc	M
14023017	32	Altär	NOUN	NN					P		Dat	M
14023018	1	und	CCONJ	KON								
14023018	2	Jojada	PROPN	NE					S		Nom	
14023018	3	legen	VERB	VVFIN		Fin	Past	3	S	Ind		
14023018	4	der	DET	ART					S		Nom	F
14023018	5	Amt	NOUN	NN					P		Nom	N
14023018	6	der	DET	ART					S		Gen	M
14023018	7	Haus	NOUN	NN					S		Gen	N
14023018	8	Jahwe	PROPN	NE					S		Gen	
14023018	9	in	ADP	APPR								
14023018	10	der	DET	ART					S		Nom	F
14023018	11	Hand	NOUN	NN					S		Nom	F
14023018	12	der	DET	ART					S		Nom	M
14023018	13	Priester	NOUN	NN					P		Nom	M
14023018	14	der	DET	ART					S		Nom	M
14023018	15	Levit	NOUN	NN					P		Nom	M
14023018	16	welcher	DET	PWAT					S		Nom	F
14023018	17	David	PROPN	NE					S		Nom	M
14023018	18	über	ADP	APPR								
14023018	19	der	DET	ART					S		Nom	N
14023018	20	Haus	NOUN	NN					S		Nom	N
14023018	21	Jahwe	PROPN	NE					S		Gen	
14023018	22	abteilen	VERB	VVPP		Part						
14023018	23	haben	AUX	VAFIN		Fin	Past	3	S	Ind		
14023018	24	um	ADP	APPR								
14023018	25	der	DET	ART					S		Nom	F
14023018	26	Brandopfer	NOUN	NN					S		Nom	M
14023018	27	Jahwe	PROPN	NE					S		Gen	
14023018	28	zu	ADP	PTKVZ								
14023018	29	opfern	VERB	VVINF		Inf						
14023018	30	wie	ADP	KOKOM								
14023018	31	in	ADP	APPR								
14023018	32	der	DET	ART					S		Dat	M
14023018	33	Gesetz	NOUN	NN					S		Nom	N
14023018	34	Moses	PROPN	NE					S		Nom	M
14023018	35	schreiben	VERB	VVPP		Part						
14023018	36	stehen	VERB	VVFIN		Fin	Pres	3	S	Ind		
14023018	37	mit	ADP	APPR								
14023018	38	Freude	NOUN	NN					P		Nom	F
14023018	39	und	CCONJ	KON								
14023018	40	mit	ADP	APPR								
14023018	41	Gesang	NOUN	NN					S		Nom	M
14023018	42	nach	ADP	APPR								
14023018	43	der	DET	ART					S		Nom	M
14023018	44	Anweisung	NOUN	NN					S		Nom	F
14023018	45	David	PROPN	NE					S		Gen	M
14023019	1	und	CCONJ	KON								
14023019	2	er	PRON	PPER				3	S		Nom	M
14023019	3	stellen	VERB	VVFIN		Fin	Past	3	S	Ind		
14023019	4	der	DET	ART					S		Nom	F
14023019	5	Torhüter	NOUN	NN					S		Nom	M
14023019	6	an	ADP	PTKVZ								
14023019	7	der	DET	ART					S		Nom	F
14023019	8	Tor	NOUN	NN					P		Nom	N
14023019	9	der	DET	ART					S		Gen	M
14023019	10	Haus	NOUN	NN					S		Gen	N
14023019	11	Jahwe	PROPN	NE					S		Gen	
14023019	12	daß	SCONJ	KOUS								
14023019	13	keiner	PRON	PIS					S		Nom	M
14023019	14	Hineinginge	NOUN	NN					P		Nom	M
14023019	15	der	DET	ART					S		Nom	M
14023019	16	irgendwie	ADV	ADV								
14023019	17	unrein	ADV	ADJD	Pos							
14023019	18	sein	AUX	VAFIN		Fin	Past	3	S	Sub		
14023020	1	und	CCONJ	KON								
14023020	2	er	PRON	PPER				3	S		Nom	M
14023020	3	nehmen	VERB	VVFIN		Fin	Past	3	S	Ind		
14023020	4	der	DET	ART					S		Nom	F
14023020	5	oberer	ADJ	ADJA	Sup				S		Dat	F
14023020	6	über	ADP	APPR								
14023020	7	hundert	NUM	CARD								
14023020	8	und	CCONJ	KON								
14023020	9	der	DET	ART					S		Nom	F
14023020	10	Vornehmen	NOUN	NN					P		Nom	N
14023020	11	und	CCONJ	KON								
14023020	12	der	DET	ART					S		Nom	F
14023020	13	Gebieter	NOUN	NN					P		Nom	M
14023020	14	in	ADP	APPRART					S		Dat	N
14023020	15	Volke	NOUN	NN					S		Nom	M
14023020	16	und	CCONJ	KON								
14023020	17	alle	PRON	PIS					S		Nom	N
14023020	18	Volk	NOUN	NN					S		Nom	N
14023020	19	der	DET	ART					S		Gen	M
14023020	20	Land	NOUN	NN					S		Gen	N
14023020	21	und	CCONJ	KON								
14023020	22	führen	VERB	VVFIN		Fin	Past	3	S	Ind		
14023020	23	der	DET	ART					S		Acc	M
14023020	24	König	NOUN	NN					S		Nom	M
14023020	25	aus	ADP	PTKVZ								
14023020	26	der	DET	ART					S		Dat	M
14023020	27	Haus	NOUN	NN					P		Nom	N
14023020	28	Jahwe	PROPN	NE					S		Gen	
14023020	29	Hinab	ADV	PTKVZ								
14023020	30	und	CCONJ	KON								
14023020	31	sie	PRON	PPER				3	P		Nom	
14023020	32	kommen	VERB	VVFIN		Fin	Past	3	P	Ind		
14023020	33	durch	ADP	APPR								
14023020	34	der	DET	ART					S		Nom	N
14023020	35	oberer	ADJ	ADJA	Pos				S		Nom	F
14023020	36	Tor	NOUN	NN					S		Nom	N
14023020	37	in	ADP	APPR								
14023020	38	der	DET	ART					S		Nom	N
14023020	39	Haus	NOUN	NN					S		Nom	N
14023020	40	der	DET	ART					S		Gen	M
14023020	41	König	PROPN	NE					S		Nom	
14023020	42	und	CCONJ	KON								
14023020	43	sie	PRON	PPER				3	P		Nom	
14023020	44	setzen	VERB	VVFIN		Fin	Past	3	P	Ind		
14023020	45	der	DET	ART					S		Acc	M
14023020	46	König	NOUN	NN					S		Nom	M
14023020	47	auf	ADP	PTKVZ								
14023020	48	der	DET	ART					S		Acc	M
14023020	49	Thron	NOUN	NN					S		Nom	M
14023020	50	der	DET	ART					S		Gen	M
14023020	51	Königreich	NOUN	NN					S		Gen	N
14023021	1	und	CCONJ	KON								
14023021	2	alle	PRON	PIS					S		Nom	N
14023021	3	Volk	NOUN	NN					S		Nom	N
14023021	4	der	DET	ART					S		Gen	M
14023021	5	Land	NOUN	NN					S		Gen	N
14023021	6	freuen	VERB	VVFIN		Fin	Past	3	S	Ind		
14023021	7	sich	PRON	PRF				3	S		Acc	
14023021	8	und	CCONJ	KON								
14023021	9	der	DET	ART					S		Nom	F
14023021	10	Stadt	NOUN	NN					S		Nom	F
14023021	11	haben	AUX	VAFIN		Fin	Past	3	S	Ind		
14023021	12	Ruhe	NOUN	NN					S		Nom	F
14023021	13	athalja	PROPN	NE					S		Nom	
14023021	14	aber	CCONJ	KON								
14023021	15	haben	AUX	VAFIN		Fin	Past	3	P	Ind		
14023021	16	sie	PRON	PPER				3	P		Nom	
14023021	17	mit	ADP	APPR								
14023021	18	der	DET	ART					S		Dat	M
14023021	19	schwerte	NOUN	NN					P		Nom	
14023021	20	töten	VERB	VVPP		Part						
14024001	1	sieben	NUM	CARD								
14024001	2	Jahr	NOUN	NN					P		Nom	N
14024001	3	sein	AUX	VAFIN		Fin	Past	3	S	Ind		
14024001	4	Joas	PROPN	NE					S		Nom	
14024001	5	alt	ADV	ADJD	Pos							
14024001	6	als	ADP	KOKOM								
14024001	7	er	PRON	PPER				3	S		Nom	M
14024001	8	König	NOUN	NN					S		Nom	M
14024001	9	werden	AUX	VAFIN		Fin	Past	3	S	Ind		
14024001	10	und	CCONJ	KON								
14024001	11	er	PRON	PPER				3	S		Nom	M
14024001	12	regieren	VERB	VVFIN		Fin	Past	3	S	Ind		
14024001	13	vierzig	NUM	CARD								
14024001	14	Jahr	NOUN	NN					P		Nom	N
14024001	15	zu	ADP	PTKVZ								
14024001	16	Jerusalem	PROPN	NE					S		Nom	N
14024001	17	und	CCONJ	KON								
14024001	18	der	DET	ART					S		Nom	M
14024001	19	Name	NOUN	NN					S		Nom	M
14024001	20	sein	DET	PPOSAT					S		Dat	F
14024001	21	Mutter	NOUN	NN					S		Nom	F
14024001	22	sein	AUX	VAFIN		Fin	Past	3	S	Ind		
14024001	23	Zibja	NOUN	NN					P		Nom	F
14024001	24	von	ADP	APPR								
14024001	25	Beerseba	PROPN	NE					S		Nom	N
14024002	1	und	CCONJ	KON								
14024002	2	Joas	PROPN	NE					S		Nom	
14024002	3	tun	VERB	VVFIN		Fin	Past	3	S	Ind		
14024002	4	was	PRON	PWS					S		Nom	N
14024002	5	Recht	NOUN	NN					S		Acc	N
14024002	6	sein	AUX	VAFIN		Fin	Past	3	S	Ind		
14024002	7	in	ADP	APPR								
14024002	8	der	DET	ART					S		Acc	M
14024002	9	Auge	NOUN	NN					P		Nom	N
14024002	10	Jahwe	PROPN	NE					S		Gen	
14024002	11	aller	PRON	PIS					P		Nom	
14024002	12	der	DET	ART					S		Nom	F
14024002	13	Tag	NOUN	NN					P		Nom	M
14024002	14	der	DET	ART					S		Gen	M
14024002	15	Priester	NOUN	NN					S		Gen	M
14024002	16	Jojada	PROPN	NE					S		Nom	
14024003	1	und	CCONJ	KON								
14024003	2	Jojada	PROPN	NE					S		Nom	
14024003	3	nehmen	VERB	VVFIN		Fin	Past	3	S	Ind		
14024003	4	ihm	PRON	PPER				3	S		Dat	M
14024003	5	zwei	NUM	CARD								
14024003	6	Weiber	NOUN	NN					P		Nom	M
14024003	7	und	CCONJ	KON								
14024003	8	er	PRON	PPER				3	S		Nom	M
14024003	9	zeugen	VERB	VVFIN		Fin	Past	3	S	Ind		
14024003	10	Sohn	NOUN	NN					P		Nom	M
14024003	11	und	CCONJ	KON								
14024003	12	Tochter	NOUN	NN					P		Nom	F
14024004	1	und	CCONJ	KON								
14024004	2	es	PRON	PPER				3	S		Nom	N
14024004	3	geschehen	VERB	VVFIN		Fin	Past	3	S	Ind		
14024004	4	Hernach	ADV	PROAV								
14024004	5	daß	SCONJ	KOUS								
14024004	6	Joas	PROPN	NE					S		Nom	
14024004	7	in	ADP	APPRART					S		Dat	N
14024004	8	Herz	NOUN	NN					S		Nom	N
14024004	9	haben	AUX	VAFIN		Fin	Past	3	S	Ind		
14024004	10	der	DET	ART					S		Nom	N
14024004	11	Haus	NOUN	NN					S		Nom	N
14024004	12	Jahwe	PROPN	NE					S		Gen	
14024004	13	zu	ADP	PTKVZ								
14024004	14	erneuern	VERB	VVINF		Inf						
14024005	1	und	CCONJ	KON								
14024005	2	er	PRON	PPER				3	S		Nom	M
14024005	3	versammeln	VERB	VVFIN		Fin	Past	3	S	Ind		
14024005	4	der	DET	ART					S		Nom	F
14024005	5	Priester	NOUN	NN					P		Nom	M
14024005	6	und	CCONJ	KON								
14024005	7	der	DET	ART					S		Nom	F
14024005	8	Levit	NOUN	NN					P		Nom	M
14024005	9	und	CCONJ	KON								
14024005	10	sprechen	VERB	VVFIN		Fin	Past	3	S	Ind		
14024005	11	zu	ADP	PTKVZ								
14024005	12	ihnen	PRON	PPER				3	P		Dat	
14024005	13	Ziehet	PROPN	NE					S		Nom	
14024005	14	aus	ADP	PTKVZ								
14024005	15	in	ADP	APPR								
14024005	16	der	DET	ART					S		Nom	F
14024005	17	Stadt	NOUN	NN					P		Nom	F
14024005	18	Judas	PROPN	NE					S		Nom	M
14024005	19	und	CCONJ	KON								
14024005	20	sammeln	VERB	VVFIN		Fin	Pres	3	S	Ind		
14024005	21	Geld	NOUN	NN					S		Nom	N
14024005	22	ein	DET	ART					S		Nom	N
14024005	23	von	ADP	APPR								
14024005	24	ganz	ADV	ADV								
14024005	25	Israel	PROPN	NE					S		Nom	N
14024005	26	um	ADP	APPR								
14024005	27	der	DET	ART					S		Nom	N
14024005	28	Haus	NOUN	NN					S		Nom	N
14024005	29	eures	DET	PPOSAT					S		Nom	N
14024005	30	Gott	NOUN	NN					S		Gen	M
14024005	31	ausbessern	VERB	VVIZU		Inf						
14024005	32	von	ADP	APPR								
14024005	33	Jahr	NOUN	NN					S		Nom	N
14024005	34	zu	ADP	PTKVZ								
14024005	35	Jahr	NOUN	NN					S		Nom	N
14024005	36	und	CCONJ	KON								
14024005	37	ihr	PRON	PPOSAT				3	S		Dat	F
14024005	38	sollten	AUX	VMFIN		Fin	Pres	3	S	Ind		
14024005	39	mit	ADP	APPR								
14024005	40	der	DET	ART					S		Nom	M
14024005	41	Sache	NOUN	NN					S		Nom	F
14024005	42	eilen	VERB	VVINF		Inf						
14024005	43	aber	CCONJ	KON								
14024005	44	der	DET	ART					S		Nom	F
14024005	45	Levit	NOUN	NN					P		Nom	M
14024005	46	eilen	VERB	VVFIN		Fin	Past	3	P	Ind		
14024005	47	nicht	PART	PTKNEG								
14024006	1	da	SCONJ	KOUS								
14024006	2	rufen	VERB	VVFIN		Fin	Past	3	S	Ind		
14024006	3	der	DET	ART					S		Nom	M
14024006	4	König	NOUN	NN					S		Nom	M
14024006	5	Jojada	PROPN	NE					S		Nom	
14024006	6	der	DET	ART					S		Nom	N
14024006	7	Haupt	NOUN	NN					S		Nom	N
14024006	8	und	CCONJ	KON								
14024006	9	sprechen	VERB	VVFIN		Fin	Past	3	S	Ind		
14024006	10	zu	ADP	PTKVZ								
14024006	11	ihm	PRON	PPER				3	S		Dat	M
14024006	12	warum	ADV	PWAV								
14024006	13	haben	AUX	VAFIN		Fin	Pres	2	S	Ind		
14024006	14	du	PRON	PPER				2	S		Nom	
14024006	15	der	DET	ART					S		Nom	F
14024006	16	Levit	NOUN	NN					P		Nom	M
14024006	17	nicht	PART	PTKNEG								
14024006	18	auffordern	VERB	VVPP		Part						
14024006	19	aus	ADP	PTKVZ								
14024006	20	Juda	PROPN	NE					S		Nom	M
14024006	21	und	CCONJ	KON								
14024006	22	Jerusalem	PROPN	NE					S		Nom	N
14024006	23	der	DET	ART					S		Nom	F
14024006	24	Steuer	NOUN	NN					S		Nom	F
14024006	25	einbringen	VERB	VVIZU		Inf						
14024006	26	welcher	DET	PWAT					S		Nom	F
14024006	27	Mose	PROPN	NE					S		Nom	
14024006	28	der	DET	ART					S		Nom	M
14024006	29	Knecht	NOUN	NN					S		Nom	M
14024006	30	Jahwe	PROPN	NE					S		Gen	
14024006	31	der	DET	ART					S		Nom	M
14024006	32	Versammlung	NOUN	NN					S		Nom	F
14024006	33	Israel	PROPN	NE					S		Gen	N
14024006	34	für	ADP	APPR								
14024006	35	der	DET	ART					S		Nom	N
14024006	36	Zelt	NOUN	NN					S		Nom	N
14024006	37	der	DET	ART					S		Gen	M
14024006	38	Zeugnisse	NOUN	NN					S		Gen	M
14024006	39	auferlegen	VERB	VVPP		Part						
14024006	40	haben	AUX	VAFIN		Fin	Pres	3	S	Ind		
14024007	1	denn	CCONJ	KON								
14024007	2	der	DET	ART					S		Nom	F
14024007	3	gottlos	ADJ	ADJA	Pos				S		Nom	F
14024007	4	athalja	PROPN	NE					S		Nom	
14024007	5	und	CCONJ	KON								
14024007	6	ihr	DET	PPOSAT					S		Nom	F
14024007	7	Sohn	NOUN	NN					P		Nom	M
14024007	8	haben	AUX	VAFIN		Fin	Pres	3	P	Ind		
14024007	9	der	DET	ART					S		Nom	N
14024007	10	Haus	NOUN	NN					S		Nom	N
14024007	11	Gott	NOUN	NN					S		Gen	M
14024007	12	zerstören	VERB	VVPP		Part						
14024007	13	und	CCONJ	KON								
14024007	14	haben	AUX	VAFIN		Fin	Pres	3	P	Ind		
14024007	15	auch	ADV	ADV								
14024007	16	aller	PRON	PIS					P		Nom	
14024007	17	geheiligt	ADJ	ADJA	Pos				S		Acc	M
14024007	18	Ding	NOUN	NN					P		Nom	N
14024007	19	der	DET	ART					S		Gen	M
14024007	20	Haus	NOUN	NN					S		Gen	N
14024007	21	Jahwe	PROPN	NE					S		Gen	
14024007	22	für	ADP	APPR								
14024007	23	der	DET	ART					S		Nom	F
14024007	24	Baalim	PROPN	NE					S		Nom	N
14024007	25	verwenden	VERB	VVFIN		Fin	Pres	3	S	Ind		
14024008	1	und	CCONJ	KON								
14024008	2	der	DET	ART					S		Nom	M
14024008	3	König	NOUN	NN					S		Nom	M
14024008	4	befehlen	VERB	VVFIN		Fin	Past	3	S	Ind		
14024008	5	und	CCONJ	KON								
14024008	6	man	PRON	PIS					S		Nom	
14024008	7	machen	VERB	VVFIN		Fin	Past	3	S	Ind		
14024008	8	ein	DET	ART					S		Nom	F
14024008	9	lade	NOUN	NN					S		Nom	F
14024008	10	und	CCONJ	KON								
14024008	11	stellen	VERB	VVFIN		Fin	Past	3	S	Ind		
14024008	12	sie	PRON	PPER				3	P		Nom	
14024008	13	an	ADP	PTKVZ								
14024008	14	der	DET	ART					S		Nom	N
14024008	15	Tor	NOUN	NN					S		Nom	N
14024008	16	der	DET	ART					S		Gen	M
14024008	17	Haus	NOUN	NN					S		Gen	N
14024008	18	Jahwe	PROPN	NE					S		Gen	
14024008	19	auswärts	ADV	ADV								
14024009	1	und	CCONJ	KON								
14024009	2	man	PRON	PIS					S		Nom	
14024009	3	rufen	VERB	VVFIN		Fin	Past	3	S	Ind		
14024009	4	in	ADP	APPR								
14024009	5	Juda	PROPN	NE					S		Nom	M
14024009	6	und	CCONJ	KON								
14024009	7	in	ADP	APPR								
14024009	8	Jerusalem	PROPN	NE					S		Nom	N
14024009	9	aus	ADP	PTKVZ								
14024009	10	daß	SCONJ	KOUS								
14024009	11	man	PRON	PIS					S		Nom	
14024009	12	Jahwe	NOUN	NN					S		Nom	M
14024009	13	der	DET	ART					S		Nom	F
14024009	14	Steuer	NOUN	NN					S		Nom	F
14024009	15	Moses	PROPN	NE					S		Nom	M
14024009	16	der	DET	ART					S		Gen	M
14024009	17	Knecht	NOUN	NN					S		Gen	M
14024009	18	Gott	NOUN	NN					S		Gen	M
14024009	19	bringen	VERB	VVINF		Inf						
14024009	20	sollen	AUX	VMFIN		Fin	Past	3	S	Ind		
14024009	21	welcher	DET	PWAT					S		Nom	F
14024009	22	er	PRON	PPER				3	S		Nom	M
14024009	23	Israel	PROPN	NE					S		Nom	N
14024009	24	in	ADP	APPR								
14024009	25	der	DET	ART					S		Nom	M
14024009	26	Wüste	NOUN	NN					S		Nom	F
14024009	27	auferlegen	VERB	VVPP		Part						
14024009	28	haben	AUX	VAFIN		Fin	Past	3	S	Ind		
14024010	1	da	SCONJ	KOUS								
14024010	2	freuen	VERB	VVFIN		Fin	Past	3	P	Ind		
14024010	3	sich	PRON	PRF				3	S		Acc	
14024010	4	aller	PRON	PIS					P		Nom	
14024010	5	oberer	ADJ	ADJA	Sup				S		Dat	F
14024010	6	und	CCONJ	KON								
14024010	7	der	DET	ART					S		Nom	N
14024010	8	ganz	ADJ	ADJA	Pos				S		Nom	F
14024010	9	Volk	NOUN	NN					S		Nom	N
14024010	10	und	CCONJ	KON								
14024010	11	sie	PRON	PPER				3	P		Nom	
14024010	12	bringen	VERB	VVFIN		Fin	Past	3	P	Ind		
14024010	13	und	CCONJ	KON								
14024010	14	werfen	VERB	VVFIN		Fin	Past	3	P	Ind		
14024010	15	in	ADP	APPR								
14024010	16	der	DET	ART					S		Nom	F
14024010	17	lade	NOUN	NN					S		Nom	F
14024010	18	bis	CCONJ	KON								
14024010	19	man	PRON	PIS					S		Nom	
14024010	20	fertig	ADV	ADJD	Pos							
14024010	21	sein	AUX	VAFIN		Fin	Past	3	S	Ind		
14024011	1	und	CCONJ	KON								
14024011	2	es	PRON	PPER				3	S		Nom	N
14024011	3	geschehen	VERB	VVFIN		Fin	Past	3	S	Ind		
14024011	4	zu	ADP	APPRART					S		Dat	F
14024011	5	Zeit	NOUN	NN					S		Nom	F
14024011	6	wenn	SCONJ	KOUS								
14024011	7	man	PRON	PIS					S		Nom	
14024011	8	der	DET	ART					S		Nom	F
14024011	9	lade	NOUN	NN					S		Nom	F
14024011	10	durch	ADP	APPR								
14024011	11	der	DET	ART					S		Nom	F
14024011	12	Levit	NOUN	NN					P		Nom	M
14024011	13	zu	ADP	APPRART					S		Dat	N
14024011	14	Amt	NOUN	NN					S		Nom	N
14024011	15	der	DET	ART					S		Gen	M
14024011	16	König	PROPN	NE					S		Nom	
14024011	17	bringen	VERB	VVFIN		Fin	Past	3	S	Ind		
14024011	18	und	CCONJ	KON								
14024011	19	wenn	SCONJ	KOUS								
14024011	20	man	PRON	PIS					S		Nom	
14024011	21	sehen	VERB	VVFIN		Fin	Past	3	S	Ind		
14024011	22	daß	SCONJ	KOUS								
14024011	23	viel	PRON	PIS								
14024011	24	Geld	NOUN	NN					S		Nom	N
14024011	25	darin	ADV	PROAV								
14024011	26	sein	AUX	VAFIN		Fin	Past	3	S	Ind		
14024011	27	so	ADV	ADV								
14024011	28	kommen	VERB	VVFIN		Fin	Past	3	P	Ind		
14024011	29	der	DET	ART					S		Nom	M
14024011	30	Schreiber	PROPN	NE					S		Nom	M
14024011	31	der	DET	ART					S		Gen	M
14024011	32	König	PROPN	NE					S		Nom	
14024011	33	und	CCONJ	KON								
14024011	34	der	DET	ART					S		Nom	M
14024011	35	Beamter	NOUN	NN					P		Nom	M
14024011	36	der	DET	ART					S		Gen	M
14024011	37	Hauptpriester	PROPN	NE					S		Gen	
14024011	38	und	CCONJ	KON								
14024011	39	leern	VERB	ADJA		Fin	Past	3	P	Ind		
14024011	40	der	DET	ART					S		Nom	F
14024011	41	lade	NOUN	NN					S		Nom	F
14024011	42	aus	ADP	PTKVZ								
14024011	43	und	CCONJ	KON								
14024011	44	sie	PRON	PPER				3	P		Nom	
14024011	45	tragen	VERB	VVFIN		Fin	Past	3	P	Ind		
14024011	46	sie	PRON	PPER				3	P		Nom	
14024011	47	und	CCONJ	KON								
14024011	48	bringen	VERB	VVFIN		Fin	Past	3	P	Ind		
14024011	49	sie	PRON	PPER				3	P		Nom	
14024011	50	wieder	ADV	ADV								
14024011	51	an	ADP	PTKVZ								
14024011	52	ihr	DET	PPOSAT					S		Acc	M
14024011	53	Ort	NOUN	NN					S		Nom	M
14024011	54	so	ADV	ADV								
14024011	55	tun	VERB	VVFIN		Fin	Past	3	P	Ind		
14024011	56	sie	PRON	PPER				3	P		Nom	
14024011	57	Tag	NOUN	NN					S		Nom	M
14024011	58	für	ADP	APPR								
14024011	59	Tag	NOUN	NN					S		Nom	M
14024011	60	und	CCONJ	KON								
14024011	61	sammeln	VERB	VVFIN		Fin	Past	3	P	Ind		
14024011	62	Geld	NOUN	NN					S		Nom	N
14024011	63	in	ADP	APPR								
14024011	64	Menge	NOUN	NN					S		Nom	F
14024012	1	und	CCONJ	KON								
14024012	2	der	DET	ART					S		Nom	M
14024012	3	König	NOUN	NN					S		Nom	M
14024012	4	und	CCONJ	KON								
14024012	5	Jojada	PROPN	NE					S		Nom	
14024012	6	geben	VERB	VVFIN		Fin	Past	3	P	Ind		
14024012	7	es	PRON	PPER				3	S		Nom	N
14024012	8	der	PRON	PDS					P		Dat	
14024012	9	welcher	DET	PWAT					S		Nom	F
14024012	10	der	DET	ART					S		Nom	N
14024012	11	Werk	NOUN	NN					S		Nom	N
14024012	12	der	DET	ART					S		Nom	M
14024012	13	Arbeit	NOUN	NN					S		Nom	F
14024012	14	an	ADP	APPRART					S		Dat	M
14024012	15	Haus	NOUN	NN					P		Nom	N
14024012	16	Jahwe	PROPN	NE					S		Gen	
14024012	17	betreiben	VERB	VVPP		Part						
14024012	18	und	CCONJ	KON								
14024012	19	dieser	DET	PDAT					S		Nom	F
14024012	20	dingten	VERB	VVPP		Fin	Past	3	P	Ind		
14024012	21	Steinhauer	PROPN	NE					S		Nom	
14024012	22	und	CCONJ	KON								
14024012	23	Zimmerleute	NOUN	NE					P		Nom	
14024012	24	um	ADP	APPR								
14024012	25	der	DET	ART					S		Nom	N
14024012	26	Haus	NOUN	NN					S		Nom	N
14024012	27	Jahwe	PROPN	NE					S		Gen	
14024012	28	zu	ADP	PTKVZ								
14024012	29	erneuern	VERB	VVINF		Inf						
14024012	30	und	CCONJ	KON								
14024012	31	auch	ADV	ADV								
14024012	32	Arbeiter	NOUN	NN					P		Nom	M
14024012	33	in	ADP	APPR								
14024012	34	Eisen	NOUN	NN					S		Nom	N
14024012	35	und	CCONJ	KON								
14024012	36	Erz	NOUN	NN					S		Nom	N
14024012	37	um	ADP	APPR								
14024012	38	der	DET	ART					S		Nom	N
14024012	39	Haus	NOUN	NN					S		Nom	N
14024012	40	Jahwe	PROPN	NE					S		Gen	
14024012	41	ausbessern	VERB	VVIZU		Inf						
14024013	1	und	CCONJ	KON								
14024013	2	der	DET	ART					S		Nom	F
14024013	3	der	DET	ART					S		Nom	N
14024013	4	Werk	NOUN	NN					S		Nom	N
14024013	5	tun	VERB	VVFIN		Fin	Past	3	P	Ind		
14024013	6	arbeiten	VERB	VVFIN		Fin	Past	3	P	Ind		
14024013	7	und	CCONJ	KON								
14024013	8	der	DET	ART					S		Nom	F
14024013	9	Herstellung	NOUN	NN					S		Nom	F
14024013	10	der	DET	ART					S		Gen	M
14024013	11	Werk	NOUN	NN					S		Gen	N
14024013	12	nehmen	VERB	VVFIN		Fin	Past	3	S	Ind		
14024013	13	zu	ADP	PTKVZ								
14024013	14	durch	ADP	APPR								
14024013	15	ihr	DET	PPOSAT					S		Nom	F
14024013	16	Hand	NOUN	NN					S		Nom	F
14024013	17	und	CCONJ	KON								
14024013	18	sie	PRON	PPER				3	P		Nom	
14024013	19	setzen	VERB	VVFIN		Fin	Past	3	P	Ind		
14024013	20	der	DET	ART					S		Nom	N
14024013	21	Haus	NOUN	NN					S		Nom	N
14024013	22	Gott	NOUN	NN					S		Gen	M
14024013	23	wieder	ADV	ADV								
14024013	24	in	ADP	APPR								
14024013	25	sein	DET	PPOSAT					S		Acc	M
14024013	26	früh	ADJ	ADJA	Cmp				S		Gen	N
14024013	27	Stand	NOUN	NN					S		Nom	M
14024013	28	und	CCONJ	KON								
14024013	29	machen	VERB	VVFIN		Fin	Past	3	P	Ind		
14024013	30	es	PRON	PPER				3	S		Nom	N
14024013	31	fest	ADV	PTKVZ								
14024014	1	und	CCONJ	KON								
14024014	2	als	ADP	KOKOM								
14024014	3	sie	PRON	PPER				3	P		Nom	
14024014	4	fertig	ADV	ADJD	Pos							
14024014	5	sein	AUX	VAFIN		Fin	Past	3	P	Ind		
14024014	6	bringen	VERB	VVFIN		Fin	Past	3	P	Ind		
14024014	7	sie	PRON	PPER				3	P		Nom	
14024014	8	der	DET	ART					S		Nom	N
14024014	9	übrig	ADJ	ADJA	Pos				S		Nom	F
14024014	10	Geld	NOUN	NN					S		Nom	N
14024014	11	vor	ADP	APPR								
14024014	12	der	DET	ART					S		Acc	M
14024014	13	König	NOUN	NN					S		Nom	M
14024014	14	und	CCONJ	KON								
14024014	15	vor	ADP	APPR								
14024014	16	Jojada	PROPN	NE					S		Nom	
14024014	17	und	CCONJ	KON								
14024014	18	er	PRON	PPER				3	S		Nom	M
14024014	19	machen	VERB	VVFIN		Fin	Past	3	S	Ind		
14024014	20	davon	ADV	PROAV								
14024014	21	Gerät	NOUN	NN					P		Nom	N
14024014	22	für	ADP	APPR								
14024014	23	der	DET	ART					S		Nom	N
14024014	24	Haus	NOUN	NN					S		Nom	N
14024014	25	Jahwe	PROPN	NE					S		Gen	
14024014	26	Gerät	NOUN	NN					P		Nom	N
14024014	27	für	ADP	APPR								
14024014	28	der	DET	ART					S		Acc	M
14024014	29	Dienst	NOUN	NN					S		Nom	M
14024014	30	und	CCONJ	KON								
14024014	31	für	ADP	APPR								
14024014	32	der	DET	ART					S		Nom	F
14024014	33	Brandopfer	NOUN	NN					S		Nom	M
14024014	34	und	CCONJ	KON								
14024014	35	Schale	NOUN	NN					P		Nom	F
14024014	36	und	CCONJ	KON								
14024014	37	golden	ADJ	ADJA	Pos				S		Nom	F
14024014	38	und	CCONJ	KON								
14024014	39	silbern	ADJ	ADJA	Pos				S		Nom	F
14024014	40	Gerät	NOUN	NN					P		Nom	N
14024014	41	und	CCONJ	KON								
14024014	42	man	PRON	PIS					S		Nom	
14024014	43	opfern	VERB	VVFIN		Fin	Past	3	S	Ind		
14024014	44	Brandopfer	NOUN	NN					S		Nom	M
14024014	45	in	ADP	APPRART					S		Dat	N
14024014	46	Haus	NOUN	NN					P		Nom	N
14024014	47	Jahwe	PROPN	NE					S		Gen	
14024014	48	beständig	ADV	ADJD	Pos							
14024014	49	aller	PRON	PIS					P		Nom	
14024014	50	der	DET	ART					S		Nom	F
14024014	51	Tag	NOUN	NN					P		Nom	M
14024014	52	Jojadas	PROPN	NE					S		Gen	
14024015	1	und	CCONJ	KON								
14024015	2	Jojada	PROPN	NE					S		Nom	
14024015	3	werden	AUX	VAFIN		Fin	Past	3	S	Ind		
14024015	4	alt	ADV	ADJD	Pos							
14024015	5	und	CCONJ	KON								
14024015	6	der	DET	ART					S		Nom	M
14024015	7	Tag	NOUN	NN					P		Nom	M
14024015	8	satt	ADV	ADJD	Pos							
14024015	9	und	CCONJ	KON								
14024015	10	er	PRON	PPER				3	S		Nom	M
14024015	11	sterben	VERB	VVFIN		Fin	Past	3	S	Ind		
14024015	12	er	PRON	PPER				3	S		Nom	M
14024015	13	sein	AUX	VAFIN		Fin	Past	3	S	Ind		
14024015	14	130	NUM	CARD								
14024015	15	Jahr	NOUN	NN					P		Nom	N
14024015	16	alt	ADV	ADJD	Pos							
14024015	17	als	ADP	KOKOM								
14024015	18	er	PRON	PPER				3	S		Nom	M
14024015	19	sterben	VERB	VVFIN		Fin	Past	3	S	Ind		
14024016	1	und	CCONJ	KON								
14024016	2	man	PRON	PIS					S		Nom	
14024016	3	begrub	VERB	VVFIN		Fin	Pres	3	S	Ind		
14024016	4	ihn	PRON	PPER				3	S		Acc	M
14024016	5	in	ADP	APPR								
14024016	6	der	DET	ART					S		Nom	M
14024016	7	Stadt	NOUN	NN					S		Nom	F
14024016	8	David	PROPN	NE					S		Gen	M
14024016	9	bei	ADP	APPR								
14024016	10	der	DET	ART					S		Acc	M
14024016	11	König	NOUN	NN					P		Dat	M
14024016	12	weil	SCONJ	KOUS								
14024016	13	er	PRON	PPER				3	S		Nom	M
14024016	14	gute	NOUN	NN					S		Nom	N
14024016	15	tun	VERB	VVPP		Part						
14024016	16	haben	AUX	VAFIN		Fin	Past	3	S	Ind		
14024016	17	an	ADP	PTKVZ								
14024016	18	Israel	PROPN	NE					S		Nom	N
14024016	19	und	CCONJ	KON								
14024016	20	gegen	ADP	APPR								
14024016	21	Gott	NOUN	NN					S		Nom	M
14024016	22	und	CCONJ	KON								
14024016	23	sein	AUX	VAINF		Inf						
14024016	24	Haus	NOUN	NN					S		Nom	N
14024017	1	und	CCONJ	KON								
14024017	2	nach	ADP	APPR								
14024017	3	der	DET	ART					S		Dat	M
14024017	4	Tod	NOUN	NN					S		Nom	M
14024017	5	Jojadas	PROPN	NE					S		Gen	
14024017	6	kommen	VERB	VVFIN		Fin	Past	3	P	Ind		
14024017	7	der	DET	ART					S		Nom	F
14024017	8	oberer	ADJ	ADJA	Sup				S		Dat	F
14024017	9	von	ADP	APPR								
14024017	10	Juda	PROPN	NE					S		Nom	M
14024017	11	und	CCONJ	KON								
14024017	12	beugn	VERB	VVFIN		Fin	Past	3	P	Ind		
14024017	13	sich	PRON	PRF				3	S		Acc	
14024017	14	vor	ADP	APPR								
14024017	15	der	DET	ART					S		Dat	M
14024017	16	König	NOUN	NN					S		Nom	M
14024017	17	nieder	ADV	PTKVZ								
14024017	18	und	CCONJ	KON								
14024017	19	der	DET	ART					S		Nom	M
14024017	20	König	NOUN	NN					S		Nom	M
14024017	21	hören	VERB	VVFIN		Fin	Past	3	S	Ind		
14024017	22	auf	ADP	PTKVZ								
14024017	23	sie	PRON	PPER				3	P		Nom	
14024018	1	und	CCONJ	KON								
14024018	2	sie	PRON	PPER				3	P		Nom	
14024018	3	verlassen	VERB	VVFIN		Fin	Past	3	P	Ind		
14024018	4	der	DET	ART					S		Nom	N
14024018	5	Haus	NOUN	NN					S		Nom	N
14024018	6	Jahwe	PROPN	NE					S		Gen	
14024018	7	der	DET	ART					S		Gen	M
14024018	8	Gott	NOUN	NN					S		Gen	M
14024018	9	ihr	DET	PPOSAT					S		Dat	F
14024018	10	Vater	NOUN	NN					P		Nom	M
14024018	11	und	CCONJ	KON								
14024018	12	dienen	VERB	VVFIN		Fin	Past	3	P	Ind		
14024018	13	der	DET	ART					S		Acc	M
14024018	14	ascherim	PROPN	NE					S		Nom	M
14024018	15	und	CCONJ	KON								
14024018	16	der	DET	ART					S		Acc	M
14024018	17	Götzenbilder	NOUN	NN					P		Nom	N
14024018	18	da	SCONJ	KOUS								
14024018	19	kommen	VERB	VVFIN		Fin	Past	3	S	Ind		
14024018	20	ein	DET	ART					S		Nom	N
14024018	21	Zorn	NOUN	NN					S		Nom	M
14024018	22	über	ADP	APPR								
14024018	23	Juda	PROPN	NE					S		Nom	M
14024018	24	und	CCONJ	KON								
14024018	25	Jerusalem	PROPN	NE					S		Nom	N
14024018	26	um	ADP	APPR								
14024018	27	dieser	PRON	PDAT					S		Nom	M
14024018	28	ihr	DET	PPOSAT					S		Dat	F
14024018	29	Verschuldung	NOUN	NN					S		Nom	F
14024018	30	Wille	ADP	APZR								
14024019	1	und	CCONJ	KON								
14024019	2	er	PRON	PPER				3	S		Nom	M
14024019	3	senden	VERB	VVFIN		Fin	Past	3	S	Ind		
14024019	4	Prophet	NOUN	NN					P		Nom	M
14024019	5	unter	ADP	APPR								
14024019	6	sie	PRON	PPER				3	P		Nom	
14024019	7	um	ADP	APPR								
14024019	8	sie	PRON	PPER				3	P		Nom	
14024019	9	zu	ADP	PTKVZ								
14024019	10	Jahwe	NOUN	NN					S		Nom	M
14024019	11	zurückführen	VERB	VVIZU		Inf						
14024019	12	und	CCONJ	KON								
14024019	13	dieser	DET	PDAT					S		Nom	F
14024019	14	zeugen	VERB	VVFIN		Fin	Past	3	P	Ind		
14024019	15	wider	ADP	PTKVZ								
14024019	16	sie	PRON	PPER				3	P		Nom	
14024019	17	aber	CCONJ	KON								
14024019	18	sie	PRON	PPER				3	P		Nom	
14024019	19	nehmen	VERB	VVFIN		Fin	Past	3	P	Ind		
14024019	20	es	PRON	PPER				3	S		Nom	N
14024019	21	nicht	PART	PTKNEG								
14024019	22	zu	ADP	PTKVZ								
14024019	23	Ohr	NOUN	NN					P		Nom	N
14024020	1	und	CCONJ	KON								
14024020	2	der	DET	ART					S		Nom	M
14024020	3	Geist	NOUN	NN					S		Nom	M
14024020	4	Gott	NOUN	NN					S		Gen	M
14024020	5	kommen	VERB	VVFIN		Fin	Past	3	S	Ind		
14024020	6	über	ADP	APPR								
14024020	7	Sekarja	PROPN	NN					S		Nom	
14024020	8	der	DET	ART					S		Acc	M
14024020	9	Sohn	NOUN	NN					S		Nom	M
14024020	10	Jojadas	PROPN	NE					S		Gen	
14024020	11	der	DET	ART					S		Gen	M
14024020	12	Priester	NOUN	NN					S		Gen	M
14024020	13	und	CCONJ	KON								
14024020	14	er	PRON	PPER				3	S		Nom	M
14024020	15	stehen	VERB	VVFIN		Fin	Past	3	S	Ind		
14024020	16	auf	ADP	PTKVZ								
14024020	17	über	ADP	APPR								
14024020	18	der	DET	ART					S		Dat	M
14024020	19	Volke	NOUN	NN					S		Nom	M
14024020	20	und	CCONJ	KON								
14024020	21	sprechen	VERB	VVFIN		Fin	Past	3	S	Ind		
14024020	22	zu	ADP	PTKVZ								
14024020	23	ihnen	PRON	PPER				3	P		Dat	
14024020	24	so	ADV	ADV								
14024020	25	sprechen	VERB	VVFIN		Fin	Pres	3	S	Ind		
14024020	26	Gott	NOUN	NN					S		Nom	M
14024020	27	warum	ADV	PWAV								
14024020	28	übertretet	VERB	VVPP		Part						
14024020	29	ihr	PRON	PPOSAT				3	S		Dat	F
14024020	30	der	DET	ART					S		Nom	F
14024020	31	Gebot	NOUN	NN					P		Nom	N
14024020	32	Jahwe	PROPN	NE					S		Gen	
14024020	33	es	PRON	PPER				3	S		Nom	N
14024020	34	werden	AUX	VAFIN		Fin	Pres	3	S	Ind		
14024020	35	euch	PRON	PPER				2	P		Dat	
14024020	36	ja	ADV	ADV								
14024020	37	nicht	PART	PTKNEG								
14024020	38	gelingen	VERB	VVINF		Inf						
14024020	39	weil	SCONJ	KOUS								
14024020	40	ihr	PRON	PPOSAT				3	S		Dat	F
14024020	41	Jahwe	NOUN	NN					S		Nom	M
14024020	42	verlassen	VERB	VVINF		Inf						
14024020	43	habben	VERB	VAFIN				2	P	Imp		
14024020	44	so	ADV	ADV								
14024020	45	haben	AUX	VAFIN		Fin	Pres	3	S	Ind		
14024020	46	er	PRON	PPER				3	S		Nom	M
14024020	47	euch	PRON	PPER				2	P		Dat	
14024020	48	verlassen	VERB	VVINF		Inf						
14024021	1	und	CCONJ	KON								
14024021	2	sie	PRON	PPER				3	P		Nom	
14024021	3	machen	VERB	VVFIN		Fin	Past	3	P	Ind		
14024021	4	ein	DET	ART					S		Nom	F
14024021	5	Verschwörung	NOUN	NN					S		Nom	F
14024021	6	wider	ADP	PTKVZ								
14024021	7	ihn	PRON	PPER				3	S		Acc	M
14024021	8	und	CCONJ	KON								
14024021	9	Steinigt	NOUN	NN					S		Nom	N
14024021	10	ihn	PRON	PPER				3	S		Acc	M
14024021	11	auf	ADP	PTKVZ								
14024021	12	Befehl	NOUN	NN					S		Nom	M
14024021	13	der	DET	ART					S		Gen	M
14024021	14	König	PROPN	NE					S		Nom	
14024021	15	in	ADP	APPRART					S		Dat	N
14024021	16	Hof	NOUN	NN					S		Nom	M
14024021	17	der	DET	ART					S		Gen	M
14024021	18	Haus	NOUN	NN					S		Gen	N
14024021	19	Jahwe	PROPN	NE					S		Gen	
14024022	1	und	CCONJ	KON								
14024022	2	der	DET	ART					S		Nom	M
14024022	3	König	NOUN	NN					S		Nom	M
14024022	4	Joas	PROPN	NE					S		Nom	
14024022	5	gedachen	VERB	VVFIN		Fin	Past	3	S	Ind		
14024022	6	nicht	PART	PTKNEG								
14024022	7	der	DET	ART					S		Nom	M
14024022	8	Güte	NOUN	NN					S		Nom	F
14024022	9	der	DET	ART					S		Nom	F
14024022	10	sein	AUX	VAINF		Inf						
14024022	11	Vater	NOUN	NN					S		Nom	M
14024022	12	Jojada	PROPN	NE					S		Nom	
14024022	13	an	ADP	PTKVZ								
14024022	14	ihm	PRON	PPER				3	S		Dat	M
14024022	15	erweisen	VERB	VVPP		Part						
14024022	16	haben	AUX	VAFIN		Fin	Past	3	S	Ind		
14024022	17	und	CCONJ	KON								
14024022	18	ermorden	VERB	VVFIN		Fin	Past	3	S	Ind		
14024022	19	der	PRON	PDS					S		Gen	
14024022	20	Sohn	NOUN	NN					S		Nom	M
14024022	21	und	CCONJ	KON								
14024022	22	als	ADP	KOKOM								
14024022	23	er	PRON	PPER				3	S		Nom	M
14024022	24	sterben	VERB	VVFIN		Fin	Past	3	S	Ind		
14024022	25	sprechen	VERB	VVFIN		Fin	Past	3	S	Ind		
14024022	26	er	PRON	PPER				3	S		Nom	M
14024022	27	Jahwe	NOUN	NN					S		Nom	M
14024022	28	mögen	AUX	VMFIN		Fin	Pres	3	S	Sub		
14024022	29	es	PRON	PPER				3	S		Nom	N
14024022	30	sehen	VERB	VVINF		Fin	Pres	3	P	Ind		
14024022	31	und	CCONJ	KON								
14024022	32	fordern	VERB	VVFIN		Fin	Pres	3	P	Ind		
14024023	1	und	CCONJ	KON								
14024023	2	es	PRON	PPER				3	S		Nom	N
14024023	3	geschehen	VERB	VVFIN		Fin	Past	3	S	Ind		
14024023	4	bei	ADP	APPRART					S		Dat	M
14024023	5	Umlauf	NOUN	NN					S		Acc	M
14024023	6	der	DET	ART					S		Gen	M
14024023	7	Jahr	NOUN	NN					S		Gen	N
14024023	8	daß	SCONJ	KOUS								
14024023	9	ein	DET	ART					S		Nom	N
14024023	10	Heer	NOUN	NN					S		Nom	N
14024023	11	der	DET	ART					S		Nom	M
14024023	12	Syrer	NOUN	NN					P		Nom	M
14024023	13	wider	ADP	PTKVZ								
14024023	14	ihn	PRON	PPER				3	S		Acc	M
14024023	15	Heraufzog	PROPN	NE					S		Nom	
14024023	16	und	CCONJ	KON								
14024023	17	sie	PRON	PPER				3	P		Nom	
14024023	18	kommen	VERB	VVFIN		Fin	Past	3	P	Ind		
14024023	19	nach	ADP	APPR								
14024023	20	Juda	PROPN	NE					S		Nom	M
14024023	21	und	CCONJ	KON								
14024023	22	Jerusalem	PROPN	NE					S		Nom	N
14024023	23	und	CCONJ	KON								
14024023	24	schlachteen	VERB	VVFIN		Fin	Past	3	P	Ind		
14024023	25	aus	ADP	PTKVZ								
14024023	26	der	DET	ART					S		Dat	M
14024023	27	Volke	NOUN	NN					S		Nom	M
14024023	28	aller	PRON	PIS					P		Nom	
14024023	29	oberer	ADJ	ADJA	Sup				S		Dat	F
14024023	30	der	DET	ART					S		Gen	M
14024023	31	Volk	NOUN	NN					S		Gen	N
14024023	32	und	CCONJ	KON								
14024023	33	aller	PRON	PIS					P		Nom	
14024023	34	ihr	DET	PPOSAT					S		Nom	F
14024023	35	Beute	NOUN	NN					S		Nom	F
14024023	36	sandn	VERB	VVFIN		Fin	Past	3	P	Ind		
14024023	37	sie	PRON	PPER				3	P		Nom	
14024023	38	zu	ADP	PTKVZ								
14024023	39	der	DET	ART					S		Dat	M
14024023	40	König	NOUN	NN					S		Nom	M
14024023	41	von	ADP	APPR								
14024023	42	Damaskus	PROPN	NE					S		Nom	N
14024024	1	wiewohl	SCONJ	KOUS								
14024024	2	der	DET	ART					S		Nom	N
14024024	3	Heer	NOUN	NN					S		Nom	N
14024024	4	der	DET	ART					S		Nom	M
14024024	5	Syrer	NOUN	NN					P		Nom	M
14024024	6	mit	ADP	APPR								
14024024	7	weniger	PRON	PIS					P		Nom	
14024024	8	Mann	NOUN	NN					P		Dat	M
14024024	9	kommen	VERB	VVPP		Part						
14024024	10	sein	AUX	VAFIN		Fin	Past	3	S	Ind		
14024024	11	geben	VERB	VVFIN		Fin	Past	3	S	Ind		
14024024	12	doch	CCONJ	KON								
14024024	13	Jahwe	NOUN	NN					S		Nom	M
14024024	14	ein	DET	ART					S		Nom	N
14024024	15	sehr	ADV	ADV								
14024024	16	zahlreich	ADJ	ADJA	Pos				S		Nom	N
14024024	17	Heer	NOUN	NN					S		Nom	N
14024024	18	in	ADP	APPR								
14024024	19	ihr	DET	PPOSAT					S		Nom	F
14024024	20	Hand	NOUN	NN					S		Nom	F
14024024	21	weil	SCONJ	KOUS								
14024024	22	sie	PRON	PPER				3	P		Nom	
14024024	23	Jahwe	NOUN	NN					S		Nom	M
14024024	24	der	DET	ART					S		Acc	M
14024024	25	Gott	NOUN	NN					S		Nom	M
14024024	26	ihr	DET	PPOSAT					S		Dat	F
14024024	27	Vater	NOUN	NN					P		Nom	M
14024024	28	verlassen	VERB	VVINF		Inf						
14024024	29	haben	AUX	VAFIN		Fin	Past	3	P	Ind		
14024024	30	und	CCONJ	KON								
14024024	31	sie	PRON	PPER				3	P		Nom	
14024024	32	üben	VERB	VVFIN		Fin	Past	3	P	Ind		
14024024	33	Gericht	NOUN	NN					S		Nom	N
14024024	34	an	ADP	PTKVZ								
14024024	35	Joas	PROPN	NE					S		Nom	
14024025	1	und	CCONJ	KON								
14024025	2	als	ADP	KOKOM								
14024025	3	sie	PRON	PPER				3	P		Nom	
14024025	4	von	ADP	APPR								
14024025	5	ihm	PRON	PPER				3	S		Dat	M
14024025	6	wegziehen	VERB	VVPP		Part						
14024025	7	sein	AUX	VAFIN		Fin	Past	3	P	Ind		
14024025	8	sie	PRON	PPER				3	P		Nom	
14024025	9	verlassen	VERB	VVFIN		Fin	Past	3	P	Ind		
14024025	10	ihn	PRON	PPER				3	S		Acc	M
14024025	11	aber	CCONJ	KON								
14024025	12	in	ADP	APPR								
14024025	13	groß	ADJ	ADJA	Pos				S		Acc	M
14024025	14	Schmerz	NOUN	NN					P		Acc	M
14024025	15	machen	VERB	VVFIN		Fin	Past	3	P	Ind		
14024025	16	sein	DET	PPOSAT					S		Nom	F
14024025	17	Knecht	NOUN	NN					P		Nom	M
14024025	18	ein	DET	ART					S		Nom	F
14024025	19	Verschwörung	NOUN	NN					S		Nom	F
14024025	20	wider	ADP	PTKVZ								
14024025	21	ihn	PRON	PPER				3	S		Acc	M
14024025	22	um	ADP	APPR								
14024025	23	der	DET	ART					S		Gen	M
14024025	24	Blut	NOUN	NN					S		Nom	N
14024025	25	der	DET	ART					S		Nom	M
14024025	26	Sohn	NOUN	NN					P		Nom	M
14024025	27	der	DET	ART					S		Gen	M
14024025	28	Priester	NOUN	NN					S		Gen	M
14024025	29	Jojada	PROPN	NE					S		Nom	
14024025	30	Wille	ADP	APZR								
14024025	31	und	CCONJ	KON								
14024025	32	sie	PRON	PPER				3	P		Nom	
14024025	33	ermorden	VERB	ADJA		Fin	Past	3	P	Ind		
14024025	34	ihn	PRON	PPER				3	S		Acc	M
14024025	35	auf	ADP	PTKVZ								
14024025	36	sein	DET	PPOSAT					S		Dat	M
14024025	37	Bett	NOUN	NN					P		Nom	N
14024025	38	und	CCONJ	KON								
14024025	39	er	PRON	PPER				3	S		Nom	M
14024025	40	sterben	VERB	VVFIN		Fin	Past	3	S	Ind		
14024025	41	und	CCONJ	KON								
14024025	42	man	PRON	PIS					S		Nom	
14024025	43	begrub	VERB	VVFIN		Fin	Pres	3	S	Ind		
14024025	44	ihn	PRON	PPER				3	S		Acc	M
14024025	45	in	ADP	APPR								
14024025	46	der	DET	ART					S		Nom	M
14024025	47	Stadt	NOUN	NN					S		Nom	F
14024025	48	David	PROPN	NE					S		Gen	M
14024025	49	aber	CCONJ	KON								
14024025	50	man	PRON	PIS					S		Nom	
14024025	51	begrub	VERB	VVFIN		Fin	Pres	3	S	Ind		
14024025	52	ihn	PRON	PPER				3	S		Acc	M
14024025	53	nicht	PART	PTKNEG								
14024025	54	in	ADP	APPR								
14024025	55	der	DET	ART					S		Acc	M
14024025	56	Gräber	NOUN	NN					P		Dat	M
14024025	57	der	DET	ART					S		Nom	M
14024025	58	König	NOUN	NN					P		Nom	M
14024026	1	und	CCONJ	KON								
14024026	2	dieser	DET	PDAT					S		Nom	F
14024026	3	sein	AUX	VAFIN		Fin	Pres	3	P	Ind		
14024026	4	es	PRON	PPER				3	S		Nom	N
14024026	5	der	DET	ART					S		Nom	F
14024026	6	ein	DET	ART					S		Nom	F
14024026	7	Verschwörung	NOUN	NN					S		Nom	F
14024026	8	wider	ADP	PTKVZ								
14024026	9	ihn	PRON	PPER				3	S		Acc	M
14024026	10	machen	VERB	VVFIN		Fin	Past	3	P	Ind		
14024026	11	Sabad	PROPN	NE					S		Nom	N
14024026	12	der	DET	ART					S		Nom	M
14024026	13	Sohn	NOUN	NN					S		Nom	M
14024026	14	Schimeath	PROPN	NE					S		Gen	
14024026	15	der	DET	ART					S		Nom	M
14024026	16	Ammonitin	NOUN	NN					S		Nom	F
14024026	17	und	CCONJ	KON								
14024026	18	Josabad	PROPN	NE					S		Nom	N
14024026	19	der	DET	ART					S		Nom	M
14024026	20	Sohn	NOUN	NN					S		Nom	M
14024026	21	Schimrith	PROPN	NE					S		Gen	
14024026	22	der	DET	ART					S		Nom	M
14024026	23	Moabitin	NOUN	NN					S		Nom	F
14024027	1	sein	DET	PPOSAT					S		Nom	F
14024027	2	Sohn	NOUN	NN					P		Nom	M
14024027	3	aber	CCONJ	KON								
14024027	4	und	CCONJ	KON								
14024027	5	der	DET	ART					S		Nom	F
14024027	6	Größe	NOUN	NN					S		Nom	F
14024027	7	der	DET	ART					S		Gen	M
14024027	8	Tribut	NOUN	NN					S		Nom	F
14024027	9	der	DET	ART					S		Nom	M
14024027	10	ihm	PRON	PPER				3	S		Dat	M
14024027	11	auferlegen	VERB	VVPP		Part						
14024027	12	werden	AUX	VAFIN		Fin	Past	3	S	Ind		
14024027	13	und	CCONJ	KON								
14024027	14	der	DET	ART					S		Nom	M
14024027	15	Bau	NOUN	NN					S		Nom	M
14024027	16	der	DET	ART					S		Gen	M
14024027	17	Haus	NOUN	NN					S		Gen	N
14024027	18	Gott	NOUN	NN					S		Gen	M
14024027	19	sehen	VERB	VVIMP				2	S	Imp		
14024027	20	der	DET	ART					S		Nom	N
14024027	21	sein	AUX	VAFIN		Fin	Pres	3	S	Ind		
14024027	22	schreiben	VERB	VVPP		Part						
14024027	23	in	ADP	APPR								
14024027	24	der	DET	ART					S		Nom	M
14024027	25	Beschreibung	NOUN	NN					S		Nom	F
14024027	26	der	DET	ART					S		Gen	M
14024027	27	Buch	NOUN	NN					S		Gen	N
14024027	28	der	DET	ART					S		Nom	M
14024027	29	König	NOUN	NN					P		Nom	M
14024027	30	und	CCONJ	KON								
14024027	31	Amazja	PROPN	NE					S		Nom	M
14024027	32	sein	AUX	VAINF		Inf						
14024027	33	Sohn	NOUN	NN					S		Nom	M
14024027	34	werden	VERB	VAFIN		Fin	Past	3	S	Ind		
14024027	35	König	NOUN	NN					S		Nom	M
14024027	36	an	ADP	PTKVZ								
14024027	37	sein	DET	PPOSAT					S		Dat	F
14024027	38	statt	SCONJ	KOUI								
14025001	1	25	NUM	CARD								
14025001	2	Jahr	NOUN	NN					P		Nom	N
14025001	3	alt	ADV	ADJD	Pos							
14025001	4	werden	AUX	VAFIN		Fin	Past	3	S	Ind		
14025001	5	Amazja	PROPN	NE					S		Nom	M
14025001	6	König	NOUN	NN					S		Nom	M
14025001	7	und	CCONJ	KON								
14025001	8	er	PRON	PPER				3	S		Nom	M
14025001	9	regieren	VERB	VVFIN		Fin	Past	3	S	Ind		
14025001	10	29	NUM	CARD								
14025001	11	Jahr	NOUN	NN					P		Nom	N
14025001	12	zu	ADP	PTKVZ								
14025001	13	Jerusalem	PROPN	NE					S		Nom	N
14025001	14	und	CCONJ	KON								
14025001	15	der	DET	ART					S		Nom	M
14025001	16	Name	NOUN	NN					S		Nom	M
14025001	17	sein	DET	PPOSAT					S		Dat	F
14025001	18	Mutter	NOUN	NN					S		Nom	F
14025001	19	sein	AUX	VAFIN		Fin	Past	3	S	Ind		
14025001	20	Joaddan	PROPN	NE					S		Nom	
14025001	21	von	ADP	APPR								
14025001	22	Jerusalem	PROPN	NE					S		Nom	N
14025002	1	und	CCONJ	KON								
14025002	2	er	PRON	PPER				3	S		Nom	M
14025002	3	tun	VERB	VVFIN		Fin	Past	3	S	Ind		
14025002	4	was	PRON	PWS					S		Nom	N
14025002	5	Recht	NOUN	NN					S		Acc	N
14025002	6	sein	AUX	VAFIN		Fin	Past	3	S	Ind		
14025002	7	in	ADP	APPR								
14025002	8	der	DET	ART					S		Acc	M
14025002	9	Auge	NOUN	NN					P		Nom	N
14025002	10	Jahwe	PROPN	NE					S		Gen	
14025002	11	jedoch	ADV	ADV								
14025002	12	nicht	PART	PTKNEG								
14025002	13	mit	ADP	APPR								
14025002	14	Ungeteiltem	NOUN	NN					S		Nom	N
14025002	15	Herz	NOUN	NN					S		Nom	N
14025003	1	und	CCONJ	KON								
14025003	2	es	PRON	PPER				3	S		Nom	N
14025003	3	geschehen	VERB	VVFIN		Fin	Past	3	S	Ind		
14025003	4	als	ADP	KOKOM								
14025003	5	der	DET	ART					S		Nom	N
14025003	6	Königtum	NOUN	NN					S		Nom	N
14025003	7	bei	ADP	APPR								
14025003	8	ihm	PRON	PPER				3	S		Dat	M
14025003	9	erstarkt	ADV	ADJD	Pos							
14025003	10	sein	AUX	VAFIN		Fin	Past	3	S	Ind		
14025003	11	da	ADV	ADV								
14025003	12	töten	VERB	VVFIN		Fin	Past	3	S	Ind		
14025003	13	er	PRON	PPER				3	S		Nom	M
14025003	14	sein	DET	PPOSAT					S		Nom	F
14025003	15	Knecht	NOUN	NN					P		Nom	M
14025003	16	der	DET	ART					S		Nom	F
14025003	17	der	DET	ART					S		Acc	M
14025003	18	König	NOUN	NN					S		Nom	M
14025003	19	sein	DET	PPOSAT					S		Acc	M
14025003	20	Vater	NOUN	NN					S		Nom	M
14025003	21	erschlagen	VERB	VVPP		Part						
14025003	22	haben	AUX	VAFIN		Fin	Past	3	P	Ind		
14025004	1	aber	CCONJ	KON								
14025004	2	ihr	DET	PPOSAT					S		Nom	F
14025004	3	Sohn	NOUN	NN					P		Nom	M
14025004	4	töten	VERB	VVFIN		Fin	Past	3	S	Ind		
14025004	5	er	PRON	PPER				3	S		Nom	M
14025004	6	nicht	PART	PTKNEG								
14025004	7	sondern	CCONJ	KON								
14025004	8	er	PRON	PPER				3	S		Nom	M
14025004	9	tun	VERB	VVFIN		Fin	Past	3	S	Ind		
14025004	10	wie	ADP	KOKOM								
14025004	11	in	ADP	APPRART					S		Dat	N
14025004	12	Gesetz	NOUN	NN					S		Nom	N
14025004	13	in	ADP	APPRART					S		Dat	N
14025004	14	Buch	NOUN	NN					P		Nom	N
14025004	15	Moses	PROPN	NE					S		Nom	M
14025004	16	schreiben	VERB	VVPP		Part						
14025004	17	stehen	VERB	VVFIN		Fin	Pres	3	S	Ind		
14025004	18	wo	SCONJ	PWAV								
14025004	19	Jahwe	NOUN	NN					S		Nom	M
14025004	20	gebieten	VERB	VVPP		Part						
14025004	21	und	CCONJ	KON								
14025004	22	sagen	VERB	VVPP		Part						
14025004	23	haben	AUX	VAFIN		Fin	Pres	3	S	Ind		
14025004	24	nicht	PART	PTKNEG								
14025004	25	sollen	AUX	VMFIN		Fin	Pres	3	P	Ind		
14025004	26	Vater	NOUN	NN					P		Nom	M
14025004	27	sterben	VERB	VVFIN		Fin	Pres	3	P	Ind		
14025004	28	um	ADP	APPR								
14025004	29	der	DET	ART					S		Nom	M
14025004	30	Kind	NOUN	NN					P		Nom	N
14025004	31	Wille	ADP	APZR								
14025004	32	und	CCONJ	KON								
14025004	33	Kind	NOUN	NN					P		Nom	N
14025004	34	sollen	AUX	VMFIN		Fin	Pres	3	P	Ind		
14025004	35	nicht	PART	PTKNEG								
14025004	36	sterben	VERB	VVFIN		Fin	Pres	3	P	Ind		
14025004	37	um	ADP	APPR								
14025004	38	der	DET	ART					S		Nom	M
14025004	39	Vater	NOUN	NN					P		Nom	M
14025004	40	Wille	ADP	APZR								
14025004	41	sondern	CCONJ	KON								
14025004	42	sie	PRON	PPER				3	P		Nom	
14025004	43	sollen	AUX	VMFIN		Fin	Pres	3	P	Ind		
14025004	44	ein	DET	ART					S		Nom	N
14025004	45	jeder	PRON	PIS					S		Nom	M
14025004	46	für	ADP	APPR								
14025004	47	sein	DET	PPOSAT					S		Nom	F
14025004	48	Sünde	NOUN	NN					S		Nom	F
14025004	49	sterben	VERB	VVFIN		Fin	Pres	3	P	Ind		
14025005	1	und	CCONJ	KON								
14025005	2	Amazja	PROPN	NE					S		Nom	M
14025005	3	versammeln	VERB	VVFIN		Fin	Past	3	S	Ind		
14025005	4	Juda	PROPN	NE					S		Nom	M
14025005	5	und	CCONJ	KON								
14025005	6	er	PRON	PPER				3	S		Nom	M
14025005	7	stellen	VERB	VVFIN		Fin	Past	3	S	Ind		
14025005	8	sie	PRON	PPER				3	P		Nom	
14025005	9	auf	ADP	PTKVZ								
14025005	10	nach	ADP	APPR								
14025005	11	Vaterhäuser	NOUN	NN					P		Dat	M
14025005	12	nach	ADP	APPR								
14025005	13	oberer	ADJ	ADJA	Sup				S		Dat	F
14025005	14	über	ADP	APPR								
14025005	15	tausend	NUM	CARD								
14025005	16	und	CCONJ	KON								
14025005	17	nach	ADP	APPR								
14025005	18	oberer	ADJ	ADJA	Sup				S		Dat	F
14025005	19	über	ADP	APPR								
14025005	20	hundert	NUM	CARD								
14025005	21	von	ADP	APPR								
14025005	22	ganz	ADV	ADV								
14025005	23	Juda	PROPN	NE					S		Nom	M
14025005	24	und	CCONJ	KON								
14025005	25	Benjamin	PROPN	NE					S		Nom	M
14025005	26	und	CCONJ	KON								
14025005	27	er	PRON	PPER				3	S		Nom	M
14025005	28	musteren	VERB	VVFIN		Fin	Past	3	S	Ind		
14025005	29	sie	PRON	PPER				3	P		Nom	
14025005	30	von	ADP	APPR								
14025005	31	zwanzig	NUM	CARD								
14025005	32	Jahr	NOUN	NN					P		Dat	N
14025005	33	an	ADP	PTKVZ								
14025005	34	und	CCONJ	KON								
14025005	35	darüber	ADV	PROAV								
14025005	36	und	CCONJ	KON								
14025005	37	finden	VERB	VVFIN		Fin	Past	3	S	Ind		
14025005	38	ihr	DET	PPOSAT					S		Dat	F
14025005	39	300000	NUM	CARD								
14025005	40	auserlesener	NOUN	NN					P		Nom	
14025005	41	der	DET	ART					S		Nom	F
14025005	42	zu	ADP	APPRART					S		Dat	N
14025005	43	Heer	NOUN	NN					P		Nom	M
14025005	44	auszogen	VERB	VVPP		Fin	Past	3	P	Ind		
14025005	45	der	DET	ART					S		Nom	F
14025005	46	Lanze	NOUN	NN					S		Nom	F
14025005	47	und	CCONJ	KON								
14025005	48	Schild	NOUN	NN					S		Nom	N
14025005	49	führen	VERB	VVFIN		Fin	Past	3	P	Ind		
14025006	1	und	CCONJ	KON								
14025006	2	er	PRON	PPER				3	S		Nom	M
14025006	3	dingen	VERB	VVFIN		Fin	Past	3	S	Ind		
14025006	4	aus	ADP	PTKVZ								
14025006	5	Israel	PROPN	NE					S		Nom	N
14025006	6	100000	NUM	CARD								
14025006	7	tapferen	VERB	VVFIN		Fin	Pres	3	S	Sub		
14025006	8	Held	NOUN	NN					P		Nom	M
14025006	9	um	ADP	APPR								
14025006	10	hundert	NUM	CARD								
14025006	11	Talent	NOUN	NN					P		Nom	N
14025006	12	Silber	NOUN	NN					S		Nom	N
14025007	1	da	SCONJ	KOUS								
14025007	2	kommen	VERB	VVFIN		Fin	Past	3	S	Ind		
14025007	3	ein	DET	ART					S		Nom	N
14025007	4	Mann	NOUN	NN					S		Nom	M
14025007	5	Gott	NOUN	NN					S		Gen	M
14025007	6	zu	ADP	PTKVZ								
14025007	7	ihm	PRON	PPER				3	S		Dat	M
14025007	8	und	CCONJ	KON								
14025007	9	sprechen	VERB	VVFIN		Fin	Past	3	S	Ind		
14025007	10	O	PROPN	NE								
14025007	11	König	NOUN	NN					S		Nom	M
14025007	12	laß	VERB	VVIMP				2	S	Imp		
14025007	13	der	DET	ART					S		Nom	N
14025007	14	Heer	NOUN	NN					S		Nom	N
14025007	15	von	ADP	APPR								
14025007	16	Israel	PROPN	NE					S		Nom	N
14025007	17	nicht	PART	PTKNEG								
14025007	18	mit	ADP	APPR								
14025007	19	dir	PRON	PPER				2	S		Dat	
14025007	20	ziehen	VERB	VVINF		Inf						
14025007	21	denn	CCONJ	KON								
14025007	22	Jahwe	NOUN	NN					S		Nom	M
14025007	23	sein	AUX	VAFIN		Fin	Pres	3	S	Ind		
14025007	24	nicht	PART	PTKNEG								
14025007	25	mit	ADP	APPR								
14025007	26	Israel	PROPN	NE					S		Nom	N
14025007	27	mit	ADP	APPR								
14025007	28	aller	DET	PIS					P		Dat	
14025007	29	Kind	NOUN	NN					P		Dat	N
14025007	30	Ephraim	NOUN	NN					P		Nom	M
14025008	1	denn	CCONJ	KON								
14025008	2	wenn	SCONJ	KOUS								
14025008	3	du	PRON	PPER				2	S		Nom	
14025008	4	ziehen	VERB	VVFIN		Fin	Pres	2	S	Ind		
14025008	5	so	ADV	ADV								
14025008	6	werden	AUX	VAFIN		Fin	Pres	3	S	Ind		
14025008	7	Gott	NOUN	NN					S		Nom	M
14025008	8	magst	X	ADV								
14025008	9	du	PRON	PPER				2	S		Nom	
14025008	10	auch	ADV	ADV								
14025008	11	handeln	VERB	VVINF		Inf						
14025008	12	und	CCONJ	KON								
14025008	13	stark	ADV	ADJD	Pos							
14025008	14	sein	AUX	VAINF		Inf						
14025008	15	zu	ADP	APPRART					S		Dat	N
14025008	16	Streit	NOUN	NN					S		Nom	M
14025008	17	dich	PRON	PPER				2	S		Acc	
14025008	18	zu	ADP	PTKVZ								
14025008	19	Fall	NOUN	NN					S		Nom	M
14025008	20	bringen	VERB	VVINF		Inf						
14025008	21	vor	ADP	APPR								
14025008	22	der	DET	ART					S		Dat	M
14025008	23	Feind	NOUN	NN					P		Nom	M
14025008	24	denn	CCONJ	KON								
14025008	25	bei	ADP	APPR								
14025008	26	Gott	NOUN	NN					S		Nom	M
14025008	27	sein	AUX	VAFIN		Fin	Pres	3	S	Ind		
14025008	28	Macht	NOUN	NN					S		Nom	F
14025008	29	zu	ADP	PTKVZ								
14025008	30	helfen	VERB	VVINF		Inf						
14025008	31	und	CCONJ	KON								
14025008	32	zu	ADP	PTKVZ								
14025008	33	Fall	NOUN	NN					S		Nom	M
14025008	34	zu	ADP	PTKVZ								
14025008	35	bringen	VERB	VVINF		Inf						
14025009	1	und	CCONJ	KON								
14025009	2	Amazja	PROPN	NE					S		Nom	M
14025009	3	sprechen	VERB	VVFIN		Fin	Past	3	S	Ind		
14025009	4	zu	ADP	PTKVZ								
14025009	5	der	DET	ART					S		Dat	M
14025009	6	Manne	NOUN	NN					S		Nom	M
14025009	7	Gott	NOUN	NN					S		Gen	M
14025009	8	und	CCONJ	KON								
14025009	9	was	PRON	PWS					S		Nom	N
14025009	10	sein	AUX	VAFIN		Fin	Pres	3	S	Ind		
14025009	11	Betreff	VERB	VVFIN		Fin	Past	3	S	Sub		
14025009	12	der	DET	ART					S		Nom	M
14025009	13	hundert	NUM	CARD								
14025009	14	Talent	NOUN	NN					P		Nom	N
14025009	15	zu	ADP	PTKVZ								
14025009	16	tun	VERB	VVINF		Inf						
14025009	17	der	DET	ART					S		Nom	F
14025009	18	ich	PRON	PPER				1	S		Nom	
14025009	19	der	DET	ART					S		Nom	M
14025009	20	Schar	NOUN	NN					S		Nom	F
14025009	21	von	ADP	APPR								
14025009	22	Israel	PROPN	NE					S		Nom	N
14025009	23	geben	VERB	VVPP		Part						
14025009	24	haben	AUX	VAFIN		Fin	Pres	3	S	Sub		
14025009	25	und	CCONJ	KON								
14025009	26	der	DET	ART					S		Nom	M
14025009	27	Mann	NOUN	NN					S		Nom	M
14025009	28	Gott	NOUN	NN					S		Gen	M
14025009	29	sprechen	VERB	VVFIN		Fin	Past	3	S	Ind		
14025009	30	Jahwe	NOUN	NN					S		Nom	M
14025009	31	haben	AUX	VAFIN		Fin	Pres	3	S	Ind		
14025009	32	um	ADP	APPR								
14025009	33	dir	PRON	PPER				2	S		Dat	
14025009	34	mehr	ADV	ADV								
14025009	35	als	ADP	KOKOM								
14025009	36	der	DET	ART					S		Nom	N
14025009	37	zu	ADP	PTKVZ								
14025009	38	geben	VERB	VVINF		Inf						
14025010	1	da	SCONJ	KOUS								
14025010	2	sonderen	VERB	VVFIN		Fin	Past	3	S	Ind		
14025010	3	Amazja	PROPN	NE					S		Nom	M
14025010	4	sie	PRON	PPER				3	P		Nom	
14025010	5	ab	ADP	PTKVZ								
14025010	6	nämlich	ADV	ADV								
14025010	7	der	DET	ART					S		Nom	F
14025010	8	Schar	NOUN	NN					S		Nom	F
14025010	9	welcher	DET	PWAT					S		Nom	F
14025010	10	von	ADP	APPR								
14025010	11	Ephraim	NOUN	NN					P		Nom	M
14025010	12	zu	ADP	PTKVZ								
14025010	13	ihm	PRON	PPER				3	S		Dat	M
14025010	14	kommen	VERB	VVPP		Part						
14025010	15	sein	AUX	VAFIN		Fin	Past	3	S	Ind		
14025010	16	daß	SCONJ	KOUS								
14025010	17	sie	PRON	PPER				3	P		Nom	
14025010	18	an	ADP	PTKVZ								
14025010	19	ihr	DET	PPOSAT					S		Acc	M
14025010	20	Ort	NOUN	NN					S		Nom	M
14025010	21	gehen	VERB	VVFIN		Fin	Past	3	P	Ind		
14025010	22	und	CCONJ	KON								
14025010	23	ihr	PRON	PPOSAT				3	S		Dat	F
14025010	24	Zorn	NOUN	NN					S		Nom	M
14025010	25	entbrennen	VERB	VVFIN		Fin	Past	3	S	Ind		
14025010	26	sehr	ADV	ADV								
14025010	27	wider	ADP	PTKVZ								
14025010	28	Juda	PROPN	NE					S		Nom	M
14025010	29	und	CCONJ	KON								
14025010	30	sie	PRON	PPER				3	P		Nom	
14025010	31	kehren	VERB	VVFIN		Fin	Past	3	P	Ind		
14025010	32	an	ADP	PTKVZ								
14025010	33	ihr	DET	PPOSAT					S		Acc	M
14025010	34	Ort	NOUN	NN					S		Nom	M
14025010	35	zurück	ADV	PTKVZ								
14025010	36	in	ADP	APPR								
14025010	37	glühend	ADJ	ADJA	Pos				S		Dat	N
14025010	38	Zorn	NOUN	NN					S		Nom	M
14025011	1	Amazja	PROPN	NE					S		Nom	M
14025011	2	aber	CCONJ	KON								
14025011	3	fassen	VERB	VVFIN		Fin	Past	3	S	Ind		
14025011	4	Mut	NOUN	NN					S		Nom	M
14025011	5	und	CCONJ	KON								
14025011	6	führen	VERB	VVFIN		Fin	Past	3	S	Ind		
14025011	7	sein	AUX	VAINF		Inf						
14025011	8	Volk	NOUN	NN					S		Nom	N
14025011	9	aus	ADP	PTKVZ								
14025011	10	und	CCONJ	KON								
14025011	11	er	PRON	PPER				3	S		Nom	M
14025011	12	ziehen	VERB	VVFIN		Fin	Past	3	S	Ind		
14025011	13	in	ADP	APPRART					S		Acc	N
14025011	14	Salztal	PROPN	NE					S		Nom	
14025011	15	und	CCONJ	KON								
14025011	16	schlagen	VERB	VVFIN		Fin	Past	3	S	Ind		
14025011	17	der	DET	ART					S		Nom	F
14025011	18	Kind	NOUN	NN					P		Nom	N
14025011	19	Seir	PROPN	NE					S		Nom	
14025011	20	10000	NUM	CARD								
14025011	21	Mann	NOUN	NN					S		Nom	M
14025012	1	und	CCONJ	KON								
14025012	2	der	DET	ART					S		Nom	F
14025012	3	Kind	NOUN	NN					P		Nom	N
14025012	4	Juda	PROPN	NE					S		Nom	M
14025012	5	führen	VERB	VVFIN		Fin	Past	3	P	Ind		
14025012	6	10000	NUM	CARD								
14025012	7	lebendig	ADV	ADJD	Pos							
14025012	8	gefangen	VERB	VVPP		Part						
14025012	9	hinweg	ADP	APZR								
14025012	10	und	CCONJ	KON								
14025012	11	bringen	VERB	VVFIN		Fin	Past	3	P	Ind		
14025012	12	sie	PRON	PPER				3	P		Nom	
14025012	13	auf	ADP	PTKVZ								
14025012	14	der	DET	ART					S		Nom	F
14025012	15	Spitze	NOUN	NN					S		Nom	F
14025012	16	ein	PRON	ART					S		Nom	N
14025012	17	Felsen	NOUN	NE					S		Gen	N
14025012	18	und	CCONJ	KON								
14025012	19	sie	PRON	PPER				3	P		Nom	
14025012	20	stürzen	VERB	VVFIN		Fin	Past	3	P	Ind		
14025012	21	sie	PRON	PPER				3	P		Nom	
14025012	22	Hinab	ADV	PTKVZ								
14025012	23	von	ADP	APPR								
14025012	24	der	DET	ART					S		Nom	M
14025012	25	Spitze	NOUN	NN					S		Nom	F
14025012	26	der	DET	ART					S		Gen	M
14025012	27	Felsen	NOUN	NE					S		Gen	N
14025012	28	daß	SCONJ	KOUS								
14025012	29	sie	PRON	PPER				3	P		Nom	
14025012	30	allesamt	ADV	ADV								
14025012	31	zerbarsten	VERB	ADJA		Fin	Past	3	P	Ind		
14025013	1	aber	CCONJ	KON								
14025013	2	der	DET	ART					S		Nom	F
14025013	3	Mann	NOUN	NN					P		Nom	M
14025013	4	der	DET	ART					S		Nom	M
14025013	5	Schar	NOUN	NN					S		Nom	F
14025013	6	welcher	DET	PWAT					S		Nom	F
14025013	7	Amazja	PROPN	NE					S		Nom	M
14025013	8	haben	AUX	VAFIN		Fin	Past	3	S	Ind		
14025013	9	zurückkehren	VERB	VVINF		Inf						
14025013	10	lassen	VERB	VVINF		Fin	Pres	3	P	Ind		
14025013	11	daß	SCONJ	KOUS								
14025013	12	sie	PRON	PPER				3	P		Nom	
14025013	13	nicht	PART	PTKNEG								
14025013	14	mit	ADP	APPR								
14025013	15	ihm	PRON	PPER				3	S		Dat	M
14025013	16	in	ADP	APPR								
14025013	17	der	DET	ART					S		Acc	M
14025013	18	Streit	NOUN	NN					S		Nom	M
14025013	19	ziehen	VERB	VVFIN		Fin	Past	3	P	Sub		
14025013	20	der	DET	ART					S		Nom	F
14025013	21	fallen	VERB	VVFIN		Fin	Past	3	P	Ind		
14025013	22	ein	DET	ART					S		Nom	N
14025013	23	in	ADP	APPR								
14025013	24	der	DET	ART					S		Nom	F
14025013	25	Stadt	NOUN	NN					P		Nom	F
14025013	26	Judas	PROPN	NE					S		Nom	M
14025013	27	von	ADP	APPR								
14025013	28	Samaria	PROPN	NE					S		Nom	N
14025013	29	bis	CCONJ	KON								
14025013	30	Beth-Horon	PROPN	NE					S		Nom	
14025013	31	und	CCONJ	KON								
14025013	32	erschlugen	VERB	VVFIN		Fin	Past	3	P	Ind		
14025013	33	von	ADP	APPR								
14025013	34	ihnen	PRON	PPER				3	P		Dat	
14025013	35	dreitausend	NUM	CARD								
14025013	36	Mann	NOUN	NN					S		Nom	M
14025013	37	und	CCONJ	KON								
14025013	38	machen	VERB	VVFIN		Fin	Past	3	P	Ind		
14025013	39	ein	DET	ART					S		Nom	F
14025013	40	groß	ADJ	ADJA	Pos				S		Nom	F
14025013	41	Beute	NOUN	NN					S		Nom	F
14025014	1	und	CCONJ	KON								
14025014	2	es	PRON	PPER				3	S		Nom	N
14025014	3	geschehen	VERB	VVFIN		Fin	Past	3	S	Ind		
14025014	4	nachdem	SCONJ	KOUS								
14025014	5	Amazja	PROPN	NE					S		Nom	M
14025014	6	von	ADP	APPR								
14025014	7	der	DET	ART					S		Nom	M
14025014	8	Edomiterschlacht	NOUN	NN					S		Nom	F
14025014	9	zurückgekommen	VERB	VVPP		Part						
14025014	10	sein	AUX	VAFIN		Fin	Past	3	S	Ind		
14025014	11	da	ADV	ADV								
14025014	12	bringen	VERB	VVFIN		Fin	Past	3	S	Ind		
14025014	13	er	PRON	PPER				3	S		Nom	M
14025014	14	der	DET	ART					S		Nom	F
14025014	15	Götter	NOUN	NN					P		Nom	M
14025014	16	der	DET	ART					S		Nom	M
14025014	17	Kind	NOUN	NN					P		Nom	N
14025014	18	Seir	PROPN	NE					S		Nom	
14025014	19	und	CCONJ	KON								
14025014	20	stellen	VERB	VVFIN		Fin	Past	3	S	Ind		
14025014	21	sie	PRON	PPER				3	P		Nom	
14025014	22	sich	PRON	PRF				3	S		Acc	
14025014	23	zu	ADP	PTKVZ								
14025014	24	Götter	NOUN	NN					P		Dat	M
14025014	25	auf	ADP	PTKVZ								
14025014	26	und	CCONJ	KON								
14025014	27	er	PRON	PPER				3	S		Nom	M
14025014	28	beugen	VERB	VVFIN		Fin	Past	3	S	Ind		
14025014	29	sich	PRON	PRF				3	S		Acc	
14025014	30	vor	ADP	APPR								
14025014	31	ihnen	PRON	PPER				3	P		Dat	
14025014	32	nieder	ADV	PTKVZ								
14025014	33	und	CCONJ	KON								
14025014	34	räucherte	NOUN	NN					P		Nom	N
14025014	35	ihnen	PRON	PPER				3	P		Dat	
14025015	1	da	SCONJ	KOUS								
14025015	2	entbrennen	VERB	VVFIN		Fin	Past	3	S	Ind		
14025015	3	der	DET	ART					S		Nom	M
14025015	4	Zorn	NOUN	NN					S		Nom	M
14025015	5	Jahwe	PROPN	NE					S		Gen	
14025015	6	wider	ADP	PTKVZ								
14025015	7	Amazja	PROPN	NE					S		Nom	M
14025015	8	und	CCONJ	KON								
14025015	9	er	PRON	PPER				3	S		Nom	M
14025015	10	senden	VERB	VVFIN		Fin	Past	3	S	Ind		
14025015	11	ein	DET	ART					S		Acc	M
14025015	12	Prophet	NOUN	NN					P		Nom	M
14025015	13	zu	ADP	PTKVZ								
14025015	14	ihm	PRON	PPER				3	S		Dat	M
14025015	15	und	CCONJ	KON								
14025015	16	er	PRON	PPER				3	S		Nom	M
14025015	17	sprechen	VERB	VVFIN		Fin	Past	3	S	Ind		
14025015	18	zu	ADP	PTKVZ								
14025015	19	ihm	PRON	PPER				3	S		Dat	M
14025015	20	warum	ADV	PWAV								
14025015	21	haben	AUX	VAFIN		Fin	Pres	2	S	Ind		
14025015	22	du	PRON	PPER				2	S		Nom	
14025015	23	der	DET	ART					S		Nom	F
14025015	24	Götter	NOUN	NN					P		Nom	M
14025015	25	der	DET	ART					S		Gen	M
14025015	26	Volk	NOUN	NN					S		Gen	N
14025015	27	suchen	VERB	VVPP		Part						
14025015	28	der	DET	ART					S		Nom	F
14025015	29	ihr	PRON	PPOSAT				3	S		Dat	F
14025015	30	Volk	NOUN	NN					S		Nom	N
14025015	31	nicht	PART	PTKNEG								
14025015	32	aus	ADP	PTKVZ								
14025015	33	dein	DET	PPOSAT					S		Dat	F
14025015	34	Hand	NOUN	NN					S		Nom	F
14025015	35	erretten	VERB	VVPP		Part						
14025015	36	haben	AUX	VAFIN		Fin	Pres	3	P	Ind		
14025016	1	und	CCONJ	KON								
14025016	2	es	PRON	PPER				3	S		Nom	N
14025016	3	geschehen	VERB	VVFIN		Fin	Past	3	S	Ind		
14025016	4	während	SCONJ	KOUS								
14025016	5	er	PRON	PPER				3	S		Nom	M
14025016	6	zu	ADP	PTKVZ								
14025016	7	ihm	PRON	PPER				3	S		Dat	M
14025016	8	reden	VERB	VVFIN		Fin	Past	3	S	Ind		
14025016	9	da	ADV	ADV								
14025016	10	sprechen	VERB	VVFIN		Fin	Past	3	S	Ind		
14025016	11	Amazja	PROPN	NE					S		Nom	M
14025016	12	zu	ADP	PTKVZ								
14025016	13	ihm	PRON	PPER				3	S		Dat	M
14025016	14	haben	AUX	VAFIN		Fin	Pres	3	P	Ind		
14025016	15	wir	PRON	PPER				1	P		Nom	
14025016	16	dich	PRON	PPER				2	S		Acc	
14025016	17	zu	ADP	APPRART					S		Dat	N
14025016	18	Ratgeber	NOUN	NN					S		Nom	M
14025016	19	der	DET	ART					S		Gen	M
14025016	20	König	PROPN	NE					S		Nom	
14025016	21	setzen	VERB	VVPP		Part						
14025016	22	Laß	VERB	NE				2	S	Imp		
14025016	23	ab	ADP	PTKVZ								
14025016	24	warum	SCONJ	PWAV								
14025016	25	sollen	AUX	VMFIN		Fin	Pres	3	S	Ind		
14025016	26	man	PRON	PIS					S		Nom	
14025016	27	dich	PRON	PPER				2	S		Acc	
14025016	28	erschlagen	VERB	VVPP		Part						
14025016	29	und	CCONJ	KON								
14025016	30	der	DET	ART					S		Nom	M
14025016	31	Prophet	NOUN	NN					S		Nom	M
14025016	32	lassen	VERB	VVFIN		Fin	Past	3	S	Ind		
14025016	33	ab	ADP	PTKVZ								
14025016	34	und	CCONJ	KON								
14025016	35	sprechen	VERB	VVFIN		Fin	Past	3	S	Ind		
14025016	36	ich	PRON	PPER				1	S		Nom	
14025016	37	wissen	VERB	VVFIN		Fin	Pres	3	S	Ind		
14025016	38	daß	SCONJ	KOUS								
14025016	39	Gott	NOUN	NN					S		Nom	M
14025016	40	beschließen	VERB	VVPP		Part						
14025016	41	haben	AUX	VAFIN		Fin	Pres	3	S	Ind		
14025016	42	dich	PRON	PPER				2	S		Acc	
14025016	43	zu	ADP	PTKVZ								
14025016	44	verderben	VERB	VVINF		Inf						
14025016	45	weil	SCONJ	KOUS								
14025016	46	du	PRON	PPER				2	S		Nom	
14025016	47	solcher	DET	PIAT					S		Nom	N
14025016	48	tun	VERB	VVPP		Part						
14025016	49	und	CCONJ	KON								
14025016	50	auf	ADP	PTKVZ								
14025016	51	meinen	VERB	VVFIN		Fin	Pres	3	P	Ind		
14025016	52	Rat	NOUN	NN					S		Nom	M
14025016	53	nicht	PART	PTKNEG								
14025016	54	gehören	VERB	VVFIN		Fin	Pres	3	S	Ind		
14025016	55	haben	AUX	VAFIN		Fin	Pres	2	S	Ind		
14025017	1	und	CCONJ	KON								
14025017	2	Amazja	PROPN	NE					S		Nom	M
14025017	3	der	DET	ART					S		Nom	M
14025017	4	König	NOUN	NN					S		Nom	M
14025017	5	von	ADP	APPR								
14025017	6	Juda	PROPN	NE					S		Nom	M
14025017	7	beraten	VERB	VVFIN		Fin	Past	3	S	Ind		
14025017	8	sich	PRON	PRF				3	S		Acc	
14025017	9	und	CCONJ	KON								
14025017	10	senden	VERB	VVFIN		Fin	Past	3	S	Ind		
14025017	11	zu	ADP	PTKVZ								
14025017	12	Joas	PROPN	NE					S		Nom	
14025017	13	der	DET	ART					S		Dat	M
14025017	14	Sohn	NOUN	NN					S		Acc	M
14025017	15	Joaha	PROPN	NE					S		Gen	M
14025017	16	der	DET	ART					S		Gen	M
14025017	17	Sohn	PROPN	NE					S		Gen	M
14025017	18	Jehu	PROPN	NE					S		Gen	M
14025017	19	der	DET	ART					S		Dat	M
14025017	20	König	NOUN	NN					S		Nom	M
14025017	21	von	ADP	APPR								
14025017	22	Israel	PROPN	NE					S		Nom	N
14025017	23	und	CCONJ	KON								
14025017	24	lassen	VERB	VVFIN		Fin	Past	3	S	Ind		
14025017	25	ihm	PRON	PPER				3	S		Dat	M
14025017	26	sagen	VERB	VVINF		Inf						
14025017	27	Komm	ADV	FM								
14025017	28	laß	VERB	VVIMP				2	S	Imp		
14025017	29	uns	PRON	PPER				1	P		Acc	
14025017	30	sich	PRON	PRF				3	P		Dat	
14025017	31	in	ADP	APPRART					S		Acc	N
14025017	32	Angesicht	NOUN	NN					S		Nom	F
14025017	33	sehen	VERB	VVINF		Fin	Pres	3	P	Ind		
14025018	1	da	SCONJ	KOUS								
14025018	2	senden	VERB	VVFIN		Fin	Past	3	S	Ind		
14025018	3	Joas	PROPN	NE					S		Nom	
14025018	4	der	DET	ART					S		Nom	M
14025018	5	König	NOUN	NN					S		Nom	M
14025018	6	von	ADP	APPR								
14025018	7	Israel	PROPN	NE					S		Nom	N
14025018	8	zu	ADP	PTKVZ								
14025018	9	Amazja	PROPN	NE					S		Nom	M
14025018	10	der	DET	ART					S		Dat	M
14025018	11	König	NOUN	NN					S		Nom	M
14025018	12	von	ADP	APPR								
14025018	13	Juda	PROPN	NE					S		Nom	M
14025018	14	und	CCONJ	KON								
14025018	15	lassen	VERB	VVFIN		Fin	Past	3	S	Ind		
14025018	16	ihm	PRON	PPER				3	S		Dat	M
14025018	17	sagen	VERB	VVINF		Inf						
14025018	18	der	DET	ART					S		Nom	M
14025018	19	Dornstrauch	NOUN	NN					S		Nom	M
14025018	20	auf	ADP	PTKVZ								
14025018	21	der	DET	ART					S		Dat	M
14025018	22	Libanon	PROPN	NE					S		Nom	M
14025018	23	senden	VERB	VVFIN		Fin	Past	3	S	Ind		
14025018	24	zu	ADP	PTKVZ								
14025018	25	der	DET	ART					S		Nom	M
14025018	26	Ceder	NOUN	NN					P		Nom	M
14025018	27	auf	ADP	PTKVZ								
14025018	28	der	DET	ART					S		Dat	M
14025018	29	Libanon	PROPN	NE					S		Nom	M
14025018	30	und	CCONJ	KON								
14025018	31	sprechen	VERB	VVFIN		Fin	Past	3	S	Ind		
14025018	32	Gib	ADV	ADJD	Pos							
14025018	33	mein	DET	PPOSAT					S		Dat	M
14025018	34	Sohn	NOUN	NN					S		Acc	M
14025018	35	dein	DET	PPOSAT					S		Nom	F
14025018	36	Tochter	NOUN	NN					S		Nom	F
14025018	37	zu	ADP	APPRART					S		Dat	N
14025018	38	Weibe	NOUN	NN					S		Nom	F
14025018	39	da	SCONJ	KOUS								
14025018	40	laufen	VERB	VVFIN		Fin	Past	3	S	Ind		
14025018	41	der	DET	ART					S		Nom	N
14025018	42	Getier	NOUN	NN					S		Nom	N
14025018	43	der	DET	ART					S		Gen	M
14025018	44	Felde	NOUN	NE					S		Nom	N
14025018	45	der	DET	ART					S		Nom	N
14025018	46	auf	ADP	PTKVZ								
14025018	47	der	DET	ART					S		Dat	M
14025018	48	Libanon	PROPN	NE					S		Nom	M
14025018	49	sein	AUX	VAFIN		Fin	Pres	3	S	Ind		
14025018	50	vorüber	ADV	ADV								
14025018	51	und	CCONJ	KON								
14025018	52	Zertrat	NOUN	NN					S		Nom	M
14025018	53	der	DET	ART					S		Acc	M
14025018	54	Dornstrauch	NOUN	NN					S		Nom	M
14025019	1	du	PRON	PPER				2	S		Nom	
14025019	2	sagen	VERB	VVFIN		Fin	Pres	2	S	Ind		
14025019	3	sehen	VERB	VVIMP				2	S	Imp		
14025019	4	du	PRON	PPER				2	S		Nom	
14025019	5	haben	AUX	VAFIN		Fin	Pres	2	S	Ind		
14025019	6	Edom	PROPN	NE					S		Nom	
14025019	7	schlagen	VERB	VVPP		Part						
14025019	8	und	CCONJ	KON								
14025019	9	dein	DET	PPER					S		Nom	N
14025019	10	Herz	NOUN	NN					S		Nom	N
14025019	11	erheben	VERB	VVFIN		Fin	Pres	3	S	Ind		
14025019	12	sich	PRON	PRF				3	S		Acc	
14025019	13	dir	PRON	PPER				2	S		Dat	
14025019	14	Ruhm	NOUN	NN					S		Acc	M
14025019	15	zu	ADP	PTKVZ								
14025019	16	erwerben	VERB	VVINF		Inf						
14025019	17	Bleibe	NOUN	NN					S		Nom	F
14025019	18	nun	ADV	ADV								
14025019	19	in	ADP	APPR								
14025019	20	dein	DET	PPOSAT					S		Dat	M
14025019	21	Haus	NOUN	NN					P		Nom	N
14025019	22	warum	SCONJ	PWAV								
14025019	23	willst	PROPN	VMFIN					S		Nom	
14025019	24	du	PRON	PPER				2	S		Nom	
14025019	25	dich	PRON	PPER				2	S		Acc	
14025019	26	mit	ADP	APPR								
14025019	27	der	DET	ART					S		Dat	M
14025019	28	Unglück	NOUN	NN					S		Nom	N
14025019	29	einlassen	VERB	VVINF		Inf						
14025019	30	daß	SCONJ	KOUS								
14025019	31	du	PRON	PPER				2	S		Nom	
14025019	32	Fallest	NOUN	NN					S		Nom	M
14025019	33	du	PRON	PPER				2	S		Nom	
14025019	34	und	CCONJ	KON								
14025019	35	Juda	PROPN	NE					S		Nom	M
14025019	36	mit	ADP	APPR								
14025019	37	dir	PRON	PPER				2	S		Dat	
14025020	1	aber	CCONJ	KON								
14025020	2	Amazja	PROPN	NE					S		Nom	M
14025020	3	hören	VERB	VVFIN		Fin	Past	3	S	Ind		
14025020	4	nicht	PART	PTKNEG								
14025020	5	denn	CCONJ	KON								
14025020	6	es	PRON	PPER				3	S		Nom	N
14025020	7	sein	AUX	VAFIN		Fin	Past	3	S	Ind		
14025020	8	von	ADP	APPR								
14025020	9	Gott	NOUN	NN					S		Nom	M
14025020	10	damit	ADV	PROAV								
14025020	11	er	PRON	PPER				3	S		Nom	M
14025020	12	sie	PRON	PPER				3	P		Nom	
14025020	13	Preisgäb	X	FM								
14025020	14	weil	SCONJ	KOUS								
14025020	15	sie	PRON	PPER				3	P		Nom	
14025020	16	der	DET	ART					S		Nom	F
14025020	17	Götter	NOUN	NN					P		Nom	M
14025020	18	von	ADP	APPR								
14025020	19	Edom	PROPN	NE					S		Nom	
14025020	20	suchen	VERB	VVPP		Part						
14025020	21	haben	AUX	VAFIN		Fin	Past	3	P	Ind		
14025021	1	da	SCONJ	KOUS								
14025021	2	ziehen	VERB	VVFIN		Fin	Past	3	S	Ind		
14025021	3	Joas	PROPN	NE					S		Nom	
14025021	4	der	DET	ART					S		Nom	M
14025021	5	König	NOUN	NN					S		Nom	M
14025021	6	von	ADP	APPR								
14025021	7	Israel	PROPN	NE					S		Nom	N
14025021	8	herauf	ADV	PTKVZ								
14025021	9	und	CCONJ	KON								
14025021	10	sie	PRON	PPER				3	P		Nom	
14025021	11	sehen	VERB	VVFIN		Fin	Past	3	P	Ind		
14025021	12	sich	PRON	PRF				3	P		Dat	
14025021	13	in	ADP	APPRART					S		Acc	N
14025021	14	Angesicht	NOUN	NN					S		Nom	F
14025021	15	er	PRON	PPER				3	S		Nom	M
14025021	16	und	CCONJ	KON								
14025021	17	Amazja	PROPN	NE					S		Nom	M
14025021	18	der	DET	ART					S		Nom	M
14025021	19	König	NOUN	NN					S		Nom	M
14025021	20	von	ADP	APPR								
14025021	21	Juda	PROPN	NE					S		Nom	M
14025021	22	zu	ADP	PTKVZ								
14025021	23	Beth-Seme	NOUN	NN								
14025021	24	der	DET	ART					S		Nom	N
14025021	25	zu	ADP	PTKVZ								
14025021	26	Juda	PROPN	NE					S		Nom	M
14025021	27	gehören	VERB	VVFIN		Fin	Pres	3	S	Ind		
14025022	1	und	CCONJ	KON								
14025022	2	Juda	PROPN	NE					S		Nom	M
14025022	3	werden	AUX	VAFIN		Fin	Past	3	S	Ind		
14025022	4	vor	ADP	APPR								
14025022	5	Israel	PROPN	NE					S		Nom	N
14025022	6	schlagen	VERB	VVPP		Part						
14025022	7	und	CCONJ	KON								
14025022	8	sie	PRON	PPER				3	P		Nom	
14025022	9	fliehen	VERB	VVFIN		Fin	Past	3	P	Ind		
14025022	10	ein	DET	ART					S		Nom	N
14025022	11	jeder	PRON	PIS					S		Nom	M
14025022	12	nach	ADP	APPR								
14025022	13	sein	DET	PPOSAT					S		Dat	M
14025022	14	Zelt	NOUN	NN					P		Nom	N
14025023	1	und	CCONJ	KON								
14025023	2	Joas	PROPN	NE					S		Nom	
14025023	3	der	DET	ART					S		Nom	M
14025023	4	König	NOUN	NN					S		Nom	M
14025023	5	von	ADP	APPR								
14025023	6	Israel	PROPN	NE					S		Nom	N
14025023	7	nehmen	VERB	VVFIN		Fin	Past	3	S	Ind		
14025023	8	Amazja	PROPN	NE					S		Nom	M
14025023	9	der	DET	ART					S		Acc	M
14025023	10	König	NOUN	NN					S		Nom	M
14025023	11	von	ADP	APPR								
14025023	12	Juda	PROPN	NE					S		Nom	M
14025023	13	der	DET	ART					S		Acc	M
14025023	14	Sohn	NOUN	NN					S		Nom	M
14025023	15	Joas	PROPN	NE					S		Nom	
14025023	16	der	DET	ART					S		Gen	M
14025023	17	Sohn	PROPN	NE					S		Gen	M
14025023	18	Joaha	PROPN	NE					S		Gen	M
14025023	19	zu	ADP	PTKVZ								
14025023	20	Beth-Seme	NOUN	NN								
14025023	21	gefangen	VERB	VVPP		Part						
14025023	22	und	CCONJ	KON								
14025023	23	bringen	VERB	VVFIN		Fin	Past	3	S	Ind		
14025023	24	ihn	PRON	PPER				3	S		Acc	M
14025023	25	nach	ADP	APPR								
14025023	26	Jerusalem	PROPN	NE					S		Nom	N
14025023	27	und	CCONJ	KON								
14025023	28	er	PRON	PPER				3	S		Nom	M
14025023	29	machen	VERB	VVFIN		Fin	Past	3	S	Ind		
14025023	30	ein	DET	ART					S		Acc	M
14025023	31	Bruch	NOUN	NN					S		Nom	M
14025023	32	in	ADP	APPR								
14025023	33	der	DET	ART					S		Nom	M
14025023	34	Mauer	NOUN	NN					S		Nom	F
14025023	35	Jerusalem	PROPN	NE					S		Gen	N
14025023	36	von	ADP	APPRART					S		Dat	N
14025023	37	Tor	NOUN	NN					P		Nom	N
14025023	38	Ephraim	NOUN	NN					P		Nom	M
14025023	39	bis	CCONJ	KON								
14025023	40	an	ADP	PTKVZ								
14025023	41	der	DET	ART					S		Nom	N
14025023	42	Ecktor	NOUN	NN					S		Nom	M
14025023	43	vierhundert	VERB	VVPP		Part						
14025023	44	Ellen	PROPN	NE					S		Nom	F
14025024	1	und	CCONJ	KON								
14025024	2	er	PRON	PPER				3	S		Nom	M
14025024	3	nehmen	VERB	VVFIN		Fin	Past	3	S	Ind		
14025024	4	alle	PRON	PIS					S		Nom	N
14025024	5	Gold	NOUN	NN					S		Nom	N
14025024	6	und	CCONJ	KON								
14025024	7	Silber	NOUN	NN					S		Nom	N
14025024	8	und	CCONJ	KON								
14025024	9	aller	PRON	PIS					P		Nom	
14025024	10	Gerät	NOUN	NN					P		Nom	N
14025024	11	welcher	DET	PWAT					S		Nom	F
14025024	12	sich	PRON	PRF				3	S		Acc	
14025024	13	in	ADP	APPRART					S		Dat	N
14025024	14	Haus	NOUN	NN					P		Nom	N
14025024	15	Gott	NOUN	NN					S		Gen	M
14025024	16	bei	ADP	APPR								
14025024	17	Obed-Edom	NOUN	NN					S		Nom	M
14025024	18	vorfinden	VERB	VVFIN		Fin	Past	3	P	Ind		
14025024	19	und	CCONJ	KON								
14025024	20	der	DET	ART					S		Nom	F
14025024	21	Schatz	NOUN	NN					P		Nom	M
14025024	22	der	DET	ART					S		Gen	M
14025024	23	Haus	NOUN	NN					S		Gen	N
14025024	24	der	DET	ART					S		Gen	M
14025024	25	König	PROPN	NE					S		Nom	
14025024	26	und	CCONJ	KON								
14025024	27	Geisel	NOUN	NN					P		Nom	F
14025024	28	und	CCONJ	KON								
14025024	29	kehren	VERB	VVFIN		Fin	Past	3	S	Ind		
14025024	30	nach	ADP	APPR								
14025024	31	Samaria	PROPN	NE					S		Nom	N
14025024	32	zurück	ADV	PTKVZ								
14025025	1	und	CCONJ	KON								
14025025	2	Amazja	PROPN	NE					S		Nom	M
14025025	3	der	DET	ART					S		Nom	M
14025025	4	Sohn	NOUN	NN					S		Nom	M
14025025	5	Joas	PROPN	NE					S		Nom	
14025025	6	der	DET	ART					S		Nom	M
14025025	7	König	NOUN	NN					S		Nom	M
14025025	8	von	ADP	APPR								
14025025	9	Juda	PROPN	NE					S		Nom	M
14025025	10	leben	VERB	VVFIN		Fin	Past	3	S	Ind		
14025025	11	nach	ADP	APPR								
14025025	12	der	DET	ART					S		Dat	M
14025025	13	Tod	NOUN	NN					S		Nom	M
14025025	14	Joas	PROPN	NE					S		Nom	
14025025	15	der	DET	ART					S		Gen	M
14025025	16	Sohn	PROPN	NE					S		Gen	M
14025025	17	Joaha	PROPN	NE					S		Gen	M
14025025	18	der	DET	ART					S		Gen	M
14025025	19	König	PROPN	NE					S		Nom	
14025025	20	von	ADP	APPR								
14025025	21	Israel	PROPN	NE					S		Nom	N
14025025	22	fünfzehn	NUM	CARD								
14025025	23	Jahr	NOUN	NN					P		Nom	N
14025026	1	und	CCONJ	KON								
14025026	2	der	DET	ART					S		Nom	N
14025026	3	übrige	ADJ	ADJA	Pos				P		Nom	
14025026	4	der	DET	ART					S		Nom	M
14025026	5	Geschichte	NOUN	NN					S		Nom	F
14025026	6	Amazjas	NOUN	NN					S		Nom	F
14025026	7	der	DET	ART					S		Nom	F
14025026	8	erster	ADJ	ADJA	Pos				S		Nom	F
14025026	9	und	CCONJ	KON								
14025026	10	der	DET	ART					S		Nom	F
14025026	11	letzter	ADJ	ADJA	Pos				S		Nom	F
14025026	12	sehen	VERB	VVIMP				2	S	Imp		
14025026	13	sein	AUX	VAFIN		Fin	Pres	3	S	Ind		
14025026	14	der	DET	ART					S		Nom	N
14025026	15	nicht	PART	PTKNEG								
14025026	16	schreiben	VERB	VVPP		Part						
14025026	17	in	ADP	APPR								
14025026	18	der	DET	ART					S		Dat	M
14025026	19	Buch	NOUN	NN					P		Nom	N
14025026	20	der	DET	ART					S		Nom	M
14025026	21	König	NOUN	NN					P		Nom	M
14025026	22	von	ADP	APPR								
14025026	23	Juda	PROPN	NE					S		Nom	M
14025026	24	und	CCONJ	KON								
14025026	25	Israel	PROPN	NE					S		Nom	N
14025027	1	und	CCONJ	KON								
14025027	2	von	ADP	APPR								
14025027	3	der	DET	ART					S		Nom	M
14025027	4	Zeit	NOUN	NN					S		Nom	F
14025027	5	an	ADP	PTKVZ								
14025027	6	da	ADV	ADV								
14025027	7	Amazja	PROPN	NE					S		Nom	M
14025027	8	von	ADP	APPR								
14025027	9	der	DET	ART					S		Nom	M
14025027	10	Nachfolge	NOUN	NN					S		Nom	F
14025027	11	Jahwe	PROPN	NE					S		Gen	
14025027	12	abwichen	VERB	VVPP		Part						
14025027	13	sein	AUX	VAFIN		Fin	Past	3	S	Ind		
14025027	14	machen	VERB	VVFIN		Fin	Past	3	P	Ind		
14025027	15	sie	PRON	PPER				3	P		Nom	
14025027	16	zu	ADP	PTKVZ								
14025027	17	Jerusalem	PROPN	NE					S		Nom	N
14025027	18	ein	DET	ART					S		Nom	F
14025027	19	Verschwörung	NOUN	NN					S		Nom	F
14025027	20	wider	ADP	PTKVZ								
14025027	21	ihn	PRON	PPER				3	S		Acc	M
14025027	22	und	CCONJ	KON								
14025027	23	er	PRON	PPER				3	S		Nom	M
14025027	24	fliehen	VERB	VVFIN		Fin	Past	3	S	Ind		
14025027	25	nach	ADP	APPR								
14025027	26	Lachis	PROPN	NE					S		Gen	
14025027	27	und	CCONJ	KON								
14025027	28	sie	PRON	PPER				3	P		Nom	
14025027	29	sandn	VERB	VVFIN		Fin	Past	3	P	Ind		
14025027	30	ihm	PRON	PPER				3	S		Dat	M
14025027	31	nach	ADP	APPR								
14025027	32	bis	CCONJ	KON								
14025027	33	Lachis	PROPN	NE					S		Gen	
14025027	34	und	CCONJ	KON								
14025027	35	töten	VERB	VVFIN		Fin	Past	3	P	Ind		
14025027	36	ihn	PRON	PPER				3	S		Acc	M
14025027	37	daselbst	ADV	PROAV								
14025028	1	und	CCONJ	KON								
14025028	2	sie	PRON	PPER				3	P		Nom	
14025028	3	luden	VERB	VVFIN		Fin	Past	3	P	Ind		
14025028	4	ihn	PRON	PPER				3	S		Acc	M
14025028	5	auf	ADP	PTKVZ								
14025028	6	Roß	NOUN	NN					P		Nom	M
14025028	7	und	CCONJ	KON								
14025028	8	begraben	VERB	VVFIN		Fin	Past	3	P	Ind		
14025028	9	ihn	PRON	PPER				3	S		Acc	M
14025028	10	bei	ADP	APPR								
14025028	11	sein	DET	PPOSAT					S		Acc	M
14025028	12	Vätern	NOUN	NN					P		Dat	M
14025028	13	in	ADP	APPR								
14025028	14	der	DET	ART					S		Nom	M
14025028	15	Stadt	NOUN	NN					S		Nom	F
14025028	16	Judas	PROPN	NE					S		Nom	M
14026001	1	und	CCONJ	KON								
14026001	2	der	DET	ART					S		Nom	N
14026001	3	ganz	ADJ	ADJA	Pos				S		Nom	F
14026001	4	Volk	NOUN	NN					S		Nom	N
14026001	5	von	ADP	APPR								
14026001	6	Juda	PROPN	NE					S		Nom	M
14026001	7	nehmen	VERB	VVFIN		Fin	Past	3	S	Ind		
14026001	8	Ussija	PROPN	NE					S		Nom	F
14026001	9	der	DET	ART					S		Nom	M
14026001	10	sechzehn	NUM	CARD								
14026001	11	Jahr	NOUN	NN					P		Nom	N
14026001	12	alt	ADV	ADJD	Pos							
14026001	13	sein	AUX	VAFIN		Fin	Past	3	S	Ind		
14026001	14	und	CCONJ	KON								
14026001	15	sie	PRON	PPER				3	P		Nom	
14026001	16	machen	VERB	VVFIN		Fin	Past	3	P	Ind		
14026001	17	ihn	PRON	PPER				3	S		Acc	M
14026001	18	zu	ADP	APPRART					S		Dat	N
14026001	19	König	NOUN	NN					S		Nom	M
14026001	20	an	ADP	PTKVZ								
14026001	21	sein	DET	PPOSAT					S		Gen	M
14026001	22	Vater	NOUN	NN					S		Gen	M
14026001	23	Amazja	PROPN	NE					S		Nom	M
14026001	24	statt	SCONJ	KOUI								
14026002	1	er	PRON	PPER				3	S		Nom	M
14026002	2	bauen	VERB	VVFIN		Fin	Past	3	S	Ind		
14026002	3	Eloth	NOUN	NN					S		Nom	F
14026002	4	und	CCONJ	KON								
14026002	5	bringen	VERB	VVFIN		Fin	Past	3	S	Ind		
14026002	6	es	PRON	PPER				3	S		Nom	N
14026002	7	an	ADP	PTKVZ								
14026002	8	Juda	PROPN	NE					S		Nom	M
14026002	9	zurück	ADV	PTKVZ								
14026002	10	nachdem	SCONJ	KOUS								
14026002	11	der	DET	ART					S		Nom	M
14026002	12	König	NOUN	NN					S		Nom	M
14026002	13	sich	PRON	PRF				3	S		Acc	
14026002	14	zu	ADP	PTKVZ								
14026002	15	sein	DET	PPOSAT					S		Acc	M
14026002	16	Vätern	NOUN	NN					P		Dat	M
14026002	17	legen	VERB	VVPP		Part						
14026002	18	haben	AUX	VAFIN		Fin	Past	3	S	Ind		
14026003	1	Sechzehn	NUM	CARD								
14026003	2	Jahr	NOUN	NN					P		Nom	N
14026003	3	sein	AUX	VAFIN		Fin	Past	3	S	Ind		
14026003	4	Ussija	PROPN	NE					S		Nom	F
14026003	5	alt	ADV	ADJD	Pos							
14026003	6	als	ADP	KOKOM								
14026003	7	er	PRON	PPER				3	S		Nom	M
14026003	8	König	NOUN	NN					S		Nom	M
14026003	9	werden	AUX	VAFIN		Fin	Past	3	S	Ind		
14026003	10	und	CCONJ	KON								
14026003	11	er	PRON	PPER				3	S		Nom	M
14026003	12	regieren	VERB	VVFIN		Fin	Past	3	S	Ind		
14026003	13	52	NUM	CARD								
14026003	14	Jahr	NOUN	NN					P		Nom	N
14026003	15	zu	ADP	PTKVZ								
14026003	16	Jerusalem	PROPN	NE					S		Nom	N
14026003	17	und	CCONJ	KON								
14026003	18	der	DET	ART					S		Nom	M
14026003	19	Name	NOUN	NN					S		Nom	M
14026003	20	sein	DET	PPOSAT					S		Dat	F
14026003	21	Mutter	NOUN	NN					S		Nom	F
14026003	22	sein	AUX	VAFIN		Fin	Past	3	S	Ind		
14026003	23	Jekolja	NOUN	NN					S		Nom	M
14026003	24	von	ADP	APPR								
14026003	25	Jerusalem	PROPN	NE					S		Nom	N
14026004	1	und	CCONJ	KON								
14026004	2	er	PRON	PPER				3	S		Nom	M
14026004	3	tun	VERB	VVFIN		Fin	Past	3	S	Ind		
14026004	4	was	PRON	PWS					S		Nom	N
14026004	5	Recht	NOUN	NN					S		Acc	N
14026004	6	sein	AUX	VAFIN		Fin	Past	3	S	Ind		
14026004	7	in	ADP	APPR								
14026004	8	der	DET	ART					S		Acc	M
14026004	9	Auge	NOUN	NN					P		Nom	N
14026004	10	Jahwe	PROPN	NE					S		Gen	
14026004	11	nach	ADP	APPR								
14026004	12	alle	PRON	PIS					S		Dat	N
14026004	13	was	PRON	PWS					S		Nom	N
14026004	14	sein	AUX	VAINF		Inf						
14026004	15	Vater	NOUN	NN					S		Nom	M
14026004	16	Amazja	PROPN	NE					S		Nom	M
14026004	17	tun	VERB	VVPP		Part						
14026004	18	haben	AUX	VAFIN		Fin	Past	3	S	Ind		
14026005	1	und	CCONJ	KON								
14026005	2	er	PRON	PPER				3	S		Nom	M
14026005	3	suchen	VERB	VVFIN		Fin	Past	3	S	Ind		
14026005	4	Gott	NOUN	NN					S		Nom	M
14026005	5	in	ADP	APPR								
14026005	6	der	DET	ART					S		Acc	M
14026005	7	Tag	NOUN	NN					P		Dat	M
14026005	8	Sekarjas	NOUN	NN					S		Nom	F
14026005	9	der	DET	ART					S		Nom	M
14026005	10	kundig	ADV	ADJD	Pos							
14026005	11	sein	AUX	VAFIN		Fin	Past	3	S	Ind		
14026005	12	in	ADP	APPR								
14026005	13	der	DET	ART					S		Acc	M
14026005	14	Gesichte	NOUN	NN					P		Nom	
14026005	15	Gott	NOUN	NN					S		Gen	M
14026005	16	und	CCONJ	KON								
14026005	17	in	ADP	APPR								
14026005	18	der	DET	ART					S		Acc	M
14026005	19	Tag	NOUN	NN					P		Dat	M
14026005	20	da	ADV	ADV								
14026005	21	er	PRON	PPER				3	S		Nom	M
14026005	22	Jahwe	NOUN	NN					S		Nom	M
14026005	23	suchen	VERB	VVFIN		Fin	Past	3	S	Ind		
14026005	24	geben	VERB	VVFIN		Fin	Past	3	S	Ind		
14026005	25	Gott	NOUN	NN					S		Nom	M
14026005	26	ihm	PRON	PPER				3	S		Dat	M
14026005	27	gelingen	NOUN	NN					S		Nom	N
14026006	1	und	CCONJ	KON								
14026006	2	er	PRON	PPER				3	S		Nom	M
14026006	3	ziehen	VERB	VVFIN		Fin	Past	3	S	Ind		
14026006	4	aus	ADP	PTKVZ								
14026006	5	und	CCONJ	KON								
14026006	6	streiten	VERB	VVFIN		Fin	Past	3	S	Ind		
14026006	7	wider	ADP	PTKVZ								
14026006	8	sie	PRON	PPER				3	P		Nom	
14026006	9	Philister	NOUN	NN					S		Nom	M
14026006	10	und	CCONJ	KON								
14026006	11	reißen	VERB	VVFIN		Fin	Past	3	S	Ind		
14026006	12	nieder	ADV	PTKVZ								
14026006	13	der	DET	ART					S		Nom	F
14026006	14	Mauer	NOUN	NN					S		Nom	F
14026006	15	von	ADP	APPR								
14026006	16	Gath	PROPN	NE					S		Nom	
14026006	17	und	CCONJ	KON								
14026006	18	der	DET	ART					S		Nom	F
14026006	19	Mauer	NOUN	NN					S		Nom	F
14026006	20	von	ADP	APPR								
14026006	21	Jabne	PROPN	NE					S		Nom	M
14026006	22	und	CCONJ	KON								
14026006	23	der	DET	ART					S		Nom	F
14026006	24	Mauer	NOUN	NN					S		Nom	F
14026006	25	von	ADP	APPR								
14026006	26	Asdod	PROPN	NE					S		Nom	F
14026006	27	und	CCONJ	KON								
14026006	28	er	PRON	PPER				3	S		Nom	M
14026006	29	bauen	VERB	VVFIN		Fin	Past	3	S	Ind		
14026006	30	Stadt	NOUN	NN					P		Nom	F
14026006	31	um	ADP	APPR								
14026006	32	Asdod	PROPN	NE					S		Nom	F
14026006	33	her	ADV	ADV								
14026006	34	und	CCONJ	KON								
14026006	35	unter	ADP	APPR								
14026006	36	der	DET	ART					S		Acc	M
14026006	37	Philister	NOUN	NN					P		Dat	M
14026007	1	und	CCONJ	KON								
14026007	2	Gott	NOUN	NN					S		Nom	M
14026007	3	helfen	VERB	VVFIN		Fin	Past	3	S	Ind		
14026007	4	ihm	PRON	PPER				3	S		Dat	M
14026007	5	wider	ADP	PTKVZ								
14026007	6	der	DET	ART					S		Nom	F
14026007	7	Philister	NOUN	NN					S		Nom	M
14026007	8	und	CCONJ	KON								
14026007	9	wider	ADP	PTKVZ								
14026007	10	der	DET	ART					S		Nom	F
14026007	11	Araber	NOUN	NN					P		Nom	M
14026007	12	der	DET	ART					S		Nom	F
14026007	13	zu	ADP	PTKVZ								
14026007	14	Gur-Baal	NOUN	NE					S		Nom	M
14026007	15	wohnen	VERB	VVFIN		Fin	Past	3	P	Ind		
14026007	16	und	CCONJ	KON								
14026007	17	wider	ADP	PTKVZ								
14026007	18	der	DET	ART					S		Nom	F
14026007	19	Meuniter	NOUN	NN					P		Nom	M
14026008	1	und	CCONJ	KON								
14026008	2	der	DET	ART					S		Nom	F
14026008	3	Ammoniter	NOUN	NN					S		Nom	M
14026008	4	geben	VERB	VVFIN		Fin	Past	3	P	Ind		
14026008	5	Ussija	PROPN	NE					S		Nom	F
14026008	6	Geschenk	NOUN	NN					P		Nom	N
14026008	7	und	CCONJ	KON								
14026008	8	sein	AUX	VAINF		Inf						
14026008	9	Name	NOUN	NN					S		Nom	M
14026008	10	Drang	NOUN	NN					S		Nom	M
14026008	11	bis	CCONJ	KON								
14026008	12	nach	ADP	APPR								
14026008	13	Ägypten	PROPN	NE					S		Nom	N
14026008	14	hin	ADV	ADV								
14026008	15	denn	CCONJ	KON								
14026008	16	er	PRON	PPER				3	S		Nom	M
14026008	17	sein	AUX	VAFIN		Fin	Past	3	S	Ind		
14026008	18	überaus	ADV	ADV								
14026008	19	stark	ADV	ADJD	Pos							
14026008	20	werden	AUX	VAPP		Part						
14026009	1	und	CCONJ	KON								
14026009	2	Ussija	PROPN	NE					S		Nom	F
14026009	3	bauen	VERB	VVFIN		Fin	Past	3	S	Ind		
14026009	4	Türme	NOUN	NN					P		Nom	M
14026009	5	in	ADP	APPR								
14026009	6	Jerusalem	PROPN	NE					S		Nom	N
14026009	7	auf	ADP	PTKVZ								
14026009	8	der	DET	ART					S		Dat	M
14026009	9	Ecktor	NOUN	NN					S		Nom	M
14026009	10	und	CCONJ	KON								
14026009	11	auf	ADP	PTKVZ								
14026009	12	der	DET	ART					S		Dat	M
14026009	13	Taltor	NOUN	NN					S		Nom	M
14026009	14	und	CCONJ	KON								
14026009	15	auf	ADP	PTKVZ								
14026009	16	der	DET	ART					S		Dat	M
14026009	17	Winkel	NOUN	NN					S		Nom	M
14026009	18	und	CCONJ	KON								
14026009	19	befestigen	VERB	VVFIN		Fin	Past	3	S	Ind		
14026009	20	sie	PRON	PPER				3	P		Nom	
14026010	1	und	CCONJ	KON								
14026010	2	er	PRON	PPER				3	S		Nom	M
14026010	3	bauen	VERB	VVFIN		Fin	Past	3	S	Ind		
14026010	4	Türme	NOUN	NN					P		Nom	M
14026010	5	in	ADP	APPR								
14026010	6	der	DET	ART					S		Nom	M
14026010	7	Wüste	NOUN	NN					S		Nom	F
14026010	8	und	CCONJ	KON								
14026010	9	grub	VERB	VVFIN		Fin	Past	3	S	Ind		
14026010	10	vieler	PRON	PIS					P		Nom	
14026010	11	Cistern	NOUN	NN					P		Nom	F
14026010	12	denn	CCONJ	KON								
14026010	13	er	PRON	PPER				3	S		Nom	M
14026010	14	haben	AUX	VAFIN		Fin	Past	3	S	Ind		
14026010	15	viel	PRON	PIS								
14026010	16	Vieh	NOUN	NN					S		Nom	N
14026010	17	sowohl	CCONJ	KON								
14026010	18	in	ADP	APPR								
14026010	19	der	DET	ART					S		Nom	M
14026010	20	Niederung	NOUN	NN					S		Nom	F
14026010	21	als	ADP	KOKOM								
14026010	22	auch	ADV	ADV								
14026010	23	in	ADP	APPR								
14026010	24	der	DET	ART					S		Nom	M
14026010	25	Ebene	NOUN	NN					S		Nom	F
14026010	26	und	CCONJ	KON								
14026010	27	Ackerleute	NOUN	NN					P		Nom	
14026010	28	und	CCONJ	KON								
14026010	29	Weingärtner	NOUN	NN					S		Nom	M
14026010	30	in	ADP	APPRART					S		Dat	N
14026010	31	Gebirge	NOUN	NN					S		Nom	N
14026010	32	und	CCONJ	KON								
14026010	33	in	ADP	APPRART					S		Dat	N
14026010	34	Fruchtgefild	NOUN	NN					P		Nom	M
14026010	35	denn	CCONJ	KON								
14026010	36	er	PRON	PPER				3	S		Nom	M
14026010	37	lieben	VERB	VVFIN		Fin	Past	3	S	Ind		
14026010	38	der	DET	ART					S		Acc	M
14026010	39	Ackerbau	NOUN	NN					S		Nom	M
14026011	1	und	CCONJ	KON								
14026011	2	Ussija	PROPN	NE					S		Nom	F
14026011	3	haben	AUX	VAFIN		Fin	Past	3	S	Ind		
14026011	4	ein	DET	ART					S		Nom	N
14026011	5	Kriegführende	ADJ	ADJA	Pos				S		Nom	N
14026011	6	Heer	NOUN	NN					S		Nom	N
14026011	7	der	DET	ART					S		Nom	N
14026011	8	in	ADP	APPR								
14026011	9	Schar	NOUN	NN					P		Nom	F
14026011	10	in	ADP	APPR								
14026011	11	der	DET	ART					S		Acc	M
14026011	12	Kampf	NOUN	NN					S		Nom	M
14026011	13	ziehen	VERB	VVFIN		Fin	Past	3	S	Ind		
14026011	14	nach	ADP	APPR								
14026011	15	der	DET	ART					S		Nom	M
14026011	16	Zahl	NOUN	NN					S		Nom	F
14026011	17	ihr	DET	PPOSAT					S		Dat	F
14026011	18	Musterung	NOUN	NN					S		Nom	F
14026011	19	durch	ADP	APPR								
14026011	20	Jeghiel	PROPN	NN					S		Nom	N
14026011	21	der	DET	ART					S		Acc	M
14026011	22	Schreiber	PROPN	NE					S		Nom	M
14026011	23	und	CCONJ	KON								
14026011	24	Maaseja	PROPN	NE					S		Nom	
14026011	25	der	DET	ART					S		Acc	M
14026011	26	Vorsteher	NOUN	NN					S		Nom	M
14026011	27	unter	ADP	APPR								
14026011	28	der	DET	ART					S		Nom	M
14026011	29	Leitung	NOUN	NN					S		Nom	F
14026011	30	Hananjas	NOUN	NN					S		Nom	F
14026011	31	ein	PRON	ART					S		Nom	N
14026011	32	der	DET	ART					S		Nom	M
14026011	33	oberer	ADJ	ADJA	Sup				S		Dat	F
14026011	34	der	DET	ART					S		Gen	M
14026011	35	König	PROPN	NE					S		Nom	
14026012	1	der	DET	ART					S		Nom	F
14026012	2	ganz	ADJ	ADJA	Pos				S		Nom	F
14026012	3	Zahl	NOUN	NN					S		Nom	F
14026012	4	der	DET	ART					S		Nom	M
14026012	5	Häupter	NOUN	NN					P		Nom	N
14026012	6	der	DET	ART					S		Nom	M
14026012	7	Vater	NOUN	NN					P		Nom	M
14026012	8	der	DET	ART					S		Nom	M
14026012	9	tapfer	ADJ	ADJA	Pos				S		Acc	M
14026012	10	Held	NOUN	NN					P		Nom	M
14026012	11	sein	AUX	VAFIN		Fin	Past	3	S	Ind		
14026012	12	2600	NUM	CARD								
14026013	1	und	CCONJ	KON								
14026013	2	unter	ADP	APPR								
14026013	3	ihr	DET	PPOSAT					S		Dat	F
14026013	4	Leitung	NOUN	NN					S		Nom	F
14026013	5	stehen	VERB	VVFIN		Fin	Past	3	S	Ind		
14026013	6	ein	DET	ART					S		Nom	F
14026013	7	Heeresmacht	NOUN	NN					S		Nom	F
14026013	8	von	ADP	APPR								
14026013	9	307500	NUM	CARD								
14026013	10	Mann	NOUN	NN					S		Nom	M
14026013	11	welcher	DET	PWAT					S		Nom	F
14026013	12	der	DET	ART					S		Acc	M
14026013	13	Krieg	NOUN	NN					S		Nom	M
14026013	14	führen	VERB	VVFIN		Fin	Past	3	S	Ind		
14026013	15	mit	ADP	APPR								
14026013	16	gewaltig	ADV	ADJD	Cmp							
14026013	17	Kraft	NOUN	NN					S		Nom	F
14026013	18	um	ADP	APPR								
14026013	19	der	DET	ART					S		Dat	M
14026013	20	König	NOUN	NN					S		Nom	M
14026013	21	wider	ADP	PTKVZ								
14026013	22	der	DET	ART					S		Acc	M
14026013	23	Feind	NOUN	NN					S		Nom	M
14026013	24	beistehen	VERB	VVIZU		Inf						
14026014	1	und	CCONJ	KON								
14026014	2	Ussija	PROPN	NE					S		Nom	F
14026014	3	bereiten	VERB	VVFIN		Fin	Past	3	S	Ind		
14026014	4	ihnen	PRON	PPER				3	P		Dat	
14026014	5	der	DET	ART					S		Dat	M
14026014	6	ganz	PRON	ADJA					S		Nom	M
14026014	7	Heer	NOUN	NN					P		Nom	M
14026014	8	Schild	NOUN	NN					P		Nom	N
14026014	9	und	CCONJ	KON								
14026014	10	Lanze	NOUN	NN					P		Nom	F
14026014	11	und	CCONJ	KON								
14026014	12	Helm	NOUN	NN					P		Nom	M
14026014	13	und	CCONJ	KON								
14026014	14	Panzer	NOUN	NN					P		Nom	M
14026014	15	und	CCONJ	KON								
14026014	16	Bogen	NOUN	NN					S		Nom	M
14026014	17	und	CCONJ	KON								
14026014	18	Schleuderstein	NOUN	NN					P		Nom	N
14026015	1	und	CCONJ	KON								
14026015	2	er	PRON	PPER				3	S		Nom	M
14026015	3	machen	VERB	VVFIN		Fin	Past	3	S	Ind		
14026015	4	zu	ADP	PTKVZ								
14026015	5	Jerusalem	PROPN	NE					S		Nom	N
14026015	6	Maschine	NOUN	NN					P		Nom	F
14026015	7	ein	DET	ART					S		Nom	N
14026015	8	Kunstwerk	NOUN	NN					S		Nom	N
14026015	9	der	DET	ART					S		Gen	M
14026015	10	Künstler	NOUN	NN					S		Gen	M
14026015	11	daß	SCONJ	KOUS								
14026015	12	sie	PRON	PPER				3	P		Nom	
14026015	13	auf	ADP	PTKVZ								
14026015	14	der	DET	ART					S		Acc	M
14026015	15	Türmen	NOUN	NN					P		Dat	N
14026015	16	und	CCONJ	KON								
14026015	17	auf	ADP	PTKVZ								
14026015	18	der	DET	ART					S		Acc	M
14026015	19	Zinne	NOUN	NN					P		Nom	F
14026015	20	sein	AUX	VAINF		Inf						
14026015	21	sollen	AUX	VMFIN		Fin	Past	3	P	Ind		
14026015	22	um	ADP	APPR								
14026015	23	mit	ADP	APPR								
14026015	24	Pfeil	NOUN	NN					P		Dat	M
14026015	25	und	CCONJ	KON								
14026015	26	mit	ADP	APPR								
14026015	27	groß	ADJ	ADJA	Pos				S		Acc	M
14026015	28	Stein	NOUN	NN					P		Dat	M
14026015	29	zu	ADP	PTKVZ								
14026015	30	schießen	VERB	VVFIN		Fin	Pres	3	P	Ind		
14026015	31	und	CCONJ	KON								
14026015	32	sein	AUX	VAINF		Inf						
14026015	33	Name	NOUN	NN					S		Nom	M
14026015	34	gehen	VERB	VVFIN		Fin	Past	3	S	Ind		
14026015	35	aus	ADP	PTKVZ								
14026015	36	bis	CCONJ	KON								
14026015	37	in	ADP	APPR								
14026015	38	der	DET	ART					S		Nom	F
14026015	39	Ferne	NOUN	NN					S		Nom	F
14026015	40	denn	CCONJ	KON								
14026015	41	wunderbar	ADV	ADJD	Pos							
14026015	42	werden	VERB	VAFIN		Fin	Past	3	S	Ind		
14026015	43	ihm	PRON	PPER				3	S		Dat	M
14026015	44	helfen	VERB	VVPP		Part						
14026015	45	bis	CCONJ	KON								
14026015	46	er	PRON	PPER				3	S		Nom	M
14026015	47	stark	ADV	ADJD	Pos							
14026015	48	werden	AUX	VAFIN		Fin	Past	3	S	Ind		
14026016	1	und	CCONJ	KON								
14026016	2	als	ADP	KOKOM								
14026016	3	er	PRON	PPER				3	S		Nom	M
14026016	4	stark	ADV	ADJD	Pos							
14026016	5	werden	AUX	VAPP		Part						
14026016	6	sein	AUX	VAFIN		Fin	Past	3	S	Ind		
14026016	7	erheben	VERB	VVFIN		Fin	Past	3	S	Ind		
14026016	8	sich	PRON	PRF				3	S		Acc	
14026016	9	sein	AUX	VAINF		Inf						
14026016	10	Herz	NOUN	NN					S		Nom	N
14026016	11	bis	CCONJ	KON								
14026016	12	er	PRON	PPER				3	S		Nom	M
14026016	13	verderben	VERB	VVPP		Part						
14026016	14	handeln	VERB	VVFIN		Fin	Past	3	S	Ind		
14026016	15	und	CCONJ	KON								
14026016	16	er	PRON	PPER				3	S		Nom	M
14026016	17	handeln	VERB	VVFIN		Fin	Past	3	S	Ind		
14026016	18	treulos	ADV	ADJD	Pos							
14026016	19	gegen	ADP	APPR								
14026016	20	Jahwe	NOUN	NN					S		Nom	M
14026016	21	sein	DET	PPOSAT					S		Acc	M
14026016	22	Gott	NOUN	NN					S		Nom	M
14026016	23	und	CCONJ	KON								
14026016	24	treten	VERB	VVFIN		Fin	Past	3	S	Ind		
14026016	25	in	ADP	APPR								
14026016	26	der	DET	ART					S		Acc	M
14026016	27	Tempel	NOUN	NN					S		Nom	M
14026016	28	Jahwe	PROPN	NE					S		Gen	
14026016	29	um	ADP	APPR								
14026016	30	auf	ADP	PTKVZ								
14026016	31	der	DET	ART					S		Dat	M
14026016	32	Räucheraltar	NOUN	NE					S		Nom	M
14026016	33	zu	ADP	PTKVZ								
14026016	34	räuchern	VERB	VVINF		Inf						
14026017	1	da	SCONJ	KOUS								
14026017	2	kommen	VERB	VVFIN		Fin	Past	3	S	Ind		
14026017	3	Asarja	PROPN	NE					S		Nom	
14026017	4	der	DET	ART					S		Nom	M
14026017	5	Priester	NOUN	NN					P		Nom	M
14026017	6	hinter	ADP	APPR								
14026017	7	ihm	PRON	PPER				3	S		Dat	M
14026017	8	her	ADV	ADV								
14026017	9	und	CCONJ	KON								
14026017	10	mit	ADP	APPR								
14026017	11	ihm	PRON	PPER				3	S		Dat	M
14026017	12	achtzig	NUM	CARD								
14026017	13	Priester	NOUN	NN					P		Nom	M
14026017	14	Jahwe	PROPN	NE					S		Gen	
14026017	15	wack	VERB	ADJA		Fin	Past	3	S	Ind		
14026017	16	Mann	NOUN	NN					P		Nom	M
14026018	1	und	CCONJ	KON								
14026018	2	sie	PRON	PPER				3	P		Nom	
14026018	3	widerstehen	VERB	VVPP		Part						
14026018	4	der	DET	ART					S		Dat	M
14026018	5	König	NOUN	NN					S		Nom	M
14026018	6	Ussija	PROPN	NE					S		Nom	F
14026018	7	und	CCONJ	KON								
14026018	8	sprechen	VERB	VVFIN		Fin	Past	3	P	Ind		
14026018	9	zu	ADP	PTKVZ								
14026018	10	ihm	PRON	PPER				3	S		Dat	M
14026018	11	nicht	PART	PTKNEG								
14026018	12	dir	PRON	PPER				2	S		Dat	
14026018	13	Ussija	PROPN	NE					S		Nom	F
14026018	14	geziemt	ADV	PTKVZ								
14026018	15	es	PRON	PPER				3	S		Nom	N
14026018	16	Jahwe	NOUN	NN					S		Nom	M
14026018	17	zu	ADP	PTKVZ								
14026018	18	räuchern	VERB	VVINF		Inf						
14026018	19	sondern	CCONJ	KON								
14026018	20	der	DET	ART					S		Acc	M
14026018	21	Priester	NOUN	NN					P		Dat	M
14026018	22	der	DET	ART					S		Acc	M
14026018	23	Söhn	NOUN	NN					P		Dat	M
14026018	24	Aaron	PROPN	NE					S		Gen	
14026018	25	der	DET	ART					S		Nom	F
14026018	26	heiligen	VERB	VVPP		Part						
14026018	27	sein	AUX	VAFIN		Fin	Pres	3	P	Ind		
14026018	28	zu	ADP	APPRART					S		Dat	N
14026018	29	Räuchern	NOUN	NN					S		Nom	N
14026018	30	Geh	X	FM								
14026018	31	aus	ADP	PTKVZ								
14026018	32	der	DET	ART					S		Dat	M
14026018	33	Heiligtum	NOUN	NN					S		Nom	N
14026018	34	hinaus	ADP	APZR								
14026018	35	denn	CCONJ	KON								
14026018	36	du	PRON	PPER				2	S		Nom	
14026018	37	haben	AUX	VAFIN		Fin	Pres	2	S	Ind		
14026018	38	treulos	ADV	ADJD	Pos							
14026018	39	handeln	VERB	VVPP		Part						
14026018	40	und	CCONJ	KON								
14026018	41	es	PRON	PPER				3	S		Nom	N
14026018	42	werden	AUX	VAFIN		Fin	Pres	3	S	Ind		
14026018	43	dir	PRON	PPER				2	S		Dat	
14026018	44	nicht	PART	PTKNEG								
14026018	45	zu	ADP	APPRART					S		Dat	F
14026018	46	Ehre	NOUN	NN					S		Nom	F
14026018	47	gereich	VERB	ADJA		Part						
14026018	48	von	ADP	APPR								
14026018	49	Jahwe	NOUN	NN					S		Nom	M
14026018	50	Gott	NOUN	NN					S		Nom	M
14026019	1	aber	CCONJ	KON								
14026019	2	Ussija	PROPN	NE					S		Nom	F
14026019	3	werden	AUX	VAFIN		Fin	Past	3	S	Ind		
14026019	4	zornig	ADV	ADJD	Pos							
14026019	5	und	CCONJ	KON								
14026019	6	er	PRON	PPER				3	S		Nom	M
14026019	7	haben	AUX	VAFIN		Fin	Past	3	S	Ind		
14026019	8	in	ADP	APPR								
14026019	9	sein	DET	PPOSAT					S		Dat	F
14026019	10	Hand	NOUN	NN					S		Nom	F
14026019	11	ein	DET	ART					S		Nom	N
14026019	12	Räucherfaß	NOUN	NN					P		Nom	M
14026019	13	zu	ADP	APPRART					S		Dat	N
14026019	14	Räuchern	NOUN	NN					S		Nom	N
14026019	15	und	CCONJ	KON								
14026019	16	als	ADP	KOKOM								
14026019	17	er	PRON	PPER				3	S		Nom	M
14026019	18	über	ADP	APPR								
14026019	19	der	DET	ART					S		Nom	F
14026019	20	Priester	NOUN	NN					P		Nom	M
14026019	21	erzürnen	VERB	VVFIN		Fin	Past	3	S	Ind		
14026019	22	da	ADV	ADV								
14026019	23	brechen	VERB	VVFIN		Fin	Past	3	S	Ind		
14026019	24	der	DET	ART					S		Nom	M
14026019	25	Aussatz	NOUN	NN					S		Nom	M
14026019	26	aus	ADP	PTKVZ								
14026019	27	an	ADP	PTKVZ								
14026019	28	sein	DET	PPOSAT					S		Dat	F
14026019	29	Stirn	NOUN	NN					S		Nom	N
14026019	30	angesichts	ADP	APPR								
14026019	31	der	DET	ART					S		Nom	M
14026019	32	Priester	NOUN	NN					P		Nom	M
14026019	33	in	ADP	APPRART					S		Dat	N
14026019	34	Haus	NOUN	NN					P		Nom	N
14026019	35	Jahwe	PROPN	NE					S		Gen	
14026019	36	neben	ADP	APPR								
14026019	37	der	DET	ART					S		Dat	M
14026019	38	Räucheraltar	NOUN	NE					S		Nom	M
14026020	1	und	CCONJ	KON								
14026020	2	Asarja	PROPN	NE					S		Nom	
14026020	3	der	DET	ART					S		Nom	M
14026020	4	Hauptpriester	NOUN	NN					S		Acc	M
14026020	5	und	CCONJ	KON								
14026020	6	aller	PRON	PIS					P		Nom	
14026020	7	der	DET	ART					S		Nom	F
14026020	8	Priester	NOUN	NN					P		Nom	M
14026020	9	wenden	VERB	VVFIN		Fin	Past	3	P	Ind		
14026020	10	sich	PRON	PRF				3	S		Acc	
14026020	11	zu	ADP	PTKVZ								
14026020	12	ihm	PRON	PPER				3	S		Dat	M
14026020	13	und	CCONJ	KON								
14026020	14	sehen	VERB	VVIMP				2	S	Imp		
14026020	15	er	PRON	PPER				3	S		Nom	M
14026020	16	sein	AUX	VAFIN		Fin	Past	3	S	Ind		
14026020	17	Aussätzig	PROPN	NE					S		Nom	
14026020	18	an	ADP	PTKVZ								
14026020	19	sein	DET	PPOSAT					S		Dat	F
14026020	20	Stirn	NOUN	NN					S		Nom	N
14026020	21	und	CCONJ	KON								
14026020	22	sie	PRON	PPER				3	P		Nom	
14026020	23	treiben	VERB	VVFIN		Fin	Past	3	P	Ind		
14026020	24	ihn	PRON	PPER				3	S		Acc	M
14026020	25	eilends	ADV	ADV								
14026020	26	von	ADP	APPR								
14026020	27	dannen	ADV	ADV								
14026020	28	fort	ADV	PTKVZ								
14026020	29	und	CCONJ	KON								
14026020	30	auch	ADV	ADV								
14026020	31	er	PRON	PPER				3	S		Nom	M
14026020	32	selbst	ADV	ADV								
14026020	33	beeilen	VERB	VVFIN		Fin	Past	3	S	Ind		
14026020	34	sich	PRON	PRF				3	S		Acc	
14026020	35	hinauszukommen	VERB	VVIZU		Inf						
14026020	36	weil	SCONJ	KOUS								
14026020	37	Jahwe	NOUN	NN					S		Nom	M
14026020	38	ihn	PRON	PPER				3	S		Acc	M
14026020	39	schlagen	VERB	VVPP		Part						
14026020	40	haben	AUX	VAFIN		Fin	Past	3	S	Ind		
14026021	1	und	CCONJ	KON								
14026021	2	der	DET	ART					S		Nom	M
14026021	3	König	NOUN	NN					S		Nom	M
14026021	4	Ussija	PROPN	NE					S		Nom	F
14026021	5	sein	AUX	VAFIN		Fin	Past	3	S	Ind		
14026021	6	Aussätzig	PROPN	NE					S		Nom	
14026021	7	bis	CCONJ	KON								
14026021	8	zu	ADP	APPRART					S		Dat	N
14026021	9	Tag	NOUN	NN					P		Nom	M
14026021	10	sein	DET	PPOSAT					S		Gen	M
14026021	11	Tode	PROPN	NE					S		Gen	
14026021	12	und	CCONJ	KON								
14026021	13	er	PRON	PPER				3	S		Nom	M
14026021	14	wohnen	VERB	VVFIN		Fin	Past	3	S	Ind		
14026021	15	in	ADP	APPR								
14026021	16	ein	DET	ART					S		Dat	M
14026021	17	Krankenhause	NOUN	NN					S		Nom	F
14026021	18	als	ADP	KOKOM								
14026021	19	aussätziger	NOUN	NN					S		Nom	M
14026021	20	denn	CCONJ	KON								
14026021	21	er	PRON	PPER				3	S		Nom	M
14026021	22	sein	AUX	VAFIN		Fin	Past	3	S	Ind		
14026021	23	von	ADP	APPR								
14026021	24	der	DET	ART					S		Dat	M
14026021	25	Haus	NOUN	NN					P		Nom	N
14026021	26	Jahwe	PROPN	NE					S		Gen	
14026021	27	ausschließen	VERB	VVPP		Part						
14026021	28	und	CCONJ	KON								
14026021	29	Jotham	PROPN	NE					S		Nom	F
14026021	30	sein	AUX	VAINF		Inf						
14026021	31	Sohn	NOUN	NN					S		Nom	M
14026021	32	sein	AUX	VAFIN		Fin	Past	3	S	Ind		
14026021	33	über	ADP	APPR								
14026021	34	der	DET	ART					S		Nom	N
14026021	35	Haus	NOUN	NN					S		Nom	N
14026021	36	der	DET	ART					S		Gen	M
14026021	37	König	PROPN	NE					S		Nom	
14026021	38	und	CCONJ	KON								
14026021	39	richten	VERB	VVFIN		Fin	Past	3	S	Ind		
14026021	40	der	DET	ART					S		Nom	N
14026021	41	Volk	NOUN	NN					S		Nom	N
14026021	42	der	DET	ART					S		Gen	M
14026021	43	Land	NOUN	NN					S		Gen	N
14026022	1	und	CCONJ	KON								
14026022	2	der	DET	ART					S		Nom	N
14026022	3	übrige	ADJ	ADJA	Pos				P		Nom	
14026022	4	der	DET	ART					S		Nom	M
14026022	5	Geschichte	NOUN	NN					S		Nom	F
14026022	6	Ussijas	PROPN	NE					S		Nom	
14026022	7	der	DET	ART					S		Nom	F
14026022	8	erster	ADJ	ADJA	Pos				S		Nom	F
14026022	9	und	CCONJ	KON								
14026022	10	der	DET	ART					S		Nom	F
14026022	11	letzter	ADJ	ADJA	Pos				S		Nom	F
14026022	12	haben	AUX	VAFIN		Fin	Pres	3	S	Ind		
14026022	13	Jesaja	PROPN	NE					S		Nom	M
14026022	14	schreiben	VERB	VVPP		Part						
14026022	15	der	DET	ART					S		Nom	M
14026022	16	Sohn	NOUN	NN					S		Nom	M
14026022	17	Amoz	PROPN	NE					S		Nom	
14026022	18	der	DET	ART					S		Nom	M
14026022	19	Prophet	NOUN	NN					S		Nom	M
14026023	1	und	CCONJ	KON								
14026023	2	Ussija	PROPN	NE					S		Nom	F
14026023	3	legen	VERB	VVFIN		Fin	Past	3	S	Ind		
14026023	4	sich	PRON	PRF				3	S		Acc	
14026023	5	zu	ADP	PTKVZ								
14026023	6	sein	DET	PPOSAT					S		Acc	M
14026023	7	Vätern	NOUN	NN					P		Dat	M
14026023	8	und	CCONJ	KON								
14026023	9	man	PRON	PIS					S		Nom	
14026023	10	begrub	VERB	VVFIN		Fin	Pres	3	S	Ind		
14026023	11	ihn	PRON	PPER				3	S		Acc	M
14026023	12	bei	ADP	APPR								
14026023	13	sein	DET	PPOSAT					S		Acc	M
14026023	14	Vätern	NOUN	NN					P		Dat	M
14026023	15	auf	ADP	PTKVZ								
14026023	16	der	DET	ART					S		Dat	M
14026023	17	Begräbnisacker	PROPN	NN					S		Nom	
14026023	18	der	DET	ART					S		Nom	M
14026023	19	König	NOUN	NN					P		Nom	M
14026023	20	denn	CCONJ	KON								
14026023	21	man	PRON	PIS					S		Nom	
14026023	22	sprechen	VERB	VVFIN		Fin	Past	3	S	Ind		
14026023	23	er	PRON	PPER				3	S		Nom	M
14026023	24	sein	AUX	VAFIN		Fin	Pres	3	S	Ind		
14026023	25	Aussätzig	PROPN	NE					S		Nom	
14026023	26	und	CCONJ	KON								
14026023	27	Jotham	PROPN	NE					S		Nom	F
14026023	28	sein	AUX	VAINF		Inf						
14026023	29	Sohn	NOUN	NN					S		Nom	M
14026023	30	werden	VERB	VAFIN		Fin	Past	3	S	Ind		
14026023	31	König	NOUN	NN					S		Nom	M
14026023	32	an	ADP	PTKVZ								
14026023	33	sein	DET	PPOSAT					S		Dat	F
14026023	34	statt	SCONJ	KOUI								
14027001	1	Fünfundzwanzig	X	NE								
14027001	2	Jahr	NOUN	NN					P		Nom	N
14027001	3	sein	AUX	VAFIN		Fin	Past	3	S	Ind		
14027001	4	Jotham	PROPN	NE					S		Nom	F
14027001	5	alt	ADV	ADJD	Pos							
14027001	6	als	ADP	KOKOM								
14027001	7	er	PRON	PPER				3	S		Nom	M
14027001	8	König	NOUN	NN					S		Nom	M
14027001	9	werden	AUX	VAFIN		Fin	Past	3	S	Ind		
14027001	10	und	CCONJ	KON								
14027001	11	er	PRON	PPER				3	S		Nom	M
14027001	12	regieren	VERB	VVFIN		Fin	Past	3	S	Ind		
14027001	13	sechzehn	NUM	CARD								
14027001	14	Jahr	NOUN	NN					P		Nom	N
14027001	15	zu	ADP	PTKVZ								
14027001	16	Jerusalem	PROPN	NE					S		Nom	N
14027001	17	und	CCONJ	KON								
14027001	18	der	DET	ART					S		Nom	M
14027001	19	Name	NOUN	NN					S		Nom	M
14027001	20	sein	DET	PPOSAT					S		Dat	F
14027001	21	Mutter	NOUN	NN					S		Nom	F
14027001	22	sein	AUX	VAFIN		Fin	Past	3	S	Ind		
14027001	23	Jeruscha	PROPN	NE					S		Nom	
14027001	24	der	DET	ART					S		Nom	F
14027001	25	Tochter	NOUN	NN					S		Nom	F
14027001	26	Zadoks	PROPN	NE					S		Nom	
14027002	1	und	CCONJ	KON								
14027002	2	er	PRON	PPER				3	S		Nom	M
14027002	3	tun	VERB	VVFIN		Fin	Past	3	S	Ind		
14027002	4	was	PRON	PWS					S		Nom	N
14027002	5	Recht	NOUN	NN					S		Acc	N
14027002	6	sein	AUX	VAFIN		Fin	Past	3	S	Ind		
14027002	7	in	ADP	APPR								
14027002	8	der	DET	ART					S		Acc	M
14027002	9	Auge	NOUN	NN					P		Nom	N
14027002	10	Jahwe	PROPN	NE					S		Gen	
14027002	11	nach	ADP	APPR								
14027002	12	alle	PRON	PIS					S		Dat	N
14027002	13	was	PRON	PWS					S		Nom	N
14027002	14	sein	AUX	VAINF		Inf						
14027002	15	Vater	NOUN	NN					S		Nom	M
14027002	16	Ussija	PROPN	NE					S		Nom	F
14027002	17	tun	VERB	VVPP		Part						
14027002	18	haben	AUX	VAFIN		Fin	Past	3	S	Ind		
14027002	19	nur	ADV	ADV								
14027002	20	gehen	VERB	VVFIN		Fin	Past	3	S	Ind		
14027002	21	er	PRON	PPER				3	S		Nom	M
14027002	22	nicht	PART	PTKNEG								
14027002	23	in	ADP	APPR								
14027002	24	der	DET	ART					S		Acc	M
14027002	25	Tempel	NOUN	NN					S		Nom	M
14027002	26	Jahwe	PROPN	NE					S		Gen	
14027002	27	aber	CCONJ	KON								
14027002	28	der	DET	ART					S		Nom	N
14027002	29	Volk	NOUN	NN					S		Nom	N
14027002	30	handeln	VERB	VVFIN		Fin	Past	3	S	Ind		
14027002	31	noch	CCONJ	KON								
14027002	32	verderben	VERB	VVPP		Part						
14027003	1	er	PRON	PPER				3	S		Nom	M
14027003	2	bauen	VERB	VVFIN		Fin	Past	3	S	Ind		
14027003	3	der	DET	ART					S		Nom	N
14027003	4	oberer	ADJ	ADJA	Pos				S		Nom	F
14027003	5	Tor	NOUN	NN					S		Nom	N
14027003	6	der	DET	ART					S		Gen	M
14027003	7	Haus	NOUN	NN					S		Gen	N
14027003	8	Jahwe	PROPN	NE					S		Gen	
14027003	9	auch	ADV	ADV								
14027003	10	an	ADP	PTKVZ								
14027003	11	der	DET	ART					S		Nom	M
14027003	12	Mauer	NOUN	NN					S		Nom	F
14027003	13	der	DET	ART					S		Gen	M
14027003	14	Ophel	PROPN	NE					S		Nom	
14027003	15	bauen	VERB	VVFIN		Fin	Past	3	S	Ind		
14027003	16	er	PRON	PPER				3	S		Nom	M
14027003	17	viel	PRON	PIS								
14027004	1	und	CCONJ	KON								
14027004	2	er	PRON	PPER				3	S		Nom	M
14027004	3	bauen	VERB	VVFIN		Fin	Past	3	S	Ind		
14027004	4	Stadt	NOUN	NN					P		Nom	F
14027004	5	in	ADP	APPRART					S		Dat	N
14027004	6	Gebirge	NOUN	NN					S		Nom	N
14027004	7	Juda	PROPN	NE					S		Nom	M
14027004	8	und	CCONJ	KON								
14027004	9	in	ADP	APPR								
14027004	10	der	DET	ART					S		Acc	M
14027004	11	Wald	NOUN	NN					P		Dat	M
14027004	12	bauen	VERB	VVFIN		Fin	Past	3	S	Ind		
14027004	13	er	PRON	PPER				3	S		Nom	M
14027004	14	Burge	NOUN	NN					P		Nom	F
14027004	15	und	CCONJ	KON								
14027004	16	Türme	NOUN	NN					P		Nom	M
14027005	1	und	CCONJ	KON								
14027005	2	er	PRON	PPER				3	S		Nom	M
14027005	3	streiten	VERB	VVFIN		Fin	Past	3	S	Ind		
14027005	4	mit	ADP	APPR								
14027005	5	der	DET	ART					S		Dat	M
14027005	6	König	NOUN	NN					S		Nom	M
14027005	7	der	DET	ART					S		Nom	M
14027005	8	Kind	NOUN	NN					P		Nom	N
14027005	9	Ammon	PROPN	NE					S		Nom	
14027005	10	und	CCONJ	KON								
14027005	11	überwand	VERB	VVFIN		Fin	Past	3	S	Ind		
14027005	12	sie	PRON	PPER				3	P		Nom	
14027005	13	und	CCONJ	KON								
14027005	14	der	DET	ART					S		Nom	F
14027005	15	Kind	NOUN	NN					P		Nom	N
14027005	16	Ammon	PROPN	NE					S		Nom	
14027005	17	geben	VERB	VVFIN		Fin	Past	3	P	Ind		
14027005	18	ihm	PRON	PPER				3	S		Dat	M
14027005	19	in	ADP	APPR								
14027005	20	selbig	ADJ	ADJD	Pos				S		Dat	N
14027005	21	Jahr	NOUN	NN					P		Nom	N
14027005	22	1000	NUM	CARD								
14027005	23	Talent	NOUN	NN					P		Nom	N
14027005	24	Silber	NOUN	NN					S		Nom	N
14027005	25	und	CCONJ	KON								
14027005	26	10000	NUM	CARD								
14027005	27	Kor	PROPN	NE					S		Nom	
14027005	28	weizen	NOUN	NN					S		Nom	M
14027005	29	und	CCONJ	KON								
14027005	30	10000	NUM	CARD								
14027005	31	Kor	PROPN	NE					S		Nom	
14027005	32	Gerste	NOUN	ADV					S		Nom	F
14027005	33	der	DET	ART					S		Nom	N
14027005	34	entrichten	VERB	VVFIN		Fin	Past	3	P	Ind		
14027005	35	ihm	PRON	PPER				3	S		Dat	M
14027005	36	der	DET	ART					S		Nom	F
14027005	37	Kind	NOUN	NN					P		Nom	N
14027005	38	Ammon	PROPN	NE					S		Nom	
14027005	39	auch	ADV	ADV								
14027005	40	in	ADP	APPRART					S		Dat	N
14027005	41	zweiter	ADJ	ADJA	Pos				S		Dat	M
14027005	42	und	CCONJ	KON								
14027005	43	in	ADP	APPRART					S		Dat	N
14027005	44	dritter	ADJ	ADJA	Pos				S		Acc	M
14027005	45	Jahr	NOUN	NN					P		Nom	N
14027006	1	und	CCONJ	KON								
14027006	2	Jotham	PROPN	NE					S		Nom	F
14027006	3	erstarken	VERB	VVFIN		Fin	Past	3	S	Ind		
14027006	4	denn	CCONJ	KON								
14027006	5	er	PRON	PPER				3	S		Nom	M
14027006	6	richten	VERB	VVFIN		Fin	Past	3	S	Ind		
14027006	7	sein	DET	PPOSAT					S		Nom	F
14027006	8	Weg	NOUN	NN					P		Acc	M
14027006	9	vor	ADP	APPR								
14027006	10	der	DET	ART					S		Dat	M
14027006	11	Angesicht	NOUN	NN					S		Nom	F
14027006	12	Jahwe	PROPN	NE					S		Gen	
14027006	13	sein	DET	PPOSAT					S		Gen	M
14027006	14	Gott	NOUN	NN					S		Gen	M
14027007	1	und	CCONJ	KON								
14027007	2	der	DET	ART					S		Nom	N
14027007	3	übrige	ADJ	ADJA	Pos				P		Nom	
14027007	4	der	DET	ART					S		Nom	M
14027007	5	Geschichte	NOUN	NN					S		Nom	F
14027007	6	Jotham	PROPN	NE					S		Gen	
14027007	7	und	CCONJ	KON								
14027007	8	aller	PRON	PIS					P		Nom	
14027007	9	sein	DET	PPOSAT					S		Nom	F
14027007	10	Krieg	NOUN	NN					P		Nom	M
14027007	11	und	CCONJ	KON								
14027007	12	sein	DET	PPOSAT					S		Nom	F
14027007	13	Weg	NOUN	NN					P		Acc	M
14027007	14	sehen	VERB	VVIMP				2	S	Imp		
14027007	15	sie	PRON	PPER				3	P		Nom	
14027007	16	sein	AUX	VAFIN		Fin	Pres	3	P	Ind		
14027007	17	schreiben	VERB	VVPP		Part						
14027007	18	in	ADP	APPR								
14027007	19	der	DET	ART					S		Dat	M
14027007	20	Buch	NOUN	NN					P		Nom	N
14027007	21	der	DET	ART					S		Nom	M
14027007	22	König	NOUN	NN					P		Nom	M
14027007	23	von	ADP	APPR								
14027007	24	Israel	PROPN	NE					S		Nom	N
14027007	25	und	CCONJ	KON								
14027007	26	Juda	PROPN	NE					S		Nom	M
14027008	1	Jahr	NOUN	NN					P		Nom	N
14027008	2	sein	AUX	VAFIN		Fin	Past	3	S	Ind		
14027008	3	er	PRON	PPER				3	S		Nom	M
14027008	4	alt	ADV	ADJD	Pos							
14027008	5	als	ADP	KOKOM								
14027008	6	er	PRON	PPER				3	S		Nom	M
14027008	7	König	NOUN	NN					S		Nom	M
14027008	8	werden	AUX	VAFIN		Fin	Past	3	S	Ind		
14027008	9	und	CCONJ	KON								
14027008	10	er	PRON	PPER				3	S		Nom	M
14027008	11	regieren	VERB	VVFIN		Fin	Past	3	S	Ind		
14027008	12	sechzehn	NUM	CARD								
14027008	13	Jahr	NOUN	NN					P		Nom	N
14027008	14	zu	ADP	PTKVZ								
14027008	15	Jerusalem	PROPN	NE					S		Nom	N
14027009	1	und	CCONJ	KON								
14027009	2	Jotham	PROPN	NE					S		Nom	F
14027009	3	legen	VERB	VVFIN		Fin	Past	3	S	Ind		
14027009	4	sich	PRON	PRF				3	S		Acc	
14027009	5	zu	ADP	PTKVZ								
14027009	6	sein	DET	PPOSAT					S		Acc	M
14027009	7	Vätern	NOUN	NN					P		Dat	M
14027009	8	und	CCONJ	KON								
14027009	9	man	PRON	PIS					S		Nom	
14027009	10	begrub	VERB	VVFIN		Fin	Pres	3	S	Ind		
14027009	11	ihn	PRON	PPER				3	S		Acc	M
14027009	12	in	ADP	APPR								
14027009	13	der	DET	ART					S		Nom	M
14027009	14	Stadt	NOUN	NN					S		Nom	F
14027009	15	David	PROPN	NE					S		Gen	M
14027009	16	und	CCONJ	KON								
14027009	17	Aha	PROPN	NE					S		Nom	M
14027009	18	sein	AUX	VAINF		Inf						
14027009	19	Sohn	NOUN	NN					S		Nom	M
14027009	20	werden	VERB	VAFIN		Fin	Past	3	S	Ind		
14027009	21	König	NOUN	NN					S		Nom	M
14027009	22	an	ADP	PTKVZ								
14027009	23	sein	DET	PPOSAT					S		Dat	F
14027009	24	statt	SCONJ	KOUI								
14028001	1	zwanzig	NUM	CARD								
14028001	2	Jahr	NOUN	NN					P		Nom	N
14028001	3	sein	AUX	VAFIN		Fin	Past	3	S	Ind		
14028001	4	Aha	PROPN	NE					S		Nom	M
14028001	5	alt	ADV	ADJD	Pos							
14028001	6	als	ADP	KOKOM								
14028001	7	er	PRON	PPER				3	S		Nom	M
14028001	8	König	NOUN	NN					S		Nom	M
14028001	9	werden	AUX	VAFIN		Fin	Past	3	S	Ind		
14028001	10	und	CCONJ	KON								
14028001	11	er	PRON	PPER				3	S		Nom	M
14028001	12	regieren	VERB	VVFIN		Fin	Past	3	S	Ind		
14028001	13	sechzehn	NUM	CARD								
14028001	14	Jahr	NOUN	NN					P		Nom	N
14028001	15	zu	ADP	PTKVZ								
14028001	16	Jerusalem	PROPN	NE					S		Nom	N
14028001	17	und	CCONJ	KON								
14028001	18	er	PRON	PPER				3	S		Nom	M
14028001	19	tun	VERB	VVFIN		Fin	Past	3	S	Ind		
14028001	20	nicht	PART	PTKNEG								
14028001	21	was	PRON	PWS					S		Nom	N
14028001	22	Recht	NOUN	NN					S		Acc	N
14028001	23	sein	AUX	VAFIN		Fin	Past	3	S	Ind		
14028001	24	in	ADP	APPR								
14028001	25	der	DET	ART					S		Acc	M
14028001	26	Auge	NOUN	NN					P		Nom	N
14028001	27	Jahwe	PROPN	NE					S		Gen	
14028001	28	wie	ADP	KOKOM								
14028001	29	sein	AUX	VAINF		Inf						
14028001	30	Vater	NOUN	NN					S		Nom	M
14028001	31	David	PROPN	NE					S		Nom	M
14028002	1	sondern	CCONJ	KON								
14028002	2	er	PRON	PPER				3	S		Nom	M
14028002	3	wandeln	VERB	VVFIN		Fin	Past	3	S	Ind		
14028002	4	auf	ADP	PTKVZ								
14028002	5	der	DET	ART					S		Acc	M
14028002	6	wegen	ADP	APPR								
14028002	7	der	DET	ART					S		Nom	M
14028002	8	König	NOUN	NN					P		Nom	M
14028002	9	von	ADP	APPR								
14028002	10	Israel	PROPN	NE					S		Nom	N
14028002	11	und	CCONJ	KON								
14028002	12	auch	ADV	ADV								
14028002	13	machen	VERB	VVFIN		Fin	Past	3	S	Ind		
14028002	14	er	PRON	PPER				3	S		Nom	M
14028002	15	der	DET	ART					S		Acc	M
14028002	16	Baalim	PROPN	NE					S		Nom	N
14028002	17	gegossen	ADJ	ADJA	Pos				S		Nom	F
14028002	18	Bild	NOUN	NN					P		Nom	N
14028003	1	und	CCONJ	KON								
14028003	2	er	PRON	PPER				3	S		Nom	M
14028003	3	räucherte	NOUN	NN					P		Nom	N
14028003	4	in	ADP	APPRART					S		Dat	N
14028003	5	Tal	PROPN	NN					S		Nom	
14028003	6	der	DET	ART					S		Gen	M
14028003	7	Sohn	PROPN	NE					S		Gen	M
14028003	8	Hinnom	PROPN	NE					S		Nom	
14028003	9	und	CCONJ	KON								
14028003	10	er	PRON	PPER				3	S		Nom	M
14028003	11	verbrennen	VERB	VVFIN		Fin	Past	3	S	Ind		
14028003	12	sein	DET	PPOSAT					S		Nom	F
14028003	13	Sohn	NOUN	NN					P		Nom	M
14028003	14	in	ADP	APPRART					S		Dat	N
14028003	15	Feuer	NOUN	NN					S		Nom	N
14028003	16	nach	ADP	APPR								
14028003	17	der	DET	ART					S		Acc	M
14028003	18	Greuel	NOUN	NN					P		Dat	M
14028003	19	der	DET	ART					S		Nom	M
14028003	20	Nation	NOUN	NN					P		Nom	F
14028003	21	der	DET	ART					S		Nom	F
14028003	22	Jahwe	NOUN	NN					S		Nom	M
14028003	23	vor	ADP	APPR								
14028003	24	der	DET	ART					S		Acc	M
14028003	25	Kind	NOUN	NN					P		Dat	N
14028003	26	Israel	PROPN	NE					S		Nom	N
14028003	27	austreiben	VERB	VVPP		Part						
14028003	28	haben	AUX	VAFIN		Fin	Past	3	S	Ind		
14028004	1	und	CCONJ	KON								
14028004	2	er	PRON	PPER				3	S		Nom	M
14028004	3	opfern	VERB	VVFIN		Fin	Past	3	S	Ind		
14028004	4	und	CCONJ	KON								
14028004	5	räucherte	NOUN	NN					P		Nom	N
14028004	6	auf	ADP	PTKVZ								
14028004	7	der	DET	ART					S		Acc	M
14028004	8	Höhe	NOUN	NN					P		Nom	F
14028004	9	und	CCONJ	KON								
14028004	10	auf	ADP	PTKVZ								
14028004	11	der	DET	ART					S		Acc	M
14028004	12	Hügel	NOUN	NN					P		Dat	M
14028004	13	und	CCONJ	KON								
14028004	14	unter	ADP	APPR								
14028004	15	jeder	DET	PIAT					S		Dat	M
14028004	16	grün	ADJ	ADJA	Pos				S		Acc	M
14028004	17	Baume	NOUN	XY					P		Nom	M
14028005	1	da	SCONJ	KOUS								
14028005	2	geben	VERB	VVFIN		Fin	Past	3	S	Ind		
14028005	3	ihn	PRON	PPER				3	S		Acc	M
14028005	4	Jahwe	NOUN	NN					S		Nom	M
14028005	5	sein	AUX	VAINF		Inf						
14028005	6	Gott	NOUN	NN					S		Nom	M
14028005	7	in	ADP	APPR								
14028005	8	der	DET	ART					S		Nom	F
14028005	9	Hand	NOUN	NN					S		Nom	F
14028005	10	der	DET	ART					S		Gen	M
14028005	11	König	PROPN	NE					S		Nom	
14028005	12	von	ADP	APPR								
14028005	13	Syrien	PROPN	NE					S		Nom	N
14028005	14	und	CCONJ	KON								
14028005	15	sie	PRON	PPER				3	P		Nom	
14028005	16	schlagen	VERB	VVFIN		Fin	Past	3	P	Ind		
14028005	17	ihn	PRON	PPER				3	S		Acc	M
14028005	18	und	CCONJ	KON								
14028005	19	führen	VERB	VVFIN		Fin	Past	3	P	Ind		
14028005	20	ein	DET	ART					S		Nom	F
14028005	21	groß	ADJ	ADJA	Pos				S		Nom	F
14028005	22	Menge	NOUN	NN					S		Nom	F
14028005	23	gefangener	NOUN	NN					P		Nom	
14028005	24	von	ADP	APPR								
14028005	25	ihm	PRON	PPER				3	S		Dat	M
14028005	26	Weg	ADV	PTKVZ								
14028005	27	und	CCONJ	KON								
14028005	28	bringen	VERB	VVFIN		Fin	Past	3	P	Ind		
14028005	29	sie	PRON	PPER				3	P		Nom	
14028005	30	nach	ADP	APPR								
14028005	31	Damaskus	PROPN	NE					S		Nom	N
14028005	32	und	CCONJ	KON								
14028005	33	auch	ADV	ADV								
14028005	34	in	ADP	APPR								
14028005	35	der	DET	ART					S		Nom	F
14028005	36	Hand	NOUN	NN					S		Nom	F
14028005	37	der	DET	ART					S		Gen	M
14028005	38	König	PROPN	NE					S		Nom	
14028005	39	von	ADP	APPR								
14028005	40	Israel	PROPN	NE					S		Nom	N
14028005	41	werden	AUX	VAFIN		Fin	Past	3	S	Ind		
14028005	42	er	PRON	PPER				3	S		Nom	M
14028005	43	geben	VERB	VVPP		Part						
14028005	44	welcher	PRON	PWAT					S		Nom	M
14028005	45	ihm	PRON	PPER				3	S		Dat	M
14028005	46	ein	DET	ART					S		Nom	F
14028005	47	groß	ADJ	ADJA	Pos				S		Nom	F
14028005	48	Niederlage	NOUN	NN					S		Nom	F
14028005	49	beibringen	VERB	VVFIN		Fin	Past	3	S	Ind		
14028006	1	und	CCONJ	KON								
14028006	2	Pekach	PROPN	NE					S		Nom	
14028006	3	der	DET	ART					S		Nom	M
14028006	4	Sohn	NOUN	NN					S		Nom	M
14028006	5	Remaljas	NOUN	NN					S		Nom	F
14028006	6	erschlagen	VERB	VVFIN		Fin	Past	3	S	Ind		
14028006	7	in	ADP	APPR								
14028006	8	Juda	PROPN	NE					S		Nom	M
14028006	9	an	ADP	PTKVZ								
14028006	10	ein	DET	ART					S		Dat	M
14028006	11	Tag	NOUN	NN					P		Nom	M
14028006	12	120000	NUM	CARD								
14028006	13	Mann	NOUN	NN					S		Nom	M
14028006	14	alle	PRON	PIS					S		Nom	N
14028006	15	tapferen	VERB	VVFIN		Fin	Pres	3	S	Sub		
14028006	16	Leute	NOUN	NN					P		Nom	
14028006	17	weil	SCONJ	KOUS								
14028006	18	sie	PRON	PPER				3	P		Nom	
14028006	19	Jahwe	NOUN	NN					S		Nom	M
14028006	20	der	DET	ART					S		Acc	M
14028006	21	Gott	NOUN	NN					S		Nom	M
14028006	22	ihr	DET	PPOSAT					S		Dat	F
14028006	23	Vater	NOUN	NN					P		Nom	M
14028006	24	verlassen	VERB	VVINF		Inf						
14028006	25	haben	AUX	VAFIN		Fin	Past	3	P	Ind		
14028007	1	und	CCONJ	KON								
14028007	2	Sikri	PROPN	NE					S		Nom	N
14028007	3	ein	DET	ART					S		Nom	N
14028007	4	Held	NOUN	NN					S		Nom	M
14028007	5	von	ADP	APPR								
14028007	6	Ephraim	NOUN	NN					P		Nom	M
14028007	7	erschlagen	VERB	VVFIN		Fin	Past	3	S	Ind		
14028007	8	Maaseja	PROPN	NE					S		Nom	
14028007	9	der	DET	ART					S		Acc	M
14028007	10	Sohn	NOUN	NN					S		Nom	M
14028007	11	der	DET	ART					S		Gen	M
14028007	12	König	PROPN	NE					S		Nom	
14028007	13	und	CCONJ	KON								
14028007	14	Asrikam	PROPN	NE					S		Nom	
14028007	15	der	DET	ART					S		Acc	M
14028007	16	Oberaufseher	NOUN	NN					S		Nom	M
14028007	17	der	DET	ART					S		Gen	M
14028007	18	Haus	NOUN	NN					S		Gen	N
14028007	19	und	CCONJ	KON								
14028007	20	Elkana	PROPN	NE					S		Nom	F
14028007	21	der	DET	ART					S		Acc	M
14028007	22	zweiter	ADJ	ADJA	Pos				S		Dat	M
14028007	23	nach	ADP	APPR								
14028007	24	der	DET	ART					S		Dat	M
14028007	25	König	NOUN	NN					S		Nom	M
14028008	1	und	CCONJ	KON								
14028008	2	der	DET	ART					S		Nom	F
14028008	3	Kind	NOUN	NN					P		Nom	N
14028008	4	Israel	PROPN	NE					S		Nom	N
14028008	5	führen	VERB	VVFIN		Fin	Past	3	P	Ind		
14028008	6	von	ADP	APPR								
14028008	7	ihr	DET	PPOSAT					S		Acc	M
14028008	8	Brüdern	NOUN	NN					P		Dat	M
14028008	9	200000	NUM	CARD								
14028008	10	Weiber	NOUN	NN					P		Nom	M
14028008	11	Sohn	NOUN	NN					P		Nom	M
14028008	12	und	CCONJ	KON								
14028008	13	Tochter	NOUN	NN					P		Nom	F
14028008	14	gefangen	VERB	VVPP		Part						
14028008	15	hinweg	ADP	APZR								
14028008	16	und	CCONJ	KON								
14028008	17	auch	ADV	ADV								
14028008	18	raubn	VERB	VVFIN		Fin	Past	3	P	Ind		
14028008	19	sie	PRON	PPER				3	P		Nom	
14028008	20	groß	ADJ	ADJA	Pos				S		Nom	F
14028008	21	Beute	NOUN	NN					S		Nom	F
14028008	22	von	ADP	APPR								
14028008	23	ihnen	PRON	PPER				3	P		Dat	
14028008	24	und	CCONJ	KON								
14028008	25	bringen	VERB	VVFIN		Fin	Past	3	P	Ind		
14028008	26	der	DET	ART					S		Nom	F
14028008	27	Beute	NOUN	NN					S		Nom	F
14028008	28	nach	ADP	APPR								
14028008	29	Samaria	PROPN	NE					S		Nom	N
14028009	1	und	CCONJ	KON								
14028009	2	daselbst	ADV	PROAV								
14028009	3	sein	AUX	VAFIN		Fin	Past	3	S	Ind		
14028009	4	ein	DET	ART					S		Nom	N
14028009	5	Prophet	NOUN	NN					S		Nom	M
14028009	6	Jahwe	PROPN	NE					S		Gen	
14028009	7	namens	ADP	APPR								
14028009	8	Obed	PROPN	NE					S		Nom	
14028009	9	und	CCONJ	KON								
14028009	10	er	PRON	PPER				3	S		Nom	M
14028009	11	gehen	VERB	VVFIN		Fin	Past	3	S	Ind		
14028009	12	hinaus	ADP	APZR								
14028009	13	der	DET	ART					S		Dat	M
14028009	14	Heer	NOUN	NN					P		Nom	M
14028009	15	entgegen	ADP	PTKVZ								
14028009	16	der	DET	ART					S		Nom	N
14028009	17	nach	ADP	APPR								
14028009	18	Samaria	PROPN	NE					S		Nom	N
14028009	19	kommen	VERB	VVFIN		Fin	Past	3	S	Ind		
14028009	20	und	CCONJ	KON								
14028009	21	sprechen	VERB	VVFIN		Fin	Past	3	S	Ind		
14028009	22	zu	ADP	PTKVZ								
14028009	23	ihnen	PRON	PPER				3	P		Dat	
14028009	24	sehen	VERB	VVIMP				2	S	Imp		
14028009	25	weil	SCONJ	KOUS								
14028009	26	Jahwe	NOUN	NN					S		Nom	M
14028009	27	der	DET	ART					S		Nom	M
14028009	28	Gott	NOUN	NN					S		Nom	M
14028009	29	eurer	PRON	PPOSAT							Gen	
14028009	30	Vater	NOUN	NN					P		Nom	M
14028009	31	gegen	ADP	APPR								
14028009	32	Juda	PROPN	NE					S		Nom	M
14028009	33	zürnen	VERB	VVFIN		Fin	Past	3	S	Ind		
14028009	34	haben	AUX	VAFIN		Fin	Pres	3	S	Ind		
14028009	35	er	PRON	PPER				3	S		Nom	M
14028009	36	sie	PRON	PPER				3	P		Nom	
14028009	37	in	ADP	APPR								
14028009	38	eure	DET	PPOSAT					S		Nom	F
14028009	39	Hand	NOUN	NN					S		Nom	F
14028009	40	geben	VERB	VVPP		Part						
14028009	41	und	CCONJ	KON								
14028009	42	ihr	PRON	PPOSAT				3	S		Dat	F
14028009	43	habben	VERB	VAFIN				2	P	Imp		
14028009	44	sie	PRON	PPER				3	P		Nom	
14028009	45	mit	ADP	APPR								
14028009	46	ein	PRON	ART					S		Nom	M
14028009	47	Wut	NOUN	NN					S		Nom	F
14028009	48	morden	VERB	VVPP		Part						
14028009	49	der	DET	ART					S		Nom	F
14028009	50	bis	CCONJ	KON								
14028009	51	an	ADP	PTKVZ								
14028009	52	der	DET	ART					S		Acc	M
14028009	53	Himmel	NOUN	NN					S		Nom	M
14028009	54	reichen	VERB	VVFIN		Fin	Pres	3	S	Ind		
14028010	1	und	CCONJ	KON								
14028010	2	nun	ADV	ADV								
14028010	3	Gedenket	NOUN	NN					S		Nom	N
14028010	4	ihr	PRON	PPOSAT				3	S		Dat	F
14028010	5	der	DET	ART					S		Nom	F
14028010	6	Kind	NOUN	NN					P		Nom	N
14028010	7	Judas	PROPN	NE					S		Nom	M
14028010	8	und	CCONJ	KON								
14028010	9	Jerusalem	PROPN	NE					S		Gen	N
14028010	10	euch	PRON	PPER				2	P		Dat	
14028010	11	zu	ADP	PTKVZ								
14028010	12	knechte	NOUN	NN					P		Nom	M
14028010	13	und	CCONJ	KON								
14028010	14	Mägde	NOUN	NN					P		Dat	M
14028010	15	zu	ADP	PTKVZ								
14028010	16	unterwerfen	VERB	VVINF		Inf						
14028010	17	Sein	AUX	VAFIN		Fin	Pres	3	P	Ind		
14028010	18	aber	CCONJ	KON								
14028010	19	nicht	PART	PTKNEG								
14028010	20	bei	ADP	APPR								
14028010	21	euch	PRON	PPER				2	P		Dat	
14028010	22	selbst	ADV	ADV								
14028010	23	Verschuldunge	NOUN	NN					P		Nom	F
14028010	24	gegen	ADP	APPR								
14028010	25	Jahwe	NOUN	NN					S		Nom	M
14028010	26	euren	DET	PPOSAT					S		Acc	M
14028010	27	Gott	NOUN	NN					S		Nom	M
14028011	1	und	CCONJ	KON								
14028011	2	nun	ADV	ADV								
14028011	3	hören	VERB	VVFIN		Fin	Pres	3	S	Ind		
14028011	4	auf	ADP	PTKVZ								
14028011	5	mich	PRON	PPER				1	S		Acc	
14028011	6	und	CCONJ	KON								
14028011	7	senden	VERB	VVFIN		Fin	Pres	3	S	Ind		
14028011	8	der	DET	ART					S		Nom	F
14028011	9	gefangener	NOUN	NN					P		Nom	
14028011	10	zurück	ADV	PTKVZ								
14028011	11	der	DET	ART					S		Nom	F
14028011	12	ihr	PRON	PPOSAT				3	S		Dat	F
14028011	13	von	ADP	APPR								
14028011	14	euren	DET	PPOSAT					S		Acc	M
14028011	15	Brüdern	NOUN	NN					P		Dat	M
14028011	16	wegführen	VERB	VVPP		Part						
14028011	17	habben	VERB	VAFIN				2	P	Imp		
14028011	18	denn	CCONJ	KON								
14028011	19	der	DET	ART					S		Nom	F
14028011	20	Zornglut	NOUN	NN					S		Nom	F
14028011	21	Jahwe	PROPN	NE					S		Gen	
14028011	22	sein	AUX	VAFIN		Fin	Pres	3	S	Ind		
14028011	23	über	ADP	APPR								
14028011	24	euch	PRON	PPER				2	P		Dat	
14028012	1	da	SCONJ	KOUS								
14028012	2	treten	VERB	VVFIN		Fin	Past	3	P	Ind		
14028012	3	Mann	NOUN	NN					P		Nom	M
14028012	4	von	ADP	APPR								
14028012	5	der	DET	ART					S		Acc	M
14028012	6	Häupter	NOUN	NN					P		Dat	M
14028012	7	der	DET	ART					S		Nom	M
14028012	8	Kind	NOUN	NN					P		Nom	N
14028012	9	Ephraim	NOUN	NN					P		Nom	M
14028012	10	Asarja	PROPN	NE					S		Nom	
14028012	11	der	DET	ART					S		Nom	M
14028012	12	Sohn	NOUN	NN					S		Nom	M
14028012	13	Jochanan	PROPN	NE					S		Gen	M
14028012	14	Berekja	PROPN	NE					S		Nom	
14028012	15	der	DET	ART					S		Nom	M
14028012	16	Sohn	NOUN	NN					S		Nom	M
14028012	17	Meschillemoth	PROPN	NE					S		Gen	
14028012	18	und	CCONJ	KON								
14028012	19	Jehiskia	PROPN	NE					S		Nom	F
14028012	20	der	DET	ART					S		Nom	M
14028012	21	Sohn	NOUN	NN					S		Nom	M
14028012	22	Schallum	NOUN	NN					S		Gen	N
14028012	23	und	CCONJ	KON								
14028012	24	Amasa	PROPN	NE					S		Nom	F
14028012	25	der	DET	ART					S		Nom	M
14028012	26	Sohn	NOUN	NN					S		Nom	M
14028012	27	Hadlai	NOUN	NN					P		Nom	N
14028012	28	vor	ADP	APPR								
14028012	29	der	DET	ART					S		Nom	F
14028012	30	von	ADP	APPRART					S		Dat	N
14028012	31	Heereszug	NOUN	NN					P		Nom	N
14028012	32	Kommenden	ADJ	ADJA	Pos				S		Dat	M
14028013	1	und	CCONJ	KON								
14028013	2	sprechen	VERB	VVFIN		Fin	Past	3	P	Ind		
14028013	3	zu	ADP	PTKVZ								
14028013	4	ihnen	PRON	PPER				3	P		Dat	
14028013	5	ihr	PRON	PPER				2	P		Nom	
14028013	6	sollten	AUX	VMFIN		Fin	Pres	3	S	Ind		
14028013	7	nicht	PART	PTKNEG								
14028013	8	der	DET	ART					S		Nom	F
14028013	9	gefangener	NOUN	NN					P		Nom	
14028013	10	hierher	ADV	PROAV								
14028013	11	bringen	VERB	VVINF		Inf						
14028013	12	denn	CCONJ	KON								
14028013	13	um	ADP	APPR								
14028013	14	ein	DET	ART					S		Nom	F
14028013	15	Schuld	NOUN	NN					S		Nom	F
14028013	16	gegen	ADP	APPR								
14028013	17	Jahwe	NOUN	NN					S		Nom	M
14028013	18	über	ADP	APPR								
14028013	19	uns	PRON	PPER				1	P		Acc	
14028013	20	zu	ADP	PTKVZ								
14028013	21	bringen	VERB	VVINF		Inf						
14028013	22	Gedenket	NOUN	NN					S		Nom	N
14028013	23	ihr	PRON	PPOSAT				3	S		Dat	F
14028013	24	solcher	DET	PIAT					S		Nom	N
14028013	25	um	ADP	APPR								
14028013	26	unser	DET	PPOSAT					S		Nom	F
14028013	27	Sünde	NOUN	NN					P		Nom	F
14028013	28	und	CCONJ	KON								
14028013	29	unser	DET	PPOSAT					S		Nom	F
14028013	30	Verschuldunge	NOUN	NN					P		Nom	F
14028013	31	zu	ADP	PTKVZ								
14028013	32	mehren	VERB	VVFIN		Fin	Pres	3	P	Ind		
14028013	33	denn	CCONJ	KON								
14028013	34	wir	PRON	PPER				1	P		Nom	
14028013	35	haben	AUX	VAFIN		Fin	Pres	3	P	Ind		
14028013	36	schon	ADV	ADV								
14028013	37	ein	DET	ART					S		Nom	F
14028013	38	groß	ADJ	ADJA	Pos				S		Nom	F
14028013	39	Schuld	NOUN	NN					S		Nom	F
14028013	40	und	CCONJ	KON								
14028013	41	ein	DET	ART					S		Nom	F
14028013	42	Zornglut	NOUN	NN					S		Nom	F
14028013	43	sein	AUX	VAFIN		Fin	Pres	3	S	Ind		
14028013	44	über	ADP	APPR								
14028013	45	Israel	PROPN	NE					S		Nom	N
14028014	1	da	SCONJ	KOUS								
14028014	2	lassen	VERB	VVFIN		Fin	Past	3	P	Ind		
14028014	3	der	DET	ART					S		Nom	F
14028014	4	Gerüstet	NOUN	NN					P		Nom	F
14028014	5	der	DET	ART					S		Nom	F
14028014	6	gefangener	NOUN	NN					P		Nom	
14028014	7	und	CCONJ	KON								
14028014	8	der	DET	ART					S		Nom	F
14028014	9	Beute	NOUN	NN					S		Nom	F
14028014	10	vor	ADP	APPR								
14028014	11	der	DET	ART					S		Acc	M
14028014	12	oberer	ADJ	ADJA	Sup				S		Dat	F
14028014	13	und	CCONJ	KON								
14028014	14	der	DET	ART					S		Nom	M
14028014	15	ganz	PRON	ADJA					S		Nom	M
14028014	16	Versammlung	NOUN	NN					S		Nom	F
14028015	1	und	CCONJ	KON								
14028015	2	der	DET	ART					S		Nom	F
14028015	3	Mann	NOUN	NN					P		Nom	M
14028015	4	der	DET	ART					S		Nom	F
14028015	5	mit	ADP	APPR								
14028015	6	Name	NOUN	NN					P		Nom	M
14028015	7	angeben	VERB	VVPP		Part						
14028015	8	sein	AUX	VAFIN		Fin	Past	3	P	Ind		
14028015	9	stehen	VERB	VVFIN		Fin	Past	3	P	Ind		
14028015	10	auf	ADP	PTKVZ								
14028015	11	und	CCONJ	KON								
14028015	12	nehmen	VERB	VVFIN		Fin	Past	3	P	Ind		
14028015	13	der	DET	ART					S		Nom	F
14028015	14	gefangener	NOUN	NN					P		Nom	
14028015	15	und	CCONJ	KON								
14028015	16	aller	PRON	PIS					P		Nom	
14028015	17	der	DET	ART					S		Nom	F
14028015	18	nackt	ADV	ADJD	Pos							
14028015	19	sein	AUX	VAFIN		Fin	Past	3	P	Ind		
14028015	20	unter	ADP	APPR								
14028015	21	ihnen	PRON	PPER				3	P		Dat	
14028015	22	bekleidet	VERB	NN		Fin	Past	3	P	Ind		
14028015	23	sie	PRON	PPER				3	P		Nom	
14028015	24	von	ADP	APPR								
14028015	25	der	DET	ART					S		Nom	M
14028015	26	Beute	NOUN	NN					S		Nom	F
14028015	27	sie	PRON	PPER				3	P		Nom	
14028015	28	bekleidet	VERB	NN		Fin	Past	3	P	Ind		
14028015	29	und	CCONJ	KON								
14028015	30	beschuhn	VERB	VVFIN		Fin	Past	3	P	Ind		
14028015	31	sie	PRON	PPER				3	P		Nom	
14028015	32	und	CCONJ	KON								
14028015	33	speisen	VERB	VVFIN		Fin	Past	3	P	Ind		
14028015	34	und	CCONJ	KON								
14028015	35	Tränkt	VERB	VVFIN		Fin	Past	3	P	Ind		
14028015	36	sie	PRON	PPER				3	P		Nom	
14028015	37	und	CCONJ	KON								
14028015	38	salbten	VERB	VVFIN		Fin	Pres	3	P	Ind		
14028015	39	sie	PRON	PPER				3	P		Nom	
14028015	40	und	CCONJ	KON								
14028015	41	aller	PRON	PIS					P		Nom	
14028015	42	der	DET	ART					S		Nom	F
14028015	43	ermatten	VERB	VVPP		Fin	Pres	3	S	Ind		
14028015	44	sein	AUX	VAFIN		Fin	Past	3	P	Ind		
14028015	45	führen	VERB	VVFIN		Fin	Past	3	P	Ind		
14028015	46	sie	PRON	PPER				3	P		Nom	
14028015	47	auf	ADP	PTKVZ								
14028015	48	Esel	NOUN	NN					P		Dat	M
14028015	49	und	CCONJ	KON								
14028015	50	bringen	VERB	VVFIN		Fin	Past	3	P	Ind		
14028015	51	sie	PRON	PPER				3	P		Nom	
14028015	52	nach	ADP	APPR								
14028015	53	Jericho	PROPN	NE					S		Nom	N
14028015	54	der	DET	ART					S		Nom	M
14028015	55	Palmenstadt	NOUN	NN					S		Nom	N
14028015	56	in	ADP	APPR								
14028015	57	der	DET	ART					S		Nom	F
14028015	58	Nähe	NOUN	NN					S		Nom	F
14028015	59	ihr	DET	PPOSAT					S		Dat	F
14028015	60	Bruder	NOUN	NN					P		Nom	M
14028015	61	und	CCONJ	KON								
14028015	62	sie	PRON	PPER				3	P		Nom	
14028015	63	kehren	VERB	VVFIN		Fin	Past	3	P	Ind		
14028015	64	nach	ADP	APPR								
14028015	65	Samaria	PROPN	NE					S		Nom	N
14028015	66	zurück	ADV	PTKVZ								
14028016	1	in	ADP	APPR								
14028016	2	selbig	PRON	ADJA					S		Nom	M
14028016	3	Zeit	NOUN	NN					S		Nom	F
14028016	4	senden	VERB	VVFIN		Fin	Past	3	S	Ind		
14028016	5	der	DET	ART					S		Nom	M
14028016	6	König	NOUN	NN					S		Nom	M
14028016	7	Aha	PROPN	NE					S		Nom	M
14028016	8	zu	ADP	PTKVZ								
14028016	9	der	DET	ART					S		Acc	M
14028016	10	König	NOUN	NN					P		Dat	M
14028016	11	von	ADP	APPR								
14028016	12	Assyr	PROPN	NE					S		Nom	N
14028016	13	daß	SCONJ	KOUS								
14028016	14	sie	PRON	PPER				3	P		Nom	
14028016	15	ihm	PRON	PPER				3	S		Dat	M
14028016	16	helfen	VERB	VVINF		Inf						
14028016	17	möchten	AUX	VMFIN		Fin	Pres	3	P	Ind		
14028017	1	und	CCONJ	KON								
14028017	2	der	DET	ART					S		Nom	F
14028017	3	Edomiter	NOUN	NN					S		Nom	M
14028017	4	kommen	VERB	VVFIN		Fin	Past	3	P	Ind		
14028017	5	abermals	ADV	ADV								
14028017	6	und	CCONJ	KON								
14028017	7	sie	PRON	PPER				3	P		Nom	
14028017	8	schlagen	VERB	VVFIN		Fin	Past	3	P	Ind		
14028017	9	Juda	PROPN	NE					S		Nom	M
14028017	10	und	CCONJ	KON								
14028017	11	führen	VERB	VVFIN		Fin	Past	3	P	Ind		
14028017	12	gefangener	NOUN	NN					P		Nom	
14028017	13	hinweg	ADP	APZR								
14028018	1	und	CCONJ	KON								
14028018	2	der	DET	ART					S		Nom	F
14028018	3	Philister	NOUN	NN					S		Nom	M
14028018	4	fallen	VERB	VVFIN		Fin	Past	3	P	Ind		
14028018	5	ein	DET	ART					S		Nom	N
14028018	6	in	ADP	APPR								
14028018	7	der	DET	ART					S		Nom	F
14028018	8	Stadt	NOUN	NN					P		Nom	F
14028018	9	der	DET	ART					S		Nom	M
14028018	10	Niederung	NOUN	NN					S		Nom	F
14028018	11	und	CCONJ	KON								
14028018	12	der	DET	ART					S		Gen	M
14028018	13	Süden	NOUN	NN					S		Gen	M
14028018	14	von	ADP	APPR								
14028018	15	Juda	PROPN	NE					S		Nom	M
14028018	16	und	CCONJ	KON								
14028018	17	nehmen	VERB	VVFIN		Fin	Past	3	P	Ind		
14028018	18	Beth-Seme	NOUN	NN								
14028018	19	ein	DET	ART					S		Nom	N
14028018	20	und	CCONJ	KON								
14028018	21	Ajalon	NOUN	NN					S		Nom	N
14028018	22	und	CCONJ	KON								
14028018	23	Gederoth	NOUN	NN					S		Nom	F
14028018	24	und	CCONJ	KON								
14028018	25	Soko	PROPN	NE					S		Nom	F
14028018	26	und	CCONJ	KON								
14028018	27	sein	DET	PPOSAT					S		Nom	F
14028018	28	Tochterstadt	NOUN	NN					P		Nom	
14028018	29	und	CCONJ	KON								
14028018	30	Timna	PROPN	NE					S		Nom	
14028018	31	und	CCONJ	KON								
14028018	32	sein	DET	PPOSAT					S		Nom	F
14028018	33	Tochterstadt	NOUN	NN					P		Nom	
14028018	34	und	CCONJ	KON								
14028018	35	Gimso	NOUN	NN					S		Nom	N
14028018	36	und	CCONJ	KON								
14028018	37	sein	DET	PPOSAT					S		Nom	F
14028018	38	Tochterstadt	NOUN	NN					P		Nom	
14028018	39	und	CCONJ	KON								
14028018	40	sie	PRON	PPER				3	P		Nom	
14028018	41	wohnen	VERB	VVFIN		Fin	Past	3	P	Ind		
14028018	42	daselbst	ADV	PROAV								
14028019	1	denn	CCONJ	KON								
14028019	2	Jahwe	NOUN	NN					S		Nom	M
14028019	3	demütigen	VERB	VVFIN		Fin	Past	3	S	Ind		
14028019	4	Juda	PROPN	NE					S		Nom	M
14028019	5	um	ADP	APPR								
14028019	6	Aha	PROPN	NE					S		Nom	M
14028019	7	der	DET	ART					S		Gen	M
14028019	8	König	PROPN	NE					S		Nom	
14028019	9	von	ADP	APPR								
14028019	10	Israel	PROPN	NE					S		Nom	N
14028019	11	Wille	ADP	APZR								
14028019	12	weil	SCONJ	KOUS								
14028019	13	er	PRON	PPER				3	S		Nom	M
14028019	14	in	ADP	APPR								
14028019	15	Juda	PROPN	NE					S		Nom	M
14028019	16	zügellos	ADV	ADJD	Pos							
14028019	17	handeln	VERB	VVPP		Part						
14028019	18	und	CCONJ	KON								
14028019	19	sich	PRON	PRF				3	S		Acc	
14028019	20	ganz	ADV	ADV								
14028019	21	treulos	ADV	ADJD	Pos							
14028019	22	gegen	ADP	APPR								
14028019	23	Jahwe	NOUN	NN					S		Nom	M
14028019	24	erzeigen	VERB	VVFIN		Fin	Pres	3	S	Ind		
14028019	25	haben	AUX	VAFIN		Fin	Past	3	S	Ind		
14028020	1	und	CCONJ	KON								
14028020	2	Tilgath-Pilneser	NOUN	NE					P		Nom	N
14028020	3	der	DET	ART					S		Nom	M
14028020	4	König	NOUN	NN					S		Nom	M
14028020	5	von	ADP	APPR								
14028020	6	Assyr	PROPN	NE					S		Nom	N
14028020	7	kommen	VERB	VVFIN		Fin	Past	3	S	Ind		
14028020	8	wider	ADP	PTKVZ								
14028020	9	ihn	PRON	PPER				3	S		Acc	M
14028020	10	und	CCONJ	KON								
14028020	11	bedrängen	VERB	VVFIN		Fin	Past	3	S	Ind		
14028020	12	ihn	PRON	PPER				3	S		Acc	M
14028020	13	und	CCONJ	KON								
14028020	14	stärken	VERB	VVFIN		Fin	Past	3	S	Ind		
14028020	15	ihn	PRON	PPER				3	S		Acc	M
14028020	16	nicht	PART	PTKNEG								
14028021	1	denn	CCONJ	KON								
14028021	2	Aha	PROPN	NE					S		Nom	M
14028021	3	berauben	VERB	VVFIN		Fin	Past	3	S	Ind		
14028021	4	der	DET	ART					S		Nom	N
14028021	5	Haus	NOUN	NN					S		Nom	N
14028021	6	Jahwe	PROPN	NE					S		Gen	
14028021	7	und	CCONJ	KON								
14028021	8	der	DET	ART					S		Nom	N
14028021	9	Haus	NOUN	NN					S		Nom	N
14028021	10	der	DET	ART					S		Gen	M
14028021	11	König	PROPN	NE					S		Nom	
14028021	12	und	CCONJ	KON								
14028021	13	der	DET	ART					S		Nom	M
14028021	14	oberer	ADJ	ADJA	Sup				S		Dat	F
14028021	15	und	CCONJ	KON								
14028021	16	geben	VERB	VVFIN		Fin	Past	3	S	Ind		
14028021	17	der	DET	ART					S		Nom	N
14028021	18	Geraubte	NOUN	NN					S		Nom	M
14028021	19	der	DET	ART					S		Dat	M
14028021	20	König	NOUN	NN					S		Nom	M
14028021	21	von	ADP	APPR								
14028021	22	Assyr	PROPN	NE					S		Nom	N
14028021	23	aber	CCONJ	KON								
14028021	24	er	PRON	PPER				3	S		Nom	M
14028021	25	sein	AUX	VAFIN		Fin	Past	3	S	Ind		
14028021	26	ihm	PRON	PPER				3	S		Dat	M
14028021	27	nicht	PART	PTKNEG								
14028021	28	zu	ADP	APPRART					S		Dat	F
14028021	29	Hülfe	NOUN	NN					S		Nom	F
14028022	1	und	CCONJ	KON								
14028022	2	in	ADP	APPR								
14028022	3	der	DET	ART					S		Nom	M
14028022	4	Zeit	NOUN	NN					S		Nom	F
14028022	5	sein	DET	PPOSAT					S		Dat	F
14028022	6	Bedrängnis	NOUN	NN					S		Nom	F
14028022	7	da	ADV	ADV								
14028022	8	handeln	VERB	VVFIN		Fin	Past	3	S	Ind		
14028022	9	er	PRON	PPER				3	S		Nom	M
14028022	10	noch	CCONJ	KON								
14028022	11	Treuloser	NOUN	NE					P		Nom	M
14028022	12	gegen	ADP	APPR								
14028022	13	Jahwe	NOUN	NN					S		Nom	M
14028022	14	er	PRON	PPER				3	S		Nom	M
14028022	15	der	DET	ART					S		Nom	M
14028022	16	König	NOUN	NN					S		Nom	M
14028022	17	Aha	PROPN	NE					S		Nom	M
14028023	1	und	CCONJ	KON								
14028023	2	er	PRON	PPER				3	S		Nom	M
14028023	3	opfern	VERB	VVFIN		Fin	Past	3	S	Ind		
14028023	4	der	DET	ART					S		Acc	M
14028023	5	Götter	NOUN	NN					P		Dat	M
14028023	6	von	ADP	APPR								
14028023	7	Damaskus	PROPN	NE					S		Nom	N
14028023	8	der	DET	ART					S		Nom	F
14028023	9	ihn	PRON	PPER				3	S		Acc	M
14028023	10	schlagen	VERB	VVPP		Part						
14028023	11	haben	AUX	VAFIN		Fin	Past	3	P	Ind		
14028023	12	und	CCONJ	KON								
14028023	13	sprechen	VERB	VVFIN		Fin	Past	3	S	Ind		
14028023	14	da	SCONJ	KOUS								
14028023	15	der	DET	ART					S		Nom	F
14028023	16	Götter	NOUN	NN					P		Nom	M
14028023	17	der	DET	ART					S		Nom	M
14028023	18	König	NOUN	NN					P		Nom	M
14028023	19	von	ADP	APPR								
14028023	20	Syrien	PROPN	NE					S		Nom	N
14028023	21	ihnen	PRON	PPER				3	P		Dat	
14028023	22	helfen	VERB	VVINF		Inf						
14028023	23	so	ADV	ADV								
14028023	24	wollen	AUX	VMFIN		Fin	Pres	3	S	Ind		
14028023	25	ich	PRON	PPER				1	S		Nom	
14028023	26	ihnen	PRON	PPER				3	P		Dat	
14028023	27	opfern	VERB	VVINF		Inf						
14028023	28	und	CCONJ	KON								
14028023	29	sie	PRON	PPER				3	P		Nom	
14028023	30	werden	AUX	VAFIN		Fin	Pres	3	P	Ind		
14028023	31	mir	PRON	PPER				1	S		Dat	
14028023	32	helfen	VERB	VVINF		Inf						
14028023	33	sie	PRON	PPER				3	P		Nom	
14028023	34	aber	CCONJ	KON								
14028023	35	dienen	VERB	VVFIN		Fin	Past	3	P	Ind		
14028023	36	ihm	PRON	PPER				3	S		Dat	M
14028023	37	und	CCONJ	KON								
14028023	38	ganz	ADV	ADV								
14028023	39	Israel	PROPN	NE					S		Nom	N
14028023	40	zu	ADP	APPRART					S		Dat	N
14028023	41	Fall	NOUN	NN					S		Nom	M
14028024	1	und	CCONJ	KON								
14028024	2	Aha	PROPN	NE					S		Nom	M
14028024	3	bringen	VERB	VVFIN		Fin	Past	3	S	Ind		
14028024	4	der	DET	ART					S		Nom	F
14028024	5	Gerät	NOUN	NN					P		Nom	N
14028024	6	der	DET	ART					S		Gen	M
14028024	7	Haus	NOUN	NN					S		Gen	N
14028024	8	Gott	NOUN	NN					S		Gen	M
14028024	9	zusammen	ADV	PTKVZ								
14028024	10	und	CCONJ	KON								
14028024	11	zerschlagen	VERB	VVFIN		Fin	Past	3	S	Ind		
14028024	12	der	DET	ART					S		Nom	F
14028024	13	Gerät	NOUN	NN					P		Nom	N
14028024	14	der	DET	ART					S		Gen	M
14028024	15	Haus	NOUN	NN					S		Gen	N
14028024	16	Gott	NOUN	NN					S		Gen	M
14028024	17	und	CCONJ	KON								
14028024	18	er	PRON	PPER				3	S		Nom	M
14028024	19	schließen	VERB	VVFIN		Fin	Past	3	S	Ind		
14028024	20	der	DET	ART					S		Nom	F
14028024	21	Tür	NOUN	NN					P		Nom	F
14028024	22	der	DET	ART					S		Gen	M
14028024	23	Haus	NOUN	NN					S		Gen	N
14028024	24	Jahwe	PROPN	NE					S		Gen	
14028024	25	und	CCONJ	KON								
14028024	26	machen	VERB	VVFIN		Fin	Past	3	S	Ind		
14028024	27	sich	PRON	PRF				3	S		Acc	
14028024	28	Altär	NOUN	NN					P		Nom	M
14028024	29	an	ADP	PTKVZ								
14028024	30	aller	DET	PIS					P		Dat	
14028024	31	Ecke	NOUN	NN					P		Nom	F
14028024	32	in	ADP	APPR								
14028024	33	Jerusalem	PROPN	NE					S		Nom	N
14028025	1	und	CCONJ	KON								
14028025	2	in	ADP	APPR								
14028025	3	jeder	PRON	PIS					S		Nom	M
14028025	4	einzeln	PRON	PIS					S		Nom	M
14028025	5	Stadt	NOUN	NN					S		Nom	F
14028025	6	von	ADP	APPR								
14028025	7	Juda	PROPN	NE					S		Nom	M
14028025	8	machen	VERB	VVFIN		Fin	Past	3	S	Ind		
14028025	9	er	PRON	PPER				3	S		Nom	M
14028025	10	Höhe	NOUN	NN					P		Nom	F
14028025	11	um	ADP	APPR								
14028025	12	anderer	PRON	PIS					P		Dat	
14028025	13	Götter	NOUN	NN					P		Dat	M
14028025	14	zu	ADP	PTKVZ								
14028025	15	räuchern	VERB	VVINF		Inf						
14028025	16	und	CCONJ	KON								
14028025	17	er	PRON	PPER				3	S		Nom	M
14028025	18	reizen	VERB	VVFIN		Fin	Past	3	S	Ind		
14028025	19	Jahwe	NOUN	NN					S		Nom	M
14028025	20	der	DET	ART					S		Acc	M
14028025	21	Gott	NOUN	NN					S		Nom	M
14028025	22	sein	DET	PPOSAT					S		Dat	F
14028025	23	Vater	NOUN	NN					P		Nom	M
14028026	1	und	CCONJ	KON								
14028026	2	der	DET	ART					S		Nom	N
14028026	3	übrige	ADJ	ADJA	Pos				P		Nom	
14028026	4	sein	DET	PPOSAT					S		Dat	F
14028026	5	Geschichte	NOUN	NN					S		Nom	F
14028026	6	und	CCONJ	KON								
14028026	7	aller	PRON	PIS					P		Nom	
14028026	8	sein	DET	PPOSAT					S		Nom	F
14028026	9	Weg	NOUN	NN					P		Acc	M
14028026	10	der	DET	ART					S		Nom	F
14028026	11	erster	ADJ	ADJA	Pos				S		Dat	M
14028026	12	und	CCONJ	KON								
14028026	13	der	DET	ART					S		Nom	F
14028026	14	letzter	ADJ	ADJA	Pos				S		Acc	M
14028026	15	sehen	VERB	VVIMP				2	S	Imp		
14028026	16	sie	PRON	PPER				3	P		Nom	
14028026	17	sein	AUX	VAFIN		Fin	Pres	3	P	Ind		
14028026	18	schreiben	VERB	VVPP		Part						
14028026	19	in	ADP	APPR								
14028026	20	der	DET	ART					S		Dat	M
14028026	21	Buch	NOUN	NN					P		Nom	N
14028026	22	der	DET	ART					S		Nom	M
14028026	23	König	NOUN	NN					P		Nom	M
14028026	24	von	ADP	APPR								
14028026	25	Juda	PROPN	NE					S		Nom	M
14028026	26	und	CCONJ	KON								
14028026	27	Israel	PROPN	NE					S		Nom	N
14028027	1	und	CCONJ	KON								
14028027	2	Aha	PROPN	NE					S		Nom	M
14028027	3	legen	VERB	VVFIN		Fin	Past	3	S	Ind		
14028027	4	sich	PRON	PRF				3	S		Acc	
14028027	5	zu	ADP	PTKVZ								
14028027	6	sein	DET	PPOSAT					S		Acc	M
14028027	7	Vätern	NOUN	NN					P		Dat	M
14028027	8	und	CCONJ	KON								
14028027	9	man	PRON	PIS					S		Nom	
14028027	10	begrub	VERB	VVFIN		Fin	Pres	3	S	Ind		
14028027	11	ihn	PRON	PPER				3	S		Acc	M
14028027	12	in	ADP	APPR								
14028027	13	der	DET	ART					S		Nom	M
14028027	14	Stadt	NOUN	NN					S		Nom	F
14028027	15	in	ADP	APPR								
14028027	16	Jerusalem	PROPN	NE					S		Nom	N
14028027	17	denn	CCONJ	KON								
14028027	18	man	PRON	PIS					S		Nom	
14028027	19	bringen	VERB	VVFIN		Fin	Past	3	S	Ind		
14028027	20	ihn	PRON	PPER				3	S		Acc	M
14028027	21	nicht	PART	PTKNEG								
14028027	22	in	ADP	APPR								
14028027	23	der	DET	ART					S		Nom	F
14028027	24	Gräber	NOUN	NN					P		Nom	N
14028027	25	der	DET	ART					S		Nom	M
14028027	26	König	NOUN	NN					P		Nom	M
14028027	27	von	ADP	APPR								
14028027	28	Israel	PROPN	NE					S		Nom	N
14028027	29	und	CCONJ	KON								
14028027	30	Jehiskia	PROPN	NE					S		Nom	F
14028027	31	sein	AUX	VAINF		Inf						
14028027	32	Sohn	NOUN	NN					S		Nom	M
14028027	33	werden	VERB	VAFIN		Fin	Past	3	S	Ind		
14028027	34	König	NOUN	NN					S		Nom	M
14028027	35	an	ADP	PTKVZ								
14028027	36	sein	DET	PPOSAT					S		Dat	F
14028027	37	statt	SCONJ	KOUI								
14029001	1	Jehiskia	PROPN	NE					S		Nom	F
14029001	2	werden	AUX	VAFIN		Fin	Past	3	S	Ind		
14029001	3	König	NOUN	NN					S		Nom	M
14029001	4	als	ADP	KOKOM								
14029001	5	er	PRON	PPER				3	S		Nom	M
14029001	6	25	NUM	CARD								
14029001	7	Jahr	NOUN	NN					P		Nom	N
14029001	8	alt	ADV	ADJD	Pos							
14029001	9	sein	AUX	VAFIN		Fin	Past	3	S	Ind		
14029001	10	und	CCONJ	KON								
14029001	11	er	PRON	PPER				3	S		Nom	M
14029001	12	regieren	VERB	VVFIN		Fin	Past	3	S	Ind		
14029001	13	29	NUM	CARD								
14029001	14	Jahr	NOUN	NN					P		Nom	N
14029001	15	zu	ADP	PTKVZ								
14029001	16	Jerusalem	PROPN	NE					S		Nom	N
14029001	17	und	CCONJ	KON								
14029001	18	der	DET	ART					S		Nom	M
14029001	19	Name	NOUN	NN					S		Nom	M
14029001	20	sein	DET	PPOSAT					S		Dat	F
14029001	21	Mutter	NOUN	NN					S		Nom	F
14029001	22	sein	AUX	VAFIN		Fin	Past	3	S	Ind		
14029001	23	Abija	PROPN	NE					S		Nom	F
14029001	24	der	DET	ART					S		Nom	F
14029001	25	Tochter	NOUN	NN					S		Nom	F
14029001	26	Sekarjas	NOUN	NN					S		Nom	F
14029002	1	und	CCONJ	KON								
14029002	2	er	PRON	PPER				3	S		Nom	M
14029002	3	tun	VERB	VVFIN		Fin	Past	3	S	Ind		
14029002	4	was	PRON	PWS					S		Nom	N
14029002	5	Recht	NOUN	NN					S		Acc	N
14029002	6	sein	AUX	VAFIN		Fin	Past	3	S	Ind		
14029002	7	in	ADP	APPR								
14029002	8	der	DET	ART					S		Acc	M
14029002	9	Auge	NOUN	NN					P		Nom	N
14029002	10	Jahwe	PROPN	NE					S		Gen	
14029002	11	nach	ADP	APPR								
14029002	12	alle	PRON	PIS					S		Dat	N
14029002	13	was	PRON	PWS					S		Nom	N
14029002	14	sein	AUX	VAINF		Inf						
14029002	15	Vater	NOUN	NN					S		Nom	M
14029002	16	David	PROPN	NE					S		Nom	M
14029002	17	tun	VERB	VVPP		Part						
14029002	18	haben	AUX	VAFIN		Fin	Past	3	S	Ind		
14029003	1	in	ADP	APPRART					S		Dat	M
14029003	2	erster	ADJ	ADJA	Pos				S		Dat	M
14029003	3	Jahr	NOUN	NN					P		Nom	N
14029003	4	sein	DET	PPOSAT					S		Dat	F
14029003	5	Regierung	NOUN	NN					S		Nom	F
14029003	6	in	ADP	APPRART					S		Dat	N
14029003	7	erster	ADJ	ADJA	Pos				S		Dat	M
14029003	8	Monat	NOUN	NN					S		Nom	M
14029003	9	öffnen	VERB	VVFIN		Fin	Past	3	S	Ind		
14029003	10	er	PRON	PPER				3	S		Nom	M
14029003	11	der	DET	ART					S		Nom	F
14029003	12	Tür	NOUN	NN					P		Nom	F
14029003	13	der	DET	ART					S		Gen	M
14029003	14	Haus	NOUN	NN					S		Gen	N
14029003	15	Jahwe	PROPN	NE					S		Gen	
14029003	16	und	CCONJ	KON								
14029003	17	bessern	VERB	VVFIN		Fin	Past	3	S	Ind		
14029003	18	sie	PRON	PPER				3	P		Nom	
14029003	19	aus	ADP	PTKVZ								
14029004	1	und	CCONJ	KON								
14029004	2	er	PRON	PPER				3	S		Nom	M
14029004	3	lassen	VERB	VVFIN		Fin	Past	3	S	Ind		
14029004	4	der	DET	ART					S		Nom	F
14029004	5	Priester	NOUN	NN					P		Nom	M
14029004	6	und	CCONJ	KON								
14029004	7	der	DET	ART					S		Nom	F
14029004	8	Levit	NOUN	NN					P		Nom	M
14029004	9	kommen	VERB	VVFIN		Fin	Pres	3	P	Ind		
14029004	10	und	CCONJ	KON								
14029004	11	versammeln	VERB	VVFIN		Fin	Past	3	S	Ind		
14029004	12	sie	PRON	PPER				3	P		Nom	
14029004	13	auf	ADP	PTKVZ								
14029004	14	der	DET	ART					S		Dat	M
14029004	15	Platz	NOUN	NN					P		Acc	M
14029004	16	gegen	ADP	APPR								
14029004	17	Osten	NOUN	NN					S		Nom	M
14029005	1	und	CCONJ	KON								
14029005	2	er	PRON	PPER				3	S		Nom	M
14029005	3	sprechen	VERB	VVFIN		Fin	Past	3	S	Ind		
14029005	4	zu	ADP	PTKVZ								
14029005	5	ihnen	PRON	PPER				3	P		Dat	
14029005	6	höret	NOUN	NN					S		Nom	N
14029005	7	mich	PRON	PPER				1	S		Acc	
14029005	8	ihr	PRON	PPOSAT				3	S		Dat	F
14029005	9	Levit	NOUN	NN					P		Nom	M
14029005	10	Heiliget	NOUN	NN					S		Nom	N
14029005	11	euch	PRON	PPER				2	P		Dat	
14029005	12	nun	ADV	ADV								
14029005	13	und	CCONJ	KON								
14029005	14	Heiliget	ADV	VVFIN	Pos							
14029005	15	der	DET	ART					S		Nom	N
14029005	16	Haus	NOUN	NN					S		Nom	N
14029005	17	Jahwe	PROPN	NE					S		Gen	
14029005	18	der	DET	ART					S		Gen	M
14029005	19	Gott	NOUN	NN					S		Gen	M
14029005	20	eurer	PRON	PPOSAT							Gen	
14029005	21	Vater	NOUN	NN					P		Nom	M
14029005	22	und	CCONJ	KON								
14029005	23	Bringet	NOUN	VVFIN					S		Nom	N
14029005	24	der	DET	ART					S		Nom	F
14029005	25	Unreinigkeit	NOUN	NN					S		Nom	F
14029005	26	aus	ADP	PTKVZ								
14029005	27	der	DET	ART					S		Dat	M
14029005	28	Heiligtum	NOUN	NN					S		Nom	N
14029005	29	hinaus	ADP	APZR								
14029006	1	denn	CCONJ	KON								
14029006	2	unser	DET	PPOSAT					S		Nom	F
14029006	3	Vater	NOUN	NN					P		Nom	M
14029006	4	haben	AUX	VAFIN		Fin	Pres	3	P	Ind		
14029006	5	treulos	ADV	ADJD	Pos							
14029006	6	handeln	VERB	VVPP		Part						
14029006	7	und	CCONJ	KON								
14029006	8	tun	VERB	VVPP		Part						
14029006	9	was	PRON	PWS					S		Nom	N
14029006	10	böse	ADV	ADJD	Pos							
14029006	11	sein	AUX	VAFIN		Fin	Pres	3	S	Ind		
14029006	12	in	ADP	APPR								
14029006	13	der	DET	ART					S		Acc	M
14029006	14	Auge	NOUN	NN					P		Nom	N
14029006	15	Jahwe	PROPN	NE					S		Gen	
14029006	16	unser	DET	PPOSAT					S		Gen	M
14029006	17	Gott	NOUN	NN					S		Gen	M
14029006	18	und	CCONJ	KON								
14029006	19	haben	AUX	VAFIN		Fin	Pres	3	P	Ind		
14029006	20	ihn	PRON	PPER				3	S		Acc	M
14029006	21	verlassen	VERB	VVINF		Inf						
14029006	22	und	CCONJ	KON								
14029006	23	sie	PRON	PPER				3	P		Nom	
14029006	24	haben	AUX	VAFIN		Fin	Pres	3	P	Ind		
14029006	25	ihr	PRON	PPOSAT				3	S		Dat	F
14029006	26	Angesicht	NOUN	NN					S		Nom	F
14029006	27	von	ADP	APPR								
14029006	28	der	DET	ART					S		Nom	M
14029006	29	Wohnung	NOUN	NN					S		Nom	F
14029006	30	Jahwe	PROPN	NE					S		Gen	
14029006	31	abwanden	VERB	VVPP		Part						
14029006	32	und	CCONJ	KON								
14029006	33	ihr	PRON	PPOSAT				3	S		Dat	F
14029006	34	der	DET	ART					S		Acc	M
14029006	35	rücken	NOUN	NN					S		Nom	M
14029006	36	zugekehrt	VERB	VVPP		Part						
14029007	1	auch	ADV	ADV								
14029007	2	haben	AUX	VAFIN		Fin	Pres	3	P	Ind		
14029007	3	sie	PRON	PPER				3	P		Nom	
14029007	4	der	DET	ART					S		Nom	F
14029007	5	Tür	NOUN	NN					P		Nom	F
14029007	6	der	DET	ART					S		Nom	M
14029007	7	Halle	NOUN	NE					S		Nom	F
14029007	8	verschließen	VERB	VVPP		Part						
14029007	9	und	CCONJ	KON								
14029007	10	der	DET	ART					S		Nom	F
14029007	11	Lampe	NOUN	NN					P		Nom	F
14029007	12	auslöschen	VERB	VVPP		Part						
14029007	13	und	CCONJ	KON								
14029007	14	der	DET	ART					S		Dat	M
14029007	15	Gott	NOUN	NN					S		Nom	M
14029007	16	Israel	PROPN	NE					S		Gen	N
14029007	17	kein	DET	PIAT					S		Nom	N
14029007	18	Räucherwerk	NOUN	NN					S		Nom	N
14029007	19	räuchern	VERB	VVPP		Part						
14029007	20	und	CCONJ	KON								
14029007	21	kein	DET	PIAT					S		Nom	N
14029007	22	Brandopfer	NOUN	NN					S		Nom	M
14029007	23	in	ADP	APPRART					S		Dat	N
14029007	24	Heiligtum	NOUN	NN					S		Nom	N
14029007	25	dargebrachen	VERB	VVPP		Part						
14029008	1	und	CCONJ	KON								
14029008	2	der	DET	ART					S		Nom	M
14029008	3	Zorn	NOUN	NN					S		Nom	M
14029008	4	Jahwe	PROPN	NE					S		Gen	
14029008	5	sein	AUX	VAFIN		Fin	Pres	3	S	Ind		
14029008	6	über	ADP	APPR								
14029008	7	Juda	PROPN	NE					S		Nom	M
14029008	8	und	CCONJ	KON								
14029008	9	Jerusalem	PROPN	NE					S		Nom	N
14029008	10	kommen	VERB	VVPP		Part						
14029008	11	und	CCONJ	KON								
14029008	12	er	PRON	PPER				3	S		Nom	M
14029008	13	haben	AUX	VAFIN		Fin	Pres	3	S	Ind		
14029008	14	sie	PRON	PPER				3	P		Nom	
14029008	15	der	DET	ART					S		Nom	M
14029008	16	Mißhandlung	NOUN	NN					S		Nom	F
14029008	17	der	DET	ART					S		Nom	M
14029008	18	Verwüstung	NOUN	NN					S		Nom	F
14029008	19	und	CCONJ	KON								
14029008	20	der	DET	ART					S		Dat	M
14029008	21	Gezisch	ADV	NN	Pos							
14029008	22	hingeben	VERB	VVPP		Part						
14029008	23	wie	ADP	KOKOM								
14029008	24	ihr	PRON	PPOSAT				3	S		Dat	F
14029008	25	mit	ADP	APPR								
14029008	26	euren	DET	PPOSAT					S		Acc	M
14029008	27	Auge	NOUN	NN					P		Nom	N
14029008	28	seheen	VERB	VVFIN		Fin	Pres	3	S	Ind		
14029009	1	und	CCONJ	KON								
14029009	2	sehen	VERB	VVIMP				2	S	Imp		
14029009	3	deswegen	ADV	PROAV								
14029009	4	sein	AUX	VAFIN		Fin	Pres	3	P	Ind		
14029009	5	unser	DET	PPOSAT					S		Nom	F
14029009	6	Vater	NOUN	NN					P		Nom	M
14029009	7	durch	ADP	APPR								
14029009	8	der	DET	ART					S		Nom	N
14029009	9	Schwert	NOUN	NN					S		Nom	N
14029009	10	fallen	VERB	VVPP		Part						
14029009	11	und	CCONJ	KON								
14029009	12	unser	DET	PPOSAT					S		Nom	F
14029009	13	Sohn	NOUN	NN					P		Nom	M
14029009	14	und	CCONJ	KON								
14029009	15	unser	DET	PPOSAT					S		Nom	F
14029009	16	Tochter	NOUN	NN					P		Nom	F
14029009	17	und	CCONJ	KON								
14029009	18	unser	DET	PPOSAT					S		Nom	F
14029009	19	Weiber	NOUN	NN					P		Nom	M
14029009	20	sein	AUX	VAFIN		Fin	Pres	3	P	Ind		
14029009	21	in	ADP	APPR								
14029009	22	Gefangenschaft	NOUN	NN					S		Nom	F
14029010	1	nun	ADV	ADV								
14029010	2	sein	AUX	VAFIN		Fin	Pres	3	S	Ind		
14029010	3	es	PRON	PPER				3	S		Nom	N
14029010	4	in	ADP	APPR								
14029010	5	mein	DET	PPOSAT					S		Dat	M
14029010	6	Herz	NOUN	NN					S		Nom	N
14029010	7	ein	DET	ART					S		Acc	M
14029010	8	Bund	NOUN	NN					S		Nom	M
14029010	9	zu	ADP	PTKVZ								
14029010	10	machen	VERB	VVINF		Inf						
14029010	11	mit	ADP	APPR								
14029010	12	Jahwe	NOUN	NN					S		Nom	M
14029010	13	der	DET	ART					S		Dat	M
14029010	14	Gott	NOUN	NN					S		Nom	M
14029010	15	Israel	PROPN	NE					S		Gen	N
14029010	16	daß	SCONJ	KOUS								
14029010	17	der	DET	ART					S		Nom	F
14029010	18	Glut	NOUN	NN					S		Nom	F
14029010	19	sein	DET	PPOSAT					S		Gen	M
14029010	20	Zorn	NOUN	NN					S		Nom	N
14029010	21	sich	PRON	PRF				3	S		Acc	
14029010	22	von	ADP	APPR								
14029010	23	uns	PRON	PPER				1	P		Acc	
14029010	24	Abwend	NOUN	NN					P		Nom	
14029011	1	mein	DET	PPOSAT					S		Nom	F
14029011	2	Sohn	NOUN	NN					P		Nom	M
14029011	3	sein	AUX	VAFIN		Fin	Pres	2	P	Ind		
14029011	4	nun	ADV	ADV								
14029011	5	nicht	PART	PTKNEG								
14029011	6	lässig	ADV	ADJD	Pos							
14029011	7	denn	CCONJ	KON								
14029011	8	euch	PRON	PPER				2	P		Dat	
14029011	9	haben	AUX	VAFIN		Fin	Pres	3	S	Ind		
14029011	10	Jahwe	NOUN	NN					S		Nom	M
14029011	11	erwählen	VERB	VVPP		Part						
14029011	12	um	ADP	APPR								
14029011	13	vor	ADP	APPR								
14029011	14	ihm	PRON	PPER				3	S		Dat	M
14029011	15	zu	ADP	PTKVZ								
14029011	16	stehen	VERB	VVFIN		Fin	Pres	3	P	Ind		
14029011	17	daß	SCONJ	KOUS								
14029011	18	ihr	PRON	PPOSAT				3	S		Dat	F
14029011	19	ihm	PRON	PPER				3	S		Dat	M
14029011	20	dienen	VERB	VVFIN		Fin	Pres	3	S	Ind		
14029011	21	und	CCONJ	KON								
14029011	22	um	ADP	APPR								
14029011	23	sein	DET	PPOSAT					S		Nom	F
14029011	24	Diener	NOUN	NN					P		Nom	M
14029011	25	und	CCONJ	KON								
14029011	26	Räucherer	NOUN	NN					S		Nom	M
14029011	27	zu	ADP	PTKVZ								
14029011	28	sein	AUX	VAINF		Inf						
14029012	1	da	SCONJ	KOUS								
14029012	2	machen	VERB	VVFIN		Fin	Past	3	P	Ind		
14029012	3	sich	PRON	PRF				3	S		Acc	
14029012	4	der	DET	ART					S		Nom	F
14029012	5	Levit	NOUN	NN					P		Nom	M
14029012	6	auf	ADP	PTKVZ								
14029012	7	Machath	PROPN	NE					S		Nom	
14029012	8	der	DET	ART					S		Nom	M
14029012	9	Sohn	NOUN	NN					S		Nom	M
14029012	10	Amasais	PROPN	NE					S		Nom	M
14029012	11	und	CCONJ	KON								
14029012	12	Joel	PROPN	NE					S		Nom	M
14029012	13	der	DET	ART					S		Nom	M
14029012	14	Sohn	NOUN	NN					S		Nom	M
14029012	15	Asarjas	NOUN	NN					S		Nom	F
14029012	16	von	ADP	APPR								
14029012	17	der	DET	ART					S		Acc	M
14029012	18	Söhn	NOUN	NN					P		Dat	M
14029012	19	der	DET	ART					S		Nom	M
14029012	20	Kehathiter	NOUN	NN					P		Nom	M
14029012	21	und	CCONJ	KON								
14029012	22	von	ADP	APPR								
14029012	23	der	DET	ART					S		Acc	M
14029012	24	Söhn	NOUN	NN					P		Dat	M
14029012	25	Merari	PROPN	NE					S		Gen	
14029012	26	Kis	PROPN	NE					S		Nom	
14029012	27	der	DET	ART					S		Nom	M
14029012	28	Sohn	NOUN	NN					S		Nom	M
14029012	29	Abdis	NOUN	NN					P		Nom	M
14029012	30	und	CCONJ	KON								
14029012	31	Asarja	PROPN	NE					S		Nom	
14029012	32	der	DET	ART					S		Nom	M
14029012	33	Sohn	NOUN	NN					S		Nom	M
14029012	34	Jehallelel	PROPN	NN					S		Gen	
14029012	35	und	CCONJ	KON								
14029012	36	von	ADP	APPR								
14029012	37	der	DET	ART					S		Acc	M
14029012	38	Gersoniter	NOUN	NN					P		Dat	M
14029012	39	Joach	PROPN	NE					S		Nom	
14029012	40	der	DET	ART					S		Nom	M
14029012	41	Sohn	NOUN	NN					S		Nom	M
14029012	42	Simmas	NOUN	NN					S		Nom	F
14029012	43	und	CCONJ	KON								
14029012	44	Eden	PROPN	NE					S		Nom	
14029012	45	der	DET	ART					S		Nom	M
14029012	46	Sohn	NOUN	NN					S		Nom	M
14029012	47	Joach	NOUN	NN					S		Gen	M
14029013	1	und	CCONJ	KON								
14029013	2	von	ADP	APPR								
14029013	3	der	DET	ART					S		Acc	M
14029013	4	Söhn	NOUN	NN					P		Dat	M
14029013	5	Elizaphan	PROPN	NE					S		Gen	
14029013	6	Schimri	PROPN	NE					S		Nom	N
14029013	7	und	CCONJ	KON								
14029013	8	Jeghiel	PROPN	NN					S		Nom	N
14029013	9	und	CCONJ	KON								
14029013	10	von	ADP	APPR								
14029013	11	der	DET	ART					S		Acc	M
14029013	12	Söhn	NOUN	NN					P		Dat	M
14029013	13	Asaphs	PROPN	NE					S		Nom	N
14029013	14	Sekarja	PROPN	NN					S		Nom	
14029013	15	und	CCONJ	KON								
14029013	16	Mattanja	PROPN	NE					S		Nom	
14029014	1	und	CCONJ	KON								
14029014	2	von	ADP	APPR								
14029014	3	der	DET	ART					S		Acc	M
14029014	4	Söhn	NOUN	NN					P		Dat	M
14029014	5	Heman	PROPN	NE					S		Gen	N
14029014	6	Jechiel	NOUN	NN					S		Nom	N
14029014	7	und	CCONJ	KON								
14029014	8	Simei	NOUN	NN					S		Nom	M
14029014	9	und	CCONJ	KON								
14029014	10	von	ADP	APPR								
14029014	11	der	DET	ART					S		Acc	M
14029014	12	Söhn	NOUN	NN					P		Dat	M
14029014	13	Jeduthuns	PROPN	NE					S		Nom	
14029014	14	Schemaja	PROPN	NE					S		Nom	M
14029014	15	und	CCONJ	KON								
14029014	16	Ussiel	NOUN	NN					S		Nom	N
14029015	1	und	CCONJ	KON								
14029015	2	sie	PRON	PPER				3	P		Nom	
14029015	3	versammeln	VERB	ADJA		Fin	Past	3	P	Ind		
14029015	4	ihr	DET	PPOSAT					S		Nom	F
14029015	5	Bruder	NOUN	NN					P		Nom	M
14029015	6	und	CCONJ	KON								
14029015	7	heilign	VERB	VVFIN		Fin	Past	3	P	Ind		
14029015	8	sich	PRON	PRF				3	S		Acc	
14029015	9	und	CCONJ	KON								
14029015	10	sie	PRON	PPER				3	P		Nom	
14029015	11	kommen	VERB	VVFIN		Fin	Past	3	P	Ind		
14029015	12	nach	ADP	APPR								
14029015	13	der	DET	ART					S		Dat	M
14029015	14	Gebot	NOUN	NN					S		Nom	N
14029015	15	der	DET	ART					S		Gen	M
14029015	16	König	PROPN	NE					S		Nom	
14029015	17	der	DET	ART					S		Acc	M
14029015	18	Wort	NOUN	NN					P		Dat	N
14029015	19	Jahwe	PROPN	NE					S		Gen	
14029015	20	gemäß	ADV	ADJD	Pos							
14029015	21	um	ADP	APPR								
14029015	22	der	DET	ART					S		Nom	N
14029015	23	Haus	NOUN	NN					S		Nom	N
14029015	24	Jahwe	PROPN	NE					S		Gen	
14029015	25	zu	ADP	PTKVZ								
14029015	26	reinigen	VERB	VVINF		Inf						
14029016	1	und	CCONJ	KON								
14029016	2	der	DET	ART					S		Nom	F
14029016	3	Priester	NOUN	NN					P		Nom	M
14029016	4	gehen	VERB	VVFIN		Fin	Past	3	P	Ind		
14029016	5	in	ADP	APPR								
14029016	6	der	DET	ART					S		Nom	N
14029016	7	Innere	NOUN	ADJA					S		Nom	N
14029016	8	der	DET	ART					S		Gen	M
14029016	9	Haus	NOUN	NN					S		Gen	N
14029016	10	Jahwe	PROPN	NE					S		Gen	
14029016	11	um	ADP	APPR								
14029016	12	es	PRON	PPER				3	S		Nom	N
14029016	13	zu	ADP	PTKVZ								
14029016	14	reinigen	VERB	VVINF		Inf						
14029016	15	und	CCONJ	KON								
14029016	16	sie	PRON	PPER				3	P		Nom	
14029016	17	bringen	VERB	VVFIN		Fin	Past	3	P	Ind		
14029016	18	aller	PRON	PIS					P		Nom	
14029016	19	Unreinigkeit	NOUN	NN					S		Nom	F
14029016	20	der	DET	ART					S		Nom	F
14029016	21	sie	PRON	PPER				3	P		Nom	
14029016	22	in	ADP	APPR								
14029016	23	der	DET	ART					S		Dat	M
14029016	24	Tempel	NOUN	NN					S		Nom	M
14029016	25	Jahwe	PROPN	NE					S		Gen	
14029016	26	finden	VERB	VVFIN		Fin	Past	3	P	Ind		
14029016	27	in	ADP	APPR								
14029016	28	der	DET	ART					S		Acc	M
14029016	29	Hof	PROPN	NE					S		Nom	N
14029016	30	der	DET	ART					S		Gen	M
14029016	31	Haus	NOUN	NN					S		Gen	N
14029016	32	Jahwe	PROPN	NE					S		Gen	
14029016	33	hinaus	ADP	APZR								
14029016	34	und	CCONJ	KON								
14029016	35	der	DET	ART					S		Nom	F
14029016	36	Levit	NOUN	NN					P		Nom	M
14029016	37	nehmen	VERB	VVFIN		Fin	Past	3	P	Ind		
14029016	38	sie	PRON	PPER				3	P		Nom	
14029016	39	auf	ADP	PTKVZ								
14029016	40	um	ADP	APPR								
14029016	41	sie	PRON	PPER				3	P		Nom	
14029016	42	an	ADP	PTKVZ								
14029016	43	der	DET	ART					S		Acc	M
14029016	44	Bach	PROPN	NE					S		Nom	
14029016	45	Kidron	PROPN	NE					S		Nom	
14029016	46	Hinauszubringe	NOUN	VVIZU					P		Nom	F
14029017	1	und	CCONJ	KON								
14029017	2	sie	PRON	PPER				3	P		Nom	
14029017	3	fangen	VERB	VVFIN		Fin	Past	3	P	Ind		
14029017	4	an	ADP	APPRART					S		Dat	M
14029017	5	erster	PRON	PIS								
14029017	6	der	DET	ART					S		Gen	M
14029017	7	erster	ADJ	ADJA	Pos				S		Dat	M
14029017	8	Monat	NOUN	NN					S		Nom	M
14029017	9	an	ADP	PTKVZ								
14029017	10	zu	ADP	PTKVZ								
14029017	11	heilig	ADJ	ADJA	Pos				S		Acc	M
14029017	12	und	CCONJ	KON								
14029017	13	an	ADP	APPRART					S		Dat	M
14029017	14	achten	VERB	VVINF		Inf						
14029017	15	Tag	NOUN	NN					P		Nom	M
14029017	16	der	DET	ART					S		Gen	M
14029017	17	Monat	NOUN	NN					S		Nom	M
14029017	18	kommen	VERB	VVFIN		Fin	Past	3	P	Ind		
14029017	19	sie	PRON	PPER				3	P		Nom	
14029017	20	in	ADP	APPR								
14029017	21	der	DET	ART					S		Nom	F
14029017	22	Halle	NOUN	NE					S		Nom	F
14029017	23	Jahwe	PROPN	NE					S		Gen	
14029017	24	und	CCONJ	KON								
14029017	25	heilign	VERB	VVFIN		Fin	Past	3	P	Ind		
14029017	26	der	DET	ART					S		Nom	N
14029017	27	Haus	NOUN	NN					S		Nom	N
14029017	28	Jahwe	PROPN	NE					S		Gen	
14029017	29	acht	NUM	CARD								
14029017	30	Tag	NOUN	NN					P		Nom	M
14029017	31	lang	ADV	ADJD	Pos							
14029017	32	und	CCONJ	KON								
14029017	33	an	ADP	APPRART					S		Dat	M
14029017	34	sechzehnt	ADJ	ADJA	Pos				S		Acc	M
14029017	35	Tag	NOUN	NN					P		Nom	M
14029017	36	der	DET	ART					S		Gen	M
14029017	37	erster	ADJ	ADJA	Pos				S		Dat	M
14029017	38	Monat	NOUN	NN					S		Nom	M
14029017	39	sein	AUX	VAFIN		Fin	Past	3	P	Ind		
14029017	40	sie	PRON	PPER				3	P		Nom	
14029017	41	fertig	ADV	ADJD	Pos							
14029018	1	und	CCONJ	KON								
14029018	2	sie	PRON	PPER				3	P		Nom	
14029018	3	gehen	VERB	VVFIN		Fin	Past	3	P	Ind		
14029018	4	zu	ADP	PTKVZ								
14029018	5	der	DET	ART					S		Dat	M
14029018	6	König	NOUN	NN					S		Nom	M
14029018	7	Hiskia	NOUN	NN					S		Nom	F
14029018	8	hinein	ADV	PTKVZ								
14029018	9	und	CCONJ	KON								
14029018	10	sprechen	VERB	VVFIN		Fin	Past	3	P	Ind		
14029018	11	wir	PRON	PPER				1	P		Nom	
14029018	12	haben	AUX	VAFIN		Fin	Pres	3	P	Ind		
14029018	13	der	DET	ART					S		Nom	N
14029018	14	ganz	ADJ	ADJA	Pos				S		Nom	F
14029018	15	Haus	NOUN	NN					S		Nom	N
14029018	16	Jahwe	PROPN	NE					S		Gen	
14029018	17	reinigen	VERB	VVPP		Part						
14029018	18	und	CCONJ	KON								
14029018	19	der	DET	ART					S		Acc	M
14029018	20	Brandopferaltar	PROPN	NE					S		Nom	
14029018	21	und	CCONJ	KON								
14029018	22	aller	PRON	PIS					P		Nom	
14029018	23	sein	DET	PPOSAT					S		Nom	F
14029018	24	Gerät	NOUN	NN					P		Nom	N
14029018	25	und	CCONJ	KON								
14029018	26	der	DET	ART					S		Acc	M
14029018	27	Tisch	NOUN	NN					S		Nom	M
14029018	28	der	DET	ART					S		Nom	M
14029018	29	Schichtbrot	NOUN	NN					P		Nom	N
14029018	30	und	CCONJ	KON								
14029018	31	aller	PRON	PIS					P		Nom	
14029018	32	sein	DET	PPOSAT					S		Nom	F
14029018	33	Gerät	NOUN	NN					P		Nom	N
14029019	1	und	CCONJ	KON								
14029019	2	aller	PRON	PIS					P		Nom	
14029019	3	Gerät	NOUN	NN					P		Nom	N
14029019	4	der	DET	ART					S		Nom	F
14029019	5	der	DET	ART					S		Nom	M
14029019	6	König	NOUN	NN					S		Nom	M
14029019	7	Aha	PROPN	NE					S		Nom	M
14029019	8	während	SCONJ	KOUS								
14029019	9	sein	DET	PPOSAT					S		Dat	F
14029019	10	Regierung	NOUN	NN					S		Nom	F
14029019	11	in	ADP	APPR								
14029019	12	sein	DET	PPOSAT					S		Dat	F
14029019	13	Treulosigkeit	NOUN	NN					S		Nom	F
14029019	14	entweihen	VERB	VVFIN		Fin	Pres	3	S	Ind		
14029019	15	haben	AUX	VAFIN		Fin	Pres	3	S	Ind		
14029019	16	haben	AUX	VAFIN		Fin	Pres	3	P	Ind		
14029019	17	wir	PRON	PPER				1	P		Nom	
14029019	18	hergerichtet	VERB	VVPP		Part						
14029019	19	und	CCONJ	KON								
14029019	20	heiligen	VERB	VVPP		Part						
14029019	21	und	CCONJ	KON								
14029019	22	sehen	VERB	VVIMP				2	S	Imp		
14029019	23	sie	PRON	PPER				3	P		Nom	
14029019	24	sein	AUX	VAFIN		Fin	Pres	3	P	Ind		
14029019	25	vor	ADP	APPR								
14029019	26	der	DET	ART					S		Dat	M
14029019	27	Altar	NOUN	NN					S		Nom	M
14029019	28	Jahwe	PROPN	NE					S		Gen	
14029020	1	und	CCONJ	KON								
14029020	2	der	DET	ART					S		Nom	M
14029020	3	König	NOUN	NN					S		Nom	M
14029020	4	Jehiskia	PROPN	NE					S		Nom	F
14029020	5	machen	VERB	VVFIN		Fin	Past	3	S	Ind		
14029020	6	sich	PRON	PRF				3	S		Acc	
14029020	7	früh	ADV	ADJD	Pos							
14029020	8	auf	ADP	PTKVZ								
14029020	9	und	CCONJ	KON								
14029020	10	versammeln	VERB	VVFIN		Fin	Past	3	S	Ind		
14029020	11	der	DET	ART					S		Nom	F
14029020	12	oberer	ADJ	ADJA	Sup				S		Dat	F
14029020	13	der	DET	ART					S		Nom	M
14029020	14	Stadt	NOUN	NN					S		Nom	F
14029020	15	und	CCONJ	KON								
14029020	16	er	PRON	PPER				3	S		Nom	M
14029020	17	gehen	VERB	VVFIN		Fin	Past	3	S	Ind		
14029020	18	hinauf	ADV	PTKVZ								
14029020	19	in	ADP	APPR								
14029020	20	der	DET	ART					S		Nom	N
14029020	21	Haus	NOUN	NN					S		Nom	N
14029020	22	Jahwe	PROPN	NE					S		Gen	
14029021	1	und	CCONJ	KON								
14029021	2	sie	PRON	PPER				3	P		Nom	
14029021	3	bringen	VERB	VVFIN		Fin	Past	3	P	Ind		
14029021	4	sieben	NUM	CARD								
14029021	5	Farr	NOUN	NN					P		Nom	M
14029021	6	und	CCONJ	KON								
14029021	7	sieben	NUM	CARD								
14029021	8	Widder	NOUN	NN					S		Nom	M
14029021	9	und	CCONJ	KON								
14029021	10	sieben	NUM	CARD								
14029021	11	Schaf	NOUN	NN					P		Nom	N
14029021	12	und	CCONJ	KON								
14029021	13	sieben	NUM	CARD								
14029021	14	Ziegenböck	NOUN	NN					P		Nom	M
14029021	15	zu	ADP	APPRART					S		Dat	N
14029021	16	Sündopfer	NOUN	NN					S		Nom	N
14029021	17	für	ADP	APPR								
14029021	18	der	DET	ART					S		Nom	N
14029021	19	Königreich	NOUN	NN					S		Nom	N
14029021	20	und	CCONJ	KON								
14029021	21	für	ADP	APPR								
14029021	22	der	DET	ART					S		Nom	N
14029021	23	Heiligtum	NOUN	NN					S		Nom	N
14029021	24	und	CCONJ	KON								
14029021	25	für	ADP	APPR								
14029021	26	Juda	PROPN	NE					S		Nom	M
14029021	27	und	CCONJ	KON								
14029021	28	er	PRON	PPER				3	S		Nom	M
14029021	29	befehlen	VERB	VVFIN		Fin	Past	3	S	Ind		
14029021	30	der	DET	ART					S		Acc	M
14029021	31	Söhn	NOUN	NN					P		Dat	M
14029021	32	Aaron	PROPN	NE					S		Gen	
14029021	33	der	DET	ART					S		Acc	M
14029021	34	Priester	NOUN	NN					P		Dat	M
14029021	35	sie	PRON	PPER				3	P		Nom	
14029021	36	auf	ADP	PTKVZ								
14029021	37	der	DET	ART					S		Dat	M
14029021	38	Altar	NOUN	NN					S		Nom	M
14029021	39	Jahwe	PROPN	NE					S		Gen	
14029021	40	zu	ADP	PTKVZ								
14029021	41	opfern	VERB	VVINF		Inf						
14029022	1	und	CCONJ	KON								
14029022	2	sie	PRON	PPER				3	P		Nom	
14029022	3	schlachteen	VERB	VVFIN		Fin	Past	3	P	Ind		
14029022	4	der	DET	ART					S		Nom	F
14029022	5	Rind	NOUN	NN					P		Nom	N
14029022	6	und	CCONJ	KON								
14029022	7	der	DET	ART					S		Nom	F
14029022	8	Priester	NOUN	NN					P		Nom	M
14029022	9	nehmen	VERB	VVFIN		Fin	Past	3	P	Ind		
14029022	10	der	DET	ART					S		Nom	N
14029022	11	Blut	NOUN	NN					S		Nom	N
14029022	12	auf	ADP	PTKVZ								
14029022	13	und	CCONJ	KON								
14029022	14	sprengen	VERB	VVFIN		Fin	Past	3	P	Ind		
14029022	15	es	PRON	PPER				3	S		Nom	N
14029022	16	an	ADP	PTKVZ								
14029022	17	der	DET	ART					S		Acc	M
14029022	18	Altar	NOUN	NN					S		Nom	M
14029022	19	und	CCONJ	KON								
14029022	20	sie	PRON	PPER				3	P		Nom	
14029022	21	schlachteen	VERB	VVFIN		Fin	Past	3	P	Ind		
14029022	22	der	DET	ART					S		Nom	F
14029022	23	Widder	NOUN	NN					S		Nom	M
14029022	24	und	CCONJ	KON								
14029022	25	sprengen	VERB	VVFIN		Fin	Past	3	P	Ind		
14029022	26	der	DET	ART					S		Nom	N
14029022	27	Blut	NOUN	NN					S		Nom	N
14029022	28	an	ADP	PTKVZ								
14029022	29	der	DET	ART					S		Acc	M
14029022	30	Altar	NOUN	NN					S		Nom	M
14029022	31	und	CCONJ	KON								
14029022	32	sie	PRON	PPER				3	P		Nom	
14029022	33	schlachteen	VERB	VVFIN		Fin	Past	3	P	Ind		
14029022	34	der	DET	ART					S		Nom	F
14029022	35	Schaf	NOUN	NN					P		Nom	N
14029022	36	und	CCONJ	KON								
14029022	37	sprengen	VERB	VVFIN		Fin	Past	3	P	Ind		
14029022	38	der	DET	ART					S		Nom	N
14029022	39	Blut	NOUN	NN					S		Nom	N
14029022	40	an	ADP	PTKVZ								
14029022	41	der	DET	ART					S		Acc	M
14029022	42	Altar	NOUN	NN					S		Nom	M
14029023	1	und	CCONJ	KON								
14029023	2	sie	PRON	PPER				3	P		Nom	
14029023	3	bringen	VERB	VVFIN		Fin	Past	3	P	Ind		
14029023	4	der	DET	ART					S		Nom	F
14029023	5	Böck	NOUN	NN					P		Nom	M
14029023	6	der	DET	ART					S		Gen	M
14029023	7	Sündopfer	PROPN	NE					S		Nom	
14029023	8	herzu	ADV	PTKVZ								
14029023	9	vor	ADP	APPR								
14029023	10	der	DET	ART					S		Acc	M
14029023	11	König	NOUN	NN					S		Nom	M
14029023	12	und	CCONJ	KON								
14029023	13	der	DET	ART					S		Nom	F
14029023	14	Versammlung	NOUN	NN					S		Nom	F
14029023	15	und	CCONJ	KON								
14029023	16	sie	PRON	PPER				3	P		Nom	
14029023	17	legen	VERB	VVFIN		Fin	Past	3	P	Ind		
14029023	18	ihr	DET	PPOSAT					S		Nom	F
14029023	19	Hand	NOUN	NN					P		Nom	F
14029023	20	auf	ADP	PTKVZ								
14029023	21	derselbe	DET	PDAT					S		Nom	F
14029024	1	und	CCONJ	KON								
14029024	2	der	DET	ART					S		Nom	F
14029024	3	Priester	NOUN	NN					P		Nom	M
14029024	4	schlachteen	VERB	VVFIN		Fin	Past	3	P	Ind		
14029024	5	sie	PRON	PPER				3	P		Nom	
14029024	6	und	CCONJ	KON								
14029024	7	tun	VERB	VVFIN		Fin	Past	3	P	Ind		
14029024	8	ihr	PRON	PPOSAT				3	S		Dat	F
14029024	9	Blut	NOUN	NN					S		Nom	N
14029024	10	zu	ADP	APPRART					S		Dat	F
14029024	11	Entsündigung	NOUN	NN					S		Nom	F
14029024	12	an	ADP	PTKVZ								
14029024	13	der	DET	ART					S		Acc	M
14029024	14	Altar	NOUN	NN					S		Nom	M
14029024	15	um	ADP	APPR								
14029024	16	für	ADP	APPR								
14029024	17	ganz	ADV	ADV								
14029024	18	Israel	PROPN	NE					S		Nom	N
14029024	19	Sühnung	NOUN	NN					S		Nom	F
14029024	20	zu	ADP	PTKVZ								
14029024	21	tun	VERB	VVINF		Inf						
14029024	22	denn	CCONJ	KON								
14029024	23	für	ADP	APPR								
14029024	24	ganz	ADV	ADV								
14029024	25	Israel	PROPN	NE					S		Nom	N
14029024	26	haben	AUX	VAFIN		Fin	Past	3	S	Ind		
14029024	27	der	DET	ART					S		Nom	M
14029024	28	König	NOUN	NN					S		Nom	M
14029024	29	der	DET	ART					S		Nom	N
14029024	30	Brandopfer	NOUN	NN					S		Nom	M
14029024	31	und	CCONJ	KON								
14029024	32	der	DET	ART					S		Nom	N
14029024	33	Sündopfer	NOUN	NN					S		Nom	N
14029024	34	befohlen	VERB	VVPP		Part						
14029025	1	und	CCONJ	KON								
14029025	2	er	PRON	PPER				3	S		Nom	M
14029025	3	stellen	VERB	VVFIN		Fin	Past	3	S	Ind		
14029025	4	der	DET	ART					S		Nom	F
14029025	5	Levit	NOUN	NN					P		Nom	M
14029025	6	auf	ADP	PTKVZ								
14029025	7	in	ADP	APPRART					S		Dat	N
14029025	8	Haus	NOUN	NN					P		Nom	N
14029025	9	Jahwe	PROPN	NE					S		Gen	
14029025	10	mit	ADP	APPR								
14029025	11	Cymbel	NOUN	NN					P		Nom	F
14029025	12	mit	ADP	APPR								
14029025	13	Harfe	NOUN	NN					P		Nom	F
14029025	14	und	CCONJ	KON								
14029025	15	mit	ADP	APPR								
14029025	16	Laut	NOUN	NN					S		Nom	N
14029025	17	nach	ADP	APPR								
14029025	18	der	DET	ART					S		Dat	M
14029025	19	Gebot	NOUN	NN					P		Nom	N
14029025	20	David	PROPN	NE					S		Gen	M
14029025	21	und	CCONJ	KON								
14029025	22	Gads	X	NE								
14029025	23	der	DET	ART					S		Gen	M
14029025	24	Seher	PROPN	NE					S		Gen	
14029025	25	der	DET	ART					S		Gen	M
14029025	26	König	PROPN	NE					S		Nom	
14029025	27	und	CCONJ	KON								
14029025	28	Nathans	PROPN	NE					S		Nom	M
14029025	29	der	DET	ART					S		Gen	M
14029025	30	Prophet	NOUN	NN					P		Nom	M
14029025	31	denn	CCONJ	KON								
14029025	32	der	DET	ART					S		Nom	N
14029025	33	Gebot	NOUN	NN					S		Nom	N
14029025	34	sein	AUX	VAFIN		Fin	Past	3	S	Ind		
14029025	35	durch	ADP	APPR								
14029025	36	Jahwe	NOUN	NN					S		Nom	M
14029025	37	durch	ADP	APPR								
14029025	38	sein	DET	PPOSAT					S		Nom	F
14029025	39	Prophet	NOUN	NN					P		Nom	M
14029026	1	und	CCONJ	KON								
14029026	2	der	DET	ART					S		Nom	F
14029026	3	Levit	NOUN	NN					P		Nom	M
14029026	4	stehen	VERB	VVFIN		Fin	Past	3	P	Ind		
14029026	5	da	ADV	ADV								
14029026	6	mit	ADP	APPR								
14029026	7	der	DET	ART					S		Acc	M
14029026	8	Instrument	NOUN	NN					P		Dat	N
14029026	9	David	PROPN	NE					S		Gen	M
14029026	10	und	CCONJ	KON								
14029026	11	der	DET	ART					S		Nom	F
14029026	12	Priester	NOUN	NN					P		Nom	M
14029026	13	mit	ADP	APPR								
14029026	14	der	DET	ART					S		Acc	M
14029026	15	Trompet	NOUN	NN					P		Nom	F
14029027	1	und	CCONJ	KON								
14029027	2	Hiskia	NOUN	NN					S		Nom	F
14029027	3	befehlen	VERB	VVFIN		Fin	Past	3	S	Ind		
14029027	4	der	DET	ART					S		Nom	N
14029027	5	Brandopfer	NOUN	NN					S		Nom	M
14029027	6	auf	ADP	PTKVZ								
14029027	7	der	DET	ART					S		Dat	M
14029027	8	Altar	NOUN	NN					S		Nom	M
14029027	9	zu	ADP	PTKVZ								
14029027	10	opfern	VERB	VVINF		Inf						
14029027	11	und	CCONJ	KON								
14029027	12	zu	ADP	APPRART					S		Dat	F
14029027	13	Zeit	NOUN	NN					S		Nom	F
14029027	14	als	ADP	KOKOM								
14029027	15	der	DET	ART					S		Nom	N
14029027	16	Brandopfer	NOUN	NN					S		Nom	M
14029027	17	anfing	VERB	VVFIN		Fin	Past	3	S	Ind		
14029027	18	beginnen	VERB	VVFIN		Fin	Past	3	S	Ind		
14029027	19	der	DET	ART					S		Nom	M
14029027	20	Gesang	NOUN	NN					S		Nom	M
14029027	21	Jahwe	PROPN	NE					S		Gen	
14029027	22	und	CCONJ	KON								
14029027	23	der	DET	ART					S		Nom	F
14029027	24	Trompet	NOUN	NN					P		Nom	F
14029027	25	und	CCONJ	KON								
14029027	26	zwar	ADV	ADV								
14029027	27	unter	ADP	APPR								
14029027	28	Begleitung	NOUN	NN					S		Nom	F
14029027	29	der	DET	ART					S		Nom	M
14029027	30	Instrument	NOUN	NN					P		Nom	N
14029027	31	David	PROPN	NE					S		Gen	M
14029027	32	der	DET	ART					S		Gen	M
14029027	33	König	PROPN	NE					S		Nom	
14029027	34	von	ADP	APPR								
14029027	35	Israel	PROPN	NE					S		Nom	N
14029028	1	und	CCONJ	KON								
14029028	2	der	DET	ART					S		Nom	F
14029028	3	ganz	ADJ	ADJA	Pos				S		Nom	F
14029028	4	Versammlung	NOUN	NN					S		Nom	F
14029028	5	beten	VERB	VVFIN		Fin	Past	3	S	Ind		
14029028	6	an	ADP	PTKVZ								
14029028	7	und	CCONJ	KON								
14029028	8	der	DET	ART					S		Nom	M
14029028	9	Gesang	NOUN	NN					S		Nom	M
14029028	10	erscholl	VERB	VVFIN		Fin	Pres	3	S	Ind		
14029028	11	und	CCONJ	KON								
14029028	12	der	DET	ART					S		Nom	F
14029028	13	Trompet	NOUN	NN					P		Nom	F
14029028	14	schmettern	VERB	VVFIN		Fin	Past	3	P	Ind		
14029028	15	alle	PRON	PIS					S		Nom	N
14029028	16	der	DET	ART					S		Nom	N
14029028	17	währen	VERB	VVFIN		Fin	Past	3	S	Ind		
14029028	18	bis	CCONJ	KON								
14029028	19	zu	ADP	APPRART					S		Dat	F
14029028	20	Vollendung	NOUN	NN					S		Nom	F
14029028	21	der	DET	ART					S		Gen	M
14029028	22	Brandopfer	PROPN	NE					S		Gen	
14029029	1	und	CCONJ	KON								
14029029	2	als	ADP	KOKOM								
14029029	3	man	PRON	PIS					S		Nom	
14029029	4	der	DET	ART					S		Nom	N
14029029	5	Opfer	NOUN	NN					P		Dat	N
14029029	6	der	DET	ART					S		Gen	M
14029029	7	Brandopfer	PROPN	NE					S		Gen	
14029029	8	vollenden	VERB	VVPP		Part						
14029029	9	haben	AUX	VAFIN		Fin	Past	3	S	Ind		
14029029	10	beugn	VERB	VVFIN		Fin	Past	3	P	Ind		
14029029	11	sich	PRON	PRF				3	S		Acc	
14029029	12	der	DET	ART					S		Nom	M
14029029	13	König	NOUN	NN					S		Nom	M
14029029	14	und	CCONJ	KON								
14029029	15	aller	PRON	PIS					P		Nom	
14029029	16	der	DET	ART					S		Nom	F
14029029	17	sich	PRON	PRF				3	S		Acc	
14029029	18	bei	ADP	APPR								
14029029	19	ihm	PRON	PPER				3	S		Dat	M
14029029	20	befinden	VERB	VVFIN		Fin	Past	3	P	Ind		
14029029	21	und	CCONJ	KON								
14029029	22	beten	VERB	VVFIN		Fin	Past	3	P	Ind		
14029029	23	an	ADP	PTKVZ								
14029030	1	und	CCONJ	KON								
14029030	2	der	DET	ART					S		Nom	M
14029030	3	König	NOUN	NN					S		Nom	M
14029030	4	Jehiskia	PROPN	NE					S		Nom	F
14029030	5	und	CCONJ	KON								
14029030	6	der	DET	ART					S		Nom	F
14029030	7	oberer	ADJ	ADJA	Sup				S		Dat	F
14029030	8	sagen	VERB	VVFIN		Fin	Past	3	P	Ind		
14029030	9	zu	ADP	PTKVZ								
14029030	10	der	DET	ART					S		Acc	M
14029030	11	Levit	NOUN	NN					P		Nom	M
14029030	12	daß	SCONJ	KOUS								
14029030	13	sie	PRON	PPER				3	P		Nom	
14029030	14	Jahwe	NOUN	NN					S		Nom	M
14029030	15	Lobsing	NOUN	VVINF					P		Nom	F
14029030	16	sollen	AUX	VMFIN		Fin	Past	3	P	Ind		
14029030	17	mit	ADP	APPR								
14029030	18	der	DET	ART					S		Acc	M
14029030	19	Wort	NOUN	NN					P		Dat	N
14029030	20	David	PROPN	NE					S		Gen	M
14029030	21	und	CCONJ	KON								
14029030	22	Asaphs	PROPN	NE					S		Nom	N
14029030	23	der	DET	ART					S		Gen	M
14029030	24	Seher	PROPN	NE					S		Gen	
14029030	25	und	CCONJ	KON								
14029030	26	sie	PRON	PPER				3	P		Nom	
14029030	27	Lobsang	NOUN	NN					P		Nom	F
14029030	28	mit	ADP	APPR								
14029030	29	Freude	NOUN	NN					S		Nom	F
14029030	30	und	CCONJ	KON								
14029030	31	neigen	VERB	VVFIN		Fin	Past	3	P	Ind		
14029030	32	sich	PRON	PRF				3	S		Acc	
14029030	33	und	CCONJ	KON								
14029030	34	beten	VERB	VVFIN		Fin	Past	3	P	Ind		
14029030	35	an	ADP	PTKVZ								
14029031	1	und	CCONJ	KON								
14029031	2	Jehiskia	PROPN	NE					S		Nom	F
14029031	3	heben	VERB	VVFIN		Fin	Past	3	S	Ind		
14029031	4	an	ADP	PTKVZ								
14029031	5	und	CCONJ	KON								
14029031	6	sprechen	VERB	VVFIN		Fin	Past	3	S	Ind		
14029031	7	nun	ADV	ADV								
14029031	8	habben	VERB	VAFIN				2	P	Imp		
14029031	9	ihr	PRON	PPOSAT				3	S		Dat	F
14029031	10	euch	PRON	PPER				2	P		Dat	
14029031	11	Jahwe	NOUN	NN					S		Nom	M
14029031	12	weihen	VERB	VVPP		Part						
14029031	13	treten	VERB	VVFIN		Fin	Pres	3	S	Ind		
14029031	14	herzu	ADV	PTKVZ								
14029031	15	und	CCONJ	KON								
14029031	16	Bringet	NOUN	VVFIN					S		Nom	N
14029031	17	Schlachtopfer	NOUN	NN					S		Nom	M
14029031	18	und	CCONJ	KON								
14029031	19	Dankopfer	NOUN	NN					S		Nom	M
14029031	20	zu	ADP	APPRART					S		Dat	N
14029031	21	Haus	NOUN	NN					P		Nom	N
14029031	22	Jahwe	PROPN	NE					S		Gen	
14029031	23	und	CCONJ	KON								
14029031	24	der	DET	ART					S		Nom	F
14029031	25	Versammlung	NOUN	NN					S		Nom	F
14029031	26	bringen	VERB	VVFIN		Fin	Past	3	S	Ind		
14029031	27	Schlachtopfer	NOUN	NN					S		Nom	M
14029031	28	und	CCONJ	KON								
14029031	29	Dankopfer	NOUN	NN					S		Nom	M
14029031	30	und	CCONJ	KON								
14029031	31	jeder	PRON	PIS					S		Nom	M
14029031	32	der	DET	ART					S		Nom	M
14029031	33	willig	ADJ	ADJA	Pos				S		Acc	M
14029031	34	Herzens	NOUN	NN					P		Nom	N
14029031	35	sein	AUX	VAFIN		Fin	Past	3	S	Ind		
14029031	36	bringen	VERB	VVFIN		Fin	Past	3	S	Ind		
14029031	37	Brandopfer	NOUN	NN					S		Nom	M
14029032	1	und	CCONJ	KON								
14029032	2	der	DET	ART					S		Nom	F
14029032	3	Zahl	NOUN	NN					S		Nom	F
14029032	4	der	DET	ART					S		Nom	M
14029032	5	Brandopfer	NOUN	NN					S		Nom	M
14029032	6	welcher	DET	PWAT					S		Nom	F
14029032	7	der	DET	ART					S		Nom	F
14029032	8	Versammlung	NOUN	NN					S		Nom	F
14029032	9	bringen	VERB	VVFIN		Fin	Past	3	S	Ind		
14029032	10	sein	AUX	VAFIN		Fin	Past	3	S	Ind		
14029032	11	siebzig	NUM	CARD								
14029032	12	Rind	NOUN	NN					P		Nom	N
14029032	13	hundert	NUM	CARD								
14029032	14	Widder	NOUN	NN					S		Nom	M
14029032	15	zweihundert	NUM	CARD								
14029032	16	Schaf	NOUN	NN					P		Nom	N
14029032	17	aller	PRON	PIS					P		Nom	
14029032	18	dieser	DET	PDAT					S		Nom	F
14029032	19	zu	ADP	APPRART					S		Dat	N
14029032	20	Brandopfer	NOUN	NN					S		Nom	M
14029032	21	für	ADP	APPR								
14029032	22	Jahwe	NOUN	NN					S		Nom	M
14029033	1	und	CCONJ	KON								
14029033	2	der	DET	ART					S		Nom	M
14029033	3	Geheiligt	NOUN	NN					P		Nom	F
14029033	4	sein	AUX	VAFIN		Fin	Past	3	P	Ind		
14029033	5	sechshundert	NUM	CARD								
14029033	6	Rind	NOUN	NN					P		Nom	N
14029033	7	und	CCONJ	KON								
14029033	8	dreitausend	NUM	CARD								
14029033	9	Schaf	NOUN	NN					P		Nom	N
14029034	1	nur	ADV	ADV								
14029034	2	sein	AUX	VAFIN		Fin	Past	3	P	Ind		
14029034	3	der	DET	ART					S		Nom	M
14029034	4	Priester	NOUN	NN					P		Nom	M
14029034	5	zu	ADP	PTKVZ								
14029034	6	wenig	PRON	PIS								
14029034	7	so	ADV	ADV								
14029034	8	daß	SCONJ	KOUS								
14029034	9	sie	PRON	PPER				3	P		Nom	
14029034	10	nicht	PART	PTKNEG								
14029034	11	aller	DET	PIS					P		Dat	
14029034	12	Brandopfern	NOUN	NN					S		Nom	N
14029034	13	der	DET	ART					S		Nom	F
14029034	14	Haut	NOUN	NN					S		Nom	F
14029034	15	abziehen	VERB	VVINF		Inf						
14029034	16	können	AUX	VMFIN		Fin	Past	3	P	Ind		
14029034	17	und	CCONJ	KON								
14029034	18	so	ADV	ADV								
14029034	19	unterstützen	VERB	VVFIN		Fin	Past	3	P	Ind		
14029034	20	sie	PRON	PPER				3	P		Nom	
14029034	21	ihr	DET	PPOSAT					S		Nom	F
14029034	22	Bruder	NOUN	NN					P		Nom	M
14029034	23	der	DET	ART					S		Nom	F
14029034	24	Levit	NOUN	NN					P		Nom	M
14029034	25	bis	CCONJ	KON								
14029034	26	der	DET	ART					S		Nom	N
14029034	27	Werk	NOUN	NN					S		Nom	N
14029034	28	vollenden	VERB	VVPP		Part						
14029034	29	sein	AUX	VAFIN		Fin	Past	3	S	Ind		
14029034	30	und	CCONJ	KON								
14029034	31	bis	CCONJ	KON								
14029034	32	der	DET	ART					S		Nom	F
14029034	33	Priester	NOUN	NN					P		Nom	M
14029034	34	sich	PRON	PRF				3	S		Acc	
14029034	35	heiligen	VERB	VVPP		Part						
14029034	36	haben	AUX	VAFIN		Fin	Past	3	P	Ind		
14029034	37	denn	CCONJ	KON								
14029034	38	der	DET	ART					S		Nom	F
14029034	39	Levit	NOUN	NN					P		Nom	M
14029034	40	sein	AUX	VAFIN		Fin	Past	3	P	Ind		
14029034	41	redlich	ADJ	ADJA	Pos				S		Acc	M
14029034	42	Herzens	NOUN	NN					P		Nom	N
14029034	43	sich	PRON	PRF				3	S		Acc	
14029034	44	zu	ADP	PTKVZ								
14029034	45	heilig	ADJ	ADJA	Pos				S		Acc	M
14029034	46	mehr	ADV	ADV								
14029034	47	als	ADP	KOKOM								
14029034	48	der	DET	ART					S		Nom	F
14029034	49	Priester	NOUN	NN					P		Nom	M
14029035	1	aber	CCONJ	KON								
14029035	2	der	DET	ART					S		Nom	M
14029035	3	Brandopfer	NOUN	NN					S		Nom	M
14029035	4	sein	AUX	VAFIN		Fin	Past	3	S	Ind		
14029035	5	auch	ADV	ADV								
14029035	6	ein	DET	ART					S		Nom	F
14029035	7	Menge	NOUN	NN					S		Nom	F
14029035	8	mit	ADP	APPR								
14029035	9	der	DET	ART					S		Acc	M
14029035	10	Fettstück	NOUN	NN					P		Nom	M
14029035	11	der	DET	ART					S		Nom	M
14029035	12	Friedensopfer	NOUN	NN					P		Nom	M
14029035	13	und	CCONJ	KON								
14029035	14	mit	ADP	APPR								
14029035	15	der	DET	ART					S		Acc	M
14029035	16	Trankopfern	NOUN	NN					S		Nom	M
14029035	17	für	ADP	APPR								
14029035	18	der	DET	ART					S		Nom	F
14029035	19	Brandopfer	NOUN	NN					S		Nom	M
14029035	20	und	CCONJ	KON								
14029035	21	so	ADV	ADV								
14029035	22	werden	AUX	VAFIN		Fin	Past	3	S	Ind		
14029035	23	der	DET	ART					S		Nom	M
14029035	24	Dienst	NOUN	NN					S		Nom	M
14029035	25	der	DET	ART					S		Gen	M
14029035	26	Haus	NOUN	NN					S		Gen	N
14029035	27	Jahwe	PROPN	NE					S		Gen	
14029035	28	einrichten	VERB	VVPP		Part						
14029036	1	und	CCONJ	KON								
14029036	2	Jehiskia	PROPN	NE					S		Nom	F
14029036	3	und	CCONJ	KON								
14029036	4	der	DET	ART					S		Nom	N
14029036	5	ganz	ADJ	ADJA	Pos				S		Nom	F
14029036	6	Volk	NOUN	NN					S		Nom	N
14029036	7	freuen	VERB	VVFIN		Fin	Past	3	P	Ind		
14029036	8	sich	PRON	PRF				3	S		Acc	
14029036	9	über	ADP	APPR								
14029036	10	der	DET	ART					S		Nom	N
14029036	11	was	PRON	PWS					S		Nom	N
14029036	12	Gott	NOUN	NN					S		Nom	M
14029036	13	der	DET	ART					S		Dat	M
14029036	14	Volke	NOUN	NN					S		Nom	M
14029036	15	bereiten	VERB	VVFIN		Fin	Pres	3	S	Ind		
14029036	16	haben	AUX	VAFIN		Fin	Past	3	S	Ind		
14029036	17	denn	CCONJ	KON								
14029036	18	der	DET	ART					S		Nom	F
14029036	19	Sache	NOUN	NN					S		Nom	F
14029036	20	sein	AUX	VAFIN		Fin	Past	3	S	Ind		
14029036	21	plötzlich	ADV	ADJD	Pos							
14029036	22	geschehen	VERB	VVPP		Part						
14030001	1	und	CCONJ	KON								
14030001	2	Jehiskia	PROPN	NE					S		Nom	F
14030001	3	senden	VERB	VVFIN		Fin	Past	3	S	Ind		
14030001	4	hin	ADV	ADV								
14030001	5	zu	ADP	PTKVZ								
14030001	6	ganz	ADV	ADV								
14030001	7	Israel	PROPN	NE					S		Nom	N
14030001	8	und	CCONJ	KON								
14030001	9	Juda	PROPN	NE					S		Nom	M
14030001	10	und	CCONJ	KON								
14030001	11	schreiben	VERB	VVFIN		Fin	Past	3	S	Ind		
14030001	12	auch	ADV	ADV								
14030001	13	Brief	NOUN	NN					P		Nom	M
14030001	14	an	ADP	PTKVZ								
14030001	15	Ephraim	NOUN	NN					P		Nom	M
14030001	16	und	CCONJ	KON								
14030001	17	Manasse	PROPN	NE					S		Nom	
14030001	18	daß	SCONJ	KOUS								
14030001	19	sie	PRON	PPER				3	P		Nom	
14030001	20	zu	ADP	APPRART					S		Dat	N
14030001	21	Haus	NOUN	NN					P		Nom	N
14030001	22	Jahwe	PROPN	NE					S		Gen	
14030001	23	in	ADP	APPR								
14030001	24	Jerusalem	PROPN	NE					S		Nom	N
14030001	25	kommen	VERB	VVFIN		Fin	Pres	3	P	Ind		
14030001	26	möchten	AUX	VMFIN		Fin	Pres	3	P	Ind		
14030001	27	um	ADP	APPR								
14030001	28	Jahwe	NOUN	NN					S		Nom	M
14030001	29	der	DET	ART					S		Dat	M
14030001	30	Gott	NOUN	NN					S		Nom	M
14030001	31	Israel	PROPN	NE					S		Gen	N
14030001	32	Passah	NOUN	NN					P		Nom	N
14030001	33	zu	ADP	PTKVZ								
14030001	34	feiern	VERB	VVFIN		Fin	Pres	3	P	Ind		
14030002	1	und	CCONJ	KON								
14030002	2	der	DET	ART					S		Nom	M
14030002	3	König	NOUN	NN					S		Nom	M
14030002	4	und	CCONJ	KON								
14030002	5	sein	DET	PPOSAT					S		Nom	F
14030002	6	oberer	ADJ	ADJA	Sup				S		Dat	F
14030002	7	und	CCONJ	KON								
14030002	8	der	DET	ART					S		Nom	F
14030002	9	ganz	ADJ	ADJA	Pos				S		Nom	F
14030002	10	Versammlung	NOUN	NN					S		Nom	F
14030002	11	in	ADP	APPR								
14030002	12	Jerusalem	PROPN	NE					S		Nom	N
14030002	13	werden	AUX	VAFIN		Fin	Past	3	P	Ind		
14030002	14	Rat	NOUN	NN					S		Gen	M
14030002	15	der	DET	ART					S		Nom	N
14030002	16	Passah	NOUN	NN					P		Nom	N
14030002	17	in	ADP	APPRART					S		Dat	N
14030002	18	zweiter	ADJ	ADJA	Pos				S		Dat	M
14030002	19	Monat	NOUN	NN					S		Nom	M
14030002	20	zu	ADP	PTKVZ								
14030002	21	feiern	VERB	VVFIN		Fin	Pres	3	P	Ind		
14030003	1	denn	CCONJ	KON								
14030003	2	sie	PRON	PPER				3	P		Nom	
14030003	3	können	AUX	VMFIN		Fin	Past	3	P	Ind		
14030003	4	es	PRON	PPER				3	S		Nom	N
14030003	5	zu	ADP	PTKVZ								
14030003	6	jener	DET	PDAT					S		Nom	M
14030003	7	Zeit	NOUN	NN					S		Nom	F
14030003	8	nicht	PART	PTKNEG								
14030003	9	feiern	VERB	VVFIN		Fin	Pres	3	P	Ind		
14030003	10	weil	SCONJ	KOUS								
14030003	11	der	DET	ART					S		Nom	F
14030003	12	Priester	NOUN	NN					P		Nom	M
14030003	13	sich	PRON	PRF				3	S		Acc	
14030003	14	nicht	PART	PTKNEG								
14030003	15	in	ADP	APPR								
14030003	16	hinreichend	ADJ	ADJA	Pos				S		Nom	M
14030003	17	Anzahl	NOUN	NN					S		Nom	F
14030003	18	heiligen	VERB	VVPP		Part						
14030003	19	haben	AUX	VAFIN		Fin	Past	3	P	Ind		
14030003	20	und	CCONJ	KON								
14030003	21	der	DET	ART					S		Nom	N
14030003	22	Volk	NOUN	NN					S		Nom	N
14030003	23	noch	CCONJ	KON								
14030003	24	nicht	PART	PTKNEG								
14030003	25	nach	ADP	APPR								
14030003	26	Jerusalem	PROPN	NE					S		Nom	N
14030003	27	versammeln	VERB	VVPP		Part						
14030003	28	sein	AUX	VAFIN		Fin	Past	3	S	Ind		
14030004	1	und	CCONJ	KON								
14030004	2	der	DET	ART					S		Nom	F
14030004	3	Sache	NOUN	NN					S		Nom	F
14030004	4	sein	AUX	VAFIN		Fin	Past	3	S	Ind		
14030004	5	Recht	NOUN	NN					S		Acc	N
14030004	6	in	ADP	APPR								
14030004	7	der	DET	ART					S		Acc	M
14030004	8	Auge	NOUN	NN					P		Nom	N
14030004	9	der	DET	ART					S		Gen	M
14030004	10	König	PROPN	NE					S		Nom	
14030004	11	und	CCONJ	KON								
14030004	12	in	ADP	APPR								
14030004	13	der	DET	ART					S		Acc	M
14030004	14	Auge	NOUN	NN					P		Nom	N
14030004	15	der	DET	ART					S		Nom	M
14030004	16	ganz	PRON	ADJA					S		Nom	M
14030004	17	Versammlung	NOUN	NN					S		Nom	F
14030005	1	und	CCONJ	KON								
14030005	2	sie	PRON	PPER				3	P		Nom	
14030005	3	setzen	VERB	VVFIN		Fin	Past	3	P	Ind		
14030005	4	fest	ADV	PTKVZ								
14030005	5	ein	DET	ART					S		Acc	M
14030005	6	Ruf	NOUN	NN					S		Nom	M
14030005	7	ergehen	VERB	VVINF		Inf						
14030005	8	zu	ADP	PTKVZ								
14030005	9	lassen	VERB	VVINF		Fin	Pres	3	P	Ind		
14030005	10	durch	ADP	APPR								
14030005	11	ganz	ADV	ADV								
14030005	12	Israel	PROPN	NE					S		Nom	N
14030005	13	von	ADP	APPR								
14030005	14	Beerseba	PROPN	NE					S		Nom	N
14030005	15	bis	CCONJ	KON								
14030005	16	Dan	PROPN	NE					S		Nom	M
14030005	17	daß	SCONJ	KOUS								
14030005	18	sie	PRON	PPER				3	P		Nom	
14030005	19	kommen	VERB	VVFIN		Fin	Past	3	P	Sub		
14030005	20	um	ADP	APPR								
14030005	21	Jahwe	NOUN	NN					S		Nom	M
14030005	22	der	DET	ART					S		Dat	M
14030005	23	Gott	NOUN	NN					S		Nom	M
14030005	24	Israel	PROPN	NE					S		Gen	N
14030005	25	Passah	NOUN	NN					P		Nom	N
14030005	26	zu	ADP	PTKVZ								
14030005	27	feiern	VERB	VVFIN		Fin	Pres	3	P	Ind		
14030005	28	in	ADP	APPR								
14030005	29	Jerusalem	PROPN	NE					S		Nom	N
14030005	30	denn	CCONJ	KON								
14030005	31	sie	PRON	PPER				3	P		Nom	
14030005	32	haben	AUX	VAFIN		Fin	Past	3	P	Ind		
14030005	33	es	PRON	PPER				3	S		Nom	N
14030005	34	lange	ADV	ADV								
14030005	35	Zeit	NOUN	NN					S		Nom	F
14030005	36	nicht	PART	PTKNEG								
14030005	37	feiern	VERB	VVPP		Part						
14030005	38	wie	ADP	KOKOM								
14030005	39	es	PRON	PPER				3	S		Nom	N
14030005	40	vorschreiben	VERB	VVPP		Part						
14030005	41	sein	AUX	VAFIN		Fin	Pres	3	S	Ind		
14030006	1	und	CCONJ	KON								
14030006	2	der	DET	ART					S		Nom	F
14030006	3	Läufer	NOUN	NN					P		Nom	M
14030006	4	gehen	VERB	VVFIN		Fin	Past	3	P	Ind		
14030006	5	mit	ADP	APPR								
14030006	6	der	DET	ART					S		Acc	M
14030006	7	Brief	NOUN	NN					P		Dat	M
14030006	8	von	ADP	APPR								
14030006	9	der	DET	ART					S		Nom	M
14030006	10	Hand	NOUN	NN					S		Nom	F
14030006	11	der	DET	ART					S		Gen	M
14030006	12	König	PROPN	NE					S		Nom	
14030006	13	und	CCONJ	KON								
14030006	14	sein	DET	PPOSAT					S		Dat	F
14030006	15	oberer	ADJ	ADJA	Sup				S		Dat	F
14030006	16	durch	ADP	APPR								
14030006	17	ganz	ADV	ADV								
14030006	18	Israel	PROPN	NE					S		Nom	N
14030006	19	und	CCONJ	KON								
14030006	20	Juda	PROPN	NE					S		Nom	M
14030006	21	und	CCONJ	KON								
14030006	22	nach	ADP	APPR								
14030006	23	der	DET	ART					S		Dat	M
14030006	24	Gebot	NOUN	NN					S		Nom	N
14030006	25	der	DET	ART					S		Gen	M
14030006	26	König	PROPN	NE					S		Nom	
14030006	27	und	CCONJ	KON								
14030006	28	sie	PRON	PPER				3	P		Nom	
14030006	29	sprechen	VERB	VVFIN		Fin	Past	3	P	Ind		
14030006	30	Kind	NOUN	NN					P		Nom	N
14030006	31	Israel	PROPN	NE					S		Nom	N
14030006	32	Kehret	PROPN	NE					S		Nom	M
14030006	33	um	ADP	APPR								
14030006	34	zu	ADP	PTKVZ								
14030006	35	Jahwe	NOUN	NN					S		Nom	M
14030006	36	der	DET	ART					S		Dat	M
14030006	37	Gott	NOUN	NN					S		Nom	M
14030006	38	Abraham	PROPN	NE					S		Gen	M
14030006	39	Isaaks	PROPN	NE					S		Nom	
14030006	40	und	CCONJ	KON								
14030006	41	Israel	PROPN	NE					S		Gen	N
14030006	42	so	ADV	ADV								
14030006	43	werden	AUX	VAFIN		Fin	Pres	3	S	Ind		
14030006	44	er	PRON	PPER				3	S		Nom	M
14030006	45	umkehren	VERB	VVINF		Inf						
14030006	46	zu	ADP	PTKVZ								
14030006	47	der	DET	ART					S		Acc	M
14030006	48	Entronnen	NOUN	NN					S		Nom	N
14030006	49	der	DET	ART					S		Nom	F
14030006	50	euch	PRON	PPER				2	P		Dat	
14030006	51	aus	ADP	PTKVZ								
14030006	52	der	DET	ART					S		Nom	M
14030006	53	Hand	NOUN	NN					S		Nom	F
14030006	54	der	DET	ART					S		Nom	M
14030006	55	König	NOUN	NN					P		Nom	M
14030006	56	von	ADP	APPR								
14030006	57	Assyr	PROPN	NE					S		Nom	N
14030006	58	übrigbleiben	VERB	VVPP		Part						
14030006	59	sein	AUX	VAFIN		Fin	Pres	3	P	Ind		
14030007	1	und	CCONJ	KON								
14030007	2	sein	AUX	VAFIN		Fin	Pres	2	P	Ind		
14030007	3	nicht	PART	PTKNEG								
14030007	4	wie	ADP	KOKOM								
14030007	5	eure	DET	PPOSAT					S		Nom	F
14030007	6	Vater	NOUN	NN					P		Nom	M
14030007	7	und	CCONJ	KON								
14030007	8	wie	ADP	KOKOM								
14030007	9	eure	DET	PPOSAT					S		Nom	F
14030007	10	Bruder	NOUN	NN					P		Nom	M
14030007	11	der	DET	ART					S		Nom	F
14030007	12	treulos	ADV	ADJD	Pos							
14030007	13	handeln	VERB	VVPP		Part						
14030007	14	haben	AUX	VAFIN		Fin	Pres	3	P	Ind		
14030007	15	gegen	ADP	APPR								
14030007	16	Jahwe	NOUN	NN					S		Nom	M
14030007	17	der	DET	ART					S		Acc	M
14030007	18	Gott	NOUN	NN					S		Nom	M
14030007	19	ihr	DET	PPOSAT					S		Dat	F
14030007	20	Vater	NOUN	NN					P		Nom	M
14030007	21	so	ADV	ADV								
14030007	22	daß	SCONJ	KOUS								
14030007	23	er	PRON	PPER				3	S		Nom	M
14030007	24	sie	PRON	PPER				3	P		Nom	
14030007	25	der	DET	ART					S		Nom	M
14030007	26	Verwüstung	NOUN	NN					S		Nom	F
14030007	27	hingeben	VERB	VVPP		Part						
14030007	28	haben	AUX	VAFIN		Fin	Pres	3	S	Ind		
14030007	29	wie	ADP	KOKOM								
14030007	30	ihr	PRON	PPOSAT				3	S		Dat	F
14030007	31	es	PRON	PPER				3	S		Nom	N
14030007	32	seheen	VERB	VVFIN		Fin	Pres	3	S	Ind		
14030008	1	nun	ADV	ADV								
14030008	2	verhärten	VERB	VVPP		Fin	Pres	3	S	Ind		
14030008	3	euren	DET	PPOSAT					S		Acc	M
14030008	4	Nacken	NOUN	NN					S		Nom	M
14030008	5	nicht	PART	PTKNEG								
14030008	6	wie	ADP	KOKOM								
14030008	7	eure	DET	PPOSAT					S		Nom	F
14030008	8	Vater	NOUN	NN					P		Nom	M
14030008	9	Gebet	VERB	VVPP		Part						
14030008	10	Jahwe	NOUN	NN					S		Nom	M
14030008	11	der	DET	ART					S		Nom	F
14030008	12	Hand	NOUN	NN					S		Nom	F
14030008	13	und	CCONJ	KON								
14030008	14	kommet	VERB	VVFIN		Fin	Pres	3	S	Sub		
14030008	15	zu	ADP	PTKVZ								
14030008	16	sein	DET	PPOSAT					S		Dat	M
14030008	17	Heiligtum	NOUN	NN					S		Nom	N
14030008	18	der	DET	ART					S		Nom	N
14030008	19	er	PRON	PPER				3	S		Nom	M
14030008	20	heiligen	VERB	VVPP		Part						
14030008	21	haben	AUX	VAFIN		Fin	Pres	3	S	Ind		
14030008	22	auf	ADP	PTKVZ								
14030008	23	ewig	ADV	ADJD	Pos							
14030008	24	und	CCONJ	KON								
14030008	25	dienen	VERB	VVFIN		Fin	Pres	3	S	Ind		
14030008	26	Jahwe	NOUN	NN					S		Nom	M
14030008	27	eurer	DET	PPOSAT					S		Dat	M
14030008	28	Gott	NOUN	NN					S		Nom	M
14030008	29	damit	ADV	PROAV								
14030008	30	der	DET	ART					S		Nom	F
14030008	31	Glut	NOUN	NN					S		Nom	F
14030008	32	sein	DET	PPOSAT					S		Gen	M
14030008	33	Zorn	NOUN	NN					S		Nom	N
14030008	34	sich	PRON	PRF				3	S		Acc	
14030008	35	von	ADP	APPR								
14030008	36	euch	PRON	PPER				2	P		Dat	
14030008	37	wenden	VERB	VVFIN		Fin	Pres	3	S	Sub		
14030009	1	denn	CCONJ	KON								
14030009	2	wenn	SCONJ	KOUS								
14030009	3	ihr	PRON	PPOSAT				3	S		Dat	F
14030009	4	zu	ADP	PTKVZ								
14030009	5	Jahwe	NOUN	NN					S		Nom	M
14030009	6	Umkehret	ADV	ADJD	Pos							
14030009	7	so	ADV	ADV								
14030009	8	werden	AUX	VAFIN		Fin	Pres	3	P	Ind		
14030009	9	eure	DET	PPOSAT					S		Nom	F
14030009	10	Bruder	NOUN	NN					P		Nom	M
14030009	11	und	CCONJ	KON								
14030009	12	eure	DET	PPOSAT					S		Nom	F
14030009	13	Kind	NOUN	NN					P		Nom	N
14030009	14	Barmherzigkeit	NOUN	NN					S		Nom	F
14030009	15	finden	VERB	VVINF		Fin	Pres	3	P	Ind		
14030009	16	vor	ADP	APPR								
14030009	17	der	PRON	PDS					P		Dat	
14030009	18	der	DET	ART					S		Nom	F
14030009	19	sie	PRON	PPER				3	P		Nom	
14030009	20	gefangen	VERB	VVPP		Part						
14030009	21	wegführen	VERB	VVPP		Part						
14030009	22	haben	AUX	VAFIN		Fin	Pres	3	P	Ind		
14030009	23	und	CCONJ	KON								
14030009	24	in	ADP	APPR								
14030009	25	dieser	DET	PDAT					S		Nom	N
14030009	26	Land	NOUN	NN					S		Nom	N
14030009	27	zurückkehren	VERB	VVINF		Inf						
14030009	28	denn	CCONJ	KON								
14030009	29	gnädig	ADV	ADJD	Pos							
14030009	30	und	CCONJ	KON								
14030009	31	barmherzig	ADV	ADJD	Pos							
14030009	32	sein	AUX	VAFIN		Fin	Pres	3	S	Ind		
14030009	33	Jahwe	NOUN	NN					S		Nom	M
14030009	34	euer	DET	PPOSAT					S		Nom	M
14030009	35	Gott	NOUN	NN					S		Nom	M
14030009	36	und	CCONJ	KON								
14030009	37	er	PRON	PPER				3	S		Nom	M
14030009	38	werden	AUX	VAFIN		Fin	Pres	3	S	Ind		
14030009	39	der	DET	ART					S		Nom	N
14030009	40	Angesicht	NOUN	NN					S		Nom	F
14030009	41	nicht	PART	PTKNEG								
14030009	42	von	ADP	APPR								
14030009	43	euch	PRON	PPER				2	P		Dat	
14030009	44	abwenden	VERB	VVINF		Inf						
14030009	45	wenn	SCONJ	KOUS								
14030009	46	ihr	PRON	PPOSAT				3	S		Dat	F
14030009	47	zu	ADP	PTKVZ								
14030009	48	ihm	PRON	PPER				3	S		Dat	M
14030009	49	Umkehret	ADV	ADJD	Pos							
14030010	1	und	CCONJ	KON								
14030010	2	der	DET	ART					S		Nom	F
14030010	3	Läufer	NOUN	NN					P		Nom	M
14030010	4	ziehen	VERB	VVFIN		Fin	Past	3	P	Ind		
14030010	5	von	ADP	APPR								
14030010	6	Stadt	NOUN	NN					S		Nom	F
14030010	7	zu	ADP	PTKVZ								
14030010	8	Stadt	NOUN	NN					S		Nom	F
14030010	9	durch	ADP	APPR								
14030010	10	der	DET	ART					S		Nom	N
14030010	11	Land	NOUN	NN					S		Nom	N
14030010	12	Ephraim	NOUN	NN					P		Nom	M
14030010	13	und	CCONJ	KON								
14030010	14	Manasse	PROPN	NE					S		Nom	
14030010	15	und	CCONJ	KON								
14030010	16	bis	CCONJ	KON								
14030010	17	nach	ADP	APPR								
14030010	18	Sebulon	PROPN	NE					S		Nom	M
14030010	19	aber	CCONJ	KON								
14030010	20	man	PRON	PIS					S		Nom	
14030010	21	verlacht	VERB	VVFIN		Fin	Past	3	S	Ind		
14030010	22	und	CCONJ	KON								
14030010	23	verspotten	VERB	VVFIN		Fin	Past	3	S	Ind		
14030010	24	sie	PRON	PPER				3	P		Nom	
14030011	1	doch	CCONJ	KON								
14030011	2	einiger	PRON	PIS					P		Nom	
14030011	3	Mann	NOUN	NN					P		Nom	M
14030011	4	von	ADP	APPR								
14030011	5	Aser	PROPN	NE					S		Nom	
14030011	6	und	CCONJ	KON								
14030011	7	Manasse	PROPN	NE					S		Nom	
14030011	8	und	CCONJ	KON								
14030011	9	von	ADP	APPR								
14030011	10	Sebulon	PROPN	NE					S		Nom	M
14030011	11	Demütigt	VERB	VVFIN		Fin	Past	3	P	Ind		
14030011	12	sich	PRON	PRF				3	S		Acc	
14030011	13	und	CCONJ	KON								
14030011	14	kommen	VERB	VVFIN		Fin	Past	3	P	Ind		
14030011	15	nach	ADP	APPR								
14030011	16	Jerusalem	PROPN	NE					S		Nom	N
14030012	1	auch	ADV	ADV								
14030012	2	über	ADP	APPR								
14030012	3	Juda	PROPN	NE					S		Nom	M
14030012	4	kommen	VERB	VVFIN		Fin	Past	3	S	Ind		
14030012	5	der	DET	ART					S		Nom	F
14030012	6	Hand	NOUN	NN					S		Nom	F
14030012	7	Gott	NOUN	NN					S		Gen	M
14030012	8	daß	SCONJ	KOUS								
14030012	9	er	PRON	PPER				3	S		Nom	M
14030012	10	ihnen	PRON	PPER				3	P		Dat	
14030012	11	ein	DET	ART					S		Nom	N
14030012	12	einmütig	ADJ	NE	Pos				S		Nom	N
14030012	13	Herz	NOUN	NN					S		Nom	N
14030012	14	geben	VERB	VVFIN		Fin	Past	3	S	Ind		
14030012	15	um	ADP	APPR								
14030012	16	der	DET	ART					S		Nom	N
14030012	17	Gebot	NOUN	NN					S		Nom	N
14030012	18	der	DET	ART					S		Gen	M
14030012	19	König	PROPN	NE					S		Nom	
14030012	20	und	CCONJ	KON								
14030012	21	der	DET	ART					S		Nom	M
14030012	22	oberer	ADJ	ADJA	Sup				S		Dat	F
14030012	23	zu	ADP	PTKVZ								
14030012	24	tun	VERB	VVINF		Inf						
14030012	25	nach	ADP	APPR								
14030012	26	der	DET	ART					S		Dat	M
14030012	27	Wort	NOUN	NN					P		Nom	N
14030012	28	Jahwe	PROPN	NE					S		Gen	
14030013	1	und	CCONJ	KON								
14030013	2	ein	DET	ART					S		Nom	F
14030013	3	Menge	NOUN	NN					S		Nom	F
14030013	4	Volk	NOUN	NN					P		Nom	N
14030013	5	versammeln	VERB	VVFIN		Fin	Past	3	S	Ind		
14030013	6	sich	PRON	PRF				3	S		Acc	
14030013	7	nach	ADP	APPR								
14030013	8	Jerusalem	PROPN	NE					S		Nom	N
14030013	9	um	ADP	APPR								
14030013	10	der	DET	ART					S		Nom	N
14030013	11	Fest	NOUN	NN					S		Nom	N
14030013	12	der	DET	ART					S		Nom	M
14030013	13	ungesäuert	ADJ	ADJA	Pos				S		Acc	M
14030013	14	Brot	NOUN	NN					P		Nom	N
14030013	15	in	ADP	APPRART					S		Dat	N
14030013	16	zweiter	ADJ	ADJA	Pos				S		Dat	M
14030013	17	Monat	NOUN	NN					S		Nom	M
14030013	18	zu	ADP	PTKVZ								
14030013	19	feiern	VERB	VVFIN		Fin	Pres	3	P	Ind		
14030013	20	ein	DET	ART					S		Nom	F
14030013	21	sehr	ADV	ADV								
14030013	22	groß	ADJ	ADJA	Pos				S		Nom	F
14030013	23	Versammlung	NOUN	NN					S		Nom	F
14030014	1	und	CCONJ	KON								
14030014	2	sie	PRON	PPER				3	P		Nom	
14030014	3	machen	VERB	VVFIN		Fin	Past	3	P	Ind		
14030014	4	sich	PRON	PRF				3	S		Acc	
14030014	5	auf	ADP	PTKVZ								
14030014	6	und	CCONJ	KON								
14030014	7	schaffen	VERB	VVFIN		Fin	Past	3	P	Ind		
14030014	8	der	DET	ART					S		Nom	F
14030014	9	Altär	NOUN	NN					P		Nom	M
14030014	10	Weg	ADV	PTKVZ								
14030014	11	der	DET	ART					S		Nom	F
14030014	12	in	ADP	APPR								
14030014	13	Jerusalem	PROPN	NE					S		Nom	N
14030014	14	sein	AUX	VAFIN		Fin	Past	3	P	Ind		
14030014	15	auch	ADV	ADV								
14030014	16	aller	PRON	PIS					P		Nom	
14030014	17	Räucheraltäre	NOUN	NN					S		Nom	F
14030014	18	schaffen	VERB	VVFIN		Fin	Past	3	P	Ind		
14030014	19	sie	PRON	PPER				3	P		Nom	
14030014	20	Weg	ADV	PTKVZ								
14030014	21	und	CCONJ	KON								
14030014	22	werfen	VERB	VVFIN		Fin	Past	3	P	Ind		
14030014	23	sie	PRON	PPER				3	P		Nom	
14030014	24	in	ADP	APPR								
14030014	25	der	DET	ART					S		Acc	M
14030014	26	Bach	PROPN	NE					S		Nom	
14030014	27	Kidron	PROPN	NE					S		Nom	
14030015	1	und	CCONJ	KON								
14030015	2	man	PRON	PIS					S		Nom	
14030015	3	schlachten	VERB	VVFIN		Fin	Past	3	S	Ind		
14030015	4	der	DET	ART					S		Nom	N
14030015	5	Passah	NOUN	NN					P		Nom	N
14030015	6	an	ADP	APPRART					S		Dat	M
14030015	7	Vierzehnte	NOUN	NN					P		Nom	F
14030015	8	der	DET	ART					S		Gen	M
14030015	9	zweiter	ADJ	ADJA	Pos				S		Dat	M
14030015	10	Monat	NOUN	NN					S		Nom	M
14030015	11	denn	CCONJ	KON								
14030015	12	der	DET	ART					S		Nom	F
14030015	13	Priester	NOUN	NN					P		Nom	M
14030015	14	und	CCONJ	KON								
14030015	15	der	DET	ART					S		Nom	F
14030015	16	Levit	NOUN	NN					P		Nom	M
14030015	17	haben	AUX	VAFIN		Fin	Past	3	P	Ind		
14030015	18	sich	PRON	PRF				3	S		Acc	
14030015	19	schämen	VERB	VVPP		Part						
14030015	20	und	CCONJ	KON								
14030015	21	haben	AUX	VAFIN		Fin	Past	3	P	Ind		
14030015	22	sich	PRON	PRF				3	S		Acc	
14030015	23	heiligen	VERB	VVPP		Part						
14030015	24	und	CCONJ	KON								
14030015	25	sie	PRON	PPER				3	P		Nom	
14030015	26	bringen	VERB	VVFIN		Fin	Past	3	P	Ind		
14030015	27	Brandopfer	NOUN	NN					S		Nom	M
14030015	28	in	ADP	APPR								
14030015	29	der	DET	ART					S		Nom	N
14030015	30	Haus	NOUN	NN					S		Nom	N
14030015	31	Jahwe	PROPN	NE					S		Gen	
14030016	1	und	CCONJ	KON								
14030016	2	sie	PRON	PPER				3	P		Nom	
14030016	3	stehen	VERB	VVFIN		Fin	Past	3	P	Ind		
14030016	4	an	ADP	PTKVZ								
14030016	5	ihr	DET	PPOSAT					S		Dat	N
14030016	6	Standort	NOUN	NN					P		Nom	M
14030016	7	nach	ADP	APPR								
14030016	8	ihr	DET	PPOSAT					S		Dat	F
14030016	9	Vorschrift	NOUN	NN					S		Nom	F
14030016	10	nach	ADP	APPR								
14030016	11	der	DET	ART					S		Dat	M
14030016	12	Gesetz	NOUN	NN					S		Nom	N
14030016	13	Moses	PROPN	NE					S		Nom	M
14030016	14	der	DET	ART					S		Gen	M
14030016	15	Mann	NOUN	NN					S		Gen	M
14030016	16	Gott	NOUN	NN					S		Gen	M
14030016	17	der	DET	ART					S		Nom	F
14030016	18	Priester	NOUN	NN					P		Nom	M
14030016	19	sprengen	VERB	VVFIN		Fin	Past	3	P	Ind		
14030016	20	der	DET	ART					S		Nom	N
14030016	21	Blut	NOUN	NN					S		Nom	N
14030016	22	aus	ADP	PTKVZ								
14030016	23	der	DET	ART					S		Nom	M
14030016	24	Hand	NOUN	NN					S		Nom	F
14030016	25	der	DET	ART					S		Nom	M
14030016	26	Levit	NOUN	NN					P		Nom	M
14030017	1	denn	CCONJ	KON								
14030017	2	es	PRON	PPER				3	S		Nom	N
14030017	3	sein	AUX	VAFIN		Fin	Past	3	P	Ind		
14030017	4	vieler	PRON	PIS					P		Nom	
14030017	5	in	ADP	APPR								
14030017	6	der	DET	ART					S		Nom	M
14030017	7	Versammlung	NOUN	NN					S		Nom	F
14030017	8	der	DET	ART					S		Nom	F
14030017	9	sich	PRON	PRF				3	S		Acc	
14030017	10	nicht	PART	PTKNEG								
14030017	11	heiligen	VERB	VVPP		Part						
14030017	12	haben	AUX	VAFIN		Fin	Past	3	P	Ind		
14030017	13	und	CCONJ	KON								
14030017	14	so	ADV	ADV								
14030017	15	besorgen	VERB	VVFIN		Fin	Past	3	P	Ind		
14030017	16	der	DET	ART					S		Nom	F
14030017	17	Levit	NOUN	NN					P		Nom	M
14030017	18	der	DET	ART					S		Nom	N
14030017	19	Schlacht	NOUN	NN					P		Nom	F
14030017	20	der	DET	ART					S		Nom	M
14030017	21	Passahopfer	NOUN	NN					S		Nom	M
14030017	22	für	ADP	APPR								
14030017	23	ein	DET	ART					S		Acc	M
14030017	24	jeder	DET	PIS					S		Acc	M
14030017	25	der	DET	ART					S		Nom	M
14030017	26	nicht	PART	PTKNEG								
14030017	27	rein	ADV	ADJD	Pos							
14030017	28	sein	AUX	VAFIN		Fin	Past	3	S	Ind		
14030017	29	um	ADP	APPR								
14030017	30	sie	PRON	PPER				3	P		Nom	
14030017	31	Jahwe	NOUN	NN					S		Nom	M
14030017	32	zu	ADP	PTKVZ								
14030017	33	heilig	ADJ	ADJA	Pos				S		Acc	M
14030018	1	denn	CCONJ	KON								
14030018	2	ein	DET	ART					S		Nom	N
14030018	3	groß	ADJ	ADJA	Pos				S		Nom	M
14030018	4	Teil	NOUN	NN					S		Nom	M
14030018	5	der	DET	ART					S		Gen	M
14030018	6	Volk	NOUN	NN					S		Gen	N
14030018	7	vieler	PRON	PIS					P		Nom	
14030018	8	von	ADP	APPR								
14030018	9	Ephraim	NOUN	NN					P		Nom	M
14030018	10	und	CCONJ	KON								
14030018	11	Manasse	PROPN	NE					S		Nom	
14030018	12	Issaschar	PROPN	NE					S		Nom	
14030018	13	und	CCONJ	KON								
14030018	14	Sebulon	PROPN	NE					S		Nom	M
14030018	15	haben	AUX	VAFIN		Fin	Past	3	P	Ind		
14030018	16	sich	PRON	PRF				3	S		Acc	
14030018	17	nicht	PART	PTKNEG								
14030018	18	reinigen	VERB	VVPP		Part						
14030018	19	sondern	CCONJ	KON								
14030018	20	aßen	VERB	VVFIN		Fin	Past	3	P	Ind		
14030018	21	der	DET	ART					S		Nom	N
14030018	22	Passah	NOUN	NN					P		Nom	N
14030018	23	nicht	PART	PTKNEG								
14030018	24	wie	ADP	KOKOM								
14030018	25	es	PRON	PPER				3	S		Nom	N
14030018	26	vorschreiben	VERB	VVPP		Part						
14030018	27	sein	AUX	VAFIN		Fin	Pres	3	S	Ind		
14030018	28	doch	CCONJ	KON								
14030018	29	Jehiskia	PROPN	NE					S		Nom	F
14030018	30	bitten	VERB	VVFIN		Fin	Past	3	S	Ind		
14030018	31	für	ADP	APPR								
14030018	32	sie	PRON	PPER				3	P		Nom	
14030018	33	und	CCONJ	KON								
14030018	34	sprechen	VERB	VVFIN		Fin	Past	3	S	Ind		
14030018	35	Jahwe	NOUN	NN					S		Nom	M
14030018	36	der	DET	ART					S		Nom	M
14030018	37	Gütig	NOUN	NN					P		Nom	N
14030018	38	mögen	AUX	VMFIN		Fin	Pres	3	S	Sub		
14030018	39	ein	DET	ART					S		Dat	M
14030018	40	jeder	DET	PIS					S		Acc	M
14030018	41	vergeben	VERB	VVPP		Part						
14030019	1	der	DET	ART					S		Nom	M
14030019	2	sein	AUX	VAINF		Inf						
14030019	3	Herz	NOUN	NN					S		Nom	N
14030019	4	darauf	ADV	PROAV								
14030019	5	richten	VERB	VVPP		Part						
14030019	6	haben	AUX	VAFIN		Fin	Pres	3	S	Ind		
14030019	7	Gott	NOUN	NN					S		Nom	M
14030019	8	zu	ADP	PTKVZ								
14030019	9	suchen	VERB	VVINF		Inf						
14030019	10	Jahwe	NOUN	NN					S		Nom	M
14030019	11	der	DET	ART					S		Acc	M
14030019	12	Gott	NOUN	NN					S		Nom	M
14030019	13	sein	DET	PPOSAT					S		Dat	F
14030019	14	Vater	NOUN	NN					P		Nom	M
14030019	15	wenn	SCONJ	KOUS								
14030019	16	auch	ADV	ADV								
14030019	17	nicht	PART	PTKNEG								
14030019	18	gemäß	ADV	ADJD	Pos							
14030019	19	der	DET	ART					S		Nom	M
14030019	20	Reinheit	NOUN	NN					S		Nom	F
14030019	21	der	DET	ART					S		Gen	M
14030019	22	Heiligtum	PROPN	NE					S		Gen	N
14030020	1	und	CCONJ	KON								
14030020	2	Jahwe	NOUN	NN					S		Nom	M
14030020	3	erhörn	VERB	VVFIN		Fin	Past	3	S	Ind		
14030020	4	Jehiskia	PROPN	NE					S		Nom	F
14030020	5	und	CCONJ	KON								
14030020	6	heilen	VERB	VVFIN		Fin	Past	3	S	Ind		
14030020	7	der	DET	ART					S		Nom	N
14030020	8	Volk	NOUN	NN					S		Nom	N
14030021	1	und	CCONJ	KON								
14030021	2	der	DET	ART					S		Nom	F
14030021	3	Kind	NOUN	NN					P		Nom	N
14030021	4	Israel	PROPN	NE					S		Nom	N
14030021	5	der	DET	ART					S		Nom	F
14030021	6	sich	PRON	PRF				3	S		Acc	
14030021	7	in	ADP	APPR								
14030021	8	Jerusalem	PROPN	NE					S		Nom	N
14030021	9	befinden	VERB	VVFIN		Fin	Past	3	P	Ind		
14030021	10	feiern	VERB	VVFIN		Fin	Past	3	P	Ind		
14030021	11	der	DET	ART					S		Nom	N
14030021	12	Fest	NOUN	NN					S		Nom	N
14030021	13	der	DET	ART					S		Nom	M
14030021	14	ungesäuert	ADJ	ADJA	Pos				S		Acc	M
14030021	15	Brot	NOUN	NN					P		Nom	N
14030021	16	sieben	NUM	CARD								
14030021	17	Tag	NOUN	NN					P		Nom	M
14030021	18	lang	ADV	ADJD	Pos							
14030021	19	mit	ADP	APPR								
14030021	20	groß	ADJ	ADJA	Pos				S		Nom	M
14030021	21	Freude	NOUN	NN					S		Nom	F
14030021	22	und	CCONJ	KON								
14030021	23	der	DET	ART					S		Nom	F
14030021	24	Levit	NOUN	NN					P		Nom	M
14030021	25	und	CCONJ	KON								
14030021	26	der	DET	ART					S		Nom	F
14030021	27	Priester	NOUN	NN					P		Nom	M
14030021	28	lobn	VERB	VVFIN		Fin	Past	3	P	Ind		
14030021	29	Jahwe	NOUN	NN					S		Nom	M
14030021	30	Tag	NOUN	NN					S		Nom	M
14030021	31	für	ADP	APPR								
14030021	32	Tag	NOUN	NN					S		Nom	M
14030021	33	mit	ADP	APPR								
14030021	34	der	DET	ART					S		Acc	M
14030021	35	Instrument	NOUN	NN					P		Dat	N
14030021	36	der	DET	ART					S		Gen	M
14030021	37	lobe	NOUN	NN					S		Nom	N
14030021	38	Jahwe	PROPN	NE					S		Gen	
14030022	1	und	CCONJ	KON								
14030022	2	Jehiskia	PROPN	NE					S		Nom	F
14030022	3	reden	VERB	VVFIN		Fin	Past	3	S	Ind		
14030022	4	zu	ADP	APPRART					S		Dat	N
14030022	5	Herz	NOUN	NN					S		Nom	N
14030022	6	aller	DET	PIAT					P		Gen	
14030022	7	Levit	NOUN	NN					P		Nom	M
14030022	8	welcher	DET	PWAT					S		Nom	F
14030022	9	gut	ADJ	ADJA	Pos				S		Nom	F
14030022	10	Einsicht	NOUN	NN					S		Nom	F
14030022	11	in	ADP	APPR								
14030022	12	Bezug	NOUN	NN					S		Acc	M
14030022	13	auf	ADP	PTKVZ								
14030022	14	Jahwe	NOUN	NN					S		Nom	M
14030022	15	beweisen	VERB	VVPP		Part						
14030022	16	und	CCONJ	KON								
14030022	17	sie	PRON	PPER				3	P		Nom	
14030022	18	aßen	VERB	VVFIN		Fin	Past	3	P	Ind		
14030022	19	der	DET	ART					S		Nom	N
14030022	20	Festopfer	NOUN	NN					P		Nom	M
14030022	21	der	DET	ART					S		Nom	F
14030022	22	sieben	NUM	CARD								
14030022	23	Tag	NOUN	NN					P		Nom	M
14030022	24	Hindurch	ADV	PROAV								
14030022	25	indem	SCONJ	KOUS								
14030022	26	sie	PRON	PPER				3	P		Nom	
14030022	27	Friedensopfer	NOUN	NN					P		Nom	M
14030022	28	opfern	VERB	VVFIN		Fin	Past	3	P	Ind		
14030022	29	und	CCONJ	KON								
14030022	30	Jahwe	NOUN	NN					S		Nom	M
14030022	31	der	DET	ART					S		Acc	M
14030022	32	Gott	NOUN	NN					S		Nom	M
14030022	33	ihr	DET	PPOSAT					S		Dat	F
14030022	34	Vater	NOUN	NN					P		Nom	M
14030022	35	Priese	VERB	NN		Fin	Past	3	P	Ind		
14030023	1	und	CCONJ	KON								
14030023	2	der	DET	ART					S		Nom	F
14030023	3	ganz	ADJ	ADJA	Pos				S		Nom	F
14030023	4	Versammlung	NOUN	NN					S		Nom	F
14030023	5	werden	AUX	VAFIN		Fin	Past	3	S	Ind		
14030023	6	Rat	NOUN	NN					S		Gen	M
14030023	7	noch	CCONJ	KON								
14030023	8	sieben	NUM	CARD								
14030023	9	anderer	PRON	PIS					P		Nom	
14030023	10	Tag	NOUN	NN					P		Nom	M
14030023	11	zu	ADP	PTKVZ								
14030023	12	feiern	VERB	VVFIN		Fin	Pres	3	P	Ind		
14030023	13	und	CCONJ	KON								
14030023	14	sie	PRON	PPER				3	P		Nom	
14030023	15	feiern	VERB	VVFIN		Fin	Past	3	P	Ind		
14030023	16	der	DET	ART					S		Nom	F
14030023	17	sieben	NUM	CARD								
14030023	18	Tag	NOUN	NN					P		Nom	M
14030023	19	mit	ADP	APPR								
14030023	20	Freude	NOUN	NN					P		Nom	F
14030024	1	denn	CCONJ	KON								
14030024	2	Jehiskia	PROPN	NE					S		Nom	F
14030024	3	der	DET	ART					S		Nom	M
14030024	4	König	NOUN	NN					S		Nom	M
14030024	5	von	ADP	APPR								
14030024	6	Juda	PROPN	NE					S		Nom	M
14030024	7	schenken	VERB	VVFIN		Fin	Past	3	S	Ind		
14030024	8	der	DET	ART					S		Nom	M
14030024	9	Versammlung	NOUN	NN					S		Nom	F
14030024	10	1000	NUM	CARD								
14030024	11	Farr	NOUN	NN					P		Nom	M
14030024	12	und	CCONJ	KON								
14030024	13	7000	NUM	CARD								
14030024	14	Stück	NOUN	NN					S		Nom	N
14030024	15	Kleinvieh	NOUN	NN					S		Nom	N
14030024	16	und	CCONJ	KON								
14030024	17	der	DET	ART					S		Nom	F
14030024	18	oberer	ADJ	ADJA	Sup				S		Dat	F
14030024	19	schenken	VERB	VVFIN		Fin	Past	3	P	Ind		
14030024	20	der	DET	ART					S		Nom	M
14030024	21	Versammlung	NOUN	NN					S		Nom	F
14030024	22	1000	NUM	CARD								
14030024	23	Farr	NOUN	NN					P		Nom	M
14030024	24	und	CCONJ	KON								
14030024	25	10000	NUM	CARD								
14030024	26	Stück	NOUN	NN					S		Nom	N
14030024	27	Kleinvieh	NOUN	NN					S		Nom	N
14030024	28	und	CCONJ	KON								
14030024	29	der	DET	ART					S		Nom	F
14030024	30	Priester	NOUN	NN					P		Nom	M
14030024	31	haben	AUX	VAFIN		Fin	Past	3	P	Ind		
14030024	32	sich	PRON	PRF				3	S		Acc	
14030024	33	in	ADP	APPR								
14030024	34	Menge	NOUN	NN					S		Nom	F
14030024	35	heiligen	VERB	VVPP		Part						
14030025	1	und	CCONJ	KON								
14030025	2	so	ADV	ADV								
14030025	3	freuen	VERB	VVFIN		Fin	Past	3	S	Ind		
14030025	4	sich	PRON	PRF				3	S		Acc	
14030025	5	der	DET	ART					S		Nom	F
14030025	6	ganz	ADJ	ADJA	Pos				S		Nom	F
14030025	7	Versammlung	NOUN	NN					S		Nom	F
14030025	8	von	ADP	APPR								
14030025	9	Juda	PROPN	NE					S		Nom	M
14030025	10	und	CCONJ	KON								
14030025	11	der	DET	ART					S		Nom	F
14030025	12	Priester	NOUN	NN					P		Nom	M
14030025	13	und	CCONJ	KON								
14030025	14	der	DET	ART					S		Nom	F
14030025	15	Levit	NOUN	NN					P		Nom	M
14030025	16	und	CCONJ	KON								
14030025	17	der	DET	ART					S		Nom	F
14030025	18	ganz	ADJ	ADJA	Pos				S		Nom	F
14030025	19	Versammlung	NOUN	NN					S		Nom	F
14030025	20	welcher	DET	PWAT					S		Nom	F
14030025	21	von	ADP	APPR								
14030025	22	Israel	PROPN	NE					S		Nom	N
14030025	23	kommen	VERB	VVPP		Part						
14030025	24	sein	AUX	VAFIN		Fin	Past	3	S	Ind		
14030025	25	und	CCONJ	KON								
14030025	26	der	DET	ART					S		Nom	F
14030025	27	Fremdling	NOUN	NN					P		Nom	M
14030025	28	welcher	DET	PWAT					S		Nom	F
14030025	29	aus	ADP	PTKVZ								
14030025	30	der	DET	ART					S		Dat	M
14030025	31	Land	NOUN	NN					P		Nom	N
14030025	32	Israel	PROPN	NE					S		Nom	N
14030025	33	kommen	VERB	VVPP		Part						
14030025	34	sein	AUX	VAFIN		Fin	Past	3	P	Ind		
14030025	35	und	CCONJ	KON								
14030025	36	der	DET	ART					S		Nom	F
14030025	37	in	ADP	APPR								
14030025	38	Juda	PROPN	NE					S		Nom	M
14030025	39	wohnen	VERB	VVFIN		Fin	Past	3	P	Ind		
14030026	1	und	CCONJ	KON								
14030026	2	es	PRON	PPER				3	S		Nom	N
14030026	3	sein	AUX	VAFIN		Fin	Past	3	S	Ind		
14030026	4	groß	ADJ	ADJA	Pos				S		Nom	F
14030026	5	Freude	NOUN	NN					S		Nom	F
14030026	6	in	ADP	APPR								
14030026	7	Jerusalem	PROPN	NE					S		Nom	N
14030026	8	denn	CCONJ	KON								
14030026	9	seit	ADP	APPR								
14030026	10	der	DET	ART					S		Acc	M
14030026	11	Tag	NOUN	NN					P		Dat	M
14030026	12	Salomos	PROPN	NE					S		Nom	
14030026	13	der	DET	ART					S		Gen	M
14030026	14	Sohn	PROPN	NE					S		Gen	M
14030026	15	David	PROPN	NE					S		Gen	M
14030026	16	der	DET	ART					S		Gen	M
14030026	17	König	PROPN	NE					S		Nom	
14030026	18	von	ADP	APPR								
14030026	19	Israel	PROPN	NE					S		Nom	N
14030026	20	sein	AUX	VAFIN		Fin	Past	3	S	Ind		
14030026	21	desgleichen	ADV	PROAV								
14030026	22	in	ADP	APPR								
14030026	23	Jerusalem	PROPN	NE					S		Nom	N
14030026	24	nicht	PART	PTKNEG								
14030026	25	sein	AUX	VAPP		Part						
14030027	1	und	CCONJ	KON								
14030027	2	der	DET	ART					S		Nom	F
14030027	3	Priester	NOUN	NN					P		Nom	M
14030027	4	der	DET	ART					S		Nom	F
14030027	5	Levit	NOUN	NN					P		Nom	M
14030027	6	stehen	VERB	VVFIN		Fin	Past	3	P	Ind		
14030027	7	auf	ADP	PTKVZ								
14030027	8	und	CCONJ	KON								
14030027	9	segneen	VERB	VVFIN		Fin	Past	3	P	Ind		
14030027	10	der	DET	ART					S		Nom	N
14030027	11	Volk	NOUN	NN					S		Nom	N
14030027	12	und	CCONJ	KON								
14030027	13	ihr	DET	PPOSAT					S		Nom	F
14030027	14	Stimme	NOUN	NN					S		Nom	F
14030027	15	werden	AUX	VAFIN		Fin	Past	3	S	Ind		
14030027	16	erhören	VERB	VVPP		Fin	Pres	3	S	Ind		
14030027	17	und	CCONJ	KON								
14030027	18	ihr	PRON	PPOSAT				3	S		Dat	F
14030027	19	Gebet	NOUN	NN					S		Nom	N
14030027	20	kommen	VERB	VVFIN		Fin	Past	3	S	Ind		
14030027	21	zu	ADP	PTKVZ								
14030027	22	sein	DET	PPOSAT					S		Dat	F
14030027	23	heilig	ADJ	ADJA	Pos				S		Acc	M
14030027	24	Wohnung	NOUN	NN					S		Nom	F
14030027	25	in	ADP	APPR								
14030027	26	der	DET	ART					S		Acc	M
14030027	27	Himmel	NOUN	NN					S		Nom	M
14031001	1	und	CCONJ	KON								
14031001	2	als	ADP	KOKOM								
14031001	3	sie	PRON	PPER				3	P		Nom	
14031001	4	dieser	PRON	PDS					S		Nom	N
14031001	5	alle	PRON	PIS					S		Nom	N
14031001	6	vollenden	VERB	VVPP		Part						
14031001	7	haben	AUX	VAFIN		Fin	Past	3	P	Ind		
14031001	8	ziehen	VERB	VVFIN		Fin	Past	3	P	Ind		
14031001	9	aller	PRON	PIS					P		Nom	
14031001	10	Israelit	NOUN	NN					P		Nom	M
14031001	11	der	DET	ART					S		Nom	F
14031001	12	sich	PRON	PRF				3	S		Acc	
14031001	13	daselbst	ADV	PROAV								
14031001	14	befinden	VERB	VVFIN		Fin	Past	3	P	Ind		
14031001	15	hinaus	ADP	APZR								
14031001	16	zu	ADP	PTKVZ								
14031001	17	der	DET	ART					S		Acc	M
14031001	18	Stadt	NOUN	NN					P		Nom	F
14031001	19	Judas	PROPN	NE					S		Nom	M
14031001	20	und	CCONJ	KON								
14031001	21	sie	PRON	PPER				3	P		Nom	
14031001	22	zerschlugen	VERB	VVFIN		Fin	Past	3	P	Ind		
14031001	23	der	DET	ART					S		Nom	F
14031001	24	Bildsäule	NOUN	NN					P		Acc	F
14031001	25	und	CCONJ	KON								
14031001	26	hieben	VERB	VVINF		Inf						
14031001	27	der	DET	ART					S		Nom	F
14031001	28	ascherim	PROPN	NE					S		Nom	M
14031001	29	um	ADP	APPR								
14031001	30	und	CCONJ	KON								
14031001	31	rissen	VERB	VVFIN		Fin	Past	3	P	Ind		
14031001	32	der	DET	ART					S		Nom	F
14031001	33	Höhe	NOUN	NN					P		Nom	F
14031001	34	und	CCONJ	KON								
14031001	35	der	DET	ART					S		Nom	F
14031001	36	Altär	NOUN	NN					P		Nom	M
14031001	37	nieder	ADV	PTKVZ								
14031001	38	in	ADP	APPR								
14031001	39	ganz	ADV	ADV								
14031001	40	Juda	PROPN	NE					S		Nom	M
14031001	41	und	CCONJ	KON								
14031001	42	Benjamin	PROPN	NE					S		Nom	M
14031001	43	und	CCONJ	KON								
14031001	44	in	ADP	APPR								
14031001	45	Ephraim	NOUN	NN					P		Nom	M
14031001	46	und	CCONJ	KON								
14031001	47	Manasse	PROPN	NE					S		Nom	
14031001	48	bis	CCONJ	KON								
14031001	49	sie	PRON	PPER				3	P		Nom	
14031001	50	damit	ADV	PROAV								
14031001	51	fertig	ADV	ADJD	Pos							
14031001	52	sein	AUX	VAFIN		Fin	Past	3	P	Ind		
14031001	53	und	CCONJ	KON								
14031001	54	aller	PRON	PIS					P		Nom	
14031001	55	Kind	NOUN	NN					P		Nom	N
14031001	56	Israel	PROPN	NE					S		Nom	N
14031001	57	kehren	VERB	VVFIN		Fin	Past	3	P	Ind		
14031001	58	in	ADP	APPR								
14031001	59	ihr	DET	PPOSAT					S		Nom	F
14031001	60	Stadt	NOUN	NN					P		Nom	F
14031001	61	zurück	ADV	PTKVZ								
14031001	62	ein	DET	ART					S		Nom	N
14031001	63	jeder	PRON	PIS					S		Nom	M
14031001	64	zu	ADP	PTKVZ								
14031001	65	sein	DET	PPOSAT					S		Dat	M
14031001	66	Besitztum	NOUN	NN					S		Nom	N
14031002	1	und	CCONJ	KON								
14031002	2	Jehiskia	PROPN	NE					S		Nom	F
14031002	3	bestellen	VERB	VVFIN		Fin	Past	3	S	Ind		
14031002	4	der	DET	ART					S		Nom	F
14031002	5	Abteilung	NOUN	NN					P		Nom	F
14031002	6	der	DET	ART					S		Nom	M
14031002	7	Priester	NOUN	NN					P		Nom	M
14031002	8	und	CCONJ	KON								
14031002	9	der	DET	ART					S		Nom	M
14031002	10	Levit	NOUN	NN					P		Nom	M
14031002	11	nach	ADP	APPR								
14031002	12	ihr	DET	PPOSAT					S		Acc	M
14031002	13	Abteilung	NOUN	NN					P		Nom	F
14031002	14	ein	DET	ART					S		Acc	M
14031002	15	jeder	DET	PIS					S		Acc	M
14031002	16	sein	DET	PPOSAT					S		Dat	M
14031002	17	Dienst	NOUN	NN					P		Nom	M
14031002	18	gemäß	ADV	ADJD	Pos							
14031002	19	sowohl	CCONJ	KON								
14031002	20	der	DET	ART					S		Nom	F
14031002	21	Priester	NOUN	NN					P		Nom	M
14031002	22	als	ADP	KOKOM								
14031002	23	auch	ADV	ADV								
14031002	24	der	DET	ART					S		Nom	F
14031002	25	Levit	NOUN	NN					P		Nom	M
14031002	26	zu	ADP	PTKVZ								
14031002	27	Brandopfern	NOUN	NN					S		Nom	N
14031002	28	und	CCONJ	KON								
14031002	29	zu	ADP	PTKVZ								
14031002	30	Friedensopfer	NOUN	NN					P		Nom	F
14031002	31	zu	ADP	APPRART					S		Dat	N
14031002	32	dienen	VERB	VVINF		Inf						
14031002	33	und	CCONJ	KON								
14031002	34	zu	ADP	APPRART					S		Dat	N
14031002	35	Preis	NOUN	NN					P		Dat	M
14031002	36	und	CCONJ	KON								
14031002	37	zu	ADP	APPRART					S		Dat	N
14031002	38	loben	NOUN	NN					S		Nom	N
14031002	39	in	ADP	APPR								
14031002	40	der	DET	ART					S		Acc	M
14031002	41	Tor	NOUN	NN					P		Dat	N
14031002	42	der	DET	ART					S		Nom	M
14031002	43	Lager	NOUN	NN					S		Nom	N
14031002	44	Jahwe	PROPN	NE					S		Gen	
14031003	1	und	CCONJ	KON								
14031003	2	er	PRON	PPER				3	S		Nom	M
14031003	3	geben	VERB	VVFIN		Fin	Past	3	S	Ind		
14031003	4	der	DET	ART					S		Nom	N
14031003	5	Teil	NOUN	NN					S		Nom	M
14031003	6	der	DET	ART					S		Gen	M
14031003	7	König	PROPN	NE					S		Nom	
14031003	8	von	ADP	APPR								
14031003	9	sein	DET	PPOSAT					S		Dat	F
14031003	10	Habe	AUX	VAFIN		Fin	Pres	3	S	Sub		
14031003	11	zu	ADP	PTKVZ								
14031003	12	der	DET	ART					S		Acc	M
14031003	13	Brandopfern	NOUN	NN					S		Nom	N
14031003	14	zu	ADP	PTKVZ								
14031003	15	der	DET	ART					S		Acc	M
14031003	16	Morgen	ADV	NN								
14031003	17	und	CCONJ	KON								
14031003	18	Abendbrandopfer	NOUN	NN					P		Nom	F
14031003	19	und	CCONJ	KON								
14031003	20	zu	ADP	PTKVZ								
14031003	21	der	DET	ART					S		Acc	M
14031003	22	Brandopfern	NOUN	NN					S		Nom	N
14031003	23	der	DET	ART					S		Nom	M
14031003	24	Sabbathe	NOUN	NE					P		Nom	M
14031003	25	und	CCONJ	KON								
14031003	26	der	DET	ART					S		Nom	M
14031003	27	Neumonde	NOUN	NN					S		Nom	F
14031003	28	und	CCONJ	KON								
14031003	29	der	DET	ART					S		Nom	M
14031003	30	Fest	NOUN	NN					P		Nom	N
14031003	31	wie	ADP	KOKOM								
14031003	32	es	PRON	PPER				3	S		Nom	N
14031003	33	in	ADP	APPRART					S		Dat	N
14031003	34	Gesetz	NOUN	NN					S		Nom	N
14031003	35	Jahwe	PROPN	NE					S		Gen	
14031003	36	vorschreiben	VERB	VVPP		Part						
14031003	37	sein	AUX	VAFIN		Fin	Pres	3	S	Ind		
14031004	1	und	CCONJ	KON								
14031004	2	er	PRON	PPER				3	S		Nom	M
14031004	3	befehlen	VERB	VVFIN		Fin	Past	3	S	Ind		
14031004	4	der	DET	ART					S		Dat	M
14031004	5	Volke	NOUN	NN					S		Nom	M
14031004	6	der	DET	ART					S		Acc	M
14031004	7	Bewohner	NOUN	NN					P		Dat	M
14031004	8	von	ADP	APPR								
14031004	9	Jerusalem	PROPN	NE					S		Nom	N
14031004	10	der	DET	ART					S		Nom	N
14031004	11	Teil	NOUN	NN					S		Nom	M
14031004	12	der	DET	ART					S		Nom	M
14031004	13	Priester	NOUN	NN					P		Nom	M
14031004	14	und	CCONJ	KON								
14031004	15	der	DET	ART					S		Nom	M
14031004	16	Levit	NOUN	NN					P		Nom	M
14031004	17	zu	ADP	PTKVZ								
14031004	18	geben	VERB	VVINF		Inf						
14031004	19	damit	ADV	PROAV								
14031004	20	sie	PRON	PPER				3	P		Nom	
14031004	21	an	ADP	APPRART					S		Dat	M
14031004	22	Gesetz	NOUN	NN					S		Nom	N
14031004	23	Jahwe	PROPN	NE					S		Gen	
14031004	24	festhalten	VERB	VVFIN		Fin	Pres	3	P	Ind		
14031004	25	möchten	AUX	VMFIN		Fin	Pres	3	P	Ind		
14031005	1	und	CCONJ	KON								
14031005	2	als	ADP	KOKOM								
14031005	3	der	DET	ART					S		Nom	N
14031005	4	Wort	NOUN	NN					S		Nom	N
14031005	5	kund	ADV	PTKVZ								
14031005	6	werden	AUX	VAFIN		Fin	Past	3	S	Ind		
14031005	7	bringen	VERB	VVFIN		Fin	Past	3	P	Ind		
14031005	8	der	DET	ART					S		Nom	F
14031005	9	Kind	NOUN	NN					P		Nom	N
14031005	10	Israel	PROPN	NE					S		Nom	N
14031005	11	reichlich	ADV	ADJD	Pos							
14031005	12	Erstling	NOUN	NN					P		Nom	M
14031005	13	von	ADP	APPRART					S		Dat	N
14031005	14	Getreide	NOUN	NN					S		Nom	N
14031005	15	Most	NOUN	FM					S		Nom	M
14031005	16	und	CCONJ	KON								
14031005	17	Öl	NOUN	NN					S		Nom	N
14031005	18	und	CCONJ	KON								
14031005	19	Honig	NOUN	NN					S		Nom	M
14031005	20	und	CCONJ	KON								
14031005	21	von	ADP	APPR								
14031005	22	alle	PRON	PIS					S		Dat	N
14031005	23	Ertrage	NOUN	NN					S		Nom	F
14031005	24	der	DET	ART					S		Gen	M
14031005	25	Felde	NOUN	NE					S		Nom	N
14031005	26	und	CCONJ	KON								
14031005	27	der	DET	ART					S		Acc	M
14031005	28	zehnten	NOUN	NN					S		Acc	M
14031005	29	von	ADP	APPR								
14031005	30	alle	PRON	PIS					S		Dat	N
14031005	31	bringen	VERB	VVFIN		Fin	Past	3	P	Ind		
14031005	32	sie	PRON	PPER				3	P		Nom	
14031005	33	in	ADP	APPR								
14031005	34	Menge	NOUN	NN					S		Nom	F
14031006	1	und	CCONJ	KON								
14031006	2	der	DET	ART					S		Nom	F
14031006	3	Kind	NOUN	NN					P		Nom	N
14031006	4	Israel	PROPN	NE					S		Nom	N
14031006	5	und	CCONJ	KON								
14031006	6	Juda	PROPN	NE					S		Nom	M
14031006	7	der	DET	ART					S		Nom	F
14031006	8	in	ADP	APPR								
14031006	9	der	DET	ART					S		Acc	M
14031006	10	Stadt	NOUN	NN					P		Nom	F
14031006	11	Judas	PROPN	NE					S		Nom	M
14031006	12	wohnen	VERB	VVFIN		Fin	Past	3	P	Ind		
14031006	13	auch	ADV	ADV								
14031006	14	sie	PRON	PPER				3	P		Nom	
14031006	15	bringen	VERB	VVFIN		Fin	Past	3	P	Ind		
14031006	16	der	DET	ART					S		Acc	M
14031006	17	zehnten	NOUN	NN					S		Acc	M
14031006	18	von	ADP	APPRART					S		Dat	N
14031006	19	Rind	NOUN	NN					S		Nom	N
14031006	20	und	CCONJ	KON								
14031006	21	Kleinvieh	NOUN	NN					S		Nom	N
14031006	22	und	CCONJ	KON								
14031006	23	der	DET	ART					S		Acc	M
14031006	24	zehnten	NOUN	NN					S		Acc	M
14031006	25	von	ADP	APPR								
14031006	26	der	DET	ART					S		Acc	M
14031006	27	geheiligt	ADJ	ADJA	Pos				S		Acc	M
14031006	28	Ding	NOUN	NN					P		Dat	N
14031006	29	der	DET	ART					S		Nom	F
14031006	30	Jahwe	NOUN	NN					S		Nom	M
14031006	31	ihr	DET	PPOSAT					S		Dat	N
14031006	32	Gott	NOUN	NN					S		Nom	M
14031006	33	heiligen	VERB	VVPP		Part						
14031006	34	sein	AUX	VAFIN		Fin	Past	3	P	Ind		
14031006	35	und	CCONJ	KON								
14031006	36	sie	PRON	PPER				3	P		Nom	
14031006	37	legen	VERB	VVFIN		Fin	Past	3	P	Ind		
14031006	38	Haufen	NOUN	NN					S		Nom	M
14031006	39	bei	ADP	APPR								
14031006	40	Haufen	NOUN	NN					S		Nom	M
14031007	1	in	ADP	APPRART					S		Dat	M
14031007	2	dritter	ADJ	ADJA	Pos				S		Acc	M
14031007	3	Monat	NOUN	NN					S		Nom	M
14031007	4	fangen	VERB	VVFIN		Fin	Past	3	P	Ind		
14031007	5	sie	PRON	PPER				3	P		Nom	
14031007	6	an	ADP	PTKVZ								
14031007	7	der	DET	ART					S		Nom	F
14031007	8	Haufen	NOUN	NN					S		Nom	M
14031007	9	aufschichten	VERB	VVIZU		Inf						
14031007	10	und	CCONJ	KON								
14031007	11	in	ADP	APPRART					S		Dat	N
14031007	12	siebter	ADJ	ADJA	Pos				S		Acc	M
14031007	13	Monat	NOUN	NN					S		Nom	M
14031007	14	sein	AUX	VAFIN		Fin	Past	3	P	Ind		
14031007	15	sie	PRON	PPER				3	P		Nom	
14031007	16	damit	ADV	PROAV								
14031007	17	fertig	ADV	ADJD	Pos							
14031008	1	und	CCONJ	KON								
14031008	2	Jehiskia	PROPN	NE					S		Nom	F
14031008	3	und	CCONJ	KON								
14031008	4	der	DET	ART					S		Nom	F
14031008	5	oberer	ADJ	ADJA	Sup				S		Dat	F
14031008	6	kommen	VERB	VVFIN		Fin	Past	3	P	Ind		
14031008	7	und	CCONJ	KON								
14031008	8	besichtign	VERB	VVFIN		Fin	Past	3	P	Ind		
14031008	9	der	DET	ART					S		Nom	F
14031008	10	Haufen	NOUN	NN					S		Nom	M
14031008	11	und	CCONJ	KON								
14031008	12	sie	PRON	PPER				3	P		Nom	
14031008	13	Priese	VERB	NN		Fin	Past	3	P	Ind		
14031008	14	Jahwe	NOUN	NN					S		Nom	M
14031008	15	und	CCONJ	KON								
14031008	16	sein	AUX	VAINF		Inf						
14031008	17	Volk	NOUN	NN					S		Nom	N
14031008	18	Israel	PROPN	NE					S		Nom	N
14031009	1	und	CCONJ	KON								
14031009	2	Jehiskia	PROPN	NE					S		Nom	F
14031009	3	befragen	VERB	VVFIN		Fin	Past	3	S	Ind		
14031009	4	der	DET	ART					S		Nom	F
14031009	5	Priester	NOUN	NN					P		Nom	M
14031009	6	und	CCONJ	KON								
14031009	7	der	DET	ART					S		Nom	F
14031009	8	Levit	NOUN	NN					P		Nom	M
14031009	9	wegen	ADP	APPR								
14031009	10	der	DET	ART					S		Nom	M
14031009	11	Haufen	NOUN	NN					S		Nom	M
14031010	1	da	SCONJ	KOUS								
14031010	2	sprechen	VERB	VVFIN		Fin	Past	3	S	Ind		
14031010	3	Asarja	PROPN	NE					S		Nom	
14031010	4	der	DET	ART					S		Nom	M
14031010	5	Hauptpriester	NOUN	NN					S		Acc	M
14031010	6	von	ADP	APPRART					S		Dat	N
14031010	7	Haus	NOUN	NN					P		Nom	N
14031010	8	Zadok	NOUN	NE					P		Nom	M
14031010	9	zu	ADP	PTKVZ								
14031010	10	ihm	PRON	PPER				3	S		Dat	M
14031010	11	und	CCONJ	KON								
14031010	12	sagen	VERB	VVFIN		Fin	Past	3	S	Ind		
14031010	13	seitdem	ADV	PROAV								
14031010	14	man	PRON	PIS					S		Nom	
14031010	15	anfangen	VERB	VVPP		Part						
14031010	16	haben	AUX	VAFIN		Fin	Pres	3	S	Ind		
14031010	17	der	DET	ART					S		Nom	N
14031010	18	Hebopfer	NOUN	NN					S		Nom	M
14031010	19	in	ADP	APPR								
14031010	20	der	DET	ART					S		Nom	N
14031010	21	Haus	NOUN	NN					S		Nom	N
14031010	22	Jahwe	PROPN	NE					S		Gen	
14031010	23	zu	ADP	PTKVZ								
14031010	24	bringen	VERB	VVINF		Inf						
14031010	25	haben	AUX	VAFIN		Fin	Pres	3	P	Ind		
14031010	26	wir	PRON	PPER				1	P		Nom	
14031010	27	gegessen	VERB	VVPP		Part						
14031010	28	und	CCONJ	KON								
14031010	29	sein	AUX	VAFIN		Fin	Pres	3	P	Ind		
14031010	30	satt	ADV	ADJD	Pos							
14031010	31	werden	AUX	VAPP		Part						
14031010	32	und	CCONJ	KON								
14031010	33	haben	AUX	VAFIN		Fin	Pres	3	P	Ind		
14031010	34	übriggelassen	VERB	VVPP		Part						
14031010	35	in	ADP	APPR								
14031010	36	Menge	NOUN	NN					S		Nom	F
14031010	37	denn	CCONJ	KON								
14031010	38	Jahwe	NOUN	NN					S		Nom	M
14031010	39	haben	AUX	VAFIN		Fin	Pres	3	S	Ind		
14031010	40	sein	AUX	VAINF		Inf						
14031010	41	Volk	NOUN	NN					S		Nom	N
14031010	42	segnen	VERB	VVPP		Part						
14031010	43	und	CCONJ	KON								
14031010	44	der	DET	ART					S		Nom	N
14031010	45	Übriggebliebene	NOUN	NN					S		Nom	F
14031010	46	sein	AUX	VAFIN		Fin	Pres	3	S	Ind		
14031010	47	dieser	DET	PDAT					S		Nom	F
14031010	48	groß	ADJ	ADJA	Pos				S		Nom	F
14031010	49	Menge	NOUN	NN					S		Nom	F
14031011	1	und	CCONJ	KON								
14031011	2	Jehiskia	PROPN	NE					S		Nom	F
14031011	3	befehlen	VERB	VVFIN		Fin	Past	3	S	Ind		
14031011	4	Vorratskammer	NOUN	NN					P		Nom	F
14031011	5	in	ADP	APPRART					S		Dat	N
14031011	6	Haus	NOUN	NN					P		Nom	N
14031011	7	Jahwe	PROPN	NE					S		Gen	
14031011	8	zu	ADP	PTKVZ								
14031011	9	bereiten	VERB	VVFIN		Fin	Pres	3	P	Ind		
14031011	10	und	CCONJ	KON								
14031011	11	sie	PRON	PPER				3	P		Nom	
14031011	12	bereiten	VERB	VVFIN		Fin	Past	3	P	Ind		
14031011	13	sie	PRON	PPER				3	P		Nom	
14031012	1	und	CCONJ	KON								
14031012	2	sie	PRON	PPER				3	P		Nom	
14031012	3	bringen	VERB	VVFIN		Fin	Past	3	P	Ind		
14031012	4	der	DET	ART					S		Nom	N
14031012	5	Hebopfer	NOUN	NN					S		Nom	M
14031012	6	und	CCONJ	KON								
14031012	7	der	DET	ART					S		Acc	M
14031012	8	zehnten	NOUN	NN					S		Acc	M
14031012	9	und	CCONJ	KON								
14031012	10	der	DET	ART					S		Nom	F
14031012	11	geheiligt	ADJ	ADJA	Pos				S		Acc	M
14031012	12	Ding	NOUN	NN					P		Nom	N
14031012	13	treulich	ADV	ADJD	Pos							
14031012	14	hinein	ADV	PTKVZ								
14031012	15	und	CCONJ	KON								
14031012	16	Oberaufseher	NOUN	NN					S		Nom	M
14031012	17	über	ADP	APPR								
14031012	18	derselbe	DET	PDAT					S		Nom	F
14031012	19	sein	AUX	VAFIN		Fin	Past	3	S	Ind		
14031012	20	Konanja	PROPN	NE					S		Nom	
14031012	21	der	DET	ART					S		Nom	M
14031012	22	Levit	PROPN	NE					S		Nom	
14031012	23	und	CCONJ	KON								
14031012	24	Simei	NOUN	NN					S		Nom	M
14031012	25	sein	AUX	VAINF		Inf						
14031012	26	Bruder	NOUN	NN					S		Nom	M
14031012	27	als	ADP	KOKOM								
14031012	28	zweiter	ADJ	ADJA	Pos				S		Nom	M
14031013	1	und	CCONJ	KON								
14031013	2	Jechiel	NOUN	NN					S		Nom	N
14031013	3	und	CCONJ	KON								
14031013	4	Asasja	PROPN	NE					S		Nom	M
14031013	5	und	CCONJ	KON								
14031013	6	Nachath	PROPN	NE					S		Nom	
14031013	7	und	CCONJ	KON								
14031013	8	Asael	PROPN	NE					S		Nom	M
14031013	9	und	CCONJ	KON								
14031013	10	Jerimoth	PROPN	NE					S		Nom	
14031013	11	und	CCONJ	KON								
14031013	12	Josabad	PROPN	NE					S		Nom	N
14031013	13	und	CCONJ	KON								
14031013	14	eliel	NOUN	NN					S		Nom	N
14031013	15	und	CCONJ	KON								
14031013	16	Jismakja	NOUN	NN					S		Nom	F
14031013	17	und	CCONJ	KON								
14031013	18	Machath	PROPN	NE					S		Nom	
14031013	19	und	CCONJ	KON								
14031013	20	Benaja	PROPN	NE					S		Nom	
14031013	21	sein	AUX	VAFIN		Fin	Past	3	P	Ind		
14031013	22	Aufseher	NOUN	NN					P		Nom	M
14031013	23	zu	ADP	APPRART					S		Dat	F
14031013	24	Hand	NOUN	NN					S		Nom	F
14031013	25	Konanjas	NOUN	NN					S		Nom	F
14031013	26	und	CCONJ	KON								
14031013	27	Simeis	NOUN	NN					S		Nom	M
14031013	28	sein	DET	PPOSAT					S		Gen	M
14031013	29	Bruder	NOUN	NN					S		Gen	M
14031013	30	durch	ADP	APPR								
14031013	31	Verordnung	NOUN	NN					S		Nom	F
14031013	32	der	DET	ART					S		Gen	M
14031013	33	König	PROPN	NE					S		Nom	
14031013	34	Jehiskia	PROPN	NE					S		Nom	F
14031013	35	und	CCONJ	KON								
14031013	36	Asarjas	NOUN	NN					S		Nom	F
14031013	37	der	DET	ART					S		Gen	M
14031013	38	Fürst	NOUN	NN					P		Nom	M
14031013	39	der	DET	ART					S		Gen	M
14031013	40	Haus	NOUN	NN					S		Gen	N
14031013	41	Gott	NOUN	NN					S		Gen	M
14031014	1	und	CCONJ	KON								
14031014	2	Kore	PROPN	NE					S		Nom	
14031014	3	der	DET	ART					S		Nom	M
14031014	4	Sohn	NOUN	NN					S		Nom	M
14031014	5	Jimna	PROPN	NE					S		Gen	N
14031014	6	der	DET	ART					S		Nom	M
14031014	7	Levit	PROPN	NE					S		Nom	
14031014	8	der	DET	ART					S		Nom	M
14031014	9	Torhüter	NOUN	NN					S		Nom	M
14031014	10	gegen	ADP	APPR								
14031014	11	Osten	NOUN	NN					S		Nom	M
14031014	12	sein	AUX	VAFIN		Fin	Past	3	S	Ind		
14031014	13	über	ADP	APPR								
14031014	14	der	DET	ART					S		Nom	F
14031014	15	freiwillig	NOUN	NN					P		Nom	
14031014	16	Gabe	NOUN	NN					P		Nom	F
14031014	17	Gott	NOUN	NN					S		Gen	M
14031014	18	um	ADP	APPR								
14031014	19	der	DET	ART					S		Nom	N
14031014	20	Hebopfer	NOUN	NN					S		Nom	M
14031014	21	Jahwe	PROPN	NE					S		Gen	
14031014	22	und	CCONJ	KON								
14031014	23	der	DET	ART					S		Nom	N
14031014	24	Hochheilig	NOUN	NN					S		Nom	M
14031014	25	herausgeben	VERB	VVIZU		Inf						
14031015	1	und	CCONJ	KON								
14031015	2	unter	ADP	APPR								
14031015	3	sein	DET	PPOSAT					S		Dat	F
14031015	4	Hand	NOUN	NN					S		Nom	F
14031015	5	sein	AUX	VAFIN		Fin	Past	3	P	Ind		
14031015	6	Eden	PROPN	NE					S		Nom	
14031015	7	und	CCONJ	KON								
14031015	8	Minjamin	NOUN	NN					S		Nom	N
14031015	9	und	CCONJ	KON								
14031015	10	Jeschua	PROPN	NE					S		Nom	
14031015	11	und	CCONJ	KON								
14031015	12	Schemaja	PROPN	NE					S		Nom	M
14031015	13	Amarja	PROPN	NN					S		Nom	
14031015	14	und	CCONJ	KON								
14031015	15	Schekanja	NOUN	NN					S		Nom	M
14031015	16	in	ADP	APPR								
14031015	17	der	DET	ART					S		Acc	M
14031015	18	Stadt	NOUN	NN					P		Nom	F
14031015	19	der	DET	ART					S		Nom	M
14031015	20	Priester	NOUN	NN					P		Nom	M
14031015	21	mit	ADP	APPR								
14031015	22	Treue	NOUN	NN					S		Nom	F
14031015	23	um	ADP	APPR								
14031015	24	ihr	DET	PPOSAT					S		Acc	M
14031015	25	Brüdern	NOUN	NN					P		Dat	M
14031015	26	nach	ADP	APPR								
14031015	27	der	DET	ART					S		Acc	M
14031015	28	Abteilung	NOUN	NN					P		Nom	F
14031015	29	zu	ADP	PTKVZ								
14031015	30	geben	VERB	VVINF		Inf						
14031015	31	der	DET	ART					S		Dat	M
14031015	32	Größten	ADJ	ADJA	Sup				P		Dat	
14031015	33	wie	ADP	KOKOM								
14031015	34	der	DET	ART					S		Dat	M
14031015	35	Kleinstum	NOUN	NN					S		Nom	
14031016	1	außer	ADP	APPR								
14031016	2	der	PRON	PDS					P		Dat	
14031016	3	von	ADP	APPR								
14031016	4	ihnen	PRON	PPER				3	P		Dat	
14031016	5	welcher	DET	PWAT					S		Nom	F
14031016	6	als	ADP	KOKOM								
14031016	7	männlich	NOUN	NN					S		Nom	F
14031016	8	in	ADP	APPRART					S		Acc	N
14031016	9	Geschlechtsverzeichnis	PROPN	NE					S		Nom	
14031016	10	eintragen	VERB	VVPP		Part						
14031016	11	sein	AUX	VAFIN		Fin	Past	3	P	Ind		
14031016	12	von	ADP	APPR								
14031016	13	drei	NUM	CARD								
14031016	14	Jahr	NOUN	NN					P		Dat	N
14031016	15	an	ADP	PTKVZ								
14031016	16	und	CCONJ	KON								
14031016	17	darüber	ADV	PROAV								
14031016	18	aller	DET	PIS					P		Dat	
14031016	19	der	DET	ART					S		Nom	F
14031016	20	in	ADP	APPR								
14031016	21	der	DET	ART					S		Nom	N
14031016	22	Haus	NOUN	NN					S		Nom	N
14031016	23	Jahwe	PROPN	NE					S		Gen	
14031016	24	kommen	VERB	VVFIN		Fin	Past	3	P	Ind		
14031016	25	nach	ADP	APPR								
14031016	26	der	DET	ART					S		Nom	M
14031016	27	täglich	ADJ	ADJA	Pos				S		Acc	M
14031016	28	Gebühr	NOUN	NN					S		Nom	F
14031016	29	zu	ADP	PTKVZ								
14031016	30	ihr	DET	PPOSAT					S		Dat	N
14031016	31	Dienst	NOUN	NN					P		Nom	M
14031016	32	in	ADP	APPR								
14031016	33	ihr	DET	PPOSAT					S		Acc	M
14031016	34	Amt	NOUN	NN					P		Dat	N
14031016	35	nach	ADP	APPR								
14031016	36	ihr	DET	PPOSAT					S		Acc	M
14031016	37	Abteilung	NOUN	NN					P		Nom	F
14031017	1	sowohl	CCONJ	KON								
14031017	2	der	DET	ART					S		Acc	M
14031017	3	in	ADP	APPRART					S		Acc	N
14031017	4	Geschlechtsverzeichnis	PROPN	NE					S		Nom	
14031017	5	eingetragen	ADJ	ADJA	Pos				S		Acc	M
14031017	6	Priester	NOUN	NN					P		Dat	M
14031017	7	nach	ADP	APPR								
14031017	8	ihr	DET	PPOSAT					S		Acc	M
14031017	9	Vaterhäuser	NOUN	NN					P		Dat	M
14031017	10	als	ADP	KOKOM								
14031017	11	auch	ADV	ADV								
14031017	12	der	DET	ART					S		Acc	M
14031017	13	Levit	NOUN	NN					P		Nom	M
14031017	14	von	ADP	APPR								
14031017	15	zwanzig	NUM	CARD								
14031017	16	Jahr	NOUN	NN					P		Dat	N
14031017	17	an	ADP	PTKVZ								
14031017	18	und	CCONJ	KON								
14031017	19	darüber	ADV	PROAV								
14031017	20	in	ADP	APPR								
14031017	21	ihr	DET	PPOSAT					S		Acc	M
14031017	22	Amt	NOUN	NN					P		Dat	N
14031017	23	nach	ADP	APPR								
14031017	24	ihr	DET	PPOSAT					S		Acc	M
14031017	25	Abteilung	NOUN	NN					P		Nom	F
14031018	1	und	CCONJ	KON								
14031018	2	der	DET	ART					S		Acc	M
14031018	3	in	ADP	APPRART					S		Acc	N
14031018	4	Geschlechtsverzeichnis	PROPN	NE					S		Nom	
14031018	5	eingetragen	NOUN	ADJA					P		Dat	
14031018	6	unter	ADP	APPR								
14031018	7	aller	DET	PIS					P		Dat	
14031018	8	ihr	DET	PPOSAT					S		Acc	M
14031018	9	Kindlein	NOUN	NN					S		Nom	N
14031018	10	ihr	DET	PPOSAT					S		Acc	M
14031018	11	Weiber	NOUN	NN					P		Dat	M
14031018	12	und	CCONJ	KON								
14031018	13	ihr	DET	PPOSAT					S		Acc	M
14031018	14	Söhn	NOUN	NN					P		Dat	M
14031018	15	und	CCONJ	KON								
14031018	16	ihr	DET	PPOSAT					S		Acc	M
14031018	17	Töchter	NOUN	NN					P		Nom	F
14031018	18	der	DET	ART					S		Nom	M
14031018	19	ganz	PRON	ADJA					S		Nom	M
14031018	20	Versammlung	NOUN	NN					S		Nom	F
14031018	21	denn	CCONJ	KON								
14031018	22	in	ADP	APPR								
14031018	23	ihr	DET	PPOSAT					S		Dat	F
14031018	24	Treue	NOUN	NN					S		Nom	F
14031018	25	heilign	VERB	VVFIN		Fin	Past	3	P	Ind		
14031018	26	sie	PRON	PPER				3	P		Nom	
14031018	27	sich	PRON	PRF				3	S		Acc	
14031018	28	um	ADP	APPR								
14031018	29	heilig	ADV	ADJD	Pos							
14031018	30	zu	ADP	PTKVZ								
14031018	31	sein	AUX	VAINF		Inf						
14031019	1	und	CCONJ	KON								
14031019	2	für	ADP	APPR								
14031019	3	der	DET	ART					S		Nom	F
14031019	4	Sohn	NOUN	NN					P		Nom	M
14031019	5	Aaron	PROPN	NE					S		Gen	
14031019	6	der	DET	ART					S		Nom	F
14031019	7	Priester	NOUN	NN					P		Nom	M
14031019	8	auf	ADP	PTKVZ								
14031019	9	der	DET	ART					S		Acc	M
14031019	10	Feld	NOUN	NN					P		Dat	N
14031019	11	der	DET	ART					S		Gen	M
14031019	12	Bezirk	NOUN	NN					S		Gen	M
14031019	13	ihr	DET	PPOSAT					S		Dat	F
14031019	14	Stadt	NOUN	NN					P		Nom	F
14031019	15	sein	AUX	VAFIN		Fin	Past	3	P	Ind		
14031019	16	in	ADP	APPR								
14031019	17	jeder	PRON	PIS					S		Nom	M
14031019	18	einzeln	PRON	PIS					S		Nom	M
14031019	19	Stadt	NOUN	NN					S		Nom	F
14031019	20	Mann	NOUN	NN					P		Nom	M
14031019	21	anstellen	VERB	VVPP		Part						
14031019	22	der	DET	ART					S		Nom	F
14031019	23	mit	ADP	APPR								
14031019	24	Name	NOUN	NN					P		Nom	M
14031019	25	angeben	VERB	VVPP		Part						
14031019	26	sein	AUX	VAFIN		Fin	Past	3	P	Ind		
14031019	27	um	ADP	APPR								
14031019	28	jeder	DET	PIAT					S		Dat	M
14031019	29	männlich	VERB	ADJA		Inf						
14031019	30	unter	ADP	APPR								
14031019	31	der	DET	ART					S		Acc	M
14031019	32	Priester	NOUN	NN					P		Dat	M
14031019	33	und	CCONJ	KON								
14031019	34	jeder	DET	PIAT					S		Dat	M
14031019	35	in	ADP	APPRART					S		Acc	N
14031019	36	Geschlechtsverzeichnis	PROPN	NE					S		Nom	
14031019	37	eingetragen	NOUN	ADJA					P		Dat	
14031019	38	unter	ADP	APPR								
14031019	39	der	DET	ART					S		Acc	M
14031019	40	Levit	NOUN	NN					P		Nom	M
14031019	41	Teil	NOUN	NN					P		Nom	M
14031019	42	zu	ADP	PTKVZ								
14031019	43	geben	VERB	VVINF		Inf						
14031020	1	und	CCONJ	KON								
14031020	2	desgleichen	ADV	PROAV								
14031020	3	tun	VERB	VVFIN		Fin	Past	3	S	Ind		
14031020	4	Jehiskia	PROPN	NE					S		Nom	F
14031020	5	in	ADP	APPR								
14031020	6	ganz	ADV	ADV								
14031020	7	Juda	PROPN	NE					S		Nom	M
14031020	8	und	CCONJ	KON								
14031020	9	er	PRON	PPER				3	S		Nom	M
14031020	10	tun	VERB	VVFIN		Fin	Past	3	S	Ind		
14031020	11	was	PRON	PWS					S		Nom	N
14031020	12	gut	ADV	ADJD	Pos							
14031020	13	und	CCONJ	KON								
14031020	14	Recht	NOUN	NN					S		Acc	N
14031020	15	und	CCONJ	KON								
14031020	16	wahr	ADV	ADJD	Pos							
14031020	17	sein	AUX	VAFIN		Fin	Past	3	S	Ind		
14031020	18	vor	ADP	APPR								
14031020	19	Jahwe	NOUN	NN					S		Nom	M
14031020	20	sein	DET	PPOSAT					S		Dat	M
14031020	21	Gott	NOUN	NN					S		Nom	M
14031021	1	und	CCONJ	KON								
14031021	2	in	ADP	APPR								
14031021	3	alle	PRON	PIS					S		Dat	N
14031021	4	Werk	NOUN	NN					P		Nom	N
14031021	5	der	DET	ART					S		Nom	N
14031021	6	er	PRON	PPER				3	S		Nom	M
14031021	7	anfing	VERB	VVFIN		Fin	Past	3	S	Ind		
14031021	8	in	ADP	APPRART					S		Dat	N
14031021	9	Dienst	NOUN	NN					P		Nom	M
14031021	10	der	DET	ART					S		Gen	M
14031021	11	Haus	NOUN	NN					S		Gen	N
14031021	12	Gott	NOUN	NN					S		Gen	M
14031021	13	und	CCONJ	KON								
14031021	14	in	ADP	APPR								
14031021	15	der	DET	ART					S		Dat	M
14031021	16	Gesetz	NOUN	NN					S		Nom	N
14031021	17	und	CCONJ	KON								
14031021	18	in	ADP	APPR								
14031021	19	der	DET	ART					S		Dat	M
14031021	20	Gebot	NOUN	NN					S		Nom	N
14031021	21	um	ADP	APPR								
14031021	22	sein	DET	PPOSAT					S		Acc	M
14031021	23	Gott	NOUN	NN					S		Nom	M
14031021	24	zu	ADP	PTKVZ								
14031021	25	suchen	VERB	VVINF		Inf						
14031021	26	handeln	VERB	VVFIN		Fin	Past	3	S	Ind		
14031021	27	er	PRON	PPER				3	S		Nom	M
14031021	28	mit	ADP	APPR								
14031021	29	ganzem	PRON	VVPP					S		Dat	M
14031021	30	Herz	NOUN	NN					S		Nom	N
14031021	31	und	CCONJ	KON								
14031021	32	es	PRON	PPER				3	S		Nom	N
14031021	33	gelingen	VERB	VVFIN		Fin	Past	3	S	Ind		
14031021	34	ihm	PRON	PPER				3	S		Dat	M
14032001	1	nach	ADP	APPR								
14032001	2	dieser	DET	PDAT					S		Acc	M
14032001	3	Ding	NOUN	NN					P		Dat	N
14032001	4	und	CCONJ	KON								
14032001	5	dieser	PRON	PDAT					S		Nom	M
14032001	6	Treue	NOUN	NN					S		Nom	F
14032001	7	kommen	VERB	VVFIN		Fin	Past	3	S	Ind		
14032001	8	Sanherib	PROPN	NE					S		Nom	M
14032001	9	der	DET	ART					S		Nom	M
14032001	10	König	NOUN	NN					S		Nom	M
14032001	11	von	ADP	APPR								
14032001	12	Assyr	PROPN	NE					S		Nom	N
14032001	13	und	CCONJ	KON								
14032001	14	er	PRON	PPER				3	S		Nom	M
14032001	15	Drang	NOUN	NN					S		Nom	M
14032001	16	in	ADP	APPR								
14032001	17	Juda	PROPN	NE					S		Nom	M
14032001	18	ein	DET	ART					S		Nom	N
14032001	19	und	CCONJ	KON								
14032001	20	lageren	VERB	VVFIN		Fin	Past	3	S	Ind		
14032001	21	sich	PRON	PRF				3	S		Acc	
14032001	22	wider	ADP	PTKVZ								
14032001	23	der	DET	ART					S		Nom	F
14032001	24	fest	ADJ	ADJA	Pos				S		Acc	M
14032001	25	Stadt	NOUN	NN					P		Nom	F
14032001	26	und	CCONJ	KON								
14032001	27	er	PRON	PPER				3	S		Nom	M
14032001	28	gedachen	VERB	VVFIN		Fin	Past	3	S	Ind		
14032001	29	sie	PRON	PPER				3	P		Nom	
14032001	30	für	ADP	APPR								
14032001	31	sich	PRON	PRF				3	S		Acc	
14032001	32	zu	ADP	PTKVZ								
14032001	33	erobern	VERB	VVINF		Inf						
14032002	1	und	CCONJ	KON								
14032002	2	als	ADP	KOKOM								
14032002	3	Jehiskia	PROPN	NE					S		Nom	F
14032002	4	sehen	VERB	VVFIN		Fin	Past	3	S	Ind		
14032002	5	daß	SCONJ	KOUS								
14032002	6	Sanherib	PROPN	NE					S		Nom	M
14032002	7	kommen	VERB	VVPP		Part						
14032002	8	und	CCONJ	KON								
14032002	9	daß	SCONJ	KOUS								
14032002	10	sein	AUX	VAINF		Inf						
14032002	11	Angesicht	NOUN	NN					S		Nom	F
14032002	12	zu	ADP	APPRART					S		Dat	N
14032002	13	Streit	NOUN	NN					S		Nom	M
14032002	14	wider	ADP	PTKVZ								
14032002	15	Jerusalem	PROPN	NE					S		Nom	N
14032002	16	richten	VERB	VVPP		Part						
14032002	17	sein	AUX	VAFIN		Fin	Past	3	S	Ind		
14032003	1	da	ADV	ADV								
14032003	2	beraten	VERB	VVFIN		Fin	Past	3	S	Ind		
14032003	3	er	PRON	PPER				3	S		Nom	M
14032003	4	sich	PRON	PRF				3	S		Acc	
14032003	5	mit	ADP	APPR								
14032003	6	sein	DET	PPOSAT					S		Acc	M
14032003	7	oberer	ADJ	ADJA	Sup				S		Dat	F
14032003	8	und	CCONJ	KON								
14032003	9	sein	DET	PPOSAT					S		Acc	M
14032003	10	Held	NOUN	NN					P		Nom	M
14032003	11	der	DET	ART					S		Nom	F
14032003	12	Wasser	NOUN	NN					S		Nom	N
14032003	13	der	DET	ART					S		Nom	M
14032003	14	Quelle	NOUN	NN					P		Nom	F
14032003	15	zu	ADP	PTKVZ								
14032003	16	verstopfen	VERB	VVFIN		Fin	Pres	3	P	Ind		
14032003	17	welcher	DET	PWAT					S		Nom	F
14032003	18	außerhalb	ADP	APPR								
14032003	19	der	DET	ART					S		Nom	M
14032003	20	Stadt	NOUN	NN					S		Nom	F
14032003	21	sein	AUX	VAFIN		Fin	Past	3	P	Ind		
14032003	22	und	CCONJ	KON								
14032003	23	sie	PRON	PPER				3	P		Nom	
14032003	24	helfen	VERB	VVFIN		Fin	Past	3	P	Ind		
14032003	25	ihm	PRON	PPER				3	S		Dat	M
14032004	1	und	CCONJ	KON								
14032004	2	es	PRON	PPER				3	S		Nom	N
14032004	3	versammeln	VERB	VVFIN		Fin	Past	3	S	Ind		
14032004	4	sich	PRON	PRF				3	S		Acc	
14032004	5	viel	PRON	PIS								
14032004	6	Volk	NOUN	NN					P		Nom	N
14032004	7	und	CCONJ	KON								
14032004	8	sie	PRON	PPER				3	P		Nom	
14032004	9	verstopfen	VERB	VVFIN		Fin	Past	3	P	Ind		
14032004	10	aller	PRON	PIS					P		Nom	
14032004	11	Quelle	NOUN	NN					P		Nom	F
14032004	12	und	CCONJ	KON								
14032004	13	der	DET	ART					S		Acc	M
14032004	14	Bach	PROPN	NE					S		Nom	
14032004	15	der	DET	ART					S		Nom	M
14032004	16	mitten	ADV	ADV								
14032004	17	durch	ADP	APPR								
14032004	18	der	DET	ART					S		Nom	N
14032004	19	Land	NOUN	NN					S		Nom	N
14032004	20	fließen	VERB	VVFIN		Fin	Pres	3	S	Ind		
14032004	21	indem	SCONJ	KOUS								
14032004	22	sie	PRON	PPER				3	P		Nom	
14032004	23	sprechen	VERB	VVFIN		Fin	Past	3	P	Ind		
14032004	24	warum	ADV	PWAV								
14032004	25	sollen	AUX	VMFIN		Fin	Past	3	P	Ind		
14032004	26	der	DET	ART					S		Nom	F
14032004	27	König	NOUN	NN					P		Nom	M
14032004	28	von	ADP	APPR								
14032004	29	Assyr	PROPN	NE					S		Nom	N
14032004	30	kommen	VERB	VVFIN		Fin	Pres	3	P	Ind		
14032004	31	und	CCONJ	KON								
14032004	32	viel	PRON	PIS								
14032004	33	Wasser	NOUN	NN					S		Nom	N
14032004	34	finden	VERB	VVINF		Fin	Pres	3	P	Ind		
14032005	1	und	CCONJ	KON								
14032005	2	er	PRON	PPER				3	S		Nom	M
14032005	3	fassen	VERB	VVFIN		Fin	Past	3	S	Ind		
14032005	4	Mut	NOUN	NN					S		Nom	M
14032005	5	und	CCONJ	KON								
14032005	6	bauen	VERB	VVFIN		Fin	Past	3	S	Ind		
14032005	7	der	DET	ART					S		Nom	F
14032005	8	ganz	ADJ	ADJA	Pos				S		Nom	F
14032005	9	Mauer	NOUN	NN					S		Nom	F
14032005	10	wo	SCONJ	PWAV								
14032005	11	sie	PRON	PPER				3	P		Nom	
14032005	12	einreißen	VERB	VVPP		Part						
14032005	13	sein	AUX	VAFIN		Fin	Past	3	S	Ind		
14032005	14	und	CCONJ	KON								
14032005	15	führen	VERB	VVFIN		Fin	Past	3	S	Ind		
14032005	16	sie	PRON	PPER				3	P		Nom	
14032005	17	auf	ADP	PTKVZ								
14032005	18	bis	CCONJ	KON								
14032005	19	an	ADP	PTKVZ								
14032005	20	der	DET	ART					S		Nom	F
14032005	21	Türme	NOUN	NN					P		Nom	M
14032005	22	und	CCONJ	KON								
14032005	23	der	DET	ART					S		Nom	F
14032005	24	anderer	PRON	PIS					P		Nom	
14032005	25	Mauer	NOUN	NN					S		Nom	F
14032005	26	außerhalb	ADP	APPR								
14032005	27	und	CCONJ	KON								
14032005	28	befestigen	VERB	VVFIN		Fin	Past	3	S	Ind		
14032005	29	der	DET	ART					S		Nom	N
14032005	30	Millo	PROPN	NE					S		Nom	
14032005	31	der	DET	ART					S		Nom	M
14032005	32	Stadt	NOUN	NN					S		Nom	F
14032005	33	David	PROPN	NE					S		Gen	M
14032005	34	und	CCONJ	KON								
14032005	35	er	PRON	PPER				3	S		Nom	M
14032005	36	verfertigen	VERB	VVFIN		Fin	Past	3	S	Ind		
14032005	37	Waffe	NOUN	NN					P		Nom	F
14032005	38	in	ADP	APPR								
14032005	39	Menge	NOUN	NN					S		Nom	F
14032005	40	und	CCONJ	KON								
14032005	41	Schild	NOUN	NN					P		Nom	N
14032006	1	auch	ADV	ADV								
14032006	2	setzen	VERB	VVFIN		Fin	Past	3	S	Ind		
14032006	3	er	PRON	PPER				3	S		Nom	M
14032006	4	Kriegsoberst	NOUN	NN					S		Nom	F
14032006	5	über	ADP	APPR								
14032006	6	der	DET	ART					S		Nom	N
14032006	7	Volk	NOUN	NN					S		Nom	N
14032006	8	und	CCONJ	KON								
14032006	9	er	PRON	PPER				3	S		Nom	M
14032006	10	versammeln	VERB	VVFIN		Fin	Past	3	S	Ind		
14032006	11	sie	PRON	PPER				3	P		Nom	
14032006	12	zu	ADP	PTKVZ								
14032006	13	sich	PRON	PRF				3	S		Acc	
14032006	14	auf	ADP	PTKVZ								
14032006	15	der	DET	ART					S		Acc	M
14032006	16	Platz	NOUN	NN					S		Nom	M
14032006	17	an	ADP	APPRART					S		Dat	M
14032006	18	Stadttor	NOUN	NN					P		Nom	M
14032006	19	und	CCONJ	KON								
14032006	20	reden	VERB	VVFIN		Fin	Past	3	S	Ind		
14032006	21	zu	ADP	PTKVZ								
14032006	22	ihr	DET	PPOSAT					S		Acc	M
14032006	23	Herz	NOUN	NN					S		Nom	N
14032006	24	und	CCONJ	KON								
14032006	25	sprechen	VERB	VVFIN		Fin	Past	3	S	Ind		
14032007	1	Seid	NOUN	VAFIN					S		Acc	N
14032007	2	stark	ADV	ADJD	Pos							
14032007	3	und	CCONJ	KON								
14032007	4	mutig	ADV	ADJD	Pos							
14032007	5	fürchten	VERB	VVFIN		Fin	Pres	3	S	Ind		
14032007	6	euch	PRON	PPER				2	P		Dat	
14032007	7	nicht	PART	PTKNEG								
14032007	8	und	CCONJ	KON								
14032007	9	Erschrecket	NOUN	NN					S		Nom	N
14032007	10	nicht	PART	PTKNEG								
14032007	11	vor	ADP	APPR								
14032007	12	der	DET	ART					S		Dat	M
14032007	13	König	NOUN	NN					S		Nom	M
14032007	14	von	ADP	APPR								
14032007	15	Assyr	PROPN	NE					S		Nom	N
14032007	16	und	CCONJ	KON								
14032007	17	vor	ADP	APPR								
14032007	18	all	DET	PIAT								
14032007	19	der	DET	ART					S		Nom	M
14032007	20	Menge	NOUN	NN					S		Nom	F
14032007	21	der	DET	ART					S		Nom	F
14032007	22	mit	ADP	APPR								
14032007	23	ihm	PRON	PPER				3	S		Dat	M
14032007	24	sein	AUX	VAFIN		Fin	Pres	3	S	Ind		
14032007	25	denn	CCONJ	KON								
14032007	26	mit	ADP	APPR								
14032007	27	uns	PRON	PPER				1	P		Acc	
14032007	28	sein	AUX	VAFIN		Fin	Pres	3	P	Ind		
14032007	29	mehr	ADV	ADV								
14032007	30	als	ADP	KOKOM								
14032007	31	mit	ADP	APPR								
14032007	32	ihm	PRON	PPER				3	S		Dat	M
14032008	1	mit	ADP	APPR								
14032008	2	ihm	PRON	PPER				3	S		Dat	M
14032008	3	sein	AUX	VAFIN		Fin	Pres	3	S	Ind		
14032008	4	ein	DET	ART					S		Nom	N
14032008	5	Arm	NOUN	XY					S		Nom	M
14032008	6	der	DET	ART					S		Gen	M
14032008	7	Fleisch	NOUN	NN					S		Nom	N
14032008	8	aber	CCONJ	KON								
14032008	9	mit	ADP	APPR								
14032008	10	uns	PRON	PPER				1	P		Acc	
14032008	11	sein	AUX	VAFIN		Fin	Pres	3	S	Ind		
14032008	12	Jahwe	NOUN	NN					S		Nom	M
14032008	13	unser	DET	PPOSAT					S		Nom	N
14032008	14	Gott	NOUN	NN					S		Nom	M
14032008	15	um	ADP	APPR								
14032008	16	uns	PRON	PPER				1	P		Acc	
14032008	17	zu	ADP	PTKVZ								
14032008	18	helfen	VERB	VVINF		Inf						
14032008	19	und	CCONJ	KON								
14032008	20	unser	DET	PPOSAT					S		Nom	F
14032008	21	Streite	NOUN	NN					S		Nom	F
14032008	22	zu	ADP	PTKVZ								
14032008	23	führen	VERB	VVINF		Inf						
14032008	24	und	CCONJ	KON								
14032008	25	der	DET	ART					S		Nom	N
14032008	26	Volk	NOUN	NN					S		Nom	N
14032008	27	verlassen	VERB	VVFIN		Fin	Past	3	S	Ind		
14032008	28	sich	PRON	PRF				3	S		Acc	
14032008	29	auf	ADP	PTKVZ								
14032008	30	der	DET	ART					S		Nom	F
14032008	31	Wort	NOUN	NN					P		Nom	N
14032008	32	Jehiskia	PROPN	NE					S		Gen	
14032008	33	der	DET	ART					S		Gen	M
14032008	34	König	PROPN	NE					S		Nom	
14032008	35	von	ADP	APPR								
14032008	36	Juda	PROPN	NE					S		Nom	M
14032009	1	nach	ADP	APPR								
14032009	2	dieser	DET	PDAT					S		Dat	N
14032009	3	senden	VERB	VVFIN		Fin	Past	3	S	Ind		
14032009	4	Sanherib	PROPN	NE					S		Nom	M
14032009	5	der	DET	ART					S		Nom	M
14032009	6	König	NOUN	NN					S		Nom	M
14032009	7	von	ADP	APPR								
14032009	8	Assyr	PROPN	NE					S		Nom	N
14032009	9	sein	DET	PPOSAT					S		Nom	F
14032009	10	Knecht	NOUN	NN					P		Nom	M
14032009	11	nach	ADP	APPR								
14032009	12	Jerusalem	PROPN	NE					S		Nom	N
14032009	13	er	PRON	PPER				3	S		Nom	M
14032009	14	sein	AUX	VAFIN		Fin	Past	3	S	Ind		
14032009	15	aber	CCONJ	KON								
14032009	16	noch	CCONJ	KON								
14032009	17	vor	ADP	APPR								
14032009	18	Lachis	PROPN	NE					S		Gen	
14032009	19	und	CCONJ	KON								
14032009	20	sein	DET	PPOSAT					S		Nom	F
14032009	21	ganz	ADJ	ADJA	Pos				S		Nom	F
14032009	22	Macht	NOUN	NN					S		Nom	F
14032009	23	mit	ADP	APPR								
14032009	24	ihm	PRON	PPER				3	S		Dat	M
14032009	25	an	ADP	PTKVZ								
14032009	26	Jehiskia	PROPN	NE					S		Nom	F
14032009	27	der	DET	ART					S		Acc	M
14032009	28	König	NOUN	NN					S		Nom	M
14032009	29	von	ADP	APPR								
14032009	30	Juda	PROPN	NE					S		Nom	M
14032009	31	und	CCONJ	KON								
14032009	32	an	ADP	PTKVZ								
14032009	33	ganz	ADV	ADV								
14032009	34	Juda	PROPN	NE					S		Nom	M
14032009	35	der	DET	ART					S		Nom	N
14032009	36	in	ADP	APPR								
14032009	37	Jerusalem	PROPN	NE					S		Nom	N
14032009	38	sein	AUX	VAFIN		Fin	Past	3	S	Ind		
14032009	39	und	CCONJ	KON								
14032009	40	lassen	VERB	VVFIN		Fin	Past	3	S	Ind		
14032009	41	ihnen	PRON	PPER				3	P		Dat	
14032009	42	sagen	VERB	VVINF		Inf						
14032010	1	so	ADV	ADV								
14032010	2	sprechen	VERB	VVFIN		Fin	Pres	3	S	Ind		
14032010	3	Sanherib	PROPN	NE					S		Nom	M
14032010	4	der	DET	ART					S		Nom	M
14032010	5	König	NOUN	NN					S		Nom	M
14032010	6	von	ADP	APPR								
14032010	7	Assyr	PROPN	NE					S		Nom	N
14032010	8	worauf	ADV	PROAV								
14032010	9	vertrauet	PROPN	NE					S		Nom	M
14032010	10	ihr	PRON	PPOSAT				3	S		Dat	F
14032010	11	daß	SCONJ	KOUS								
14032010	12	ihr	PRON	PPOSAT				3	S		Dat	F
14032010	13	in	ADP	APPR								
14032010	14	Belagerung	NOUN	NN					S		Nom	F
14032010	15	Bleibet	VERB	VVFIN		Fin	Pres	3	S	Sub		
14032010	16	zu	ADP	PTKVZ								
14032010	17	Jerusalem	PROPN	NE					S		Nom	N
14032011	1	Verführt	VERB	VVPP		Part						
14032011	2	euch	PRON	PPER				2	P		Dat	
14032011	3	Jehiskia	PROPN	NE					S		Nom	F
14032011	4	nicht	PART	PTKNEG								
14032011	5	um	ADP	APPR								
14032011	6	euch	PRON	PPER				2	P		Dat	
14032011	7	der	DET	ART					S		Dat	M
14032011	8	Tod	NOUN	NN					S		Nom	M
14032011	9	durch	ADP	APPR								
14032011	10	Hunger	NOUN	NN					S		Nom	M
14032011	11	und	CCONJ	KON								
14032011	12	Durst	NOUN	NN					S		Nom	M
14032011	13	preisgeben	VERB	VVIZU		Fin	Pres	3	P	Ind		
14032011	14	indem	SCONJ	KOUS								
14032011	15	er	PRON	PPER				3	S		Nom	M
14032011	16	sprechen	VERB	VVFIN		Fin	Pres	3	S	Ind		
14032011	17	Jahwe	NOUN	NN					S		Nom	M
14032011	18	unser	DET	PPOSAT					S		Nom	N
14032011	19	Gott	NOUN	NN					S		Nom	M
14032011	20	werden	AUX	VAFIN		Fin	Pres	3	S	Ind		
14032011	21	uns	PRON	PPER				1	P		Acc	
14032011	22	aus	ADP	PTKVZ								
14032011	23	der	DET	ART					S		Nom	M
14032011	24	Hand	NOUN	NN					S		Nom	F
14032011	25	der	DET	ART					S		Gen	M
14032011	26	König	PROPN	NE					S		Nom	
14032011	27	von	ADP	APPR								
14032011	28	Assyr	PROPN	NE					S		Nom	N
14032011	29	erretten	VERB	VVINF		Inf						
14032012	1	sein	AUX	VAFIN		Fin	Pres	3	S	Ind		
14032012	2	es	PRON	PPER				3	S		Nom	N
14032012	3	nicht	PART	PTKNEG								
14032012	4	Jehiskia	PROPN	NE					S		Nom	F
14032012	5	der	DET	ART					S		Nom	M
14032012	6	sein	DET	PPOSAT					S		Nom	F
14032012	7	Höhe	NOUN	NN					P		Nom	F
14032012	8	und	CCONJ	KON								
14032012	9	sein	DET	PPOSAT					S		Nom	F
14032012	10	Altär	NOUN	NN					P		Nom	M
14032012	11	Hinweggetan	PROPN	NE					S		Nom	M
14032012	12	und	CCONJ	KON								
14032012	13	zu	ADP	PTKVZ								
14032012	14	Juda	PROPN	NE					S		Nom	M
14032012	15	und	CCONJ	KON								
14032012	16	zu	ADP	PTKVZ								
14032012	17	Jerusalem	PROPN	NE					S		Nom	N
14032012	18	sprechen	VERB	VVPP		Part						
14032012	19	und	CCONJ	KON								
14032012	20	sagen	VERB	VVPP		Part						
14032012	21	haben	AUX	VAFIN		Fin	Pres	3	S	Ind		
14032012	22	vor	ADP	APPR								
14032012	23	ein	DET	ART					S		Dat	M
14032012	24	Altar	NOUN	NN					S		Nom	M
14032012	25	sollten	AUX	VMFIN		Fin	Pres	3	S	Ind		
14032012	26	ihr	PRON	PPOSAT				3	S		Dat	F
14032012	27	anbeten	VERB	VVFIN		Fin	Pres	3	P	Ind		
14032012	28	und	CCONJ	KON								
14032012	29	auf	ADP	PTKVZ								
14032012	30	ihm	PRON	PPER				3	S		Dat	M
14032012	31	sollten	AUX	VMFIN		Fin	Pres	3	S	Ind		
14032012	32	ihr	PRON	PPOSAT				3	S		Dat	F
14032012	33	räuchern	VERB	VVINF		Inf						
14032013	1	wisset	NOUN	NN					S		Nom	N
14032013	2	ihr	PRON	PPOSAT				3	S		Dat	F
14032013	3	nicht	PART	PTKNEG								
14032013	4	was	PRON	PWS					S		Nom	N
14032013	5	ich	PRON	PPER				1	S		Nom	
14032013	6	und	CCONJ	KON								
14032013	7	mein	DET	PPOSAT					S		Nom	F
14032013	8	Vater	NOUN	NN					P		Nom	M
14032013	9	aller	DET	PIS					P		Dat	
14032013	10	Volk	NOUN	NN					P		Dat	N
14032013	11	der	DET	ART					S		Nom	M
14032013	12	Land	NOUN	NN					P		Nom	N
14032013	13	tun	VERB	VVPP		Part						
14032013	14	haben	AUX	VAFIN		Fin	Pres	3	P	Ind		
14032013	15	haben	AUX	VAFIN		Fin	Pres	3	P	Ind		
14032013	16	der	DET	ART					S		Nom	F
14032013	17	Götter	NOUN	NN					P		Nom	M
14032013	18	der	DET	ART					S		Nom	M
14032013	19	Nation	NOUN	NN					P		Nom	F
14032013	20	der	DET	ART					S		Nom	M
14032013	21	Land	NOUN	NN					P		Nom	N
14032013	22	irgendwie	ADV	ADV								
14032013	23	vermocht	VERB	VVPP		Part						
14032013	24	ihr	PRON	PPOSAT				3	S		Dat	F
14032013	25	Land	NOUN	NN					S		Nom	N
14032013	26	aus	ADP	PTKVZ								
14032013	27	mein	DET	PPOSAT					S		Dat	F
14032013	28	Hand	NOUN	NN					S		Nom	F
14032013	29	zu	ADP	PTKVZ								
14032013	30	erretten	VERB	VVINF		Inf						
14032014	1	wer	PRON	PWS					S		Nom	M
14032014	2	sein	AUX	VAFIN		Fin	Pres	3	S	Ind		
14032014	3	unter	ADP	APPR								
14032014	4	aller	DET	PIS					P		Dat	
14032014	5	Götter	NOUN	NN					P		Dat	M
14032014	6	dieser	PRON	PDAT					S		Nom	M
14032014	7	Nation	NOUN	NN					P		Nom	F
14032014	8	der	DET	ART					S		Nom	F
14032014	9	mein	DET	PPOSAT					S		Nom	F
14032014	10	Vater	NOUN	NN					P		Nom	M
14032014	11	vertilgen	VERB	VVPP		Part						
14032014	12	haben	AUX	VAFIN		Fin	Pres	3	P	Ind		
14032014	13	der	DET	ART					S		Nom	M
14032014	14	vermocht	VERB	VVPP		Part						
14032014	15	haben	AUX	VAFIN		Fin	Past	3	S	Sub		
14032014	16	sein	AUX	VAINF		Inf						
14032014	17	Volk	NOUN	NN					S		Nom	N
14032014	18	aus	ADP	PTKVZ								
14032014	19	mein	DET	PPOSAT					S		Dat	F
14032014	20	Hand	NOUN	NN					S		Nom	F
14032014	21	zu	ADP	PTKVZ								
14032014	22	erretten	VERB	VVINF		Inf						
14032014	23	daß	SCONJ	KOUS								
14032014	24	euer	DET	PPOSAT					S		Nom	M
14032014	25	Gott	NOUN	NN					S		Nom	M
14032014	26	Vermögen	VERB	VVFIN		Fin	Pres	3	P	Ind		
14032014	27	sollen	AUX	VMFIN		Fin	Past	3	S	Ind		
14032014	28	euch	PRON	PPER				2	P		Dat	
14032014	29	aus	ADP	PTKVZ								
14032014	30	mein	DET	PPOSAT					S		Dat	F
14032014	31	Hand	NOUN	NN					S		Nom	F
14032014	32	zu	ADP	PTKVZ								
14032014	33	erretten	VERB	VVINF		Inf						
14032015	1	und	CCONJ	KON								
14032015	2	nun	ADV	ADV								
14032015	3	daß	SCONJ	KOUS								
14032015	4	euch	PRON	PPER				2	P		Dat	
14032015	5	Hiskia	NOUN	NN					S		Nom	F
14032015	6	nicht	PART	PTKNEG								
14032015	7	täuschen	VERB	VVFIN		Fin	Pres	3	S	Sub		
14032015	8	und	CCONJ	KON								
14032015	9	daß	SCONJ	KOUS								
14032015	10	er	PRON	PPER				3	S		Nom	M
14032015	11	euch	PRON	PPER				2	P		Dat	
14032015	12	nicht	PART	PTKNEG								
14032015	13	auf	ADP	PTKVZ								
14032015	14	solcher	DET	PIS					S		Nom	F
14032015	15	Weise	NOUN	NN					S		Nom	F
14032015	16	verführen	VERB	VVFIN		Fin	Pres	3	S	Sub		
14032015	17	und	CCONJ	KON								
14032015	18	Glaubet	VERB	VVIMP				2	P	Imp		
14032015	19	ihm	PRON	PPER				3	S		Dat	M
14032015	20	nicht	PART	PTKNEG								
14032015	21	denn	CCONJ	KON								
14032015	22	kein	DET	PIAT					S		Nom	N
14032015	23	Gott	NOUN	NN					S		Nom	M
14032015	24	irgend	ADV	ADV								
14032015	25	ein	PRON	ART					S		Nom	M
14032015	26	Nation	NOUN	NN					S		Nom	F
14032015	27	und	CCONJ	KON								
14032015	28	irgend	ADV	ADV								
14032015	29	ein	PRON	ART					S		Nom	N
14032015	30	Königreich	NOUN	NN					S		Nom	N
14032015	31	haben	AUX	VAFIN		Fin	Pres	3	S	Ind		
14032015	32	sein	AUX	VAINF		Inf						
14032015	33	Volk	NOUN	NN					S		Nom	N
14032015	34	aus	ADP	PTKVZ								
14032015	35	mein	DET	PPOSAT					S		Dat	F
14032015	36	Hand	NOUN	NN					S		Nom	F
14032015	37	und	CCONJ	KON								
14032015	38	aus	ADP	PTKVZ								
14032015	39	der	DET	ART					S		Nom	M
14032015	40	Hand	NOUN	NN					S		Nom	F
14032015	41	mein	DET	PPOSAT					S		Dat	F
14032015	42	Vater	NOUN	NN					P		Nom	M
14032015	43	zu	ADP	PTKVZ								
14032015	44	erretten	VERB	VVINF		Inf						
14032015	45	vermocht	VERB	VVPP		Part						
14032015	46	wieviel	ADV	PWS								
14032015	47	weniger	PRON	ADV								
14032015	48	werden	AUX	VAFIN		Fin	Pres	3	S	Ind		
14032015	49	euer	DET	PPOSAT					S		Nom	M
14032015	50	Gott	NOUN	NN					S		Nom	M
14032015	51	euch	PRON	PPER				2	P		Dat	
14032015	52	aus	ADP	PTKVZ								
14032015	53	mein	DET	PPOSAT					S		Dat	F
14032015	54	Hand	NOUN	NN					S		Nom	F
14032015	55	erretten	VERB	VVINF		Inf						
14032016	1	und	CCONJ	KON								
14032016	2	noch	CCONJ	KON								
14032016	3	mehr	ADV	ADV								
14032016	4	reden	VERB	VVFIN		Fin	Past	3	P	Ind		
14032016	5	sein	DET	PPOSAT					S		Nom	F
14032016	6	Knecht	NOUN	NN					P		Nom	M
14032016	7	wider	ADP	PTKVZ								
14032016	8	Jahwe	NOUN	NN					S		Nom	M
14032016	9	Gott	NOUN	NN					S		Nom	M
14032016	10	und	CCONJ	KON								
14032016	11	wider	ADP	PTKVZ								
14032016	12	Jehiskia	PROPN	NE					S		Nom	F
14032016	13	sein	DET	PPOSAT					S		Acc	M
14032016	14	Knecht	NOUN	NN					S		Nom	M
14032017	1	auch	ADV	ADV								
14032017	2	schreiben	VERB	VVFIN		Fin	Past	3	S	Ind		
14032017	3	er	PRON	PPER				3	S		Nom	M
14032017	4	ein	DET	ART					S		Acc	M
14032017	5	Brief	NOUN	NN					S		Nom	M
14032017	6	um	ADP	APPR								
14032017	7	Jahwe	NOUN	NN					S		Nom	M
14032017	8	der	DET	ART					S		Acc	M
14032017	9	Gott	NOUN	NN					S		Nom	M
14032017	10	Israel	PROPN	NE					S		Gen	N
14032017	11	zu	ADP	PTKVZ								
14032017	12	verhöhnen	VERB	VVFIN		Fin	Pres	3	P	Ind		
14032017	13	und	CCONJ	KON								
14032017	14	wider	ADP	PTKVZ								
14032017	15	ihn	PRON	PPER				3	S		Acc	M
14032017	16	zu	ADP	PTKVZ								
14032017	17	reden	VERB	VVINF		Inf						
14032017	18	indem	SCONJ	KOUS								
14032017	19	er	PRON	PPER				3	S		Nom	M
14032017	20	sprechen	VERB	VVFIN		Fin	Past	3	S	Ind		
14032017	21	gleich	ADV	ADV								
14032017	22	der	DET	ART					S		Acc	M
14032017	23	Götter	NOUN	NN					P		Dat	M
14032017	24	der	DET	ART					S		Nom	M
14032017	25	Nation	NOUN	NN					P		Nom	F
14032017	26	der	DET	ART					S		Nom	M
14032017	27	Land	NOUN	NN					P		Nom	N
14032017	28	welcher	DET	PWAT					S		Nom	F
14032017	29	ihr	PRON	PPOSAT				3	S		Dat	F
14032017	30	Volk	NOUN	NN					S		Nom	N
14032017	31	nicht	PART	PTKNEG								
14032017	32	aus	ADP	PTKVZ								
14032017	33	mein	DET	PPOSAT					S		Dat	F
14032017	34	Hand	NOUN	NN					S		Nom	F
14032017	35	erretten	VERB	VVPP		Part						
14032017	36	haben	AUX	VAFIN		Fin	Pres	3	P	Ind		
14032017	37	so	ADV	ADV								
14032017	38	werden	AUX	VAFIN		Fin	Pres	3	S	Ind		
14032017	39	auch	ADV	ADV								
14032017	40	der	DET	ART					S		Nom	M
14032017	41	Gott	NOUN	NN					S		Nom	M
14032017	42	Jehiskia	PROPN	NE					S		Gen	
14032017	43	sein	AUX	VAINF		Inf						
14032017	44	Volk	NOUN	NN					S		Nom	N
14032017	45	nicht	PART	PTKNEG								
14032017	46	aus	ADP	PTKVZ								
14032017	47	mein	DET	PPOSAT					S		Dat	F
14032017	48	Hand	NOUN	NN					S		Nom	F
14032017	49	erretten	VERB	VVINF		Inf						
14032018	1	und	CCONJ	KON								
14032018	2	sie	PRON	PPER				3	P		Nom	
14032018	3	rufen	VERB	VVFIN		Fin	Past	3	P	Ind		
14032018	4	der	DET	ART					S		Dat	M
14032018	5	Volke	NOUN	NN					S		Nom	M
14032018	6	von	ADP	APPR								
14032018	7	Jerusalem	PROPN	NE					S		Nom	N
14032018	8	der	DET	ART					S		Nom	N
14032018	9	auf	ADP	PTKVZ								
14032018	10	der	DET	ART					S		Nom	M
14032018	11	Mauer	NOUN	NN					S		Nom	F
14032018	12	sein	AUX	VAFIN		Fin	Past	3	S	Ind		
14032018	13	mit	ADP	APPR								
14032018	14	laut	ADV	PIAT	Cmp							
14032018	15	Stimme	NOUN	NN					S		Nom	F
14032018	16	auf	ADP	PTKVZ								
14032018	17	jüdisch	ADV	ADJD	Pos							
14032018	18	zu	ADP	PTKVZ								
14032018	19	um	ADP	APPR								
14032018	20	sie	PRON	PPER				3	P		Nom	
14032018	21	zu	ADP	PTKVZ								
14032018	22	schrecken	VERB	VVFIN		Fin	Pres	3	P	Ind		
14032018	23	und	CCONJ	KON								
14032018	24	bestürzt	ADV	ADJD	Pos							
14032018	25	zu	ADP	PTKVZ								
14032018	26	machen	VERB	VVINF		Inf						
14032018	27	damit	ADV	PROAV								
14032018	28	sie	PRON	PPER				3	P		Nom	
14032018	29	der	DET	ART					S		Nom	F
14032018	30	Stadt	NOUN	NN					S		Nom	F
14032018	31	einnähmen	NOUN	VVINF					S		Nom	N
14032019	1	und	CCONJ	KON								
14032019	2	sie	PRON	PPER				3	P		Nom	
14032019	3	reden	VERB	VVFIN		Fin	Past	3	P	Ind		
14032019	4	von	ADP	APPR								
14032019	5	der	DET	ART					S		Dat	M
14032019	6	Gott	NOUN	NN					S		Nom	M
14032019	7	Jerusalem	PROPN	NE					S		Gen	N
14032019	8	wie	ADP	KOKOM								
14032019	9	von	ADP	APPR								
14032019	10	der	DET	ART					S		Acc	M
14032019	11	Götter	NOUN	NN					P		Dat	M
14032019	12	der	DET	ART					S		Nom	M
14032019	13	Volk	NOUN	NN					P		Nom	N
14032019	14	der	DET	ART					S		Nom	M
14032019	15	Erde	NOUN	NN					S		Nom	F
14032019	16	ein	DET	ART					S		Dat	M
14032019	17	Machwerk	NOUN	NN					S		Nom	N
14032019	18	von	ADP	APPR								
14032019	19	Menschenhände	NOUN	NN					P		Nom	F
14032020	1	und	CCONJ	KON								
14032020	2	der	DET	ART					S		Nom	M
14032020	3	König	NOUN	NN					S		Nom	M
14032020	4	Jehiskia	PROPN	NE					S		Nom	F
14032020	5	und	CCONJ	KON								
14032020	6	Jesaja	PROPN	NE					S		Nom	M
14032020	7	der	DET	ART					S		Nom	M
14032020	8	Sohn	NOUN	NN					S		Nom	M
14032020	9	Amoz	PROPN	NE					S		Nom	
14032020	10	der	DET	ART					S		Nom	M
14032020	11	Prophet	NOUN	NN					S		Nom	M
14032020	12	beten	VERB	VVFIN		Fin	Past	3	P	Ind		
14032020	13	dieserhalb	ADV	PROAV								
14032020	14	und	CCONJ	KON								
14032020	15	schrieen	VERB	VVFIN		Fin	Past	3	P	Ind		
14032020	16	gen	ADP	APPR								
14032020	17	Himmel	NOUN	NN					S		Nom	M
14032021	1	da	SCONJ	KOUS								
14032021	2	senden	VERB	VVFIN		Fin	Past	3	S	Ind		
14032021	3	Jahwe	NOUN	NN					S		Nom	M
14032021	4	ein	DET	ART					S		Acc	M
14032021	5	Engel	NOUN	NN					S		Nom	M
14032021	6	der	DET	ART					S		Nom	M
14032021	7	aller	PRON	PIS					P		Nom	
14032021	8	tapfer	ADJ	ADJA	Pos				S		Acc	M
14032021	9	Held	NOUN	NN					P		Nom	M
14032021	10	und	CCONJ	KON								
14032021	11	Fürst	NOUN	NN					P		Nom	M
14032021	12	und	CCONJ	KON								
14032021	13	oberer	ADJ	ADJA	Sup				S		Dat	F
14032021	14	in	ADP	APPRART					S		Dat	N
14032021	15	Lager	NOUN	NN					S		Nom	N
14032021	16	der	DET	ART					S		Gen	M
14032021	17	König	PROPN	NE					S		Nom	
14032021	18	von	ADP	APPR								
14032021	19	Assyr	PROPN	NE					S		Nom	N
14032021	20	vertilgen	VERB	VVFIN		Fin	Past	3	S	Ind		
14032021	21	und	CCONJ	KON								
14032021	22	dieser	PRON	PDAT					S		Nom	M
14032021	23	ziehen	VERB	VVFIN		Fin	Past	3	S	Ind		
14032021	24	mit	ADP	APPR								
14032021	25	Beschämung	NOUN	NN					S		Nom	F
14032021	26	der	DET	ART					S		Gen	M
14032021	27	angesichts	ADP	APPR								
14032021	28	in	ADP	APPR								
14032021	29	sein	AUX	VAINF		Inf						
14032021	30	Land	NOUN	NN					S		Nom	N
14032021	31	zurück	ADV	PTKVZ								
14032021	32	und	CCONJ	KON								
14032021	33	als	ADP	KOKOM								
14032021	34	er	PRON	PPER				3	S		Nom	M
14032021	35	in	ADP	APPR								
14032021	36	der	DET	ART					S		Nom	N
14032021	37	Haus	NOUN	NN					S		Nom	N
14032021	38	sein	DET	PPOSAT					S		Gen	M
14032021	39	Gott	NOUN	NN					S		Gen	M
14032021	40	gehen	VERB	VVFIN		Fin	Past	3	S	Ind		
14032021	41	fällen	VERB	VVFIN		Fin	Past	3	P	Ind		
14032021	42	ihn	PRON	PPER				3	S		Acc	M
14032021	43	daselbst	ADV	PROAV								
14032021	44	durch	ADP	APPR								
14032021	45	der	DET	ART					S		Nom	N
14032021	46	Schwert	NOUN	NN					S		Nom	N
14032021	47	solcher	DET	PIS					S		Nom	F
14032021	48	der	DET	ART					S		Nom	F
14032021	49	aus	ADP	PTKVZ								
14032021	50	sein	DET	PPOSAT					S		Dat	M
14032021	51	Leib	NOUN	NN					S		Nom	M
14032021	52	hervorgehen	VERB	VVPP		Part						
14032021	53	sein	AUX	VAFIN		Fin	Past	3	P	Ind		
14032022	1	so	ADV	ADV								
14032022	2	retten	VERB	VVFIN		Fin	Past	3	S	Ind		
14032022	3	Jahwe	NOUN	NN					S		Nom	M
14032022	4	Jehiskia	PROPN	NE					S		Nom	F
14032022	5	und	CCONJ	KON								
14032022	6	der	DET	ART					S		Nom	F
14032022	7	Bewohner	NOUN	NN					P		Nom	M
14032022	8	von	ADP	APPR								
14032022	9	Jerusalem	PROPN	NE					S		Nom	N
14032022	10	aus	ADP	PTKVZ								
14032022	11	der	DET	ART					S		Nom	M
14032022	12	Hand	NOUN	NN					S		Nom	F
14032022	13	Sanheribs	NOUN	NN					S		Nom	N
14032022	14	der	DET	ART					S		Gen	M
14032022	15	König	PROPN	NE					S		Nom	
14032022	16	von	ADP	APPR								
14032022	17	Assyr	PROPN	NE					S		Nom	N
14032022	18	und	CCONJ	KON								
14032022	19	aus	ADP	PTKVZ								
14032022	20	der	DET	ART					S		Nom	M
14032022	21	Hand	NOUN	NN					S		Nom	F
14032022	22	aller	DET	PIAT					P		Gen	
14032022	23	und	CCONJ	KON								
14032022	24	er	PRON	PPER				3	S		Nom	M
14032022	25	schützen	VERB	VVFIN		Fin	Past	3	S	Ind		
14032022	26	sie	PRON	PPER				3	P		Nom	
14032022	27	ringsum	ADV	ADV								
14032023	1	und	CCONJ	KON								
14032023	2	vieler	PRON	PIS					P		Nom	
14032023	3	bringen	VERB	VVFIN		Fin	Past	3	P	Ind		
14032023	4	Gabe	NOUN	NN					P		Nom	F
14032023	5	für	ADP	APPR								
14032023	6	Jahwe	NOUN	NN					S		Nom	M
14032023	7	nach	ADP	APPR								
14032023	8	Jerusalem	PROPN	NE					S		Nom	N
14032023	9	und	CCONJ	KON								
14032023	10	Kostbarkeit	NOUN	NN					P		Nom	F
14032023	11	für	ADP	APPR								
14032023	12	Jehiskia	PROPN	NE					S		Nom	F
14032023	13	der	DET	ART					S		Acc	M
14032023	14	König	NOUN	NN					S		Nom	M
14032023	15	von	ADP	APPR								
14032023	16	Juda	PROPN	NE					S		Nom	M
14032023	17	und	CCONJ	KON								
14032023	18	er	PRON	PPER				3	S		Nom	M
14032023	19	werden	AUX	VAFIN		Fin	Past	3	S	Ind		
14032023	20	danach	ADV	PROAV								
14032023	21	erheben	VERB	VVPP		Fin	Past	3	P	Ind		
14032023	22	in	ADP	APPR								
14032023	23	der	DET	ART					S		Acc	M
14032023	24	Auge	NOUN	NN					P		Nom	N
14032023	25	aller	DET	PIAT					P		Gen	
14032023	26	Nation	NOUN	NN					P		Nom	F
14032024	1	in	ADP	APPR								
14032024	2	jener	PRON	PDAT					P		Dat	
14032024	3	Tag	NOUN	NN					P		Dat	M
14032024	4	werden	AUX	VAFIN		Fin	Past	3	S	Ind		
14032024	5	Jehiskia	PROPN	NE					S		Nom	F
14032024	6	krank	ADV	ADJD	Pos							
14032024	7	zu	ADP	APPRART					S		Dat	N
14032024	8	sterben	NOUN	VVINF					S		Nom	N
14032024	9	und	CCONJ	KON								
14032024	10	er	PRON	PPER				3	S		Nom	M
14032024	11	beten	VERB	VVFIN		Fin	Past	3	S	Ind		
14032024	12	zu	ADP	PTKVZ								
14032024	13	Jahwe	NOUN	NN					S		Nom	M
14032024	14	und	CCONJ	KON								
14032024	15	Jahwe	NOUN	NN					S		Nom	M
14032024	16	reden	VERB	VVFIN		Fin	Past	3	S	Ind		
14032024	17	zu	ADP	PTKVZ								
14032024	18	ihm	PRON	PPER				3	S		Dat	M
14032024	19	und	CCONJ	KON								
14032024	20	geben	VERB	VVFIN		Fin	Past	3	S	Ind		
14032024	21	ihm	PRON	PPER				3	S		Dat	M
14032024	22	ein	DET	ART					S		Nom	N
14032024	23	Wunder	NOUN	NN					S		Nom	N
14032025	1	aber	CCONJ	KON								
14032025	2	Jehiskia	PROPN	NE					S		Nom	F
14032025	3	Vergalt	NOUN	NN					S		Nom	M
14032025	4	nicht	PART	PTKNEG								
14032025	5	nach	ADP	APPR								
14032025	6	der	DET	ART					S		Nom	M
14032025	7	Wohltat	NOUN	NN					S		Nom	F
14032025	8	der	DET	ART					S		Nom	F
14032025	9	ihm	PRON	PPER				3	S		Dat	M
14032025	10	erweisen	VERB	VVPP		Part						
14032025	11	werden	AUX	VAPP		Part						
14032025	12	sein	AUX	VAFIN		Fin	Past	3	S	Ind		
14032025	13	denn	CCONJ	KON								
14032025	14	sein	AUX	VAINF		Inf						
14032025	15	Herz	NOUN	NN					S		Nom	N
14032025	16	überhob	PROPN	NE					S		Nom	M
14032025	17	sich	PRON	PRF				3	S		Acc	
14032025	18	und	CCONJ	KON								
14032025	19	es	PRON	PPER				3	S		Nom	N
14032025	20	kommen	VERB	VVFIN		Fin	Past	3	S	Ind		
14032025	21	ein	DET	ART					S		Nom	N
14032025	22	Zorn	NOUN	NN					S		Nom	M
14032025	23	über	ADP	APPR								
14032025	24	ihn	PRON	PPER				3	S		Acc	M
14032025	25	und	CCONJ	KON								
14032025	26	über	ADP	APPR								
14032025	27	Juda	PROPN	NE					S		Nom	M
14032025	28	und	CCONJ	KON								
14032025	29	Jerusalem	PROPN	NE					S		Nom	N
14032026	1	da	SCONJ	KOUS								
14032026	2	demütigen	VERB	VVFIN		Fin	Past	3	S	Ind		
14032026	3	sich	PRON	PRF				3	S		Acc	
14032026	4	Jehiskia	PROPN	NE					S		Nom	F
14032026	5	wegen	ADP	APPR								
14032026	6	der	DET	ART					S		Nom	M
14032026	7	Überhebung	NOUN	NN					S		Nom	F
14032026	8	sein	DET	PPOSAT					S		Gen	M
14032026	9	Herzens	NOUN	NN					P		Nom	N
14032026	10	er	PRON	PPER				3	S		Nom	M
14032026	11	und	CCONJ	KON								
14032026	12	der	DET	ART					S		Nom	F
14032026	13	Bewohner	NOUN	NN					P		Nom	M
14032026	14	von	ADP	APPR								
14032026	15	Jerusalem	PROPN	NE					S		Nom	N
14032026	16	und	CCONJ	KON								
14032026	17	der	DET	ART					S		Nom	M
14032026	18	Zorn	NOUN	NN					S		Nom	M
14032026	19	Jahwe	PROPN	NE					S		Gen	
14032026	20	kommen	VERB	VVFIN		Fin	Past	3	S	Ind		
14032026	21	nicht	PART	PTKNEG								
14032026	22	über	ADP	APPR								
14032026	23	sie	PRON	PPER				3	P		Nom	
14032026	24	in	ADP	APPR								
14032026	25	der	DET	ART					S		Acc	M
14032026	26	Tag	NOUN	NN					P		Dat	M
14032026	27	Jehiskia	PROPN	NE					S		Gen	
14032027	1	und	CCONJ	KON								
14032027	2	Jehiskia	PROPN	NE					S		Nom	F
14032027	3	haben	AUX	VAFIN		Fin	Past	3	S	Ind		
14032027	4	sehr	ADV	ADV								
14032027	5	viel	PRON	PIS								
14032027	6	Reichtum	NOUN	NN					S		Nom	M
14032027	7	und	CCONJ	KON								
14032027	8	Ehre	NOUN	NN					S		Nom	F
14032027	9	und	CCONJ	KON								
14032027	10	er	PRON	PPER				3	S		Nom	M
14032027	11	machen	VERB	VVFIN		Fin	Past	3	S	Ind		
14032027	12	sich	PRON	PRF				3	S		Acc	
14032027	13	Schatzkammer	NOUN	NN					P		Nom	M
14032027	14	für	ADP	APPR								
14032027	15	Silber	NOUN	NN					S		Nom	N
14032027	16	und	CCONJ	KON								
14032027	17	Gold	NOUN	NN					S		Nom	N
14032027	18	und	CCONJ	KON								
14032027	19	Edelstein	NOUN	NN					P		Nom	M
14032027	20	und	CCONJ	KON								
14032027	21	für	ADP	APPR								
14032027	22	Gewürz	NOUN	NN					P		Nom	N
14032027	23	und	CCONJ	KON								
14032027	24	für	ADP	APPR								
14032027	25	Schild	NOUN	NN					P		Nom	N
14032027	26	und	CCONJ	KON								
14032027	27	für	ADP	APPR								
14032027	28	allerlei	DET	PIAT								
14032027	29	kostbar	ADJ	ADJA	Pos				S		Nom	F
14032027	30	Gerät	NOUN	NN					P		Nom	N
14032028	1	und	CCONJ	KON								
14032028	2	Vorratshäuser	PROPN	NE					S		Nom	
14032028	3	für	ADP	APPR								
14032028	4	der	DET	ART					S		Acc	M
14032028	5	Ertrag	NOUN	NN					S		Nom	M
14032028	6	an	ADP	PTKVZ								
14032028	7	Getreide	NOUN	NN					S		Nom	N
14032028	8	und	CCONJ	KON								
14032028	9	Most	NOUN	FM					S		Nom	M
14032028	10	und	CCONJ	KON								
14032028	11	Öl	NOUN	NN					S		Nom	N
14032028	12	und	CCONJ	KON								
14032028	13	Stall	NOUN	NN					P		Nom	M
14032028	14	für	ADP	APPR								
14032028	15	allerlei	DET	PIAT								
14032028	16	Vieh	NOUN	NN					S		Nom	N
14032028	17	und	CCONJ	KON								
14032028	18	er	PRON	PPER				3	S		Nom	M
14032028	19	verschaffen	VERB	VVFIN		Fin	Past	3	S	Ind		
14032028	20	sich	PRON	PRF				3	S		Acc	
14032028	21	Herde	NOUN	NN					P		Nom	F
14032028	22	für	ADP	APPR								
14032028	23	der	DET	ART					S		Nom	F
14032028	24	Stall	NOUN	NN					P		Nom	M
14032029	1	und	CCONJ	KON								
14032029	2	er	PRON	PPER				3	S		Nom	M
14032029	3	legen	VERB	VVFIN		Fin	Past	3	S	Ind		
14032029	4	sich	PRON	PRF				3	S		Acc	
14032029	5	Stadt	NOUN	NN					P		Nom	F
14032029	6	an	ADP	PTKVZ								
14032029	7	und	CCONJ	KON								
14032029	8	Herde	NOUN	NN					P		Nom	F
14032029	9	von	ADP	APPR								
14032029	10	Kleinvieh	NOUN	NN					S		Nom	N
14032029	11	und	CCONJ	KON								
14032029	12	Rind	NOUN	NN					P		Nom	N
14032029	13	in	ADP	APPR								
14032029	14	Menge	NOUN	NN					S		Nom	F
14032029	15	denn	CCONJ	KON								
14032029	16	Gott	NOUN	NN					S		Nom	M
14032029	17	geben	VERB	VVFIN		Fin	Past	3	S	Ind		
14032029	18	ihm	PRON	PPER				3	S		Dat	M
14032029	19	ein	DET	ART					S		Nom	F
14032029	20	sehr	ADV	ADV								
14032029	21	groß	ADJ	ADJA	Pos				S		Nom	F
14032029	22	Habe	AUX	VAFIN		Fin	Pres	3	S	Sub		
14032030	1	und	CCONJ	KON								
14032030	2	er	PRON	PPER				3	S		Nom	M
14032030	3	Jehiskia	PROPN	NE					S		Nom	F
14032030	4	verstopft	ADJ	ADJA	Pos				P		Nom	M
14032030	5	der	DET	ART					S		Acc	M
14032030	6	oberer	PRON	ADJA					S		Nom	N
14032030	7	Ausfluß	NOUN	NN					S		Nom	M
14032030	8	der	DET	ART					S		Nom	M
14032030	9	Wasser	NOUN	NN					S		Nom	N
14032030	10	der	DET	ART					S		Gen	M
14032030	11	Gihon	PROPN	NE					S		Nom	
14032030	12	und	CCONJ	KON								
14032030	13	leiten	VERB	VVFIN		Fin	Past	3	S	Ind		
14032030	14	sie	PRON	PPER				3	P		Nom	
14032030	15	unter	ADP	APPR								
14032030	16	der	DET	ART					S		Dat	M
14032030	17	Boden	NOUN	NN					S		Nom	M
14032030	18	Westwärts	ADV	NE								
14032030	19	nach	ADP	APPR								
14032030	20	der	DET	ART					S		Nom	M
14032030	21	Stadt	NOUN	NN					S		Nom	F
14032030	22	David	PROPN	NE					S		Gen	M
14032030	23	und	CCONJ	KON								
14032030	24	Jehiskia	PROPN	NE					S		Nom	F
14032030	25	haben	AUX	VAFIN		Fin	Past	3	S	Ind		
14032030	26	gelingen	NOUN	NN					S		Nom	N
14032030	27	in	ADP	APPR								
14032030	28	all	DET	PIAT								
14032030	29	sein	DET	PPOSAT					S		Dat	M
14032030	30	tun	NOUN	NN					S		Nom	N
14032031	1	und	CCONJ	KON								
14032031	2	so	ADV	ADV								
14032031	3	verlassen	VERB	VVFIN		Fin	Past	3	S	Ind		
14032031	4	ihn	PRON	PPER				3	S		Acc	M
14032031	5	Gott	NOUN	NN					S		Nom	M
14032031	6	bei	ADP	APPR								
14032031	7	der	DET	ART					S		Acc	M
14032031	8	gesandter	NOUN	NN					P		Nom	
14032031	9	der	DET	ART					S		Nom	M
14032031	10	Fürst	NOUN	NN					P		Nom	M
14032031	11	von	ADP	APPR								
14032031	12	Babel	NOUN	NN					S		Nom	N
14032031	13	der	DET	ART					S		Nom	F
14032031	14	zu	ADP	PTKVZ								
14032031	15	ihm	PRON	PPER				3	S		Dat	M
14032031	16	gesandt	VERB	VVPP		Part						
14032031	17	haben	AUX	VAFIN		Fin	Past	3	P	Ind		
14032031	18	um	ADP	APPR								
14032031	19	nach	ADP	APPR								
14032031	20	der	DET	ART					S		Dat	M
14032031	21	Wunder	NOUN	NN					S		Nom	N
14032031	22	zu	ADP	PTKVZ								
14032031	23	fragen	VERB	VVINF		Inf						
14032031	24	welcher	DET	PWAT					S		Acc	N
14032031	25	in	ADP	APPRART					S		Dat	N
14032031	26	Land	NOUN	NN					P		Nom	N
14032031	27	geschehen	VERB	VVPP		Part						
14032031	28	sein	AUX	VAFIN		Fin	Past	3	S	Ind		
14032031	29	um	ADP	APPR								
14032031	30	ihn	PRON	PPER				3	S		Acc	M
14032031	31	zu	ADP	PTKVZ								
14032031	32	versuchen	VERB	VVINF		Inf						
14032031	33	damit	ADV	PROAV								
14032031	34	er	PRON	PPER				3	S		Nom	M
14032031	35	alle	PRON	PIS					S		Nom	N
14032031	36	erkennte	VERB	VVFIN		Fin	Past	3	S	Ind		
14032031	37	was	PRON	PWS					S		Nom	N
14032031	38	in	ADP	APPR								
14032031	39	sein	DET	PPOSAT					S		Dat	M
14032031	40	Herz	NOUN	NN					S		Nom	N
14032031	41	sein	AUX	VAFIN		Fin	Past	3	S	Ind		
14032032	1	und	CCONJ	KON								
14032032	2	der	DET	ART					S		Nom	N
14032032	3	übrige	ADJ	ADJA	Pos				P		Nom	
14032032	4	der	DET	ART					S		Nom	M
14032032	5	Geschichte	NOUN	NN					S		Nom	F
14032032	6	Jehiskia	PROPN	NE					S		Gen	
14032032	7	und	CCONJ	KON								
14032032	8	sein	DET	PPOSAT					S		Nom	F
14032032	9	gut	ADJ	ADJA	Pos				S		Acc	M
14032032	10	Tat	NOUN	NN					P		Nom	F
14032032	11	sehen	VERB	VVIMP				2	S	Imp		
14032032	12	sie	PRON	PPER				3	P		Nom	
14032032	13	sein	AUX	VAFIN		Fin	Pres	3	P	Ind		
14032032	14	schreiben	VERB	VVPP		Part						
14032032	15	in	ADP	APPR								
14032032	16	der	DET	ART					S		Dat	M
14032032	17	Gesicht	NOUN	NN					P		Nom	N
14032032	18	Jesajas	PROPN	NE					S		Nom	
14032032	19	der	DET	ART					S		Gen	M
14032032	20	Sohn	PROPN	NE					S		Gen	M
14032032	21	Amoz	PROPN	NE					S		Nom	
14032032	22	der	DET	ART					S		Gen	M
14032032	23	Prophet	NOUN	NN					P		Nom	M
14032032	24	in	ADP	APPR								
14032032	25	der	DET	ART					S		Dat	M
14032032	26	Buch	NOUN	NN					P		Nom	N
14032032	27	der	DET	ART					S		Nom	M
14032032	28	König	NOUN	NN					P		Nom	M
14032032	29	von	ADP	APPR								
14032032	30	Juda	PROPN	NE					S		Nom	M
14032032	31	und	CCONJ	KON								
14032032	32	Israel	PROPN	NE					S		Nom	N
14032033	1	und	CCONJ	KON								
14032033	2	Jehiskia	PROPN	NE					S		Nom	F
14032033	3	legen	VERB	VVFIN		Fin	Past	3	S	Ind		
14032033	4	sich	PRON	PRF				3	S		Acc	
14032033	5	zu	ADP	PTKVZ								
14032033	6	sein	DET	PPOSAT					S		Acc	M
14032033	7	Vätern	NOUN	NN					P		Dat	M
14032033	8	und	CCONJ	KON								
14032033	9	man	PRON	PIS					S		Nom	
14032033	10	begrub	VERB	VVFIN		Fin	Pres	3	S	Ind		
14032033	11	ihn	PRON	PPER				3	S		Acc	M
14032033	12	auf	ADP	PTKVZ								
14032033	13	der	DET	ART					S		Nom	M
14032033	14	Anhöhe	NOUN	NN					S		Nom	F
14032033	15	der	DET	ART					S		Nom	M
14032033	16	Gräber	NOUN	NN					P		Nom	N
14032033	17	der	DET	ART					S		Nom	M
14032033	18	Sohn	NOUN	NN					P		Nom	M
14032033	19	David	PROPN	NE					S		Gen	M
14032033	20	und	CCONJ	KON								
14032033	21	ganz	ADV	ADV								
14032033	22	Juda	PROPN	NE					S		Nom	M
14032033	23	und	CCONJ	KON								
14032033	24	der	DET	ART					S		Nom	F
14032033	25	Bewohner	NOUN	NN					P		Nom	M
14032033	26	von	ADP	APPR								
14032033	27	Jerusalem	PROPN	NE					S		Nom	N
14032033	28	erzeigt	ADJ	ADJA	Pos				S		Acc	M
14032033	29	ihm	PRON	PPER				3	S		Dat	M
14032033	30	Ehre	NOUN	NN					S		Nom	F
14032033	31	bei	ADP	APPR								
14032033	32	sein	DET	PPOSAT					S		Dat	M
14032033	33	Tod	NOUN	NN					S		Nom	M
14032033	34	und	CCONJ	KON								
14032033	35	Manasse	PROPN	NE					S		Nom	
14032033	36	sein	AUX	VAINF		Inf						
14032033	37	Sohn	NOUN	NN					S		Nom	M
14032033	38	werden	VERB	VAFIN		Fin	Past	3	S	Ind		
14032033	39	König	NOUN	NN					S		Nom	M
14032033	40	an	ADP	PTKVZ								
14032033	41	sein	DET	PPOSAT					S		Dat	F
14032033	42	statt	SCONJ	KOUI								
14033001	1	zwölf	NUM	CARD								
14033001	2	Jahr	NOUN	NN					P		Nom	N
14033001	3	sein	AUX	VAFIN		Fin	Past	3	S	Ind		
14033001	4	Manasse	PROPN	NE					S		Nom	
14033001	5	alt	ADV	ADJD	Pos							
14033001	6	als	ADP	KOKOM								
14033001	7	er	PRON	PPER				3	S		Nom	M
14033001	8	König	NOUN	NN					S		Nom	M
14033001	9	werden	AUX	VAFIN		Fin	Past	3	S	Ind		
14033001	10	und	CCONJ	KON								
14033001	11	er	PRON	PPER				3	S		Nom	M
14033001	12	regieren	VERB	VVFIN		Fin	Past	3	S	Ind		
14033001	13	55	NUM	CARD								
14033001	14	Jahr	NOUN	NN					P		Nom	N
14033001	15	zu	ADP	PTKVZ								
14033001	16	Jerusalem	PROPN	NE					S		Nom	N
14033002	1	und	CCONJ	KON								
14033002	2	er	PRON	PPER				3	S		Nom	M
14033002	3	tun	VERB	VVFIN		Fin	Past	3	S	Ind		
14033002	4	was	PRON	PWS					S		Nom	N
14033002	5	böse	ADV	ADJD	Pos							
14033002	6	sein	AUX	VAFIN		Fin	Past	3	S	Ind		
14033002	7	in	ADP	APPR								
14033002	8	der	DET	ART					S		Acc	M
14033002	9	Auge	NOUN	NN					P		Nom	N
14033002	10	Jahwe	PROPN	NE					S		Gen	
14033002	11	nach	ADP	APPR								
14033002	12	der	DET	ART					S		Acc	M
14033002	13	Greuel	NOUN	NN					P		Dat	M
14033002	14	der	DET	ART					S		Nom	M
14033002	15	Nation	NOUN	NN					P		Nom	F
14033002	16	der	DET	ART					S		Nom	F
14033002	17	Jahwe	NOUN	NN					S		Nom	M
14033002	18	vor	ADP	APPR								
14033002	19	der	DET	ART					S		Acc	M
14033002	20	Kind	NOUN	NN					P		Dat	N
14033002	21	Israel	PROPN	NE					S		Nom	N
14033002	22	austreiben	VERB	VVPP		Part						
14033002	23	haben	AUX	VAFIN		Fin	Past	3	S	Ind		
14033003	1	und	CCONJ	KON								
14033003	2	er	PRON	PPER				3	S		Nom	M
14033003	3	bauen	VERB	VVFIN		Fin	Past	3	S	Ind		
14033003	4	der	DET	ART					S		Nom	F
14033003	5	Höhe	NOUN	NN					P		Nom	F
14033003	6	wieder	ADV	ADV								
14033003	7	auf	ADP	PTKVZ								
14033003	8	der	DET	ART					S		Nom	F
14033003	9	sein	AUX	VAINF		Inf						
14033003	10	Vater	NOUN	NN					S		Nom	M
14033003	11	Jehiskia	PROPN	NE					S		Nom	F
14033003	12	niedergerissen	VERB	VVPP		Part						
14033003	13	haben	AUX	VAFIN		Fin	Past	3	S	Ind		
14033003	14	und	CCONJ	KON								
14033003	15	errichten	VERB	VVFIN		Fin	Past	3	S	Ind		
14033003	16	der	DET	ART					S		Acc	M
14033003	17	Baalim	PROPN	NE					S		Nom	N
14033003	18	Altär	NOUN	NN					P		Nom	M
14033003	19	und	CCONJ	KON								
14033003	20	machen	VERB	VVFIN		Fin	Past	3	S	Ind		
14033003	21	Ascheroth	NOUN	NN					S		Nom	F
14033003	22	und	CCONJ	KON								
14033003	23	beugen	VERB	VVFIN		Fin	Past	3	S	Ind		
14033003	24	sich	PRON	PRF				3	S		Acc	
14033003	25	nieder	ADV	PTKVZ								
14033003	26	vor	ADP	APPR								
14033003	27	der	DET	ART					S		Dat	M
14033003	28	ganz	PRON	ADJA					S		Nom	M
14033003	29	Heer	NOUN	NN					P		Nom	M
14033003	30	der	DET	ART					S		Gen	M
14033003	31	Himmel	NOUN	NN					S		Gen	M
14033003	32	und	CCONJ	KON								
14033003	33	dienen	VERB	VVFIN		Fin	Past	3	S	Ind		
14033003	34	ihnen	PRON	PPER				3	P		Dat	
14033004	1	und	CCONJ	KON								
14033004	2	er	PRON	PPER				3	S		Nom	M
14033004	3	bauen	VERB	VVFIN		Fin	Past	3	S	Ind		
14033004	4	Altär	NOUN	NN					P		Nom	M
14033004	5	in	ADP	APPR								
14033004	6	der	DET	ART					S		Dat	M
14033004	7	Haus	NOUN	NN					P		Nom	N
14033004	8	Jahwe	PROPN	NE					S		Gen	
14033004	9	von	ADP	APPR								
14033004	10	welcher	DET	PWAT					S		Dat	N
14033004	11	Jahwe	NOUN	NN					S		Nom	M
14033004	12	sagen	VERB	VVPP		Part						
14033004	13	haben	AUX	VAFIN		Fin	Past	3	S	Ind		
14033004	14	in	ADP	APPR								
14033004	15	Jerusalem	PROPN	NE					S		Nom	N
14033004	16	sollen	AUX	VMFIN		Fin	Pres	3	S	Ind		
14033004	17	mein	DET	PPOSAT					S		Nom	N
14033004	18	Name	NOUN	NN					S		Nom	M
14033004	19	sein	AUX	VAINF		Inf						
14033004	20	ewiglich	ADV	ADJD	Pos							
14033005	1	und	CCONJ	KON								
14033005	2	er	PRON	PPER				3	S		Nom	M
14033005	3	bauen	VERB	VVFIN		Fin	Past	3	S	Ind		
14033005	4	der	DET	ART					S		Dat	M
14033005	5	ganz	PRON	ADJA					S		Nom	M
14033005	6	Heer	NOUN	NN					P		Nom	M
14033005	7	der	DET	ART					S		Gen	M
14033005	8	Himmel	NOUN	NN					S		Gen	M
14033005	9	Altär	NOUN	NN					P		Nom	M
14033005	10	in	ADP	APPR								
14033005	11	der	DET	ART					S		Acc	M
14033005	12	beide	PRON	PIAT					P		Nom	
14033005	13	Hof	NOUN	NN					P		Dat	M
14033005	14	der	DET	ART					S		Gen	M
14033005	15	Haus	NOUN	NN					S		Gen	N
14033005	16	Jahwe	PROPN	NE					S		Gen	
14033006	1	und	CCONJ	KON								
14033006	2	er	PRON	PPER				3	S		Nom	M
14033006	3	lassen	VERB	VVFIN		Fin	Past	3	S	Ind		
14033006	4	sein	DET	PPOSAT					S		Nom	F
14033006	5	Sohn	NOUN	NN					P		Nom	M
14033006	6	durch	ADP	APPRART					S		Acc	N
14033006	7	Feuer	NOUN	NN					S		Nom	N
14033006	8	gehen	VERB	VVINF		Inf						
14033006	9	in	ADP	APPRART					S		Dat	N
14033006	10	Tal	PROPN	NN					S		Nom	
14033006	11	der	DET	ART					S		Gen	M
14033006	12	Sohn	PROPN	NE					S		Gen	M
14033006	13	Hinnom	PROPN	NE					S		Nom	
14033006	14	und	CCONJ	KON								
14033006	15	er	PRON	PPER				3	S		Nom	M
14033006	16	treiben	VERB	VVFIN		Fin	Past	3	S	Ind		
14033006	17	Zauberei	NOUN	NN					S		Nom	F
14033006	18	und	CCONJ	KON								
14033006	19	Wahrsagerei	NOUN	NN					S		Nom	F
14033006	20	und	CCONJ	KON								
14033006	21	Beschwörung	NOUN	NN					S		Nom	F
14033006	22	und	CCONJ	KON								
14033006	23	bestellen	VERB	VVFIN		Fin	Past	3	S	Ind		
14033006	24	Totenbeschwörer	NOUN	NN					P		Nom	M
14033006	25	und	CCONJ	KON								
14033006	26	Wahrsager	NOUN	NN					S		Nom	M
14033006	27	er	PRON	PPER				3	S		Nom	M
14033006	28	tun	VERB	VVFIN		Fin	Past	3	S	Ind		
14033006	29	viel	PRON	PIS								
14033006	30	böse	NOUN	PIAT					S		Nom	N
14033006	31	in	ADP	APPR								
14033006	32	der	DET	ART					S		Acc	M
14033006	33	Auge	NOUN	NN					P		Nom	N
14033006	34	Jahwe	PROPN	NE					S		Gen	
14033006	35	um	ADP	APPR								
14033006	36	ihn	PRON	PPER				3	S		Acc	M
14033006	37	zu	ADP	PTKVZ								
14033006	38	reizen	VERB	VVINF		Inf						
14033007	1	und	CCONJ	KON								
14033007	2	er	PRON	PPER				3	S		Nom	M
14033007	3	stellen	VERB	VVFIN		Fin	Past	3	S	Ind		
14033007	4	der	DET	ART					S		Nom	N
14033007	5	geschnitzen	VERB	ADJA		Fin	Past	3	S	Ind		
14033007	6	Bild	NOUN	NN					S		Nom	N
14033007	7	der	DET	ART					S		Gen	M
14033007	8	Gleichnisse	PROPN	NN					S		Gen	M
14033007	9	der	DET	ART					S		Nom	N
14033007	10	er	PRON	PPER				3	S		Nom	M
14033007	11	machen	VERB	VVPP		Part						
14033007	12	haben	AUX	VAFIN		Fin	Past	3	S	Ind		
14033007	13	in	ADP	APPR								
14033007	14	der	DET	ART					S		Nom	N
14033007	15	Haus	NOUN	NN					S		Nom	N
14033007	16	Gott	NOUN	NN					S		Gen	M
14033007	17	von	ADP	APPR								
14033007	18	welcher	DET	PWAT					S		Dat	N
14033007	19	Gott	NOUN	NN					S		Nom	M
14033007	20	zu	ADP	PTKVZ								
14033007	21	David	PROPN	NE					S		Nom	M
14033007	22	und	CCONJ	KON								
14033007	23	zu	ADP	PTKVZ								
14033007	24	sein	DET	PPOSAT					S		Dat	M
14033007	25	Sohn	NOUN	NN					S		Acc	M
14033007	26	Salomo	PROPN	NE					S		Nom	M
14033007	27	sagen	VERB	VVPP		Part						
14033007	28	haben	AUX	VAFIN		Fin	Past	3	S	Ind		
14033007	29	in	ADP	APPR								
14033007	30	dieser	DET	PDAT					S		Nom	N
14033007	31	Haus	NOUN	NN					S		Nom	N
14033007	32	und	CCONJ	KON								
14033007	33	in	ADP	APPR								
14033007	34	Jerusalem	PROPN	NE					S		Nom	N
14033007	35	der	DET	ART					S		Nom	N
14033007	36	ich	PRON	PPER				1	S		Nom	
14033007	37	aus	ADP	PTKVZ								
14033007	38	aller	DET	PIS					P		Dat	
14033007	39	Stämme	NOUN	NN					P		Dat	M
14033007	40	Israel	PROPN	NE					S		Gen	N
14033007	41	erwählen	VERB	VVPP		Part						
14033007	42	haben	AUX	VAFIN		Fin	Pres	3	S	Sub		
14033007	43	wollen	AUX	VMFIN		Fin	Pres	3	S	Ind		
14033007	44	ich	PRON	PPER				1	S		Nom	
14033007	45	meinen	VERB	VVFIN		Fin	Pres	3	P	Ind		
14033007	46	Name	NOUN	NN					P		Nom	M
14033007	47	setzen	VERB	VVINF		Fin	Pres	3	P	Ind		
14033007	48	ewiglich	ADV	ADJD	Pos							
14033008	1	und	CCONJ	KON								
14033008	2	ich	PRON	PPER				1	S		Nom	
14033008	3	wollen	AUX	VMFIN		Fin	Pres	3	S	Ind		
14033008	4	der	DET	ART					S		Acc	M
14033008	5	Fuß	NOUN	NN					S		Nom	M
14033008	6	Israel	PROPN	NE					S		Gen	N
14033008	7	nicht	PART	PTKNEG								
14033008	8	mehr	ADV	ADV								
14033008	9	aus	ADP	PTKVZ								
14033008	10	der	DET	ART					S		Dat	M
14033008	11	Land	NOUN	NN					P		Nom	N
14033008	12	weichen	VERB	VVINF		Inf						
14033008	13	lassen	VERB	VVINF		Fin	Pres	3	P	Ind		
14033008	14	welcher	DET	PWAT					S		Acc	N
14033008	15	ich	PRON	PPER				1	S		Nom	
14033008	16	euren	DET	PPOSAT					S		Acc	M
14033008	17	Vätern	NOUN	NN					P		Dat	M
14033008	18	bestimmen	VERB	VVPP		Part						
14033008	19	haben	AUX	VAFIN		Fin	Pres	3	S	Sub		
14033008	20	wenn	SCONJ	KOUS								
14033008	21	sie	PRON	PPER				3	P		Nom	
14033008	22	nur	ADV	ADV								
14033008	23	darauf	ADV	PROAV								
14033008	24	achten	VERB	VVINF		Inf						
14033008	25	alle	PRON	PIS					S		Nom	N
14033008	26	zu	ADP	PTKVZ								
14033008	27	tun	VERB	VVINF		Inf						
14033008	28	was	PRON	PWS					S		Nom	N
14033008	29	ich	PRON	PPER				1	S		Nom	
14033008	30	ihnen	PRON	PPER				3	P		Dat	
14033008	31	gebieten	VERB	VVPP		Part						
14033008	32	haben	AUX	VAFIN		Fin	Pres	3	S	Sub		
14033008	33	nach	ADP	APPR								
14033008	34	der	DET	ART					S		Dat	M
14033008	35	ganz	PRON	ADJA					S		Nom	M
14033008	36	Gesetz	NOUN	NN					S		Nom	N
14033008	37	und	CCONJ	KON								
14033008	38	der	DET	ART					S		Acc	M
14033008	39	Satzunge	NOUN	NN					P		Nom	F
14033008	40	und	CCONJ	KON								
14033008	41	der	DET	ART					S		Acc	M
14033008	42	rechte	NOUN	NN					P		Nom	F
14033008	43	durch	ADP	APPR								
14033008	44	Mose	PROPN	NE					S		Nom	
14033009	1	aber	CCONJ	KON								
14033009	2	Manasse	PROPN	NE					S		Nom	
14033009	3	verleiten	VERB	VVFIN		Fin	Past	3	S	Ind		
14033009	4	Juda	PROPN	NE					S		Nom	M
14033009	5	und	CCONJ	KON								
14033009	6	der	DET	ART					S		Nom	F
14033009	7	Bewohner	NOUN	NN					P		Nom	M
14033009	8	von	ADP	APPR								
14033009	9	Jerusalem	PROPN	NE					S		Nom	N
14033009	10	mehr	ADV	ADV								
14033009	11	böse	NOUN	PIAT					S		Nom	N
14033009	12	zu	ADP	PTKVZ								
14033009	13	tun	VERB	VVINF		Inf						
14033009	14	als	ADP	KOKOM								
14033009	15	der	DET	ART					S		Nom	F
14033009	16	Nation	NOUN	NN					P		Nom	F
14033009	17	welcher	DET	PWAT					S		Nom	F
14033009	18	Jahwe	NOUN	NN					S		Nom	M
14033009	19	vor	ADP	APPR								
14033009	20	der	DET	ART					S		Acc	M
14033009	21	Kind	NOUN	NN					P		Dat	N
14033009	22	Israel	PROPN	NE					S		Nom	N
14033009	23	vertilgen	VERB	VVPP		Part						
14033009	24	haben	AUX	VAFIN		Fin	Past	3	S	Ind		
14033010	1	und	CCONJ	KON								
14033010	2	Jahwe	NOUN	NN					S		Nom	M
14033010	3	reden	VERB	VVFIN		Fin	Past	3	S	Ind		
14033010	4	zu	ADP	PTKVZ								
14033010	5	Manasse	PROPN	NE					S		Nom	
14033010	6	und	CCONJ	KON								
14033010	7	zu	ADP	PTKVZ								
14033010	8	sein	DET	PPOSAT					S		Dat	M
14033010	9	Volke	NOUN	NN					S		Nom	M
14033010	10	aber	CCONJ	KON								
14033010	11	sie	PRON	PPER				3	P		Nom	
14033010	12	merken	VERB	VVFIN		Fin	Past	3	P	Ind		
14033010	13	nicht	PART	PTKNEG								
14033010	14	darauf	ADV	PROAV								
14033011	1	da	SCONJ	KOUS								
14033011	2	lassen	VERB	VVFIN		Fin	Past	3	S	Ind		
14033011	3	Jahwe	NOUN	NN					S		Nom	M
14033011	4	der	DET	ART					S		Nom	F
14033011	5	Heeroberst	NOUN	NN					P		Nom	F
14033011	6	der	DET	ART					S		Gen	M
14033011	7	König	PROPN	NE					S		Nom	
14033011	8	von	ADP	APPR								
14033011	9	Assyr	PROPN	NE					S		Nom	N
14033011	10	über	ADP	APPR								
14033011	11	sie	PRON	PPER				3	P		Nom	
14033011	12	kommen	VERB	VVFIN		Fin	Pres	3	P	Ind		
14033011	13	und	CCONJ	KON								
14033011	14	sie	PRON	PPER				3	P		Nom	
14033011	15	nehmen	VERB	VVFIN		Fin	Past	3	P	Ind		
14033011	16	Manasse	PROPN	NE					S		Nom	
14033011	17	gefangen	VERB	VVPP		Part						
14033011	18	und	CCONJ	KON								
14033011	19	binden	VERB	VVFIN		Fin	Past	3	P	Ind		
14033011	20	ihn	PRON	PPER				3	S		Acc	M
14033011	21	mit	ADP	APPR								
14033011	22	ehern	ADJ	ADJA	Pos				S		Acc	M
14033011	23	Fessel	NOUN	NN					P		Nom	F
14033011	24	und	CCONJ	KON								
14033011	25	führen	VERB	VVFIN		Fin	Past	3	P	Ind		
14033011	26	ihn	PRON	PPER				3	S		Acc	M
14033011	27	nach	ADP	APPR								
14033011	28	Babel	NOUN	NN					S		Nom	N
14033012	1	und	CCONJ	KON								
14033012	2	als	ADP	KOKOM								
14033012	3	er	PRON	PPER				3	S		Nom	M
14033012	4	bedrängen	VERB	VVPP		Part						
14033012	5	sein	AUX	VAFIN		Fin	Past	3	S	Ind		
14033012	6	flehen	VERB	VVFIN		Fin	Past	3	S	Ind		
14033012	7	er	PRON	PPER				3	S		Nom	M
14033012	8	Jahwe	NOUN	NN					S		Nom	M
14033012	9	sein	DET	PPOSAT					S		Acc	M
14033012	10	Gott	NOUN	NN					S		Nom	M
14033012	11	an	ADP	PTKVZ								
14033012	12	und	CCONJ	KON								
14033012	13	demütigen	VERB	VVFIN		Fin	Past	3	S	Ind		
14033012	14	sich	PRON	PRF				3	S		Acc	
14033012	15	sehr	ADV	ADV								
14033012	16	vor	ADP	APPR								
14033012	17	der	DET	ART					S		Dat	M
14033012	18	Gott	NOUN	NN					S		Nom	M
14033012	19	sein	DET	PPOSAT					S		Dat	F
14033012	20	Vater	NOUN	NN					P		Nom	M
14033012	21	und	CCONJ	KON								
14033012	22	beten	VERB	VVFIN		Fin	Past	3	S	Ind		
14033012	23	zu	ADP	PTKVZ								
14033012	24	ihm	PRON	PPER				3	S		Dat	M
14033013	1	und	CCONJ	KON								
14033013	2	er	PRON	PPER				3	S		Nom	M
14033013	3	lassen	VERB	VVFIN		Fin	Past	3	S	Ind		
14033013	4	sich	PRON	PRF				3	S		Acc	
14033013	5	von	ADP	APPR								
14033013	6	ihm	PRON	PPER				3	S		Dat	M
14033013	7	erbitten	VERB	VVFIN		Fin	Pres	3	P	Ind		
14033013	8	und	CCONJ	KON								
14033013	9	erhörn	VERB	VVFIN		Fin	Past	3	S	Ind		
14033013	10	sein	AUX	VAINF		Inf						
14033013	11	Flehen	NOUN	NN					S		Nom	N
14033013	12	und	CCONJ	KON								
14033013	13	bringen	VERB	VVFIN		Fin	Past	3	S	Ind		
14033013	14	ihn	PRON	PPER				3	S		Acc	M
14033013	15	nach	ADP	APPR								
14033013	16	Jerusalem	PROPN	NE					S		Nom	N
14033013	17	in	ADP	APPR								
14033013	18	sein	AUX	VAINF		Inf						
14033013	19	Königreich	NOUN	NN					S		Nom	N
14033013	20	zurück	ADV	PTKVZ								
14033013	21	da	SCONJ	KOUS								
14033013	22	erkennen	VERB	VVFIN		Fin	Past	3	S	Ind		
14033013	23	Manasse	PROPN	NE					S		Nom	
14033013	24	daß	SCONJ	KOUS								
14033013	25	Jahwe	NOUN	NN					S		Nom	M
14033013	26	Gott	NOUN	NN					S		Nom	M
14033013	27	sein	AUX	VAFIN		Fin	Pres	3	S	Ind		
14033014	1	und	CCONJ	KON								
14033014	2	Hernach	ADV	PROAV								
14033014	3	bauen	VERB	VVFIN		Fin	Past	3	S	Ind		
14033014	4	er	PRON	PPER				3	S		Nom	M
14033014	5	der	DET	ART					S		Nom	F
14033014	6	äußere	ADJ	ADJA	Pos				S		Nom	F
14033014	7	Mauer	NOUN	NN					S		Nom	F
14033014	8	der	DET	ART					S		Nom	M
14033014	9	Stadt	NOUN	NN					S		Nom	F
14033014	10	David	PROPN	NE					S		Gen	M
14033014	11	westlich	ADV	ADJD	Pos							
14033014	12	gegen	ADP	APPR								
14033014	13	der	DET	ART					S		Acc	M
14033014	14	Gihon	PROPN	NE					S		Nom	
14033014	15	hin	ADV	ADV								
14033014	16	in	ADP	APPRART					S		Dat	N
14033014	17	Tal	PROPN	NN					S		Nom	
14033014	18	und	CCONJ	KON								
14033014	19	bis	CCONJ	KON								
14033014	20	zu	ADP	APPRART					S		Dat	N
14033014	21	Eingang	NOUN	NN					S		Nom	M
14033014	22	der	DET	ART					S		Gen	M
14033014	23	Fischtore	NOUN	NE					S		Nom	N
14033014	24	und	CCONJ	KON								
14033014	25	umgeben	VERB	VVFIN		Fin	Past	3	S	Ind		
14033014	26	der	DET	ART					S		Acc	M
14033014	27	Ophel	PROPN	NE					S		Nom	
14033014	28	mit	ADP	APPR								
14033014	29	ein	PRON	ART					S		Nom	M
14033014	30	Mauer	NOUN	NN					S		Nom	F
14033014	31	und	CCONJ	KON								
14033014	32	machen	VERB	VVFIN		Fin	Past	3	S	Ind		
14033014	33	sie	PRON	PPER				3	P		Nom	
14033014	34	sehr	ADV	ADV								
14033014	35	hoch	ADV	ADJD	Pos							
14033014	36	und	CCONJ	KON								
14033014	37	er	PRON	PPER				3	S		Nom	M
14033014	38	legen	VERB	VVFIN		Fin	Past	3	S	Ind		
14033014	39	Kriegsoberst	NOUN	NN					S		Nom	F
14033014	40	in	ADP	APPR								
14033014	41	aller	PRON	PIS					P		Nom	
14033014	42	fest	ADJ	ADJA	Pos				S		Acc	M
14033014	43	Stadt	NOUN	NN					P		Nom	F
14033014	44	in	ADP	APPR								
14033014	45	Juda	PROPN	NE					S		Nom	M
14033015	1	und	CCONJ	KON								
14033015	2	er	PRON	PPER				3	S		Nom	M
14033015	3	tun	VERB	VVFIN		Fin	Past	3	S	Ind		
14033015	4	der	DET	ART					S		Nom	F
14033015	5	Götter	NOUN	NN					P		Nom	M
14033015	6	der	DET	ART					S		Nom	M
14033015	7	Fremde	NOUN	NN					P		Nom	
14033015	8	hinweg	ADP	APZR								
14033015	9	und	CCONJ	KON								
14033015	10	der	DET	ART					S		Nom	N
14033015	11	Gleichnis	NOUN	NN					S		Nom	N
14033015	12	aus	ADP	PTKVZ								
14033015	13	der	DET	ART					S		Dat	M
14033015	14	Haus	NOUN	NN					P		Nom	N
14033015	15	Jahwe	PROPN	NE					S		Gen	
14033015	16	und	CCONJ	KON								
14033015	17	aller	PRON	PIS					P		Nom	
14033015	18	Altär	NOUN	NN					P		Nom	M
14033015	19	der	DET	ART					S		Nom	F
14033015	20	er	PRON	PPER				3	S		Nom	M
14033015	21	auf	ADP	PTKVZ								
14033015	22	der	DET	ART					S		Dat	M
14033015	23	Berg	NOUN	NN					P		Nom	M
14033015	24	der	DET	ART					S		Gen	M
14033015	25	Haus	NOUN	NN					S		Gen	N
14033015	26	Jahwe	PROPN	NE					S		Gen	
14033015	27	und	CCONJ	KON								
14033015	28	in	ADP	APPR								
14033015	29	Jerusalem	PROPN	NE					S		Nom	N
14033015	30	bauen	VERB	VVPP		Part						
14033015	31	haben	AUX	VAFIN		Fin	Past	3	S	Ind		
14033015	32	und	CCONJ	KON								
14033015	33	er	PRON	PPER				3	S		Nom	M
14033015	34	werfen	VERB	VVFIN		Fin	Past	3	S	Ind		
14033015	35	sie	PRON	PPER				3	P		Nom	
14033015	36	hinaus	ADP	APZR								
14033015	37	außerhalb	ADP	APPR								
14033015	38	der	DET	ART					S		Nom	M
14033015	39	Stadt	NOUN	NN					S		Nom	F
14033016	1	und	CCONJ	KON								
14033016	2	er	PRON	PPER				3	S		Nom	M
14033016	3	bauen	VERB	VVFIN		Fin	Past	3	S	Ind		
14033016	4	der	DET	ART					S		Acc	M
14033016	5	Altar	NOUN	NN					S		Nom	M
14033016	6	Jahwe	PROPN	NE					S		Gen	
14033016	7	wieder	ADV	ADV								
14033016	8	auf	ADP	PTKVZ								
14033016	9	und	CCONJ	KON								
14033016	10	opfern	VERB	VVFIN		Fin	Past	3	S	Ind		
14033016	11	auf	ADP	PTKVZ								
14033016	12	derselbe	DET	PDAT					S		Dat	N
14033016	13	Frieden	NOUN	NE					S		Gen	M
14033016	14	und	CCONJ	KON								
14033016	15	Dankopfer	NOUN	NN					S		Nom	M
14033016	16	und	CCONJ	KON								
14033016	17	er	PRON	PPER				3	S		Nom	M
14033016	18	befehlen	VERB	VVFIN		Fin	Past	3	S	Ind		
14033016	19	Juda	PROPN	NE					S		Nom	M
14033016	20	daß	SCONJ	KOUS								
14033016	21	sie	PRON	PPER				3	P		Nom	
14033016	22	Jahwe	NOUN	NN					S		Nom	M
14033016	23	der	DET	ART					S		Dat	M
14033016	24	Gott	NOUN	NN					S		Nom	M
14033016	25	Israel	PROPN	NE					S		Gen	N
14033016	26	dienen	VERB	VVINF		Inf						
14033016	27	sollen	AUX	VMFIN		Fin	Past	3	P	Ind		
14033017	1	aber	CCONJ	KON								
14033017	2	der	DET	ART					S		Nom	N
14033017	3	Volk	NOUN	NN					S		Nom	N
14033017	4	opfern	VERB	VVFIN		Fin	Past	3	S	Ind		
14033017	5	noch	CCONJ	KON								
14033017	6	auf	ADP	PTKVZ								
14033017	7	der	DET	ART					S		Acc	M
14033017	8	Höhe	NOUN	NN					P		Nom	F
14033017	9	wiewohl	SCONJ	KOUS								
14033017	10	Jahwe	NOUN	NN					S		Nom	M
14033017	11	ihr	DET	PPOSAT					S		Dat	N
14033017	12	Gott	NOUN	NN					S		Nom	M
14033018	1	und	CCONJ	KON								
14033018	2	der	DET	ART					S		Nom	N
14033018	3	übrige	ADJ	ADJA	Pos				P		Nom	
14033018	4	der	DET	ART					S		Nom	M
14033018	5	Geschichte	NOUN	NN					S		Nom	F
14033018	6	Manasse	PROPN	NE					S		Gen	M
14033018	7	und	CCONJ	KON								
14033018	8	sein	AUX	VAINF		Inf						
14033018	9	Gebet	NOUN	NN					S		Nom	N
14033018	10	zu	ADP	PTKVZ								
14033018	11	sein	DET	PPOSAT					S		Dat	M
14033018	12	Gott	NOUN	NN					S		Nom	M
14033018	13	und	CCONJ	KON								
14033018	14	der	DET	ART					S		Nom	F
14033018	15	Wort	NOUN	NN					P		Nom	N
14033018	16	der	DET	ART					S		Nom	M
14033018	17	Seher	NOUN	NN					S		Nom	M
14033018	18	der	DET	ART					S		Nom	F
14033018	19	zu	ADP	PTKVZ								
14033018	20	ihm	PRON	PPER				3	S		Dat	M
14033018	21	reden	VERB	VVFIN		Fin	Past	3	P	Ind		
14033018	22	in	ADP	APPRART					S		Dat	N
14033018	23	Name	NOUN	NN					P		Nom	M
14033018	24	Jahwe	PROPN	NE					S		Gen	
14033018	25	der	DET	ART					S		Gen	M
14033018	26	Gott	NOUN	NN					S		Gen	M
14033018	27	Israel	PROPN	NE					S		Gen	N
14033018	28	sehen	VERB	VVIMP				2	S	Imp		
14033018	29	der	DET	ART					S		Nom	N
14033018	30	sein	AUX	VAFIN		Fin	Pres	3	S	Ind		
14033018	31	schreiben	VERB	VVPP		Part						
14033018	32	in	ADP	APPR								
14033018	33	der	DET	ART					S		Nom	M
14033018	34	Geschichte	NOUN	NN					S		Nom	F
14033018	35	der	DET	ART					S		Nom	M
14033018	36	König	NOUN	NN					P		Nom	M
14033018	37	von	ADP	APPR								
14033018	38	Israel	PROPN	NE					S		Nom	N
14033019	1	sein	DET	PPOSAT					S		Nom	N
14033019	2	Gebet	NOUN	NN					S		Nom	N
14033019	3	aber	CCONJ	KON								
14033019	4	und	CCONJ	KON								
14033019	5	wie	ADP	KOKOM								
14033019	6	Gott	NOUN	NN					S		Nom	M
14033019	7	sich	PRON	PRF				3	S		Acc	
14033019	8	von	ADP	APPR								
14033019	9	ihm	PRON	PPER				3	S		Dat	M
14033019	10	erbitten	VERB	VVFIN		Fin	Pres	3	P	Ind		
14033019	11	lassen	VERB	VVFIN		Fin	Past	3	S	Ind		
14033019	12	und	CCONJ	KON								
14033019	13	aller	PRON	PIS					P		Nom	
14033019	14	sein	DET	PPOSAT					S		Nom	F
14033019	15	Sünde	NOUN	NN					S		Nom	F
14033019	16	und	CCONJ	KON								
14033019	17	sein	DET	PPOSAT					S		Nom	F
14033019	18	Untreue	NOUN	NN					S		Nom	F
14033019	19	und	CCONJ	KON								
14033019	20	der	DET	ART					S		Nom	F
14033019	21	Ort	NOUN	NN					P		Nom	M
14033019	22	an	ADP	PTKVZ								
14033019	23	welcher	DET	PWAT					S		Acc	M
14033019	24	er	PRON	PPER				3	S		Nom	M
14033019	25	Höhe	NOUN	NN					P		Nom	F
14033019	26	bauen	VERB	VVPP		Part						
14033019	27	und	CCONJ	KON								
14033019	28	der	DET	ART					S		Nom	F
14033019	29	ascherim	PROPN	NE					S		Nom	M
14033019	30	und	CCONJ	KON								
14033019	31	der	DET	ART					S		Nom	F
14033019	32	geschnitzt	ADJ	ADJA	Pos				S		Dat	M
14033019	33	Bild	NOUN	NN					P		Nom	N
14033019	34	aufstellen	VERB	VVPP		Part						
14033019	35	haben	AUX	VAFIN		Fin	Past	3	S	Ind		
14033019	36	bevor	SCONJ	KOUS								
14033019	37	er	PRON	PPER				3	S		Nom	M
14033019	38	sich	PRON	PRF				3	S		Acc	
14033019	39	demütigen	VERB	VVFIN		Fin	Past	3	S	Ind		
14033019	40	sehen	VERB	VVIMP				2	S	Imp		
14033019	41	der	DET	ART					S		Nom	N
14033019	42	sein	AUX	VAFIN		Fin	Pres	3	S	Ind		
14033019	43	schreiben	VERB	VVPP		Part						
14033019	44	in	ADP	APPR								
14033019	45	der	DET	ART					S		Nom	M
14033019	46	Geschichte	NOUN	NN					S		Nom	F
14033019	47	Hosais	PROPN	NE					S		Nom	
14033020	1	und	CCONJ	KON								
14033020	2	Manasse	PROPN	NE					S		Nom	
14033020	3	legen	VERB	VVFIN		Fin	Past	3	S	Ind		
14033020	4	sich	PRON	PRF				3	S		Acc	
14033020	5	zu	ADP	PTKVZ								
14033020	6	sein	DET	PPOSAT					S		Acc	M
14033020	7	Vätern	NOUN	NN					P		Dat	M
14033020	8	und	CCONJ	KON								
14033020	9	man	PRON	PIS					S		Nom	
14033020	10	begrub	VERB	VVFIN		Fin	Pres	3	S	Ind		
14033020	11	ihn	PRON	PPER				3	S		Acc	M
14033020	12	in	ADP	APPR								
14033020	13	sein	DET	PPOSAT					S		Dat	M
14033020	14	Haus	NOUN	NN					P		Nom	N
14033020	15	und	CCONJ	KON								
14033020	16	Amon	PROPN	NE					S		Nom	
14033020	17	sein	AUX	VAINF		Inf						
14033020	18	Sohn	NOUN	NN					S		Nom	M
14033020	19	werden	VERB	VAFIN		Fin	Past	3	S	Ind		
14033020	20	König	NOUN	NN					S		Nom	M
14033020	21	an	ADP	PTKVZ								
14033020	22	sein	DET	PPOSAT					S		Dat	F
14033020	23	statt	SCONJ	KOUI								
14033021	1	zweiundzwanzig	ADV	ADJD								
14033021	2	Jahr	NOUN	NN					P		Nom	N
14033021	3	sein	AUX	VAFIN		Fin	Past	3	S	Ind		
14033021	4	Amon	PROPN	NE					S		Nom	
14033021	5	alt	ADV	ADJD	Pos							
14033021	6	als	ADP	KOKOM								
14033021	7	er	PRON	PPER				3	S		Nom	M
14033021	8	König	NOUN	NN					S		Nom	M
14033021	9	werden	AUX	VAFIN		Fin	Past	3	S	Ind		
14033021	10	und	CCONJ	KON								
14033021	11	er	PRON	PPER				3	S		Nom	M
14033021	12	regieren	VERB	VVFIN		Fin	Past	3	S	Ind		
14033021	13	zwei	NUM	CARD								
14033021	14	Jahr	NOUN	NN					P		Nom	N
14033021	15	zu	ADP	PTKVZ								
14033021	16	Jerusalem	PROPN	NE					S		Nom	N
14033022	1	und	CCONJ	KON								
14033022	2	er	PRON	PPER				3	S		Nom	M
14033022	3	tun	VERB	VVFIN		Fin	Past	3	S	Ind		
14033022	4	was	PRON	PWS					S		Nom	N
14033022	5	böse	ADV	ADJD	Pos							
14033022	6	sein	AUX	VAFIN		Fin	Past	3	S	Ind		
14033022	7	in	ADP	APPR								
14033022	8	der	DET	ART					S		Acc	M
14033022	9	Auge	NOUN	NN					P		Nom	N
14033022	10	Jahwe	PROPN	NE					S		Gen	
14033022	11	wie	ADP	KOKOM								
14033022	12	sein	AUX	VAINF		Inf						
14033022	13	Vater	NOUN	NN					S		Nom	M
14033022	14	Manasse	PROPN	NE					S		Nom	
14033022	15	tun	VERB	VVPP		Part						
14033022	16	haben	AUX	VAFIN		Fin	Past	3	S	Ind		
14033022	17	und	CCONJ	KON								
14033022	18	Amon	PROPN	NE					S		Nom	
14033022	19	opfern	VERB	VVFIN		Fin	Past	3	S	Ind		
14033022	20	aller	DET	PIS					P		Dat	
14033022	21	geschnitzt	ADJ	ADJA	Pos				S		Dat	M
14033022	22	Bild	NOUN	NN					P		Dat	N
14033022	23	welcher	DET	PWAT					S		Nom	F
14033022	24	sein	AUX	VAINF		Inf						
14033022	25	Vater	NOUN	NN					S		Nom	M
14033022	26	Manasse	PROPN	NE					S		Nom	
14033022	27	machen	VERB	VVPP		Part						
14033022	28	haben	AUX	VAFIN		Fin	Past	3	S	Ind		
14033022	29	und	CCONJ	KON								
14033022	30	dienen	VERB	VVFIN		Fin	Past	3	S	Ind		
14033022	31	ihnen	PRON	PPER				3	P		Dat	
14033023	1	und	CCONJ	KON								
14033023	2	er	PRON	PPER				3	S		Nom	M
14033023	3	demütigen	VERB	VVFIN		Fin	Past	3	S	Ind		
14033023	4	sich	PRON	PRF				3	S		Acc	
14033023	5	nicht	PART	PTKNEG								
14033023	6	vor	ADP	APPR								
14033023	7	Jahwe	NOUN	NN					S		Nom	M
14033023	8	wie	ADP	KOKOM								
14033023	9	sein	AUX	VAINF		Inf						
14033023	10	Vater	NOUN	NN					S		Nom	M
14033023	11	Manasse	PROPN	NE					S		Nom	
14033023	12	sich	PRON	PRF				3	S		Acc	
14033023	13	demütigen	VERB	VVPP		Part						
14033023	14	haben	AUX	VAFIN		Fin	Past	3	S	Ind		
14033023	15	sondern	CCONJ	KON								
14033023	16	er	PRON	PPER				3	S		Nom	M
14033023	17	Amon	PROPN	NE					S		Nom	
14033023	18	häufn	VERB	VVFIN		Fin	Past	3	S	Ind		
14033023	19	der	DET	ART					S		Nom	F
14033023	20	Schuld	NOUN	NN					S		Nom	F
14033024	1	und	CCONJ	KON								
14033024	2	sein	DET	PPOSAT					S		Nom	F
14033024	3	Knecht	NOUN	NN					P		Nom	M
14033024	4	machen	VERB	VVFIN		Fin	Past	3	P	Ind		
14033024	5	ein	DET	ART					S		Nom	F
14033024	6	Verschwörung	NOUN	NN					S		Nom	F
14033024	7	wider	ADP	PTKVZ								
14033024	8	ihn	PRON	PPER				3	S		Acc	M
14033024	9	und	CCONJ	KON								
14033024	10	töten	VERB	VVFIN		Fin	Past	3	P	Ind		
14033024	11	ihn	PRON	PPER				3	S		Acc	M
14033024	12	in	ADP	APPR								
14033024	13	sein	DET	PPOSAT					S		Dat	M
14033024	14	Haus	NOUN	NN					P		Nom	N
14033025	1	da	SCONJ	KOUS								
14033025	2	erschlagen	VERB	VVFIN		Fin	Past	3	S	Ind		
14033025	3	der	DET	ART					S		Nom	N
14033025	4	Volk	NOUN	NN					S		Nom	N
14033025	5	der	DET	ART					S		Gen	M
14033025	6	Land	NOUN	NN					S		Gen	N
14033025	7	aller	PRON	PIS					P		Nom	
14033025	8	der	DET	ART					S		Nom	F
14033025	9	sich	PRON	PRF				3	S		Acc	
14033025	10	wider	ADP	PTKVZ								
14033025	11	der	DET	ART					S		Acc	M
14033025	12	König	NOUN	NN					S		Nom	M
14033025	13	Amon	PROPN	NE					S		Nom	
14033025	14	verschworen	VERB	VVFIN		Part						
14033025	15	haben	AUX	VAFIN		Fin	Past	3	P	Ind		
14033025	16	und	CCONJ	KON								
14033025	17	der	DET	ART					S		Nom	N
14033025	18	Volk	NOUN	NN					S		Nom	N
14033025	19	der	DET	ART					S		Gen	M
14033025	20	Land	NOUN	NN					S		Gen	N
14033025	21	machen	VERB	VVFIN		Fin	Past	3	S	Ind		
14033025	22	Josia	PROPN	NE					S		Nom	N
14033025	23	sein	DET	PPOSAT					S		Acc	M
14033025	24	Sohn	NOUN	NN					S		Nom	M
14033025	25	zu	ADP	APPRART					S		Dat	N
14033025	26	König	NOUN	NN					S		Nom	M
14033025	27	an	ADP	PTKVZ								
14033025	28	sein	DET	PPOSAT					S		Dat	F
14033025	29	statt	SCONJ	KOUI								
14034001	1	acht	NUM	CARD								
14034001	2	Jahr	NOUN	NN					P		Nom	N
14034001	3	sein	AUX	VAFIN		Fin	Past	3	S	Ind		
14034001	4	Josia	PROPN	NE					S		Nom	N
14034001	5	alt	ADV	ADJD	Pos							
14034001	6	als	ADP	KOKOM								
14034001	7	er	PRON	PPER				3	S		Nom	M
14034001	8	König	NOUN	NN					S		Nom	M
14034001	9	werden	AUX	VAFIN		Fin	Past	3	S	Ind		
14034001	10	und	CCONJ	KON								
14034001	11	er	PRON	PPER				3	S		Nom	M
14034001	12	regieren	VERB	VVFIN		Fin	Past	3	S	Ind		
14034001	13	31	NUM	CARD								
14034001	14	Jahr	NOUN	NN					P		Nom	N
14034001	15	zu	ADP	PTKVZ								
14034001	16	Jerusalem	PROPN	NE					S		Nom	N
14034002	1	und	CCONJ	KON								
14034002	2	er	PRON	PPER				3	S		Nom	M
14034002	3	tun	VERB	VVFIN		Fin	Past	3	S	Ind		
14034002	4	was	PRON	PWS					S		Nom	N
14034002	5	Recht	NOUN	NN					S		Acc	N
14034002	6	sein	AUX	VAFIN		Fin	Past	3	S	Ind		
14034002	7	in	ADP	APPR								
14034002	8	der	DET	ART					S		Acc	M
14034002	9	Auge	NOUN	NN					P		Nom	N
14034002	10	Jahwe	PROPN	NE					S		Gen	
14034002	11	und	CCONJ	KON								
14034002	12	er	PRON	PPER				3	S		Nom	M
14034002	13	wandeln	VERB	VVFIN		Fin	Past	3	S	Ind		
14034002	14	auf	ADP	PTKVZ								
14034002	15	der	DET	ART					S		Acc	M
14034002	16	wegen	ADP	APPR								
14034002	17	sein	DET	PPOSAT					S		Gen	M
14034002	18	Vater	NOUN	NN					S		Gen	M
14034002	19	David	PROPN	NE					S		Nom	M
14034002	20	und	CCONJ	KON								
14034002	21	wich	VERB	VVFIN		Fin	Past	3	S	Ind		
14034002	22	nicht	PART	PTKNEG								
14034002	23	zu	ADP	APPRART					S		Dat	F
14034002	24	rechte	NOUN	NN					P		Nom	F
14034002	25	noch	CCONJ	KON								
14034002	26	zu	ADP	APPRART					S		Dat	F
14034002	27	linke	NOUN	NN					P		Dat	
14034003	1	und	CCONJ	KON								
14034003	2	in	ADP	APPRART					S		Dat	N
14034003	3	achten	VERB	VVINF		Inf						
14034003	4	Jahr	NOUN	NN					P		Nom	N
14034003	5	sein	DET	PPOSAT					S		Dat	F
14034003	6	Regierung	NOUN	NN					S		Nom	F
14034003	7	als	ADP	KOKOM								
14034003	8	er	PRON	PPER				3	S		Nom	M
14034003	9	noch	CCONJ	KON								
14034003	10	ein	DET	ART					S		Nom	N
14034003	11	Knabe	NOUN	NN					S		Nom	M
14034003	12	sein	AUX	VAFIN		Fin	Past	3	S	Ind		
14034003	13	fehen	VERB	VVFIN		Fin	Past	3	S	Ind		
14034003	14	er	PRON	PPER				3	S		Nom	M
14034003	15	an	ADP	PTKVZ								
14034003	16	der	DET	ART					S		Acc	M
14034003	17	Gott	NOUN	NN					S		Nom	M
14034003	18	sein	DET	PPOSAT					S		Gen	M
14034003	19	Vater	NOUN	NN					S		Gen	M
14034003	20	David	PROPN	NE					S		Nom	M
14034003	21	zu	ADP	PTKVZ								
14034003	22	suchen	VERB	VVINF		Inf						
14034003	23	und	CCONJ	KON								
14034003	24	in	ADP	APPRART					S		Dat	N
14034003	25	zwölfter	ADJ	ADJA	Pos				S		Acc	M
14034003	26	Jahr	NOUN	NN					P		Nom	N
14034003	27	fehen	VERB	VVFIN		Fin	Past	3	S	Ind		
14034003	28	er	PRON	PPER				3	S		Nom	M
14034003	29	an	ADP	PTKVZ								
14034003	30	Juda	PROPN	NE					S		Nom	M
14034003	31	und	CCONJ	KON								
14034003	32	Jerusalem	PROPN	NE					S		Nom	N
14034003	33	von	ADP	APPR								
14034003	34	der	DET	ART					S		Acc	M
14034003	35	Höhe	NOUN	NN					P		Nom	F
14034003	36	und	CCONJ	KON								
14034003	37	der	DET	ART					S		Acc	M
14034003	38	ascherim	PROPN	NE					S		Nom	M
14034003	39	und	CCONJ	KON								
14034003	40	der	DET	ART					S		Acc	M
14034003	41	geschnitzt	ADJ	ADJA	Pos				S		Dat	M
14034003	42	und	CCONJ	KON								
14034003	43	der	DET	ART					S		Acc	M
14034003	44	gegossen	ADJ	ADJA	Pos				S		Acc	M
14034003	45	Bild	NOUN	NN					P		Dat	N
14034003	46	zu	ADP	PTKVZ								
14034003	47	reinigen	VERB	VVINF		Inf						
14034004	1	und	CCONJ	KON								
14034004	2	man	PRON	PIS					S		Nom	
14034004	3	reißen	VERB	VVFIN		Fin	Past	3	S	Ind		
14034004	4	der	DET	ART					S		Nom	F
14034004	5	Altär	NOUN	NN					P		Nom	M
14034004	6	der	DET	ART					S		Nom	M
14034004	7	Baalim	PROPN	NE					S		Nom	N
14034004	8	vor	ADP	APPR								
14034004	9	ihm	PRON	PPER				3	S		Dat	M
14034004	10	nieder	ADV	PTKVZ								
14034004	11	und	CCONJ	KON								
14034004	12	der	DET	ART					S		Nom	F
14034004	13	Sonnensäule	NOUN	NN					P		Nom	F
14034004	14	welcher	DET	PWAT					S		Nom	F
14034004	15	oben	ADV	ADV								
14034004	16	auf	ADP	PTKVZ								
14034004	17	derselbe	PRON	PDS					P		Dat	
14034004	18	sein	AUX	VAFIN		Fin	Past	3	P	Ind		
14034004	19	heiben	VERB	VVFIN		Fin	Past	3	S	Ind		
14034004	20	er	PRON	PPER				3	S		Nom	M
14034004	21	um	ADP	APPR								
14034004	22	und	CCONJ	KON								
14034004	23	der	DET	ART					S		Nom	F
14034004	24	ascherim	PROPN	NE					S		Nom	M
14034004	25	und	CCONJ	KON								
14034004	26	der	DET	ART					S		Nom	F
14034004	27	geschnitzt	ADJ	ADJA	Pos				S		Dat	M
14034004	28	und	CCONJ	KON								
14034004	29	der	DET	ART					S		Nom	F
14034004	30	gegossen	ADJ	ADJA	Pos				S		Acc	M
14034004	31	Bild	NOUN	NN					P		Nom	N
14034004	32	zerschlagen	VERB	VVFIN		Fin	Past	3	S	Ind		
14034004	33	und	CCONJ	KON								
14034004	34	zermalmen	VERB	VVFIN		Fin	Past	3	S	Ind		
14034004	35	er	PRON	PPER				3	S		Nom	M
14034004	36	und	CCONJ	KON								
14034004	37	streuen	VERB	VVFIN		Fin	Past	3	S	Ind		
14034004	38	sie	PRON	PPER				3	P		Nom	
14034004	39	auf	ADP	PTKVZ								
14034004	40	der	DET	ART					S		Nom	F
14034004	41	Gräber	NOUN	NN					P		Nom	N
14034004	42	der	PRON	PDS					P		Gen	
14034004	43	welcher	DET	PWAT					S		Nom	F
14034004	44	ihnen	PRON	PPER				3	P		Dat	
14034004	45	opfern	VERB	VVPP		Part						
14034004	46	haben	AUX	VAFIN		Fin	Past	3	P	Ind		
14034005	1	und	CCONJ	KON								
14034005	2	der	DET	ART					S		Nom	F
14034005	3	Gebein	NOUN	NN					P		Nom	N
14034005	4	der	DET	ART					S		Nom	M
14034005	5	Priester	NOUN	NN					P		Nom	M
14034005	6	verbrennen	VERB	VVFIN		Fin	Past	3	S	Ind		
14034005	7	er	PRON	PPER				3	S		Nom	M
14034005	8	auf	ADP	PTKVZ								
14034005	9	ihr	DET	PPOSAT					S		Acc	M
14034005	10	Altär	NOUN	NN					P		Dat	M
14034005	11	und	CCONJ	KON								
14034005	12	so	ADV	ADV								
14034005	13	reinigen	VERB	VVFIN		Fin	Past	3	S	Ind		
14034005	14	er	PRON	PPER				3	S		Nom	M
14034005	15	Juda	PROPN	NE					S		Nom	M
14034005	16	und	CCONJ	KON								
14034005	17	Jerusalem	PROPN	NE					S		Nom	N
14034006	1	und	CCONJ	KON								
14034006	2	in	ADP	APPR								
14034006	3	der	DET	ART					S		Acc	M
14034006	4	Stadt	NOUN	NN					P		Nom	F
14034006	5	von	ADP	APPR								
14034006	6	Manasse	PROPN	NE					S		Nom	
14034006	7	und	CCONJ	KON								
14034006	8	Ephraim	NOUN	NN					P		Nom	M
14034006	9	und	CCONJ	KON								
14034006	10	Simeon	PROPN	NE					S		Nom	M
14034006	11	und	CCONJ	KON								
14034006	12	bis	CCONJ	KON								
14034006	13	nach	ADP	APPR								
14034006	14	Naphtali	PROPN	NE					S		Nom	
14034006	15	hin	ADV	ADV								
14034006	16	in	ADP	APPR								
14034006	17	ihr	DET	PPOSAT					S		Acc	M
14034006	18	Trümmer	NOUN	NN					P		Nom	
14034006	19	ringsum	ADV	ADV								
14034007	1	reißen	VERB	VVFIN		Fin	Past	3	S	Ind		
14034007	2	er	PRON	PPER				3	S		Nom	M
14034007	3	der	DET	ART					S		Nom	F
14034007	4	Altär	NOUN	NN					P		Nom	M
14034007	5	nieder	ADV	PTKVZ								
14034007	6	und	CCONJ	KON								
14034007	7	der	DET	ART					S		Nom	F
14034007	8	ascherim	PROPN	NE					S		Nom	M
14034007	9	und	CCONJ	KON								
14034007	10	der	DET	ART					S		Nom	F
14034007	11	geschnitzt	ADJ	ADJA	Pos				S		Dat	M
14034007	12	Bild	NOUN	NN					P		Nom	N
14034007	13	zertrümmeren	VERB	VVFIN		Fin	Past	3	S	Ind		
14034007	14	er	PRON	PPER				3	S		Nom	M
14034007	15	indem	SCONJ	KOUS								
14034007	16	er	PRON	PPER				3	S		Nom	M
14034007	17	sie	PRON	PPER				3	P		Nom	
14034007	18	zermalmen	VERB	VVFIN		Fin	Past	3	S	Ind		
14034007	19	und	CCONJ	KON								
14034007	20	aller	PRON	PIS					P		Nom	
14034007	21	Sonnensäule	NOUN	NN					P		Nom	F
14034007	22	heiben	VERB	VVFIN		Fin	Past	3	S	Ind		
14034007	23	er	PRON	PPER				3	S		Nom	M
14034007	24	um	ADP	APPR								
14034007	25	in	ADP	APPRART					S		Dat	N
14034007	26	ganz	PRON	ADJA					S		Nom	M
14034007	27	Land	NOUN	NN					P		Nom	N
14034007	28	Israel	PROPN	NE					S		Nom	N
14034007	29	und	CCONJ	KON								
14034007	30	er	PRON	PPER				3	S		Nom	M
14034007	31	kehren	VERB	VVFIN		Fin	Past	3	S	Ind		
14034007	32	nach	ADP	APPR								
14034007	33	Jerusalem	PROPN	NE					S		Nom	N
14034007	34	zurück	ADV	PTKVZ								
14034008	1	und	CCONJ	KON								
14034008	2	in	ADP	APPRART					S		Dat	N
14034008	3	achtzehnter	ADJ	ADJA	Pos				S		Gen	M
14034008	4	Jahr	NOUN	NN					P		Nom	N
14034008	5	sein	DET	PPOSAT					S		Dat	F
14034008	6	Regierung	NOUN	NN					S		Nom	F
14034008	7	während	SCONJ	KOUS								
14034008	8	er	PRON	PPER				3	S		Nom	M
14034008	9	der	DET	ART					S		Nom	N
14034008	10	Land	NOUN	NN					S		Nom	N
14034008	11	und	CCONJ	KON								
14034008	12	der	DET	ART					S		Nom	N
14034008	13	Haus	NOUN	NN					S		Nom	N
14034008	14	reinigen	VERB	VVFIN		Fin	Past	3	S	Ind		
14034008	15	senden	VERB	VVFIN		Fin	Past	3	S	Ind		
14034008	16	er	PRON	PPER				3	S		Nom	M
14034008	17	Schaphan	PROPN	NE					S		Nom	
14034008	18	der	DET	ART					S		Acc	M
14034008	19	Sohn	NOUN	NN					S		Nom	M
14034008	20	Azaljas	NOUN	NN					S		Nom	M
14034008	21	und	CCONJ	KON								
14034008	22	Maaseja	PROPN	NE					S		Nom	
14034008	23	der	DET	ART					S		Acc	M
14034008	24	oberer	ADJ	ADJA	Sup				S		Dat	F
14034008	25	der	DET	ART					S		Nom	M
14034008	26	Stadt	NOUN	NN					S		Nom	F
14034008	27	und	CCONJ	KON								
14034008	28	Joach	PROPN	NE					S		Nom	
14034008	29	der	DET	ART					S		Acc	M
14034008	30	Sohn	NOUN	NN					S		Nom	M
14034008	31	Joacha	PROPN	NE					S		Gen	
14034008	32	der	DET	ART					S		Acc	M
14034008	33	Geschichtsschreiber	NOUN	NN					S		Nom	M
14034008	34	um	ADP	APPR								
14034008	35	der	DET	ART					S		Nom	N
14034008	36	Haus	NOUN	NN					S		Nom	N
14034008	37	Jahwe	PROPN	NE					S		Gen	
14034008	38	sein	DET	PPOSAT					S		Gen	M
14034008	39	Gott	NOUN	NN					S		Gen	M
14034008	40	ausbessern	VERB	VVIZU		Inf						
14034009	1	und	CCONJ	KON								
14034009	2	sie	PRON	PPER				3	P		Nom	
14034009	3	kommen	VERB	VVFIN		Fin	Past	3	P	Ind		
14034009	4	zu	ADP	PTKVZ								
14034009	5	Hilkija	PROPN	NE					S		Nom	
14034009	6	der	DET	ART					S		Dat	M
14034009	7	Hohenpriester	NOUN	NN					P		Nom	M
14034009	8	und	CCONJ	KON								
14034009	9	geben	VERB	VVFIN		Fin	Past	3	P	Ind		
14034009	10	der	DET	ART					S		Nom	N
14034009	11	Geld	NOUN	NN					S		Nom	N
14034009	12	welcher	DET	PWAT					S		Acc	N
14034009	13	in	ADP	APPR								
14034009	14	der	DET	ART					S		Nom	N
14034009	15	Haus	NOUN	NN					S		Nom	N
14034009	16	Gott	NOUN	NN					S		Gen	M
14034009	17	bringen	VERB	VVPP		Part						
14034009	18	werden	AUX	VAPP		Part						
14034009	19	sein	AUX	VAFIN		Fin	Past	3	S	Ind		
14034009	20	der	DET	ART					S		Nom	N
14034009	21	der	DET	ART					S		Nom	F
14034009	22	Levit	NOUN	NN					P		Nom	M
14034009	23	der	DET	ART					S		Nom	F
14034009	24	Hüter	NOUN	NN					P		Nom	M
14034009	25	der	DET	ART					S		Nom	M
14034009	26	Schwelle	NOUN	NN					S		Nom	F
14034009	27	einsammeln	VERB	VVPP		Part						
14034009	28	haben	AUX	VAFIN		Fin	Past	3	P	Ind		
14034009	29	von	ADP	APPR								
14034009	30	der	DET	ART					S		Nom	M
14034009	31	Hand	NOUN	NN					S		Nom	F
14034009	32	Manasse	PROPN	NE					S		Gen	M
14034009	33	und	CCONJ	KON								
14034009	34	Ephraim	PROPN	PDS					S		Nom	F
14034009	35	und	CCONJ	KON								
14034009	36	von	ADP	APPRART					S		Dat	N
14034009	37	ganz	PRON	ADJA					S		Nom	M
14034009	38	Überrest	NOUN	NN					S		Nom	M
14034009	39	Israel	PROPN	NE					S		Gen	N
14034009	40	und	CCONJ	KON								
14034009	41	von	ADP	APPR								
14034009	42	ganz	ADV	ADV								
14034009	43	Juda	PROPN	NE					S		Nom	M
14034009	44	und	CCONJ	KON								
14034009	45	Benjamin	PROPN	NE					S		Nom	M
14034009	46	und	CCONJ	KON								
14034009	47	der	DET	ART					S		Acc	M
14034009	48	Bewohner	NOUN	NN					P		Dat	M
14034009	49	von	ADP	APPR								
14034009	50	Jerusalem	PROPN	NE					S		Nom	N
14034010	1	sie	PRON	PPER				3	P		Nom	
14034010	2	geben	VERB	VVFIN		Fin	Past	3	P	Ind		
14034010	3	es	PRON	PPER				3	S		Nom	N
14034010	4	in	ADP	APPR								
14034010	5	der	DET	ART					S		Nom	F
14034010	6	Hand	NOUN	NN					S		Nom	F
14034010	7	der	PRON	PDS					P		Gen	
14034010	8	welcher	DET	PWAT					S		Nom	F
14034010	9	der	DET	ART					S		Nom	N
14034010	10	Werk	NOUN	NN					S		Nom	N
14034010	11	betreiben	VERB	VVPP		Part						
14034010	12	der	DET	ART					S		Nom	F
14034010	13	an	ADP	APPRART					S		Dat	M
14034010	14	Haus	NOUN	NN					P		Nom	N
14034010	15	Jahwe	PROPN	NE					S		Gen	
14034010	16	bestellen	VERB	VVPP		Part						
14034010	17	sein	AUX	VAFIN		Fin	Past	3	P	Ind		
14034010	18	und	CCONJ	KON								
14034010	19	dieser	DET	PDAT					S		Nom	F
14034010	20	geben	VERB	VVFIN		Fin	Past	3	P	Ind		
14034010	21	es	PRON	PPER				3	S		Nom	N
14034010	22	der	PRON	PDS					P		Dat	
14034010	23	welcher	DET	PWAT					S		Nom	F
14034010	24	der	DET	ART					S		Nom	N
14034010	25	Werk	NOUN	NN					S		Nom	N
14034010	26	tun	VERB	VVFIN		Fin	Past	3	P	Ind		
14034010	27	der	DET	ART					S		Nom	F
14034010	28	in	ADP	APPRART					S		Dat	N
14034010	29	Haus	NOUN	NN					P		Nom	N
14034010	30	Jahwe	PROPN	NE					S		Gen	
14034010	31	arbeiten	VERB	VVFIN		Fin	Past	3	P	Ind		
14034010	32	um	ADP	APPR								
14034010	33	der	DET	ART					S		Nom	N
14034010	34	Haus	NOUN	NN					S		Nom	N
14034010	35	herstellen	VERB	VVIZU		Inf						
14034010	36	und	CCONJ	KON								
14034010	37	ausbessern	VERB	VVIZU		Inf						
14034011	1	sie	PRON	PPER				3	P		Nom	
14034011	2	geben	VERB	VVFIN		Fin	Past	3	P	Ind		
14034011	3	es	PRON	PPER				3	S		Nom	N
14034011	4	der	DET	ART					S		Acc	M
14034011	5	Zimmerleute	NOUN	NN					P		Nom	M
14034011	6	und	CCONJ	KON								
14034011	7	der	DET	ART					S		Acc	M
14034011	8	Bauleute	NOUN	NN					P		Nom	M
14034011	9	um	ADP	APPR								
14034011	10	gehauen	ADJ	ADJA	Pos				S		Nom	F
14034011	11	Stein	NOUN	NN					P		Nom	M
14034011	12	und	CCONJ	KON								
14034011	13	Holz	NOUN	NN					S		Nom	N
14034011	14	zu	ADP	PTKVZ								
14034011	15	der	DET	ART					S		Acc	M
14034011	16	bindebalken	NOUN	NN					P		Nom	F
14034011	17	zu	ADP	PTKVZ								
14034011	18	kaufen	VERB	VVINF		Fin	Pres	3	P	Ind		
14034011	19	und	CCONJ	KON								
14034011	20	um	ADP	APPR								
14034011	21	der	DET	ART					S		Nom	F
14034011	22	Haus	NOUN	NN					P		Nom	N
14034011	23	zu	ADP	PTKVZ								
14034011	24	bälken	NOUN	NN					P		Nom	F
14034011	25	welcher	DET	PWAT					S		Nom	F
14034011	26	der	DET	ART					S		Nom	F
14034011	27	König	NOUN	NN					P		Nom	M
14034011	28	von	ADP	APPR								
14034011	29	Juda	PROPN	NE					S		Nom	M
14034011	30	verderben	VERB	VVPP		Part						
14034011	31	haben	AUX	VAFIN		Fin	Past	3	P	Ind		
14034012	1	und	CCONJ	KON								
14034012	2	der	DET	ART					S		Nom	F
14034012	3	Mann	NOUN	NN					P		Nom	M
14034012	4	handeln	VERB	VVFIN		Fin	Past	3	P	Ind		
14034012	5	getreulich	ADV	ADJD	Pos							
14034012	6	an	ADP	PTKVZ								
14034012	7	der	DET	ART					S		Dat	M
14034012	8	Werk	NOUN	NN					P		Nom	N
14034012	9	und	CCONJ	KON								
14034012	10	über	ADP	APPR								
14034012	11	sie	PRON	PPER				3	P		Nom	
14034012	12	sein	AUX	VAFIN		Fin	Past	3	P	Ind		
14034012	13	bestellen	VERB	VVPP		Part						
14034012	14	Jachath	PROPN	NE					S		Nom	
14034012	15	und	CCONJ	KON								
14034012	16	Obadja	PROPN	NE					S		Nom	
14034012	17	der	DET	ART					S		Nom	F
14034012	18	Levit	NOUN	NN					P		Nom	M
14034012	19	von	ADP	APPR								
14034012	20	der	DET	ART					S		Acc	M
14034012	21	Söhn	NOUN	NN					P		Dat	M
14034012	22	Merari	PROPN	NE					S		Gen	
14034012	23	und	CCONJ	KON								
14034012	24	Sekarja	PROPN	NN					S		Nom	
14034012	25	und	CCONJ	KON								
14034012	26	Meschullam	PROPN	NE					S		Nom	
14034012	27	von	ADP	APPR								
14034012	28	der	DET	ART					S		Acc	M
14034012	29	Söhn	NOUN	NN					P		Dat	M
14034012	30	der	DET	ART					S		Nom	M
14034012	31	Kehathiter	NOUN	NN					P		Nom	M
14034012	32	um	ADP	APPR								
14034012	33	der	DET	ART					S		Nom	F
14034012	34	Aufsicht	NOUN	NN					S		Nom	F
14034012	35	zu	ADP	PTKVZ								
14034012	36	führen	VERB	VVINF		Inf						
14034012	37	und	CCONJ	KON								
14034012	38	der	DET	ART					S		Nom	F
14034012	39	Levit	NOUN	NN					P		Nom	M
14034012	40	aller	PRON	PIS					P		Nom	
14034012	41	welcher	DET	PWAT					S		Nom	F
14034012	42	der	DET	ART					S		Nom	M
14034012	43	Musikinstrument	NOUN	NN					P		Nom	N
14034012	44	kundig	ADV	ADJD	Pos							
14034012	45	sein	AUX	VAFIN		Fin	Past	3	P	Ind		
14034013	1	sein	AUX	VAFIN		Fin	Past	3	P	Ind		
14034013	2	sowohl	CCONJ	KON								
14034013	3	über	ADP	APPR								
14034013	4	der	DET	ART					S		Nom	F
14034013	5	Lastträger	NOUN	NN					S		Nom	M
14034013	6	setzen	VERB	VVPP		Part						
14034013	7	als	ADP	KOKOM								
14034013	8	auch	ADV	ADV								
14034013	9	Aufseher	NOUN	NN					P		Nom	M
14034013	10	über	ADP	APPR								
14034013	11	aller	PRON	PIS					P		Nom	
14034013	12	der	DET	ART					S		Nom	F
14034013	13	da	ADV	ADV								
14034013	14	arbeiten	VERB	VVFIN		Fin	Past	3	S	Ind		
14034013	15	in	ADP	APPR								
14034013	16	jeder	DET	PIAT					S		Dat	M
14034013	17	Dienst	NOUN	NN					P		Nom	M
14034013	18	und	CCONJ	KON								
14034013	19	anderer	PRON	PIS					P		Nom	
14034013	20	von	ADP	APPR								
14034013	21	der	DET	ART					S		Acc	M
14034013	22	Levit	NOUN	NN					P		Nom	M
14034013	23	sein	AUX	VAFIN		Fin	Past	3	P	Ind		
14034013	24	Schreiber	PROPN	NE					S		Nom	M
14034013	25	und	CCONJ	KON								
14034013	26	Vorsteher	NOUN	NN					S		Nom	M
14034013	27	und	CCONJ	KON								
14034013	28	Torhüter	NOUN	NN					S		Nom	M
14034014	1	und	CCONJ	KON								
14034014	2	als	ADP	KOKOM								
14034014	3	sie	PRON	PPER				3	P		Nom	
14034014	4	der	DET	ART					S		Nom	N
14034014	5	Geld	NOUN	NN					S		Nom	N
14034014	6	Herausnahm	NOUN	NN					P		Nom	
14034014	7	welcher	DET	PWAT					S		Acc	N
14034014	8	in	ADP	APPR								
14034014	9	der	DET	ART					S		Nom	N
14034014	10	Haus	NOUN	NN					S		Nom	N
14034014	11	Jahwe	PROPN	NE					S		Gen	
14034014	12	bringen	VERB	VVPP		Part						
14034014	13	werden	AUX	VAPP		Part						
14034014	14	sein	AUX	VAFIN		Fin	Past	3	S	Ind		
14034014	15	finden	VERB	VVFIN		Fin	Past	3	S	Ind		
14034014	16	der	DET	ART					S		Nom	M
14034014	17	Priester	NOUN	NN					P		Nom	M
14034014	18	Hilkija	PROPN	NE					S		Nom	
14034014	19	der	DET	ART					S		Nom	N
14034014	20	Buch	NOUN	NN					S		Nom	N
14034014	21	der	DET	ART					S		Gen	M
14034014	22	Gesetz	NOUN	NN					S		Gen	N
14034014	23	Jahwe	PROPN	NE					S		Gen	
14034014	24	durch	ADP	APPR								
14034014	25	Mose	PROPN	NE					S		Nom	
14034015	1	da	SCONJ	KOUS								
14034015	2	heben	VERB	VVFIN		Fin	Past	3	S	Ind		
14034015	3	Hilkija	PROPN	NE					S		Nom	
14034015	4	an	ADP	PTKVZ								
14034015	5	und	CCONJ	KON								
14034015	6	sprechen	VERB	VVFIN		Fin	Past	3	S	Ind		
14034015	7	zu	ADP	PTKVZ								
14034015	8	Schaphan	PROPN	NE					S		Nom	
14034015	9	der	DET	ART					S		Dat	M
14034015	10	Schreiber	PROPN	NE					S		Nom	M
14034015	11	ich	PRON	PPER				1	S		Nom	
14034015	12	haben	AUX	VAFIN		Fin	Pres	3	S	Sub		
14034015	13	der	DET	ART					S		Nom	N
14034015	14	Buch	NOUN	NN					S		Nom	N
14034015	15	der	DET	ART					S		Gen	M
14034015	16	Gesetz	NOUN	NN					S		Gen	N
14034015	17	in	ADP	APPRART					S		Dat	N
14034015	18	Haus	NOUN	NN					P		Nom	N
14034015	19	Jahwe	PROPN	NE					S		Gen	
14034015	20	finden	VERB	VVPP		Part						
14034015	21	und	CCONJ	KON								
14034015	22	Hilkija	PROPN	NE					S		Nom	
14034015	23	geben	VERB	VVFIN		Fin	Past	3	S	Ind		
14034015	24	der	DET	ART					S		Nom	N
14034015	25	Buch	NOUN	NN					S		Nom	N
14034015	26	der	DET	ART					S		Dat	M
14034015	27	Schaphan	PROPN	NE					S		Nom	
14034016	1	und	CCONJ	KON								
14034016	2	Schaphan	PROPN	NE					S		Nom	
14034016	3	bringen	VERB	VVFIN		Fin	Past	3	S	Ind		
14034016	4	der	DET	ART					S		Nom	N
14034016	5	Buch	NOUN	NN					S		Nom	N
14034016	6	zu	ADP	PTKVZ								
14034016	7	der	DET	ART					S		Dat	M
14034016	8	König	NOUN	NN					S		Nom	M
14034016	9	und	CCONJ	KON								
14034016	10	er	PRON	PPER				3	S		Nom	M
14034016	11	bringen	VERB	VVFIN		Fin	Past	3	S	Ind		
14034016	12	ferner	ADV	ADV								
14034016	13	der	DET	ART					S		Dat	M
14034016	14	König	NOUN	NN					S		Nom	M
14034016	15	Nachricht	NOUN	NN					S		Nom	F
14034016	16	und	CCONJ	KON								
14034016	17	sprechen	VERB	VVFIN		Fin	Past	3	S	Ind		
14034016	18	alle	PRON	PIS					S		Nom	N
14034016	19	was	PRON	PWS					S		Nom	N
14034016	20	der	DET	ART					S		Nom	M
14034016	21	Hand	NOUN	NN					S		Nom	F
14034016	22	dein	DET	PPOSAT					S		Dat	F
14034016	23	Knecht	NOUN	NN					P		Nom	M
14034016	24	übergeben	VERB	VVPP		Part						
14034016	25	werden	AUX	VAPP		Part						
14034016	26	sein	AUX	VAFIN		Fin	Pres	3	S	Ind		
14034016	27	der	DET	ART					S		Nom	N
14034016	28	tun	VERB	VVINF		Inf						
14034016	29	sie	PRON	PPER				3	P		Nom	
14034017	1	sie	PRON	PPER				3	P		Nom	
14034017	2	haben	AUX	VAFIN		Fin	Pres	3	P	Ind		
14034017	3	der	DET	ART					S		Nom	N
14034017	4	Geld	NOUN	NN					S		Nom	N
14034017	5	welcher	DET	PWAT					S		Acc	N
14034017	6	in	ADP	APPRART					S		Dat	N
14034017	7	Haus	NOUN	NN					P		Nom	N
14034017	8	Jahwe	PROPN	NE					S		Gen	
14034017	9	finden	VERB	VVPP		Part						
14034017	10	werden	AUX	VAPP		Part						
14034017	11	sein	AUX	VAFIN		Fin	Pres	3	S	Ind		
14034017	12	ausschütten	VERB	VVPP		Part						
14034017	13	und	CCONJ	KON								
14034017	14	es	PRON	PPER				3	S		Nom	N
14034017	15	in	ADP	APPR								
14034017	16	der	DET	ART					S		Nom	F
14034017	17	Hand	NOUN	NN					S		Nom	F
14034017	18	der	PRON	PDS					P		Gen	
14034017	19	geben	VERB	VVPP		Part						
14034017	20	welcher	DET	PWAT					S		Nom	F
14034017	21	zu	ADP	APPRART					S		Dat	F
14034017	22	Aufsicht	NOUN	NN					S		Nom	F
14034017	23	bestellen	VERB	VVPP		Part						
14034017	24	sein	AUX	VAFIN		Fin	Pres	3	P	Ind		
14034017	25	und	CCONJ	KON								
14034017	26	in	ADP	APPR								
14034017	27	der	DET	ART					S		Nom	F
14034017	28	Hand	NOUN	NN					S		Nom	F
14034017	29	der	PRON	PDS					P		Gen	
14034017	30	welcher	DET	PWAT					S		Nom	F
14034017	31	der	DET	ART					S		Nom	N
14034017	32	Werk	NOUN	NN					S		Nom	N
14034017	33	tun	VERB	VVINF		Inf						
14034018	1	und	CCONJ	KON								
14034018	2	Schaphan	PROPN	NE					S		Nom	
14034018	3	der	DET	ART					S		Nom	M
14034018	4	Schreiber	PROPN	NE					S		Nom	M
14034018	5	berichten	VERB	VVFIN		Fin	Past	3	S	Ind		
14034018	6	der	DET	ART					S		Dat	M
14034018	7	König	NOUN	NN					S		Nom	M
14034018	8	und	CCONJ	KON								
14034018	9	sprechen	VERB	VVFIN		Fin	Past	3	S	Ind		
14034018	10	der	DET	ART					S		Nom	M
14034018	11	Priester	NOUN	NN					P		Nom	M
14034018	12	Hilkija	PROPN	NE					S		Nom	
14034018	13	haben	AUX	VAFIN		Fin	Pres	3	S	Ind		
14034018	14	mir	PRON	PPER				1	S		Dat	
14034018	15	ein	DET	ART					S		Nom	N
14034018	16	Buch	NOUN	NN					S		Nom	N
14034018	17	geben	VERB	VVPP		Part						
14034018	18	und	CCONJ	KON								
14034018	19	Schaphan	PROPN	NE					S		Nom	
14034018	20	lesen	VERB	VVFIN		Fin	Past	3	S	Ind		
14034018	21	darin	ADV	PROAV								
14034018	22	vor	ADP	APPR								
14034018	23	der	DET	ART					S		Dat	M
14034018	24	König	NOUN	NN					S		Nom	M
14034019	1	und	CCONJ	KON								
14034019	2	es	PRON	PPER				3	S		Nom	N
14034019	3	geschehen	VERB	VVFIN		Fin	Past	3	S	Ind		
14034019	4	als	ADP	KOKOM								
14034019	5	der	DET	ART					S		Nom	M
14034019	6	König	NOUN	NN					S		Nom	M
14034019	7	der	DET	ART					S		Nom	F
14034019	8	Wort	NOUN	NN					P		Nom	N
14034019	9	der	DET	ART					S		Gen	M
14034019	10	Gesetz	NOUN	NN					S		Gen	N
14034019	11	hören	VERB	VVFIN		Fin	Past	3	S	Ind		
14034019	12	da	ADV	ADV								
14034019	13	zerriß	VERB	VVFIN		Fin	Past	3	S	Ind		
14034019	14	er	PRON	PPER				3	S		Nom	M
14034019	15	sein	DET	PPOSAT					S		Nom	F
14034019	16	Kleid	NOUN	NN					P		Nom	N
14034020	1	und	CCONJ	KON								
14034020	2	der	DET	ART					S		Nom	M
14034020	3	König	NOUN	NN					S		Nom	M
14034020	4	Gebot	NOUN	NN					S		Nom	N
14034020	5	Hilkija	PROPN	NE					S		Nom	
14034020	6	und	CCONJ	KON								
14034020	7	Achikam	PROPN	NE					S		Gen	
14034020	8	der	DET	ART					S		Dat	M
14034020	9	Sohn	NOUN	NN					S		Acc	M
14034020	10	Schaphan	NOUN	NN					S		Gen	M
14034020	11	und	CCONJ	KON								
14034020	12	Abdon	PROPN	NE					S		Nom	
14034020	13	der	DET	ART					S		Dat	M
14034020	14	Sohn	NOUN	NN					S		Acc	M
14034020	15	Micha	PROPN	NE					S		Gen	M
14034020	16	und	CCONJ	KON								
14034020	17	Schaphan	PROPN	NE					S		Nom	
14034020	18	der	DET	ART					S		Dat	M
14034020	19	Schreiber	PROPN	NE					S		Nom	M
14034020	20	und	CCONJ	KON								
14034020	21	Asaja	PROPN	NE					S		Nom	
14034020	22	der	DET	ART					S		Dat	M
14034020	23	Knecht	NOUN	NN					P		Nom	M
14034020	24	der	DET	ART					S		Gen	M
14034020	25	König	PROPN	NE					S		Nom	
14034020	26	und	CCONJ	KON								
14034020	27	sprechen	VERB	VVFIN		Fin	Past	3	S	Ind		
14034021	1	gehet	ADV	PROAV								
14034021	2	hin	ADV	ADV								
14034021	3	Befraget	NOUN	NN					S		Nom	N
14034021	4	Jahwe	NOUN	NN					S		Nom	M
14034021	5	für	ADP	APPR								
14034021	6	mich	PRON	PPER				1	S		Acc	
14034021	7	und	CCONJ	KON								
14034021	8	für	ADP	APPR								
14034021	9	der	DET	ART					S		Nom	F
14034021	10	übriggebliebenen	NOUN	NN					P		Nom	F
14034021	11	in	ADP	APPR								
14034021	12	Israel	PROPN	NE					S		Nom	N
14034021	13	und	CCONJ	KON								
14034021	14	in	ADP	APPR								
14034021	15	Juda	PROPN	NE					S		Nom	M
14034021	16	wegen	ADP	APPR								
14034021	17	der	DET	ART					S		Nom	M
14034021	18	Wort	NOUN	NN					P		Nom	N
14034021	19	der	DET	ART					S		Gen	M
14034021	20	aufgefunden	ADJ	ADJA	Pos				S		Dat	M
14034021	21	Buch	NOUN	NN					S		Gen	N
14034021	22	denn	CCONJ	KON								
14034021	23	groß	ADV	ADJD	Pos							
14034021	24	sein	AUX	VAFIN		Fin	Pres	3	S	Ind		
14034021	25	der	DET	ART					S		Nom	M
14034021	26	Grimm	PROPN	NE					S		Nom	M
14034021	27	Jahwe	PROPN	NE					S		Gen	
14034021	28	der	DET	ART					S		Nom	M
14034021	29	sich	PRON	PRF				3	S		Acc	
14034021	30	über	ADP	APPR								
14034021	31	uns	PRON	PPER				1	P		Acc	
14034021	32	ergießen	VERB	VVPP		Part						
14034021	33	haben	AUX	VAFIN		Fin	Pres	3	S	Ind		
14034021	34	darum	ADV	PROAV								
14034021	35	daß	SCONJ	KOUS								
14034021	36	unser	DET	PPOSAT					S		Nom	F
14034021	37	Vater	NOUN	NN					P		Nom	M
14034021	38	der	DET	ART					S		Nom	N
14034021	39	Wort	NOUN	NN					S		Nom	N
14034021	40	Jahwe	PROPN	NE					S		Gen	
14034021	41	nicht	PART	PTKNEG								
14034021	42	beobachten	VERB	VVFIN		Fin	Pres	3	S	Ind		
14034021	43	haben	AUX	VAFIN		Fin	Pres	3	P	Ind		
14034021	44	um	ADP	APPR								
14034021	45	nach	ADP	APPR								
14034021	46	alle	PRON	PIS					S		Dat	N
14034021	47	zu	ADP	PTKVZ								
14034021	48	tun	VERB	VVINF		Inf						
14034021	49	was	PRON	PWS					S		Nom	N
14034021	50	in	ADP	APPR								
14034021	51	dieser	DET	PDAT					S		Dat	N
14034021	52	Buch	NOUN	NN					P		Nom	N
14034021	53	schreiben	VERB	VVPP		Part						
14034021	54	stehen	VERB	VVFIN		Fin	Pres	3	S	Ind		
14034022	1	da	SCONJ	KOUS								
14034022	2	gehen	VERB	VVFIN		Fin	Past	3	P	Ind		
14034022	3	Hilkija	PROPN	NE					S		Nom	
14034022	4	und	CCONJ	KON								
14034022	5	derjenige	PRON	PDS					P		Nom	
14034022	6	welcher	DET	PWAT					S		Nom	F
14034022	7	der	DET	ART					S		Nom	M
14034022	8	König	NOUN	NN					S		Nom	M
14034022	9	entbot	VERB	VVIZU		Part						
14034022	10	haben	AUX	VAFIN		Fin	Past	3	S	Ind		
14034022	11	zu	ADP	PTKVZ								
14034022	12	der	DET	ART					S		Nom	M
14034022	13	Prophetin	NOUN	NN					S		Nom	F
14034022	14	Hulda	PROPN	NE					S		Nom	F
14034022	15	der	DET	ART					S		Dat	M
14034022	16	Weibe	NOUN	NN					S		Nom	F
14034022	17	Schallum	NOUN	NN					S		Gen	N
14034022	18	der	DET	ART					S		Gen	M
14034022	19	Sohn	PROPN	NE					S		Gen	M
14034022	20	Tokhath	PROPN	NE					S		Gen	
14034022	21	der	DET	ART					S		Gen	M
14034022	22	Sohn	PROPN	NE					S		Gen	M
14034022	23	Hasra	PROPN	NE					S		Gen	
14034022	24	der	DET	ART					S		Gen	M
14034022	25	Hüter	PROPN	NE					S		Gen	
14034022	26	der	DET	ART					S		Nom	M
14034022	27	Kleid	NOUN	NN					P		Nom	N
14034022	28	sie	PRON	PPER				3	P		Nom	
14034022	29	wohnen	VERB	VVFIN		Fin	Past	3	S	Ind		
14034022	30	aber	CCONJ	KON								
14034022	31	zu	ADP	PTKVZ								
14034022	32	Jerusalem	PROPN	NE					S		Nom	N
14034022	33	in	ADP	APPRART					S		Dat	N
14034022	34	zweiter	ADJ	ADJA	Pos				S		Dat	M
14034022	35	Stadtteil	NOUN	NN					P		Nom	M
14034022	36	und	CCONJ	KON								
14034022	37	sie	PRON	PPER				3	P		Nom	
14034022	38	reden	VERB	VVFIN		Fin	Past	3	P	Ind		
14034022	39	auf	ADP	PTKVZ								
14034022	40	dieser	DET	PDAT					S		Nom	F
14034022	41	Weise	NOUN	NN					S		Nom	F
14034022	42	zu	ADP	PTKVZ								
14034022	43	ihr	PRON	PPOSAT				3	S		Dat	F
14034023	1	und	CCONJ	KON								
14034023	2	sie	PRON	PPER				3	P		Nom	
14034023	3	sprechen	VERB	VVFIN		Fin	Past	3	S	Ind		
14034023	4	zu	ADP	PTKVZ								
14034023	5	ihnen	PRON	PPER				3	P		Dat	
14034023	6	so	ADV	ADV								
14034023	7	sprechen	VERB	VVFIN		Fin	Pres	3	S	Ind		
14034023	8	Jahwe	NOUN	NN					S		Nom	M
14034023	9	der	DET	ART					S		Nom	M
14034023	10	Gott	NOUN	NN					S		Nom	M
14034023	11	Israel	PROPN	NE					S		Gen	N
14034023	12	Saget	NOUN	NN					S		Nom	N
14034023	13	der	DET	ART					S		Dat	M
14034023	14	Manne	NOUN	NN					S		Nom	M
14034023	15	der	DET	ART					S		Nom	M
14034023	16	euch	PRON	PPER				2	P		Dat	
14034023	17	zu	ADP	PTKVZ								
14034023	18	mir	PRON	PPER				1	S		Dat	
14034023	19	gesandt	VERB	VVPP		Part						
14034023	20	haben	AUX	VAFIN		Fin	Pres	3	S	Ind		
14034024	1	so	ADV	ADV								
14034024	2	sprechen	VERB	VVFIN		Fin	Pres	3	S	Ind		
14034024	3	Jahwe	NOUN	NN					S		Nom	M
14034024	4	sehen	VERB	VVIMP				2	S	Imp		
14034024	5	ich	PRON	PPER				1	S		Nom	
14034024	6	wollen	AUX	VMFIN		Fin	Pres	3	S	Ind		
14034024	7	Unglück	NOUN	NN					S		Nom	N
14034024	8	bringen	VERB	VVINF		Inf						
14034024	9	über	ADP	APPR								
14034024	10	dieser	DET	PDAT					S		Acc	M
14034024	11	Ort	NOUN	NN					S		Nom	M
14034024	12	und	CCONJ	KON								
14034024	13	über	ADP	APPR								
14034024	14	sein	DET	PPOSAT					S		Nom	F
14034024	15	Bewohner	NOUN	NN					P		Nom	M
14034024	16	aller	PRON	PIS					P		Nom	
14034024	17	der	DET	ART					S		Nom	F
14034024	18	Fluch	NOUN	NN					P		Nom	M
14034024	19	welcher	DET	PWAT					S		Nom	F
14034024	20	in	ADP	APPR								
14034024	21	der	DET	ART					S		Dat	M
14034024	22	Buch	NOUN	NN					P		Nom	N
14034024	23	schreiben	VERB	VVPP		Part						
14034024	24	sein	AUX	VAFIN		Fin	Pres	3	P	Ind		
14034024	25	der	DET	ART					S		Nom	N
14034024	26	man	PRON	PIS					S		Nom	
14034024	27	vor	ADP	APPR								
14034024	28	der	DET	ART					S		Dat	M
14034024	29	König	NOUN	NN					S		Nom	M
14034024	30	von	ADP	APPR								
14034024	31	Juda	PROPN	NE					S		Nom	M
14034024	32	lesen	VERB	VVPP		Part						
14034024	33	haben	AUX	VAFIN		Fin	Pres	3	S	Ind		
14034025	1	darum	ADV	PROAV								
14034025	2	daß	SCONJ	KOUS								
14034025	3	sie	PRON	PPER				3	P		Nom	
14034025	4	mich	PRON	PPER				1	S		Acc	
14034025	5	verlassen	VERB	VVINF		Inf						
14034025	6	und	CCONJ	KON								
14034025	7	anderer	PRON	PIS					P		Dat	
14034025	8	Götter	NOUN	NN					P		Dat	M
14034025	9	räuchern	VERB	VVPP		Part						
14034025	10	haben	AUX	VAFIN		Fin	Pres	3	P	Ind		
14034025	11	um	ADP	APPR								
14034025	12	mich	PRON	PPER				1	S		Acc	
14034025	13	zu	ADP	PTKVZ								
14034025	14	reizen	VERB	VVINF		Inf						
14034025	15	mit	ADP	APPR								
14034025	16	all	DET	PIAT								
14034025	17	der	DET	ART					S		Acc	M
14034025	18	Machwerk	NOUN	NN					P		Nom	F
14034025	19	ihr	DET	PPOSAT					S		Dat	F
14034025	20	Hand	NOUN	NN					P		Nom	F
14034025	21	so	ADV	ADV								
14034025	22	haben	AUX	VAFIN		Fin	Pres	3	S	Ind		
14034025	23	mein	DET	PPOSAT					S		Nom	N
14034025	24	Grimm	PROPN	NE					S		Nom	M
14034025	25	sich	PRON	PRF				3	S		Acc	
14034025	26	über	ADP	APPR								
14034025	27	dieser	DET	PDAT					S		Acc	M
14034025	28	Ort	NOUN	NN					S		Nom	M
14034025	29	ergießen	VERB	VVPP		Part						
14034025	30	und	CCONJ	KON								
14034025	31	er	PRON	PPER				3	S		Nom	M
14034025	32	werden	AUX	VAFIN		Fin	Pres	3	S	Ind		
14034025	33	nicht	PART	PTKNEG								
14034025	34	erlöschen	VERB	VVFIN		Fin	Pres	3	P	Ind		
14034026	1	zu	ADP	APPR								
14034026	2	der	DET	ART					S		Dat	M
14034026	3	König	NOUN	NN					S		Nom	M
14034026	4	von	ADP	APPR								
14034026	5	Juda	PROPN	NE					S		Nom	M
14034026	6	aber	CCONJ	KON								
14034026	7	der	DET	ART					S		Nom	M
14034026	8	euch	PRON	PPER				2	P		Dat	
14034026	9	gesandt	VERB	VVPP		Part						
14034026	10	haben	AUX	VAFIN		Fin	Pres	3	S	Ind		
14034026	11	um	ADP	APPR								
14034026	12	Jahwe	NOUN	NN					S		Nom	M
14034026	13	zu	ADP	PTKVZ								
14034026	14	befragen	VERB	VVINF		Inf						
14034026	15	zu	ADP	PTKVZ								
14034026	16	ihm	PRON	PPER				3	S		Dat	M
14034026	17	sollten	AUX	VMFIN		Fin	Pres	3	S	Ind		
14034026	18	ihr	PRON	PPOSAT				3	S		Dat	F
14034026	19	also	ADV	ADV								
14034026	20	sprechen	VERB	VVINF		Fin	Pres	3	P	Ind		
14034026	21	so	ADV	ADV								
14034026	22	sprechen	VERB	VVFIN		Fin	Pres	3	S	Ind		
14034026	23	Jahwe	NOUN	NN					S		Nom	M
14034026	24	der	DET	ART					S		Nom	M
14034026	25	Gott	NOUN	NN					S		Nom	M
14034026	26	Israel	PROPN	NE					S		Gen	N
14034026	27	der	DET	ART					S		Nom	F
14034026	28	Wort	NOUN	NN					P		Nom	N
14034026	29	anlangend	ADV	ADJD	Pos							
14034026	30	der	DET	ART					S		Nom	F
14034026	31	du	PRON	PPER				2	S		Nom	
14034026	32	gehören	VERB	VVFIN		Fin	Pres	3	S	Ind		
14034026	33	haben	AUX	VAFIN		Fin	Pres	2	S	Ind		
14034027	1	weil	SCONJ	KOUS								
14034027	2	dein	DET	PPER					S		Nom	N
14034027	3	Herz	NOUN	NN					S		Nom	N
14034027	4	weich	ADV	ADJD	Pos							
14034027	5	werden	AUX	VAPP		Part						
14034027	6	und	CCONJ	KON								
14034027	7	du	PRON	PPER				2	S		Nom	
14034027	8	dich	PRON	PPER				2	S		Acc	
14034027	9	vor	ADP	APPR								
14034027	10	Gott	NOUN	NN					S		Nom	M
14034027	11	demütigen	VERB	VVPP		Part						
14034027	12	haben	AUX	VAFIN		Fin	Pres	2	S	Ind		
14034027	13	als	ADP	KOKOM								
14034027	14	du	PRON	PPER				2	S		Nom	
14034027	15	sein	DET	PPOSAT					S		Nom	F
14034027	16	Wort	NOUN	NN					P		Nom	N
14034027	17	über	ADP	APPR								
14034027	18	dieser	DET	PDAT					S		Acc	M
14034027	19	Ort	NOUN	NN					S		Nom	M
14034027	20	und	CCONJ	KON								
14034027	21	über	ADP	APPR								
14034027	22	sein	DET	PPOSAT					S		Nom	F
14034027	23	Bewohner	NOUN	NN					P		Nom	M
14034027	24	Hörtest	NOUN	VVFIN					S		Nom	M
14034027	25	und	CCONJ	KON								
14034027	26	du	PRON	PPER				2	S		Nom	
14034027	27	dich	PRON	PPER				2	S		Acc	
14034027	28	vor	ADP	APPR								
14034027	29	mir	PRON	PPER				1	S		Dat	
14034027	30	demütigen	VERB	VVPP		Part						
14034027	31	und	CCONJ	KON								
14034027	32	dein	DET	PPOSAT					S		Nom	F
14034027	33	Kleid	NOUN	NN					P		Nom	N
14034027	34	zerreißen	VERB	VVPP		Part						
14034027	35	und	CCONJ	KON								
14034027	36	vor	ADP	APPR								
14034027	37	mir	PRON	PPER				1	S		Dat	
14034027	38	weinen	VERB	VVPP		Part						
14034027	39	haben	AUX	VAFIN		Fin	Pres	2	S	Ind		
14034027	40	so	ADV	ADV								
14034027	41	haben	AUX	VAFIN		Fin	Pres	3	S	Sub		
14034027	42	ich	PRON	PPER				1	S		Nom	
14034027	43	es	PRON	PPER				3	S		Nom	N
14034027	44	auch	ADV	ADV								
14034027	45	gehören	VERB	VVFIN		Fin	Pres	3	S	Ind		
14034027	46	sprechen	VERB	VVFIN		Fin	Pres	3	S	Ind		
14034027	47	Jahwe	NOUN	NN					S		Nom	M
14034028	1	sehen	VERB	VVIMP				2	S	Imp		
14034028	2	ich	PRON	PPER				1	S		Nom	
14034028	3	werden	AUX	VAFIN		Fin	Pres	3	S	Sub		
14034028	4	dich	PRON	PPER				2	S		Acc	
14034028	5	zu	ADP	PTKVZ								
14034028	6	dein	DET	PPOSAT					S		Acc	M
14034028	7	Vätern	NOUN	NN					P		Dat	M
14034028	8	versammeln	VERB	VVINF		Fin	Pres	3	P	Ind		
14034028	9	und	CCONJ	KON								
14034028	10	du	PRON	PPER				2	S		Nom	
14034028	11	wersten	AUX	VAFIN		Fin	Pres	2	S	Ind		
14034028	12	zu	ADP	PTKVZ								
14034028	13	dein	DET	PPOSAT					S		Acc	M
14034028	14	Gräber	NOUN	NN					P		Dat	M
14034028	15	versammeln	VERB	VVPP		Part						
14034028	16	werden	AUX	VAFIN		Fin	Pres	3	P	Ind		
14034028	17	in	ADP	APPR								
14034028	18	Frieden	NOUN	NN					S		Nom	M
14034028	19	und	CCONJ	KON								
14034028	20	dein	DET	PPOSAT					S		Nom	F
14034028	21	Auge	NOUN	NN					P		Nom	N
14034028	22	sollen	AUX	VMFIN		Fin	Pres	3	P	Ind		
14034028	23	all	DET	PIAT								
14034028	24	der	DET	ART					S		Nom	N
14034028	25	Unglück	NOUN	NN					S		Nom	N
14034028	26	nicht	PART	PTKNEG								
14034028	27	ansehen	VERB	VVINF		Inf						
14034028	28	der	DET	ART					S		Nom	N
14034028	29	ich	PRON	PPER				1	S		Nom	
14034028	30	über	ADP	APPR								
14034028	31	dieser	DET	PDAT					S		Acc	M
14034028	32	Ort	NOUN	NN					S		Nom	M
14034028	33	und	CCONJ	KON								
14034028	34	über	ADP	APPR								
14034028	35	sein	DET	PPOSAT					S		Nom	F
14034028	36	Bewohner	NOUN	NN					P		Nom	M
14034028	37	bringen	VERB	VVINF		Inf						
14034028	38	werden	AUX	VAFIN		Fin	Pres	3	S	Sub		
14034028	39	und	CCONJ	KON								
14034028	40	sie	PRON	PPER				3	P		Nom	
14034028	41	bringen	VERB	VVFIN		Fin	Past	3	P	Ind		
14034028	42	der	DET	ART					S		Dat	M
14034028	43	König	NOUN	NN					S		Nom	M
14034028	44	Antwort	NOUN	NN					S		Nom	F
14034029	1	und	CCONJ	KON								
14034029	2	der	DET	ART					S		Nom	M
14034029	3	König	NOUN	NN					S		Nom	M
14034029	4	senden	VERB	VVFIN		Fin	Past	3	S	Ind		
14034029	5	hin	ADV	ADV								
14034029	6	und	CCONJ	KON								
14034029	7	versammeln	VERB	VVFIN		Fin	Past	3	S	Ind		
14034029	8	aller	PRON	PIS					P		Nom	
14034029	9	Ältesten	NOUN	NN					P		Nom	M
14034029	10	von	ADP	APPR								
14034029	11	Juda	PROPN	NE					S		Nom	M
14034029	12	und	CCONJ	KON								
14034029	13	von	ADP	APPR								
14034029	14	Jerusalem	PROPN	NE					S		Nom	N
14034030	1	und	CCONJ	KON								
14034030	2	der	DET	ART					S		Nom	M
14034030	3	König	NOUN	NN					S		Nom	M
14034030	4	gehen	VERB	VVFIN		Fin	Past	3	S	Ind		
14034030	5	hinauf	ADV	PTKVZ								
14034030	6	in	ADP	APPR								
14034030	7	der	DET	ART					S		Nom	N
14034030	8	Haus	NOUN	NN					S		Nom	N
14034030	9	Jahwe	PROPN	NE					S		Gen	
14034030	10	und	CCONJ	KON								
14034030	11	aller	PRON	PIS					P		Nom	
14034030	12	Mann	NOUN	NN					P		Nom	M
14034030	13	von	ADP	APPR								
14034030	14	Juda	PROPN	NE					S		Nom	M
14034030	15	und	CCONJ	KON								
14034030	16	der	DET	ART					S		Nom	F
14034030	17	Bewohner	NOUN	NN					P		Nom	M
14034030	18	von	ADP	APPR								
14034030	19	Jerusalem	PROPN	NE					S		Nom	N
14034030	20	und	CCONJ	KON								
14034030	21	der	DET	ART					S		Nom	F
14034030	22	Priester	NOUN	NN					P		Nom	M
14034030	23	und	CCONJ	KON								
14034030	24	der	DET	ART					S		Nom	F
14034030	25	Levit	NOUN	NN					P		Nom	M
14034030	26	und	CCONJ	KON								
14034030	27	alle	PRON	PIS					S		Nom	N
14034030	28	Volk	NOUN	NN					S		Nom	N
14034030	29	von	ADP	APPRART					S		Dat	N
14034030	30	Größten	ADJ	ADJA	Sup				P		Dat	
14034030	31	bis	CCONJ	KON								
14034030	32	zu	ADP	APPRART					S		Dat	N
14034030	33	Kleinstum	NOUN	NN					S		Nom	
14034030	34	und	CCONJ	KON								
14034030	35	man	PRON	PIS					S		Nom	
14034030	36	lesen	VERB	VVFIN		Fin	Past	3	S	Ind		
14034030	37	vor	ADP	APPR								
14034030	38	ihr	DET	PPOSAT					S		Acc	M
14034030	39	Ohr	NOUN	NN					P		Nom	N
14034030	40	aller	PRON	PIS					P		Nom	
14034030	41	Wort	NOUN	NN					P		Nom	N
14034030	42	der	DET	ART					S		Gen	M
14034030	43	Buch	NOUN	NN					S		Gen	N
14034030	44	der	DET	ART					S		Gen	M
14034030	45	Bund	NOUN	NN					S		Gen	M
14034030	46	der	DET	ART					S		Nom	N
14034030	47	in	ADP	APPRART					S		Dat	N
14034030	48	Haus	NOUN	NN					P		Nom	N
14034030	49	Jahwe	PROPN	NE					S		Gen	
14034030	50	finden	VERB	VVPP		Part						
14034030	51	werden	AUX	VAPP		Part						
14034030	52	sein	AUX	VAFIN		Fin	Past	3	S	Ind		
14034031	1	und	CCONJ	KON								
14034031	2	der	DET	ART					S		Nom	M
14034031	3	König	NOUN	NN					S		Nom	M
14034031	4	stehen	VERB	VVFIN		Fin	Past	3	S	Ind		
14034031	5	auf	ADP	PTKVZ								
14034031	6	sein	DET	PPOSAT					S		Dat	M
14034031	7	Standort	NOUN	NN					P		Nom	M
14034031	8	und	CCONJ	KON								
14034031	9	machen	VERB	VVFIN		Fin	Past	3	S	Ind		
14034031	10	der	DET	ART					S		Acc	M
14034031	11	Bund	NOUN	NN					S		Nom	M
14034031	12	vor	ADP	APPR								
14034031	13	Jahwe	NOUN	NN					S		Nom	M
14034031	14	Jahwe	NOUN	NN					S		Nom	M
14034031	15	nachwandeln	VERB	VVFIN		Fin	Pres	3	P	Ind		
14034031	16	und	CCONJ	KON								
14034031	17	sein	DET	PPOSAT					S		Nom	F
14034031	18	Gebot	NOUN	NN					P		Nom	N
14034031	19	und	CCONJ	KON								
14034031	20	sein	DET	PPOSAT					S		Nom	F
14034031	21	Zeugnis	NOUN	NN					P		Nom	N
14034031	22	und	CCONJ	KON								
14034031	23	sein	DET	PPOSAT					S		Nom	F
14034031	24	Satzunge	NOUN	NN					P		Nom	F
14034031	25	zu	ADP	PTKVZ								
14034031	26	beobachten	VERB	VVINF		Inf						
14034031	27	mit	ADP	APPR								
14034031	28	sein	DET	PPOSAT					S		Dat	M
14034031	29	ganz	PRON	ADJA					S		Nom	M
14034031	30	Herz	NOUN	NN					S		Nom	N
14034031	31	und	CCONJ	KON								
14034031	32	mit	ADP	APPR								
14034031	33	sein	DET	PPOSAT					S		Dat	F
14034031	34	ganz	PRON	ADJA					S		Nom	M
14034031	35	Seele	NOUN	NN					S		Nom	F
14034031	36	um	ADP	APPR								
14034031	37	der	DET	ART					S		Nom	F
14034031	38	Wort	NOUN	NN					P		Nom	N
14034031	39	der	DET	ART					S		Gen	M
14034031	40	Bund	NOUN	NN					S		Gen	M
14034031	41	zu	ADP	PTKVZ								
14034031	42	tun	VERB	VVINF		Inf						
14034031	43	welcher	DET	PWAT					S		Nom	F
14034031	44	in	ADP	APPR								
14034031	45	dieser	DET	PDAT					S		Dat	N
14034031	46	Buch	NOUN	NN					P		Nom	N
14034031	47	schreiben	VERB	VVPP		Part						
14034031	48	sein	AUX	VAFIN		Fin	Pres	3	P	Ind		
14034032	1	und	CCONJ	KON								
14034032	2	er	PRON	PPER				3	S		Nom	M
14034032	3	lassen	VERB	VVFIN		Fin	Past	3	S	Ind		
14034032	4	aller	PRON	PIS					P		Nom	
14034032	5	in	ADP	APPR								
14034032	6	der	DET	ART					S		Acc	M
14034032	7	Bund	NOUN	NN					S		Nom	M
14034032	8	treten	VERB	VVINF		Fin	Pres	3	P	Ind		
14034032	9	welcher	DET	PWAT					S		Nom	F
14034032	10	sich	PRON	PRF				3	S		Acc	
14034032	11	in	ADP	APPR								
14034032	12	Jerusalem	PROPN	NE					S		Nom	N
14034032	13	und	CCONJ	KON								
14034032	14	in	ADP	APPR								
14034032	15	Benjamin	PROPN	NE					S		Nom	M
14034032	16	befinden	VERB	VVFIN		Fin	Past	3	P	Ind		
14034032	17	und	CCONJ	KON								
14034032	18	der	DET	ART					S		Nom	F
14034032	19	Bewohner	NOUN	NN					P		Nom	M
14034032	20	von	ADP	APPR								
14034032	21	Jerusalem	PROPN	NE					S		Nom	N
14034032	22	tun	VERB	VVFIN		Fin	Past	3	P	Ind		
14034032	23	nach	ADP	APPR								
14034032	24	der	DET	ART					S		Dat	M
14034032	25	Bund	NOUN	NN					S		Nom	M
14034032	26	Gott	NOUN	NN					S		Gen	M
14034032	27	der	DET	ART					S		Gen	M
14034032	28	Gott	NOUN	NN					S		Gen	M
14034032	29	ihr	DET	PPOSAT					S		Dat	F
14034032	30	Vater	NOUN	NN					P		Nom	M
14034033	1	und	CCONJ	KON								
14034033	2	Josia	PROPN	NE					S		Nom	N
14034033	3	tun	VERB	VVFIN		Fin	Past	3	S	Ind		
14034033	4	aller	PRON	PIS					P		Nom	
14034033	5	Greuel	NOUN	NN					S		Nom	M
14034033	6	hinweg	ADP	APZR								
14034033	7	aus	ADP	PTKVZ								
14034033	8	aller	DET	PIS					P		Dat	
14034033	9	Land	NOUN	NN					P		Dat	N
14034033	10	welcher	DET	PWAT					S		Nom	F
14034033	11	der	DET	ART					S		Acc	M
14034033	12	Kind	NOUN	NN					P		Dat	N
14034033	13	Israel	PROPN	NE					S		Nom	N
14034033	14	gehören	VERB	VVFIN		Fin	Past	3	P	Ind		
14034033	15	und	CCONJ	KON								
14034033	16	er	PRON	PPER				3	S		Nom	M
14034033	17	halten	VERB	VVFIN		Fin	Past	3	S	Ind		
14034033	18	aller	PRON	PIS					P		Nom	
14034033	19	an	ADP	PTKVZ								
14034033	20	der	DET	ART					S		Nom	F
14034033	21	sich	PRON	PRF				3	S		Acc	
14034033	22	in	ADP	APPR								
14034033	23	Israel	PROPN	NE					S		Nom	N
14034033	24	befinden	VERB	VVFIN		Fin	Past	3	P	Ind		
14034033	25	Jahwe	NOUN	NN					S		Nom	M
14034033	26	ihr	DET	PPOSAT					S		Dat	N
14034033	27	Gott	NOUN	NN					S		Nom	M
14034033	28	zu	ADP	PTKVZ								
14034033	29	dienen	VERB	VVINF		Inf						
14034033	30	alle	PRON	PIS					P		Nom	
14034033	31	sein	DET	PPOSAT					S		Nom	F
14034033	32	Tag	NOUN	NN					P		Nom	M
14034033	33	wichen	VERB	VVFIN		Fin	Past	3	P	Ind		
14034033	34	sie	PRON	PPER				3	P		Nom	
14034033	35	nicht	PART	PTKNEG								
14034033	36	ab	ADP	PTKVZ								
14034033	37	von	ADP	APPR								
14034033	38	der	DET	ART					S		Nom	M
14034033	39	Nachfolge	NOUN	NN					S		Nom	F
14034033	40	Jahwe	PROPN	NE					S		Gen	
14034033	41	der	DET	ART					S		Gen	M
14034033	42	Gott	NOUN	NN					S		Gen	M
14034033	43	ihr	DET	PPOSAT					S		Dat	F
14034033	44	Vater	NOUN	NN					P		Nom	M
14035001	1	und	CCONJ	KON								
14035001	2	Josia	PROPN	NE					S		Nom	N
14035001	3	feiern	VERB	VVFIN		Fin	Past	3	S	Ind		
14035001	4	der	DET	ART					S		Dat	M
14035001	5	Jahwe	NOUN	NN					S		Nom	M
14035001	6	Passah	NOUN	NN					P		Nom	N
14035001	7	zu	ADP	PTKVZ								
14035001	8	Jerusalem	PROPN	NE					S		Nom	N
14035001	9	und	CCONJ	KON								
14035001	10	man	PRON	PIS					S		Nom	
14035001	11	schlachten	VERB	VVFIN		Fin	Past	3	S	Ind		
14035001	12	der	DET	ART					S		Nom	N
14035001	13	Passah	NOUN	NN					P		Nom	N
14035001	14	an	ADP	APPRART					S		Dat	M
14035001	15	Vierzehnte	NOUN	NN					P		Nom	F
14035001	16	der	DET	ART					S		Gen	M
14035001	17	erster	ADJ	ADJA	Pos				S		Dat	M
14035001	18	Monat	NOUN	NN					S		Nom	M
14035002	1	und	CCONJ	KON								
14035002	2	er	PRON	PPER				3	S		Nom	M
14035002	3	stellen	VERB	VVFIN		Fin	Past	3	S	Ind		
14035002	4	der	DET	ART					S		Nom	F
14035002	5	Priester	NOUN	NN					P		Nom	M
14035002	6	in	ADP	APPR								
14035002	7	ihr	DET	PPOSAT					S		Nom	F
14035002	8	Amt	NOUN	NN					P		Nom	N
14035002	9	und	CCONJ	KON								
14035002	10	ermutigen	VERB	VVFIN		Fin	Past	3	S	Ind		
14035002	11	sie	PRON	PPER				3	P		Nom	
14035002	12	zu	ADP	APPRART					S		Dat	N
14035002	13	Dienst	NOUN	NN					S		Nom	M
14035002	14	der	DET	ART					S		Gen	M
14035002	15	Haus	NOUN	NN					S		Gen	N
14035002	16	Jahwe	PROPN	NE					S		Gen	
14035003	1	und	CCONJ	KON								
14035003	2	er	PRON	PPER				3	S		Nom	M
14035003	3	sprechen	VERB	VVFIN		Fin	Past	3	S	Ind		
14035003	4	zu	ADP	PTKVZ								
14035003	5	der	DET	ART					S		Acc	M
14035003	6	Levit	NOUN	NN					P		Nom	M
14035003	7	welcher	DET	PWAT					S		Nom	F
14035003	8	ganz	ADV	ADV								
14035003	9	Israel	PROPN	NE					S		Nom	N
14035003	10	unterwiesen	VERB	VVPP		Part						
14035003	11	der	DET	ART					S		Nom	F
14035003	12	Jahwe	NOUN	NN					S		Nom	M
14035003	13	heiligen	VERB	VVPP		Part						
14035003	14	sein	AUX	VAFIN		Fin	Past	3	P	Ind		
14035003	15	Setzet	NOUN	NN					S		Nom	M
14035003	16	der	DET	ART					S		Nom	F
14035003	17	heilig	ADJ	ADJA	Pos				S		Nom	F
14035003	18	lade	NOUN	NN					S		Nom	F
14035003	19	in	ADP	APPR								
14035003	20	der	DET	ART					S		Nom	N
14035003	21	Haus	NOUN	NN					S		Nom	N
14035003	22	welcher	DET	PWAT					S		Acc	N
14035003	23	Salomo	PROPN	NE					S		Nom	M
14035003	24	der	DET	ART					S		Nom	M
14035003	25	Sohn	NOUN	NN					S		Nom	M
14035003	26	David	PROPN	NE					S		Gen	M
14035003	27	der	DET	ART					S		Nom	M
14035003	28	König	NOUN	NN					S		Nom	M
14035003	29	von	ADP	APPR								
14035003	30	Israel	PROPN	NE					S		Nom	N
14035003	31	bauen	VERB	VVPP		Part						
14035003	32	haben	AUX	VAFIN		Fin	Pres	3	S	Ind		
14035003	33	ihr	PRON	PPOSAT				3	S		Dat	F
14035003	34	habben	VERB	VAFIN				2	P	Imp		
14035003	35	sie	PRON	PPER				3	P		Nom	
14035003	36	nicht	PART	PTKNEG								
14035003	37	mehr	ADV	ADV								
14035003	38	auf	ADP	PTKVZ								
14035003	39	der	DET	ART					S		Nom	M
14035003	40	Schulter	NOUN	NN					S		Nom	F
14035003	41	zu	ADP	PTKVZ								
14035003	42	tragen	VERB	VVINF		Inf						
14035003	43	Dienet	VERB	NN		Part						
14035003	44	nunmehr	ADV	ADV								
14035003	45	Jahwe	NOUN	NN					S		Nom	M
14035003	46	eurer	DET	PPOSAT					S		Dat	M
14035003	47	Gott	NOUN	NN					S		Nom	M
14035003	48	und	CCONJ	KON								
14035003	49	sein	DET	PPOSAT					S		Dat	M
14035003	50	Volke	NOUN	NN					S		Nom	M
14035003	51	Israel	PROPN	NE					S		Nom	N
14035004	1	und	CCONJ	KON								
14035004	2	bereiten	VERB	VVFIN		Fin	Pres	3	S	Ind		
14035004	3	euch	PRON	PPER				2	P		Dat	
14035004	4	nach	ADP	APPR								
14035004	5	euren	DET	PPOSAT					S		Acc	M
14035004	6	Vaterhäuser	NOUN	NN					P		Dat	M
14035004	7	in	ADP	APPR								
14035004	8	euren	DET	PPOSAT					S		Acc	M
14035004	9	Abteilung	NOUN	NN					P		Nom	F
14035004	10	nach	ADP	APPR								
14035004	11	der	DET	ART					S		Nom	M
14035004	12	Schrift	NOUN	NN					S		Nom	F
14035004	13	David	PROPN	NE					S		Gen	M
14035004	14	der	DET	ART					S		Gen	M
14035004	15	König	PROPN	NE					S		Nom	
14035004	16	von	ADP	APPR								
14035004	17	Israel	PROPN	NE					S		Nom	N
14035004	18	und	CCONJ	KON								
14035004	19	nach	ADP	APPR								
14035004	20	der	DET	ART					S		Nom	M
14035004	21	Schrift	NOUN	NN					S		Nom	F
14035004	22	sein	DET	PPOSAT					S		Gen	M
14035004	23	Sohn	PROPN	NE					S		Gen	M
14035004	24	Salomo	PROPN	NE					S		Nom	M
14035005	1	und	CCONJ	KON								
14035005	2	Stellet	VERB	VVFIN		Fin	Pres	3	S	Sub		
14035005	3	euch	PRON	PPER				2	P		Dat	
14035005	4	in	ADP	APPRART					S		Dat	N
14035005	5	Heiligtum	NOUN	NN					S		Nom	N
14035005	6	auf	ADP	PTKVZ								
14035005	7	nach	ADP	APPR								
14035005	8	der	DET	ART					S		Acc	M
14035005	9	Klasse	NOUN	NN					P		Nom	F
14035005	10	der	DET	ART					S		Nom	M
14035005	11	Vaterhaus	NOUN	NN					P		Nom	N
14035005	12	eurer	PRON	PPOSAT							Gen	
14035005	13	Bruder	NOUN	NN					P		Nom	M
14035005	14	der	DET	ART					S		Nom	M
14035005	15	Kind	NOUN	NN					P		Nom	N
14035005	16	der	DET	ART					S		Gen	M
14035005	17	Volk	NOUN	NN					S		Gen	N
14035005	18	und	CCONJ	KON								
14035005	19	zwar	ADV	ADV								
14035005	20	je	ADV	ADV								
14035005	21	ein	DET	ART					S		Nom	F
14035005	22	Abteilung	NOUN	NN					S		Nom	F
14035005	23	ein	PRON	ART					S		Nom	N
14035005	24	vaterhause	NOUN	NN					S		Nom	F
14035005	25	der	DET	ART					S		Nom	M
14035005	26	Levit	NOUN	NN					P		Nom	M
14035006	1	und	CCONJ	KON								
14035006	2	schlachten	VERB	VVFIN		Fin	Pres	3	S	Ind		
14035006	3	der	DET	ART					S		Nom	N
14035006	4	Passah	NOUN	NN					P		Nom	N
14035006	5	und	CCONJ	KON								
14035006	6	Heiliget	ADV	VVFIN	Pos							
14035006	7	euch	PRON	PPER				2	P		Dat	
14035006	8	und	CCONJ	KON								
14035006	9	bereiten	VERB	VVFIN		Fin	Pres	3	S	Ind		
14035006	10	es	PRON	PPER				3	S		Nom	N
14035006	11	für	ADP	APPR								
14035006	12	eure	DET	PPOSAT					S		Nom	F
14035006	13	Bruder	NOUN	NN					P		Nom	M
14035006	14	daß	SCONJ	KOUS								
14035006	15	ihr	PRON	PPOSAT				3	S		Dat	F
14035006	16	Tuet	PROPN	NE					S		Nom	N
14035006	17	nach	ADP	APPR								
14035006	18	der	DET	ART					S		Dat	M
14035006	19	Wort	NOUN	NN					P		Nom	N
14035006	20	Jahwe	PROPN	NE					S		Gen	
14035006	21	durch	ADP	APPR								
14035006	22	Mose	PROPN	NE					S		Nom	
14035007	1	und	CCONJ	KON								
14035007	2	Josia	PROPN	NE					S		Nom	N
14035007	3	schenken	VERB	VVFIN		Fin	Past	3	S	Ind		
14035007	4	der	DET	ART					S		Acc	M
14035007	5	Kind	NOUN	NN					P		Dat	N
14035007	6	der	DET	ART					S		Gen	M
14035007	7	Volk	NOUN	NN					S		Gen	N
14035007	8	an	ADP	PTKVZ								
14035007	9	Kleinvieh	NOUN	NN					S		Nom	N
14035007	10	Lämmer	NOUN	NN					P		Nom	M
14035007	11	und	CCONJ	KON								
14035007	12	ziegenböcklein	NOUN	NN					S		Nom	M
14035007	13	alle	PRON	PIS					S		Nom	N
14035007	14	zu	ADP	PTKVZ								
14035007	15	der	DET	ART					S		Acc	M
14035007	16	passahopfern	NOUN	NN					S		Nom	M
14035007	17	für	ADP	APPR								
14035007	18	aller	PRON	PIS					P		Nom	
14035007	19	der	DET	ART					S		Nom	F
14035007	20	sich	PRON	PRF				3	S		Acc	
14035007	21	vorfinden	VERB	VVFIN		Fin	Past	3	P	Ind		
14035007	23	30000	NUM	CARD								
14035007	24	an	ADP	PTKVZ								
14035007	25	der	DET	ART					S		Nom	M
14035007	26	Zahl	NOUN	NN					S		Nom	F
14035007	27	und	CCONJ	KON								
14035007	28	3000	NUM	CARD								
14035007	29	Rind	NOUN	NN					P		Nom	N
14035007	30	der	DET	ART					S		Nom	N
14035007	31	sein	AUX	VAFIN		Fin	Past	3	S	Ind		
14035007	32	von	ADP	APPR								
14035007	33	der	DET	ART					S		Nom	M
14035007	34	Habe	AUX	VAFIN		Fin	Pres	3	S	Sub		
14035007	35	der	DET	ART					S		Gen	M
14035007	36	König	PROPN	NE					S		Nom	
14035008	1	und	CCONJ	KON								
14035008	2	sein	DET	PPOSAT					S		Nom	F
14035008	3	oberer	ADJ	ADJA	Sup				S		Dat	F
14035008	4	schenken	VERB	VVFIN		Fin	Past	3	P	Ind		
14035008	5	freiwillig	ADV	ADJD	Pos							
14035008	6	für	ADP	APPR								
14035008	7	der	DET	ART					S		Nom	N
14035008	8	Volk	NOUN	NN					S		Nom	N
14035008	9	für	ADP	APPR								
14035008	10	der	DET	ART					S		Nom	F
14035008	11	Priester	NOUN	NN					P		Nom	M
14035008	12	und	CCONJ	KON								
14035008	13	für	ADP	APPR								
14035008	14	der	DET	ART					S		Nom	F
14035008	15	Levit	NOUN	NN					P		Nom	M
14035008	16	Hilkija	PROPN	NE					S		Nom	
14035008	17	und	CCONJ	KON								
14035008	18	Sekarja	PROPN	NN					S		Nom	
14035008	19	und	CCONJ	KON								
14035008	20	Jechiel	NOUN	NN					S		Nom	N
14035008	21	der	DET	ART					S		Nom	F
14035008	22	Fürst	NOUN	NN					P		Nom	M
14035008	23	der	DET	ART					S		Gen	M
14035008	24	Haus	NOUN	NN					S		Gen	N
14035008	25	Gott	NOUN	NN					S		Gen	M
14035008	26	geben	VERB	VVFIN		Fin	Past	3	P	Ind		
14035008	27	der	DET	ART					S		Acc	M
14035008	28	Priester	NOUN	NN					P		Dat	M
14035008	29	zu	ADP	PTKVZ								
14035008	30	der	DET	ART					S		Acc	M
14035008	31	passahopfern	NOUN	NN					S		Nom	M
14035008	32	2600	NUM	CARD								
14035008	33	Stück	NOUN	NN					S		Nom	N
14035008	34	Kleinvieh	NOUN	NN					S		Nom	N
14035008	35	und	CCONJ	KON								
14035008	36	300	NUM	CARD								
14035008	37	Rind	NOUN	NN					P		Nom	N
14035009	1	und	CCONJ	KON								
14035009	2	Konanja	PROPN	NE					S		Nom	
14035009	3	und	CCONJ	KON								
14035009	4	Schemanja	PROPN	NE					S		Nom	
14035009	5	und	CCONJ	KON								
14035009	6	nethaneel	PROPN	NN					S		Nom	
14035009	7	sein	DET	PPOSAT					S		Nom	F
14035009	8	Bruder	NOUN	NN					P		Nom	M
14035009	9	und	CCONJ	KON								
14035009	10	Haschabja	NOUN	NN					P		Nom	M
14035009	11	und	CCONJ	KON								
14035009	12	Jeghiel	PROPN	NN					S		Nom	N
14035009	13	und	CCONJ	KON								
14035009	14	Josabad	PROPN	NE					S		Nom	N
14035009	15	der	DET	ART					S		Nom	F
14035009	16	oberer	ADJ	ADJA	Sup				S		Dat	F
14035009	17	der	DET	ART					S		Nom	M
14035009	18	Levit	NOUN	NN					P		Nom	M
14035009	19	schenken	VERB	VVFIN		Fin	Past	3	P	Ind		
14035009	20	der	DET	ART					S		Acc	M
14035009	21	Levit	NOUN	NN					P		Nom	M
14035009	22	zu	ADP	PTKVZ								
14035009	23	der	DET	ART					S		Acc	M
14035009	24	passahopfern	NOUN	NN					S		Nom	M
14035009	25	5000	NUM	CARD								
14035009	26	Stück	NOUN	NN					S		Nom	N
14035009	27	Kleinvieh	NOUN	NN					S		Nom	N
14035009	28	und	CCONJ	KON								
14035009	29	500	NUM	CARD								
14035009	30	Rind	NOUN	NN					P		Nom	N
14035010	1	und	CCONJ	KON								
14035010	2	der	DET	ART					S		Nom	M
14035010	3	Dienst	NOUN	NN					S		Nom	M
14035010	4	werden	AUX	VAFIN		Fin	Past	3	S	Ind		
14035010	5	einrichten	VERB	VVPP		Part						
14035010	6	und	CCONJ	KON								
14035010	7	der	DET	ART					S		Nom	F
14035010	8	Priester	NOUN	NN					P		Nom	M
14035010	9	stehen	VERB	VVFIN		Fin	Past	3	P	Ind		
14035010	10	an	ADP	PTKVZ								
14035010	11	ihr	DET	PPOSAT					S		Dat	F
14035010	12	Stelle	NOUN	NN					S		Nom	F
14035010	13	und	CCONJ	KON								
14035010	14	der	DET	ART					S		Nom	F
14035010	15	Levit	NOUN	NN					P		Nom	M
14035010	16	in	ADP	APPR								
14035010	17	ihr	DET	PPOSAT					S		Acc	M
14035010	18	Abteilung	NOUN	NN					P		Nom	F
14035010	19	nach	ADP	APPR								
14035010	20	der	DET	ART					S		Dat	M
14035010	21	Gebot	NOUN	NN					P		Nom	N
14035010	22	der	DET	ART					S		Gen	M
14035010	23	König	PROPN	NE					S		Nom	
14035011	1	und	CCONJ	KON								
14035011	2	sie	PRON	PPER				3	P		Nom	
14035011	3	schlachteen	VERB	VVFIN		Fin	Past	3	P	Ind		
14035011	4	der	DET	ART					S		Nom	N
14035011	5	Passah	NOUN	NN					P		Nom	N
14035011	6	und	CCONJ	KON								
14035011	7	der	DET	ART					S		Nom	F
14035011	8	Priester	NOUN	NN					P		Nom	M
14035011	9	sprengen	VERB	VVFIN		Fin	Past	3	P	Ind		
14035011	10	der	DET	ART					S		Nom	N
14035011	11	Blut	NOUN	NN					S		Nom	N
14035011	12	aus	ADP	PTKVZ								
14035011	13	ihr	DET	PPOSAT					S		Dat	F
14035011	14	Hand	NOUN	NN					S		Nom	F
14035011	15	und	CCONJ	KON								
14035011	16	der	DET	ART					S		Nom	F
14035011	17	Levit	NOUN	NN					P		Nom	M
14035011	18	ziehen	VERB	VVFIN		Fin	Past	3	P	Ind		
14035011	19	der	DET	ART					S		Nom	F
14035011	20	Haut	NOUN	NN					S		Nom	F
14035011	21	ab	ADP	PTKVZ								
14035012	1	und	CCONJ	KON								
14035012	2	sie	PRON	PPER				3	P		Nom	
14035012	3	tun	VERB	VVFIN		Fin	Past	3	P	Ind		
14035012	4	der	DET	ART					S		Nom	F
14035012	5	Brandopfer	NOUN	NN					S		Nom	M
14035012	6	Beiseit	ADV	ADV								
14035012	7	um	ADP	APPR								
14035012	8	sie	PRON	PPER				3	P		Nom	
14035012	9	der	DET	ART					S		Acc	M
14035012	10	Klasse	NOUN	NN					P		Nom	F
14035012	11	der	DET	ART					S		Nom	M
14035012	12	Vaterhaus	NOUN	NN					P		Nom	N
14035012	13	der	DET	ART					S		Nom	M
14035012	14	Kind	NOUN	NN					P		Nom	N
14035012	15	der	DET	ART					S		Gen	M
14035012	16	Volk	NOUN	NN					S		Gen	N
14035012	17	zu	ADP	PTKVZ								
14035012	18	geben	VERB	VVINF		Inf						
14035012	19	um	ADP	APPR								
14035012	20	sie	PRON	PPER				3	P		Nom	
14035012	21	Jahwe	NOUN	NN					S		Nom	M
14035012	22	darbringen	VERB	VVIZU		Inf						
14035012	23	wie	ADP	KOKOM								
14035012	24	in	ADP	APPRART					S		Dat	N
14035012	25	Buch	NOUN	NN					P		Nom	N
14035012	26	Moses	PROPN	NE					S		Nom	M
14035012	27	schreiben	VERB	VVPP		Part						
14035012	28	stehen	VERB	VVFIN		Fin	Pres	3	S	Ind		
14035012	29	und	CCONJ	KON								
14035012	30	ebenso	ADV	ADV								
14035012	31	tun	VERB	VVFIN		Fin	Past	3	P	Ind		
14035012	32	sie	PRON	PPER				3	P		Nom	
14035012	33	mit	ADP	APPR								
14035012	34	der	DET	ART					S		Acc	M
14035012	35	Rind	NOUN	NN					P		Dat	N
14035013	1	und	CCONJ	KON								
14035013	2	sie	PRON	PPER				3	P		Nom	
14035013	3	brieen	VERB	VVFIN		Fin	Past	3	P	Ind		
14035013	4	der	DET	ART					S		Nom	N
14035013	5	Passah	NOUN	NN					P		Nom	N
14035013	6	an	ADP	APPRART					S		Dat	M
14035013	7	Feuer	NOUN	NN					S		Nom	N
14035013	8	nach	ADP	APPR								
14035013	9	der	DET	ART					S		Nom	M
14035013	10	Vorschrift	NOUN	NN					S		Nom	F
14035013	11	und	CCONJ	KON								
14035013	12	der	DET	ART					S		Nom	F
14035013	13	geheiligt	ADJ	ADJA	Pos				S		Acc	M
14035013	14	Ding	NOUN	NN					P		Nom	N
14035013	15	kochen	VERB	VVFIN		Fin	Past	3	P	Ind		
14035013	16	sie	PRON	PPER				3	P		Nom	
14035013	17	in	ADP	APPR								
14035013	18	Topf	NOUN	NN					P		Dat	M
14035013	19	und	CCONJ	KON								
14035013	20	in	ADP	APPR								
14035013	21	Kessel	NOUN	NN					P		Nom	F
14035013	22	und	CCONJ	KON								
14035013	23	in	ADP	APPR								
14035013	24	Schüssel	NOUN	NN					P		Nom	F
14035013	25	und	CCONJ	KON								
14035013	26	verteiln	VERB	VVFIN		Fin	Past	3	P	Ind		
14035013	27	sie	PRON	PPER				3	P		Nom	
14035013	28	eilends	ADV	ADV								
14035013	29	an	ADP	PTKVZ								
14035013	30	aller	PRON	PIS					P		Nom	
14035013	31	Kind	NOUN	NN					P		Nom	N
14035013	32	der	DET	ART					S		Gen	M
14035013	33	Volk	NOUN	NN					S		Gen	N
14035014	1	und	CCONJ	KON								
14035014	2	danach	ADV	PROAV								
14035014	3	bereiten	VERB	VVFIN		Fin	Past	3	P	Ind		
14035014	4	sie	PRON	PPER				3	P		Nom	
14035014	5	für	ADP	APPR								
14035014	6	sich	PRON	PRF				3	S		Acc	
14035014	7	und	CCONJ	KON								
14035014	8	für	ADP	APPR								
14035014	9	der	DET	ART					S		Nom	F
14035014	10	Priester	NOUN	NN					P		Nom	M
14035014	11	denn	CCONJ	KON								
14035014	12	der	DET	ART					S		Nom	F
14035014	13	Priester	NOUN	NN					P		Nom	M
14035014	14	der	DET	ART					S		Nom	F
14035014	15	Sohn	NOUN	NN					P		Nom	M
14035014	16	Aaron	PROPN	NE					S		Gen	
14035014	17	sein	AUX	VAFIN		Fin	Past	3	P	Ind		
14035014	18	mit	ADP	APPR								
14035014	19	der	DET	ART					S		Dat	M
14035014	20	Opfer	NOUN	NN					P		Dat	N
14035014	21	der	DET	ART					S		Nom	M
14035014	22	Brandopfer	NOUN	NN					S		Nom	M
14035014	23	und	CCONJ	KON								
14035014	24	der	DET	ART					S		Nom	M
14035014	25	Fettstücke	PROPN	NE					S		Nom	
14035014	26	bis	CCONJ	KON								
14035014	27	zu	ADP	APPRART					S		Dat	F
14035014	28	Nacht	NOUN	NN					S		Nom	F
14035014	29	beschäftigen	VERB	VVFIN		Fin	Pres	3	S	Ind		
14035014	30	und	CCONJ	KON								
14035014	31	so	ADV	ADV								
14035014	32	bereiten	VERB	VVFIN		Fin	Past	3	P	Ind		
14035014	33	der	DET	ART					S		Nom	F
14035014	34	Levit	NOUN	NN					P		Nom	M
14035014	35	für	ADP	APPR								
14035014	36	sich	PRON	PRF				3	S		Acc	
14035014	37	und	CCONJ	KON								
14035014	38	für	ADP	APPR								
14035014	39	der	DET	ART					S		Nom	F
14035014	40	Priester	NOUN	NN					P		Nom	M
14035014	41	der	DET	ART					S		Nom	F
14035014	42	Sohn	NOUN	NN					P		Nom	M
14035014	43	Aaron	PROPN	NE					S		Gen	
14035015	1	und	CCONJ	KON								
14035015	2	der	DET	ART					S		Nom	F
14035015	3	Sänger	NOUN	NN					P		Nom	M
14035015	4	der	DET	ART					S		Nom	F
14035015	5	Sohn	NOUN	NN					P		Nom	M
14035015	6	Asaphs	PROPN	NE					S		Nom	N
14035015	7	sein	AUX	VAFIN		Fin	Past	3	P	Ind		
14035015	8	an	ADP	PTKVZ								
14035015	9	ihr	DET	PPOSAT					S		Dat	F
14035015	10	Stelle	NOUN	NN					S		Nom	F
14035015	11	nach	ADP	APPR								
14035015	12	der	DET	ART					S		Dat	M
14035015	13	Gebot	NOUN	NN					P		Nom	N
14035015	14	David	PROPN	NE					S		Gen	M
14035015	15	und	CCONJ	KON								
14035015	16	Asaphs	PROPN	NE					S		Nom	N
14035015	17	und	CCONJ	KON								
14035015	18	Heman	PROPN	NE					S		Gen	N
14035015	19	und	CCONJ	KON								
14035015	20	Jeduthuns	PROPN	NE					S		Nom	
14035015	21	der	DET	ART					S		Gen	M
14035015	22	Seher	PROPN	NE					S		Gen	
14035015	23	der	DET	ART					S		Gen	M
14035015	24	König	PROPN	NE					S		Nom	
14035015	25	und	CCONJ	KON								
14035015	26	der	DET	ART					S		Nom	F
14035015	27	Torhüter	NOUN	NN					S		Nom	M
14035015	28	sein	AUX	VAFIN		Fin	Past	3	P	Ind		
14035015	29	an	ADP	PTKVZ								
14035015	30	jeder	DET	PIAT					S		Dat	M
14035015	31	Tor	NOUN	NN					P		Nom	N
14035015	32	sie	PRON	PPER				3	P		Nom	
14035015	33	haben	AUX	VAFIN		Fin	Past	3	P	Ind		
14035015	34	nicht	PART	PTKNEG								
14035015	35	nötig	ADV	ADJD	Pos							
14035015	36	von	ADP	APPR								
14035015	37	ihr	DET	PPOSAT					S		Dat	N
14035015	38	Dienst	NOUN	NN					P		Nom	M
14035015	39	zu	ADP	PTKVZ								
14035015	40	weichen	VERB	VVINF		Inf						
14035015	41	weil	SCONJ	KOUS								
14035015	42	ihr	DET	PPOSAT					S		Nom	F
14035015	43	Bruder	NOUN	NN					P		Nom	M
14035015	44	der	DET	ART					S		Nom	F
14035015	45	Levit	NOUN	NN					P		Nom	M
14035015	46	für	ADP	APPR								
14035015	47	sie	PRON	PPER				3	P		Nom	
14035015	48	bereiten	VERB	VVFIN		Fin	Past	3	P	Ind		
14035016	1	und	CCONJ	KON								
14035016	2	so	ADV	ADV								
14035016	3	werden	AUX	VAFIN		Fin	Past	3	S	Ind		
14035016	4	der	DET	ART					S		Nom	M
14035016	5	ganz	ADJ	ADJA	Pos				S		Nom	F
14035016	6	Dienst	NOUN	NN					S		Nom	M
14035016	7	Jahwe	PROPN	NE					S		Gen	
14035016	8	an	ADP	PTKVZ								
14035016	9	jener	DET	PDAT					S		Dat	N
14035016	10	Tag	NOUN	NN					P		Nom	M
14035016	11	einrichten	VERB	VVPP		Part						
14035016	12	um	ADP	APPR								
14035016	13	der	DET	ART					S		Nom	N
14035016	14	Passah	NOUN	NN					P		Nom	N
14035016	15	zu	ADP	PTKVZ								
14035016	16	feiern	VERB	VVFIN		Fin	Pres	3	P	Ind		
14035016	17	und	CCONJ	KON								
14035016	18	der	DET	ART					S		Nom	F
14035016	19	Brandopfer	NOUN	NN					S		Nom	M
14035016	20	auf	ADP	PTKVZ								
14035016	21	der	DET	ART					S		Dat	M
14035016	22	Altar	NOUN	NN					S		Nom	M
14035016	23	Jahwe	PROPN	NE					S		Gen	
14035016	24	zu	ADP	PTKVZ								
14035016	25	opfern	VERB	VVINF		Inf						
14035016	26	nach	ADP	APPR								
14035016	27	der	DET	ART					S		Dat	M
14035016	28	Gebot	NOUN	NN					P		Nom	N
14035016	29	der	DET	ART					S		Gen	M
14035016	30	König	PROPN	NE					S		Nom	
14035016	31	Josia	PROPN	NE					S		Nom	N
14035017	1	und	CCONJ	KON								
14035017	2	der	DET	ART					S		Nom	F
14035017	3	Kind	NOUN	NN					P		Nom	N
14035017	4	Israel	PROPN	NE					S		Nom	N
14035017	5	der	DET	ART					S		Nom	F
14035017	6	sich	PRON	PRF				3	S		Acc	
14035017	7	vorfinden	VERB	VVFIN		Fin	Past	3	P	Ind		
14035017	8	feiern	VERB	VVFIN		Fin	Past	3	P	Ind		
14035017	9	der	DET	ART					S		Nom	N
14035017	10	Passah	NOUN	NN					P		Nom	N
14035017	11	zu	ADP	PTKVZ								
14035017	12	selbig	PRON	ADJA					S		Nom	M
14035017	13	Zeit	NOUN	NN					S		Nom	F
14035017	14	und	CCONJ	KON								
14035017	15	der	DET	ART					S		Nom	N
14035017	16	Fest	NOUN	NN					S		Nom	N
14035017	17	der	DET	ART					S		Nom	M
14035017	18	ungesäuert	ADJ	ADJA	Pos				S		Acc	M
14035017	19	Brot	NOUN	NN					P		Nom	N
14035017	20	sieben	NUM	CARD								
14035017	21	Tag	NOUN	NN					P		Nom	M
14035017	22	lang	ADV	ADJD	Pos							
14035018	1	und	CCONJ	KON								
14035018	2	es	PRON	PPER				3	S		Nom	N
14035018	3	sein	AUX	VAFIN		Fin	Past	3	S	Ind		
14035018	4	kein	DET	PIAT					S		Nom	N
14035018	5	solcher	DET	PIAT					S		Nom	N
14035018	6	Passah	NOUN	NN					P		Nom	N
14035018	7	in	ADP	APPR								
14035018	8	Israel	PROPN	NE					S		Nom	N
14035018	9	feiern	VERB	VVPP		Part						
14035018	10	werden	AUX	VAPP		Part						
14035018	11	wie	ADP	KOKOM								
14035018	12	dieser	DET	PDAT					S		Nom	N
14035018	13	seit	ADP	APPR								
14035018	14	der	DET	ART					S		Acc	M
14035018	15	Tag	NOUN	NN					P		Dat	M
14035018	16	Samuel	PROPN	NE					S		Nom	
14035018	17	der	DET	ART					S		Gen	M
14035018	18	Prophet	NOUN	NN					P		Nom	M
14035018	19	und	CCONJ	KON								
14035018	20	aller	PRON	PIS					P		Nom	
14035018	21	König	NOUN	NN					P		Nom	M
14035018	22	von	ADP	APPR								
14035018	23	Israel	PROPN	NE					S		Nom	N
14035018	24	haben	AUX	VAFIN		Fin	Past	3	P	Ind		
14035018	25	kein	DET	PIAT					S		Nom	N
14035018	26	Passah	NOUN	NN					P		Nom	N
14035018	27	feiern	VERB	VVPP		Part						
14035018	28	wie	ADP	KOKOM								
14035018	29	dasjeniger	PRON	PDAT					S		Nom	N
14035018	30	welcher	DET	PWAT					S		Acc	N
14035018	31	Josia	PROPN	NE					S		Nom	N
14035018	32	feiern	VERB	VVFIN		Fin	Past	3	S	Ind		
14035018	33	und	CCONJ	KON								
14035018	34	der	DET	ART					S		Nom	F
14035018	35	Priester	NOUN	NN					P		Nom	M
14035018	36	und	CCONJ	KON								
14035018	37	der	DET	ART					S		Nom	F
14035018	38	Levit	NOUN	NN					P		Nom	M
14035018	39	und	CCONJ	KON								
14035018	40	ganz	ADV	ADV								
14035018	41	Juda	PROPN	NE					S		Nom	M
14035018	42	und	CCONJ	KON								
14035018	43	Israel	PROPN	NE					S		Nom	N
14035018	44	der	DET	ART					S		Nom	N
14035018	45	sich	PRON	PRF				3	S		Acc	
14035018	46	vorfinden	VERB	VVFIN		Fin	Past	3	S	Ind		
14035018	47	und	CCONJ	KON								
14035018	48	der	DET	ART					S		Nom	F
14035018	49	Bewohner	NOUN	NN					P		Nom	M
14035018	50	von	ADP	APPR								
14035018	51	Jerusalem	PROPN	NE					S		Nom	N
14035019	1	in	ADP	APPRART					S		Dat	M
14035019	2	achtzehnter	ADJ	ADJA	Pos				S		Gen	M
14035019	3	Jahr	NOUN	NN					P		Nom	N
14035019	4	der	DET	ART					S		Nom	M
14035019	5	Regierung	NOUN	NN					S		Nom	F
14035019	6	Josia	PROPN	NE					S		Gen	M
14035019	7	sein	AUX	VAFIN		Fin	Pres	3	S	Ind		
14035019	8	dieser	DET	PDAT					S		Nom	N
14035019	9	Passah	NOUN	NN					P		Nom	N
14035019	10	feiern	VERB	VVPP		Part						
14035019	11	werden	AUX	VAPP		Part						
14035020	1	nach	ADP	APPR								
14035020	2	alle	PRON	PIS					S		Dat	N
14035020	3	dieser	DET	PDAT					S		Dat	N
14035020	4	als	ADP	KOKOM								
14035020	5	Josia	PROPN	NE					S		Nom	N
14035020	6	der	DET	ART					S		Nom	N
14035020	7	Haus	NOUN	NN					S		Nom	N
14035020	8	einrichten	VERB	VVPP		Part						
14035020	9	haben	AUX	VAFIN		Fin	Past	3	S	Ind		
14035020	10	ziehen	VERB	VVFIN		Fin	Past	3	S	Ind		
14035020	11	Neko	X	NE								
14035020	12	der	DET	ART					S		Nom	M
14035020	13	König	NOUN	NN					S		Nom	M
14035020	14	von	ADP	APPR								
14035020	15	Ägypten	PROPN	NE					S		Nom	N
14035020	16	hinauf	ADV	PTKVZ								
14035020	17	um	ADP	APPR								
14035020	18	wider	ADP	PTKVZ								
14035020	19	Karchemi	PROPN	NE					S		Gen	
14035020	20	an	ADP	APPRART					S		Dat	M
14035020	21	Phrat	NOUN	NN					S		Nom	M
14035020	22	zu	ADP	PTKVZ								
14035020	23	streiten	VERB	VVINF		Inf						
14035020	24	und	CCONJ	KON								
14035020	25	Josia	PROPN	NE					S		Nom	N
14035020	26	ziehen	VERB	VVFIN		Fin	Past	3	S	Ind		
14035020	27	aus	ADP	PTKVZ								
14035020	28	ihm	PRON	PPER				3	S		Dat	M
14035020	29	entgegen	ADP	PTKVZ								
14035021	1	da	SCONJ	KOUS								
14035021	2	senden	VERB	VVFIN		Fin	Past	3	S	Ind		
14035021	3	er	PRON	PPER				3	S		Nom	M
14035021	4	Bote	NOUN	NN					P		Nom	M
14035021	5	zu	ADP	PTKVZ								
14035021	6	ihm	PRON	PPER				3	S		Dat	M
14035021	7	und	CCONJ	KON								
14035021	8	lassen	VERB	VVFIN		Fin	Past	3	S	Ind		
14035021	9	ihm	PRON	PPER				3	S		Dat	M
14035021	10	sagen	VERB	VVINF		Inf						
14035021	11	was	PRON	PWS					S		Nom	N
14035021	12	haben	AUX	VAFIN		Fin	Pres	3	P	Ind		
14035021	13	wir	PRON	PPER				1	P		Nom	
14035021	14	miteinander	ADV	ADV								
14035021	15	zu	ADP	PTKVZ								
14035021	16	schaffen	VERB	VVINF		Inf						
14035021	17	König	NOUN	NN					S		Nom	M
14035021	18	von	ADP	APPR								
14035021	19	Juda	PROPN	NE					S		Nom	M
14035021	20	nicht	PART	PTKNEG								
14035021	21	wider	ADP	PTKVZ								
14035021	22	dich	PRON	PPER				2	S		Acc	
14035021	23	kommen	VERB	VVFIN		Fin	Pres	3	S	Sub		
14035021	24	ich	PRON	PPER				1	S		Nom	
14035021	25	heute	ADV	ADV								
14035021	26	sondern	CCONJ	KON								
14035021	27	wider	ADP	PTKVZ								
14035021	28	der	DET	ART					S		Nom	N
14035021	29	Haus	NOUN	NN					S		Nom	N
14035021	30	mit	ADP	APPR								
14035021	31	der	DET	ART					S		Dat	M
14035021	32	ich	PRON	PPER				1	S		Nom	
14035021	33	Krieg	NOUN	NN					S		Nom	M
14035021	34	führen	VERB	VVFIN		Fin	Pres	3	S	Sub		
14035021	35	und	CCONJ	KON								
14035021	36	Gott	NOUN	NN					S		Nom	M
14035021	37	haben	AUX	VAFIN		Fin	Pres	3	S	Ind		
14035021	38	sagen	VERB	VVPP		Part						
14035021	39	daß	SCONJ	KOUS								
14035021	40	ich	PRON	PPER				1	S		Nom	
14035021	41	eilen	VERB	VVINF		Inf						
14035021	42	sollen	AUX	VMFIN		Fin	Past	3	S	Ind		
14035021	43	stehe	VERB	VVIMP		Fin	Pres	3	S	Sub		
14035021	44	ab	ADP	PTKVZ								
14035021	45	von	ADP	APPR								
14035021	46	Gott	NOUN	NN					S		Nom	M
14035021	47	der	DET	ART					S		Nom	M
14035021	48	mit	ADP	APPR								
14035021	49	mir	PRON	PPER				1	S		Dat	
14035021	50	sein	AUX	VAFIN		Fin	Pres	3	S	Ind		
14035021	51	daß	SCONJ	KOUS								
14035021	52	er	PRON	PPER				3	S		Nom	M
14035021	53	dich	PRON	PPER				2	S		Acc	
14035021	54	nicht	PART	PTKNEG								
14035021	55	Verderbe	NOUN	NN					P		Nom	N
14035022	1	aber	CCONJ	KON								
14035022	2	Josia	PROPN	NE					S		Nom	N
14035022	3	wenden	VERB	VVFIN		Fin	Past	3	S	Ind		
14035022	4	sein	AUX	VAINF		Inf						
14035022	5	Angesicht	NOUN	NN					S		Nom	F
14035022	6	nicht	PART	PTKNEG								
14035022	7	von	ADP	APPR								
14035022	8	ihm	PRON	PPER				3	S		Dat	M
14035022	9	ab	ADP	PTKVZ								
14035022	10	sondern	CCONJ	KON								
14035022	11	verkleiden	VERB	NN		Fin	Past	3	S	Ind		
14035022	12	sich	PRON	PRF				3	S		Acc	
14035022	13	um	ADP	APPR								
14035022	14	wider	ADP	PTKVZ								
14035022	15	ihn	PRON	PPER				3	S		Acc	M
14035022	16	zu	ADP	PTKVZ								
14035022	17	streiten	VERB	VVINF		Inf						
14035022	18	und	CCONJ	KON								
14035022	19	er	PRON	PPER				3	S		Nom	M
14035022	20	hören	VERB	VVFIN		Fin	Past	3	S	Ind		
14035022	21	nicht	PART	PTKNEG								
14035022	22	auf	ADP	PTKVZ								
14035022	23	der	DET	ART					S		Nom	F
14035022	24	Wort	NOUN	NN					P		Nom	N
14035022	25	Neko	PROPN	NE					S		Gen	
14035022	26	der	DET	ART					S		Nom	F
14035022	27	aus	ADP	PTKVZ								
14035022	28	der	DET	ART					S		Dat	M
14035022	29	Mund	NOUN	NN					S		Acc	M
14035022	30	Gott	NOUN	NN					S		Gen	M
14035022	31	kommen	VERB	VVFIN		Fin	Past	3	P	Ind		
14035022	32	und	CCONJ	KON								
14035022	33	er	PRON	PPER				3	S		Nom	M
14035022	34	kommen	VERB	VVFIN		Fin	Past	3	S	Ind		
14035022	35	in	ADP	APPR								
14035022	36	der	DET	ART					S		Nom	N
14035022	37	Tal	NOUN	NN					S		Nom	N
14035022	38	Megiddo	PROPN	NE					S		Nom	N
14035022	39	um	ADP	APPR								
14035022	40	zu	ADP	PTKVZ								
14035022	41	streiten	VERB	VVINF		Inf						
14035023	1	und	CCONJ	KON								
14035023	2	der	DET	ART					S		Nom	F
14035023	3	Schütze	NOUN	NN					P		Nom	M
14035023	4	schießen	VERB	VVFIN		Fin	Past	3	P	Ind		
14035023	5	auf	ADP	PTKVZ								
14035023	6	der	DET	ART					S		Acc	M
14035023	7	König	NOUN	NN					S		Nom	M
14035023	8	Josia	PROPN	NE					S		Nom	N
14035023	9	da	SCONJ	KOUS								
14035023	10	sprechen	VERB	VVFIN		Fin	Past	3	S	Ind		
14035023	11	der	DET	ART					S		Nom	M
14035023	12	König	NOUN	NN					S		Nom	M
14035023	13	zu	ADP	PTKVZ								
14035023	14	sein	DET	PPOSAT					S		Acc	M
14035023	15	knechte	NOUN	NN					P		Nom	M
14035023	16	Bringet	NOUN	NE					S		Nom	N
14035023	17	mich	PRON	PPER				1	S		Acc	
14035023	18	hinweg	ADP	APZR								
14035023	19	denn	CCONJ	KON								
14035023	20	ich	PRON	PPER				1	S		Nom	
14035023	21	sein	AUX	VAFIN		Fin	Pres	1	S	Ind		
14035023	22	schwer	ADV	ADJD	Pos							
14035023	23	verwunden	VERB	VVPP		Part						
14035024	1	und	CCONJ	KON								
14035024	2	sein	DET	PPOSAT					S		Nom	F
14035024	3	Knecht	NOUN	NN					P		Nom	M
14035024	4	bringen	VERB	VVFIN		Fin	Past	3	P	Ind		
14035024	5	ihn	PRON	PPER				3	S		Acc	M
14035024	6	von	ADP	APPR								
14035024	7	der	DET	ART					S		Dat	M
14035024	8	Wagen	NOUN	NN					S		Nom	M
14035024	9	hinweg	ADP	APZR								
14035024	10	und	CCONJ	KON								
14035024	11	setzen	VERB	VVFIN		Fin	Past	3	P	Ind		
14035024	12	ihn	PRON	PPER				3	S		Acc	M
14035024	13	auf	ADP	PTKVZ								
14035024	14	der	DET	ART					S		Acc	M
14035024	15	zweiter	ADJ	ADJA	Pos				S		Dat	M
14035024	16	Wagen	NOUN	NN					S		Nom	M
14035024	17	der	DET	ART					S		Acc	M
14035024	18	er	PRON	PPER				3	S		Nom	M
14035024	19	haben	AUX	VAFIN		Fin	Past	3	S	Ind		
14035024	20	und	CCONJ	KON								
14035024	21	führen	VERB	VVFIN		Fin	Past	3	P	Ind		
14035024	22	ihn	PRON	PPER				3	S		Acc	M
14035024	23	nach	ADP	APPR								
14035024	24	Jerusalem	PROPN	NE					S		Nom	N
14035024	25	und	CCONJ	KON								
14035024	26	er	PRON	PPER				3	S		Nom	M
14035024	27	sterben	VERB	VVFIN		Fin	Past	3	S	Ind		
14035024	28	und	CCONJ	KON								
14035024	29	werden	AUX	VAFIN		Fin	Past	3	S	Ind		
14035024	30	in	ADP	APPR								
14035024	31	der	DET	ART					S		Acc	M
14035024	32	Gräber	NOUN	NN					P		Dat	M
14035024	33	sein	DET	PPOSAT					S		Dat	F
14035024	34	Vater	NOUN	NN					P		Nom	M
14035024	35	begraben	VERB	VVPP		Part						
14035024	36	und	CCONJ	KON								
14035024	37	ganz	ADV	ADV								
14035024	38	Juda	PROPN	NE					S		Nom	M
14035024	39	und	CCONJ	KON								
14035024	40	Jerusalem	PROPN	NE					S		Nom	N
14035024	41	trauern	VERB	VVFIN		Fin	Past	3	P	Ind		
14035024	42	um	ADP	APPR								
14035024	43	Josia	PROPN	NE					S		Nom	N
14035025	1	und	CCONJ	KON								
14035025	2	Jeremia	PROPN	NE					S		Nom	M
14035025	3	stimmen	VERB	VVFIN		Fin	Past	3	S	Ind		
14035025	4	ein	DET	ART					S		Nom	N
14035025	5	Klagelied	NOUN	NN					S		Nom	N
14035025	6	über	ADP	APPR								
14035025	7	Josia	PROPN	NE					S		Nom	N
14035025	8	an	ADP	PTKVZ								
14035025	9	und	CCONJ	KON								
14035025	10	aller	PRON	PIS					P		Nom	
14035025	11	Sänger	NOUN	NN					P		Nom	M
14035025	12	und	CCONJ	KON								
14035025	13	Sängerin	NOUN	NN					P		Nom	F
14035025	14	haben	AUX	VAFIN		Fin	Pres	3	P	Ind		
14035025	15	in	ADP	APPR								
14035025	16	ihr	DET	PPOSAT					S		Acc	M
14035025	17	Klagelieder	NOUN	NN					P		Nom	F
14035025	18	von	ADP	APPR								
14035025	19	Josia	PROPN	NE					S		Nom	N
14035025	20	reden	VERB	VVPP		Part						
14035025	21	bis	CCONJ	KON								
14035025	22	auf	ADP	PTKVZ								
14035025	23	der	DET	ART					S		Acc	M
14035025	24	heutig	ADJ	ADJA	Pos				S		Acc	M
14035025	25	Tag	NOUN	NN					S		Nom	M
14035025	26	und	CCONJ	KON								
14035025	27	man	PRON	PIS					S		Nom	
14035025	28	machen	VERB	VVFIN		Fin	Past	3	S	Ind		
14035025	29	sie	PRON	PPER				3	P		Nom	
14035025	30	zu	ADP	PTKVZ								
14035025	31	ein	DET	ART					S		Dat	M
14035025	32	Gebrauch	NOUN	NN					S		Nom	M
14035025	33	in	ADP	APPR								
14035025	34	Israel	PROPN	NE					S		Nom	N
14035025	35	und	CCONJ	KON								
14035025	36	sehen	VERB	VVIMP				2	S	Imp		
14035025	37	sie	PRON	PPER				3	P		Nom	
14035025	38	sein	AUX	VAFIN		Fin	Pres	3	P	Ind		
14035025	39	schreiben	VERB	VVPP		Part						
14035025	40	in	ADP	APPR								
14035025	41	der	DET	ART					S		Acc	M
14035025	42	Klagelieder	NOUN	NN					P		Nom	F
14035026	1	und	CCONJ	KON								
14035026	2	der	DET	ART					S		Nom	N
14035026	3	übrige	ADJ	ADJA	Pos				P		Nom	
14035026	4	der	DET	ART					S		Nom	M
14035026	5	Geschichte	NOUN	NN					S		Nom	F
14035026	6	Josia	PROPN	NE					S		Gen	M
14035026	7	und	CCONJ	KON								
14035026	8	sein	DET	PPOSAT					S		Nom	F
14035026	9	gut	ADJ	ADJA	Pos				S		Acc	M
14035026	10	Tat	NOUN	NN					P		Nom	F
14035026	11	nach	ADP	APPR								
14035026	12	der	DET	ART					S		Dat	M
14035026	13	was	PRON	PWS					S		Nom	N
14035026	14	in	ADP	APPRART					S		Dat	N
14035026	15	Gesetz	NOUN	NN					S		Nom	N
14035026	16	Jahwe	PROPN	NE					S		Gen	
14035026	17	schreiben	VERB	VVPP		Part						
14035026	18	stehen	VERB	VVFIN		Fin	Pres	3	S	Ind		
14035027	1	und	CCONJ	KON								
14035027	2	sein	DET	PPOSAT					S		Nom	F
14035027	3	Geschichte	NOUN	NN					S		Nom	F
14035027	4	der	DET	ART					S		Nom	F
14035027	5	erster	ADJ	ADJA	Pos				S		Nom	F
14035027	6	und	CCONJ	KON								
14035027	7	der	DET	ART					S		Nom	F
14035027	8	letzter	ADJ	ADJA	Pos				S		Nom	F
14035027	9	sehen	VERB	VVIMP				2	S	Imp		
14035027	10	sie	PRON	PPER				3	P		Nom	
14035027	11	sein	AUX	VAFIN		Fin	Pres	3	S	Ind		
14035027	12	schreiben	VERB	VVPP		Part						
14035027	13	in	ADP	APPR								
14035027	14	der	DET	ART					S		Dat	M
14035027	15	Buch	NOUN	NN					P		Nom	N
14035027	16	der	DET	ART					S		Nom	M
14035027	17	König	NOUN	NN					P		Nom	M
14035027	18	von	ADP	APPR								
14035027	19	Israel	PROPN	NE					S		Nom	N
14035027	20	und	CCONJ	KON								
14035027	21	Juda	PROPN	NE					S		Nom	M
14036001	1	und	CCONJ	KON								
14036001	2	der	DET	ART					S		Nom	N
14036001	3	Volk	NOUN	NN					S		Nom	N
14036001	4	der	DET	ART					S		Gen	M
14036001	5	Land	NOUN	NN					S		Gen	N
14036001	6	nehmen	VERB	VVFIN		Fin	Past	3	S	Ind		
14036001	7	Joaha	PROPN	NE					S		Gen	M
14036001	8	der	DET	ART					S		Acc	M
14036001	9	Sohn	NOUN	NN					S		Nom	M
14036001	10	Josia	PROPN	NE					S		Gen	M
14036001	11	und	CCONJ	KON								
14036001	12	sie	PRON	PPER				3	P		Nom	
14036001	13	machen	VERB	VVFIN		Fin	Past	3	P	Ind		
14036001	14	ihn	PRON	PPER				3	S		Acc	M
14036001	15	zu	ADP	APPRART					S		Dat	N
14036001	16	König	NOUN	NN					S		Nom	M
14036001	17	in	ADP	APPR								
14036001	18	Jerusalem	PROPN	NE					S		Nom	N
14036001	19	an	ADP	PTKVZ								
14036001	20	sein	DET	PPOSAT					S		Gen	M
14036001	21	Vater	NOUN	NN					S		Gen	M
14036001	22	statt	SCONJ	KOUI								
14036002	1	Jahr	NOUN	NN					P		Nom	N
14036002	2	sein	AUX	VAFIN		Fin	Past	3	S	Ind		
14036002	3	Joaha	PROPN	NE					S		Gen	M
14036002	4	alt	ADV	ADJD	Pos							
14036002	5	als	ADP	KOKOM								
14036002	6	er	PRON	PPER				3	S		Nom	M
14036002	7	König	NOUN	NN					S		Nom	M
14036002	8	werden	AUX	VAFIN		Fin	Past	3	S	Ind		
14036002	9	und	CCONJ	KON								
14036002	10	er	PRON	PPER				3	S		Nom	M
14036002	11	regieren	VERB	VVFIN		Fin	Past	3	S	Ind		
14036002	12	drei	NUM	CARD								
14036002	13	Monat	NOUN	NN					P		Nom	M
14036002	14	zu	ADP	PTKVZ								
14036002	15	Jerusalem	PROPN	NE					S		Nom	N
14036003	1	und	CCONJ	KON								
14036003	2	der	DET	ART					S		Nom	M
14036003	3	König	NOUN	NN					S		Nom	M
14036003	4	von	ADP	APPR								
14036003	5	Ägypten	PROPN	NE					S		Nom	N
14036003	6	setzen	VERB	VVFIN		Fin	Past	3	S	Ind		
14036003	7	ihn	PRON	PPER				3	S		Acc	M
14036003	8	ab	ADP	PTKVZ								
14036003	9	zu	ADP	PTKVZ								
14036003	10	Jerusalem	PROPN	NE					S		Nom	N
14036003	11	und	CCONJ	KON								
14036003	12	er	PRON	PPER				3	S		Nom	M
14036003	13	legen	VERB	VVFIN		Fin	Past	3	S	Ind		
14036003	14	der	DET	ART					S		Dat	M
14036003	15	Land	NOUN	NN					P		Nom	N
14036003	16	ein	DET	ART					S		Nom	F
14036003	17	Buße	NOUN	NN					S		Nom	F
14036003	18	von	ADP	APPR								
14036003	19	hundert	NUM	CARD								
14036003	20	Talent	NOUN	NN					P		Dat	N
14036003	21	Silber	NOUN	NN					S		Nom	N
14036003	22	und	CCONJ	KON								
14036003	23	ein	DET	ART					S		Dat	M
14036003	24	Talent	NOUN	NN					P		Nom	N
14036003	25	Gold	NOUN	NN					S		Nom	N
14036003	26	auf	ADP	PTKVZ								
14036004	1	und	CCONJ	KON								
14036004	2	der	DET	ART					S		Nom	M
14036004	3	König	NOUN	NN					S		Nom	M
14036004	4	von	ADP	APPR								
14036004	5	Ägypten	PROPN	NE					S		Nom	N
14036004	6	machen	VERB	VVFIN		Fin	Past	3	S	Ind		
14036004	7	sein	DET	PPOSAT					S		Acc	M
14036004	8	Bruder	NOUN	NN					S		Nom	M
14036004	9	Eljakim	NOUN	NN					S		Nom	M
14036004	10	zu	ADP	APPRART					S		Dat	N
14036004	11	König	NOUN	NN					S		Nom	M
14036004	12	über	ADP	APPR								
14036004	13	Juda	PROPN	NE					S		Nom	M
14036004	14	und	CCONJ	KON								
14036004	15	Jerusalem	PROPN	NE					S		Nom	N
14036004	16	und	CCONJ	KON								
14036004	17	verwandeln	VERB	VVFIN		Fin	Past	3	S	Ind		
14036004	18	sein	DET	PPOSAT					S		Acc	M
14036004	19	Name	NOUN	NN					P		Nom	M
14036004	20	in	ADP	APPR								
14036004	21	Jojakim	NOUN	NN					P		Nom	M
14036004	22	sein	DET	PPOSAT					P		Dat	
14036004	23	Bruder	NOUN	NN					S		Nom	M
14036004	24	Joaha	PROPN	NE					S		Gen	M
14036004	25	aber	CCONJ	KON								
14036004	26	nehmen	VERB	VVFIN		Fin	Past	3	S	Ind		
14036004	27	Neko	X	NE								
14036004	28	fest	ADV	PTKVZ								
14036004	29	und	CCONJ	KON								
14036004	30	führen	VERB	VVFIN		Fin	Past	3	S	Ind		
14036004	31	ihn	PRON	PPER				3	S		Acc	M
14036004	32	nach	ADP	APPR								
14036004	33	Ägypten	PROPN	NE					S		Nom	N
14036005	1	Fünfundzwanzig	X	NE								
14036005	2	Jahr	NOUN	NN					P		Nom	N
14036005	3	sein	AUX	VAFIN		Fin	Past	3	S	Ind		
14036005	4	Jojakim	NOUN	NN					P		Nom	M
14036005	5	alt	ADV	ADJD	Pos							
14036005	6	als	ADP	KOKOM								
14036005	7	er	PRON	PPER				3	S		Nom	M
14036005	8	König	NOUN	NN					S		Nom	M
14036005	9	werden	AUX	VAFIN		Fin	Past	3	S	Ind		
14036005	10	und	CCONJ	KON								
14036005	11	er	PRON	PPER				3	S		Nom	M
14036005	12	regieren	VERB	VVFIN		Fin	Past	3	S	Ind		
14036005	13	elf	NUM	CARD								
14036005	14	Jahr	NOUN	NN					P		Nom	N
14036005	15	zu	ADP	PTKVZ								
14036005	16	Jerusalem	PROPN	NE					S		Nom	N
14036005	17	und	CCONJ	KON								
14036005	18	er	PRON	PPER				3	S		Nom	M
14036005	19	tun	VERB	VVFIN		Fin	Past	3	S	Ind		
14036005	20	was	PRON	PWS					S		Nom	N
14036005	21	böse	ADV	ADJD	Pos							
14036005	22	sein	AUX	VAFIN		Fin	Past	3	S	Ind		
14036005	23	in	ADP	APPR								
14036005	24	der	DET	ART					S		Acc	M
14036005	25	Auge	NOUN	NN					P		Nom	N
14036005	26	Jahwe	PROPN	NE					S		Gen	
14036005	27	sein	DET	PPOSAT					S		Gen	M
14036005	28	Gott	NOUN	NN					S		Gen	M
14036006	1	wider	ADP	APPR								
14036006	2	ihn	PRON	PPER				3	S		Acc	M
14036006	3	ziehen	VERB	VVFIN		Fin	Past	3	S	Ind		
14036006	4	Nebukadnezar	PROPN	NE					S		Nom	
14036006	5	der	DET	ART					S		Nom	M
14036006	6	König	NOUN	NN					S		Nom	M
14036006	7	von	ADP	APPR								
14036006	8	Babel	NOUN	NN					S		Nom	N
14036006	9	herauf	ADV	PTKVZ								
14036006	10	und	CCONJ	KON								
14036006	11	er	PRON	PPER				3	S		Nom	M
14036006	12	Band	NOUN	VVFIN					S		Nom	M
14036006	13	ihn	PRON	PPER				3	S		Acc	M
14036006	14	mit	ADP	APPR								
14036006	15	ehern	ADJ	ADJA	Pos				S		Acc	M
14036006	16	Fessel	NOUN	NN					P		Nom	F
14036006	17	um	ADP	APPR								
14036006	18	ihn	PRON	PPER				3	S		Acc	M
14036006	19	nach	ADP	APPR								
14036006	20	Babel	NOUN	NN					S		Nom	N
14036006	21	zu	ADP	PTKVZ								
14036006	22	führen	VERB	VVINF		Inf						
14036007	1	auch	ADV	ADV								
14036007	2	von	ADP	APPR								
14036007	3	der	DET	ART					S		Acc	M
14036007	4	Gerät	NOUN	NN					P		Dat	N
14036007	5	der	DET	ART					S		Gen	M
14036007	6	Haus	NOUN	NN					S		Gen	N
14036007	7	Jahwe	PROPN	NE					S		Gen	
14036007	8	bringen	VERB	VVFIN		Fin	Past	3	S	Ind		
14036007	9	Nebukadnezar	PROPN	NE					S		Nom	
14036007	10	nach	ADP	APPR								
14036007	11	Babel	NOUN	NN					S		Nom	N
14036007	12	und	CCONJ	KON								
14036007	13	legen	VERB	VVFIN		Fin	Past	3	S	Ind		
14036007	14	sie	PRON	PPER				3	P		Nom	
14036007	15	in	ADP	APPR								
14036007	16	sein	DET	PPOSAT					S		Acc	M
14036007	17	Tempel	NOUN	NN					S		Nom	M
14036007	18	zu	ADP	PTKVZ								
14036007	19	Babel	NOUN	NN					S		Nom	N
14036008	1	und	CCONJ	KON								
14036008	2	der	DET	ART					S		Nom	N
14036008	3	übrige	ADJ	ADJA	Pos				P		Nom	
14036008	4	der	DET	ART					S		Nom	M
14036008	5	Geschichte	NOUN	NN					S		Nom	F
14036008	6	Jojakim	PROPN	NE					S		Gen	
14036008	7	und	CCONJ	KON								
14036008	8	sein	DET	PPOSAT					S		Nom	F
14036008	9	Greuel	NOUN	NN					S		Nom	M
14036008	10	der	DET	ART					S		Nom	F
14036008	11	er	PRON	PPER				3	S		Nom	M
14036008	12	verüben	VERB	VVPP		Part						
14036008	13	haben	AUX	VAFIN		Fin	Pres	3	S	Ind		
14036008	14	und	CCONJ	KON								
14036008	15	was	PRON	PWS					S		Nom	N
14036008	16	an	ADP	PTKVZ								
14036008	17	ihm	PRON	PPER				3	S		Dat	M
14036008	18	finden	VERB	VVPP		Part						
14036008	19	werden	AUX	VAFIN		Fin	Past	3	S	Ind		
14036008	20	sehen	VERB	VVIMP				2	S	Imp		
14036008	21	der	DET	ART					S		Nom	N
14036008	22	sein	AUX	VAFIN		Fin	Pres	3	S	Ind		
14036008	23	schreiben	VERB	VVPP		Part						
14036008	24	in	ADP	APPR								
14036008	25	der	DET	ART					S		Dat	M
14036008	26	Buch	NOUN	NN					P		Nom	N
14036008	27	der	DET	ART					S		Nom	M
14036008	28	König	NOUN	NN					P		Nom	M
14036008	29	von	ADP	APPR								
14036008	30	Israel	PROPN	NE					S		Nom	N
14036008	31	und	CCONJ	KON								
14036008	32	Juda	PROPN	NE					S		Nom	M
14036008	33	und	CCONJ	KON								
14036008	34	Jojakin	PROPN	NE					S		Nom	M
14036008	35	sein	AUX	VAINF		Inf						
14036008	36	Sohn	NOUN	NN					S		Nom	M
14036008	37	werden	VERB	VAFIN		Fin	Past	3	S	Ind		
14036008	38	König	NOUN	NN					S		Nom	M
14036008	39	an	ADP	PTKVZ								
14036008	40	sein	DET	PPOSAT					S		Dat	F
14036008	41	statt	SCONJ	KOUI								
14036009	1	Achtzehn	NUM	CARD								
14036009	2	Jahr	NOUN	NN					P		Nom	N
14036009	3	sein	AUX	VAFIN		Fin	Past	3	S	Ind		
14036009	4	Jojakin	PROPN	NE					S		Nom	M
14036009	5	alt	ADV	ADJD	Pos							
14036009	6	als	ADP	KOKOM								
14036009	7	er	PRON	PPER				3	S		Nom	M
14036009	8	König	NOUN	NN					S		Nom	M
14036009	9	werden	AUX	VAFIN		Fin	Past	3	S	Ind		
14036009	10	und	CCONJ	KON								
14036009	11	er	PRON	PPER				3	S		Nom	M
14036009	12	regieren	VERB	VVFIN		Fin	Past	3	S	Ind		
14036009	13	drei	NUM	CARD								
14036009	14	Monat	NOUN	NN					P		Nom	M
14036009	15	und	CCONJ	KON								
14036009	16	zehn	NUM	CARD								
14036009	17	Tag	NOUN	NN					P		Nom	M
14036009	18	zu	ADP	PTKVZ								
14036009	19	Jerusalem	PROPN	NE					S		Nom	N
14036009	20	und	CCONJ	KON								
14036009	21	er	PRON	PPER				3	S		Nom	M
14036009	22	tun	VERB	VVFIN		Fin	Past	3	S	Ind		
14036009	23	was	PRON	PWS					S		Nom	N
14036009	24	böse	ADV	ADJD	Pos							
14036009	25	sein	AUX	VAFIN		Fin	Past	3	S	Ind		
14036009	26	in	ADP	APPR								
14036009	27	der	DET	ART					S		Acc	M
14036009	28	Auge	NOUN	NN					P		Nom	N
14036009	29	Jahwe	PROPN	NE					S		Gen	
14036010	1	und	CCONJ	KON								
14036010	2	bei	ADP	APPRART					S		Dat	M
14036010	3	Umlauf	NOUN	NN					S		Acc	M
14036010	4	der	DET	ART					S		Gen	M
14036010	5	Jahr	NOUN	NN					S		Gen	N
14036010	6	senden	VERB	VVFIN		Fin	Past	3	S	Ind		
14036010	7	der	DET	ART					S		Nom	M
14036010	8	König	NOUN	NN					S		Nom	M
14036010	9	Nebukadnezar	PROPN	NE					S		Nom	
14036010	10	hin	ADV	ADV								
14036010	11	und	CCONJ	KON								
14036010	12	lassen	VERB	VVFIN		Fin	Past	3	S	Ind		
14036010	13	ihn	PRON	PPER				3	S		Acc	M
14036010	14	nach	ADP	APPR								
14036010	15	Babel	NOUN	NN					S		Nom	N
14036010	16	bringen	VERB	VVINF		Inf						
14036010	17	samt	ADP	APPR								
14036010	18	der	DET	ART					S		Acc	M
14036010	19	kostbar	ADJ	ADJA	Pos				S		Acc	M
14036010	20	Gerät	NOUN	NN					P		Dat	N
14036010	21	der	DET	ART					S		Gen	M
14036010	22	Haus	NOUN	NN					S		Gen	N
14036010	23	Jahwe	PROPN	NE					S		Gen	
14036010	24	und	CCONJ	KON								
14036010	25	er	PRON	PPER				3	S		Nom	M
14036010	26	machen	VERB	VVFIN		Fin	Past	3	S	Ind		
14036010	27	sein	DET	PPOSAT					S		Acc	M
14036010	28	Bruder	NOUN	NN					S		Nom	M
14036010	29	Zedekia	NOUN	NE					S		Nom	F
14036010	30	zu	ADP	APPRART					S		Dat	N
14036010	31	König	NOUN	NN					S		Nom	M
14036010	32	über	ADP	APPR								
14036010	33	Juda	PROPN	NE					S		Nom	M
14036010	34	und	CCONJ	KON								
14036010	35	Jerusalem	PROPN	NE					S		Nom	N
14036011	1	Einundzwanzig	ADV	ADV								
14036011	2	Jahr	NOUN	NN					P		Nom	N
14036011	3	sein	AUX	VAFIN		Fin	Past	3	S	Ind		
14036011	4	Zedekia	NOUN	NE					S		Nom	F
14036011	5	alt	ADV	ADJD	Pos							
14036011	6	als	ADP	KOKOM								
14036011	7	er	PRON	PPER				3	S		Nom	M
14036011	8	König	NOUN	NN					S		Nom	M
14036011	9	werden	AUX	VAFIN		Fin	Past	3	S	Ind		
14036011	10	und	CCONJ	KON								
14036011	11	er	PRON	PPER				3	S		Nom	M
14036011	12	regieren	VERB	VVFIN		Fin	Past	3	S	Ind		
14036011	13	elf	NUM	CARD								
14036011	14	Jahr	NOUN	NN					P		Nom	N
14036011	15	zu	ADP	PTKVZ								
14036011	16	Jerusalem	PROPN	NE					S		Nom	N
14036012	1	und	CCONJ	KON								
14036012	2	er	PRON	PPER				3	S		Nom	M
14036012	3	tun	VERB	VVFIN		Fin	Past	3	S	Ind		
14036012	4	was	PRON	PWS					S		Nom	N
14036012	5	böse	ADV	ADJD	Pos							
14036012	6	sein	AUX	VAFIN		Fin	Past	3	S	Ind		
14036012	7	in	ADP	APPR								
14036012	8	der	DET	ART					S		Acc	M
14036012	9	Auge	NOUN	NN					P		Nom	N
14036012	10	Jahwe	PROPN	NE					S		Gen	
14036012	11	sein	DET	PPOSAT					S		Gen	M
14036012	12	Gott	NOUN	NN					S		Gen	M
14036012	13	er	PRON	PPER				3	S		Nom	M
14036012	14	demütigen	VERB	VVFIN		Fin	Past	3	S	Ind		
14036012	15	sich	PRON	PRF				3	S		Acc	
14036012	16	nicht	PART	PTKNEG								
14036012	17	vor	ADP	APPR								
14036012	18	der	DET	ART					S		Dat	M
14036012	19	Prophet	NOUN	NN					P		Nom	M
14036012	20	Jeremia	PROPN	NE					S		Nom	M
14036012	21	als	ADP	KOKOM								
14036012	22	er	PRON	PPER				3	S		Nom	M
14036012	23	nach	ADP	APPR								
14036012	24	der	DET	ART					S		Dat	M
14036012	25	Befehl	NOUN	NN					P		Nom	M
14036012	26	Jahwe	PROPN	NE					S		Gen	
14036012	27	reden	VERB	VVFIN		Fin	Past	3	S	Ind		
14036013	1	und	CCONJ	KON								
14036013	2	auch	ADV	ADV								
14036013	3	empören	VERB	VVFIN		Fin	Past	3	S	Ind		
14036013	4	er	PRON	PPER				3	S		Nom	M
14036013	5	sich	PRON	PRF				3	S		Acc	
14036013	6	gegen	ADP	APPR								
14036013	7	der	DET	ART					S		Acc	M
14036013	8	König	NOUN	NN					S		Nom	M
14036013	9	Nebukadnezar	PROPN	NE					S		Nom	
14036013	10	der	DET	ART					S		Nom	M
14036013	11	ihn	PRON	PPER				3	S		Acc	M
14036013	12	bei	ADP	APPR								
14036013	13	Gott	NOUN	NN					S		Nom	M
14036013	14	haben	AUX	VAFIN		Fin	Past	3	S	Ind		
14036013	15	schwören	VERB	VVFIN		Fin	Pres	3	P	Ind		
14036013	16	lassen	VERB	VVINF		Fin	Pres	3	P	Ind		
14036013	17	und	CCONJ	KON								
14036013	18	er	PRON	PPER				3	S		Nom	M
14036013	19	verhärten	VERB	VVFIN		Fin	Past	3	S	Ind		
14036013	20	sein	DET	PPOSAT					S		Acc	M
14036013	21	Nacken	NOUN	NN					S		Nom	M
14036013	22	und	CCONJ	KON								
14036013	23	verstocken	VERB	VVFIN		Fin	Past	3	S	Ind		
14036013	24	sein	AUX	VAINF		Inf						
14036013	25	Herz	NOUN	NN					S		Nom	N
14036013	26	so	ADV	ADV								
14036013	27	daß	SCONJ	KOUS								
14036013	28	er	PRON	PPER				3	S		Nom	M
14036013	29	nicht	PART	PTKNEG								
14036013	30	umkehrn	VERB	VVFIN		Fin	Past	3	S	Ind		
14036013	31	zu	ADP	PTKVZ								
14036013	32	Jahwe	NOUN	NN					S		Nom	M
14036013	33	der	DET	ART					S		Dat	M
14036013	34	Gott	NOUN	NN					S		Nom	M
14036013	35	Israel	PROPN	NE					S		Gen	N
14036014	1	auch	ADV	ADV								
14036014	2	aller	PRON	PIS					P		Nom	
14036014	3	oberer	ADJ	ADJA	Sup				S		Dat	F
14036014	4	der	DET	ART					S		Nom	M
14036014	5	Priester	NOUN	NN					P		Nom	M
14036014	6	und	CCONJ	KON								
14036014	7	der	DET	ART					S		Nom	N
14036014	8	Volk	NOUN	NN					S		Nom	N
14036014	9	häufen	VERB	VVFIN		Fin	Past	3	P	Ind		
14036014	10	der	DET	ART					S		Nom	F
14036014	11	Treulosigkeit	NOUN	NN					P		Dat	M
14036014	12	nach	ADP	APPR								
14036014	13	aller	DET	PIS					P		Dat	
14036014	14	Greuel	NOUN	NN					P		Dat	M
14036014	15	der	DET	ART					S		Nom	M
14036014	16	Nation	NOUN	NN					P		Nom	F
14036014	17	und	CCONJ	KON								
14036014	18	verunreinign	VERB	VVFIN		Fin	Past	3	P	Ind		
14036014	19	der	DET	ART					S		Nom	N
14036014	20	Haus	NOUN	NN					S		Nom	N
14036014	21	Jahwe	PROPN	NE					S		Gen	
14036014	22	der	DET	ART					S		Nom	N
14036014	23	er	PRON	PPER				3	S		Nom	M
14036014	24	in	ADP	APPR								
14036014	25	Jerusalem	PROPN	NE					S		Nom	N
14036014	26	heiligen	VERB	VVPP		Part						
14036014	27	haben	AUX	VAFIN		Fin	Past	3	S	Ind		
14036015	1	und	CCONJ	KON								
14036015	2	Jahwe	NOUN	NN					S		Nom	M
14036015	3	der	DET	ART					S		Nom	M
14036015	4	Gott	NOUN	NN					S		Nom	M
14036015	5	ihr	DET	PPOSAT					S		Dat	F
14036015	6	Vater	NOUN	NN					P		Nom	M
14036015	7	senden	VERB	VVFIN		Fin	Past	3	S	Ind		
14036015	8	zu	ADP	PTKVZ								
14036015	9	ihnen	PRON	PPER				3	P		Dat	
14036015	10	durch	ADP	APPR								
14036015	11	sein	DET	PPOSAT					S		Nom	F
14036015	12	Bote	NOUN	NN					P		Nom	M
14036015	13	früh	ADV	ADJD	Pos							
14036015	14	sich	PRON	PRF				3	S		Acc	
14036015	15	aufmachend	ADV	ADJD	Pos							
14036015	16	und	CCONJ	KON								
14036015	17	Sendend	ADV	ADJD	Pos							
14036015	18	denn	CCONJ	KON								
14036015	19	er	PRON	PPER				3	S		Nom	M
14036015	20	erbarmen	VERB	VVFIN		Fin	Past	3	S	Ind		
14036015	21	sich	PRON	PRF				3	S		Acc	
14036015	22	sein	DET	PPOSAT					S		Gen	M
14036015	23	Volk	NOUN	NN					S		Gen	N
14036015	24	und	CCONJ	KON								
14036015	25	sein	DET	PPOSAT					S		Dat	F
14036015	26	Wohnung	NOUN	NN					S		Nom	F
14036016	1	aber	CCONJ	KON								
14036016	2	sie	PRON	PPER				3	P		Nom	
14036016	3	verspottet	VERB	VVFIN		Fin	Past	3	P	Ind		
14036016	4	der	DET	ART					S		Nom	F
14036016	5	Bote	NOUN	NN					P		Nom	M
14036016	6	Gott	NOUN	NN					S		Gen	M
14036016	7	und	CCONJ	KON								
14036016	8	verachten	VERB	VVFIN		Fin	Past	3	P	Ind		
14036016	9	sein	DET	PPOSAT					S		Nom	F
14036016	10	Wort	NOUN	NN					P		Nom	N
14036016	11	und	CCONJ	KON								
14036016	12	äffn	VERB	VVFIN		Fin	Past	3	P	Ind		
14036016	13	sein	DET	PPOSAT					S		Nom	F
14036016	14	Prophet	NOUN	NN					P		Nom	M
14036016	15	bis	CCONJ	KON								
14036016	16	der	DET	ART					S		Nom	M
14036016	17	Grimm	PROPN	NE					S		Nom	M
14036016	18	Jahwe	PROPN	NE					S		Gen	
14036016	19	gegen	ADP	APPR								
14036016	20	sein	AUX	VAINF		Inf						
14036016	21	Volk	NOUN	NN					S		Nom	N
14036016	22	steigen	VERB	VVFIN		Fin	Past	3	S	Ind		
14036016	23	daß	SCONJ	KOUS								
14036016	24	kein	DET	PIAT					S		Nom	F
14036016	25	Heilung	NOUN	NN					S		Nom	F
14036016	26	mehr	ADV	ADV								
14036016	27	sein	AUX	VAFIN		Fin	Past	3	S	Ind		
14036017	1	und	CCONJ	KON								
14036017	2	er	PRON	PPER				3	S		Nom	M
14036017	3	lassen	VERB	VVFIN		Fin	Past	3	S	Ind		
14036017	4	der	DET	ART					S		Acc	M
14036017	5	König	NOUN	NN					S		Nom	M
14036017	6	der	DET	ART					S		Nom	M
14036017	7	Chaldäer	NOUN	NE					S		Nom	M
14036017	8	wider	ADP	PTKVZ								
14036017	9	sie	PRON	PPER				3	P		Nom	
14036017	10	heraufkommen	VERB	VVINF		Inf						
14036017	11	und	CCONJ	KON								
14036017	12	der	DET	ART					S		Nom	M
14036017	13	erschlagen	VERB	VVFIN		Fin	Past	3	S	Ind		
14036017	14	ihr	DET	PPOSAT					S		Nom	F
14036017	15	Jünglinge	NOUN	NN					P		Nom	M
14036017	16	mit	ADP	APPR								
14036017	17	der	DET	ART					S		Dat	M
14036017	18	schwerte	NOUN	NN					P		Nom	
14036017	19	in	ADP	APPRART					S		Dat	N
14036017	20	Haus	NOUN	NN					P		Nom	N
14036017	21	ihr	DET	PPOSAT					S		Gen	M
14036017	22	Heiligtum	PROPN	NE					S		Gen	N
14036017	23	er	PRON	PPER				3	S		Nom	M
14036017	24	schonen	VERB	VVFIN		Fin	Past	3	S	Ind		
14036017	25	nicht	PART	PTKNEG								
14036017	26	der	DET	ART					S		Gen	M
14036017	27	Jüngling	PROPN	NN					S		Gen	
14036017	28	und	CCONJ	KON								
14036017	29	der	DET	ART					S		Nom	M
14036017	30	Jungfrau	NOUN	NN					S		Nom	F
14036017	31	der	DET	ART					S		Gen	M
14036017	32	alte	NOUN	ADJA					P		Nom	
14036017	33	und	CCONJ	KON								
14036017	34	der	DET	ART					S		Gen	M
14036017	35	Greise	PROPN	NE					S		Gen	
14036017	36	aller	PRON	PIS					P		Nom	
14036017	37	geben	VERB	VVFIN		Fin	Past	3	S	Ind		
14036017	38	er	PRON	PPER				3	S		Nom	M
14036017	39	in	ADP	APPR								
14036017	40	sein	DET	PPOSAT					S		Nom	F
14036017	41	Hand	NOUN	NN					S		Nom	F
14036018	1	und	CCONJ	KON								
14036018	2	aller	PRON	PIS					P		Nom	
14036018	3	Gerät	NOUN	NN					P		Nom	N
14036018	4	der	DET	ART					S		Gen	M
14036018	5	Haus	NOUN	NN					S		Gen	N
14036018	6	Gott	NOUN	NN					S		Gen	M
14036018	7	der	DET	ART					S		Nom	F
14036018	8	groß	ADJ	ADJA	Pos				S		Acc	M
14036018	9	und	CCONJ	KON								
14036018	10	der	DET	ART					S		Nom	F
14036018	11	klein	ADJ	ADJA	Pos				S		Acc	M
14036018	12	und	CCONJ	KON								
14036018	13	der	DET	ART					S		Nom	F
14036018	14	Schatz	NOUN	NN					P		Nom	M
14036018	15	der	DET	ART					S		Gen	M
14036018	16	Haus	NOUN	NN					S		Gen	N
14036018	17	Jahwe	PROPN	NE					S		Gen	
14036018	18	und	CCONJ	KON								
14036018	19	der	DET	ART					S		Nom	F
14036018	20	Schatz	NOUN	NN					P		Nom	M
14036018	21	der	DET	ART					S		Gen	M
14036018	22	König	PROPN	NE					S		Nom	
14036018	23	und	CCONJ	KON								
14036018	24	sein	DET	PPOSAT					S		Dat	F
14036018	25	oberer	ADJ	ADJA	Sup				S		Dat	F
14036018	26	alle	PRON	PIS					S		Nom	N
14036018	27	bringen	VERB	VVFIN		Fin	Past	3	S	Ind		
14036018	28	er	PRON	PPER				3	S		Nom	M
14036018	29	nach	ADP	APPR								
14036018	30	Babel	NOUN	NN					S		Nom	N
14036019	1	und	CCONJ	KON								
14036019	2	sie	PRON	PPER				3	P		Nom	
14036019	3	verbrannn	VERB	VVFIN		Fin	Past	3	P	Ind		
14036019	4	der	DET	ART					S		Nom	N
14036019	5	Haus	NOUN	NN					S		Nom	N
14036019	6	Gott	NOUN	NN					S		Gen	M
14036019	7	und	CCONJ	KON								
14036019	8	rissen	VERB	VVFIN		Fin	Past	3	P	Ind		
14036019	9	der	DET	ART					S		Nom	F
14036019	10	Mauer	NOUN	NN					S		Nom	F
14036019	11	von	ADP	APPR								
14036019	12	Jerusalem	PROPN	NE					S		Nom	N
14036019	13	nieder	ADV	PTKVZ								
14036019	14	und	CCONJ	KON								
14036019	15	aller	PRON	PIS					P		Nom	
14036019	16	sein	DET	PPOSAT					S		Nom	F
14036019	17	Palast	NOUN	NN					P		Nom	F
14036019	18	verbrannn	VERB	VVFIN		Fin	Past	3	P	Ind		
14036019	19	sie	PRON	PPER				3	P		Nom	
14036019	20	mit	ADP	APPR								
14036019	21	Feuer	NOUN	NN					S		Nom	N
14036019	22	und	CCONJ	KON								
14036019	23	aller	PRON	PIS					P		Nom	
14036019	24	sein	DET	PPOSAT					S		Nom	F
14036019	25	kostbar	ADJ	ADJA	Pos				S		Acc	M
14036019	26	Gerät	NOUN	NN					P		Nom	N
14036019	27	verderbt	VERB	ADJA		Fin	Past	3	P	Ind		
14036019	28	sie	PRON	PPER				3	P		Nom	
14036020	1	und	CCONJ	KON								
14036020	2	der	DET	ART					S		Nom	F
14036020	3	von	ADP	APPRART					S		Dat	N
14036020	4	schwerte	NOUN	NN					P		Nom	
14036020	5	übriggebliebenen	NOUN	NN					P		Nom	F
14036020	6	führen	VERB	VVFIN		Fin	Past	3	S	Ind		
14036020	7	er	PRON	PPER				3	S		Nom	M
14036020	8	nach	ADP	APPR								
14036020	9	Babel	NOUN	NN					S		Nom	N
14036020	10	hinweg	ADP	APZR								
14036020	11	und	CCONJ	KON								
14036020	12	sie	PRON	PPER				3	P		Nom	
14036020	13	werden	AUX	VAFIN		Fin	Past	3	P	Ind		
14036020	14	ihm	PRON	PPER				3	S		Dat	M
14036020	15	und	CCONJ	KON								
14036020	16	sein	DET	PPOSAT					S		Acc	M
14036020	17	Söhn	NOUN	NN					P		Dat	M
14036020	18	zu	ADP	PTKVZ								
14036020	19	knechte	NOUN	NN					P		Nom	M
14036020	20	bis	CCONJ	KON								
14036020	21	der	DET	ART					S		Nom	N
14036020	22	Königreich	NOUN	NN					S		Nom	N
14036020	23	der	DET	ART					S		Nom	M
14036020	24	Perser	NOUN	NN					P		Nom	M
14036020	25	zu	ADP	APPRART					S		Dat	F
14036020	26	Herrschaft	NOUN	NN					S		Nom	F
14036020	27	kommen	VERB	VVFIN		Fin	Past	3	S	Ind		
14036021	1	damit	ADV	PROAV								
14036021	2	erfüllen	VERB	VVPP		Part						
14036021	3	werden	AUX	VAFIN		Fin	Past	3	S	Sub		
14036021	4	der	DET	ART					S		Nom	N
14036021	5	Wort	NOUN	NN					S		Nom	N
14036021	6	Jahwe	PROPN	NE					S		Gen	
14036021	7	durch	ADP	APPR								
14036021	8	der	DET	ART					S		Acc	M
14036021	9	Mund	NOUN	NN					S		Nom	M
14036021	10	Jeremias	PROPN	NE					S		Nom	M
14036021	11	bis	CCONJ	KON								
14036021	12	der	DET	ART					S		Nom	N
14036021	13	Land	NOUN	NN					S		Nom	N
14036021	14	sein	DET	PPOSAT					S		Nom	F
14036021	15	Sabbathe	NOUN	NE					P		Nom	M
14036021	16	genießen	VERB	VVPP		Part						
14036021	17	haben	AUX	VAFIN		Fin	Past	3	S	Sub		
14036021	18	alle	PRON	PIS					P		Nom	
14036021	19	der	DET	ART					S		Nom	F
14036021	20	Tag	NOUN	NN					P		Nom	M
14036021	21	sein	DET	PPOSAT					S		Dat	F
14036021	22	Verwüstung	NOUN	NN					S		Nom	F
14036021	23	haben	AUX	VAFIN		Fin	Past	3	S	Ind		
14036021	24	es	PRON	PPER				3	S		Nom	N
14036021	25	Ruhe	NOUN	NN					S		Nom	F
14036021	26	bis	CCONJ	KON								
14036021	27	siebzig	NUM	CARD								
14036021	28	Jahr	NOUN	NN					P		Nom	N
14036021	29	voll	ADV	ADJD	Pos							
14036021	30	sein	AUX	VAFIN		Fin	Past	3	P	Ind		
14036022	1	und	CCONJ	KON								
14036022	2	in	ADP	APPRART					S		Dat	N
14036022	3	erster	ADJ	ADJA	Pos				S		Dat	M
14036022	4	Jahr	NOUN	NN					P		Nom	N
14036022	5	Kores	PROPN	NE					S		Nom	M
14036022	6	der	DET	ART					S		Gen	M
14036022	7	König	PROPN	NE					S		Nom	
14036022	8	von	ADP	APPR								
14036022	9	Persien	PROPN	NE					S		Nom	N
14036022	11	damit	ADV	PROAV								
14036022	12	der	DET	ART					S		Nom	N
14036022	13	Wort	NOUN	NN					S		Nom	N
14036022	14	Jahwe	PROPN	NE					S		Gen	
14036022	15	durch	ADP	APPR								
14036022	16	der	DET	ART					S		Acc	M
14036022	17	Mund	NOUN	NN					S		Nom	M
14036022	18	Jeremias	PROPN	NE					S		Nom	M
14036022	19	erfüllen	VERB	VVPP		Part						
14036022	20	werden	AUX	VAFIN		Fin	Past	3	S	Sub		
14036022	22	erwecken	VERB	VVFIN		Fin	Past	3	S	Ind		
14036022	23	Jahwe	NOUN	NN					S		Nom	M
14036022	24	der	DET	ART					S		Acc	M
14036022	25	Geist	NOUN	NN					S		Nom	M
14036022	26	Kores	PROPN	NE					S		Nom	M
14036022	27	der	DET	ART					S		Gen	M
14036022	28	König	PROPN	NE					S		Nom	
14036022	29	von	ADP	APPR								
14036022	30	Persien	PROPN	NE					S		Nom	N
14036022	31	und	CCONJ	KON								
14036022	32	er	PRON	PPER				3	S		Nom	M
14036022	33	lassen	VERB	VVFIN		Fin	Past	3	S	Ind		
14036022	34	ein	DET	ART					S		Acc	M
14036022	35	Ruf	NOUN	NN					S		Nom	M
14036022	36	ergehen	VERB	VVINF		Inf						
14036022	37	durch	ADP	APPR								
14036022	38	sein	AUX	VAINF		Inf						
14036022	39	ganz	ADJ	ADJA	Pos				S		Nom	N
14036022	40	Königreich	NOUN	NN					S		Nom	N
14036022	41	und	CCONJ	KON								
14036022	42	zwar	ADV	ADV								
14036022	43	auch	ADV	ADV								
14036022	44	schriftlich	ADV	ADJD	Pos							
14036022	45	indem	SCONJ	KOUS								
14036022	46	er	PRON	PPER				3	S		Nom	M
14036022	47	sprechen	VERB	VVFIN		Fin	Past	3	S	Ind		
14036023	1	so	ADV	ADV								
14036023	2	sprechen	VERB	VVFIN		Fin	Pres	3	S	Ind		
14036023	3	Kores	PROPN	NE					S		Nom	M
14036023	4	der	DET	ART					S		Nom	M
14036023	5	König	NOUN	NN					S		Nom	M
14036023	6	von	ADP	APPR								
14036023	7	Persien	PROPN	NE					S		Nom	N
14036023	8	alle	PRON	PIS					P		Nom	
14036023	9	Königreich	NOUN	NN					P		Nom	N
14036023	10	der	DET	ART					S		Nom	M
14036023	11	Erde	NOUN	NN					S		Nom	F
14036023	12	haben	AUX	VAFIN		Fin	Pres	3	S	Ind		
14036023	13	Jahwe	NOUN	NN					S		Nom	M
14036023	14	der	DET	ART					S		Nom	M
14036023	15	Gott	NOUN	NN					S		Nom	M
14036023	16	der	DET	ART					S		Gen	M
14036023	17	Himmel	NOUN	NN					S		Gen	M
14036023	18	mir	PRON	PPER				1	S		Dat	
14036023	19	geben	VERB	VVPP		Part						
14036023	20	und	CCONJ	KON								
14036023	21	er	PRON	PPER				3	S		Nom	M
14036023	22	haben	AUX	VAFIN		Fin	Pres	3	S	Ind		
14036023	23	mich	PRON	PPER				1	S		Acc	
14036023	24	beauftragen	VERB	VVPP		Part						
14036023	25	ihm	PRON	PPER				3	S		Dat	M
14036023	26	ein	DET	ART					S		Nom	N
14036023	27	Haus	NOUN	NN					S		Nom	N
14036023	28	zu	ADP	PTKVZ								
14036023	29	bauen	VERB	VVINF		Inf						
14036023	30	zu	ADP	PTKVZ								
14036023	31	Jerusalem	PROPN	NE					S		Nom	N
14036023	32	der	DET	ART					S		Nom	N
14036023	33	in	ADP	APPR								
14036023	34	Juda	PROPN	NE					S		Nom	M
14036023	35	sein	AUX	VAFIN		Fin	Pres	3	S	Ind		
14036023	36	wer	PRON	PWS					S		Nom	M
14036023	37	irgend	ADV	ADV								
14036023	38	unter	ADP	APPR								
14036023	39	euch	PRON	PPER				2	P		Dat	
14036023	40	aus	ADP	PTKVZ								
14036023	41	sein	DET	PPOSAT					S		Dat	M
14036023	42	Volke	NOUN	NN					S		Nom	M
14036023	43	sein	AUX	VAFIN		Fin	Pres	3	S	Ind		
14036023	44	mit	ADP	APPR								
14036023	45	der	DET	ART					S		Dat	M
14036023	46	sein	AUX	VAFIN		Fin	Pres	3	S	Sub		
14036023	47	Jahwe	NOUN	NN					S		Nom	M
14036023	48	sein	AUX	VAINF		Inf						
14036023	49	Gott	NOUN	NN					S		Nom	M
14036023	50	und	CCONJ	KON								
14036023	51	er	PRON	PPER				3	S		Nom	M
14036023	52	zeihen	VERB	VVFIN		Fin	Pres	3	S	Sub		
14036023	53	hinauf	ADV	PTKVZ								
