HebRefId	PositionInVerse	Lemma	PartOfSpeech	Stts	Degree	VerbForm	Tense	Person	Number	Mood	Case	Gender
27001001	1	in	ADP	APPRART					S		Dat	M
27001001	2	dritter	ADJ	ADJA	Pos				S		Acc	M
27001001	3	Jahr	NOUN	NN					P		Nom	N
27001001	4	der	DET	ART					S		Nom	M
27001001	5	Regierung	NOUN	NN					S		Nom	F
27001001	6	Jojakim	PROPN	NE					S		Gen	
27001001	7	der	DET	ART					S		Gen	M
27001001	8	König	PROPN	NE					S		Nom	
27001001	9	von	ADP	APPR								
27001001	10	Juda	PROPN	NE					S		Nom	M
27001001	11	kommen	VERB	VVFIN		Fin	Past	3	S	Ind		
27001001	12	Nebukadnezar	PROPN	NE					S		Nom	
27001001	13	der	DET	ART					S		Nom	M
27001001	14	König	NOUN	NN					S		Nom	M
27001001	15	von	ADP	APPR								
27001001	16	Babel	NOUN	NN					S		Nom	N
27001001	17	nach	ADP	APPR								
27001001	18	Jerusalem	PROPN	NE					S		Nom	N
27001001	19	und	CCONJ	KON								
27001001	20	belagern	VERB	VVFIN		Fin	Past	3	S	Ind		
27001001	21	es	PRON	PPER				3	S		Nom	N
27001002	1	und	CCONJ	KON								
27001002	2	der	DET	ART					S		Nom	M
27001002	3	Herr	NOUN	NN					S		Nom	M
27001002	4	geben	VERB	VVFIN		Fin	Past	3	S	Ind		
27001002	5	Jojakim	NOUN	NN					P		Nom	M
27001002	6	der	DET	ART					S		Acc	M
27001002	7	König	NOUN	NN					S		Nom	M
27001002	8	von	ADP	APPR								
27001002	9	Juda	PROPN	NE					S		Nom	M
27001002	10	in	ADP	APPR								
27001002	11	sein	DET	PPOSAT					S		Nom	F
27001002	12	Hand	NOUN	NN					S		Nom	F
27001002	13	und	CCONJ	KON								
27001002	14	ein	DET	ART					S		Acc	M
27001002	15	Teil	NOUN	NN					S		Nom	M
27001002	16	der	DET	ART					S		Nom	M
27001002	17	Gerät	NOUN	NN					P		Nom	N
27001002	18	der	DET	ART					S		Gen	M
27001002	19	Haus	NOUN	NN					S		Gen	N
27001002	20	Gott	NOUN	NN					S		Gen	M
27001002	21	und	CCONJ	KON								
27001002	22	er	PRON	PPER				3	S		Nom	M
27001002	23	bringen	VERB	VVFIN		Fin	Past	3	S	Ind		
27001002	24	sie	PRON	PPER				3	P		Nom	
27001002	25	in	ADP	APPR								
27001002	26	der	DET	ART					S		Nom	N
27001002	27	Land	NOUN	NN					S		Nom	N
27001002	28	Sinear	X	FM								
27001002	29	in	ADP	APPR								
27001002	30	der	DET	ART					S		Nom	N
27001002	31	Haus	NOUN	NN					S		Nom	N
27001002	32	sein	DET	PPOSAT					S		Gen	M
27001002	33	Gott	NOUN	NN					S		Gen	M
27001002	34	der	DET	ART					S		Nom	F
27001002	35	Gerät	NOUN	NN					P		Nom	N
27001002	36	bringen	VERB	VVFIN		Fin	Past	3	S	Ind		
27001002	37	er	PRON	PPER				3	S		Nom	M
27001002	38	in	ADP	APPR								
27001002	39	der	DET	ART					S		Nom	N
27001002	40	Schatzhaus	NOUN	NN					S		Nom	N
27001002	41	sein	DET	PPOSAT					S		Gen	M
27001002	42	Gott	NOUN	NN					S		Gen	M
27001003	1	und	CCONJ	KON								
27001003	2	der	DET	ART					S		Nom	M
27001003	3	König	NOUN	NN					S		Nom	M
27001003	4	befehlen	VERB	VVFIN		Fin	Past	3	S	Ind		
27001003	5	der	DET	ART					S		Dat	M
27001003	6	Aschpena	PROPN	NE					S		Nom	
27001003	7	der	DET	ART					S		Dat	M
27001003	8	oberer	ADJ	ADJA	Sup				S		Dat	F
27001003	9	sein	DET	PPOSAT					S		Dat	F
27001003	10	Kämmerer	NOUN	NN					S		Nom	M
27001003	11	daß	SCONJ	KOUS								
27001003	12	er	PRON	PPER				3	S		Nom	M
27001003	13	von	ADP	APPR								
27001003	14	der	DET	ART					S		Acc	M
27001003	15	Kind	NOUN	NN					P		Dat	N
27001003	16	Israel	PROPN	NE					S		Nom	N
27001003	17	sowohl	CCONJ	KON								
27001003	18	von	ADP	APPR								
27001003	19	der	DET	ART					S		Dat	M
27001003	20	königlich	ADJ	ADJA	Pos				S		Acc	M
27001003	21	Same	NOUN	NN					P		Nom	M
27001003	22	als	ADP	KOKOM								
27001003	23	auch	ADV	ADV								
27001003	24	von	ADP	APPR								
27001003	25	der	DET	ART					S		Acc	M
27001003	26	Vornehmen	NOUN	NN					P		Nom	N
27001003	27	Jünglinge	NOUN	NN					P		Nom	M
27001003	28	brächte	VERB	VVFIN		Fin	Past	3	S	Sub		
27001004	1	an	ADP	PTKVZ								
27001004	2	welcher	DET	PWAT					S		Acc	M
27001004	3	keinerlei	DET	PIAT								
27001004	4	Fehl	NOUN	NN					S		Nom	M
27001004	5	sein	AUX	VAFIN		Fin	Past	3	S	Sub		
27001004	6	und	CCONJ	KON								
27001004	7	schön	ADV	ADJD	Pos							
27001004	8	von	ADP	APPR								
27001004	9	ansehen	NOUN	NN					S		Nom	N
27001004	10	und	CCONJ	KON								
27001004	11	unterwiesen	VERB	VVPP		Part						
27001004	12	in	ADP	APPR								
27001004	13	aller	DET	PIAT					P		Gen	
27001004	14	Weisheit	NOUN	NN					S		Nom	F
27001004	15	und	CCONJ	KON								
27001004	16	kenntnisreich	ADV	ADJD	Pos							
27001004	17	und	CCONJ	KON								
27001004	18	mit	ADP	APPR								
27001004	19	Einsicht	NOUN	NN					S		Nom	F
27001004	20	begabt	ADV	ADJD	Pos							
27001004	21	und	CCONJ	KON								
27001004	22	welcher	DET	PWAT					S		Nom	F
27001004	23	tüchtig	ADV	ADJD	Pos							
27001004	24	sein	AUX	VAFIN		Fin	Past	3	P	Sub		
27001004	25	in	ADP	APPRART					S		Dat	N
27001004	26	Palaste	NOUN	NN					S		Nom	M
27001004	27	der	DET	ART					S		Gen	M
27001004	28	König	PROPN	NE					S		Nom	
27001004	29	zu	ADP	PTKVZ								
27001004	30	stehen	VERB	VVFIN		Fin	Pres	3	P	Ind		
27001004	31	und	CCONJ	KON								
27001004	32	daß	SCONJ	KOUS								
27001004	33	man	PRON	PIS					S		Nom	
27001004	34	sie	PRON	PPER				3	P		Nom	
27001004	35	der	DET	ART					S		Nom	F
27001004	36	Schrift	NOUN	NN					P		Nom	F
27001004	37	und	CCONJ	KON								
27001004	38	der	DET	ART					S		Nom	F
27001004	39	Sprache	NOUN	NN					S		Nom	F
27001004	40	der	DET	ART					S		Nom	M
27001004	41	Chaldäer	NOUN	NE					S		Nom	M
27001004	42	lehren	VERB	NN		Fin	Pres	3	S	Sub		
27001005	1	und	CCONJ	KON								
27001005	2	der	DET	ART					S		Nom	M
27001005	3	König	NOUN	NN					S		Nom	M
27001005	4	verordnet	ADJ	ADJA	Pos				S		Nom	F
27001005	5	ihnen	PRON	PPER				3	P		Dat	
27001005	6	ein	DET	ART					S		Nom	N
27001005	7	Tagtäglich	ADJ	NE	Pos				S		Nom	N
27001005	8	von	ADP	APPR								
27001005	9	der	DET	ART					S		Nom	M
27001005	10	Tafelkost	PROPN	NE					S		Nom	
27001005	11	der	DET	ART					S		Gen	M
27001005	12	König	PROPN	NE					S		Nom	
27001005	13	und	CCONJ	KON								
27001005	14	von	ADP	APPR								
27001005	15	der	DET	ART					S		Dat	M
27001005	16	Wein	NOUN	NN					P		Nom	M
27001005	17	der	DET	ART					S		Acc	M
27001005	18	er	PRON	PPER				3	S		Nom	M
27001005	19	trank	VERB	VVFIN		Fin	Past	3	S	Ind		
27001005	20	und	CCONJ	KON								
27001005	21	daß	SCONJ	KOUS								
27001005	22	man	PRON	PIS					S		Nom	
27001005	23	sie	PRON	PPER				3	P		Nom	
27001005	24	drei	NUM	CARD								
27001005	25	Jahr	NOUN	NN					P		Nom	N
27001005	26	lang	ADV	ADJD	Pos							
27001005	27	Erzöge	PROPN	NE					S		Nom	
27001005	28	und	CCONJ	KON								
27001005	29	an	ADP	APPRART					S		Dat	M
27001005	30	Ende	NOUN	NN					S		Nom	N
27001005	31	derselbe	PRON	PDS					P		Dat	
27001005	32	sollen	AUX	VMFIN		Fin	Past	3	P	Ind		
27001005	33	sie	PRON	PPER				3	P		Nom	
27001005	34	vor	ADP	APPR								
27001005	35	der	DET	ART					S		Dat	M
27001005	36	König	NOUN	NN					S		Nom	M
27001005	37	stehen	VERB	VVFIN		Fin	Pres	3	P	Ind		
27001006	1	und	CCONJ	KON								
27001006	2	es	PRON	PPER				3	S		Nom	N
27001006	3	sein	AUX	VAFIN		Fin	Past	3	P	Ind		
27001006	4	unter	ADP	APPR								
27001006	5	ihnen	PRON	PPER				3	P		Dat	
27001006	6	von	ADP	APPR								
27001006	7	der	DET	ART					S		Acc	M
27001006	8	Kind	NOUN	NN					P		Dat	N
27001006	9	Juda	PROPN	NE					S		Nom	M
27001006	10	Daniel	PROPN	NE					S		Nom	M
27001006	11	Hananja	PROPN	NE					S		Nom	N
27001006	12	Misael	PROPN	NE					S		Nom	M
27001006	13	und	CCONJ	KON								
27001006	14	Asarja	PROPN	NE					S		Nom	
27001007	1	und	CCONJ	KON								
27001007	2	der	DET	ART					S		Nom	M
27001007	3	oberer	ADJ	ADJA	Sup				S		Nom	F
27001007	4	der	DET	ART					S		Nom	M
27001007	5	Kämmerer	NOUN	NN					S		Nom	M
27001007	6	geben	VERB	VVFIN		Fin	Past	3	S	Ind		
27001007	7	ihnen	PRON	PPER				3	P		Dat	
27001007	8	Name	NOUN	NN					P		Nom	M
27001007	9	und	CCONJ	KON								
27001007	10	er	PRON	PPER				3	S		Nom	M
27001007	11	nennen	VERB	VVFIN		Fin	Past	3	S	Ind		
27001007	12	Daniel	PROPN	NE					S		Nom	M
27001007	13	Beltsazar	NOUN	NN					S		Nom	M
27001007	14	und	CCONJ	KON								
27001007	15	Hananja	PROPN	NE					S		Nom	N
27001007	16	Sadrach	PROPN	NE					S		Nom	F
27001007	17	und	CCONJ	KON								
27001007	18	Misael	PROPN	NE					S		Nom	M
27001007	19	Mesach	PROPN	NE					S		Nom	
27001007	20	und	CCONJ	KON								
27001007	21	Asarja	PROPN	NE					S		Nom	
27001007	22	Abednego	NOUN	NN					S		Nom	M
27001008	1	und	CCONJ	KON								
27001008	2	Daniel	PROPN	NE					S		Nom	M
27001008	3	nehmen	VERB	VVFIN		Fin	Past	3	S	Ind		
27001008	4	sich	PRON	PRF				3	S		Acc	
27001008	5	in	ADP	APPR								
27001008	6	sein	DET	PPOSAT					S		Dat	M
27001008	7	Herz	NOUN	NN					S		Nom	N
27001008	8	vor	ADP	APPR								
27001008	9	sich	PRON	PRF				3	S		Acc	
27001008	10	nicht	PART	PTKNEG								
27001008	11	mit	ADP	APPR								
27001008	12	der	DET	ART					S		Nom	M
27001008	13	Tafelkost	PROPN	NE					S		Nom	
27001008	14	der	DET	ART					S		Gen	M
27001008	15	König	PROPN	NE					S		Nom	
27001008	16	und	CCONJ	KON								
27001008	17	mit	ADP	APPR								
27001008	18	der	DET	ART					S		Dat	M
27001008	19	Wein	NOUN	NN					P		Nom	M
27001008	20	der	DET	ART					S		Acc	M
27001008	21	er	PRON	PPER				3	S		Nom	M
27001008	22	trank	VERB	VVFIN		Fin	Past	3	S	Ind		
27001008	23	zu	ADP	PTKVZ								
27001008	24	verunreinigen	VERB	VVINF		Inf						
27001008	25	und	CCONJ	KON								
27001008	26	er	PRON	PPER				3	S		Nom	M
27001008	27	erbetfen	VERB	VVFIN		Fin	Past	3	S	Ind		
27001008	28	sich	PRON	PRF				3	S		Acc	
27001008	29	von	ADP	APPR								
27001008	30	der	DET	ART					S		Dat	M
27001008	31	oberer	ADJ	ADJA	Sup				S		Dat	F
27001008	32	der	DET	ART					S		Nom	M
27001008	33	Kämmerer	NOUN	NN					S		Nom	M
27001008	34	daß	SCONJ	KOUS								
27001008	35	er	PRON	PPER				3	S		Nom	M
27001008	36	sich	PRON	PRF				3	S		Acc	
27001008	37	nicht	PART	PTKNEG								
27001008	38	verunreinigen	VERB	VVINF		Inf						
27001008	39	müssen	AUX	VMFIN		Fin	Pres	3	S	Sub		
27001009	1	und	CCONJ	KON								
27001009	2	Gott	NOUN	NN					S		Nom	M
27001009	3	geben	VERB	VVFIN		Fin	Past	3	S	Ind		
27001009	4	Daniel	PROPN	NE					S		Nom	M
27001009	5	Gnade	NOUN	NN					S		Nom	F
27001009	6	und	CCONJ	KON								
27001009	7	Barmherzigkeit	NOUN	NN					S		Nom	F
27001009	8	vor	ADP	APPR								
27001009	9	der	DET	ART					S		Dat	M
27001009	10	oberer	ADJ	ADJA	Sup				S		Dat	F
27001009	11	der	DET	ART					S		Nom	M
27001009	12	Kämmerer	NOUN	NN					S		Nom	M
27001010	1	und	CCONJ	KON								
27001010	2	der	DET	ART					S		Nom	M
27001010	3	oberer	ADJ	ADJA	Sup				S		Nom	F
27001010	4	der	DET	ART					S		Nom	M
27001010	5	Kämmerer	NOUN	NN					S		Nom	M
27001010	6	sprechen	VERB	VVFIN		Fin	Past	3	S	Ind		
27001010	7	zu	ADP	PTKVZ								
27001010	8	Daniel	PROPN	NE					S		Nom	M
27001010	9	ich	PRON	PPER				1	S		Nom	
27001010	10	fürchten	VERB	VVFIN		Fin	Pres	3	S	Sub		
27001010	11	meinen	VERB	VVFIN		Fin	Pres	3	P	Ind		
27001010	12	Herr	NOUN	NN					S		Acc	M
27001010	13	der	DET	ART					S		Acc	M
27001010	14	König	NOUN	NN					S		Nom	M
27001010	15	der	DET	ART					S		Nom	M
27001010	16	eure	DET	PPOSAT					S		Nom	F
27001010	17	Speise	NOUN	NN					S		Nom	F
27001010	18	und	CCONJ	KON								
27001010	19	euer	DET	PPOSAT					S		Nom	M
27001010	20	Getränk	NOUN	NN					S		Nom	N
27001010	21	verordnen	VERB	VVPP		Part						
27001010	22	haben	AUX	VAFIN		Fin	Pres	3	S	Ind		
27001010	23	denn	CCONJ	KON								
27001010	24	warum	SCONJ	PWAV								
27001010	25	sollen	AUX	VMFIN		Fin	Past	3	S	Ind		
27001010	26	er	PRON	PPER				3	S		Nom	M
27001010	27	sehen	VERB	VVINF		Fin	Pres	3	P	Ind		
27001010	28	daß	SCONJ	KOUS								
27001010	29	eure	DET	PPOSAT					S		Nom	F
27001010	30	Angesichter	NOUN	NN					S		Nom	F
27001010	31	verfallen	ADJ	ADJD	Pos				S		Nom	M
27001010	32	sein	AUX	VAFIN		Fin	Past	3	P	Sub		
27001010	33	als	ADP	KOKOM								
27001010	34	der	DET	ART					S		Nom	F
27001010	35	der	DET	ART					S		Nom	M
27001010	36	Jünglinge	NOUN	NN					P		Nom	M
27001010	37	eures	DET	PPOSAT					S		Nom	N
27001010	38	Alter	NOUN	NN					S		Gen	N
27001010	39	so	ADV	ADV								
27001010	40	daß	SCONJ	KOUS								
27001010	41	ihr	PRON	PPOSAT				3	S		Dat	F
27001010	42	meinen	VERB	VVFIN		Fin	Pres	3	P	Ind		
27001010	43	Kopf	NOUN	NN					S		Nom	M
27001010	44	bei	ADP	APPRART					S		Dat	M
27001010	45	König	NOUN	NN					S		Nom	M
27001010	46	verwirkten	VERB	VVPP		Part						
27001011	1	und	CCONJ	KON								
27001011	2	Daniel	PROPN	NE					S		Nom	M
27001011	3	sprechen	VERB	VVFIN		Fin	Past	3	S	Ind		
27001011	4	zu	ADP	PTKVZ								
27001011	5	der	DET	ART					S		Dat	M
27001011	6	Aufseher	NOUN	NN					P		Nom	M
27001011	7	welcher	DET	PWAT					S		Acc	M
27001011	8	der	DET	ART					S		Nom	M
27001011	9	oberer	ADJ	ADJA	Sup				S		Nom	F
27001011	10	der	DET	ART					S		Nom	M
27001011	11	Kämmerer	NOUN	NN					S		Nom	M
27001011	12	über	ADP	APPR								
27001011	13	Daniel	PROPN	NE					S		Nom	M
27001011	14	Hananja	PROPN	NE					S		Nom	N
27001011	15	Misael	PROPN	NE					S		Nom	M
27001011	16	und	CCONJ	KON								
27001011	17	Asarja	PROPN	NE					S		Nom	
27001011	18	bestellen	VERB	VVPP		Part						
27001011	19	haben	AUX	VAFIN		Fin	Past	3	S	Ind		
27001012	1	Versuch	NOUN	NN					P		Nom	M
27001012	2	es	PRON	PPER				3	S		Nom	N
27001012	3	doch	CCONJ	KON								
27001012	4	mit	ADP	APPR								
27001012	5	dein	DET	PPOSAT					S		Acc	M
27001012	6	knechte	NOUN	NN					P		Nom	M
27001012	7	zehn	NUM	CARD								
27001012	8	Tag	NOUN	NN					P		Nom	M
27001012	9	und	CCONJ	KON								
27001012	10	man	PRON	PIS					S		Nom	
27001012	11	geben	VERB	VVFIN		Fin	Pres	3	S	Sub		
27001012	12	uns	PRON	PPER				1	P		Acc	
27001012	13	Gemüse	NOUN	NN					S		Nom	N
27001012	14	zu	ADP	PTKVZ								
27001012	15	essen	VERB	VVINF		Inf						
27001012	16	und	CCONJ	KON								
27001012	17	Wasser	NOUN	NN					S		Nom	N
27001012	18	zu	ADP	PTKVZ								
27001012	19	trinken	VERB	VVINF		Inf						
27001013	1	und	CCONJ	KON								
27001013	2	dann	ADV	ADV								
27001013	3	mögen	AUX	VMFIN		Fin	Pres	3	P	Ind		
27001013	4	unser	DET	PPOSAT					S		Nom	N
27001013	5	Aussehen	NOUN	NN					S		Nom	N
27001013	6	und	CCONJ	KON								
27001013	7	der	DET	ART					S		Nom	N
27001013	8	Aussehen	NOUN	NN					S		Nom	N
27001013	9	der	DET	ART					S		Nom	M
27001013	10	Jünglinge	NOUN	NN					P		Nom	M
27001013	11	welcher	DET	PWAT					S		Nom	F
27001013	12	der	DET	ART					S		Nom	F
27001013	13	Tafelkost	PROPN	NE					S		Nom	
27001013	14	der	DET	ART					S		Gen	M
27001013	15	König	PROPN	NE					S		Nom	
27001013	16	essen	VERB	VVINF		Inf						
27001013	17	von	ADP	APPR								
27001013	18	dir	PRON	PPER				2	S		Dat	
27001013	19	prüfen	VERB	VVPP		Part						
27001013	20	werden	AUX	VAFIN		Fin	Pres	3	P	Ind		
27001013	21	und	CCONJ	KON								
27001013	22	tun	VERB	VVFIN		Fin	Pres	3	S	Sub		
27001013	23	mit	ADP	APPR								
27001013	24	dein	DET	PPOSAT					S		Acc	M
27001013	25	knechte	NOUN	NN					P		Nom	M
27001013	26	nach	ADP	APPR								
27001013	27	der	DET	ART					S		Dat	M
27001013	28	was	PRON	PWS					S		Nom	N
27001013	29	du	PRON	PPER				2	S		Nom	
27001013	30	sehen	VERB	VVINF		Fin	Pres	3	P	Ind		
27001013	31	wersten	AUX	VAFIN		Fin	Pres	2	S	Ind		
27001014	1	und	CCONJ	KON								
27001014	2	er	PRON	PPER				3	S		Nom	M
27001014	3	hören	VERB	VVFIN		Fin	Past	3	S	Ind		
27001014	4	auf	ADP	PTKVZ								
27001014	5	sie	PRON	PPER				3	P		Nom	
27001014	6	in	ADP	APPR								
27001014	7	dieser	PRON	PDAT					S		Nom	M
27001014	8	Sache	NOUN	NN					S		Nom	F
27001014	9	und	CCONJ	KON								
27001014	10	versuchen	VERB	VVFIN		Fin	Past	3	S	Ind		
27001014	11	es	PRON	PPER				3	S		Nom	N
27001014	12	zehn	NUM	CARD								
27001014	13	Tag	NOUN	NN					P		Nom	M
27001014	14	mit	ADP	APPR								
27001014	15	ihnen	PRON	PPER				3	P		Dat	
27001015	1	und	CCONJ	KON								
27001015	2	an	ADP	APPRART					S		Dat	M
27001015	3	Ende	NOUN	NN					S		Nom	N
27001015	4	der	DET	ART					S		Nom	M
27001015	5	zehn	NUM	CARD								
27001015	6	Tag	NOUN	NN					P		Nom	M
27001015	7	zeigen	VERB	VVFIN		Fin	Past	3	S	Ind		
27001015	8	sich	PRON	PRF				3	S		Acc	
27001015	9	ihr	PRON	PPOSAT				3	S		Dat	F
27001015	10	Aussehen	NOUN	NN					S		Nom	N
27001015	11	gut	ADV	ADJD	Cmp							
27001015	12	und	CCONJ	KON								
27001015	13	völlig	ADJ	ADJA	Pos				S		Nom	M
27001015	14	an	ADP	PTKVZ								
27001015	15	Fleisch	NOUN	NN					S		Nom	N
27001015	16	als	ADP	KOKOM								
27001015	17	dasjeniger	PRON	PDAT					S		Nom	N
27001015	18	aller	DET	PIAT					P		Gen	
27001015	19	Jünglinge	NOUN	NN					P		Nom	M
27001015	20	welcher	DET	PWAT					S		Nom	F
27001015	21	der	DET	ART					S		Nom	F
27001015	22	Tafelkost	PROPN	NE					S		Nom	
27001015	23	der	DET	ART					S		Gen	M
27001015	24	König	PROPN	NE					S		Nom	
27001015	25	aßen	VERB	VVFIN		Fin	Past	3	P	Ind		
27001016	1	da	SCONJ	KOUS								
27001016	2	tun	VERB	VVFIN		Fin	Past	3	S	Ind		
27001016	3	der	DET	ART					S		Nom	M
27001016	4	Aufseher	NOUN	NN					P		Nom	M
27001016	5	ihr	DET	PPOSAT					S		Nom	F
27001016	6	Tafelkost	PROPN	NE					S		Nom	
27001016	7	und	CCONJ	KON								
27001016	8	der	DET	ART					S		Acc	M
27001016	9	Wein	NOUN	NN					S		Nom	M
27001016	10	der	DET	ART					S		Acc	M
27001016	11	sie	PRON	PPER				3	P		Nom	
27001016	12	trinken	VERB	VVINF		Inf						
27001016	13	sollen	AUX	VMFIN		Fin	Past	3	P	Ind		
27001016	14	Weg	ADV	PTKVZ								
27001016	15	und	CCONJ	KON								
27001016	16	geben	VERB	VVFIN		Fin	Past	3	S	Ind		
27001016	17	ihnen	PRON	PPER				3	P		Dat	
27001016	18	Gemüse	NOUN	NN					S		Nom	N
27001017	1	und	CCONJ	KON								
27001017	2	dieser	DET	PDAT					S		Acc	M
27001017	3	vier	NUM	CARD								
27001017	4	Jünglinge	NOUN	NN					P		Nom	F
27001017	5	ihnen	PRON	PPER				3	P		Dat	
27001017	6	geben	VERB	VVFIN		Fin	Past	3	S	Ind		
27001017	7	Gott	NOUN	NN					S		Nom	M
27001017	8	Kenntnis	NOUN	NN					S		Nom	F
27001017	9	und	CCONJ	KON								
27001017	10	Einsicht	NOUN	NN					S		Nom	F
27001017	11	in	ADP	APPR								
27001017	12	aller	DET	PIAT					P		Gen	
27001017	13	Schrift	NOUN	NN					S		Nom	F
27001017	14	und	CCONJ	KON								
27001017	15	Weisheit	NOUN	NN					S		Nom	F
27001017	16	und	CCONJ	KON								
27001017	17	Daniel	PROPN	NE					S		Nom	M
27001017	18	haben	AUX	VAFIN		Fin	Past	3	S	Ind		
27001017	19	Verständnis	NOUN	NN					S		Nom	N
27001017	20	für	ADP	APPR								
27001017	21	aller	PRON	PIS					P		Nom	
27001017	22	Gesicht	NOUN	NN					P		Nom	N
27001017	23	und	CCONJ	KON								
27001017	24	Traum	NOUN	NN					P		Nom	M
27001018	1	und	CCONJ	KON								
27001018	2	an	ADP	APPRART					S		Dat	M
27001018	3	Ende	NOUN	NN					S		Nom	N
27001018	4	der	DET	ART					S		Nom	M
27001018	5	Tag	NOUN	NN					P		Nom	M
27001018	6	nach	ADP	APPR								
27001018	7	welcher	DET	PWAT					S		Acc	M
27001018	8	der	DET	ART					S		Nom	M
27001018	9	König	NOUN	NN					S		Nom	M
27001018	10	sie	PRON	PPER				3	P		Nom	
27001018	11	zu	ADP	PTKVZ								
27001018	12	bringen	VERB	VVINF		Inf						
27001018	13	befohlen	VERB	VVPP		Part						
27001018	14	haben	AUX	VAFIN		Fin	Past	3	S	Ind		
27001018	15	bringen	VERB	VVFIN		Fin	Past	3	S	Ind		
27001018	16	sie	PRON	PPER				3	P		Nom	
27001018	17	der	DET	ART					S		Nom	M
27001018	18	oberer	ADJ	ADJA	Sup				S		Nom	F
27001018	19	der	DET	ART					S		Nom	M
27001018	20	Kämmerer	NOUN	NN					S		Nom	M
27001018	21	vor	ADP	APPR								
27001018	22	Nebukadnezar	PROPN	NE					S		Nom	
27001019	1	und	CCONJ	KON								
27001019	2	der	DET	ART					S		Nom	M
27001019	3	König	NOUN	NN					S		Nom	M
27001019	4	reden	VERB	VVFIN		Fin	Past	3	S	Ind		
27001019	5	mit	ADP	APPR								
27001019	6	ihnen	PRON	PPER				3	P		Dat	
27001019	7	und	CCONJ	KON								
27001019	8	unter	ADP	APPR								
27001019	9	ihnen	PRON	PPER				3	P		Dat	
27001019	10	aller	DET	PIS					P		Dat	
27001019	11	werden	AUX	VAFIN		Fin	Past	3	S	Ind		
27001019	12	keiner	PRON	PIS					S		Nom	M
27001019	13	finden	VERB	VVPP		Part						
27001019	14	wie	ADP	KOKOM								
27001019	15	Daniel	PROPN	NE					S		Nom	M
27001019	16	Hananja	PROPN	NE					S		Nom	N
27001019	17	Misael	PROPN	NE					S		Nom	M
27001019	18	und	CCONJ	KON								
27001019	19	Asarja	PROPN	NE					S		Nom	
27001019	20	und	CCONJ	KON								
27001019	21	sie	PRON	PPER				3	P		Nom	
27001019	22	stehen	VERB	VVFIN		Fin	Past	3	P	Ind		
27001019	23	vor	ADP	APPR								
27001019	24	der	DET	ART					S		Dat	M
27001019	25	König	NOUN	NN					S		Nom	M
27001020	1	und	CCONJ	KON								
27001020	2	in	ADP	APPR								
27001020	3	aller	DET	PIS					P		Dat	
27001020	4	Sache	NOUN	NN					P		Nom	F
27001020	5	Einsichtsvoller	NOUN	NN					S		Nom	M
27001020	6	Weisheit	NOUN	NN					S		Nom	F
27001020	7	welcher	DET	PWAT					S		Nom	F
27001020	8	der	DET	ART					S		Nom	M
27001020	9	König	NOUN	NN					S		Nom	M
27001020	10	von	ADP	APPR								
27001020	11	ihnen	PRON	PPER				3	P		Dat	
27001020	12	erfragen	VERB	VVFIN		Fin	Past	3	S	Ind		
27001020	13	finden	VERB	VVFIN		Fin	Past	3	S	Ind		
27001020	14	er	PRON	PPER				3	S		Nom	M
27001020	15	sie	PRON	PPER				3	P		Nom	
27001020	16	zehnmal	ADV	ADV								
27001020	17	aller	DET	PIS					P		Dat	
27001020	18	Schriftgelehrt	NOUN	NN					P		Nom	F
27001020	19	und	CCONJ	KON								
27001020	20	Beschwörer	NOUN	NN					P		Dat	M
27001020	21	überlegen	VERB	VVINF		Inf						
27001020	22	der	DET	ART					S		Nom	F
27001020	23	in	ADP	APPR								
27001020	24	sein	DET	PPOSAT					S		Dat	M
27001020	25	ganz	PRON	ADJA					S		Nom	M
27001020	26	Königreich	NOUN	NN					P		Nom	N
27001020	27	sein	AUX	VAFIN		Fin	Past	3	P	Ind		
27001021	1	und	CCONJ	KON								
27001021	2	Daniel	PROPN	NE					S		Nom	M
27001021	3	bleiben	VERB	VVFIN		Fin	Past	3	S	Ind		
27001021	4	bis	CCONJ	KON								
27001021	5	zu	ADP	APPRART					S		Dat	N
27001021	6	erster	ADJ	ADJA	Pos				S		Dat	M
27001021	7	Jahr	NOUN	NN					P		Nom	N
27001021	8	der	DET	ART					S		Gen	M
27001021	9	König	PROPN	NE					S		Nom	
27001021	10	Kores	PROPN	NE					S		Nom	M
27002001	1	und	CCONJ	KON								
27002001	2	in	ADP	APPRART					S		Dat	N
27002001	3	zweiter	ADJ	ADJA	Pos				S		Dat	M
27002001	4	Jahr	NOUN	NN					P		Nom	N
27002001	5	der	DET	ART					S		Nom	M
27002001	6	Regierung	NOUN	NN					S		Nom	F
27002001	7	Nebukadnezar	PROPN	NE					S		Gen	
27002001	8	haben	AUX	VAFIN		Fin	Past	3	S	Ind		
27002001	9	Nebukadnezar	PROPN	NE					S		Nom	
27002001	10	Traum	NOUN	NN					P		Nom	M
27002001	11	und	CCONJ	KON								
27002001	12	sein	AUX	VAINF		Inf						
27002001	13	Geist	NOUN	NN					S		Nom	M
27002001	14	werden	AUX	VAFIN		Fin	Past	3	S	Ind		
27002001	15	beunruhigen	ADV	ADJD	Pos							
27002001	16	und	CCONJ	KON								
27002001	17	sein	AUX	VAINF		Inf						
27002001	18	Schlaf	NOUN	NN					S		Nom	M
27002001	19	sein	AUX	VAFIN		Fin	Past	3	S	Ind		
27002001	20	für	ADP	APPR								
27002001	21	ihn	PRON	PPER				3	S		Acc	M
27002001	22	dahin	ADV	PROAV								
27002002	1	und	CCONJ	KON								
27002002	2	der	DET	ART					S		Nom	M
27002002	3	König	NOUN	NN					S		Nom	M
27002002	4	befehlen	VERB	VVFIN		Fin	Past	3	S	Ind		
27002002	5	daß	SCONJ	KOUS								
27002002	6	man	PRON	PIS					S		Nom	
27002002	7	der	DET	ART					S		Nom	F
27002002	8	Schriftgelehrt	NOUN	NN					P		Nom	F
27002002	9	und	CCONJ	KON								
27002002	10	der	DET	ART					S		Nom	F
27002002	11	Beschwörer	NOUN	NN					P		Nom	M
27002002	12	und	CCONJ	KON								
27002002	13	der	DET	ART					S		Nom	F
27002002	14	Zauberer	NOUN	NN					S		Nom	M
27002002	15	und	CCONJ	KON								
27002002	16	der	DET	ART					S		Nom	F
27002002	17	Chaldäer	NOUN	NE					S		Nom	M
27002002	18	rufen	VERB	VVINF		Inf						
27002002	19	sollen	AUX	VMFIN		Fin	Past	3	S	Ind		
27002002	20	um	ADP	APPR								
27002002	21	der	DET	ART					S		Dat	M
27002002	22	König	NOUN	NN					S		Nom	M
27002002	23	sein	DET	PPOSAT					S		Nom	F
27002002	24	Traum	NOUN	NN					P		Nom	M
27002002	25	kundzutun	VERB	VVIZU		Inf						
27002002	26	und	CCONJ	KON								
27002002	27	sie	PRON	PPER				3	P		Nom	
27002002	28	kommen	VERB	VVFIN		Fin	Past	3	P	Ind		
27002002	29	und	CCONJ	KON								
27002002	30	treten	VERB	VVFIN		Fin	Past	3	P	Ind		
27002002	31	vor	ADP	APPR								
27002002	32	der	DET	ART					S		Acc	M
27002002	33	König	NOUN	NN					S		Nom	M
27002003	1	und	CCONJ	KON								
27002003	2	der	DET	ART					S		Nom	M
27002003	3	König	NOUN	NN					S		Nom	M
27002003	4	sprechen	VERB	VVFIN		Fin	Past	3	S	Ind		
27002003	5	zu	ADP	PTKVZ								
27002003	6	ihnen	PRON	PPER				3	P		Dat	
27002003	7	ich	PRON	PPER				1	S		Nom	
27002003	8	haben	AUX	VAFIN		Fin	Pres	3	S	Sub		
27002003	9	ein	DET	ART					S		Acc	M
27002003	10	Traum	NOUN	NN					S		Nom	M
27002003	11	haben	VERB	VAPP		Part						
27002003	12	und	CCONJ	KON								
27002003	13	mein	DET	PPOSAT					S		Nom	N
27002003	14	Geist	NOUN	NN					S		Nom	M
27002003	15	sein	AUX	VAFIN		Fin	Pres	3	S	Ind		
27002003	16	beunruhigen	ADV	ADJD	Pos							
27002003	17	um	ADP	APPR								
27002003	18	der	DET	ART					S		Acc	M
27002003	19	Traum	NOUN	NN					S		Nom	M
27002003	20	zu	ADP	PTKVZ								
27002003	21	wissen	VERB	VVINF		Inf						
27002004	1	und	CCONJ	KON								
27002004	2	der	DET	ART					S		Nom	F
27002004	3	Chaldäer	NOUN	NE					S		Nom	M
27002004	4	sprechen	VERB	VVFIN		Fin	Past	3	P	Ind		
27002004	5	zu	ADP	PTKVZ								
27002004	6	der	DET	ART					S		Dat	M
27002004	7	König	NOUN	NN					S		Nom	M
27002004	8	auf	ADP	PTKVZ								
27002004	9	aramäisch	ADV	ADJD	Pos							
27002004	10	O	PROPN	NE								
27002004	11	König	NOUN	NN					S		Nom	M
27002004	12	leben	VERB	VVFIN		Fin	Pres	3	S	Sub		
27002004	13	ewiglich	ADV	ADJD	Pos							
27002004	14	Sage	NOUN	NN					S		Nom	F
27002004	15	dein	DET	PPOSAT					S		Acc	M
27002004	16	knechte	NOUN	NN					P		Nom	M
27002004	17	der	DET	ART					S		Acc	M
27002004	18	Traum	NOUN	NN					S		Nom	M
27002004	19	so	ADV	ADV								
27002004	20	wollen	AUX	VMFIN		Fin	Pres	3	P	Ind		
27002004	21	wir	PRON	PPER				1	P		Nom	
27002004	22	der	DET	ART					S		Nom	F
27002004	23	Deutung	NOUN	NN					S		Nom	F
27002004	24	anzeigen	VERB	VVINF		Inf						
27002005	1	der	DET	ART					S		Nom	M
27002005	2	König	NOUN	NN					S		Nom	M
27002005	3	antworten	VERB	VVFIN		Fin	Past	3	S	Ind		
27002005	4	und	CCONJ	KON								
27002005	5	sprechen	VERB	VVFIN		Fin	Past	3	S	Ind		
27002005	6	zu	ADP	PTKVZ								
27002005	7	der	DET	ART					S		Acc	M
27002005	8	Chaldäer	NOUN	NN					P		Nom	M
27002005	9	der	DET	ART					S		Nom	F
27002005	10	Sache	NOUN	NN					S		Nom	F
27002005	11	sein	AUX	VAFIN		Fin	Pres	3	S	Ind		
27002005	12	von	ADP	APPR								
27002005	13	mir	PRON	PPER				1	S		Dat	
27002005	14	fest	ADV	PTKVZ								
27002005	15	beschließen	VERB	VVPP		Part						
27002005	16	wenn	SCONJ	KOUS								
27002005	17	ihr	PRON	PPOSAT				3	S		Dat	F
27002005	18	mir	PRON	PPER				1	S		Dat	
27002005	19	der	DET	ART					S		Acc	M
27002005	20	Traum	NOUN	NN					S		Nom	M
27002005	21	und	CCONJ	KON								
27002005	22	sein	DET	PPOSAT					S		Nom	F
27002005	23	Deutung	NOUN	NN					S		Nom	F
27002005	24	nicht	PART	PTKNEG								
27002005	25	kundtun	VERB	VVFIN		Fin	Pres	3	S	Ind		
27002005	26	so	ADV	ADV								
27002005	27	sollten	AUX	VMFIN		Fin	Pres	3	S	Ind		
27002005	28	ihr	PRON	PPOSAT				3	S		Dat	F
27002005	29	in	ADP	APPR								
27002005	30	Stück	NOUN	NN					P		Nom	N
27002005	31	zerhauen	VERB	VVINF		Inf						
27002005	32	und	CCONJ	KON								
27002005	33	eure	DET	PPOSAT					S		Nom	F
27002005	34	Haus	NOUN	NN					P		Nom	N
27002005	35	sollen	AUX	VMFIN		Fin	Pres	3	P	Ind		
27002005	36	zu	ADP	PTKVZ								
27002005	37	Kotstatt	NOUN	NN					P		Nom	F
27002005	38	machen	VERB	VVPP		Part						
27002005	39	werden	AUX	VAFIN		Fin	Pres	3	P	Ind		
27002006	1	wenn	SCONJ	KOUS								
27002006	2	ihr	PRON	PPOSAT				3	S		Dat	F
27002006	3	aber	CCONJ	KON								
27002006	4	der	DET	ART					S		Acc	M
27002006	5	Traum	NOUN	NN					S		Nom	M
27002006	6	und	CCONJ	KON								
27002006	7	sein	DET	PPOSAT					S		Nom	F
27002006	8	Deutung	NOUN	NN					S		Nom	F
27002006	9	Anzeiget	VERB	NE		Fin	Past	3	S	Ind		
27002006	10	so	ADV	ADV								
27002006	11	sollten	AUX	VMFIN		Fin	Pres	3	S	Ind		
27002006	12	ihr	PRON	PPOSAT				3	S		Dat	F
27002006	13	Geschenk	NOUN	NN					P		Nom	N
27002006	14	und	CCONJ	KON								
27002006	15	Gabe	NOUN	NN					P		Nom	F
27002006	16	und	CCONJ	KON								
27002006	17	groß	ADJ	ADJA	Pos				S		Nom	F
27002006	18	Ehre	NOUN	NN					S		Nom	F
27002006	19	von	ADP	APPR								
27002006	20	mir	PRON	PPER				1	S		Dat	
27002006	21	empfangen	VERB	VVPP		Part						
27002006	22	darum	ADV	PROAV								
27002006	23	zeigeen	VERB	VVFIN		Fin	Pres	3	S	Ind		
27002006	24	mir	PRON	PPER				1	S		Dat	
27002006	25	der	DET	ART					S		Acc	M
27002006	26	Traum	NOUN	NN					S		Nom	M
27002006	27	und	CCONJ	KON								
27002006	28	sein	DET	PPOSAT					S		Nom	F
27002006	29	Deutung	NOUN	NN					S		Nom	F
27002006	30	an	ADP	PTKVZ								
27002007	1	sie	PRON	PPER				3	P		Nom	
27002007	2	antworten	VERB	VVFIN		Fin	Past	3	P	Ind		
27002007	3	zu	ADP	APPRART					S		Dat	N
27002007	4	zweiter	ADJ	ADJA	Pos				S		Dat	M
27002007	5	Mal	NOUN	NN					P		Nom	N
27002007	6	und	CCONJ	KON								
27002007	7	sprechen	VERB	VVFIN		Fin	Past	3	P	Ind		
27002007	8	der	DET	ART					S		Nom	M
27002007	9	König	NOUN	NN					S		Nom	M
27002007	10	sagen	VERB	VVFIN		Fin	Pres	3	S	Sub		
27002007	11	sein	DET	PPOSAT					S		Acc	M
27002007	12	knechte	NOUN	NN					P		Nom	M
27002007	13	der	DET	ART					S		Acc	M
27002007	14	Traum	NOUN	NN					S		Nom	M
27002007	15	so	ADV	ADV								
27002007	16	wollen	AUX	VMFIN		Fin	Pres	3	P	Ind		
27002007	17	wir	PRON	PPER				1	P		Nom	
27002007	18	der	DET	ART					S		Nom	F
27002007	19	Deutung	NOUN	NN					S		Nom	F
27002007	20	anzeigen	VERB	VVINF		Inf						
27002008	1	der	DET	ART					S		Nom	M
27002008	2	König	NOUN	NN					S		Nom	M
27002008	3	antworten	VERB	VVFIN		Fin	Past	3	S	Ind		
27002008	4	und	CCONJ	KON								
27002008	5	sprechen	VERB	VVFIN		Fin	Past	3	S	Ind		
27002008	6	ich	PRON	PPER				1	S		Nom	
27002008	7	wissen	VERB	VVFIN		Fin	Pres	3	S	Ind		
27002008	8	zuverlässig	ADV	ADJD	Pos							
27002008	9	daß	SCONJ	KOUS								
27002008	10	ihr	PRON	PPOSAT				3	S		Dat	F
27002008	11	Zeit	NOUN	NN					S		Nom	F
27002008	12	gewinnen	VERB	VVINF		Inf						
27002008	13	wollen	AUX	VMFIN		Fin	Pres	3	S	Ind		
27002008	14	weil	SCONJ	KOUS								
27002008	15	ihr	PRON	PPOSAT				3	S		Dat	F
27002008	16	seheen	VERB	VVFIN		Fin	Pres	3	S	Ind		
27002008	17	daß	SCONJ	KOUS								
27002008	18	der	DET	ART					S		Nom	F
27002008	19	Sache	NOUN	NN					S		Nom	F
27002008	20	von	ADP	APPR								
27002008	21	mir	PRON	PPER				1	S		Dat	
27002008	22	fest	ADV	PTKVZ								
27002008	23	beschließen	VERB	VVPP		Part						
27002008	24	sein	AUX	VAFIN		Fin	Pres	3	S	Ind		
27002009	1	daß	SCONJ	KOUS								
27002009	2	wenn	SCONJ	KOUS								
27002009	3	ihr	PRON	PPOSAT				3	S		Dat	F
27002009	4	mir	PRON	PPER				1	S		Dat	
27002009	5	der	DET	ART					S		Acc	M
27002009	6	Traum	NOUN	NN					S		Nom	M
27002009	7	nicht	PART	PTKNEG								
27002009	8	kundtun	VERB	VVFIN		Fin	Pres	3	S	Ind		
27002009	9	es	PRON	PPER				3	S		Nom	N
27002009	10	bei	ADP	APPR								
27002009	11	eurer	DET	PPOSAT					S		Dat	M
27002009	12	Urteil	NOUN	NN					S		Nom	N
27002009	13	verbleiben	VERB	VVFIN		Fin	Pres	3	S	Ind		
27002009	14	denn	CCONJ	KON								
27002009	15	ihr	PRON	PPOSAT				3	S		Dat	F
27002009	16	habben	VERB	VAFIN				2	P	Imp		
27002009	17	euch	PRON	PPER				2	P		Dat	
27002009	18	verabreden	VERB	VVPP		Fin	Pres	3	S	Ind		
27002009	19	Lug	NOUN	NN					S		Nom	F
27002009	20	und	CCONJ	KON								
27002009	21	Trug	NOUN	NN					S		Nom	M
27002009	22	vor	ADP	APPR								
27002009	23	mir	PRON	PPER				1	S		Dat	
27002009	24	zu	ADP	PTKVZ								
27002009	25	reden	VERB	VVINF		Inf						
27002009	26	bis	CCONJ	KON								
27002009	27	der	DET	ART					S		Nom	F
27002009	28	Zeit	NOUN	NN					S		Nom	F
27002009	29	sich	PRON	PRF				3	S		Acc	
27002009	30	ändern	VERB	VVFIN		Fin	Pres	3	S	Sub		
27002009	31	darum	ADV	PROAV								
27002009	32	sageen	VERB	VVFIN		Fin	Pres	3	S	Ind		
27002009	33	mir	PRON	PPER				1	S		Dat	
27002009	34	der	DET	ART					S		Acc	M
27002009	35	Traum	NOUN	NN					S		Nom	M
27002009	36	und	CCONJ	KON								
27002009	37	ich	PRON	PPER				1	S		Nom	
27002009	38	werden	AUX	VAFIN		Fin	Pres	3	S	Sub		
27002009	39	wissen	VERB	VVINF		Inf						
27002009	40	daß	SCONJ	KOUS								
27002009	41	ihr	PRON	PPOSAT				3	S		Dat	F
27002009	42	mir	PRON	PPER				1	S		Dat	
27002009	43	sein	DET	PPOSAT					S		Nom	F
27002009	44	Deutung	NOUN	NN					S		Nom	F
27002009	45	anzeigen	VERB	VVINF		Inf						
27002009	46	können	VERB	VMFIN		Fin	Pres	3	S	Ind		
27002010	1	der	DET	ART					S		Nom	F
27002010	2	Chaldäer	NOUN	NE					S		Nom	M
27002010	3	antworten	VERB	VVFIN		Fin	Past	3	P	Ind		
27002010	4	vor	ADP	APPR								
27002010	5	der	DET	ART					S		Dat	M
27002010	6	König	NOUN	NN					S		Nom	M
27002010	7	und	CCONJ	KON								
27002010	8	sprechen	VERB	VVFIN		Fin	Past	3	P	Ind		
27002010	9	kein	DET	PIAT					S		Nom	N
27002010	10	Mensch	NOUN	NN					S		Nom	M
27002010	11	sein	AUX	VAFIN		Fin	Pres	3	S	Ind		
27002010	12	auf	ADP	PTKVZ								
27002010	13	der	DET	ART					S		Dat	M
27002010	14	Erdboden	NOUN	NN					S		Nom	M
27002010	15	der	DET	ART					S		Nom	M
27002010	16	der	DET	ART					S		Nom	F
27002010	17	Sache	NOUN	NN					S		Nom	F
27002010	18	der	DET	ART					S		Gen	M
27002010	19	König	PROPN	NE					S		Nom	
27002010	20	anzeigen	VERB	VVINF		Inf						
27002010	21	können	AUX	VMFIN		Fin	Past	3	S	Sub		
27002010	22	weil	SCONJ	KOUS								
27002010	23	kein	DET	PIAT					S		Nom	N
27002010	24	groß	ADJ	ADJA	Pos				S		Nom	M
27002010	25	und	CCONJ	KON								
27002010	26	mächtig	ADV	ADJD	Cmp							
27002010	27	König	NOUN	NN					S		Nom	M
27002010	28	jemals	ADV	ADV								
27002010	29	ein	DET	ART					S		Nom	F
27002010	30	Sache	NOUN	NN					S		Nom	F
27002010	31	wie	ADP	KOKOM								
27002010	32	dieser	DET	PDAT					S		Nom	F
27002010	33	von	ADP	APPR								
27002010	34	irgend	ADV	ADV								
27002010	35	ein	DET	ART					S		Dat	M
27002010	36	Schriftgelehrt	NOUN	NN					P		Nom	F
27002010	37	oder	CCONJ	KON								
27002010	38	Zauberer	NOUN	NN					S		Nom	M
27002010	39	oder	CCONJ	KON								
27002010	40	Chaldäer	NOUN	NE					S		Nom	M
27002010	41	verlangen	VERB	VVFIN		Fin	Pres	3	S	Ind		
27002010	42	haben	AUX	VAFIN		Fin	Pres	3	S	Ind		
27002011	1	denn	CCONJ	KON								
27002011	2	der	DET	ART					S		Nom	F
27002011	3	Sache	NOUN	NN					S		Nom	F
27002011	4	welcher	DET	PWAT					S		Nom	F
27002011	5	der	DET	ART					S		Nom	M
27002011	6	König	NOUN	NN					S		Nom	M
27002011	7	verlangen	VERB	VVFIN		Fin	Pres	3	S	Ind		
27002011	8	sein	AUX	VAFIN		Fin	Pres	3	S	Ind		
27002011	9	schwer	ADV	ADJD	Pos							
27002011	10	und	CCONJ	KON								
27002011	11	es	PRON	PPER				3	S		Nom	N
27002011	12	geben	VERB	VVFIN		Fin	Pres	3	S	Ind		
27002011	13	kein	PRON	PIS					S		Acc	M
27002011	14	anderer	PRON	PIS					P		Dat	
27002011	15	der	DET	ART					S		Nom	M
27002011	16	sie	PRON	PPER				3	P		Nom	
27002011	17	vor	ADP	APPR								
27002011	18	der	DET	ART					S		Dat	M
27002011	19	König	NOUN	NN					S		Nom	M
27002011	20	anzeigen	VERB	VVINF		Inf						
27002011	21	können	AUX	VMFIN		Fin	Past	3	S	Sub		
27002011	22	als	ADP	KOKOM								
27002011	23	nur	ADV	ADV								
27002011	24	der	DET	ART					S		Nom	F
27002011	25	Götter	NOUN	NN					P		Nom	M
27002011	26	der	PRON	PDS							Gen	
27002011	27	Wohnung	NOUN	NN					S		Nom	F
27002011	28	nicht	PART	PTKNEG								
27002011	29	bei	ADP	APPR								
27002011	30	der	DET	ART					S		Dat	M
27002011	31	Fleisch	NOUN	NN					S		Nom	N
27002011	32	sein	AUX	VAFIN		Fin	Pres	3	S	Ind		
27002012	1	dieserhalb	PROPN	NN					S		Nom	
27002012	2	werden	VERB	VAFIN		Fin	Past	3	S	Ind		
27002012	3	der	DET	ART					S		Nom	M
27002012	4	König	NOUN	NN					S		Nom	M
27002012	5	zornig	ADV	ADJD	Pos							
27002012	6	und	CCONJ	KON								
27002012	7	ergrimmen	VERB	NN		Fin	Past	3	S	Ind		
27002012	8	sehr	ADV	ADV								
27002012	9	und	CCONJ	KON								
27002012	10	er	PRON	PPER				3	S		Nom	M
27002012	11	befehlen	VERB	VVFIN		Fin	Past	3	S	Ind		
27002012	12	aller	PRON	PIS					P		Nom	
27002012	13	weise	NOUN	NN					P		Nom	
27002012	14	von	ADP	APPR								
27002012	15	Babel	NOUN	NN					S		Nom	N
27002012	16	umbringen	VERB	VVIZU		Inf						
27002013	1	und	CCONJ	KON								
27002013	2	der	DET	ART					S		Nom	M
27002013	3	Befehl	NOUN	NN					S		Nom	M
27002013	4	gehen	VERB	VVFIN		Fin	Past	3	S	Ind		
27002013	5	aus	ADP	PTKVZ								
27002013	6	und	CCONJ	KON								
27002013	7	der	DET	ART					S		Nom	F
27002013	8	weise	NOUN	NN					P		Nom	
27002013	9	werden	AUX	VAFIN		Fin	Past	3	P	Ind		
27002013	10	töten	VERB	VVPP		Part						
27002013	11	und	CCONJ	KON								
27002013	12	man	PRON	PIS					S		Nom	
27002013	13	suchen	VERB	VVFIN		Fin	Past	3	S	Ind		
27002013	14	Daniel	PROPN	NE					S		Nom	M
27002013	15	und	CCONJ	KON								
27002013	16	sein	DET	PPOSAT					S		Nom	F
27002013	17	Genosse	NOUN	NN					P		Nom	M
27002013	18	um	ADP	APPR								
27002013	19	sie	PRON	PPER				3	P		Nom	
27002013	20	zu	ADP	PTKVZ								
27002013	21	töten	VERB	VVINF		Inf						
27002014	1	da	SCONJ	KOUS								
27002014	2	erwidern	VERB	VVFIN		Fin	Past	3	S	Ind		
27002014	3	Daniel	PROPN	NE					S		Nom	M
27002014	4	mit	ADP	APPR								
27002014	5	Verstand	NOUN	NN					S		Nom	M
27002014	6	und	CCONJ	KON								
27002014	7	Einsicht	NOUN	NN					S		Nom	F
27002014	8	der	DET	ART					S		Dat	M
27002014	9	Arioch	NOUN	NE					P		Acc	N
27002014	10	der	DET	ART					S		Dat	M
27002014	11	oberer	ADJ	ADJA	Sup				S		Dat	F
27002014	12	der	DET	ART					S		Nom	M
27002014	13	Trabant	NOUN	NN					P		Nom	M
27002014	14	der	DET	ART					S		Gen	M
27002014	15	König	PROPN	NE					S		Nom	
27002014	16	welcher	PRON	PWAT					S		Nom	M
27002014	17	ausziehen	VERB	VVPP		Part						
27002014	18	sein	AUX	VAFIN		Fin	Past	3	S	Ind		
27002014	19	um	ADP	APPR								
27002014	20	der	DET	ART					S		Nom	F
27002014	21	weise	NOUN	NN					P		Nom	
27002014	22	von	ADP	APPR								
27002014	23	Babel	NOUN	NN					S		Nom	N
27002014	24	zu	ADP	PTKVZ								
27002014	25	töten	VERB	VVINF		Inf						
27002015	1	er	PRON	PPER				3	S		Nom	M
27002015	2	antworten	VERB	VVFIN		Fin	Past	3	S	Ind		
27002015	3	und	CCONJ	KON								
27002015	4	sprechen	VERB	VVFIN		Fin	Past	3	S	Ind		
27002015	5	zu	ADP	PTKVZ								
27002015	6	Arioch	NOUN	NE					P		Acc	N
27002015	7	der	DET	ART					S		Dat	M
27002015	8	Oberbeamt	NOUN	NN					P		Nom	F
27002015	9	der	DET	ART					S		Gen	M
27002015	10	König	PROPN	NE					S		Nom	
27002015	11	warum	ADV	PWAV								
27002015	12	der	DET	ART					S		Nom	M
27002015	13	streng	ADJ	ADJA	Pos				S		Nom	F
27002015	14	Befehl	NOUN	NN					S		Nom	M
27002015	15	von	ADP	APPRART					S		Dat	N
27002015	16	König	NOUN	NN					S		Nom	M
27002015	17	da	SCONJ	KOUS								
27002015	18	tun	VERB	VVFIN		Fin	Past	3	S	Ind		
27002015	19	Arioch	NOUN	NE					P		Acc	N
27002015	20	der	DET	ART					S		Nom	F
27002015	21	Sache	NOUN	NN					S		Nom	F
27002015	22	der	DET	ART					S		Dat	M
27002015	23	Daniel	PROPN	NE					S		Nom	M
27002015	24	kund	ADV	PTKVZ								
27002016	1	und	CCONJ	KON								
27002016	2	Daniel	PROPN	NE					S		Nom	M
27002016	3	gehen	VERB	VVFIN		Fin	Past	3	S	Ind		
27002016	4	hinein	ADV	PTKVZ								
27002016	5	und	CCONJ	KON								
27002016	6	erbetfen	VERB	VVFIN		Fin	Past	3	S	Ind		
27002016	7	sich	PRON	PRF				3	S		Acc	
27002016	8	von	ADP	APPR								
27002016	9	der	DET	ART					S		Dat	M
27002016	10	König	NOUN	NN					S		Nom	M
27002016	11	daß	SCONJ	KOUS								
27002016	12	er	PRON	PPER				3	S		Nom	M
27002016	13	ihm	PRON	PPER				3	S		Dat	M
27002016	14	ein	DET	ART					S		Nom	F
27002016	15	Frist	NOUN	NN					S		Nom	F
27002016	16	gewähren	VERB	VVINF		Fin	Pres	3	P	Ind		
27002016	17	mögen	AUX	VMFIN		Fin	Pres	3	S	Sub		
27002016	18	um	ADP	APPR								
27002016	19	der	DET	ART					S		Dat	M
27002016	20	König	NOUN	NN					S		Nom	M
27002016	21	der	DET	ART					S		Nom	F
27002016	22	Deutung	NOUN	NN					S		Nom	F
27002016	23	anzeigen	VERB	VVIZU		Inf						
27002017	1	Hierauf	ADV	PROAV								
27002017	2	gehen	VERB	VVFIN		Fin	Past	3	S	Ind		
27002017	3	Daniel	PROPN	NE					S		Nom	M
27002017	4	in	ADP	APPR								
27002017	5	sein	AUX	VAINF		Inf						
27002017	6	Haus	NOUN	NN					S		Nom	N
27002017	7	und	CCONJ	KON								
27002017	8	er	PRON	PPER				3	S		Nom	M
27002017	9	tun	VERB	VVFIN		Fin	Past	3	S	Ind		
27002017	10	der	DET	ART					S		Nom	F
27002017	11	Sache	NOUN	NN					S		Nom	F
27002017	12	sein	DET	PPOSAT					S		Acc	M
27002017	13	Genosse	NOUN	NN					P		Nom	M
27002017	14	Hananja	PROPN	NE					S		Nom	N
27002017	15	Misael	PROPN	NE					S		Nom	M
27002017	16	und	CCONJ	KON								
27002017	17	Asarja	PROPN	NE					S		Nom	
27002017	18	kund	ADV	PTKVZ								
27002018	1	auf	ADP	PTKVZ								
27002018	2	daß	SCONJ	KOUS								
27002018	3	sie	PRON	PPER				3	P		Nom	
27002018	4	von	ADP	APPR								
27002018	5	der	DET	ART					S		Dat	M
27002018	6	Gott	NOUN	NN					S		Nom	M
27002018	7	der	DET	ART					S		Gen	M
27002018	8	Himmel	NOUN	NN					S		Gen	M
27002018	9	Barmherzigkeit	NOUN	NN					S		Nom	F
27002018	10	erbitten	VERB	VVFIN		Fin	Pres	3	P	Ind		
27002018	11	möchten	AUX	VMFIN		Fin	Pres	3	P	Ind		
27002018	12	wegen	ADP	APPR								
27002018	13	dieser	DET	PDAT					S		Nom	N
27002018	14	Geheimnis	NOUN	NN					S		Gen	N
27002018	15	damit	ADV	PROAV								
27002018	16	nicht	PART	PTKNEG								
27002018	17	Daniel	PROPN	NE					S		Nom	M
27002018	18	und	CCONJ	KON								
27002018	19	sein	DET	PPOSAT					S		Nom	F
27002018	20	Genosse	NOUN	NN					P		Nom	M
27002018	21	mit	ADP	APPR								
27002018	22	der	DET	ART					S		Acc	M
27002018	23	übrig	ADJ	ADJA	Pos				S		Dat	N
27002018	24	weise	NOUN	NN					P		Nom	
27002018	25	von	ADP	APPR								
27002018	26	Babel	NOUN	NN					S		Nom	N
27002018	27	Umkämen	NOUN	ADJA					S		Nom	N
27002019	1	Hierauf	ADV	PROAV								
27002019	2	werden	AUX	VAFIN		Fin	Past	3	S	Ind		
27002019	3	der	DET	ART					S		Dat	M
27002019	4	Daniel	PROPN	NE					S		Nom	M
27002019	5	in	ADP	APPR								
27002019	6	ein	DET	ART					S		Dat	M
27002019	7	nachtgesicht	PROPN	NN					S		Nom	
27002019	8	der	DET	ART					S		Nom	N
27002019	9	Geheimnis	NOUN	NN					S		Nom	N
27002019	10	offenbaren	VERB	VVPP		Part						
27002019	11	da	SCONJ	KOUS								
27002019	12	pries	VERB	VVFIN		Fin	Past	3	S	Ind		
27002019	13	Daniel	PROPN	NE					S		Nom	M
27002019	14	der	DET	ART					S		Acc	M
27002019	15	Gott	NOUN	NN					S		Nom	M
27002019	16	der	DET	ART					S		Gen	M
27002019	17	Himmel	NOUN	NN					S		Gen	M
27002020	1	Daniel	PROPN	NE					S		Nom	M
27002020	2	heben	VERB	VVFIN		Fin	Past	3	S	Ind		
27002020	3	an	ADP	PTKVZ								
27002020	4	und	CCONJ	KON								
27002020	5	sprechen	VERB	VVFIN		Fin	Past	3	S	Ind		
27002020	6	Gepriesen	ADV	ADJD	Pos							
27002020	7	sein	AUX	VAFIN		Fin	Pres	3	S	Sub		
27002020	8	der	DET	ART					S		Nom	M
27002020	9	Name	NOUN	NN					S		Nom	M
27002020	10	Gott	NOUN	NN					S		Gen	M
27002020	11	von	ADP	APPR								
27002020	12	Ewigkeit	NOUN	NN					S		Nom	F
27002020	13	zu	ADP	PTKVZ								
27002020	14	Ewigkeit	NOUN	NN					S		Nom	F
27002020	15	denn	CCONJ	KON								
27002020	16	Weisheit	NOUN	NN					S		Nom	F
27002020	17	und	CCONJ	KON								
27002020	18	Macht	NOUN	NN					S		Nom	F
27002020	19	sie	PRON	PPER				3	P		Nom	
27002020	20	sein	AUX	VAFIN		Fin	Pres	3	P	Ind		
27002020	21	sein	AUX	VAINF		Inf						
27002021	1	und	CCONJ	KON								
27002021	2	er	PRON	PPER				3	S		Nom	M
27002021	3	ändern	VERB	VVFIN		Fin	Pres	3	S	Ind		
27002021	4	Zeit	NOUN	NN					P		Nom	F
27002021	5	und	CCONJ	KON								
27002021	6	Zeitpunkt	NOUN	NN					P		Nom	M
27002021	7	setzen	VERB	VVFIN		Fin	Pres	3	S	Ind		
27002021	8	König	NOUN	NN					P		Nom	M
27002021	9	ab	ADP	PTKVZ								
27002021	10	und	CCONJ	KON								
27002021	11	setzen	VERB	VVFIN		Fin	Pres	3	S	Ind		
27002021	12	König	NOUN	NN					P		Nom	M
27002021	13	ein	DET	ART					S		Nom	N
27002021	14	er	PRON	PPER				3	S		Nom	M
27002021	15	geben	VERB	VVFIN		Fin	Pres	3	S	Ind		
27002021	16	der	DET	ART					S		Acc	M
27002021	17	weise	NOUN	NN					P		Nom	
27002021	18	Weisheit	NOUN	NN					S		Nom	F
27002021	19	und	CCONJ	KON								
27002021	20	Verstand	NOUN	NN					S		Nom	M
27002021	21	der	DET	ART					S		Acc	M
27002021	22	verständigen	VERB	VVINF		Inf						
27002022	1	er	PRON	PPER				3	S		Nom	M
27002022	2	offenbaren	VERB	VVFIN		Fin	Pres	3	S	Ind		
27002022	3	der	DET	ART					S		Nom	N
27002022	4	Tiefe	NOUN	NN					S		Nom	F
27002022	5	und	CCONJ	KON								
27002022	6	der	DET	ART					S		Nom	N
27002022	7	verborgene	NOUN	NN					P		Nom	
27002022	8	er	PRON	PPER				3	S		Nom	M
27002022	9	wissen	VERB	VVFIN		Fin	Pres	3	S	Ind		
27002022	10	was	PRON	PWS					S		Nom	N
27002022	11	in	ADP	APPR								
27002022	12	der	DET	ART					S		Nom	M
27002022	13	Finsternis	NOUN	NN					S		Nom	F
27002022	14	sein	AUX	VAFIN		Fin	Pres	3	S	Ind		
27002022	15	und	CCONJ	KON								
27002022	16	bei	ADP	APPR								
27002022	17	ihm	PRON	PPER				3	S		Dat	M
27002022	18	wohnen	VERB	VVFIN		Fin	Pres	3	S	Ind		
27002022	19	der	DET	ART					S		Nom	N
27002022	20	Licht	NOUN	NN					S		Nom	N
27002023	1	dich	PRON	PPER				2	S		Acc	
27002023	2	Gott	NOUN	NN					S		Nom	M
27002023	3	mein	DET	PPOSAT					S		Dat	F
27002023	4	Vater	NOUN	NN					P		Nom	M
27002023	5	loben	VERB	VVFIN		Fin	Pres	3	S	Sub		
27002023	6	und	CCONJ	KON								
27002023	7	rühmen	VERB	VVFIN		Fin	Pres	3	S	Sub		
27002023	8	ich	PRON	PPER				1	S		Nom	
27002023	9	daß	SCONJ	KOUS								
27002023	10	du	PRON	PPER				2	S		Nom	
27002023	11	mir	PRON	PPER				1	S		Dat	
27002023	12	Weisheit	NOUN	NN					S		Nom	F
27002023	13	und	CCONJ	KON								
27002023	14	Kraft	NOUN	NN					S		Nom	F
27002023	15	geben	VERB	VVPP		Part						
27002023	16	und	CCONJ	KON								
27002023	17	mir	PRON	PPER				1	S		Dat	
27002023	18	jetzt	ADV	ADV								
27002023	19	kundtun	VERB	VVPP		Part						
27002023	20	haben	AUX	VAFIN		Fin	Pres	2	S	Ind		
27002023	21	was	PRON	PWS					S		Nom	N
27002023	22	wir	PRON	PPER				1	P		Nom	
27002023	23	von	ADP	APPR								
27002023	24	dir	PRON	PPER				2	S		Dat	
27002023	25	erbet	VERB	VVPP		Part						
27002023	26	haben	AUX	VAFIN		Fin	Pres	3	P	Ind		
27002023	27	denn	CCONJ	KON								
27002023	28	du	PRON	PPER				2	S		Nom	
27002023	29	haben	AUX	VAFIN		Fin	Pres	2	S	Ind		
27002023	30	uns	PRON	PPER				1	P		Acc	
27002023	31	der	DET	ART					S		Nom	F
27002023	32	Sache	NOUN	NN					S		Nom	F
27002023	33	der	DET	ART					S		Gen	M
27002023	34	König	PROPN	NE					S		Nom	
27002023	35	kundtun	VERB	VVPP		Part						
27002024	1	dieserhalb	PROPN	NN					S		Nom	
27002024	2	gehen	VERB	VVFIN		Fin	Past	3	S	Ind		
27002024	3	Daniel	PROPN	NE					S		Nom	M
27002024	4	zu	ADP	PTKVZ								
27002024	5	Arioch	NOUN	NE					P		Acc	N
27002024	6	hinein	ADV	PTKVZ								
27002024	7	welcher	DET	PWAT					S		Acc	M
27002024	8	der	DET	ART					S		Nom	M
27002024	9	König	NOUN	NN					S		Nom	M
27002024	10	bestellen	VERB	VVPP		Part						
27002024	11	haben	AUX	VAFIN		Fin	Past	3	S	Ind		
27002024	12	der	DET	ART					S		Nom	F
27002024	13	weise	NOUN	NN					P		Nom	
27002024	14	von	ADP	APPR								
27002024	15	Babel	NOUN	NN					S		Nom	N
27002024	16	umbringen	VERB	VVIZU		Inf						
27002024	17	er	PRON	PPER				3	S		Nom	M
27002024	18	gehen	VERB	VVFIN		Fin	Past	3	S	Ind		
27002024	19	hin	ADV	ADV								
27002024	20	und	CCONJ	KON								
27002024	21	sprechen	VERB	VVFIN		Fin	Past	3	S	Ind		
27002024	22	zu	ADP	PTKVZ								
27002024	23	ihm	PRON	PPER				3	S		Dat	M
27002024	24	also	ADV	ADV								
27002024	25	Bringen	VERB	VVFIN		Fin	Pres	3	S	Sub		
27002024	26	der	DET	ART					S		Nom	F
27002024	27	weise	NOUN	NN					P		Nom	
27002024	28	von	ADP	APPR								
27002024	29	Babel	NOUN	NN					S		Nom	N
27002024	30	nicht	PART	PTKNEG								
27002024	31	um	ADP	APPR								
27002024	32	führen	VERB	VVFIN		Fin	Pres	3	S	Sub		
27002024	33	mich	PRON	PPER				1	S		Acc	
27002024	34	vor	ADP	APPR								
27002024	35	der	DET	ART					S		Acc	M
27002024	36	König	NOUN	NN					S		Nom	M
27002024	37	und	CCONJ	KON								
27002024	38	ich	PRON	PPER				1	S		Nom	
27002024	39	werden	AUX	VAFIN		Fin	Pres	3	S	Sub		
27002024	40	der	DET	ART					S		Dat	M
27002024	41	König	NOUN	NN					S		Nom	M
27002024	42	der	DET	ART					S		Nom	F
27002024	43	Deutung	NOUN	NN					S		Nom	F
27002024	44	anzeigen	VERB	VVINF		Inf						
27002025	1	da	SCONJ	KOUS								
27002025	2	führen	VERB	VVFIN		Fin	Past	3	S	Ind		
27002025	3	Arioch	NOUN	NE					P		Acc	N
27002025	4	eilends	ADV	ADV								
27002025	5	der	DET	ART					S		Acc	M
27002025	6	Daniel	PROPN	NE					S		Nom	M
27002025	7	vor	ADP	APPR								
27002025	8	der	DET	ART					S		Acc	M
27002025	9	König	NOUN	NN					S		Nom	M
27002025	10	und	CCONJ	KON								
27002025	11	sprechen	VERB	VVFIN		Fin	Past	3	S	Ind		
27002025	12	zu	ADP	PTKVZ								
27002025	13	ihm	PRON	PPER				3	S		Dat	M
27002025	14	also	ADV	ADV								
27002025	15	ich	PRON	PPER				1	S		Nom	
27002025	16	haben	AUX	VAFIN		Fin	Pres	3	S	Sub		
27002025	17	ein	DET	ART					S		Acc	M
27002025	18	Mann	NOUN	NN					S		Nom	M
27002025	19	unter	ADP	APPR								
27002025	20	der	DET	ART					S		Acc	M
27002025	21	Weggeführt	NOUN	NN					P		Nom	M
27002025	22	von	ADP	APPR								
27002025	23	Juda	PROPN	NE					S		Nom	M
27002025	24	finden	VERB	VVPP		Part						
27002025	25	welcher	PRON	PWAT					S		Nom	M
27002025	26	der	DET	ART					S		Dat	M
27002025	27	König	NOUN	NN					S		Nom	M
27002025	28	der	DET	ART					S		Nom	F
27002025	29	Deutung	NOUN	NN					S		Nom	F
27002025	30	kundtun	VERB	VVINF		Inf						
27002025	31	werden	AUX	VAFIN		Fin	Pres	3	S	Ind		
27002026	1	der	DET	ART					S		Nom	M
27002026	2	König	NOUN	NN					S		Nom	M
27002026	3	heben	VERB	VVFIN		Fin	Past	3	S	Ind		
27002026	4	an	ADP	PTKVZ								
27002026	5	und	CCONJ	KON								
27002026	6	sprechen	VERB	VVFIN		Fin	Past	3	S	Ind		
27002026	7	zu	ADP	PTKVZ								
27002026	8	Daniel	PROPN	NE					S		Nom	M
27002026	9	der	PRON	PDS					S		Gen	
27002026	10	Name	NOUN	NN					S		Nom	M
27002026	11	Beltsazar	NOUN	NN					S		Nom	M
27002026	12	sein	AUX	VAFIN		Fin	Past	3	S	Ind		
27002026	13	Bist	AUX	VAFIN		Fin	Pres	2	S	Ind		
27002026	14	du	PRON	PPER				2	S		Nom	
27002026	15	imstande	ADV	ADV								
27002026	16	der	DET	ART					S		Acc	M
27002026	17	Traum	NOUN	NN					S		Nom	M
27002026	18	der	DET	ART					S		Acc	M
27002026	19	ich	PRON	PPER				1	S		Nom	
27002026	20	sehen	VERB	VVPP		Part						
27002026	21	haben	AUX	VAFIN		Fin	Pres	3	S	Sub		
27002026	22	und	CCONJ	KON								
27002026	23	sein	DET	PPOSAT					S		Nom	F
27002026	24	Deutung	NOUN	NN					S		Nom	F
27002026	25	mir	PRON	PPER				1	S		Dat	
27002026	26	kundzutun	VERB	VVIZU		Inf						
27002027	1	Daniel	PROPN	NE					S		Nom	M
27002027	2	antworten	VERB	VVFIN		Fin	Past	3	S	Ind		
27002027	3	vor	ADP	APPR								
27002027	4	der	DET	ART					S		Dat	M
27002027	5	König	NOUN	NN					S		Nom	M
27002027	6	und	CCONJ	KON								
27002027	7	sprechen	VERB	VVFIN		Fin	Past	3	S	Ind		
27002027	8	der	DET	ART					S		Nom	N
27002027	9	Geheimnis	NOUN	NN					S		Nom	N
27002027	10	welcher	DET	PWAT					S		Acc	N
27002027	11	der	DET	ART					S		Nom	M
27002027	12	König	NOUN	NN					S		Nom	M
27002027	13	verlangen	VERB	VVFIN		Fin	Pres	3	S	Ind		
27002027	14	können	AUX	VMFIN		Fin	Pres	3	P	Ind		
27002027	15	Weise	NOUN	NN					S		Nom	F
27002027	16	Beschwörer	NOUN	NN					P		Nom	M
27002027	17	Schriftgelehrte	NOUN	NN					S		Nom	M
27002027	18	und	CCONJ	KON								
27002027	19	Wahrsager	NOUN	NN					S		Nom	M
27002027	20	der	DET	ART					S		Dat	M
27002027	21	König	NOUN	NN					S		Nom	M
27002027	22	nicht	PART	PTKNEG								
27002027	23	anzeigen	VERB	VVINF		Inf						
27002028	1	aber	CCONJ	KON								
27002028	2	es	PRON	PPER				3	S		Nom	N
27002028	3	sein	AUX	VAFIN		Fin	Pres	3	S	Ind		
27002028	4	ein	DET	ART					S		Nom	N
27002028	5	Gott	NOUN	NN					S		Nom	M
27002028	6	in	ADP	APPRART					S		Dat	N
27002028	7	Himmel	NOUN	NN					S		Nom	M
27002028	8	der	DET	ART					S		Nom	M
27002028	9	Geheimnis	NOUN	NN					P		Nom	N
27002028	10	offenbaren	VERB	VVFIN		Fin	Pres	3	S	Ind		
27002028	11	und	CCONJ	KON								
27002028	12	er	PRON	PPER				3	S		Nom	M
27002028	13	haben	AUX	VAFIN		Fin	Pres	3	S	Ind		
27002028	14	der	DET	ART					S		Dat	M
27002028	15	König	NOUN	NN					S		Nom	M
27002028	16	Nebukadnezar	PROPN	NE					S		Nom	
27002028	17	kundtun	VERB	VVPP		Part						
27002028	18	was	PRON	PWS					S		Nom	N
27002028	19	an	ADP	APPRART					S		Dat	M
27002028	20	Ende	NOUN	NN					S		Nom	N
27002028	21	der	DET	ART					S		Nom	M
27002028	22	Tag	NOUN	NN					P		Nom	M
27002028	23	geschehen	VERB	VVPP		Part						
27002028	24	werden	AUX	VAFIN		Fin	Pres	3	S	Ind		
27002028	25	dein	PRON	PPOSAT				2	P		Nom	
27002028	26	Traum	NOUN	NN					S		Nom	M
27002028	27	und	CCONJ	KON								
27002028	28	der	DET	ART					S		Nom	F
27002028	29	Gesicht	NOUN	NN					P		Nom	N
27002028	30	dein	DET	PPOSAT					S		Gen	N
27002028	31	Hauptes	X	FM								
27002028	32	auf	ADP	PTKVZ								
27002028	33	dein	DET	PPOSAT					S		Dat	M
27002028	34	Lager	NOUN	NN					S		Nom	N
27002028	35	sein	AUX	VAFIN		Fin	Past	3	P	Ind		
27002028	36	dieser	DET	PDAT					S		Nom	F
27002029	1	dir	PRON	PPER				2	S		Dat	
27002029	2	o	PROPN	NE					S		Nom	
27002029	3	König	NOUN	NN					S		Nom	M
27002029	4	steigen	VERB	VVFIN		Fin	Past	3	P	Ind		
27002029	5	auf	ADP	PTKVZ								
27002029	6	dein	DET	PPOSAT					S		Dat	M
27002029	7	Lager	NOUN	NN					S		Nom	N
27002029	8	Gedanke	NOUN	NN					P		Nom	M
27002029	9	auf	ADP	PTKVZ								
27002029	10	was	PRON	PWS					S		Nom	N
27002029	11	nach	ADP	APPR								
27002029	12	dieser	DET	PDAT					S		Dat	N
27002029	13	geschehen	VERB	VVPP		Part						
27002029	14	werden	AUX	VAFIN		Fin	Pres	3	S	Sub		
27002029	15	und	CCONJ	KON								
27002029	16	der	DET	ART					S		Nom	M
27002029	17	welcher	PRON	PWAT					S		Nom	M
27002029	18	der	DET	ART					S		Nom	F
27002029	19	Geheimnis	NOUN	NN					P		Nom	N
27002029	20	offenbaren	VERB	VVFIN		Fin	Pres	3	S	Ind		
27002029	21	haben	AUX	VAFIN		Fin	Pres	3	S	Ind		
27002029	22	dir	PRON	PPER				2	S		Dat	
27002029	23	kundtun	VERB	VVPP		Part						
27002029	24	was	PRON	PWS					S		Nom	N
27002029	25	geschehen	VERB	VVPP		Part						
27002029	26	werden	AUX	VAFIN		Fin	Pres	3	S	Ind		
27002030	1	Mir	PRON	NE				1	S		Dat	
27002030	2	aber	CCONJ	KON								
27002030	3	sein	AUX	VAFIN		Fin	Pres	3	S	Ind		
27002030	4	nicht	PART	PTKNEG								
27002030	5	durch	ADP	APPR								
27002030	6	Weisheit	NOUN	NN					S		Nom	F
27002030	7	der	DET	ART					S		Nom	F
27002030	8	in	ADP	APPR								
27002030	9	mir	PRON	PPER				1	S		Dat	
27002030	10	mehr	ADV	ADV								
27002030	11	als	ADP	KOKOM								
27002030	12	in	ADP	APPR								
27002030	13	aller	DET	PIS					P		Dat	
27002030	14	lebend	NOUN	NN					P		Nom	
27002030	15	sein	AUX	VAFIN		Fin	Past	3	S	Sub		
27002030	16	dieser	DET	PDAT					S		Nom	N
27002030	17	Geheimnis	NOUN	NN					S		Nom	N
27002030	18	offenbaren	VERB	VVPP		Part						
27002030	19	werden	AUX	VAPP		Part						
27002030	20	sondern	CCONJ	KON								
27002030	21	deshalb	ADV	PROAV								
27002030	22	damit	ADV	PROAV								
27002030	23	man	PRON	PIS					S		Nom	
27002030	24	der	DET	ART					S		Dat	M
27002030	25	König	NOUN	NN					S		Nom	M
27002030	26	der	DET	ART					S		Nom	F
27002030	27	Deutung	NOUN	NN					S		Nom	F
27002030	28	Kundtue	PROPN	NE					S		Nom	F
27002030	29	und	CCONJ	KON								
27002030	30	du	PRON	PPER				2	S		Nom	
27002030	31	dein	DET	PPOSAT					S		Gen	N
27002030	32	Herzens	NOUN	NN					P		Nom	N
27002030	33	Gedanke	NOUN	NN					P		Nom	M
27002030	34	Erfahrest	PROPN	NE					S		Nom	
27002031	1	du	PRON	PPER				2	S		Nom	
27002031	2	o	PROPN	NE					S		Nom	
27002031	3	König	NOUN	NN					S		Nom	M
27002031	4	sahst	PROPN	NE					S		Nom	
27002031	5	und	CCONJ	KON								
27002031	6	sehen	VERB	VVIMP				2	S	Imp		
27002031	7	ein	DET	ART					S		Nom	N
27002031	8	groß	ADJ	ADJA	Pos				S		Nom	N
27002031	9	Bild	NOUN	NN					S		Nom	N
27002031	10	dieser	DET	PDAT					S		Nom	N
27002031	11	Bild	NOUN	NN					S		Nom	N
27002031	12	sein	AUX	VAFIN		Fin	Past	3	S	Ind		
27002031	13	gewaltig	ADV	ADJD	Pos							
27002031	14	und	CCONJ	KON								
27002031	15	sein	AUX	VAINF		Inf						
27002031	16	Glanz	NOUN	NN					S		Acc	M
27002031	17	außergewöhnlich	ADV	ADJD	Pos							
27002031	18	es	PRON	PPER				3	S		Nom	N
27002031	19	stehen	VERB	VVFIN		Fin	Past	3	S	Ind		
27002031	20	vor	ADP	APPR								
27002031	21	dir	PRON	PPER				2	S		Dat	
27002031	22	und	CCONJ	KON								
27002031	23	sein	AUX	VAINF		Inf						
27002031	24	Aussehen	NOUN	NN					S		Nom	N
27002031	25	sein	AUX	VAFIN		Fin	Past	3	S	Ind		
27002031	26	schrecklich	ADV	ADJD	Pos							
27002032	1	dieser	PRON	PDS					S		Nom	N
27002032	2	Bild	NOUN	NN					S		Nom	N
27002032	3	sein	AUX	VAINF		Inf						
27002032	4	Haupt	NOUN	NN					S		Nom	N
27002032	5	sein	AUX	VAFIN		Fin	Past	3	S	Ind		
27002032	6	von	ADP	APPR								
27002032	7	fein	ADJ	ADJA	Pos				S		Dat	M
27002032	8	Golde	NOUN	NN					S		Nom	N
27002032	9	sein	DET	PPOSAT					S		Nom	F
27002032	10	Brust	NOUN	NN					S		Nom	F
27002032	11	und	CCONJ	KON								
27002032	12	sein	DET	PPOSAT					S		Nom	F
27002032	13	Arm	NOUN	NN					P		Nom	M
27002032	14	von	ADP	APPR								
27002032	15	Silber	NOUN	NN					S		Nom	N
27002032	16	sein	AUX	VAINF		Inf						
27002032	17	Bauch	NOUN	NN					S		Nom	M
27002032	18	und	CCONJ	KON								
27002032	19	sein	DET	PPOSAT					S		Nom	F
27002032	20	Lenden	NOUN	NN					P		Dat	
27002032	21	von	ADP	APPR								
27002032	22	Erz	NOUN	NN					S		Nom	N
27002033	1	sein	DET	PPOSAT					S		Nom	F
27002033	2	Schenkel	PROPN	PTKVZ					S		Nom	
27002033	3	von	ADP	APPR								
27002033	4	Eisen	NOUN	NN					S		Nom	N
27002033	5	sein	DET	PPOSAT					S		Nom	F
27002033	6	Fuß	PROPN	NN					S		Nom	
27002033	7	Teil	ADV	ADV								
27002033	8	von	ADP	APPR								
27002033	9	Eisen	NOUN	NN					S		Nom	N
27002033	10	und	CCONJ	KON								
27002033	11	Teil	ADV	ADV								
27002033	12	von	ADP	APPR								
27002033	13	Ton	NOUN	NN					S		Nom	M
27002034	1	du	PRON	PPER				2	S		Nom	
27002034	2	Schautest	NOUN	NN					S		Nom	M
27002034	3	bis	CCONJ	KON								
27002034	4	ein	DET	ART					S		Nom	N
27002034	5	Stein	NOUN	NN					S		Nom	M
27002034	6	sich	PRON	PRF				3	S		Acc	
27002034	7	Losriß	PROPN	NE					S		Nom	N
27002034	8	ohne	ADP	APPR								
27002034	9	Hand	NOUN	NN					P		Nom	F
27002034	10	und	CCONJ	KON								
27002034	11	der	DET	ART					S		Nom	N
27002034	12	Bild	NOUN	NN					S		Nom	N
27002034	13	an	ADP	PTKVZ								
27002034	14	sein	DET	PPOSAT					S		Nom	F
27002034	15	Fuß	PROPN	NN					S		Nom	
27002034	16	von	ADP	APPR								
27002034	17	Eisen	NOUN	NN					S		Nom	N
27002034	18	und	CCONJ	KON								
27002034	19	Ton	NOUN	NN					S		Nom	M
27002034	20	schlagen	VERB	VVFIN		Fin	Past	3	S	Ind		
27002034	21	und	CCONJ	KON								
27002034	22	sie	PRON	PPER				3	P		Nom	
27002034	23	zermalmen	VERB	VVFIN		Fin	Past	3	S	Ind		
27002035	1	da	SCONJ	KOUS								
27002035	2	werden	AUX	VAFIN		Fin	Past	3	P	Ind		
27002035	3	zugleich	ADV	ADV								
27002035	4	der	DET	ART					S		Nom	N
27002035	5	Eisen	NOUN	NN					S		Nom	N
27002035	6	der	DET	ART					S		Nom	M
27002035	7	Ton	NOUN	NN					S		Nom	M
27002035	8	der	DET	ART					S		Nom	N
27002035	9	Erz	NOUN	NN					S		Nom	N
27002035	10	der	DET	ART					S		Nom	N
27002035	11	Silber	NOUN	NN					S		Nom	N
27002035	12	und	CCONJ	KON								
27002035	13	der	DET	ART					S		Nom	N
27002035	14	Gold	NOUN	NN					S		Nom	N
27002035	15	zermalmen	VERB	VVPP		Part						
27002035	16	und	CCONJ	KON								
27002035	17	sie	PRON	PPER				3	P		Nom	
27002035	18	werden	AUX	VAFIN		Fin	Past	3	P	Ind		
27002035	19	wie	ADP	KOKOM								
27002035	20	Spreu	NOUN	NN					S		Nom	F
27002035	21	der	DET	ART					S		Nom	M
27002035	22	Sommertenn	NOUN	NN					P		Nom	F
27002035	23	und	CCONJ	KON								
27002035	24	der	DET	ART					S		Nom	M
27002035	25	Wind	NOUN	NN					S		Nom	M
27002035	26	führen	VERB	VVFIN		Fin	Past	3	S	Ind		
27002035	27	sie	PRON	PPER				3	P		Nom	
27002035	28	hinweg	ADP	APZR								
27002035	29	und	CCONJ	KON								
27002035	30	es	PRON	PPER				3	S		Nom	N
27002035	31	werden	AUX	VAFIN		Fin	Past	3	S	Ind		
27002035	32	kein	DET	PIAT					S		Nom	F
27002035	33	Stätte	NOUN	NN					S		Nom	F
27002035	34	für	ADP	APPR								
27002035	35	sie	PRON	PPER				3	P		Nom	
27002035	36	finden	VERB	VVPP		Part						
27002035	37	und	CCONJ	KON								
27002035	38	der	DET	ART					S		Nom	M
27002035	39	Stein	NOUN	NN					S		Nom	M
27002035	40	der	DET	ART					S		Nom	M
27002035	41	der	DET	ART					S		Nom	N
27002035	42	Bild	NOUN	NN					S		Nom	N
27002035	43	schlagen	VERB	VVPP		Part						
27002035	44	haben	AUX	VAFIN		Fin	Past	3	S	Ind		
27002035	45	werden	AUX	VAFIN		Fin	Past	3	S	Ind		
27002035	46	zu	ADP	PTKVZ								
27002035	47	ein	DET	ART					S		Dat	M
27002035	48	groß	ADJ	ADJA	Pos				S		Acc	M
27002035	49	Berg	NOUN	NN					P		Nom	M
27002035	50	und	CCONJ	KON								
27002035	51	füllen	VERB	VVFIN		Fin	Past	3	S	Ind		
27002035	52	der	DET	ART					S		Nom	F
27002035	53	ganz	ADJ	ADJA	Pos				S		Nom	F
27002035	54	Erde	NOUN	NN					S		Nom	F
27002036	1	der	DET	ART					S		Nom	N
27002036	2	sein	AUX	VAFIN		Fin	Pres	3	S	Ind		
27002036	3	der	DET	ART					S		Nom	M
27002036	4	Traum	NOUN	NN					S		Nom	M
27002036	5	und	CCONJ	KON								
27002036	6	sein	DET	PPOSAT					S		Nom	F
27002036	7	Deutung	NOUN	NN					S		Nom	F
27002036	8	wollen	AUX	VMFIN		Fin	Pres	3	P	Ind		
27002036	9	wir	PRON	PPER				1	P		Nom	
27002036	10	vor	ADP	APPR								
27002036	11	der	DET	ART					S		Dat	M
27002036	12	König	NOUN	NN					S		Nom	M
27002036	13	ansagen	VERB	VVINF		Inf						
27002037	1	du	PRON	PPER				2	S		Nom	
27002037	2	o	PROPN	NE					S		Nom	
27002037	3	König	NOUN	NN					S		Nom	M
27002037	4	du	PRON	PPER				2	S		Nom	
27002037	5	König	NOUN	NN					S		Nom	M
27002037	6	der	DET	ART					S		Nom	M
27002037	7	König	NOUN	NN					P		Nom	M
27002037	8	der	DET	ART					S		Dat	M
27002037	9	der	DET	ART					S		Nom	M
27002037	10	Gott	NOUN	NN					S		Nom	M
27002037	11	der	DET	ART					S		Gen	M
27002037	12	Himmel	NOUN	NN					S		Gen	M
27002037	13	der	DET	ART					S		Nom	N
27002037	14	Königtum	NOUN	NN					S		Nom	N
27002037	15	der	DET	ART					S		Nom	F
27002037	16	Macht	NOUN	NN					S		Nom	F
27002037	17	und	CCONJ	KON								
27002037	18	der	DET	ART					S		Nom	F
27002037	19	Gewalt	NOUN	NN					S		Nom	F
27002037	20	und	CCONJ	KON								
27002037	21	der	DET	ART					S		Nom	F
27002037	22	Ehre	NOUN	NN					S		Nom	F
27002037	23	geben	VERB	VVPP		Part						
27002037	24	haben	AUX	VAFIN		Fin	Pres	3	S	Ind		
27002038	1	und	CCONJ	KON								
27002038	2	überall	ADV	ADV								
27002038	3	wo	SCONJ	PWAV								
27002038	4	Menschenkind	NOUN	NN					P		Nom	N
27002038	5	Tier	NOUN	NN					P		Nom	N
27002038	6	der	DET	ART					S		Gen	M
27002038	7	Felde	NOUN	NE					S		Nom	N
27002038	8	und	CCONJ	KON								
27002038	9	Vogel	NOUN	NN					P		Nom	M
27002038	10	der	DET	ART					S		Gen	M
27002038	11	Himmel	NOUN	NN					S		Gen	M
27002038	12	wohnen	VERB	VVINF		Inf						
27002038	13	haben	AUX	VAFIN		Fin	Pres	3	S	Ind		
27002038	14	er	PRON	PPER				3	S		Nom	M
27002038	15	sie	PRON	PPER				3	P		Nom	
27002038	16	in	ADP	APPR								
27002038	17	dein	DET	PPOSAT					S		Nom	F
27002038	18	Hand	NOUN	NN					S		Nom	F
27002038	19	geben	VERB	VVPP		Part						
27002038	20	und	CCONJ	KON								
27002038	21	dich	PRON	PPER				2	S		Acc	
27002038	22	zu	ADP	APPRART					S		Dat	N
27002038	23	Herrscher	NOUN	NN					S		Nom	M
27002038	24	über	ADP	APPR								
27002038	25	sie	PRON	PPER				3	P		Nom	
27002038	26	aller	PRON	PIS					P		Nom	
27002038	27	setzen	VERB	VVPP		Part						
27002038	29	du	PRON	PPER				2	S		Nom	
27002038	30	sein	AUX	VAFIN		Fin	Pres	2	S	Ind		
27002038	31	der	DET	ART					S		Nom	N
27002038	32	Haupt	NOUN	NN					S		Nom	N
27002038	33	von	ADP	APPR								
27002038	34	Gold	NOUN	NN					S		Nom	N
27002039	1	und	CCONJ	KON								
27002039	2	nach	ADP	APPR								
27002039	3	dir	PRON	PPER				2	S		Dat	
27002039	4	werden	AUX	VAFIN		Fin	Pres	3	S	Ind		
27002039	5	ein	DET	ART					S		Nom	N
27002039	6	anderer	PRON	PIS					S		Nom	N
27002039	7	Königreich	NOUN	NN					S		Nom	N
27002039	8	aufstehen	VERB	VVINF		Inf						
27002039	9	niedrig	ADV	ADJD	Cmp							
27002039	10	als	ADP	KOKOM								
27002039	11	du	PRON	PPER				2	S		Nom	
27002039	12	und	CCONJ	KON								
27002039	13	ein	DET	ART					S		Nom	N
27002039	14	anderer	PRON	PIS					S		Nom	N
27002039	15	dritter	ADJ	ADJA	Pos				S		Nom	N
27002039	16	Königreich	NOUN	NN					S		Nom	N
27002039	17	von	ADP	APPR								
27002039	18	Erz	NOUN	NN					S		Nom	N
27002039	19	welcher	DET	PWAT					S		Acc	N
27002039	20	über	ADP	APPR								
27002039	21	der	DET	ART					S		Nom	F
27002039	22	ganz	ADJ	ADJA	Pos				S		Nom	F
27002039	23	Erde	NOUN	NN					S		Nom	F
27002039	24	herrschen	VERB	VVINF		Inf						
27002039	25	werden	AUX	VAFIN		Fin	Pres	3	S	Ind		
27002040	1	und	CCONJ	KON								
27002040	2	ein	DET	ART					S		Nom	N
27002040	3	viert	ADJ	ADJA	Pos				S		Nom	N
27002040	4	Königreich	NOUN	NN					S		Nom	N
27002040	5	werden	AUX	VAFIN		Fin	Pres	3	S	Ind		
27002040	6	stark	ADV	ADJD	Pos							
27002040	7	sein	AUX	VAINF		Inf						
27002040	8	wie	ADP	KOKOM								
27002040	9	Eisen	NOUN	NN					S		Nom	N
27002040	10	ebenso	ADV	ADV								
27002040	11	wie	ADP	KOKOM								
27002040	12	der	DET	ART					S		Nom	N
27002040	13	Eisen	NOUN	NN					S		Nom	N
27002040	14	alle	PRON	PIS					S		Nom	N
27002040	15	zermalmen	VERB	VVPP		Part						
27002040	16	und	CCONJ	KON								
27002040	17	zerschlagen	VERB	VVFIN		Fin	Pres	3	S	Ind		
27002040	18	so	ADV	ADV								
27002040	19	werden	AUX	VAFIN		Fin	Pres	3	S	Ind		
27002040	20	es	PRON	PPER				3	S		Nom	N
27002040	21	der	DET	ART					S		Dat	M
27002040	22	Eisen	NOUN	NN					S		Nom	N
27002040	23	gleich	ADV	ADV	Pos							
27002040	24	welcher	DET	PWAT					S		Acc	N
27002040	25	zertrümmeren	VERB	VVPP		Part						
27002040	26	aller	PRON	PIS					P		Nom	
27002040	27	dieser	DET	PDAT					S		Nom	F
27002040	28	zermalmen	VERB	VVINF		Inf						
27002040	29	und	CCONJ	KON								
27002040	30	zertrümmern	VERB	VVINF		Inf						
27002041	1	und	CCONJ	KON								
27002041	2	daß	SCONJ	KOUS								
27002041	3	du	PRON	PPER				2	S		Nom	
27002041	4	der	DET	ART					S		Nom	F
27002041	5	Fuß	PROPN	NN					S		Nom	
27002041	6	und	CCONJ	KON								
27002041	7	der	DET	ART					S		Nom	F
27002041	8	Zehen	VERB	NN		Inf						
27002041	9	Teil	ADV	ADV								
27002041	10	von	ADP	APPR								
27002041	11	Töpferton	PROPN	NE					S		Nom	
27002041	12	und	CCONJ	KON								
27002041	13	Teil	ADV	ADV								
27002041	14	von	ADP	APPR								
27002041	15	Eisen	NOUN	NN					S		Nom	N
27002041	16	sehen	VERB	VVPP		Part						
27002041	17	haben	AUX	VAFIN		Fin	Pres	2	S	Ind		
27002041	19	es	PRON	PPER				3	S		Nom	N
27002041	20	werden	AUX	VAFIN		Fin	Pres	3	S	Ind		
27002041	21	ein	DET	ART					S		Nom	N
27002041	22	geteilt	ADJ	ADJA	Pos				S		Nom	N
27002041	23	Königreich	NOUN	NN					S		Nom	N
27002041	24	sein	AUX	VAINF		Inf						
27002041	25	aber	CCONJ	KON								
27002041	26	von	ADP	APPR								
27002041	27	der	DET	ART					S		Nom	M
27002041	28	Festigkeit	NOUN	NN					S		Nom	F
27002041	29	der	DET	ART					S		Gen	M
27002041	30	Eisen	NOUN	NE					S		Gen	N
27002041	31	werden	AUX	VAFIN		Fin	Pres	3	S	Ind		
27002041	32	in	ADP	APPR								
27002041	33	ihm	PRON	PPER				3	S		Dat	M
27002041	34	sein	AUX	VAINF		Inf						
27002041	35	weil	SCONJ	KOUS								
27002041	36	du	PRON	PPER				2	S		Nom	
27002041	37	der	DET	ART					S		Nom	N
27002041	38	Eisen	NOUN	NN					S		Nom	N
27002041	39	mit	ADP	APPR								
27002041	40	lehmig	VERB	VVPP		Part						
27002041	41	Ton	NOUN	NN					S		Nom	M
27002041	42	vermischen	VERB	VVFIN		Fin	Pres	3	S	Ind		
27002041	43	sehen	VERB	VVPP		Part						
27002041	44	haben	AUX	VAFIN		Fin	Pres	2	S	Ind		
27002042	1	und	CCONJ	KON								
27002042	2	der	DET	ART					S		Nom	F
27002042	3	Zehen	VERB	NN		Inf						
27002042	4	der	DET	ART					S		Nom	M
27002042	5	Fuß	PROPN	NN					S		Nom	
27002042	6	Teil	ADV	ADV								
27002042	7	von	ADP	APPR								
27002042	8	Eisen	NOUN	NN					S		Nom	N
27002042	9	und	CCONJ	KON								
27002042	10	Teil	ADV	ADV								
27002042	11	von	ADP	APPR								
27002042	12	Ton	NOUN	NN					S		Nom	M
27002042	13	zu	ADP	APPRART					S		Dat	N
27002042	14	Teil	NOUN	NN					S		Nom	M
27002042	15	werden	AUX	VAFIN		Fin	Pres	3	S	Ind		
27002042	16	der	DET	ART					S		Nom	N
27002042	17	Königreich	NOUN	NN					S		Nom	N
27002042	18	stark	ADV	ADJD	Pos							
27002042	19	sein	AUX	VAINF		Inf						
27002042	20	und	CCONJ	KON								
27002042	21	ein	DET	ART					S		Nom	N
27002042	22	Teil	NOUN	NN					S		Nom	M
27002042	23	werden	AUX	VAFIN		Fin	Pres	3	S	Ind		
27002042	24	zerbrechlich	ADV	ADJD	Pos							
27002042	25	sein	AUX	VAINF		Inf						
27002043	1	daß	SCONJ	KOUS								
27002043	2	du	PRON	PPER				2	S		Nom	
27002043	3	der	DET	ART					S		Nom	N
27002043	4	Eisen	NOUN	NN					S		Nom	N
27002043	5	mit	ADP	APPR								
27002043	6	lehmig	VERB	VVPP		Part						
27002043	7	Ton	NOUN	NN					S		Nom	M
27002043	8	vermischen	VERB	VVFIN		Fin	Pres	3	S	Ind		
27002043	9	sehen	VERB	VVPP		Part						
27002043	10	haben	AUX	VAFIN		Fin	Pres	2	S	Ind		
27002043	12	sie	PRON	PPER				3	P		Nom	
27002043	13	werden	AUX	VAFIN		Fin	Pres	3	P	Ind		
27002043	14	sich	PRON	PRF				3	S		Acc	
27002043	15	mit	ADP	APPR								
27002043	16	der	DET	ART					S		Dat	M
27002043	17	Same	NOUN	NN					P		Nom	M
27002043	18	der	DET	ART					S		Nom	M
27002043	19	Mensch	NOUN	NN					P		Nom	M
27002043	20	vermischen	VERB	VVINF		Fin	Pres	3	P	Ind		
27002043	21	aber	CCONJ	KON								
27002043	22	sie	PRON	PPER				3	P		Nom	
27002043	23	werden	AUX	VAFIN		Fin	Pres	3	P	Ind		
27002043	24	nicht	PART	PTKNEG								
27002043	25	aneinander	ADV	ADV								
27002043	26	haften	VERB	VVINF		Inf						
27002043	27	gleichwie	CCONJ	ADV								
27002043	28	sich	PRON	PRF				3	S		Acc	
27002043	29	Eisen	NOUN	NN					S		Nom	N
27002043	30	mit	ADP	APPR								
27002043	31	Ton	NOUN	NN					S		Nom	M
27002043	32	nicht	PART	PTKNEG								
27002043	33	vermischen	VERB	VVFIN		Fin	Pres	3	S	Ind		
27002044	1	und	CCONJ	KON								
27002044	2	in	ADP	APPR								
27002044	3	der	DET	ART					S		Acc	M
27002044	4	Tag	NOUN	NN					P		Dat	M
27002044	5	dieser	PRON	PDAT					S		Nom	M
27002044	6	König	NOUN	NN					P		Nom	M
27002044	7	werden	AUX	VAFIN		Fin	Pres	3	S	Ind		
27002044	8	der	DET	ART					S		Nom	M
27002044	9	Gott	NOUN	NN					S		Nom	M
27002044	10	der	DET	ART					S		Gen	M
27002044	11	Himmel	NOUN	NN					S		Gen	M
27002044	12	ein	DET	ART					S		Nom	N
27002044	13	Königreich	NOUN	NN					S		Nom	N
27002044	14	aufrichten	VERB	VVINF		Inf						
27002044	15	welcher	DET	PWAT					S		Acc	N
27002044	16	ewiglich	ADV	ADJD	Pos							
27002044	17	nicht	PART	PTKNEG								
27002044	18	zerstören	VERB	VVPP		Part						
27002044	19	und	CCONJ	KON								
27002044	20	der	PRON	PDS					S		Gen	
27002044	21	Herrschaft	NOUN	NN					S		Nom	F
27002044	22	kein	DET	PIS					S		Dat	M
27002044	23	anderer	PRON	PIS					P		Dat	
27002044	24	Volke	NOUN	NN					S		Nom	M
27002044	25	überlassen	VERB	VVPP		Part						
27002044	26	werden	AUX	VAFIN		Fin	Pres	3	P	Ind		
27002044	27	werden	AUX	VAFIN		Fin	Pres	3	S	Ind		
27002044	28	es	PRON	PPER				3	S		Nom	N
27002044	29	werden	AUX	VAFIN		Fin	Pres	3	S	Ind		
27002044	30	aller	PRON	PIS					P		Nom	
27002044	31	jener	DET	PDAT					S		Nom	F
27002044	32	Königreich	NOUN	NN					P		Nom	N
27002044	33	zermalmen	VERB	VVINF		Inf						
27002044	34	und	CCONJ	KON								
27002044	35	vernichten	VERB	VVINF		Inf						
27002044	36	selbst	ADV	ADV								
27002044	37	aber	CCONJ	KON								
27002044	38	ewiglich	ADV	ADJD	Pos							
27002044	39	bestehen	VERB	VVFIN		Fin	Pres	3	P	Ind		
27002045	1	weil	SCONJ	KOUS								
27002045	2	du	PRON	PPER				2	S		Nom	
27002045	3	sehen	VERB	VVPP		Part						
27002045	4	haben	AUX	VAFIN		Fin	Pres	2	S	Ind		
27002045	5	daß	SCONJ	KOUS								
27002045	6	von	ADP	APPR								
27002045	7	der	DET	ART					S		Dat	M
27002045	8	Berg	NOUN	NN					P		Nom	M
27002045	9	ein	DET	ART					S		Nom	N
27002045	10	Stein	NOUN	NN					S		Nom	M
27002045	11	sich	PRON	PRF				3	S		Acc	
27002045	12	Losriß	PROPN	NE					S		Nom	N
27002045	13	ohne	ADP	APPR								
27002045	14	Hand	NOUN	NN					P		Nom	F
27002045	15	und	CCONJ	KON								
27002045	16	der	DET	ART					S		Nom	N
27002045	17	Eisen	NOUN	NN					S		Nom	N
27002045	18	der	DET	ART					S		Nom	N
27002045	19	Erz	NOUN	NN					S		Nom	N
27002045	20	der	DET	ART					S		Acc	M
27002045	21	Ton	NOUN	NN					S		Nom	M
27002045	22	der	DET	ART					S		Nom	N
27002045	23	Silber	NOUN	NN					S		Nom	N
27002045	24	und	CCONJ	KON								
27002045	25	der	DET	ART					S		Nom	N
27002045	26	Gold	NOUN	NN					S		Nom	N
27002045	27	zermalmen	VERB	VVFIN		Fin	Past	3	S	Ind		
27002045	28	der	DET	ART					S		Nom	M
27002045	29	groß	ADJ	ADJA	Pos				S		Nom	F
27002045	30	Gott	NOUN	NN					S		Nom	M
27002045	31	haben	AUX	VAFIN		Fin	Pres	3	S	Ind		
27002045	32	der	DET	ART					S		Dat	M
27002045	33	König	NOUN	NN					P		Nom	M
27002045	34	kundtun	VERB	VVPP		Part						
27002045	35	was	PRON	PWS					S		Nom	N
27002045	36	nach	ADP	APPR								
27002045	37	dieser	DET	PDAT					S		Dat	N
27002045	38	geschehen	VERB	VVPP		Part						
27002045	39	werden	AUX	VAFIN		Fin	Pres	3	S	Ind		
27002045	40	und	CCONJ	KON								
27002045	41	der	DET	ART					S		Nom	M
27002045	42	Traum	NOUN	NN					S		Nom	M
27002045	43	sein	AUX	VAFIN		Fin	Pres	3	S	Ind		
27002045	44	gewiß	ADV	ADV								
27002045	45	und	CCONJ	KON								
27002045	46	sein	DET	PPOSAT					S		Nom	F
27002045	47	Deutung	NOUN	NN					S		Nom	F
27002045	48	zuverlässig	ADV	ADJD	Pos							
27002046	1	da	SCONJ	KOUS								
27002046	2	fallen	VERB	VVFIN		Fin	Past	3	S	Ind		
27002046	3	der	DET	ART					S		Nom	M
27002046	4	König	NOUN	NN					S		Nom	M
27002046	5	Nebukadnezar	PROPN	NE					S		Nom	
27002046	6	nieder	ADV	PTKVZ								
27002046	7	auf	ADP	PTKVZ								
27002046	8	sein	AUX	VAINF		Inf						
27002046	9	Angesicht	NOUN	NN					S		Nom	F
27002046	10	und	CCONJ	KON								
27002046	11	beten	VERB	VVFIN		Fin	Past	3	S	Ind		
27002046	12	Daniel	PROPN	NE					S		Nom	M
27002046	13	an	ADP	PTKVZ								
27002046	14	und	CCONJ	KON								
27002046	15	er	PRON	PPER				3	S		Nom	M
27002046	16	befehlen	VERB	VVFIN		Fin	Past	3	S	Ind		
27002046	17	ihm	PRON	PPER				3	S		Dat	M
27002046	18	Speisopfer	NOUN	NN					P		Nom	N
27002046	19	und	CCONJ	KON								
27002046	20	Räucherwerk	NOUN	NN					S		Nom	N
27002046	21	darbringen	VERB	VVIZU		Inf						
27002047	1	der	DET	ART					S		Nom	M
27002047	2	König	NOUN	NN					S		Nom	M
27002047	3	antworten	VERB	VVFIN		Fin	Past	3	S	Ind		
27002047	4	Daniel	PROPN	NE					S		Nom	M
27002047	5	und	CCONJ	KON								
27002047	6	sprechen	VERB	VVFIN		Fin	Past	3	S	Ind		
27002047	7	in	ADP	APPR								
27002047	8	Wahrheit	NOUN	NN					S		Nom	F
27002047	9	euer	DET	PPOSAT					S		Nom	M
27002047	10	Gott	NOUN	NN					S		Nom	M
27002047	11	sein	AUX	VAFIN		Fin	Pres	3	S	Ind		
27002047	12	der	DET	ART					S		Nom	M
27002047	13	Gott	NOUN	NN					S		Nom	M
27002047	14	der	DET	ART					S		Nom	M
27002047	15	Götter	NOUN	NN					P		Nom	M
27002047	16	und	CCONJ	KON								
27002047	17	der	DET	ART					S		Nom	M
27002047	18	Herr	NOUN	NN					S		Nom	M
27002047	19	der	DET	ART					S		Nom	M
27002047	20	König	NOUN	NN					P		Nom	M
27002047	21	und	CCONJ	KON								
27002047	22	ein	DET	ART					S		Nom	N
27002047	23	Offenbarer	NOUN	NN					S		Nom	M
27002047	24	der	DET	ART					S		Nom	M
27002047	25	Geheimnis	NOUN	NN					P		Nom	N
27002047	26	da	ADV	ADV								
27002047	27	du	PRON	PPER				2	S		Nom	
27002047	28	vermocht	VERB	VVPP		Part						
27002047	29	haben	AUX	VAFIN		Fin	Pres	2	S	Ind		
27002047	30	dieser	DET	PDAT					S		Nom	N
27002047	31	Geheimnis	NOUN	NN					S		Nom	N
27002047	32	zu	ADP	PTKVZ								
27002047	33	offenbaren	VERB	VVFIN		Fin	Pres	3	P	Ind		
27002048	1	alsdann	ADV	ADV								
27002048	2	machen	VERB	VVFIN		Fin	Past	3	S	Ind		
27002048	3	der	DET	ART					S		Nom	M
27002048	4	König	NOUN	NN					S		Nom	M
27002048	5	der	DET	ART					S		Acc	M
27002048	6	Daniel	PROPN	NE					S		Nom	M
27002048	7	groß	ADV	ADJD	Pos							
27002048	8	und	CCONJ	KON								
27002048	9	geben	VERB	VVFIN		Fin	Past	3	S	Ind		
27002048	10	ihm	PRON	PPER				3	S		Dat	M
27002048	11	vieler	PRON	PIS					P		Nom	
27002048	12	groß	ADJ	ADJA	Pos				S		Nom	F
27002048	13	Geschenk	NOUN	NN					P		Nom	N
27002048	14	und	CCONJ	KON								
27002048	15	er	PRON	PPER				3	S		Nom	M
27002048	16	setzen	VERB	VVFIN		Fin	Past	3	S	Ind		
27002048	17	ihn	PRON	PPER				3	S		Acc	M
27002048	18	als	ADP	KOKOM								
27002048	19	Herrscher	NOUN	NN					S		Nom	M
27002048	20	ein	DET	ART					S		Nom	N
27002048	21	über	ADP	APPR								
27002048	22	der	DET	ART					S		Nom	F
27002048	23	ganz	ADJ	ADJA	Pos				S		Nom	F
27002048	24	Landschaft	NOUN	NN					S		Nom	F
27002048	25	Babel	NOUN	NN					S		Nom	N
27002048	26	und	CCONJ	KON								
27002048	27	zu	ADP	APPRART					S		Dat	N
27002048	28	Obervorsteher	NOUN	NN					S		Nom	M
27002048	29	über	ADP	APPR								
27002048	30	aller	PRON	PIS					P		Nom	
27002048	31	weise	NOUN	NN					P		Nom	
27002048	32	von	ADP	APPR								
27002048	33	Babel	NOUN	NN					S		Nom	N
27002049	1	und	CCONJ	KON								
27002049	2	Daniel	PROPN	NE					S		Nom	M
27002049	3	bitten	VERB	VVFIN		Fin	Past	3	S	Ind		
27002049	4	der	DET	ART					S		Acc	M
27002049	5	König	NOUN	NN					S		Nom	M
27002049	6	und	CCONJ	KON								
27002049	7	er	PRON	PPER				3	S		Nom	M
27002049	8	bestellen	VERB	VVFIN		Fin	Past	3	S	Ind		
27002049	9	Sadrach	PROPN	NE					S		Nom	F
27002049	10	Mesach	PROPN	NE					S		Nom	
27002049	11	und	CCONJ	KON								
27002049	12	Abednego	NOUN	NN					S		Nom	M
27002049	13	über	ADP	APPR								
27002049	14	der	DET	ART					S		Nom	F
27002049	15	Verwaltung	NOUN	NN					S		Nom	F
27002049	16	der	DET	ART					S		Nom	M
27002049	17	Landschaft	NOUN	NN					S		Nom	F
27002049	18	Babel	NOUN	NN					S		Nom	N
27002049	19	und	CCONJ	KON								
27002049	20	Daniel	PROPN	NE					S		Nom	M
27002049	21	sein	AUX	VAFIN		Fin	Past	3	S	Ind		
27002049	22	in	ADP	APPRART					S		Dat	N
27002049	23	Tor	NOUN	NN					P		Nom	N
27002049	24	der	DET	ART					S		Gen	M
27002049	25	König	PROPN	NE					S		Nom	
27003001	1	der	DET	ART					S		Nom	M
27003001	2	König	NOUN	NN					S		Nom	M
27003001	3	Nebukadnezar	PROPN	NE					S		Nom	
27003001	4	machen	VERB	VVFIN		Fin	Past	3	S	Ind		
27003001	5	ein	DET	ART					S		Nom	N
27003001	6	Bild	NOUN	NN					S		Nom	N
27003001	7	von	ADP	APPR								
27003001	8	Gold	NOUN	NN					S		Nom	N
27003001	9	sein	DET	PPOSAT					S		Nom	F
27003001	10	Höhe	NOUN	NN					S		Nom	F
27003001	11	sechzig	NUM	CARD								
27003001	12	Ellen	PROPN	NE					S		Nom	F
27003001	13	sein	DET	PPOSAT					S		Nom	F
27003001	14	Breite	NOUN	NN					S		Nom	F
27003001	15	sechs	NUM	CARD								
27003001	16	Ellen	PROPN	NE					S		Nom	F
27003001	17	er	PRON	PPER				3	S		Nom	M
27003001	18	richten	VERB	VVFIN		Fin	Past	3	S	Ind		
27003001	19	es	PRON	PPER				3	S		Nom	N
27003001	20	auf	ADP	PTKVZ								
27003001	21	in	ADP	APPR								
27003001	22	der	DET	ART					S		Nom	M
27003001	23	Ebene	NOUN	NN					S		Nom	F
27003001	24	Dura	PROPN	NE					S		Nom	
27003001	25	in	ADP	APPR								
27003001	26	der	DET	ART					S		Nom	M
27003001	27	Landschaft	NOUN	NN					S		Nom	F
27003001	28	Babel	NOUN	NN					S		Nom	N
27003002	1	und	CCONJ	KON								
27003002	2	der	DET	ART					S		Nom	M
27003002	3	König	NOUN	NN					S		Nom	M
27003002	4	Nebukadnezar	PROPN	NE					S		Nom	
27003002	5	senden	VERB	VVFIN		Fin	Past	3	S	Ind		
27003002	6	aus	ADP	PTKVZ								
27003002	7	um	ADP	APPR								
27003002	8	der	DET	ART					S		Nom	F
27003002	9	Satrape	NOUN	NN					P		Nom	M
27003002	10	der	DET	ART					S		Nom	F
27003002	11	Statthalter	NOUN	NN					S		Nom	M
27003002	12	und	CCONJ	KON								
27003002	13	der	DET	ART					S		Nom	F
27003002	14	Landpfleger	NOUN	NN					P		Nom	M
27003002	15	der	DET	ART					S		Nom	F
27003002	16	Oberrichter	NOUN	NN					P		Nom	M
27003002	17	der	DET	ART					S		Nom	F
27003002	18	Schatzmeister	NOUN	NN					S		Nom	M
27003002	19	der	DET	ART					S		Nom	F
27003002	20	Gesetzeskundige	NOUN	NN					P		Nom	F
27003002	21	der	DET	ART					S		Nom	F
27003002	22	Rechtsgelehrt	NOUN	NN					P		Nom	M
27003002	23	und	CCONJ	KON								
27003002	24	aller	PRON	PIS					P		Nom	
27003002	25	Oberbeamt	NOUN	NN					P		Nom	F
27003002	26	der	DET	ART					S		Nom	M
27003002	27	Landschaft	NOUN	NN					P		Nom	F
27003002	28	zu	ADP	PTKVZ								
27003002	29	versammeln	VERB	VVINF		Fin	Pres	3	P	Ind		
27003002	30	damit	ADV	PROAV								
27003002	31	sie	PRON	PPER				3	P		Nom	
27003002	32	zu	ADP	APPRART					S		Dat	F
27003002	33	Einweihung	NOUN	NN					S		Nom	F
27003002	34	der	DET	ART					S		Gen	M
27003002	35	Bild	NOUN	NN					S		Gen	N
27003002	36	kommen	VERB	VVFIN		Fin	Past	3	P	Sub		
27003002	37	welcher	DET	PWAT					S		Acc	N
27003002	38	der	DET	ART					S		Nom	M
27003002	39	König	NOUN	NN					S		Nom	M
27003002	40	Nebukadnezar	PROPN	NE					S		Nom	
27003002	41	aufrichten	VERB	VVPP		Part						
27003002	42	haben	AUX	VAFIN		Fin	Past	3	S	Ind		
27003003	1	da	SCONJ	KOUS								
27003003	2	versammeln	VERB	ADJA		Fin	Past	3	P	Ind		
27003003	3	sich	PRON	PRF				3	S		Acc	
27003003	4	der	DET	ART					S		Nom	F
27003003	5	Satrape	NOUN	NN					P		Nom	M
27003003	6	der	DET	ART					S		Nom	F
27003003	7	Statthalter	NOUN	NN					S		Nom	M
27003003	8	und	CCONJ	KON								
27003003	9	der	DET	ART					S		Nom	F
27003003	10	Landpfleger	NOUN	NN					P		Nom	M
27003003	11	der	DET	ART					S		Nom	F
27003003	12	Oberrichter	NOUN	NN					P		Nom	M
27003003	13	der	DET	ART					S		Nom	F
27003003	14	Schatzmeister	NOUN	NN					S		Nom	M
27003003	15	der	DET	ART					S		Nom	F
27003003	16	Gesetzeskundige	NOUN	NN					P		Nom	F
27003003	17	der	DET	ART					S		Nom	F
27003003	18	Rechtsgelehrt	NOUN	NN					P		Nom	M
27003003	19	und	CCONJ	KON								
27003003	20	aller	PRON	PIS					P		Nom	
27003003	21	Oberbeamt	NOUN	NN					P		Nom	F
27003003	22	der	DET	ART					S		Nom	M
27003003	23	Landschaft	NOUN	NN					P		Nom	F
27003003	24	zu	ADP	APPRART					S		Dat	F
27003003	25	Einweihung	NOUN	NN					S		Nom	F
27003003	26	der	DET	ART					S		Gen	M
27003003	27	Bild	NOUN	NN					S		Gen	N
27003003	28	welcher	DET	PWAT					S		Acc	N
27003003	29	der	DET	ART					S		Nom	M
27003003	30	König	NOUN	NN					S		Nom	M
27003003	31	Nebukadnezar	PROPN	NE					S		Nom	
27003003	32	aufrichten	VERB	VVPP		Part						
27003003	33	haben	AUX	VAFIN		Fin	Past	3	S	Ind		
27003003	34	und	CCONJ	KON								
27003003	35	sie	PRON	PPER				3	P		Nom	
27003003	36	stehen	VERB	VVFIN		Fin	Past	3	P	Ind		
27003003	37	vor	ADP	APPR								
27003003	38	der	DET	ART					S		Dat	M
27003003	39	Bilde	NOUN	NN					S		Nom	N
27003003	40	welcher	DET	PWAT					S		Acc	N
27003003	41	Nebukadnezar	PROPN	NE					S		Nom	
27003003	42	aufrichten	VERB	VVPP		Part						
27003003	43	haben	AUX	VAFIN		Fin	Past	3	S	Ind		
27003004	1	und	CCONJ	KON								
27003004	2	der	DET	ART					S		Nom	M
27003004	3	Herold	PROPN	NE					S		Nom	M
27003004	4	rufen	VERB	VVFIN		Fin	Past	3	S	Ind		
27003004	5	mit	ADP	APPR								
27003004	6	Macht	NOUN	NN					S		Nom	F
27003004	7	euch	PRON	PPER				2	P		Dat	
27003004	8	werden	AUX	VAFIN		Fin	Pres	3	S	Ind		
27003004	9	befohlen	VERB	VVPP		Part						
27003004	10	ihr	PRON	PPOSAT				3	S		Dat	F
27003004	11	Volk	NOUN	NN					P		Nom	N
27003004	12	Völkerschaft	NOUN	NN					P		Nom	F
27003004	13	und	CCONJ	KON								
27003004	14	Sprache	NOUN	NN					P		Nom	F
27003005	1	sobald	SCONJ	KOUS								
27003005	2	ihr	PRON	PPOSAT				3	S		Dat	F
27003005	3	der	DET	ART					S		Acc	M
27003005	4	Klang	NOUN	NN					S		Nom	M
27003005	5	der	DET	ART					S		Gen	M
27003005	6	Hornes	PROPN	NE					S		Nom	
27003005	7	der	DET	ART					S		Nom	M
27003005	8	Pfeife	NOUN	NN					S		Nom	F
27003005	9	der	DET	ART					S		Nom	M
27003005	10	Zither	ADV	ADJD	Cmp							
27003005	11	der	DET	ART					S		Nom	M
27003005	12	Sambuke	PROPN	NE					S		Nom	
27003005	13	der	DET	ART					S		Nom	M
27003005	14	Laut	NOUN	NN					P		Nom	
27003005	15	der	DET	ART					S		Nom	M
27003005	16	Sackpfeife	NOUN	NN					S		Nom	F
27003005	17	und	CCONJ	KON								
27003005	18	allerlei	DET	PIAT								
27003005	19	Art	NOUN	NN					S		Nom	F
27003005	20	von	ADP	APPR								
27003005	21	Musik	NOUN	NN					S		Nom	F
27003005	22	hören	VERB	VVFIN		Fin	Pres	3	S	Ind		
27003005	23	sollten	AUX	VMFIN		Fin	Pres	3	S	Ind		
27003005	24	ihr	PRON	PPOSAT				3	S		Dat	F
27003005	25	niederfallen	VERB	VVFIN		Inf						
27003005	26	und	CCONJ	KON								
27003005	27	der	DET	ART					S		Nom	N
27003005	28	golden	ADJ	ADJA	Pos				S		Nom	F
27003005	29	Bild	NOUN	NN					S		Nom	N
27003005	30	anbeten	VERB	VVFIN		Fin	Pres	3	P	Ind		
27003005	31	welcher	DET	PWAT					S		Acc	N
27003005	32	der	DET	ART					S		Nom	M
27003005	33	König	NOUN	NN					S		Nom	M
27003005	34	Nebukadnezar	PROPN	NE					S		Nom	
27003005	35	aufrichten	VERB	VVPP		Part						
27003005	36	haben	AUX	VAFIN		Fin	Pres	3	S	Ind		
27003006	1	und	CCONJ	KON								
27003006	2	wer	PRON	PWS					S		Nom	M
27003006	3	nicht	PART	PTKNEG								
27003006	4	niederfällt	VERB	VVPP		Part						
27003006	5	und	CCONJ	KON								
27003006	6	anbeten	VERB	VVFIN		Fin	Pres	3	S	Ind		
27003006	7	der	DET	ART					S		Nom	M
27003006	8	sollen	AUX	VMFIN		Fin	Pres	3	S	Ind		
27003006	9	sofort	ADV	ADV								
27003006	10	in	ADP	APPR								
27003006	11	der	DET	ART					S		Acc	M
27003006	12	brennend	ADJ	VVFIN	Pos				S		Dat	M
27003006	13	Feuerofen	NOUN	NN					P		Nom	M
27003006	14	werfen	VERB	VVPP		Part						
27003006	15	werden	AUX	VAFIN		Fin	Pres	3	P	Ind		
27003007	1	darum	ADV	PROAV								
27003007	2	sobald	ADV	KOUS								
27003007	3	aller	PRON	PIS					P		Nom	
27003007	4	Volk	NOUN	NN					P		Nom	N
27003007	5	der	DET	ART					S		Acc	M
27003007	6	Klang	NOUN	NN					S		Nom	M
27003007	7	der	DET	ART					S		Gen	M
27003007	8	Hornes	PROPN	NE					S		Nom	
27003007	9	der	DET	ART					S		Nom	M
27003007	10	Pfeife	NOUN	NN					S		Nom	F
27003007	11	der	DET	ART					S		Nom	M
27003007	12	Zither	ADV	ADJD	Cmp							
27003007	13	der	DET	ART					S		Nom	M
27003007	14	Sambuke	PROPN	NE					S		Nom	
27003007	15	der	DET	ART					S		Nom	M
27003007	16	Laut	NOUN	NN					P		Nom	
27003007	17	und	CCONJ	KON								
27003007	18	allerlei	DET	PIAT								
27003007	19	Art	NOUN	NN					S		Nom	F
27003007	20	von	ADP	APPR								
27003007	21	Musik	NOUN	NN					S		Nom	F
27003007	22	hören	VERB	VVFIN		Fin	Past	3	P	Ind		
27003007	23	fallen	VERB	VVFIN		Fin	Past	3	P	Ind		
27003007	24	aller	PRON	PIS					P		Nom	
27003007	25	Volk	NOUN	NN					P		Nom	N
27003007	26	Völkerschaft	NOUN	NN					P		Nom	F
27003007	27	und	CCONJ	KON								
27003007	28	Sprache	NOUN	NN					P		Nom	F
27003007	29	nieder	ADV	PTKVZ								
27003007	30	indem	SCONJ	KOUS								
27003007	31	sie	PRON	PPER				3	P		Nom	
27003007	32	der	DET	ART					S		Nom	N
27003007	33	golden	ADJ	ADJA	Pos				S		Nom	F
27003007	34	Bild	NOUN	NN					S		Nom	N
27003007	35	anbeteen	VERB	VVFIN		Fin	Past	3	P	Ind		
27003007	36	welcher	DET	PWAT					S		Acc	N
27003007	37	der	DET	ART					S		Nom	M
27003007	38	König	NOUN	NN					S		Nom	M
27003007	39	Nebukadnezar	PROPN	NE					S		Nom	
27003007	40	aufrichten	VERB	VVPP		Part						
27003007	41	haben	AUX	VAFIN		Fin	Past	3	S	Ind		
27003008	1	deswegen	ADV	PROAV								
27003008	2	treten	VERB	VVFIN		Fin	Past	3	P	Ind		
27003008	3	zu	ADP	APPRART					S		Dat	F
27003008	4	selber	PRON	PDS					P		Dat	
27003008	5	Zeit	NOUN	NN					S		Nom	F
27003008	6	chaldäisch	ADJ	ADJA	Pos				S		Nom	F
27003008	7	Mann	NOUN	NN					P		Nom	M
27003008	8	herzu	ADV	PTKVZ								
27003008	9	welcher	DET	PWAT					S		Nom	F
27003008	10	der	DET	ART					S		Nom	F
27003008	11	Jude	NOUN	NN					P		Nom	M
27003008	12	anzeign	VERB	VVFIN		Fin	Past	3	P	Ind		
27003009	1	sie	PRON	PPER				3	P		Nom	
27003009	2	heben	VERB	VVFIN		Fin	Past	3	P	Ind		
27003009	3	an	ADP	PTKVZ								
27003009	4	und	CCONJ	KON								
27003009	5	sprechen	VERB	VVFIN		Fin	Past	3	P	Ind		
27003009	6	zu	ADP	APPRART					S		Dat	N
27003009	7	König	NOUN	NN					S		Nom	M
27003009	8	Nebukadnezar	PROPN	NE					S		Nom	
27003009	9	O	PROPN	NE								
27003009	10	König	NOUN	NN					S		Nom	M
27003009	11	leben	VERB	VVFIN		Fin	Pres	3	S	Sub		
27003009	12	ewiglich	ADV	ADJD	Pos							
27003010	1	du	PRON	PPER				2	S		Nom	
27003010	2	o	PROPN	NE					S		Nom	
27003010	3	König	NOUN	NN					S		Nom	M
27003010	4	haben	AUX	VAFIN		Fin	Pres	2	S	Ind		
27003010	5	der	DET	ART					S		Acc	M
27003010	6	Befehl	NOUN	NN					S		Nom	M
27003010	7	geben	VERB	VVPP		Part						
27003010	8	daß	SCONJ	KOUS								
27003010	9	jedermann	PRON	PIS								
27003010	10	der	DET	ART					S		Nom	M
27003010	11	der	DET	ART					S		Acc	M
27003010	12	Klang	NOUN	NN					S		Nom	M
27003010	13	der	DET	ART					S		Gen	M
27003010	14	Hornes	PROPN	NE					S		Nom	
27003010	15	der	DET	ART					S		Nom	M
27003010	16	Pfeife	NOUN	NN					S		Nom	F
27003010	17	der	DET	ART					S		Nom	M
27003010	18	Zither	ADV	ADJD	Cmp							
27003010	19	der	DET	ART					S		Nom	M
27003010	20	Sambuke	PROPN	NE					S		Nom	
27003010	21	der	DET	ART					S		Nom	M
27003010	22	Laut	NOUN	NN					P		Nom	
27003010	23	und	CCONJ	KON								
27003010	24	der	DET	ART					S		Nom	M
27003010	25	Sackpfeife	NOUN	NN					S		Nom	F
27003010	26	und	CCONJ	KON								
27003010	27	allerlei	DET	PIAT								
27003010	28	Art	NOUN	NN					S		Nom	F
27003010	29	von	ADP	APPR								
27003010	30	Musik	NOUN	NN					S		Nom	F
27003010	31	hören	VERB	VVINF		Inf						
27003010	32	werden	AUX	VAFIN		Fin	Past	3	S	Sub		
27003010	33	niederfallen	VERB	VVFIN		Inf						
27003010	34	und	CCONJ	KON								
27003010	35	der	DET	ART					S		Nom	N
27003010	36	golden	ADJ	ADJA	Pos				S		Nom	F
27003010	37	Bild	NOUN	NN					S		Nom	N
27003010	38	anbeten	VERB	VVFIN		Fin	Pres	3	P	Ind		
27003010	39	sollen	AUX	VMFIN		Fin	Pres	3	S	Sub		
27003011	1	und	CCONJ	KON								
27003011	2	wer	PRON	PWS					S		Nom	M
27003011	3	nicht	PART	PTKNEG								
27003011	4	Niederfalle	PROPN	NE					S		Nom	
27003011	5	und	CCONJ	KON								
27003011	6	anben	VERB	NN		Fin	Pres	3	S	Sub		
27003011	7	der	DET	ART					S		Nom	M
27003011	8	sollen	AUX	VMFIN		Fin	Pres	3	S	Sub		
27003011	9	in	ADP	APPR								
27003011	10	der	DET	ART					S		Acc	M
27003011	11	brennend	ADJ	VVFIN	Pos				S		Dat	M
27003011	12	Feuerofen	NOUN	NN					P		Nom	M
27003011	13	werfen	VERB	VVPP		Part						
27003011	14	werden	AUX	VAFIN		Fin	Pres	3	P	Ind		
27003012	1	es	PRON	PPER				3	S		Nom	N
27003012	2	sein	AUX	VAFIN		Fin	Pres	3	P	Ind		
27003012	3	nun	ADV	ADV								
27003012	4	jüdisch	ADJ	ADJA	Pos				S		Nom	F
27003012	5	Mann	NOUN	NN					P		Nom	M
27003012	6	da	ADV	ADV								
27003012	7	welcher	DET	PWAT					S		Nom	F
27003012	8	du	PRON	PPER				2	S		Nom	
27003012	9	über	ADP	APPR								
27003012	10	der	DET	ART					S		Nom	F
27003012	11	Verwaltung	NOUN	NN					S		Nom	F
27003012	12	der	DET	ART					S		Nom	M
27003012	13	Landschaft	NOUN	NN					S		Nom	F
27003012	14	Babel	NOUN	NN					S		Nom	N
27003012	15	bestellen	VERB	VVPP		Part						
27003012	16	haben	AUX	VAFIN		Fin	Pres	2	S	Ind		
27003012	17	Sadrach	PROPN	NE					S		Nom	F
27003012	18	Mesach	PROPN	NE					S		Nom	
27003012	19	und	CCONJ	KON								
27003012	20	Abednego	NOUN	NN					S		Nom	M
27003012	21	dieser	DET	PDAT					S		Nom	F
27003012	22	Mann	NOUN	NN					P		Nom	M
27003012	23	o	PROPN	NE					S		Nom	
27003012	24	König	NOUN	NN					S		Nom	M
27003012	25	achten	VERB	VVINF		Inf						
27003012	26	nicht	PART	PTKNEG								
27003012	27	auf	ADP	PTKVZ								
27003012	28	dich	PRON	PPER				2	S		Acc	
27003012	29	dein	DET	PPOSAT					S		Acc	M
27003012	30	Götter	NOUN	NN					P		Dat	M
27003012	31	dienen	VERB	VVINF		Inf						
27003012	32	sie	PRON	PPER				3	P		Nom	
27003012	33	nicht	PART	PTKNEG								
27003012	34	und	CCONJ	KON								
27003012	35	der	DET	ART					S		Nom	N
27003012	36	golden	ADJ	ADJA	Pos				S		Nom	F
27003012	37	Bild	NOUN	NN					S		Nom	N
27003012	38	welcher	DET	PWAT					S		Acc	N
27003012	39	du	PRON	PPER				2	S		Nom	
27003012	40	aufrichten	VERB	VVPP		Part						
27003012	41	haben	AUX	VAFIN		Fin	Pres	2	S	Ind		
27003012	42	beten	VERB	VVFIN		Fin	Pres	3	P	Ind		
27003012	43	sie	PRON	PPER				3	P		Nom	
27003012	44	nicht	PART	PTKNEG								
27003012	45	an	ADP	PTKVZ								
27003013	1	da	SCONJ	KOUS								
27003013	2	befehlen	VERB	VVFIN		Fin	Past	3	S	Ind		
27003013	3	Nebukadnezar	PROPN	NE					S		Nom	
27003013	4	in	ADP	APPRART					S		Dat	N
27003013	5	Zorn	NOUN	NN					S		Nom	M
27003013	6	und	CCONJ	KON								
27003013	7	Grimm	PROPN	NE					S		Nom	M
27003013	8	Sadrach	PROPN	NE					S		Nom	F
27003013	9	Mesach	PROPN	NE					S		Nom	
27003013	10	und	CCONJ	KON								
27003013	11	Abednego	NOUN	NN					S		Nom	M
27003013	12	Herbeizubringen	NOUN	NN					P		Nom	M
27003013	13	da	SCONJ	KOUS								
27003013	14	werden	AUX	VAFIN		Fin	Past	3	P	Ind		
27003013	15	dieser	DET	PDAT					S		Nom	F
27003013	16	Mann	NOUN	NN					P		Nom	M
27003013	17	vor	ADP	APPR								
27003013	18	der	DET	ART					S		Acc	M
27003013	19	König	NOUN	NN					S		Nom	M
27003013	20	bringen	VERB	VVPP		Part						
27003014	1	Nebukadnezar	PROPN	NE					S		Nom	
27003014	2	heben	VERB	VVFIN		Fin	Past	3	S	Ind		
27003014	3	an	ADP	PTKVZ								
27003014	4	und	CCONJ	KON								
27003014	5	sprechen	VERB	VVFIN		Fin	Past	3	S	Ind		
27003014	6	zu	ADP	PTKVZ								
27003014	7	ihnen	PRON	PPER				3	P		Dat	
27003014	8	sein	AUX	VAFIN		Fin	Pres	3	S	Ind		
27003014	9	es	PRON	PPER				3	S		Nom	N
27003014	10	Absicht	NOUN	NN					S		Nom	F
27003014	11	Sadrach	PROPN	NE					S		Nom	F
27003014	12	Mesach	PROPN	NE					S		Nom	
27003014	13	und	CCONJ	KON								
27003014	14	Abednego	NOUN	NN					S		Nom	M
27003014	15	daß	SCONJ	KOUS								
27003014	16	ihr	PRON	PPOSAT				3	S		Dat	F
27003014	17	meinen	VERB	VVFIN		Fin	Pres	3	P	Ind		
27003014	18	Götter	NOUN	NN					P		Dat	M
27003014	19	nicht	PART	PTKNEG								
27003014	20	dienen	VERB	VVFIN		Fin	Pres	3	S	Ind		
27003014	21	und	CCONJ	KON								
27003014	22	der	DET	ART					S		Nom	N
27003014	23	golden	ADJ	ADJA	Pos				S		Nom	F
27003014	24	Bild	NOUN	NN					S		Nom	N
27003014	25	nicht	PART	PTKNEG								
27003014	26	anbeten	VERB	VVFIN		Fin	Pres	3	S	Ind		
27003014	27	welcher	DET	PWAT					S		Acc	N
27003014	28	ich	PRON	PPER				1	S		Nom	
27003014	29	aufrichten	VERB	VVPP		Part						
27003014	30	haben	AUX	VAFIN		Fin	Pres	3	S	Sub		
27003015	1	nun	ADV	ADV								
27003015	2	wenn	SCONJ	KOUS								
27003015	3	ihr	PRON	PPOSAT				3	S		Dat	F
27003015	4	bereit	ADV	ADJD	Pos							
27003015	5	sein	AUX	VAFIN		Fin	Pres	2	P	Ind		
27003015	6	zu	ADP	APPRART					S		Dat	F
27003015	7	Zeit	NOUN	NN					S		Nom	F
27003015	8	da	ADV	ADV								
27003015	9	ihr	PRON	PPOSAT				3	S		Dat	F
27003015	10	der	DET	ART					S		Acc	M
27003015	11	Klang	NOUN	NN					S		Nom	M
27003015	12	der	DET	ART					S		Gen	M
27003015	13	Hornes	PROPN	NE					S		Nom	
27003015	14	der	DET	ART					S		Nom	M
27003015	15	Pfeife	NOUN	NN					S		Nom	F
27003015	16	der	DET	ART					S		Nom	M
27003015	17	Zither	ADV	ADJD	Cmp							
27003015	18	der	DET	ART					S		Nom	M
27003015	19	Sambuke	PROPN	NE					S		Nom	
27003015	20	der	DET	ART					S		Nom	M
27003015	21	Laut	NOUN	NN					P		Nom	
27003015	22	und	CCONJ	KON								
27003015	23	der	DET	ART					S		Nom	M
27003015	24	Sackpfeife	NOUN	NN					S		Nom	F
27003015	25	und	CCONJ	KON								
27003015	26	allerlei	DET	PIAT								
27003015	27	Art	NOUN	NN					S		Nom	F
27003015	28	von	ADP	APPR								
27003015	29	Musik	NOUN	NN					S		Nom	F
27003015	30	hören	VERB	VVINF		Inf						
27003015	31	werden	AUX	VAFIN		Fin	Pres	3	S	Ind		
27003015	32	niederzufallen	NOUN	VVPP					P		Nom	F
27003015	33	und	CCONJ	KON								
27003015	34	der	DET	ART					S		Nom	N
27003015	35	Bild	NOUN	NN					S		Nom	N
27003015	36	anzubeten	VERB	VVIZU		Inf						
27003015	37	welcher	DET	PWAT					S		Acc	N
27003015	38	ich	PRON	PPER				1	S		Nom	
27003015	39	machen	VERB	VVPP		Part						
27003015	40	haben	AUX	VAFIN		Fin	Pres	3	S	Sub		
27003015	41	wenn	SCONJ	KOUS								
27003015	42	ihr	PRON	PPOSAT				3	S		Dat	F
27003015	43	es	PRON	PPER				3	S		Nom	N
27003015	44	aber	CCONJ	KON								
27003015	45	nicht	PART	PTKNEG								
27003015	46	anbeten	VERB	VVFIN		Fin	Pres	3	S	Ind		
27003015	47	sollten	AUX	VMFIN		Fin	Pres	3	S	Ind		
27003015	48	ihr	PRON	PPOSAT				3	S		Dat	F
27003015	49	sofort	ADV	ADV								
27003015	50	in	ADP	APPR								
27003015	51	der	DET	ART					S		Acc	M
27003015	52	brennend	ADJ	VVFIN	Pos				S		Dat	M
27003015	53	Feuerofen	NOUN	NN					P		Nom	M
27003015	54	werfen	VERB	VVPP		Part						
27003015	55	werden	AUX	VAFIN		Fin	Pres	3	P	Ind		
27003015	56	und	CCONJ	KON								
27003015	57	wer	PRON	PWS					S		Nom	M
27003015	58	sein	AUX	VAFIN		Fin	Pres	3	S	Ind		
27003015	59	der	DET	ART					S		Nom	M
27003015	60	Gott	NOUN	NN					S		Nom	M
27003015	61	der	DET	ART					S		Nom	M
27003015	62	euch	PRON	PPER				2	P		Dat	
27003015	63	aus	ADP	PTKVZ								
27003015	64	mein	DET	PPOSAT					S		Dat	F
27003015	65	Hand	NOUN	NN					S		Nom	F
27003015	66	erretten	VERB	VVINF		Inf						
27003015	67	werden	AUX	VAFIN		Fin	Pres	3	S	Ind		
27003016	1	Sadrach	PROPN	NE					S		Nom	F
27003016	2	Mesach	PROPN	NE					S		Nom	
27003016	3	und	CCONJ	KON								
27003016	4	Abednego	NOUN	NN					S		Nom	M
27003016	5	antworten	VERB	VVFIN		Fin	Past	3	P	Ind		
27003016	6	und	CCONJ	KON								
27003016	7	sprechen	VERB	VVFIN		Fin	Past	3	P	Ind		
27003016	8	zu	ADP	PTKVZ								
27003016	9	der	DET	ART					S		Dat	M
27003016	10	König	NOUN	NN					S		Nom	M
27003016	11	Nebukadnezar	PROPN	NE					S		Nom	
27003016	12	wir	PRON	PPER				1	P		Nom	
27003016	13	halten	VERB	VVINF		Fin	Pres	3	P	Ind		
27003016	14	es	PRON	PPER				3	S		Nom	N
27003016	15	nicht	PART	PTKNEG								
27003016	16	für	ADP	APPR								
27003016	17	nötig	ADV	ADJD	Pos							
27003016	18	dir	PRON	PPER				2	S		Dat	
27003016	19	ein	DET	ART					S		Nom	N
27003016	20	Wort	NOUN	NN					S		Nom	N
27003016	21	darauf	ADV	PROAV								
27003016	22	zu	ADP	PTKVZ								
27003016	23	erwidern	VERB	VVINF		Inf						
27003017	1	ob	SCONJ	KOUS								
27003017	2	unser	DET	PPOSAT					S		Nom	N
27003017	3	Gott	NOUN	NN					S		Nom	M
27003017	4	der	DET	ART					S		Dat	M
27003017	5	wir	PRON	PPER				1	P		Nom	
27003017	6	dienen	VERB	VVINF		Inf						
27003017	7	uns	PRON	PPER				1	P		Acc	
27003017	8	aus	ADP	PTKVZ								
27003017	9	der	DET	ART					S		Dat	M
27003017	10	brennend	ADJ	VVFIN	Pos				S		Dat	M
27003017	11	Feuerofen	NOUN	NN					P		Nom	M
27003017	12	zu	ADP	PTKVZ								
27003017	13	erretten	VERB	VVINF		Inf						
27003017	14	vermögen	VERB	VVFIN		Fin	Pres	3	S	Ind		
27003017	16	und	CCONJ	KON								
27003017	17	er	PRON	PPER				3	S		Nom	M
27003017	18	werden	AUX	VAFIN		Fin	Pres	3	S	Ind		
27003017	19	uns	PRON	PPER				1	P		Acc	
27003017	20	aus	ADP	PTKVZ								
27003017	21	dein	DET	PPOSAT					S		Dat	F
27003017	22	Hand	NOUN	NN					S		Nom	F
27003017	23	o	PROPN	NE					S		Nom	
27003017	24	König	NOUN	NN					S		Nom	M
27003017	25	erretten	VERB	VVINF		Inf						
27003018	1	oder	CCONJ	KON								
27003018	2	ob	SCONJ	KOUS								
27003018	3	nicht	PART	PTKNEG								
27003018	4	es	PRON	PPER				3	S		Nom	N
27003018	5	sein	AUX	VAFIN		Fin	Pres	3	S	Sub		
27003018	6	dir	PRON	PPER				2	S		Dat	
27003018	7	kund	ADV	PTKVZ								
27003018	8	o	PROPN	NE					S		Nom	
27003018	9	König	NOUN	NN					S		Nom	M
27003018	10	daß	SCONJ	KOUS								
27003018	11	wir	PRON	PPER				1	P		Nom	
27003018	12	dein	DET	PPOSAT					S		Acc	M
27003018	13	Götter	NOUN	NN					P		Dat	M
27003018	14	nicht	PART	PTKNEG								
27003018	15	dienen	VERB	VVINF		Inf						
27003018	16	und	CCONJ	KON								
27003018	17	der	DET	ART					S		Nom	N
27003018	18	golden	ADJ	ADJA	Pos				S		Nom	F
27003018	19	Bild	NOUN	NN					S		Nom	N
27003018	20	welcher	DET	PWAT					S		Acc	N
27003018	21	du	PRON	PPER				2	S		Nom	
27003018	22	aufrichten	VERB	VVPP		Part						
27003018	23	haben	AUX	VAFIN		Fin	Pres	2	S	Ind		
27003018	24	nicht	PART	PTKNEG								
27003018	25	anbeten	VERB	VVFIN		Fin	Pres	3	P	Ind		
27003018	26	werden	AUX	VAFIN		Fin	Pres	3	P	Ind		
27003019	1	da	SCONJ	KOUS								
27003019	2	werden	AUX	VAFIN		Fin	Past	3	S	Ind		
27003019	3	Nebukadnezar	PROPN	NE					S		Nom	
27003019	4	voll	ADV	ADJD	Pos							
27003019	5	Grimmes	NOUN	NN					S		Nom	N
27003019	6	und	CCONJ	KON								
27003019	7	der	DET	ART					S		Nom	N
27003019	8	Aussehen	NOUN	NN					S		Nom	N
27003019	9	sein	DET	PPOSAT					S		Gen	M
27003019	10	Antlitz	NOUN	NN					S		Gen	N
27003019	11	verändern	VERB	VVFIN		Fin	Past	3	S	Ind		
27003019	12	sich	PRON	PRF				3	S		Acc	
27003019	13	gegen	ADP	APPR								
27003019	14	Sadrach	PROPN	NE					S		Nom	F
27003019	15	Mesach	PROPN	NE					S		Nom	
27003019	16	und	CCONJ	KON								
27003019	17	Abednego	NOUN	NN					S		Nom	M
27003019	18	er	PRON	PPER				3	S		Nom	M
27003019	19	heben	VERB	VVFIN		Fin	Past	3	S	Ind		
27003019	20	an	ADP	PTKVZ								
27003019	21	und	CCONJ	KON								
27003019	22	befehlen	VERB	VVFIN		Fin	Past	3	S	Ind		
27003019	23	der	DET	ART					S		Acc	M
27003019	24	Ofen	NOUN	NN					S		Nom	M
27003019	25	siebenmal	ADV	ADV								
27003019	26	mehr	ADV	ADV								
27003019	27	zu	ADP	PTKVZ								
27003019	28	heizen	VERB	VVINF		Inf						
27003019	29	als	ADP	KOKOM								
27003019	30	zu	ADP	APPRART					S		Dat	F
27003019	31	Heizung	NOUN	NN					S		Nom	F
27003019	32	hinreichend	ADV	ADJD	Pos							
27003019	33	sein	AUX	VAFIN		Fin	Past	3	S	Ind		
27003020	1	und	CCONJ	KON								
27003020	2	er	PRON	PPER				3	S		Nom	M
27003020	3	befehlen	VERB	VVFIN		Fin	Past	3	S	Ind		
27003020	4	Mann	NOUN	NN					P		Dat	M
27003020	5	der	DET	ART					S		Acc	M
27003020	6	stark	ADV	ADJD	Sup							
27003020	7	Mann	NOUN	NN					P		Dat	M
27003020	8	in	ADP	APPR								
27003020	9	sein	DET	PPOSAT					S		Dat	M
27003020	10	Heer	NOUN	NN					P		Nom	M
27003020	11	Sadrach	PROPN	NE					S		Nom	F
27003020	12	Mesach	PROPN	NE					S		Nom	
27003020	13	und	CCONJ	KON								
27003020	14	Abednego	NOUN	NN					S		Nom	M
27003020	15	zu	ADP	PTKVZ								
27003020	16	binden	VERB	VVINF		Inf						
27003020	17	um	ADP	APPR								
27003020	18	sie	PRON	PPER				3	P		Nom	
27003020	19	in	ADP	APPR								
27003020	20	der	DET	ART					S		Acc	M
27003020	21	brennend	ADJ	VVFIN	Pos				S		Dat	M
27003020	22	Feuerofen	NOUN	NN					P		Nom	M
27003020	23	zu	ADP	PTKVZ								
27003020	24	werfen	VERB	VVINF		Inf						
27003021	1	da	SCONJ	KOUS								
27003021	2	werden	AUX	VAFIN		Fin	Past	3	P	Ind		
27003021	3	dieser	DET	PDAT					S		Nom	F
27003021	4	Mann	NOUN	NN					P		Nom	M
27003021	5	in	ADP	APPR								
27003021	6	ihr	DET	PPOSAT					S		Acc	M
27003021	7	Leibröcke	NOUN	NN					P		Nom	F
27003021	8	Oberröcke	NOUN	NN					P		Nom	F
27003021	9	und	CCONJ	KON								
27003021	10	Mantel	NOUN	NN					P		Dat	M
27003021	11	und	CCONJ	KON								
27003021	12	ihr	DET	PPOSAT					S		Acc	M
27003021	13	sonstig	ADJ	ADJA	Pos				S		Acc	M
27003021	14	Kleid	NOUN	NN					P		Dat	N
27003021	15	binden	VERB	VVPP		Part						
27003021	16	und	CCONJ	KON								
27003021	17	in	ADP	APPR								
27003021	18	der	DET	ART					S		Acc	M
27003021	19	brennend	ADJ	VVFIN	Pos				S		Dat	M
27003021	20	Feuerofen	NOUN	NN					P		Nom	M
27003021	21	werfen	VERB	VVPP		Part						
27003022	1	darum	ADV	PROAV								
27003022	2	weil	SCONJ	KOUS								
27003022	3	der	DET	ART					S		Nom	N
27003022	4	Wort	NOUN	NN					S		Nom	N
27003022	5	der	DET	ART					S		Gen	M
27003022	6	König	PROPN	NE					S		Nom	
27003022	7	streng	ADV	ADJD	Pos							
27003022	8	und	CCONJ	KON								
27003022	9	der	DET	ART					S		Nom	M
27003022	10	Ofen	NOUN	NN					S		Nom	M
27003022	11	außergewöhnlich	ADV	ADJD	Pos							
27003022	12	heizen	VERB	VVPP		Part						
27003022	13	sein	AUX	VAFIN		Fin	Past	3	S	Ind		
27003022	14	töten	VERB	VVFIN		Fin	Past	3	S	Ind		
27003022	15	der	DET	ART					S		Nom	F
27003022	16	Flamme	NOUN	NN					S		Nom	F
27003022	17	der	DET	ART					S		Gen	M
27003022	18	Feuer	NOUN	NN					S		Gen	N
27003022	19	jener	DET	PDAT					S		Nom	F
27003022	20	Mann	NOUN	NN					P		Nom	M
27003022	21	welcher	DET	PWAT					S		Nom	F
27003022	22	Sadrach	PROPN	NE					S		Nom	F
27003022	23	Mesach	PROPN	NE					S		Nom	
27003022	24	und	CCONJ	KON								
27003022	25	Abednego	NOUN	NN					S		Nom	M
27003022	26	hinaufbracht	NOUN	NN					P		Nom	F
27003023	1	und	CCONJ	KON								
27003023	2	dieser	DET	PDAT					S		Nom	F
27003023	3	drei	NUM	CARD								
27003023	4	Mann	NOUN	NN					P		Nom	M
27003023	5	Sadrach	PROPN	NE					S		Nom	F
27003023	6	Mesach	PROPN	NE					S		Nom	
27003023	7	und	CCONJ	KON								
27003023	8	Abednego	NOUN	NN					S		Nom	M
27003023	9	fallen	VERB	VVFIN		Fin	Past	3	P	Ind		
27003023	10	binden	VERB	VVPP		Part						
27003023	11	in	ADP	APPR								
27003023	12	der	DET	ART					S		Acc	M
27003023	13	brennend	ADJ	VVFIN	Pos				S		Dat	M
27003023	14	Feuerofen	NOUN	NN					P		Nom	M
27003024	1	da	SCONJ	KOUS								
27003024	2	erschrak	VERB	VVFIN		Fin	Past	3	S	Ind		
27003024	3	der	DET	ART					S		Nom	M
27003024	4	König	NOUN	NN					S		Nom	M
27003024	5	Nebukadnezar	PROPN	NE					S		Nom	
27003024	6	und	CCONJ	KON								
27003024	7	er	PRON	PPER				3	S		Nom	M
27003024	8	stehen	VERB	VVFIN		Fin	Past	3	S	Ind		
27003024	9	eilends	ADV	ADV								
27003024	10	auf	ADP	PTKVZ								
27003024	11	heben	VERB	VVFIN		Fin	Past	3	S	Ind		
27003024	12	an	ADP	PTKVZ								
27003024	13	und	CCONJ	KON								
27003024	14	sprechen	VERB	VVFIN		Fin	Past	3	S	Ind		
27003024	15	zu	ADP	PTKVZ								
27003024	16	sein	DET	PPOSAT					S		Acc	M
27003024	17	Rät	NOUN	NN					P		Dat	M
27003024	18	haben	AUX	VAFIN		Fin	Pres	3	P	Ind		
27003024	19	wir	PRON	PPER				1	P		Nom	
27003024	20	nicht	PART	PTKNEG								
27003024	21	drei	NUM	CARD								
27003024	22	Mann	NOUN	NN					P		Nom	M
27003024	23	binden	VERB	VVPP		Part						
27003024	24	in	ADP	APPRART					S		Acc	N
27003024	25	Feuer	NOUN	NN					S		Nom	N
27003024	26	werfen	VERB	VVPP		Part						
27003024	27	sie	PRON	PPER				3	P		Nom	
27003024	28	antworten	VERB	VVFIN		Fin	Past	3	P	Ind		
27003024	29	und	CCONJ	KON								
27003024	30	sprechen	VERB	VVFIN		Fin	Past	3	P	Ind		
27003024	31	zu	ADP	PTKVZ								
27003024	32	der	DET	ART					S		Dat	M
27003024	33	König	NOUN	NN					S		Nom	M
27003024	34	gewiß	ADV	ADV								
27003024	35	o	PROPN	NE					S		Nom	
27003024	36	König	NOUN	NN					S		Nom	M
27003025	1	er	PRON	PPER				3	S		Nom	M
27003025	2	antworten	VERB	VVFIN		Fin	Past	3	S	Ind		
27003025	3	und	CCONJ	KON								
27003025	4	sprechen	VERB	VVFIN		Fin	Past	3	S	Ind		
27003025	5	sehen	VERB	VVIMP				2	S	Imp		
27003025	6	ich	PRON	PPER				1	S		Nom	
27003025	7	sehen	VERB	VVFIN		Fin	Pres	3	S	Sub		
27003025	8	vier	NUM	CARD								
27003025	9	Mann	NOUN	NN					P		Nom	M
27003025	10	frei	ADV	ADJD	Pos							
27003025	11	wandeln	VERB	VVINF		Inf						
27003025	12	mitten	ADV	ADV								
27003025	13	in	ADP	APPRART					S		Dat	N
27003025	14	Feuer	NOUN	NN					S		Nom	N
27003025	15	und	CCONJ	KON								
27003025	16	kein	DET	PIAT					S		Nom	F
27003025	17	Verletzung	NOUN	NN					S		Nom	F
27003025	18	sein	AUX	VAFIN		Fin	Pres	3	S	Ind		
27003025	19	an	ADP	PTKVZ								
27003025	20	ihnen	PRON	PPER				3	P		Dat	
27003025	21	und	CCONJ	KON								
27003025	22	der	DET	ART					S		Nom	N
27003025	23	Aussehen	NOUN	NN					S		Nom	N
27003025	24	der	DET	ART					S		Gen	M
27003025	25	vierter	ADJ	ADJA	Pos				S		Acc	M
27003025	26	sein	AUX	VAFIN		Fin	Pres	3	S	Ind		
27003025	27	gleich	ADV	ADV	Pos							
27003025	28	ein	DET	ART					S		Dat	M
27003025	29	Sohn	NOUN	NN					S		Acc	M
27003025	30	der	DET	ART					S		Nom	M
27003025	31	Götter	NOUN	NN					P		Nom	M
27003026	1	da	SCONJ	KOUS								
27003026	2	treten	VERB	VVFIN		Fin	Past	3	S	Ind		
27003026	3	Nebukadnezar	PROPN	NE					S		Nom	
27003026	4	an	ADP	PTKVZ								
27003026	5	der	DET	ART					S		Nom	F
27003026	6	Öffnung	NOUN	NN					S		Nom	F
27003026	7	der	DET	ART					S		Gen	M
27003026	8	brennend	ADJ	VVFIN	Pos				S		Dat	M
27003026	9	Feuerofen	PROPN	NE					S		Gen	
27003026	10	heben	VERB	VVFIN		Fin	Past	3	S	Ind		
27003026	11	an	ADP	PTKVZ								
27003026	12	und	CCONJ	KON								
27003026	13	sprechen	VERB	VVFIN		Fin	Past	3	S	Ind		
27003026	14	Sadrach	PROPN	NE					S		Nom	F
27003026	15	Mesach	PROPN	NE					S		Nom	
27003026	16	und	CCONJ	KON								
27003026	17	Abednego	NOUN	NN					S		Nom	M
27003026	18	ihr	PRON	PPOSAT				3	S		Dat	F
27003026	19	Knecht	NOUN	NN					P		Nom	M
27003026	20	der	DET	ART					S		Gen	M
27003026	21	hoch	ADJ	ADJA	Sup				S		Acc	M
27003026	22	Gott	NOUN	NN					S		Gen	M
27003026	23	heen	VERB	VVPP		Part						
27003026	24	heraus	ADV	PTKVZ								
27003026	25	und	CCONJ	KON								
27003026	26	kommet	VERB	VVFIN		Fin	Pres	3	S	Sub		
27003026	27	her	ADV	ADV								
27003026	28	da	SCONJ	KOUS								
27003026	29	gehen	VERB	VVFIN		Fin	Past	3	P	Ind		
27003026	30	Sadrach	PROPN	NE					S		Nom	F
27003026	31	Mesach	PROPN	NE					S		Nom	
27003026	32	und	CCONJ	KON								
27003026	33	Abednego	NOUN	NN					S		Nom	M
27003026	34	aus	ADP	PTKVZ								
27003026	35	der	DET	ART					S		Dat	M
27003026	36	Feuer	NOUN	NN					S		Nom	N
27003026	37	heraus	ADV	PTKVZ								
27003027	1	und	CCONJ	KON								
27003027	2	es	PRON	PPER				3	S		Nom	N
27003027	3	versammeln	VERB	ADJA		Fin	Past	3	P	Ind		
27003027	4	sich	PRON	PRF				3	S		Acc	
27003027	5	der	DET	ART					S		Nom	F
27003027	6	Satrape	NOUN	NN					P		Nom	M
27003027	7	der	DET	ART					S		Nom	F
27003027	8	Statthalter	NOUN	NN					S		Nom	M
27003027	9	und	CCONJ	KON								
27003027	10	der	DET	ART					S		Nom	F
27003027	11	Landpfleger	NOUN	NN					P		Nom	M
27003027	12	und	CCONJ	KON								
27003027	13	der	DET	ART					S		Nom	F
27003027	14	Rät	NOUN	NN					P		Nom	M
27003027	15	der	DET	ART					S		Gen	M
27003027	16	König	PROPN	NE					S		Nom	
27003027	17	sie	PRON	PPER				3	P		Nom	
27003027	18	sehen	VERB	VVFIN		Fin	Past	3	P	Ind		
27003027	19	dieser	DET	PDAT					S		Nom	F
27003027	20	Mann	NOUN	NN					P		Nom	M
27003027	21	daß	SCONJ	KOUS								
27003027	22	der	DET	ART					S		Nom	N
27003027	23	Feuer	NOUN	NN					S		Nom	N
27003027	24	kein	DET	PIAT					S		Nom	F
27003027	25	Macht	NOUN	NN					S		Nom	F
27003027	26	über	ADP	APPR								
27003027	27	ihr	DET	PPOSAT					S		Nom	F
27003027	28	Leiber	NOUN	NN					P		Nom	M
27003027	29	haben	VERB	VAPP		Part						
27003027	30	haben	AUX	VAFIN		Fin	Past	3	S	Ind		
27003027	31	der	DET	ART					S		Nom	N
27003027	32	Haar	NOUN	NN					S		Nom	N
27003027	33	ihr	DET	PPOSAT					S		Gen	M
27003027	34	Hauptes	X	FM								
27003027	35	sein	AUX	VAFIN		Fin	Past	3	S	Ind		
27003027	36	nicht	PART	PTKNEG								
27003027	37	versengen	VERB	VVPP		Part						
27003027	38	und	CCONJ	KON								
27003027	39	ihr	DET	PPOSAT					S		Nom	F
27003027	40	Leibröcke	PROPN	NE					S		Nom	
27003027	41	sein	AUX	VAFIN		Fin	Past	3	P	Ind		
27003027	42	nicht	PART	PTKNEG								
27003027	43	verändern	VERB	VVPP		Part						
27003027	44	und	CCONJ	KON								
27003027	45	der	DET	ART					S		Nom	M
27003027	46	Geruch	NOUN	NN					S		Nom	M
27003027	47	der	DET	ART					S		Gen	M
27003027	48	Feuer	NOUN	NN					S		Gen	N
27003027	49	sein	AUX	VAFIN		Fin	Past	3	S	Ind		
27003027	50	nicht	PART	PTKNEG								
27003027	51	an	ADP	PTKVZ								
27003027	52	sie	PRON	PPER				3	P		Nom	
27003027	53	kommen	VERB	VVPP		Part						
27003028	1	Nebukadnezar	PROPN	NE					S		Nom	
27003028	2	heben	VERB	VVFIN		Fin	Past	3	S	Ind		
27003028	3	an	ADP	PTKVZ								
27003028	4	und	CCONJ	KON								
27003028	5	sprechen	VERB	VVFIN		Fin	Past	3	S	Ind		
27003028	6	Gepriesen	ADV	ADJD	Pos							
27003028	7	sein	AUX	VAFIN		Fin	Pres	3	S	Sub		
27003028	8	der	DET	ART					S		Nom	M
27003028	9	Gott	NOUN	NN					S		Nom	M
27003028	10	Sadrach	PROPN	NE					S		Gen	
27003028	11	Mesach	PROPN	NE					S		Nom	
27003028	12	und	CCONJ	KON								
27003028	13	Abednegos	NOUN	NN					S		Nom	N
27003028	14	der	DET	ART					S		Nom	M
27003028	15	sein	DET	PPOSAT					S		Acc	M
27003028	16	Engel	NOUN	NN					S		Nom	M
27003028	17	gesandt	VERB	VVPP		Part						
27003028	18	und	CCONJ	KON								
27003028	19	sein	DET	PPOSAT					S		Nom	F
27003028	20	Knecht	NOUN	NN					P		Nom	M
27003028	21	erretten	VERB	VVPP		Part						
27003028	22	haben	AUX	VAFIN		Fin	Pres	3	S	Ind		
27003028	23	der	DET	ART					S		Nom	F
27003028	24	auf	ADP	PTKVZ								
27003028	25	ihn	PRON	PPER				3	S		Acc	M
27003028	26	vertraut	ADJ	ADJA	Pos				S		Gen	M
27003028	27	und	CCONJ	KON								
27003028	28	der	DET	ART					S		Nom	N
27003028	29	Wort	NOUN	NN					S		Nom	N
27003028	30	der	DET	ART					S		Gen	M
27003028	31	König	PROPN	NE					S		Nom	
27003028	32	übertraen	VERB	VVFIN		Fin	Past	3	P	Ind		
27003028	33	und	CCONJ	KON								
27003028	34	ihr	DET	PPOSAT					S		Nom	F
27003028	35	Leiber	NOUN	NN					P		Nom	M
27003028	36	Dahingaben	VERB	VVFIN		Inf						
27003028	37	um	ADP	APPR								
27003028	38	kein	DET	PIS					S		Dat	M
27003028	39	Gott	NOUN	NN					S		Nom	M
27003028	40	zu	ADP	PTKVZ								
27003028	41	dienen	VERB	VVINF		Inf						
27003028	42	noch	CCONJ	KON								
27003028	43	ihn	PRON	PPER				3	S		Acc	M
27003028	44	anzubeten	VERB	VVIZU		Inf						
27003028	45	als	ADP	KOKOM								
27003028	46	nur	ADV	ADV								
27003028	47	ihr	DET	PPOSAT					S		Dat	N
27003028	48	Gott	NOUN	NN					S		Nom	M
27003029	1	und	CCONJ	KON								
27003029	2	von	ADP	APPR								
27003029	3	mir	PRON	PPER				1	S		Dat	
27003029	4	werden	AUX	VAFIN		Fin	Pres	3	S	Ind		
27003029	5	Befehl	NOUN	NN					S		Nom	M
27003029	6	geben	VERB	VVPP		Part						
27003029	7	daß	SCONJ	KOUS								
27003029	8	jeder	DET	PIAT					S		Nom	N
27003029	9	Volk	NOUN	NN					S		Nom	N
27003029	10	jeder	DET	PIAT					S		Nom	F
27003029	11	Völkerschaft	NOUN	NN					S		Nom	F
27003029	12	und	CCONJ	KON								
27003029	13	Sprache	NOUN	NN					S		Nom	F
27003029	15	wer	PRON	PWS					S		Nom	M
27003029	16	unrechte	NOUN	NN					S		Nom	N
27003029	17	sprechen	VERB	VVFIN		Fin	Pres	3	S	Ind		
27003029	18	wider	ADP	PTKVZ								
27003029	19	der	DET	ART					S		Acc	M
27003029	20	Gott	NOUN	NN					S		Nom	M
27003029	21	Sadrach	PROPN	NE					S		Gen	
27003029	22	Mesach	PROPN	NE					S		Nom	
27003029	23	und	CCONJ	KON								
27003029	24	Abednegos	NOUN	NN					S		Nom	N
27003029	25	in	ADP	APPR								
27003029	26	Stück	NOUN	NN					P		Nom	N
27003029	27	zerhauen	VERB	VVINF		Inf						
27003029	28	und	CCONJ	KON								
27003029	29	daß	SCONJ	KOUS								
27003029	30	sein	AUX	VAINF		Inf						
27003029	31	Haus	NOUN	NN					S		Nom	N
27003029	32	zu	ADP	PTKVZ								
27003029	33	ein	PRON	ART					S		Nom	M
27003029	34	Kotstätte	PROPN	NE					S		Nom	
27003029	35	machen	VERB	VVPP		Part						
27003029	36	werden	AUX	VAFIN		Fin	Pres	3	S	Sub		
27003029	37	weil	SCONJ	KOUS								
27003029	38	es	PRON	PPER				3	S		Nom	N
27003029	39	kein	PRON	PIS					S		Acc	M
27003029	40	anderer	PRON	PIS					P		Dat	
27003029	41	Gott	NOUN	NN					S		Nom	M
27003029	42	geben	VERB	VVFIN		Fin	Pres	3	S	Ind		
27003029	43	der	DET	ART					S		Nom	M
27003029	44	auf	ADP	PTKVZ								
27003029	45	solcher	DET	PIS					S		Nom	F
27003029	46	Weise	NOUN	NN					S		Nom	F
27003029	47	zu	ADP	PTKVZ								
27003029	48	erretten	VERB	VVINF		Inf						
27003029	49	vermögen	VERB	VVFIN		Fin	Pres	3	S	Ind		
27003030	1	alsdann	ADV	ADV								
27003030	2	befördern	VERB	VVFIN		Fin	Past	3	S	Ind		
27003030	3	der	DET	ART					S		Nom	M
27003030	4	König	NOUN	NN					S		Nom	M
27003030	5	Sadrach	PROPN	NE					S		Nom	F
27003030	6	Mesach	PROPN	NE					S		Nom	
27003030	7	und	CCONJ	KON								
27003030	8	Abednego	NOUN	NN					S		Nom	M
27003030	9	in	ADP	APPR								
27003030	10	der	DET	ART					S		Nom	M
27003030	11	Landschaft	NOUN	NN					S		Nom	F
27003030	12	Babel	NOUN	NN					S		Nom	N
27003031	1	Nebukadnezar	PROPN	NE					S		Nom	
27003031	2	der	DET	ART					S		Nom	M
27003031	3	König	NOUN	NN					S		Nom	M
27003031	4	aller	DET	PIS					P		Dat	
27003031	5	Volk	NOUN	NN					P		Dat	N
27003031	6	Völkerschaft	NOUN	NN					P		Nom	F
27003031	7	und	CCONJ	KON								
27003031	8	Sprache	NOUN	NN					P		Nom	F
27003031	9	der	DET	ART					S		Nom	F
27003031	10	auf	ADP	PTKVZ								
27003031	11	der	DET	ART					S		Nom	M
27003031	12	ganz	PRON	ADJA					S		Nom	M
27003031	13	Erde	NOUN	NN					S		Nom	F
27003031	14	wohnen	VERB	VVINF		Inf						
27003031	15	Friede	NOUN	NN					S		Nom	M
27003031	16	euch	PRON	PPER				2	P		Dat	
27003031	17	in	ADP	APPR								
27003031	18	Fülle	NOUN	NN					S		Nom	F
27003032	1	es	PRON	PPER				3	S		Nom	N
27003032	2	haben	AUX	VAFIN		Fin	Pres	3	S	Ind		
27003032	3	mir	PRON	PPER				1	S		Dat	
27003032	4	fallen	VERB	VVPP		Part						
27003032	5	der	DET	ART					S		Nom	F
27003032	6	Zeichen	NOUN	NN					P		Nom	N
27003032	7	und	CCONJ	KON								
27003032	8	Wunder	NOUN	NN					S		Nom	N
27003032	9	kundzutun	VERB	VVIZU		Inf						
27003032	10	welcher	DET	PWAT					S		Nom	F
27003032	11	der	DET	ART					S		Nom	M
27003032	12	hoch	ADJ	ADJA	Sup				S		Nom	F
27003032	13	Gott	NOUN	NN					S		Nom	M
27003032	14	an	ADP	PTKVZ								
27003032	15	mir	PRON	PPER				1	S		Dat	
27003032	16	tun	VERB	VVPP		Part						
27003032	17	haben	AUX	VAFIN		Fin	Pres	3	S	Ind		
27003033	1	wie	ADV	PWAV								
27003033	2	groß	ADV	ADJD	Pos							
27003033	3	sein	AUX	VAFIN		Fin	Pres	3	P	Ind		
27003033	4	sein	DET	PPOSAT					S		Nom	F
27003033	5	Zeichen	NOUN	NN					P		Nom	N
27003033	6	und	CCONJ	KON								
27003033	7	wie	ADP	KOKOM								
27003033	8	mächtig	ADV	ADJD	Pos							
27003033	9	sein	DET	PPOSAT					S		Nom	F
27003033	10	Wunder	NOUN	NN					S		Nom	N
27003033	11	sein	DET	PPOSAT					S		Nom	N
27003033	12	Reich	NOUN	NE					S		Nom	N
27003033	13	sein	AUX	VAFIN		Fin	Pres	3	S	Ind		
27003033	14	ein	DET	ART					S		Nom	N
27003033	15	ewig	ADJ	ADJA	Pos				S		Nom	N
27003033	16	Reich	NOUN	NE					S		Nom	N
27003033	17	und	CCONJ	KON								
27003033	18	sein	DET	PPOSAT					S		Nom	F
27003033	19	Herrschaft	NOUN	NN					S		Nom	F
27003033	20	währen	VERB	VVFIN		Fin	Pres	3	S	Ind		
27003033	21	von	ADP	APPR								
27003033	22	Geschlecht	NOUN	NN					S		Nom	N
27003033	23	zu	ADP	PTKVZ								
27003033	24	Geschlecht	NOUN	NN					S		Nom	N
27004001	1	ich	PRON	PPER				1	S		Nom	
27004001	2	Nebukadnezar	PROPN	NE					S		Nom	
27004001	3	sein	AUX	VAFIN		Fin	Past	3	S	Ind		
27004001	4	ruhig	ADV	ADJD	Pos							
27004001	5	in	ADP	APPR								
27004001	6	mein	DET	PPOSAT					S		Dat	M
27004001	7	Haus	NOUN	NN					P		Nom	N
27004001	8	und	CCONJ	KON								
27004001	9	haben	AUX	VAFIN		Fin	Past	3	S	Ind		
27004001	10	gedeihen	NOUN	VVFIN					S		Nom	N
27004001	11	in	ADP	APPR								
27004001	12	mein	DET	PPOSAT					S		Dat	M
27004001	13	Palaste	NOUN	NN					S		Nom	M
27004002	1	ich	PRON	PPER				1	S		Nom	
27004002	2	sehen	VERB	VVFIN		Fin	Past	3	S	Ind		
27004002	3	ein	DET	ART					S		Acc	M
27004002	4	Traum	NOUN	NN					S		Nom	M
27004002	5	er	PRON	PPER				3	S		Nom	M
27004002	6	erschrecken	VERB	VVFIN		Fin	Past	3	S	Ind		
27004002	7	mich	PRON	PPER				1	S		Acc	
27004002	8	und	CCONJ	KON								
27004002	9	Gedanke	NOUN	NN					P		Nom	M
27004002	10	auf	ADP	PTKVZ								
27004002	11	mein	DET	PPOSAT					S		Dat	M
27004002	12	Lager	NOUN	NN					S		Nom	N
27004002	13	und	CCONJ	KON								
27004002	14	Gesicht	NOUN	NN					P		Nom	N
27004002	15	meiner	DET	PPOSAT					S		Gen	N
27004002	16	Hauptes	X	FM								
27004002	17	ängstigen	VERB	VVFIN		Fin	Past	3	P	Ind		
27004002	18	mich	PRON	PPER				1	S		Acc	
27004003	1	und	CCONJ	KON								
27004003	2	von	ADP	APPR								
27004003	3	mir	PRON	PPER				1	S		Dat	
27004003	4	werden	AUX	VAFIN		Fin	Past	3	S	Ind		
27004003	5	Befehl	NOUN	NN					S		Nom	M
27004003	6	geben	VERB	VVPP		Part						
27004003	7	aller	PRON	PIS					P		Nom	
27004003	8	weise	NOUN	NN					P		Nom	
27004003	9	von	ADP	APPR								
27004003	10	Babel	NOUN	NN					S		Nom	N
27004003	11	vor	ADP	APPR								
27004003	12	mich	PRON	PPER				1	S		Acc	
27004003	13	zu	ADP	PTKVZ								
27004003	14	führen	VERB	VVINF		Inf						
27004003	15	auf	ADP	PTKVZ								
27004003	16	daß	SCONJ	KOUS								
27004003	17	sie	PRON	PPER				3	P		Nom	
27004003	18	mir	PRON	PPER				1	S		Dat	
27004003	19	der	DET	ART					S		Nom	F
27004003	20	Deutung	NOUN	NN					S		Nom	F
27004003	21	der	DET	ART					S		Gen	M
27004003	22	Traume	NOUN	NN					S		Gen	M
27004003	23	Kundtät	NOUN	NN					P		Nom	M
27004004	1	alsdann	ADV	ADV								
27004004	2	kommen	VERB	VVFIN		Fin	Past	3	P	Ind		
27004004	3	der	DET	ART					S		Nom	F
27004004	4	Schriftgelehrt	NOUN	NN					P		Nom	F
27004004	5	der	DET	ART					S		Nom	F
27004004	6	Beschwörer	NOUN	NN					P		Nom	M
27004004	7	der	DET	ART					S		Nom	F
27004004	8	Chaldäer	NOUN	NE					S		Nom	M
27004004	9	und	CCONJ	KON								
27004004	10	der	DET	ART					S		Nom	F
27004004	11	Wahrsager	NOUN	NN					S		Nom	M
27004004	12	herbei	ADV	PTKVZ								
27004004	13	und	CCONJ	KON								
27004004	14	ich	PRON	PPER				1	S		Nom	
27004004	15	tragen	VERB	VVFIN		Fin	Past	3	S	Ind		
27004004	16	ihnen	PRON	PPER				3	P		Dat	
27004004	17	der	DET	ART					S		Acc	M
27004004	18	Traum	NOUN	NN					S		Nom	M
27004004	19	vor	ADP	APPR								
27004004	20	aber	CCONJ	KON								
27004004	21	sie	PRON	PPER				3	P		Nom	
27004004	22	tun	VERB	VVFIN		Fin	Past	3	P	Ind		
27004004	23	mir	PRON	PPER				1	S		Dat	
27004004	24	sein	DET	PPOSAT					S		Nom	F
27004004	25	Deutung	NOUN	NN					S		Nom	F
27004004	26	nicht	PART	PTKNEG								
27004004	27	kund	ADV	PTKVZ								
27004005	1	und	CCONJ	KON								
27004005	2	zuletzt	ADV	ADV								
27004005	3	treten	VERB	VVFIN		Fin	Past	3	S	Ind		
27004005	4	vor	ADP	APPR								
27004005	5	mich	PRON	PPER				1	S		Acc	
27004005	6	Daniel	PROPN	NE					S		Nom	M
27004005	7	der	PRON	PDS					S		Gen	
27004005	8	Name	NOUN	NN					S		Nom	M
27004005	9	Beltsazar	NOUN	NN					S		Nom	M
27004005	10	sein	AUX	VAFIN		Fin	Pres	3	S	Ind		
27004005	11	nach	ADP	APPR								
27004005	12	der	DET	ART					S		Dat	M
27004005	13	Name	NOUN	NN					P		Nom	M
27004005	14	meiner	DET	PPOSAT					S		Gen	N
27004005	15	Gott	NOUN	NN					S		Gen	M
27004005	16	und	CCONJ	KON								
27004005	17	in	ADP	APPR								
27004005	18	welcher	DET	PWAT					S		Dat	N
27004005	19	der	DET	ART					S		Nom	M
27004005	20	Geist	NOUN	NN					S		Nom	M
27004005	21	der	DET	ART					S		Nom	M
27004005	22	heilig	ADJ	ADJA	Pos				S		Acc	M
27004005	23	Götter	NOUN	NN					P		Nom	M
27004005	24	sein	AUX	VAFIN		Fin	Pres	3	S	Ind		
27004005	25	und	CCONJ	KON								
27004005	26	ich	PRON	PPER				1	S		Nom	
27004005	27	tragen	VERB	VVFIN		Fin	Past	3	S	Ind		
27004005	28	ihm	PRON	PPER				3	S		Dat	M
27004005	29	der	DET	ART					S		Acc	M
27004005	30	Traum	NOUN	NN					S		Nom	M
27004005	31	vor	ADP	APPR								
27004006	1	Beltsazar	NOUN	NN					S		Nom	M
27004006	2	du	PRON	PPER				2	S		Nom	
27004006	3	Oberster	NOUN	NN					S		Nom	M
27004006	4	der	DET	ART					S		Nom	M
27004006	5	Schriftgelehrt	NOUN	NN					P		Nom	F
27004006	6	da	ADV	ADV								
27004006	7	ich	PRON	PPER				1	S		Nom	
27004006	8	wissen	VERB	VVFIN		Fin	Pres	3	S	Ind		
27004006	9	daß	SCONJ	KOUS								
27004006	10	der	DET	ART					S		Nom	M
27004006	11	Geist	NOUN	NN					S		Nom	M
27004006	12	der	DET	ART					S		Nom	M
27004006	13	heilig	ADJ	ADJA	Pos				S		Acc	M
27004006	14	Götter	NOUN	NN					P		Nom	M
27004006	15	in	ADP	APPR								
27004006	16	dir	PRON	PPER				2	S		Dat	
27004006	17	sein	AUX	VAFIN		Fin	Pres	3	S	Ind		
27004006	18	und	CCONJ	KON								
27004006	19	daß	SCONJ	KOUS								
27004006	20	kein	DET	PIAT					S		Nom	N
27004006	21	Geheimnis	NOUN	NN					S		Nom	N
27004006	22	dir	PRON	PPER				2	S		Dat	
27004006	23	zu	ADP	PTKVZ								
27004006	24	schwer	ADV	ADJD	Pos							
27004006	25	sein	AUX	VAFIN		Fin	Pres	3	S	Ind		
27004006	26	so	ADV	ADV								
27004006	27	sagen	VERB	VVFIN		Fin	Pres	3	S	Sub		
27004006	28	mir	PRON	PPER				1	S		Dat	
27004006	29	der	DET	ART					S		Nom	F
27004006	30	Gesicht	NOUN	NN					P		Nom	N
27004006	31	meiner	DET	PPOSAT					S		Gen	N
27004006	32	Traume	NOUN	NN					S		Gen	M
27004006	33	der	DET	ART					S		Acc	M
27004006	34	ich	PRON	PPER				1	S		Nom	
27004006	35	sehen	VERB	VVPP		Part						
27004006	36	haben	AUX	VAFIN		Fin	Pres	3	S	Sub		
27004006	37	und	CCONJ	KON								
27004006	38	sein	DET	PPOSAT					S		Nom	F
27004006	39	Deutung	NOUN	NN					S		Nom	F
27004007	1	was	PRON	PWS					S		Nom	N
27004007	2	nun	ADV	ADV								
27004007	3	der	DET	ART					S		Nom	F
27004007	4	Gesicht	NOUN	NN					P		Nom	N
27004007	5	meiner	DET	PPOSAT					S		Gen	N
27004007	6	Hauptes	X	FM								
27004007	7	auf	ADP	PTKVZ								
27004007	8	mein	DET	PPOSAT					S		Dat	M
27004007	9	Lager	NOUN	NN					S		Nom	N
27004007	10	betreffen	VERB	VVFIN		Fin	Pres	3	S	Ind		
27004007	11	so	ADV	ADV								
27004007	12	sehen	VERB	VVFIN		Fin	Past	3	S	Ind		
27004007	13	ich	PRON	PPER				1	S		Nom	
27004007	14	und	CCONJ	KON								
27004007	15	sehen	VERB	VVIMP				2	S	Imp		
27004007	16	ein	DET	ART					S		Nom	N
27004007	17	Baum	NOUN	NN					S		Nom	M
27004007	18	stehen	VERB	VVFIN		Fin	Past	3	S	Ind		
27004007	19	mitten	ADV	ADV								
27004007	20	auf	ADP	PTKVZ								
27004007	21	der	DET	ART					S		Nom	M
27004007	22	Erde	NOUN	NN					S		Nom	F
27004007	23	und	CCONJ	KON								
27004007	24	sein	DET	PPOSAT					S		Nom	F
27004007	25	Höhe	NOUN	NN					S		Nom	F
27004007	26	sein	AUX	VAFIN		Fin	Past	3	S	Ind		
27004007	27	gewaltig	ADV	ADJD	Pos							
27004008	1	der	DET	ART					S		Nom	M
27004008	2	Baum	NOUN	NN					S		Nom	M
27004008	3	werden	AUX	VAFIN		Fin	Past	3	S	Ind		
27004008	4	groß	ADV	ADJD	Pos							
27004008	5	und	CCONJ	KON								
27004008	6	stark	ADV	ADJD	Pos							
27004008	7	und	CCONJ	KON								
27004008	8	sein	DET	PPOSAT					S		Nom	F
27004008	9	Höhe	NOUN	NN					S		Nom	F
27004008	10	reichen	VERB	VVFIN		Fin	Past	3	S	Ind		
27004008	11	bis	CCONJ	KON								
27004008	12	an	ADP	PTKVZ								
27004008	13	der	DET	ART					S		Acc	M
27004008	14	Himmel	NOUN	NN					S		Nom	M
27004008	15	und	CCONJ	KON								
27004008	16	er	PRON	PPER				3	S		Nom	M
27004008	17	werden	AUX	VAFIN		Fin	Past	3	S	Ind		
27004008	18	sehen	VERB	VVPP		Part						
27004008	19	bis	CCONJ	KON								
27004008	20	an	ADP	PTKVZ								
27004008	21	der	DET	ART					S		Nom	N
27004008	22	Ende	NOUN	NN					S		Nom	N
27004008	23	der	DET	ART					S		Nom	M
27004008	24	ganz	PRON	ADJA					S		Nom	M
27004008	25	Erde	NOUN	NN					S		Nom	F
27004009	1	sein	AUX	VAINF		Inf						
27004009	2	Laub	NOUN	NN					S		Nom	N
27004009	3	sein	AUX	VAFIN		Fin	Past	3	S	Ind		
27004009	4	schön	ADV	ADJD	Pos							
27004009	5	und	CCONJ	KON								
27004009	6	sein	DET	PPOSAT					S		Nom	F
27004009	7	Frucht	NOUN	NN					S		Nom	F
27004009	8	zahlreich	ADV	ADJD	Pos							
27004009	9	und	CCONJ	KON								
27004009	10	es	PRON	PPER				3	S		Nom	N
27004009	11	sein	AUX	VAFIN		Fin	Past	3	S	Ind		
27004009	12	Nahrung	NOUN	NN					S		Nom	F
27004009	13	an	ADP	PTKVZ								
27004009	14	ihm	PRON	PPER				3	S		Dat	M
27004009	15	für	ADP	APPR								
27004009	16	aller	PRON	PIS					P		Nom	
27004009	17	der	DET	ART					S		Nom	F
27004009	18	Tier	NOUN	NN					P		Nom	N
27004009	19	der	DET	ART					S		Gen	M
27004009	20	Felde	NOUN	NE					S		Nom	N
27004009	21	finden	VERB	VVFIN		Fin	Past	3	P	Ind		
27004009	22	Schatten	NOUN	NN					S		Nom	M
27004009	23	unter	ADP	APPR								
27004009	24	ihm	PRON	PPER				3	S		Dat	M
27004009	25	und	CCONJ	KON								
27004009	26	der	DET	ART					S		Nom	F
27004009	27	Vogel	NOUN	NN					P		Nom	M
27004009	28	der	DET	ART					S		Gen	M
27004009	29	Himmel	NOUN	NN					S		Gen	M
27004009	30	wohnen	VERB	VVFIN		Fin	Past	3	P	Ind		
27004009	31	in	ADP	APPR								
27004009	32	sein	DET	PPOSAT					S		Acc	M
27004009	33	Zweig	NOUN	NN					P		Dat	M
27004009	34	und	CCONJ	KON								
27004009	35	alle	PRON	PIS					S		Nom	N
27004009	36	Fleisch	NOUN	NN					S		Nom	N
27004009	37	nähren	VERB	VVFIN		Fin	Past	3	S	Ind		
27004009	38	sich	PRON	PRF				3	S		Acc	
27004009	39	von	ADP	APPR								
27004009	40	ihm	PRON	PPER				3	S		Dat	M
27004010	1	ich	PRON	PPER				1	S		Nom	
27004010	2	schauen	VERB	VVFIN		Fin	Past	3	S	Ind		
27004010	3	in	ADP	APPR								
27004010	4	der	DET	ART					S		Acc	M
27004010	5	Gesichte	NOUN	NN					P		Nom	
27004010	6	meiner	DET	PPOSAT					S		Gen	N
27004010	7	Hauptes	X	FM								
27004010	8	auf	ADP	PTKVZ								
27004010	9	mein	DET	PPOSAT					S		Dat	M
27004010	10	Lager	NOUN	NN					S		Nom	N
27004010	11	und	CCONJ	KON								
27004010	12	sehen	VERB	VVIMP				2	S	Imp		
27004010	13	ein	DET	ART					S		Nom	N
27004010	14	Wächter	PROPN	NE					S		Nom	M
27004010	15	und	CCONJ	KON								
27004010	16	heiliger	NOUN	NN					S		Nom	M
27004010	17	steigen	VERB	VVFIN		Fin	Past	3	S	Ind		
27004010	18	von	ADP	APPRART					S		Dat	N
27004010	19	Himmel	NOUN	NN					S		Nom	M
27004010	20	Hernieder	NOUN	NN					S		Nom	N
27004011	1	er	PRON	PPER				3	S		Nom	M
27004011	2	rufen	VERB	VVFIN		Fin	Past	3	S	Ind		
27004011	3	mit	ADP	APPR								
27004011	4	Macht	NOUN	NN					S		Nom	F
27004011	5	und	CCONJ	KON								
27004011	6	sprechen	VERB	VVFIN		Fin	Past	3	S	Ind		
27004011	7	also	ADV	ADV								
27004011	8	Hauet	PROPN	NE					S		Nom	
27004011	9	der	DET	ART					S		Acc	M
27004011	10	Baum	NOUN	NN					S		Nom	M
27004011	11	um	ADP	APPR								
27004011	12	und	CCONJ	KON								
27004011	13	schneiden	VERB	VVFIN		Fin	Pres	3	S	Ind		
27004011	14	sein	DET	PPOSAT					S		Nom	F
27004011	15	Zweig	NOUN	NN					P		Nom	M
27004011	16	Weg	ADV	PTKVZ								
27004011	17	Streifet	X	NN								
27004011	18	sein	AUX	VAINF		Inf						
27004011	19	Laub	NOUN	NN					S		Nom	N
27004011	20	ab	ADP	PTKVZ								
27004011	21	und	CCONJ	KON								
27004011	22	Streuet	PROPN	NE					S		Nom	N
27004011	23	sein	DET	PPOSAT					S		Nom	F
27004011	24	Frucht	NOUN	NN					S		Nom	F
27004011	25	umher	ADP	PTKVZ								
27004011	26	der	DET	ART					S		Nom	F
27004011	27	Tier	NOUN	NN					P		Nom	N
27004011	28	unter	ADP	APPR								
27004011	29	ihm	PRON	PPER				3	S		Dat	M
27004011	30	sollen	AUX	VMFIN		Fin	Pres	3	P	Ind		
27004011	31	Wegflieh	VERB	VVINF		Part						
27004011	32	und	CCONJ	KON								
27004011	33	der	DET	ART					S		Nom	F
27004011	34	Vogel	NOUN	NN					P		Nom	M
27004011	35	aus	ADP	PTKVZ								
27004011	36	sein	DET	PPOSAT					S		Acc	M
27004011	37	Zweig	NOUN	NN					P		Dat	M
27004012	1	doch	CCONJ	KON								
27004012	2	sein	DET	PPOSAT					S		Acc	M
27004012	3	Wurzelstock	NOUN	NN					S		Nom	M
27004012	4	lasseen	VERB	VVFIN		Fin	Pres	3	S	Ind		
27004012	5	in	ADP	APPR								
27004012	6	der	DET	ART					S		Nom	M
27004012	7	Erde	NOUN	NN					S		Nom	F
27004012	8	und	CCONJ	KON								
27004012	9	zwar	ADV	ADV								
27004012	10	in	ADP	APPR								
27004012	11	Fessel	NOUN	NN					P		Nom	F
27004012	12	von	ADP	APPR								
27004012	13	Eisen	NOUN	NN					S		Nom	N
27004012	14	und	CCONJ	KON								
27004012	15	Erz	NOUN	NN					S		Nom	N
27004012	16	in	ADP	APPRART					S		Dat	N
27004012	17	Grase	NOUN	NN					S		Nom	N
27004012	18	der	DET	ART					S		Gen	M
27004012	19	Felde	NOUN	NE					S		Nom	N
27004012	20	und	CCONJ	KON								
27004012	21	von	ADP	APPR								
27004012	22	der	DET	ART					S		Dat	M
27004012	23	Tau	PROPN	NE					S		Nom	
27004012	24	der	DET	ART					S		Gen	M
27004012	25	Himmel	NOUN	NN					S		Gen	M
27004012	26	werden	AUX	VAFIN		Fin	Pres	3	S	Sub		
27004012	27	er	PRON	PPER				3	S		Nom	M
27004012	28	benetzen	VERB	VVPP		Part						
27004012	29	und	CCONJ	KON								
27004012	30	mit	ADP	APPR								
27004012	31	der	DET	ART					S		Acc	M
27004012	32	Tier	NOUN	NN					P		Dat	N
27004012	33	haben	AUX	VAFIN		Fin	Pres	3	S	Sub		
27004012	34	er	PRON	PPER				3	S		Nom	M
27004012	35	Teil	NOUN	PTKVZ					S		Nom	M
27004012	36	an	ADP	PTKVZ								
27004012	37	der	DET	ART					S		Dat	M
27004012	38	Kraut	NOUN	NN					S		Nom	N
27004012	39	der	DET	ART					S		Nom	M
27004012	40	Erde	NOUN	NN					S		Nom	F
27004013	1	sein	DET	PPOSAT					S		Nom	N
27004013	2	menschlich	ADJ	ADJA	Pos				S		Nom	N
27004013	3	Herz	NOUN	NN					S		Nom	N
27004013	4	werden	AUX	VAFIN		Fin	Pres	3	S	Sub		
27004013	5	verwandeln	VERB	VVFIN		Fin	Pres	3	S	Ind		
27004013	6	und	CCONJ	KON								
27004013	7	der	DET	ART					S		Nom	N
27004013	8	Herz	NOUN	NN					S		Nom	N
27004013	9	ein	PRON	ART					S		Nom	N
27004013	10	Tier	NOUN	NN					S		Gen	N
27004013	11	ihm	PRON	PPER				3	S		Dat	M
27004013	12	geben	VERB	VVPP		Part						
27004013	13	und	CCONJ	KON								
27004013	14	sieben	NUM	CARD								
27004013	15	Zeit	NOUN	NN					P		Nom	F
27004013	16	sollen	AUX	VMFIN		Fin	Pres	3	P	Ind		
27004013	17	über	ADP	APPR								
27004013	18	ihm	PRON	PPER				3	S		Dat	M
27004013	19	vergehen	VERB	VVINF		Inf						
27004014	1	durch	ADP	APPR								
27004014	2	Beschluß	NOUN	NN					S		Nom	M
27004014	3	der	DET	ART					S		Nom	M
27004014	4	Wächter	PROPN	NE					S		Nom	M
27004014	5	sein	AUX	VAFIN		Fin	Pres	3	S	Ind		
27004014	6	dieser	PRON	PDAT					S		Nom	M
27004014	7	Ausspruch	NOUN	NN					S		Nom	M
27004014	8	und	CCONJ	KON								
27004014	9	ein	DET	ART					S		Nom	N
27004014	10	Befehl	NOUN	NN					S		Nom	M
27004014	11	der	DET	ART					S		Nom	M
27004014	12	heilig	NOUN	NN					P		Dat	
27004014	13	sein	AUX	VAFIN		Fin	Pres	3	S	Ind		
27004014	14	dieser	DET	PDAT					S		Nom	F
27004014	15	Sache	NOUN	NN					S		Nom	F
27004014	16	auf	ADP	PTKVZ								
27004014	17	daß	SCONJ	KOUS								
27004014	18	der	DET	ART					S		Nom	F
27004014	19	lebend	NOUN	NN					P		Nom	
27004014	20	erkennen	VERB	VVINF		Inf						
27004014	21	daß	SCONJ	KOUS								
27004014	22	der	DET	ART					S		Nom	M
27004014	23	Höchste	ADJ	ADJA	Sup				S		Nom	F
27004014	24	über	ADP	APPR								
27004014	25	der	DET	ART					S		Nom	N
27004014	26	Königtum	NOUN	NN					S		Nom	N
27004014	27	der	DET	ART					S		Nom	M
27004014	28	Mensch	NOUN	NN					P		Nom	M
27004014	29	herrschen	VERB	VVFIN		Fin	Pres	3	S	Ind		
27004014	30	und	CCONJ	KON								
27004014	31	es	PRON	PPER				3	S		Nom	N
27004014	32	verleihen	VERB	VVFIN		Fin	Pres	3	S	Ind		
27004014	33	wem	PRON	PWS					S		Dat	M
27004014	34	er	PRON	PPER				3	S		Nom	M
27004014	35	wollen	AUX	VMFIN		Fin	Pres	3	S	Ind		
27004014	36	und	CCONJ	KON								
27004014	37	der	DET	ART					S		Acc	M
27004014	38	Niedrigsten	VERB	NN		Part						
27004014	39	der	DET	ART					S		Nom	M
27004014	40	Mensch	NOUN	NN					P		Nom	M
27004014	41	darüber	ADV	PROAV								
27004014	42	bestellen	VERB	VVPP		Part						
27004015	1	dieser	PRON	PDAT					S		Acc	M
27004015	2	Traum	NOUN	NN					S		Nom	M
27004015	3	haben	AUX	VAFIN		Fin	Pres	3	S	Sub		
27004015	4	ich	PRON	PPER				1	S		Nom	
27004015	5	der	DET	ART					S		Nom	M
27004015	6	König	NOUN	NN					S		Nom	M
27004015	7	Nebukadnezar	PROPN	NE					S		Nom	
27004015	8	sehen	VERB	VVPP		Part						
27004015	9	und	CCONJ	KON								
27004015	10	du	PRON	PPER				2	S		Nom	
27004015	11	Beltsazar	NOUN	NN					S		Nom	M
27004015	12	sagen	VERB	VVFIN		Fin	Pres	3	S	Sub		
27004015	13	sein	DET	PPOSAT					S		Nom	F
27004015	14	Deutung	NOUN	NN					S		Nom	F
27004015	15	da	ADV	ADV								
27004015	16	aller	PRON	PIS					P		Nom	
27004015	17	weise	NOUN	NN					P		Nom	
27004015	18	meiner	DET	PPOSAT					S		Gen	N
27004015	19	Königreich	NOUN	NN					S		Gen	N
27004015	20	mir	PRON	PPER				1	S		Dat	
27004015	21	der	DET	ART					S		Nom	F
27004015	22	Deutung	NOUN	NN					S		Nom	F
27004015	23	nicht	PART	PTKNEG								
27004015	24	kundzutun	VERB	VVIZU		Inf						
27004015	25	Vermögen	VERB	VVFIN		Fin	Pres	3	P	Ind		
27004015	26	du	PRON	PPER				2	S		Nom	
27004015	27	aber	CCONJ	KON								
27004015	28	vermagstn	VERB	ADV		Fin	Pres	3	S	Sub		
27004015	29	es	PRON	PPER				3	S		Nom	N
27004015	30	weil	SCONJ	KOUS								
27004015	31	der	DET	ART					S		Nom	M
27004015	32	Geist	NOUN	NN					S		Nom	M
27004015	33	der	DET	ART					S		Nom	M
27004015	34	heilig	ADJ	ADJA	Pos				S		Acc	M
27004015	35	Götter	NOUN	NN					P		Nom	M
27004015	36	in	ADP	APPR								
27004015	37	dir	PRON	PPER				2	S		Dat	
27004015	38	sein	AUX	VAFIN		Fin	Pres	3	S	Ind		
27004016	1	da	SCONJ	KOUS								
27004016	2	entsetzen	VERB	VVFIN		Fin	Past	3	S	Ind		
27004016	3	sich	PRON	PRF				3	S		Acc	
27004016	4	Daniel	PROPN	NE					S		Nom	M
27004016	5	der	PRON	PDS					S		Gen	
27004016	6	Name	NOUN	NN					S		Nom	M
27004016	7	Beltsazar	NOUN	NN					S		Nom	M
27004016	8	sein	AUX	VAFIN		Fin	Pres	3	S	Ind		
27004016	9	ein	DET	ART					S		Nom	F
27004016	10	Zeitlang	ADV	NN								
27004016	11	und	CCONJ	KON								
27004016	12	sein	DET	PPOSAT					S		Nom	F
27004016	13	Gedanke	NOUN	NN					P		Nom	M
27004016	14	ängstigen	VERB	VVFIN		Fin	Past	3	P	Ind		
27004016	15	ihn	PRON	PPER				3	S		Acc	M
27004016	16	der	DET	ART					S		Nom	M
27004016	17	König	NOUN	NN					S		Nom	M
27004016	18	heben	VERB	VVFIN		Fin	Past	3	S	Ind		
27004016	19	an	ADP	PTKVZ								
27004016	20	und	CCONJ	KON								
27004016	21	sprechen	VERB	VVFIN		Fin	Past	3	S	Ind		
27004016	22	Beltsazar	NOUN	NN					S		Nom	M
27004016	23	der	DET	ART					S		Nom	M
27004016	24	Traum	NOUN	NN					S		Nom	M
27004016	25	und	CCONJ	KON								
27004016	26	sein	DET	PPOSAT					S		Nom	F
27004016	27	Deutung	NOUN	NN					S		Nom	F
27004016	28	ängstig	ADJ	ADJA	Pos				S		Nom	F
27004016	29	dich	PRON	PPER				2	S		Acc	
27004016	30	nicht	PART	PTKNEG								
27004016	31	Beltsazar	NOUN	NN					S		Nom	M
27004016	32	antworten	VERB	VVFIN		Fin	Past	3	S	Ind		
27004016	33	und	CCONJ	KON								
27004016	34	sprechen	VERB	VVFIN		Fin	Past	3	S	Ind		
27004016	35	mein	PRON	PPOSAT				2	P		Nom	
27004016	36	Herr	NOUN	NN					S		Nom	M
27004016	37	der	DET	ART					S		Nom	M
27004016	38	Traum	NOUN	NN					S		Nom	M
27004016	39	gelten	VERB	VVFIN		Fin	Pres	3	S	Sub		
27004016	40	dein	DET	PPOSAT					S		Acc	M
27004016	41	Hassern	NOUN	NN					P		Dat	M
27004016	42	und	CCONJ	KON								
27004016	43	sein	DET	PPOSAT					S		Nom	F
27004016	44	Deutung	NOUN	NN					S		Nom	F
27004016	45	dein	DET	PPOSAT					S		Acc	M
27004016	46	Feind	NOUN	NN					P		Dat	M
27004017	1	der	DET	ART					S		Nom	M
27004017	2	Baum	NOUN	NN					S		Nom	M
27004017	3	der	DET	ART					S		Acc	M
27004017	4	du	PRON	PPER				2	S		Nom	
27004017	5	sehen	VERB	VVPP		Part						
27004017	6	haben	AUX	VAFIN		Fin	Pres	2	S	Ind		
27004017	7	der	DET	ART					S		Nom	M
27004017	8	groß	ADV	ADJD	Pos							
27004017	9	und	CCONJ	KON								
27004017	10	stark	ADV	ADJD	Pos							
27004017	11	werden	AUX	VAFIN		Fin	Past	3	S	Ind		
27004017	12	der	PRON	PDS					S		Gen	
27004017	13	Höhe	NOUN	NN					S		Nom	F
27004017	14	an	ADP	PTKVZ								
27004017	15	der	DET	ART					S		Acc	M
27004017	16	Himmel	NOUN	NN					S		Nom	M
27004017	17	reichen	VERB	VVFIN		Fin	Past	3	S	Ind		
27004017	18	und	CCONJ	KON								
27004017	19	der	DET	ART					S		Nom	M
27004017	20	über	ADP	APPR								
27004017	21	der	DET	ART					S		Nom	F
27004017	22	ganz	ADJ	ADJA	Pos				S		Nom	F
27004017	23	Erde	NOUN	NN					S		Nom	F
27004017	24	hin	ADV	ADV								
27004017	25	sehen	VERB	VVPP		Part						
27004017	26	werden	AUX	VAFIN		Fin	Past	3	S	Ind		
27004018	1	und	CCONJ	KON								
27004018	2	der	PRON	PDS					S		Gen	
27004018	3	Laub	NOUN	NN					S		Nom	N
27004018	4	schön	ADV	ADJD	Pos							
27004018	5	und	CCONJ	KON								
27004018	6	der	PRON	PDS					S		Gen	
27004018	7	Frucht	NOUN	NN					S		Nom	F
27004018	8	zahlreich	ADV	ADJD	Pos							
27004018	9	und	CCONJ	KON								
27004018	10	an	ADP	PTKVZ								
27004018	11	welcher	DET	PWAT					S		Dat	N
27004018	12	Nahrung	NOUN	NN					S		Nom	F
27004018	13	sein	AUX	VAFIN		Fin	Past	3	S	Ind		
27004018	14	für	ADP	APPR								
27004018	15	aller	PRON	PIS					P		Nom	
27004018	16	unter	ADP	APPR								
27004018	17	welcher	DET	PWAT					S		Dat	N
27004018	18	der	DET	ART					S		Nom	F
27004018	19	Tier	NOUN	NN					P		Nom	N
27004018	20	der	DET	ART					S		Gen	M
27004018	21	Felde	NOUN	NE					S		Nom	N
27004018	22	wohnen	VERB	VVFIN		Fin	Past	3	P	Ind		
27004018	23	und	CCONJ	KON								
27004018	24	in	ADP	APPR								
27004018	25	der	PRON	PDS					S		Gen	
27004018	26	Zweig	NOUN	NN					P		Dat	M
27004018	27	der	DET	ART					S		Nom	F
27004018	28	Vogel	NOUN	NN					P		Nom	M
27004018	29	der	DET	ART					S		Gen	M
27004018	30	Himmel	NOUN	NN					S		Gen	M
27004018	31	sich	PRON	PRF				3	S		Acc	
27004018	32	aufhalten	VERB	VVFIN		Fin	Past	3	P	Ind		
27004019	1	der	DET	ART					S		Nom	N
27004019	2	sein	AUX	VAFIN		Fin	Pres	2	S	Ind		
27004019	3	du	PRON	PPER				2	S		Nom	
27004019	4	o	PROPN	NE					S		Nom	
27004019	5	König	NOUN	NN					S		Nom	M
27004019	6	der	DET	ART					S		Nom	M
27004019	7	du	PRON	PPER				2	S		Nom	
27004019	8	groß	ADV	ADJD	Pos							
27004019	9	und	CCONJ	KON								
27004019	10	stark	ADV	ADJD	Pos							
27004019	11	werden	AUX	VAPP		Part						
27004019	12	sein	AUX	VAFIN		Fin	Pres	2	S	Ind		
27004019	13	und	CCONJ	KON								
27004019	14	dein	DET	PPOSAT					S		Nom	F
27004019	15	Größe	NOUN	NN					S		Nom	F
27004019	16	wachsen	VERB	VVFIN		Fin	Past	3	S	Ind		
27004019	17	und	CCONJ	KON								
27004019	18	reichen	VERB	VVFIN		Fin	Past	3	S	Ind		
27004019	19	bis	CCONJ	KON								
27004019	20	an	ADP	PTKVZ								
27004019	21	der	DET	ART					S		Acc	M
27004019	22	Himmel	NOUN	NN					S		Nom	M
27004019	23	und	CCONJ	KON								
27004019	24	dein	DET	PPOSAT					S		Nom	F
27004019	25	Herrschaft	NOUN	NN					S		Nom	F
27004019	26	bis	CCONJ	KON								
27004019	27	an	ADP	PTKVZ								
27004019	28	der	DET	ART					S		Nom	N
27004019	29	Ende	NOUN	NN					S		Nom	N
27004019	30	der	DET	ART					S		Nom	M
27004019	31	Erde	NOUN	NN					S		Nom	F
27004020	1	und	CCONJ	KON								
27004020	2	daß	SCONJ	KOUS								
27004020	3	der	DET	ART					S		Nom	M
27004020	4	König	NOUN	NN					S		Nom	M
27004020	5	ein	DET	ART					S		Acc	M
27004020	6	Wächter	PROPN	NE					S		Nom	M
27004020	7	und	CCONJ	KON								
27004020	8	heilig	NOUN	NN					P		Dat	
27004020	9	von	ADP	APPRART					S		Dat	N
27004020	10	Himmel	NOUN	NN					S		Nom	M
27004020	11	Herniedersteigen	NOUN	NN					P		Nom	F
27004020	12	sehen	VERB	VVFIN		Fin	Past	3	S	Ind		
27004020	13	welcher	PRON	PWAT					S		Nom	M
27004020	14	sprechen	VERB	VVFIN		Fin	Past	3	S	Ind		
27004020	15	Hauet	PROPN	NE					S		Nom	
27004020	16	der	DET	ART					S		Acc	M
27004020	17	Baum	NOUN	NN					S		Nom	M
27004020	18	um	ADP	APPR								
27004020	19	und	CCONJ	KON								
27004020	20	Verderbet	PROPN	NE					S		Nom	N
27004020	21	ihn	PRON	PPER				3	S		Acc	M
27004020	22	doch	CCONJ	KON								
27004020	23	sein	DET	PPOSAT					S		Acc	M
27004020	24	Wurzelstock	NOUN	NN					S		Nom	M
27004020	25	lasseen	VERB	VVFIN		Fin	Pres	3	S	Ind		
27004020	26	in	ADP	APPR								
27004020	27	der	DET	ART					S		Nom	M
27004020	28	Erde	NOUN	NN					S		Nom	F
27004020	29	und	CCONJ	KON								
27004020	30	zwar	ADV	ADV								
27004020	31	in	ADP	APPR								
27004020	32	Fessel	NOUN	NN					P		Nom	F
27004020	33	von	ADP	APPR								
27004020	34	Eisen	NOUN	NN					S		Nom	N
27004020	35	und	CCONJ	KON								
27004020	36	Erz	NOUN	NN					S		Nom	N
27004020	37	in	ADP	APPRART					S		Dat	N
27004020	38	Grase	NOUN	NN					S		Nom	N
27004020	39	der	DET	ART					S		Gen	M
27004020	40	Felde	NOUN	NE					S		Nom	N
27004020	41	und	CCONJ	KON								
27004020	42	von	ADP	APPR								
27004020	43	der	DET	ART					S		Dat	M
27004020	44	Tau	PROPN	NE					S		Nom	
27004020	45	der	DET	ART					S		Gen	M
27004020	46	Himmel	NOUN	NN					S		Gen	M
27004020	47	werden	AUX	VAFIN		Fin	Pres	3	S	Sub		
27004020	48	er	PRON	PPER				3	S		Nom	M
27004020	49	benetzen	VERB	VVPP		Part						
27004020	50	und	CCONJ	KON								
27004020	51	er	PRON	PPER				3	S		Nom	M
27004020	52	haben	AUX	VAFIN		Fin	Pres	3	S	Sub		
27004020	53	sein	AUX	VAINF		Inf						
27004020	54	Teil	NOUN	NN					S		Nom	M
27004020	55	mit	ADP	APPR								
27004020	56	der	DET	ART					S		Acc	M
27004020	57	Tier	NOUN	NN					P		Dat	N
27004020	58	der	DET	ART					S		Gen	M
27004020	59	Felde	NOUN	NE					S		Nom	N
27004020	60	bis	CCONJ	KON								
27004020	61	sieben	NUM	CARD								
27004020	62	Zeit	NOUN	NN					P		Nom	F
27004020	63	über	ADP	APPR								
27004020	64	ihm	PRON	PPER				3	S		Dat	M
27004020	65	vergehen	VERB	VVINF		Inf						
27004021	1	dieser	PRON	PDS					S		Nom	N
27004021	2	sein	AUX	VAFIN		Fin	Pres	3	S	Ind		
27004021	3	der	DET	ART					S		Nom	F
27004021	4	Deutung	NOUN	NN					S		Nom	F
27004021	5	o	PROPN	NE					S		Nom	
27004021	6	König	NOUN	NN					S		Nom	M
27004021	7	und	CCONJ	KON								
27004021	8	dieser	PRON	PDS					S		Nom	N
27004021	9	der	DET	ART					S		Nom	M
27004021	10	Beschluß	NOUN	NN					S		Nom	M
27004021	11	der	DET	ART					S		Gen	M
27004021	12	Höchsten	ADJ	ADJA	Sup				S		Dat	F
27004021	13	der	DET	ART					S		Nom	M
27004021	14	über	ADP	APPR								
27004021	15	meinen	VERB	VVFIN		Fin	Pres	3	P	Ind		
27004021	16	Herr	NOUN	NN					S		Acc	M
27004021	17	der	DET	ART					S		Acc	M
27004021	18	König	NOUN	NN					S		Nom	M
27004021	19	kommen	VERB	VVFIN		Fin	Pres	3	P	Ind		
27004021	20	werden	AUX	VAFIN		Fin	Pres	3	S	Ind		
27004022	1	man	PRON	PIS					S		Nom	
27004022	2	werden	AUX	VAFIN		Fin	Pres	3	S	Ind		
27004022	3	dich	PRON	PPER				2	S		Acc	
27004022	4	von	ADP	APPR								
27004022	5	der	DET	ART					S		Acc	M
27004022	6	Mensch	NOUN	NN					P		Nom	M
27004022	7	ausstoßen	VERB	VVFIN		Fin	Pres	3	P	Ind		
27004022	8	und	CCONJ	KON								
27004022	9	bei	ADP	APPR								
27004022	10	der	DET	ART					S		Acc	M
27004022	11	Tier	NOUN	NN					P		Dat	N
27004022	12	der	DET	ART					S		Gen	M
27004022	13	Felde	NOUN	NE					S		Nom	N
27004022	14	werden	AUX	VAFIN		Fin	Pres	3	S	Ind		
27004022	15	dein	DET	PPOSAT					S		Nom	F
27004022	16	Wohnung	NOUN	NN					S		Nom	F
27004022	17	sein	AUX	VAINF		Inf						
27004022	18	und	CCONJ	KON								
27004022	19	man	PRON	PIS					S		Nom	
27004022	20	werden	AUX	VAFIN		Fin	Pres	3	S	Ind		
27004022	21	dir	PRON	PPER				2	S		Dat	
27004022	22	Kraut	NOUN	NN					S		Nom	N
27004022	23	zu	ADP	PTKVZ								
27004022	24	essen	VERB	VVINF		Inf						
27004022	25	geben	VERB	VVINF		Inf						
27004022	26	wie	ADP	KOKOM								
27004022	27	der	DET	ART					S		Acc	M
27004022	28	Rind	NOUN	NN					P		Dat	N
27004022	29	und	CCONJ	KON								
27004022	30	dich	PRON	PPER				2	S		Acc	
27004022	31	von	ADP	APPRART					S		Dat	N
27004022	32	Tau	PROPN	NE					S		Nom	
27004022	33	der	DET	ART					S		Gen	M
27004022	34	Himmel	NOUN	NN					S		Gen	M
27004022	35	benetzen	VERB	VVPP		Part						
27004022	36	werden	AUX	VAFIN		Fin	Pres	3	P	Ind		
27004022	37	lassen	VERB	VVINF		Fin	Pres	3	P	Ind		
27004022	38	und	CCONJ	KON								
27004022	39	es	PRON	PPER				3	S		Nom	N
27004022	40	werden	AUX	VAFIN		Fin	Pres	3	P	Ind		
27004022	41	sieben	NUM	CARD								
27004022	42	Zeit	NOUN	NN					P		Nom	F
27004022	43	über	ADP	APPR								
27004022	44	dir	PRON	PPER				2	S		Dat	
27004022	45	vergehen	VERB	VVINF		Inf						
27004022	46	bis	CCONJ	KON								
27004022	47	du	PRON	PPER				2	S		Nom	
27004022	48	erkennst	VERB	VVFIN		Fin	Pres	3	S	Ind		
27004022	49	daß	SCONJ	KOUS								
27004022	50	der	DET	ART					S		Nom	M
27004022	51	Höchste	ADJ	ADJA	Sup				S		Nom	F
27004022	52	über	ADP	APPR								
27004022	53	der	DET	ART					S		Nom	N
27004022	54	Königtum	NOUN	NN					S		Nom	N
27004022	55	der	DET	ART					S		Nom	M
27004022	56	Mensch	NOUN	NN					P		Nom	M
27004022	57	herrschen	VERB	VVFIN		Fin	Pres	3	S	Ind		
27004022	58	und	CCONJ	KON								
27004022	59	es	PRON	PPER				3	S		Nom	N
27004022	60	verleihen	VERB	VVFIN		Fin	Pres	3	S	Ind		
27004022	61	wem	PRON	PWS					S		Dat	M
27004022	62	er	PRON	PPER				3	S		Nom	M
27004022	63	wollen	AUX	VMFIN		Fin	Pres	3	S	Ind		
27004023	1	und	CCONJ	KON								
27004023	2	daß	SCONJ	KOUS								
27004023	3	man	PRON	PIS					S		Nom	
27004023	4	sagen	VERB	VVPP		Part						
27004023	5	haben	AUX	VAFIN		Fin	Pres	3	S	Ind		
27004023	6	der	DET	ART					S		Acc	M
27004023	7	Wurzelstock	NOUN	NN					S		Nom	M
27004023	8	der	DET	ART					S		Gen	M
27004023	9	Baume	PROPN	NE					S		Gen	M
27004023	10	zu	ADP	PTKVZ								
27004023	11	lassen	VERB	VVINF		Fin	Pres	3	P	Ind		
27004023	13	dein	DET	PPER					S		Nom	N
27004023	14	Königtum	NOUN	NN					S		Nom	N
27004023	15	werden	AUX	VAFIN		Fin	Pres	3	S	Ind		
27004023	16	dir	PRON	PPER				2	S		Dat	
27004023	17	wieder	ADV	ADV								
27004023	18	werden	AUX	VAFIN		Fin	Pres	3	P	Ind		
27004023	19	sobald	ADV	KOUS								
27004023	20	du	PRON	PPER				2	S		Nom	
27004023	21	erkennen	VERB	VVPP		Part						
27004023	22	haben	AUX	VAFIN		Fin	Pres	3	P	Ind		
27004023	23	wersten	AUX	VAFIN		Fin	Pres	2	S	Ind		
27004023	24	daß	SCONJ	KOUS								
27004023	25	der	DET	ART					S		Nom	F
27004023	26	Himmel	NOUN	NN					S		Nom	M
27004023	27	herrschen	VERB	VVINF		Inf						
27004024	1	darum	ADV	PROAV								
27004024	2	o	PROPN	NE					S		Nom	
27004024	3	König	NOUN	NN					S		Nom	M
27004024	4	laß	VERB	VVIMP				2	S	Imp		
27004024	5	dir	PRON	PPER				2	S		Dat	
27004024	6	meinen	VERB	VVFIN		Fin	Pres	3	P	Ind		
27004024	7	Rat	NOUN	NN					S		Nom	M
27004024	8	fallen	VERB	VVPP		Part						
27004024	9	und	CCONJ	KON								
27004024	10	Brich	VERB	VVFIN		Fin	Pres	3	S	Ind		
27004024	11	mit	ADP	APPR								
27004024	12	dein	DET	PPOSAT					S		Acc	M
27004024	13	Sünde	NOUN	NN					P		Nom	F
27004024	14	durch	ADP	APPR								
27004024	15	Gerechtigkeit	NOUN	NN					S		Nom	F
27004024	16	und	CCONJ	KON								
27004024	17	mit	ADP	APPR								
27004024	18	dein	DET	PPOSAT					S		Acc	M
27004024	19	Missetat	NOUN	NN					P		Nom	F
27004024	20	durch	ADP	APPR								
27004024	21	Barmherzigkeit	NOUN	NN					S		Nom	F
27004024	22	gegen	ADP	APPR								
27004024	23	Elende	ADJ	ADJA	Pos				S		Nom	F
27004024	24	wenn	SCONJ	KOUS								
27004024	25	dein	DET	PPOSAT					S		Nom	F
27004024	26	Wohlfahrt	NOUN	NN					S		Nom	F
27004024	27	Dauer	NOUN	NN					S		Nom	F
27004024	28	haben	AUX	VAFIN		Fin	Pres	3	P	Ind		
27004024	29	sollen	AUX	VMFIN		Fin	Pres	3	S	Ind		
27004025	1	alle	PRON	PIS					S		Nom	N
27004025	2	der	DET	ART					S		Nom	N
27004025	3	kommen	VERB	VVFIN		Fin	Past	3	S	Ind		
27004025	4	über	ADP	APPR								
27004025	5	der	DET	ART					S		Acc	M
27004025	6	König	NOUN	NN					S		Nom	M
27004025	7	Nebukadnezar	PROPN	NE					S		Nom	
27004026	1	nach	ADP	APPR								
27004026	2	Verlauf	NOUN	NN					S		Nom	M
27004026	3	von	ADP	APPR								
27004026	4	zwölf	NUM	CARD								
27004026	5	Monat	NOUN	NN					P		Dat	M
27004026	6	wandeln	VERB	VVFIN		Fin	Past	3	S	Ind		
27004026	7	er	PRON	PPER				3	S		Nom	M
27004026	8	umher	ADP	PTKVZ								
27004026	9	auf	ADP	PTKVZ								
27004026	10	der	DET	ART					S		Dat	M
27004026	11	königlich	ADJ	ADJA	Pos				S		Acc	M
27004026	12	Palaste	NOUN	NN					S		Nom	M
27004026	13	zu	ADP	PTKVZ								
27004026	14	Babel	NOUN	NN					S		Nom	N
27004027	1	und	CCONJ	KON								
27004027	2	der	DET	ART					S		Nom	M
27004027	3	König	NOUN	NN					S		Nom	M
27004027	4	heben	VERB	VVFIN		Fin	Past	3	S	Ind		
27004027	5	an	ADP	PTKVZ								
27004027	6	und	CCONJ	KON								
27004027	7	sprechen	VERB	VVFIN		Fin	Past	3	S	Ind		
27004027	8	sein	AUX	VAFIN		Fin	Pres	3	S	Ind		
27004027	9	der	DET	ART					S		Nom	N
27004027	10	nicht	PART	PTKNEG								
27004027	11	der	DET	ART					S		Nom	N
27004027	12	groß	ADJ	ADJA	Pos				S		Nom	F
27004027	13	Babel	NOUN	NN					S		Nom	N
27004027	14	welcher	DET	PWAT					S		Acc	N
27004027	15	ich	PRON	PPER				1	S		Nom	
27004027	16	zu	ADP	APPRART					S		Dat	N
27004027	17	königlich	ADJ	ADJA	Pos				S		Acc	M
27004027	18	Wohnsitz	NOUN	NN					S		Nom	M
27004027	19	erbauen	VERB	VVPP		Part						
27004027	20	haben	AUX	VAFIN		Fin	Pres	3	S	Sub		
27004027	21	durch	ADP	APPR								
27004027	22	der	DET	ART					S		Nom	F
27004027	23	Stärke	NOUN	NN					S		Nom	F
27004027	24	mein	DET	PPOSAT					S		Dat	F
27004027	25	Macht	NOUN	NN					S		Nom	F
27004027	26	und	CCONJ	KON								
27004027	27	zu	ADP	PTKVZ								
27004027	28	Ehre	NOUN	NN					P		Nom	F
27004027	29	mein	DET	PPOSAT					S		Dat	F
27004027	30	Herrlichkeit	NOUN	NN					S		Nom	F
27004028	1	noch	ADV	ADV								
27004028	2	sein	AUX	VAFIN		Fin	Past	3	S	Ind		
27004028	3	der	DET	ART					S		Nom	N
27004028	4	Wort	NOUN	NN					S		Nom	N
27004028	5	in	ADP	APPRART					S		Dat	N
27004028	6	Mund	NOUN	NN					S		Acc	M
27004028	7	der	DET	ART					S		Gen	M
27004028	8	König	PROPN	NE					S		Nom	
27004028	9	da	ADV	ADV								
27004028	10	kommen	VERB	VVFIN		Fin	Past	3	S	Ind		
27004028	11	ein	DET	ART					S		Nom	F
27004028	12	Stimme	NOUN	NN					S		Nom	F
27004028	13	von	ADP	APPRART					S		Dat	N
27004028	14	Himmel	NOUN	NN					S		Nom	M
27004028	15	herab	ADV	ADV								
27004028	16	dir	PRON	PPER				2	S		Dat	
27004028	17	König	NOUN	NN					S		Nom	M
27004028	18	Nebukadnezar	PROPN	NE					S		Nom	
27004028	19	werden	AUX	VAFIN		Fin	Pres	3	S	Ind		
27004028	20	sagen	VERB	VVPP		Part						
27004028	21	der	DET	ART					S		Nom	N
27004028	22	Königtum	NOUN	NN					S		Nom	N
27004028	23	sein	AUX	VAFIN		Fin	Pres	3	S	Ind		
27004028	24	von	ADP	APPR								
27004028	25	dir	PRON	PPER				2	S		Dat	
27004028	26	gewichen	VERB	VVPP		Part						
27004029	1	und	CCONJ	KON								
27004029	2	man	PRON	PIS					S		Nom	
27004029	3	werden	AUX	VAFIN		Fin	Pres	3	S	Ind		
27004029	4	dich	PRON	PPER				2	S		Acc	
27004029	5	von	ADP	APPR								
27004029	6	der	DET	ART					S		Acc	M
27004029	7	Mensch	NOUN	NN					P		Nom	M
27004029	8	ausstoßen	VERB	VVFIN		Fin	Pres	3	P	Ind		
27004029	9	und	CCONJ	KON								
27004029	10	bei	ADP	APPR								
27004029	11	der	DET	ART					S		Acc	M
27004029	12	Tier	NOUN	NN					P		Dat	N
27004029	13	der	DET	ART					S		Gen	M
27004029	14	Felde	NOUN	NE					S		Nom	N
27004029	15	werden	AUX	VAFIN		Fin	Pres	3	S	Ind		
27004029	16	dein	DET	PPOSAT					S		Nom	F
27004029	17	Wohnung	NOUN	NN					S		Nom	F
27004029	18	sein	AUX	VAINF		Inf						
27004029	19	und	CCONJ	KON								
27004029	20	man	PRON	PIS					S		Nom	
27004029	21	werden	AUX	VAFIN		Fin	Pres	3	S	Ind		
27004029	22	dir	PRON	PPER				2	S		Dat	
27004029	23	Kraut	NOUN	NN					S		Nom	N
27004029	24	zu	ADP	PTKVZ								
27004029	25	essen	VERB	VVINF		Inf						
27004029	26	geben	VERB	VVINF		Inf						
27004029	27	wie	ADP	KOKOM								
27004029	28	der	DET	ART					S		Acc	M
27004029	29	Rind	NOUN	NN					P		Dat	N
27004029	30	und	CCONJ	KON								
27004029	31	es	PRON	PPER				3	S		Nom	N
27004029	32	werden	AUX	VAFIN		Fin	Pres	3	P	Ind		
27004029	33	sieben	NUM	CARD								
27004029	34	Zeit	NOUN	NN					P		Nom	F
27004029	35	über	ADP	APPR								
27004029	36	dir	PRON	PPER				2	S		Dat	
27004029	37	vergehen	VERB	VVINF		Inf						
27004029	38	bis	CCONJ	KON								
27004029	39	du	PRON	PPER				2	S		Nom	
27004029	40	erkennst	VERB	VVFIN		Fin	Pres	3	S	Ind		
27004029	41	daß	SCONJ	KOUS								
27004029	42	der	DET	ART					S		Nom	M
27004029	43	Höchste	ADJ	ADJA	Sup				S		Nom	F
27004029	44	über	ADP	APPR								
27004029	45	der	DET	ART					S		Nom	N
27004029	46	Königtum	NOUN	NN					S		Nom	N
27004029	47	der	DET	ART					S		Nom	M
27004029	48	Mensch	NOUN	NN					P		Nom	M
27004029	49	herrschen	VERB	VVFIN		Fin	Pres	3	S	Ind		
27004029	50	und	CCONJ	KON								
27004029	51	es	PRON	PPER				3	S		Nom	N
27004029	52	verleihen	VERB	VVFIN		Fin	Pres	3	S	Ind		
27004029	53	wem	PRON	PWS					S		Dat	M
27004029	54	er	PRON	PPER				3	S		Nom	M
27004029	55	wollen	AUX	VMFIN		Fin	Pres	3	S	Ind		
27004030	1	in	ADP	APPR								
27004030	2	derselbe	DET	PDAT					S		Dat	N
27004030	3	Augenblick	NOUN	NN					S		Nom	M
27004030	4	werden	AUX	VAFIN		Fin	Past	3	S	Ind		
27004030	5	der	DET	ART					S		Nom	N
27004030	6	Wort	NOUN	NN					S		Nom	N
27004030	7	über	ADP	APPR								
27004030	8	Nebukadnezar	PROPN	NE					S		Nom	
27004030	9	vollziehen	VERB	VVPP		Part						
27004030	10	und	CCONJ	KON								
27004030	11	er	PRON	PPER				3	S		Nom	M
27004030	12	werden	AUX	VAFIN		Fin	Past	3	S	Ind		
27004030	13	von	ADP	APPR								
27004030	14	der	DET	ART					S		Acc	M
27004030	15	Mensch	NOUN	NN					P		Nom	M
27004030	16	ausstoßen	VERB	VVPP		Part						
27004030	17	und	CCONJ	KON								
27004030	18	er	PRON	PPER				3	S		Nom	M
27004030	19	aß	VERB	VVFIN		Fin	Past	3	S	Ind		
27004030	20	Kraut	NOUN	NN					S		Nom	N
27004030	21	wie	ADP	KOKOM								
27004030	22	der	DET	ART					S		Nom	F
27004030	23	Rind	NOUN	NN					P		Nom	N
27004030	24	und	CCONJ	KON								
27004030	25	sein	AUX	VAINF		Inf						
27004030	26	Leib	NOUN	NN					S		Nom	M
27004030	27	werden	VERB	VAFIN		Fin	Past	3	S	Ind		
27004030	28	benetzen	VERB	VVPP		Part						
27004030	29	von	ADP	APPR								
27004030	30	der	DET	ART					S		Dat	M
27004030	31	Tau	PROPN	NE					S		Nom	
27004030	32	der	DET	ART					S		Gen	M
27004030	33	Himmel	NOUN	NN					S		Gen	M
27004030	34	bis	CCONJ	KON								
27004030	35	sein	AUX	VAINF		Inf						
27004030	36	Haar	NOUN	NN					S		Nom	N
27004030	37	wachsen	VERB	VVFIN		Fin	Past	3	S	Ind		
27004030	38	gleich	ADV	ADV	Pos							
27004030	39	Adlerfeder	NOUN	NN					P		Nom	F
27004030	40	und	CCONJ	KON								
27004030	41	sein	DET	PPOSAT					S		Nom	F
27004030	42	Nägel	PROPN	NE					S		Nom	
27004030	43	gleich	ADV	ADV	Pos							
27004030	44	Vogelkrall	NOUN	NN					P		Nom	F
27004031	1	und	CCONJ	KON								
27004031	2	an	ADP	APPRART					S		Dat	M
27004031	3	Ende	NOUN	NN					S		Nom	N
27004031	4	der	DET	ART					S		Nom	M
27004031	5	Tag	NOUN	NN					P		Nom	M
27004031	6	erheben	VERB	VVFIN		Fin	Past	3	S	Ind		
27004031	7	ich	PRON	PPER				1	S		Nom	
27004031	8	Nebukadnezar	PROPN	NE					S		Nom	
27004031	9	mein	DET	PPOSAT					S		Nom	F
27004031	10	Auge	NOUN	NN					P		Nom	N
27004031	11	zu	ADP	APPRART					S		Dat	N
27004031	12	Himmel	NOUN	NN					S		Nom	M
27004031	13	und	CCONJ	KON								
27004031	14	mein	DET	PPOSAT					S		Nom	N
27004031	15	Verstand	NOUN	NN					S		Nom	M
27004031	16	kommen	VERB	VVFIN		Fin	Past	3	S	Ind		
27004031	17	mir	PRON	PPER				1	S		Dat	
27004031	18	wieder	ADV	ADV								
27004031	19	und	CCONJ	KON								
27004031	20	ich	PRON	PPER				1	S		Nom	
27004031	21	pries	VERB	VVFIN		Fin	Past	3	S	Ind		
27004031	22	der	DET	ART					S		Acc	M
27004031	23	Höchsten	ADJ	ADJA	Sup				S		Dat	F
27004031	24	und	CCONJ	KON								
27004031	25	ich	PRON	PPER				1	S		Nom	
27004031	26	rühmen	VERB	VVFIN		Fin	Past	3	S	Ind		
27004031	27	und	CCONJ	KON								
27004031	28	verherrlichen	VERB	VVFIN		Fin	Past	3	S	Ind		
27004031	29	der	DET	ART					S		Acc	M
27004031	30	ewig	ADV	ADJD	Pos							
27004031	31	lebend	NOUN	NN					P		Nom	
27004031	32	der	PRON	PDS					S		Gen	
27004031	33	Herrschaft	NOUN	NN					S		Nom	F
27004031	34	ein	DET	ART					S		Nom	F
27004031	35	ewig	ADJ	ADJA	Pos				P		Nom	F
27004031	36	Herrschaft	NOUN	NN					S		Nom	F
27004031	37	sein	AUX	VAFIN		Fin	Pres	3	S	Ind		
27004031	38	und	CCONJ	KON								
27004031	39	der	PRON	PDS					S		Gen	
27004031	40	Reich	NOUN	NE					S		Nom	N
27004031	41	von	ADP	APPR								
27004031	42	Geschlecht	NOUN	NN					S		Nom	N
27004031	43	zu	ADP	PTKVZ								
27004031	44	Geschlecht	NOUN	NN					S		Nom	N
27004031	45	währen	VERB	VVFIN		Fin	Pres	3	S	Ind		
27004032	1	und	CCONJ	KON								
27004032	2	aller	PRON	PIS					P		Nom	
27004032	3	Bewohner	NOUN	NN					P		Nom	M
27004032	4	der	DET	ART					S		Nom	M
27004032	5	Erde	NOUN	NN					S		Nom	F
27004032	6	werden	AUX	VAFIN		Fin	Pres	3	P	Ind		
27004032	7	wie	ADP	KOKOM								
27004032	8	nichts	PRON	PIS								N
27004032	9	achten	VERB	VVPP		Part						
27004032	10	und	CCONJ	KON								
27004032	11	nach	ADP	APPR								
27004032	12	sein	DET	PPOSAT					S		Dat	M
27004032	13	Wille	NOUN	NN					S		Acc	M
27004032	14	tun	VERB	VVFIN		Fin	Pres	3	S	Ind		
27004032	15	er	PRON	PPER				3	S		Nom	M
27004032	16	mit	ADP	APPR								
27004032	17	der	DET	ART					S		Dat	M
27004032	18	Heer	NOUN	NN					P		Nom	M
27004032	19	der	DET	ART					S		Gen	M
27004032	20	Himmel	NOUN	NN					S		Gen	M
27004032	21	und	CCONJ	KON								
27004032	22	mit	ADP	APPR								
27004032	23	der	DET	ART					S		Acc	M
27004032	24	Bewohner	NOUN	NN					P		Dat	M
27004032	25	der	DET	ART					S		Nom	M
27004032	26	Erde	NOUN	NN					S		Nom	F
27004032	27	und	CCONJ	KON								
27004032	28	da	ADV	ADV								
27004032	29	sein	AUX	VAFIN		Fin	Pres	3	S	Ind		
27004032	30	niemand	PRON	PIS					S		Nom	M
27004032	31	der	DET	ART					S		Nom	M
27004032	32	sein	DET	PPOSAT					S		Dat	F
27004032	33	Hand	NOUN	NN					S		Nom	F
27004032	34	wehren	VERB	VVINF		Fin	Pres	3	P	Ind		
27004032	35	und	CCONJ	KON								
27004032	36	zu	ADP	PTKVZ								
27004032	37	ihm	PRON	PPER				3	S		Dat	M
27004032	38	sagen	VERB	VVINF		Inf						
27004032	39	können	AUX	VMFIN		Fin	Past	3	S	Sub		
27004032	40	was	PRON	PWS					S		Nom	N
27004032	41	tust	VERB	VVFIN		Fin	Pres	3	S	Ind		
27004032	42	du	PRON	PPER				2	S		Nom	
27004033	1	zu	ADP	APPRART					S		Dat	F
27004033	2	selber	PRON	PDS					P		Dat	
27004033	3	Zeit	NOUN	NN					S		Nom	F
27004033	4	kommen	VERB	VVFIN		Fin	Past	3	S	Ind		
27004033	5	mir	PRON	PPER				1	S		Dat	
27004033	6	mein	DET	PPOSAT					S		Nom	N
27004033	7	Verstand	NOUN	NN					S		Nom	M
27004033	8	wieder	ADV	ADV								
27004033	9	und	CCONJ	KON								
27004033	10	zu	ADP	APPRART					S		Dat	F
27004033	11	Ehre	NOUN	NN					S		Nom	F
27004033	12	meiner	DET	PPOSAT					S		Gen	N
27004033	13	Königtum	PROPN	NN					S		Gen	N
27004033	14	kommen	VERB	VVFIN		Fin	Past	3	P	Ind		
27004033	15	mein	DET	PPOSAT					S		Nom	F
27004033	16	Herrlichkeit	NOUN	NN					S		Nom	F
27004033	17	und	CCONJ	KON								
27004033	18	mein	DET	PPOSAT					S		Nom	N
27004033	19	Glanz	NOUN	NN					S		Acc	M
27004033	20	mir	PRON	PPER				1	S		Dat	
27004033	21	wieder	ADV	ADV								
27004033	22	und	CCONJ	KON								
27004033	23	mein	DET	PPOSAT					S		Nom	F
27004033	24	Rät	NOUN	NN					P		Nom	M
27004033	25	und	CCONJ	KON								
27004033	26	mein	DET	PPOSAT					S		Nom	F
27004033	27	gewaltige	NOUN	NN					P		Nom	F
27004033	28	suchen	VERB	VVFIN		Fin	Past	3	P	Ind		
27004033	29	mich	PRON	PPER				1	S		Acc	
27004033	30	auf	ADP	PTKVZ								
27004033	31	und	CCONJ	KON								
27004033	32	ich	PRON	PPER				1	S		Nom	
27004033	33	werden	AUX	VAFIN		Fin	Past	3	S	Ind		
27004033	34	wieder	ADV	ADV								
27004033	35	in	ADP	APPR								
27004033	36	mein	DET	PPOSAT					S		Nom	N
27004033	37	Königtum	NOUN	NN					S		Nom	N
27004033	38	einsetzen	VERB	VVPP		Part						
27004033	39	und	CCONJ	KON								
27004033	40	ausnehmend	ADJ	ADJA	Pos				S		Nom	F
27004033	41	Größe	NOUN	NN					S		Nom	F
27004033	42	werden	AUX	VAFIN		Fin	Past	3	S	Ind		
27004033	43	mir	PRON	PPER				1	S		Dat	
27004033	44	hinzufügen	VERB	VVPP		Part						
27004034	1	nun	ADV	ADV								
27004034	2	rühmen	VERB	VVFIN		Fin	Pres	3	S	Sub		
27004034	3	ich	PRON	PPER				1	S		Nom	
27004034	4	Nebukadnezar	PROPN	NE					S		Nom	
27004034	5	und	CCONJ	KON								
27004034	6	erheben	VERB	VVFIN		Fin	Pres	3	S	Sub		
27004034	7	und	CCONJ	KON								
27004034	8	verherrlich	VERB	VVFIN		Fin	Pres	3	S	Sub		
27004034	9	der	DET	ART					S		Acc	M
27004034	10	König	NOUN	NN					S		Nom	M
27004034	11	der	DET	ART					S		Gen	M
27004034	12	Himmel	NOUN	NN					S		Gen	M
27004034	13	der	PRON	PDS					S		Gen	
27004034	14	Werk	NOUN	NN					P		Nom	N
27004034	15	allesamt	ADV	ADV								
27004034	16	Wahrheit	NOUN	NN					S		Nom	F
27004034	17	und	CCONJ	KON								
27004034	18	der	PRON	PDS					S		Gen	
27004034	19	Weg	NOUN	NN					P		Acc	M
27004034	20	Recht	NOUN	NN					S		Nom	N
27004034	21	sein	AUX	VAFIN		Fin	Pres	3	P	Ind		
27004034	22	und	CCONJ	KON								
27004034	23	der	DET	ART					S		Nom	M
27004034	24	zu	ADP	PTKVZ								
27004034	25	erniedrigen	VERB	VVPP		Part						
27004034	26	vermögen	VERB	VVFIN		Fin	Pres	3	S	Ind		
27004034	27	der	DET	ART					S		Nom	F
27004034	28	in	ADP	APPR								
27004034	29	Hoffart	NOUN	NE					S		Nom	F
27004034	30	wandeln	VERB	VVINF		Inf						
27005001	1	der	DET	ART					S		Nom	M
27005001	2	König	NOUN	NN					S		Nom	M
27005001	3	Belsazar	PROPN	NE					S		Nom	M
27005001	4	machen	VERB	VVFIN		Fin	Past	3	S	Ind		
27005001	5	sein	DET	PPOSAT					S		Acc	M
27005001	6	tausend	NUM	CARD								
27005001	7	gewaltige	NOUN	NN					P		Nom	F
27005001	8	ein	DET	ART					S		Nom	N
27005001	9	groß	ADJ	ADJA	Pos				S		Nom	N
27005001	10	Mahl	NOUN	NN					S		Nom	N
27005001	11	und	CCONJ	KON								
27005001	12	er	PRON	PPER				3	S		Nom	M
27005001	13	trank	VERB	VVFIN		Fin	Past	3	S	Ind		
27005001	14	Wein	NOUN	NN					S		Nom	M
27005001	15	vor	ADP	APPR								
27005001	16	der	DET	ART					S		Acc	M
27005001	17	tausend	NUM	CARD								
27005002	1	Belsazar	PROPN	NE					S		Nom	M
27005002	2	befehlen	VERB	VVFIN		Fin	Past	3	S	Ind		
27005002	3	als	ADP	KOKOM								
27005002	4	der	DET	ART					S		Nom	M
27005002	5	Wein	NOUN	NN					S		Nom	M
27005002	6	ihm	PRON	PPER				3	S		Dat	M
27005002	7	schmecken	VERB	VVFIN		Fin	Past	3	S	Ind		
27005002	8	daß	SCONJ	KOUS								
27005002	9	man	PRON	PIS					S		Nom	
27005002	10	der	DET	ART					S		Nom	F
27005002	11	golden	ADJ	ADJA	Pos				S		Acc	M
27005002	12	und	CCONJ	KON								
27005002	13	der	DET	ART					S		Nom	F
27005002	14	silbern	ADJ	ADJA	Pos				S		Acc	M
27005002	15	Gefäß	NOUN	NN					P		Nom	N
27005002	16	herbeibrächen	VERB	VVFIN		Fin	Past	3	S	Ind		
27005002	17	welcher	DET	PWAT					S		Nom	F
27005002	18	sein	AUX	VAINF		Inf						
27005002	19	Vater	NOUN	NN					S		Nom	M
27005002	20	Nebukadnezar	PROPN	NE					S		Nom	
27005002	21	aus	ADP	PTKVZ								
27005002	22	der	DET	ART					S		Dat	M
27005002	23	Tempel	NOUN	NN					S		Nom	M
27005002	24	zu	ADP	PTKVZ								
27005002	25	Jerusalem	PROPN	NE					S		Nom	N
27005002	26	wegnehmen	VERB	VVPP		Part						
27005002	27	haben	AUX	VAFIN		Fin	Past	3	S	Ind		
27005002	28	auf	ADP	PTKVZ								
27005002	29	daß	SCONJ	KOUS								
27005002	30	der	DET	ART					S		Nom	M
27005002	31	König	NOUN	NN					S		Nom	M
27005002	32	und	CCONJ	KON								
27005002	33	sein	DET	PPOSAT					S		Nom	F
27005002	34	gewaltige	NOUN	NN					P		Nom	F
27005002	35	sein	DET	PPOSAT					S		Nom	F
27005002	36	Frau	NOUN	NN					P		Nom	F
27005002	37	und	CCONJ	KON								
27005002	38	sein	DET	PPOSAT					S		Nom	F
27005002	39	Kebsweiber	NOUN	NN					S		Nom	M
27005002	40	daraus	ADV	PROAV								
27005002	41	tränken	VERB	VVINF		Inf						
27005003	1	dann	ADV	ADV								
27005003	2	bringen	VERB	VVFIN		Fin	Past	3	S	Ind		
27005003	3	man	PRON	PIS					S		Nom	
27005003	4	der	DET	ART					S		Nom	F
27005003	5	golden	ADJ	ADJA	Pos				S		Acc	M
27005003	6	Gefäß	NOUN	NN					P		Nom	N
27005003	7	welcher	DET	PWAT					S		Nom	F
27005003	8	man	PRON	PIS					S		Nom	
27005003	9	aus	ADP	PTKVZ								
27005003	10	der	DET	ART					S		Dat	M
27005003	11	Tempel	NOUN	NN					S		Nom	M
27005003	12	der	DET	ART					S		Gen	M
27005003	13	Haus	NOUN	NN					S		Gen	N
27005003	14	Gott	NOUN	NN					S		Gen	M
27005003	15	zu	ADP	PTKVZ								
27005003	16	Jerusalem	PROPN	NE					S		Nom	N
27005003	17	wegnehmen	VERB	VVPP		Part						
27005003	18	haben	AUX	VAFIN		Fin	Past	3	S	Ind		
27005003	19	und	CCONJ	KON								
27005003	20	der	DET	ART					S		Nom	M
27005003	21	König	NOUN	NN					S		Nom	M
27005003	22	und	CCONJ	KON								
27005003	23	sein	DET	PPOSAT					S		Nom	F
27005003	24	gewaltige	NOUN	NN					P		Nom	F
27005003	25	sein	DET	PPOSAT					S		Nom	F
27005003	26	Frau	NOUN	NN					P		Nom	F
27005003	27	und	CCONJ	KON								
27005003	28	sein	DET	PPOSAT					S		Nom	F
27005003	29	Kebsweiber	NOUN	NN					S		Nom	M
27005003	30	Tranke	VERB	NN		Fin	Past	3	P	Ind		
27005003	31	daraus	ADV	PROAV								
27005004	1	sie	PRON	PPER				3	P		Nom	
27005004	2	Tranke	VERB	NN		Fin	Past	3	P	Ind		
27005004	3	Wein	NOUN	NN					S		Nom	M
27005004	4	und	CCONJ	KON								
27005004	5	rühmen	VERB	VVFIN		Fin	Past	3	P	Ind		
27005004	6	der	DET	ART					S		Nom	F
27005004	7	Götter	NOUN	NN					P		Nom	M
27005004	8	von	ADP	APPR								
27005004	9	Gold	NOUN	NN					S		Nom	N
27005004	10	und	CCONJ	KON								
27005004	11	Silber	NOUN	NN					S		Nom	N
27005004	12	von	ADP	APPR								
27005004	13	Erz	NOUN	NN					S		Nom	N
27005004	14	Eisen	NOUN	NN					S		Nom	N
27005004	15	Holz	NOUN	NN					S		Nom	N
27005004	16	und	CCONJ	KON								
27005004	17	Stein	NOUN	NN					S		Nom	M
27005005	1	in	ADP	APPR								
27005005	2	derselbe	DET	PDAT					S		Dat	N
27005005	3	Augenblick	NOUN	NN					S		Nom	M
27005005	4	kommen	VERB	VVFIN		Fin	Past	3	P	Ind		
27005005	5	Finger	NOUN	NN					S		Nom	M
27005005	6	ein	PRON	ART					S		Nom	M
27005005	7	Menschenhand	NOUN	NN					S		Nom	F
27005005	8	hervor	ADV	PTKVZ								
27005005	9	und	CCONJ	KON								
27005005	10	schreiben	VERB	VVFIN		Fin	Past	3	P	Ind		
27005005	11	der	DET	ART					S		Dat	M
27005005	12	Leuchter	NOUN	NN					S		Nom	M
27005005	13	gegenüber	ADP	APPO								
27005005	14	auf	ADP	PTKVZ								
27005005	15	der	DET	ART					S		Acc	M
27005005	16	Kalk	NOUN	NN					S		Nom	M
27005005	17	der	DET	ART					S		Nom	M
27005005	18	Wand	NOUN	NN					S		Nom	F
27005005	19	der	DET	ART					S		Gen	M
27005005	20	königlich	ADJ	ADJA	Pos				S		Acc	M
27005005	21	Palast	ADJ	NN	Pos				S		Nom	N
27005005	22	und	CCONJ	KON								
27005005	23	der	DET	ART					S		Nom	M
27005005	24	König	NOUN	NN					S		Nom	M
27005005	25	sehen	VERB	VVFIN		Fin	Past	3	S	Ind		
27005005	26	der	DET	ART					S		Nom	F
27005005	27	Hand	NOUN	NN					S		Nom	F
27005005	28	welcher	DET	PWAT					S		Nom	F
27005005	29	schreiben	VERB	VVFIN		Fin	Past	3	S	Ind		
27005006	1	da	SCONJ	KOUS								
27005006	2	verändern	VERB	VVFIN		Fin	Past	3	S	Ind		
27005006	3	sich	PRON	PRF				3	S		Acc	
27005006	4	der	DET	ART					S		Nom	F
27005006	5	Gesichtsfarbe	NOUN	NN					S		Nom	F
27005006	6	der	DET	ART					S		Gen	M
27005006	7	König	PROPN	NE					S		Nom	
27005006	8	und	CCONJ	KON								
27005006	9	sein	DET	PPOSAT					S		Nom	F
27005006	10	Gedanke	NOUN	NN					P		Nom	M
27005006	11	ängstigen	VERB	VVFIN		Fin	Past	3	P	Ind		
27005006	12	ihn	PRON	PPER				3	S		Acc	M
27005006	13	und	CCONJ	KON								
27005006	14	der	DET	ART					S		Nom	F
27005006	15	Band	NOUN	NN					P		Nom	N
27005006	16	sein	DET	PPOSAT					S		Dat	F
27005006	17	Hüfte	NOUN	NN					P		Nom	F
27005006	18	lösen	VERB	VVFIN		Fin	Past	3	P	Ind		
27005006	19	sich	PRON	PRF				3	S		Acc	
27005006	20	und	CCONJ	KON								
27005006	21	sein	DET	PPOSAT					S		Nom	F
27005006	22	Knie	NOUN	NN					S		Nom	N
27005006	23	schlagen	VERB	VVFIN		Fin	Past	3	P	Ind		
27005006	24	aneinander	ADV	ADV								
27005007	1	der	DET	ART					S		Nom	M
27005007	2	König	NOUN	NN					S		Nom	M
27005007	3	rufen	VERB	VVFIN		Fin	Past	3	S	Ind		
27005007	4	mit	ADP	APPR								
27005007	5	Macht	NOUN	NN					S		Nom	F
27005007	6	daß	SCONJ	KOUS								
27005007	7	man	PRON	PIS					S		Nom	
27005007	8	der	DET	ART					S		Nom	F
27005007	9	Beschwörer	NOUN	NN					P		Nom	M
27005007	10	der	DET	ART					S		Nom	F
27005007	11	Chaldäer	NOUN	NE					S		Nom	M
27005007	12	und	CCONJ	KON								
27005007	13	der	DET	ART					S		Nom	F
27005007	14	Wahrsager	NOUN	NN					S		Nom	M
27005007	15	Hereinbring	NOUN	NN					P		Nom	N
27005007	16	und	CCONJ	KON								
27005007	17	der	DET	ART					S		Nom	M
27005007	18	König	NOUN	NN					S		Nom	M
27005007	19	heben	VERB	VVFIN		Fin	Past	3	S	Ind		
27005007	20	an	ADP	PTKVZ								
27005007	21	und	CCONJ	KON								
27005007	22	sprechen	VERB	VVFIN		Fin	Past	3	S	Ind		
27005007	23	zu	ADP	PTKVZ								
27005007	24	der	DET	ART					S		Acc	M
27005007	25	weise	NOUN	NN					P		Nom	
27005007	26	von	ADP	APPR								
27005007	27	Babel	NOUN	NN					S		Nom	N
27005007	28	jeder	PRON	PIS					S		Nom	M
27005007	29	der	DET	ART					S		Nom	M
27005007	30	dieser	DET	PDAT					S		Nom	F
27005007	31	Schrift	NOUN	NN					S		Nom	F
27005007	32	lesen	VERB	VVINF		Inf						
27005007	33	und	CCONJ	KON								
27005007	34	ihr	DET	PPOSAT					S		Nom	F
27005007	35	Deutung	NOUN	NN					S		Nom	F
27005007	36	mir	PRON	PPER				1	S		Dat	
27005007	37	anzeigen	VERB	VVINF		Inf						
27005007	38	werden	AUX	VAFIN		Fin	Pres	3	S	Ind		
27005007	39	der	DET	ART					S		Nom	M
27005007	40	sollen	AUX	VMFIN		Fin	Pres	3	S	Ind		
27005007	41	mit	ADP	APPR								
27005007	42	Purpur	NOUN	NN					S		Nom	N
27005007	43	bekleiden	VERB	VVFIN		Fin	Pres	3	S	Ind		
27005007	44	werden	AUX	VAFIN		Fin	Pres	3	P	Ind		
27005007	45	mit	ADP	APPR								
27005007	46	ein	PRON	ART					S		Nom	M
27005007	47	golden	ADJ	ADJA	Pos				S		Acc	M
27005007	48	Kette	NOUN	NN					S		Nom	F
27005007	49	um	ADP	APPR								
27005007	50	sein	DET	PPOSAT					S		Acc	M
27005007	51	Hals	NOUN	NN					S		Nom	M
27005007	52	und	CCONJ	KON								
27005007	53	er	PRON	PPER				3	S		Nom	M
27005007	54	sollen	AUX	VMFIN		Fin	Pres	3	S	Ind		
27005007	55	als	ADP	KOKOM								
27005007	56	dritter	NOUN	NN					S		Nom	M
27005007	57	in	ADP	APPRART					S		Dat	N
27005007	58	Königreich	NOUN	NN					S		Nom	N
27005007	59	herrschen	VERB	VVINF		Inf						
27005008	1	dann	ADV	ADV								
27005008	2	kommen	VERB	VVFIN		Fin	Past	3	P	Ind		
27005008	3	aller	PRON	PIS					P		Nom	
27005008	4	weise	NOUN	NN					P		Nom	
27005008	5	der	DET	ART					S		Gen	M
27005008	6	König	PROPN	NE					S		Nom	
27005008	7	herbei	ADV	PTKVZ								
27005008	8	aber	CCONJ	KON								
27005008	9	sie	PRON	PPER				3	P		Nom	
27005008	10	vermochten	VERB	VVFIN		Fin	Past	3	P	Ind		
27005008	11	nicht	PART	PTKNEG								
27005008	12	der	DET	ART					S		Nom	F
27005008	13	Schrift	NOUN	NN					S		Nom	F
27005008	14	zu	ADP	PTKVZ								
27005008	15	lesen	VERB	VVINF		Inf						
27005008	16	noch	CCONJ	KON								
27005008	17	der	DET	ART					S		Nom	F
27005008	18	Deutung	NOUN	NN					S		Nom	F
27005008	19	derselbe	PRON	PDS					P		Dat	
27005008	20	der	DET	ART					S		Dat	M
27005008	21	König	NOUN	NN					S		Nom	M
27005008	22	kundzutun	VERB	VVIZU		Inf						
27005009	1	da	SCONJ	KOUS								
27005009	2	geraten	VERB	VVFIN		Fin	Past	3	S	Ind		
27005009	3	der	DET	ART					S		Nom	M
27005009	4	König	NOUN	NN					S		Nom	M
27005009	5	Belsazar	PROPN	NE					S		Nom	M
27005009	6	in	ADP	APPR								
27005009	7	groß	ADJ	ADJA	Pos				S		Nom	F
27005009	8	Angst	NOUN	NN					S		Nom	F
27005009	9	und	CCONJ	KON								
27005009	10	sein	DET	PPOSAT					S		Nom	F
27005009	11	Gesichtsfarbe	NOUN	NN					S		Nom	F
27005009	12	verändern	VERB	VVFIN		Fin	Past	3	S	Ind		
27005009	13	sich	PRON	PRF				3	S		Acc	
27005009	14	an	ADP	PTKVZ								
27005009	15	ihm	PRON	PPER				3	S		Dat	M
27005009	16	und	CCONJ	KON								
27005009	17	sein	DET	PPOSAT					S		Nom	F
27005009	18	gewaltige	NOUN	NN					P		Nom	F
27005009	19	werden	AUX	VAFIN		Fin	Past	3	P	Ind		
27005009	20	bestürzt	ADV	ADJD	Pos							
27005010	1	infolge	ADP	APPR								
27005010	2	der	DET	ART					S		Nom	M
27005010	3	Wort	NOUN	NN					P		Nom	N
27005010	4	der	DET	ART					S		Gen	M
27005010	5	König	PROPN	NE					S		Nom	
27005010	6	und	CCONJ	KON								
27005010	7	sein	DET	PPOSAT					S		Dat	F
27005010	8	gewaltige	NOUN	NN					P		Nom	F
27005010	9	treten	VERB	VVFIN		Fin	Past	3	S	Ind		
27005010	10	der	DET	ART					S		Nom	F
27005010	11	Königin	NOUN	NN					S		Nom	F
27005010	12	in	ADP	APPR								
27005010	13	der	DET	ART					S		Nom	N
27005010	14	Haus	NOUN	NN					S		Nom	N
27005010	15	der	DET	ART					S		Gen	M
27005010	16	Gelages	PROPN	NE					S		Nom	M
27005010	17	der	DET	ART					S		Nom	F
27005010	18	Königin	NOUN	NN					S		Nom	F
27005010	19	heben	VERB	VVFIN		Fin	Past	3	S	Ind		
27005010	20	an	ADP	PTKVZ								
27005010	21	und	CCONJ	KON								
27005010	22	sprechen	VERB	VVFIN		Fin	Past	3	S	Ind		
27005010	23	O	PROPN	NE								
27005010	24	König	NOUN	NN					S		Nom	M
27005010	25	leben	VERB	VVFIN		Fin	Pres	3	S	Sub		
27005010	26	ewiglich	ADV	ADJD	Pos							
27005010	27	laß	VERB	VVIMP				2	S	Imp		
27005010	28	dein	DET	PPOSAT					S		Nom	F
27005010	29	Gedanke	NOUN	NN					P		Nom	M
27005010	30	dich	PRON	PPER				2	S		Acc	
27005010	31	nicht	PART	PTKNEG								
27005010	32	ängstig	VERB	VVINF		Inf						
27005010	33	und	CCONJ	KON								
27005010	34	dein	DET	PPOSAT					S		Nom	F
27005010	35	Gesichtsfarbe	NOUN	NN					S		Nom	F
27005010	36	sich	PRON	PRF				3	S		Acc	
27005010	37	nicht	PART	PTKNEG								
27005010	38	verändern	VERB	VVINF		Inf						
27005011	1	es	PRON	PPER				3	S		Nom	N
27005011	2	sein	AUX	VAFIN		Fin	Pres	3	S	Ind		
27005011	3	ein	DET	ART					S		Nom	N
27005011	4	Mann	NOUN	NN					S		Nom	M
27005011	5	in	ADP	APPR								
27005011	6	dein	DET	PPOSAT					S		Dat	M
27005011	7	Königreich	NOUN	NN					S		Nom	N
27005011	8	in	ADP	APPR								
27005011	9	welcher	DET	PWAT					S		Dat	N
27005011	10	der	DET	ART					S		Nom	M
27005011	11	Geist	NOUN	NN					S		Nom	M
27005011	12	der	DET	ART					S		Nom	M
27005011	13	heilig	ADJ	ADJA	Pos				S		Acc	M
27005011	14	Götter	NOUN	NN					P		Nom	M
27005011	15	sein	AUX	VAFIN		Fin	Pres	3	S	Ind		
27005011	16	und	CCONJ	KON								
27005011	17	in	ADP	APPR								
27005011	18	der	DET	ART					S		Acc	M
27005011	19	Tag	NOUN	NN					P		Dat	M
27005011	20	dein	DET	PPOSAT					S		Gen	N
27005011	21	Vater	NOUN	NN					S		Gen	M
27005011	22	werden	AUX	VAFIN		Fin	Past	3	P	Ind		
27005011	23	Erleuchtung	NOUN	NN					S		Nom	F
27005011	24	und	CCONJ	KON								
27005011	25	Verstand	NOUN	NN					S		Nom	M
27005011	26	und	CCONJ	KON								
27005011	27	Weisheit	NOUN	NN					S		Nom	F
27005011	28	gleich	ADV	ADV	Pos							
27005011	29	der	DET	ART					S		Nom	M
27005011	30	Weisheit	NOUN	NN					S		Nom	F
27005011	31	der	DET	ART					S		Nom	M
27005011	32	Götter	NOUN	NN					P		Nom	M
27005011	33	bei	ADP	APPR								
27005011	34	ihm	PRON	PPER				3	S		Dat	M
27005011	35	finden	VERB	VVPP		Part						
27005011	36	und	CCONJ	KON								
27005011	37	der	DET	ART					S		Nom	M
27005011	38	König	NOUN	NN					S		Nom	M
27005011	39	Nebukadnezar	PROPN	NE					S		Nom	
27005011	40	dein	DET	PPER					S		Nom	N
27005011	41	Vater	NOUN	NN					S		Nom	M
27005011	42	haben	AUX	VAFIN		Fin	Pres	3	S	Ind		
27005011	43	ihn	PRON	PPER				3	S		Acc	M
27005011	44	zu	ADP	APPRART					S		Dat	N
27005011	45	oberer	ADJ	ADJA	Sup				S		Dat	F
27005011	46	der	DET	ART					S		Nom	M
27005011	47	Schriftgelehrt	NOUN	NN					P		Nom	F
27005011	48	der	DET	ART					S		Nom	M
27005011	49	Beschwörer	NOUN	NN					P		Nom	M
27005011	50	der	DET	ART					S		Nom	M
27005011	51	Chaldäer	NOUN	NE					S		Nom	M
27005011	52	und	CCONJ	KON								
27005011	53	der	DET	ART					S		Nom	M
27005011	54	Wahrsager	NOUN	NN					S		Nom	M
27005011	55	erheben	VERB	VVPP		Fin	Past	3	P	Ind		
27005011	56	dein	DET	PPER					S		Nom	N
27005011	57	Vater	NOUN	NN					S		Nom	M
27005011	58	o	PROPN	NE					S		Nom	
27005011	59	König	NOUN	NN					S		Nom	M
27005012	1	darum	ADV	PROAV								
27005012	2	daß	SCONJ	KOUS								
27005012	3	ein	DET	ART					S		Nom	N
27005012	4	außergewöhnlich	ADV	ADJD	Cmp							
27005012	5	Geist	NOUN	NN					S		Nom	M
27005012	6	und	CCONJ	KON								
27005012	7	Kenntnis	NOUN	NN					S		Nom	F
27005012	8	und	CCONJ	KON								
27005012	9	Verstand	NOUN	NN					S		Nom	M
27005012	10	ein	DET	ART					S		Nom	N
27005012	11	Geist	NOUN	NN					S		Nom	M
27005012	12	der	DET	ART					S		Nom	M
27005012	13	Traumdeutung	NOUN	NN					S		Nom	F
27005012	14	und	CCONJ	KON								
27005012	15	der	DET	ART					S		Nom	M
27005012	16	Rätselerklärung	NOUN	NN					S		Nom	F
27005012	17	und	CCONJ	KON								
27005012	18	der	DET	ART					S		Nom	M
27005012	19	Knotenlösung	NOUN	NN					S		Nom	F
27005012	20	bei	ADP	APPR								
27005012	21	ihm	PRON	PPER				3	S		Dat	M
27005012	22	finden	VERB	VVPP		Part						
27005012	23	werden	AUX	VAFIN		Fin	Past	3	S	Ind		
27005012	24	bei	ADP	APPR								
27005012	25	Daniel	PROPN	NE					S		Nom	M
27005012	26	welcher	DET	PWAT					S		Dat	N
27005012	27	der	DET	ART					S		Nom	M
27005012	28	König	NOUN	NN					S		Nom	M
27005012	29	der	DET	ART					S		Acc	M
27005012	30	Name	NOUN	NN					P		Nom	M
27005012	31	Beltsazar	NOUN	NN					S		Nom	M
27005012	32	geben	VERB	VVPP		Part						
27005012	33	haben	AUX	VAFIN		Fin	Pres	3	S	Ind		
27005012	34	so	ADV	ADV								
27005012	35	werden	AUX	VAFIN		Fin	Pres	3	S	Sub		
27005012	36	nun	ADV	ADV								
27005012	37	Daniel	PROPN	NE					S		Nom	M
27005012	38	rufen	VERB	VVPP		Part						
27005012	39	und	CCONJ	KON								
27005012	40	er	PRON	PPER				3	S		Nom	M
27005012	41	werden	AUX	VAFIN		Fin	Pres	3	S	Ind		
27005012	42	der	DET	ART					S		Nom	F
27005012	43	Deutung	NOUN	NN					S		Nom	F
27005012	44	anzeigen	VERB	VVINF		Inf						
27005013	1	darauf	ADV	PROAV								
27005013	2	werden	AUX	VAFIN		Fin	Past	3	S	Ind		
27005013	3	Daniel	PROPN	NE					S		Nom	M
27005013	4	vor	ADP	APPR								
27005013	5	der	DET	ART					S		Acc	M
27005013	6	König	NOUN	NN					S		Nom	M
27005013	7	führen	VERB	VVPP		Part						
27005013	8	der	DET	ART					S		Nom	M
27005013	9	König	NOUN	NN					S		Nom	M
27005013	10	heben	VERB	VVFIN		Fin	Past	3	S	Ind		
27005013	11	an	ADP	PTKVZ								
27005013	12	und	CCONJ	KON								
27005013	13	sprechen	VERB	VVFIN		Fin	Past	3	S	Ind		
27005013	14	zu	ADP	PTKVZ								
27005013	15	Daniel	PROPN	NE					S		Nom	M
27005013	16	Bist	AUX	VAFIN		Fin	Pres	2	S	Ind		
27005013	17	du	PRON	PPER				2	S		Nom	
27005013	18	Daniel	PROPN	NE					S		Nom	M
27005013	19	ein	PRON	ART					S		Nom	M
27005013	20	der	DET	ART					S		Nom	M
27005013	21	Weggeführt	NOUN	NN					P		Nom	M
27005013	22	von	ADP	APPR								
27005013	23	Juda	PROPN	NE					S		Nom	M
27005013	24	welcher	DET	PWAT					S		Nom	F
27005013	25	der	DET	ART					S		Nom	M
27005013	26	König	NOUN	NN					S		Nom	M
27005013	27	mein	DET	PPOSAT					S		Nom	N
27005013	28	Vater	NOUN	NN					S		Nom	M
27005013	29	aus	ADP	PTKVZ								
27005013	30	Juda	PROPN	NE					S		Nom	M
27005013	31	hergebracht	VERB	VVPP		Part						
27005013	32	haben	AUX	VAFIN		Fin	Pres	3	S	Ind		
27005014	1	und	CCONJ	KON								
27005014	2	ich	PRON	PPER				1	S		Nom	
27005014	3	haben	AUX	VAFIN		Fin	Pres	3	S	Sub		
27005014	4	von	ADP	APPR								
27005014	5	dir	PRON	PPER				2	S		Dat	
27005014	6	gehören	VERB	VVFIN		Fin	Pres	3	S	Ind		
27005014	7	daß	SCONJ	KOUS								
27005014	8	der	DET	ART					S		Nom	M
27005014	9	Geist	NOUN	NN					S		Nom	M
27005014	10	der	DET	ART					S		Nom	M
27005014	11	Götter	NOUN	NN					P		Nom	M
27005014	12	in	ADP	APPR								
27005014	13	dir	PRON	PPER				2	S		Dat	
27005014	14	sein	AUX	VAFIN		Fin	Pres	3	S	Ind		
27005014	15	und	CCONJ	KON								
27005014	16	daß	SCONJ	KOUS								
27005014	17	Licht	NOUN	NN					S		Nom	N
27005014	18	und	CCONJ	KON								
27005014	19	Verstand	NOUN	NN					S		Nom	M
27005014	20	und	CCONJ	KON								
27005014	21	außergewöhnlich	ADJ	ADJA	Pos				S		Nom	F
27005014	22	Weisheit	NOUN	NN					S		Nom	F
27005014	23	bei	ADP	APPR								
27005014	24	dir	PRON	PPER				2	S		Dat	
27005014	25	finden	VERB	VVPP		Part						
27005014	26	werden	AUX	VAFIN		Fin	Pres	3	P	Ind		
27005015	1	und	CCONJ	KON								
27005015	2	nun	ADV	ADV								
27005015	3	sein	AUX	VAFIN		Fin	Pres	3	P	Ind		
27005015	4	der	DET	ART					S		Nom	F
27005015	5	weise	NOUN	NN					P		Nom	
27005015	6	der	DET	ART					S		Nom	F
27005015	7	Beschwörer	NOUN	NN					P		Nom	M
27005015	8	vor	ADP	APPR								
27005015	9	mich	PRON	PPER				1	S		Acc	
27005015	10	führen	VERB	VVPP		Part						
27005015	11	werden	AUX	VAPP		Part						
27005015	12	damit	ADV	PROAV								
27005015	13	sie	PRON	PPER				3	P		Nom	
27005015	14	dieser	DET	PDAT					S		Nom	F
27005015	15	Schrift	NOUN	NN					S		Nom	F
27005015	16	Läse	NOUN	NN					P		Nom	F
27005015	17	und	CCONJ	KON								
27005015	18	ihr	DET	PPOSAT					S		Nom	F
27005015	19	Deutung	NOUN	NN					S		Nom	F
27005015	20	mir	PRON	PPER				1	S		Dat	
27005015	21	Kundtät	NOUN	NN					P		Nom	M
27005015	22	aber	CCONJ	KON								
27005015	23	sie	PRON	PPER				3	P		Nom	
27005015	24	Vermögen	VERB	VVFIN		Fin	Pres	3	P	Ind		
27005015	25	nicht	PART	PTKNEG								
27005015	26	der	DET	ART					S		Nom	F
27005015	27	Deutung	NOUN	NN					S		Nom	F
27005015	28	der	DET	ART					S		Nom	M
27005015	29	Sache	NOUN	NN					S		Nom	F
27005015	30	anzeigen	VERB	VVIZU		Inf						
27005016	1	ich	PRON	PPER				1	S		Nom	
27005016	2	haben	AUX	VAFIN		Fin	Pres	3	S	Sub		
27005016	3	aber	CCONJ	KON								
27005016	4	von	ADP	APPR								
27005016	5	dir	PRON	PPER				2	S		Dat	
27005016	6	gehören	VERB	VVFIN		Fin	Pres	3	S	Ind		
27005016	7	daß	SCONJ	KOUS								
27005016	8	du	PRON	PPER				2	S		Nom	
27005016	9	Deutung	NOUN	NN					S		Nom	F
27005016	10	zu	ADP	PTKVZ								
27005016	11	geben	VERB	VVINF		Inf						
27005016	12	und	CCONJ	KON								
27005016	13	Knoten	NOUN	NN					S		Nom	M
27005016	14	zu	ADP	PTKVZ								
27005016	15	lösen	VERB	VVINF		Inf						
27005016	16	vermagstn	VERB	ADV		Fin	Pres	3	S	Sub		
27005016	17	nun	ADV	ADV								
27005016	18	wenn	SCONJ	KOUS								
27005016	19	du	PRON	PPER				2	S		Nom	
27005016	20	dieser	DET	PDAT					S		Nom	F
27005016	21	Schrift	NOUN	NN					S		Nom	F
27005016	22	zu	ADP	PTKVZ								
27005016	23	lesen	VERB	VVINF		Inf						
27005016	24	und	CCONJ	KON								
27005016	25	ihr	DET	PPOSAT					S		Nom	F
27005016	26	Deutung	NOUN	NN					S		Nom	F
27005016	27	mir	PRON	PPER				1	S		Dat	
27005016	28	kundzutun	VERB	VVIZU		Inf						
27005016	29	vermagstn	VERB	ADV		Fin	Pres	3	S	Sub		
27005016	30	so	ADV	ADV								
27005016	31	sollst	AUX	VMFIN		Fin	Pres	3	S	Ind		
27005016	32	du	PRON	PPER				2	S		Nom	
27005016	33	mit	ADP	APPR								
27005016	34	Purpur	NOUN	NN					S		Nom	N
27005016	35	bekleiden	VERB	VVFIN		Fin	Pres	3	S	Ind		
27005016	36	werden	AUX	VAFIN		Fin	Pres	3	P	Ind		
27005016	37	mit	ADP	APPR								
27005016	38	ein	PRON	ART					S		Nom	M
27005016	39	golden	ADJ	ADJA	Pos				S		Acc	M
27005016	40	Kette	NOUN	NN					S		Nom	F
27005016	41	um	ADP	APPR								
27005016	42	dein	DET	PPOSAT					S		Acc	M
27005016	43	Hals	NOUN	NN					S		Nom	M
27005016	44	und	CCONJ	KON								
27005016	45	du	PRON	PPER				2	S		Nom	
27005016	46	sollst	AUX	VMFIN		Fin	Pres	3	S	Ind		
27005016	47	als	ADP	KOKOM								
27005016	48	dritter	NOUN	NN					S		Nom	M
27005016	49	in	ADP	APPRART					S		Dat	N
27005016	50	Königreich	NOUN	NN					S		Nom	N
27005016	51	herrschen	VERB	VVINF		Inf						
27005017	1	da	SCONJ	KOUS								
27005017	2	antworten	VERB	VVFIN		Fin	Past	3	S	Ind		
27005017	3	Daniel	PROPN	NE					S		Nom	M
27005017	4	und	CCONJ	KON								
27005017	5	sprechen	VERB	VVFIN		Fin	Past	3	S	Ind		
27005017	6	vor	ADP	APPR								
27005017	7	der	DET	ART					S		Dat	M
27005017	8	König	NOUN	NN					S		Nom	M
27005017	9	Deine	DET	PPOSAT					S		Nom	F
27005017	10	Gabe	NOUN	NN					P		Nom	F
27005017	11	mögen	AUX	VMFIN		Fin	Pres	3	P	Ind		
27005017	12	dir	PRON	PPER				2	S		Dat	
27005017	13	verbleiben	VERB	VVINF		Inf						
27005017	14	und	CCONJ	KON								
27005017	15	dein	DET	PPOSAT					S		Nom	F
27005017	16	Geschenk	NOUN	NN					P		Nom	N
27005017	17	gib	VERB	VVIMP				2	S	Imp		
27005017	18	ein	DET	ART					S		Dat	M
27005017	19	anderer	PRON	PIS					P		Dat	
27005017	20	jedoch	ADV	ADV								
27005017	21	werden	AUX	VAFIN		Fin	Pres	3	S	Sub		
27005017	22	ich	PRON	PPER				1	S		Nom	
27005017	23	der	DET	ART					S		Nom	F
27005017	24	Schrift	NOUN	NN					S		Nom	F
27005017	25	der	DET	ART					S		Dat	M
27005017	26	König	NOUN	NN					S		Nom	M
27005017	27	lesen	VERB	VVINF		Inf						
27005017	28	und	CCONJ	KON								
27005017	29	der	DET	ART					S		Nom	F
27005017	30	Deutung	NOUN	NN					S		Nom	F
27005017	31	ihm	PRON	PPER				3	S		Dat	M
27005017	32	kundtun	VERB	VVINF		Inf						
27005018	1	du	PRON	PPER				2	S		Nom	
27005018	2	o	PROPN	NE					S		Nom	
27005018	3	König	NOUN	NN					S		Nom	M
27005018	4	der	DET	ART					S		Nom	M
27005018	5	hoch	ADJ	ADJA	Sup				S		Nom	F
27005018	6	Gott	NOUN	NN					S		Nom	M
27005018	7	haben	AUX	VAFIN		Fin	Past	3	S	Ind		
27005018	8	Nebukadnezar	PROPN	NE					S		Nom	
27005018	9	dein	DET	PPOSAT					S		Dat	M
27005018	10	Vater	NOUN	NN					S		Nom	M
27005018	11	der	DET	ART					S		Nom	N
27005018	12	Königtum	NOUN	NN					S		Nom	N
27005018	13	und	CCONJ	KON								
27005018	14	der	DET	ART					S		Nom	F
27005018	15	Größe	NOUN	NN					S		Nom	F
27005018	16	und	CCONJ	KON								
27005018	17	der	DET	ART					S		Nom	F
27005018	18	Ehre	NOUN	NN					S		Nom	F
27005018	19	und	CCONJ	KON								
27005018	20	der	DET	ART					S		Nom	F
27005018	21	Herrlichkeit	NOUN	NN					S		Nom	F
27005018	22	verleihen	VERB	VVPP		Part						
27005019	1	und	CCONJ	KON								
27005019	2	wegen	ADP	APPR								
27005019	3	der	DET	ART					S		Nom	M
27005019	4	Größe	NOUN	NN					S		Nom	F
27005019	5	der	DET	ART					S		Nom	F
27005019	6	er	PRON	PPER				3	S		Nom	M
27005019	7	ihm	PRON	PPER				3	S		Dat	M
27005019	8	verleihen	VERB	VVPP		Part						
27005019	9	beben	VERB	VVFIN		Fin	Past	3	P	Ind		
27005019	10	und	CCONJ	KON								
27005019	11	fürchten	VERB	VVFIN		Fin	Past	3	P	Ind		
27005019	12	sich	PRON	PRF				3	S		Acc	
27005019	13	vor	ADP	APPR								
27005019	14	ihm	PRON	PPER				3	S		Dat	M
27005019	15	aller	PRON	PIS					P		Nom	
27005019	16	Volk	NOUN	NN					P		Nom	N
27005019	17	Völkerschaft	NOUN	NN					P		Nom	F
27005019	18	und	CCONJ	KON								
27005019	19	Sprache	NOUN	NN					P		Nom	F
27005019	20	wen	ADV	PWS								
27005019	21	er	PRON	PPER				3	S		Nom	M
27005019	22	wollen	AUX	VMFIN		Fin	Past	3	S	Ind		
27005019	23	töten	VERB	VVFIN		Fin	Past	3	S	Ind		
27005019	24	er	PRON	PPER				3	S		Nom	M
27005019	25	und	CCONJ	KON								
27005019	26	wen	PRON	PWS					S		Acc	M
27005019	27	er	PRON	PPER				3	S		Nom	M
27005019	28	wollen	AUX	VMFIN		Fin	Past	3	S	Ind		
27005019	29	lassen	VERB	VVFIN		Fin	Past	3	S	Ind		
27005019	30	er	PRON	PPER				3	S		Nom	M
27005019	31	leben	VERB	VVFIN		Fin	Pres	3	P	Ind		
27005019	32	und	CCONJ	KON								
27005019	33	wen	PRON	PWS					S		Acc	M
27005019	34	er	PRON	PPER				3	S		Nom	M
27005019	35	wollen	AUX	VMFIN		Fin	Past	3	S	Ind		
27005019	36	erheben	VERB	VVFIN		Fin	Past	3	S	Ind		
27005019	37	er	PRON	PPER				3	S		Nom	M
27005019	38	und	CCONJ	KON								
27005019	39	wen	PRON	PWS					S		Acc	M
27005019	40	er	PRON	PPER				3	S		Nom	M
27005019	41	wollen	AUX	VMFIN		Fin	Past	3	S	Ind		
27005019	42	erniedrigen	VERB	VVFIN		Fin	Past	3	S	Ind		
27005019	43	er	PRON	PPER				3	S		Nom	M
27005020	1	als	ADP	APPR								
27005020	2	aber	CCONJ	KON								
27005020	3	sein	AUX	VAINF		Inf						
27005020	4	Herz	NOUN	NN					S		Nom	N
27005020	5	sich	PRON	PRF				3	S		Acc	
27005020	6	erheben	VERB	VVFIN		Fin	Past	3	S	Ind		
27005020	7	und	CCONJ	KON								
27005020	8	sein	AUX	VAINF		Inf						
27005020	9	Geist	NOUN	NN					S		Nom	M
27005020	10	bis	CCONJ	KON								
27005020	11	zu	ADP	APPRART					S		Dat	F
27005020	12	Vermessenheit	NOUN	NN					S		Nom	F
27005020	13	sich	PRON	PRF				3	S		Acc	
27005020	14	verstocken	VERB	VVFIN		Fin	Past	3	S	Ind		
27005020	15	werden	AUX	VAFIN		Fin	Past	3	S	Ind		
27005020	16	er	PRON	PPER				3	S		Nom	M
27005020	17	von	ADP	APPR								
27005020	18	sein	DET	PPOSAT					S		Dat	M
27005020	19	königlich	ADJ	ADJA	Pos				S		Acc	M
27005020	20	Throne	NOUN	NN					S		Nom	F
27005020	21	stürzen	VERB	VVPP		Part						
27005020	22	und	CCONJ	KON								
27005020	23	man	PRON	PIS					S		Nom	
27005020	24	nehmen	VERB	VVFIN		Fin	Past	3	S	Ind		
27005020	25	ihm	PRON	PPER				3	S		Dat	M
27005020	26	sein	DET	PPOSAT					S		Nom	F
27005020	27	werden	NOUN	VAFIN					S		Nom	F
27005021	1	und	CCONJ	KON								
27005021	2	er	PRON	PPER				3	S		Nom	M
27005021	3	werden	AUX	VAFIN		Fin	Past	3	S	Ind		
27005021	4	von	ADP	APPR								
27005021	5	der	DET	ART					S		Acc	M
27005021	6	Menschenkindern	NOUN	NN					P		Dat	M
27005021	7	ausstoßen	VERB	VVPP		Part						
27005021	8	und	CCONJ	KON								
27005021	9	sein	AUX	VAINF		Inf						
27005021	10	Herz	NOUN	NN					S		Nom	N
27005021	11	werden	AUX	VAFIN		Fin	Past	3	S	Ind		
27005021	12	der	DET	ART					S		Dat	M
27005021	13	der	DET	ART					S		Nom	M
27005021	14	Tier	NOUN	NN					P		Nom	N
27005021	15	gleich	ADV	ADV	Pos							
27005021	16	und	CCONJ	KON								
27005021	17	sein	DET	PPOSAT					S		Nom	F
27005021	18	Wohnung	NOUN	NN					S		Nom	F
27005021	19	sein	AUX	VAFIN		Fin	Past	3	S	Ind		
27005021	20	bei	ADP	APPR								
27005021	21	der	DET	ART					S		Acc	M
27005021	22	Wildesel	NOUN	NN					P		Nom	F
27005021	23	man	PRON	PIS					S		Nom	
27005021	24	geben	VERB	VVFIN		Fin	Past	3	S	Ind		
27005021	25	ihm	PRON	PPER				3	S		Dat	M
27005021	26	Kraut	NOUN	NN					S		Nom	N
27005021	27	zu	ADP	PTKVZ								
27005021	28	essen	VERB	VVINF		Inf						
27005021	29	wie	ADP	KOKOM								
27005021	30	der	DET	ART					S		Acc	M
27005021	31	Rind	NOUN	NN					P		Dat	N
27005021	32	und	CCONJ	KON								
27005021	33	sein	AUX	VAINF		Inf						
27005021	34	Leib	NOUN	NN					S		Nom	M
27005021	35	werden	AUX	VAFIN		Fin	Past	3	S	Ind		
27005021	36	von	ADP	APPRART					S		Dat	N
27005021	37	Tau	PROPN	NE					S		Nom	
27005021	38	der	DET	ART					S		Gen	M
27005021	39	Himmel	NOUN	NN					S		Gen	M
27005021	40	benetzen	VERB	VVPP		Part						
27005021	42	bis	CCONJ	KON								
27005021	43	er	PRON	PPER				3	S		Nom	M
27005021	44	erkennen	VERB	VVFIN		Fin	Past	3	S	Ind		
27005021	45	daß	SCONJ	KOUS								
27005021	46	der	DET	ART					S		Nom	M
27005021	47	hoch	ADJ	ADJA	Sup				S		Nom	F
27005021	48	Gott	NOUN	NN					S		Nom	M
27005021	49	über	ADP	APPR								
27005021	50	der	DET	ART					S		Nom	N
27005021	51	Königtum	NOUN	NN					S		Nom	N
27005021	52	der	DET	ART					S		Nom	M
27005021	53	Mensch	NOUN	NN					P		Nom	M
27005021	54	herrschen	VERB	VVFIN		Fin	Pres	3	S	Ind		
27005021	55	und	CCONJ	KON								
27005021	56	darüber	ADV	PROAV								
27005021	57	bestellen	VERB	VVPP		Part						
27005021	58	wen	PRON	PWS					S		Acc	M
27005021	59	er	PRON	PPER				3	S		Nom	M
27005021	60	wollen	AUX	VMFIN		Fin	Pres	3	S	Ind		
27005022	1	und	CCONJ	KON								
27005022	2	du	PRON	PPER				2	S		Nom	
27005022	3	Belsazar	PROPN	NE					S		Nom	M
27005022	4	sein	AUX	VAINF		Inf						
27005022	5	Sohn	NOUN	NN					S		Nom	M
27005022	6	haben	AUX	VAFIN		Fin	Pres	2	S	Ind		
27005022	7	dein	DET	PPER					S		Nom	N
27005022	8	Herz	NOUN	NN					S		Nom	N
27005022	9	nicht	PART	PTKNEG								
27005022	10	demütigen	VERB	VVPP		Part						
27005022	11	obwohl	SCONJ	KOUS								
27005022	12	du	PRON	PPER				2	S		Nom	
27005022	13	dieser	DET	PDAT					S		Nom	N
27005022	14	alle	PRON	PIS					S		Nom	N
27005022	15	wissen	VERB	VVPP		Part						
27005022	16	haben	AUX	VAFIN		Fin	Pres	2	S	Ind		
27005023	1	und	CCONJ	KON								
27005023	2	du	PRON	PPER				2	S		Nom	
27005023	3	haben	AUX	VAFIN		Fin	Pres	2	S	Ind		
27005023	4	dich	PRON	PPER				2	S		Acc	
27005023	5	über	ADP	APPR								
27005023	6	der	DET	ART					S		Acc	M
27005023	7	Herr	NOUN	NN					S		Acc	M
27005023	8	der	DET	ART					S		Gen	M
27005023	9	Himmel	NOUN	NN					S		Gen	M
27005023	10	erheben	VERB	VVPP		Fin	Past	3	P	Ind		
27005023	11	und	CCONJ	KON								
27005023	12	man	PRON	PIS					S		Nom	
27005023	13	haben	AUX	VAFIN		Fin	Pres	3	S	Ind		
27005023	14	der	DET	ART					S		Nom	F
27005023	15	Gefäß	NOUN	NN					P		Nom	N
27005023	16	sein	DET	PPOSAT					S		Gen	M
27005023	17	Haus	NOUN	NN					S		Gen	N
27005023	18	vor	ADP	APPR								
27005023	19	dich	PRON	PPER				2	S		Acc	
27005023	20	bringen	VERB	VVPP		Part						
27005023	21	und	CCONJ	KON								
27005023	22	du	PRON	PPER				2	S		Nom	
27005023	23	und	CCONJ	KON								
27005023	24	dein	DET	PPOSAT					S		Nom	F
27005023	25	gewaltige	NOUN	NN					P		Nom	F
27005023	26	dein	DET	PPOSAT					S		Nom	F
27005023	27	Frau	NOUN	NN					P		Nom	F
27005023	28	und	CCONJ	KON								
27005023	29	dein	DET	PPOSAT					S		Nom	F
27005023	30	Kebsweiber	NOUN	NN					S		Nom	M
27005023	31	ihr	PRON	PPOSAT				3	S		Dat	F
27005023	32	habben	VERB	VAFIN				2	P	Imp		
27005023	33	Wein	NOUN	NN					S		Nom	M
27005023	34	daraus	ADV	PROAV								
27005023	35	trinken	VERB	VVPP		Part						
27005023	36	und	CCONJ	KON								
27005023	37	du	PRON	PPER				2	S		Nom	
27005023	38	haben	AUX	VAFIN		Fin	Pres	2	S	Ind		
27005023	39	der	DET	ART					S		Nom	F
27005023	40	Götter	NOUN	NN					P		Nom	M
27005023	41	von	ADP	APPR								
27005023	42	Silber	NOUN	NN					S		Nom	N
27005023	43	und	CCONJ	KON								
27005023	44	Gold	NOUN	NN					S		Nom	N
27005023	45	von	ADP	APPR								
27005023	46	Erz	NOUN	NN					S		Nom	N
27005023	47	Eisen	NOUN	NN					S		Nom	N
27005023	48	Holz	NOUN	NN					S		Nom	N
27005023	49	und	CCONJ	KON								
27005023	50	Stein	NOUN	NN					S		Nom	M
27005023	51	rühmen	VERB	VVPP		Part						
27005023	52	der	DET	ART					S		Nom	F
27005023	53	nicht	PART	PTKNEG								
27005023	54	sehen	VERB	VVINF		Fin	Pres	3	P	Ind		
27005023	55	und	CCONJ	KON								
27005023	56	nicht	PART	PTKNEG								
27005023	57	hören	VERB	VVINF		Inf						
27005023	58	und	CCONJ	KON								
27005023	59	nicht	PART	PTKNEG								
27005023	60	wahrnehmen	VERB	VVINF		Inf						
27005023	61	aber	CCONJ	KON								
27005023	62	der	DET	ART					S		Acc	M
27005023	63	Gott	NOUN	NN					S		Nom	M
27005023	64	in	ADP	APPR								
27005023	65	der	PRON	PDS					S		Gen	
27005023	66	Hand	NOUN	NN					S		Nom	F
27005023	67	dein	DET	PPER					S		Nom	N
27005023	68	Odem	NOUN	XY					S		Nom	M
27005023	69	sein	AUX	VAFIN		Fin	Pres	3	S	Ind		
27005023	70	und	CCONJ	KON								
27005023	71	bei	ADP	APPR								
27005023	72	der	DET	ART					S		Dat	M
27005023	73	aller	PRON	PIS					P		Nom	
27005023	74	dein	DET	PPOSAT					S		Nom	F
27005023	75	Weg	NOUN	NN					P		Acc	M
27005023	76	sein	AUX	VAFIN		Fin	Pres	3	P	Ind		
27005023	77	haben	AUX	VAFIN		Fin	Pres	2	S	Ind		
27005023	78	du	PRON	PPER				2	S		Nom	
27005023	79	nicht	PART	PTKNEG								
27005023	80	ehren	VERB	VVPP		Part						
27005024	1	da	SCONJ	KOUS								
27005024	2	werden	AUX	VAFIN		Fin	Past	3	S	Ind		
27005024	3	von	ADP	APPR								
27005024	4	ihm	PRON	PPER				3	S		Dat	M
27005024	5	dieser	DET	PDAT					S		Nom	F
27005024	6	Hand	NOUN	NN					S		Nom	F
27005024	7	gesandt	VERB	VVPP		Part						
27005024	8	und	CCONJ	KON								
27005024	9	dieser	DET	PDAT					S		Nom	F
27005024	10	Schrift	NOUN	NN					S		Nom	F
27005024	11	zeichnen	VERB	VVPP		Part						
27005025	1	und	CCONJ	KON								
27005025	2	dieser	PRON	PDS					S		Nom	N
27005025	3	sein	AUX	VAFIN		Fin	Pres	3	S	Ind		
27005025	4	der	DET	ART					S		Nom	F
27005025	5	Schrift	NOUN	NN					S		Nom	F
27005025	6	welcher	DET	PWAT					S		Nom	F
27005025	7	zeichnen	VERB	VVPP		Part						
27005025	8	werden	AUX	VAPP		Part						
27005025	9	sein	AUX	VAFIN		Fin	Pres	3	S	Ind		
27005025	10	Mene	PROPN	NE					S		Nom	
27005025	11	Mene	NOUN	NN					S		Nom	F
27005025	12	Tekel	PROPN	NN					S		Nom	N
27005025	13	Upharsin	NOUN	NN					S		Nom	F
27005026	1	dieser	PRON	PDS					S		Nom	N
27005026	2	sein	AUX	VAFIN		Fin	Pres	3	S	Ind		
27005026	3	der	DET	ART					S		Nom	F
27005026	4	Deutung	NOUN	NN					S		Nom	F
27005026	5	der	DET	ART					S		Nom	M
27005026	6	Sache	NOUN	NN					S		Nom	F
27005026	7	Mene	PROPN	NE					S		Nom	
27005026	9	Gott	NOUN	NN					S		Nom	M
27005026	10	haben	AUX	VAFIN		Fin	Pres	3	S	Ind		
27005026	11	dein	DET	PPER					S		Nom	N
27005026	12	Königtum	NOUN	NN					S		Nom	N
27005026	13	zählen	VERB	VVPP		Part						
27005026	14	und	CCONJ	KON								
27005026	15	machen	VERB	VVFIN		Fin	Pres	3	S	Ind		
27005026	16	ihm	PRON	PPER				3	S		Dat	M
27005026	17	ein	DET	ART					S		Nom	N
27005026	18	Ende	NOUN	NN					S		Nom	N
27005027	1	Tekel	NOUN	NN					S		Nom	N
27005027	3	du	PRON	PPER				2	S		Nom	
27005027	4	sein	AUX	VAFIN		Fin	Pres	2	S	Ind		
27005027	5	auf	ADP	PTKVZ								
27005027	6	der	DET	ART					S		Nom	M
27005027	7	Waage	NOUN	NN					S		Nom	F
27005027	8	wogen	VERB	VVPP		Part						
27005027	9	und	CCONJ	KON								
27005027	10	zu	ADP	PTKVZ								
27005027	11	leicht	ADV	ADJD	Pos							
27005027	12	erfinden	VERB	VVPP		Part						
27005027	13	werden	AUX	VAPP		Part						
27005028	1	Peres	PROPN	NE					S		Nom	M
27005028	2	dein	DET	PPER					S		Nom	N
27005028	3	Königreich	NOUN	NN					S		Nom	N
27005028	4	werden	AUX	VAFIN		Fin	Pres	3	S	Ind		
27005028	5	zerteilen	VERB	VVPP		Part						
27005028	6	und	CCONJ	KON								
27005028	7	der	DET	ART					S		Acc	M
27005028	8	Medern	NOUN	NN					P		Dat	M
27005028	9	und	CCONJ	KON								
27005028	10	Perser	NOUN	NN					P		Dat	M
27005028	11	geben	VERB	VVPP		Part						
27005029	1	alsdann	ADV	ADV								
27005029	2	befehlen	VERB	VVFIN		Fin	Past	3	S	Ind		
27005029	3	Belsazar	PROPN	NE					S		Nom	M
27005029	4	und	CCONJ	KON								
27005029	5	man	PRON	PIS					S		Nom	
27005029	6	bekleiden	VERB	VVFIN		Fin	Past	3	S	Ind		
27005029	7	Daniel	PROPN	NE					S		Nom	M
27005029	8	mit	ADP	APPR								
27005029	9	Purpur	NOUN	NN					S		Nom	N
27005029	10	mit	ADP	APPR								
27005029	11	ein	PRON	ART					S		Nom	M
27005029	12	golden	ADJ	ADJA	Pos				S		Acc	M
27005029	13	Kette	NOUN	NN					S		Nom	F
27005029	14	um	ADP	APPR								
27005029	15	sein	DET	PPOSAT					S		Acc	M
27005029	16	Hals	NOUN	NN					S		Nom	M
27005029	17	und	CCONJ	KON								
27005029	18	man	PRON	PIS					S		Nom	
27005029	19	rufen	VERB	VVFIN		Fin	Past	3	S	Ind		
27005029	20	über	ADP	APPR								
27005029	21	ihn	PRON	PPER				3	S		Acc	M
27005029	22	aus	ADP	PTKVZ								
27005029	23	daß	SCONJ	KOUS								
27005029	24	er	PRON	PPER				3	S		Nom	M
27005029	25	der	DET	ART					S		Nom	M
27005029	26	dritter	ADJ	ADJA	Pos				S		Nom	F
27005029	27	Herrscher	NOUN	NN					S		Nom	M
27005029	28	in	ADP	APPRART					S		Dat	N
27005029	29	Königreich	NOUN	NN					S		Nom	N
27005029	30	sein	AUX	VAINF		Inf						
27005029	31	sollen	AUX	VMFIN		Fin	Pres	3	S	Sub		
27005030	1	in	ADP	APPR								
27005030	2	derselbe	PRON	PDS					P		Dat	
27005030	3	Nacht	NOUN	NN					S		Nom	F
27005030	4	werden	AUX	VAFIN		Fin	Past	3	S	Ind		
27005030	5	Belsazar	PROPN	NE					S		Nom	M
27005030	6	der	DET	ART					S		Nom	M
27005030	7	König	NOUN	NN					S		Nom	M
27005030	8	der	DET	ART					S		Nom	M
27005030	9	Chaldäer	NOUN	NE					S		Nom	M
27005030	10	töten	VERB	VVPP		Part						
27006001	1	und	CCONJ	KON								
27006001	2	Darius	PROPN	NE					S		Nom	M
27006001	3	der	DET	ART					S		Nom	M
27006001	4	Meder	PROPN	NE					S		Nom	
27006001	5	bekommen	VERB	VVFIN		Fin	Past	3	S	Ind		
27006001	6	der	DET	ART					S		Nom	N
27006001	7	Königreich	NOUN	NN					S		Nom	N
27006001	8	als	ADP	KOKOM								
27006001	9	er	PRON	PPER				3	S		Nom	M
27006001	10	ungefähr	ADV	ADJD	Pos							
27006001	11	62	NUM	CARD								
27006001	12	Jahr	NOUN	NN					P		Nom	N
27006001	13	alt	ADV	ADJD	Pos							
27006001	14	sein	AUX	VAFIN		Fin	Past	3	S	Ind		
27006002	1	es	PRON	PPER				3	S		Nom	N
27006002	2	gefallen	VERB	VVFIN		Fin	Past	3	S	Ind		
27006002	3	Darius	PROPN	NE					S		Nom	M
27006002	4	über	ADP	APPR								
27006002	5	der	DET	ART					S		Nom	N
27006002	6	Königreich	NOUN	NN					S		Nom	N
27006002	7	120	NUM	CARD								
27006002	8	Satrape	NOUN	NN					P		Nom	M
27006002	9	zu	ADP	PTKVZ								
27006002	10	bestellen	VERB	VVINF		Inf						
27006002	11	der	DET	ART					S		Nom	F
27006002	12	in	ADP	APPRART					S		Dat	N
27006002	13	ganz	PRON	ADJA					S		Nom	M
27006002	14	Königreich	NOUN	NN					S		Nom	N
27006002	15	sein	AUX	VAINF		Inf						
27006002	16	sollen	AUX	VMFIN		Fin	Past	3	P	Ind		
27006003	1	und	CCONJ	KON								
27006003	2	über	ADP	APPR								
27006003	3	dieser	DET	PDAT					S		Nom	F
27006003	4	drei	NUM	CARD								
27006003	5	Vorsteher	NOUN	NN					S		Nom	M
27006003	6	von	ADP	APPR								
27006003	7	welcher	DET	PWAT					S		Acc	M
27006003	8	Daniel	PROPN	NE					S		Nom	M
27006003	9	ein	PRON	ART					S		Nom	M
27006003	10	sein	AUX	VAFIN		Fin	Past	3	S	Ind		
27006003	11	damit	ADV	PROAV								
27006003	12	jener	DET	PDAT					S		Nom	F
27006003	13	Satrape	NOUN	NN					P		Nom	M
27006003	14	ihnen	PRON	PPER				3	P		Dat	
27006003	15	Rechenschaft	NOUN	NN					S		Nom	F
27006003	16	geben	VERB	VVFIN		Fin	Past	3	P	Sub		
27006003	17	und	CCONJ	KON								
27006003	18	der	DET	ART					S		Nom	M
27006003	19	König	NOUN	NN					S		Nom	M
27006003	20	kein	PRON	PIS					S		Acc	M
27006003	21	Schaden	NOUN	NN					S		Nom	M
27006003	22	Erlitte	VERB	VVFIN		Fin	Pres	3	S	Sub		
27006004	1	da	SCONJ	KOUS								
27006004	2	übertreffen	VERB	VVFIN		Fin	Past	3	S	Ind		
27006004	3	dieser	PRON	PDAT					S		Nom	M
27006004	4	Daniel	PROPN	NE					S		Nom	M
27006004	5	der	DET	ART					S		Nom	F
27006004	6	Vorsteher	NOUN	NN					S		Nom	M
27006004	7	und	CCONJ	KON								
27006004	8	der	DET	ART					S		Nom	F
27006004	9	Satrape	NOUN	NN					P		Nom	M
27006004	10	weil	SCONJ	KOUS								
27006004	11	ein	DET	ART					S		Nom	N
27006004	12	außergewöhnlich	ADV	ADJD	Cmp							
27006004	13	Geist	NOUN	NN					S		Nom	M
27006004	14	in	ADP	APPR								
27006004	15	ihm	PRON	PPER				3	S		Dat	M
27006004	16	sein	AUX	VAFIN		Fin	Past	3	S	Ind		
27006004	17	und	CCONJ	KON								
27006004	18	der	DET	ART					S		Nom	M
27006004	19	König	NOUN	NN					S		Nom	M
27006004	20	gedachen	VERB	VVFIN		Fin	Past	3	S	Ind		
27006004	21	ihn	PRON	PPER				3	S		Acc	M
27006004	22	über	ADP	APPR								
27006004	23	der	DET	ART					S		Nom	N
27006004	24	ganz	ADJ	ADJA	Pos				S		Nom	F
27006004	25	Königreich	NOUN	NN					S		Nom	N
27006004	26	zu	ADP	PTKVZ								
27006004	27	bestellen	VERB	VVINF		Inf						
27006005	1	da	SCONJ	KOUS								
27006005	2	suchen	VERB	VVFIN		Fin	Past	3	P	Ind		
27006005	3	der	DET	ART					S		Nom	F
27006005	4	Vorsteher	NOUN	NN					S		Nom	M
27006005	5	und	CCONJ	KON								
27006005	6	der	DET	ART					S		Nom	F
27006005	7	Satrape	NOUN	NN					P		Nom	M
27006005	8	ein	DET	ART					S		Acc	M
27006005	9	Anklagegrund	NOUN	NN					S		Nom	M
27006005	10	gegen	ADP	APPR								
27006005	11	Daniel	PROPN	NE					S		Nom	M
27006005	12	von	ADP	APPR								
27006005	13	Seite	NOUN	NN					P		Nom	F
27006005	14	der	DET	ART					S		Nom	M
27006005	15	Verwaltung	NOUN	NN					S		Nom	F
27006005	16	zu	ADP	PTKVZ								
27006005	17	finden	VERB	VVINF		Fin	Pres	3	P	Ind		
27006005	18	aber	CCONJ	KON								
27006005	19	sie	PRON	PPER				3	P		Nom	
27006005	20	können	AUX	VMFIN		Fin	Past	3	P	Ind		
27006005	21	kein	PRON	PIS					S		Acc	M
27006005	22	Anklagegrund	NOUN	NN					S		Nom	M
27006005	23	und	CCONJ	KON								
27006005	24	kein	DET	PIAT					S		Nom	F
27006005	25	schlecht	ADJ	ADJA	Pos				P		Nom	M
27006005	26	Handlung	NOUN	NN					S		Nom	F
27006005	27	finden	VERB	VVINF		Fin	Pres	3	P	Ind		
27006005	28	weil	SCONJ	KOUS								
27006005	29	er	PRON	PPER				3	S		Nom	M
27006005	30	treu	ADV	ADJD	Pos							
27006005	31	sein	AUX	VAFIN		Fin	Past	3	S	Ind		
27006005	32	und	CCONJ	KON								
27006005	33	kein	DET	PIAT					S		Nom	N
27006005	34	Vergehen	NOUN	NN					S		Nom	N
27006005	35	und	CCONJ	KON								
27006005	36	kein	DET	PIAT					S		Nom	F
27006005	37	schlecht	ADJ	ADJA	Pos				P		Nom	M
27006005	38	Handlung	NOUN	NN					S		Nom	F
27006005	39	an	ADP	PTKVZ								
27006005	40	ihm	PRON	PPER				3	S		Dat	M
27006005	41	finden	VERB	VVPP		Part						
27006005	42	werden	AUX	VAFIN		Fin	Past	3	P	Ind		
27006006	1	da	SCONJ	KOUS								
27006006	2	sprechen	VERB	VVFIN		Fin	Past	3	P	Ind		
27006006	3	dieser	DET	PDAT					S		Nom	F
27006006	4	Mann	NOUN	NN					P		Nom	M
27006006	5	wir	PRON	PPER				1	P		Nom	
27006006	6	werden	AUX	VAFIN		Fin	Pres	3	P	Ind		
27006006	7	gegen	ADP	APPR								
27006006	8	dieser	DET	PDAT					S		Acc	M
27006006	9	Daniel	PROPN	NE					S		Nom	M
27006006	10	kein	PRON	PIS					S		Acc	M
27006006	11	Anklagegrund	NOUN	NN					S		Nom	M
27006006	12	finden	VERB	VVINF		Fin	Pres	3	P	Ind		
27006006	13	es	PRON	PPER				3	S		Nom	N
27006006	14	sein	AUX	VAFIN		Fin	Pres	3	S	Sub		
27006006	15	denn	CCONJ	KON								
27006006	16	daß	SCONJ	KOUS								
27006006	17	wir	PRON	PPER				1	P		Nom	
27006006	18	in	ADP	APPR								
27006006	19	der	DET	ART					S		Dat	M
27006006	20	Gesetz	NOUN	NN					S		Nom	N
27006006	21	sein	DET	PPOSAT					S		Gen	M
27006006	22	Gott	NOUN	NN					S		Gen	M
27006006	23	ein	DET	ART					S		Acc	M
27006006	24	gegen	ADP	APPR								
27006006	25	ihn	PRON	PPER				3	S		Acc	M
27006006	26	finden	VERB	VVINF		Fin	Pres	3	P	Ind		
27006007	1	dann	ADV	ADV								
27006007	2	laufen	VERB	VVFIN		Fin	Past	3	P	Ind		
27006007	3	dieser	DET	PDAT					S		Nom	F
27006007	4	Vorsteher	NOUN	NN					S		Nom	M
27006007	5	und	CCONJ	KON								
27006007	6	Satrape	NOUN	NN					P		Nom	M
27006007	7	eilig	ADV	ADJD	Pos							
27006007	8	zu	ADP	PTKVZ								
27006007	9	der	DET	ART					S		Dat	M
27006007	10	König	NOUN	NN					S		Nom	M
27006007	11	und	CCONJ	KON								
27006007	12	sprechen	VERB	VVFIN		Fin	Past	3	P	Ind		
27006007	13	zu	ADP	PTKVZ								
27006007	14	ihm	PRON	PPER				3	S		Dat	M
27006007	15	also	ADV	ADV								
27006007	16	König	NOUN	NN					S		Nom	M
27006007	17	Darius	PROPN	NE					S		Nom	M
27006007	18	leben	VERB	VVFIN		Fin	Pres	3	S	Sub		
27006007	19	ewiglich	ADV	ADJD	Pos							
27006008	1	alle	PRON	PIS					P		Nom	
27006008	2	Vorsteher	NOUN	NN					S		Nom	M
27006008	3	der	DET	ART					S		Gen	M
27006008	4	Königreich	NOUN	NN					S		Gen	N
27006008	5	der	DET	ART					S		Nom	F
27006008	6	Statthalter	NOUN	NN					S		Nom	M
27006008	7	und	CCONJ	KON								
27006008	8	Satrape	NOUN	NN					P		Nom	M
27006008	9	der	DET	ART					S		Nom	F
27006008	10	Rät	NOUN	NN					P		Nom	M
27006008	11	und	CCONJ	KON								
27006008	12	Landpfleger	NOUN	NN					P		Nom	M
27006008	13	sein	AUX	VAFIN		Fin	Pres	3	P	Ind		
27006008	14	Rat	NOUN	NN					S		Gen	M
27006008	15	werden	AUX	VAPP		Part						
27006008	16	daß	SCONJ	KOUS								
27006008	17	der	DET	ART					S		Nom	M
27006008	18	König	NOUN	NN					S		Nom	M
27006008	19	ein	DET	ART					S		Nom	F
27006008	20	Verordnung	NOUN	NN					S		Nom	F
27006008	21	aufstellen	VERB	VVFIN		Fin	Pres	3	S	Sub		
27006008	22	und	CCONJ	KON								
27006008	23	ein	DET	ART					S		Nom	N
27006008	24	Verbot	NOUN	NN					S		Nom	N
27006008	25	Erlasse	NOUN	NN					P		Nom	N
27006008	26	daß	SCONJ	KOUS								
27006008	27	ein	DET	ART					S		Nom	N
27006008	28	jeder	PRON	PIS					S		Nom	M
27006008	29	der	DET	ART					S		Nom	M
27006008	30	binnen	ADP	APPR								
27006008	31	dreißig	NUM	CARD								
27006008	32	Tag	NOUN	NN					P		Dat	M
27006008	33	von	ADP	APPR								
27006008	34	irgend	ADV	ADV								
27006008	35	ein	DET	ART					S		Dat	M
27006008	36	Gott	NOUN	NN					S		Nom	M
27006008	37	oder	CCONJ	KON								
27006008	38	Mensch	NOUN	NN					P		Nom	M
27006008	39	etwas	PRON	PIS								N
27006008	40	erbitten	VERB	VVPP		Part						
27006008	41	außer	ADP	APPR								
27006008	42	von	ADP	APPR								
27006008	43	dir	PRON	PPER				2	S		Dat	
27006008	44	o	PROPN	NE					S		Nom	
27006008	45	König	NOUN	NN					S		Nom	M
27006008	46	in	ADP	APPR								
27006008	47	der	DET	ART					S		Nom	F
27006008	48	Löwengrube	NOUN	NN					S		Nom	F
27006008	49	werfen	VERB	VVPP		Part						
27006008	50	werden	AUX	VAFIN		Fin	Pres	3	P	Ind		
27006008	51	sollen	AUX	VMFIN		Fin	Pres	3	S	Ind		
27006009	1	nun	ADV	ADV								
27006009	2	o	PROPN	NE					S		Nom	
27006009	3	König	NOUN	NN					S		Nom	M
27006009	4	Erlaß	NOUN	NN					S		Nom	M
27006009	5	der	DET	ART					S		Nom	N
27006009	6	Verbot	NOUN	NN					S		Nom	N
27006009	7	und	CCONJ	KON								
27006009	8	laß	VERB	VVIMP				2	S	Imp		
27006009	9	ein	DET	ART					S		Nom	F
27006009	10	Schrift	NOUN	NN					S		Nom	F
27006009	11	aufzeichnen	VERB	VVINF		Inf						
27006009	12	der	DET	ART					S		Nom	F
27006009	13	nach	ADP	APPR								
27006009	14	der	DET	ART					S		Dat	M
27006009	15	Gesetz	NOUN	NN					S		Nom	N
27006009	16	der	DET	ART					S		Nom	M
27006009	17	Meder	PROPN	NE					S		Nom	
27006009	18	und	CCONJ	KON								
27006009	19	Perser	NOUN	NN					P		Nom	M
27006009	20	welcher	DET	PWAT					S		Acc	N
27006009	21	unwiderruflich	ADV	ADJD	Pos							
27006009	22	sein	AUX	VAFIN		Fin	Pres	3	S	Ind		
27006009	23	nicht	PART	PTKNEG								
27006009	24	abgeändert	VERB	VVPP		Part						
27006009	25	werden	AUX	VAFIN		Fin	Pres	3	P	Ind		
27006009	26	dürfen	AUX	VMFIN		Fin	Pres	3	S	Ind		
27006010	1	deshalb	ADV	PROAV								
27006010	2	lassen	VERB	VVFIN		Fin	Past	3	S	Ind		
27006010	3	der	DET	ART					S		Nom	M
27006010	4	König	NOUN	NN					S		Nom	M
27006010	5	Darius	PROPN	NE					S		Nom	M
27006010	6	der	DET	ART					S		Nom	F
27006010	7	Schrift	NOUN	NN					S		Nom	F
27006010	8	und	CCONJ	KON								
27006010	9	der	DET	ART					S		Nom	N
27006010	10	Verbot	NOUN	NN					S		Nom	N
27006010	11	aufzeichnen	VERB	VVINF		Inf						
27006011	1	und	CCONJ	KON								
27006011	2	als	ADP	KOKOM								
27006011	3	Daniel	PROPN	NE					S		Nom	M
27006011	4	erfahren	VERB	VVFIN		Fin	Past	3	S	Ind		
27006011	5	daß	SCONJ	KOUS								
27006011	6	der	DET	ART					S		Nom	F
27006011	7	Schrift	NOUN	NN					S		Nom	F
27006011	8	aufzeichnen	VERB	VVPP		Part						
27006011	9	sein	AUX	VAFIN		Fin	Past	3	S	Ind		
27006011	10	gehen	VERB	VVFIN		Fin	Past	3	S	Ind		
27006011	11	er	PRON	PPER				3	S		Nom	M
27006011	12	in	ADP	APPR								
27006011	13	sein	AUX	VAINF		Inf						
27006011	14	Haus	NOUN	NN					S		Nom	N
27006011	15	und	CCONJ	KON								
27006011	16	er	PRON	PPER				3	S		Nom	M
27006011	17	haben	AUX	VAFIN		Fin	Past	3	S	Ind		
27006011	18	in	ADP	APPR								
27006011	19	sein	DET	PPOSAT					S		Dat	M
27006011	20	obergemach	PROPN	NE					S		Nom	
27006011	21	offen	ADJ	ADJA	Pos				S		Nom	F
27006011	22	Fenster	NOUN	NN					S		Nom	N
27006011	23	gegen	ADP	APPR								
27006011	24	Jerusalem	PROPN	NE					S		Nom	N
27006011	25	hin	ADV	ADV								
27006011	26	und	CCONJ	KON								
27006011	27	dreimal	ADV	ADV								
27006011	28	der	DET	ART					S		Gen	M
27006011	29	Tag	NOUN	NN					S		Gen	M
27006011	30	knien	VERB	VVFIN		Fin	Past	3	S	Ind		
27006011	31	er	PRON	PPER				3	S		Nom	M
27006011	32	auf	ADP	PTKVZ								
27006011	33	sein	DET	PPOSAT					S		Nom	F
27006011	34	Knie	NOUN	NN					S		Nom	N
27006011	35	und	CCONJ	KON								
27006011	36	beten	VERB	VVFIN		Fin	Past	3	S	Ind		
27006011	37	und	CCONJ	KON								
27006011	38	Lobprie	PROPN	FM					S		Gen	
27006011	39	vor	ADP	APPR								
27006011	40	sein	DET	PPOSAT					S		Dat	M
27006011	41	Gott	NOUN	NN					S		Nom	M
27006011	42	wie	ADP	KOKOM								
27006011	43	er	PRON	PPER				3	S		Nom	M
27006011	44	vordem	ADV	PROAV								
27006011	45	tun	VERB	VVPP		Part						
27006011	46	haben	AUX	VAFIN		Fin	Past	3	S	Ind		
27006012	1	da	SCONJ	KOUS								
27006012	2	laufen	VERB	VVFIN		Fin	Past	3	P	Ind		
27006012	3	jener	DET	PDAT					S		Nom	F
27006012	4	Mann	NOUN	NN					P		Nom	M
27006012	5	eilig	ADV	ADJD	Pos							
27006012	6	herbei	ADV	PTKVZ								
27006012	7	und	CCONJ	KON								
27006012	8	finden	VERB	VVFIN		Fin	Past	3	P	Ind		
27006012	9	Daniel	PROPN	NE					S		Nom	M
27006012	10	betend	ADV	ADJD	Pos							
27006012	11	und	CCONJ	KON								
27006012	12	flehend	ADV	ADJD	Pos							
27006012	13	vor	ADP	APPR								
27006012	14	sein	DET	PPOSAT					S		Dat	M
27006012	15	Gott	NOUN	NN					S		Nom	M
27006013	1	dann	ADV	ADV								
27006013	2	nahten	VERB	VVFIN		Fin	Past	3	P	Ind		
27006013	3	sie	PRON	PPER				3	P		Nom	
27006013	4	und	CCONJ	KON								
27006013	5	sprechen	VERB	VVFIN		Fin	Past	3	P	Ind		
27006013	6	vor	ADP	APPR								
27006013	7	der	DET	ART					S		Dat	M
27006013	8	König	NOUN	NN					S		Nom	M
27006013	9	Betreff	VERB	VVFIN		Fin	Past	3	S	Sub		
27006013	10	der	DET	ART					S		Gen	M
27006013	11	königlich	ADJ	ADJA	Pos				S		Acc	M
27006013	12	Verbot	NOUN	NN					S		Nom	N
27006013	13	Hast	VERB	VAFIN				2	S	Imp		
27006013	14	du	PRON	PPER				2	S		Nom	
27006013	15	nicht	PART	PTKNEG								
27006013	16	ein	DET	ART					S		Nom	N
27006013	17	Verbot	NOUN	NN					S		Nom	N
27006013	18	aufzeichnen	VERB	VVINF		Inf						
27006013	19	lassen	VERB	VVINF		Fin	Pres	3	P	Ind		
27006013	20	daß	SCONJ	KOUS								
27006013	21	jedermann	PRON	PIS								
27006013	22	der	DET	ART					S		Nom	M
27006013	23	binnen	ADP	APPR								
27006013	24	dreißig	NUM	CARD								
27006013	25	Tag	NOUN	NN					P		Dat	M
27006013	26	von	ADP	APPR								
27006013	27	irgend	ADV	ADV								
27006013	28	ein	DET	ART					S		Dat	M
27006013	29	Gott	NOUN	NN					S		Nom	M
27006013	30	oder	CCONJ	KON								
27006013	31	Mensch	NOUN	NN					P		Nom	M
27006013	32	etwas	PRON	PIS								N
27006013	33	erbitten	VERB	VVFIN		Fin	Pres	3	P	Ind		
27006013	34	werden	AUX	VAFIN		Fin	Past	3	S	Sub		
27006013	35	außer	ADP	APPR								
27006013	36	von	ADP	APPR								
27006013	37	dir	PRON	PPER				2	S		Dat	
27006013	38	o	PROPN	NE					S		Nom	
27006013	39	König	NOUN	NN					S		Nom	M
27006013	40	in	ADP	APPR								
27006013	41	der	DET	ART					S		Nom	F
27006013	42	Löwengrube	NOUN	NN					S		Nom	F
27006013	43	werfen	VERB	VVPP		Part						
27006013	44	werden	AUX	VAFIN		Fin	Pres	3	P	Ind		
27006013	45	sollen	AUX	VMFIN		Fin	Past	3	S	Ind		
27006013	46	der	DET	ART					S		Nom	M
27006013	47	König	NOUN	NN					S		Nom	M
27006013	48	antworten	VERB	VVFIN		Fin	Past	3	S	Ind		
27006013	49	und	CCONJ	KON								
27006013	50	sprechen	VERB	VVFIN		Fin	Past	3	S	Ind		
27006013	51	der	DET	ART					S		Nom	F
27006013	52	Sache	NOUN	NN					S		Nom	F
27006013	53	stehen	VERB	VVFIN		Fin	Pres	3	S	Ind		
27006013	54	fest	ADV	PTKVZ								
27006013	55	nach	ADP	APPR								
27006013	56	der	DET	ART					S		Dat	M
27006013	57	Gesetz	NOUN	NN					S		Nom	N
27006013	58	der	DET	ART					S		Nom	M
27006013	59	Meder	PROPN	NE					S		Nom	
27006013	60	und	CCONJ	KON								
27006013	61	Perser	NOUN	NN					P		Nom	M
27006013	62	welcher	DET	PWAT					S		Acc	N
27006013	63	unwiderruflich	ADV	ADJD	Pos							
27006013	64	sein	AUX	VAFIN		Fin	Pres	3	S	Ind		
27006014	1	Hierauf	ADV	PROAV								
27006014	2	antworten	VERB	VVFIN		Fin	Past	3	P	Ind		
27006014	3	sie	PRON	PPER				3	P		Nom	
27006014	4	und	CCONJ	KON								
27006014	5	sprechen	VERB	VVFIN		Fin	Past	3	P	Ind		
27006014	6	vor	ADP	APPR								
27006014	7	der	DET	ART					S		Dat	M
27006014	8	König	NOUN	NN					S		Nom	M
27006014	9	Daniel	PROPN	NE					S		Nom	M
27006014	10	ein	PRON	ART					S		Nom	M
27006014	11	der	DET	ART					S		Nom	M
27006014	12	Weggeführt	NOUN	NN					P		Nom	M
27006014	13	von	ADP	APPR								
27006014	14	Juda	PROPN	NE					S		Nom	M
27006014	15	achten	VERB	VVFIN		Fin	Pres	3	S	Ind		
27006014	16	nicht	PART	PTKNEG								
27006014	17	auf	ADP	PTKVZ								
27006014	18	dich	PRON	PPER				2	S		Acc	
27006014	19	o	PROPN	NE					S		Nom	
27006014	20	König	NOUN	NN					S		Nom	M
27006014	21	noch	CCONJ	KON								
27006014	22	auf	ADP	PTKVZ								
27006014	23	der	DET	ART					S		Nom	N
27006014	24	Verbot	NOUN	NN					S		Nom	N
27006014	25	welcher	DET	PWAT					S		Acc	N
27006014	26	du	PRON	PPER				2	S		Nom	
27006014	27	haben	AUX	VAFIN		Fin	Pres	2	S	Ind		
27006014	28	aufzeichnen	VERB	VVINF		Inf						
27006014	29	lassen	VERB	VVINF		Fin	Pres	3	P	Ind		
27006014	30	sondern	CCONJ	KON								
27006014	31	er	PRON	PPER				3	S		Nom	M
27006014	32	verrichten	VERB	VVFIN		Part						
27006014	33	dreimal	ADV	ADV								
27006014	34	der	DET	ART					S		Gen	M
27006014	35	Tag	NOUN	NN					S		Gen	M
27006014	36	sein	AUX	VAINF		Inf						
27006014	37	Gebet	NOUN	NN					S		Nom	N
27006015	1	da	SCONJ	KOUS								
27006015	2	werden	AUX	VAFIN		Fin	Past	3	S	Ind		
27006015	3	der	DET	ART					S		Nom	M
27006015	4	König	NOUN	NN					S		Nom	M
27006015	5	als	ADP	KOKOM								
27006015	6	er	PRON	PPER				3	S		Nom	M
27006015	7	der	DET	ART					S		Nom	F
27006015	8	Sache	NOUN	NN					S		Nom	F
27006015	9	hören	VERB	VVFIN		Fin	Past	3	S	Ind		
27006015	10	sehr	ADV	ADV								
27006015	11	betrüben	ADV	ADJD	Pos							
27006015	12	und	CCONJ	KON								
27006015	13	er	PRON	PPER				3	S		Nom	M
27006015	14	Sann	VERB	NN		Fin	Past	3	S	Ind		
27006015	15	darauf	ADV	PROAV								
27006015	16	Daniel	PROPN	NE					S		Nom	M
27006015	17	zu	ADP	PTKVZ								
27006015	18	retten	VERB	VVINF		Inf						
27006015	19	und	CCONJ	KON								
27006015	20	bis	CCONJ	KON								
27006015	21	zu	ADP	APPRART					S		Dat	N
27006015	22	Untergang	NOUN	NN					S		Nom	M
27006015	23	der	DET	ART					S		Nom	M
27006015	24	Sonne	NOUN	NN					S		Nom	F
27006015	25	bemühen	VERB	VVFIN		Fin	Past	3	S	Ind		
27006015	26	er	PRON	PPER				3	S		Nom	M
27006015	27	sich	PRON	PRF				3	S		Acc	
27006015	28	ihn	PRON	PPER				3	S		Acc	M
27006015	29	zu	ADP	PTKVZ								
27006015	30	befreien	VERB	VVINF		Inf						
27006016	1	da	SCONJ	KOUS								
27006016	2	laufen	VERB	VVFIN		Fin	Past	3	P	Ind		
27006016	3	jener	DET	PDAT					S		Nom	F
27006016	4	Mann	NOUN	NN					P		Nom	M
27006016	5	eilig	ADV	ADJD	Pos							
27006016	6	zu	ADP	APPRART					S		Dat	N
27006016	7	König	NOUN	NN					S		Nom	M
27006016	8	und	CCONJ	KON								
27006016	9	sprechen	VERB	VVFIN		Fin	Past	3	P	Ind		
27006016	10	zu	ADP	APPRART					S		Dat	N
27006016	11	König	NOUN	NN					S		Nom	M
27006016	12	Wisse	NOUN	NN					S		Nom	N
27006016	13	o	PROPN	NE					S		Nom	
27006016	14	König	NOUN	NN					S		Nom	M
27006016	15	daß	SCONJ	KOUS								
27006016	16	der	DET	ART					S		Nom	F
27006016	17	Meder	PROPN	NE					S		Nom	
27006016	18	und	CCONJ	KON								
27006016	19	Perser	NOUN	NN					P		Nom	M
27006016	20	ein	DET	ART					S		Nom	N
27006016	21	Gesetz	NOUN	NN					S		Nom	N
27006016	22	haben	AUX	VAFIN		Fin	Pres	3	P	Ind		
27006016	23	daß	SCONJ	KOUS								
27006016	24	kein	DET	PIAT					S		Nom	N
27006016	25	Verbot	NOUN	NN					S		Nom	N
27006016	26	und	CCONJ	KON								
27006016	27	kein	DET	PIAT					S		Nom	F
27006016	28	Verordnung	NOUN	NN					S		Nom	F
27006016	29	der	DET	ART					S		Nom	F
27006016	30	der	DET	ART					S		Nom	M
27006016	31	König	NOUN	NN					S		Nom	M
27006016	32	aufstellen	VERB	VVPP		Part						
27006016	33	haben	AUX	VAFIN		Fin	Pres	3	S	Ind		
27006016	34	abgeändert	VERB	VVPP		Part						
27006016	35	werden	AUX	VAFIN		Fin	Pres	3	P	Ind		
27006016	36	dürfen	AUX	VMFIN		Fin	Pres	3	S	Ind		
27006017	1	dann	ADV	ADV								
27006017	2	befehlen	VERB	VVFIN		Fin	Past	3	S	Ind		
27006017	3	der	DET	ART					S		Nom	M
27006017	4	König	NOUN	NN					S		Nom	M
27006017	5	und	CCONJ	KON								
27006017	6	man	PRON	PIS					S		Nom	
27006017	7	bringen	VERB	VVFIN		Fin	Past	3	S	Ind		
27006017	8	Daniel	PROPN	NE					S		Nom	M
27006017	9	und	CCONJ	KON								
27006017	10	werfen	VERB	VVFIN		Fin	Past	3	S	Ind		
27006017	11	ihn	PRON	PPER				3	S		Acc	M
27006017	12	in	ADP	APPR								
27006017	13	der	DET	ART					S		Nom	F
27006017	14	Löwengrube	NOUN	NN					S		Nom	F
27006017	15	der	DET	ART					S		Nom	M
27006017	16	König	NOUN	NN					S		Nom	M
27006017	17	heben	VERB	VVFIN		Fin	Past	3	S	Ind		
27006017	18	an	ADP	PTKVZ								
27006017	19	und	CCONJ	KON								
27006017	20	sprechen	VERB	VVFIN		Fin	Past	3	S	Ind		
27006017	21	zu	ADP	PTKVZ								
27006017	22	Daniel	PROPN	NE					S		Nom	M
27006017	23	dein	PRON	PPOSAT				2	P		Nom	
27006017	24	Gott	NOUN	NN					S		Nom	M
27006017	25	welcher	DET	PWAT					S		Dat	N
27006017	26	du	PRON	PPER				2	S		Nom	
27006017	27	ohne	ADP	APPR								
27006017	28	Unterlaß	NOUN	NN					S		Acc	M
27006017	29	Dienst	NOUN	NN					S		Nom	M
27006017	30	er	PRON	PPER				3	S		Nom	M
27006017	31	mögen	AUX	VMFIN		Fin	Pres	3	S	Sub		
27006017	32	dich	PRON	PPER				2	S		Acc	
27006017	33	retten	VERB	VVINF		Inf						
27006018	1	und	CCONJ	KON								
27006018	2	ein	DET	ART					S		Nom	N
27006018	3	Stein	NOUN	NN					S		Nom	M
27006018	4	werden	AUX	VAFIN		Fin	Past	3	S	Ind		
27006018	5	bringen	VERB	VVPP		Part						
27006018	6	und	CCONJ	KON								
27006018	7	auf	ADP	PTKVZ								
27006018	8	der	DET	ART					S		Nom	F
27006018	9	Öffnung	NOUN	NN					S		Nom	F
27006018	10	der	DET	ART					S		Nom	M
27006018	11	Grube	NOUN	NN					S		Nom	F
27006018	12	legen	VERB	VVPP		Part						
27006018	13	und	CCONJ	KON								
27006018	14	der	DET	ART					S		Nom	M
27006018	15	König	NOUN	NN					S		Nom	M
27006018	16	versiegelen	VERB	VVFIN		Fin	Past	3	S	Ind		
27006018	17	ihn	PRON	PPER				3	S		Acc	M
27006018	18	mit	ADP	APPR								
27006018	19	sein	DET	PPOSAT					S		Dat	M
27006018	20	Siegelring	NOUN	NN					P		Acc	M
27006018	21	und	CCONJ	KON								
27006018	22	mit	ADP	APPR								
27006018	23	der	DET	ART					S		Dat	M
27006018	24	Siegelring	NOUN	NN					P		Acc	M
27006018	25	sein	DET	PPOSAT					S		Dat	F
27006018	26	gewaltige	NOUN	NN					P		Nom	F
27006018	27	damit	ADV	PROAV								
27006018	28	hinsichtlich	ADP	APPR								
27006018	29	Daniels	PROPN	NE					S		Nom	
27006018	30	nichts	PRON	PIS								N
27006018	31	verändern	VERB	VVPP		Part						
27006018	32	werden	AUX	VAFIN		Fin	Past	3	S	Sub		
27006019	1	darauf	ADV	PROAV								
27006019	2	gehen	VERB	VVFIN		Fin	Past	3	S	Ind		
27006019	3	der	DET	ART					S		Nom	M
27006019	4	König	NOUN	NN					S		Nom	M
27006019	5	in	ADP	APPR								
27006019	6	sein	DET	PPOSAT					S		Acc	M
27006019	7	Palast	NOUN	NN					S		Nom	M
27006019	8	und	CCONJ	KON								
27006019	9	er	PRON	PPER				3	S		Nom	M
27006019	10	übernachten	VERB	VVFIN		Fin	Past	3	S	Ind		
27006019	11	fastend	ADV	ADJD	Pos							
27006019	12	und	CCONJ	KON								
27006019	13	lassen	VERB	VVFIN		Fin	Past	3	S	Ind		
27006019	14	kein	DET	PIAT					S		Nom	F
27006019	15	Kebsweiber	NOUN	NN					S		Nom	M
27006019	16	zu	ADP	PTKVZ								
27006019	17	sich	PRON	PRF				3	S		Acc	
27006019	18	hereinführen	VERB	VVIZU		Inf						
27006019	19	und	CCONJ	KON								
27006019	20	sein	AUX	VAINF		Inf						
27006019	21	Schlaf	NOUN	NN					S		Nom	M
27006019	22	fliehen	VERB	VVFIN		Fin	Past	3	S	Ind		
27006019	23	von	ADP	APPR								
27006019	24	ihm	PRON	PPER				3	S		Dat	M
27006020	1	dann	ADV	ADV								
27006020	2	stehen	VERB	VVFIN		Fin	Past	3	S	Ind		
27006020	3	der	DET	ART					S		Nom	M
27006020	4	König	NOUN	NN					S		Nom	M
27006020	5	bei	ADP	APPR								
27006020	6	der	DET	ART					S		Nom	M
27006020	7	Morgenröte	NOUN	NN					S		Nom	F
27006020	8	sobald	ADV	KOUS								
27006020	9	es	PRON	PPER				3	S		Nom	N
27006020	10	hell	ADV	ADJD	Pos							
27006020	11	werden	AUX	VAFIN		Fin	Past	3	S	Ind		
27006020	12	auf	ADP	PTKVZ								
27006020	13	und	CCONJ	KON								
27006020	14	gehen	VERB	VVFIN		Fin	Past	3	S	Ind		
27006020	15	eilends	ADV	ADV								
27006020	16	zu	ADP	PTKVZ								
27006020	17	der	DET	ART					S		Nom	M
27006020	18	Löwengrube	NOUN	NN					S		Nom	F
27006021	1	und	CCONJ	KON								
27006021	2	als	ADP	KOKOM								
27006021	3	er	PRON	PPER				3	S		Nom	M
27006021	4	sich	PRON	PRF				3	S		Acc	
27006021	5	der	DET	ART					S		Nom	M
27006021	6	Grube	NOUN	NN					S		Nom	F
27006021	7	nahen	VERB	VVFIN		Fin	Past	3	S	Ind		
27006021	8	rufen	VERB	VVFIN		Fin	Past	3	S	Ind		
27006021	9	er	PRON	PPER				3	S		Nom	M
27006021	10	mit	ADP	APPR								
27006021	11	traurig	ADV	ADJD	Cmp							
27006021	12	Stimme	NOUN	NN					S		Nom	F
27006021	13	nach	ADP	APPR								
27006021	14	Daniel	PROPN	NE					S		Nom	M
27006021	15	der	DET	ART					S		Nom	M
27006021	16	König	NOUN	NN					S		Nom	M
27006021	17	heben	VERB	VVFIN		Fin	Past	3	S	Ind		
27006021	18	an	ADP	PTKVZ								
27006021	19	und	CCONJ	KON								
27006021	20	sprechen	VERB	VVFIN		Fin	Past	3	S	Ind		
27006021	21	zu	ADP	PTKVZ								
27006021	22	Daniel	PROPN	NE					S		Nom	M
27006021	23	Daniel	PROPN	NE					S		Nom	M
27006021	24	Knecht	NOUN	NN					S		Nom	M
27006021	25	der	DET	ART					S		Gen	M
27006021	26	lebendig	ADJ	ADJA	Pos				S		Acc	M
27006021	27	Gott	NOUN	NN					S		Gen	M
27006021	28	haben	AUX	VAFIN		Fin	Pres	3	S	Ind		
27006021	29	dein	DET	PPER					S		Nom	N
27006021	30	Gott	NOUN	NN					S		Nom	M
27006021	31	welcher	DET	PWAT					S		Dat	N
27006021	32	du	PRON	PPER				2	S		Nom	
27006021	33	ohne	ADP	APPR								
27006021	34	Unterlaß	NOUN	NN					S		Acc	M
27006021	35	Dienst	NOUN	NN					S		Nom	M
27006021	36	vermocht	VERB	VVPP		Part						
27006021	37	dich	PRON	PPER				2	S		Acc	
27006021	38	von	ADP	APPR								
27006021	39	der	DET	ART					S		Acc	M
27006021	40	Löwe	NOUN	NN					S		Nom	M
27006021	41	zu	ADP	PTKVZ								
27006021	42	retten	VERB	VVINF		Inf						
27006022	1	da	SCONJ	KOUS								
27006022	2	sprechen	VERB	VVFIN		Fin	Past	3	S	Ind		
27006022	3	Daniel	PROPN	NE					S		Nom	M
27006022	4	zu	ADP	PTKVZ								
27006022	5	der	DET	ART					S		Dat	M
27006022	6	König	NOUN	NN					S		Nom	M
27006022	7	O	PROPN	NE								
27006022	8	König	NOUN	NN					S		Nom	M
27006022	9	leben	VERB	VVFIN		Fin	Pres	3	S	Sub		
27006022	10	ewiglich	ADV	ADJD	Pos							
27006023	1	mein	PRON	PPOSAT				2	P		Nom	
27006023	2	Gott	NOUN	NN					S		Nom	M
27006023	3	haben	AUX	VAFIN		Fin	Pres	3	S	Ind		
27006023	4	sein	DET	PPOSAT					S		Acc	M
27006023	5	Engel	NOUN	NN					S		Nom	M
27006023	6	gesandt	VERB	VVPP		Part						
27006023	7	und	CCONJ	KON								
27006023	8	haben	AUX	VAFIN		Fin	Pres	3	S	Ind		
27006023	9	der	DET	ART					S		Acc	M
27006023	10	Rachen	NOUN	NN					S		Nom	M
27006023	11	der	DET	ART					S		Nom	M
27006023	12	Löwe	NOUN	NN					S		Nom	M
27006023	13	verschließen	VERB	VVPP		Part						
27006023	14	daß	SCONJ	KOUS								
27006023	15	sie	PRON	PPER				3	P		Nom	
27006023	16	mich	PRON	PPER				1	S		Acc	
27006023	17	nicht	PART	PTKNEG								
27006023	18	verletzen	VERB	VVPP		Part						
27006023	19	haben	AUX	VAFIN		Fin	Pres	3	P	Ind		
27006023	20	weil	SCONJ	KOUS								
27006023	21	vor	ADP	APPR								
27006023	22	ihm	PRON	PPER				3	S		Dat	M
27006023	23	Unschuld	NOUN	NN					S		Nom	F
27006023	24	an	ADP	PTKVZ								
27006023	25	mir	PRON	PPER				1	S		Dat	
27006023	26	finden	VERB	VVPP		Part						
27006023	27	werden	AUX	VAFIN		Fin	Past	3	S	Ind		
27006023	28	und	CCONJ	KON								
27006023	29	auch	ADV	ADV								
27006023	30	vor	ADP	APPR								
27006023	31	dir	PRON	PPER				2	S		Dat	
27006023	32	o	PROPN	NE					S		Nom	
27006023	33	König	NOUN	NN					S		Nom	M
27006023	34	haben	AUX	VAFIN		Fin	Pres	3	S	Sub		
27006023	35	ich	PRON	PPER				1	S		Nom	
27006023	36	kein	DET	PIAT					S		Nom	N
27006023	37	Verbrechen	NOUN	NN					P		Nom	N
27006023	38	begehen	VERB	VVPP		Part						
27006024	1	da	SCONJ	KOUS								
27006024	2	freuen	VERB	VVFIN		Fin	Past	3	S	Ind		
27006024	3	sich	PRON	PRF				3	S		Acc	
27006024	4	der	DET	ART					S		Nom	M
27006024	5	König	NOUN	NN					S		Nom	M
27006024	6	sehr	ADV	ADV								
27006024	7	und	CCONJ	KON								
27006024	8	er	PRON	PPER				3	S		Nom	M
27006024	9	befehlen	VERB	VVFIN		Fin	Past	3	S	Ind		
27006024	10	Daniel	PROPN	NE					S		Nom	M
27006024	11	aus	ADP	PTKVZ								
27006024	12	der	DET	ART					S		Nom	M
27006024	13	Grube	NOUN	NN					S		Nom	F
27006024	14	herausholen	VERB	VVIZU		Inf						
27006024	15	und	CCONJ	KON								
27006024	16	Daniel	PROPN	NE					S		Nom	M
27006024	17	werden	AUX	VAFIN		Fin	Past	3	S	Ind		
27006024	18	aus	ADP	PTKVZ								
27006024	19	der	DET	ART					S		Nom	M
27006024	20	Grube	NOUN	NN					S		Nom	F
27006024	21	herausholen	ADJ	VVPP	Cmp				S		Dat	N
27006024	22	und	CCONJ	KON								
27006024	23	kein	DET	PIAT					S		Nom	F
27006024	24	Verletzung	NOUN	NN					S		Nom	F
27006024	25	werden	AUX	VAFIN		Fin	Past	3	S	Ind		
27006024	26	an	ADP	PTKVZ								
27006024	27	ihm	PRON	PPER				3	S		Dat	M
27006024	28	finden	VERB	VVPP		Part						
27006024	29	weil	SCONJ	KOUS								
27006024	30	er	PRON	PPER				3	S		Nom	M
27006024	31	auf	ADP	PTKVZ								
27006024	32	sein	DET	PPOSAT					S		Acc	M
27006024	33	Gott	NOUN	NN					S		Nom	M
27006024	34	vertraut	ADV	ADJD	Pos							
27006024	35	haben	AUX	VAFIN		Fin	Past	3	S	Ind		
27006025	1	und	CCONJ	KON								
27006025	2	der	DET	ART					S		Nom	M
27006025	3	König	NOUN	NN					S		Nom	M
27006025	4	befehlen	VERB	VVFIN		Fin	Past	3	S	Ind		
27006025	5	und	CCONJ	KON								
27006025	6	man	PRON	PIS					S		Nom	
27006025	7	bringen	VERB	VVFIN		Fin	Past	3	S	Ind		
27006025	8	jener	DET	PDAT					S		Nom	F
27006025	9	Mann	NOUN	NN					P		Nom	M
27006025	10	welcher	DET	PWAT					S		Nom	F
27006025	11	Daniel	PROPN	NE					S		Nom	M
27006025	12	anzeigen	VERB	VVPP		Part						
27006025	13	haben	AUX	VAFIN		Fin	Past	3	P	Ind		
27006025	14	und	CCONJ	KON								
27006025	15	man	PRON	PIS					S		Nom	
27006025	16	werfen	VERB	VVFIN		Fin	Past	3	S	Ind		
27006025	17	sie	PRON	PPER				3	P		Nom	
27006025	18	in	ADP	APPR								
27006025	19	der	DET	ART					S		Nom	F
27006025	20	Löwengrube	NOUN	NN					S		Nom	F
27006025	21	sie	PRON	PPER				3	P		Nom	
27006025	22	ihr	DET	PPOSAT					S		Nom	F
27006025	23	Kind	NOUN	NN					P		Nom	N
27006025	24	und	CCONJ	KON								
27006025	25	ihr	DET	PPOSAT					S		Nom	F
27006025	26	Weiber	NOUN	NN					P		Nom	M
27006025	27	und	CCONJ	KON								
27006025	28	--	X	XY								
27006025	29	sie	PRON	PPER				3	P		Nom	
27006025	30	noch	CCONJ	KON								
27006025	31	auf	ADP	PTKVZ								
27006025	32	der	DET	ART					S		Acc	M
27006025	33	Boden	NOUN	NN					S		Nom	M
27006025	34	der	DET	ART					S		Nom	M
27006025	35	Grube	NOUN	NN					S		Nom	F
27006025	36	kommen	VERB	VVPP		Part						
27006025	37	sein	AUX	VAFIN		Fin	Past	3	P	Ind		
27006025	38	bemächtign	VERB	ADJA		Fin	Past	3	P	Ind		
27006025	39	sich	PRON	PRF				3	S		Acc	
27006025	40	ihr	DET	PPOSAT					S		Dat	F
27006025	41	der	DET	ART					S		Nom	F
27006025	42	Löwe	NOUN	NN					S		Nom	M
27006025	43	und	CCONJ	KON								
27006025	44	zermalmn	NOUN	NN					S		Nom	M
27006025	45	aller	PRON	PIS					P		Nom	
27006025	46	ihr	DET	PPOSAT					S		Nom	F
27006025	47	Gebein	NOUN	NN					P		Nom	N
27006026	1	alsdann	ADV	ADV								
27006026	2	schreiben	VERB	VVFIN		Fin	Past	3	S	Ind		
27006026	3	der	DET	ART					S		Nom	M
27006026	4	König	NOUN	NN					S		Nom	M
27006026	5	Darius	PROPN	NE					S		Nom	M
27006026	6	an	ADP	PTKVZ								
27006026	7	aller	PRON	PIS					P		Nom	
27006026	8	Volk	NOUN	NN					P		Nom	N
27006026	9	Völkerschaft	NOUN	NN					P		Nom	F
27006026	10	und	CCONJ	KON								
27006026	11	Sprache	NOUN	NN					P		Nom	F
27006026	12	welcher	DET	PWAT					S		Nom	F
27006026	13	auf	ADP	PTKVZ								
27006026	14	der	DET	ART					S		Nom	M
27006026	15	ganz	PRON	ADJA					S		Nom	M
27006026	16	Erde	NOUN	NN					S		Nom	F
27006026	17	wohnen	VERB	VVFIN		Fin	Past	3	P	Ind		
27006026	18	Friede	NOUN	NN					S		Nom	M
27006026	19	euch	PRON	PPER				2	P		Dat	
27006026	20	in	ADP	APPR								
27006026	21	Fülle	NOUN	NN					S		Nom	F
27006027	1	von	ADP	APPR								
27006027	2	mir	PRON	PPER				1	S		Dat	
27006027	3	werden	AUX	VAFIN		Fin	Pres	3	S	Ind		
27006027	4	Befehl	NOUN	NN					S		Nom	M
27006027	5	geben	VERB	VVPP		Part						
27006027	6	daß	SCONJ	KOUS								
27006027	7	man	PRON	PIS					S		Nom	
27006027	8	in	ADP	APPR								
27006027	9	der	DET	ART					S		Nom	M
27006027	10	ganz	PRON	ADJA					S		Nom	M
27006027	11	Herrschaft	NOUN	NN					S		Nom	F
27006027	12	meiner	DET	PPOSAT					S		Gen	N
27006027	13	Königreich	NOUN	NN					S		Gen	N
27006027	14	Beb	VERB	FM		Fin	Pres	3	S	Sub		
27006027	15	und	CCONJ	KON								
27006027	16	sich	PRON	PRF				3	S		Acc	
27006027	17	fürchten	VERB	VVFIN		Fin	Pres	3	S	Sub		
27006027	18	vor	ADP	APPR								
27006027	19	der	DET	ART					S		Dat	M
27006027	20	Gott	NOUN	NN					S		Nom	M
27006027	21	Daniels	PROPN	NE					S		Nom	
27006027	22	denn	CCONJ	KON								
27006027	23	er	PRON	PPER				3	S		Nom	M
27006027	24	sein	AUX	VAFIN		Fin	Pres	3	S	Ind		
27006027	25	der	DET	ART					S		Nom	M
27006027	26	lebendig	ADJ	ADJA	Pos				S		Nom	F
27006027	27	Gott	NOUN	NN					S		Nom	M
27006027	28	und	CCONJ	KON								
27006027	29	bestehen	VERB	VVFIN		Fin	Pres	3	S	Ind		
27006027	30	in	ADP	APPR								
27006027	31	Ewigkeit	NOUN	NN					S		Nom	F
27006027	32	und	CCONJ	KON								
27006027	33	sein	AUX	VAINF		Inf						
27006027	34	Reich	NOUN	NE					S		Nom	N
27006027	35	werden	AUX	VAFIN		Fin	Pres	3	S	Ind		
27006027	36	nie	ADV	ADV								
27006027	37	zerstören	VERB	VVPP		Part						
27006027	38	werden	AUX	VAFIN		Fin	Pres	3	P	Ind		
27006027	39	und	CCONJ	KON								
27006027	40	sein	DET	PPOSAT					S		Nom	F
27006027	41	Herrschaft	NOUN	NN					S		Nom	F
27006027	42	währen	VERB	VVFIN		Fin	Pres	3	S	Ind		
27006027	43	bis	CCONJ	KON								
27006027	44	an	ADP	APPRART					S		Acc	N
27006027	45	Ende	NOUN	NN					S		Nom	N
27006028	1	der	DET	ART					S		Nom	M
27006028	2	da	ADV	ADV								
27006028	3	retten	VERB	VVFIN		Fin	Pres	3	S	Ind		
27006028	4	und	CCONJ	KON								
27006028	5	befreien	VERB	VVPP		Part						
27006028	6	und	CCONJ	KON								
27006028	7	Zeichen	NOUN	NN					P		Nom	N
27006028	8	und	CCONJ	KON								
27006028	9	Wunder	NOUN	NN					S		Nom	N
27006028	10	tun	VERB	VVFIN		Fin	Pres	3	S	Ind		
27006028	11	in	ADP	APPRART					S		Dat	N
27006028	12	Himmel	NOUN	NN					S		Nom	M
27006028	13	und	CCONJ	KON								
27006028	14	auf	ADP	PTKVZ								
27006028	15	der	DET	ART					S		Nom	M
27006028	16	Erde	NOUN	NN					S		Nom	F
27006028	17	denn	CCONJ	KON								
27006028	18	er	PRON	PPER				3	S		Nom	M
27006028	19	haben	AUX	VAFIN		Fin	Pres	3	S	Ind		
27006028	20	Daniel	PROPN	NE					S		Nom	M
27006028	21	aus	ADP	PTKVZ								
27006028	22	der	DET	ART					S		Nom	M
27006028	23	Gewalt	NOUN	NN					S		Nom	F
27006028	24	der	DET	ART					S		Nom	M
27006028	25	Löwe	NOUN	NN					S		Nom	M
27006028	26	erretten	VERB	VVPP		Part						
27006029	1	und	CCONJ	KON								
27006029	2	dieser	PRON	PDAT					S		Nom	M
27006029	3	Daniel	PROPN	NE					S		Nom	M
27006029	4	haben	AUX	VAFIN		Fin	Past	3	S	Ind		
27006029	5	gedeihen	NOUN	VVFIN					S		Nom	N
27006029	6	unter	ADP	APPR								
27006029	7	der	DET	ART					S		Nom	M
27006029	8	Regierung	NOUN	NN					S		Nom	F
27006029	9	der	DET	ART					S		Gen	M
27006029	10	Darius	PROPN	NE					S		Nom	M
27006029	11	und	CCONJ	KON								
27006029	12	unter	ADP	APPR								
27006029	13	der	DET	ART					S		Nom	M
27006029	14	Regierung	NOUN	NN					S		Nom	F
27006029	15	Kores	PROPN	NE					S		Nom	M
27006029	16	der	DET	ART					S		Gen	M
27006029	17	Perser	PROPN	NN					S		Gen	
27007001	1	in	ADP	APPRART					S		Dat	M
27007001	2	erster	ADJ	ADJA	Pos				S		Dat	M
27007001	3	Jahr	NOUN	NN					P		Nom	N
27007001	4	Belsazar	PROPN	NE					S		Nom	
27007001	5	der	DET	ART					S		Gen	M
27007001	6	König	PROPN	NE					S		Nom	
27007001	7	von	ADP	APPR								
27007001	8	Babel	NOUN	NN					S		Nom	N
27007001	9	sehen	VERB	VVFIN		Fin	Past	3	S	Ind		
27007001	10	Daniel	PROPN	NE					S		Nom	M
27007001	11	ein	DET	ART					S		Acc	M
27007001	12	Traum	NOUN	NN					S		Nom	M
27007001	13	und	CCONJ	KON								
27007001	14	Gesicht	NOUN	NN					P		Nom	N
27007001	15	sein	DET	PPOSAT					S		Gen	M
27007001	16	Hauptes	X	FM								
27007001	17	auf	ADP	PTKVZ								
27007001	18	sein	DET	PPOSAT					S		Dat	M
27007001	19	Lager	NOUN	NN					S		Nom	N
27007001	20	dann	ADV	ADV								
27007001	21	schreiben	VERB	VVFIN		Fin	Past	3	S	Ind		
27007001	22	er	PRON	PPER				3	S		Nom	M
27007001	23	der	DET	ART					S		Acc	M
27007001	24	Traum	NOUN	NN					S		Nom	M
27007001	25	auf	ADP	PTKVZ								
27007001	26	der	DET	ART					S		Nom	F
27007001	27	Summe	NOUN	NN					S		Nom	F
27007001	28	der	DET	ART					S		Nom	M
27007001	29	Sache	NOUN	NN					S		Nom	F
27007001	30	berichten	VERB	VVFIN		Fin	Past	3	S	Ind		
27007001	31	er	PRON	PPER				3	S		Nom	M
27007002	1	Daniel	PROPN	NE					S		Nom	M
27007002	2	heben	VERB	VVFIN		Fin	Past	3	S	Ind		
27007002	3	an	ADP	PTKVZ								
27007002	4	und	CCONJ	KON								
27007002	5	sprechen	VERB	VVFIN		Fin	Past	3	S	Ind		
27007002	6	ich	PRON	PPER				1	S		Nom	
27007002	7	schauen	VERB	VVFIN		Fin	Past	3	S	Ind		
27007002	8	in	ADP	APPR								
27007002	9	mein	DET	PPOSAT					S		Dat	M
27007002	10	Gesicht	NOUN	NN					S		Nom	N
27007002	11	bei	ADP	APPR								
27007002	12	der	DET	ART					S		Nom	M
27007002	13	Nacht	NOUN	NN					S		Nom	F
27007002	14	und	CCONJ	KON								
27007002	15	sehen	VERB	VVIMP				2	S	Imp		
27007002	16	der	DET	ART					S		Nom	F
27007002	17	vier	NUM	CARD								
27007002	18	Wind	NOUN	NN					P		Nom	M
27007002	19	der	DET	ART					S		Gen	M
27007002	20	Himmel	NOUN	NN					S		Gen	M
27007002	21	brechen	VERB	VVFIN		Fin	Past	3	P	Ind		
27007002	22	los	ADV	PTKVZ								
27007002	23	auf	ADP	PTKVZ								
27007002	24	der	DET	ART					S		Nom	N
27007002	25	groß	ADJ	ADJA	Pos				S		Nom	F
27007002	26	Meer	NOUN	NN					S		Nom	N
27007003	1	und	CCONJ	KON								
27007003	2	vier	NUM	CARD								
27007003	3	groß	ADJ	ADJA	Pos				S		Nom	F
27007003	4	Tier	NOUN	NN					P		Nom	N
27007003	5	steigen	VERB	VVFIN		Fin	Past	3	P	Ind		
27007003	6	aus	ADP	PTKVZ								
27007003	7	der	DET	ART					S		Dat	M
27007003	8	Meer	NOUN	NN					P		Nom	N
27007003	9	herauf	ADV	PTKVZ								
27007003	10	ein	PRON	ART					S		Nom	N
27007003	11	verschieden	ADV	ADJD	Pos							
27007003	12	von	ADP	APPR								
27007003	13	der	DET	ART					S		Dat	M
27007003	14	anderer	PRON	PIS					P		Dat	
27007004	1	der	DET	ART					S		Nom	N
27007004	2	erster	ADJ	ADJA	Pos				S		Nom	F
27007004	3	sein	AUX	VAFIN		Fin	Past	3	S	Ind		
27007004	4	gleich	ADV	ADV	Pos							
27007004	5	ein	DET	ART					S		Dat	M
27007004	6	Löwe	NOUN	NN					S		Nom	M
27007004	7	und	CCONJ	KON								
27007004	8	haben	AUX	VAFIN		Fin	Past	3	S	Ind		
27007004	9	Adlersflügel	PROPN	NN					S		Nom	
27007004	10	ich	PRON	PPER				1	S		Nom	
27007004	11	schauen	VERB	VVFIN		Fin	Past	3	S	Ind		
27007004	12	bis	CCONJ	KON								
27007004	13	sein	DET	PPOSAT					S		Nom	F
27007004	14	Flügel	NOUN	NN					P		Nom	M
27007004	15	ausgerissen	VERB	VVPP		Part						
27007004	16	werden	AUX	VAFIN		Fin	Past	3	P	Ind		
27007004	17	und	CCONJ	KON								
27007004	18	es	PRON	PPER				3	S		Nom	N
27007004	19	von	ADP	APPR								
27007004	20	der	DET	ART					S		Nom	M
27007004	21	Erde	NOUN	NN					S		Nom	F
27007004	22	aufheben	VERB	VVPP		Part						
27007004	23	und	CCONJ	KON								
27007004	24	wie	ADP	KOKOM								
27007004	25	ein	DET	ART					S		Nom	N
27007004	26	Mensch	NOUN	NN					S		Nom	M
27007004	27	auf	ADP	PTKVZ								
27007004	28	sein	DET	PPOSAT					S		Nom	F
27007004	29	Fuß	PROPN	NN					S		Nom	
27007004	30	stellen	VERB	VVPP		Part						
27007004	31	und	CCONJ	KON								
27007004	32	ihm	PRON	PPER				3	S		Dat	M
27007004	33	ein	PRON	ART					S		Nom	N
27007004	34	Mensch	NOUN	NN					P		Nom	M
27007004	35	Herz	NOUN	NN					S		Nom	N
27007004	36	geben	VERB	VVPP		Part						
27007004	37	werden	AUX	VAFIN		Fin	Past	3	S	Ind		
27007005	1	und	CCONJ	KON								
27007005	2	sehen	VERB	VVIMP				2	S	Imp		
27007005	3	ein	DET	ART					S		Nom	N
27007005	4	anderer	PRON	PIS					S		Nom	N
27007005	5	zweiter	ADJ	ADJA	Pos				S		Nom	N
27007005	6	Tier	NOUN	NN					S		Nom	N
27007005	7	gleich	ADV	ADV	Pos							
27007005	8	ein	DET	ART					S		Dat	M
27007005	9	Bär	NOUN	NN					P		Nom	M
27007005	10	und	CCONJ	KON								
27007005	11	es	PRON	PPER				3	S		Nom	N
27007005	12	richten	VERB	VVFIN		Fin	Past	3	S	Ind		
27007005	13	sich	PRON	PRF				3	S		Acc	
27007005	14	auf	ADP	PTKVZ								
27007005	15	ein	PRON	ART					S		Nom	M
27007005	16	Seite	NOUN	NN					S		Nom	F
27007005	17	auf	ADP	PTKVZ								
27007005	18	und	CCONJ	KON								
27007005	19	es	PRON	PPER				3	S		Nom	N
27007005	20	haben	AUX	VAFIN		Fin	Past	3	S	Ind		
27007005	21	drei	NUM	CARD								
27007005	22	Rippe	NOUN	NN					P		Nom	F
27007005	23	in	ADP	APPR								
27007005	24	sein	DET	PPOSAT					S		Dat	M
27007005	25	Maule	PROPN	NE					S		Nom	
27007005	26	zwischen	ADP	APPR								
27007005	27	sein	DET	PPOSAT					S		Acc	M
27007005	28	Zahn	NOUN	NN					P		Dat	M
27007005	29	und	CCONJ	KON								
27007005	30	man	PRON	PIS					S		Nom	
27007005	31	sprechen	VERB	VVFIN		Fin	Past	3	S	Ind		
27007005	32	zu	ADP	PTKVZ								
27007005	33	ihm	PRON	PPER				3	S		Dat	M
27007005	34	also	ADV	ADV								
27007005	35	stehe	VERB	VVIMP		Fin	Pres	3	S	Sub		
27007005	36	auf	ADP	PTKVZ								
27007005	37	Friß	PROPN	NE					S		Nom	N
27007005	38	viel	PRON	PIS								
27007005	39	Fleisch	NOUN	NN					S		Nom	N
27007006	1	nach	ADP	APPR								
27007006	2	dieser	DET	PDAT					S		Dat	N
27007006	3	schauen	VERB	VVFIN		Fin	Past	3	S	Ind		
27007006	4	ich	PRON	PPER				1	S		Nom	
27007006	5	und	CCONJ	KON								
27007006	6	sehen	VERB	VVIMP				2	S	Imp		
27007006	7	ein	DET	ART					S		Nom	N
27007006	8	anderer	PRON	PIS					S		Nom	N
27007006	9	gleich	ADV	ADV	Pos							
27007006	10	ein	DET	ART					S		Dat	M
27007006	11	Pardel	PROPN	NN					S		Nom	N
27007006	12	und	CCONJ	KON								
27007006	13	es	PRON	PPER				3	S		Nom	N
27007006	14	haben	AUX	VAFIN		Fin	Past	3	S	Ind		
27007006	15	vier	NUM	CARD								
27007006	16	Flügel	NOUN	NN					P		Nom	M
27007006	17	ein	PRON	ART					S		Nom	N
27007006	18	Vogel	PROPN	NE					S		Gen	
27007006	19	auf	ADP	PTKVZ								
27007006	20	sein	DET	PPOSAT					S		Dat	M
27007006	21	rücken	NOUN	NN					S		Nom	M
27007006	22	und	CCONJ	KON								
27007006	23	der	DET	ART					S		Nom	N
27007006	24	Tier	NOUN	NN					S		Nom	N
27007006	25	haben	AUX	VAFIN		Fin	Past	3	S	Ind		
27007006	26	vier	NUM	CARD								
27007006	27	Kopf	NOUN	NN					P		Nom	M
27007006	28	und	CCONJ	KON								
27007006	29	Herrschaft	NOUN	NN					S		Nom	F
27007006	30	werden	AUX	VAFIN		Fin	Past	3	S	Ind		
27007006	31	ihm	PRON	PPER				3	S		Dat	M
27007006	32	geben	VERB	VVPP		Part						
27007007	1	nach	ADP	APPR								
27007007	2	dieser	DET	PDAT					S		Dat	N
27007007	3	schauen	VERB	VVFIN		Fin	Past	3	S	Ind		
27007007	4	ich	PRON	PPER				1	S		Nom	
27007007	5	in	ADP	APPR								
27007007	6	Gesichte	NOUN	NN					P		Nom	
27007007	7	der	DET	ART					S		Nom	M
27007007	8	Nacht	NOUN	NN					S		Nom	F
27007007	9	und	CCONJ	KON								
27007007	10	sehen	VERB	VVIMP				2	S	Imp		
27007007	11	ein	DET	ART					S		Nom	N
27007007	12	viert	ADJ	ADJA	Pos				S		Nom	N
27007007	13	Tier	NOUN	NN					S		Nom	N
27007007	14	schrecklich	ADV	ADJD	Pos							
27007007	15	und	CCONJ	KON								
27007007	16	furchtbar	ADV	ADJD	Pos							
27007007	17	und	CCONJ	KON								
27007007	18	sehr	ADV	ADV								
27007007	19	stark	ADV	ADJD	Pos							
27007007	20	und	CCONJ	KON								
27007007	21	es	PRON	PPER				3	S		Nom	N
27007007	22	haben	AUX	VAFIN		Fin	Past	3	S	Ind		
27007007	23	groß	ADJ	ADJA	Pos				S		Nom	F
27007007	24	eisern	ADJ	ADJA	Pos				S		Nom	F
27007007	25	Zahn	NOUN	NN					P		Nom	M
27007007	26	es	PRON	PPER				3	S		Nom	N
27007007	27	fraß	VERB	VVFIN		Fin	Past	3	S	Ind		
27007007	28	und	CCONJ	KON								
27007007	29	zermalmen	VERB	VVFIN		Fin	Past	3	S	Ind		
27007007	30	und	CCONJ	KON								
27007007	31	was	PRON	PWS					S		Nom	N
27007007	32	übrigbleiben	VERB	VVFIN		Fin	Past	3	S	Ind		
27007007	33	Zertrat	NOUN	NN					S		Nom	M
27007007	34	es	PRON	PPER				3	S		Nom	N
27007007	35	mit	ADP	APPR								
27007007	36	sein	DET	PPOSAT					S		Acc	M
27007007	37	Fuß	NOUN	NN					P		Dat	M
27007007	38	und	CCONJ	KON								
27007007	39	es	PRON	PPER				3	S		Nom	N
27007007	40	sein	AUX	VAFIN		Fin	Past	3	S	Ind		
27007007	41	verschieden	ADV	ADJD	Pos							
27007007	42	von	ADP	APPR								
27007007	43	aller	DET	PIS					P		Dat	
27007007	44	Tier	NOUN	NN					P		Dat	N
27007007	45	der	DET	ART					S		Nom	F
27007007	46	vor	ADP	APPR								
27007007	47	ihm	PRON	PPER				3	S		Dat	M
27007007	48	sein	AUX	VAPP		Part						
27007007	49	und	CCONJ	KON								
27007007	50	es	PRON	PPER				3	S		Nom	N
27007007	51	haben	AUX	VAFIN		Fin	Past	3	S	Ind		
27007007	52	zehn	NUM	CARD								
27007007	53	Horn	NOUN	NN					P		Nom	N
27007008	1	während	SCONJ	KOUS								
27007008	2	ich	PRON	PPER				1	S		Nom	
27007008	3	auf	ADP	PTKVZ								
27007008	4	der	DET	ART					S		Nom	F
27007008	5	Horn	NOUN	NN					P		Nom	N
27007008	6	achtgeben	VERB	VVFIN		Fin	Past	3	S	Ind		
27007008	7	sehen	VERB	VVIMP				2	S	Imp		
27007008	8	da	ADV	ADV								
27007008	9	steigen	VERB	VVFIN		Fin	Past	3	S	Ind		
27007008	10	ein	DET	ART					S		Nom	N
27007008	11	anderer	PRON	PIS					S		Nom	N
27007008	12	klein	ADJ	ADJA	Pos				S		Nom	N
27007008	13	Horn	NOUN	NE					S		Nom	N
27007008	14	zwischen	ADP	APPR								
27007008	15	ihnen	PRON	PPER				3	P		Dat	
27007008	16	Empor	ADV	PROAV								
27007008	17	und	CCONJ	KON								
27007008	18	drei	NUM	CARD								
27007008	19	von	ADP	APPR								
27007008	20	der	DET	ART					S		Acc	M
27007008	21	erster	ADJ	ADJA	Pos				S		Dat	M
27007008	22	Horn	NOUN	NN					P		Dat	N
27007008	23	werden	AUX	VAFIN		Fin	Past	3	P	Ind		
27007008	24	vor	ADP	APPR								
27007008	25	ihm	PRON	PPER				3	S		Dat	M
27007008	26	ausgerissen	VERB	VVPP		Part						
27007008	27	und	CCONJ	KON								
27007008	28	sehen	VERB	VVIMP				2	S	Imp		
27007008	29	an	ADP	PTKVZ								
27007008	30	dieser	DET	PDAT					S		Dat	N
27007008	31	Horne	PROPN	NE					S		Nom	
27007008	32	sein	AUX	VAFIN		Fin	Past	3	P	Ind		
27007008	33	Auge	NOUN	NN					P		Nom	N
27007008	34	wie	ADP	KOKOM								
27007008	35	Menschenauge	NOUN	NN					P		Nom	F
27007008	36	und	CCONJ	KON								
27007008	37	ein	DET	ART					S		Nom	N
27007008	38	Mund	NOUN	NN					S		Nom	M
27007008	39	der	DET	ART					S		Nom	M
27007008	40	groß	ADJ	ADJA	Pos				S		Nom	F
27007008	41	Ding	NOUN	NN					P		Nom	N
27007008	42	reden	VERB	VVFIN		Fin	Past	3	S	Ind		
27007009	1	ich	PRON	PPER				1	S		Nom	
27007009	2	schauen	VERB	VVFIN		Fin	Past	3	S	Ind		
27007009	3	bis	CCONJ	KON								
27007009	4	Throne	NOUN	NN					S		Nom	F
27007009	5	aufstellen	VERB	VVPP		Part						
27007009	6	werden	AUX	VAFIN		Fin	Past	3	P	Ind		
27007009	7	und	CCONJ	KON								
27007009	8	ein	DET	ART					S		Nom	N
27007009	9	Alter	NOUN	NN					S		Nom	N
27007009	10	an	ADP	PTKVZ								
27007009	11	Tag	NOUN	NN					P		Dat	M
27007009	12	sich	PRON	PRF				3	S		Acc	
27007009	13	setzen	VERB	VVFIN		Fin	Past	3	S	Ind		
27007009	14	sein	AUX	VAINF		Inf						
27007009	15	Gewand	NOUN	NN					S		Nom	N
27007009	16	sein	AUX	VAFIN		Fin	Past	3	S	Ind		
27007009	17	wissen	VERB	VVFIN		Fin	Pres	3	S	Ind		
27007009	18	wie	ADP	KOKOM								
27007009	19	Schnee	NOUN	NN					S		Nom	M
27007009	20	und	CCONJ	KON								
27007009	21	der	DET	ART					S		Nom	N
27007009	22	Haar	NOUN	NN					S		Nom	N
27007009	23	sein	DET	PPOSAT					S		Gen	M
27007009	24	Hauptes	X	FM								
27007009	25	wie	ADP	KOKOM								
27007009	26	rein	ADJ	ADJA	Pos				S		Nom	F
27007009	27	Wolle	NOUN	NN					S		Nom	F
27007009	28	sein	AUX	VAINF		Inf						
27007009	29	Thron	NOUN	NN					S		Nom	M
27007009	30	Feuerflamme	NOUN	NN					P		Nom	N
27007009	31	der	PRON	PDS					S		Gen	
27007009	32	Rad	NOUN	NN					P		Nom	N
27007009	33	ein	DET	ART					S		Nom	N
27007009	34	lodernd	ADJ	ADJA	Pos				S		Nom	N
27007009	35	Feuer	NOUN	NN					S		Nom	N
27007010	1	ein	DET	ART					S		Nom	M
27007010	2	Strom	NOUN	NN					S		Nom	M
27007010	3	von	ADP	APPR								
27007010	4	Feuer	NOUN	NN					S		Nom	N
27007010	5	fließen	VERB	VVFIN		Fin	Past	3	S	Ind		
27007010	6	und	CCONJ	KON								
27007010	7	gehen	VERB	VVFIN		Fin	Past	3	S	Ind		
27007010	8	von	ADP	APPR								
27007010	9	ihm	PRON	PPER				3	S		Dat	M
27007010	10	aus	ADP	PTKVZ								
27007010	11	tausend	NUM	CARD								
27007010	12	Mal	ADV	ADV								
27007010	13	Tausend	NOUN	NN					P		Nom	N
27007010	14	dienen	VERB	VVFIN		Fin	Past	3	P	Ind		
27007010	15	ihm	PRON	PPER				3	S		Dat	M
27007010	16	und	CCONJ	KON								
27007010	17	zehntausend	NUM	CARD								
27007010	18	Mal	ADV	ADV								
27007010	19	Zehntausend	NOUN	NN					P		Nom	N
27007010	20	stehen	VERB	VVFIN		Fin	Past	3	P	Ind		
27007010	21	vor	ADP	APPR								
27007010	22	ihm	PRON	PPER				3	S		Dat	M
27007010	23	der	DET	ART					S		Nom	N
27007010	24	Gericht	NOUN	NN					S		Nom	N
27007010	25	setzen	VERB	VVFIN		Fin	Past	3	S	Ind		
27007010	26	sich	PRON	PRF				3	S		Acc	
27007010	27	und	CCONJ	KON								
27007010	28	Buch	NOUN	NN					P		Nom	N
27007010	29	werden	AUX	VAFIN		Fin	Past	3	P	Ind		
27007010	30	auftun	VERB	VVPP		Part						
27007011	1	dann	ADV	ADV								
27007011	2	schauen	VERB	VVFIN		Fin	Past	3	S	Ind		
27007011	3	ich	PRON	PPER				1	S		Nom	
27007011	4	wegen	ADP	APPR								
27007011	5	der	DET	ART					S		Nom	M
27007011	6	Stimme	NOUN	NN					S		Nom	F
27007011	7	der	DET	ART					S		Nom	M
27007011	8	groß	ADJ	ADJA	Pos				S		Acc	M
27007011	9	Wort	NOUN	NN					P		Nom	N
27007011	10	welcher	DET	PWAT					S		Nom	F
27007011	11	der	DET	ART					S		Nom	N
27007011	12	Horn	NOUN	NE					S		Nom	N
27007011	13	reden	VERB	VVFIN		Fin	Past	3	S	Ind		
27007011	14	ich	PRON	PPER				1	S		Nom	
27007011	15	schauen	VERB	VVFIN		Fin	Past	3	S	Ind		
27007011	16	bis	CCONJ	KON								
27007011	17	der	DET	ART					S		Nom	N
27007011	18	Tier	NOUN	NN					S		Nom	N
27007011	19	töten	VERB	VVPP		Part						
27007011	20	und	CCONJ	KON								
27007011	21	sein	AUX	VAINF		Inf						
27007011	22	Leib	NOUN	NN					S		Nom	M
27007011	23	zerstören	VERB	VVPP		Part						
27007011	24	und	CCONJ	KON								
27007011	25	der	DET	ART					S		Dat	M
27007011	26	Brande	NOUN	NN					P		Nom	M
27007011	27	der	DET	ART					S		Gen	M
27007011	28	Feuer	NOUN	NN					S		Gen	N
27007011	29	übergeben	VERB	VVPP		Part						
27007011	30	werden	AUX	VAFIN		Fin	Past	3	S	Ind		
27007012	1	und	CCONJ	KON								
27007012	2	was	PRON	PWS					S		Nom	N
27007012	3	der	DET	ART					S		Nom	F
27007012	4	übrig	ADJ	ADJA	Pos				S		Dat	N
27007012	5	Tier	NOUN	NN					P		Nom	N
27007012	6	betreffen	VERB	VVFIN		Fin	Pres	3	S	Ind		
27007012	7	ihr	DET	PPOSAT					S		Nom	F
27007012	8	Herrschaft	NOUN	NN					S		Nom	F
27007012	9	werden	AUX	VAFIN		Fin	Past	3	S	Ind		
27007012	10	wegnehmen	VERB	VVPP		Part						
27007012	11	aber	CCONJ	KON								
27007012	12	Verlängerung	NOUN	NN					S		Nom	F
27007012	13	der	DET	ART					S		Gen	M
27007012	14	Leben	NOUN	NN					S		Gen	N
27007012	15	werden	VERB	VAFIN		Fin	Past	3	S	Ind		
27007012	16	ihnen	PRON	PPER				3	P		Dat	
27007012	17	geben	VERB	VVPP		Part						
27007012	18	bis	CCONJ	KON								
27007012	19	auf	ADP	PTKVZ								
27007012	20	Zeit	NOUN	NN					S		Nom	F
27007012	21	und	CCONJ	KON								
27007012	22	Stunde	NOUN	NN					S		Nom	F
27007013	1	ich	PRON	PPER				1	S		Nom	
27007013	2	schauen	VERB	VVFIN		Fin	Past	3	S	Ind		
27007013	3	in	ADP	APPR								
27007013	4	Gesichte	NOUN	NN					P		Nom	
27007013	5	der	DET	ART					S		Nom	M
27007013	6	Nacht	NOUN	NN					S		Nom	F
27007013	7	und	CCONJ	KON								
27007013	8	sehen	VERB	VVIMP				2	S	Imp		
27007013	9	mit	ADP	APPR								
27007013	10	der	DET	ART					S		Acc	M
27007013	11	Wolke	NOUN	NN					P		Nom	F
27007013	12	der	DET	ART					S		Gen	M
27007013	13	Himmel	NOUN	NN					S		Gen	M
27007013	14	kommen	VERB	VVFIN		Fin	Past	3	S	Ind		
27007013	15	ein	PRON	ART					S		Nom	M
27007013	16	wie	ADP	KOKOM								
27007013	17	ein	PRON	ART					S		Nom	N
27007013	18	Mensch	NOUN	NN					P		Nom	M
27007013	19	Sohn	NOUN	NN					S		Nom	M
27007013	20	und	CCONJ	KON								
27007013	21	er	PRON	PPER				3	S		Nom	M
27007013	22	kommen	VERB	VVFIN		Fin	Past	3	S	Ind		
27007013	23	zu	ADP	PTKVZ								
27007013	24	der	DET	ART					S		Dat	M
27007013	25	alte	NOUN	ADJA					P		Nom	
27007013	26	an	ADP	PTKVZ								
27007013	27	Tag	NOUN	NN					P		Dat	M
27007013	28	und	CCONJ	KON								
27007013	29	werden	AUX	VAFIN		Fin	Past	3	S	Ind		
27007013	30	vor	ADP	APPR								
27007013	31	derselbe	PRON	PDS					P		Dat	
27007013	32	bringen	VERB	VVPP		Part						
27007014	1	und	CCONJ	KON								
27007014	2	ihm	PRON	PPER				3	S		Dat	M
27007014	3	werden	AUX	VAFIN		Fin	Past	3	S	Ind		
27007014	4	Herrschaft	NOUN	NN					S		Nom	F
27007014	5	und	CCONJ	KON								
27007014	6	Herrlichkeit	NOUN	NN					S		Nom	F
27007014	7	und	CCONJ	KON								
27007014	8	Königtum	NOUN	NN					S		Nom	N
27007014	9	geben	VERB	VVPP		Part						
27007014	10	und	CCONJ	KON								
27007014	11	aller	PRON	PIS					P		Nom	
27007014	12	Volk	NOUN	NN					P		Nom	N
27007014	13	Völkerschaft	NOUN	NN					P		Nom	F
27007014	14	und	CCONJ	KON								
27007014	15	Sprache	NOUN	NN					P		Nom	F
27007014	16	dienen	VERB	VVFIN		Fin	Past	3	P	Ind		
27007014	17	ihm	PRON	PPER				3	S		Dat	M
27007014	18	sein	DET	PPOSAT					S		Nom	F
27007014	19	Herrschaft	NOUN	NN					S		Nom	F
27007014	20	sein	AUX	VAFIN		Fin	Pres	3	S	Ind		
27007014	21	ein	DET	ART					S		Nom	F
27007014	22	ewig	ADJ	ADJA	Pos				P		Nom	F
27007014	23	Herrschaft	NOUN	NN					S		Nom	F
27007014	24	der	DET	ART					S		Nom	F
27007014	25	nicht	PART	PTKNEG								
27007014	26	vergehen	VERB	VVINF		Inf						
27007014	27	und	CCONJ	KON								
27007014	28	sein	AUX	VAINF		Inf						
27007014	29	Königtum	NOUN	NN					S		Nom	N
27007014	30	ein	DET	ART					S		Nom	N
27007014	31	solcher	DET	PIAT					S		Nom	N
27007014	32	der	DET	ART					S		Nom	N
27007014	33	nie	ADV	ADV								
27007014	34	zerstören	VERB	VVPP		Part						
27007014	35	werden	AUX	VAFIN		Fin	Pres	3	P	Ind		
27007014	36	werden	AUX	VAFIN		Fin	Pres	3	S	Ind		
27007015	1	Mir	PRON	NE				1	S		Dat	
27007015	2	Daniel	PROPN	NE					S		Nom	M
27007015	3	werden	VERB	VAFIN		Fin	Past	3	S	Ind		
27007015	4	mein	DET	PPOSAT					S		Nom	N
27007015	5	Geist	NOUN	NN					S		Nom	M
27007015	6	in	ADP	APPR								
27007015	7	mir	PRON	PPER				1	S		Dat	
27007015	8	tief	ADV	ADJD	Pos							
27007015	9	ergreifen	VERB	VVPP		Part						
27007015	10	und	CCONJ	KON								
27007015	11	der	DET	ART					S		Nom	F
27007015	12	Gesicht	NOUN	NN					P		Nom	N
27007015	13	meiner	DET	PPOSAT					S		Gen	N
27007015	14	Hauptes	X	FM								
27007015	15	ängstigen	VERB	VVFIN		Fin	Past	3	P	Ind		
27007015	16	mich	PRON	PPER				1	S		Acc	
27007016	1	ich	PRON	PPER				1	S		Nom	
27007016	2	nahen	VERB	VVFIN		Fin	Past	3	S	Ind		
27007016	3	zu	ADP	PTKVZ								
27007016	4	ein	DET	ART					S		Dat	M
27007016	5	der	DET	ART					S		Nom	M
27007016	6	Dastehende	NOUN	NN					P		Nom	F
27007016	7	um	ADP	APPR								
27007016	8	von	ADP	APPR								
27007016	9	ihm	PRON	PPER				3	S		Dat	M
27007016	10	Gewißheit	NOUN	NN					S		Nom	F
27007016	11	über	ADP	APPR								
27007016	12	dieser	PRON	PDS					S		Nom	N
27007016	13	alle	PRON	PIS					S		Nom	N
27007016	14	zu	ADP	PTKVZ								
27007016	15	erbitten	VERB	VVFIN		Fin	Pres	3	P	Ind		
27007016	16	und	CCONJ	KON								
27007016	17	er	PRON	PPER				3	S		Nom	M
27007016	18	sagen	VERB	VVFIN		Fin	Past	3	S	Ind		
27007016	19	mir	PRON	PPER				1	S		Dat	
27007016	20	daß	SCONJ	KOUS								
27007016	21	er	PRON	PPER				3	S		Nom	M
27007016	22	mir	PRON	PPER				1	S		Dat	
27007016	23	der	DET	ART					S		Nom	F
27007016	24	Deutung	NOUN	NN					S		Nom	F
27007016	25	der	DET	ART					S		Nom	M
27007016	26	Sache	NOUN	NN					S		Nom	F
27007016	27	kundtun	VERB	VVINF		Inf						
27007016	28	wollen	AUX	VMFIN		Fin	Pres	3	S	Sub		
27007017	1	dieser	DET	PDAT					S		Nom	F
27007017	2	groß	ADJ	ADJA	Pos				S		Acc	M
27007017	3	Tier	NOUN	NN					P		Nom	N
27007017	4	der	PRON	PDS							Gen	
27007017	5	vier	NUM	CARD								
27007017	6	sein	AUX	VAFIN		Fin	Past	3	P	Ind		
27007017	7	sein	AUX	VAFIN		Fin	Pres	3	P	Ind		
27007017	8	vier	NUM	CARD								
27007017	9	König	NOUN	NN					P		Nom	M
27007017	10	der	DET	ART					S		Nom	F
27007017	11	von	ADP	APPR								
27007017	12	der	DET	ART					S		Nom	M
27007017	13	Erde	NOUN	NN					S		Nom	F
27007017	14	aufstehen	VERB	VVINF		Inf						
27007017	15	werden	AUX	VAFIN		Fin	Pres	3	P	Ind		
27007018	1	aber	CCONJ	KON								
27007018	2	der	DET	ART					S		Nom	F
27007018	3	heilig	NOUN	NN					P		Dat	
27007018	4	der	DET	ART					S		Nom	M
27007018	5	hoch	ADJ	ADJA	Sup				S		Acc	M
27007018	6	Ört	NOUN	NN					P		Nom	M
27007018	7	werden	AUX	VAFIN		Fin	Pres	3	P	Ind		
27007018	8	der	DET	ART					S		Nom	N
27007018	9	Reich	NOUN	NE					S		Nom	N
27007018	10	empfangen	VERB	VVPP		Part						
27007018	11	und	CCONJ	KON								
27007018	12	werden	AUX	VAFIN		Fin	Pres	3	P	Ind		
27007018	13	der	DET	ART					S		Nom	N
27007018	14	Reich	NOUN	NE					S		Nom	N
27007018	15	besitzen	VERB	VVFIN		Fin	Pres	3	P	Ind		
27007018	16	bis	CCONJ	KON								
27007018	17	in	ADP	APPR								
27007018	18	Ewigkeit	NOUN	NN					S		Nom	F
27007018	19	ja	ADV	ADV								
27007018	20	bis	CCONJ	KON								
27007018	21	in	ADP	APPR								
27007018	22	der	DET	ART					S		Nom	F
27007018	23	Ewigkeit	NOUN	NN					S		Nom	F
27007018	24	der	DET	ART					S		Nom	M
27007018	25	Ewigkeit	NOUN	NN					P		Nom	F
27007019	1	darauf	ADV	PROAV								
27007019	2	begehrt	VERB	ADJA		Fin	Past	3	S	Ind		
27007019	3	ich	PRON	PPER				1	S		Nom	
27007019	4	Gewißheit	NOUN	NN					S		Nom	F
27007019	5	über	ADP	APPR								
27007019	6	der	DET	ART					S		Nom	N
27007019	7	vierter	ADJ	ADJA	Pos				S		Nom	F
27007019	8	Tier	NOUN	NN					S		Nom	N
27007019	9	welcher	DET	PWAT					S		Acc	N
27007019	10	von	ADP	APPR								
27007019	11	aller	DET	PIS					P		Dat	
27007019	12	anderer	PRON	PIS					P		Dat	
27007019	13	verschieden	ADV	ADJD	Pos							
27007019	14	sein	AUX	VAFIN		Fin	Past	3	S	Ind		
27007019	15	sehr	ADV	ADV								
27007019	16	schrecklich	ADV	ADJD	Pos							
27007019	17	der	PRON	PDS					S		Gen	
27007019	18	Zahn	NOUN	NN					P		Nom	M
27007019	19	von	ADP	APPR								
27007019	20	Eisen	NOUN	NN					S		Nom	N
27007019	21	und	CCONJ	KON								
27007019	22	der	PRON	PDS					S		Gen	
27007019	23	klauen	NOUN	NN					S		Nom	N
27007019	24	von	ADP	APPR								
27007019	25	Erz	NOUN	NN					S		Nom	N
27007019	26	sein	AUX	VAFIN		Fin	Past	3	P	Ind		
27007019	27	welcher	DET	PWAT					S		Acc	N
27007019	28	fraß	VERB	VVFIN		Fin	Past	3	S	Ind		
27007019	29	zermalmen	VERB	VVFIN		Fin	Past	3	S	Ind		
27007019	30	und	CCONJ	KON								
27007019	31	was	PRON	PWS					S		Nom	N
27007019	32	übrigbleiben	VERB	VVFIN		Fin	Past	3	S	Ind		
27007019	33	mit	ADP	APPR								
27007019	34	sein	DET	PPOSAT					S		Acc	M
27007019	35	Fuß	NOUN	NN					P		Dat	M
27007019	36	Zertrat	NOUN	NN					S		Nom	M
27007020	1	und	CCONJ	KON								
27007020	2	über	ADP	APPR								
27007020	3	der	DET	ART					S		Nom	F
27007020	4	zehn	NUM	CARD								
27007020	5	Horn	NOUN	NN					P		Nom	N
27007020	6	auf	ADP	PTKVZ								
27007020	7	sein	DET	PPOSAT					S		Dat	M
27007020	8	Kopf	NOUN	NN					P		Nom	M
27007020	9	und	CCONJ	KON								
27007020	10	über	ADP	APPR								
27007020	11	der	DET	ART					S		Nom	N
27007020	12	anderer	PRON	PIS					P		Nom	
27007020	13	Horn	NOUN	NE					S		Nom	N
27007020	14	welcher	DET	PWAT					S		Acc	N
27007020	15	emporsteigen	NOUN	NN					S		Acc	M
27007020	16	und	CCONJ	KON								
27007020	17	vor	ADP	APPR								
27007020	18	welcher	DET	PWAT					S		Dat	N
27007020	19	drei	NUM	CARD								
27007020	20	abfielen	VERB	VVFIN		Fin	Pres	3	P	Ind		
27007020	21	und	CCONJ	KON								
27007020	22	der	DET	ART					S		Nom	N
27007020	23	Horn	NOUN	NE					S		Nom	N
27007020	24	haben	AUX	VAFIN		Fin	Past	3	S	Ind		
27007020	25	Auge	NOUN	NN					P		Nom	N
27007020	26	und	CCONJ	KON								
27007020	27	ein	DET	ART					S		Acc	M
27007020	28	Mund	NOUN	NN					S		Nom	M
27007020	29	der	DET	ART					S		Nom	M
27007020	30	groß	ADJ	ADJA	Pos				S		Nom	F
27007020	31	Ding	NOUN	NN					P		Nom	N
27007020	32	reden	VERB	VVFIN		Fin	Past	3	S	Ind		
27007020	33	und	CCONJ	KON								
27007020	34	sein	AUX	VAINF		Inf						
27007020	35	Aussehen	NOUN	NN					S		Nom	N
27007020	36	sein	AUX	VAFIN		Fin	Past	3	S	Ind		
27007020	37	groß	ADV	ADJD	Cmp							
27007020	38	als	ADP	KOKOM								
27007020	39	der	DET	ART					S		Nom	N
27007020	40	sein	DET	PPOSAT					S		Dat	F
27007020	41	Genosse	NOUN	NN					P		Nom	M
27007021	1	ich	PRON	PPER				1	S		Nom	
27007021	2	sehen	VERB	VVFIN		Fin	Past	3	S	Ind		
27007021	3	wie	ADP	KOKOM								
27007021	4	dieser	DET	PDAT					S		Nom	N
27007021	5	Horn	NOUN	NE					S		Nom	N
27007021	6	Krieg	NOUN	NN					S		Nom	M
27007021	7	wider	ADP	PTKVZ								
27007021	8	der	DET	ART					S		Nom	F
27007021	9	heilig	NOUN	NN					P		Dat	
27007021	10	führen	VERB	VVFIN		Fin	Past	3	S	Ind		
27007021	11	und	CCONJ	KON								
27007021	12	sie	PRON	PPER				3	P		Nom	
27007021	13	besiegen	VERB	VVFIN		Fin	Past	3	S	Ind		
27007022	1	bis	CCONJ	KON								
27007022	2	der	DET	ART					S		Nom	M
27007022	3	alte	ADJ	ADJA	Pos				S		Nom	F
27007022	4	an	ADP	PTKVZ								
27007022	5	Tag	NOUN	NN					P		Dat	M
27007022	6	kommen	VERB	VVFIN		Fin	Past	3	S	Ind		
27007022	7	und	CCONJ	KON								
27007022	8	der	DET	ART					S		Nom	N
27007022	9	Gericht	NOUN	NN					S		Nom	N
27007022	10	der	DET	ART					S		Acc	M
27007022	11	heilig	NOUN	NN					P		Dat	
27007022	12	der	DET	ART					S		Nom	M
27007022	13	hoch	ADJ	ADJA	Sup				S		Acc	M
27007022	14	Ört	NOUN	NN					P		Nom	M
27007022	15	geben	VERB	VVPP		Part						
27007022	16	werden	AUX	VAFIN		Fin	Past	3	S	Ind		
27007022	17	und	CCONJ	KON								
27007022	18	der	DET	ART					S		Nom	F
27007022	19	Zeit	NOUN	NN					S		Nom	F
27007022	20	kommen	VERB	VVFIN		Fin	Past	3	S	Ind		
27007022	21	da	ADV	ADV								
27007022	22	der	DET	ART					S		Nom	F
27007022	23	heilig	NOUN	NN					P		Dat	
27007022	24	der	DET	ART					S		Nom	N
27007022	25	Reich	NOUN	NE					S		Nom	N
27007022	26	in	ADP	APPR								
27007022	27	Besitz	NOUN	NN					S		Nom	M
27007022	28	nehmen	VERB	VVFIN		Fin	Past	3	P	Ind		
27007023	1	er	PRON	PPER				3	S		Nom	M
27007023	2	sprechen	VERB	VVFIN		Fin	Past	3	S	Ind		
27007023	3	also	ADV	ADV								
27007023	4	der	DET	ART					S		Nom	N
27007023	5	vierter	ADJ	ADJA	Pos				S		Nom	F
27007023	6	Tier	NOUN	NN					S		Nom	N
27007023	7	ein	DET	ART					S		Nom	N
27007023	8	viert	ADJ	ADJA	Pos				S		Nom	N
27007023	9	Königreich	NOUN	NN					S		Nom	N
27007023	10	werden	AUX	VAFIN		Fin	Pres	3	S	Ind		
27007023	11	auf	ADP	PTKVZ								
27007023	12	Erde	NOUN	NN					P		Nom	F
27007023	13	sein	AUX	VAINF		Inf						
27007023	14	welcher	DET	PWAT					S		Acc	N
27007023	15	von	ADP	APPR								
27007023	16	aller	DET	PIS					P		Dat	
27007023	17	königreichen	NOUN	NN					S		Nom	N
27007023	18	verschieden	ADV	ADJD	Pos							
27007023	19	sein	AUX	VAINF		Inf						
27007023	20	werden	AUX	VAFIN		Fin	Pres	3	S	Ind		
27007023	21	und	CCONJ	KON								
27007023	22	es	PRON	PPER				3	S		Nom	N
27007023	23	werden	AUX	VAFIN		Fin	Pres	3	S	Ind		
27007023	24	der	DET	ART					S		Nom	F
27007023	25	ganz	ADJ	ADJA	Pos				S		Nom	F
27007023	26	Erde	NOUN	NN					S		Nom	F
27007023	27	verzehren	VERB	VVINF		Inf						
27007023	28	und	CCONJ	KON								
27007023	29	sie	PRON	PPER				3	P		Nom	
27007023	30	zertreten	VERB	VVFIN		Fin	Pres	3	P	Ind		
27007023	31	und	CCONJ	KON								
27007023	32	sie	PRON	PPER				3	P		Nom	
27007023	33	zermalmen	VERB	VVINF		Inf						
27007024	1	und	CCONJ	KON								
27007024	2	der	DET	ART					S		Nom	F
27007024	3	zehn	NUM	CARD								
27007024	4	Horn	NOUN	NN					P		Nom	N
27007024	5	aus	ADP	PTKVZ								
27007024	6	jener	DET	PDAT					S		Dat	N
27007024	7	Königreich	NOUN	NN					S		Nom	N
27007024	8	werden	AUX	VAFIN		Fin	Pres	3	P	Ind		
27007024	9	zehn	NUM	CARD								
27007024	10	König	NOUN	NN					P		Nom	M
27007024	11	aufstehen	VERB	VVINF		Inf						
27007024	12	und	CCONJ	KON								
27007024	13	ein	DET	ART					S		Nom	N
27007024	14	anderer	PRON	PIS					S		Nom	M
27007024	15	werden	AUX	VAFIN		Fin	Pres	3	S	Ind		
27007024	16	nach	ADP	APPR								
27007024	17	ihnen	PRON	PPER				3	P		Dat	
27007024	18	aufstehen	VERB	VVINF		Inf						
27007024	19	und	CCONJ	KON								
27007024	20	dieser	PRON	PDAT					S		Nom	M
27007024	21	werden	AUX	VAFIN		Fin	Pres	3	S	Ind		
27007024	22	verschieden	ADV	ADJD	Pos							
27007024	23	sein	AUX	VAINF		Inf						
27007024	24	von	ADP	APPR								
27007024	25	der	DET	ART					S		Acc	M
27007024	26	vorig	ADJ	ADJA	Pos				S		Gen	M
27007024	27	und	CCONJ	KON								
27007024	28	werden	AUX	VAFIN		Fin	Pres	3	S	Ind		
27007024	29	drei	NUM	CARD								
27007024	30	König	NOUN	NN					P		Nom	M
27007024	31	erniedrigen	VERB	VVPP		Part						
27007025	1	und	CCONJ	KON								
27007025	2	er	PRON	PPER				3	S		Nom	M
27007025	3	werden	AUX	VAFIN		Fin	Pres	3	S	Ind		
27007025	4	Wort	NOUN	NN					P		Nom	N
27007025	5	reden	VERB	VVINF		Inf						
27007025	6	gegen	ADP	APPR								
27007025	7	der	DET	ART					S		Acc	M
27007025	8	Höchsten	ADJ	ADJA	Sup				S		Dat	F
27007025	9	und	CCONJ	KON								
27007025	10	der	DET	ART					S		Nom	F
27007025	11	heilig	NOUN	NN					P		Dat	
27007025	12	der	DET	ART					S		Nom	M
27007025	13	hoch	ADJ	ADJA	Sup				S		Acc	M
27007025	14	Ört	NOUN	NN					P		Nom	M
27007025	15	vernichten	VERB	VVINF		Inf						
27007025	16	und	CCONJ	KON								
27007025	17	er	PRON	PPER				3	S		Nom	M
27007025	18	werden	AUX	VAFIN		Fin	Pres	3	S	Ind		
27007025	19	darauf	ADV	PROAV								
27007025	20	Sinnen	NOUN	NN					S		Nom	N
27007025	21	Zeit	NOUN	NN					P		Nom	F
27007025	22	und	CCONJ	KON								
27007025	23	Gesetz	NOUN	NN					S		Nom	N
27007025	24	zu	ADP	PTKVZ								
27007025	25	ändern	VERB	VVINF		Inf						
27007025	26	und	CCONJ	KON								
27007025	27	sie	PRON	PPER				3	P		Nom	
27007025	28	werden	AUX	VAFIN		Fin	Pres	3	P	Ind		
27007025	29	ein	DET	ART					S		Nom	F
27007025	30	Zeit	NOUN	NN					S		Nom	F
27007025	31	und	CCONJ	KON								
27007025	32	Zeit	NOUN	NN					P		Nom	F
27007025	33	und	CCONJ	KON								
27007025	34	ein	DET	ART					S		Nom	F
27007025	35	halb	ADJ	ADJA	Pos				S		Nom	F
27007025	36	Zeit	NOUN	NN					S		Nom	F
27007025	37	in	ADP	APPR								
27007025	38	sein	DET	PPOSAT					S		Nom	F
27007025	39	Hand	NOUN	NN					S		Nom	F
27007025	40	geben	VERB	VVPP		Part						
27007025	41	werden	AUX	VAFIN		Fin	Pres	3	P	Ind		
27007026	1	aber	CCONJ	KON								
27007026	2	der	DET	ART					S		Nom	N
27007026	3	Gericht	NOUN	NN					S		Nom	N
27007026	4	werden	AUX	VAFIN		Fin	Pres	3	S	Ind		
27007026	5	sich	PRON	PRF				3	S		Acc	
27007026	6	setzen	VERB	VVINF		Fin	Pres	3	P	Ind		
27007026	7	und	CCONJ	KON								
27007026	8	man	PRON	PIS					S		Nom	
27007026	9	werden	AUX	VAFIN		Fin	Pres	3	S	Ind		
27007026	10	sein	DET	PPOSAT					S		Nom	F
27007026	11	Herrschaft	NOUN	NN					S		Nom	F
27007026	12	wegnehmen	VERB	VVINF		Inf						
27007026	13	um	ADP	APPR								
27007026	14	sie	PRON	PPER				3	P		Nom	
27007026	15	zu	ADP	PTKVZ								
27007026	16	vernichten	VERB	VVINF		Inf						
27007026	17	und	CCONJ	KON								
27007026	18	zu	ADP	PTKVZ								
27007026	19	zerstören	VERB	VVINF		Inf						
27007026	20	bis	CCONJ	KON								
27007026	21	zu	ADP	APPRART					S		Dat	N
27007026	22	Ende	NOUN	NN					S		Nom	N
27007027	1	und	CCONJ	KON								
27007027	2	der	DET	ART					S		Nom	N
27007027	3	Reich	NOUN	NE					S		Nom	N
27007027	4	und	CCONJ	KON								
27007027	5	der	DET	ART					S		Nom	F
27007027	6	Herrschaft	NOUN	NN					S		Nom	F
27007027	7	und	CCONJ	KON								
27007027	8	der	DET	ART					S		Nom	F
27007027	9	Größe	NOUN	NN					S		Nom	F
27007027	10	der	DET	ART					S		Nom	M
27007027	11	Königreich	NOUN	NN					P		Nom	N
27007027	12	unter	ADP	APPR								
27007027	13	der	DET	ART					S		Dat	M
27007027	14	ganz	PRON	ADJA					S		Nom	M
27007027	15	Himmel	NOUN	NN					S		Nom	M
27007027	16	werden	AUX	VAFIN		Fin	Pres	3	S	Ind		
27007027	17	der	DET	ART					S		Dat	M
27007027	18	Volke	NOUN	NN					S		Nom	M
27007027	19	der	DET	ART					S		Nom	M
27007027	20	heilig	NOUN	NN					P		Dat	
27007027	21	der	DET	ART					S		Nom	M
27007027	22	hoch	ADJ	ADJA	Sup				S		Acc	M
27007027	23	Ört	NOUN	NN					P		Nom	M
27007027	24	geben	VERB	VVPP		Part						
27007027	25	werden	AUX	VAFIN		Fin	Pres	3	P	Ind		
27007027	26	sein	DET	PPOSAT					S		Nom	N
27007027	27	Reich	NOUN	NE					S		Nom	N
27007027	28	sein	AUX	VAFIN		Fin	Pres	3	S	Ind		
27007027	29	ein	DET	ART					S		Nom	N
27007027	30	ewig	ADJ	ADJA	Pos				S		Nom	N
27007027	31	Reich	NOUN	NE					S		Nom	N
27007027	32	und	CCONJ	KON								
27007027	33	aller	PRON	PIS					P		Nom	
27007027	34	Herrschaft	NOUN	NN					P		Nom	F
27007027	35	werden	AUX	VAFIN		Fin	Pres	3	P	Ind		
27007027	36	ihm	PRON	PPER				3	S		Dat	M
27007027	37	dienen	VERB	VVINF		Inf						
27007027	38	und	CCONJ	KON								
27007027	39	gehorchen	VERB	VVINF		Inf						
27007028	1	bis	ADP	APPR								
27007028	2	hierher	ADV	PROAV								
27007028	3	der	DET	ART					S		Nom	N
27007028	4	Ende	NOUN	NN					S		Nom	N
27007028	5	der	DET	ART					S		Nom	M
27007028	6	Sache	NOUN	NN					S		Nom	F
27007028	7	Mich	PRON	PPER				1	S		Acc	
27007028	8	Daniel	PROPN	NE					S		Nom	M
27007028	9	ängstigen	VERB	VVFIN		Fin	Past	3	P	Ind		
27007028	10	mein	DET	PPOSAT					S		Nom	F
27007028	11	Gedanke	NOUN	NN					P		Nom	M
27007028	12	sehr	ADV	ADV								
27007028	13	und	CCONJ	KON								
27007028	14	mein	DET	PPOSAT					S		Nom	F
27007028	15	Gesichtsfarbe	NOUN	NN					S		Nom	F
27007028	16	verändern	VERB	VVFIN		Fin	Past	3	S	Ind		
27007028	17	sich	PRON	PRF				3	S		Acc	
27007028	18	an	ADP	PTKVZ								
27007028	19	mir	PRON	PPER				1	S		Dat	
27007028	20	und	CCONJ	KON								
27007028	21	ich	PRON	PPER				1	S		Nom	
27007028	22	bewahren	VERB	VVFIN		Fin	Past	3	S	Ind		
27007028	23	der	DET	ART					S		Nom	F
27007028	24	Sache	NOUN	NN					S		Nom	F
27007028	25	in	ADP	APPR								
27007028	26	mein	DET	PPOSAT					S		Dat	M
27007028	27	Herz	NOUN	NN					S		Nom	N
27008001	1	in	ADP	APPRART					S		Dat	M
27008001	2	dritter	ADJ	ADJA	Pos				S		Acc	M
27008001	3	Jahr	NOUN	NN					P		Nom	N
27008001	4	der	DET	ART					S		Nom	M
27008001	5	Regierung	NOUN	NN					S		Nom	F
27008001	6	der	DET	ART					S		Gen	M
27008001	7	König	PROPN	NE					S		Nom	
27008001	8	Belsazar	PROPN	NE					S		Nom	M
27008001	9	erscheinen	VERB	VVFIN		Fin	Past	3	S	Ind		
27008001	10	mir	PRON	PPER				1	S		Dat	
27008001	11	Daniel	PROPN	NE					S		Nom	M
27008001	12	ein	DET	ART					S		Nom	N
27008001	13	Gesicht	NOUN	NN					S		Nom	N
27008001	14	nach	ADP	APPR								
27008001	15	derjenige	PRON	PDS					S		Dat	M
27008001	16	welcher	DET	PWAT					S		Acc	N
27008001	17	mir	PRON	PPER				1	S		Dat	
27008001	18	in	ADP	APPRART					S		Dat	N
27008001	19	Anfang	NOUN	NN					S			M
27008001	20	erscheinen	VERB	VVPP		Part						
27008001	21	sein	AUX	VAFIN		Fin	Past	3	S	Ind		
27008002	1	und	CCONJ	KON								
27008002	2	ich	PRON	PPER				1	S		Nom	
27008002	3	sehen	VERB	VVFIN		Fin	Past	3	S	Ind		
27008002	4	in	ADP	APPRART					S		Dat	N
27008002	5	Gesicht	NOUN	NN					S		Nom	N
27008002	6	und	CCONJ	KON								
27008002	7	es	PRON	PPER				3	S		Nom	N
27008002	8	geschehen	VERB	VVFIN		Fin	Past	3	S	Ind		
27008002	9	als	ADP	KOKOM								
27008002	10	ich	PRON	PPER				1	S		Nom	
27008002	11	sehen	VERB	VVFIN		Fin	Past	3	S	Ind		
27008002	12	da	ADV	ADV								
27008002	13	sein	AUX	VAFIN		Fin	Past	3	S	Ind		
27008002	14	ich	PRON	PPER				1	S		Nom	
27008002	15	in	ADP	APPR								
27008002	16	der	DET	ART					S		Nom	M
27008002	17	Burg	NOUN	NN					S		Nom	F
27008002	18	Susan	PROPN	NE					S		Nom	F
27008002	19	welcher	DET	PWAT					S		Nom	F
27008002	20	in	ADP	APPR								
27008002	21	der	DET	ART					S		Nom	M
27008002	22	Landschaft	NOUN	NN					S		Nom	F
27008002	23	Elam	PROPN	NE					S		Nom	
27008002	24	sein	AUX	VAFIN		Fin	Pres	3	S	Ind		
27008002	25	und	CCONJ	KON								
27008002	26	ich	PRON	PPER				1	S		Nom	
27008002	27	sehen	VERB	VVFIN		Fin	Past	3	S	Ind		
27008002	28	in	ADP	APPRART					S		Dat	N
27008002	29	Gesicht	NOUN	NN					S		Nom	N
27008002	30	und	CCONJ	KON								
27008002	31	ich	PRON	PPER				1	S		Nom	
27008002	32	sein	AUX	VAFIN		Fin	Past	3	S	Ind		
27008002	33	an	ADP	APPRART					S		Dat	M
27008002	34	Fluss	NOUN	NN					P		Nom	M
27008002	35	Ulai	PROPN	NE					S		Nom	
27008003	1	und	CCONJ	KON								
27008003	2	ich	PRON	PPER				1	S		Nom	
27008003	3	erheben	VERB	VVFIN		Fin	Past	3	S	Ind		
27008003	4	mein	DET	PPOSAT					S		Nom	F
27008003	5	Auge	NOUN	NN					P		Nom	N
27008003	6	und	CCONJ	KON								
27008003	7	sehen	VERB	VVFIN		Fin	Past	3	S	Ind		
27008003	8	und	CCONJ	KON								
27008003	9	sehen	VERB	VVIMP				2	S	Imp		
27008003	10	ein	DET	ART					S		Nom	N
27008003	11	Widder	NOUN	NN					S		Nom	M
27008003	12	stehen	VERB	VVFIN		Fin	Past	3	S	Ind		
27008003	13	vor	ADP	APPR								
27008003	14	der	DET	ART					S		Dat	M
27008003	15	Fluss	NOUN	NN					P		Nom	M
27008003	16	der	DET	ART					S		Nom	M
27008003	17	haben	AUX	VAFIN		Fin	Past	3	S	Ind		
27008003	18	zwei	NUM	CARD								
27008003	19	Horn	NOUN	NN					P		Nom	N
27008003	20	und	CCONJ	KON								
27008003	21	der	DET	ART					S		Nom	F
27008003	22	zwei	NUM	CARD								
27008003	23	Horn	NOUN	NN					P		Nom	N
27008003	24	sein	AUX	VAFIN		Fin	Past	3	P	Ind		
27008003	25	hoch	ADV	ADJD	Pos							
27008003	26	und	CCONJ	KON								
27008003	27	der	DET	ART					S		Nom	N
27008003	28	ein	DET	ART					S		Nom	F
27008003	29	sein	AUX	VAFIN		Fin	Past	3	S	Ind		
27008003	30	hoch	ADV	ADJD	Cmp							
27008003	31	als	ADP	KOKOM								
27008003	32	der	DET	ART					S		Nom	N
27008003	33	anderer	PRON	PIS					P		Nom	
27008003	34	und	CCONJ	KON								
27008003	35	der	DET	ART					S		Nom	N
27008003	36	hoch	ADJ	ADJA	Cmp				S		Nom	F
27008003	37	steigen	VERB	VVFIN		Fin	Past	3	S	Ind		
27008003	38	zuletzt	ADV	ADV								
27008003	39	Empor	ADV	PROAV								
27008004	1	ich	PRON	PPER				1	S		Nom	
27008004	2	sehen	VERB	VVFIN		Fin	Past	3	S	Ind		
27008004	3	der	DET	ART					S		Acc	M
27008004	4	Widder	NOUN	NN					S		Nom	M
27008004	5	nach	ADP	APPR								
27008004	6	Westen	NOUN	NN					S		Nom	M
27008004	7	und	CCONJ	KON								
27008004	8	nach	ADP	APPR								
27008004	9	Norden	NOUN	NN					S		Nom	M
27008004	10	und	CCONJ	KON								
27008004	11	nach	ADP	APPR								
27008004	12	Süden	NOUN	NN					S		Nom	M
27008004	13	stoßen	VERB	VVFIN		Fin	Pres	3	P	Ind		
27008004	14	und	CCONJ	KON								
27008004	15	kein	DET	PIAT					S		Nom	N
27008004	16	Tier	NOUN	NN					S		Nom	N
27008004	17	können	AUX	VMFIN		Fin	Past	3	S	Ind		
27008004	18	vor	ADP	APPR								
27008004	19	ihm	PRON	PPER				3	S		Dat	M
27008004	20	bestehen	VERB	VVFIN		Fin	Pres	3	P	Ind		
27008004	21	und	CCONJ	KON								
27008004	22	niemand	PRON	PIS					S		Nom	M
27008004	23	retten	VERB	VVFIN		Fin	Past	3	S	Ind		
27008004	24	aus	ADP	PTKVZ								
27008004	25	sein	DET	PPOSAT					S		Dat	F
27008004	26	Hand	NOUN	NN					S		Nom	F
27008004	27	und	CCONJ	KON								
27008004	28	er	PRON	PPER				3	S		Nom	M
27008004	29	handeln	VERB	VVFIN		Fin	Past	3	S	Ind		
27008004	30	nach	ADP	APPR								
27008004	31	sein	DET	PPOSAT					S		Dat	M
27008004	32	Gutdünken	NOUN	NN					S		Nom	N
27008004	33	und	CCONJ	KON								
27008004	34	werden	AUX	VAFIN		Fin	Past	3	S	Ind		
27008004	35	groß	ADV	ADJD	Pos							
27008005	1	und	CCONJ	KON								
27008005	2	während	SCONJ	KOUS								
27008005	3	ich	PRON	PPER				1	S		Nom	
27008005	4	achtgeben	VERB	VVFIN		Fin	Past	3	S	Ind		
27008005	5	sehen	VERB	VVIMP				2	S	Imp		
27008005	6	da	ADV	ADV								
27008005	7	kommen	VERB	VVFIN		Fin	Past	3	S	Ind		
27008005	8	ein	DET	ART					S		Nom	N
27008005	9	Ziegenbock	NOUN	NN					S		Nom	M
27008005	10	von	ADP	APPR								
27008005	11	Westen	NOUN	NN					S		Nom	M
27008005	12	her	ADV	ADV								
27008005	13	über	ADP	APPR								
27008005	14	der	DET	ART					S		Nom	F
27008005	15	ganz	ADJ	ADJA	Pos				S		Nom	F
27008005	16	Erde	NOUN	NN					S		Nom	F
27008005	17	und	CCONJ	KON								
27008005	18	er	PRON	PPER				3	S		Nom	M
27008005	19	berührn	VERB	VVFIN		Fin	Past	3	S	Ind		
27008005	20	der	DET	ART					S		Nom	F
27008005	21	Erde	NOUN	NN					S		Nom	F
27008005	22	nicht	PART	PTKNEG								
27008005	23	und	CCONJ	KON								
27008005	24	der	DET	ART					S		Nom	M
27008005	25	Bock	NOUN	XY					S		Nom	M
27008005	26	haben	AUX	VAFIN		Fin	Past	3	S	Ind		
27008005	27	ein	DET	ART					S		Nom	N
27008005	28	ansehnlich	ADJ	ADJA	Pos				S		Nom	N
27008005	29	Horn	NOUN	NE					S		Nom	N
27008005	30	zwischen	ADP	APPR								
27008005	31	sein	DET	PPOSAT					S		Acc	M
27008005	32	Auge	NOUN	NN					P		Nom	N
27008006	1	und	CCONJ	KON								
27008006	2	er	PRON	PPER				3	S		Nom	M
27008006	3	kommen	VERB	VVFIN		Fin	Past	3	S	Ind		
27008006	4	bis	CCONJ	KON								
27008006	5	zu	ADP	PTKVZ								
27008006	6	der	DET	ART					S		Dat	M
27008006	7	Widder	NOUN	NN					S		Nom	M
27008006	8	mit	ADP	APPR								
27008006	9	der	DET	ART					S		Acc	M
27008006	10	zwei	NUM	CARD								
27008006	11	Horn	NOUN	NN					P		Dat	N
27008006	12	welcher	DET	PWAT					S		Acc	M
27008006	13	ich	PRON	PPER				1	S		Nom	
27008006	14	vor	ADP	APPR								
27008006	15	der	DET	ART					S		Dat	M
27008006	16	Fluss	NOUN	NN					P		Nom	M
27008006	17	haben	AUX	VAFIN		Fin	Past	3	S	Ind		
27008006	18	stehen	VERB	VVFIN		Fin	Pres	3	P	Ind		
27008006	19	sehen	VERB	VVINF		Fin	Pres	3	P	Ind		
27008006	20	und	CCONJ	KON								
27008006	21	er	PRON	PPER				3	S		Nom	M
27008006	22	rannen	VERB	VVFIN		Fin	Past	3	S	Ind		
27008006	23	ihn	PRON	PPER				3	S		Acc	M
27008006	24	an	ADP	PTKVZ								
27008006	25	in	ADP	APPRART					S		Dat	N
27008006	26	Grimme	PROPN	NE					S		Nom	
27008006	27	sein	DET	PPOSAT					S		Dat	F
27008006	28	Kraft	NOUN	NN					S		Nom	F
27008007	1	und	CCONJ	KON								
27008007	2	ich	PRON	PPER				1	S		Nom	
27008007	3	sehen	VERB	VVFIN		Fin	Past	3	S	Ind		
27008007	4	ihn	PRON	PPER				3	S		Acc	M
27008007	5	bei	ADP	APPR								
27008007	6	der	DET	ART					S		Dat	M
27008007	7	Widder	NOUN	NN					S		Nom	M
27008007	8	anlangen	VERB	VVINF		Fin	Pres	3	P	Ind		
27008007	9	und	CCONJ	KON								
27008007	10	er	PRON	PPER				3	S		Nom	M
27008007	11	erbittern	VERB	VVFIN		Fin	Past	3	S	Ind		
27008007	12	sich	PRON	PRF				3	S		Acc	
27008007	13	gegen	ADP	APPR								
27008007	14	ihn	PRON	PPER				3	S		Acc	M
27008007	15	und	CCONJ	KON								
27008007	16	er	PRON	PPER				3	S		Nom	M
27008007	17	stoßen	VERB	VVFIN		Fin	Past	3	S	Ind		
27008007	18	der	DET	ART					S		Acc	M
27008007	19	Widder	NOUN	NN					S		Nom	M
27008007	20	und	CCONJ	KON								
27008007	21	zerbrechen	VERB	VVFIN		Fin	Past	3	S	Ind		
27008007	22	sein	DET	PPOSAT					S		Nom	F
27008007	23	beide	PRON	PIAT					P		Nom	
27008007	24	Horn	NOUN	NN					P		Nom	N
27008007	25	und	CCONJ	KON								
27008007	26	in	ADP	APPR								
27008007	27	der	DET	ART					S		Dat	M
27008007	28	Widder	NOUN	NN					S		Nom	M
27008007	29	sein	AUX	VAFIN		Fin	Past	3	S	Ind		
27008007	30	kein	DET	PIAT					S		Nom	F
27008007	31	Kraft	NOUN	NN					S		Nom	F
27008007	32	um	ADP	APPR								
27008007	33	vor	ADP	APPR								
27008007	34	ihm	PRON	PPER				3	S		Dat	M
27008007	35	zu	ADP	PTKVZ								
27008007	36	bestehen	VERB	VVFIN		Fin	Pres	3	P	Ind		
27008007	37	und	CCONJ	KON								
27008007	38	er	PRON	PPER				3	S		Nom	M
27008007	39	werfen	VERB	VVFIN		Fin	Past	3	S	Ind		
27008007	40	ihn	PRON	PPER				3	S		Acc	M
27008007	41	zu	ADP	PTKVZ								
27008007	42	Boden	NOUN	NN					S		Nom	M
27008007	43	und	CCONJ	KON								
27008007	44	Zertrat	NOUN	NN					S		Nom	M
27008007	45	ihn	PRON	PPER				3	S		Acc	M
27008007	46	und	CCONJ	KON								
27008007	47	niemand	PRON	PIS					S		Nom	M
27008007	48	retten	VERB	VVFIN		Fin	Past	3	S	Ind		
27008007	49	der	DET	ART					S		Acc	M
27008007	50	Widder	NOUN	NN					S		Nom	M
27008007	51	aus	ADP	PTKVZ								
27008007	52	sein	DET	PPOSAT					S		Dat	F
27008007	53	Hand	NOUN	NN					S		Nom	F
27008008	1	und	CCONJ	KON								
27008008	2	der	DET	ART					S		Nom	M
27008008	3	Ziegenbock	NOUN	NN					S		Nom	M
27008008	4	werden	AUX	VAFIN		Fin	Past	3	S	Ind		
27008008	5	groß	ADV	ADJD	Pos							
27008008	6	über	ADP	APPR								
27008008	7	der	DET	ART					S		Nom	F
27008008	8	Maße	NOUN	NN					P		Dat	N
27008008	9	und	CCONJ	KON								
27008008	10	als	ADP	KOKOM								
27008008	11	er	PRON	PPER				3	S		Nom	M
27008008	12	stark	ADV	ADJD	Pos							
27008008	13	werden	AUX	VAPP		Part						
27008008	14	sein	AUX	VAFIN		Fin	Past	3	S	Ind		
27008008	15	zerbrechen	VERB	VVFIN		Fin	Past	3	S	Ind		
27008008	16	der	DET	ART					S		Nom	N
27008008	17	groß	ADJ	ADJA	Pos				S		Nom	F
27008008	18	Horn	NOUN	NE					S		Nom	N
27008008	19	und	CCONJ	KON								
27008008	20	vier	NUM	CARD								
27008008	21	ansehnlich	ADJ	ADJA	Pos				S		Nom	F
27008008	22	Horn	NOUN	NN					P		Nom	N
27008008	23	wachsen	VERB	VVFIN		Fin	Past	3	P	Ind		
27008008	24	an	ADP	PTKVZ								
27008008	25	sein	DET	PPOSAT					S		Dat	F
27008008	26	statt	SCONJ	KOUI								
27008008	27	nach	ADP	APPR								
27008008	28	der	DET	ART					S		Acc	M
27008008	29	vier	NUM	CARD								
27008008	30	Winde	NOUN	NN					P		Nom	F
27008008	31	der	DET	ART					S		Gen	M
27008008	32	Himmel	NOUN	NN					S		Gen	M
27008008	33	hin	ADV	ADV								
27008009	1	und	CCONJ	KON								
27008009	2	aus	ADP	PTKVZ								
27008009	3	der	DET	ART					S		Dat	M
27008009	4	ein	DET	ART					S		Acc	M
27008009	5	von	ADP	APPR								
27008009	6	ihnen	PRON	PPER				3	P		Dat	
27008009	7	kommen	VERB	VVFIN		Fin	Past	3	S	Ind		
27008009	8	ein	DET	ART					S		Nom	N
27008009	9	klein	ADJ	ADJA	Pos				S		Nom	N
27008009	10	Horn	NOUN	NE					S		Nom	N
27008009	11	hervor	ADV	PTKVZ								
27008009	12	und	CCONJ	KON								
27008009	13	es	PRON	PPER				3	S		Nom	N
27008009	14	werden	AUX	VAFIN		Fin	Past	3	S	Ind		
27008009	15	ausnehmend	ADV	ADJD	Pos							
27008009	16	groß	ADV	ADJD	Pos							
27008009	17	gegen	ADP	APPR								
27008009	18	Süden	NOUN	NN					S		Nom	M
27008009	19	und	CCONJ	KON								
27008009	20	gegen	ADP	APPR								
27008009	21	Osten	NOUN	NN					S		Nom	M
27008009	22	und	CCONJ	KON								
27008009	23	gegen	ADP	APPR								
27008009	24	der	DET	ART					S		Nom	F
27008009	25	Zierde	NOUN	NN					S		Nom	F
27008010	1	und	CCONJ	KON								
27008010	2	es	PRON	PPER				3	S		Nom	N
27008010	3	werden	AUX	VAFIN		Fin	Past	3	S	Ind		
27008010	4	groß	ADV	ADJD	Pos							
27008010	5	bis	CCONJ	KON								
27008010	6	zu	ADP	APPRART					S		Dat	N
27008010	7	Heer	NOUN	NN					P		Nom	M
27008010	8	der	DET	ART					S		Gen	M
27008010	9	Himmel	NOUN	NN					S		Gen	M
27008010	10	und	CCONJ	KON								
27008010	11	es	PRON	PPER				3	S		Nom	N
27008010	12	werfen	VERB	VVFIN		Fin	Past	3	S	Ind		
27008010	13	von	ADP	APPR								
27008010	14	der	DET	ART					S		Dat	M
27008010	15	Heer	NOUN	NN					P		Nom	M
27008010	16	und	CCONJ	KON								
27008010	17	von	ADP	APPR								
27008010	18	der	DET	ART					S		Acc	M
27008010	19	Stern	NOUN	NN					P		Dat	M
27008010	20	zu	ADP	APPRART					S		Dat	F
27008010	21	Erde	NOUN	NN					S		Nom	F
27008010	22	nieder	ADV	PTKVZ								
27008010	23	und	CCONJ	KON								
27008010	24	Zertrat	NOUN	NN					S		Nom	M
27008010	25	sie	PRON	PPER				3	P		Nom	
27008011	1	selbst	ADV	ADV								
27008011	2	bis	CCONJ	KON								
27008011	3	zu	ADP	PTKVZ								
27008011	4	der	DET	ART					S		Dat	M
27008011	5	Fürst	NOUN	NN					P		Nom	M
27008011	6	der	DET	ART					S		Gen	M
27008011	7	Heer	NOUN	NN					S		Nom	N
27008011	8	tun	VERB	VVFIN		Fin	Past	3	S	Ind		
27008011	9	es	PRON	PPER				3	S		Nom	N
27008011	10	groß	ADV	ADJD	Pos							
27008011	11	und	CCONJ	KON								
27008011	12	es	PRON	PPER				3	S		Nom	N
27008011	13	nehmen	VERB	VVFIN		Fin	Past	3	S	Ind		
27008011	14	ihm	PRON	PPER				3	S		Dat	M
27008011	15	der	DET	ART					S		Nom	N
27008011	16	beständig	ADJ	ADJA	Pos				S		Nom	F
27008011	17	Opfer	NOUN	NN					P		Nom	N
27008011	18	Weg	ADV	PTKVZ								
27008011	19	und	CCONJ	KON								
27008011	20	der	DET	ART					S		Nom	F
27008011	21	Stätte	NOUN	NN					S		Nom	F
27008011	22	sein	DET	PPOSAT					S		Gen	M
27008011	23	Heiligtum	PROPN	NE					S		Gen	N
27008011	24	werden	AUX	VAFIN		Fin	Past	3	S	Ind		
27008011	25	niedergeworfen	VERB	VVPP		Part						
27008012	1	und	CCONJ	KON								
27008012	2	der	DET	ART					S		Nom	N
27008012	3	Heer	NOUN	NN					S		Nom	N
27008012	4	werden	AUX	VAFIN		Fin	Past	3	S	Ind		
27008012	5	dahingegeben	VERB	VVPP		Part						
27008012	6	samt	ADP	APPR								
27008012	7	der	DET	ART					S		Dat	M
27008012	8	beständig	ADJ	ADJA	Pos				S		Acc	M
27008012	9	Opfer	NOUN	NN					P		Nom	N
27008012	10	um	ADP	APPR								
27008012	11	der	DET	ART					S		Gen	M
27008012	12	Frevel	NOUN	NN					P		Nom	M
27008012	13	Wille	ADP	APZR								
27008012	14	und	CCONJ	KON								
27008012	15	es	PRON	PPER				3	S		Nom	N
27008012	16	werfen	VERB	VVFIN		Fin	Past	3	S	Ind		
27008012	17	der	DET	ART					S		Nom	F
27008012	18	Wahrheit	NOUN	NN					S		Nom	F
27008012	19	zu	ADP	PTKVZ								
27008012	20	Boden	NOUN	NN					S		Nom	M
27008012	21	und	CCONJ	KON								
27008012	22	handeln	VERB	VVFIN		Fin	Past	3	S	Ind		
27008012	23	und	CCONJ	KON								
27008012	24	haben	AUX	VAFIN		Fin	Past	3	S	Ind		
27008012	25	gelingen	NOUN	NN					S		Nom	N
27008013	1	und	CCONJ	KON								
27008013	2	ich	PRON	PPER				1	S		Nom	
27008013	3	hören	VERB	VVFIN		Fin	Past	3	S	Ind		
27008013	4	ein	DET	ART					S		Acc	M
27008013	5	heilig	NOUN	NN					P		Dat	
27008013	6	reden	VERB	VVINF		Inf						
27008013	7	und	CCONJ	KON								
27008013	8	ein	DET	ART					S		Nom	N
27008013	9	heiliger	NOUN	NN					S		Nom	M
27008013	10	sprechen	VERB	VVFIN		Fin	Past	3	S	Ind		
27008013	11	zu	ADP	PTKVZ								
27008013	12	jener	DET	PDAT					S		Dat	N
27008013	13	welcher	PRON	PWAT					S		Nom	M
27008013	14	reden	VERB	VVFIN		Fin	Past	3	S	Ind		
27008013	15	bis	ADP	APPR								
27008013	16	wann	SCONJ	PWAV								
27008013	17	gehen	VERB	VVFIN		Fin	Pres	3	S	Ind		
27008013	18	der	DET	ART					S		Nom	N
27008013	19	Gesicht	NOUN	NN					S		Nom	N
27008013	20	von	ADP	APPR								
27008013	21	der	DET	ART					S		Dat	M
27008013	22	beständig	ADJ	ADJA	Pos				S		Acc	M
27008013	23	Opfer	NOUN	NN					P		Nom	N
27008013	24	und	CCONJ	KON								
27008013	25	von	ADP	APPR								
27008013	26	der	DET	ART					S		Dat	M
27008013	27	verwüstenden	VERB	VVINF		Inf						
27008013	28	Frevel	NOUN	NN					S		Nom	M
27008013	29	daß	SCONJ	KOUS								
27008013	30	sowohl	CCONJ	KON								
27008013	31	der	DET	ART					S		Nom	N
27008013	32	Heiligtum	NOUN	NN					S		Nom	N
27008013	33	als	ADP	KOKOM								
27008013	34	auch	ADV	ADV								
27008013	35	der	DET	ART					S		Nom	N
27008013	36	Heer	NOUN	NN					S		Nom	N
27008013	37	zu	ADP	APPRART					S		Dat	F
27008013	38	Zertretung	NOUN	NN					S		Nom	F
27008013	39	hingeben	VERB	VVPP		Part						
27008013	40	sein	AUX	VAFIN		Fin	Pres	3	S	Ind		
27008014	1	und	CCONJ	KON								
27008014	2	er	PRON	PPER				3	S		Nom	M
27008014	3	sprechen	VERB	VVFIN		Fin	Past	3	S	Ind		
27008014	4	zu	ADP	PTKVZ								
27008014	5	mir	PRON	PPER				1	S		Dat	
27008014	6	bis	ADP	APPR								
27008014	7	zu	ADP	PTKVZ								
27008014	8	2300	NUM	CARD								
27008014	9	Abenden	NOUN	NN					P		Dat	M
27008014	10	und	CCONJ	KON								
27008014	11	Morgen	ADV	NN								
27008014	12	dann	ADV	ADV								
27008014	13	werden	AUX	VAFIN		Fin	Pres	3	S	Ind		
27008014	14	der	DET	ART					S		Nom	N
27008014	15	Heiligtum	NOUN	NN					S		Nom	N
27008014	16	rechtfertigen	VERB	VVPP		Part						
27008014	17	werden	AUX	VAFIN		Fin	Pres	3	P	Ind		
27008015	1	und	CCONJ	KON								
27008015	2	es	PRON	PPER				3	S		Nom	N
27008015	3	geschehen	VERB	VVFIN		Fin	Past	3	S	Ind		
27008015	4	als	ADP	KOKOM								
27008015	5	ich	PRON	PPER				1	S		Nom	
27008015	6	Daniel	PROPN	NE					S		Nom	M
27008015	7	der	DET	ART					S		Nom	N
27008015	8	Gesicht	NOUN	NN					S		Nom	N
27008015	9	sehen	VERB	VVFIN		Fin	Past	3	S	Ind		
27008015	10	da	ADV	ADV								
27008015	11	suchen	VERB	VVFIN		Fin	Past	3	S	Ind		
27008015	12	ich	PRON	PPER				1	S		Nom	
27008015	13	Verständnis	NOUN	NN					S		Nom	N
27008015	14	darüber	ADV	PROAV								
27008015	15	und	CCONJ	KON								
27008015	16	sehen	VERB	VVIMP				2	S	Imp		
27008015	17	da	ADV	ADV								
27008015	18	stehen	VERB	VVFIN		Fin	Past	3	S	Ind		
27008015	19	vor	ADP	APPR								
27008015	20	mir	PRON	PPER				1	S		Dat	
27008015	21	wie	ADP	KOKOM								
27008015	22	der	DET	ART					S		Nom	F
27008015	23	Gestalt	NOUN	NN					S		Nom	F
27008015	24	ein	PRON	ART					S		Nom	N
27008015	25	Mann	NOUN	NN					S		Gen	M
27008016	1	und	CCONJ	KON								
27008016	2	ich	PRON	PPER				1	S		Nom	
27008016	3	hören	VERB	VVFIN		Fin	Past	3	S	Ind		
27008016	4	ein	DET	ART					S		Nom	F
27008016	5	Menschenstimm	NOUN	NN					P		Nom	N
27008016	6	zwischen	ADP	APPR								
27008016	7	der	DET	ART					S		Acc	M
27008016	8	Ufer	NOUN	NN					P		Dat	N
27008016	9	der	DET	ART					S		Gen	M
27008016	10	Ulai	PROPN	NE					S		Nom	
27008016	11	welcher	DET	PWAT					S		Nom	F
27008016	12	rufen	VERB	VVFIN		Fin	Past	3	S	Ind		
27008016	13	und	CCONJ	KON								
27008016	14	sprechen	VERB	VVFIN		Fin	Past	3	S	Ind		
27008016	15	Gabriel	PROPN	NE					S		Nom	M
27008016	16	gib	VERB	VVIMP				2	S	Imp		
27008016	17	dieser	DET	PDAT					S		Dat	N
27008016	18	der	DET	ART					S		Nom	N
27008016	19	Gesicht	NOUN	NN					S		Nom	N
27008016	20	zu	ADP	PTKVZ								
27008016	21	verstehen	VERB	VVINF		Inf						
27008017	1	und	CCONJ	KON								
27008017	2	er	PRON	PPER				3	S		Nom	M
27008017	3	treten	VERB	VVFIN		Fin	Past	3	S	Ind		
27008017	4	an	ADP	PTKVZ								
27008017	5	der	DET	ART					S		Acc	M
27008017	6	Ort	NOUN	NN					S		Nom	M
27008017	7	wo	SCONJ	PWAV								
27008017	8	ich	PRON	PPER				1	S		Nom	
27008017	9	stehen	VERB	VVFIN		Fin	Past	3	S	Ind		
27008017	10	und	CCONJ	KON								
27008017	11	als	ADP	KOKOM								
27008017	12	er	PRON	PPER				3	S		Nom	M
27008017	13	Herzutrat	NOUN	NN					S		Nom	M
27008017	14	erschrak	VERB	VVFIN		Fin	Past	3	S	Ind		
27008017	15	ich	PRON	PPER				1	S		Nom	
27008017	16	und	CCONJ	KON								
27008017	17	fallen	VERB	VVFIN		Fin	Past	3	S	Ind		
27008017	18	nieder	ADV	PTKVZ								
27008017	19	auf	ADP	PTKVZ								
27008017	20	mein	DET	PPOSAT					S		Nom	N
27008017	21	Angesicht	NOUN	NN					S		Nom	F
27008017	22	und	CCONJ	KON								
27008017	23	er	PRON	PPER				3	S		Nom	M
27008017	24	sprechen	VERB	VVFIN		Fin	Past	3	S	Ind		
27008017	25	zu	ADP	PTKVZ								
27008017	26	mir	PRON	PPER				1	S		Dat	
27008017	27	Merke	VERB	VVIMP				2	S	Imp		
27008017	28	auf	ADP	PTKVZ								
27008017	29	Menschensohn	NOUN	NN					S		Nom	M
27008017	30	denn	CCONJ	KON								
27008017	31	der	DET	ART					S		Nom	N
27008017	32	Gesicht	NOUN	NN					S		Nom	N
27008017	33	gehen	VERB	VVFIN		Fin	Pres	3	S	Ind		
27008017	34	auf	ADP	PTKVZ								
27008017	35	der	DET	ART					S		Nom	F
27008017	36	Zeit	NOUN	NN					S		Nom	F
27008017	37	der	DET	ART					S		Gen	M
27008017	38	Ende	NOUN	NN					S		Gen	N
27008018	1	und	CCONJ	KON								
27008018	2	als	ADP	KOKOM								
27008018	3	er	PRON	PPER				3	S		Nom	M
27008018	4	mit	ADP	APPR								
27008018	5	mir	PRON	PPER				1	S		Dat	
27008018	6	reden	VERB	VVFIN		Fin	Past	3	S	Ind		
27008018	7	sinken	VERB	VVFIN		Fin	Past	3	S	Ind		
27008018	8	ich	PRON	PPER				1	S		Nom	
27008018	9	betäuben	VERB	VVPP		Part						
27008018	10	auf	ADP	PTKVZ								
27008018	11	mein	DET	PPOSAT					S		Nom	N
27008018	12	Angesicht	NOUN	NN					S		Nom	F
27008018	13	zu	ADP	APPRART					S		Dat	F
27008018	14	Erde	NOUN	NN					S		Nom	F
27008018	15	er	PRON	PPER				3	S		Nom	M
27008018	16	aber	CCONJ	KON								
27008018	17	rühren	VERB	VVFIN		Fin	Past	3	S	Ind		
27008018	18	mich	PRON	PPER				1	S		Acc	
27008018	19	an	ADP	PTKVZ								
27008018	20	und	CCONJ	KON								
27008018	21	stellen	VERB	VVFIN		Fin	Past	3	S	Ind		
27008018	22	mich	PRON	PPER				1	S		Acc	
27008018	23	auf	ADP	PTKVZ								
27008018	24	meinen	VERB	VVFIN		Fin	Pres	3	P	Ind		
27008018	25	früh	ADJ	ADJA	Cmp				S		Gen	N
27008018	26	Standort	NOUN	NN					S		Nom	M
27008019	1	und	CCONJ	KON								
27008019	2	er	PRON	PPER				3	S		Nom	M
27008019	3	sprechen	VERB	VVFIN		Fin	Past	3	S	Ind		
27008019	4	sehen	VERB	VVIMP				2	S	Imp		
27008019	5	ich	PRON	PPER				1	S		Nom	
27008019	6	wollen	AUX	VMFIN		Fin	Pres	3	S	Ind		
27008019	7	dir	PRON	PPER				2	S		Dat	
27008019	8	kundtun	VERB	VVINF		Inf						
27008019	9	was	PRON	PWS					S		Nom	N
27008019	10	in	ADP	APPR								
27008019	11	der	DET	ART					S		Nom	M
27008019	12	letzter	ADJ	ADJA	Pos				S		Acc	M
27008019	13	Zeit	NOUN	NN					S		Nom	F
27008019	14	der	DET	ART					S		Gen	M
27008019	15	Zorn	NOUN	NN					S		Nom	N
27008019	16	geschehen	VERB	VVPP		Part						
27008019	17	werden	AUX	VAFIN		Fin	Pres	3	S	Ind		
27008019	18	denn	CCONJ	KON								
27008019	19	es	PRON	PPER				3	S		Nom	N
27008019	20	gehen	VERB	VVFIN		Fin	Pres	3	S	Ind		
27008019	21	auf	ADP	PTKVZ								
27008019	22	der	DET	ART					S		Nom	F
27008019	23	bestimmen	VERB	VVFIN		Fin	Past	3	S	Ind		
27008019	24	Zeit	NOUN	NN					S		Nom	F
27008019	25	der	DET	ART					S		Gen	M
27008019	26	Ende	NOUN	NN					S		Gen	N
27008020	1	der	DET	ART					S		Nom	M
27008020	2	Widder	NOUN	NN					S		Nom	M
27008020	3	mit	ADP	APPR								
27008020	4	der	DET	ART					S		Acc	M
27008020	5	zwei	NUM	CARD								
27008020	6	Horn	NOUN	NN					P		Dat	N
27008020	7	welcher	DET	PWAT					S		Acc	M
27008020	8	du	PRON	PPER				2	S		Nom	
27008020	9	sehen	VERB	VVPP		Part						
27008020	10	haben	AUX	VAFIN		Fin	Pres	2	S	Ind		
27008020	11	sein	AUX	VAFIN		Fin	Pres	3	P	Ind		
27008020	12	der	DET	ART					S		Nom	F
27008020	13	König	NOUN	NN					P		Nom	M
27008020	14	von	ADP	APPR								
27008020	15	Medium	NOUN	NN					P		Nom	N
27008020	16	und	CCONJ	KON								
27008020	17	Persien	PROPN	NE					S		Nom	N
27008021	1	und	CCONJ	KON								
27008021	2	der	DET	ART					S		Nom	M
27008021	3	zottig	VERB	VVFIN		Fin	Pres	3	S	Sub		
27008021	4	Ziegenbock	NOUN	NN					S		Nom	M
27008021	5	sein	AUX	VAFIN		Fin	Pres	3	S	Ind		
27008021	6	der	DET	ART					S		Nom	M
27008021	7	König	NOUN	NN					S		Nom	M
27008021	8	von	ADP	APPR								
27008021	9	Griechenland	PROPN	NE					S		Nom	N
27008021	10	und	CCONJ	KON								
27008021	11	der	DET	ART					S		Nom	N
27008021	12	groß	ADJ	ADJA	Pos				S		Nom	F
27008021	13	Horn	NOUN	NE					S		Nom	N
27008021	14	der	DET	ART					S		Nom	N
27008021	15	zwischen	ADP	APPR								
27008021	16	sein	DET	PPOSAT					S		Acc	M
27008021	17	Auge	NOUN	NN					P		Nom	N
27008021	18	sein	AUX	VAFIN		Fin	Past	3	S	Ind		
27008021	19	sein	AUX	VAFIN		Fin	Pres	3	S	Ind		
27008021	20	der	DET	ART					S		Nom	M
27008021	21	erster	ADJ	ADJA	Pos				S		Nom	F
27008021	22	König	NOUN	NN					S		Nom	M
27008022	1	und	CCONJ	KON								
27008022	2	daß	SCONJ	KOUS								
27008022	3	es	PRON	PPER				3	S		Nom	N
27008022	4	zerbrechen	VERB	VVFIN		Fin	Past	3	S	Ind		
27008022	5	und	CCONJ	KON								
27008022	6	vier	NUM	CARD								
27008022	7	an	ADP	PTKVZ								
27008022	8	sein	DET	PPOSAT					S		Dat	F
27008022	9	statt	SCONJ	KOUI								
27008022	10	aufkommen	VERB	VVFIN		Fin	Past	3	P	Ind		
27008022	11	vier	NUM	CARD								
27008022	12	Königreich	NOUN	NN					P		Nom	N
27008022	13	werden	AUX	VAFIN		Fin	Pres	3	P	Ind		
27008022	14	aus	ADP	PTKVZ								
27008022	15	dieser	PRON	PDAT					S		Nom	M
27008022	16	Nation	NOUN	NN					S		Nom	F
27008022	17	aufstehen	VERB	VVINF		Inf						
27008022	18	aber	CCONJ	KON								
27008022	19	nicht	PART	PTKNEG								
27008022	20	mit	ADP	APPR								
27008022	21	sein	DET	PPOSAT					S		Dat	F
27008022	22	Macht	NOUN	NN					S		Nom	F
27008023	1	und	CCONJ	KON								
27008023	2	an	ADP	APPRART					S		Dat	M
27008023	3	Ende	NOUN	NN					S		Nom	N
27008023	4	ihr	DET	PPOSAT					S		Gen	M
27008023	5	Königtum	PROPN	NN					S		Gen	N
27008023	6	wenn	SCONJ	KOUS								
27008023	7	der	DET	ART					S		Nom	F
27008023	8	Frevler	NOUN	NN					P		Nom	M
27008023	9	der	DET	ART					S		Nom	N
27008023	10	Maß	NOUN	NN					S		Nom	N
27008023	11	voll	ADV	ADJD	Pos							
27008023	12	machen	VERB	VVPP		Part						
27008023	13	haben	AUX	VAFIN		Fin	Pres	3	P	Ind		
27008023	14	werden	AUX	VAFIN		Fin	Pres	3	P	Ind		
27008023	15	werden	AUX	VAFIN		Fin	Pres	3	S	Ind		
27008023	16	ein	DET	ART					S		Nom	N
27008023	17	König	NOUN	NN					S		Nom	M
27008023	18	aufstehen	VERB	VVINF		Inf						
27008023	19	frech	VERB	ADJA		Inf						
27008023	20	angesichts	ADP	APPR								
27008023	21	und	CCONJ	KON								
27008023	22	der	DET	ART					S		Nom	M
27008023	23	Ränk	NOUN	NN					P		Nom	N
27008023	24	kundig	ADV	ADJD	Pos							
27008024	1	und	CCONJ	KON								
27008024	2	sein	DET	PPOSAT					S		Nom	F
27008024	3	Macht	NOUN	NN					S		Nom	F
27008024	4	werden	AUX	VAFIN		Fin	Pres	3	S	Ind		
27008024	5	stark	ADV	ADJD	Pos							
27008024	6	sein	AUX	VAINF		Inf						
27008024	7	aber	CCONJ	KON								
27008024	8	nicht	PART	PTKNEG								
27008024	9	durch	ADP	APPR								
27008024	10	sein	DET	PPOSAT					S		Nom	F
27008024	11	eigen	ADJ	ADJA	Pos				S		Nom	F
27008024	12	Macht	NOUN	NN					S		Nom	F
27008024	13	und	CCONJ	KON								
27008024	14	er	PRON	PPER				3	S		Nom	M
27008024	15	werden	AUX	VAFIN		Fin	Pres	3	S	Ind		
27008024	16	erstaunlich	ADJ	ADJA	Pos				S		Nom	N
27008024	17	verderben	NOUN	NN					S		Nom	N
27008024	18	anrichten	VERB	VVFIN		Inf						
27008024	19	und	CCONJ	KON								
27008024	20	gelingen	NOUN	NN					S		Nom	N
27008024	21	haben	AUX	VAFIN		Fin	Pres	3	P	Ind		
27008024	22	und	CCONJ	KON								
27008024	23	handeln	VERB	VVINF		Inf						
27008024	24	und	CCONJ	KON								
27008024	25	er	PRON	PPER				3	S		Nom	M
27008024	26	werden	AUX	VAFIN		Fin	Pres	3	S	Ind		
27008024	27	starke	PROPN	NE					S		Nom	
27008024	28	und	CCONJ	KON								
27008024	29	der	DET	ART					S		Nom	N
27008024	30	Volk	NOUN	NN					S		Nom	N
27008024	31	der	DET	ART					S		Nom	M
27008024	32	heilig	NOUN	NN					P		Dat	
27008024	33	verderben	VERB	VVINF		Inf						
27008025	1	und	CCONJ	KON								
27008025	2	durch	ADP	APPR								
27008025	3	sein	DET	PPOSAT					S		Nom	F
27008025	4	Klugheit	NOUN	NN					S		Nom	F
27008025	5	werden	AUX	VAFIN		Fin	Pres	3	S	Ind		
27008025	6	der	DET	ART					S		Nom	M
27008025	7	Trug	NOUN	NN					S		Nom	M
27008025	8	in	ADP	APPR								
27008025	9	sein	DET	PPOSAT					S		Dat	F
27008025	10	Hand	NOUN	NN					S		Nom	F
27008025	11	gelingen	VERB	VVINF		Inf						
27008025	12	und	CCONJ	KON								
27008025	13	er	PRON	PPER				3	S		Nom	M
27008025	14	werden	AUX	VAFIN		Fin	Pres	3	S	Ind		
27008025	15	in	ADP	APPR								
27008025	16	sein	DET	PPOSAT					S		Dat	M
27008025	17	Herz	NOUN	NN					S		Nom	N
27008025	18	großtun	VERB	VVPP		Part						
27008025	19	und	CCONJ	KON								
27008025	20	unversehens	ADV	ADV								
27008025	21	vieler	PRON	PIS					P		Nom	
27008025	22	verderben	VERB	VVINF		Inf						
27008025	23	und	CCONJ	KON								
27008025	24	gegen	ADP	APPR								
27008025	25	der	DET	ART					S		Acc	M
27008025	26	Fürst	NOUN	NN					P		Nom	M
27008025	27	der	DET	ART					S		Nom	M
27008025	28	Fürst	NOUN	NN					P		Nom	M
27008025	29	werden	AUX	VAFIN		Fin	Pres	3	S	Ind		
27008025	30	er	PRON	PPER				3	S		Nom	M
27008025	31	sich	PRON	PRF				3	S		Acc	
27008025	32	auflehnen	VERB	VVINF		Inf						
27008025	33	aber	CCONJ	KON								
27008025	34	ohne	ADP	APPR								
27008025	35	Menschenhand	NOUN	NN					S		Nom	F
27008025	36	zerschmetteren	VERB	VVPP		Part						
27008025	37	werden	AUX	VAFIN		Fin	Pres	3	P	Ind		
27008026	1	und	CCONJ	KON								
27008026	2	der	DET	ART					S		Nom	N
27008026	3	Gesicht	NOUN	NN					S		Nom	N
27008026	4	von	ADP	APPR								
27008026	5	der	DET	ART					S		Acc	M
27008026	6	Abenden	NOUN	NN					P		Dat	M
27008026	7	und	CCONJ	KON								
27008026	8	von	ADP	APPR								
27008026	9	der	DET	ART					S		Acc	M
27008026	10	Morgen	ADV	NN								
27008026	11	wovon	ADV	PWAV								
27008026	12	sprechen	VERB	VVPP		Part						
27008026	13	werden	AUX	VAPP		Part						
27008026	14	sein	AUX	VAFIN		Fin	Pres	3	S	Ind		
27008026	15	Wahrheit	NOUN	NN					S		Nom	F
27008026	16	und	CCONJ	KON								
27008026	17	du	PRON	PPER				2	S		Nom	
27008026	18	verschließen	VERB	VVFIN		Fin	Past	3	S	Sub		
27008026	19	der	DET	ART					S		Nom	N
27008026	20	Gesicht	NOUN	NN					S		Nom	N
27008026	21	denn	CCONJ	KON								
27008026	22	es	PRON	PPER				3	S		Nom	N
27008026	23	sein	AUX	VAFIN		Fin	Pres	3	P	Ind		
27008026	24	noch	CCONJ	KON								
27008026	25	vieler	PRON	PIS					P		Nom	
27008026	26	Tag	NOUN	NN					P		Nom	M
27008026	27	bis	CCONJ	KON								
27008026	28	dahin	ADV	PROAV								
27008027	1	und	CCONJ	KON								
27008027	2	ich	PRON	PPER				1	S		Nom	
27008027	3	Daniel	PROPN	NE					S		Nom	M
27008027	4	sein	AUX	VAFIN		Fin	Past	3	S	Ind		
27008027	5	dahin	ADV	PROAV								
27008027	6	und	CCONJ	KON								
27008027	7	sein	AUX	VAFIN		Fin	Past	3	S	Ind		
27008027	8	einiger	PRON	PIS					P		Nom	
27008027	9	Tag	NOUN	NN					P		Nom	M
27008027	10	krank	ADV	ADJD	Pos							
27008027	11	dann	ADV	ADV								
27008027	12	stehen	VERB	VVFIN		Fin	Past	3	S	Ind		
27008027	13	ich	PRON	PPER				1	S		Nom	
27008027	14	auf	ADP	PTKVZ								
27008027	15	und	CCONJ	KON								
27008027	16	verrichten	VERB	VVFIN		Fin	Past	3	S	Ind		
27008027	17	der	DET	ART					S		Nom	F
27008027	18	Geschäft	NOUN	NN					P		Nom	N
27008027	19	der	DET	ART					S		Gen	M
27008027	20	König	PROPN	NE					S		Nom	
27008027	21	und	CCONJ	KON								
27008027	22	ich	PRON	PPER				1	S		Nom	
27008027	23	sein	AUX	VAFIN		Fin	Past	3	S	Ind		
27008027	24	entsetzt	ADV	ADJD	Pos							
27008027	25	über	ADP	APPR								
27008027	26	der	DET	ART					S		Nom	N
27008027	27	Gesicht	NOUN	NN					S		Nom	N
27008027	28	und	CCONJ	KON								
27008027	29	niemand	PRON	PIS					S		Nom	M
27008027	30	verstehen	VERB	VVFIN		Fin	Past	3	S	Ind		
27008027	31	es	PRON	PPER				3	S		Nom	N
27009001	1	in	ADP	APPRART					S		Dat	M
27009001	2	erster	ADJ	ADJA	Pos				S		Dat	M
27009001	3	Jahr	NOUN	NN					P		Nom	N
27009001	4	Darius	PROPN	NE					S		Nom	M
27009001	5	der	DET	ART					S		Gen	M
27009001	6	Sohn	PROPN	NE					S		Gen	M
27009001	7	Ahasvero	NOUN	NN					S		Nom	N
27009001	8	aus	ADP	PTKVZ								
27009001	9	der	DET	ART					S		Dat	M
27009001	10	Same	NOUN	NN					P		Nom	M
27009001	11	der	DET	ART					S		Nom	M
27009001	12	Meder	PROPN	NE					S		Nom	
27009001	13	welcher	PRON	PWAT					S		Nom	M
27009001	14	über	ADP	APPR								
27009001	15	der	DET	ART					S		Nom	N
27009001	16	Reich	NOUN	NE					S		Nom	N
27009001	17	der	DET	ART					S		Nom	M
27009001	18	Chaldäer	NOUN	NE					S		Nom	M
27009001	19	König	NOUN	NN					S		Nom	M
27009001	20	werden	AUX	VAPP		Part						
27009001	21	sein	AUX	VAFIN		Fin	Past	3	S	Ind		
27009002	1	in	ADP	APPRART					S		Dat	N
27009002	2	erster	ADJ	ADJA	Pos				S		Dat	M
27009002	3	Jahr	NOUN	NN					P		Nom	N
27009002	4	sein	DET	PPOSAT					S		Dat	F
27009002	5	Regierung	NOUN	NN					S		Nom	F
27009002	6	merken	VERB	VVFIN		Fin	Past	3	S	Ind		
27009002	7	ich	PRON	PPER				1	S		Nom	
27009002	8	Daniel	PROPN	NE					S		Nom	M
27009002	9	in	ADP	APPR								
27009002	10	der	DET	ART					S		Acc	M
27009002	11	Schrift	NOUN	NN					P		Nom	F
27009002	12	auf	ADP	PTKVZ								
27009002	13	der	DET	ART					S		Nom	F
27009002	14	Zahl	NOUN	NN					S		Nom	F
27009002	15	der	DET	ART					S		Nom	M
27009002	16	Jahr	NOUN	NN					P		Nom	N
27009002	17	Betreff	VERB	VVFIN		Fin	Past	3	S	Sub		
27009002	18	welcher	PRON	PWAT					S		Nom	M
27009002	19	der	DET	ART					S		Nom	N
27009002	20	Wort	NOUN	NN					S		Nom	N
27009002	21	Jahwe	PROPN	NE					S		Gen	
27009002	22	zu	ADP	PTKVZ								
27009002	23	der	DET	ART					S		Dat	M
27009002	24	Prophet	NOUN	NN					P		Nom	M
27009002	25	Jeremia	PROPN	NE					S		Nom	M
27009002	26	geschehen	VERB	VVPP		Part						
27009002	27	sein	AUX	VAFIN		Fin	Past	3	S	Ind		
27009002	28	daß	SCONJ	KOUS								
27009002	29	nämlich	ADV	ADV								
27009002	30	siebzig	NUM	CARD								
27009002	31	Jahr	NOUN	NN					P		Nom	N
27009002	32	für	ADP	APPR								
27009002	33	der	DET	ART					S		Nom	F
27009002	34	Verwüstung	NOUN	NN					S		Nom	F
27009002	35	Jerusalem	PROPN	NE					S		Gen	N
27009002	36	vollenden	VERB	VVPP		Part						
27009002	37	werden	AUX	VAFIN		Fin	Pres	3	P	Ind		
27009002	38	sollen	AUX	VMFIN		Fin	Past	3	P	Ind		
27009003	1	und	CCONJ	KON								
27009003	2	ich	PRON	PPER				1	S		Nom	
27009003	3	richten	VERB	VVFIN		Fin	Past	3	S	Ind		
27009003	4	mein	DET	PPOSAT					S		Nom	N
27009003	5	Angesicht	NOUN	NN					S		Nom	F
27009003	6	zu	ADP	PTKVZ								
27009003	7	Gott	NOUN	NN					S		Nom	M
27009003	8	der	DET	ART					S		Dat	M
27009003	9	Herr	NOUN	NN					S		Acc	M
27009003	10	um	ADP	APPR								
27009003	11	ihn	PRON	PPER				3	S		Acc	M
27009003	12	mit	ADP	APPR								
27009003	13	Gebet	NOUN	NN					S		Nom	N
27009003	14	und	CCONJ	KON								
27009003	15	Flehen	NOUN	NN					S		Nom	N
27009003	16	zu	ADP	PTKVZ								
27009003	17	suchen	VERB	VVINF		Inf						
27009003	18	in	ADP	APPR								
27009003	19	Fasten	NOUN	NN					S		Nom	N
27009003	20	und	CCONJ	KON								
27009003	21	Sacktuch	NOUN	NE					S		Nom	N
27009003	22	und	CCONJ	KON								
27009003	23	Asche	NOUN	NN					S		Nom	F
27009004	1	und	CCONJ	KON								
27009004	2	ich	PRON	PPER				1	S		Nom	
27009004	3	beten	VERB	VVFIN		Fin	Past	3	S	Ind		
27009004	4	zu	ADP	PTKVZ								
27009004	5	Jahwe	NOUN	NN					S		Nom	M
27009004	6	mein	DET	PPOSAT					S		Dat	M
27009004	7	Gott	NOUN	NN					S		Nom	M
27009004	8	und	CCONJ	KON								
27009004	9	ich	PRON	PPER				1	S		Nom	
27009004	10	bekennen	VERB	ADJA		Fin	Past	3	S	Ind		
27009004	11	und	CCONJ	KON								
27009004	12	sprechen	VERB	VVFIN		Fin	Past	3	S	Ind		
27009004	13	ach	INTJ	ITJ								
27009004	14	Herr	NOUN	NN					S		Nom	M
27009004	15	du	PRON	PPER				2	S		Nom	
27009004	16	groß	ADJ	ADJA	Pos				S		Nom	M
27009004	17	und	CCONJ	KON								
27009004	18	furchtbar	ADV	NN	Cmp							
27009004	19	Gott	NOUN	NN					S		Nom	M
27009004	20	der	DET	ART					S		Nom	M
27009004	21	der	DET	ART					S		Acc	M
27009004	22	Bund	NOUN	NN					S		Nom	M
27009004	23	und	CCONJ	KON								
27009004	24	der	DET	ART					S		Nom	F
27009004	25	Güte	NOUN	NN					S		Nom	F
27009004	26	der	PRON	PDS					P		Dat	
27009004	27	bewahren	VERB	VVPP		Part						
27009004	28	der	DET	ART					S		Nom	F
27009004	29	ihn	PRON	PPER				3	S		Acc	M
27009004	30	lieben	VERB	VVFIN		Fin	Pres	3	P	Ind		
27009004	31	und	CCONJ	KON								
27009004	32	sein	DET	PPOSAT					S		Nom	F
27009004	33	Gebot	NOUN	NN					P		Nom	N
27009004	34	halten	VERB	VVINF		Fin	Pres	3	P	Ind		
27009005	1	wir	PRON	PPER				1	P		Nom	
27009005	2	haben	AUX	VAFIN		Fin	Pres	3	P	Ind		
27009005	3	sündigen	VERB	VVPP		Part						
27009005	4	und	CCONJ	KON								
27009005	5	verkehren	ADV	ADJD	Pos							
27009005	6	und	CCONJ	KON								
27009005	7	gesetzlos	ADV	ADJD	Pos							
27009005	8	handeln	VERB	VVPP		Part						
27009005	9	und	CCONJ	KON								
27009005	10	wir	PRON	PPER				1	P		Nom	
27009005	11	haben	AUX	VAFIN		Fin	Pres	3	P	Ind		
27009005	12	uns	PRON	PPER				1	P		Acc	
27009005	13	empört	ADV	ADJD	Pos							
27009005	14	und	CCONJ	KON								
27009005	15	sein	AUX	VAFIN		Fin	Pres	3	P	Ind		
27009005	16	von	ADP	APPR								
27009005	17	dein	DET	PPOSAT					S		Acc	M
27009005	18	Gebot	NOUN	NN					P		Dat	M
27009005	19	und	CCONJ	KON								
27009005	20	von	ADP	APPR								
27009005	21	dein	DET	PPOSAT					S		Acc	M
27009005	22	rechte	NOUN	NN					P		Nom	F
27009005	23	abwichen	VERB	VVPP		Part						
27009006	1	und	CCONJ	KON								
27009006	2	wir	PRON	PPER				1	P		Nom	
27009006	3	haben	AUX	VAFIN		Fin	Pres	3	P	Ind		
27009006	4	nicht	PART	PTKNEG								
27009006	5	auf	ADP	PTKVZ								
27009006	6	dein	DET	PPOSAT					S		Nom	F
27009006	7	Knecht	NOUN	NN					P		Nom	M
27009006	8	der	DET	ART					S		Nom	F
27009006	9	Prophet	NOUN	NN					P		Nom	M
27009006	10	gehören	VERB	VVFIN		Fin	Pres	3	S	Ind		
27009006	11	welcher	DET	PWAT					S		Nom	F
27009006	12	in	ADP	APPR								
27009006	13	dein	DET	PPOSAT					S		Dat	M
27009006	14	Name	NOUN	NN					P		Nom	M
27009006	15	zu	ADP	PTKVZ								
27009006	16	unser	DET	PPOSAT					S		Acc	M
27009006	17	König	NOUN	NN					P		Dat	M
27009006	18	unser	DET	PPOSAT					S		Acc	M
27009006	19	Fürst	NOUN	NN					P		Nom	M
27009006	20	und	CCONJ	KON								
27009006	21	unser	DET	PPOSAT					S		Acc	M
27009006	22	Vätern	NOUN	NN					P		Dat	M
27009006	23	und	CCONJ	KON								
27009006	24	zu	ADP	PTKVZ								
27009006	25	alle	PRON	PIS					S		Dat	N
27009006	26	Volke	NOUN	NN					S		Nom	M
27009006	27	der	DET	ART					S		Gen	M
27009006	28	Land	NOUN	NN					S		Gen	N
27009006	29	reden	VERB	VVPP		Part						
27009006	30	haben	AUX	VAFIN		Fin	Pres	3	P	Ind		
27009007	1	dein	PRON	PPOSAT				2	P		Nom	
27009007	2	o	PROPN	NE					S		Nom	
27009007	3	Herr	NOUN	NN					S		Nom	M
27009007	4	sein	AUX	VAFIN		Fin	Pres	3	S	Ind		
27009007	5	der	DET	ART					S		Nom	F
27009007	6	Gerechtigkeit	NOUN	NN					S		Nom	F
27009007	7	unser	DET	PPOSAT					S		Nom	N
27009007	8	aber	CCONJ	KON								
27009007	9	der	DET	ART					S		Nom	F
27009007	10	Beschämung	NOUN	NN					S		Nom	F
27009007	11	der	DET	ART					S		Gen	M
27009007	12	angesichts	ADP	APPR								
27009007	13	wie	ADP	KOKOM								
27009007	14	es	PRON	PPER				3	S		Nom	N
27009007	15	an	ADP	PTKVZ								
27009007	16	dieser	DET	PDAT					S		Dat	N
27009007	17	Tag	NOUN	NN					P		Nom	M
27009007	18	sein	AUX	VAFIN		Fin	Pres	3	S	Ind		
27009007	19	der	DET	ART					S		Nom	M
27009007	20	Mann	NOUN	NN					P		Nom	M
27009007	21	von	ADP	APPR								
27009007	22	Juda	PROPN	NE					S		Nom	M
27009007	23	und	CCONJ	KON								
27009007	24	der	DET	ART					S		Nom	M
27009007	25	Bewohner	NOUN	NN					P		Nom	M
27009007	26	von	ADP	APPR								
27009007	27	Jerusalem	PROPN	NE					S		Nom	N
27009007	28	und	CCONJ	KON								
27009007	29	der	DET	ART					S		Gen	M
27009007	30	ganz	PRON	ADJA					S		Nom	M
27009007	31	Israel	PROPN	NE					S		Nom	N
27009007	32	der	DET	ART					S		Nom	M
27009007	33	nah	PROPN	NE					S		Nom	N
27009007	34	und	CCONJ	KON								
27009007	35	der	DET	ART					S		Nom	M
27009007	36	ferne	PROPN	NE					S		Nom	F
27009007	37	in	ADP	APPR								
27009007	38	aller	DET	PIS					P		Dat	
27009007	39	Land	NOUN	NN					P		Dat	N
27009007	40	wohin	ADV	PWAV								
27009007	41	du	PRON	PPER				2	S		Nom	
27009007	42	sie	PRON	PPER				3	P		Nom	
27009007	43	vertreiben	VERB	VVPP		Part						
27009007	44	haben	AUX	VAFIN		Fin	Pres	2	S	Ind		
27009007	45	wegen	ADP	APPR								
27009007	46	ihr	DET	PPOSAT					S		Dat	F
27009007	47	Treulosigkeit	NOUN	NN					S		Nom	F
27009007	48	der	DET	ART					S		Nom	F
27009007	49	sie	PRON	PPER				3	P		Nom	
27009007	50	gegen	ADP	APPR								
27009007	51	dich	PRON	PPER				2	S		Acc	
27009007	52	begehen	VERB	VVPP		Part						
27009007	53	haben	AUX	VAFIN		Fin	Pres	3	P	Ind		
27009008	1	Jahwe	NOUN	NN					S		Nom	M
27009008	2	unser	DET	PPOSAT					S		Nom	N
27009008	3	sein	AUX	VAFIN		Fin	Pres	3	S	Ind		
27009008	4	der	DET	ART					S		Nom	F
27009008	5	Beschämung	NOUN	NN					S		Nom	F
27009008	6	der	DET	ART					S		Gen	M
27009008	7	angesichts	ADP	APPR								
27009008	8	unser	DET	PPOSAT					S		Dat	F
27009008	9	König	NOUN	NN					P		Nom	M
27009008	10	unser	DET	PPOSAT					S		Dat	F
27009008	11	Fürst	NOUN	NN					P		Nom	M
27009008	12	und	CCONJ	KON								
27009008	13	unser	DET	PPOSAT					S		Dat	F
27009008	14	Vater	NOUN	NN					P		Nom	M
27009008	15	weil	SCONJ	KOUS								
27009008	16	wir	PRON	PPER				1	P		Nom	
27009008	17	gegen	ADP	APPR								
27009008	18	dich	PRON	PPER				2	S		Acc	
27009008	19	sündigen	VERB	VVPP		Part						
27009008	20	haben	AUX	VAFIN		Fin	Pres	3	P	Ind		
27009009	1	der	DET	ART					S		Gen	M
27009009	2	Herr	NOUN	NN					S		Acc	M
27009009	3	unser	DET	PPOSAT					S		Gen	M
27009009	4	Gott	NOUN	NN					S		Gen	M
27009009	5	sein	AUX	VAFIN		Fin	Pres	3	P	Ind		
27009009	6	der	DET	ART					S		Nom	F
27009009	7	Erbarmunge	NOUN	NN					P		Nom	F
27009009	8	und	CCONJ	KON								
27009009	9	der	DET	ART					S		Nom	F
27009009	10	Vergebung	NOUN	NN					P		Nom	F
27009009	11	denn	CCONJ	KON								
27009009	12	wir	PRON	PPER				1	P		Nom	
27009009	13	haben	AUX	VAFIN		Fin	Pres	3	P	Ind		
27009009	14	uns	PRON	PPER				1	P		Acc	
27009009	15	gegen	ADP	APPR								
27009009	16	ihn	PRON	PPER				3	S		Acc	M
27009009	17	empört	ADV	ADJD	Pos							
27009010	1	und	CCONJ	KON								
27009010	2	wir	PRON	PPER				1	P		Nom	
27009010	3	haben	AUX	VAFIN		Fin	Pres	3	P	Ind		
27009010	4	der	DET	ART					S		Nom	M
27009010	5	Stimme	NOUN	NN					S		Nom	F
27009010	6	Jahwe	PROPN	NE					S		Gen	
27009010	7	unser	DET	PPOSAT					S		Gen	M
27009010	8	Gott	NOUN	NN					S		Gen	M
27009010	9	nicht	PART	PTKNEG								
27009010	10	gehorchen	VERB	VVPP		Part						
27009010	11	um	ADP	APPR								
27009010	12	in	ADP	APPR								
27009010	13	sein	DET	PPOSAT					S		Acc	M
27009010	14	Gesetz	NOUN	NN					P		Dat	N
27009010	15	zu	ADP	PTKVZ								
27009010	16	wandeln	VERB	VVINF		Inf						
27009010	17	welcher	DET	PWAT					S		Nom	F
27009010	18	er	PRON	PPER				3	S		Nom	M
27009010	19	uns	PRON	PPER				1	P		Acc	
27009010	20	durch	ADP	APPR								
27009010	21	sein	DET	PPOSAT					S		Nom	F
27009010	22	Knecht	NOUN	NN					P		Nom	M
27009010	23	der	DET	ART					S		Nom	F
27009010	24	Prophet	NOUN	NN					P		Nom	M
27009010	25	vorlegen	VERB	VVPP		Part						
27009010	26	haben	AUX	VAFIN		Fin	Pres	3	S	Ind		
27009011	1	und	CCONJ	KON								
27009011	2	ganz	ADV	ADV								
27009011	3	Israel	PROPN	NE					S		Nom	N
27009011	4	haben	AUX	VAFIN		Fin	Pres	3	S	Ind		
27009011	5	dein	DET	PPER					S		Nom	N
27009011	6	Gesetz	NOUN	NN					S		Nom	N
27009011	7	übertreten	VERB	VVINF		Inf						
27009011	8	und	CCONJ	KON								
27009011	9	sein	AUX	VAFIN		Fin	Pres	3	S	Ind		
27009011	10	abwichen	VERB	VVPP		Part						
27009011	11	so	ADV	ADV								
27009011	12	daß	SCONJ	KOUS								
27009011	13	es	PRON	PPER				3	S		Nom	N
27009011	14	dein	DET	PPOSAT					S		Dat	F
27009011	15	Stimme	NOUN	NN					S		Nom	F
27009011	16	nicht	PART	PTKNEG								
27009011	17	gehorchen	VERB	VVPP		Part						
27009011	18	haben	AUX	VAFIN		Fin	Pres	3	S	Ind		
27009011	19	und	CCONJ	KON								
27009011	20	so	ADV	ADV								
27009011	21	haben	AUX	VAFIN		Fin	Pres	3	S	Ind		
27009011	22	sich	PRON	PRF				3	S		Acc	
27009011	23	der	DET	ART					S		Nom	M
27009011	24	Fluch	NOUN	NN					S		Nom	M
27009011	25	und	CCONJ	KON								
27009011	26	der	DET	ART					S		Nom	M
27009011	27	Schwur	NOUN	NN					S		Acc	M
27009011	28	über	ADP	APPR								
27009011	29	uns	PRON	PPER				1	P		Acc	
27009011	30	ergießen	VERB	VVPP		Part						
27009011	31	welcher	PRON	PWAT					S		Nom	M
27009011	32	in	ADP	APPRART					S		Dat	N
27009011	33	Gesetz	NOUN	NN					S		Nom	N
27009011	34	Moses	PROPN	NE					S		Nom	M
27009011	35	der	DET	ART					S		Gen	M
27009011	36	Knecht	NOUN	NN					S		Gen	M
27009011	37	Gott	NOUN	NN					S		Gen	M
27009011	38	schreiben	VERB	VVPP		Part						
27009011	39	stehen	VERB	VVFIN		Fin	Pres	3	S	Ind		
27009011	40	weil	SCONJ	KOUS								
27009011	41	wir	PRON	PPER				1	P		Nom	
27009011	42	gegen	ADP	APPR								
27009011	43	ihn	PRON	PPER				3	S		Acc	M
27009011	44	sündigen	VERB	VVPP		Part						
27009011	45	haben	AUX	VAFIN		Fin	Pres	3	P	Ind		
27009012	1	und	CCONJ	KON								
27009012	2	er	PRON	PPER				3	S		Nom	M
27009012	3	haben	AUX	VAFIN		Fin	Pres	3	S	Ind		
27009012	4	sein	DET	PPOSAT					S		Nom	F
27009012	5	Wort	NOUN	NN					P		Nom	N
27009012	6	erfüllen	VERB	VVPP		Part						
27009012	7	der	DET	ART					S		Nom	F
27009012	8	er	PRON	PPER				3	S		Nom	M
27009012	9	über	ADP	APPR								
27009012	10	uns	PRON	PPER				1	P		Acc	
27009012	11	und	CCONJ	KON								
27009012	12	über	ADP	APPR								
27009012	13	unser	DET	PPOSAT					S		Nom	F
27009012	14	Richter	NOUN	NN					S		Nom	M
27009012	15	reden	VERB	VVPP		Part						
27009012	16	haben	AUX	VAFIN		Fin	Pres	3	S	Ind		
27009012	17	welcher	DET	PWAT					S		Nom	F
27009012	18	uns	PRON	PPER				1	P		Acc	
27009012	19	richten	VERB	VVFIN		Fin	Past	3	P	Ind		
27009012	20	indem	SCONJ	KOUS								
27009012	21	er	PRON	PPER				3	S		Nom	M
27009012	22	ein	DET	ART					S		Nom	N
27009012	23	groß	ADJ	ADJA	Pos				S		Nom	N
27009012	24	Unglück	NOUN	NN					S		Nom	N
27009012	25	über	ADP	APPR								
27009012	26	uns	PRON	PPER				1	P		Acc	
27009012	27	bringen	VERB	VVFIN		Fin	Past	3	S	Ind		
27009012	28	so	ADV	ADV								
27009012	29	daß	SCONJ	KOUS								
27009012	30	unter	ADP	APPR								
27009012	31	der	DET	ART					S		Dat	M
27009012	32	ganz	PRON	ADJA					S		Nom	M
27009012	33	Himmel	NOUN	NN					S		Nom	M
27009012	34	keiner	PRON	PIAT					S		Nom	N
27009012	35	geschehen	VERB	VVPP		Part						
27009012	36	sein	AUX	VAFIN		Fin	Pres	3	S	Ind		
27009012	37	wie	ADP	KOKOM								
27009012	38	dasjeniger	PRON	PDAT					S		Nom	N
27009012	39	welcher	DET	PWAT					S		Acc	N
27009012	40	an	ADP	PTKVZ								
27009012	41	Jerusalem	PROPN	NE					S		Nom	N
27009012	42	geschehen	VERB	VVPP		Part						
27009012	43	sein	AUX	VAFIN		Fin	Pres	3	S	Ind		
27009013	1	so	ADV	ADV								
27009013	2	wie	ADP	KOKOM								
27009013	3	es	PRON	PPER				3	S		Nom	N
27009013	4	in	ADP	APPRART					S		Dat	N
27009013	5	Gesetz	NOUN	NN					S		Nom	N
27009013	6	Moses	PROPN	NE					S		Nom	M
27009013	7	schreiben	VERB	VVPP		Part						
27009013	8	stehen	VERB	VVFIN		Fin	Pres	3	S	Ind		
27009013	9	sein	AUX	VAFIN		Fin	Pres	3	S	Ind		
27009013	10	all	DET	PIAT								
27009013	11	dieser	DET	PDAT					S		Nom	N
27009013	12	Unglück	NOUN	NN					S		Nom	N
27009013	13	über	ADP	APPR								
27009013	14	uns	PRON	PPER				1	P		Acc	
27009013	15	kommen	VERB	VVPP		Part						
27009013	16	und	CCONJ	KON								
27009013	17	wir	PRON	PPER				1	P		Nom	
27009013	18	flehn	VERB	VVFIN		Fin	Past	3	P	Ind		
27009013	19	Jahwe	NOUN	NN					S		Nom	M
27009013	20	unser	DET	PPOSAT					S		Acc	M
27009013	21	Gott	NOUN	NN					S		Nom	M
27009013	22	nicht	PART	PTKNEG								
27009013	23	an	ADP	PTKVZ								
27009013	24	daß	SCONJ	KOUS								
27009013	25	wir	PRON	PPER				1	P		Nom	
27009013	26	von	ADP	APPR								
27009013	27	unser	DET	PPOSAT					S		Acc	M
27009013	28	Missetat	NOUN	NN					P		Nom	F
27009013	29	umgekehrt	ADV	ADJD	Pos							
27009013	30	sein	AUX	VAFIN		Fin	Past	3	P	Sub		
27009013	31	und	CCONJ	KON								
27009013	32	Einsicht	NOUN	NN					S		Nom	F
27009013	33	erlangen	VERB	VVFIN		Fin	Pres	3	S	Ind		
27009013	34	haben	AUX	VAFIN		Fin	Past	3	P	Sub		
27009013	35	für	ADP	APPR								
27009013	36	dein	DET	PPOSAT					S		Nom	F
27009013	37	Wahrheit	NOUN	NN					S		Nom	F
27009014	1	und	CCONJ	KON								
27009014	2	so	ADV	ADV								
27009014	3	haben	AUX	VAFIN		Fin	Pres	3	S	Ind		
27009014	4	Jahwe	NOUN	NN					S		Nom	M
27009014	5	über	ADP	APPR								
27009014	6	der	DET	ART					S		Nom	N
27009014	7	Unglück	NOUN	NN					S		Nom	N
27009014	8	wachen	VERB	VVPP		Part						
27009014	9	und	CCONJ	KON								
27009014	10	es	PRON	PPER				3	S		Nom	N
27009014	11	über	ADP	APPR								
27009014	12	uns	PRON	PPER				1	P		Acc	
27009014	13	kommen	VERB	VVFIN		Fin	Pres	3	P	Ind		
27009014	14	lassen	VERB	VVINF		Fin	Pres	3	P	Ind		
27009014	15	denn	CCONJ	KON								
27009014	16	Jahwe	NOUN	NN					S		Nom	M
27009014	17	unser	DET	PPOSAT					S		Nom	N
27009014	18	Gott	NOUN	NN					S		Nom	M
27009014	19	sein	AUX	VAFIN		Fin	Pres	3	S	Ind		
27009014	20	gerecht	ADV	ADJD	Pos							
27009014	21	in	ADP	APPR								
27009014	22	aller	DET	PIS					P		Dat	
27009014	23	sein	DET	PPOSAT					S		Acc	M
27009014	24	Tat	NOUN	NN					P		Nom	F
27009014	25	der	DET	ART					S		Nom	F
27009014	26	er	PRON	PPER				3	S		Nom	M
27009014	27	tun	VERB	VVPP		Part						
27009014	28	haben	AUX	VAFIN		Fin	Pres	3	S	Ind		
27009014	29	aber	CCONJ	KON								
27009014	30	wir	PRON	PPER				1	P		Nom	
27009014	31	haben	AUX	VAFIN		Fin	Pres	3	P	Ind		
27009014	32	sein	DET	PPOSAT					S		Dat	F
27009014	33	Stimme	NOUN	NN					S		Nom	F
27009014	34	nicht	PART	PTKNEG								
27009014	35	gehorchen	VERB	VVPP		Part						
27009015	1	und	CCONJ	KON								
27009015	2	nun	ADV	ADV								
27009015	3	Herr	NOUN	NN					S		Nom	M
27009015	4	unser	DET	PPOSAT					S		Nom	N
27009015	5	Gott	NOUN	NN					S		Nom	M
27009015	6	der	DET	ART					S		Nom	M
27009015	7	du	PRON	PPER				2	S		Nom	
27009015	8	dein	DET	PPER					S		Nom	N
27009015	9	Volk	NOUN	NN					S		Nom	N
27009015	10	aus	ADP	PTKVZ								
27009015	11	der	DET	ART					S		Dat	M
27009015	12	Land	NOUN	NN					P		Nom	N
27009015	13	Ägypten	PROPN	NE					S		Nom	N
27009015	14	mit	ADP	APPR								
27009015	15	stark	ADJ	ADJA	Pos				S		Nom	M
27009015	16	Hand	NOUN	NN					S		Nom	F
27009015	17	herausgeführt	VERB	VVPP		Part						
27009015	18	und	CCONJ	KON								
27009015	19	dir	PRON	PPER				2	S		Dat	
27009015	20	ein	DET	ART					S		Acc	M
27009015	21	Name	NOUN	NN					P		Nom	M
27009015	22	machen	VERB	VVPP		Part						
27009015	23	haben	AUX	VAFIN		Fin	Pres	2	S	Ind		
27009015	24	wie	ADP	KOKOM								
27009015	25	es	PRON	PPER				3	S		Nom	N
27009015	26	an	ADP	PTKVZ								
27009015	27	dieser	DET	PDAT					S		Dat	N
27009015	28	Tag	NOUN	NN					P		Nom	M
27009015	29	sein	AUX	VAFIN		Fin	Pres	3	S	Ind		
27009015	31	wir	PRON	PPER				1	P		Nom	
27009015	32	haben	AUX	VAFIN		Fin	Pres	3	P	Ind		
27009015	33	sündigen	VERB	VVPP		Part						
27009015	34	wir	PRON	PPER				1	P		Nom	
27009015	35	haben	AUX	VAFIN		Fin	Pres	3	P	Ind		
27009015	36	gesetzlos	ADV	ADJD	Pos							
27009015	37	handeln	VERB	VVPP		Part						
27009016	1	Herr	NOUN	NN					S		Nom	M
27009016	2	nach	ADP	APPR								
27009016	3	aller	DET	PIS					P		Dat	
27009016	4	dein	DET	PPOSAT					S		Acc	M
27009016	5	Gerechtigkeit	NOUN	NN					P		Nom	F
27009016	6	laß	VERB	VVIMP				2	S	Imp		
27009016	7	doch	CCONJ	KON								
27009016	8	dein	DET	PPOSAT					S		Acc	M
27009016	9	Zorn	NOUN	NN					S		Nom	M
27009016	10	und	CCONJ	KON								
27009016	11	dein	DET	PPOSAT					S		Acc	M
27009016	12	Grimm	PROPN	NE					S		Nom	M
27009016	13	sich	PRON	PRF				3	S		Acc	
27009016	14	wenden	VERB	VVINF		Inf						
27009016	15	von	ADP	APPR								
27009016	16	dein	DET	PPOSAT					S		Dat	F
27009016	17	Stadt	NOUN	NN					S		Nom	F
27009016	18	Jerusalem	PROPN	NE					S		Nom	N
27009016	19	dein	DET	PPOSAT					S		Dat	M
27009016	20	heilig	ADJ	ADJA	Pos				S		Acc	M
27009016	21	Berg	NOUN	NN					P		Nom	M
27009016	22	denn	CCONJ	KON								
27009016	23	wegen	ADP	APPR								
27009016	24	unser	DET	PPOSAT					S		Dat	F
27009016	25	Sünde	NOUN	NN					P		Nom	F
27009016	26	und	CCONJ	KON								
27009016	27	der	DET	ART					S		Nom	M
27009016	28	Missetat	NOUN	NN					P		Nom	F
27009016	29	unser	DET	PPOSAT					S		Dat	F
27009016	30	Vater	NOUN	NN					P		Nom	M
27009016	31	sein	AUX	VAFIN		Fin	Pres	3	P	Ind		
27009016	32	Jerusalem	PROPN	NE					S		Nom	N
27009016	33	und	CCONJ	KON								
27009016	34	dein	DET	PPER					S		Nom	N
27009016	35	Volk	NOUN	NN					S		Nom	N
27009016	36	zu	ADP	APPRART					S		Dat	N
27009016	37	hohn	NOUN	NN					S		Nom	F
27009016	38	werden	AUX	VAPP		Part						
27009016	39	aller	DET	PIS					P		Dat	
27009016	40	der	PRON	PDS					P		Dat	
27009016	41	der	DET	ART					S		Nom	F
27009016	42	uns	PRON	PPER				1	P		Acc	
27009016	43	umgeben	VERB	VVPP		Part						
27009017	1	und	CCONJ	KON								
27009017	2	nun	ADV	ADV								
27009017	3	hören	VERB	VVFIN		Fin	Pres	3	S	Sub		
27009017	4	unser	DET	PPOSAT					S		Nom	N
27009017	5	Gott	NOUN	NN					S		Nom	M
27009017	6	auf	ADP	PTKVZ								
27009017	7	der	DET	ART					S		Nom	N
27009017	8	Gebet	NOUN	NN					S		Nom	N
27009017	9	dein	DET	PPOSAT					S		Gen	N
27009017	10	Knecht	NOUN	NN					S		Gen	M
27009017	11	und	CCONJ	KON								
27009017	12	auf	ADP	PTKVZ								
27009017	13	sein	AUX	VAINF		Inf						
27009017	14	Flehen	NOUN	NN					S		Nom	N
27009017	15	und	CCONJ	KON								
27009017	16	um	ADP	APPR								
27009017	17	der	DET	ART					S		Gen	M
27009017	18	Herr	NOUN	NN					S		Acc	M
27009017	19	Wille	ADP	APZR								
27009017	20	laß	VERB	VVIMP				2	S	Imp		
27009017	21	dein	DET	PPER					S		Nom	N
27009017	22	Angesicht	NOUN	NN					S		Nom	F
27009017	23	leuchten	VERB	VVFIN		Fin	Pres	3	P	Ind		
27009017	24	über	ADP	APPR								
27009017	25	dein	DET	PPER					S		Nom	N
27009017	26	verwüstet	ADJ	ADJA	Pos				S		Nom	N
27009017	27	Heiligtum	NOUN	NN					S		Nom	N
27009018	1	Neige	NOUN	NN					S		Nom	F
27009018	2	mein	DET	PPOSAT					S		Nom	N
27009018	3	Gott	NOUN	NN					S		Nom	M
27009018	4	dein	DET	PPER					S		Nom	N
27009018	5	Ohr	NOUN	NN					S		Nom	N
27009018	6	und	CCONJ	KON								
27009018	7	hören	VERB	VVFIN		Fin	Pres	3	S	Sub		
27009018	8	tun	VERB	VVFIN		Fin	Pres	3	S	Sub		
27009018	9	dein	DET	PPOSAT					S		Nom	F
27009018	10	Auge	NOUN	NN					P		Nom	N
27009018	11	auf	ADP	PTKVZ								
27009018	12	und	CCONJ	KON								
27009018	13	sieh	VERB	VVFIN		Fin	Pres	3	S	Sub		
27009018	14	unser	DET	PPOSAT					S		Nom	F
27009018	15	Verwüstung	NOUN	NN					P		Nom	F
27009018	16	und	CCONJ	KON								
27009018	17	der	DET	ART					S		Nom	F
27009018	18	Stadt	NOUN	NN					S		Nom	F
27009018	19	welcher	DET	PWAT					S		Nom	F
27009018	20	nach	ADP	APPR								
27009018	21	dein	DET	PPOSAT					S		Dat	M
27009018	22	Name	NOUN	NN					P		Nom	M
27009018	23	nennen	VERB	VVPP		Part						
27009018	24	sein	AUX	VAFIN		Fin	Pres	3	S	Ind		
27009018	25	denn	CCONJ	KON								
27009018	26	nicht	PART	PTKNEG								
27009018	27	um	ADP	APPR								
27009018	28	unser	DET	PPOSAT					S		Dat	F
27009018	29	Gerechtigkeit	NOUN	NN					P		Nom	F
27009018	30	Wille	ADP	APZR								
27009018	31	legen	VERB	VVINF		Inf						
27009018	32	wir	PRON	PPER				1	P		Nom	
27009018	33	unser	DET	PPOSAT					S		Nom	N
27009018	34	Flehen	NOUN	NN					S		Nom	N
27009018	35	vor	ADP	APPR								
27009018	36	dir	PRON	PPER				2	S		Dat	
27009018	37	nieder	ADV	PTKVZ								
27009018	38	sondern	CCONJ	KON								
27009018	39	um	ADP	APPR								
27009018	40	dein	DET	PPOSAT					S		Dat	F
27009018	41	vieler	PRON	PIS					P		Dat	N
27009018	42	Erbarmunge	NOUN	NN					P		Nom	F
27009018	43	Wille	ADP	APZR								
27009019	1	Herr	NOUN	NN					S		Nom	M
27009019	2	hören	VERB	VVFIN		Fin	Pres	3	S	Sub		
27009019	3	Herr	NOUN	NN					S		Nom	M
27009019	4	vergib	VERB	VVFIN		Fin	Pres	3	S	Ind		
27009019	5	Herr	NOUN	NN					S		Nom	M
27009019	6	merken	VERB	VVFIN		Fin	Pres	3	S	Sub		
27009019	7	auf	ADP	PTKVZ								
27009019	8	und	CCONJ	KON								
27009019	9	handeln	VERB	VVFIN		Fin	Pres	3	S	Sub		
27009019	10	zögeren	VERB	VVFIN		Fin	Pres	3	S	Sub		
27009019	11	nicht	PART	PTKNEG								
27009019	12	um	ADP	APPR								
27009019	13	dein	DET	PPOSAT					S		Dat	F
27009019	14	selbst	ADV	ADV								
27009019	15	Wille	ADP	APZR								
27009019	16	mein	DET	PPOSAT					S		Nom	N
27009019	17	Gott	NOUN	NN					S		Nom	M
27009019	18	denn	CCONJ	KON								
27009019	19	dein	DET	PPOSAT					S		Nom	F
27009019	20	Stadt	NOUN	NN					S		Nom	F
27009019	21	und	CCONJ	KON								
27009019	22	dein	DET	PPER					S		Nom	N
27009019	23	Volk	NOUN	NN					S		Nom	N
27009019	24	sein	AUX	VAFIN		Fin	Pres	3	P	Ind		
27009019	25	nach	ADP	APPR								
27009019	26	dein	DET	PPOSAT					S		Dat	M
27009019	27	Name	NOUN	NN					P		Nom	M
27009019	28	nennen	VERB	VVPP		Part						
27009020	1	während	SCONJ	KOUS								
27009020	2	ich	PRON	PPER				1	S		Nom	
27009020	3	noch	CCONJ	KON								
27009020	4	reden	VERB	VVFIN		Fin	Past	3	S	Ind		
27009020	5	und	CCONJ	KON								
27009020	6	beten	VERB	VVFIN		Fin	Past	3	S	Ind		
27009020	7	und	CCONJ	KON								
27009020	8	mein	DET	PPOSAT					S		Nom	F
27009020	9	Sünde	NOUN	NN					S		Nom	F
27009020	10	und	CCONJ	KON								
27009020	11	der	DET	ART					S		Nom	F
27009020	12	Sünde	NOUN	NN					S		Nom	F
27009020	13	meiner	DET	PPOSAT					S		Gen	N
27009020	14	Volk	NOUN	NN					S		Gen	N
27009020	15	Israel	PROPN	NE					S		Nom	N
27009020	16	bekennen	VERB	ADJA		Fin	Past	3	S	Ind		
27009020	17	und	CCONJ	KON								
27009020	18	mein	DET	PPOSAT					S		Nom	N
27009020	19	Flehen	NOUN	NN					S		Nom	N
27009020	20	vor	ADP	APPR								
27009020	21	Jahwe	NOUN	NN					S		Nom	M
27009020	22	mein	DET	PPOSAT					S		Dat	M
27009020	23	Gott	NOUN	NN					S		Nom	M
27009020	24	für	ADP	APPR								
27009020	25	der	DET	ART					S		Acc	M
27009020	26	heilig	ADJ	ADJA	Pos				S		Acc	M
27009020	27	Berg	NOUN	NE					S		Nom	M
27009020	28	meiner	DET	PPOSAT					S		Gen	N
27009020	29	Gott	NOUN	NN					S		Gen	M
27009020	30	niederlegen	VERB	VVFIN		Fin	Past	3	S	Ind		
27009021	1	während	SCONJ	KOUS								
27009021	2	ich	PRON	PPER				1	S		Nom	
27009021	3	noch	CCONJ	KON								
27009021	4	reden	VERB	VVFIN		Fin	Past	3	S	Ind		
27009021	5	in	ADP	APPRART					S		Dat	N
27009021	6	Gebet	NOUN	NN					S		Nom	N
27009021	7	da	ADV	ADV								
27009021	8	kommen	VERB	VVFIN		Fin	Past	3	S	Ind		
27009021	9	der	DET	ART					S		Nom	M
27009021	10	Mann	NOUN	NN					S		Nom	M
27009021	11	Gabriel	PROPN	NE					S		Nom	M
27009021	12	der	DET	ART					S		Acc	M
27009021	13	ich	PRON	PPER				1	S		Nom	
27009021	14	in	ADP	APPRART					S		Dat	N
27009021	15	Anfang	NOUN	NN					S			M
27009021	16	in	ADP	APPRART					S		Dat	N
27009021	17	Gesicht	NOUN	NN					S		Nom	N
27009021	18	als	ADP	KOKOM								
27009021	19	ich	PRON	PPER				1	S		Nom	
27009021	20	ganz	ADV	ADV								
27009021	21	ermatten	VERB	VVPP		Fin	Pres	3	S	Ind		
27009021	22	sein	AUX	VAFIN		Fin	Past	3	S	Ind		
27009021	23	sehen	VERB	VVPP		Part						
27009021	24	haben	AUX	VAFIN		Fin	Past	3	S	Ind		
27009021	25	zu	ADP	PTKVZ								
27009021	26	mir	PRON	PPER				1	S		Dat	
27009021	27	her	ADV	ADV								
27009021	28	zu	ADP	APPRART					S		Dat	F
27009021	29	Zeit	NOUN	NN					S		Nom	F
27009021	30	der	DET	ART					S		Gen	M
27009021	31	Abendopfer	PROPN	NN					S		Gen	
27009022	1	und	CCONJ	KON								
27009022	2	er	PRON	PPER				3	S		Nom	M
27009022	3	geben	VERB	VVFIN		Fin	Past	3	S	Ind		
27009022	4	mir	PRON	PPER				1	S		Dat	
27009022	5	Verständnis	NOUN	NN					S		Nom	N
27009022	6	und	CCONJ	KON								
27009022	7	reden	VERB	VVFIN		Fin	Past	3	S	Ind		
27009022	8	mit	ADP	APPR								
27009022	9	mir	PRON	PPER				1	S		Dat	
27009022	10	und	CCONJ	KON								
27009022	11	sprechen	VERB	VVFIN		Fin	Past	3	S	Ind		
27009022	12	Daniel	PROPN	NE					S		Nom	M
27009022	13	jetzt	ADV	ADV								
27009022	14	sein	AUX	VAFIN		Fin	Pres	1	S	Ind		
27009022	15	ich	PRON	PPER				1	S		Nom	
27009022	16	ausgehen	VERB	VVPP		Part						
27009022	17	um	ADP	APPR								
27009022	18	dich	PRON	PPER				2	S		Acc	
27009022	19	Verständnis	NOUN	NN					S		Nom	N
27009022	20	zu	ADP	PTKVZ								
27009022	21	lehren	VERB	VVINF		Inf						
27009023	1	in	ADP	APPRART					S		Dat	M
27009023	2	Anfang	NOUN	NN					S			M
27009023	3	dein	DET	PPOSAT					S		Gen	N
27009023	4	Flehen	NOUN	NN					S		Gen	N
27009023	5	sein	AUX	VAFIN		Fin	Pres	3	S	Ind		
27009023	6	ein	DET	ART					S		Nom	N
27009023	7	Wort	NOUN	NN					S		Nom	N
27009023	8	ausgehen	VERB	VVPP		Part						
27009023	9	und	CCONJ	KON								
27009023	10	ich	PRON	PPER				1	S		Nom	
27009023	11	sein	AUX	VAFIN		Fin	Pres	1	S	Ind		
27009023	12	kommen	VERB	VVPP		Part						
27009023	13	um	ADP	APPR								
27009023	14	es	PRON	PPER				3	S		Nom	N
27009023	15	dir	PRON	PPER				2	S		Dat	
27009023	16	kundzutun	VERB	VVIZU		Inf						
27009023	17	denn	CCONJ	KON								
27009023	18	du	PRON	PPER				2	S		Nom	
27009023	19	sein	AUX	VAFIN		Fin	Pres	2	S	Ind		
27009023	20	ein	DET	ART					S		Nom	N
27009023	21	Vielgeliebter	NOUN	NN					S		Nom	M
27009023	22	so	ADV	ADV								
27009023	23	merken	VERB	VVFIN		Fin	Pres	3	S	Sub		
27009023	24	auf	ADP	PTKVZ								
27009023	25	der	DET	ART					S		Nom	N
27009023	26	Wort	NOUN	NN					S		Nom	N
27009023	27	und	CCONJ	KON								
27009023	28	verstehen	VERB	VVFIN		Fin	Pres	3	S	Sub		
27009023	29	der	DET	ART					S		Nom	N
27009023	30	Gesicht	NOUN	NN					S		Nom	N
27009024	1	siebzig	NUM	CARD								
27009024	2	Woche	NOUN	NN					P		Nom	F
27009024	3	sein	AUX	VAFIN		Fin	Pres	3	P	Ind		
27009024	4	über	ADP	APPR								
27009024	5	dein	DET	PPER					S		Nom	N
27009024	6	Volk	NOUN	NN					S		Nom	N
27009024	7	und	CCONJ	KON								
27009024	8	über	ADP	APPR								
27009024	9	dein	DET	PPOSAT					S		Nom	F
27009024	10	heilig	ADJ	ADJA	Pos				S		Nom	F
27009024	11	Stadt	NOUN	NN					S		Nom	F
27009024	12	bestimmen	VERB	VVPP		Part						
27009024	13	um	ADP	APPR								
27009024	14	der	DET	ART					S		Nom	F
27009024	15	Übertretung	NOUN	NN					S		Nom	F
27009024	16	zu	ADP	APPRART					S		Dat	N
27009024	17	Abschluß	NOUN	NN					S		Nom	M
27009024	18	zu	ADP	PTKVZ								
27009024	19	bringen	VERB	VVINF		Inf						
27009024	20	und	CCONJ	KON								
27009024	21	der	DET	ART					S		Acc	M
27009024	22	Sünde	NOUN	NN					P		Nom	F
27009024	23	ein	DET	ART					S		Nom	N
27009024	24	Ende	NOUN	NN					S		Nom	N
27009024	25	zu	ADP	PTKVZ								
27009024	26	machen	VERB	VVINF		Inf						
27009024	27	und	CCONJ	KON								
27009024	28	der	DET	ART					S		Nom	F
27009024	29	Ungerechtigkeit	NOUN	NN					S		Nom	F
27009024	30	zu	ADP	PTKVZ								
27009024	31	sühnen	VERB	VVFIN		Fin	Pres	3	P	Ind		
27009024	32	und	CCONJ	KON								
27009024	33	ein	DET	ART					S		Nom	F
27009024	34	ewig	ADJ	ADJA	Pos				P		Nom	F
27009024	35	Gerechtigkeit	NOUN	NN					S		Nom	F
27009024	36	einführen	VERB	VVIZU		Inf						
27009024	37	und	CCONJ	KON								
27009024	38	Gesicht	NOUN	NN					S		Nom	N
27009024	39	und	CCONJ	KON								
27009024	40	Prophet	NOUN	NN					P		Nom	M
27009024	41	zu	ADP	PTKVZ								
27009024	42	versiegeln	VERB	VVINF		Inf						
27009024	43	und	CCONJ	KON								
27009024	44	ein	DET	ART					S		Nom	N
27009024	45	allerheiligste	NOUN	NN					S		Nom	N
27009024	46	zu	ADP	PTKVZ								
27009024	47	Salbe	NOUN	NN					P		Nom	F
27009025	1	so	ADV	ADV								
27009025	2	wissen	VERB	VVFIN		Fin	Pres	3	S	Sub		
27009025	3	denn	CCONJ	KON								
27009025	4	und	CCONJ	KON								
27009025	5	verstehen	VERB	VVFIN		Fin	Pres	3	S	Sub		
27009025	6	von	ADP	APPRART					S		Dat	M
27009025	7	ausgehen	VERB	VVINF		Inf						
27009025	8	der	DET	ART					S		Gen	M
27009025	9	Wort	NOUN	NN					S		Gen	N
27009025	10	Jerusalem	PROPN	NE					S		Nom	N
27009025	11	wiederherstellen	VERB	VVIZU		Inf						
27009025	12	und	CCONJ	KON								
27009025	13	zu	ADP	PTKVZ								
27009025	14	bauen	VERB	VVINF		Inf						
27009025	15	bis	CCONJ	KON								
27009025	16	auf	ADP	PTKVZ								
27009025	17	der	DET	ART					S		Acc	M
27009025	18	Messias	NOUN	NN					P		Nom	M
27009025	19	der	DET	ART					S		Acc	M
27009025	20	Fürst	NOUN	NN					P		Nom	M
27009025	21	sein	AUX	VAFIN		Fin	Pres	3	P	Ind		
27009025	22	sieben	NUM	CARD								
27009025	23	Woche	NOUN	NN					P		Nom	F
27009025	24	und	CCONJ	KON								
27009025	25	62	NUM	CARD								
27009025	26	Woche	NOUN	NN					P		Nom	F
27009025	27	Straße	NOUN	NN					P		Nom	F
27009025	28	und	CCONJ	KON								
27009025	29	Gräben	NOUN	NN					P		Nom	M
27009025	30	werden	AUX	VAFIN		Fin	Pres	3	P	Ind		
27009025	31	wiederherstellen	VERB	VVPP		Part						
27009025	32	und	CCONJ	KON								
27009025	33	bauen	VERB	VVPP		Part						
27009025	34	werden	AUX	VAFIN		Fin	Pres	3	P	Ind		
27009025	35	und	CCONJ	KON								
27009025	36	zwar	ADV	ADV								
27009025	37	in	ADP	APPR								
27009025	38	drangsal	PROPN	NE					S		Nom	
27009025	39	der	DET	ART					S		Nom	M
27009025	40	Zeit	NOUN	NN					P		Nom	F
27009026	1	und	CCONJ	KON								
27009026	2	nach	ADP	APPR								
27009026	3	der	DET	ART					S		Acc	M
27009026	4	62	NUM	CARD								
27009026	5	Woche	NOUN	NN					P		Nom	F
27009026	6	werden	AUX	VAFIN		Fin	Pres	3	S	Ind		
27009026	7	der	DET	ART					S		Nom	M
27009026	8	Messias	NOUN	NN					P		Nom	M
27009026	9	weggetan	VERB	VVPP		Part						
27009026	10	werden	AUX	VAFIN		Fin	Pres	3	P	Ind		
27009026	11	und	CCONJ	KON								
27009026	12	nichts	PRON	PIS								N
27009026	13	haben	AUX	VAFIN		Fin	Pres	3	P	Ind		
27009026	14	und	CCONJ	KON								
27009026	15	der	DET	ART					S		Nom	N
27009026	16	Volk	NOUN	NN					S		Nom	N
27009026	17	der	DET	ART					S		Gen	M
27009026	18	kommend	ADJ	ADJA	Pos				S		Acc	M
27009026	19	Fürst	NOUN	NN					P		Nom	M
27009026	20	werden	AUX	VAFIN		Fin	Pres	3	S	Ind		
27009026	21	der	DET	ART					S		Nom	F
27009026	22	Stadt	NOUN	NN					S		Nom	F
27009026	23	und	CCONJ	KON								
27009026	24	der	DET	ART					S		Nom	N
27009026	25	Heiligtum	NOUN	NN					S		Nom	N
27009026	26	zerstören	VERB	VVINF		Inf						
27009026	27	und	CCONJ	KON								
27009026	28	der	DET	ART					S		Nom	N
27009026	29	Ende	NOUN	NN					S		Nom	N
27009026	30	davon	ADV	PROAV								
27009026	31	werden	AUX	VAFIN		Fin	Pres	3	S	Ind		
27009026	32	durch	ADP	APPR								
27009026	33	der	DET	ART					S		Nom	F
27009026	34	überströmend	ADJ	ADJA	Pos				S		Nom	F
27009026	35	Flut	NOUN	NN					S		Nom	F
27009026	36	sein	AUX	VAINF		Inf						
27009026	37	und	CCONJ	KON								
27009026	38	bis	CCONJ	KON								
27009026	39	an	ADP	APPRART					S		Acc	N
27009026	40	Ende	NOUN	NN					S		Nom	N
27009026	41	Krieg	NOUN	NN					S		Nom	M
27009026	42	Festbeschlossener	NOUN	NN					S		Nom	N
27009026	43	von	ADP	APPR								
27009026	44	Verwüstung	NOUN	NN					P		Nom	F
27009027	1	und	CCONJ	KON								
27009027	2	er	PRON	PPER				3	S		Nom	M
27009027	3	werden	AUX	VAFIN		Fin	Pres	3	S	Ind		
27009027	4	ein	DET	ART					S		Acc	M
27009027	5	fest	ADJ	ADJA	Pos				S		Acc	M
27009027	6	Bund	NOUN	NN					S		Nom	M
27009027	7	mit	ADP	APPR								
27009027	8	der	DET	ART					S		Acc	M
27009027	9	Viele	PRON	PIS					P		Dat	
27009027	10	schließen	VERB	VVINF		Inf						
27009027	11	für	ADP	APPR								
27009027	12	ein	DET	ART					S		Nom	F
27009027	13	Woche	NOUN	NN					S		Nom	F
27009027	14	und	CCONJ	KON								
27009027	15	zu	ADP	APPRART					S		Dat	F
27009027	16	Hälfte	NOUN	NN					S		Nom	F
27009027	17	der	DET	ART					S		Nom	M
27009027	18	Woche	NOUN	NN					S		Nom	F
27009027	19	werden	AUX	VAFIN		Fin	Pres	3	S	Ind		
27009027	20	er	PRON	PPER				3	S		Nom	M
27009027	21	Schlachtopfer	NOUN	NN					S		Nom	M
27009027	22	und	CCONJ	KON								
27009027	23	Speisopfer	NOUN	NN					P		Nom	N
27009027	24	aufhören	VERB	VVINF		Inf						
27009027	25	lassen	VERB	VVINF		Fin	Pres	3	P	Ind		
27009027	26	und	CCONJ	KON								
27009027	27	wegen	ADP	APPR								
27009027	28	der	DET	ART					S		Nom	M
27009027	29	Beschirmung	NOUN	NN					S		Nom	F
27009027	30	der	DET	ART					S		Nom	M
27009027	31	Greuel	NOUN	NN					S		Nom	M
27009027	32	werden	AUX	VAFIN		Fin	Pres	3	S	Ind		
27009027	33	ein	DET	ART					S		Nom	N
27009027	34	Verwüster	NOUN	NN					P		Nom	M
27009027	35	kommen	VERB	VVFIN		Fin	Pres	3	P	Ind		
27009027	36	und	CCONJ	KON								
27009027	37	zwar	ADV	ADV								
27009027	38	bis	CCONJ	KON								
27009027	39	Vernichtung	NOUN	NN					S		Nom	F
27009027	40	und	CCONJ	KON								
27009027	41	Festbeschlossener	NOUN	NN					S		Nom	N
27009027	42	über	ADP	APPR								
27009027	43	der	DET	ART					S		Nom	N
27009027	44	verwüstete	NOUN	NN					P		Nom	
27009027	45	ausgegossen	VERB	VVPP		Part						
27009027	46	werden	AUX	VAFIN		Fin	Pres	3	P	Ind		
27010001	1	in	ADP	APPRART					S		Dat	M
27010001	2	dritter	ADJ	ADJA	Pos				S		Acc	M
27010001	3	Jahr	NOUN	NN					P		Nom	N
27010001	4	Kores	PROPN	NE					S		Nom	M
27010001	5	der	DET	ART					S		Gen	M
27010001	6	König	PROPN	NE					S		Nom	
27010001	7	von	ADP	APPR								
27010001	8	Persien	PROPN	NE					S		Nom	N
27010001	9	werden	AUX	VAFIN		Fin	Past	3	S	Ind		
27010001	10	der	DET	ART					S		Dat	M
27010001	11	Daniel	PROPN	NE					S		Nom	M
27010001	12	welcher	PRON	PWAT					S		Nom	M
27010001	13	Beltsazar	NOUN	NN					S		Nom	M
27010001	14	nennen	VERB	VVPP		Part						
27010001	15	werden	AUX	VAFIN		Fin	Pres	3	S	Ind		
27010001	16	ein	DET	ART					S		Nom	F
27010001	17	Sache	NOUN	NN					S		Nom	F
27010001	18	offenbaren	VERB	VVPP		Part						
27010001	19	und	CCONJ	KON								
27010001	20	der	DET	ART					S		Nom	F
27010001	21	Sache	NOUN	NN					S		Nom	F
27010001	22	sein	AUX	VAFIN		Fin	Pres	3	S	Ind		
27010001	23	Wahrheit	NOUN	NN					S		Nom	F
27010001	24	und	CCONJ	KON								
27010001	25	betreffen	VERB	VVFIN		Fin	Pres	3	S	Ind		
27010001	26	ein	DET	ART					S		Nom	F
27010001	27	groß	ADJ	ADJA	Pos				S		Nom	F
27010001	28	Mühsal	NOUN	NN					S		Nom	F
27010001	29	und	CCONJ	KON								
27010001	30	er	PRON	PPER				3	S		Nom	M
27010001	31	verstehen	VERB	VVFIN		Fin	Past	3	S	Ind		
27010001	32	der	DET	ART					S		Nom	F
27010001	33	Sache	NOUN	NN					S		Nom	F
27010001	34	und	CCONJ	KON								
27010001	35	bekommen	VERB	VVFIN		Fin	Past	3	S	Ind		
27010001	36	Verständnis	NOUN	NN					S		Nom	N
27010001	37	über	ADP	APPR								
27010001	38	der	DET	ART					S		Nom	N
27010001	39	Gesicht	NOUN	NN					S		Nom	N
27010002	1	in	ADP	APPR								
27010002	2	selbig	ADJ	ADJA	Pos				S		Acc	M
27010002	3	Tag	NOUN	NN					P		Dat	M
27010002	4	trauern	VERB	VVFIN		Fin	Past	3	S	Ind		
27010002	5	ich	PRON	PPER				1	S		Nom	
27010002	6	Daniel	PROPN	NE					S		Nom	M
27010002	7	drei	NUM	CARD								
27010002	8	voll	ADJ	ADJA	Pos				S		Nom	F
27010002	9	Woche	NOUN	NN					P		Nom	F
27010003	1	köstliche	ADJ	ADJA	Pos				S		Nom	F
27010003	2	Speise	NOUN	NN					S		Nom	F
27010003	3	aß	VERB	VVFIN		Fin	Past	3	S	Ind		
27010003	4	ich	PRON	PPER				1	S		Nom	
27010003	5	nicht	PART	PTKNEG								
27010003	6	und	CCONJ	KON								
27010003	7	weder	CCONJ	KON								
27010003	8	Fleisch	NOUN	NN					S		Nom	N
27010003	9	noch	CCONJ	KON								
27010003	10	Wein	NOUN	NN					S		Nom	M
27010003	11	kommen	VERB	VVFIN		Fin	Past	3	S	Ind		
27010003	12	in	ADP	APPR								
27010003	13	meinen	VERB	VVFIN		Fin	Pres	3	P	Ind		
27010003	14	Mund	NOUN	NN					S		Nom	M
27010003	15	und	CCONJ	KON								
27010003	16	ich	PRON	PPER				1	S		Nom	
27010003	17	salben	VERB	VVFIN		Fin	Past	3	S	Ind		
27010003	18	mich	PRON	PPER				1	S		Acc	
27010003	19	nicht	PART	PTKNEG								
27010003	20	bis	CCONJ	KON								
27010003	21	drei	NUM	CARD								
27010003	22	voll	ADJ	ADJA	Pos				S		Nom	F
27010003	23	Woche	NOUN	NN					P		Nom	F
27010003	24	um	ADP	APPR								
27010003	25	sein	AUX	VAFIN		Fin	Past	3	P	Ind		
27010004	1	und	CCONJ	KON								
27010004	2	an	ADP	APPRART					S		Dat	M
27010004	3	24	NUM	CARD								
27010004	4	Tag	NOUN	NN					P		Nom	M
27010004	5	der	DET	ART					S		Gen	M
27010004	6	erster	ADJ	ADJA	Pos				S		Dat	M
27010004	7	Monat	NOUN	NN					S		Nom	M
27010004	8	da	ADV	ADV								
27010004	9	sein	AUX	VAFIN		Fin	Past	3	S	Ind		
27010004	10	ich	PRON	PPER				1	S		Nom	
27010004	11	an	ADP	APPRART					S		Dat	M
27010004	12	Ufer	NOUN	NN					S		Nom	N
27010004	13	der	DET	ART					S		Gen	M
27010004	14	groß	ADJ	ADJA	Pos				S		Acc	M
27010004	15	Strome	NOUN	NN					P		Nom	M
27010004	16	der	DET	ART					S		Nom	N
27010004	17	sein	AUX	VAFIN		Fin	Pres	3	S	Ind		
27010004	18	der	DET	ART					S		Nom	M
27010004	19	Hiddekel	NOUN	NN					S		Nom	M
27010005	1	und	CCONJ	KON								
27010005	2	ich	PRON	PPER				1	S		Nom	
27010005	3	erheben	VERB	VVFIN		Fin	Past	3	S	Ind		
27010005	4	mein	DET	PPOSAT					S		Nom	F
27010005	5	Auge	NOUN	NN					P		Nom	N
27010005	6	und	CCONJ	KON								
27010005	7	sehen	VERB	VVFIN		Fin	Past	3	S	Ind		
27010005	8	und	CCONJ	KON								
27010005	9	sehen	VERB	VVIMP				2	S	Imp		
27010005	10	da	ADV	ADV								
27010005	11	sein	AUX	VAFIN		Fin	Past	3	S	Ind		
27010005	12	ein	DET	ART					S		Nom	N
27010005	13	Mann	NOUN	NN					S		Nom	M
27010005	14	in	ADP	APPR								
27010005	15	Linne	NOUN	NN					P		Nom	F
27010005	16	kleiden	VERB	VVPP		Part						
27010005	17	und	CCONJ	KON								
27010005	18	sein	DET	PPOSAT					S		Nom	F
27010005	19	Lenden	NOUN	NN					P		Dat	
27010005	20	sein	AUX	VAFIN		Fin	Past	3	P	Ind		
27010005	21	umgürten	VERB	VVPP		Part						
27010005	22	mit	ADP	APPR								
27010005	23	Gold	NOUN	NN					S		Nom	N
27010005	24	von	ADP	APPR								
27010005	25	Upha	PROPN	NE					S		Nom	
27010006	1	und	CCONJ	KON								
27010006	2	sein	AUX	VAINF		Inf						
27010006	3	Leib	NOUN	NN					S		Nom	M
27010006	4	sein	AUX	VAFIN		Fin	Past	3	S	Ind		
27010006	5	wie	ADP	KOKOM								
27010006	6	ein	DET	ART					S		Nom	N
27010006	7	Chrysolith	PROPN	NE								
27010006	8	und	CCONJ	KON								
27010006	9	sein	AUX	VAINF		Inf						
27010006	10	Angesicht	NOUN	NN					S		Nom	F
27010006	11	wie	ADP	KOKOM								
27010006	12	der	DET	ART					S		Nom	N
27010006	13	Aussehen	NOUN	NN					S		Nom	N
27010006	14	der	DET	ART					S		Gen	M
27010006	15	Blitz	NOUN	NN					P		Nom	N
27010006	16	und	CCONJ	KON								
27010006	17	sein	DET	PPOSAT					S		Nom	F
27010006	18	Auge	NOUN	NN					P		Nom	N
27010006	19	wie	ADP	KOKOM								
27010006	20	Feuerfackel	NOUN	NN					P		Nom	N
27010006	21	und	CCONJ	KON								
27010006	22	sein	DET	PPOSAT					S		Nom	F
27010006	23	Arm	NOUN	NN					P		Nom	M
27010006	24	und	CCONJ	KON								
27010006	25	sein	DET	PPOSAT					S		Nom	F
27010006	26	Fuß	PROPN	NN					S		Nom	
27010006	27	wie	ADP	KOKOM								
27010006	28	der	DET	ART					S		Nom	M
27010006	29	Anblick	NOUN	NN					S		Nom	M
27010006	30	von	ADP	APPR								
27010006	31	leuchtendem	ADJ	ADJA	Pos				S		Dat	M
27010006	32	Erz	NOUN	NN					P		Nom	N
27010006	33	und	CCONJ	KON								
27010006	34	der	DET	ART					S		Nom	F
27010006	35	Stimme	NOUN	NN					S		Nom	F
27010006	36	sein	DET	PPOSAT					S		Dat	F
27010006	37	Wort	NOUN	NN					P		Nom	N
27010006	38	sein	AUX	VAFIN		Fin	Past	3	S	Ind		
27010006	39	wie	ADP	KOKOM								
27010006	40	der	DET	ART					S		Nom	F
27010006	41	Stimme	NOUN	NN					S		Nom	F
27010006	42	ein	PRON	ART					S		Nom	M
27010006	43	Menge	NOUN	NN					S		Nom	F
27010007	1	und	CCONJ	KON								
27010007	2	ich	PRON	PPER				1	S		Nom	
27010007	3	Daniel	PROPN	NE					S		Nom	M
27010007	4	allein	ADV	ADV								
27010007	5	sehen	VERB	VVFIN		Fin	Past	3	S	Ind		
27010007	6	der	DET	ART					S		Nom	N
27010007	7	Gesicht	NOUN	NN					S		Nom	N
27010007	8	der	DET	ART					S		Nom	F
27010007	9	Mann	NOUN	NN					P		Nom	M
27010007	10	aber	CCONJ	KON								
27010007	11	welcher	DET	PWAT					S		Nom	F
27010007	12	bei	ADP	APPR								
27010007	13	mir	PRON	PPER				1	S		Dat	
27010007	14	sein	AUX	VAFIN		Fin	Past	3	P	Ind		
27010007	15	sehen	VERB	VVFIN		Fin	Past	3	P	Ind		
27010007	16	der	DET	ART					S		Nom	N
27010007	17	Gesicht	NOUN	NN					S		Nom	N
27010007	18	nicht	PART	PTKNEG								
27010007	19	doch	CCONJ	KON								
27010007	20	fallen	VERB	VVFIN		Fin	Past	3	S	Ind		
27010007	21	ein	DET	ART					S		Nom	N
27010007	22	groß	ADJ	ADJA	Pos				S		Nom	M
27010007	23	Schrecken	NOUN	NN					S		Nom	M
27010007	24	auf	ADP	PTKVZ								
27010007	25	sie	PRON	PPER				3	P		Nom	
27010007	26	und	CCONJ	KON								
27010007	27	sie	PRON	PPER				3	P		Nom	
27010007	28	fliehen	VERB	VVFIN		Fin	Past	3	P	Ind		
27010007	29	und	CCONJ	KON								
27010007	30	verbergen	VERB	VVFIN		Fin	Past	3	P	Ind		
27010007	31	sich	PRON	PRF				3	S		Acc	
27010008	1	und	CCONJ	KON								
27010008	2	ich	PRON	PPER				1	S		Nom	
27010008	3	bleiben	VERB	VVFIN		Fin	Past	3	S	Ind		
27010008	4	allein	ADV	ADV								
27010008	5	übrig	ADP	PTKVZ								
27010008	6	und	CCONJ	KON								
27010008	7	sehen	VERB	VVFIN		Fin	Past	3	S	Ind		
27010008	8	dieser	DET	PDAT					S		Nom	N
27010008	9	groß	ADJ	ADJA	Pos				S		Nom	F
27010008	10	Gesicht	NOUN	NN					S		Nom	N
27010008	11	und	CCONJ	KON								
27010008	12	es	PRON	PPER				3	S		Nom	N
27010008	13	bleiben	VERB	VVFIN		Fin	Past	3	S	Ind		
27010008	14	kein	DET	PIAT					S		Nom	F
27010008	15	Kraft	NOUN	NN					S		Nom	F
27010008	16	in	ADP	APPR								
27010008	17	mir	PRON	PPER				1	S		Dat	
27010008	18	und	CCONJ	KON								
27010008	19	mein	DET	PPOSAT					S		Nom	F
27010008	20	Gesichtsfarbe	NOUN	NN					S		Nom	F
27010008	21	verwandeln	VERB	VVFIN		Fin	Past	3	S	Ind		
27010008	22	sich	PRON	PRF				3	S		Acc	
27010008	23	an	ADP	PTKVZ								
27010008	24	mir	PRON	PPER				1	S		Dat	
27010008	25	bis	CCONJ	KON								
27010008	26	zu	ADP	APPRART					S		Dat	F
27010008	27	Entstellung	NOUN	NN					S		Nom	F
27010008	28	und	CCONJ	KON								
27010008	29	ich	PRON	PPER				1	S		Nom	
27010008	30	behalten	VERB	VVFIN		Fin	Past	3	S	Ind		
27010008	31	kein	DET	PIAT					S		Nom	F
27010008	32	Kraft	NOUN	NN					S		Nom	F
27010009	1	und	CCONJ	KON								
27010009	2	ich	PRON	PPER				1	S		Nom	
27010009	3	hören	VERB	VVFIN		Fin	Past	3	S	Ind		
27010009	4	der	DET	ART					S		Nom	F
27010009	5	Stimme	NOUN	NN					S		Nom	F
27010009	6	sein	DET	PPOSAT					S		Dat	F
27010009	7	Wort	NOUN	NN					P		Nom	N
27010009	8	und	CCONJ	KON								
27010009	9	als	ADP	KOKOM								
27010009	10	ich	PRON	PPER				1	S		Nom	
27010009	11	der	DET	ART					S		Nom	F
27010009	12	Stimme	NOUN	NN					S		Nom	F
27010009	13	sein	DET	PPOSAT					S		Dat	F
27010009	14	Wort	NOUN	NN					P		Nom	N
27010009	15	hören	VERB	VVFIN		Fin	Past	3	S	Ind		
27010009	16	sinken	VERB	VVFIN		Fin	Past	3	S	Ind		
27010009	17	ich	PRON	PPER				1	S		Nom	
27010009	18	betäuben	VERB	VVPP		Part						
27010009	19	auf	ADP	PTKVZ								
27010009	20	mein	DET	PPOSAT					S		Nom	N
27010009	21	Angesicht	NOUN	NN					S		Nom	F
27010009	22	mit	ADP	APPR								
27010009	23	mein	DET	PPOSAT					S		Dat	M
27010009	24	Angesicht	NOUN	NN					S		Nom	F
27010009	25	zu	ADP	APPRART					S		Dat	F
27010009	26	Erde	NOUN	NN					S		Nom	F
27010010	1	und	CCONJ	KON								
27010010	2	sehen	VERB	VVIMP				2	S	Imp		
27010010	3	ein	DET	ART					S		Nom	F
27010010	4	Hand	NOUN	NN					S		Nom	F
27010010	5	rühren	VERB	VVFIN		Fin	Past	3	S	Ind		
27010010	6	mich	PRON	PPER				1	S		Acc	
27010010	7	an	ADP	PTKVZ								
27010010	8	und	CCONJ	KON								
27010010	9	machen	VERB	VVFIN		Fin	Past	3	S	Ind		
27010010	10	daß	SCONJ	KOUS								
27010010	11	ich	PRON	PPER				1	S		Nom	
27010010	12	auf	ADP	PTKVZ								
27010010	13	mein	DET	PPOSAT					S		Nom	F
27010010	14	Knie	NOUN	NN					S		Nom	N
27010010	15	und	CCONJ	KON								
27010010	16	Hand	NOUN	NN					P		Nom	F
27010010	17	emporwankte	VERB	VVFIN		Fin	Past	3	S	Sub		
27010011	1	und	CCONJ	KON								
27010011	2	er	PRON	PPER				3	S		Nom	M
27010011	3	sprechen	VERB	VVFIN		Fin	Past	3	S	Ind		
27010011	4	zu	ADP	PTKVZ								
27010011	5	mir	PRON	PPER				1	S		Dat	
27010011	6	Daniel	PROPN	NE					S		Nom	M
27010011	7	du	PRON	PPER				2	S		Nom	
27010011	8	vielgeliebt	ADJ	ADJD	Pos				S		Nom	M
27010011	9	Mann	NOUN	NN					S		Nom	M
27010011	10	merken	VERB	VVFIN		Fin	Pres	3	S	Sub		
27010011	11	auf	ADP	PTKVZ								
27010011	12	der	DET	ART					S		Nom	F
27010011	13	Wort	NOUN	NN					P		Nom	N
27010011	14	der	DET	ART					S		Nom	F
27010011	15	ich	PRON	PPER				1	S		Nom	
27010011	16	zu	ADP	PTKVZ								
27010011	17	dir	PRON	PPER				2	S		Dat	
27010011	18	Rede	VERB	VVFIN		Fin	Pres	3	S	Sub		
27010011	19	und	CCONJ	KON								
27010011	20	stehen	VERB	VVFIN		Fin	Pres	3	S	Sub		
27010011	21	auf	ADP	PTKVZ								
27010011	22	dein	DET	PPOSAT					S		Dat	F
27010011	23	Stelle	NOUN	NN					S		Nom	F
27010011	24	denn	CCONJ	KON								
27010011	25	ich	PRON	PPER				1	S		Nom	
27010011	26	sein	AUX	VAFIN		Fin	Pres	1	S	Ind		
27010011	27	jetzt	ADV	ADV								
27010011	28	zu	ADP	PTKVZ								
27010011	29	dir	PRON	PPER				2	S		Dat	
27010011	30	gesandt	VERB	VVPP		Part						
27010011	31	und	CCONJ	KON								
27010011	32	als	ADP	KOKOM								
27010011	33	er	PRON	PPER				3	S		Nom	M
27010011	34	dieser	DET	PDAT					S		Nom	N
27010011	35	Wort	NOUN	NN					S		Nom	N
27010011	36	zu	ADP	PTKVZ								
27010011	37	mir	PRON	PPER				1	S		Dat	
27010011	38	reden	VERB	VVFIN		Fin	Past	3	S	Ind		
27010011	39	stehen	VERB	VVFIN		Fin	Past	3	S	Ind		
27010011	40	ich	PRON	PPER				1	S		Nom	
27010011	41	zitternd	ADV	ADJD	Pos							
27010011	42	auf	ADP	PTKVZ								
27010012	1	und	CCONJ	KON								
27010012	2	er	PRON	PPER				3	S		Nom	M
27010012	3	sprechen	VERB	VVFIN		Fin	Past	3	S	Ind		
27010012	4	zu	ADP	PTKVZ								
27010012	5	mir	PRON	PPER				1	S		Dat	
27010012	6	Fürchte	VERB	NN		Fin	Pres	3	S	Sub		
27010012	7	dich	PRON	PPER				2	S		Acc	
27010012	8	nicht	PART	PTKNEG								
27010012	9	Daniel	PROPN	NE					S		Nom	M
27010012	10	denn	CCONJ	KON								
27010012	11	von	ADP	APPR								
27010012	12	der	DET	ART					S		Dat	M
27010012	13	erster	ADJ	ADJA	Pos				S		Dat	M
27010012	14	Tag	NOUN	NN					P		Nom	M
27010012	15	an	ADP	PTKVZ								
27010012	16	da	ADV	ADV								
27010012	17	du	PRON	PPER				2	S		Nom	
27010012	18	dein	DET	PPER					S		Nom	N
27010012	19	Herz	NOUN	NN					S		Nom	N
27010012	20	darauf	ADV	PROAV								
27010012	21	richten	VERB	VVPP		Part						
27010012	22	haben	AUX	VAFIN		Fin	Pres	2	S	Ind		
27010012	23	Verständnis	NOUN	NN					S		Nom	N
27010012	24	zu	ADP	PTKVZ								
27010012	25	erlangen	VERB	VVINF		Inf						
27010012	26	und	CCONJ	KON								
27010012	27	dich	PRON	PPER				2	S		Acc	
27010012	28	vor	ADP	APPR								
27010012	29	dein	DET	PPOSAT					S		Dat	M
27010012	30	Gott	NOUN	NN					S		Nom	M
27010012	31	zu	ADP	PTKVZ								
27010012	32	demütigen	VERB	VVINF		Inf						
27010012	33	sein	AUX	VAFIN		Fin	Pres	3	P	Ind		
27010012	34	dein	DET	PPOSAT					S		Nom	F
27010012	35	Wort	NOUN	NN					P		Nom	N
27010012	36	erhören	VERB	VVPP		Fin	Pres	3	S	Ind		
27010012	37	werden	AUX	VAPP		Part						
27010012	38	und	CCONJ	KON								
27010012	39	um	ADP	APPR								
27010012	40	dein	DET	PPOSAT					S		Dat	F
27010012	41	Wort	NOUN	NN					P		Nom	N
27010012	42	Wille	ADP	APZR								
27010012	43	sein	AUX	VAFIN		Fin	Pres	1	S	Ind		
27010012	44	ich	PRON	PPER				1	S		Nom	
27010012	45	kommen	VERB	VVPP		Part						
27010013	1	aber	CCONJ	KON								
27010013	2	der	DET	ART					S		Nom	M
27010013	3	Fürst	NOUN	NN					S		Nom	M
27010013	4	der	DET	ART					S		Gen	M
27010013	5	Königreich	NOUN	NN					S		Gen	N
27010013	6	Persien	PROPN	NE					S		Nom	N
27010013	7	stehen	VERB	VVFIN		Fin	Past	3	S	Ind		
27010013	8	mir	PRON	PPER				1	S		Dat	
27010013	9	21	NUM	CARD								
27010013	10	Tag	NOUN	NN					P		Nom	M
27010013	11	entgegen	ADP	PTKVZ								
27010013	12	und	CCONJ	KON								
27010013	13	sehen	VERB	VVIMP				2	S	Imp		
27010013	14	Michael	PROPN	NE					S		Nom	M
27010013	15	ein	PRON	ART					S		Nom	M
27010013	16	der	DET	ART					S		Nom	M
27010013	17	erster	ADJ	ADJA	Pos				S		Dat	M
27010013	18	Fürst	NOUN	NN					P		Nom	M
27010013	19	kommen	VERB	VVFIN		Fin	Past	3	S	Ind		
27010013	20	um	ADP	APPR								
27010013	21	mir	PRON	PPER				1	S		Dat	
27010013	22	zu	ADP	PTKVZ								
27010013	23	helfen	VERB	VVINF		Inf						
27010013	24	und	CCONJ	KON								
27010013	25	ich	PRON	PPER				1	S		Nom	
27010013	26	tragen	VERB	VVFIN		Fin	Past	3	S	Ind		
27010013	27	daselbst	ADV	PROAV								
27010013	28	der	DET	ART					S		Acc	M
27010013	29	Sieg	NOUN	NN					S		Nom	M
27010013	30	davon	ADV	PROAV								
27010013	31	bei	ADP	APPR								
27010013	32	der	DET	ART					S		Acc	M
27010013	33	König	NOUN	NN					P		Dat	M
27010013	34	von	ADP	APPR								
27010013	35	Persien	PROPN	NE					S		Nom	N
27010014	1	und	CCONJ	KON								
27010014	2	ich	PRON	PPER				1	S		Nom	
27010014	3	sein	AUX	VAFIN		Fin	Pres	1	S	Ind		
27010014	4	kommen	VERB	VVPP		Part						
27010014	5	um	ADP	APPR								
27010014	6	dich	PRON	PPER				2	S		Acc	
27010014	7	verstehen	VERB	VVINF		Inf						
27010014	8	zu	ADP	PTKVZ								
27010014	9	lassen	VERB	VVINF		Fin	Pres	3	P	Ind		
27010014	10	was	PRON	PWS					S		Nom	N
27010014	11	dein	DET	PPOSAT					S		Dat	M
27010014	12	Volke	NOUN	NN					S		Nom	M
27010014	13	an	ADP	APPRART					S		Dat	M
27010014	14	Ende	NOUN	NN					S		Nom	N
27010014	15	der	DET	ART					S		Nom	M
27010014	16	Tag	NOUN	NN					P		Nom	M
27010014	17	widerfahren	VERB	VVPP		Part						
27010014	18	werden	AUX	VAFIN		Fin	Pres	3	S	Ind		
27010014	19	denn	CCONJ	KON								
27010014	20	der	DET	ART					S		Nom	N
27010014	21	Gesicht	NOUN	NN					S		Nom	N
27010014	22	gehen	VERB	VVFIN		Fin	Pres	3	S	Ind		
27010014	23	noch	CCONJ	KON								
27010014	24	auf	ADP	PTKVZ								
27010014	25	fernen	ADJ	ADJA	Pos				S		Nom	F
27010014	26	Tag	NOUN	NN					P		Nom	M
27010015	1	und	CCONJ	KON								
27010015	2	als	ADP	KOKOM								
27010015	3	er	PRON	PPER				3	S		Nom	M
27010015	4	in	ADP	APPR								
27010015	5	dieser	PRON	PDAT					S		Nom	M
27010015	6	Weise	NOUN	NN					S		Nom	F
27010015	7	mit	ADP	APPR								
27010015	8	mir	PRON	PPER				1	S		Dat	
27010015	9	reden	VERB	VVFIN		Fin	Past	3	S	Ind		
27010015	10	richten	VERB	VVFIN		Fin	Past	3	S	Ind		
27010015	11	ich	PRON	PPER				1	S		Nom	
27010015	12	mein	DET	PPOSAT					S		Nom	N
27010015	13	Angesicht	NOUN	NN					S		Nom	F
27010015	14	zu	ADP	APPRART					S		Dat	F
27010015	15	Erde	NOUN	NN					S		Nom	F
27010015	16	und	CCONJ	KON								
27010015	17	verstummen	VERB	VVFIN		Fin	Past	3	S	Ind		
27010016	1	und	CCONJ	KON								
27010016	2	sehen	VERB	VVIMP				2	S	Imp		
27010016	3	ein	PRON	ART					S		Nom	M
27010016	4	der	DET	ART					S		Acc	M
27010016	5	Menschenkindern	NOUN	NN					P		Dat	M
27010016	6	gleich	ADV	ADV	Pos							
27010016	7	berührn	VERB	VVFIN		Fin	Past	3	S	Ind		
27010016	8	mein	DET	PPOSAT					S		Nom	F
27010016	9	Lippe	NOUN	NN					P		Nom	F
27010016	10	und	CCONJ	KON								
27010016	11	ich	PRON	PPER				1	S		Nom	
27010016	12	tun	VERB	VVFIN		Fin	Past	3	S	Ind		
27010016	13	meinen	VERB	VVFIN		Fin	Pres	3	P	Ind		
27010016	14	Mund	NOUN	NN					S		Nom	M
27010016	15	auf	ADP	PTKVZ								
27010016	16	und	CCONJ	KON								
27010016	17	reden	VERB	VVFIN		Fin	Past	3	S	Ind		
27010016	18	und	CCONJ	KON								
27010016	19	sprechen	VERB	VVFIN		Fin	Past	3	S	Ind		
27010016	20	zu	ADP	PTKVZ								
27010016	21	der	DET	ART					S		Dat	M
27010016	22	der	DET	ART					S		Nom	M
27010016	23	vor	ADP	APPR								
27010016	24	mir	PRON	PPER				1	S		Dat	
27010016	25	stehen	VERB	VVFIN		Fin	Past	3	S	Ind		
27010016	26	mein	PRON	PPOSAT				2	P		Nom	
27010016	27	Herr	NOUN	NN					S		Nom	M
27010016	28	wegen	ADP	APPR								
27010016	29	der	DET	ART					S		Gen	M
27010016	30	Gesicht	NOUN	NN					S		Gen	N
27010016	31	überfielen	VERB	VVFIN		Fin	Past	3	P	Ind		
27010016	32	mich	PRON	PPER				1	S		Acc	
27010016	33	der	DET	ART					S		Nom	F
27010016	34	Wehe	NOUN	NN					P		Nom	F
27010016	35	und	CCONJ	KON								
27010016	36	ich	PRON	PPER				1	S		Nom	
27010016	37	haben	AUX	VAFIN		Fin	Pres	3	S	Sub		
27010016	38	kein	DET	PIAT					S		Nom	F
27010016	39	Kraft	NOUN	NN					S		Nom	F
27010016	40	behalten	VERB	VVINF		Inf						
27010017	1	und	CCONJ	KON								
27010017	2	wie	ADP	KOKOM								
27010017	3	vermögen	VERB	VVFIN		Fin	Pres	3	S	Ind		
27010017	4	ein	DET	ART					S		Nom	N
27010017	5	Knecht	NOUN	NN					S		Nom	M
27010017	6	dieser	DET	PDAT					S		Nom	N
27010017	7	meiner	DET	PPOSAT					S		Gen	N
27010017	8	Herr	NOUN	NN					S		Acc	M
27010017	9	mit	ADP	APPR								
27010017	10	dieser	DET	PDAT					S		Dat	N
27010017	11	mein	DET	PPOSAT					S		Dat	M
27010017	12	Herr	NOUN	NN					S		Acc	M
27010017	13	zu	ADP	PTKVZ								
27010017	14	reden	VERB	VVINF		Inf						
27010017	15	und	CCONJ	KON								
27010017	16	ich	PRON	PPER				1	S		Nom	
27010017	18	von	ADP	APPR								
27010017	19	nun	ADV	ADV								
27010017	20	an	ADP	PTKVZ								
27010017	21	bleiben	VERB	VVFIN		Fin	Pres	3	S	Ind		
27010017	22	kein	DET	PIAT					S		Nom	F
27010017	23	Kraft	NOUN	NN					S		Nom	F
27010017	24	mehr	ADV	ADV								
27010017	25	in	ADP	APPR								
27010017	26	mir	PRON	PPER				1	S		Dat	
27010017	27	und	CCONJ	KON								
27010017	28	kein	DET	PIAT					S		Nom	N
27010017	29	Odem	NOUN	XY					S		Nom	M
27010017	30	sein	AUX	VAFIN		Fin	Pres	3	S	Ind		
27010017	31	in	ADP	APPR								
27010017	32	mir	PRON	PPER				1	S		Dat	
27010017	33	übrig	ADP	PTKVZ								
27010018	1	da	SCONJ	KOUS								
27010018	2	rühren	VERB	VVFIN		Fin	Past	3	S	Ind		
27010018	3	mich	PRON	PPER				1	S		Acc	
27010018	4	wiederum	ADV	ADV								
27010018	5	ein	PRON	ART					S		Nom	M
27010018	6	an	ADP	PTKVZ								
27010018	7	von	ADP	APPR								
27010018	8	Aussehen	NOUN	NN					S		Nom	N
27010018	9	wie	ADP	KOKOM								
27010018	10	ein	DET	ART					S		Nom	N
27010018	11	Mensch	NOUN	NN					S		Nom	M
27010018	12	und	CCONJ	KON								
27010018	13	stärken	VERB	VVFIN		Fin	Past	3	S	Ind		
27010018	14	mich	PRON	PPER				1	S		Acc	
27010019	1	und	CCONJ	KON								
27010019	2	er	PRON	PPER				3	S		Nom	M
27010019	3	sprechen	VERB	VVFIN		Fin	Past	3	S	Ind		
27010019	4	Fürchte	VERB	NN		Fin	Pres	3	S	Sub		
27010019	5	dich	PRON	PPER				2	S		Acc	
27010019	6	nicht	PART	PTKNEG								
27010019	7	du	PRON	PPER				2	S		Nom	
27010019	8	vielgeliebt	ADJ	ADJD	Pos				S		Nom	M
27010019	9	Mann	NOUN	NN					S		Nom	M
27010019	10	Friede	NOUN	NN					S		Nom	M
27010019	11	dir	PRON	PPER				2	S		Dat	
27010019	12	sein	AUX	VAFIN		Fin	Pres	3	S	Sub		
27010019	13	stark	ADV	ADJD	Pos							
27010019	14	ja	ADV	ADV								
27010019	15	sein	AUX	VAFIN		Fin	Pres	3	S	Sub		
27010019	16	stark	ADV	ADJD	Pos							
27010019	17	und	CCONJ	KON								
27010019	18	als	ADP	KOKOM								
27010019	19	er	PRON	PPER				3	S		Nom	M
27010019	20	mit	ADP	APPR								
27010019	21	mir	PRON	PPER				1	S		Dat	
27010019	22	reden	VERB	VVFIN		Fin	Past	3	S	Ind		
27010019	23	fühlen	VERB	VVFIN		Fin	Past	3	S	Ind		
27010019	24	ich	PRON	PPER				1	S		Nom	
27010019	25	mich	PRON	PPER				1	S		Acc	
27010019	26	stärken	VERB	VVPP		Part						
27010019	27	und	CCONJ	KON								
27010019	28	sprechen	VERB	VVFIN		Fin	Past	3	S	Ind		
27010019	29	mein	PRON	PPOSAT				2	P		Nom	
27010019	30	Herr	NOUN	NN					S		Nom	M
27010019	31	mögen	AUX	VMFIN		Fin	Pres	3	S	Sub		
27010019	32	reden	VERB	VVINF		Inf						
27010019	33	denn	CCONJ	KON								
27010019	34	du	PRON	PPER				2	S		Nom	
27010019	35	haben	AUX	VAFIN		Fin	Pres	2	S	Ind		
27010019	36	mich	PRON	PPER				1	S		Acc	
27010019	37	stärken	VERB	VVPP		Part						
27010020	1	da	SCONJ	KOUS								
27010020	2	sprechen	VERB	VVFIN		Fin	Past	3	S	Ind		
27010020	3	er	PRON	PPER				3	S		Nom	M
27010020	4	Weißt	VERB	VVFIN		Fin	Pres	2	S	Ind		
27010020	5	du	PRON	PPER				2	S		Nom	
27010020	6	warum	SCONJ	PWAV								
27010020	7	ich	PRON	PPER				1	S		Nom	
27010020	8	zu	ADP	PTKVZ								
27010020	9	dir	PRON	PPER				2	S		Dat	
27010020	10	kommen	VERB	VVPP		Part						
27010020	11	sein	AUX	VAFIN		Fin	Pres	1	S	Ind		
27010020	12	und	CCONJ	KON								
27010020	13	jetzt	ADV	ADV								
27010020	14	werden	AUX	VAFIN		Fin	Pres	3	S	Sub		
27010020	15	ich	PRON	PPER				1	S		Nom	
27010020	16	zurückkehren	VERB	VVINF		Inf						
27010020	17	um	ADP	APPR								
27010020	18	mit	ADP	APPR								
27010020	19	der	DET	ART					S		Dat	M
27010020	20	Fürst	NOUN	NN					P		Nom	M
27010020	21	von	ADP	APPR								
27010020	22	Persien	PROPN	NE					S		Nom	N
27010020	23	zu	ADP	PTKVZ								
27010020	24	streiten	VERB	VVINF		Inf						
27010020	25	aber	CCONJ	KON								
27010020	26	wenn	SCONJ	KOUS								
27010020	27	ich	PRON	PPER				1	S		Nom	
27010020	28	ausziehen	VERB	VVFIN		Fin	Pres	3	S	Sub		
27010020	29	sehen	VERB	VVIMP				2	S	Imp		
27010020	30	so	ADV	ADV								
27010020	31	werden	AUX	VAFIN		Fin	Pres	3	S	Ind		
27010020	32	der	DET	ART					S		Nom	M
27010020	33	Fürst	NOUN	NN					S		Nom	M
27010020	34	von	ADP	APPR								
27010020	35	Griechenland	PROPN	NE					S		Nom	N
27010020	36	kommen	VERB	VVFIN		Fin	Pres	3	P	Ind		
27010021	1	doch	CCONJ	KON								
27010021	2	wollen	AUX	VMFIN		Fin	Pres	3	S	Ind		
27010021	3	ich	PRON	PPER				1	S		Nom	
27010021	4	dir	PRON	PPER				2	S		Dat	
27010021	5	kundtun	VERB	VVINF		Inf						
27010021	6	was	PRON	PWS					S		Nom	N
27010021	7	in	ADP	APPR								
27010021	8	der	DET	ART					S		Dat	M
27010021	9	Buch	NOUN	NN					P		Nom	N
27010021	10	der	DET	ART					S		Nom	M
27010021	11	Wahrheit	NOUN	NN					S		Nom	F
27010021	12	verzeichnen	VERB	VVFIN		Fin	Pres	3	S	Ind		
27010021	13	sein	AUX	VAFIN		Fin	Pres	3	S	Ind		
27010021	14	und	CCONJ	KON								
27010021	15	es	PRON	PPER				3	S		Nom	N
27010021	16	sein	AUX	VAFIN		Fin	Pres	3	S	Ind		
27010021	17	kein	DET	PIAT					S		Nom	N
27010021	18	einzig	ADJ	ADJA	Pos				S		Nom	M
27010021	19	der	DET	ART					S		Nom	M
27010021	20	mir	PRON	PPER				1	S		Dat	
27010021	21	wider	ADP	PTKVZ								
27010021	22	jener	DET	PDAT					S		Nom	F
27010021	23	mutig	ADV	ADJD	Pos							
27010021	24	beistehen	VERB	VVFIN		Fin	Pres	3	S	Ind		
27010021	25	als	ADP	KOKOM								
27010021	26	nur	ADV	ADV								
27010021	27	Michael	PROPN	NE					S		Nom	M
27010021	28	euer	DET	PPOSAT					S		Nom	M
27010021	29	Fürst	NOUN	NN					S		Nom	M
27011001	1	und	CCONJ	KON								
27011001	2	auch	ADV	ADV								
27011001	3	ich	PRON	PPER				1	S		Nom	
27011001	4	stehen	VERB	VVFIN		Fin	Past	3	S	Ind		
27011001	5	in	ADP	APPRART					S		Dat	N
27011001	6	erster	ADJ	ADJA	Pos				S		Dat	M
27011001	7	Jahr	NOUN	NN					P		Nom	N
27011001	8	Darius	PROPN	NE					S		Nom	M
27011001	9	der	DET	ART					S		Gen	M
27011001	10	Meder	PROPN	NE					S		Gen	
27011001	11	ihm	PRON	PPER				3	S		Dat	M
27011001	12	bei	ADP	APPR								
27011001	13	als	ADP	KOKOM								
27011001	14	Helfer	NOUN	NN					S		Nom	M
27011001	15	und	CCONJ	KON								
27011001	16	Schutz	NOUN	NN					S		Nom	M
27011002	1	und	CCONJ	KON								
27011002	2	nun	ADV	ADV								
27011002	3	wollen	AUX	VMFIN		Fin	Pres	3	S	Ind		
27011002	4	ich	PRON	PPER				1	S		Nom	
27011002	5	dir	PRON	PPER				2	S		Dat	
27011002	6	der	DET	ART					S		Nom	F
27011002	7	Wahrheit	NOUN	NN					S		Nom	F
27011002	8	kundtun	VERB	VVINF		Inf						
27011002	9	sehen	VERB	VVIMP				2	S	Imp		
27011002	10	es	PRON	PPER				3	S		Nom	N
27011002	11	werden	AUX	VAFIN		Fin	Pres	3	P	Ind		
27011002	12	noch	CCONJ	KON								
27011002	13	drei	NUM	CARD								
27011002	14	König	NOUN	NN					P		Nom	M
27011002	15	in	ADP	APPR								
27011002	16	Persien	PROPN	NE					S		Nom	N
27011002	17	aufstehen	VERB	VVINF		Inf						
27011002	18	und	CCONJ	KON								
27011002	19	der	DET	ART					S		Nom	M
27011002	20	vierter	ADJ	ADJA	Pos				S		Nom	F
27011002	21	werden	AUX	VAFIN		Fin	Pres	3	S	Ind		
27011002	22	groß	ADJ	ADJA	Cmp				S		Gen	N
27011002	23	Reichtum	NOUN	NN					S		Nom	M
27011002	24	erlangen	VERB	VVINF		Inf						
27011002	25	als	ADP	KOKOM								
27011002	26	aller	PRON	PIS					P		Nom	
27011002	27	und	CCONJ	KON								
27011002	28	wenn	SCONJ	KOUS								
27011002	29	er	PRON	PPER				3	S		Nom	M
27011002	30	durch	ADP	APPR								
27011002	31	sein	DET	PPOSAT					S		Acc	M
27011002	32	Reichtum	NOUN	NN					S		Nom	M
27011002	33	stark	ADV	ADJD	Pos							
27011002	34	werden	AUX	VAPP		Part						
27011002	35	sein	AUX	VAFIN		Fin	Pres	3	S	Ind		
27011002	36	werden	AUX	VAFIN		Fin	Pres	3	S	Ind		
27011002	37	er	PRON	PPER				3	S		Nom	M
27011002	38	alle	PRON	PIS					S		Nom	N
27011002	39	gegen	ADP	APPR								
27011002	40	der	DET	ART					S		Nom	N
27011002	41	Königreich	NOUN	NN					S		Nom	N
27011002	42	Griechenland	PROPN	NE					S		Nom	N
27011002	43	aufregen	VERB	VVINF		Inf						
27011003	1	und	CCONJ	KON								
27011003	2	ein	DET	ART					S		Nom	N
27011003	3	tapfer	NOUN	ADJA					S		Nom	M
27011003	4	König	NOUN	NN					S		Nom	M
27011003	5	werden	AUX	VAFIN		Fin	Pres	3	S	Ind		
27011003	6	aufstehen	VERB	VVINF		Inf						
27011003	7	und	CCONJ	KON								
27011003	8	er	PRON	PPER				3	S		Nom	M
27011003	9	werden	AUX	VAFIN		Fin	Pres	3	S	Ind		
27011003	10	mit	ADP	APPR								
27011003	11	groß	ADJ	ADJA	Pos				S		Nom	M
27011003	12	Macht	NOUN	NN					S		Nom	F
27011003	13	herrschen	VERB	VVINF		Inf						
27011003	14	und	CCONJ	KON								
27011003	15	nach	ADP	APPR								
27011003	16	sein	DET	PPOSAT					S		Dat	M
27011003	17	Gutdünken	NOUN	NN					S		Nom	N
27011003	18	handeln	VERB	VVINF		Inf						
27011004	1	und	CCONJ	KON								
27011004	2	sobald	ADV	KOUS								
27011004	3	er	PRON	PPER				3	S		Nom	M
27011004	4	aufstehen	VERB	VVPP		Part						
27011004	5	sein	AUX	VAFIN		Fin	Pres	3	S	Ind		
27011004	6	werden	AUX	VAFIN		Fin	Pres	3	S	Ind		
27011004	7	sein	AUX	VAINF		Inf						
27011004	8	Reich	NOUN	NE					S		Nom	N
27011004	9	zertrümmeren	VERB	VVPP		Part						
27011004	10	und	CCONJ	KON								
27011004	11	nach	ADP	APPR								
27011004	12	der	DET	ART					S		Acc	M
27011004	13	vier	NUM	CARD								
27011004	14	Winde	NOUN	NN					P		Nom	F
27011004	15	der	DET	ART					S		Gen	M
27011004	16	Himmel	NOUN	NN					S		Gen	M
27011004	17	hin	ADV	ADV								
27011004	18	zerteilen	VERB	VVPP		Part						
27011004	19	werden	AUX	VAFIN		Fin	Pres	3	P	Ind		
27011004	20	aber	CCONJ	KON								
27011004	21	nicht	PART	PTKNEG								
27011004	22	für	ADP	APPR								
27011004	23	sein	DET	PPOSAT					S		Nom	F
27011004	24	Nachkomme	NOUN	NN					P		Nom	M
27011004	25	werden	AUX	VAFIN		Fin	Pres	3	S	Ind		
27011004	26	es	PRON	PPER				3	S		Nom	N
27011004	27	sein	AUX	VAINF		Inf						
27011004	28	und	CCONJ	KON								
27011004	29	nicht	PART	PTKNEG								
27011004	30	nach	ADP	APPR								
27011004	31	der	DET	ART					S		Nom	M
27011004	32	Macht	NOUN	NN					S		Nom	F
27011004	33	mit	ADP	APPR								
27011004	34	welcher	PRON	PWAT					S		Nom	M
27011004	35	er	PRON	PPER				3	S		Nom	M
27011004	36	herrschen	VERB	VVPP		Part						
27011004	37	haben	AUX	VAFIN		Fin	Pres	3	S	Ind		
27011004	38	denn	CCONJ	KON								
27011004	39	sein	AUX	VAINF		Inf						
27011004	40	Reich	NOUN	NE					S		Nom	N
27011004	41	werden	AUX	VAFIN		Fin	Pres	3	S	Ind		
27011004	42	zerstören	VERB	VVPP		Part						
27011004	43	und	CCONJ	KON								
27011004	44	anderer	PRON	PIS					P		Dat	
27011004	45	zuteil	ADV	PTKVZ								
27011004	46	werden	AUX	VAFIN		Fin	Pres	3	P	Ind		
27011004	47	mit	ADP	APPR								
27011004	48	Ausschluß	NOUN	NN					S		Nom	M
27011004	49	von	ADP	APPR								
27011004	50	jener	PRON	PDAT					P		Dat	
27011005	1	und	CCONJ	KON								
27011005	2	der	DET	ART					S		Nom	M
27011005	3	König	NOUN	NN					S		Nom	M
27011005	4	der	DET	ART					S		Gen	M
27011005	5	Süden	NOUN	NN					S		Gen	M
27011005	6	und	CCONJ	KON								
27011005	7	zwar	ADV	ADV								
27011005	8	ein	PRON	ART					S		Nom	M
27011005	9	von	ADP	APPR								
27011005	10	sein	DET	PPOSAT					S		Acc	M
27011005	11	oberer	ADJ	ADJA	Sup				S		Dat	F
27011005	12	werden	AUX	VAFIN		Fin	Pres	3	S	Ind		
27011005	13	stark	ADV	ADJD	Pos							
27011005	14	werden	AUX	VAFIN		Fin	Pres	3	P	Ind		
27011005	15	und	CCONJ	KON								
27011005	16	ein	PRON	ART					S		Nom	M
27011005	17	werden	AUX	VAFIN		Fin	Pres	3	S	Ind		
27011005	18	stark	ADV	ADJD	Pos							
27011005	19	werden	AUX	VAFIN		Fin	Pres	3	P	Ind		
27011005	20	über	ADP	APPR								
27011005	21	ihn	PRON	PPER				3	S		Acc	M
27011005	22	hinaus	ADP	APZR								
27011005	23	und	CCONJ	KON								
27011005	24	werden	AUX	VAFIN		Fin	Pres	3	S	Ind		
27011005	25	herrschen	VERB	VVINF		Inf						
27011005	26	sein	DET	PPOSAT					S		Nom	F
27011005	27	Herrschaft	NOUN	NN					S		Nom	F
27011005	28	werden	AUX	VAFIN		Fin	Pres	3	S	Ind		
27011005	29	ein	DET	ART					S		Nom	F
27011005	30	groß	ADJ	ADJA	Pos				S		Nom	F
27011005	31	Herrschaft	NOUN	NN					S		Nom	F
27011005	32	sein	AUX	VAINF		Inf						
27011006	1	und	CCONJ	KON								
27011006	2	nach	ADP	APPR								
27011006	3	Verlauf	NOUN	NN					S		Nom	M
27011006	4	von	ADP	APPR								
27011006	5	Jahr	NOUN	NN					P		Dat	N
27011006	6	werden	AUX	VAFIN		Fin	Pres	3	P	Ind		
27011006	7	sie	PRON	PPER				3	P		Nom	
27011006	8	sich	PRON	PRF				3	S		Acc	
27011006	9	verbünden	VERB	VVINF		Inf						
27011006	10	und	CCONJ	KON								
27011006	11	der	DET	ART					S		Nom	F
27011006	12	Tochter	NOUN	NN					S		Nom	F
27011006	13	der	DET	ART					S		Gen	M
27011006	14	König	PROPN	NE					S		Nom	
27011006	15	der	DET	ART					S		Gen	M
27011006	16	Süden	NOUN	NN					S		Gen	M
27011006	17	werden	AUX	VAFIN		Fin	Pres	3	S	Ind		
27011006	18	zu	ADP	PTKVZ								
27011006	19	der	DET	ART					S		Dat	M
27011006	20	König	NOUN	NN					S		Nom	M
27011006	21	der	DET	ART					S		Gen	M
27011006	22	Norden	PROPN	NE					S		Gen	N
27011006	23	kommen	VERB	VVFIN		Fin	Pres	3	P	Ind		
27011006	24	um	ADP	APPR								
27011006	25	ein	DET	ART					S		Acc	M
27011006	26	Ausgleich	NOUN	NN					S		Nom	M
27011006	27	zu	ADP	PTKVZ								
27011006	28	bewirken	VERB	VVINF		Inf						
27011006	29	aber	CCONJ	KON								
27011006	30	sie	PRON	PPER				3	P		Nom	
27011006	31	werden	AUX	VAFIN		Fin	Pres	3	S	Ind		
27011006	32	der	DET	ART					S		Nom	F
27011006	33	Kraft	NOUN	NN					S		Nom	F
27011006	34	der	DET	ART					S		Gen	M
27011006	35	arme	NOUN	NN					S		Nom	N
27011006	36	nicht	PART	PTKNEG								
27011006	37	behalten	VERB	VVINF		Inf						
27011006	38	und	CCONJ	KON								
27011006	39	er	PRON	PPER				3	S		Nom	M
27011006	40	werden	AUX	VAFIN		Fin	Pres	3	S	Ind		
27011006	41	nicht	PART	PTKNEG								
27011006	42	bestehen	VERB	VVFIN		Fin	Pres	3	P	Ind		
27011006	43	noch	CCONJ	KON								
27011006	44	sein	AUX	VAINF		Inf						
27011006	45	Arm	NOUN	XY					S		Nom	M
27011006	46	und	CCONJ	KON								
27011006	47	sie	PRON	PPER				3	P		Nom	
27011006	48	werden	AUX	VAFIN		Fin	Pres	3	S	Ind		
27011006	49	Ahingegeb	VERB	VVFIN		Fin	Past	3	P	Sub		
27011006	50	werden	AUX	VAFIN		Fin	Pres	3	P	Ind		
27011006	51	sie	PRON	PPER				3	P		Nom	
27011006	52	und	CCONJ	KON								
27011006	53	der	DET	ART					S		Nom	F
27011006	54	sie	PRON	PPER				3	P		Nom	
27011006	55	einführen	VERB	VVPP		Part						
27011006	56	haben	AUX	VAFIN		Fin	Pres	3	P	Ind		
27011006	57	und	CCONJ	KON								
27011006	58	der	DET	ART					S		Nom	M
27011006	59	sie	PRON	PPER				3	P		Nom	
27011006	60	zeugen	VERB	VVPP		Part						
27011006	61	und	CCONJ	KON								
27011006	62	der	DET	ART					S		Nom	M
27011006	63	sie	PRON	PPER				3	P		Nom	
27011006	64	in	ADP	APPR								
27011006	65	jener	PRON	PDAT					P		Dat	
27011006	66	Zeit	NOUN	NN					P		Nom	F
27011006	67	unterstützen	VERB	VVPP		Part						
27011006	68	haben	AUX	VAFIN		Fin	Pres	3	S	Ind		
27011007	1	doch	CCONJ	KON								
27011007	2	ein	PRON	ART					S		Nom	M
27011007	3	von	ADP	APPR								
27011007	4	der	DET	ART					S		Acc	M
27011007	5	schößlingen	NOUN	NN					P		Nom	F
27011007	6	ihr	DET	PPOSAT					S		Dat	F
27011007	7	Wurzel	NOUN	NN					P		Nom	F
27011007	8	werden	AUX	VAFIN		Fin	Pres	3	S	Ind		
27011007	9	an	ADP	PTKVZ								
27011007	10	sein	DET	PPOSAT					S		Dat	F
27011007	11	statt	SCONJ	KOUI								
27011007	12	aufstehen	VERB	VVINF		Inf						
27011007	13	und	CCONJ	KON								
27011007	14	er	PRON	PPER				3	S		Nom	M
27011007	15	werden	AUX	VAFIN		Fin	Pres	3	S	Ind		
27011007	16	gegen	ADP	APPR								
27011007	17	der	DET	ART					S		Nom	F
27011007	18	Heeresmacht	NOUN	NN					S		Nom	F
27011007	19	kommen	VERB	VVFIN		Fin	Pres	3	P	Ind		
27011007	20	und	CCONJ	KON								
27011007	21	werden	AUX	VAFIN		Fin	Pres	3	S	Ind		
27011007	22	in	ADP	APPR								
27011007	23	der	DET	ART					S		Nom	F
27011007	24	Festung	NOUN	NN					P		Nom	F
27011007	25	der	DET	ART					S		Gen	M
27011007	26	König	PROPN	NE					S		Nom	
27011007	27	der	DET	ART					S		Gen	M
27011007	28	Norden	PROPN	NE					S		Gen	N
27011007	29	eindringen	VERB	VVINF		Inf						
27011007	30	und	CCONJ	KON								
27011007	31	mit	ADP	APPR								
27011007	32	ihnen	PRON	PPER				3	P		Dat	
27011007	33	nach	ADP	APPR								
27011007	34	Gutdünken	NOUN	NN					S		Nom	N
27011007	35	Verfahren	NOUN	NN					S		Nom	N
27011007	36	und	CCONJ	KON								
27011007	37	werden	AUX	VAFIN		Fin	Pres	3	S	Ind		
27011007	38	siegen	VERB	VVFIN		Fin	Pres	3	P	Ind		
27011008	1	und	CCONJ	KON								
27011008	2	auch	ADV	ADV								
27011008	3	werden	AUX	VAFIN		Fin	Pres	3	S	Ind		
27011008	4	er	PRON	PPER				3	S		Nom	M
27011008	5	ihr	DET	PPOSAT					S		Nom	F
27011008	6	Götter	NOUN	NN					P		Nom	M
27011008	7	samt	ADP	APPR								
27011008	8	ihr	DET	PPOSAT					S		Acc	M
27011008	9	gegossen	ADJ	ADJA	Pos				S		Acc	M
27011008	10	Bild	NOUN	NN					P		Dat	N
27011008	11	samt	ADP	APPR								
27011008	12	ihr	DET	PPOSAT					S		Acc	M
27011008	13	kostbar	ADJ	ADJA	Pos				S		Acc	M
27011008	14	Gerät	NOUN	NN					P		Dat	N
27011008	15	Silber	NOUN	NN					S		Nom	N
27011008	16	und	CCONJ	KON								
27011008	17	Gold	NOUN	NN					S		Nom	N
27011008	18	nach	ADP	APPR								
27011008	19	Ägypten	PROPN	NE					S		Nom	N
27011008	20	in	ADP	APPR								
27011008	21	der	DET	ART					S		Nom	F
27011008	22	Gefangenschaft	NOUN	NN					S		Nom	F
27011008	23	führen	VERB	VVINF		Inf						
27011008	24	und	CCONJ	KON								
27011008	25	er	PRON	PPER				3	S		Nom	M
27011008	26	werden	AUX	VAFIN		Fin	Pres	3	S	Ind		
27011008	27	Jahr	NOUN	NN					P		Nom	N
27011008	28	lang	ADV	ADJD	Pos							
27011008	29	standhalten	VERB	VVFIN		Fin	Pres	3	P	Ind		
27011008	30	vor	ADP	APPR								
27011008	31	der	DET	ART					S		Dat	M
27011008	32	König	NOUN	NN					S		Nom	M
27011008	33	der	DET	ART					S		Gen	M
27011008	34	Norden	PROPN	NE					S		Gen	N
27011009	1	und	CCONJ	KON								
27011009	2	dieser	PRON	PDAT					S		Nom	M
27011009	3	werden	AUX	VAFIN		Fin	Pres	3	S	Ind		
27011009	4	in	ADP	APPR								
27011009	5	der	DET	ART					S		Nom	N
27011009	6	Reich	NOUN	NE					S		Nom	N
27011009	7	der	DET	ART					S		Gen	M
27011009	8	König	PROPN	NE					S		Nom	
27011009	9	der	DET	ART					S		Gen	M
27011009	10	Süden	NOUN	NN					S		Gen	M
27011009	11	kommen	VERB	VVFIN		Fin	Pres	3	P	Ind		
27011009	12	aber	CCONJ	KON								
27011009	13	in	ADP	APPR								
27011009	14	sein	AUX	VAINF		Inf						
27011009	15	Land	NOUN	NN					S		Nom	N
27011009	16	zurückkehren	VERB	VVINF		Inf						
27011010	1	aber	CCONJ	KON								
27011010	2	sein	DET	PPOSAT					S		Nom	F
27011010	3	Sohn	NOUN	NN					P		Nom	M
27011010	4	werden	AUX	VAFIN		Fin	Pres	3	P	Ind		
27011010	5	sich	PRON	PRF				3	S		Acc	
27011010	6	zu	ADP	APPRART					S		Dat	N
27011010	7	Krieg	NOUN	NN					P		Nom	M
27011010	8	rüsten	VERB	VVFIN		Fin	Pres	3	P	Ind		
27011010	9	und	CCONJ	KON								
27011010	10	ein	DET	ART					S		Nom	F
27011010	11	Menge	NOUN	NN					S		Nom	F
27011010	12	groß	ADJ	ADJA	Pos				S		Nom	M
27011010	13	Heer	NOUN	NN					P		Nom	M
27011010	14	zusammenbringen	VERB	VVINF		Inf						
27011010	15	und	CCONJ	KON								
27011010	16	ein	PRON	ART					S		Nom	M
27011010	17	werden	AUX	VAFIN		Fin	Pres	3	S	Ind		
27011010	18	kommen	VERB	VVFIN		Fin	Pres	3	P	Ind		
27011010	19	und	CCONJ	KON								
27011010	20	überschwemmen	VERB	VVINF		Inf						
27011010	21	und	CCONJ	KON								
27011010	22	überfluten	VERB	VVINF		Inf						
27011010	23	und	CCONJ	KON								
27011010	24	er	PRON	PPER				3	S		Nom	M
27011010	25	werden	AUX	VAFIN		Fin	Pres	3	S	Ind		
27011010	26	wiederkommen	VERB	VVINF		Inf						
27011010	27	und	CCONJ	KON								
27011010	28	sie	PRON	PPER				3	P		Nom	
27011010	29	werden	AUX	VAFIN		Fin	Pres	3	P	Ind		
27011010	30	Krieg	NOUN	NN					S		Nom	M
27011010	31	führen	VERB	VVINF		Inf						
27011010	32	bis	CCONJ	KON								
27011010	33	zu	ADP	PTKVZ								
27011010	34	sein	DET	PPOSAT					S		Dat	F
27011010	35	Festung	NOUN	NN					S		Nom	F
27011011	1	und	CCONJ	KON								
27011011	2	der	DET	ART					S		Nom	M
27011011	3	König	NOUN	NN					S		Nom	M
27011011	4	der	DET	ART					S		Gen	M
27011011	5	Süden	NOUN	NN					S		Gen	M
27011011	6	werden	AUX	VAFIN		Fin	Pres	3	S	Ind		
27011011	7	sich	PRON	PRF				3	S		Acc	
27011011	8	Erbitter	VERB	NN		Fin	Pres	3	P	Ind		
27011011	9	und	CCONJ	KON								
27011011	10	werden	AUX	VAFIN		Fin	Pres	3	S	Ind		
27011011	11	ausziehen	VERB	VVINF		Inf						
27011011	12	und	CCONJ	KON								
27011011	13	mit	ADP	APPR								
27011011	14	ihm	PRON	PPER				3	S		Dat	M
27011011	15	der	DET	ART					S		Dat	M
27011011	16	König	NOUN	NN					S		Nom	M
27011011	17	der	DET	ART					S		Gen	M
27011011	18	Norden	PROPN	NE					S		Gen	N
27011011	19	streiten	VERB	VVINF		Inf						
27011011	20	und	CCONJ	KON								
27011011	21	dieser	PRON	PDAT					S		Nom	M
27011011	22	werden	AUX	VAFIN		Fin	Pres	3	S	Ind		
27011011	23	ein	DET	ART					S		Nom	F
27011011	24	groß	ADJ	ADJA	Pos				S		Nom	F
27011011	25	Menge	NOUN	NN					S		Nom	F
27011011	26	aufstellen	VERB	VVINF		Inf						
27011011	27	aber	CCONJ	KON								
27011011	28	der	DET	ART					S		Nom	F
27011011	29	Menge	NOUN	NN					S		Nom	F
27011011	30	werden	AUX	VAFIN		Fin	Pres	3	S	Ind		
27011011	31	in	ADP	APPR								
27011011	32	sein	DET	PPOSAT					S		Nom	F
27011011	33	Hand	NOUN	NN					S		Nom	F
27011011	34	geben	VERB	VVPP		Part						
27011011	35	werden	AUX	VAFIN		Fin	Pres	3	P	Ind		
27011012	1	und	CCONJ	KON								
27011012	2	wie	ADP	KOKOM								
27011012	3	der	DET	ART					S		Nom	F
27011012	4	Menge	NOUN	NN					S		Nom	F
27011012	5	wegnehmen	VERB	VVPP		Part						
27011012	6	werden	AUX	VAFIN		Fin	Pres	3	S	Ind		
27011012	7	werden	AUX	VAFIN		Fin	Pres	3	S	Ind		
27011012	8	sein	AUX	VAINF		Inf						
27011012	9	Herz	NOUN	NN					S		Nom	N
27011012	10	sich	PRON	PRF				3	S		Acc	
27011012	11	erheben	VERB	VVINF		Fin	Pres	3	P	Ind		
27011012	12	und	CCONJ	KON								
27011012	13	er	PRON	PPER				3	S		Nom	M
27011012	14	werden	AUX	VAFIN		Fin	Pres	3	S	Ind		
27011012	15	Zehntausend	NOUN	NN					P		Nom	N
27011012	16	niederwerfen	VERB	VVINF		Inf						
27011012	17	aber	CCONJ	KON								
27011012	18	nicht	PART	PTKNEG								
27011012	19	zu	ADP	PTKVZ								
27011012	20	Macht	NOUN	NN					S		Nom	F
27011012	21	kommen	VERB	VVFIN		Fin	Pres	3	P	Ind		
27011013	1	und	CCONJ	KON								
27011013	2	der	DET	ART					S		Nom	M
27011013	3	König	NOUN	NN					S		Nom	M
27011013	4	der	DET	ART					S		Gen	M
27011013	5	Norden	PROPN	NE					S		Gen	N
27011013	6	werden	AUX	VAFIN		Fin	Pres	3	S	Ind		
27011013	7	wiederkommen	VERB	VVINF		Inf						
27011013	8	und	CCONJ	KON								
27011013	9	ein	DET	ART					S		Nom	F
27011013	10	Menge	NOUN	NN					S		Nom	F
27011013	11	aufstellen	VERB	VVINF		Inf						
27011013	12	groß	ADV	ADJD	Cmp							
27011013	13	als	ADP	KOKOM								
27011013	14	der	DET	ART					S		Nom	F
27011013	15	früh	ADJ	ADJA	Cmp				S		Nom	M
27011013	16	und	CCONJ	KON								
27011013	17	nach	ADP	APPR								
27011013	18	Verlauf	NOUN	NN					S		Nom	M
27011013	19	der	DET	ART					S		Nom	M
27011013	20	Zeit	NOUN	NN					P		Nom	F
27011013	21	von	ADP	APPR								
27011013	22	Jahr	NOUN	NN					P		Dat	N
27011013	23	werden	AUX	VAFIN		Fin	Pres	3	S	Ind		
27011013	24	er	PRON	PPER				3	S		Nom	M
27011013	25	mit	ADP	APPR								
27011013	26	ein	DET	ART					S		Dat	M
27011013	27	groß	ADJ	ADJA	Pos				S		Acc	M
27011013	28	Heer	NOUN	NN					P		Nom	M
27011013	29	und	CCONJ	KON								
27011013	30	mit	ADP	APPR								
27011013	31	groß	ADJ	ADJA	Pos				S		Nom	M
27011013	32	Ausrüstung	NOUN	NN					S		Nom	F
27011013	33	kommen	VERB	VVFIN		Fin	Pres	3	P	Ind		
27011014	1	und	CCONJ	KON								
27011014	2	in	ADP	APPR								
27011014	3	jener	PRON	PDAT					P		Dat	
27011014	4	Zeit	NOUN	NN					P		Nom	F
27011014	5	werden	AUX	VAFIN		Fin	Pres	3	P	Ind		
27011014	6	vieler	PRON	PIS					P		Nom	
27011014	7	aufstehen	VERB	VVINF		Inf						
27011014	8	gegen	ADP	APPR								
27011014	9	der	DET	ART					S		Acc	M
27011014	10	König	NOUN	NN					S		Nom	M
27011014	11	der	DET	ART					S		Gen	M
27011014	12	Süden	NOUN	NN					S		Gen	M
27011014	13	und	CCONJ	KON								
27011014	14	gewalttätige	NOUN	NN					P		Nom	
27011014	15	dein	DET	PPOSAT					S		Gen	N
27011014	16	Volk	NOUN	NN					S		Gen	N
27011014	17	werden	AUX	VAFIN		Fin	Pres	3	P	Ind		
27011014	18	sich	PRON	PRF				3	S		Acc	
27011014	19	erheben	VERB	VVINF		Fin	Pres	3	P	Ind		
27011014	20	um	ADP	APPR								
27011014	21	der	DET	ART					S		Nom	N
27011014	22	Gesicht	NOUN	NN					S		Nom	N
27011014	23	zu	ADP	PTKVZ								
27011014	24	erfüllen	VERB	VVINF		Inf						
27011014	25	und	CCONJ	KON								
27011014	26	werden	AUX	VAFIN		Fin	Pres	3	P	Ind		
27011014	27	zu	ADP	PTKVZ								
27011014	28	Fall	NOUN	NN					S		Nom	M
27011014	29	kommen	VERB	VVFIN		Fin	Pres	3	P	Ind		
27011015	1	und	CCONJ	KON								
27011015	2	der	DET	ART					S		Nom	M
27011015	3	König	NOUN	NN					S		Nom	M
27011015	4	der	DET	ART					S		Gen	M
27011015	5	Norden	PROPN	NE					S		Gen	N
27011015	6	werden	AUX	VAFIN		Fin	Pres	3	S	Ind		
27011015	7	kommen	VERB	VVFIN		Fin	Pres	3	P	Ind		
27011015	8	und	CCONJ	KON								
27011015	9	ein	DET	ART					S		Acc	M
27011015	10	Wall	PROPN	NE					S		Nom	
27011015	11	aufwerfen	VERB	VVFIN		Fin	Pres	3	P	Ind		
27011015	12	und	CCONJ	KON								
27011015	13	ein	DET	ART					S		Nom	F
27011015	14	befestigen	VERB	VVFIN		Fin	Past	3	S	Ind		
27011015	15	Stadt	NOUN	NN					S		Nom	F
27011015	16	einnehmen	VERB	VVINF		Inf						
27011015	17	und	CCONJ	KON								
27011015	18	der	DET	ART					S		Nom	F
27011015	19	Streitkraft	NOUN	NN					P		Nom	F
27011015	20	der	DET	ART					S		Gen	M
27011015	21	Süden	NOUN	NN					S		Gen	M
27011015	22	werden	AUX	VAFIN		Fin	Pres	3	P	Ind		
27011015	23	nicht	PART	PTKNEG								
27011015	24	standhalten	VERB	VVFIN		Fin	Pres	3	P	Ind		
27011015	25	selbst	ADV	ADV								
27011015	26	sein	AUX	VAINF		Inf						
27011015	27	auserlesenes	PROPN	NE					S		Nom	
27011015	28	Volk	NOUN	NN					S		Nom	N
27011015	29	werden	AUX	VAFIN		Fin	Pres	3	S	Ind		
27011015	30	kein	DET	PIAT					S		Nom	F
27011015	31	Kraft	NOUN	NN					S		Nom	F
27011015	32	haben	AUX	VAFIN		Fin	Pres	3	P	Ind		
27011015	33	um	ADP	APPR								
27011015	34	standzuhalen	VERB	VVFIN		Fin	Past	3	P	Ind		
27011016	1	und	CCONJ	KON								
27011016	2	der	DET	ART					S		Nom	M
27011016	3	welcher	PRON	PWAT					S		Nom	M
27011016	4	gegen	ADP	APPR								
27011016	5	ihn	PRON	PPER				3	S		Acc	M
27011016	6	kommen	VERB	VVPP		Part						
27011016	7	sein	AUX	VAFIN		Fin	Pres	3	S	Ind		
27011016	8	werden	AUX	VAFIN		Fin	Pres	3	S	Ind		
27011016	9	nach	ADP	APPR								
27011016	10	sein	DET	PPOSAT					S		Dat	M
27011016	11	Gutdünken	NOUN	NN					S		Nom	N
27011016	12	handeln	VERB	VVINF		Inf						
27011016	13	und	CCONJ	KON								
27011016	14	niemand	PRON	PIS					S		Nom	M
27011016	15	werden	AUX	VAFIN		Fin	Pres	3	S	Ind		
27011016	16	vor	ADP	APPR								
27011016	17	ihm	PRON	PPER				3	S		Dat	M
27011016	18	bestehen	VERB	VVFIN		Fin	Pres	3	P	Ind		
27011016	19	und	CCONJ	KON								
27011016	20	er	PRON	PPER				3	S		Nom	M
27011016	21	werden	AUX	VAFIN		Fin	Pres	3	S	Ind		
27011016	22	sein	DET	PPOSAT					S		Acc	M
27011016	23	Stand	NOUN	NN					S		Nom	M
27011016	24	nehmen	VERB	VVINF		Inf						
27011016	25	in	ADP	APPRART					S		Dat	N
27011016	26	Land	NOUN	NN					P		Nom	N
27011016	27	der	DET	ART					S		Nom	M
27011016	28	Zierde	NOUN	NN					S		Nom	F
27011016	29	und	CCONJ	KON								
27011016	30	Vertilgung	NOUN	NN					S		Nom	F
27011016	31	werden	AUX	VAFIN		Fin	Pres	3	S	Ind		
27011016	32	in	ADP	APPR								
27011016	33	sein	DET	PPOSAT					S		Dat	F
27011016	34	Hand	NOUN	NN					S		Nom	F
27011016	35	sein	AUX	VAINF		Inf						
27011017	1	und	CCONJ	KON								
27011017	2	er	PRON	PPER				3	S		Nom	M
27011017	3	werden	AUX	VAFIN		Fin	Pres	3	S	Ind		
27011017	4	sein	AUX	VAINF		Inf						
27011017	5	Angesicht	NOUN	NN					S		Nom	F
27011017	6	darauf	ADV	PROAV								
27011017	7	richten	VERB	VVFIN		Fin	Pres	3	P	Ind		
27011017	8	mit	ADP	APPR								
27011017	9	der	DET	ART					S		Nom	M
27011017	10	Macht	NOUN	NN					S		Nom	F
27011017	11	sein	DET	PPOSAT					S		Gen	M
27011017	12	ganz	PRON	ADJA					S		Nom	M
27011017	13	Reich	NOUN	NE					S		Nom	N
27011017	14	zu	ADP	PTKVZ								
27011017	15	kommen	VERB	VVFIN		Fin	Pres	3	P	Ind		
27011017	16	indem	SCONJ	KOUS								
27011017	17	er	PRON	PPER				3	S		Nom	M
27011017	18	ein	DET	ART					S		Acc	M
27011017	19	Ausgleich	NOUN	NN					S		Nom	M
27011017	20	in	ADP	APPRART					S		Dat	N
27011017	21	Sinn	NOUN	NN					S		Nom	M
27011017	22	haben	AUX	VAFIN		Fin	Pres	3	S	Ind		
27011017	23	und	CCONJ	KON								
27011017	24	er	PRON	PPER				3	S		Nom	M
27011017	25	werden	AUX	VAFIN		Fin	Pres	3	S	Ind		
27011017	26	ihn	PRON	PPER				3	S		Acc	M
27011017	27	bewirken	VERB	VVINF		Inf						
27011017	28	und	CCONJ	KON								
27011017	29	er	PRON	PPER				3	S		Nom	M
27011017	30	werden	AUX	VAFIN		Fin	Pres	3	S	Ind		
27011017	31	ihm	PRON	PPER				3	S		Dat	M
27011017	32	ein	DET	ART					S		Nom	F
27011017	33	Tochter	NOUN	NN					S		Nom	F
27011017	34	der	DET	ART					S		Nom	M
27011017	35	Weiber	NOUN	NN					P		Nom	M
27011017	36	geben	VERB	VVINF		Inf						
27011017	37	zu	ADP	PTKVZ								
27011017	38	ihr	DET	PPOSAT					S		Dat	N
27011017	39	verderben	NOUN	NN					S		Nom	N
27011017	40	und	CCONJ	KON								
27011017	41	sie	PRON	PPER				3	P		Nom	
27011017	42	werden	AUX	VAFIN		Fin	Pres	3	S	Ind		
27011017	43	nicht	PART	PTKNEG								
27011017	44	bestehen	VERB	VVFIN		Fin	Pres	3	P	Ind		
27011017	45	und	CCONJ	KON								
27011017	46	werden	AUX	VAFIN		Fin	Pres	3	S	Ind		
27011017	47	nichts	PRON	PIS								N
27011017	48	für	ADP	APPR								
27011017	49	ihn	PRON	PPER				3	S		Acc	M
27011017	50	sein	AUX	VAINF		Inf						
27011018	1	und	CCONJ	KON								
27011018	2	er	PRON	PPER				3	S		Nom	M
27011018	3	werden	AUX	VAFIN		Fin	Pres	3	S	Ind		
27011018	4	sein	AUX	VAINF		Inf						
27011018	5	Angesicht	NOUN	NN					S		Nom	F
27011018	6	nach	ADP	APPR								
27011018	7	der	DET	ART					S		Acc	M
27011018	8	Insel	NOUN	NN					P		Nom	F
27011018	9	hinwenden	VERB	VVFIN		Fin	Pres	3	P	Ind		
27011018	10	und	CCONJ	KON								
27011018	11	vieler	PRON	PIS					P		Nom	
27011018	12	einnehmen	VERB	VVINF		Inf						
27011018	13	aber	CCONJ	KON								
27011018	14	ein	DET	ART					S		Nom	N
27011018	15	Feldherr	NOUN	NN					S		Nom	M
27011018	16	werden	AUX	VAFIN		Fin	Pres	3	S	Ind		
27011018	17	sein	DET	PPOSAT					S		Dat	M
27011018	18	hohn	NOUN	NN					S		Nom	F
27011018	19	ein	DET	ART					S		Nom	N
27011018	20	Ende	NOUN	NN					S		Nom	N
27011018	21	machen	VERB	VVINF		Inf						
27011018	22	dazu	ADV	PROAV								
27011018	23	noch	CCONJ	KON								
27011018	24	sein	DET	PPOSAT					S		Acc	M
27011018	25	Hohn	NOUN	NN					S		Nom	M
27011018	26	ihm	PRON	PPER				3	S		Dat	M
27011018	27	zurückgeben	VERB	VVFIN		Inf						
27011019	1	und	CCONJ	KON								
27011019	2	er	PRON	PPER				3	S		Nom	M
27011019	3	werden	AUX	VAFIN		Fin	Pres	3	S	Ind		
27011019	4	sein	AUX	VAINF		Inf						
27011019	5	Angesicht	NOUN	NN					S		Nom	F
27011019	6	nach	ADP	APPR								
27011019	7	der	DET	ART					S		Acc	M
27011019	8	Festung	NOUN	NN					P		Nom	F
27011019	9	sein	DET	PPOSAT					S		Gen	M
27011019	10	Land	NOUN	NN					S		Gen	N
27011019	11	hinwenden	VERB	VVFIN		Fin	Pres	3	P	Ind		
27011019	12	und	CCONJ	KON								
27011019	13	werden	AUX	VAFIN		Fin	Pres	3	S	Ind		
27011019	14	straucheln	VERB	VVFIN		Fin	Pres	3	P	Ind		
27011019	15	und	CCONJ	KON								
27011019	16	fallen	VERB	VVFIN		Fin	Pres	3	P	Ind		
27011019	17	und	CCONJ	KON								
27011019	18	nicht	PART	PTKNEG								
27011019	19	mehr	ADV	ADV								
27011019	20	finden	VERB	VVPP		Part						
27011019	21	werden	AUX	VAFIN		Fin	Pres	3	P	Ind		
27011020	1	und	CCONJ	KON								
27011020	2	an	ADP	PTKVZ								
27011020	3	sein	DET	PPOSAT					S		Dat	F
27011020	4	statt	SCONJ	KOUI								
27011020	5	werden	AUX	VAFIN		Fin	Pres	3	S	Ind		
27011020	6	ein	PRON	ART					S		Nom	M
27011020	7	aufstehen	VERB	VVINF		Inf						
27011020	8	welcher	PRON	PWAT					S		Nom	M
27011020	9	ein	DET	ART					S		Acc	M
27011020	10	Eintreiber	NOUN	NN					S		Nom	F
27011020	11	der	DET	ART					S		Nom	M
27011020	12	Abgabe	NOUN	NN					P		Nom	F
27011020	13	durch	ADP	APPR								
27011020	14	der	DET	ART					S		Nom	F
27011020	15	Herrlichkeit	NOUN	NN					S		Nom	F
27011020	16	der	DET	ART					S		Gen	M
27011020	17	Reich	NOUN	NE					S		Nom	N
27011020	18	ziehen	VERB	VVINF		Inf						
27011020	19	lassen	VERB	VVFIN		Fin	Pres	3	S	Ind		
27011020	20	aber	CCONJ	KON								
27011020	21	in	ADP	APPR								
27011020	22	weniger	PRON	PIS					P		Nom	
27011020	23	Tag	NOUN	NN					P		Dat	M
27011020	24	werden	AUX	VAFIN		Fin	Pres	3	S	Ind		
27011020	25	er	PRON	PPER				3	S		Nom	M
27011020	26	zerschmetteren	VERB	VVPP		Part						
27011020	27	werden	AUX	VAFIN		Fin	Pres	3	P	Ind		
27011020	28	und	CCONJ	KON								
27011020	29	zwar	ADV	ADV								
27011020	30	weder	CCONJ	KON								
27011020	31	durch	ADP	APPR								
27011020	32	Zorn	NOUN	NN					S		Nom	M
27011020	33	noch	CCONJ	KON								
27011020	34	durch	ADP	APPR								
27011020	35	Krieg	NOUN	NN					S		Nom	M
27011021	1	und	CCONJ	KON								
27011021	2	an	ADP	PTKVZ								
27011021	3	sein	DET	PPOSAT					S		Dat	F
27011021	4	statt	SCONJ	KOUI								
27011021	5	werden	AUX	VAFIN		Fin	Pres	3	S	Ind		
27011021	6	ein	DET	ART					S		Nom	N
27011021	7	Verachteter	NOUN	NN					S		Nom	M
27011021	8	aufstehen	VERB	VVINF		Inf						
27011021	9	auf	ADP	PTKVZ								
27011021	10	der	DET	ART					S		Acc	M
27011021	11	man	PRON	PIS					S		Nom	
27011021	12	nicht	PART	PTKNEG								
27011021	13	der	DET	ART					S		Nom	F
27011021	14	werden	NOUN	VAFIN					S		Nom	F
27011021	15	der	DET	ART					S		Gen	M
27011021	16	Königtum	PROPN	NN					S		Gen	N
27011021	17	legen	VERB	VVINF		Inf						
27011021	18	werden	AUX	VAFIN		Fin	Pres	3	S	Ind		
27011021	19	und	CCONJ	KON								
27011021	20	er	PRON	PPER				3	S		Nom	M
27011021	21	werden	AUX	VAFIN		Fin	Pres	3	S	Ind		
27011021	22	unversehens	ADV	ADV								
27011021	23	kommen	VERB	VVFIN		Fin	Pres	3	P	Ind		
27011021	24	und	CCONJ	KON								
27011021	25	durch	ADP	APPR								
27011021	26	Schmeicheleie	NOUN	NN					P		Nom	F
27011021	27	sich	PRON	PRF				3	S		Acc	
27011021	28	der	DET	ART					S		Gen	M
27011021	29	Königtum	PROPN	NN					S		Gen	N
27011021	30	bemächtigen	VERB	VVINF		Inf						
27011022	1	und	CCONJ	KON								
27011022	2	der	DET	ART					S		Nom	F
27011022	3	überschwemmenden	VERB	VVPP		Part						
27011022	4	Streitkraft	NOUN	NN					P		Nom	F
27011022	5	werden	AUX	VAFIN		Fin	Pres	3	P	Ind		
27011022	6	vor	ADP	APPR								
27011022	7	ihm	PRON	PPER				3	S		Dat	M
27011022	8	überschwemmen	VERB	VVPP		Part						
27011022	9	und	CCONJ	KON								
27011022	10	zertrümmeren	VERB	VVPP		Part						
27011022	11	werden	AUX	VAFIN		Fin	Pres	3	P	Ind		
27011022	12	und	CCONJ	KON								
27011022	13	sogar	ADV	ADV								
27011022	14	ein	DET	ART					S		Nom	N
27011022	15	Fürst	NOUN	NN					S		Nom	M
27011022	16	der	DET	ART					S		Gen	M
27011022	17	Bund	NOUN	NN					S		Gen	M
27011023	1	denn	CCONJ	KON								
27011023	2	seitdem	ADV	PROAV								
27011023	3	er	PRON	PPER				3	S		Nom	M
27011023	4	sich	PRON	PRF				3	S		Acc	
27011023	5	mit	ADP	APPR								
27011023	6	ihm	PRON	PPER				3	S		Dat	M
27011023	7	verbünden	VERB	VVPP		Part						
27011023	8	haben	AUX	VAFIN		Fin	Pres	3	S	Ind		
27011023	9	werden	AUX	VAFIN		Fin	Pres	3	S	Ind		
27011023	10	er	PRON	PPER				3	S		Nom	M
27011023	11	Trug	NOUN	NN					S		Nom	M
27011023	12	üben	VERB	VVINF		Inf						
27011023	13	und	CCONJ	KON								
27011023	14	werden	AUX	VAFIN		Fin	Pres	3	S	Ind		
27011023	15	hinaufziehen	VERB	VVINF		Inf						
27011023	16	und	CCONJ	KON								
27011023	17	mit	ADP	APPR								
27011023	18	wenig	PRON	PIS								
27011023	19	Volk	NOUN	NN					S		Nom	N
27011023	20	Macht	NOUN	NN					S		Nom	F
27011023	21	gewinnen	VERB	VVINF		Inf						
27011024	1	Unversehens	PROPN	FM					S		Gen	
27011024	2	werden	AUX	VAFIN		Fin	Pres	3	S	Ind		
27011024	3	er	PRON	PPER				3	S		Nom	M
27011024	4	in	ADP	APPR								
27011024	5	der	DET	ART					S		Nom	F
27011024	6	fettesten	ADV	ADJA	Sup							
27011024	7	Gegend	NOUN	NN					P		Nom	F
27011024	8	der	DET	ART					S		Nom	M
27011024	9	Landschaft	NOUN	NN					S		Nom	F
27011024	10	eindringen	VERB	VVINF		Inf						
27011024	11	und	CCONJ	KON								
27011024	12	tun	VERB	VVINF		Inf						
27011024	13	was	PRON	PWS					S		Nom	N
27011024	14	weder	CCONJ	KON								
27011024	15	sein	DET	PPOSAT					S		Nom	F
27011024	16	Vater	NOUN	NN					P		Nom	M
27011024	17	noch	CCONJ	KON								
27011024	18	der	DET	ART					S		Nom	F
27011024	19	Vater	NOUN	NN					P		Nom	M
27011024	20	sein	DET	PPOSAT					S		Dat	F
27011024	21	Vater	NOUN	NN					P		Nom	M
27011024	22	tun	VERB	VVPP		Part						
27011024	23	haben	AUX	VAFIN		Fin	Pres	3	P	Ind		
27011024	24	Raub	NOUN	NN					S		Nom	M
27011024	25	und	CCONJ	KON								
27011024	26	Beute	NOUN	NN					S		Nom	F
27011024	27	und	CCONJ	KON								
27011024	28	gut	ADV	ADJD	Pos							
27011024	29	werden	AUX	VAFIN		Fin	Pres	3	S	Ind		
27011024	30	er	PRON	PPER				3	S		Nom	M
27011024	31	ihnen	PRON	PPER				3	P		Dat	
27011024	32	zerstreuen	VERB	VVINF		Inf						
27011024	33	und	CCONJ	KON								
27011024	34	wider	ADP	PTKVZ								
27011024	35	der	DET	ART					S		Nom	F
27011024	36	Festung	NOUN	NN					P		Nom	F
27011024	37	sein	DET	PPOSAT					S		Nom	F
27011024	38	Anschlag	NOUN	NN					P		Nom	M
27011024	39	Ersinnen	VERB	VVFIN		Fin	Pres	3	P	Ind		
27011024	40	und	CCONJ	KON								
27011024	41	zwar	ADV	ADV								
27011024	42	ein	DET	ART					S		Nom	F
27011024	43	Zeitlang	ADV	NN								
27011025	1	und	CCONJ	KON								
27011025	2	er	PRON	PPER				3	S		Nom	M
27011025	3	werden	AUX	VAFIN		Fin	Pres	3	S	Ind		
27011025	4	sein	DET	PPOSAT					S		Nom	F
27011025	5	Kraft	NOUN	NN					S		Nom	F
27011025	6	und	CCONJ	KON								
27011025	7	sein	DET	PPOSAT					S		Acc	M
27011025	8	Mut	NOUN	NN					S		Nom	M
27011025	9	wider	ADP	PTKVZ								
27011025	10	der	DET	ART					S		Acc	M
27011025	11	König	NOUN	NN					S		Nom	M
27011025	12	der	DET	ART					S		Gen	M
27011025	13	Süden	NOUN	NN					S		Gen	M
27011025	14	erwecken	VERB	VVFIN		Fin	Pres	3	P	Ind		
27011025	15	mit	ADP	APPR								
27011025	16	ein	DET	ART					S		Dat	M
27011025	17	groß	ADJ	ADJA	Pos				S		Acc	M
27011025	18	Heer	NOUN	NN					P		Nom	M
27011025	19	und	CCONJ	KON								
27011025	20	der	DET	ART					S		Nom	M
27011025	21	König	NOUN	NN					S		Nom	M
27011025	22	der	DET	ART					S		Gen	M
27011025	23	Süden	NOUN	NN					S		Gen	M
27011025	24	werden	AUX	VAFIN		Fin	Pres	3	S	Ind		
27011025	25	sich	PRON	PRF				3	S		Acc	
27011025	26	zu	ADP	APPRART					S		Dat	N
27011025	27	Krieg	NOUN	NN					P		Nom	M
27011025	28	rüsten	VERB	VVFIN		Fin	Pres	3	P	Ind		
27011025	29	mit	ADP	APPR								
27011025	30	ein	DET	ART					S		Dat	M
27011025	31	groß	ADJ	ADJA	Pos				S		Acc	M
27011025	32	und	CCONJ	KON								
27011025	33	überaus	ADV	ADV								
27011025	34	stark	ADJ	ADJA	Pos				S		Acc	M
27011025	35	Heer	NOUN	NN					P		Nom	M
27011025	36	aber	CCONJ	KON								
27011025	37	er	PRON	PPER				3	S		Nom	M
27011025	38	werden	AUX	VAFIN		Fin	Pres	3	S	Ind		
27011025	39	nicht	PART	PTKNEG								
27011025	40	bestehen	VERB	VVFIN		Fin	Pres	3	P	Ind		
27011025	41	denn	CCONJ	KON								
27011025	42	man	PRON	PIS					S		Nom	
27011025	43	werden	AUX	VAFIN		Fin	Pres	3	S	Ind		
27011025	44	Anschlag	NOUN	NN					P		Nom	M
27011025	45	wider	ADP	PTKVZ								
27011025	46	ihn	PRON	PPER				3	S		Acc	M
27011025	47	Ersinnen	VERB	VVFIN		Fin	Pres	3	P	Ind		
27011026	1	und	CCONJ	KON								
27011026	2	der	DET	ART					S		Nom	F
27011026	3	sein	DET	PPOSAT					S		Nom	F
27011026	4	Tafelkost	PROPN	NE					S		Nom	
27011026	5	essen	VERB	VVINF		Inf						
27011026	6	werden	AUX	VAFIN		Fin	Pres	3	P	Ind		
27011026	7	ihn	PRON	PPER				3	S		Acc	M
27011026	8	zerschmettern	VERB	VVINF		Inf						
27011026	9	und	CCONJ	KON								
27011026	10	sein	AUX	VAINF		Inf						
27011026	11	Heer	NOUN	NN					S		Nom	N
27011026	12	werden	AUX	VAFIN		Fin	Pres	3	S	Ind		
27011026	13	überschwemmen	VERB	VVINF		Inf						
27011026	14	und	CCONJ	KON								
27011026	15	vieler	PRON	PIS					P		Nom	
27011026	16	Erschlagene	NOUN	NN					S		Nom	F
27011026	17	werden	AUX	VAFIN		Fin	Pres	3	P	Ind		
27011026	18	fallen	VERB	VVFIN		Fin	Pres	3	P	Ind		
27011027	1	und	CCONJ	KON								
27011027	2	der	DET	ART					S		Nom	F
27011027	3	beide	PRON	PIAT					P		Nom	
27011027	4	König	NOUN	NN					P		Nom	M
27011027	5	ihr	DET	PPOSAT					S		Nom	F
27011027	6	Herz	NOUN	NN					S		Nom	N
27011027	7	werden	AUX	VAFIN		Fin	Pres	3	P	Ind		
27011027	8	auf	ADP	PTKVZ								
27011027	9	Bosheit	NOUN	NN					S		Nom	F
27011027	10	bedacht	ADV	ADJD	Pos							
27011027	11	sein	AUX	VAINF		Inf						
27011027	12	und	CCONJ	KON								
27011027	13	an	ADP	PTKVZ								
27011027	14	ein	DET	ART					S		Dat	M
27011027	15	Tisch	NOUN	NN					P		Nom	M
27011027	16	werden	AUX	VAFIN		Fin	Pres	3	P	Ind		
27011027	17	sie	PRON	PPER				3	P		Nom	
27011027	18	Lüge	NOUN	NN					P		Nom	F
27011027	19	reden	VERB	VVINF		Inf						
27011027	20	aber	CCONJ	KON								
27011027	21	es	PRON	PPER				3	S		Nom	N
27011027	22	werden	AUX	VAFIN		Fin	Pres	3	S	Ind		
27011027	23	nicht	PART	PTKNEG								
27011027	24	gelingen	VERB	VVINF		Inf						
27011027	25	denn	CCONJ	KON								
27011027	26	der	DET	ART					S		Nom	N
27011027	27	Ende	NOUN	NN					S		Nom	N
27011027	28	verziehen	VERB	VVFIN		Fin	Pres	3	S	Ind		
27011027	29	sich	PRON	PRF				3	S		Acc	
27011027	30	noch	CCONJ	KON								
27011027	31	bis	CCONJ	KON								
27011027	32	zu	ADP	APPRART					S		Dat	F
27011027	33	bestimmen	VERB	VVFIN		Fin	Past	3	P	Ind		
27011027	34	Zeit	NOUN	NN					S		Nom	F
27011028	1	und	CCONJ	KON								
27011028	2	er	PRON	PPER				3	S		Nom	M
27011028	3	werden	AUX	VAFIN		Fin	Pres	3	S	Ind		
27011028	4	mit	ADP	APPR								
27011028	5	groß	ADJ	ADJA	Pos				S		Dat	M
27011028	6	Reichtum	NOUN	NN					S		Nom	M
27011028	7	in	ADP	APPR								
27011028	8	sein	AUX	VAINF		Inf						
27011028	9	Land	NOUN	NN					S		Nom	N
27011028	10	zurückkehren	VERB	VVINF		Inf						
27011028	11	und	CCONJ	KON								
27011028	12	sein	AUX	VAINF		Inf						
27011028	13	Herz	NOUN	NN					S		Nom	N
27011028	14	werden	AUX	VAFIN		Fin	Pres	3	S	Ind		
27011028	15	wider	ADP	PTKVZ								
27011028	16	der	DET	ART					S		Acc	M
27011028	17	heilig	ADJ	ADJA	Pos				S		Acc	M
27011028	18	Bund	NOUN	NN					S		Nom	M
27011028	19	richten	VERB	VVPP		Part						
27011028	20	sein	AUX	VAINF		Inf						
27011028	21	und	CCONJ	KON								
27011028	22	er	PRON	PPER				3	S		Nom	M
27011028	23	werden	AUX	VAFIN		Fin	Pres	3	S	Ind		
27011028	24	handeln	VERB	VVINF		Inf						
27011028	25	und	CCONJ	KON								
27011028	26	in	ADP	APPR								
27011028	27	sein	AUX	VAINF		Inf						
27011028	28	Land	NOUN	NN					S		Nom	N
27011028	29	zurückkehren	VERB	VVINF		Inf						
27011029	1	zu	ADP	APPRART					S		Dat	F
27011029	2	bestimmen	VERB	VVFIN		Fin	Past	3	P	Ind		
27011029	3	Zeit	NOUN	NN					S		Nom	F
27011029	4	werden	AUX	VAFIN		Fin	Pres	3	S	Ind		
27011029	5	er	PRON	PPER				3	S		Nom	M
27011029	6	wiederkehren	VERB	VVINF		Inf						
27011029	7	und	CCONJ	KON								
27011029	8	gegen	ADP	APPR								
27011029	9	der	DET	ART					S		Acc	M
27011029	10	Süden	NOUN	NN					S		Nom	M
27011029	11	ziehen	VERB	VVINF		Inf						
27011029	12	aber	CCONJ	KON								
27011029	13	es	PRON	PPER				3	S		Nom	N
27011029	14	werden	AUX	VAFIN		Fin	Pres	3	S	Ind		
27011029	15	zuletzt	ADV	ADV								
27011029	16	nicht	PART	PTKNEG								
27011029	17	sein	AUX	VAINF		Inf						
27011029	18	wie	ADP	KOKOM								
27011029	19	in	ADP	APPRART					S		Dat	N
27011029	20	Anfang	NOUN	NN					S			M
27011030	1	denn	CCONJ	KON								
27011030	2	Schiff	NOUN	NN					P		Nom	N
27011030	3	von	ADP	APPR								
27011030	4	Kittim	PROPN	NE					S		Nom	
27011030	5	werden	AUX	VAFIN		Fin	Pres	3	P	Ind		
27011030	6	wider	ADP	PTKVZ								
27011030	7	ihn	PRON	PPER				3	S		Acc	M
27011030	8	kommen	VERB	VVFIN		Fin	Pres	3	P	Ind		
27011030	9	und	CCONJ	KON								
27011030	10	er	PRON	PPER				3	S		Nom	M
27011030	11	werden	AUX	VAFIN		Fin	Pres	3	S	Ind		
27011030	12	verzagen	VERB	VVINF		Inf						
27011030	13	und	CCONJ	KON								
27011030	14	umkehren	VERB	VVINF		Inf						
27011030	15	und	CCONJ	KON								
27011030	16	er	PRON	PPER				3	S		Nom	M
27011030	17	werden	AUX	VAFIN		Fin	Pres	3	S	Ind		
27011030	18	gegen	ADP	APPR								
27011030	19	der	DET	ART					S		Acc	M
27011030	20	heilig	ADJ	ADJA	Pos				S		Acc	M
27011030	21	Bund	NOUN	NN					S		Nom	M
27011030	22	Ergrimm	PROPN	NE					S		Nom	N
27011030	23	und	CCONJ	KON								
27011030	24	handeln	VERB	VVINF		Inf						
27011030	25	er	PRON	PPER				3	S		Nom	M
27011030	26	werden	AUX	VAFIN		Fin	Pres	3	S	Ind		
27011030	27	umkehren	VERB	VVINF		Inf						
27011030	28	und	CCONJ	KON								
27011030	29	sein	AUX	VAINF		Inf						
27011030	30	Augenmerk	NOUN	NN					S		Nom	N
27011030	31	auf	ADP	PTKVZ								
27011030	32	derjenige	PRON	PDS					P		Nom	
27011030	33	richten	VERB	VVFIN		Fin	Pres	3	P	Ind		
27011030	34	welcher	DET	PWAT					S		Nom	F
27011030	35	der	DET	ART					S		Acc	M
27011030	36	heilig	ADJ	ADJA	Pos				S		Acc	M
27011030	37	Bund	NOUN	NN					S		Nom	M
27011030	38	verlassen	VERB	VVINF		Inf						
27011031	1	und	CCONJ	KON								
27011031	2	Streitkraft	NOUN	NN					P		Nom	F
27011031	3	von	ADP	APPR								
27011031	4	ihm	PRON	PPER				3	S		Dat	M
27011031	5	werden	AUX	VAFIN		Fin	Pres	3	P	Ind		
27011031	6	dastehen	VERB	VVFIN		Fin	Pres	3	P	Ind		
27011031	7	und	CCONJ	KON								
27011031	8	sie	PRON	PPER				3	P		Nom	
27011031	9	werden	AUX	VAFIN		Fin	Pres	3	P	Ind		
27011031	10	der	DET	ART					S		Nom	N
27011031	11	Heiligtum	NOUN	NN					S		Nom	N
27011031	12	der	DET	ART					S		Nom	F
27011031	13	Fest	NOUN	NN					P		Nom	N
27011031	14	entweihen	VERB	VVINF		Inf						
27011031	15	und	CCONJ	KON								
27011031	16	werden	AUX	VAFIN		Fin	Pres	3	P	Ind		
27011031	17	der	DET	ART					S		Nom	N
27011031	18	beständig	ADJ	ADJA	Pos				S		Nom	F
27011031	19	Opfer	NOUN	NN					P		Nom	N
27011031	20	abschaffen	VERB	VVINF		Inf						
27011031	21	und	CCONJ	KON								
27011031	22	der	DET	ART					S		Acc	M
27011031	23	verwüstenden	VERB	VVINF		Inf						
27011031	24	Greuel	NOUN	NN					S		Nom	M
27011031	25	aufstellen	VERB	VVINF		Inf						
27011032	1	und	CCONJ	KON								
27011032	2	derjenige	PRON	PDS					P		Nom	
27011032	3	welcher	DET	PWAT					S		Nom	F
27011032	4	gottlos	ADV	ADJD	Pos							
27011032	5	handeln	VERB	VVINF		Inf						
27011032	6	gegen	ADP	APPR								
27011032	7	der	DET	ART					S		Acc	M
27011032	8	Bund	NOUN	NN					S		Nom	M
27011032	9	werden	AUX	VAFIN		Fin	Pres	3	S	Ind		
27011032	10	er	PRON	PPER				3	S		Nom	M
27011032	11	durch	ADP	APPR								
27011032	12	Schmeicheleie	NOUN	NN					P		Nom	F
27011032	13	zu	ADP	APPRART					S		Dat	N
27011032	14	Abfall	NOUN	NN					S		Nom	M
27011032	15	verleiten	VERB	VVINF		Inf						
27011032	16	aber	CCONJ	KON								
27011032	17	der	DET	ART					S		Nom	N
27011032	18	Volk	NOUN	NN					S		Nom	N
27011032	19	welcher	DET	PWAT					S		Acc	N
27011032	20	sein	DET	PPOSAT					S		Acc	M
27011032	21	Gott	NOUN	NN					S		Nom	M
27011032	22	kennen	VERB	VVFIN		Fin	Pres	3	S	Ind		
27011032	23	werden	AUX	VAFIN		Fin	Pres	3	S	Ind		
27011032	24	sich	PRON	PRF				3	S		Acc	
27011032	25	stark	ADV	ADJD	Pos							
27011032	26	erweisen	VERB	VVINF		Inf						
27011032	27	und	CCONJ	KON								
27011032	28	handeln	VERB	VVINF		Inf						
27011033	1	und	CCONJ	KON								
27011033	2	der	DET	ART					S		Nom	F
27011033	3	verständigen	VERB	VVINF		Inf						
27011033	4	der	DET	ART					S		Gen	M
27011033	5	Volk	NOUN	NN					S		Gen	N
27011033	6	werden	AUX	VAFIN		Fin	Pres	3	P	Ind		
27011033	7	der	DET	ART					S		Nom	F
27011033	8	Viele	PRON	PIS					P		Dat	
27011033	9	unterweisen	VERB	VVINF		Inf						
27011033	10	aber	CCONJ	KON								
27011033	11	sie	PRON	PPER				3	P		Nom	
27011033	12	werden	AUX	VAFIN		Fin	Pres	3	P	Ind		
27011033	13	fallen	VERB	VVFIN		Fin	Pres	3	P	Ind		
27011033	14	durch	ADP	APPR								
27011033	15	Schwert	NOUN	NN					S		Nom	N
27011033	16	und	CCONJ	KON								
27011033	17	Flamme	NOUN	NN					S		Nom	F
27011033	18	durch	ADP	APPR								
27011033	19	Gefangenschaft	NOUN	NN					S		Nom	F
27011033	20	und	CCONJ	KON								
27011033	21	Raub	NOUN	NN					S		Nom	M
27011033	22	ein	DET	ART					S		Nom	F
27011033	23	Zeitlang	ADV	NN								
27011034	1	und	CCONJ	KON								
27011034	2	wenn	SCONJ	KOUS								
27011034	3	sie	PRON	PPER				3	P		Nom	
27011034	4	fallen	VERB	VVFIN		Fin	Pres	3	P	Ind		
27011034	5	werden	AUX	VAFIN		Fin	Pres	3	S	Ind		
27011034	6	ihnen	PRON	PPER				3	P		Dat	
27011034	7	mit	ADP	APPR								
27011034	8	ein	PRON	ART					S		Nom	M
27011034	9	klein	ADJ	ADJA	Pos				S		Acc	M
27011034	10	Hülfe	NOUN	NN					S		Nom	F
27011034	11	helfen	VERB	VVPP		Part						
27011034	12	werden	AUX	VAFIN		Fin	Pres	3	P	Ind		
27011034	13	und	CCONJ	KON								
27011034	14	vieler	PRON	PIS					P		Nom	
27011034	15	werden	AUX	VAFIN		Fin	Pres	3	P	Ind		
27011034	16	sich	PRON	PRF				3	S		Acc	
27011034	17	ihnen	PRON	PPER				3	P		Dat	
27011034	18	mit	ADP	APPR								
27011034	19	Heuchelei	NOUN	NN					S		Nom	F
27011034	20	anschließen	VERB	VVINF		Inf						
27011035	1	und	CCONJ	KON								
27011035	2	von	ADP	APPR								
27011035	3	der	DET	ART					S		Acc	M
27011035	4	verständigen	VERB	VVINF		Inf						
27011035	5	werden	AUX	VAFIN		Fin	Pres	3	P	Ind		
27011035	6	einiger	PRON	PIS					P		Nom	
27011035	7	fallen	VERB	VVFIN		Fin	Pres	3	P	Ind		
27011035	8	um	ADP	APPR								
27011035	9	sie	PRON	PPER				3	P		Nom	
27011035	10	zu	ADP	PTKVZ								
27011035	11	läutern	VERB	VVINF		Inf						
27011035	12	und	CCONJ	KON								
27011035	13	zu	ADP	PTKVZ								
27011035	14	reinigen	VERB	VVINF		Inf						
27011035	15	und	CCONJ	KON								
27011035	16	wissen	VERB	VVFIN		Fin	Pres	3	S	Ind		
27011035	17	zu	ADP	PTKVZ								
27011035	18	machen	VERB	VVINF		Inf						
27011035	19	bis	CCONJ	KON								
27011035	20	zu	ADP	APPRART					S		Dat	F
27011035	21	Zeit	NOUN	NN					S		Nom	F
27011035	22	der	DET	ART					S		Gen	M
27011035	23	Ende	NOUN	NN					S		Gen	N
27011035	24	denn	CCONJ	KON								
27011035	25	es	PRON	PPER				3	S		Nom	N
27011035	26	verziehen	VERB	VVFIN		Fin	Pres	3	S	Ind		
27011035	27	sich	PRON	PRF				3	S		Acc	
27011035	28	noch	CCONJ	KON								
27011035	29	bis	CCONJ	KON								
27011035	30	zu	ADP	APPRART					S		Dat	F
27011035	31	bestimmen	VERB	VVFIN		Fin	Past	3	P	Ind		
27011035	32	Zeit	NOUN	NN					S		Nom	F
27011036	1	und	CCONJ	KON								
27011036	2	der	DET	ART					S		Nom	M
27011036	3	König	NOUN	NN					S		Nom	M
27011036	4	werden	AUX	VAFIN		Fin	Pres	3	S	Ind		
27011036	5	nach	ADP	APPR								
27011036	6	sein	DET	PPOSAT					S		Dat	M
27011036	7	Gutdünken	NOUN	NN					S		Nom	N
27011036	8	handeln	VERB	VVINF		Inf						
27011036	9	und	CCONJ	KON								
27011036	10	er	PRON	PPER				3	S		Nom	M
27011036	11	werden	AUX	VAFIN		Fin	Pres	3	S	Ind		
27011036	12	sich	PRON	PRF				3	S		Acc	
27011036	13	erheben	VERB	VVINF		Fin	Pres	3	P	Ind		
27011036	14	und	CCONJ	KON								
27011036	15	groß	ADV	ADJD	Pos							
27011036	16	machen	VERB	VVINF		Inf						
27011036	17	über	ADP	APPR								
27011036	18	jeder	DET	PIS					S		Acc	M
27011036	19	Gott	NOUN	NN					S		Nom	M
27011036	20	und	CCONJ	KON								
27011036	21	wider	ADP	PTKVZ								
27011036	22	der	DET	ART					S		Acc	M
27011036	23	Gott	NOUN	NN					S		Nom	M
27011036	24	der	DET	ART					S		Nom	M
27011036	25	Götter	NOUN	NN					P		Nom	M
27011036	26	werden	AUX	VAFIN		Fin	Pres	3	S	Ind		
27011036	27	er	PRON	PPER				3	S		Nom	M
27011036	28	Erstaunliches	ADJ	ADJA	Pos				S		Nom	N
27011036	29	reden	VERB	VVINF		Inf						
27011036	30	und	CCONJ	KON								
27011036	31	er	PRON	PPER				3	S		Nom	M
27011036	32	werden	AUX	VAFIN		Fin	Pres	3	S	Ind		
27011036	33	gelingen	NOUN	NN					S		Nom	N
27011036	34	haben	AUX	VAFIN		Fin	Pres	3	P	Ind		
27011036	35	bis	CCONJ	KON								
27011036	36	der	DET	ART					S		Nom	M
27011036	37	Zorn	NOUN	NN					S		Nom	M
27011036	38	vollenden	VERB	VVPP		Part						
27011036	39	sein	AUX	VAFIN		Fin	Pres	3	S	Ind		
27011036	40	denn	CCONJ	KON								
27011036	41	der	DET	ART					S		Nom	N
27011036	42	Festbeschlossen	NOUN	NN					P		Nom	M
27011036	43	werden	AUX	VAFIN		Fin	Pres	3	S	Ind		
27011036	44	vollziehen	VERB	VVPP		Part						
27011037	1	und	CCONJ	KON								
27011037	2	auf	ADP	PTKVZ								
27011037	3	der	DET	ART					S		Acc	M
27011037	4	Gott	NOUN	NN					S		Nom	M
27011037	5	sein	DET	PPOSAT					S		Dat	F
27011037	6	Vater	NOUN	NN					P		Nom	M
27011037	7	werden	AUX	VAFIN		Fin	Pres	3	S	Ind		
27011037	8	er	PRON	PPER				3	S		Nom	M
27011037	9	nicht	PART	PTKNEG								
27011037	10	achten	VERB	VVINF		Inf						
27011037	11	und	CCONJ	KON								
27011037	12	weder	CCONJ	KON								
27011037	13	auf	ADP	PTKVZ								
27011037	14	der	DET	ART					S		Nom	F
27011037	15	Sehnsucht	NOUN	NN					S		Nom	F
27011037	16	der	DET	ART					S		Nom	M
27011037	17	Weiber	NOUN	NN					P		Nom	M
27011037	18	noch	CCONJ	KON								
27011037	19	auf	ADP	PTKVZ								
27011037	20	irgend	ADV	ADV								
27011037	21	ein	DET	ART					S		Acc	M
27011037	22	Gott	NOUN	NN					S		Nom	M
27011037	23	werden	AUX	VAFIN		Fin	Pres	3	S	Ind		
27011037	24	er	PRON	PPER				3	S		Nom	M
27011037	25	achten	VERB	VVINF		Inf						
27011037	26	sondern	CCONJ	KON								
27011037	27	er	PRON	PPER				3	S		Nom	M
27011037	28	werden	AUX	VAFIN		Fin	Pres	3	S	Ind		
27011037	29	sich	PRON	PRF				3	S		Acc	
27011037	30	über	ADP	APPR								
27011037	31	alle	PRON	PIS					S		Nom	N
27011037	32	erheben	VERB	VVINF		Fin	Pres	3	P	Ind		
27011038	1	und	CCONJ	KON								
27011038	2	an	ADP	PTKVZ								
27011038	3	der	PRON	PDS					S		Gen	
27011038	4	statt	SCONJ	KOUI								
27011038	5	werden	AUX	VAFIN		Fin	Pres	3	S	Ind		
27011038	6	er	PRON	PPER				3	S		Nom	M
27011038	7	der	DET	ART					S		Acc	M
27011038	8	Gott	NOUN	NN					S		Nom	M
27011038	9	der	DET	ART					S		Nom	M
27011038	10	Festung	NOUN	NN					P		Nom	F
27011038	11	ehren	VERB	VVFIN		Fin	Pres	3	P	Ind		
27011038	12	der	DET	ART					S		Acc	M
27011038	13	Gott	NOUN	NN					S		Nom	M
27011038	14	der	DET	ART					S		Acc	M
27011038	15	sein	DET	PPOSAT					S		Nom	F
27011038	16	Vater	NOUN	NN					P		Nom	M
27011038	17	nicht	PART	PTKNEG								
27011038	18	kennen	VERB	VVPP		Part						
27011038	19	haben	AUX	VAFIN		Fin	Pres	3	P	Ind		
27011038	20	werden	AUX	VAFIN		Fin	Pres	3	S	Ind		
27011038	21	er	PRON	PPER				3	S		Nom	M
27011038	22	ehren	VERB	VVFIN		Fin	Pres	3	P	Ind		
27011038	23	mit	ADP	APPR								
27011038	24	Gold	NOUN	NN					S		Nom	N
27011038	25	und	CCONJ	KON								
27011038	26	mit	ADP	APPR								
27011038	27	Silber	NOUN	NN					S		Nom	N
27011038	28	und	CCONJ	KON								
27011038	29	mit	ADP	APPR								
27011038	30	Edelsteine	NOUN	NN					P		Dat	N
27011038	31	und	CCONJ	KON								
27011038	32	mit	ADP	APPR								
27011038	33	Kleinodium	NOUN	NN					P		Nom	F
27011039	1	und	CCONJ	KON								
27011039	2	er	PRON	PPER				3	S		Nom	M
27011039	3	werden	AUX	VAFIN		Fin	Pres	3	S	Ind		
27011039	4	gegen	ADP	APPR								
27011039	5	der	DET	ART					S		Nom	F
27011039	6	stark	ADJ	ADJA	Pos				S		Acc	M
27011039	7	Festung	NOUN	NN					P		Nom	F
27011039	8	so	ADV	ADV								
27011039	9	Verfahren	NOUN	NN					S		Nom	N
27011039	10	mit	ADP	APPR								
27011039	11	der	DET	ART					S		Dat	M
27011039	12	fremd	ADJ	ADJA	Pos				S		Acc	M
27011039	13	Gott	NOUN	NN					S		Nom	M
27011039	14	wer	PRON	PWS					S		Nom	M
27011039	15	ihm	PRON	PPER				3	S		Dat	M
27011039	16	Anerkennung	NOUN	NN					S		Nom	F
27011039	17	zollen	VERB	VVFIN		Fin	Pres	3	S	Ind		
27011039	18	der	DET	ART					S		Dat	M
27011039	19	werden	AUX	VAFIN		Fin	Pres	3	S	Ind		
27011039	20	er	PRON	PPER				3	S		Nom	M
27011039	21	viel	PRON	PIS								
27011039	22	Ehre	NOUN	NN					S		Nom	F
27011039	23	erweisen	VERB	VVINF		Inf						
27011039	24	und	CCONJ	KON								
27011039	25	er	PRON	PPER				3	S		Nom	M
27011039	26	werden	AUX	VAFIN		Fin	Pres	3	S	Ind		
27011039	27	ihm	PRON	PPER				3	S		Dat	M
27011039	28	Herrschaft	NOUN	NN					S		Nom	F
27011039	29	verleihen	VERB	VVINF		Inf						
27011039	30	über	ADP	APPR								
27011039	31	der	DET	ART					S		Nom	F
27011039	32	Viele	PRON	PIS					P		Dat	
27011039	33	und	CCONJ	KON								
27011039	34	der	DET	ART					S		Nom	N
27011039	35	Land	NOUN	NN					S		Nom	N
27011039	36	austeilen	VERB	VVINF		Inf						
27011039	37	zu	ADP	APPRART					S		Dat	N
27011039	38	Lohne	PROPN	NE					S		Nom	N
27011040	1	und	CCONJ	KON								
27011040	2	zu	ADP	APPRART					S		Dat	F
27011040	3	Zeit	NOUN	NN					S		Nom	F
27011040	4	der	DET	ART					S		Gen	M
27011040	5	Ende	NOUN	NN					S		Gen	N
27011040	6	werden	AUX	VAFIN		Fin	Pres	3	S	Ind		
27011040	7	der	DET	ART					S		Nom	M
27011040	8	König	NOUN	NN					S		Nom	M
27011040	9	der	DET	ART					S		Gen	M
27011040	10	Süden	NOUN	NN					S		Gen	M
27011040	11	mit	ADP	APPR								
27011040	12	ihm	PRON	PPER				3	S		Dat	M
27011040	13	zusammenstoßen	VERB	VVINF		Inf						
27011040	14	und	CCONJ	KON								
27011040	15	der	DET	ART					S		Nom	M
27011040	16	König	NOUN	NN					S		Nom	M
27011040	17	der	DET	ART					S		Gen	M
27011040	18	Norden	PROPN	NE					S		Gen	N
27011040	19	werden	AUX	VAFIN		Fin	Pres	3	S	Ind		
27011040	20	gegen	ADP	APPR								
27011040	21	ihn	PRON	PPER				3	S		Acc	M
27011040	22	Anstürmen	PROPN	VVIZU					S		Nom	N
27011040	23	mit	ADP	APPR								
27011040	24	Wagen	NOUN	NN					S		Nom	M
27011040	25	und	CCONJ	KON								
27011040	26	mit	ADP	APPR								
27011040	27	Reiter	NOUN	NN					P		Dat	M
27011040	28	und	CCONJ	KON								
27011040	29	mit	ADP	APPR								
27011040	30	vieler	PRON	PIS					P		Dat	N
27011040	31	Schiff	NOUN	NN					P		Dat	N
27011040	32	und	CCONJ	KON								
27011040	33	er	PRON	PPER				3	S		Nom	M
27011040	34	werden	AUX	VAFIN		Fin	Pres	3	S	Ind		
27011040	35	in	ADP	APPR								
27011040	36	der	DET	ART					S		Nom	F
27011040	37	Land	NOUN	NN					P		Nom	N
27011040	38	eindringen	VERB	VVINF		Inf						
27011040	39	und	CCONJ	KON								
27011040	40	werden	AUX	VAFIN		Fin	Pres	3	S	Ind		
27011040	41	sie	PRON	PPER				3	P		Nom	
27011040	42	überschwemmen	VERB	VVINF		Inf						
27011040	43	und	CCONJ	KON								
27011040	44	überfluten	VERB	VVINF		Inf						
27011041	1	und	CCONJ	KON								
27011041	2	er	PRON	PPER				3	S		Nom	M
27011041	3	werden	AUX	VAFIN		Fin	Pres	3	S	Ind		
27011041	4	eindringen	VERB	VVINF		Inf						
27011041	5	in	ADP	APPR								
27011041	6	der	DET	ART					S		Nom	N
27011041	7	Land	NOUN	NN					S		Nom	N
27011041	8	der	DET	ART					S		Nom	M
27011041	9	Zierde	NOUN	NN					S		Nom	F
27011041	10	und	CCONJ	KON								
27011041	11	vieler	PRON	PIS					P		Nom	
27011041	12	Land	NOUN	NN					P		Nom	N
27011041	13	werden	AUX	VAFIN		Fin	Pres	3	P	Ind		
27011041	14	zu	ADP	PTKVZ								
27011041	15	Fall	NOUN	NN					S		Nom	M
27011041	16	kommen	VERB	VVFIN		Fin	Pres	3	P	Ind		
27011041	17	dieser	DET	PDAT					S		Nom	F
27011041	18	aber	CCONJ	KON								
27011041	19	werden	AUX	VAFIN		Fin	Pres	3	P	Ind		
27011041	20	sein	DET	PPOSAT					S		Dat	F
27011041	21	Hand	NOUN	NN					S		Nom	F
27011041	22	entrinnen	VERB	VVINF		Inf						
27011041	23	Edom	PROPN	NE					S		Nom	
27011041	24	und	CCONJ	KON								
27011041	25	Moab	PROPN	NE					S		Nom	
27011041	26	und	CCONJ	KON								
27011041	27	der	DET	ART					S		Nom	F
27011041	28	Vornehmste	NOUN	NN					P		Nom	F
27011041	29	der	DET	ART					S		Nom	M
27011041	30	Kind	NOUN	NN					P		Nom	N
27011041	31	Ammon	PROPN	NE					S		Nom	
27011042	1	und	CCONJ	KON								
27011042	2	er	PRON	PPER				3	S		Nom	M
27011042	3	werden	AUX	VAFIN		Fin	Pres	3	S	Ind		
27011042	4	sein	DET	PPOSAT					S		Nom	F
27011042	5	Hand	NOUN	NN					S		Nom	F
27011042	6	an	ADP	PTKVZ								
27011042	7	der	DET	ART					S		Nom	F
27011042	8	Land	NOUN	NN					P		Nom	N
27011042	9	legen	VERB	VVINF		Inf						
27011042	10	und	CCONJ	KON								
27011042	11	der	DET	ART					S		Nom	N
27011042	12	Land	NOUN	NN					S		Nom	N
27011042	13	Ägypten	PROPN	NE					S		Nom	N
27011042	14	werden	AUX	VAFIN		Fin	Pres	3	S	Ind		
27011042	15	nicht	PART	PTKNEG								
27011042	16	entrinnen	VERB	VVINF		Inf						
27011043	1	und	CCONJ	KON								
27011043	2	er	PRON	PPER				3	S		Nom	M
27011043	3	werden	AUX	VAFIN		Fin	Pres	3	S	Ind		
27011043	4	der	DET	ART					S		Nom	F
27011043	5	Schatz	NOUN	NN					P		Nom	M
27011043	6	an	ADP	PTKVZ								
27011043	7	Gold	NOUN	NN					S		Nom	N
27011043	8	und	CCONJ	KON								
27011043	9	Silber	NOUN	NN					S		Nom	N
27011043	10	und	CCONJ	KON								
27011043	11	aller	PRON	PIS					P		Nom	
27011043	12	Kostbarkeit	NOUN	NN					P		Nom	F
27011043	13	Ägypten	PROPN	NE					S		Gen	N
27011043	14	in	ADP	APPR								
27011043	15	sein	DET	PPOSAT					S		Nom	F
27011043	16	Gewalt	NOUN	NN					S		Nom	F
27011043	17	bringen	VERB	VVINF		Inf						
27011043	18	und	CCONJ	KON								
27011043	19	Libyer	NOUN	NN					S		Nom	M
27011043	20	und	CCONJ	KON								
27011043	21	Äthiopier	NOUN	NN					S		Nom	M
27011043	22	werden	AUX	VAFIN		Fin	Pres	3	P	Ind		
27011043	23	in	ADP	APPR								
27011043	24	sein	DET	PPOSAT					S		Dat	M
27011043	25	Gefolge	NOUN	NN					S		Nom	N
27011043	26	sein	AUX	VAINF		Inf						
27011044	1	aber	CCONJ	KON								
27011044	2	Gerücht	NOUN	NN					P		Nom	N
27011044	3	von	ADP	APPR								
27011044	4	Osten	NOUN	NN					S		Nom	M
27011044	5	und	CCONJ	KON								
27011044	6	von	ADP	APPR								
27011044	7	Norden	NOUN	NN					S		Nom	M
27011044	8	her	ADV	ADV								
27011044	9	werden	AUX	VAFIN		Fin	Pres	3	P	Ind		
27011044	10	ihn	PRON	PPER				3	S		Acc	M
27011044	11	erschrecken	VERB	VVFIN		Fin	Pres	3	P	Ind		
27011044	12	und	CCONJ	KON								
27011044	13	er	PRON	PPER				3	S		Nom	M
27011044	14	werden	AUX	VAFIN		Fin	Pres	3	S	Ind		
27011044	15	ausziehen	VERB	VVINF		Inf						
27011044	16	in	ADP	APPR								
27011044	17	groß	ADJ	ADJA	Pos				S		Dat	M
27011044	18	Grimme	PROPN	NE					S		Nom	
27011044	19	um	ADP	APPR								
27011044	20	vieler	PRON	PIS					P		Nom	
27011044	21	zu	ADP	PTKVZ								
27011044	22	vernichten	VERB	VVINF		Inf						
27011044	23	und	CCONJ	KON								
27011044	24	zu	ADP	PTKVZ								
27011044	25	vertilgen	VERB	VVINF		Inf						
27011045	1	und	CCONJ	KON								
27011045	2	er	PRON	PPER				3	S		Nom	M
27011045	3	werden	AUX	VAFIN		Fin	Pres	3	S	Ind		
27011045	4	sein	AUX	VAINF		Inf						
27011045	5	Palastgezelt	PROPN	NN					S		Nom	
27011045	6	aufschlagen	VERB	VVINF		Inf						
27011045	7	zwischen	ADP	APPR								
27011045	8	der	DET	ART					S		Dat	M
27011045	9	Meer	NOUN	NN					P		Nom	N
27011045	10	und	CCONJ	KON								
27011045	11	der	DET	ART					S		Dat	M
27011045	12	Berg	NOUN	NN					P		Nom	M
27011045	13	der	DET	ART					S		Nom	M
27011045	14	heilig	ADJ	ADJA	Pos				S		Acc	M
27011045	15	Zierde	NOUN	NN					S		Nom	F
27011045	16	und	CCONJ	KON								
27011045	17	er	PRON	PPER				3	S		Nom	M
27011045	18	werden	AUX	VAFIN		Fin	Pres	3	S	Ind		
27011045	19	zu	ADP	PTKVZ								
27011045	20	sein	DET	PPOSAT					S		Dat	M
27011045	21	Ende	NOUN	NN					S		Nom	N
27011045	22	kommen	VERB	VVFIN		Fin	Pres	3	P	Ind		
27011045	23	und	CCONJ	KON								
27011045	24	niemand	PRON	PIS					S		Nom	M
27011045	25	werden	AUX	VAFIN		Fin	Pres	3	S	Ind		
27011045	26	ihm	PRON	PPER				3	S		Dat	M
27011045	27	helfen	VERB	VVINF		Inf						
27012001	1	und	CCONJ	KON								
27012001	2	in	ADP	APPR								
27012001	3	jener	DET	PDAT					S		Nom	M
27012001	4	Zeit	NOUN	NN					S		Nom	F
27012001	5	werden	AUX	VAFIN		Fin	Pres	3	S	Ind		
27012001	6	Michael	PROPN	NE					S		Nom	M
27012001	7	aufstehen	VERB	VVINF		Inf						
27012001	8	der	DET	ART					S		Nom	M
27012001	9	groß	ADJ	ADJA	Pos				S		Nom	F
27012001	10	Fürst	NOUN	NN					S		Nom	M
27012001	11	der	DET	ART					S		Nom	M
27012001	12	für	ADP	APPR								
27012001	13	der	DET	ART					S		Nom	F
27012001	14	Kind	NOUN	NN					P		Nom	N
27012001	15	dein	DET	PPOSAT					S		Gen	N
27012001	16	Volk	NOUN	NN					S		Gen	N
27012001	17	stehen	VERB	VVFIN		Fin	Pres	3	S	Ind		
27012001	18	und	CCONJ	KON								
27012001	19	es	PRON	PPER				3	S		Nom	N
27012001	20	werden	AUX	VAFIN		Fin	Pres	3	S	Ind		
27012001	21	ein	DET	ART					S		Nom	F
27012001	22	Zeit	NOUN	NN					S		Nom	F
27012001	23	der	DET	ART					S		Nom	M
27012001	24	drangsal	PROPN	NE					S		Nom	
27012001	25	sein	AUX	VAINF		Inf						
27012001	26	dergleichen	PRON	PIS					S		Nom	M
27012001	27	nicht	PART	PTKNEG								
27012001	28	sein	AUX	VAPP		Part						
27012001	29	sein	AUX	VAFIN		Fin	Pres	3	S	Ind		
27012001	30	seitdem	ADV	PROAV								
27012001	31	ein	DET	ART					S		Nom	F
27012001	32	Nation	NOUN	NN					S		Nom	F
27012001	33	bestehen	VERB	VVFIN		Fin	Pres	3	S	Ind		
27012001	34	bis	CCONJ	KON								
27012001	35	zu	ADP	PTKVZ								
27012001	36	jener	DET	PDAT					S		Nom	M
27012001	37	Zeit	NOUN	NN					S		Nom	F
27012001	38	und	CCONJ	KON								
27012001	39	in	ADP	APPR								
27012001	40	jener	DET	PDAT					S		Nom	M
27012001	41	Zeit	NOUN	NN					S		Nom	F
27012001	42	werden	AUX	VAFIN		Fin	Pres	3	S	Ind		
27012001	43	dein	DET	PPER					S		Nom	N
27012001	44	Volk	NOUN	NN					S		Nom	N
27012001	45	erretten	VERB	VVPP		Part						
27012001	46	werden	AUX	VAFIN		Fin	Pres	3	P	Ind		
27012001	47	ein	DET	ART					S		Nom	N
27012001	48	jeder	PRON	PIS					S		Nom	M
27012001	49	der	DET	ART					S		Nom	M
27012001	50	in	ADP	APPRART					S		Dat	N
27012001	51	Buch	NOUN	NN					P		Nom	N
27012001	52	schreiben	VERB	VVPP		Part						
27012001	53	finden	VERB	VVPP		Part						
27012001	54	werden	AUX	VAFIN		Fin	Pres	3	S	Ind		
27012002	1	und	CCONJ	KON								
27012002	2	vieler	PRON	PIS					P		Nom	
27012002	3	von	ADP	APPR								
27012002	4	der	PRON	PDS					P		Dat	
27012002	5	der	DET	ART					S		Nom	F
27012002	6	in	ADP	APPRART					S		Dat	N
27012002	7	Staube	NOUN	NN					S		Nom	M
27012002	8	der	DET	ART					S		Nom	M
27012002	9	Erde	NOUN	NN					S		Nom	F
27012002	10	schlafen	VERB	VVINF		Inf						
27012002	11	werden	AUX	VAFIN		Fin	Pres	3	P	Ind		
27012002	12	erwachen	VERB	VVINF		Inf						
27012002	13	dieser	DET	PDAT					S		Nom	F
27012002	14	zu	ADP	PTKVZ								
27012002	15	ewig	ADJ	ADJA	Pos				S		Dat	M
27012002	16	Leben	NOUN	NN					S		Nom	N
27012002	17	und	CCONJ	KON								
27012002	18	jener	DET	PDAT					S		Nom	F
27012002	19	zu	ADP	APPRART					S		Dat	F
27012002	20	Schande	NOUN	NN					S		Nom	F
27012002	21	zu	ADP	PTKVZ								
27012002	22	ewig	ADJ	ADJA	Pos				S		Dat	M
27012002	23	Abscheu	NOUN	NN					S		Nom	F
27012003	1	und	CCONJ	KON								
27012003	2	der	DET	ART					S		Nom	F
27012003	3	verständigen	VERB	VVINF		Inf						
27012003	4	werden	AUX	VAFIN		Fin	Pres	3	P	Ind		
27012003	5	leuchten	VERB	VVFIN		Fin	Pres	3	P	Ind		
27012003	6	wie	ADP	KOKOM								
27012003	7	der	DET	ART					S		Nom	M
27012003	8	Glanz	NOUN	NN					S		Acc	M
27012003	9	der	DET	ART					S		Nom	M
27012003	10	Himmelsfeste	NOUN	NN					S		Nom	F
27012003	11	und	CCONJ	KON								
27012003	12	der	DET	ART					S		Nom	F
27012003	13	welcher	DET	PWAT					S		Nom	F
27012003	14	der	DET	ART					S		Nom	F
27012003	15	Viele	PRON	PIS					P		Dat	
27012003	16	zu	ADP	APPRART					S		Dat	F
27012003	17	Gerechtigkeit	NOUN	NN					S		Nom	F
27012003	18	weisen	VERB	VVINF		Inf						
27012003	19	wie	ADP	KOKOM								
27012003	20	der	DET	ART					S		Nom	F
27012003	21	Stern	NOUN	NN					P		Nom	M
27012003	22	immer	ADV	ADV								
27012003	23	und	CCONJ	KON								
27012003	24	ewiglich	ADV	ADJD	Pos							
27012004	1	und	CCONJ	KON								
27012004	2	du	PRON	PPER				2	S		Nom	
27012004	3	Daniel	PROPN	NE					S		Nom	M
27012004	4	verschließen	VERB	VVFIN		Fin	Past	3	S	Sub		
27012004	5	der	DET	ART					S		Nom	F
27012004	6	Wort	NOUN	NN					P		Nom	N
27012004	7	und	CCONJ	KON								
27012004	8	versiegel	NOUN	NN					P		Nom	N
27012004	9	der	DET	ART					S		Nom	N
27012004	10	Buch	NOUN	NN					S		Nom	N
27012004	11	bis	CCONJ	KON								
27012004	12	zu	ADP	APPRART					S		Dat	F
27012004	13	Zeit	NOUN	NN					S		Nom	F
27012004	14	der	DET	ART					S		Gen	M
27012004	15	Ende	NOUN	NN					S		Gen	N
27012004	16	viele	PRON	PIS					P		Nom	
27012004	17	werden	AUX	VAFIN		Fin	Pres	3	P	Ind		
27012004	18	es	PRON	PPER				3	S		Nom	N
27012004	19	durchforschen	VERB	VVINF		Inf						
27012004	20	und	CCONJ	KON								
27012004	21	der	DET	ART					S		Nom	F
27012004	22	Erkenntnis	NOUN	NN					S		Nom	F
27012004	23	werden	AUX	VAFIN		Fin	Pres	3	S	Ind		
27012004	24	sich	PRON	PRF				3	S		Acc	
27012004	25	mehren	VERB	VVFIN		Fin	Pres	3	P	Ind		
27012005	1	und	CCONJ	KON								
27012005	2	ich	PRON	PPER				1	S		Nom	
27012005	3	Daniel	PROPN	NE					S		Nom	M
27012005	4	sehen	VERB	VVFIN		Fin	Past	3	S	Ind		
27012005	5	und	CCONJ	KON								
27012005	6	sehen	VERB	VVIMP				2	S	Imp		
27012005	7	zwei	NUM	CARD								
27012005	8	anderer	PRON	PIS					P		Nom	
27012005	9	stehen	VERB	VVFIN		Fin	Past	3	P	Ind		
27012005	10	da	ADV	ADV								
27012005	11	ein	PRON	ART					S		Nom	M
27012005	12	hier	ADV	ADV								
27012005	13	an	ADP	APPRART					S		Dat	M
27012005	14	Ufer	NOUN	NN					S		Nom	N
27012005	15	der	DET	ART					S		Gen	M
27012005	16	Strome	NOUN	NN					P		Nom	M
27012005	17	und	CCONJ	KON								
27012005	18	ein	PRON	ART					S		Nom	M
27012005	19	dort	ADV	ADV								
27012005	20	an	ADP	APPRART					S		Dat	M
27012005	21	Ufer	NOUN	NN					S		Nom	N
27012005	22	der	DET	ART					S		Gen	M
27012005	23	Strome	NOUN	NN					P		Nom	M
27012006	1	und	CCONJ	KON								
27012006	2	ein	PRON	ART					S		Nom	M
27012006	3	sprechen	VERB	VVFIN		Fin	Past	3	S	Ind		
27012006	4	zu	ADP	PTKVZ								
27012006	5	der	DET	ART					S		Dat	M
27012006	6	in	ADP	APPR								
27012006	7	Linne	NOUN	NN					P		Nom	F
27012006	8	gekleidet	ADJ	ADJA	Pos				S		Dat	M
27012006	9	Mann	NOUN	NN					S		Nom	M
27012006	10	welcher	PRON	PWAT					S		Nom	M
27012006	11	oben	ADV	ADV								
27012006	12	über	ADP	APPR								
27012006	13	der	DET	ART					S		Dat	M
27012006	14	Wasser	NOUN	NN					S		Nom	N
27012006	15	der	DET	ART					S		Gen	M
27012006	16	Strome	NOUN	NN					P		Nom	M
27012006	17	sein	AUX	VAFIN		Fin	Past	3	S	Ind		
27012006	18	wie	ADV	PWAV								
27012006	19	lange	ADV	ADV								
27012006	20	werden	AUX	VAFIN		Fin	Pres	3	S	Ind		
27012006	21	dauern	VERB	VVINF		Inf						
27012006	22	der	DET	ART					S		Nom	N
27012006	23	Ende	NOUN	NN					S		Nom	N
27012006	24	dieser	PRON	PDAT					S		Nom	M
27012006	25	wunderbar	ADJ	ADJA	Pos				S		Acc	M
27012006	26	Ding	NOUN	NN					P		Nom	N
27012007	1	und	CCONJ	KON								
27012007	2	ich	PRON	PPER				1	S		Nom	
27012007	3	hören	VERB	VVFIN		Fin	Past	3	S	Ind		
27012007	4	der	DET	ART					S		Acc	M
27012007	5	in	ADP	APPR								
27012007	6	Linne	NOUN	NN					P		Nom	F
27012007	7	gekleidet	ADJ	ADJA	Pos				S		Dat	M
27012007	8	Mann	NOUN	NN					S		Nom	M
27012007	9	welcher	PRON	PWAT					S		Nom	M
27012007	10	oben	ADV	ADV								
27012007	11	über	ADP	APPR								
27012007	12	der	DET	ART					S		Dat	M
27012007	13	Wasser	NOUN	NN					S		Nom	N
27012007	14	der	DET	ART					S		Gen	M
27012007	15	Strome	NOUN	NN					P		Nom	M
27012007	16	sein	AUX	VAFIN		Fin	Past	3	S	Ind		
27012007	17	und	CCONJ	KON								
27012007	18	er	PRON	PPER				3	S		Nom	M
27012007	19	erheben	VERB	VVFIN		Fin	Past	3	S	Ind		
27012007	20	sein	DET	PPOSAT					S		Nom	F
27012007	21	Recht	NOUN	NN					P		Nom	N
27012007	22	und	CCONJ	KON								
27012007	23	sein	DET	PPOSAT					S		Nom	F
27012007	24	linke	NOUN	NE					P		Nom	
27012007	25	zu	ADP	APPRART					S		Dat	N
27012007	26	Himmel	NOUN	NN					S		Nom	M
27012007	27	und	CCONJ	KON								
27012007	28	Schwur	NOUN	NN					S		Acc	M
27012007	29	bei	ADP	APPR								
27012007	30	der	DET	ART					S		Dat	M
27012007	31	der	DET	ART					S		Nom	M
27012007	32	ewig	ADV	ADJD	Pos							
27012007	33	leben	VERB	VVFIN		Fin	Pres	3	S	Ind		
27012007	34	ein	DET	ART					S		Nom	F
27012007	35	Zeit	NOUN	NN					S		Nom	F
27012007	36	Zeit	NOUN	NN					P		Nom	F
27012007	37	und	CCONJ	KON								
27012007	38	ein	DET	ART					S		Nom	F
27012007	39	halb	ADJ	ADJA	Pos				S		Nom	F
27012007	40	Zeit	NOUN	NN					S		Nom	F
27012007	41	und	CCONJ	KON								
27012007	42	wenn	SCONJ	KOUS								
27012007	43	der	DET	ART					S		Nom	F
27012007	44	Zerschmetterung	NOUN	NN					S		Nom	F
27012007	45	der	DET	ART					S		Nom	M
27012007	46	Kraft	NOUN	NN					S		Nom	F
27012007	47	der	DET	ART					S		Gen	M
27012007	48	heilig	ADJ	ADJA	Pos				S		Acc	M
27012007	49	Volk	NOUN	NN					S		Gen	N
27012007	50	vollbringen	VERB	VVPP		Part						
27012007	51	sein	AUX	VAINF		Inf						
27012007	52	werden	AUX	VAFIN		Fin	Pres	3	S	Ind		
27012007	53	dann	ADV	ADV								
27012007	54	werden	AUX	VAFIN		Fin	Pres	3	P	Ind		
27012007	55	aller	PRON	PIS					P		Nom	
27012007	56	dieser	DET	PDAT					S		Nom	F
27012007	57	Ding	NOUN	NN					P		Nom	N
27012007	58	vollenden	VERB	VVPP		Part						
27012007	59	sein	AUX	VAINF		Inf						
27012008	1	und	CCONJ	KON								
27012008	2	ich	PRON	PPER				1	S		Nom	
27012008	3	hören	VERB	VVFIN		Fin	Past	3	S	Ind		
27012008	4	es	PRON	PPER				3	S		Nom	N
27012008	5	aber	CCONJ	KON								
27012008	6	ich	PRON	PPER				1	S		Nom	
27012008	7	verstehen	VERB	VVFIN		Fin	Past	3	S	Ind		
27012008	8	es	PRON	PPER				3	S		Nom	N
27012008	9	nicht	PART	PTKNEG								
27012008	10	und	CCONJ	KON								
27012008	11	ich	PRON	PPER				1	S		Nom	
27012008	12	sprechen	VERB	VVFIN		Fin	Past	3	S	Ind		
27012008	13	mein	PRON	PPOSAT				2	P		Nom	
27012008	14	Herr	NOUN	NN					S		Nom	M
27012008	15	was	PRON	PWS					S		Nom	N
27012008	16	werden	AUX	VAFIN		Fin	Pres	3	S	Ind		
27012008	17	der	DET	ART					S		Nom	M
27012008	18	Ausgang	NOUN	NN					S		Nom	M
27012008	19	von	ADP	APPR								
27012008	20	dieser	DET	PDAT					S		Dat	N
27012008	21	sein	AUX	VAINF		Inf						
27012009	1	und	CCONJ	KON								
27012009	2	er	PRON	PPER				3	S		Nom	M
27012009	3	sprechen	VERB	VVFIN		Fin	Past	3	S	Ind		
27012009	4	Gehe	VERB	VVIMP				2	S	Imp		
27012009	5	hin	ADV	ADV								
27012009	6	Daniel	PROPN	NE					S		Nom	M
27012009	7	denn	CCONJ	KON								
27012009	8	der	DET	ART					S		Nom	F
27012009	9	Wort	NOUN	NN					P		Nom	N
27012009	10	sollen	AUX	VMFIN		Fin	Pres	3	P	Ind		
27012009	11	verschließen	VERB	VVPP		Part						
27012009	12	und	CCONJ	KON								
27012009	13	versiegeln	VERB	VVPP		Part						
27012009	14	sein	AUX	VAINF		Inf						
27012009	15	bis	CCONJ	KON								
27012009	16	zu	ADP	APPRART					S		Dat	F
27012009	17	Zeit	NOUN	NN					S		Nom	F
27012009	18	der	DET	ART					S		Gen	M
27012009	19	Ende	NOUN	NN					S		Gen	N
27012010	1	viele	PRON	PIS					P		Nom	
27012010	2	werden	AUX	VAFIN		Fin	Pres	3	P	Ind		
27012010	3	sich	PRON	PRF				3	S		Acc	
27012010	4	reinigen	VERB	VVINF		Inf						
27012010	5	und	CCONJ	KON								
27012010	6	wissen	VERB	VVFIN		Fin	Pres	3	S	Ind		
27012010	7	machen	VERB	VVINF		Inf						
27012010	8	und	CCONJ	KON								
27012010	9	läutern	VERB	VVINF		Inf						
27012010	10	aber	CCONJ	KON								
27012010	11	der	DET	ART					S		Nom	F
27012010	12	Gottlosen	NOUN	NN					S		Acc	M
27012010	13	werden	AUX	VAFIN		Fin	Pres	3	P	Ind		
27012010	14	gottlos	ADV	ADJD	Pos							
27012010	15	handeln	VERB	VVINF		Inf						
27012010	16	und	CCONJ	KON								
27012010	17	kein	DET	PIAT					S		Nom	F
27012010	18	der	DET	ART					S		Nom	M
27012010	19	Gottlosen	NOUN	NN					S		Acc	M
27012010	20	werden	AUX	VAFIN		Fin	Pres	3	P	Ind		
27012010	21	es	PRON	PPER				3	S		Nom	N
27012010	22	verstehen	VERB	VVINF		Inf						
27012010	23	der	DET	ART					S		Nom	F
27012010	24	verständigen	VERB	VVINF		Inf						
27012010	25	aber	CCONJ	KON								
27012010	26	werden	AUX	VAFIN		Fin	Pres	3	P	Ind		
27012010	27	es	PRON	PPER				3	S		Nom	N
27012010	28	verstehen	VERB	VVINF		Inf						
27012011	1	und	CCONJ	KON								
27012011	2	von	ADP	APPR								
27012011	3	der	DET	ART					S		Nom	M
27012011	4	Zeit	NOUN	NN					S		Nom	F
27012011	5	an	ADP	PTKVZ								
27012011	6	da	ADV	ADV								
27012011	7	der	DET	ART					S		Nom	N
27012011	8	beständig	ADJ	ADJA	Pos				S		Nom	F
27012011	9	Opfer	NOUN	NN					P		Nom	N
27012011	10	abschaffen	VERB	VVPP		Part						
27012011	11	werden	AUX	VAFIN		Fin	Pres	3	S	Ind		
27012011	12	und	CCONJ	KON								
27012011	13	zwar	ADV	ADV								
27012011	14	um	ADP	APPR								
27012011	15	der	DET	ART					S		Acc	M
27012011	16	verwüstenden	VERB	VVINF		Inf						
27012011	17	Greuel	NOUN	NN					S		Nom	M
27012011	18	aufstellen	VERB	VVIZU		Inf						
27012011	19	sein	AUX	VAFIN		Fin	Pres	3	P	Ind		
27012011	20	1290	NUM	CARD								
27012011	21	Tag	NOUN	NN					P		Nom	M
27012012	1	glückselig	ADV	ADJD	Pos							
27012012	2	der	DET	ART					S		Nom	M
27012012	3	welcher	PRON	PWAT					S		Nom	M
27012012	4	harren	VERB	VVFIN		Fin	Pres	3	S	Ind		
27012012	5	und	CCONJ	KON								
27012012	6	1335	NUM	CARD								
27012012	7	Tag	NOUN	NN					P		Nom	M
27012012	8	erreichen	VERB	VVPP		Part						
27012013	1	du	PRON	PPER				2	S		Nom	
27012013	2	aber	CCONJ	KON								
27012013	3	gehen	VERB	VVFIN		Fin	Pres	3	S	Sub		
27012013	4	hin	ADV	ADV								
27012013	5	bis	CCONJ	KON								
27012013	6	zu	ADP	APPRART					S		Dat	N
27012013	7	Ende	NOUN	NN					S		Nom	N
27012013	8	und	CCONJ	KON								
27012013	9	du	PRON	PPER				2	S		Nom	
27012013	10	wersten	AUX	VAFIN		Fin	Pres	2	S	Ind		
27012013	11	ruhen	VERB	VVINF		Inf						
27012013	12	und	CCONJ	KON								
27012013	13	wersten	AUX	VAFIN		Fin	Pres	2	S	Ind		
27012013	14	auferstehen	VERB	VVFIN		Fin	Pres	3	P	Ind		
27012013	15	zu	ADP	PTKVZ								
27012013	16	dein	DET	PPOSAT					S		Dat	M
27012013	17	Lose	NOUN	NN					P		Nom	M
27012013	18	an	ADP	APPRART					S		Dat	M
27012013	19	Ende	NOUN	NN					S		Nom	N
27012013	20	der	DET	ART					S		Nom	M
27012013	21	Tag	NOUN	NN					P		Nom	M
